{
"type": "FeatureCollection",
"name": "15",
"crs": { "type": "name", "properties": { "name": "urn:ogc:def:crs:OGC:1.3:CRS84" } },
"features": [
{ "type": "Feature", "properties": { "geoid": "15003002003", "county_name": "Honolulu County", "place_name": "Urban Honolulu", "state_name": "Hawaii", "state_abbr": "HI", "is_rural": false, "dci_score": 83.9, "dci_quintile": 2.0, "is_cra_lmi": true, "income_level": "M", "is_persistent_poverty": false, "is_tribal_overlap": false, "tribal_area_name": null, "aian_pct": 0.0, "has_nmtc": false, "nmtc_projects": 0, "nmtc_total_usd": 0.0 }, "geometry": { "type": "Polygon", "coordinates": [ [ [ -157.829776287459509, 21.280063855881757 ], [ -157.827088286966614, 21.282759856637806 ], [ -157.825717286624041, 21.281583856387854 ], [ -157.824339286278757, 21.280375856130139 ], [ -157.825677286524154, 21.279033855753809 ], [ -157.826353286694371, 21.27965085588631 ], [ -157.827917286985183, 21.278193855474228 ], [ -157.829204287307874, 21.279329855716846 ], [ -157.829776287459509, 21.280063855881757 ] ] ] } },
{ "type": "Feature", "properties": { "geoid": "15003002006", "county_name": "Honolulu County", "place_name": null, "state_name": "Hawaii", "state_abbr": "HI", "is_rural": false, "dci_score": 83.9, "dci_quintile": 2.0, "is_cra_lmi": true, "income_level": "L", "is_persistent_poverty": false, "is_tribal_overlap": false, "tribal_area_name": null, "aian_pct": 0.0, "has_nmtc": false, "nmtc_projects": 0, "nmtc_total_usd": 0.0 }, "geometry": { "type": "Polygon", "coordinates": [ [ [ -157.831373287948566, 21.283951856800247 ], [ -157.829702287641851, 21.285619857268269 ], [ -157.828689287388244, 21.284736857080087 ], [ -157.827126286996929, 21.28337485678983 ], [ -157.826510286847366, 21.282969856708267 ], [ -157.827088286966614, 21.282759856637806 ], [ -157.829776287459509, 21.280063855881757 ], [ -157.830986287803455, 21.282265856392357 ], [ -157.832288288169309, 21.284515856912027 ], [ -157.831373287948566, 21.283951856800247 ] ] ] } },
{ "type": "Feature", "properties": { "geoid": "15001020202", "county_name": "Hawaii County", "place_name": null, "state_name": "Hawaii", "state_abbr": "HI", "is_rural": true, "dci_score": 65.1, "dci_quintile": 4.0, "is_cra_lmi": true, "income_level": "M", "is_persistent_poverty": false, "is_tribal_overlap": false, "tribal_area_name": null, "aian_pct": 0.0, "has_nmtc": false, "nmtc_projects": 0, "nmtc_total_usd": 0.0 }, "geometry": { "type": "Polygon", "coordinates": [ [ [ -155.391983700435276, 19.713756534739382 ], [ -155.391712700392674, 19.714345534893969 ], [ -155.390570700342181, 19.721240536650452 ], [ -155.389402700236872, 19.726455537986993 ], [ -155.373507697210954, 19.742957542536544 ], [ -155.373515697252941, 19.74433254288072 ], [ -155.370502696691943, 19.747893543851653 ], [ -155.350271692855983, 19.769458549784233 ], [ -155.347525692343396, 19.772663550659203 ], [ -155.343079691498076, 19.777328551944581 ], [ -155.343422691680473, 19.780971552848328 ], [ -155.338376690721191, 19.786271554308655 ], [ -155.335448690355634, 19.79587255679122 ], [ -155.335455690463306, 19.799495557698894 ], [ -155.334478690252666, 19.799671557768651 ], [ -155.313254685581683, 19.800269558475264 ], [ -155.310520684944009, 19.799118558258485 ], [ -155.307455684203234, 19.796944557793982 ], [ -155.304105683431914, 19.795876557614104 ], [ -155.301558682865505, 19.79574955764901 ], [ -155.29984268245903, 19.794813557459381 ], [ -155.295090681401405, 19.794549557517694 ], [ -155.29213668077935, 19.795595557857208 ], [ -155.28958868021391, 19.795512557903137 ], [ -155.287105679609652, 19.79360755749067 ], [ -155.283964678910991, 19.793447557532783 ], [ -155.280091678015509, 19.792087557293272 ], [ -155.276829677287139, 19.791827557313464 ], [ -155.276323677157166, 19.791205557170802 ], [ -155.273682676554785, 19.790561557078469 ], [ -155.272996676385503, 19.78995555694452 ], [ -155.271461676057726, 19.790345557082428 ], [ -155.268989675453497, 19.788358556649019 ], [ -155.267815675180088, 19.787878556559409 ], [ -155.266216674760727, 19.785615556033978 ], [ -155.265158674509451, 19.785015555911244 ], [ -155.263855674204336, 19.784426555797683 ], [ -155.260546673496236, 19.785218556082679 ], [ -155.259208673190756, 19.784881556033174 ], [ -155.257341672788471, 19.785233556170198 ], [ -155.255643672387976, 19.784368555997737 ], [ -155.253899671956503, 19.782788555647251 ], [ -155.252649671680444, 19.782793555681156 ], [ -155.24970267098621, 19.781318555388399 ], [ -155.248434670655627, 19.779589554988107 ], [ -155.246421670164011, 19.777983554638091 ], [ -155.243204669399034, 19.776129554257331 ], [ -155.240965668827641, 19.773498553656257 ], [ -155.238487668235791, 19.771979553340142 ], [ -155.235945667665902, 19.771699553336273 ], [ -155.235335667550032, 19.772349553515134 ], [ -155.23345166713915, 19.7725375536114 ], [ -155.230078666377381, 19.771976553558748 ], [ -155.226745665594024, 19.770369553242826 ], [ -155.223739664971845, 19.771818553684444 ], [ -155.221825664541939, 19.771581553674935 ], [ -155.220566664232535, 19.770510553439266 ], [ -155.217679663565463, 19.769512553264317 ], [ -155.213137662557301, 19.769364553345586 ], [ -155.212195662368799, 19.770042553540108 ], [ -155.209025661623997, 19.768523553241877 ], [ -155.207380661259606, 19.768495553277702 ], [ -155.206722661078629, 19.767273552988481 ], [ -155.203611660360508, 19.76622255280601 ], [ -155.201768659958731, 19.766415552902394 ], [ -155.199889659517481, 19.765523552727679 ], [ -155.197635659041453, 19.766286552977654 ], [ -155.195080658460313, 19.765722552902758 ], [ -155.192934658036307, 19.767456553393377 ], [ -155.191951657803543, 19.766922553285077 ], [ -155.189451657279676, 19.767913553598614 ], [ -155.18742765682012, 19.767495553546475 ], [ -155.186002656471572, 19.766339553293715 ], [ -155.182222655664873, 19.767335553641793 ], [ -155.179652655092269, 19.767181553670035 ], [ -155.177529654595162, 19.766223553485048 ], [ -155.17615765430125, 19.766547553601974 ], [ -155.172313653409475, 19.765099553338853 ], [ -155.170135652914752, 19.764644553281393 ], [ -155.168248652521612, 19.765473553538328 ], [ -155.166789652178011, 19.764747553394198 ], [ -155.166058652030671, 19.765238553536324 ], [ -155.16286965131232, 19.764779553504109 ], [ -155.16057865082783, 19.765539553754227 ], [ -155.157449650093696, 19.764079553469426 ], [ -155.155094649575403, 19.764161553551162 ], [ -155.154530649472406, 19.764910553753637 ], [ -155.152000648887508, 19.76402955359843 ], [ -155.149653648295299, 19.761500553025186 ], [ -155.147628647818408, 19.760493552825242 ], [ -155.144069647030392, 19.76045455290787 ], [ -155.143394646868359, 19.760013552814797 ], [ -155.142191646627708, 19.760888553065453 ], [ -155.139044645940288, 19.761179553220124 ], [ -155.137171645582612, 19.763128553757515 ], [ -155.1359676453269, 19.763491553879803 ], [ -155.132879644636375, 19.763226553893482 ], [ -155.127727643534342, 19.76451255434969 ], [ -155.12240864231876, 19.763153554146825 ], [ -155.120547641910463, 19.763264554222935 ], [ -155.11768064125846, 19.76264355414153 ], [ -155.114901640663703, 19.763327554385139 ], [ -155.114366640574474, 19.764334554651587 ], [ -155.111028639818613, 19.763724554585131 ], [ -155.109562639508454, 19.764209554744774 ], [ -155.107440639034053, 19.764033554755642 ], [ -155.104497638337023, 19.762437554431592 ], [ -155.102362637866776, 19.762504554503721 ], [ -155.101216637570985, 19.761040554166193 ], [ -155.100379637389068, 19.761150554215469 ], [ -155.096319636446879, 19.75962055393687 ], [ -155.095965636351536, 19.759031553798298 ], [ -155.09566263625382, 19.757969553539759 ], [ -155.091811635359619, 19.7564985532705 ], [ -155.090217473402816, 19.756455145807383 ], [ -155.090391348547513, 19.755287671770844 ], [ -155.090412483838094, 19.755145760151894 ], [ -155.090737635019963, 19.752962552411354 ], [ -155.090040634521557, 19.7410355494378 ], [ -155.090024634332906, 19.734618547828742 ], [ -155.089926389080659, 19.734394770747659 ], [ -155.091463634630514, 19.7339055476127 ], [ -155.093163635015287, 19.734210547645237 ], [ -155.093404635030367, 19.732885547306683 ], [ -155.093424635013406, 19.732145547120574 ], [ -155.093034634917984, 19.731827547050905 ], [ -155.09245463477788, 19.731415546962573 ], [ -155.090512634200138, 19.726274545723424 ], [ -155.097141635626457, 19.724902545207939 ], [ -155.099576636086624, 19.722187544464102 ], [ -155.103413636875104, 19.720110543844015 ], [ -155.107567637820949, 19.721058543974319 ], [ -155.109163638133538, 19.719662543582963 ], [ -155.114570639341053, 19.720079543547651 ], [ -155.116470639743767, 19.719478543347794 ], [ -155.118756640267833, 19.720125543450877 ], [ -155.120215640585229, 19.719945543367977 ], [ -155.127829642158133, 19.716122542212318 ], [ -155.130788642791032, 19.71538554195093 ], [ -155.133352643366578, 19.715689541960767 ], [ -155.134198643539349, 19.715195541815007 ], [ -155.133130643346874, 19.716707542221766 ], [ -155.135523643835199, 19.715299541806779 ], [ -155.135063643713977, 19.714621541648693 ], [ -155.135961643902846, 19.714288541541954 ], [ -155.135966643888054, 19.713737541403678 ], [ -155.137569644250391, 19.71401354143136 ], [ -155.136797644092582, 19.714458541562927 ], [ -155.137224644198852, 19.714869541654917 ], [ -155.138303644441521, 19.715014541663333 ], [ -155.142642645427685, 19.715949541785378 ], [ -155.144246645776803, 19.715762541696947 ], [ -155.147450646428751, 19.713814541125561 ], [ -155.149584646897125, 19.713699541041439 ], [ -155.147126646296073, 19.71170054060395 ], [ -155.151405647167508, 19.709126539847805 ], [ -155.151273647018371, 19.704971538809577 ], [ -155.152639647263953, 19.703020538285102 ], [ -155.163214649129117, 19.686675533914038 ], [ -155.171015650929576, 19.689330534377493 ], [ -155.172510651222069, 19.688019534010166 ], [ -155.181888653319817, 19.688905533989246 ], [ -155.184265653823388, 19.688156533739921 ], [ -155.184414653675134, 19.68188453216414 ], [ -155.181836653095189, 19.681525532140956 ], [ -155.181214652889594, 19.679165531565605 ], [ -155.182239653097582, 19.6785245313784 ], [ -155.184099653475045, 19.677364531039505 ], [ -155.186836654111886, 19.67847853124778 ], [ -155.192883655573354, 19.682823532179974 ], [ -155.202140657456596, 19.677224530536868 ], [ -155.202553657514841, 19.676080530239485 ], [ -155.193099655423367, 19.675979530459223 ], [ -155.189145654518853, 19.674906530292784 ], [ -155.186576653977255, 19.675804530584376 ], [ -155.184018653412437, 19.675817530653902 ], [ -155.182761653121673, 19.675364530572935 ], [ -155.182580652982153, 19.67191452971301 ], [ -155.181715652754292, 19.670642529416636 ], [ -155.182207652815435, 19.668994528990893 ], [ -155.181363652578312, 19.667238528572682 ], [ -155.179450652090367, 19.664974528054834 ], [ -155.178650651846255, 19.662639527490381 ], [ -155.177936651687133, 19.662589527496326 ], [ -155.166754649318733, 19.666130528673076 ], [ -155.162254648338518, 19.66661752891153 ], [ -155.14614764476525, 19.666123529204153 ], [ -155.1425606437829, 19.659533527645074 ], [ -155.136586642545325, 19.662401528518242 ], [ -155.13538464228472, 19.6625755285929 ], [ -155.136921642540528, 19.659661527822802 ], [ -155.141991643535476, 19.655305526600063 ], [ -155.142547643620787, 19.654000526258621 ], [ -155.150163645059536, 19.645519523936393 ], [ -155.150708645141947, 19.64419852359125 ], [ -155.150064644925351, 19.641615522960542 ], [ -155.145763643820146, 19.636226521721028 ], [ -155.144710643492004, 19.632902520915181 ], [ -155.142798642981006, 19.629819520191891 ], [ -155.137394641560519, 19.621930518354244 ], [ -155.136590641356179, 19.620999518141652 ], [ -155.129762639899013, 19.622789518766211 ], [ -155.122237638384689, 19.627956520255072 ], [ -155.119777637906481, 19.630232520888892 ], [ -155.121308638320897, 19.632884521514118 ], [ -155.12378763879812, 19.630427520834427 ], [ -155.125374639359137, 19.637753522629655 ], [ -155.1232976389594, 19.639815523200028 ], [ -155.12098663854016, 19.642998524057415 ], [ -155.117511637783196, 19.643379524242505 ], [ -155.117640637908096, 19.646734525080131 ], [ -155.115294637363604, 19.645828524913522 ], [ -155.114627637257144, 19.647253525287908 ], [ -155.109504636137984, 19.647705525533269 ], [ -155.104482634839457, 19.641134524015541 ], [ -155.097867633428393, 19.642906524630121 ], [ -155.096705633165612, 19.642698524607912 ], [ -155.094231632687155, 19.645080525268757 ], [ -155.094024632621426, 19.64438352509935 ], [ -155.093630632497195, 19.643088524784865 ], [ -155.089029631457066, 19.64228052470078 ], [ -155.0882566313214, 19.64350552502777 ], [ -155.082084629824465, 19.638875524025927 ], [ -155.073610628248474, 19.64923852684203 ], [ -155.069865627550371, 19.653763528072918 ], [ -155.06446462645016, 19.657035529032303 ], [ -155.06173462602726, 19.663335530682257 ], [ -155.060904625860957, 19.663935530854065 ], [ -155.049362622817654, 19.646783526850086 ], [ -155.051736623301906, 19.645365526433515 ], [ -155.060011624959884, 19.639379524719953 ], [ -155.059919624923083, 19.638806524578655 ], [ -155.063413625618836, 19.636129523817669 ], [ -155.065836626126497, 19.635154523510948 ], [ -155.072137627388372, 19.630584522203261 ], [ -155.077218628397759, 19.626616521077903 ], [ -155.07964462891141, 19.625829520818243 ], [ -155.084789629940474, 19.622058519740666 ], [ -155.095166631988917, 19.613512517331742 ], [ -155.099783632922424, 19.610484516454079 ], [ -155.105564634072039, 19.606025515187863 ], [ -155.112904635541668, 19.60071551366833 ], [ -155.127958638558766, 19.589942510581523 ], [ -155.136884640799593, 19.599335512705402 ], [ -155.141524641731962, 19.596105511776596 ], [ -155.147874643016678, 19.591995510583295 ], [ -155.152732644025264, 19.589751509895965 ], [ -155.161744645883488, 19.585145508509889 ], [ -155.18605865094716, 19.574503505217535 ], [ -155.207343655358045, 19.564462502153887 ], [ -155.221011658310658, 19.562219501239579 ], [ -155.250004664291453, 19.547673496849043 ], [ -155.258248666000128, 19.543831495674301 ], [ -155.299598674426534, 19.51963648854991 ], [ -155.340236684496801, 19.558074497116984 ], [ -155.340304684538438, 19.558996497345952 ], [ -155.341314684811977, 19.560755497759946 ], [ -155.34828668672489, 19.573739500828378 ], [ -155.356162689005146, 19.592508505321113 ], [ -155.356989689253396, 19.594782505868746 ], [ -155.380089696067301, 19.65396452008056 ], [ -155.378493695745902, 19.655020520386593 ], [ -155.387615698429983, 19.678074525919723 ], [ -155.390183699185968, 19.684568527478383 ], [ -155.396868700835995, 19.690566528805078 ], [ -155.391983700435276, 19.713756534739382 ] ] ] } },
{ "type": "Feature", "properties": { "geoid": "15003005100", "county_name": "Honolulu County", "place_name": "Urban Honolulu", "state_name": "Hawaii", "state_abbr": "HI", "is_rural": false, "dci_score": 87.0, "dci_quintile": 2.0, "is_cra_lmi": true, "income_level": "M", "is_persistent_poverty": false, "is_tribal_overlap": false, "tribal_area_name": null, "aian_pct": 0.0, "has_nmtc": false, "nmtc_projects": 0, "nmtc_total_usd": 0.0 }, "geometry": { "type": "Polygon", "coordinates": [ [ [ -157.862108295773993, 21.314338863404281 ], [ -157.860055295372604, 21.315696863807229 ], [ -157.859620295310577, 21.316626864052619 ], [ -157.85757529491957, 21.318223864514867 ], [ -157.857387294883921, 21.318379864559645 ], [ -157.855834294477177, 21.316530864147872 ], [ -157.856033294513566, 21.316327864091043 ], [ -157.858778295009813, 21.313384863271434 ], [ -157.859384295118986, 21.312725863088183 ], [ -157.860139295262883, 21.31212286291419 ], [ -157.861168295530774, 21.313302863175771 ], [ -157.862108295773993, 21.314338863404281 ] ] ] } },
{ "type": "Feature", "properties": { "geoid": "15003003409", "county_name": "Honolulu County", "place_name": null, "state_name": "Hawaii", "state_abbr": "HI", "is_rural": false, "dci_score": 47.1, "dci_quintile": 5.0, "is_cra_lmi": true, "income_level": "M", "is_persistent_poverty": false, "is_tribal_overlap": false, "tribal_area_name": null, "aian_pct": 0.0, "has_nmtc": false, "nmtc_projects": 0, "nmtc_total_usd": 0.0 }, "geometry": { "type": "Polygon", "coordinates": [ [ [ -157.842195291025035, 21.303632861363514 ], [ -157.840855290780098, 21.304996861745483 ], [ -157.839513290533318, 21.306321862117791 ], [ -157.838689290337385, 21.305894862037317 ], [ -157.83783629013476, 21.305457861955251 ], [ -157.840548290633848, 21.302791861205769 ], [ -157.842303291041446, 21.303428861309293 ], [ -157.842195291025035, 21.303632861363514 ] ] ] } },
{ "type": "Feature", "properties": { "geoid": "15003008937", "county_name": "Honolulu County", "place_name": null, "state_name": "Hawaii", "state_abbr": "HI", "is_rural": false, "dci_score": 46.7, "dci_quintile": 5.0, "is_cra_lmi": true, "income_level": "M", "is_persistent_poverty": false, "is_tribal_overlap": false, "tribal_area_name": null, "aian_pct": 0.0, "has_nmtc": false, "nmtc_projects": 0, "nmtc_total_usd": 0.0 }, "geometry": { "type": "Polygon", "coordinates": [ [ [ -158.028372334550653, 21.379358874337683 ], [ -158.024540333784245, 21.381372874960942 ], [ -158.021727333131452, 21.380361874798631 ], [ -158.020829332885739, 21.379008874490292 ], [ -158.026528334027518, 21.376067873576932 ], [ -158.026708334063954, 21.375984873550546 ], [ -158.027438334279367, 21.377517873909021 ], [ -158.028456334557006, 21.379025874252111 ], [ -158.028372334550653, 21.379358874337683 ] ] ] } },
{ "type": "Feature", "properties": { "geoid": "15003006810", "county_name": "Honolulu County", "place_name": null, "state_name": "Hawaii", "state_abbr": "HI", "is_rural": false, "dci_score": 49.7, "dci_quintile": 5.0, "is_cra_lmi": true, "income_level": "M", "is_persistent_poverty": false, "is_tribal_overlap": false, "tribal_area_name": null, "aian_pct": 0.0, "has_nmtc": false, "nmtc_projects": 0, "nmtc_total_usd": 0.0 }, "geometry": { "type": "Polygon", "coordinates": [ [ [ -157.922740310664835, 21.358863872582937 ], [ -157.922146310569701, 21.359835872843842 ], [ -157.921064310397867, 21.361648873329681 ], [ -157.921047310407687, 21.362025873424138 ], [ -157.919030310039801, 21.364083874000571 ], [ -157.913970308966981, 21.365092874411946 ], [ -157.913953308957474, 21.364931874372385 ], [ -157.916246309431756, 21.364144874103822 ], [ -157.915820309281685, 21.362571873725432 ], [ -157.916685309440652, 21.361721873486342 ], [ -157.914134308959376, 21.363883874105586 ], [ -157.9133113087818, 21.363961874151034 ], [ -157.91125430828447, 21.362673873895204 ], [ -157.911163308211172, 21.361192873529138 ], [ -157.912965308603276, 21.361112873452239 ], [ -157.913853308755876, 21.359945873133459 ], [ -157.91324130860508, 21.359482873037468 ], [ -157.910162307901857, 21.358696872938982 ], [ -157.910177307830196, 21.356616872420361 ], [ -157.910528307876859, 21.355775872199764 ], [ -157.913101308396932, 21.354556871814786 ], [ -157.916957309253917, 21.354883871774369 ], [ -157.919761309903294, 21.355849871926353 ], [ -157.920708310119011, 21.356075871952708 ], [ -157.921843310456751, 21.358544872531841 ], [ -157.923602310839101, 21.358456872454301 ], [ -157.922740310664835, 21.358863872582937 ] ] ] } },
{ "type": "Feature", "properties": { "geoid": "15003009511", "county_name": "Honolulu County", "place_name": null, "state_name": "Hawaii", "state_abbr": "HI", "is_rural": true, "dci_score": 68.8, "dci_quintile": 4.0, "is_cra_lmi": true, "income_level": "M", "is_persistent_poverty": false, "is_tribal_overlap": false, "tribal_area_name": null, "aian_pct": 0.0, "has_nmtc": false, "nmtc_projects": 0, "nmtc_total_usd": 0.0 }, "geometry": { "type": "Polygon", "coordinates": [ [ [ -158.073791348595023, 21.491849900900149 ], [ -158.073024348425577, 21.491813900915734 ], [ -158.067525347241116, 21.492376901231939 ], [ -158.067443347222905, 21.492370901233066 ], [ -158.067511347193175, 21.49114890092655 ], [ -158.067705347188934, 21.489868900601554 ], [ -158.06660834695279, 21.489985900665797 ], [ -158.059004345243125, 21.488800900613917 ], [ -158.056560344704764, 21.488725900673401 ], [ -158.056412344497602, 21.483939899486117 ], [ -158.057004344577024, 21.48256189912399 ], [ -158.061482345611779, 21.484024899345158 ], [ -158.067670347063881, 21.486654899802225 ], [ -158.070450347708345, 21.487620899953864 ], [ -158.073333348345699, 21.487772899899461 ], [ -158.073453348414603, 21.488939900186246 ], [ -158.073791348595023, 21.491849900900149 ] ] ] } },
{ "type": "Feature", "properties": { "geoid": "15003003410", "county_name": "Honolulu County", "place_name": null, "state_name": "Hawaii", "state_abbr": "HI", "is_rural": false, "dci_score": 47.1, "dci_quintile": 5.0, "is_cra_lmi": true, "income_level": "M", "is_persistent_poverty": false, "is_tribal_overlap": false, "tribal_area_name": null, "aian_pct": 0.0, "has_nmtc": false, "nmtc_projects": 0, "nmtc_total_usd": 0.0 }, "geometry": { "type": "Polygon", "coordinates": [ [ [ -157.840548290633848, 21.302791861205769 ], [ -157.83783629013476, 21.305457861955251 ], [ -157.836325289774408, 21.304645861800442 ], [ -157.837418289976853, 21.303606861507216 ], [ -157.838282290125306, 21.302462861195028 ], [ -157.838391290143562, 21.302304861152244 ], [ -157.839763290452453, 21.302531861165672 ], [ -157.840548290633848, 21.302791861205769 ] ] ] } },
{ "type": "Feature", "properties": { "geoid": "15003009508", "county_name": "Honolulu County", "place_name": null, "state_name": "Hawaii", "state_abbr": "HI", "is_rural": true, "dci_score": 68.8, "dci_quintile": 4.0, "is_cra_lmi": true, "income_level": "M", "is_persistent_poverty": false, "is_tribal_overlap": false, "tribal_area_name": null, "aian_pct": 0.0, "has_nmtc": false, "nmtc_projects": 0, "nmtc_total_usd": 0.0 }, "geometry": { "type": "Polygon", "coordinates": [ [ [ -158.081301350311406, 21.493784901141609 ], [ -158.079097349896983, 21.495659901679137 ], [ -158.078079349688608, 21.496062901812099 ], [ -158.076063349260437, 21.496434901969291 ], [ -158.069489348045636, 21.502613903718693 ], [ -158.066399347266383, 21.499821903122225 ], [ -158.067923347550249, 21.498449902731728 ], [ -158.070189347980403, 21.49663190220641 ], [ -158.073995348705125, 21.493639901339407 ], [ -158.073791348595023, 21.491849900900149 ], [ -158.078345349599516, 21.492030900799449 ], [ -158.08153035030395, 21.492208900741801 ], [ -158.081301350311406, 21.493784901141609 ] ] ] } },
{ "type": "Feature", "properties": { "geoid": "15001020400", "county_name": "Hawaii County", "place_name": null, "state_name": "Hawaii", "state_abbr": "HI", "is_rural": true, "dci_score": 65.1, "dci_quintile": 4.0, "is_cra_lmi": false, "income_level": "U", "is_persistent_poverty": false, "is_tribal_overlap": false, "tribal_area_name": null, "aian_pct": 0.0, "has_nmtc": false, "nmtc_projects": 0, "nmtc_total_usd": 0.0 }, "geometry": { "type": "Polygon", "coordinates": [ [ [ -155.097024635271481, 19.713485542347811 ], [ -155.095714634991623, 19.713825542466928 ], [ -155.088194633483539, 19.719195544007963 ], [ -155.084844632812519, 19.721615544701439 ], [ -155.08313363249772, 19.723821545298922 ], [ -155.083132739629491, 19.724827570889854 ], [ -155.081943632236204, 19.723879545344218 ], [ -155.071223565640594, 19.724300493117209 ], [ -155.070276629614142, 19.722425545280895 ], [ -155.070911629714431, 19.721030544914598 ], [ -155.073425630257532, 19.720583544737575 ], [ -155.074867630554678, 19.719827544510729 ], [ -155.074221630347921, 19.717608543970858 ], [ -155.075294630523587, 19.715468543406434 ], [ -155.077691631042825, 19.71509154324999 ], [ -155.077434630942008, 19.713565542873916 ], [ -155.083264632135638, 19.710245541890746 ], [ -155.089074633325282, 19.706945540913139 ], [ -155.092424634008694, 19.704955540327585 ], [ -155.092894634132506, 19.70564454048823 ], [ -155.09615163499862, 19.710714541675479 ], [ -155.097024635271481, 19.713485542347811 ] ] ] } },
{ "type": "Feature", "properties": { "geoid": "15003005800", "county_name": "Honolulu County", "place_name": null, "state_name": "Hawaii", "state_abbr": "HI", "is_rural": false, "dci_score": 87.0, "dci_quintile": 2.0, "is_cra_lmi": true, "income_level": "M", "is_persistent_poverty": false, "is_tribal_overlap": false, "tribal_area_name": null, "aian_pct": 0.0, "has_nmtc": false, "nmtc_projects": 0, "nmtc_total_usd": 0.0 }, "geometry": { "type": "Polygon", "coordinates": [ [ [ -157.881461300395387, 21.324905865427091 ], [ -157.879500300037279, 21.326903865986637 ], [ -157.878533299861203, 21.32790386626624 ], [ -157.87547729930003, 21.330930867116678 ], [ -157.873873298920444, 21.330152866973418 ], [ -157.871511298342682, 21.328482866631798 ], [ -157.872366298496729, 21.327551866372922 ], [ -157.874386298870036, 21.325616865827207 ], [ -157.875860299127424, 21.323784865324367 ], [ -157.876285299203175, 21.323299865190144 ], [ -157.879381299815861, 21.321461864634706 ], [ -157.881106300264008, 21.323412865066356 ], [ -157.881461300395387, 21.324905865427091 ] ] ] } },
{ "type": "Feature", "properties": { "geoid": "15003005300", "county_name": "Honolulu County", "place_name": null, "state_name": "Hawaii", "state_abbr": "HI", "is_rural": false, "dci_score": 87.0, "dci_quintile": 2.0, "is_cra_lmi": true, "income_level": "L", "is_persistent_poverty": false, "is_tribal_overlap": false, "tribal_area_name": null, "aian_pct": 0.0, "has_nmtc": false, "nmtc_projects": 0, "nmtc_total_usd": 0.0 }, "geometry": { "type": "Polygon", "coordinates": [ [ [ -157.864631296456906, 21.317959864226939 ], [ -157.862205295993391, 21.31986386477768 ], [ -157.860170295603723, 21.321438865234143 ], [ -157.859980295567425, 21.321587865277255 ], [ -157.857387294883921, 21.318379864559645 ], [ -157.85757529491957, 21.318223864514867 ], [ -157.859620295310577, 21.316626864052619 ], [ -157.860055295372604, 21.315696863807229 ], [ -157.862108295773993, 21.314338863404281 ], [ -157.863898296146317, 21.313779863208662 ], [ -157.864232296218091, 21.313738863187933 ], [ -157.864242296314387, 21.316362863841317 ], [ -157.864631296456906, 21.317959864226939 ] ] ] } },
{ "type": "Feature", "properties": { "geoid": "15003005500", "county_name": "Honolulu County", "place_name": "Urban Honolulu", "state_name": "Hawaii", "state_abbr": "HI", "is_rural": false, "dci_score": 87.0, "dci_quintile": 2.0, "is_cra_lmi": true, "income_level": "M", "is_persistent_poverty": false, "is_tribal_overlap": false, "tribal_area_name": null, "aian_pct": 0.0, "has_nmtc": false, "nmtc_projects": 0, "nmtc_total_usd": 0.0 }, "geometry": { "type": "Polygon", "coordinates": [ [ [ -157.867030297114439, 21.321628865065435 ], [ -157.864303296596063, 21.323843865703164 ], [ -157.863698296479328, 21.324285865832337 ], [ -157.862027296143424, 21.325134866096487 ], [ -157.859980295567425, 21.321587865277255 ], [ -157.860170295603723, 21.321438865234143 ], [ -157.862205295993391, 21.31986386477768 ], [ -157.863644296376606, 21.321752865202974 ], [ -157.86602929684426, 21.320214864744692 ], [ -157.867030297114439, 21.321628865065435 ] ] ] } },
{ "type": "Feature", "properties": { "geoid": "15003002005", "county_name": "Honolulu County", "place_name": null, "state_name": "Hawaii", "state_abbr": "HI", "is_rural": false, "dci_score": 83.9, "dci_quintile": 2.0, "is_cra_lmi": true, "income_level": "M", "is_persistent_poverty": false, "is_tribal_overlap": false, "tribal_area_name": null, "aian_pct": 0.0, "has_nmtc": false, "nmtc_projects": 0, "nmtc_total_usd": 0.0 }, "geometry": { "type": "Polygon", "coordinates": [ [ [ -157.834777288870271, 21.288860857916344 ], [ -157.834134288731775, 21.288929857953736 ], [ -157.832749288406433, 21.288321857845759 ], [ -157.831256288032819, 21.28702585756977 ], [ -157.829702287641851, 21.285619857268269 ], [ -157.831373287948566, 21.283951856800247 ], [ -157.832288288169309, 21.284515856912027 ], [ -157.832796288314967, 21.285474857134989 ], [ -157.832959288360144, 21.285738857195643 ], [ -157.833796288594499, 21.28716285752413 ], [ -157.834458288780837, 21.28831485779034 ], [ -157.834777288870271, 21.288860857916344 ] ] ] } },
{ "type": "Feature", "properties": { "geoid": "15003003408", "county_name": "Honolulu County", "place_name": null, "state_name": "Hawaii", "state_abbr": "HI", "is_rural": false, "dci_score": 47.1, "dci_quintile": 5.0, "is_cra_lmi": true, "income_level": "M", "is_persistent_poverty": false, "is_tribal_overlap": false, "tribal_area_name": null, "aian_pct": 0.0, "has_nmtc": false, "nmtc_projects": 0, "nmtc_total_usd": 0.0 }, "geometry": { "type": "Polygon", "coordinates": [ [ [ -157.844211291487767, 21.304211861444383 ], [ -157.844163291481976, 21.304344861479027 ], [ -157.842269291134443, 21.306234862009465 ], [ -157.841239290944173, 21.307227862289253 ], [ -157.839513290533318, 21.306321862117791 ], [ -157.840855290780098, 21.304996861745483 ], [ -157.842195291025035, 21.303632861363514 ], [ -157.842303291041446, 21.303428861309293 ], [ -157.844262291494346, 21.304083861410888 ], [ -157.844211291487767, 21.304211861444383 ] ] ] } },
{ "type": "Feature", "properties": { "geoid": "15003981700", "county_name": "Honolulu County", "place_name": null, "state_name": "Hawaii", "state_abbr": "HI", "is_rural": true, "dci_score": 19.5, "dci_quintile": 5.0, "is_cra_lmi": true, "income_level": "L", "is_persistent_poverty": false, "is_tribal_overlap": false, "tribal_area_name": null, "aian_pct": 0.0, "has_nmtc": false, "nmtc_projects": 0, "nmtc_total_usd": 0.0 }, "geometry": { "type": "Polygon", "coordinates": [ [ [ -157.777315282111743, 21.451812900345463 ], [ -157.774037281462768, 21.453776900938777 ], [ -157.772753281294456, 21.456931901766236 ], [ -157.768241280281728, 21.456319901755986 ], [ -157.765547279876557, 21.461494903131847 ], [ -157.764382279643741, 21.462134903328259 ], [ -157.763786279481593, 21.461265903130297 ], [ -157.763195279288112, 21.459496902707684 ], [ -157.745897275269385, 21.453381901727866 ], [ -157.742584911532589, 21.453677345173883 ], [ -157.742444274479539, 21.452504901617932 ], [ -157.742202274388461, 21.45144990136237 ], [ -157.743069274499845, 21.449251900786741 ], [ -157.746631275262956, 21.448720900542018 ], [ -157.752538276400372, 21.444279899248041 ], [ -157.755721276905803, 21.438898897805515 ], [ -157.757526277143086, 21.434475896645424 ], [ -157.760102277647064, 21.432761896136743 ], [ -157.760447277678168, 21.431519895816098 ], [ -157.76005227745452, 21.427710894878537 ], [ -157.760574277563705, 21.427559894824434 ], [ -157.761308000922014, 21.428651618232099 ], [ -157.760396277710981, 21.432744896123236 ], [ -157.757501277146758, 21.434730896709816 ], [ -157.758036277340238, 21.436845897220479 ], [ -157.772749280794898, 21.443080898311671 ], [ -157.776807281691674, 21.443243898224306 ], [ -157.778282282132295, 21.446486898986585 ], [ -157.777315282111743, 21.451812900345463 ] ] ] } },
{ "type": "Feature", "properties": { "geoid": "15003009510", "county_name": "Honolulu County", "place_name": "Urban Honolulu", "state_name": "Hawaii", "state_abbr": "HI", "is_rural": true, "dci_score": 68.8, "dci_quintile": 4.0, "is_cra_lmi": true, "income_level": "M", "is_persistent_poverty": false, "is_tribal_overlap": false, "tribal_area_name": null, "aian_pct": 0.0, "has_nmtc": false, "nmtc_projects": 0, "nmtc_total_usd": 0.0 }, "geometry": { "type": "Polygon", "coordinates": [ [ [ -158.08153035030395, 21.492208900741801 ], [ -158.078345349599516, 21.492030900799449 ], [ -158.073791348595023, 21.491849900900149 ], [ -158.073453348414603, 21.488939900186246 ], [ -158.073333348345699, 21.487772899899461 ], [ -158.079918349801062, 21.488113899773616 ], [ -158.08189335022081, 21.487758899621991 ], [ -158.08153035030395, 21.492208900741801 ] ] ] } },
{ "type": "Feature", "properties": { "geoid": "15003981803", "county_name": "Honolulu County", "place_name": "Waipahu", "state_name": "Hawaii", "state_abbr": "HI", "is_rural": true, "dci_score": 19.3, "dci_quintile": 5.0, "is_cra_lmi": true, "income_level": "L", "is_persistent_poverty": false, "is_tribal_overlap": false, "tribal_area_name": null, "aian_pct": 0.0, "has_nmtc": false, "nmtc_projects": 0, "nmtc_total_usd": 0.0 }, "geometry": { "type": "Polygon", "coordinates": [ [ [ -157.760102277647064, 21.432761896136743 ], [ -157.757526277143086, 21.434475896645424 ], [ -157.755721276905803, 21.438898897805515 ], [ -157.752538276400372, 21.444279899248041 ], [ -157.743758274374159, 21.441547898843243 ], [ -157.743366274403314, 21.444753899655328 ], [ -157.740074273679966, 21.444741899756053 ], [ -157.738428273318249, 21.444734899806161 ], [ -157.737555273001249, 21.441248898964055 ], [ -157.736049108350898, 21.441928448440407 ], [ -157.73641727265894, 21.438677898358545 ], [ -157.735836272305875, 21.432399896810775 ], [ -157.737381153269325, 21.428423655335894 ], [ -157.73788027261142, 21.428409895751148 ], [ -157.743783273908718, 21.42844089557304 ], [ -157.754132276181338, 21.428449895249354 ], [ -157.754851276303327, 21.427451894977793 ], [ -157.759458277328264, 21.427825894925938 ], [ -157.76005227745452, 21.427710894878537 ], [ -157.760447277678168, 21.431519895816098 ], [ -157.760102277647064, 21.432761896136743 ] ] ] } },
{ "type": "Feature", "properties": { "geoid": "15003004102", "county_name": "Honolulu County", "place_name": null, "state_name": "Hawaii", "state_abbr": "HI", "is_rural": false, "dci_score": 50.6, "dci_quintile": 5.0, "is_cra_lmi": true, "income_level": "M", "is_persistent_poverty": false, "is_tribal_overlap": false, "tribal_area_name": null, "aian_pct": 0.0, "has_nmtc": false, "nmtc_projects": 0, "nmtc_total_usd": 0.0 }, "geometry": { "type": "Polygon", "coordinates": [ [ [ -157.857743294669717, 21.310226862517258 ], [ -157.853332293792533, 21.312732863280392 ], [ -157.852681293606651, 21.311527863000666 ], [ -157.85133729317289, 21.307643862075306 ], [ -157.85107629309951, 21.307193861971403 ], [ -157.850284292895992, 21.306358861788294 ], [ -157.848701292521895, 21.305603861649981 ], [ -157.849062292570437, 21.304748861425619 ], [ -157.849445292621482, 21.303829861184617 ], [ -157.850186292718377, 21.301999860705408 ], [ -157.853426293469283, 21.303134860886264 ], [ -157.854706293766071, 21.303586860958607 ], [ -157.854072293634687, 21.303799861031614 ], [ -157.852717293381204, 21.305015861377171 ], [ -157.855764294112703, 21.306788861723025 ], [ -157.857482294563027, 21.308845862181418 ], [ -157.858168294750726, 21.309887862419426 ], [ -157.857743294669717, 21.310226862517258 ] ] ] } },
{ "type": "Feature", "properties": { "geoid": "15003009301", "county_name": "Honolulu County", "place_name": "Urban Honolulu", "state_name": "Hawaii", "state_abbr": "HI", "is_rural": true, "dci_score": 68.8, "dci_quintile": 4.0, "is_cra_lmi": true, "income_level": "L", "is_persistent_poverty": false, "is_tribal_overlap": false, "tribal_area_name": null, "aian_pct": 0.0, "has_nmtc": false, "nmtc_projects": 0, "nmtc_total_usd": 0.0 }, "geometry": { "type": "Polygon", "coordinates": [ [ [ -158.029849339169374, 21.497473903706393 ], [ -158.029416339186724, 21.500550904486762 ], [ -158.029532339231082, 21.501069904612354 ], [ -158.029032339119709, 21.501020904616123 ], [ -158.028272339016695, 21.502763905074637 ], [ -158.02289833794714, 21.505738905987563 ], [ -158.022544337811468, 21.504147905602505 ], [ -158.024629338234547, 21.503215905303673 ], [ -158.023405337867899, 21.50052190467164 ], [ -158.025201338234638, 21.499781904429906 ], [ -158.024432338004544, 21.498095904034447 ], [ -158.026709338470539, 21.497186903735244 ], [ -158.029797339101435, 21.495924903322184 ], [ -158.029849339169374, 21.497473903706393 ] ] ] } },
{ "type": "Feature", "properties": { "geoid": "15003003503", "county_name": "Honolulu County", "place_name": null, "state_name": "Hawaii", "state_abbr": "HI", "is_rural": false, "dci_score": 75.6, "dci_quintile": 3.0, "is_cra_lmi": true, "income_level": "M", "is_persistent_poverty": false, "is_tribal_overlap": false, "tribal_area_name": null, "aian_pct": 0.0, "has_nmtc": false, "nmtc_projects": 0, "nmtc_total_usd": 0.0 }, "geometry": { "type": "Polygon", "coordinates": [ [ [ -157.843239291180566, 21.301583860820205 ], [ -157.842303291041446, 21.303428861309293 ], [ -157.840548290633848, 21.302791861205769 ], [ -157.839763290452453, 21.302531861165672 ], [ -157.838391290143562, 21.302304861152244 ], [ -157.839482290308268, 21.300224860599727 ], [ -157.840242290412192, 21.298472860139341 ], [ -157.840736290526962, 21.298652860168659 ], [ -157.844073291300873, 21.299836860358734 ], [ -157.843239291180566, 21.301583860820205 ] ] ] } },
{ "type": "Feature", "properties": { "geoid": "15001021203", "county_name": "Hawaii County", "place_name": "Schofield Barracks", "state_name": "Hawaii", "state_abbr": "HI", "is_rural": true, "dci_score": 76.0, "dci_quintile": 3.0, "is_cra_lmi": true, "income_level": "M", "is_persistent_poverty": false, "is_tribal_overlap": false, "tribal_area_name": null, "aian_pct": 0.0, "has_nmtc": false, "nmtc_projects": 0, "nmtc_total_usd": 0.0 }, "geometry": { "type": "Polygon", "coordinates": [ [ [ -155.838989781756993, 19.127320376627207 ], [ -155.769796768159068, 19.18219139209442 ], [ -155.767664767739916, 19.183881392570957 ], [ -155.73884276201602, 19.204786398529915 ], [ -155.73624076274757, 19.249995409868184 ], [ -155.733852762627293, 19.263992413420418 ], [ -155.732173762478766, 19.27161641536529 ], [ -155.731810762423919, 19.2724764155892 ], [ -155.709480758546135, 19.307998425030643 ], [ -155.696841756310789, 19.326714430029263 ], [ -155.696315756238619, 19.328213430416966 ], [ -155.691255755320896, 19.334920432222336 ], [ -155.689161754914267, 19.336770432738547 ], [ -155.670928751480488, 19.356572438155524 ], [ -155.668589751045062, 19.35929043889487 ], [ -155.662219749845377, 19.36621444078914 ], [ -155.660833749621787, 19.369015441524404 ], [ -155.656364748770301, 19.373535442769199 ], [ -155.641628746015869, 19.390293447336955 ], [ -155.640466745849352, 19.393364448133944 ], [ -155.618921741940085, 19.421958455835863 ], [ -155.649228749049854, 19.437235458858499 ], [ -155.644539748266254, 19.445755461108728 ], [ -155.639083747127529, 19.44786646177867 ], [ -155.599457740461219, 19.518383480431616 ], [ -155.596167739908083, 19.524252481984394 ], [ -155.560495731531603, 19.506281478427439 ], [ -155.55574073041501, 19.503884477952713 ], [ -155.481484715329941, 19.547584490816828 ], [ -155.430109703654068, 19.535350489096345 ], [ -155.427124702971241, 19.534488488958431 ], [ -155.381008691810734, 19.499995481528643 ], [ -155.38210869205318, 19.499995481500129 ], [ -155.342381682285094, 19.46483147373257 ], [ -155.325253678084295, 19.450000470464939 ], [ -155.322918677489525, 19.447207469826527 ], [ -155.293705671249796, 19.454199472328426 ], [ -155.280162667672869, 19.433531467506395 ], [ -155.275944666780475, 19.434845467943568 ], [ -155.272994666178647, 19.436545468444713 ], [ -155.270344665603773, 19.436875468595403 ], [ -155.268134665099865, 19.436292468506352 ], [ -155.257594662696562, 19.43351546808239 ], [ -155.256414662422685, 19.433035467992603 ], [ -155.254074661839667, 19.43068546746473 ], [ -155.250674660936795, 19.42531546620847 ], [ -155.248414660393422, 19.423735465871175 ], [ -155.243924659367195, 19.422465465668633 ], [ -155.242921659146674, 19.422488465700123 ], [ -155.242525659038165, 19.421746465524635 ], [ -155.239402658372057, 19.422536465802398 ], [ -155.239220658281369, 19.420762465363211 ], [ -155.235642657414246, 19.418019464768658 ], [ -155.233083656781389, 19.41561246423203 ], [ -155.23679465756905, 19.414535463867423 ], [ -155.2378336577722, 19.413624463612859 ], [ -155.238536657972048, 19.415199463988891 ], [ -155.240560658403751, 19.414686463808646 ], [ -155.238614657936438, 19.413345463523033 ], [ -155.238634657879089, 19.41117546297961 ], [ -155.239604658051945, 19.409735462594469 ], [ -155.239394657982587, 19.408925462397203 ], [ -155.240444658196168, 19.408295462212671 ], [ -155.242194658619042, 19.409595462493041 ], [ -155.243334658849591, 19.408865462281184 ], [ -155.249354660159213, 19.408245461971717 ], [ -155.251534660577221, 19.406045461365437 ], [ -155.253054660892076, 19.405335461148837 ], [ -155.253354660908684, 19.403595460705862 ], [ -155.253154660720753, 19.398545459447693 ], [ -155.251134660152729, 19.39423545842131 ], [ -155.248504659475941, 19.390825457635696 ], [ -155.247154659139596, 19.389465457330079 ], [ -155.246244658888941, 19.387705456913128 ], [ -155.234014655763616, 19.372605453448987 ], [ -155.231924655276174, 19.371665453267305 ], [ -155.227234654237407, 19.371495453344725 ], [ -155.226244654006678, 19.37105545325997 ], [ -155.224474653534998, 19.368185452587291 ], [ -155.222484653052874, 19.366655452255429 ], [ -155.22175465285531, 19.365365451951391 ], [ -155.222014652863862, 19.363645451514497 ], [ -155.224214653214375, 19.358905450272605 ], [ -155.224334653214726, 19.357985450039415 ], [ -155.222714652785328, 19.355435449442957 ], [ -155.221514652446501, 19.352815448818255 ], [ -155.219484651958766, 19.351395448514911 ], [ -155.218464651643501, 19.34820544774303 ], [ -155.217344651367682, 19.347185447516491 ], [ -155.213724650544179, 19.346285447383774 ], [ -155.21270465029383, 19.345385447184693 ], [ -155.211364649908973, 19.342225446428461 ], [ -155.20869464926119, 19.340135445973811 ], [ -155.20773464899861, 19.338335445548051 ], [ -155.206754648761944, 19.337605445390459 ], [ -155.204004648135339, 19.33688544528049 ], [ -155.20260464779102, 19.335625445001021 ], [ -155.200774647297408, 19.332435444249743 ], [ -155.195754646155109, 19.331175444062517 ], [ -155.192954645444274, 19.327865443305903 ], [ -155.191444645096993, 19.327355443216799 ], [ -155.186934644142298, 19.32875544368186 ], [ -155.1847646436334, 19.327675443466973 ], [ -155.182194642974707, 19.32441544271693 ], [ -155.179164642283013, 19.323575442583934 ], [ -155.176664641636677, 19.320205441804571 ], [ -155.172354640636797, 19.318445441473958 ], [ -155.168994639850325, 19.31682544115418 ], [ -155.167454639518155, 19.317085441258389 ], [ -155.1650546390226, 19.3182754416171 ], [ -155.163394638651482, 19.318095441614282 ], [ -155.154714636637351, 19.314535440944336 ], [ -155.150584635712363, 19.314025440921686 ], [ -155.145414634542817, 19.312975440790336 ], [ -155.141144633602693, 19.313025440911282 ], [ -155.137084632731103, 19.313865441224522 ], [ -155.129104630999564, 19.314865441677288 ], [ -155.128404630827191, 19.314225441534926 ], [ -155.129334630983266, 19.312485441075985 ], [ -155.132674631699786, 19.311775440813577 ], [ -155.136064632385654, 19.309585440179625 ], [ -155.140734633377093, 19.308225439720839 ], [ -155.142984633830679, 19.306715439285959 ], [ -155.144344634127719, 19.306615439226412 ], [ -155.147114634753649, 19.307155439291169 ], [ -155.148304635000301, 19.306595439120859 ], [ -155.151194635574655, 19.304365438489619 ], [ -155.153824636115331, 19.302975438075119 ], [ -155.154814636296152, 19.30164543771728 ], [ -155.154294636104311, 19.298905437045079 ], [ -155.150264635156674, 19.296805436622087 ], [ -155.148704634727181, 19.293765435901236 ], [ -155.147774634498802, 19.292935435717219 ], [ -155.144284633712203, 19.292325435653183 ], [ -155.141354633038901, 19.291355435484867 ], [ -155.137304632152734, 19.291595435647626 ], [ -155.133334631243969, 19.290405435450612 ], [ -155.129844630431734, 19.288885435158843 ], [ -155.120634628239173, 19.283125433951277 ], [ -155.118724627807069, 19.282735433902094 ], [ -155.115884627206697, 19.283655434204178 ], [ -155.112594626557097, 19.286355434962967 ], [ -155.105224625053779, 19.290695436235417 ], [ -155.100574624121322, 19.294005437181323 ], [ -155.098264623645576, 19.295205437540066 ], [ -155.093904622733987, 19.296985438095824 ], [ -155.089994621934551, 19.299225438755297 ], [ -155.079333619900552, 19.310530441854144 ], [ -155.075988619279826, 19.314702442982913 ], [ -155.071817618452286, 19.317998443913396 ], [ -155.067927617662633, 19.320437444622293 ], [ -155.064168616883364, 19.322219445163459 ], [ -155.057762615526372, 19.324225445827675 ], [ -155.055952615122948, 19.324080445837186 ], [ -155.053188614460908, 19.322222445442058 ], [ -155.049671613662468, 19.321422445330775 ], [ -155.046349612950223, 19.322161445599772 ], [ -155.042426612157726, 19.324767446351306 ], [ -155.034720610549073, 19.328038447364978 ], [ -155.029538609497052, 19.331299448312347 ], [ -155.024117608259047, 19.329814448077606 ], [ -155.022475608067538, 19.335907449644527 ], [ -155.021927607952108, 19.336103449707451 ], [ -155.016505697080703, 19.328514885277187 ], [ -155.017333606705932, 19.327820447749819 ], [ -155.040424611597189, 19.320533445342075 ], [ -155.048596613224589, 19.314268443567297 ], [ -155.061978616091722, 19.311231442468756 ], [ -155.071220618142377, 19.311652442340286 ], [ -155.078378619552069, 19.305623440650333 ], [ -155.088535621567246, 19.297604438386617 ], [ -155.097987623576813, 19.29493143747851 ], [ -155.112306626481114, 19.285910434858934 ], [ -155.120166628032422, 19.279438433040784 ], [ -155.129843630012687, 19.27398043143036 ], [ -155.136053631371595, 19.273619431182734 ], [ -155.142379632757525, 19.273312430945637 ], [ -155.149215634149215, 19.269212429746897 ], [ -155.157101635776513, 19.265266428560075 ], [ -155.162992637049086, 19.264344428180124 ], [ -155.169884638599626, 19.265466428285922 ], [ -155.174870639659332, 19.264073427811077 ], [ -155.184720641807019, 19.263253427356055 ], [ -155.189497642775706, 19.260269426488641 ], [ -155.191937643196553, 19.256117425388531 ], [ -155.194365643767327, 19.257389425644941 ], [ -155.197792644541721, 19.258072425728706 ], [ -155.205271646173173, 19.257487425392501 ], [ -155.207769646694601, 19.256458425071781 ], [ -155.222060649962771, 19.260700425769162 ], [ -155.224720650535915, 19.260243425587277 ], [ -155.23290765240597, 19.262597425967549 ], [ -155.234299652802576, 19.265785426729117 ], [ -155.243141654832044, 19.268675427226558 ], [ -155.249106656122791, 19.267850426868424 ], [ -155.255631657635689, 19.270524427370667 ], [ -155.258850658311246, 19.269338426992181 ], [ -155.262536659175794, 19.271200427363691 ], [ -155.275210661824474, 19.266143425776583 ], [ -155.285367664039541, 19.265369425324121 ], [ -155.29324066573173, 19.263896424755135 ], [ -155.304636667998864, 19.255329422323399 ], [ -155.310844669143904, 19.247486420205146 ], [ -155.317880670550721, 19.242456418768782 ], [ -155.333992673884723, 19.23493141647749 ], [ -155.338865674848165, 19.231071415388783 ], [ -155.338962674810574, 19.228989414866192 ], [ -155.342051675389797, 19.225429413898013 ], [ -155.344197675698894, 19.219659412401896 ], [ -155.346362676115405, 19.21753741181659 ], [ -155.347041676180169, 19.214543411051398 ], [ -155.357983678361535, 19.20653040877075 ], [ -155.37392768168516, 19.2000014067332 ], [ -155.386144684334312, 19.198632406079362 ], [ -155.394228685997518, 19.194560404856055 ], [ -155.39916068690593, 19.188324403172988 ], [ -155.403065687730191, 19.18709740276687 ], [ -155.407105688624853, 19.187310402716825 ], [ -155.414694690221324, 19.184742401881749 ], [ -155.417944690812561, 19.180377400708942 ], [ -155.424224692074631, 19.176173399498943 ], [ -155.430088693109866, 19.167188397106202 ], [ -155.443151695714334, 19.157725394410399 ], [ -155.446047696205738, 19.152589393054544 ], [ -155.450078696991767, 19.149049392068058 ], [ -155.463857699877423, 19.143983390451623 ], [ -155.469412701114209, 19.144538390448073 ], [ -155.477143702733656, 19.141718389546686 ], [ -155.483873704116775, 19.138325388527932 ], [ -155.496660706863992, 19.136103387646347 ], [ -155.501262707839885, 19.134853387216708 ], [ -155.504899718553105, 19.132382104336877 ], [ -155.506048708799455, 19.131601386282899 ], [ -155.509998709593646, 19.128998385532419 ], [ -155.509676709313823, 19.121620383700183 ], [ -155.514744710343479, 19.118659382831876 ], [ -155.517372710768313, 19.113273381421177 ], [ -155.522540711901513, 19.113195381269449 ], [ -155.525852712579962, 19.111461380752178 ], [ -155.532964713892568, 19.102644378371135 ], [ -155.541540715432262, 19.090496375122193 ], [ -155.542884715594539, 19.08580137391705 ], [ -155.54922171697558, 19.085423373660639 ], [ -155.553033355223192, 19.080320922509131 ], [ -155.55525271817848, 19.081129372435608 ], [ -155.561489719614428, 19.083470372859633 ], [ -155.563083719992505, 19.084461373065906 ], [ -155.56532072048779, 19.084603373044025 ], [ -155.567634720956022, 19.08319537263371 ], [ -155.568624721172029, 19.083145372595887 ], [ -155.570544721636111, 19.08464537292069 ], [ -155.572144721929902, 19.082615372373592 ], [ -155.572454721960582, 19.08129537203655 ], [ -155.57369472221103, 19.080525371812818 ], [ -155.574884722383899, 19.077405371004502 ], [ -155.576904722735094, 19.074145370140045 ], [ -155.579534723213669, 19.070655369202655 ], [ -155.581884723696476, 19.069485368850803 ], [ -155.582634723828534, 19.068335368544918 ], [ -155.584534724212261, 19.067155368202108 ], [ -155.58734472482152, 19.066885368062838 ], [ -155.587574724813379, 19.064815367540945 ], [ -155.586794724612133, 19.063755367296697 ], [ -155.586014724309706, 19.059125366162558 ], [ -155.586194724295979, 19.057245365689333 ], [ -155.589234724929241, 19.056040365311148 ], [ -155.592661725658445, 19.055224365020017 ], [ -155.596191726503605, 19.057707365548506 ], [ -155.600924727636908, 19.061035366256757 ], [ -155.611164730053929, 19.067005367482281 ], [ -155.611974730262091, 19.068075367728198 ], [ -155.612404730361675, 19.06825936776303 ], [ -155.612542730390203, 19.068198367744287 ], [ -155.615212730943028, 19.067026367383704 ], [ -155.615712731063581, 19.067406367465594 ], [ -155.615850731109759, 19.067966367601624 ], [ -155.616269731210792, 19.06828636767063 ], [ -155.618485731700275, 19.068394367640707 ], [ -155.618920731784982, 19.068015367535093 ], [ -155.619421731857415, 19.066692367192509 ], [ -155.621274732220542, 19.065155366761896 ], [ -155.623594732708455, 19.064405366515462 ], [ -155.625564733091181, 19.062655366028789 ], [ -155.628874733780151, 19.061335365614909 ], [ -155.631214734305388, 19.061745365657039 ], [ -155.634324734935973, 19.059915365121196 ], [ -155.636704735476997, 19.06057536522459 ], [ -155.638777735984377, 19.062422365631658 ], [ -155.642425736793768, 19.062732365615258 ], [ -155.644901737328212, 19.062418365473437 ], [ -155.64705473777758, 19.061605365215563 ], [ -155.652754738990609, 19.060275364737766 ], [ -155.654403739355672, 19.060388364723575 ], [ -155.656851739868074, 19.059515364443158 ], [ -155.657366740001748, 19.060243364611335 ], [ -155.662004741008673, 19.059865364397989 ], [ -155.666144741918799, 19.059925364306558 ], [ -155.668824742532109, 19.060815364459433 ], [ -155.671294743059576, 19.060305364268871 ], [ -155.673974743601804, 19.058695363798847 ], [ -155.675754743974977, 19.058085363601098 ], [ -155.690484747234478, 19.059065363466445 ], [ -155.692754747754634, 19.059845363602363 ], [ -155.694124748092463, 19.061155363893469 ], [ -155.69925474930244, 19.064125364501333 ], [ -155.701444749826976, 19.065675364831101 ], [ -155.705474750724704, 19.0661553648469 ], [ -155.710224751746438, 19.065445364547685 ], [ -155.714934752729476, 19.063685363987922 ], [ -155.747231760135463, 19.074979365968289 ], [ -155.74922476059217, 19.075665366087701 ], [ -155.783114768355006, 19.087235368093445 ], [ -155.799014772050583, 19.094535369499845 ], [ -155.800964772493927, 19.095085369586307 ], [ -155.801242772568799, 19.095570369699889 ], [ -155.804374773296672, 19.09700536997611 ], [ -155.811276774900989, 19.100178370587408 ], [ -155.811314774909818, 19.100195370590651 ], [ -155.817244776293222, 19.103095371159071 ], [ -155.826814778574629, 19.109475372499563 ], [ -155.829194779153028, 19.111445372928348 ], [ -155.831690779781098, 19.114258373564052 ], [ -155.83499278058423, 19.117012374164105 ], [ -155.83617378095704, 19.120973375119803 ], [ -155.838989781756993, 19.127320376627207 ] ] ] } },
{ "type": "Feature", "properties": { "geoid": "15001020500", "county_name": "Hawaii County", "place_name": null, "state_name": "Hawaii", "state_abbr": "HI", "is_rural": true, "dci_score": 65.1, "dci_quintile": 4.0, "is_cra_lmi": true, "income_level": "M", "is_persistent_poverty": false, "is_tribal_overlap": false, "tribal_area_name": null, "aian_pct": 0.0, "has_nmtc": false, "nmtc_projects": 0, "nmtc_total_usd": 0.0 }, "geometry": { "type": "Polygon", "coordinates": [ [ [ -155.092424634008694, 19.704955540327585 ], [ -155.089074633325282, 19.706945540913139 ], [ -155.083264632135638, 19.710245541890746 ], [ -155.077434630942008, 19.713565542873916 ], [ -155.077691631042825, 19.71509154324999 ], [ -155.075294630523587, 19.715468543406434 ], [ -155.074221630347921, 19.717608543970858 ], [ -155.074867630554678, 19.719827544510729 ], [ -155.073425630257532, 19.720583544737575 ], [ -155.070911629714431, 19.721030544914598 ], [ -155.070276629614142, 19.722425545280895 ], [ -155.07013062958211, 19.722433545286663 ], [ -155.064167628263363, 19.722434545440866 ], [ -155.064154628133281, 19.718014544332561 ], [ -155.064154628058077, 19.715400543676925 ], [ -155.064154627952888, 19.711745542760198 ], [ -155.064144627816631, 19.707085541591685 ], [ -155.064234627720083, 19.703035540573627 ], [ -155.064425627728497, 19.701859540273748 ], [ -155.067684628480265, 19.702941540461062 ], [ -155.068705628636707, 19.700529539829819 ], [ -155.066330628004891, 19.696820538960889 ], [ -155.066224627931859, 19.695095538531003 ], [ -155.069884628731131, 19.694745538348855 ], [ -155.0745946297628, 19.694405538142128 ], [ -155.081304631232626, 19.693925537848674 ], [ -155.090484633244159, 19.69329553745381 ], [ -155.091344633709156, 19.70284553982637 ], [ -155.092424634008694, 19.704955540327585 ] ] ] } },
{ "type": "Feature", "properties": { "geoid": "15001022102", "county_name": "Hawaii County", "place_name": null, "state_name": "Hawaii", "state_abbr": "HI", "is_rural": true, "dci_score": 87.3, "dci_quintile": 2.0, "is_cra_lmi": false, "income_level": "U", "is_persistent_poverty": false, "is_tribal_overlap": false, "tribal_area_name": null, "aian_pct": 0.0, "has_nmtc": true, "nmtc_projects": 1, "nmtc_total_usd": 0.0 }, "geometry": { "type": "Polygon", "coordinates": [ [ [ -155.557314730871099, 19.507652478853231 ], [ -155.547523729774156, 19.544040488204352 ], [ -155.52252772681976, 19.631481510724324 ], [ -155.511659725329736, 19.662413518747563 ], [ -155.502736724131125, 19.68863752554353 ], [ -155.501007723882992, 19.693175526724566 ], [ -155.498804723621419, 19.70081852869512 ], [ -155.499067723690189, 19.701184528779791 ], [ -155.496031723336927, 19.711958531555979 ], [ -155.492429722662422, 19.71604253267293 ], [ -155.458754716336784, 19.753590542958872 ], [ -155.456678715864882, 19.753120542895878 ], [ -155.457084716006619, 19.754895543329582 ], [ -155.456314715907865, 19.757315543955773 ], [ -155.45723071610999, 19.757316543931903 ], [ -155.458668716497755, 19.759713544494158 ], [ -155.460303716997714, 19.764448545636608 ], [ -155.461427717321499, 19.767024546251967 ], [ -155.462637717636369, 19.768651546627446 ], [ -155.463267717840694, 19.770870547166432 ], [ -155.462403717701505, 19.77262054762739 ], [ -155.46274671781967, 19.774063547979654 ], [ -155.461566717635776, 19.776664548662048 ], [ -155.461595717681917, 19.77801354899907 ], [ -155.463070718128193, 19.782115549987285 ], [ -155.461778717923494, 19.784848550705718 ], [ -155.460414717668954, 19.786426551136849 ], [ -155.46084971782787, 19.788563551660502 ], [ -155.462023718162897, 19.791141552275079 ], [ -155.462227718286044, 19.793793552933792 ], [ -155.464482718866492, 19.796601553577442 ], [ -155.465560719128121, 19.797407553750816 ], [ -155.466321719340982, 19.798929554111844 ], [ -155.468004719743448, 19.799982554331095 ], [ -155.47131072059409, 19.804087555271728 ], [ -155.472439720948472, 19.807654556135148 ], [ -155.474563721492132, 19.810192556714586 ], [ -155.471401720721502, 19.807725556180355 ], [ -155.470211720401096, 19.80576755572147 ], [ -155.467596719792766, 19.804709555525609 ], [ -155.463687718841243, 19.801697554874576 ], [ -155.460664718064606, 19.797985554024823 ], [ -155.457284717402018, 19.800815554822755 ], [ -155.456234717184998, 19.801315554975684 ], [ -155.45250171633603, 19.800465554861351 ], [ -155.449880715749401, 19.800190554861647 ], [ -155.447310715194817, 19.800621555037399 ], [ -155.443537714423911, 19.802723555663388 ], [ -155.439419713639637, 19.806959556832982 ], [ -155.436410713134165, 19.812349558262397 ], [ -155.438920713886432, 19.819073559880358 ], [ -155.438887713939607, 19.821123560394714 ], [ -155.436901713785829, 19.830780562866138 ], [ -155.432458712977336, 19.836627564448193 ], [ -155.431025712748408, 19.839592565228809 ], [ -155.427340712134139, 19.846352567019697 ], [ -155.421241710946191, 19.851737568529963 ], [ -155.417031710150241, 19.856270569776928 ], [ -155.413720709539632, 19.860358570888703 ], [ -155.412831709362365, 19.861004571074059 ], [ -155.410005708731092, 19.860762571088078 ], [ -155.403898707429988, 19.862381571655071 ], [ -155.401460706874644, 19.86181057157637 ], [ -155.397091705892365, 19.861225571545138 ], [ -155.394127705251663, 19.861699571742164 ], [ -155.392077704884059, 19.864590572520754 ], [ -155.389032704275593, 19.866766573146442 ], [ -155.388523704189453, 19.86765857338343 ], [ -155.384643703355039, 19.868428573678816 ], [ -155.3814547026968, 19.869996574155945 ], [ -155.379301702276791, 19.87188357468569 ], [ -155.378172702039336, 19.872290574817498 ], [ -155.376333701691806, 19.874283575365538 ], [ -155.37410170123735, 19.87559357575277 ], [ -155.369835700343714, 19.877252576281155 ], [ -155.368102700015726, 19.879113576793337 ], [ -155.368004700052154, 19.881084577289954 ], [ -155.366975699923358, 19.884426578154798 ], [ -155.365736699686607, 19.885681578502084 ], [ -155.363757699258883, 19.886006578635772 ], [ -155.360942698705713, 19.888341579295364 ], [ -155.359325698406508, 19.890312579832113 ], [ -155.357912698233633, 19.895036581053613 ], [ -155.356155697864978, 19.895702581266946 ], [ -155.352251697139508, 19.900355582536449 ], [ -155.350703696815231, 19.900961582729238 ], [ -155.346293696025242, 19.907220584414805 ], [ -155.346103696118575, 19.911806585569604 ], [ -155.344671695875974, 19.91431158623547 ], [ -155.342489695453821, 19.916348586803817 ], [ -155.341127695230284, 19.918974587498202 ], [ -155.338049694603342, 19.920786588033813 ], [ -155.33352269374501, 19.92560958936269 ], [ -155.331881693458939, 19.928207590057482 ], [ -155.330123693179814, 19.931917591034235 ], [ -155.329926693173178, 19.933167591352898 ], [ -155.328546692912653, 19.934676591767751 ], [ -155.326887692576292, 19.935705592069613 ], [ -155.327033692631971, 19.93649859226462 ], [ -155.326102692496193, 19.938871592884304 ], [ -155.324083692148349, 19.942207593774253 ], [ -155.323268692058207, 19.945256594560426 ], [ -155.321429691739752, 19.948240595357383 ], [ -155.318454691131706, 19.94992559585857 ], [ -155.317366690959233, 19.952231596465666 ], [ -155.316108690727447, 19.953800596892425 ], [ -155.314933690550589, 19.956608597627756 ], [ -155.314665690543706, 19.958381598079541 ], [ -155.312668690173354, 19.960792598737033 ], [ -155.309251689466663, 19.962449599242941 ], [ -155.308954689444732, 19.963930599622277 ], [ -155.306986689036023, 19.964827599899273 ], [ -155.305804688840169, 19.967045600486873 ], [ -155.305658688871517, 19.969198601030786 ], [ -155.304803688716731, 19.970359601344615 ], [ -155.302648688272626, 19.971460601677748 ], [ -155.301612688098373, 19.973316602170705 ], [ -155.299231687655066, 19.976134602940544 ], [ -155.298689687579127, 19.977620603327658 ], [ -155.297111687277663, 19.979228603772743 ], [ -155.296680687239217, 19.981154604267317 ], [ -155.294176686773739, 19.984143605083364 ], [ -155.293349686632951, 19.985569605462974 ], [ -155.293937686846107, 19.988377606151914 ], [ -155.293128686733098, 19.990606606732531 ], [ -155.293081686783268, 19.992654607247594 ], [ -155.29125268650796, 19.997025608392612 ], [ -155.291130686558319, 19.999639609051698 ], [ -155.289878686328137, 20.001220609481486 ], [ -155.288772686082154, 20.001176609499701 ], [ -155.287444685843781, 20.003048610004523 ], [ -155.286372685694261, 20.006009610775838 ], [ -155.286954685849366, 20.006901610984258 ], [ -155.285870685668357, 20.008888611511509 ], [ -155.286691685897637, 20.010496611893274 ], [ -155.286504685911808, 20.01237361236921 ], [ -155.287070686054108, 20.012949612498765 ], [ -155.286248685893156, 20.013655612697669 ], [ -155.285362685756638, 20.015665613225487 ], [ -155.284648212683067, 20.019836024074088 ], [ -155.280280684730428, 20.018983614192543 ], [ -155.268709681975025, 20.0123936128448 ], [ -155.26232568040183, 20.006966611651599 ], [ -155.261893680272436, 20.005822611375923 ], [ -155.260675680002919, 20.005822611408099 ], [ -155.258946679575587, 20.004308611073821 ], [ -155.256549679021674, 20.003514610937877 ], [ -155.251600677842077, 20.000655610351053 ], [ -155.251478026300248, 20.000462749243599 ], [ -155.248038676888427, 19.995054609039471 ], [ -155.242226289204581, 19.99418486615194 ], [ -155.241551921170384, 19.994083956365298 ], [ -155.24116867533786, 19.994026608962724 ], [ -155.239989675050793, 19.993140608771462 ], [ -155.240684675132144, 19.990685608137039 ], [ -155.23833267451468, 19.987398607374168 ], [ -155.230740672754223, 19.984669606889408 ], [ -155.224160671180357, 19.980676606060651 ], [ -155.213516668660617, 19.975101604941745 ], [ -155.213151115839992, 19.974838665075971 ], [ -155.205643666751627, 19.969438603727614 ], [ -155.203165619034507, 19.967341145812078 ], [ -155.201821665810627, 19.966203603016226 ], [ -155.201669665720999, 19.964300602542611 ], [ -155.196895664542126, 19.960138601623552 ], [ -155.196151664245264, 19.955639600513994 ], [ -155.188608662550763, 19.95478260049703 ], [ -155.177267659835508, 19.947787599039131 ], [ -155.175647659405769, 19.945360598472508 ], [ -155.16334565641796, 19.936317596525441 ], [ -155.150637653236089, 19.923705593692869 ], [ -155.145575651994591, 19.919564592786017 ], [ -155.141474651020104, 19.917279592319797 ], [ -155.135044649377136, 19.909758590600262 ], [ -155.13307064884853, 19.906617589863515 ], [ -155.128362647720309, 19.903665589245609 ], [ -155.128665647694277, 19.900476588437328 ], [ -155.128615859457625, 19.900454985791605 ], [ -155.130917648147772, 19.8989385879925 ], [ -155.132682648490089, 19.897283587531042 ], [ -155.13374264873417, 19.89760858758493 ], [ -155.135558649107963, 19.896645587295811 ], [ -155.138573649762805, 19.896222587110891 ], [ -155.140628650171323, 19.894637586659439 ], [ -155.141821650429875, 19.894450586581343 ], [ -155.142636650572115, 19.893145586232556 ], [ -155.142468650469851, 19.890916585677569 ], [ -155.144139650802373, 19.889639585313468 ], [ -155.144553650782939, 19.885835584348062 ], [ -155.144995650854725, 19.884943584112687 ], [ -155.1466836511932, 19.883743583767473 ], [ -155.14777265144366, 19.884068583820579 ], [ -155.149175651708276, 19.882499583390221 ], [ -155.151881652303359, 19.882373583287912 ], [ -155.155134652989716, 19.881229582915875 ], [ -155.156490653308566, 19.881873583042044 ], [ -155.159220653870136, 19.880420582606128 ], [ -155.161879654456044, 19.880338582516067 ], [ -155.165680655228499, 19.877993581828363 ], [ -155.169649656086165, 19.87729458154924 ], [ -155.170766656302447, 19.876238581255095 ], [ -155.170602656215067, 19.874489580820569 ], [ -155.171155656309821, 19.873544580569021 ], [ -155.174251656924127, 19.871127579881716 ], [ -155.176783657484236, 19.871127579815532 ], [ -155.179256657987878, 19.869641579378076 ], [ -155.181234658375899, 19.867945578900894 ], [ -155.187047659580003, 19.865148578047258 ], [ -155.189625660129309, 19.864432577800233 ], [ -155.190236660249383, 19.863915577654566 ], [ -155.191213660378082, 19.860925576878973 ], [ -155.19262766063764, 19.859103576384957 ], [ -155.194308660986081, 19.858304576140583 ], [ -155.196636661481364, 19.857632575911154 ], [ -155.198300661853381, 19.857770575902261 ], [ -155.202139662677922, 19.856931575591418 ], [ -155.20527066336436, 19.856726575458104 ], [ -155.205036663532923, 19.864265577355237 ], [ -155.211636665002601, 19.864608577268537 ], [ -155.217268666223873, 19.863778576912921 ], [ -155.239402670963329, 19.858484575005459 ], [ -155.245239672196618, 19.856527574361724 ], [ -155.317632687715104, 19.84006056833347 ], [ -155.331132690585576, 19.836229567018439 ], [ -155.332222690814973, 19.835839566892034 ], [ -155.331976690655551, 19.832260566001477 ], [ -155.335480690798732, 19.810752560519163 ], [ -155.335464690581233, 19.803452558690232 ], [ -155.335455690463306, 19.799495557698894 ], [ -155.335448690355634, 19.79587255679122 ], [ -155.338376690721191, 19.786271554308655 ], [ -155.343422691680473, 19.780971552848328 ], [ -155.343079691498076, 19.777328551944581 ], [ -155.347525692343396, 19.772663550659203 ], [ -155.350271692855983, 19.769458549784233 ], [ -155.370502696691943, 19.747893543851653 ], [ -155.373515697252941, 19.74433254288072 ], [ -155.373507697210954, 19.742957542536544 ], [ -155.389402700236872, 19.726455537986993 ], [ -155.390570700342181, 19.721240536650452 ], [ -155.391712700392674, 19.714345534893969 ], [ -155.391983700435276, 19.713756534739382 ], [ -155.396868700835995, 19.690566528805078 ], [ -155.390183699185968, 19.684568527478383 ], [ -155.387615698429983, 19.678074525919723 ], [ -155.378493695745902, 19.655020520386593 ], [ -155.380089696067301, 19.65396452008056 ], [ -155.356989689253396, 19.594782505868746 ], [ -155.356162689005146, 19.592508505321113 ], [ -155.34828668672489, 19.573739500828378 ], [ -155.341314684811977, 19.560755497759946 ], [ -155.341334684723421, 19.557535496953601 ], [ -155.341414684709008, 19.556425496673747 ], [ -155.341994684349515, 19.539535492432101 ], [ -155.341734684171058, 19.53533549138788 ], [ -155.344144684530391, 19.529365489831601 ], [ -155.342695684105877, 19.525723488957869 ], [ -155.339844683401509, 19.52309548837416 ], [ -155.338734683046994, 19.519285487449611 ], [ -155.336694682467851, 19.514795486379001 ], [ -155.330924681001363, 19.508045484839446 ], [ -155.329904680739617, 19.506765484545568 ], [ -155.329704680620154, 19.504145483895211 ], [ -155.328254680255867, 19.502595483544901 ], [ -155.323184679050286, 19.499545482912879 ], [ -155.320924678549943, 19.499475482953773 ], [ -155.318094677858113, 19.497115482436435 ], [ -155.316514677460873, 19.495415482051918 ], [ -155.315184677150086, 19.494805481933653 ], [ -155.315184677061893, 19.491735481165531 ], [ -155.313514676631655, 19.489575480668222 ], [ -155.31317467652309, 19.488405480384266 ], [ -155.312014676242882, 19.487555480201557 ], [ -155.310674675873372, 19.484975479590641 ], [ -155.307574675128706, 19.482845479137737 ], [ -155.304434674411937, 19.481995479006105 ], [ -155.302724673961762, 19.47944547841221 ], [ -155.302614673887888, 19.477715477982205 ], [ -155.299534673127624, 19.474885477353592 ], [ -155.299154673022343, 19.474135477175739 ], [ -155.299474673014089, 19.471385476479448 ], [ -155.298724672789945, 19.46933547598589 ], [ -155.2994146728131, 19.46483547484225 ], [ -155.300144672876371, 19.461425473970316 ], [ -155.299664672732717, 19.460105473652451 ], [ -155.297844672281911, 19.458375473266539 ], [ -155.295454671735769, 19.457705473160502 ], [ -155.293634671280415, 19.455815472734546 ], [ -155.2929046710791, 19.454405472400587 ], [ -155.293705671249796, 19.454199472328426 ], [ -155.322918677489525, 19.447207469826527 ], [ -155.325253678084295, 19.450000470464939 ], [ -155.342381682285094, 19.46483147373257 ], [ -155.38210869205318, 19.499995481500129 ], [ -155.381008691810734, 19.499995481528643 ], [ -155.427124702971241, 19.534488488958431 ], [ -155.430109703654068, 19.535350489096345 ], [ -155.481484715329941, 19.547584490816828 ], [ -155.55574073041501, 19.503884477952713 ], [ -155.560495731531603, 19.506281478427439 ], [ -155.557314730871099, 19.507652478853231 ] ] ] } },
{ "type": "Feature", "properties": { "geoid": "15003005400", "county_name": "Honolulu County", "place_name": null, "state_name": "Hawaii", "state_abbr": "HI", "is_rural": false, "dci_score": 87.0, "dci_quintile": 2.0, "is_cra_lmi": true, "income_level": "L", "is_persistent_poverty": false, "is_tribal_overlap": false, "tribal_area_name": null, "aian_pct": 0.0, "has_nmtc": false, "nmtc_projects": 0, "nmtc_total_usd": 0.0 }, "geometry": { "type": "Polygon", "coordinates": [ [ [ -157.86602929684426, 21.320214864744692 ], [ -157.863644296376606, 21.321752865202974 ], [ -157.862205295993391, 21.31986386477768 ], [ -157.864631296456906, 21.317959864226939 ], [ -157.864769296502999, 21.318400864332453 ], [ -157.86496029655973, 21.318815864429826 ], [ -157.86602929684426, 21.320214864744692 ] ] ] } },
{ "type": "Feature", "properties": { "geoid": "15003005900", "county_name": "Honolulu County", "place_name": "Urban Honolulu", "state_name": "Hawaii", "state_abbr": "HI", "is_rural": false, "dci_score": 81.0, "dci_quintile": 2.0, "is_cra_lmi": true, "income_level": "M", "is_persistent_poverty": false, "is_tribal_overlap": false, "tribal_area_name": null, "aian_pct": 0.0, "has_nmtc": false, "nmtc_projects": 0, "nmtc_total_usd": 0.0 }, "geometry": { "type": "Polygon", "coordinates": [ [ [ -157.891194302731321, 21.330543866524675 ], [ -157.889925302518918, 21.332373867020578 ], [ -157.889895302514645, 21.332436867037213 ], [ -157.889422302446974, 21.333438867301744 ], [ -157.886130301673376, 21.331992867045354 ], [ -157.882925300892197, 21.329802866600861 ], [ -157.881149300449238, 21.328308866284672 ], [ -157.879500300037279, 21.326903865986637 ], [ -157.881461300395387, 21.324905865427091 ], [ -157.881106300264008, 21.323412865066356 ], [ -157.879381299815861, 21.321461864634706 ], [ -157.878701299643154, 21.32080386449222 ], [ -157.877540299364341, 21.320125864359898 ], [ -157.877378299325017, 21.320018864338351 ], [ -157.878878299615593, 21.318954864026029 ], [ -157.880296299791581, 21.315196863045209 ], [ -157.888006301453203, 21.314409862606219 ], [ -157.890760302021647, 21.313430862275563 ], [ -157.896406303692885, 21.325510865106555 ], [ -157.891194302731321, 21.330543866524675 ] ] ] } },
{ "type": "Feature", "properties": { "geoid": "15003003413", "county_name": "Honolulu County", "place_name": null, "state_name": "Hawaii", "state_abbr": "HI", "is_rural": false, "dci_score": 47.1, "dci_quintile": 5.0, "is_cra_lmi": true, "income_level": "M", "is_persistent_poverty": false, "is_tribal_overlap": false, "tribal_area_name": null, "aian_pct": 0.0, "has_nmtc": false, "nmtc_projects": 0, "nmtc_total_usd": 0.0 }, "geometry": { "type": "Polygon", "coordinates": [ [ [ -157.848643292514623, 21.305755861689679 ], [ -157.848574292505361, 21.305918861732454 ], [ -157.848201292456224, 21.306829861971149 ], [ -157.84684829214217, 21.306342861892375 ], [ -157.845240291806647, 21.306816862061041 ], [ -157.844946291744947, 21.306894862089717 ], [ -157.841944291111929, 21.307595862358777 ], [ -157.841239290944173, 21.307227862289253 ], [ -157.842269291134443, 21.306234862009465 ], [ -157.844163291481976, 21.304344861479027 ], [ -157.844211291487767, 21.304211861444383 ], [ -157.844262291494346, 21.304083861410888 ], [ -157.848701292521895, 21.305603861649981 ], [ -157.848643292514623, 21.305755861689679 ] ] ] } },
{ "type": "Feature", "properties": { "geoid": "15003008009", "county_name": "Honolulu County", "place_name": "Schofield Barracks", "state_name": "Hawaii", "state_abbr": "HI", "is_rural": false, "dci_score": 29.5, "dci_quintile": 5.0, "is_cra_lmi": false, "income_level": "U", "is_persistent_poverty": false, "is_tribal_overlap": false, "tribal_area_name": null, "aian_pct": 0.0, "has_nmtc": false, "nmtc_projects": 0, "nmtc_total_usd": 0.0 }, "geometry": { "type": "Polygon", "coordinates": [ [ [ -157.984393325710357, 21.401308881201125 ], [ -157.982268325350532, 21.404231881996644 ], [ -157.980776325016421, 21.404033881994721 ], [ -157.978798324605123, 21.404646882210226 ], [ -157.978250324448936, 21.403650881979551 ], [ -157.97845032447907, 21.403272881879051 ], [ -157.980357324915161, 21.40377388194327 ], [ -157.982778325358311, 21.401359881265126 ], [ -157.98396832553243, 21.398967880631577 ], [ -157.982549325226728, 21.399112880712757 ], [ -157.980924324829687, 21.397981880482671 ], [ -157.980307324697947, 21.39807888052642 ], [ -157.979404324532254, 21.398966880776264 ], [ -157.977207324039625, 21.398658880769307 ], [ -157.977054324100266, 21.40126088142225 ], [ -157.976231323956, 21.402257881696709 ], [ -157.972527323105851, 21.401197881550296 ], [ -157.971045322869827, 21.403650882208343 ], [ -157.96857832230063, 21.402862882090385 ], [ -157.966727321865079, 21.402037881943645 ], [ -157.96839932209258, 21.398198880934334 ], [ -157.969330322216678, 21.395988880354334 ], [ -157.970248322341206, 21.393869879797403 ], [ -157.974444323313918, 21.395339880030363 ], [ -157.983614325428533, 21.398239880461499 ], [ -157.984873325710623, 21.398411880464359 ], [ -157.984393325710357, 21.401308881201125 ] ] ] } },
{ "type": "Feature", "properties": { "geoid": "15003001801", "county_name": "Honolulu County", "place_name": null, "state_name": "Hawaii", "state_abbr": "HI", "is_rural": false, "dci_score": 83.9, "dci_quintile": 2.0, "is_cra_lmi": false, "income_level": "U", "is_persistent_poverty": false, "is_tribal_overlap": false, "tribal_area_name": null, "aian_pct": 0.0, "has_nmtc": false, "nmtc_projects": 0, "nmtc_total_usd": 0.0 }, "geometry": { "type": "Polygon", "coordinates": [ [ [ -157.824972286309247, 21.277344855355143 ], [ -157.82412928612456, 21.277346855382099 ], [ -157.822905285808162, 21.276001855085411 ], [ -157.822432285686432, 21.275496854974435 ], [ -157.821789285514427, 21.274626854777868 ], [ -157.821297285382315, 21.27394785462414 ], [ -157.819947285015672, 21.271967854173202 ], [ -157.820587285149372, 21.271782854107027 ], [ -157.822733285609672, 21.271498853968964 ], [ -157.8235582858469, 21.273077854336453 ], [ -157.824593286141948, 21.27498585477932 ], [ -157.826075286522297, 21.276539855119974 ], [ -157.824972286309247, 21.277344855355143 ] ] ] } },
{ "type": "Feature", "properties": { "geoid": "15003005200", "county_name": "Honolulu County", "place_name": null, "state_name": "Hawaii", "state_abbr": "HI", "is_rural": false, "dci_score": 87.0, "dci_quintile": 2.0, "is_cra_lmi": true, "income_level": "M", "is_persistent_poverty": false, "is_tribal_overlap": false, "tribal_area_name": null, "aian_pct": 0.0, "has_nmtc": true, "nmtc_projects": 1, "nmtc_total_usd": 1650000.0 }, "geometry": { "type": "Polygon", "coordinates": [ [ [ -157.865934296566309, 21.313045862961708 ], [ -157.864232296218091, 21.313738863187933 ], [ -157.863898296146317, 21.313779863208662 ], [ -157.862108295773993, 21.314338863404281 ], [ -157.861168295530774, 21.313302863175771 ], [ -157.860139295262883, 21.31212286291419 ], [ -157.862044295641795, 21.311041862584929 ], [ -157.862912295813658, 21.310528862429805 ], [ -157.864200296076916, 21.309996862256732 ], [ -157.864392296116819, 21.309936862235734 ], [ -157.86453229614358, 21.309826862203927 ], [ -157.866461296555798, 21.309530862069462 ], [ -157.865934296566309, 21.313045862961708 ] ] ] } },
{ "type": "Feature", "properties": { "geoid": "15003009402", "county_name": "Honolulu County", "place_name": "Hilo", "state_name": "Hawaii", "state_abbr": "HI", "is_rural": true, "dci_score": 68.8, "dci_quintile": 4.0, "is_cra_lmi": true, "income_level": "M", "is_persistent_poverty": false, "is_tribal_overlap": false, "tribal_area_name": null, "aian_pct": 0.0, "has_nmtc": false, "nmtc_projects": 0, "nmtc_total_usd": 0.0 }, "geometry": { "type": "Polygon", "coordinates": [ [ [ -158.042901341771028, 21.490366901518865 ], [ -158.037301340523186, 21.489808901558856 ], [ -158.037627340646935, 21.491241901905394 ], [ -158.034039339898641, 21.492288902280869 ], [ -158.033857339874174, 21.492710902391803 ], [ -158.033978339900926, 21.492717902389682 ], [ -158.034202340003219, 21.49417590274572 ], [ -158.035118340190166, 21.493795902621773 ], [ -158.035892340421441, 21.495483903017526 ], [ -158.033629339958452, 21.496390903315795 ], [ -158.034902340344132, 21.499312904003002 ], [ -158.035012340391461, 21.499947904157672 ], [ -158.033804340174981, 21.501271904526117 ], [ -158.033265340004647, 21.499842904187361 ], [ -158.030348339350837, 21.499448904182451 ], [ -158.029532339231082, 21.501069904612354 ], [ -158.029416339186724, 21.500550904486762 ], [ -158.029849339169374, 21.497473903706393 ], [ -158.029797339101435, 21.495924903322184 ], [ -158.02965733905387, 21.495462903211568 ], [ -158.028367338661212, 21.492450902502462 ], [ -158.028525338659591, 21.491456902249798 ], [ -158.038200340677804, 21.488645901240439 ], [ -158.039517340968331, 21.488696901211043 ], [ -158.042447341620118, 21.488958901182659 ], [ -158.042901341771028, 21.490366901518865 ] ] ] } },
{ "type": "Feature", "properties": { "geoid": "15003002101", "county_name": "Honolulu County", "place_name": null, "state_name": "Hawaii", "state_abbr": "HI", "is_rural": false, "dci_score": 39.3, "dci_quintile": 5.0, "is_cra_lmi": true, "income_level": "L", "is_persistent_poverty": false, "is_tribal_overlap": false, "tribal_area_name": null, "aian_pct": 0.0, "has_nmtc": false, "nmtc_projects": 0, "nmtc_total_usd": 0.0 }, "geometry": { "type": "Polygon", "coordinates": [ [ [ -157.825928286721478, 21.283016856738247 ], [ -157.824343286379161, 21.283160856823883 ], [ -157.82221728592188, 21.283407856952145 ], [ -157.820518285600258, 21.28483085736001 ], [ -157.820421285575492, 21.284732857338632 ], [ -157.81817628501409, 21.282794856926234 ], [ -157.816866284774505, 21.284128857299709 ], [ -157.815481284428955, 21.282955857050915 ], [ -157.814824284264205, 21.282375856927022 ], [ -157.814157284097291, 21.281796856803691 ], [ -157.81396128395815, 21.279103856138853 ], [ -157.813926283915606, 21.278127855896781 ], [ -157.814907284065697, 21.276306855412312 ], [ -157.815034284085954, 21.276094855355502 ], [ -157.816272284283343, 21.274021854800203 ], [ -157.81641128430482, 21.273769854733057 ], [ -157.816713284373833, 21.273847854743018 ], [ -157.817969284685972, 21.27487885496048 ], [ -157.817633284622616, 21.27516685504278 ], [ -157.822034285728421, 21.279115855888563 ], [ -157.826510286847366, 21.282969856708267 ], [ -157.825928286721478, 21.283016856738247 ] ] ] } },
{ "type": "Feature", "properties": { "geoid": "15003001803", "county_name": "Honolulu County", "place_name": null, "state_name": "Hawaii", "state_abbr": "HI", "is_rural": false, "dci_score": 83.9, "dci_quintile": 2.0, "is_cra_lmi": true, "income_level": "M", "is_persistent_poverty": false, "is_tribal_overlap": false, "tribal_area_name": null, "aian_pct": 0.0, "has_nmtc": false, "nmtc_projects": 0, "nmtc_total_usd": 0.0 }, "geometry": { "type": "Polygon", "coordinates": [ [ [ -157.823029285916192, 21.278264855645322 ], [ -157.822034285728421, 21.279115855888563 ], [ -157.817633284622616, 21.27516685504278 ], [ -157.817969284685972, 21.27487885496048 ], [ -157.818652284855943, 21.275445855080324 ], [ -157.81990628517039, 21.276552855316783 ], [ -157.821789285514427, 21.274626854777868 ], [ -157.822432285686432, 21.275496854974435 ], [ -157.822905285808162, 21.276001855085411 ], [ -157.82412928612456, 21.277346855382099 ], [ -157.823029285916192, 21.278264855645322 ] ] ] } },
{ "type": "Feature", "properties": { "geoid": "15003981300", "county_name": "Honolulu County", "place_name": null, "state_name": "Hawaii", "state_abbr": "HI", "is_rural": false, "dci_score": 81.0, "dci_quintile": 2.0, "is_cra_lmi": false, "income_level": "NA", "is_persistent_poverty": false, "is_tribal_overlap": false, "tribal_area_name": null, "aian_pct": 0.0, "has_nmtc": false, "nmtc_projects": 0, "nmtc_total_usd": 0.0 }, "geometry": { "type": "Polygon", "coordinates": [ [ [ -157.901165305297894, 21.341141868850062 ], [ -157.899069304973438, 21.344894869851146 ], [ -157.89680230459993, 21.34832587077744 ], [ -157.89589830442813, 21.349058870988586 ], [ -157.892945303621843, 21.344638869980692 ], [ -157.892244303443675, 21.343958869833408 ], [ -157.890232302965728, 21.342931869641063 ], [ -157.888317302531675, 21.342534869602598 ], [ -157.887257302284638, 21.342127869534643 ], [ -157.886260302035453, 21.341274869353601 ], [ -157.883796301367198, 21.337710868543446 ], [ -157.88425530145696, 21.337407868453482 ], [ -157.887759302143422, 21.335136867777198 ], [ -157.889422302446974, 21.333438867301744 ], [ -157.889895302514645, 21.332436867037213 ], [ -157.889925302518918, 21.332373867020578 ], [ -157.896723304072964, 21.334153867249515 ], [ -157.901455305143003, 21.335067867327862 ], [ -157.901165305297894, 21.341141868850062 ] ] ] } },
{ "type": "Feature", "properties": { "geoid": "15003002401", "county_name": "Honolulu County", "place_name": null, "state_name": "Hawaii", "state_abbr": "HI", "is_rural": false, "dci_score": 82.5, "dci_quintile": 2.0, "is_cra_lmi": true, "income_level": "M", "is_persistent_poverty": false, "is_tribal_overlap": false, "tribal_area_name": null, "aian_pct": 0.0, "has_nmtc": false, "nmtc_projects": 0, "nmtc_total_usd": 0.0 }, "geometry": { "type": "Polygon", "coordinates": [ [ [ -157.831979288308077, 21.290291858360749 ], [ -157.831358288226284, 21.291811858758948 ], [ -157.830214287960814, 21.29140185869273 ], [ -157.829071287695541, 21.290989858625977 ], [ -157.826768287161173, 21.290165858493008 ], [ -157.826730287156153, 21.290258858517369 ], [ -157.825467286838801, 21.289126858274997 ], [ -157.826887287097321, 21.287649857862416 ], [ -157.828865287554748, 21.288315857966239 ], [ -157.830000287818081, 21.288721858031746 ], [ -157.831141288083131, 21.289138858099804 ], [ -157.832306288350225, 21.289465858144688 ], [ -157.831979288308077, 21.290291858360749 ] ] ] } },
{ "type": "Feature", "properties": { "geoid": "15003003603", "county_name": "Honolulu County", "place_name": "Urban Honolulu", "state_name": "Hawaii", "state_abbr": "HI", "is_rural": false, "dci_score": 77.9, "dci_quintile": 3.0, "is_cra_lmi": true, "income_level": "M", "is_persistent_poverty": false, "is_tribal_overlap": false, "tribal_area_name": null, "aian_pct": 0.0, "has_nmtc": false, "nmtc_projects": 0, "nmtc_total_usd": 0.0 }, "geometry": { "type": "Polygon", "coordinates": [ [ [ -157.841191290538234, 21.296181859538741 ], [ -157.840242290412192, 21.298472860139341 ], [ -157.838030289899251, 21.297689860013783 ], [ -157.836913289640648, 21.297306859953473 ], [ -157.836912289590089, 21.295899859602965 ], [ -157.836852289512137, 21.294087859153393 ], [ -157.837732289698323, 21.293899859078916 ], [ -157.839030290002142, 21.294438859172413 ], [ -157.841475290576881, 21.295521859365383 ], [ -157.841191290538234, 21.296181859538741 ] ] ] } },
{ "type": "Feature", "properties": { "geoid": "15003006202", "county_name": "Honolulu County", "place_name": null, "state_name": "Hawaii", "state_abbr": "HI", "is_rural": false, "dci_score": 81.0, "dci_quintile": 2.0, "is_cra_lmi": true, "income_level": "L", "is_persistent_poverty": false, "is_tribal_overlap": false, "tribal_area_name": null, "aian_pct": 0.0, "has_nmtc": false, "nmtc_projects": 0, "nmtc_total_usd": 0.0 }, "geometry": { "type": "Polygon", "coordinates": [ [ [ -157.878601300308873, 21.339951869265594 ], [ -157.874963299569572, 21.341572869784191 ], [ -157.87384429927414, 21.340177869471926 ], [ -157.873706299236858, 21.339982869427693 ], [ -157.873186299099871, 21.339342869284636 ], [ -157.874082299240229, 21.337781868867474 ], [ -157.875705299572161, 21.337116868650629 ], [ -157.875900299661339, 21.338408868966358 ], [ -157.877530300014286, 21.338287868884819 ], [ -157.878086300176506, 21.33940886914656 ], [ -157.878601300308873, 21.339951869265594 ] ] ] } },
{ "type": "Feature", "properties": { "geoid": "15003007504", "county_name": "Honolulu County", "place_name": null, "state_name": "Hawaii", "state_abbr": "HI", "is_rural": false, "dci_score": 47.4, "dci_quintile": 5.0, "is_cra_lmi": true, "income_level": "M", "is_persistent_poverty": false, "is_tribal_overlap": false, "tribal_area_name": null, "aian_pct": 0.0, "has_nmtc": false, "nmtc_projects": 0, "nmtc_total_usd": 0.0 }, "geometry": { "type": "Polygon", "coordinates": [ [ [ -157.936012313898402, 21.367867874405867 ], [ -157.934736313695396, 21.369992874975583 ], [ -157.933639313521923, 21.37184787547238 ], [ -157.932814313396136, 21.373374875878874 ], [ -157.932651313379722, 21.373908876017047 ], [ -157.932229313314366, 21.374661876217989 ], [ -157.931057313097682, 21.375775876532586 ], [ -157.930313312959726, 21.376471876729525 ], [ -157.929256312703842, 21.375801876596075 ], [ -157.92715531229058, 21.377110876988674 ], [ -157.925494311829084, 21.374411876368896 ], [ -157.925368311749537, 21.372971876014155 ], [ -157.925446311746754, 21.372420875874429 ], [ -157.928411312164144, 21.365973874174635 ], [ -157.928833312222281, 21.365020873923896 ], [ -157.929299312287441, 21.363995873653831 ], [ -157.929538312321569, 21.363489873520226 ], [ -157.932616313030991, 21.36445387366296 ], [ -157.935992313753388, 21.363968873435315 ], [ -157.936687313982446, 21.36609687394337 ], [ -157.936012313898402, 21.367867874405867 ] ] ] } },
{ "type": "Feature", "properties": { "geoid": "15003010000", "county_name": "Honolulu County", "place_name": null, "state_name": "Hawaii", "state_abbr": "HI", "is_rural": true, "dci_score": 41.3, "dci_quintile": 5.0, "is_cra_lmi": true, "income_level": "M", "is_persistent_poverty": false, "is_tribal_overlap": false, "tribal_area_name": null, "aian_pct": 0.0, "has_nmtc": false, "nmtc_projects": 0, "nmtc_total_usd": 0.0 }, "geometry": { "type": "Polygon", "coordinates": [ [ [ -158.111030359437962, 21.565021917929776 ], [ -158.109858359248591, 21.566859918425287 ], [ -158.107839359005396, 21.572282919841037 ], [ -158.106495358842949, 21.575876920779521 ], [ -158.106275358808688, 21.576256920881264 ], [ -158.106068358774763, 21.576567920965385 ], [ -158.10528035871809, 21.579723921776914 ], [ -158.105148358736727, 21.581017922103506 ], [ -158.104006358603584, 21.58420392293392 ], [ -158.103198358528829, 21.58698692365321 ], [ -158.102721358574257, 21.591064924684481 ], [ -158.103353358774712, 21.592744925082666 ], [ -158.103374358810413, 21.593590925292748 ], [ -158.105230553512513, 21.596502013891516 ], [ -158.103816359012029, 21.596434925987037 ], [ -158.103816359166558, 21.600632927032898 ], [ -158.106694359885466, 21.603019927534888 ], [ -158.103322359235307, 21.605440928246647 ], [ -158.099801358583562, 21.60870692917376 ], [ -158.094901357675042, 21.613211930454028 ], [ -158.085836355876893, 21.618362932029445 ], [ -158.085990356038934, 21.621846932892634 ], [ -158.080048354833394, 21.62449793374461 ], [ -158.071632353314612, 21.633377936228609 ], [ -158.068165352749531, 21.638681937662149 ], [ -158.0650743520861, 21.639079937860895 ], [ -158.063775339754528, 21.640556281616792 ], [ -158.062567351598489, 21.64077193836334 ], [ -158.060917351176471, 21.639141938010216 ], [ -158.059363350789766, 21.637899937750699 ], [ -158.057432350350751, 21.637481937708678 ], [ -158.054803349701899, 21.635522937305034 ], [ -158.052070349132492, 21.63634293759738 ], [ -158.049049348387399, 21.634106937137279 ], [ -158.046622347866645, 21.634424937294625 ], [ -158.045403347645617, 21.635685937648166 ], [ -158.042593346994607, 21.634748937505005 ], [ -158.041403346753981, 21.635304937681877 ], [ -158.037905345971694, 21.634901937693936 ], [ -158.036656345670508, 21.634163937550152 ], [ -158.034748345259516, 21.634372937663613 ], [ -158.033423344946101, 21.633754937552169 ], [ -158.03179134461331, 21.634442937776146 ], [ -158.030814344363051, 21.633467937564518 ], [ -158.030124344236384, 21.634139937754213 ], [ -158.027727343671302, 21.633075937566044 ], [ -158.025960343352835, 21.63495893809225 ], [ -158.023414342773947, 21.63440993803723 ], [ -158.023137342671674, 21.633280937764692 ], [ -158.021064342257517, 21.634388938107534 ], [ -158.019993341992887, 21.633581937940775 ], [ -158.017584341439715, 21.632915937852157 ], [ -158.01785934154006, 21.634003938114557 ], [ -158.016429341254536, 21.63477293835221 ], [ -158.015545341043492, 21.634308938264951 ], [ -158.01402334074487, 21.635271938553934 ], [ -158.013628340625871, 21.634391938347243 ], [ -158.010583339952746, 21.634258938411914 ], [ -158.008545339563995, 21.635849938874028 ], [ -158.006686339163053, 21.636041938981617 ], [ -158.006353339055124, 21.635092938755719 ], [ -158.003643338500609, 21.636187939115771 ], [ -158.001755338060406, 21.635484939001138 ], [ -158.000902337821941, 21.634089938680731 ], [ -157.997855337177128, 21.634740938940887 ], [ -157.995783336718375, 21.634631938980242 ], [ -157.993753336209892, 21.632917938618075 ], [ -157.990549335458212, 21.631597938391792 ], [ -157.990114335311858, 21.630211938060192 ], [ -157.985579334281368, 21.629253937966855 ], [ -157.984505334009839, 21.628278937758211 ], [ -157.981907333405019, 21.627336937606682 ], [ -157.978970332783149, 21.627957937855729 ], [ -157.9780633325189, 21.626180937441749 ], [ -157.977124332298359, 21.625787937373868 ], [ -157.976727332127325, 21.623499936816106 ], [ -157.972325330995432, 21.618981935830714 ], [ -157.972086330907473, 21.618012935596763 ], [ -157.969836330392269, 21.617429935523514 ], [ -157.969005330162645, 21.616142935229245 ], [ -157.966736329596557, 21.614283934838411 ], [ -157.96540132921595, 21.611894934285505 ], [ -157.965722329150935, 21.60819593335291 ], [ -157.96377532866191, 21.606511932995392 ], [ -157.962052328193835, 21.604055932438193 ], [ -157.960886327802484, 21.600357931553475 ], [ -157.957168326897289, 21.597920931064852 ], [ -157.955156326218145, 21.591427929510306 ], [ -157.954066325929119, 21.590066929205832 ], [ -157.954524325932141, 21.587400928526474 ], [ -157.953856325742635, 21.586227928255369 ], [ -157.952386325427796, 21.58644092835549 ], [ -157.950035324878741, 21.585534928204787 ], [ -157.948725324526464, 21.583763927805109 ], [ -157.944995323704404, 21.58367192790142 ], [ -157.943067323247931, 21.582759927735651 ], [ -157.940725322662047, 21.580792927320054 ], [ -157.940293322485957, 21.57856792677908 ], [ -157.938459322016342, 21.57673092637965 ], [ -157.938744322040208, 21.575671926106502 ], [ -157.937268321617154, 21.572957925476956 ], [ -157.93607432123585, 21.56969092470051 ], [ -157.934925320935548, 21.568372924408589 ], [ -157.932579320392506, 21.567601924291264 ], [ -157.929940319689081, 21.564196923526524 ], [ -157.92790031924207, 21.564215923596375 ], [ -157.926776318914222, 21.561991923077727 ], [ -157.925405318619511, 21.562161923163874 ], [ -157.923695318143416, 21.559397922529261 ], [ -157.923678318058251, 21.557163921972787 ], [ -157.922111317638468, 21.55508292150391 ], [ -157.919216316939782, 21.553346921163396 ], [ -157.918124316641808, 21.551746920799285 ], [ -157.918405316579822, 21.548352919944076 ], [ -157.919161316652009, 21.545779919278448 ], [ -157.919191316578463, 21.543578918728731 ], [ -157.92135831693551, 21.540324917848348 ], [ -157.921328316732115, 21.534918916501514 ], [ -157.920656316475515, 21.531921915775733 ], [ -157.922946317009149, 21.532775915915678 ], [ -157.924624317372889, 21.532652915831534 ], [ -157.928286318202112, 21.533357915890576 ], [ -157.929537318459552, 21.532888915733778 ], [ -157.932986319217633, 21.532923915632551 ], [ -157.934694319613243, 21.533495915720696 ], [ -157.938722320469992, 21.532752915407027 ], [ -157.939668320635946, 21.531610915092177 ], [ -157.944063321544974, 21.530092914573622 ], [ -157.946352322083442, 21.531087914748635 ], [ -157.952058323350172, 21.531495914668316 ], [ -157.953401323625911, 21.530976914496097 ], [ -157.959443324998176, 21.532258914622847 ], [ -157.961182325376853, 21.532181914548154 ], [ -157.964753326109587, 21.530792914087961 ], [ -157.966828326568418, 21.5308919140464 ], [ -157.968079326818611, 21.530227913840967 ], [ -157.973542328021438, 21.530349913696956 ], [ -157.974946328279714, 21.528986913312426 ], [ -157.977554328856542, 21.529117913261789 ], [ -157.980072329327129, 21.526877912623121 ], [ -157.984527330241662, 21.525160912052936 ], [ -157.988311331059691, 21.524835911851085 ], [ -157.991027331627549, 21.524072911574176 ], [ -157.993199332122373, 21.524578911630883 ], [ -157.995547332609931, 21.52382891136897 ], [ -157.997749333194776, 21.526620911994357 ], [ -157.997596333215483, 21.528107912369794 ], [ -157.999209333593569, 21.528773912484208 ], [ -158.000180333736523, 21.526856911975472 ], [ -157.99983333371992, 21.528486912392747 ], [ -158.000945333988369, 21.529158912524661 ], [ -158.001228333981231, 21.527263912043392 ], [ -158.00434133459791, 21.52545691149361 ], [ -158.005411334790779, 21.524311911174092 ], [ -158.007307335245031, 21.525364911375874 ], [ -158.008978335563512, 21.52405191099529 ], [ -158.009726335820659, 21.526601911606775 ], [ -158.010444335978264, 21.526606911585056 ], [ -158.010614335949953, 21.5248109111321 ], [ -158.011927336242962, 21.524948911124511 ], [ -158.011380336161551, 21.526005911405374 ], [ -158.014959336959237, 21.526357911378639 ], [ -158.013487336573547, 21.524633910996137 ], [ -158.017178337474803, 21.527149911505003 ], [ -158.018490337717395, 21.525915911155568 ], [ -158.019042337774465, 21.524164910701636 ], [ -158.021285338238272, 21.523397910438792 ], [ -158.022838338532324, 21.522125910072194 ], [ -158.022102338343188, 21.521365909906379 ], [ -158.022996338530305, 21.521122909817247 ], [ -158.024021338803948, 21.522460910117829 ], [ -158.027926339598537, 21.52077490957285 ], [ -158.028538339765731, 21.521677909778248 ], [ -158.029698339992279, 21.520917909551788 ], [ -158.03541934119113, 21.519399908990561 ], [ -158.03604334128184, 21.518138908656432 ], [ -158.038503341821411, 21.518145908579463 ], [ -158.03894134193456, 21.518613908682042 ], [ -158.041022342385958, 21.518481908582562 ], [ -158.043464342963802, 21.519644908794135 ], [ -158.045153343387057, 21.521093909101044 ], [ -158.046837343721421, 21.520141908809968 ], [ -158.047796343985596, 21.521617909146972 ], [ -158.049673344405363, 21.521843909143168 ], [ -158.05054434457395, 21.521232908963071 ], [ -158.051829344908384, 21.522674909281154 ], [ -158.051841344883968, 21.521934909096416 ], [ -158.054320345234743, 21.516666907704742 ], [ -158.058443345890026, 21.509871905880136 ], [ -158.063135347055692, 21.513624906664731 ], [ -158.071870349255562, 21.521422908327253 ], [ -158.079564351195046, 21.528334909802254 ], [ -158.081301351608062, 21.529215909965995 ], [ -158.082103351858507, 21.531254910448151 ], [ -158.085963352830106, 21.534680911177666 ], [ -158.087874353281535, 21.535569911337785 ], [ -158.090441353950922, 21.538481911980707 ], [ -158.095636355223377, 21.542131912723068 ], [ -158.101805356818659, 21.548758914175554 ], [ -158.102498357105588, 21.552436915069393 ], [ -158.104653357642491, 21.554195915438271 ], [ -158.10470535765549, 21.554238915447311 ], [ -158.106926358171336, 21.555030915573191 ], [ -158.10850035867378, 21.559316916590131 ], [ -158.113064359773091, 21.562010917114389 ], [ -158.111030359437962, 21.565021917929776 ] ] ] } },
{ "type": "Feature", "properties": { "geoid": "15001021504", "county_name": "Hawaii County", "place_name": "Urban Honolulu", "state_name": "Hawaii", "state_abbr": "HI", "is_rural": true, "dci_score": 62.5, "dci_quintile": 4.0, "is_cra_lmi": false, "income_level": "U", "is_persistent_poverty": false, "is_tribal_overlap": false, "tribal_area_name": null, "aian_pct": 0.0, "has_nmtc": true, "nmtc_projects": 2, "nmtc_total_usd": 2181500.0 }, "geometry": { "type": "Polygon", "coordinates": [ [ [ -156.048617844726749, 19.703523514712607 ], [ -156.043574843566347, 19.70178551441505 ], [ -156.035404841813005, 19.703175514982405 ], [ -156.032474841168835, 19.703165515058963 ], [ -156.031184840906121, 19.70385551526596 ], [ -156.024328839068204, 19.692832512699979 ], [ -156.022854838669872, 19.690355512121556 ], [ -156.018664837808331, 19.692325512726104 ], [ -156.015204837057269, 19.692635512896704 ], [ -156.012344836398455, 19.6916255127217 ], [ -156.009724835766832, 19.689765512328073 ], [ -156.007714835303176, 19.689035512200018 ], [ -156.005024834720444, 19.689315512342336 ], [ -156.003204834354392, 19.690445512673367 ], [ -155.998524833479564, 19.69556551407727 ], [ -155.996414833065586, 19.697225514548407 ], [ -155.99337483242897, 19.698275514892348 ], [ -155.991274831970401, 19.698375514973844 ], [ -155.987394831082781, 19.697215514788759 ], [ -155.983745830201343, 19.69457051422674 ], [ -155.978634828967756, 19.690895513446907 ], [ -155.976024828388915, 19.690725513474682 ], [ -155.975584828215204, 19.688155512845004 ], [ -155.975634828120945, 19.684645511967535 ], [ -155.975054827926073, 19.682395511421507 ], [ -155.977164828313136, 19.679835510725805 ], [ -155.9781588284647, 19.677602510141739 ], [ -155.979644828686247, 19.674095509226479 ], [ -155.97964482857094, 19.670245508265577 ], [ -155.981130828818578, 19.667609507567754 ], [ -155.981714828837823, 19.663965506642604 ], [ -155.981344828631677, 19.659795505611843 ], [ -155.983383829008005, 19.657396504958378 ], [ -155.983814829006917, 19.65419550414796 ], [ -155.984434829098859, 19.652715503761968 ], [ -155.985424829286188, 19.651705503483335 ], [ -155.988659829932516, 19.649549502858438 ], [ -155.993184830857558, 19.647235502159479 ], [ -155.99616483135631, 19.642021500778402 ], [ -155.997305831625482, 19.642638500901711 ], [ -156.00068483234503, 19.641875500620571 ], [ -156.00085483229384, 19.638915499877434 ], [ -156.002246288156755, 19.638086122947627 ], [ -156.014272835426908, 19.645102501060627 ], [ -156.016710836036367, 19.647568501610365 ], [ -156.024023837636719, 19.647361501362056 ], [ -156.028986838808891, 19.650093501910167 ], [ -156.032442839745073, 19.655995503289663 ], [ -156.031146839588757, 19.660276504392662 ], [ -156.030998839759235, 19.667041506084555 ], [ -156.027908839120641, 19.668383506502622 ], [ -156.02784409863574, 19.668894644307795 ], [ -156.027431839128838, 19.672149507455156 ], [ -156.026844839121253, 19.676193508480051 ], [ -156.032424840448812, 19.679574509173364 ], [ -156.035101841172917, 19.684099510230322 ], [ -156.034208841067425, 19.687119511007982 ], [ -156.035992260279698, 19.690094729724116 ], [ -156.036083841573429, 19.690247511737972 ], [ -156.039139842312011, 19.692481512213007 ], [ -156.044360843471168, 19.692880512171733 ], [ -156.045070655259991, 19.694072657176445 ], [ -156.047964844445119, 19.698933513584869 ], [ -156.048103295943349, 19.699624510046267 ], [ -156.048590896038718, 19.702058069416353 ], [ -156.048617844726749, 19.703523514712607 ] ] ] } },
{ "type": "Feature", "properties": { "geoid": "15003008626", "county_name": "Honolulu County", "place_name": null, "state_name": "Hawaii", "state_abbr": "HI", "is_rural": false, "dci_score": 15.1, "dci_quintile": 5.0, "is_cra_lmi": true, "income_level": "M", "is_persistent_poverty": false, "is_tribal_overlap": false, "tribal_area_name": null, "aian_pct": 0.0, "has_nmtc": false, "nmtc_projects": 0, "nmtc_total_usd": 0.0 }, "geometry": { "type": "Polygon", "coordinates": [ [ [ -158.052764338437328, 21.339179863560766 ], [ -158.045216336897766, 21.342305864578559 ], [ -158.043867336622384, 21.342857864758798 ], [ -158.03900133571301, 21.347172865987392 ], [ -158.037051335358257, 21.349168866546162 ], [ -158.034591334899119, 21.351368867171924 ], [ -158.028431333620603, 21.353316867852474 ], [ -158.027841333413051, 21.351150867331999 ], [ -158.03255933443117, 21.350732867078133 ], [ -158.035162334921807, 21.348539866449578 ], [ -158.032823334311956, 21.345840865851997 ], [ -158.032147334146032, 21.34534586575024 ], [ -158.03395333448168, 21.343691865281183 ], [ -158.031522333877973, 21.341717864866986 ], [ -158.035136334510611, 21.337328863659771 ], [ -158.03643133473625, 21.335726863219911 ], [ -158.039295335293019, 21.333780862644645 ], [ -158.04467933644051, 21.332914862258196 ], [ -158.048183337170741, 21.331892861892591 ], [ -158.048224337183228, 21.331990861915681 ], [ -158.048662337273583, 21.331837861863697 ], [ -158.050505337803884, 21.335342862677521 ], [ -158.050862337890862, 21.335585862726663 ], [ -158.051035337937265, 21.335821862779905 ], [ -158.052764338437328, 21.339179863560766 ] ] ] } },
{ "type": "Feature", "properties": { "geoid": "15003006815", "county_name": "Honolulu County", "place_name": null, "state_name": "Hawaii", "state_abbr": "HI", "is_rural": false, "dci_score": 49.7, "dci_quintile": 5.0, "is_cra_lmi": true, "income_level": "M", "is_persistent_poverty": false, "is_tribal_overlap": false, "tribal_area_name": null, "aian_pct": 0.0, "has_nmtc": false, "nmtc_projects": 0, "nmtc_total_usd": 0.0 }, "geometry": { "type": "Polygon", "coordinates": [ [ [ -157.908681307081906, 21.344939869558821 ], [ -157.906324306585248, 21.345493869771261 ], [ -157.905849306477819, 21.345401869763343 ], [ -157.904384306144038, 21.345049869721926 ], [ -157.903557305957406, 21.344900869710926 ], [ -157.901548305529019, 21.345233869857314 ], [ -157.901427305482628, 21.344681869723626 ], [ -157.903427305908735, 21.344339869575279 ], [ -157.905139306272758, 21.344027869443494 ], [ -157.906846306639551, 21.343824869339024 ], [ -157.908508307001142, 21.34374786926735 ], [ -157.908681307081906, 21.344939869558821 ] ] ] } },
{ "type": "Feature", "properties": { "geoid": "15003004101", "county_name": "Honolulu County", "place_name": null, "state_name": "Hawaii", "state_abbr": "HI", "is_rural": false, "dci_score": 49.9, "dci_quintile": 5.0, "is_cra_lmi": false, "income_level": "NA", "is_persistent_poverty": false, "is_tribal_overlap": false, "tribal_area_name": null, "aian_pct": 0.0, "has_nmtc": false, "nmtc_projects": 0, "nmtc_total_usd": 0.0 }, "geometry": { "type": "Polygon", "coordinates": [ [ [ -157.853210293768058, 21.312795863299929 ], [ -157.852827293691746, 21.313008863365049 ], [ -157.851963293462262, 21.311890863113696 ], [ -157.8511762932512, 21.310815862870633 ], [ -157.850068292956735, 21.30937686254698 ], [ -157.84942329280139, 21.30898786247036 ], [ -157.848448292573806, 21.30860086240461 ], [ -157.847581292373519, 21.308315862360875 ], [ -157.848201292456224, 21.306829861971149 ], [ -157.848574292505361, 21.305918861732454 ], [ -157.848643292514623, 21.305755861689679 ], [ -157.848701292521895, 21.305603861649981 ], [ -157.850284292895992, 21.306358861788294 ], [ -157.85107629309951, 21.307193861971403 ], [ -157.85133729317289, 21.307643862075306 ], [ -157.852681293606651, 21.311527863000666 ], [ -157.853332293792533, 21.312732863280392 ], [ -157.853210293768058, 21.312795863299929 ] ] ] } },
{ "type": "Feature", "properties": { "geoid": "15003002206", "county_name": "Honolulu County", "place_name": null, "state_name": "Hawaii", "state_abbr": "HI", "is_rural": false, "dci_score": 82.5, "dci_quintile": 2.0, "is_cra_lmi": true, "income_level": "M", "is_persistent_poverty": false, "is_tribal_overlap": false, "tribal_area_name": null, "aian_pct": 0.0, "has_nmtc": false, "nmtc_projects": 0, "nmtc_total_usd": 0.0 }, "geometry": { "type": "Polygon", "coordinates": [ [ [ -157.823694286393675, 21.287548857937498 ], [ -157.820302285655998, 21.287715858085587 ], [ -157.819863285561297, 21.287758858110081 ], [ -157.817195284993403, 21.288235858312671 ], [ -157.820518285600258, 21.28483085736001 ], [ -157.821645285882255, 21.285807857568049 ], [ -157.823694286393675, 21.287548857937498 ] ] ] } },
{ "type": "Feature", "properties": { "geoid": "15003006811", "county_name": "Honolulu County", "place_name": "Urban Honolulu", "state_name": "Hawaii", "state_abbr": "HI", "is_rural": false, "dci_score": 49.7, "dci_quintile": 5.0, "is_cra_lmi": true, "income_level": "M", "is_persistent_poverty": false, "is_tribal_overlap": false, "tribal_area_name": null, "aian_pct": 0.0, "has_nmtc": false, "nmtc_projects": 0, "nmtc_total_usd": 0.0 }, "geometry": { "type": "Polygon", "coordinates": [ [ [ -157.915820309281685, 21.362571873725432 ], [ -157.916246309431756, 21.364144874103822 ], [ -157.913953308957474, 21.364931874372385 ], [ -157.910513308192606, 21.364632874406656 ], [ -157.908175307703459, 21.365280874642 ], [ -157.905795307182558, 21.365304874723222 ], [ -157.904341306905195, 21.366453875055434 ], [ -157.902267306367236, 21.364140874544738 ], [ -157.900168305817886, 21.361664873994215 ], [ -157.899902305739744, 21.3611128738651 ], [ -157.90010030575769, 21.360406873682958 ], [ -157.900253305774328, 21.35993687356104 ], [ -157.902950306373754, 21.360164873532621 ], [ -157.904940306721613, 21.357710872858384 ], [ -157.90874030752542, 21.356899872536275 ], [ -157.910528307876859, 21.355775872199764 ], [ -157.910177307830196, 21.356616872420361 ], [ -157.910162307901857, 21.358696872938982 ], [ -157.91324130860508, 21.359482873037468 ], [ -157.913853308755876, 21.359945873133459 ], [ -157.912965308603276, 21.361112873452239 ], [ -157.911163308211172, 21.361192873529138 ], [ -157.91125430828447, 21.362673873895204 ], [ -157.9133113087818, 21.363961874151034 ], [ -157.914134308959376, 21.363883874105586 ], [ -157.916685309440652, 21.361721873486342 ], [ -157.915820309281685, 21.362571873725432 ] ] ] } },
{ "type": "Feature", "properties": { "geoid": "15001021608", "county_name": "Hawaii County", "place_name": "Urban Honolulu", "state_name": "Hawaii", "state_abbr": "HI", "is_rural": true, "dci_score": 62.5, "dci_quintile": 4.0, "is_cra_lmi": false, "income_level": "U", "is_persistent_poverty": false, "is_tribal_overlap": false, "tribal_area_name": null, "aian_pct": 0.0, "has_nmtc": false, "nmtc_projects": 0, "nmtc_total_usd": 0.0 }, "geometry": { "type": "Polygon", "coordinates": [ [ [ -155.98721378734777, 19.625867953690221 ], [ -155.983774828186966, 19.627065497379061 ], [ -155.983104828028729, 19.626695497304706 ], [ -155.982304827847287, 19.626505497278757 ], [ -155.978964827048031, 19.624315496821865 ], [ -155.97717482659354, 19.622265496358327 ], [ -155.975874826213868, 19.619115495607179 ], [ -155.971404825164313, 19.616855495163041 ], [ -155.967954824328444, 19.614245494604202 ], [ -155.966804824033119, 19.612815494278188 ], [ -155.965974823802156, 19.611185493893693 ], [ -155.966774823965665, 19.61077549376996 ], [ -155.968354824364411, 19.612505494159326 ], [ -155.971433825049843, 19.612804494151455 ], [ -155.971820825098661, 19.611591493838421 ], [ -155.970436824692968, 19.608183493025152 ], [ -155.969626824337411, 19.602226491560515 ], [ -155.975228335007841, 19.598496367141593 ], [ -155.975911562363507, 19.599321312273421 ], [ -155.976431825764536, 19.599949490810221 ], [ -155.974345678863244, 19.603035250051864 ], [ -155.973791825300964, 19.603854491855198 ], [ -155.975118670218166, 19.605285287143953 ], [ -155.978862102248968, 19.609321994706047 ], [ -155.985917828355127, 19.616930494792797 ], [ -155.986982828703105, 19.620747495716607 ], [ -155.985568828469013, 19.623310496394016 ], [ -155.986816746959107, 19.625250665409244 ], [ -155.98721378734777, 19.625867953690221 ] ] ] } },
{ "type": "Feature", "properties": { "geoid": "15001021014", "county_name": "Hawaii County", "place_name": null, "state_name": "Hawaii", "state_abbr": "HI", "is_rural": true, "dci_score": 75.1, "dci_quintile": 3.0, "is_cra_lmi": false, "income_level": "U", "is_persistent_poverty": false, "is_tribal_overlap": false, "tribal_area_name": null, "aian_pct": 0.0, "has_nmtc": false, "nmtc_projects": 0, "nmtc_total_usd": 0.0 }, "geometry": { "type": "Polygon", "coordinates": [ [ [ -155.008624611983862, 19.582755511840894 ], [ -155.002184610760651, 19.589795513770632 ], [ -154.998294610020309, 19.593998514923932 ], [ -154.995117609385602, 19.596375515601185 ], [ -154.980637606421936, 19.604734518067499 ], [ -154.979137606126216, 19.605999518423076 ], [ -154.968812604029296, 19.612544520328402 ], [ -154.963814603026236, 19.616137521357288 ], [ -154.961779602610108, 19.617330521708521 ], [ -154.959578602147474, 19.618179521977705 ], [ -154.956416601493061, 19.619757522454307 ], [ -154.951968600590561, 19.622614523284575 ], [ -154.950833600347551, 19.622897523384562 ], [ -154.94527108927872, 19.621194424017656 ], [ -154.945253598982532, 19.618300522374007 ], [ -154.94826259946754, 19.61195152070465 ], [ -154.948012885002527, 19.610412482133405 ], [ -154.947851014893388, 19.609414845324203 ], [ -154.947156128884927, 19.605132128379456 ], [ -154.947110599010898, 19.604851518953232 ], [ -154.946894419693706, 19.60469614634728 ], [ -154.972894603891291, 19.575945511046143 ], [ -154.978054604869044, 19.570205509475226 ], [ -154.989714607081993, 19.557365505958526 ], [ -154.992294607741741, 19.560515506682393 ], [ -154.996756608893833, 19.566350508031324 ], [ -155.001832610204588, 19.572988509565839 ], [ -155.004714610984081, 19.577995510747481 ], [ -155.008624611983862, 19.582755511840894 ] ] ] } },
{ "type": "Feature", "properties": { "geoid": "15001021017", "county_name": "Hawaii County", "place_name": null, "state_name": "Hawaii", "state_abbr": "HI", "is_rural": true, "dci_score": 47.8, "dci_quintile": 5.0, "is_cra_lmi": true, "income_level": "L", "is_persistent_poverty": false, "is_tribal_overlap": false, "tribal_area_name": null, "aian_pct": 0.0, "has_nmtc": false, "nmtc_projects": 0, "nmtc_total_usd": 0.0 }, "geometry": { "type": "Polygon", "coordinates": [ [ [ -155.242921659146674, 19.422488465700123 ], [ -155.238594658218346, 19.423395466038052 ], [ -155.236304657738486, 19.424275466316981 ], [ -155.233704657217572, 19.426115466844053 ], [ -155.220894654714584, 19.437420470001467 ], [ -155.218954654330446, 19.43895547043536 ], [ -155.216734653876728, 19.440215470807612 ], [ -155.203346651113748, 19.446889472821198 ], [ -155.197584649924295, 19.449755473686242 ], [ -155.195464649473422, 19.450345473888248 ], [ -155.175733645238296, 19.454490475431363 ], [ -155.173584644791333, 19.455445475725469 ], [ -155.171680644427425, 19.457420476268645 ], [ -155.166104643440576, 19.465975478553183 ], [ -155.163654643061648, 19.471655480037995 ], [ -155.160924642553766, 19.474975480939168 ], [ -155.144924639655358, 19.497195486913046 ], [ -155.14453463958921, 19.49789548709834 ], [ -155.13432463817503, 19.52734549473595 ], [ -155.133444638020421, 19.528735495106691 ], [ -155.125164636418958, 19.536685497310526 ], [ -155.122774635955125, 19.538925497932976 ], [ -155.118834635173499, 19.542025498810641 ], [ -155.105534631826686, 19.527665495554217 ], [ -155.104144631490669, 19.526645495334296 ], [ -155.103917631437781, 19.526548495315811 ], [ -155.101364630810934, 19.524335494826808 ], [ -155.07168462286154, 19.475255483290901 ], [ -155.070618622566968, 19.473168482795327 ], [ -155.091006626748054, 19.461868479444885 ], [ -155.092497627056389, 19.461134479223016 ], [ -155.095024627592551, 19.460369478966935 ], [ -155.122154633156555, 19.445405474527174 ], [ -155.163992642094001, 19.435020470858088 ], [ -155.190819647814777, 19.428073468432881 ], [ -155.192503648171964, 19.427570468263887 ], [ -155.210910652075654, 19.422077466417878 ], [ -155.217188653403866, 19.420096465761333 ], [ -155.235642657414246, 19.418019464768658 ], [ -155.239220658281369, 19.420762465363211 ], [ -155.239402658372057, 19.422536465802398 ], [ -155.242525659038165, 19.421746465524635 ], [ -155.242921659146674, 19.422488465700123 ] ] ] } },
{ "type": "Feature", "properties": { "geoid": "15003007001", "county_name": "Honolulu County", "place_name": null, "state_name": "Hawaii", "state_abbr": "HI", "is_rural": false, "dci_score": 49.7, "dci_quintile": 5.0, "is_cra_lmi": true, "income_level": "M", "is_persistent_poverty": false, "is_tribal_overlap": false, "tribal_area_name": null, "aian_pct": 0.0, "has_nmtc": false, "nmtc_projects": 0, "nmtc_total_usd": 0.0 }, "geometry": { "type": "Polygon", "coordinates": [ [ [ -157.938782313701438, 21.345566868763637 ], [ -157.935333313055054, 21.348603869629116 ], [ -157.935378313078274, 21.348974869720099 ], [ -157.934600312912664, 21.349109869778328 ], [ -157.933626312623602, 21.347011869286582 ], [ -157.932750312618793, 21.352205870607957 ], [ -157.931788312390125, 21.351710870515092 ], [ -157.930253312114729, 21.353403870985321 ], [ -157.927123311508581, 21.355619871636279 ], [ -157.926472311410777, 21.356864871966977 ], [ -157.92632831136234, 21.356396871854965 ], [ -157.92602131125895, 21.355394871615076 ], [ -157.925204310968638, 21.352307870871986 ], [ -157.925159310934333, 21.351628870704278 ], [ -157.925062310899847, 21.351260870615686 ], [ -157.923461310458492, 21.348749870040841 ], [ -157.924987310755739, 21.347716869735301 ], [ -157.925506310868911, 21.347700869714913 ], [ -157.926688311094296, 21.34676586944466 ], [ -157.929975311580307, 21.340259867720309 ], [ -157.930161311609368, 21.339934867633485 ], [ -157.932492312166517, 21.341220867880097 ], [ -157.934730312681694, 21.341908867980699 ], [ -157.940619314068442, 21.344579868459721 ], [ -157.938782313701438, 21.345566868763637 ] ] ] } },
{ "type": "Feature", "properties": { "geoid": "15009030100", "county_name": "Maui County", "place_name": "Urban Honolulu", "state_name": "Hawaii", "state_abbr": "HI", "is_rural": true, "dci_score": 75.8, "dci_quintile": 3.0, "is_cra_lmi": false, "income_level": "U", "is_persistent_poverty": false, "is_tribal_overlap": false, "tribal_area_name": null, "aian_pct": 0.0, "has_nmtc": false, "nmtc_projects": 0, "nmtc_total_usd": 0.0 }, "geometry": { "type": "Polygon", "coordinates": [ [ [ -156.317408934106595, 20.671476749220876 ], [ -156.306423932024671, 20.682076752189936 ], [ -156.305540931854154, 20.682830752404055 ], [ -156.266767923927716, 20.702429758422529 ], [ -156.266157923749034, 20.701066758098481 ], [ -156.251726920736559, 20.706459759862128 ], [ -156.239316917795662, 20.700248758660262 ], [ -156.238440916745247, 20.67364975202063 ], [ -156.237634916523916, 20.672301751705877 ], [ -156.236723916155938, 20.667117750433039 ], [ -156.236257916027427, 20.666320750246648 ], [ -156.236690916235062, 20.669803751106937 ], [ -156.23394191561664, 20.669447751096097 ], [ -156.232168915139368, 20.666780750478424 ], [ -156.23075591483942, 20.667155750612643 ], [ -156.22878291431266, 20.664321749958809 ], [ -156.227618914044797, 20.663985749907788 ], [ -156.226660913901839, 20.666117750469247 ], [ -156.22763491422478, 20.669470751281594 ], [ -156.227908914408403, 20.673297752232653 ], [ -156.229844914917976, 20.675848752816648 ], [ -156.224634913823905, 20.677601753404378 ], [ -156.221025912817311, 20.671084751874279 ], [ -156.216360911590925, 20.66498175047796 ], [ -156.204484909129917, 20.670010752076177 ], [ -156.198371907843836, 20.672001752749082 ], [ -156.172019902227788, 20.678373755095617 ], [ -156.16866590151696, 20.679311755426067 ], [ -156.156404898904924, 20.682324756529805 ], [ -156.137341894735528, 20.683651757403975 ], [ -156.136754894748492, 20.688101758536227 ], [ -156.13683589483108, 20.690118759039574 ], [ -156.137661895089821, 20.692493759611526 ], [ -156.137511895211276, 20.69731276082392 ], [ -156.137894895465763, 20.702603762139539 ], [ -156.138886895950662, 20.710878764186013 ], [ -156.138894896047475, 20.713837764927671 ], [ -156.139014896230236, 20.718699766143288 ], [ -156.141405896875511, 20.722335766986937 ], [ -156.144884897701246, 20.724102767330972 ], [ -156.144659897957581, 20.733619769723632 ], [ -156.145437898245717, 20.737230770606907 ], [ -156.155679900502349, 20.737009770259778 ], [ -156.158362901098855, 20.737119770210917 ], [ -156.176177905033569, 20.737045769684556 ], [ -156.192071908841456, 20.746213771529487 ], [ -156.220792915635201, 20.760067774181756 ], [ -156.230856918041297, 20.765709775308078 ], [ -156.231480918278379, 20.768775776058771 ], [ -156.233176918744164, 20.771588776715348 ], [ -156.233655918922864, 20.773838777265656 ], [ -156.234351919106075, 20.774747777473586 ], [ -156.233490918980465, 20.776744777998847 ], [ -156.235713919533879, 20.77866577841673 ], [ -156.234981919414878, 20.779985778768587 ], [ -156.235548919608476, 20.782093779280782 ], [ -156.234951919528612, 20.783700779700741 ], [ -156.235699919778028, 20.786297780330333 ], [ -156.234499919594555, 20.788817780996464 ], [ -156.234439919685229, 20.792025781802412 ], [ -156.234052919687457, 20.794732782492151 ], [ -156.231827919293295, 20.797741783310297 ], [ -156.231107919211098, 20.800113783925624 ], [ -156.231416919386646, 20.803420784745867 ], [ -156.231017919412807, 20.80694778564159 ], [ -156.229969919228864, 20.808416786039952 ], [ -156.229957919272266, 20.809836786396328 ], [ -156.230817919483428, 20.81048578653439 ], [ -156.232016919822684, 20.812775787074155 ], [ -156.23107391965442, 20.81401278741135 ], [ -156.231628919849641, 20.816247787955806 ], [ -156.230375919626056, 20.817892788404219 ], [ -156.2300709196208, 20.819806788892883 ], [ -156.227196919059452, 20.822083789546273 ], [ -156.226961919033783, 20.822892789755876 ], [ -156.222189918132187, 20.827612791076337 ], [ -156.220228917730083, 20.828579791375098 ], [ -156.219396917613153, 20.830643791916543 ], [ -156.220953917987231, 20.831563792102564 ], [ -156.220068917837182, 20.832967792480037 ], [ -156.218458917665544, 20.838641793949119 ], [ -156.216074917332179, 20.844604795512961 ], [ -156.215843917328613, 20.846067795886494 ], [ -156.213852917049053, 20.851009797183082 ], [ -156.21058991647314, 20.855488798400113 ], [ -156.210161916429826, 20.857067798808433 ], [ -156.208850916152386, 20.857451798942389 ], [ -156.207637915925318, 20.858717799294752 ], [ -156.206035915674164, 20.86188780013585 ], [ -156.206182915782136, 20.86420980071404 ], [ -156.2050419155903, 20.866069801213349 ], [ -156.205691915768767, 20.867137801462558 ], [ -156.205271915803991, 20.871077802462899 ], [ -156.203661915482343, 20.872134802774283 ], [ -156.203322915451196, 20.873482803122155 ], [ -156.200613914944142, 20.876311803909608 ], [ -156.199367914781163, 20.879772804813602 ], [ -156.197950914471903, 20.879899804886172 ], [ -156.198502914736821, 20.884290805971819 ], [ -156.197618914568181, 20.885116806204433 ], [ -156.196173914359065, 20.888511807097643 ], [ -156.193167913825818, 20.892555808198569 ], [ -156.193376337303079, 20.893237192586007 ], [ -156.192040913551153, 20.891775808035263 ], [ -156.192806913652902, 20.889695807491435 ], [ -156.191131913215116, 20.887626807020503 ], [ -156.185806911934407, 20.884463806379966 ], [ -156.181422910803605, 20.879507805262513 ], [ -156.174450909174652, 20.87683580479229 ], [ -156.16684490731194, 20.871283803617587 ], [ -156.166750907107996, 20.865641802204827 ], [ -156.161544905881783, 20.86333880177629 ], [ -156.158237905108138, 20.862039801545169 ], [ -156.155911904511669, 20.859512800977832 ], [ -156.152351903733432, 20.85979680115107 ], [ -156.146926902707946, 20.865180802657292 ], [ -156.144264902122558, 20.865287802760388 ], [ -156.144200901875593, 20.858105800960249 ], [ -156.130361898857558, 20.859447801693118 ], [ -156.129544336451971, 20.856491471350918 ], [ -156.129312514543528, 20.855653196332909 ], [ -156.12905189841436, 20.854710800542005 ], [ -156.128252192497115, 20.848151000207771 ], [ -156.127565478722886, 20.842518047949888 ], [ -156.127389897605468, 20.841077797168946 ], [ -156.12116789613097, 20.838043796585563 ], [ -156.115412894612717, 20.830459794847133 ], [ -156.116095894639983, 20.826626793865934 ], [ -156.106663892437297, 20.823027793232214 ], [ -156.103621891820211, 20.824757793753086 ], [ -156.097479890470908, 20.82505179400211 ], [ -156.087667888403388, 20.828252795085209 ], [ -156.07226788468526, 20.818613793105392 ], [ -156.065862883188686, 20.816150792669752 ], [ -156.063430882511739, 20.811839791657167 ], [ -156.060960881935586, 20.810919791496605 ], [ -156.056902880913867, 20.807073790646946 ], [ -156.05115287962164, 20.806452790654692 ], [ -156.048550879072593, 20.807283790937255 ], [ -156.044431878094144, 20.805200790531643 ], [ -156.040405877191944, 20.804848790557781 ], [ -156.038619876838965, 20.80616179093807 ], [ -156.036263417513254, 20.805501418647715 ], [ -156.022233873065176, 20.801569790251186 ], [ -156.018991872266525, 20.799043789709266 ], [ -156.014042871100173, 20.796829789294076 ], [ -156.009679870136296, 20.796884789431715 ], [ -156.000482867927076, 20.791469788333476 ], [ -156.000478443866001, 20.790937035054675 ], [ -156.000437867743358, 20.786050786974588 ], [ -155.996751866895977, 20.785064786831608 ], [ -155.987948864674792, 20.776547784943293 ], [ -155.985119863952434, 20.773541784268904 ], [ -155.984413863611081, 20.767759782837633 ], [ -155.983547863374355, 20.7663507825085 ], [ -155.981155862826824, 20.765783782433893 ], [ -155.979816862534364, 20.765904782502162 ], [ -155.978952862301611, 20.764606782200808 ], [ -155.980223862551071, 20.763610781914856 ], [ -155.983182863185647, 20.762976781671988 ], [ -155.985500863680528, 20.762410781464329 ], [ -155.986405863798808, 20.75984778079544 ], [ -155.984644863331113, 20.757409780233381 ], [ -155.983860863105377, 20.755776779845721 ], [ -155.981970862691384, 20.755909779932569 ], [ -155.979724862233752, 20.757142780305578 ], [ -155.97905586204655, 20.755917780017032 ], [ -155.979276862005264, 20.753096779302766 ], [ -155.981317862419303, 20.751919778949631 ], [ -155.982856862701027, 20.750077778443806 ], [ -155.98285386243586, 20.74180277636713 ], [ -155.982972643850019, 20.741015776166268 ], [ -155.984071862447621, 20.733732774307473 ], [ -155.985721862738529, 20.731410773678139 ], [ -155.983190862038668, 20.727030772650526 ], [ -155.983355861906546, 20.721747771320146 ], [ -155.987760862709507, 20.716369769846207 ], [ -155.987633862420381, 20.708186767796509 ], [ -155.993536863638553, 20.705438766940329 ], [ -155.996831864200516, 20.700205765534328 ], [ -155.998592864420914, 20.694901764153894 ], [ -156.005382865707531, 20.688152762269045 ], [ -156.012802867156182, 20.682118760545883 ], [ -156.01692386812087, 20.683791760849175 ], [ -156.020542868840295, 20.681255760110833 ], [ -156.025329869858581, 20.67999275965882 ], [ -156.028514870540221, 20.679281759390506 ], [ -156.031399871042794, 20.675038758244774 ], [ -156.034264871627641, 20.673514757781604 ], [ -156.037309872188729, 20.669998756813747 ], [ -156.040809872874718, 20.667243756023922 ], [ -156.040398872586223, 20.661046754481387 ], [ -156.046626873693498, 20.652590752184928 ], [ -156.049881874348273, 20.6505597515837 ], [ -156.055405875565981, 20.650454751401352 ], [ -156.064681877490926, 20.646524750153866 ], [ -156.072671879299776, 20.64787075026555 ], [ -156.078746880745427, 20.651098750903142 ], [ -156.084776881939547, 20.646759749644755 ], [ -156.093710883753999, 20.64175274813681 ], [ -156.104096886025815, 20.641029747661729 ], [ -156.110752887453827, 20.639694747138705 ], [ -156.112303887648238, 20.63505274593123 ], [ -156.119256889028236, 20.630165744509512 ], [ -156.123861890041866, 20.630051744350588 ], [ -156.128012890736386, 20.623086742487434 ], [ -156.134044892087758, 20.623679742465303 ], [ -156.135792892358978, 20.620083741514602 ], [ -156.139035893012476, 20.618118740930342 ], [ -156.144592894428655, 20.624027742253787 ], [ -156.15439589666687, 20.626312742548642 ], [ -156.163516898540081, 20.621899741184269 ], [ -156.166704899333496, 20.624694741794244 ], [ -156.170520900060666, 20.62108374078122 ], [ -156.176932901523571, 20.622552740967446 ], [ -156.178733902063442, 20.626992742028843 ], [ -156.186787903839729, 20.626925741783484 ], [ -156.191316904890158, 20.628498742049029 ], [ -156.20534890789088, 20.625458740888892 ], [ -156.213317909575949, 20.623140740081784 ], [ -156.219035418021775, 20.620634129114396 ], [ -156.222799911535844, 20.618983738770993 ], [ -156.227441912426343, 20.614797737590514 ], [ -156.2318253356448, 20.612300251389655 ], [ -156.234107913775915, 20.610999736449735 ], [ -156.234992824083974, 20.61096165275924 ], [ -156.238243914683039, 20.61082173628758 ], [ -156.243651349893014, 20.608311688968371 ], [ -156.243883915843867, 20.608203735471523 ], [ -156.246128916253042, 20.605512734733725 ], [ -156.248752916845206, 20.605920734761302 ], [ -156.252098385459078, 20.603850865041689 ], [ -156.257181107981836, 20.60070614163849 ], [ -156.257315918564871, 20.600622733190971 ], [ -156.25871097494479, 20.59971963126964 ], [ -156.261631919427629, 20.597828732368544 ], [ -156.262335324154236, 20.598027899170905 ], [ -156.264580920105146, 20.598663732493755 ], [ -156.277244922735633, 20.593562730856139 ], [ -156.281896048350006, 20.59216785794202 ], [ -156.283246924002043, 20.591762730234635 ], [ -156.286565924607999, 20.587828729155188 ], [ -156.290760925457931, 20.585477728447174 ], [ -156.299617927334651, 20.583078727594433 ], [ -156.304954928534045, 20.583769727615461 ], [ -156.314399369485017, 20.584419088141587 ], [ -156.319375932940289, 20.621862736741118 ], [ -156.317408934106595, 20.671476749220876 ] ] ] } },
{ "type": "Feature", "properties": { "geoid": "15009031801", "county_name": "Maui County", "place_name": null, "state_name": "Hawaii", "state_abbr": "HI", "is_rural": true, "dci_score": 83.5, "dci_quintile": 2.0, "is_cra_lmi": true, "income_level": "M", "is_persistent_poverty": false, "is_tribal_overlap": false, "tribal_area_name": null, "aian_pct": 0.0, "has_nmtc": true, "nmtc_projects": 2, "nmtc_total_usd": 300000.0 }, "geometry": { "type": "Polygon", "coordinates": [ [ [ -157.30647716654741, 21.108186829203593 ], [ -157.300899165544593, 21.114637830984105 ], [ -157.298758165285477, 21.120747832574835 ], [ -157.300572165797632, 21.124022833337207 ], [ -157.298466165474252, 21.128053834407879 ], [ -157.296742165268086, 21.133042835706139 ], [ -157.292376164405312, 21.135845836539168 ], [ -157.290728164149442, 21.138917837356509 ], [ -157.291069164366348, 21.143014838369165 ], [ -157.288440163920342, 21.146824839400775 ], [ -157.283024162934765, 21.152749841045608 ], [ -157.277225161856336, 21.158426842640285 ], [ -157.27338116105679, 21.159748843087709 ], [ -157.269859160305685, 21.160425843364216 ], [ -157.256725157785581, 21.171062846421627 ], [ -157.251380156843766, 21.177811848270526 ], [ -157.252448157235477, 21.182332849367345 ], [ -157.249700156702488, 21.184396849966792 ], [ -157.24831415654748, 21.188718851088804 ], [ -157.249564156918552, 21.191488851742687 ], [ -157.247655156681532, 21.19676285311855 ], [ -157.250265157636676, 21.207734855780146 ], [ -157.256106159104462, 21.212991856915174 ], [ -157.258919159807391, 21.215408857433104 ], [ -157.260291160239348, 21.219150858326095 ], [ -157.257527159743773, 21.222389859219842 ], [ -157.254109159052547, 21.224140859761814 ], [ -157.253920014000443, 21.2240692340431 ], [ -157.245994157160027, 21.221067859241941 ], [ -157.244022156676181, 21.21963085894312 ], [ -157.238837155472368, 21.217823858649954 ], [ -157.232138154007856, 21.218103858924437 ], [ -157.221075151548717, 21.217401859086653 ], [ -157.215597150365511, 21.218049859415711 ], [ -157.212087149724624, 21.221843860470958 ], [ -157.202962147488876, 21.215293859112261 ], [ -157.200490147008225, 21.217125859645481 ], [ -157.196478146024504, 21.214223859042466 ], [ -157.19244414490845, 21.207639857519858 ], [ -157.186800143516791, 21.203329856614573 ], [ -157.180878142195041, 21.202805856663886 ], [ -157.178563141701574, 21.203271856850822 ], [ -157.171177140008041, 21.201317856587199 ], [ -157.161643137924386, 21.201759856987689 ], [ -157.157140136926529, 21.201572857077874 ], [ -157.156424136671831, 21.198765856397991 ], [ -157.154523136214976, 21.197657856178825 ], [ -157.151433135542334, 21.197878856327993 ], [ -157.146902134532922, 21.197537856380457 ], [ -157.143133133691833, 21.197212856413731 ], [ -157.143021133742593, 21.199395856962845 ], [ -157.136234132241754, 21.199210857122782 ], [ -157.136009145390631, 21.199222032901613 ], [ -157.133312381080401, 21.199355989358818 ], [ -157.129812130838644, 21.199529857397593 ], [ -157.121359128883284, 21.196808856973959 ], [ -157.118441128261935, 21.197424857216543 ], [ -157.112430126861028, 21.195188856839909 ], [ -157.111859112800204, 21.195186947465956 ], [ -157.10712312484165, 21.195171111126964 ], [ -157.10704712567491, 21.195170856998708 ], [ -157.101705696002483, 21.196126754026213 ], [ -157.101610124511012, 21.196143857406884 ], [ -157.094306088052434, 21.195075818422104 ], [ -157.092747122514226, 21.194847857351569 ], [ -157.082053120019339, 21.190802856664174 ], [ -157.073780118120965, 21.188591856361864 ], [ -157.066509341505736, 21.188574996809674 ], [ -157.065155116220268, 21.18857185661798 ], [ -157.060078115005695, 21.185776856072664 ], [ -157.049929112771423, 21.185822856391191 ], [ -157.043203111374169, 21.188283857210106 ], [ -157.035038109548907, 21.18751985726588 ], [ -157.025699107443785, 21.186141857203449 ], [ -157.01590210520601, 21.183842856924333 ], [ -157.014595933868122, 21.183520790358813 ], [ -157.014617104871462, 21.182344856588429 ], [ -157.011959104260058, 21.181596856481573 ], [ -157.010941104008509, 21.180803856313943 ], [ -157.007952103323305, 21.18003085621082 ], [ -157.006136102892498, 21.179137856042242 ], [ -157.005412102692588, 21.177961855769919 ], [ -157.003478102236585, 21.177091855610648 ], [ -157.002865102068057, 21.176117855385503 ], [ -157.002696102058707, 21.176930855593977 ], [ -157.004125102427793, 21.178509855945837 ], [ -157.000003101496617, 21.177846855904363 ], [ -156.995451100507893, 21.178267856146988 ], [ -156.99293809993398, 21.177681856076202 ], [ -156.988775099045171, 21.178517856410885 ], [ -156.986678098583752, 21.17853985647962 ], [ -156.98402509802122, 21.179187856721736 ], [ -156.980807097267729, 21.177896856495767 ], [ -156.979331096949323, 21.17809885659079 ], [ -156.977458096494672, 21.176877856341772 ], [ -156.973906095660027, 21.175366856070795 ], [ -156.973718095563441, 21.173756855673666 ], [ -156.9714250948916, 21.16889585452661 ], [ -156.971638094827455, 21.165650853708375 ], [ -156.969631094333408, 21.164140853391054 ], [ -156.969230094227953, 21.163641853278289 ], [ -156.968722094102731, 21.163254853196765 ], [ -156.968196093965702, 21.16263785305825 ], [ -156.967526093792657, 21.16189685289304 ], [ -156.967511093795792, 21.16208485294052 ], [ -156.965623093325576, 21.160502852601571 ], [ -156.965054093177599, 21.159843852453836 ], [ -156.964522093043172, 21.159341852344262 ], [ -156.962513092601171, 21.15936385241023 ], [ -156.961711092464498, 21.160537852728083 ], [ -156.95985709208955, 21.161521853030056 ], [ -156.962604092721449, 21.162294853140772 ], [ -156.962338092695632, 21.163253853388699 ], [ -156.96475309331035, 21.165663853918943 ], [ -156.963678093100043, 21.166441854145958 ], [ -156.96260109302159, 21.171085855340266 ], [ -156.963017093145965, 21.172040855566678 ], [ -156.962493093139244, 21.175218856377576 ], [ -156.96164209298027, 21.176054856612375 ], [ -156.963079093397653, 21.178992857304184 ], [ -156.963002093415724, 21.180016857562709 ], [ -156.960678092880954, 21.179359857468327 ], [ -156.958711092282556, 21.174545856323089 ], [ -156.959332092337434, 21.172150855705151 ], [ -156.958741092106806, 21.169217854989121 ], [ -156.959179092128295, 21.167023854427001 ], [ -156.958636091883136, 21.163355853525648 ], [ -156.958939091867393, 21.160943852913082 ], [ -156.957605091474022, 21.158037852226176 ], [ -156.956123091101318, 21.156690851933771 ], [ -156.951040089870475, 21.153458851278057 ], [ -156.947666089172543, 21.15479785171452 ], [ -156.94794308926754, 21.155791851954888 ], [ -156.946675089028389, 21.156971852288244 ], [ -156.944168088499566, 21.157668852538023 ], [ -156.944991088708463, 21.158472852714439 ], [ -156.942140088137961, 21.160168853224519 ], [ -156.941575087994863, 21.159625853105648 ], [ -156.941634087891202, 21.156210852249419 ], [ -156.939182087324582, 21.15544685213197 ], [ -156.936946086759832, 21.153343851672997 ], [ -156.936100086497134, 21.151111851139952 ], [ -156.935084086261668, 21.150774851086176 ], [ -156.934681086124215, 21.149351850742246 ], [ -156.929883084799286, 21.141519848926762 ], [ -156.929845084725883, 21.139613848451024 ], [ -156.928808084449344, 21.138208848130635 ], [ -156.925327083601928, 21.135859847647421 ], [ -156.927291084003826, 21.134948847360526 ], [ -156.927869084145669, 21.135372847449258 ], [ -156.930792084696122, 21.132620846672985 ], [ -156.932390085039486, 21.132360846559969 ], [ -156.933799085374517, 21.133078846697302 ], [ -156.935535085742202, 21.132640846535597 ], [ -156.938103086313873, 21.132806846500028 ], [ -156.944893087958519, 21.13714684738186 ], [ -156.946273088226974, 21.136100847078716 ], [ -156.947387088542257, 21.13814384755635 ], [ -156.950226089225765, 21.139837847894828 ], [ -156.951450089458376, 21.138748847585603 ], [ -156.955112090227914, 21.137650847200863 ], [ -156.959842091252341, 21.137123846926844 ], [ -156.965464092563082, 21.13922484728338 ], [ -156.972844094186087, 21.139128847037401 ], [ -156.974526094573065, 21.139605847106122 ], [ -156.97714109512421, 21.138871846843848 ], [ -156.979187095588401, 21.139262846880086 ], [ -156.982902096367553, 21.138108846479643 ], [ -156.987839097374547, 21.135745845740033 ], [ -156.989560097755287, 21.135790845699486 ], [ -156.994198098729015, 21.134382845207725 ], [ -156.997058099298727, 21.132616844679951 ], [ -156.999707099852856, 21.131754844384609 ], [ -157.002553100496897, 21.132253844423715 ], [ -156.997189099496637, 21.137558845912007 ], [ -156.988313097800813, 21.145155848079401 ], [ -156.983332096648127, 21.143542847825902 ], [ -156.980412096019535, 21.143976848022351 ], [ -156.979802095925521, 21.145158848336376 ], [ -156.98162109634842, 21.145803848442952 ], [ -156.984369097053786, 21.148721849090126 ], [ -156.988514098029896, 21.150555849424055 ], [ -156.989982098410849, 21.152234849799811 ], [ -156.996249099803663, 21.152581849697803 ], [ -156.998878100456835, 21.15473985015835 ], [ -157.00448810168848, 21.154609849956749 ], [ -157.004468101752764, 21.15661485045884 ], [ -157.012236103426176, 21.155501849946248 ], [ -157.012730103540946, 21.155675849974877 ], [ -157.013309103608293, 21.153916849517476 ], [ -157.016589104070249, 21.146308847515844 ], [ -157.020389104635228, 21.138362845414132 ], [ -157.027622106157054, 21.136277844674701 ], [ -157.032522107130603, 21.133189843754785 ], [ -157.041294108943674, 21.12971684262186 ], [ -157.054043111586509, 21.124906841034701 ], [ -157.054044111588183, 21.124948841045164 ], [ -157.05527411187947, 21.125543841156819 ], [ -157.056875112189942, 21.124315840801497 ], [ -157.059299112723124, 21.124298840724112 ], [ -157.060566112964011, 21.123186840407872 ], [ -157.063100113530822, 21.123444840395912 ], [ -157.066837114281981, 21.121351839759889 ], [ -157.06818011451935, 21.119649839293881 ], [ -157.071096115106769, 21.1180578388079 ], [ -157.072075115245894, 21.115827838220898 ], [ -157.073870115660924, 21.116405838311209 ], [ -157.075054115897871, 21.115712838102244 ], [ -157.076053116045358, 21.113599837543898 ], [ -157.077502116360989, 21.113500837475424 ], [ -157.080046116890912, 21.112620837178667 ], [ -157.081170117114283, 21.11191883696927 ], [ -157.081737117224264, 21.111486836844165 ], [ -157.084380117774401, 21.110560836532922 ], [ -157.0918395064582, 21.102151477213887 ], [ -157.091986119160538, 21.102153834202049 ], [ -157.095588120002304, 21.103579834449704 ], [ -157.101109121109772, 21.10043783349774 ], [ -157.101881920506401, 21.10065536353267 ], [ -157.105397122094985, 21.101644833669884 ], [ -157.112719123675589, 21.100742833223297 ], [ -157.117313124621319, 21.098838832608692 ], [ -157.126823126679795, 21.097837832071161 ], [ -157.138433129098161, 21.093862830726938 ], [ -157.146288130797188, 21.093009830276291 ], [ -157.149069131358374, 21.091533829823405 ], [ -157.157380133229083, 21.092761829878775 ], [ -157.168788135729983, 21.092505829469552 ], [ -157.174489136979759, 21.092378829265225 ], [ -157.178501137815118, 21.091006828801003 ], [ -157.183995139022556, 21.090976828627106 ], [ -157.186773139656736, 21.091648828710817 ], [ -157.202567143065863, 21.089769827762851 ], [ -157.216085146046254, 21.08998682740717 ], [ -157.24241915176944, 21.088033826120309 ], [ -157.249706153259979, 21.084797825090995 ], [ -157.252539153981729, 21.087665825721079 ], [ -157.27407615884772, 21.091473826017335 ], [ -157.27835815979455, 21.091634825927319 ], [ -157.283581160990934, 21.093033826117722 ], [ -157.28738816183872, 21.093351826081285 ], [ -157.29884616435757, 21.093365825736058 ], [ -157.304097165573864, 21.095165826025514 ], [ -157.31075316726006, 21.10162282743466 ], [ -157.30647716654741, 21.108186829203593 ] ] ] } },
{ "type": "Feature", "properties": { "geoid": "15003005700", "county_name": "Honolulu County", "place_name": null, "state_name": "Hawaii", "state_abbr": "HI", "is_rural": false, "dci_score": 87.0, "dci_quintile": 2.0, "is_cra_lmi": true, "income_level": "M", "is_persistent_poverty": false, "is_tribal_overlap": false, "tribal_area_name": null, "aian_pct": 0.0, "has_nmtc": false, "nmtc_projects": 0, "nmtc_total_usd": 0.0 }, "geometry": { "type": "Polygon", "coordinates": [ [ [ -157.890760302021647, 21.313430862275563 ], [ -157.888006301453203, 21.314409862606219 ], [ -157.880296299791581, 21.315196863045209 ], [ -157.878878299615593, 21.318954864026029 ], [ -157.877378299325017, 21.320018864338351 ], [ -157.877540299364341, 21.320125864359898 ], [ -157.878701299643154, 21.32080386449222 ], [ -157.879381299815861, 21.321461864634706 ], [ -157.876285299203175, 21.323299865190144 ], [ -157.875860299127424, 21.323784865324367 ], [ -157.874386298870036, 21.325616865827207 ], [ -157.872366298496729, 21.327551866372922 ], [ -157.871511298342682, 21.328482866631798 ], [ -157.870968298204303, 21.327943866514634 ], [ -157.868917297648807, 21.324993865844323 ], [ -157.867860297339945, 21.322843865341984 ], [ -157.867030297114439, 21.321628865065435 ], [ -157.86602929684426, 21.320214864744692 ], [ -157.86496029655973, 21.318815864429826 ], [ -157.864769296502999, 21.318400864332453 ], [ -157.864631296456906, 21.317959864226939 ], [ -157.864242296314387, 21.316362863841317 ], [ -157.864232296218091, 21.313738863187933 ], [ -157.865934296566309, 21.313045862961708 ], [ -157.866461296555798, 21.309530862069462 ], [ -157.870038296863981, 21.296252858649257 ], [ -157.870028018845829, 21.295752974082763 ], [ -157.870732297085738, 21.298196859111663 ], [ -157.877626298703149, 21.301165859634217 ], [ -157.88377630000943, 21.300006859151889 ], [ -157.886693300886662, 21.306641860712681 ], [ -157.88838102544392, 21.30656746217128 ], [ -157.890760302021647, 21.313430862275563 ] ] ] } },
{ "type": "Feature", "properties": { "geoid": "15003006302", "county_name": "Honolulu County", "place_name": null, "state_name": "Hawaii", "state_abbr": "HI", "is_rural": false, "dci_score": 81.0, "dci_quintile": 2.0, "is_cra_lmi": true, "income_level": "L", "is_persistent_poverty": false, "is_tribal_overlap": false, "tribal_area_name": null, "aian_pct": 0.0, "has_nmtc": false, "nmtc_projects": 0, "nmtc_total_usd": 0.0 }, "geometry": { "type": "Polygon", "coordinates": [ [ [ -157.872913299363887, 21.348355871538821 ], [ -157.864160297670196, 21.354628873377919 ], [ -157.862556297256646, 21.352909873000172 ], [ -157.860987296859548, 21.351431872681374 ], [ -157.861687296978545, 21.350471872420091 ], [ -157.862455297118657, 21.349684872199781 ], [ -157.865339297681402, 21.347747871626208 ], [ -157.868002298229499, 21.34675187129406 ], [ -157.870353298675866, 21.344828870740798 ], [ -157.871185298830198, 21.344046870519726 ], [ -157.874620299717776, 21.347788871343713 ], [ -157.872913299363887, 21.348355871538821 ] ] ] } },
{ "type": "Feature", "properties": { "geoid": "15003008502", "county_name": "Honolulu County", "place_name": null, "state_name": "Hawaii", "state_abbr": "HI", "is_rural": false, "dci_score": 27.0, "dci_quintile": 5.0, "is_cra_lmi": false, "income_level": "U", "is_persistent_poverty": false, "is_tribal_overlap": false, "tribal_area_name": null, "aian_pct": 0.0, "has_nmtc": true, "nmtc_projects": 1, "nmtc_total_usd": 450000.0 }, "geometry": { "type": "Polygon", "coordinates": [ [ [ -158.120514352609064, 21.32104385689378 ], [ -158.118248352159441, 21.322316857282587 ], [ -158.115079351436208, 21.321494857178941 ], [ -158.112842351041024, 21.324096857897459 ], [ -158.113411351256417, 21.326604858503313 ], [ -158.116224351951814, 21.328806858961606 ], [ -158.116319747523846, 21.328726859080362 ], [ -158.116945352133769, 21.329472859104346 ], [ -158.11553535184126, 21.329914859259194 ], [ -158.113044351333485, 21.330944859594748 ], [ -158.114685351772636, 21.333152860091847 ], [ -158.113122351404968, 21.332445859965706 ], [ -158.098591348089599, 21.328709859498574 ], [ -158.090776346310378, 21.326810859274623 ], [ -158.088695345834566, 21.326246859200452 ], [ -158.086600345356374, 21.325705859132444 ], [ -158.077405343259215, 21.323366858842665 ], [ -158.075637342866798, 21.323215858861261 ], [ -158.072475342192234, 21.323701859082654 ], [ -158.068213341312997, 21.325185859587336 ], [ -158.053853338347238, 21.330100861266562 ], [ -158.053696338314012, 21.330132861279516 ], [ -158.048662337273583, 21.331837861863697 ], [ -158.048224337183228, 21.331990861915681 ], [ -158.048183337170741, 21.331892861892591 ], [ -158.041928335788953, 21.331552862006532 ], [ -158.040842335451288, 21.328789861353297 ], [ -158.040197335292135, 21.328294861250566 ], [ -158.040217335274264, 21.327678861096611 ], [ -158.037604334646943, 21.32615086079921 ], [ -158.034952333882217, 21.321056859615467 ], [ -158.034008333610075, 21.319243859194167 ], [ -158.033949333579869, 21.318765859077068 ], [ -158.034096333606158, 21.318601859031588 ], [ -158.044917335797606, 21.313684857464654 ], [ -158.044356761773145, 21.303750615284258 ], [ -158.050253336511673, 21.301113854167038 ], [ -158.06798334033553, 21.299541853213508 ], [ -158.079448342793341, 21.298122852496608 ], [ -158.084088343724488, 21.295792851769622 ], [ -158.085603111564609, 21.29578302602599 ], [ -158.086012452284109, 21.295780370782833 ], [ -158.08706134456952, 21.301170853013247 ], [ -158.088027345208786, 21.312999855925629 ], [ -158.088089345249415, 21.31374785610976 ], [ -158.089428345541108, 21.313709856057763 ], [ -158.093033346326507, 21.313612855919065 ], [ -158.111830350423446, 21.313163855209748 ], [ -158.113245350773269, 21.314273855440874 ], [ -158.114678351218487, 21.317907856299332 ], [ -158.117740351992438, 21.320776856915643 ], [ -158.119707352421386, 21.320736856843087 ], [ -158.120244278130031, 21.319968691494104 ], [ -158.120514352609064, 21.32104385689378 ] ] ] } },
{ "type": "Feature", "properties": { "geoid": "15003009507", "county_name": "Honolulu County", "place_name": null, "state_name": "Hawaii", "state_abbr": "HI", "is_rural": true, "dci_score": 68.8, "dci_quintile": 4.0, "is_cra_lmi": true, "income_level": "M", "is_persistent_poverty": false, "is_tribal_overlap": false, "tribal_area_name": null, "aian_pct": 0.0, "has_nmtc": false, "nmtc_projects": 0, "nmtc_total_usd": 0.0 }, "geometry": { "type": "Polygon", "coordinates": [ [ [ -158.079097349896983, 21.495659901679137 ], [ -158.077564349613311, 21.497089902084351 ], [ -158.077541349684594, 21.499176902604859 ], [ -158.07593034939913, 21.501024903116686 ], [ -158.074177349016793, 21.50107490318528 ], [ -158.070899348365657, 21.502913903748265 ], [ -158.0698923481973, 21.504345904137161 ], [ -158.071187348567491, 21.506707904683989 ], [ -158.069633348264574, 21.507737904990311 ], [ -158.065478347308186, 21.506486904811766 ], [ -158.063801346988356, 21.507791905190501 ], [ -158.061953346595203, 21.508116905330624 ], [ -158.061882346554427, 21.507427905161279 ], [ -158.058293345702793, 21.505648904833048 ], [ -158.058876345768994, 21.503963904394684 ], [ -158.05415634470765, 21.503230904363157 ], [ -158.053778344564279, 21.501574903962766 ], [ -158.051854344096938, 21.500324903712968 ], [ -158.051727344046441, 21.499703903562338 ], [ -158.05223434413108, 21.498978903365543 ], [ -158.057249345162944, 21.497136902746295 ], [ -158.061554346024508, 21.494893902049888 ], [ -158.062157346137212, 21.494361901898088 ], [ -158.059473345689355, 21.498203902940904 ], [ -158.061775346274857, 21.500420903419421 ], [ -158.064517346783674, 21.497898902703511 ], [ -158.065999347061364, 21.496609902335038 ], [ -158.067923347550249, 21.498449902731728 ], [ -158.066399347266383, 21.499821903122225 ], [ -158.069489348045636, 21.502613903718693 ], [ -158.076063349260437, 21.496434901969291 ], [ -158.078079349688608, 21.496062901812099 ], [ -158.079097349896983, 21.495659901679137 ] ] ] } },
{ "type": "Feature", "properties": { "geoid": "15001021003", "county_name": "Hawaii County", "place_name": "Kaneohe Base", "state_name": "Hawaii", "state_abbr": "HI", "is_rural": true, "dci_score": 72.1, "dci_quintile": 3.0, "is_cra_lmi": true, "income_level": "M", "is_persistent_poverty": false, "is_tribal_overlap": false, "tribal_area_name": null, "aian_pct": 0.0, "has_nmtc": false, "nmtc_projects": 0, "nmtc_total_usd": 0.0 }, "geometry": { "type": "Polygon", "coordinates": [ [ [ -155.037894617391174, 19.545445501740232 ], [ -155.028984615560233, 19.550295503183516 ], [ -155.035918617422254, 19.5618835059107 ], [ -155.034527617140327, 19.562778506170609 ], [ -155.030697616333129, 19.564155506613712 ], [ -155.033514617087775, 19.568795507704717 ], [ -155.011961612658439, 19.580539511199994 ], [ -155.008791612016921, 19.58261951180253 ], [ -155.008624611983862, 19.582755511840894 ], [ -155.004714610984081, 19.577995510747481 ], [ -155.001832610204588, 19.572988509565839 ], [ -154.996756608893833, 19.566350508031324 ], [ -154.992294607741741, 19.560515506682393 ], [ -154.989714607081993, 19.557365505958526 ], [ -154.980604604819376, 19.548595503992242 ], [ -154.975944603677846, 19.544665503125771 ], [ -154.97491460341331, 19.543365502826109 ], [ -154.973774603115089, 19.541735502446507 ], [ -154.9734336030088, 19.540644502181681 ], [ -154.981280604391372, 19.528227498869065 ], [ -154.980983604304697, 19.527486498690877 ], [ -154.983604604785825, 19.524021497755562 ], [ -154.986661605309422, 19.518654496332445 ], [ -154.996329607264641, 19.512254494482136 ], [ -155.007123609431176, 19.504541492274207 ], [ -155.012162610471648, 19.501968491501053 ], [ -155.014264611063481, 19.506465492574435 ], [ -155.018324612151304, 19.513195494157511 ], [ -155.033074616100436, 19.537505499873468 ], [ -155.037894617391174, 19.545445501740232 ] ] ] } },
{ "type": "Feature", "properties": { "geoid": "15001021101", "county_name": "Hawaii County", "place_name": null, "state_name": "Hawaii", "state_abbr": "HI", "is_rural": true, "dci_score": 72.0, "dci_quintile": 3.0, "is_cra_lmi": true, "income_level": "M", "is_persistent_poverty": false, "is_tribal_overlap": false, "tribal_area_name": null, "aian_pct": 0.0, "has_nmtc": false, "nmtc_projects": 0, "nmtc_total_usd": 0.0 }, "geometry": { "type": "Polygon", "coordinates": [ [ [ -154.966332596417857, 19.362449457709232 ], [ -154.965734596411522, 19.366935458847934 ], [ -154.964874596310466, 19.370105459663659 ], [ -154.964768596300075, 19.370569459782562 ], [ -154.964014596256277, 19.374945460897717 ], [ -154.962394596005055, 19.378745461890496 ], [ -154.959434595452052, 19.38233546286455 ], [ -154.958154595241183, 19.384895463538175 ], [ -154.957864595222304, 19.386505463948829 ], [ -154.957834595398339, 19.393015465580433 ], [ -154.957174595324403, 19.395575466238441 ], [ -154.953704594746625, 19.402295468009711 ], [ -154.953234594709613, 19.404675468617871 ], [ -154.952914594832464, 19.411565470352222 ], [ -154.952854594836623, 19.412185470509076 ], [ -154.952534594807503, 19.413665470887988 ], [ -154.951384594652609, 19.417195471801545 ], [ -154.947254594089031, 19.429605475015602 ], [ -154.941401593295694, 19.447376479617105 ], [ -154.940946593442135, 19.456152481828063 ], [ -154.940774593511463, 19.459965482788053 ], [ -154.941225593794769, 19.466484484410518 ], [ -154.940894594081755, 19.479265487622428 ], [ -154.941243594387515, 19.48737248964569 ], [ -154.941234594427897, 19.488875490022668 ], [ -154.940784594402658, 19.491505490693356 ], [ -154.930438592032317, 19.488542490213028 ], [ -154.929163591741485, 19.488222490165139 ], [ -154.926990591260619, 19.488202490215215 ], [ -154.923520590493951, 19.488214490306195 ], [ -154.920737589867741, 19.487823490278718 ], [ -154.917191589052692, 19.486715490090802 ], [ -154.910857587629607, 19.485901490047201 ], [ -154.907274586815959, 19.485134489945661 ], [ -154.90587858645938, 19.483429489553554 ], [ -154.902695585682267, 19.480819488979801 ], [ -154.902523585640893, 19.480700488954326 ], [ -154.897994584678088, 19.482065489411177 ], [ -154.891684583370306, 19.485165490348098 ], [ -154.888854582804271, 19.487285490951258 ], [ -154.881084581183131, 19.490725492010402 ], [ -154.88029458101326, 19.490895492073008 ], [ -154.869634578639534, 19.490305492194686 ], [ -154.867864578259145, 19.490695492337235 ], [ -154.854980575507653, 19.494169493534098 ], [ -154.853612575221945, 19.49476849371888 ], [ -154.850151574525228, 19.49721149441903 ], [ -154.84835457417455, 19.498875494881762 ], [ -154.846064573761083, 19.502185495769787 ], [ -154.844741573581047, 19.506190496807712 ], [ -154.844146573462751, 19.506664496941625 ], [ -154.841414572866654, 19.506955497083666 ], [ -154.825194569347133, 19.50938549810294 ], [ -154.823284568946235, 19.510155498344325 ], [ -154.80688327511794, 19.518137326698547 ], [ -154.806777565459555, 19.516036500236371 ], [ -154.811701566438046, 19.512086499121168 ], [ -154.811189566169901, 19.506569497750107 ], [ -154.81691656694656, 19.489093493221972 ], [ -154.819109567353365, 19.486302492466631 ], [ -154.819352567276923, 19.481658491295729 ], [ -154.820269567401311, 19.478860490570845 ], [ -154.82681756863542, 19.471222488490184 ], [ -154.831403569566532, 19.468257487631007 ], [ -154.835231570228501, 19.461672485883174 ], [ -154.864977576088535, 19.436093478719904 ], [ -154.871834377520088, 19.432699644510222 ], [ -154.873705577896772, 19.431773477416872 ], [ -154.879522579009944, 19.425616475726819 ], [ -154.885698580296804, 19.422826474871741 ], [ -154.889194580866103, 19.415569472964666 ], [ -154.909148585022166, 19.40653147019631 ], [ -154.923886587945418, 19.394652466847813 ], [ -154.928596588990956, 19.394832466774059 ], [ -154.93403958989461, 19.384172463965875 ], [ -154.948902592853671, 19.372618460696334 ], [ -154.961227893354675, 19.362059187944624 ], [ -154.965603596140909, 19.358310456690958 ], [ -154.966202105956171, 19.357637329453464 ], [ -154.966332596417857, 19.362449457709232 ] ] ] } },
{ "type": "Feature", "properties": { "geoid": "15005031900", "county_name": "Kalawao County", "place_name": "Schofield Barracks", "state_name": "Hawaii", "state_abbr": "HI", "is_rural": true, "dci_score": null, "dci_quintile": null, "is_cra_lmi": false, "income_level": "U", "is_persistent_poverty": false, "is_tribal_overlap": false, "tribal_area_name": null, "aian_pct": 0.0, "has_nmtc": false, "nmtc_projects": 0, "nmtc_total_usd": 0.0 }, "geometry": { "type": "Polygon", "coordinates": [ [ [ -157.014595933868122, 21.183520790358813 ], [ -157.011926566364309, 21.182862596445666 ], [ -157.006987649970171, 21.181644793088545 ], [ -157.004157102518434, 21.180946856554488 ], [ -157.003903560437976, 21.180871604929809 ], [ -156.998217101148924, 21.179183856292699 ], [ -156.989002099221011, 21.182187857322159 ], [ -156.985356098545225, 21.185914858364534 ], [ -156.984656098496259, 21.188985859153966 ], [ -156.9828050983879, 21.197721861395479 ], [ -156.982443098427524, 21.201202862277349 ], [ -156.979698097859739, 21.202290862632413 ], [ -156.980038280540725, 21.204592787962611 ], [ -156.980191098082912, 21.205626863452238 ], [ -156.982348098632798, 21.207793863929346 ], [ -156.980304098252617, 21.209844864504234 ], [ -156.976524097520269, 21.212785865354235 ], [ -156.970618096311796, 21.21551486621539 ], [ -156.965534095125093, 21.213597865889099 ], [ -156.96285209448331, 21.212126865601913 ], [ -156.959906093720605, 21.20882886486547 ], [ -156.957343093020512, 21.204892863957806 ], [ -156.956594092718575, 21.200901862981677 ], [ -156.948217090441659, 21.188349860093115 ], [ -156.947160089883454, 21.178850857748024 ], [ -156.943701089028849, 21.176160857179024 ], [ -156.943913088965587, 21.172944856367927 ], [ -156.938410087711731, 21.171755856235965 ], [ -156.933849086627134, 21.169442855794372 ], [ -156.927699085349218, 21.171724856550338 ], [ -156.925020084678238, 21.169374856042804 ], [ -156.918883083274864, 21.167902855858895 ], [ -156.918098584095674, 21.16857033946691 ], [ -156.920812083526641, 21.162821854529437 ], [ -156.917105082739511, 21.163705854862027 ], [ -156.913331081771673, 21.159729853980412 ], [ -156.912601081556602, 21.158143853605456 ], [ -156.908836080633279, 21.155412853035067 ], [ -156.90864708054832, 21.154143852723177 ], [ -156.907046080142408, 21.152592852383108 ], [ -156.906958080089709, 21.151615852141251 ], [ -156.905525079781199, 21.15183385223882 ], [ -156.901477078784694, 21.148784851597274 ], [ -156.898323078074611, 21.148354851584283 ], [ -156.896033077591312, 21.148988851811641 ], [ -156.89636707763529, 21.148118851583899 ], [ -156.898881078171911, 21.147599851378612 ], [ -156.900286078407419, 21.145419850790919 ], [ -156.900495078369858, 21.142966850170801 ], [ -156.899216078058231, 21.1420958499912 ], [ -156.898950077956357, 21.140826849681616 ], [ -156.900800078304599, 21.139076849188218 ], [ -156.9016640782975, 21.13327684771096 ], [ -156.900246077928472, 21.131620847339086 ], [ -156.914944081102078, 21.129666846409435 ], [ -156.91807708178618, 21.129474846267421 ], [ -156.91968608216095, 21.130064846366768 ], [ -156.922587082869796, 21.13209984678889 ], [ -156.925327083601928, 21.135859847647421 ], [ -156.928808084449344, 21.138208848130635 ], [ -156.929845084725883, 21.139613848451024 ], [ -156.929883084799286, 21.141519848926762 ], [ -156.934681086124215, 21.149351850742246 ], [ -156.935084086261668, 21.150774851086176 ], [ -156.936100086497134, 21.151111851139952 ], [ -156.936946086759832, 21.153343851672997 ], [ -156.939182087324582, 21.15544685213197 ], [ -156.941634087891202, 21.156210852249419 ], [ -156.941575087994863, 21.159625853105648 ], [ -156.942140088137961, 21.160168853224519 ], [ -156.944991088708463, 21.158472852714439 ], [ -156.944168088499566, 21.157668852538023 ], [ -156.946675089028389, 21.156971852288244 ], [ -156.94794308926754, 21.155791851954888 ], [ -156.947666089172543, 21.15479785171452 ], [ -156.951040089870475, 21.153458851278057 ], [ -156.956123091101318, 21.156690851933771 ], [ -156.957605091474022, 21.158037852226176 ], [ -156.958939091867393, 21.160943852913082 ], [ -156.958636091883136, 21.163355853525648 ], [ -156.959179092128295, 21.167023854427001 ], [ -156.958741092106806, 21.169217854989121 ], [ -156.959332092337434, 21.172150855705151 ], [ -156.958711092282556, 21.174545856323089 ], [ -156.960678092880954, 21.179359857468327 ], [ -156.963002093415724, 21.180016857562709 ], [ -156.963079093397653, 21.178992857304184 ], [ -156.96164209298027, 21.176054856612375 ], [ -156.962493093139244, 21.175218856377576 ], [ -156.963017093145965, 21.172040855566678 ], [ -156.96260109302159, 21.171085855340266 ], [ -156.963678093100043, 21.166441854145958 ], [ -156.96475309331035, 21.165663853918943 ], [ -156.962338092695632, 21.163253853388699 ], [ -156.962604092721449, 21.162294853140772 ], [ -156.95985709208955, 21.161521853030056 ], [ -156.961711092464498, 21.160537852728083 ], [ -156.962513092601171, 21.15936385241023 ], [ -156.964522093043172, 21.159341852344262 ], [ -156.965054093177599, 21.159843852453836 ], [ -156.965623093325576, 21.160502852601571 ], [ -156.967511093795792, 21.16208485294052 ], [ -156.967526093792657, 21.16189685289304 ], [ -156.968196093965702, 21.16263785305825 ], [ -156.968722094102731, 21.163254853196765 ], [ -156.969230094227953, 21.163641853278289 ], [ -156.969631094333408, 21.164140853391054 ], [ -156.971638094827455, 21.165650853708375 ], [ -156.9714250948916, 21.16889585452661 ], [ -156.973718095563441, 21.173756855673666 ], [ -156.973906095660027, 21.175366856070795 ], [ -156.977458096494672, 21.176877856341772 ], [ -156.979331096949323, 21.17809885659079 ], [ -156.980807097267729, 21.177896856495767 ], [ -156.98402509802122, 21.179187856721736 ], [ -156.986678098583752, 21.17853985647962 ], [ -156.988775099045171, 21.178517856410885 ], [ -156.99293809993398, 21.177681856076202 ], [ -156.995451100507893, 21.178267856146988 ], [ -157.000003101496617, 21.177846855904363 ], [ -157.004125102427793, 21.178509855945837 ], [ -157.002696102058707, 21.176930855593977 ], [ -157.002865102068057, 21.176117855385503 ], [ -157.003478102236585, 21.177091855610648 ], [ -157.005412102692588, 21.177961855769919 ], [ -157.006136102892498, 21.179137856042242 ], [ -157.007952103323305, 21.18003085621082 ], [ -157.010941104008509, 21.180803856313943 ], [ -157.011959104260058, 21.181596856481573 ], [ -157.014617104871462, 21.182344856588429 ], [ -157.014595933868122, 21.183520790358813 ] ] ] } },
{ "type": "Feature", "properties": { "geoid": "15003008705", "county_name": "Honolulu County", "place_name": null, "state_name": "Hawaii", "state_abbr": "HI", "is_rural": false, "dci_score": 46.7, "dci_quintile": 5.0, "is_cra_lmi": true, "income_level": "L", "is_persistent_poverty": false, "is_tribal_overlap": false, "tribal_area_name": null, "aian_pct": 0.0, "has_nmtc": false, "nmtc_projects": 0, "nmtc_total_usd": 0.0 }, "geometry": { "type": "Polygon", "coordinates": [ [ [ -158.018896332347595, 21.375841873763189 ], [ -158.01782233214135, 21.376642873996744 ], [ -158.014931331600309, 21.379190874723026 ], [ -158.017338332185915, 21.380800875047417 ], [ -158.01532433177502, 21.381636875319572 ], [ -158.015579331864757, 21.382572875544536 ], [ -158.0169663322622, 21.385155876143603 ], [ -158.013708331612605, 21.386926876688133 ], [ -158.012779331421712, 21.387274876804309 ], [ -158.013291331416582, 21.384037875982024 ], [ -158.012785331282174, 21.383387875836249 ], [ -158.010641330789383, 21.382748875745261 ], [ -158.010298330672725, 21.381603875471047 ], [ -158.010709330669556, 21.379028874816822 ], [ -158.010786330576337, 21.375988874057427 ], [ -158.012374330843159, 21.373749873449498 ], [ -158.012741330899615, 21.373088873273261 ], [ -158.013233331012572, 21.373231873293239 ], [ -158.015939331615954, 21.373524873280239 ], [ -158.017688331973346, 21.372814873047897 ], [ -158.017706331981088, 21.372919873073478 ], [ -158.016501331773782, 21.374483873501159 ], [ -158.016915331896627, 21.37537287370936 ], [ -158.018094332120711, 21.374427873436613 ], [ -158.018896332347595, 21.375841873763189 ] ] ] } },
{ "type": "Feature", "properties": { "geoid": "15003940006", "county_name": "Honolulu County", "place_name": null, "state_name": "Hawaii", "state_abbr": "HI", "is_rural": false, "dci_score": 75.1, "dci_quintile": 3.0, "is_cra_lmi": true, "income_level": "M", "is_persistent_poverty": false, "is_tribal_overlap": false, "tribal_area_name": null, "aian_pct": 0.0, "has_nmtc": false, "nmtc_projects": 0, "nmtc_total_usd": 0.0 }, "geometry": { "type": "Polygon", "coordinates": [ [ [ -158.148216687779495, 21.382809895594406 ], [ -158.147270360730118, 21.383405871555624 ], [ -158.146902360637483, 21.383073871484783 ], [ -158.14449236018794, 21.385212872093987 ], [ -158.144319360203724, 21.386685872466021 ], [ -158.140527359424084, 21.388066872930803 ], [ -158.13904235907259, 21.387339872797341 ], [ -158.139453359205646, 21.388523873078828 ], [ -158.13709935869872, 21.388751873210754 ], [ -158.137134358638406, 21.386885872745324 ], [ -158.135110358136842, 21.385275872409363 ], [ -158.134824358076258, 21.385331872432431 ], [ -158.132306357459782, 21.383536872066188 ], [ -158.133582357688312, 21.382142871678575 ], [ -158.136157358204969, 21.380852871275366 ], [ -158.13645035817666, 21.378313870634251 ], [ -158.139679358798247, 21.375974869949179 ], [ -158.13574035769912, 21.369459868453919 ], [ -158.135576357647892, 21.369038868354409 ], [ -158.135332357554148, 21.367929868086275 ], [ -158.13570526992288, 21.367850482085711 ], [ -158.136480357853401, 21.369249868378059 ], [ -158.138115265720018, 21.370261443645965 ], [ -158.14075035888402, 21.371891868899098 ], [ -158.14113235913095, 21.3763788700033 ], [ -158.146264360375341, 21.379709870668172 ], [ -158.14780522021664, 21.382156542217984 ], [ -158.148187069699333, 21.382762866193652 ], [ -158.148216687779495, 21.382809895594406 ] ] ] } },
{ "type": "Feature", "properties": { "geoid": "15003009512", "county_name": "Honolulu County", "place_name": "Kaneohe Base", "state_name": "Hawaii", "state_abbr": "HI", "is_rural": true, "dci_score": 68.8, "dci_quintile": 4.0, "is_cra_lmi": true, "income_level": "M", "is_persistent_poverty": false, "is_tribal_overlap": false, "tribal_area_name": null, "aian_pct": 0.0, "has_nmtc": false, "nmtc_projects": 0, "nmtc_total_usd": 0.0 }, "geometry": { "type": "Polygon", "coordinates": [ [ [ -158.067511347193175, 21.49114890092655 ], [ -158.067443347222905, 21.492370901233066 ], [ -158.060622345711096, 21.491904901335253 ], [ -158.060735345776152, 21.493008901606608 ], [ -158.062157346137212, 21.494361901898088 ], [ -158.061554346024508, 21.494893902049888 ], [ -158.057249345162944, 21.497136902746295 ], [ -158.05223434413108, 21.498978903365543 ], [ -158.051727344046441, 21.499703903562338 ], [ -158.050247343537393, 21.494647902350316 ], [ -158.048611343131768, 21.493359902081821 ], [ -158.043665341998576, 21.492014901904938 ], [ -158.042901341771028, 21.490366901518865 ], [ -158.042447341620118, 21.488958901182659 ], [ -158.039517340968331, 21.488696901211043 ], [ -158.039773341005002, 21.488163901070102 ], [ -158.042783341565638, 21.485447900297391 ], [ -158.046559342337446, 21.483918899795871 ], [ -158.046900342402495, 21.483652899718713 ], [ -158.049108342762764, 21.480263898804051 ], [ -158.049888342864051, 21.478354898303667 ], [ -158.051459343332198, 21.481748899098772 ], [ -158.053177343729374, 21.482315899185071 ], [ -158.057004344577024, 21.48256189912399 ], [ -158.056412344497602, 21.483939899486117 ], [ -158.056560344704764, 21.488725900673401 ], [ -158.059004345243125, 21.488800900613917 ], [ -158.06660834695279, 21.489985900665797 ], [ -158.067705347188934, 21.489868900601554 ], [ -158.067511347193175, 21.49114890092655 ] ] ] } },
{ "type": "Feature", "properties": { "geoid": "15003003414", "county_name": "Honolulu County", "place_name": "Urban Honolulu", "state_name": "Hawaii", "state_abbr": "HI", "is_rural": false, "dci_score": 47.1, "dci_quintile": 5.0, "is_cra_lmi": false, "income_level": "U", "is_persistent_poverty": false, "is_tribal_overlap": false, "tribal_area_name": null, "aian_pct": 0.0, "has_nmtc": false, "nmtc_projects": 0, "nmtc_total_usd": 0.0 }, "geometry": { "type": "Polygon", "coordinates": [ [ [ -157.838282290125306, 21.302462861195028 ], [ -157.836528289732257, 21.302224861190876 ], [ -157.834869289428212, 21.303891861658354 ], [ -157.836325289774408, 21.304645861800442 ], [ -157.833222289204315, 21.307725862665386 ], [ -157.8319942888985, 21.30670386244935 ], [ -157.830222288449079, 21.305001862080964 ], [ -157.831293288649732, 21.304046861809361 ], [ -157.832457288863168, 21.302880861482258 ], [ -157.832963288952385, 21.302272861314869 ], [ -157.833914289109742, 21.300842860928697 ], [ -157.835749289548602, 21.301864861125658 ], [ -157.838391290143562, 21.302304861152244 ], [ -157.838282290125306, 21.302462861195028 ] ] ] } },
{ "type": "Feature", "properties": { "geoid": "15003001101", "county_name": "Honolulu County", "place_name": "Wahiawa", "state_name": "Hawaii", "state_abbr": "HI", "is_rural": false, "dci_score": 39.3, "dci_quintile": 5.0, "is_cra_lmi": true, "income_level": "M", "is_persistent_poverty": false, "is_tribal_overlap": false, "tribal_area_name": null, "aian_pct": 0.0, "has_nmtc": false, "nmtc_projects": 0, "nmtc_total_usd": 0.0 }, "geometry": { "type": "Polygon", "coordinates": [ [ [ -157.796849280802945, 21.295816860840119 ], [ -157.795296280573467, 21.298926861663858 ], [ -157.793351280186272, 21.30002786199924 ], [ -157.793292280239626, 21.30188386246363 ], [ -157.792033280035696, 21.303904863006782 ], [ -157.788661279377294, 21.306173863678048 ], [ -157.788102279172222, 21.303866863120636 ], [ -157.789526279426667, 21.302245862671992 ], [ -157.790170279533612, 21.301286862412784 ], [ -157.794316280272881, 21.296527861096759 ], [ -157.795160280381793, 21.294394860538741 ], [ -157.796252280645461, 21.295072860673443 ], [ -157.796849280802945, 21.295816860840119 ] ] ] } },
{ "type": "Feature", "properties": { "geoid": "15003009705", "county_name": "Honolulu County", "place_name": null, "state_name": "Hawaii", "state_abbr": "HI", "is_rural": false, "dci_score": 75.1, "dci_quintile": 3.0, "is_cra_lmi": false, "income_level": "U", "is_persistent_poverty": false, "is_tribal_overlap": false, "tribal_area_name": null, "aian_pct": 0.0, "has_nmtc": false, "nmtc_projects": 0, "nmtc_total_usd": 0.0 }, "geometry": { "type": "Polygon", "coordinates": [ [ [ -158.18872837190645, 21.44099188455645 ], [ -158.187105371614592, 21.442723885039488 ], [ -158.18580037134339, 21.443116885179151 ], [ -158.185367371193564, 21.441613884819052 ], [ -158.182701370578997, 21.440765884693576 ], [ -158.18304737070676, 21.442187885036311 ], [ -158.18082537021769, 21.442112885088932 ], [ -158.179988370001468, 21.441211884891583 ], [ -158.180236370025057, 21.440372884674858 ], [ -158.178439369618502, 21.440010884642419 ], [ -158.177949369425647, 21.43767188407611 ], [ -158.178684369529691, 21.436117883665865 ], [ -158.178555369487043, 21.435723883571963 ], [ -158.176626369090826, 21.436434883810726 ], [ -158.175173368860214, 21.438824884452035 ], [ -158.17491036883078, 21.439593884651821 ], [ -158.174427368722775, 21.439531884651888 ], [ -158.172866368408165, 21.440271884886084 ], [ -158.177260369084962, 21.43248088280653 ], [ -158.174678368448639, 21.430533882404834 ], [ -158.174229368332902, 21.430055882300284 ], [ -158.17635436875517, 21.428884881940796 ], [ -158.179669870182124, 21.42861916020491 ], [ -158.18265337017715, 21.430068882033463 ], [ -158.188289371792564, 21.440504884449361 ], [ -158.190340773123665, 21.440262597939849 ], [ -158.18872837190645, 21.44099188455645 ] ] ] } },
{ "type": "Feature", "properties": { "geoid": "15001021204", "county_name": "Hawaii County", "place_name": null, "state_name": "Hawaii", "state_abbr": "HI", "is_rural": true, "dci_score": 74.5, "dci_quintile": 3.0, "is_cra_lmi": false, "income_level": "U", "is_persistent_poverty": false, "is_tribal_overlap": false, "tribal_area_name": null, "aian_pct": 0.0, "has_nmtc": false, "nmtc_projects": 0, "nmtc_total_usd": 0.0 }, "geometry": { "type": "Polygon", "coordinates": [ [ [ -155.907297180525291, 19.082179937378854 ], [ -155.900825794105231, 19.08544036459287 ], [ -155.892485792366784, 19.088533365579622 ], [ -155.844199782782312, 19.123254375479259 ], [ -155.838989781756993, 19.127320376627207 ], [ -155.83617378095704, 19.120973375119803 ], [ -155.83499278058423, 19.117012374164105 ], [ -155.831690779781098, 19.114258373564052 ], [ -155.829194779153028, 19.111445372928348 ], [ -155.826814778574629, 19.109475372499563 ], [ -155.817244776293222, 19.103095371159071 ], [ -155.811314774909818, 19.100195370590651 ], [ -155.811276774900989, 19.100178370587408 ], [ -155.804374773296672, 19.09700536997611 ], [ -155.801242772568799, 19.095570369699889 ], [ -155.800964772493927, 19.095085369586307 ], [ -155.799014772050583, 19.094535369499845 ], [ -155.783114768355006, 19.087235368093445 ], [ -155.74922476059217, 19.075665366087701 ], [ -155.747231760135463, 19.074979365968289 ], [ -155.714934752729476, 19.063685363987922 ], [ -155.710224751746438, 19.065445364547685 ], [ -155.705474750724704, 19.0661553648469 ], [ -155.701444749826976, 19.065675364831101 ], [ -155.69925474930244, 19.064125364501333 ], [ -155.694124748092463, 19.061155363893469 ], [ -155.692754747754634, 19.059845363602363 ], [ -155.690484747234478, 19.059065363466445 ], [ -155.675754743974977, 19.058085363601098 ], [ -155.673974743601804, 19.058695363798847 ], [ -155.671294743059576, 19.060305364268871 ], [ -155.668824742532109, 19.060815364459433 ], [ -155.666144741918799, 19.059925364306558 ], [ -155.662004741008673, 19.059865364397989 ], [ -155.657366740001748, 19.060243364611335 ], [ -155.656851739868074, 19.059515364443158 ], [ -155.654403739355672, 19.060388364723575 ], [ -155.652754738990609, 19.060275364737766 ], [ -155.64705473777758, 19.061605365215563 ], [ -155.644901737328212, 19.062418365473437 ], [ -155.642425736793768, 19.062732365615258 ], [ -155.638777735984377, 19.062422365631658 ], [ -155.636704735476997, 19.06057536522459 ], [ -155.634324734935973, 19.059915365121196 ], [ -155.631214734305388, 19.061745365657039 ], [ -155.628874733780151, 19.061335365614909 ], [ -155.625564733091181, 19.062655366028789 ], [ -155.623594732708455, 19.064405366515462 ], [ -155.621274732220542, 19.065155366761896 ], [ -155.619421731857415, 19.066692367192509 ], [ -155.618920731784982, 19.068015367535093 ], [ -155.618485731700275, 19.068394367640707 ], [ -155.616269731210792, 19.06828636767063 ], [ -155.615850731109759, 19.067966367601624 ], [ -155.615712731063581, 19.067406367465594 ], [ -155.615212730943028, 19.067026367383704 ], [ -155.612542730390203, 19.068198367744287 ], [ -155.612404730361675, 19.06825936776303 ], [ -155.611974730262091, 19.068075367728198 ], [ -155.611164730053929, 19.067005367482281 ], [ -155.600924727636908, 19.061035366256757 ], [ -155.596191726503605, 19.057707365548506 ], [ -155.592661725658445, 19.055224365020017 ], [ -155.589234724929241, 19.056040365311148 ], [ -155.586194724295979, 19.057245365689333 ], [ -155.586014724309706, 19.059125366162558 ], [ -155.586794724612133, 19.063755367296697 ], [ -155.587574724813379, 19.064815367540945 ], [ -155.58734472482152, 19.066885368062838 ], [ -155.584534724212261, 19.067155368202108 ], [ -155.582634723828534, 19.068335368544918 ], [ -155.581884723696476, 19.069485368850803 ], [ -155.579534723213669, 19.070655369202655 ], [ -155.576904722735094, 19.074145370140045 ], [ -155.574884722383899, 19.077405371004502 ], [ -155.57369472221103, 19.080525371812818 ], [ -155.572454721960582, 19.08129537203655 ], [ -155.572144721929902, 19.082615372373592 ], [ -155.570544721636111, 19.08464537292069 ], [ -155.568624721172029, 19.083145372595887 ], [ -155.567634720956022, 19.08319537263371 ], [ -155.56532072048779, 19.084603373044025 ], [ -155.563083719992505, 19.084461373065906 ], [ -155.561489719614428, 19.083470372859633 ], [ -155.55525271817848, 19.081129372435608 ], [ -155.553033355223192, 19.080320922509131 ], [ -155.554926718012268, 19.077786371610436 ], [ -155.553363717529578, 19.072860370422227 ], [ -155.552935717205742, 19.064735368407444 ], [ -155.551760716580219, 19.051734365196232 ], [ -155.553896716873567, 19.045519363592309 ], [ -155.558509717659234, 19.037477361469765 ], [ -155.565151718870197, 19.028725359118599 ], [ -155.568730719581254, 19.026083358368691 ], [ -155.57584172107326, 19.02364335757893 ], [ -155.580021721832509, 19.018040356075762 ], [ -155.584903722513673, 19.004213352505356 ], [ -155.590296723552797, 18.9990963510926 ], [ -155.593732724198219, 18.995248350046076 ], [ -155.593768723713481, 18.977777345692171 ], [ -155.596995724333425, 18.974651344831052 ], [ -155.599192724639067, 18.968391343215483 ], [ -155.60612972617389, 18.96885134315314 ], [ -155.6095127268363, 18.966021342361863 ], [ -155.612919727662216, 18.968807342968955 ], [ -155.619574729090459, 18.967683342519123 ], [ -155.621753729428178, 18.962709341224532 ], [ -155.622370729420425, 18.957632339944197 ], [ -155.622472048367257, 18.957441318600434 ], [ -155.623177266219443, 18.956111738437979 ], [ -155.626273625108098, 18.950274028374796 ], [ -155.6273454179792, 18.948253327203879 ], [ -155.627420730259786, 18.94811133744399 ], [ -155.631831102613347, 18.945461285031083 ], [ -155.632258731238892, 18.945204336596582 ], [ -155.632527725516468, 18.942562106637883 ], [ -155.632647731216593, 18.941383335635063 ], [ -155.635390120452428, 18.938806331499745 ], [ -155.638119732271718, 18.936241334214962 ], [ -155.643399733397075, 18.935086333792658 ], [ -155.645992733913147, 18.933221333262097 ], [ -155.649608734538447, 18.927272331688517 ], [ -155.651247464658638, 18.925741137157054 ], [ -155.652770788813541, 18.92431777550269 ], [ -155.654774735535199, 18.922445330354858 ], [ -155.65758323620318, 18.920925957074317 ], [ -155.661279113667121, 18.918926521029132 ], [ -155.663837737384085, 18.917542328902925 ], [ -155.66905473849755, 18.916469328502693 ], [ -155.669823042609011, 18.915654043758511 ], [ -155.673077739259213, 18.912200327337246 ], [ -155.677428038109383, 18.911083801947584 ], [ -155.677585740214823, 18.911043326934184 ], [ -155.678613361878263, 18.910907874853844 ], [ -155.680966787321381, 18.910597666940056 ], [ -155.682797741337936, 18.910356326630147 ], [ -155.683372869831771, 18.913896873221933 ], [ -155.684027741820955, 18.917928328483704 ], [ -155.682871741754752, 18.924566330165739 ], [ -155.683986742270633, 18.934188332532742 ], [ -155.688088743319696, 18.939493333748654 ], [ -155.696904745444499, 18.946295335216618 ], [ -155.701299746448086, 18.947715335457676 ], [ -155.705720747487106, 18.950185335959432 ], [ -155.707311747947983, 18.954148336905323 ], [ -155.714852749775162, 18.960300338243751 ], [ -155.719229750754891, 18.961014338309322 ], [ -155.72361775187025, 18.966432339545666 ], [ -155.729054753094061, 18.967561339687283 ], [ -155.73484075443011, 18.969951340133818 ], [ -155.741319755855727, 18.970144340015562 ], [ -155.75474475897019, 18.976202341178823 ], [ -155.759192759974923, 18.977254341326393 ], [ -155.763113760997669, 18.983006342657426 ], [ -155.775591763929555, 18.98993734406173 ], [ -155.785869766412304, 18.998027345810868 ], [ -155.78973076729315, 18.999244346014329 ], [ -155.801015770075878, 19.0101093484279 ], [ -155.807318771460928, 19.010240348297909 ], [ -155.827448776038665, 19.016075349230533 ], [ -155.835199777801222, 19.018322349589514 ], [ -155.843922779748851, 19.019593349680335 ], [ -155.850454781174449, 19.019399349463129 ], [ -155.854448782148324, 19.022854350219639 ], [ -155.861056783647513, 19.02465235049609 ], [ -155.867053785108141, 19.029779351616725 ], [ -155.879596787963436, 19.033529352224964 ], [ -155.881554788481509, 19.036639352948129 ], [ -155.881440788741259, 19.046569355422236 ], [ -155.883296789305462, 19.052061356740857 ], [ -155.88628279006565, 19.055755357582701 ], [ -155.890106791030973, 19.060196358588659 ], [ -155.897248792906424, 19.07100936109422 ], [ -155.903602794486943, 19.077561362559688 ], [ -155.906783795250874, 19.079889363056338 ], [ -155.907297180525291, 19.082179937378854 ] ] ] } },
{ "type": "Feature", "properties": { "geoid": "15001021108", "county_name": "Hawaii County", "place_name": null, "state_name": "Hawaii", "state_abbr": "HI", "is_rural": true, "dci_score": 72.0, "dci_quintile": 3.0, "is_cra_lmi": true, "income_level": "M", "is_persistent_poverty": false, "is_tribal_overlap": false, "tribal_area_name": null, "aian_pct": 0.0, "has_nmtc": false, "nmtc_projects": 0, "nmtc_total_usd": 0.0 }, "geometry": { "type": "Polygon", "coordinates": [ [ [ -154.9734336030088, 19.540644502181681 ], [ -154.963130601052228, 19.551969505283473 ], [ -154.962914600987574, 19.551372505139284 ], [ -154.94911159835334, 19.56609850918338 ], [ -154.944498597476525, 19.57115051056779 ], [ -154.941139596866037, 19.575814511823012 ], [ -154.937409596171761, 19.58041851307269 ], [ -154.929660594697879, 19.588876515391458 ], [ -154.930356594895017, 19.590398515755457 ], [ -154.930167594949353, 19.593787516610316 ], [ -154.929667368194202, 19.593803455669857 ], [ -154.926025593971104, 19.591597516166566 ], [ -154.921633592759036, 19.583110514149709 ], [ -154.912002590533035, 19.579729513546852 ], [ -154.90629858904947, 19.571891511725998 ], [ -154.902638588139922, 19.568357510932657 ], [ -154.898875441929988, 19.566782713249118 ], [ -154.893257749475936, 19.5644318268982 ], [ -154.888384584818425, 19.562392509798666 ], [ -154.887391523078577, 19.561253120537991 ], [ -154.883837583665212, 19.557175508605535 ], [ -154.879673582708364, 19.555908508393419 ], [ -154.876806175117423, 19.555955656537115 ], [ -154.874686581607563, 19.555990508540543 ], [ -154.866843579676697, 19.549047506997876 ], [ -154.850102575900252, 19.546455506771938 ], [ -154.837388572859197, 19.538349505060356 ], [ -154.832460571676393, 19.535060504359944 ], [ -154.825053570032452, 19.534875504500867 ], [ -154.814861567621222, 19.529318503364351 ], [ -154.811353566773732, 19.526779502815995 ], [ -154.809565566254321, 19.522372501755527 ], [ -154.80695156559517, 19.519494501099498 ], [ -154.80688327511794, 19.518137326698547 ], [ -154.823284568946235, 19.510155498344325 ], [ -154.825194569347133, 19.50938549810294 ], [ -154.841414572866654, 19.506955497083666 ], [ -154.844146573462751, 19.506664496941625 ], [ -154.844741573581047, 19.506190496807712 ], [ -154.846064573761083, 19.502185495769787 ], [ -154.84835457417455, 19.498875494881762 ], [ -154.850151574525228, 19.49721149441903 ], [ -154.853612575221945, 19.49476849371888 ], [ -154.854980575507653, 19.494169493534098 ], [ -154.867864578259145, 19.490695492337235 ], [ -154.869634578639534, 19.490305492194686 ], [ -154.88029458101326, 19.490895492073008 ], [ -154.881084581183131, 19.490725492010402 ], [ -154.888854582804271, 19.487285490951258 ], [ -154.891684583370306, 19.485165490348098 ], [ -154.897994584678088, 19.482065489411177 ], [ -154.902523585640893, 19.480700488954326 ], [ -154.902695585682267, 19.480819488979801 ], [ -154.90587858645938, 19.483429489553554 ], [ -154.907274586815959, 19.485134489945661 ], [ -154.910857587629607, 19.485901490047201 ], [ -154.917191589052692, 19.486715490090802 ], [ -154.920737589867741, 19.487823490278718 ], [ -154.923520590493951, 19.488214490306195 ], [ -154.926990591260619, 19.488202490215215 ], [ -154.929163591741485, 19.488222490165139 ], [ -154.930438592032317, 19.488542490213028 ], [ -154.940784594402658, 19.491505490693356 ], [ -154.940765594436414, 19.492849491030739 ], [ -154.941907594740428, 19.494679491460492 ], [ -154.941437594674142, 19.496011491806325 ], [ -154.946014595791837, 19.499767492631673 ], [ -154.948994596506651, 19.50175549305435 ], [ -154.950815596946143, 19.503067493336985 ], [ -154.952264597294345, 19.504055493547849 ], [ -154.952944597453694, 19.504375493610794 ], [ -154.95444959780022, 19.504867493695883 ], [ -154.956744598335092, 19.505845493882724 ], [ -154.959894599152847, 19.510145494880561 ], [ -154.962304599748023, 19.512355495373278 ], [ -154.963514600070624, 19.514305495831326 ], [ -154.965764600673708, 19.518045496711622 ], [ -154.969402601650842, 19.524159498151718 ], [ -154.970399601939988, 19.52658849873524 ], [ -154.9734336030088, 19.540644502181681 ] ] ] } },
{ "type": "Feature", "properties": { "geoid": "15001021016", "county_name": "Hawaii County", "place_name": null, "state_name": "Hawaii", "state_abbr": "HI", "is_rural": true, "dci_score": 67.7, "dci_quintile": 4.0, "is_cra_lmi": true, "income_level": "M", "is_persistent_poverty": false, "is_tribal_overlap": false, "tribal_area_name": null, "aian_pct": 0.0, "has_nmtc": false, "nmtc_projects": 0, "nmtc_total_usd": 0.0 }, "geometry": { "type": "Polygon", "coordinates": [ [ [ -155.112224633863548, 19.547275500295473 ], [ -155.10889463317946, 19.549075500831851 ], [ -155.104263632292287, 19.553829502141735 ], [ -155.098893631236962, 19.558413503428042 ], [ -155.095804630459838, 19.555092502675144 ], [ -155.090520629128235, 19.54932850136635 ], [ -155.089301628866025, 19.549576501459732 ], [ -155.088293628663735, 19.550291501664724 ], [ -155.085324628080997, 19.55285550238327 ], [ -155.085131628106637, 19.555248502987851 ], [ -155.081606627417386, 19.558385503864265 ], [ -155.081551627437335, 19.559510504147589 ], [ -155.07856562685356, 19.562171504890934 ], [ -155.073711625863154, 19.565045505735565 ], [ -155.067905624630242, 19.566794506322665 ], [ -155.065612624256602, 19.571458507550311 ], [ -155.05835462283784, 19.577945509362149 ], [ -155.055695622316279, 19.580259510010286 ], [ -155.053354621812247, 19.580725510187069 ], [ -155.049858621156602, 19.584825511304338 ], [ -155.035918617422254, 19.5618835059107 ], [ -155.028984615560233, 19.550295503183516 ], [ -155.037894617391174, 19.545445501740232 ], [ -155.033074616100436, 19.537505499873468 ], [ -155.018324612151304, 19.513195494157511 ], [ -155.014264611063481, 19.506465492574435 ], [ -155.012162610471648, 19.501968491501053 ], [ -155.01895261186985, 19.498371490426695 ], [ -155.026876613520756, 19.49485548934376 ], [ -155.048420617977229, 19.484189486122272 ], [ -155.051253618563237, 19.482788485699054 ], [ -155.070618622566968, 19.473168482795327 ], [ -155.07168462286154, 19.475255483290901 ], [ -155.101364630810934, 19.524335494826808 ], [ -155.103917631437781, 19.526548495315811 ], [ -155.104144631490669, 19.526645495334296 ], [ -155.105534631826686, 19.527665495554217 ], [ -155.118834635173499, 19.542025498810641 ], [ -155.112224633863548, 19.547275500295473 ] ] ] } },
{ "type": "Feature", "properties": { "geoid": "15001020300", "county_name": "Hawaii County", "place_name": null, "state_name": "Hawaii", "state_abbr": "HI", "is_rural": true, "dci_score": 65.1, "dci_quintile": 4.0, "is_cra_lmi": true, "income_level": "L", "is_persistent_poverty": false, "is_tribal_overlap": false, "tribal_area_name": null, "aian_pct": 0.0, "has_nmtc": false, "nmtc_projects": 0, "nmtc_total_usd": 0.0 }, "geometry": { "type": "Polygon", "coordinates": [ [ [ -155.137224644198852, 19.714869541654917 ], [ -155.136797644092582, 19.714458541562927 ], [ -155.137569644250391, 19.71401354143136 ], [ -155.135966643888054, 19.713737541403678 ], [ -155.135961643902846, 19.714288541541954 ], [ -155.135063643713977, 19.714621541648693 ], [ -155.135523643835199, 19.715299541806779 ], [ -155.133130643346874, 19.716707542221766 ], [ -155.134198643539349, 19.715195541815007 ], [ -155.133352643366578, 19.715689541960767 ], [ -155.130788642791032, 19.71538554195093 ], [ -155.127829642158133, 19.716122542212318 ], [ -155.120215640585229, 19.719945543367977 ], [ -155.118756640267833, 19.720125543450877 ], [ -155.116470639743767, 19.719478543347794 ], [ -155.114570639341053, 19.720079543547651 ], [ -155.109163638133538, 19.719662543582963 ], [ -155.107567637820949, 19.721058543974319 ], [ -155.103413636875104, 19.720110543844015 ], [ -155.099576636086624, 19.722187544464102 ], [ -155.097141635626457, 19.724902545207939 ], [ -155.090512634200138, 19.726274545723424 ], [ -155.09245463477788, 19.731415546962573 ], [ -155.093034634917984, 19.731827547050905 ], [ -155.093424635013406, 19.732145547120574 ], [ -155.093404635030367, 19.732885547306683 ], [ -155.093163635015287, 19.734210547645237 ], [ -155.091463634630514, 19.7339055476127 ], [ -155.089926389080659, 19.734394770747659 ], [ -155.087122633500513, 19.728008546245945 ], [ -155.087043253385133, 19.727945259803118 ], [ -155.086658823049277, 19.727638769589788 ], [ -155.083132739629491, 19.724827570889854 ], [ -155.08313363249772, 19.723821545298922 ], [ -155.084844632812519, 19.721615544701439 ], [ -155.088194633483539, 19.719195544007963 ], [ -155.095714634991623, 19.713825542466928 ], [ -155.097024635271481, 19.713485542347811 ], [ -155.099064635833827, 19.717345543263068 ], [ -155.10157463635565, 19.716195542909794 ], [ -155.104214636918869, 19.715485542663501 ], [ -155.10440463695511, 19.715285542608427 ], [ -155.1050946371561, 19.716965543011881 ], [ -155.105586637266981, 19.717037543017209 ], [ -155.105608637271956, 19.717041543017643 ], [ -155.105631637277185, 19.717046543018302 ], [ -155.109664638189599, 19.717765543094302 ], [ -155.111654638626987, 19.717675543020267 ], [ -155.120914640642781, 19.716585542507378 ], [ -155.122704640999842, 19.715245542125057 ], [ -155.127084641919367, 19.713555541587958 ], [ -155.127784642027336, 19.711935541163655 ], [ -155.128674642209972, 19.71144554101776 ], [ -155.133244643236935, 19.712025541044902 ], [ -155.13614464389417, 19.712585541110229 ], [ -155.136954644088235, 19.71310554121963 ], [ -155.138303644441521, 19.715014541663333 ], [ -155.137224644198852, 19.714869541654917 ] ] ] } },
{ "type": "Feature", "properties": { "geoid": "15003007002", "county_name": "Honolulu County", "place_name": null, "state_name": "Hawaii", "state_abbr": "HI", "is_rural": false, "dci_score": 49.7, "dci_quintile": 5.0, "is_cra_lmi": true, "income_level": "M", "is_persistent_poverty": false, "is_tribal_overlap": false, "tribal_area_name": null, "aian_pct": 0.0, "has_nmtc": false, "nmtc_projects": 0, "nmtc_total_usd": 0.0 }, "geometry": { "type": "Polygon", "coordinates": [ [ [ -157.929975311580307, 21.340259867720309 ], [ -157.926688311094296, 21.34676586944466 ], [ -157.925506310868911, 21.347700869714913 ], [ -157.924987310755739, 21.347716869735301 ], [ -157.923461310458492, 21.348749870040841 ], [ -157.922247310155967, 21.347736869826885 ], [ -157.917068308927924, 21.345154869347422 ], [ -157.915781308623338, 21.344529869232403 ], [ -157.913747308147379, 21.34369186908793 ], [ -157.913075307999179, 21.343666869102918 ], [ -157.912182307804159, 21.343685869135868 ], [ -157.913099307889041, 21.340459868303338 ], [ -157.912459307745308, 21.34036386829963 ], [ -157.913053307748072, 21.336821867398609 ], [ -157.91885330905086, 21.337701867434617 ], [ -157.92274930992113, 21.338158867425363 ], [ -157.926614310789375, 21.338747867449946 ], [ -157.928416311202398, 21.339251867518524 ], [ -157.930161311609368, 21.339934867633485 ], [ -157.929975311580307, 21.340259867720309 ] ] ] } },
{ "type": "Feature", "properties": { "geoid": "15003009804", "county_name": "Honolulu County", "place_name": null, "state_name": "Hawaii", "state_abbr": "HI", "is_rural": true, "dci_score": 75.1, "dci_quintile": 3.0, "is_cra_lmi": true, "income_level": "M", "is_persistent_poverty": false, "is_tribal_overlap": false, "tribal_area_name": null, "aian_pct": 0.0, "has_nmtc": false, "nmtc_projects": 0, "nmtc_total_usd": 0.0 }, "geometry": { "type": "Polygon", "coordinates": [ [ [ -158.21737637946157, 21.47603289235493 ], [ -158.213552378597029, 21.475282892291332 ], [ -158.210757378010499, 21.475970892552432 ], [ -158.20998037776701, 21.473971892080012 ], [ -158.207739377215859, 21.472319891741016 ], [ -158.207233377096202, 21.472077891697069 ], [ -158.205297376680534, 21.472297891814062 ], [ -158.204196376446419, 21.472484891895984 ], [ -158.203785376365119, 21.472721891968181 ], [ -158.203390376289974, 21.473029892057522 ], [ -158.203060376218133, 21.473040892070866 ], [ -158.202360376030526, 21.472103891860211 ], [ -158.200648375605795, 21.470741891576321 ], [ -158.199822375421974, 21.470659891582471 ], [ -158.200006375431286, 21.46981589136653 ], [ -158.199689375310214, 21.468406891026113 ], [ -158.202226375741077, 21.465013890100284 ], [ -158.199617375102036, 21.463160889723035 ], [ -158.19925337496764, 21.46166788936323 ], [ -158.203257375730942, 21.458583888467196 ], [ -158.20566784159152, 21.458965862717786 ], [ -158.208733377002233, 21.460566888784633 ], [ -158.208510376970679, 21.461037888908983 ], [ -158.207890376876236, 21.462162889208837 ], [ -158.210932377666495, 21.46555488995504 ], [ -158.212462378063265, 21.467241890325607 ], [ -158.212908378191173, 21.468066890516543 ], [ -158.213379378364579, 21.469982890978134 ], [ -158.214299378595342, 21.470784891148092 ], [ -158.215516378902379, 21.471891891384395 ], [ -158.215799378979824, 21.472313891480301 ], [ -158.215499378923369, 21.472564891552402 ], [ -158.215239378880284, 21.472940891654314 ], [ -158.216090379092236, 21.473640891801114 ], [ -158.21683937930402, 21.474943892101241 ], [ -158.21737637946157, 21.47603289235493 ] ] ] } },
{ "type": "Feature", "properties": { "geoid": "15003981801", "county_name": "Honolulu County", "place_name": null, "state_name": "Hawaii", "state_abbr": "HI", "is_rural": true, "dci_score": 19.3, "dci_quintile": 5.0, "is_cra_lmi": true, "income_level": "M", "is_persistent_poverty": false, "is_tribal_overlap": false, "tribal_area_name": null, "aian_pct": 0.0, "has_nmtc": false, "nmtc_projects": 0, "nmtc_total_usd": 0.0 }, "geometry": { "type": "Polygon", "coordinates": [ [ [ -157.746631275262956, 21.448720900542018 ], [ -157.743069274499845, 21.449251900786741 ], [ -157.742202274388461, 21.45144990136237 ], [ -157.742444274479539, 21.452504901617932 ], [ -157.740299274039273, 21.453361901899328 ], [ -157.738096273520512, 21.452389901726274 ], [ -157.737764273249326, 21.446874900360932 ], [ -157.738979273506516, 21.446605900255545 ], [ -157.740074273679966, 21.444741899756053 ], [ -157.743366274403314, 21.444753899655328 ], [ -157.743758274374159, 21.441547898843243 ], [ -157.752538276400372, 21.444279899248041 ], [ -157.746631275262956, 21.448720900542018 ] ] ] } },
{ "type": "Feature", "properties": { "geoid": "15003005601", "county_name": "Honolulu County", "place_name": null, "state_name": "Hawaii", "state_abbr": "HI", "is_rural": false, "dci_score": 87.0, "dci_quintile": 2.0, "is_cra_lmi": false, "income_level": "NA", "is_persistent_poverty": false, "is_tribal_overlap": false, "tribal_area_name": null, "aian_pct": 0.0, "has_nmtc": false, "nmtc_projects": 0, "nmtc_total_usd": 0.0 }, "geometry": { "type": "Polygon", "coordinates": [ [ [ -157.86742429739266, 21.326975866385141 ], [ -157.867162297359215, 21.327644866560064 ], [ -157.866824297281084, 21.327532866542814 ], [ -157.86716029732159, 21.326608866302024 ], [ -157.866576297168308, 21.325904866145031 ], [ -157.865425296945403, 21.326724866385582 ], [ -157.865047296881613, 21.327256866530032 ], [ -157.865690297059416, 21.328282866765399 ], [ -157.864262296774967, 21.32907986700895 ], [ -157.862933296399717, 21.326741866468321 ], [ -157.862027296143424, 21.325134866096487 ], [ -157.863698296479328, 21.324285865832337 ], [ -157.864303296596063, 21.323843865703164 ], [ -157.865590296894794, 21.324305865777724 ], [ -157.867581297412613, 21.326572866279786 ], [ -157.86742429739266, 21.326975866385141 ] ] ] } },
{ "type": "Feature", "properties": { "geoid": "15003940007", "county_name": "Honolulu County", "place_name": null, "state_name": "Hawaii", "state_abbr": "HI", "is_rural": false, "dci_score": 75.1, "dci_quintile": 3.0, "is_cra_lmi": false, "income_level": "NA", "is_persistent_poverty": false, "is_tribal_overlap": false, "tribal_area_name": null, "aian_pct": 0.0, "has_nmtc": false, "nmtc_projects": 0, "nmtc_total_usd": 0.0 }, "geometry": { "type": "Polygon", "coordinates": [ [ [ -158.152256853238669, 21.387392546578287 ], [ -158.149302361425583, 21.390288873203257 ], [ -158.148675361306772, 21.390793873348951 ], [ -158.143423360221732, 21.39256287395698 ], [ -158.14306436015454, 21.392875874046339 ], [ -158.14069335953775, 21.390189873453757 ], [ -158.140767359552086, 21.390138873438694 ], [ -158.139453359205646, 21.388523873078828 ], [ -158.13904235907259, 21.387339872797341 ], [ -158.140527359424084, 21.388066872930803 ], [ -158.144319360203724, 21.386685872466021 ], [ -158.14449236018794, 21.385212872093987 ], [ -158.146902360637483, 21.383073871484783 ], [ -158.147270360730118, 21.383405871555624 ], [ -158.148216687779495, 21.382809895594406 ], [ -158.149724361332687, 21.385203871924567 ], [ -158.152256853238669, 21.387392546578287 ] ] ] } },
{ "type": "Feature", "properties": { "geoid": "15009030306", "county_name": "Maui County", "place_name": null, "state_name": "Hawaii", "state_abbr": "HI", "is_rural": true, "dci_score": 55.7, "dci_quintile": 4.0, "is_cra_lmi": true, "income_level": "M", "is_persistent_poverty": false, "is_tribal_overlap": false, "tribal_area_name": null, "aian_pct": 0.0, "has_nmtc": false, "nmtc_projects": 0, "nmtc_total_usd": 0.0 }, "geometry": { "type": "Polygon", "coordinates": [ [ [ -156.441009963389803, 20.733510761202663 ], [ -156.438195962870083, 20.736609762059697 ], [ -156.437355962767725, 20.73915376272085 ], [ -156.435959962715913, 20.747007764727528 ], [ -156.435049962556064, 20.748260765067517 ], [ -156.435344962685264, 20.750226765551243 ], [ -156.434634962554952, 20.751033765773801 ], [ -156.434993962769511, 20.755182766802275 ], [ -156.432494962270255, 20.756778767274039 ], [ -156.430180961776813, 20.757302767472048 ], [ -156.429163961658901, 20.760565768318465 ], [ -156.431092962153713, 20.762685768793613 ], [ -156.426954961305483, 20.764670769410156 ], [ -156.42566296106213, 20.765949769767733 ], [ -156.424622960821807, 20.765616769714374 ], [ -156.419707959729095, 20.765366769793658 ], [ -156.416560958992562, 20.764075769561195 ], [ -156.416096958834515, 20.762370769147626 ], [ -156.414161958436637, 20.763262769426834 ], [ -156.408037956965899, 20.759601768686707 ], [ -156.405132956298843, 20.75880376857064 ], [ -156.401826955518317, 20.7572397682743 ], [ -156.403004955693376, 20.754635767588212 ], [ -156.410883956838717, 20.736423762800634 ], [ -156.4156629575333, 20.725372759895947 ], [ -156.410120956238899, 20.72316775950349 ], [ -156.407844955678229, 20.721367759118341 ], [ -156.404907954996929, 20.720343758946512 ], [ -156.40076895397516, 20.717001758228864 ], [ -156.398963953402898, 20.711647756940263 ], [ -156.397752953079305, 20.709909756539933 ], [ -156.395811952605783, 20.708515756246726 ], [ -156.397362952915842, 20.7075267559545 ], [ -156.396236952597405, 20.705370755447078 ], [ -156.396365952592816, 20.70435375518873 ], [ -156.395025952214041, 20.701792754586062 ], [ -156.394972952171997, 20.700857754353489 ], [ -156.397793952709009, 20.69823175361492 ], [ -156.399097953019748, 20.698942753755436 ], [ -156.400705953375024, 20.698958753713207 ], [ -156.403156953859934, 20.697241753212868 ], [ -156.406104954503434, 20.697032753075778 ], [ -156.408145954965448, 20.697396753108201 ], [ -156.410894955553744, 20.696840752889937 ], [ -156.413853956253917, 20.698302753170825 ], [ -156.417930957214764, 20.700197753527906 ], [ -156.418982957426266, 20.699564753339171 ], [ -156.42043495775718, 20.699892753379498 ], [ -156.420727957552572, 20.691607751297074 ], [ -156.42125095752877, 20.6873247502099 ], [ -156.424292958238794, 20.688529750424024 ], [ -156.425818958568897, 20.688331750330555 ], [ -156.42936895940386, 20.689932750629161 ], [ -156.430568959665607, 20.689843750572347 ], [ -156.434676961088286, 20.705732754431352 ], [ -156.43653296175026, 20.713495756321176 ], [ -156.435553961522146, 20.713120756255517 ], [ -156.435718961597672, 20.714323756551909 ], [ -156.436068961719485, 20.715693756884775 ], [ -156.438445962401829, 20.720546758031148 ], [ -156.438020962368228, 20.722393758505774 ], [ -156.439776962893177, 20.726617759512582 ], [ -156.440263963154223, 20.731332760678917 ], [ -156.440854963335454, 20.732891761052162 ], [ -156.441009963389803, 20.733510761202663 ] ] ] } },
{ "type": "Feature", "properties": { "geoid": "15003007808", "county_name": "Honolulu County", "place_name": null, "state_name": "Hawaii", "state_abbr": "HI", "is_rural": false, "dci_score": 47.4, "dci_quintile": 5.0, "is_cra_lmi": true, "income_level": "M", "is_persistent_poverty": false, "is_tribal_overlap": false, "tribal_area_name": null, "aian_pct": 0.0, "has_nmtc": false, "nmtc_projects": 0, "nmtc_total_usd": 0.0 }, "geometry": { "type": "Polygon", "coordinates": [ [ [ -157.953490318219252, 21.381444877234102 ], [ -157.953259318288787, 21.384770878069869 ], [ -157.952273318126117, 21.386249878469531 ], [ -157.953130318347831, 21.38718687867576 ], [ -157.952054318160236, 21.388521879042408 ], [ -157.949215317556792, 21.389041879261942 ], [ -157.948061317362658, 21.390668879703799 ], [ -157.947440317224249, 21.390605879707799 ], [ -157.946861317086928, 21.390317879654411 ], [ -157.946269316913146, 21.389098879369516 ], [ -157.945796316772743, 21.388082879131424 ], [ -157.942006315882793, 21.386443878843256 ], [ -157.938203314984293, 21.384646878516104 ], [ -157.93744931477255, 21.383359878219387 ], [ -157.936908314611657, 21.382187877944574 ], [ -157.939498315127423, 21.380749877504321 ], [ -157.94016831527415, 21.380746877482359 ], [ -157.941774315625594, 21.380730877427499 ], [ -157.944890316233909, 21.37866387681391 ], [ -157.951357317476436, 21.373821875402964 ], [ -157.953126317830254, 21.372883875113303 ], [ -157.956558318665003, 21.375171875574416 ], [ -157.953490318219252, 21.381444877234102 ] ] ] } },
{ "type": "Feature", "properties": { "geoid": "15003010503", "county_name": "Honolulu County", "place_name": null, "state_name": "Hawaii", "state_abbr": "HI", "is_rural": true, "dci_score": 34.4, "dci_quintile": 5.0, "is_cra_lmi": false, "income_level": "U", "is_persistent_poverty": false, "is_tribal_overlap": false, "tribal_area_name": null, "aian_pct": 0.0, "has_nmtc": false, "nmtc_projects": 0, "nmtc_total_usd": 0.0 }, "geometry": { "type": "Polygon", "coordinates": [ [ [ -157.818721289498257, 21.404542887251729 ], [ -157.817008289164818, 21.405721887599704 ], [ -157.816047289114067, 21.410171888739434 ], [ -157.81636728923516, 21.411585889081863 ], [ -157.811153288106652, 21.412019889354589 ], [ -157.8099852878766, 21.41274988957344 ], [ -157.809868287854158, 21.412839889599578 ], [ -157.809196287679413, 21.412081889431786 ], [ -157.807349287263946, 21.411798889419504 ], [ -157.80683128721941, 21.413720889915048 ], [ -157.803637286630305, 21.416829890790982 ], [ -157.801483286162465, 21.416964890892601 ], [ -157.80065828590827, 21.414931890411715 ], [ -157.799354285503142, 21.411624889628293 ], [ -157.800951285823743, 21.410794889370983 ], [ -157.802409286157598, 21.411180889421242 ], [ -157.804644286607527, 21.410052889069501 ], [ -157.805324286777363, 21.410626889191171 ], [ -157.806553286982762, 21.408838888706622 ], [ -157.806556286890611, 21.406257888063038 ], [ -157.807213287033875, 21.406232888036079 ], [ -157.808026287177626, 21.405269887770345 ], [ -157.81004028760978, 21.404997887639009 ], [ -157.810238287596121, 21.403408887236615 ], [ -157.813123288201098, 21.402628886951167 ], [ -157.813481288335424, 21.404179887326546 ], [ -157.815959288818135, 21.402482886825307 ], [ -157.817207289132938, 21.403621887069892 ], [ -157.818721289498257, 21.404542887251729 ] ] ] } },
{ "type": "Feature", "properties": { "geoid": "15003002600", "county_name": "Honolulu County", "place_name": null, "state_name": "Hawaii", "state_abbr": "HI", "is_rural": false, "dci_score": 82.5, "dci_quintile": 2.0, "is_cra_lmi": true, "income_level": "M", "is_persistent_poverty": false, "is_tribal_overlap": false, "tribal_area_name": null, "aian_pct": 0.0, "has_nmtc": false, "nmtc_projects": 0, "nmtc_total_usd": 0.0 }, "geometry": { "type": "Polygon", "coordinates": [ [ [ -157.835343289347009, 21.29871886035459 ], [ -157.833914289109742, 21.300842860928697 ], [ -157.831352288488461, 21.299178860594616 ], [ -157.82986028812951, 21.298287860419492 ], [ -157.829064287944561, 21.297996860372002 ], [ -157.824170286805128, 21.296138860062786 ], [ -157.821552286178331, 21.294661859776991 ], [ -157.821239286101303, 21.294426859728269 ], [ -157.818261285332767, 21.291192859015975 ], [ -157.817111285053983, 21.29044785886645 ], [ -157.818536285354213, 21.290105858736506 ], [ -157.819139285491303, 21.290242858751718 ], [ -157.819422285559483, 21.290413858785435 ], [ -157.820880285911784, 21.291326858967153 ], [ -157.821890286155536, 21.29195185909116 ], [ -157.823813286600483, 21.292603859193232 ], [ -157.825511286994555, 21.293214859292146 ], [ -157.827364287424587, 21.293878859399388 ], [ -157.828976287799065, 21.294467859495505 ], [ -157.830134288067455, 21.294873859560287 ], [ -157.832396288592861, 21.295698859694767 ], [ -157.836053289440969, 21.296994859902753 ], [ -157.835343289347009, 21.29871886035459 ] ] ] } },
{ "type": "Feature", "properties": { "geoid": "15001021107", "county_name": "Hawaii County", "place_name": null, "state_name": "Hawaii", "state_abbr": "HI", "is_rural": true, "dci_score": 72.0, "dci_quintile": 3.0, "is_cra_lmi": true, "income_level": "L", "is_persistent_poverty": false, "is_tribal_overlap": false, "tribal_area_name": null, "aian_pct": 0.0, "has_nmtc": true, "nmtc_projects": 1, "nmtc_total_usd": 2150000.0 }, "geometry": { "type": "Polygon", "coordinates": [ [ [ -155.253354660908684, 19.403595460705862 ], [ -155.253054660892076, 19.405335461148837 ], [ -155.251534660577221, 19.406045461365437 ], [ -155.249354660159213, 19.408245461971717 ], [ -155.243334658849591, 19.408865462281184 ], [ -155.242194658619042, 19.409595462493041 ], [ -155.240444658196168, 19.408295462212671 ], [ -155.239394657982587, 19.408925462397203 ], [ -155.239604658051945, 19.409735462594469 ], [ -155.238634657879089, 19.41117546297961 ], [ -155.238614657936438, 19.413345463523033 ], [ -155.240560658403751, 19.414686463808646 ], [ -155.238536657972048, 19.415199463988891 ], [ -155.2378336577722, 19.413624463612859 ], [ -155.23679465756905, 19.414535463867423 ], [ -155.233083656781389, 19.41561246423203 ], [ -155.235642657414246, 19.418019464768658 ], [ -155.217188653403866, 19.420096465761333 ], [ -155.210910652075654, 19.422077466417878 ], [ -155.192503648171964, 19.427570468263887 ], [ -155.190819647814777, 19.428073468432881 ], [ -155.163992642094001, 19.435020470858088 ], [ -155.122154633156555, 19.445405474527174 ], [ -155.095024627592551, 19.460369478966935 ], [ -155.092497627056389, 19.461134479223016 ], [ -155.091006626748054, 19.461868479444885 ], [ -155.070618622566968, 19.473168482795327 ], [ -155.051253618563237, 19.482788485699054 ], [ -155.048420617977229, 19.484189486122272 ], [ -155.026876613520756, 19.49485548934376 ], [ -155.01895261186985, 19.498371490426695 ], [ -155.012162610471648, 19.501968491501053 ], [ -155.007123609431176, 19.504541492274207 ], [ -154.996329607264641, 19.512254494482136 ], [ -154.986661605309422, 19.518654496332445 ], [ -154.983604604785825, 19.524021497755562 ], [ -154.980983604304697, 19.527486498690877 ], [ -154.981280604391372, 19.528227498869065 ], [ -154.9734336030088, 19.540644502181681 ], [ -154.970399601939988, 19.52658849873524 ], [ -154.969402601650842, 19.524159498151718 ], [ -154.965764600673708, 19.518045496711622 ], [ -154.963514600070624, 19.514305495831326 ], [ -154.962304599748023, 19.512355495373278 ], [ -154.959894599152847, 19.510145494880561 ], [ -154.956744598335092, 19.505845493882724 ], [ -154.95444959780022, 19.504867493695883 ], [ -154.952944597453694, 19.504375493610794 ], [ -154.952264597294345, 19.504055493547849 ], [ -154.950815596946143, 19.503067493336985 ], [ -154.948994596506651, 19.50175549305435 ], [ -154.946014595791837, 19.499767492631673 ], [ -154.941437594674142, 19.496011491806325 ], [ -154.941907594740428, 19.494679491460492 ], [ -154.940765594436414, 19.492849491030739 ], [ -154.940784594402658, 19.491505490693356 ], [ -154.941234594427897, 19.488875490022668 ], [ -154.941243594387515, 19.48737248964569 ], [ -154.940894594081755, 19.479265487622428 ], [ -154.941225593794769, 19.466484484410518 ], [ -154.940774593511463, 19.459965482788053 ], [ -154.940946593442135, 19.456152481828063 ], [ -154.941401593295694, 19.447376479617105 ], [ -154.947254594089031, 19.429605475015602 ], [ -154.951384594652609, 19.417195471801545 ], [ -154.952534594807503, 19.413665470887988 ], [ -154.952854594836623, 19.412185470509076 ], [ -154.952914594832464, 19.411565470352222 ], [ -154.953234594709613, 19.404675468617871 ], [ -154.953704594746625, 19.402295468009711 ], [ -154.957174595324403, 19.395575466238441 ], [ -154.957834595398339, 19.393015465580433 ], [ -154.957864595222304, 19.386505463948829 ], [ -154.958154595241183, 19.384895463538175 ], [ -154.959434595452052, 19.38233546286455 ], [ -154.962394596005055, 19.378745461890496 ], [ -154.964014596256277, 19.374945460897717 ], [ -154.964768596300075, 19.370569459782562 ], [ -154.964874596310466, 19.370105459663659 ], [ -154.965734596411522, 19.366935458847934 ], [ -154.966332596417857, 19.362449457709232 ], [ -154.966202105956171, 19.357637329453464 ], [ -154.969413596862097, 19.354025455521597 ], [ -154.971877597291638, 19.349939454436086 ], [ -154.982132654197272, 19.344744747442849 ], [ -154.989127600855198, 19.341201451812481 ], [ -155.004797604091408, 19.333252449426439 ], [ -155.012135605680953, 19.332180448972707 ], [ -155.016505697080703, 19.328514885277187 ], [ -155.021927607952108, 19.336103449707451 ], [ -155.022475608067538, 19.335907449644527 ], [ -155.024117608259047, 19.329814448077606 ], [ -155.029538609497052, 19.331299448312347 ], [ -155.034720610549073, 19.328038447364978 ], [ -155.042426612157726, 19.324767446351306 ], [ -155.046349612950223, 19.322161445599772 ], [ -155.049671613662468, 19.321422445330775 ], [ -155.053188614460908, 19.322222445442058 ], [ -155.055952615122948, 19.324080445837186 ], [ -155.057762615526372, 19.324225445827675 ], [ -155.064168616883364, 19.322219445163459 ], [ -155.067927617662633, 19.320437444622293 ], [ -155.071817618452286, 19.317998443913396 ], [ -155.075988619279826, 19.314702442982913 ], [ -155.079333619900552, 19.310530441854144 ], [ -155.089994621934551, 19.299225438755297 ], [ -155.093904622733987, 19.296985438095824 ], [ -155.098264623645576, 19.295205437540066 ], [ -155.100574624121322, 19.294005437181323 ], [ -155.105224625053779, 19.290695436235417 ], [ -155.112594626557097, 19.286355434962967 ], [ -155.115884627206697, 19.283655434204178 ], [ -155.118724627807069, 19.282735433902094 ], [ -155.120634628239173, 19.283125433951277 ], [ -155.129844630431734, 19.288885435158843 ], [ -155.133334631243969, 19.290405435450612 ], [ -155.137304632152734, 19.291595435647626 ], [ -155.141354633038901, 19.291355435484867 ], [ -155.144284633712203, 19.292325435653183 ], [ -155.147774634498802, 19.292935435717219 ], [ -155.148704634727181, 19.293765435901236 ], [ -155.150264635156674, 19.296805436622087 ], [ -155.154294636104311, 19.298905437045079 ], [ -155.154814636296152, 19.30164543771728 ], [ -155.153824636115331, 19.302975438075119 ], [ -155.151194635574655, 19.304365438489619 ], [ -155.148304635000301, 19.306595439120859 ], [ -155.147114634753649, 19.307155439291169 ], [ -155.144344634127719, 19.306615439226412 ], [ -155.142984633830679, 19.306715439285959 ], [ -155.140734633377093, 19.308225439720839 ], [ -155.136064632385654, 19.309585440179625 ], [ -155.132674631699786, 19.311775440813577 ], [ -155.129334630983266, 19.312485441075985 ], [ -155.128404630827191, 19.314225441534926 ], [ -155.129104630999564, 19.314865441677288 ], [ -155.137084632731103, 19.313865441224522 ], [ -155.141144633602693, 19.313025440911282 ], [ -155.145414634542817, 19.312975440790336 ], [ -155.150584635712363, 19.314025440921686 ], [ -155.154714636637351, 19.314535440944336 ], [ -155.163394638651482, 19.318095441614282 ], [ -155.1650546390226, 19.3182754416171 ], [ -155.167454639518155, 19.317085441258389 ], [ -155.168994639850325, 19.31682544115418 ], [ -155.172354640636797, 19.318445441473958 ], [ -155.176664641636677, 19.320205441804571 ], [ -155.179164642283013, 19.323575442583934 ], [ -155.182194642974707, 19.32441544271693 ], [ -155.1847646436334, 19.327675443466973 ], [ -155.186934644142298, 19.32875544368186 ], [ -155.191444645096993, 19.327355443216799 ], [ -155.192954645444274, 19.327865443305903 ], [ -155.195754646155109, 19.331175444062517 ], [ -155.200774647297408, 19.332435444249743 ], [ -155.20260464779102, 19.335625445001021 ], [ -155.204004648135339, 19.33688544528049 ], [ -155.206754648761944, 19.337605445390459 ], [ -155.20773464899861, 19.338335445548051 ], [ -155.20869464926119, 19.340135445973811 ], [ -155.211364649908973, 19.342225446428461 ], [ -155.21270465029383, 19.345385447184693 ], [ -155.213724650544179, 19.346285447383774 ], [ -155.217344651367682, 19.347185447516491 ], [ -155.218464651643501, 19.34820544774303 ], [ -155.219484651958766, 19.351395448514911 ], [ -155.221514652446501, 19.352815448818255 ], [ -155.222714652785328, 19.355435449442957 ], [ -155.224334653214726, 19.357985450039415 ], [ -155.224214653214375, 19.358905450272605 ], [ -155.222014652863862, 19.363645451514497 ], [ -155.22175465285531, 19.365365451951391 ], [ -155.222484653052874, 19.366655452255429 ], [ -155.224474653534998, 19.368185452587291 ], [ -155.226244654006678, 19.37105545325997 ], [ -155.227234654237407, 19.371495453344725 ], [ -155.231924655276174, 19.371665453267305 ], [ -155.234014655763616, 19.372605453448987 ], [ -155.246244658888941, 19.387705456913128 ], [ -155.247154659139596, 19.389465457330079 ], [ -155.248504659475941, 19.390825457635696 ], [ -155.251134660152729, 19.39423545842131 ], [ -155.253154660720753, 19.398545459447693 ], [ -155.253354660908684, 19.403595460705862 ] ] ] } },
{ "type": "Feature", "properties": { "geoid": "15003002403", "county_name": "Honolulu County", "place_name": null, "state_name": "Hawaii", "state_abbr": "HI", "is_rural": false, "dci_score": 82.5, "dci_quintile": 2.0, "is_cra_lmi": true, "income_level": "M", "is_persistent_poverty": false, "is_tribal_overlap": false, "tribal_area_name": null, "aian_pct": 0.0, "has_nmtc": false, "nmtc_projects": 0, "nmtc_total_usd": 0.0 }, "geometry": { "type": "Polygon", "coordinates": [ [ [ -157.831057288187765, 21.292579858959744 ], [ -157.830741288145731, 21.293341859159515 ], [ -157.830134288067455, 21.294873859560287 ], [ -157.828976287799065, 21.294467859495505 ], [ -157.827364287424587, 21.293878859399388 ], [ -157.827974287503793, 21.292353859000272 ], [ -157.828457287615748, 21.292523859027451 ], [ -157.829071287695541, 21.290989858625977 ], [ -157.830214287960814, 21.29140185869273 ], [ -157.831358288226284, 21.291811858758948 ], [ -157.831057288187765, 21.292579858959744 ] ] ] } },
{ "type": "Feature", "properties": { "geoid": "15003009201", "county_name": "Honolulu County", "place_name": null, "state_name": "Hawaii", "state_abbr": "HI", "is_rural": true, "dci_score": 68.8, "dci_quintile": 4.0, "is_cra_lmi": false, "income_level": "U", "is_persistent_poverty": false, "is_tribal_overlap": false, "tribal_area_name": null, "aian_pct": 0.0, "has_nmtc": false, "nmtc_projects": 0, "nmtc_total_usd": 0.0 }, "geometry": { "type": "Polygon", "coordinates": [ [ [ -158.011583335337605, 21.502209905469876 ], [ -158.009624334899513, 21.50197490547389 ], [ -158.004766333903291, 21.503864906099952 ], [ -158.001724333294675, 21.505465906595994 ], [ -158.00011033297173, 21.506315906859314 ], [ -157.998333332616454, 21.507258907151027 ], [ -157.998379332678496, 21.50868290750438 ], [ -157.999982333120215, 21.511156908069637 ], [ -157.998093332727848, 21.511756908279473 ], [ -157.997486332560442, 21.51081590806438 ], [ -157.995709332232423, 21.512506908542498 ], [ -157.992696331563252, 21.512275908581145 ], [ -157.992272331434322, 21.511289908348992 ], [ -157.989006330722162, 21.511400908480923 ], [ -157.987388330399654, 21.512287908753599 ], [ -157.986693330209079, 21.511241908515139 ], [ -157.986223330149357, 21.512430908826435 ], [ -157.98482832980028, 21.511246908575917 ], [ -157.986142329983636, 21.508370907817302 ], [ -157.986831330118179, 21.507916907682176 ], [ -157.993057331390759, 21.50537290684953 ], [ -158.000392332895188, 21.502520905904738 ], [ -158.010034334871335, 21.498736904654066 ], [ -158.011583335337605, 21.502209905469876 ] ] ] } },
{ "type": "Feature", "properties": { "geoid": "15003009707", "county_name": "Honolulu County", "place_name": "Urban Honolulu", "state_name": "Hawaii", "state_abbr": "HI", "is_rural": false, "dci_score": 75.1, "dci_quintile": 3.0, "is_cra_lmi": true, "income_level": "L", "is_persistent_poverty": false, "is_tribal_overlap": false, "tribal_area_name": null, "aian_pct": 0.0, "has_nmtc": false, "nmtc_projects": 0, "nmtc_total_usd": 0.0 }, "geometry": { "type": "Polygon", "coordinates": [ [ [ -158.20566784159152, 21.458965862717786 ], [ -158.203257375730942, 21.458583888467196 ], [ -158.19925337496764, 21.46166788936323 ], [ -158.198373374784978, 21.461939889459188 ], [ -158.197131374532773, 21.462475889632461 ], [ -158.190786373202428, 21.464072890233691 ], [ -158.187451372586821, 21.467194891117732 ], [ -158.183035371745433, 21.470613892110435 ], [ -158.181369371437086, 21.472151892546702 ], [ -158.178848371000186, 21.475288893408401 ], [ -158.177302370689915, 21.476058893649697 ], [ -158.174226370124444, 21.479005894481961 ], [ -158.172182369761259, 21.48130489511982 ], [ -158.170814369595007, 21.4849398960685 ], [ -158.170688369679056, 21.487983896830197 ], [ -158.167269369030379, 21.490709897618572 ], [ -158.16692336899041, 21.491685897872628 ], [ -158.166950369132621, 21.495401898796725 ], [ -158.16740936926189, 21.496184898976885 ], [ -158.166066369113253, 21.500148900006771 ], [ -158.165508369014958, 21.500800900187002 ], [ -158.162354368389998, 21.502592900734456 ], [ -158.160218367927229, 21.50272990083721 ], [ -158.151063365900995, 21.502153900987977 ], [ -158.148987365455838, 21.502413901119382 ], [ -158.146854365047858, 21.504028901589962 ], [ -158.147733365083383, 21.499747900495962 ], [ -158.14725136491802, 21.498116900105405 ], [ -158.145690364552962, 21.497485899998445 ], [ -158.143406363976567, 21.495407899554465 ], [ -158.140766363286644, 21.492361898880905 ], [ -158.138770362812494, 21.49135189869353 ], [ -158.135394361977347, 21.488739898151593 ], [ -158.132416361303683, 21.488155898101745 ], [ -158.132734361257519, 21.484992897304092 ], [ -158.131895360938159, 21.481289896409134 ], [ -158.132055360934515, 21.480232896140866 ], [ -158.135731361559721, 21.475317894799435 ], [ -158.138271362058305, 21.473741894325659 ], [ -158.139920362351489, 21.471884893810518 ], [ -158.142329362850802, 21.47111389354135 ], [ -158.146919363740949, 21.467970892611802 ], [ -158.147574363882711, 21.467925892579583 ], [ -158.150339364765188, 21.475491894374183 ], [ -158.150841364868654, 21.475314894314014 ], [ -158.152081365141271, 21.475343894281448 ], [ -158.152178365159443, 21.475260894257673 ], [ -158.152322365179231, 21.474939894173154 ], [ -158.152555365220593, 21.474675894099967 ], [ -158.152711365250809, 21.474568894068323 ], [ -158.152960365302931, 21.474502894043901 ], [ -158.153306365378796, 21.474504894033295 ], [ -158.153483365416236, 21.474468894018653 ], [ -158.153923365503772, 21.474228893944804 ], [ -158.153814365444276, 21.473255893706106 ], [ -158.153057365238453, 21.472161893458093 ], [ -158.152881365186659, 21.471800893373882 ], [ -158.152925365181602, 21.471398893272408 ], [ -158.153566365294097, 21.470637893062424 ], [ -158.153914365359014, 21.470329892974597 ], [ -158.154486365471257, 21.469973892867639 ], [ -158.15566236570325, 21.46927789265667 ], [ -158.156418365870877, 21.469334892646607 ], [ -158.157262366013953, 21.468195892336023 ], [ -158.158376366220494, 21.467174892046163 ], [ -158.16014136649892, 21.464223891255049 ], [ -158.163107367121029, 21.463477890974222 ], [ -158.165956367702648, 21.462326890596344 ], [ -158.167376367967904, 21.461080890240684 ], [ -158.168734368219333, 21.459827889885265 ], [ -158.168956368258961, 21.459581889816921 ], [ -158.169870368407913, 21.458185889440173 ], [ -158.172701368965562, 21.456488888927005 ], [ -158.174914369332953, 21.453291888060406 ], [ -158.18003737037327, 21.451075887344558 ], [ -158.180508370441288, 21.450117887091054 ], [ -158.180064370247749, 21.447484886450098 ], [ -158.180000370182881, 21.446096886106762 ], [ -158.180735370309975, 21.445172885853253 ], [ -158.183645370896897, 21.443805885419735 ], [ -158.18580037134339, 21.443116885179151 ], [ -158.187105371614592, 21.442723885039488 ], [ -158.18872837190645, 21.44099188455645 ], [ -158.190340773123665, 21.440262597939849 ], [ -158.191481372477341, 21.440127884253133 ], [ -158.18986537224427, 21.4434218851246 ], [ -158.18985637235582, 21.446522885896496 ], [ -158.192357372958639, 21.448035886192685 ], [ -158.197699374153501, 21.448734886195105 ], [ -158.19892567236846, 21.451506585280374 ], [ -158.199363374655491, 21.452495887077475 ], [ -158.200275983620912, 21.452813925461889 ], [ -158.202815375455117, 21.453698887265922 ], [ -158.203027184719559, 21.454710467168713 ], [ -158.203703375804935, 21.457939888292628 ], [ -158.20566784159152, 21.458965862717786 ] ] ] } },
{ "type": "Feature", "properties": { "geoid": "15003002301", "county_name": "Honolulu County", "place_name": null, "state_name": "Hawaii", "state_abbr": "HI", "is_rural": false, "dci_score": 82.5, "dci_quintile": 2.0, "is_cra_lmi": false, "income_level": "U", "is_persistent_poverty": false, "is_tribal_overlap": false, "tribal_area_name": null, "aian_pct": 0.0, "has_nmtc": false, "nmtc_projects": 0, "nmtc_total_usd": 0.0 }, "geometry": { "type": "Polygon", "coordinates": [ [ [ -157.823177286327365, 21.288864858281617 ], [ -157.822277286149983, 21.289421858448648 ], [ -157.822727286269753, 21.290012858581761 ], [ -157.820880285911784, 21.291326858967153 ], [ -157.819422285559483, 21.290413858785435 ], [ -157.819139285491303, 21.290242858751718 ], [ -157.818536285354213, 21.290105858736506 ], [ -157.817111285053983, 21.29044785886645 ], [ -157.815442284700367, 21.290791859004553 ], [ -157.814862284560292, 21.290430858932801 ], [ -157.815703284720314, 21.289748858736488 ], [ -157.816222284815325, 21.289222858589131 ], [ -157.817195284993403, 21.288235858312671 ], [ -157.819863285561297, 21.287758858110081 ], [ -157.820302285655998, 21.287715858085587 ], [ -157.823694286393675, 21.287548857937498 ], [ -157.823177286327365, 21.288864858281617 ] ] ] } },
{ "type": "Feature", "properties": { "geoid": "15003000904", "county_name": "Honolulu County", "place_name": null, "state_name": "Hawaii", "state_abbr": "HI", "is_rural": false, "dci_score": 39.3, "dci_quintile": 5.0, "is_cra_lmi": false, "income_level": "U", "is_persistent_poverty": false, "is_tribal_overlap": false, "tribal_area_name": null, "aian_pct": 0.0, "has_nmtc": false, "nmtc_projects": 0, "nmtc_total_usd": 0.0 }, "geometry": { "type": "Polygon", "coordinates": [ [ [ -157.79526728011794, 21.286347858530135 ], [ -157.792374279658191, 21.291239859839898 ], [ -157.790814279286195, 21.290402859680231 ], [ -157.789686279106547, 21.292299860188344 ], [ -157.785311278077785, 21.290357859841546 ], [ -157.786762278252297, 21.286330858792525 ], [ -157.787263278244438, 21.283030857954476 ], [ -157.787470278289675, 21.283026857946989 ], [ -157.790798279003639, 21.282582857732034 ], [ -157.791515279237387, 21.284728858244325 ], [ -157.79420727984305, 21.285158858267081 ], [ -157.79526728011794, 21.286347858530135 ] ] ] } },
{ "type": "Feature", "properties": { "geoid": "15003009608", "county_name": "Honolulu County", "place_name": null, "state_name": "Hawaii", "state_abbr": "HI", "is_rural": false, "dci_score": 75.1, "dci_quintile": 3.0, "is_cra_lmi": true, "income_level": "M", "is_persistent_poverty": false, "is_tribal_overlap": false, "tribal_area_name": null, "aian_pct": 0.0, "has_nmtc": false, "nmtc_projects": 0, "nmtc_total_usd": 0.0 }, "geometry": { "type": "Polygon", "coordinates": [ [ [ -158.176691367915538, 21.403885875710053 ], [ -158.173803367305169, 21.404477875949805 ], [ -158.173008367100266, 21.403630875764527 ], [ -158.167789365863371, 21.401033875285442 ], [ -158.160984364351378, 21.400411875348425 ], [ -158.160346364218242, 21.400590875413375 ], [ -158.1597763640859, 21.400381875379612 ], [ -158.157900363613749, 21.398693875019624 ], [ -158.157049363430758, 21.398782875068992 ], [ -158.15242236250694, 21.401219875823354 ], [ -158.150853362245442, 21.403465876432392 ], [ -158.14640636148016, 21.409171877994488 ], [ -158.163246365628481, 21.421834880606532 ], [ -158.166859366517656, 21.424526881160677 ], [ -158.173517368157462, 21.429520882189983 ], [ -158.174002368276973, 21.429884882265011 ], [ -158.169871367483807, 21.43292288315337 ], [ -158.166090366662161, 21.433085883315105 ], [ -158.163657366186186, 21.434634883778536 ], [ -158.163737366241151, 21.43565988403104 ], [ -158.166384366854061, 21.436574884173901 ], [ -158.166363366866506, 21.437040884290536 ], [ -158.163439366320148, 21.439604885022316 ], [ -158.157339365027894, 21.440783885511213 ], [ -158.157027364903286, 21.439243885137959 ], [ -158.153706364202435, 21.43996088542281 ], [ -158.149941363437193, 21.441575885945358 ], [ -158.14562636252532, 21.442474886307338 ], [ -158.147325363146052, 21.449279887946574 ], [ -158.14890536377149, 21.456921889797968 ], [ -158.152753364588847, 21.456232889503127 ], [ -158.152476364599437, 21.458180889996839 ], [ -158.151881364497655, 21.458959890209812 ], [ -158.149555364022035, 21.459879890513367 ], [ -158.148454363820917, 21.460971890820467 ], [ -158.148099363775827, 21.461864891054127 ], [ -158.148118363824778, 21.463087891357922 ], [ -158.147363363661725, 21.463149891397563 ], [ -158.146201363403719, 21.46305289141068 ], [ -158.146896363621607, 21.464847891835188 ], [ -158.14776636390593, 21.467410892445237 ], [ -158.147858363937104, 21.467712892517465 ], [ -158.147574363882711, 21.467925892579583 ], [ -158.146919363740949, 21.467970892611802 ], [ -158.142329362850802, 21.47111389354135 ], [ -158.139920362351489, 21.471884893810518 ], [ -158.138271362058305, 21.473741894325659 ], [ -158.135731361559721, 21.475317894799435 ], [ -158.132055360934515, 21.480232896140866 ], [ -158.128359360107538, 21.479754896140378 ], [ -158.125612359470466, 21.478788895987957 ], [ -158.122055358747843, 21.480331896486128 ], [ -158.119142358037152, 21.478346896085306 ], [ -158.118623357826749, 21.475702895443671 ], [ -158.11743335753539, 21.474863895272925 ], [ -158.113816356723675, 21.474331895256366 ], [ -158.111630356213141, 21.473464895110546 ], [ -158.108102355453042, 21.473811895309929 ], [ -158.1073453552751, 21.473480895251768 ], [ -158.106312354983089, 21.471682894837198 ], [ -158.105170354708235, 21.471006894705447 ], [ -158.104866354563256, 21.468861894181128 ], [ -158.10299035409588, 21.467317893856769 ], [ -158.102333353887104, 21.465541893435631 ], [ -158.102104353697058, 21.461711892489404 ], [ -158.101307353466296, 21.460173892131987 ], [ -158.099253352947585, 21.458289891728658 ], [ -158.093521351548105, 21.454346890930324 ], [ -158.093358351462854, 21.452988890597432 ], [ -158.093826351422393, 21.449070889607018 ], [ -158.095165351643715, 21.447097889072996 ], [ -158.096037351695742, 21.443286888096338 ], [ -158.097358351869673, 21.44012388726668 ], [ -158.095324351354037, 21.438199886852701 ], [ -158.09353135093491, 21.437474886729522 ], [ -158.09036835016704, 21.435415886317998 ], [ -158.089610349939448, 21.433725885921483 ], [ -158.090155349958792, 21.430980885220716 ], [ -158.090252349848782, 21.427378884320905 ], [ -158.091750350131974, 21.426145883966111 ], [ -158.092484350231757, 21.424472883526199 ], [ -158.094069350510523, 21.422596883008577 ], [ -158.097880351230941, 21.419462882106725 ], [ -158.099073351468633, 21.418815881907566 ], [ -158.099979351533818, 21.415157880968092 ], [ -158.10115735173261, 21.413533880526241 ], [ -158.106296352859943, 21.413589880376055 ], [ -158.109897353670647, 21.414199880412859 ], [ -158.116184355046784, 21.414187880209003 ], [ -158.12146435615648, 21.412916879723944 ], [ -158.125757357013157, 21.410632879018298 ], [ -158.126468357036146, 21.406993878089935 ], [ -158.127659357228254, 21.405109877583016 ], [ -158.129947357658637, 21.403175877028602 ], [ -158.131865358042603, 21.402190876722187 ], [ -158.131768358424068, 21.413237879474451 ], [ -158.136730359686112, 21.418056880515064 ], [ -158.137843359797955, 21.414443879580315 ], [ -158.142151360538463, 21.408889878060403 ], [ -158.142801360338751, 21.39950987570549 ], [ -158.141671359939977, 21.395355874707949 ], [ -158.14306436015454, 21.392875874046339 ], [ -158.143423360221732, 21.39256287395698 ], [ -158.148675361306772, 21.390793873348951 ], [ -158.149302361425583, 21.390288873203257 ], [ -158.152256853238669, 21.387392546578287 ], [ -158.15770123164566, 21.392097782949921 ], [ -158.162047364417759, 21.395853874180357 ], [ -158.17295736690545, 21.398598874514228 ], [ -158.178431922166681, 21.403590638298777 ], [ -158.176691367915538, 21.403885875710053 ] ] ] } },
{ "type": "Feature", "properties": { "geoid": "15003009801", "county_name": "Honolulu County", "place_name": null, "state_name": "Hawaii", "state_abbr": "HI", "is_rural": true, "dci_score": 75.1, "dci_quintile": 3.0, "is_cra_lmi": true, "income_level": "M", "is_persistent_poverty": false, "is_tribal_overlap": false, "tribal_area_name": null, "aian_pct": 0.0, "has_nmtc": false, "nmtc_projects": 0, "nmtc_total_usd": 0.0 }, "geometry": { "type": "Polygon", "coordinates": [ [ [ -158.266951393848871, 21.571925914617374 ], [ -158.264553393281261, 21.570773914408313 ], [ -158.261350392467278, 21.567726913753678 ], [ -158.257625391573299, 21.565606913346606 ], [ -158.249659389679834, 21.561567912599067 ], [ -158.246972389083282, 21.561343912630207 ], [ -158.244500388608941, 21.563155913161115 ], [ -158.242874388258144, 21.563296913248784 ], [ -158.239937387532621, 21.5610669127887 ], [ -158.237551386969329, 21.559960912590544 ], [ -158.235765386571984, 21.559791912606201 ], [ -158.232444385763245, 21.557583912163945 ], [ -158.230105385219446, 21.556727912026457 ], [ -158.227178384512598, 21.554941911676465 ], [ -158.225496384078212, 21.553151911285259 ], [ -158.223332383619919, 21.553573911460173 ], [ -158.222039383323079, 21.553202911409592 ], [ -158.220910383010306, 21.551426911003976 ], [ -158.217935382269133, 21.548994910494667 ], [ -158.214616381534626, 21.548786910550014 ], [ -158.213378381324986, 21.550453911004926 ], [ -158.211394380874282, 21.550013910959432 ], [ -158.209905380501766, 21.548754910694083 ], [ -158.208671380244283, 21.54910091082003 ], [ -158.206653379755465, 21.547828910568509 ], [ -158.20504137940415, 21.547875910632211 ], [ -158.203696379037723, 21.545926910190442 ], [ -158.200638378281838, 21.54358690970658 ], [ -158.197833377660118, 21.543386909747252 ], [ -158.19654237737592, 21.543346909778926 ], [ -158.194995377083671, 21.544611910143701 ], [ -158.192738376318516, 21.53725690838554 ], [ -158.191939376087134, 21.53572590803018 ], [ -158.190164375674726, 21.535081907927065 ], [ -158.187861375185832, 21.535502908106071 ], [ -158.186706374901775, 21.534658907933181 ], [ -158.183049374091098, 21.53439390798502 ], [ -158.177481372661987, 21.52869490674561 ], [ -158.176250372378718, 21.528324906693136 ], [ -158.17679737243148, 21.526500906221454 ], [ -158.175450372041638, 21.523922905623053 ], [ -158.175460371993154, 21.522544905279695 ], [ -158.173767371503175, 21.519300904526624 ], [ -158.171569371019388, 21.519236904581412 ], [ -158.168212370232965, 21.517843904342644 ], [ -158.164795369408665, 21.515776903937986 ], [ -158.163127368946533, 21.513141903335651 ], [ -158.160184368255585, 21.511878903115861 ], [ -158.157381367547117, 21.50930390256493 ], [ -158.15322836659891, 21.508251902436513 ], [ -158.150867366087368, 21.508404902550467 ], [ -158.149746365804049, 21.50737490233006 ], [ -158.146732365163558, 21.507911902560593 ], [ -158.144911364748708, 21.507475902510546 ], [ -158.142454364219788, 21.507728902652456 ], [ -158.146393364985983, 21.505094901870159 ], [ -158.146854365047858, 21.504028901589962 ], [ -158.148987365455838, 21.502413901119382 ], [ -158.151063365900995, 21.502153900987977 ], [ -158.160218367927229, 21.50272990083721 ], [ -158.162354368389998, 21.502592900734456 ], [ -158.165508369014958, 21.500800900187002 ], [ -158.166066369113253, 21.500148900006771 ], [ -158.16740936926189, 21.496184898976885 ], [ -158.166950369132621, 21.495401898796725 ], [ -158.16692336899041, 21.491685897872628 ], [ -158.167269369030379, 21.490709897618572 ], [ -158.170688369679056, 21.487983896830197 ], [ -158.170814369595007, 21.4849398960685 ], [ -158.172182369761259, 21.48130489511982 ], [ -158.174226370124444, 21.479005894481961 ], [ -158.177302370689915, 21.476058893649697 ], [ -158.178848371000186, 21.475288893408401 ], [ -158.181369371437086, 21.472151892546702 ], [ -158.183035371745433, 21.470613892110435 ], [ -158.187451372586821, 21.467194891117732 ], [ -158.190786373202428, 21.464072890233691 ], [ -158.197131374532773, 21.462475889632461 ], [ -158.198373374784978, 21.461939889459188 ], [ -158.19925337496764, 21.46166788936323 ], [ -158.199617375102036, 21.463160889723035 ], [ -158.202226375741077, 21.465013890100284 ], [ -158.199689375310214, 21.468406891026113 ], [ -158.200006375431286, 21.46981589136653 ], [ -158.199822375421974, 21.470659891582471 ], [ -158.200648375605795, 21.470741891576321 ], [ -158.202360376030526, 21.472103891860211 ], [ -158.203060376218133, 21.473040892070866 ], [ -158.203390376289974, 21.473029892057522 ], [ -158.203785376365119, 21.472721891968181 ], [ -158.204196376446419, 21.472484891895984 ], [ -158.205297376680534, 21.472297891814062 ], [ -158.207233377096202, 21.472077891697069 ], [ -158.207739377215859, 21.472319891741016 ], [ -158.20998037776701, 21.473971892080012 ], [ -158.210757378010499, 21.475970892552432 ], [ -158.213552378597029, 21.475282892291332 ], [ -158.21737637946157, 21.47603289235493 ], [ -158.218906379808118, 21.476351892385068 ], [ -158.219376379905952, 21.476213892335611 ], [ -158.220351934791893, 21.475952917290684 ], [ -158.220389380123208, 21.476092892272909 ], [ -158.221717273781422, 21.476680344988242 ], [ -158.225267381270129, 21.478250892652866 ], [ -158.231149382720304, 21.482680893565735 ], [ -158.230027382939255, 21.495313896745202 ], [ -158.229627383645663, 21.516883902125599 ], [ -158.229073383824669, 21.525035904172174 ], [ -158.229786384323006, 21.534321906460171 ], [ -158.231536384811506, 21.537178907114722 ], [ -158.234319385526874, 21.54005390774039 ], [ -158.250676389747355, 21.557368911521145 ], [ -158.256383391069363, 21.559330911824873 ], [ -158.271902948182174, 21.570147803183751 ], [ -158.266951393848871, 21.571925914617374 ] ] ] } },
{ "type": "Feature", "properties": { "geoid": "15003003501", "county_name": "Honolulu County", "place_name": null, "state_name": "Hawaii", "state_abbr": "HI", "is_rural": false, "dci_score": 75.6, "dci_quintile": 3.0, "is_cra_lmi": true, "income_level": "M", "is_persistent_poverty": false, "is_tribal_overlap": false, "tribal_area_name": null, "aian_pct": 0.0, "has_nmtc": false, "nmtc_projects": 0, "nmtc_total_usd": 0.0 }, "geometry": { "type": "Polygon", "coordinates": [ [ [ -157.849445292621482, 21.303829861184617 ], [ -157.849062292570437, 21.304748861425619 ], [ -157.848701292521895, 21.305603861649981 ], [ -157.844262291494346, 21.304083861410888 ], [ -157.842303291041446, 21.303428861309293 ], [ -157.843239291180566, 21.301583860820205 ], [ -157.844073291300873, 21.299836860358734 ], [ -157.845798291700646, 21.300440860454984 ], [ -157.850186292718377, 21.301999860705408 ], [ -157.849445292621482, 21.303829861184617 ] ] ] } },
{ "type": "Feature", "properties": { "geoid": "15003002102", "county_name": "Honolulu County", "place_name": null, "state_name": "Hawaii", "state_abbr": "HI", "is_rural": false, "dci_score": 46.2, "dci_quintile": 5.0, "is_cra_lmi": false, "income_level": "U", "is_persistent_poverty": false, "is_tribal_overlap": false, "tribal_area_name": null, "aian_pct": 0.0, "has_nmtc": false, "nmtc_projects": 0, "nmtc_total_usd": 0.0 }, "geometry": { "type": "Polygon", "coordinates": [ [ [ -157.820518285600258, 21.28483085736001 ], [ -157.817195284993403, 21.288235858312671 ], [ -157.816222284815325, 21.289222858589131 ], [ -157.815703284720314, 21.289748858736488 ], [ -157.814862284560292, 21.290430858932801 ], [ -157.813128284129107, 21.28900385863167 ], [ -157.81289928403703, 21.287831858346831 ], [ -157.812930284039766, 21.287716858317214 ], [ -157.813363284062319, 21.285691857799062 ], [ -157.814157284097291, 21.281796856803691 ], [ -157.814824284264205, 21.282375856927022 ], [ -157.815481284428955, 21.282955857050915 ], [ -157.816866284774505, 21.284128857299709 ], [ -157.81817628501409, 21.282794856926234 ], [ -157.820421285575492, 21.284732857338632 ], [ -157.820518285600258, 21.28483085736001 ] ] ] } }
]
}
