{
"type": "FeatureCollection",
"name": "16",
"crs": { "type": "name", "properties": { "name": "urn:ogc:def:crs:OGC:1.3:CRS84" } },
"features": [
{ "type": "Feature", "properties": { "geoid": "16017950100", "county_name": "Bonner County", "place_name": null, "state_name": "Idaho", "state_abbr": "ID", "is_rural": true, "dci_score": 38.4, "dci_quintile": 5.0, "is_cra_lmi": false, "income_level": "U", "is_persistent_poverty": false, "is_tribal_overlap": false, "tribal_area_name": null, "aian_pct": 0.0, "has_nmtc": false, "nmtc_projects": 0, "nmtc_total_usd": 0.0 }, "geometry": { "type": "Polygon", "coordinates": [ [ [ -116.505113, 47.949529 ], [ -116.504813, 47.966543 ], [ -116.495679, 47.969467 ], [ -116.481287, 47.977159 ], [ -116.470715, 47.985382 ], [ -116.46786, 47.989681 ], [ -116.467716, 47.994772 ], [ -116.486908, 48.025108 ], [ -116.489607, 48.028771 ], [ -116.493904, 48.036621 ], [ -116.494241, 48.037648 ], [ -116.494298, 48.04218 ], [ -116.495074, 48.04825 ], [ -116.496765, 48.055954 ], [ -116.496527, 48.057871 ], [ -116.494112, 48.06701 ], [ -116.492688, 48.069591 ], [ -116.488972, 48.074104 ], [ -116.487809, 48.075188 ], [ -116.478062, 48.080924 ], [ -116.469966, 48.093368 ], [ -116.465805, 48.098894 ], [ -116.455574, 48.114334 ], [ -116.447925, 48.121683 ], [ -116.446281, 48.123633 ], [ -116.444467, 48.125802 ], [ -116.438367, 48.131794 ], [ -116.43323, 48.134905 ], [ -116.423683, 48.137964 ], [ -116.41606, 48.142043 ], [ -116.408386, 48.148644 ], [ -116.385474, 48.151609 ], [ -116.383073, 48.152392 ], [ -116.353406, 48.159024 ], [ -116.34388, 48.160605 ], [ -116.33846, 48.162494 ], [ -116.334725, 48.164317 ], [ -116.32923, 48.166085 ], [ -116.331155, 48.180822 ], [ -116.330671, 48.187358 ], [ -116.338542, 48.2106 ], [ -116.346231, 48.226431 ], [ -116.350724, 48.2296 ], [ -116.350989, 48.238282 ], [ -116.352243, 48.2475 ], [ -116.351184, 48.249899 ], [ -116.355171, 48.255641 ], [ -116.360436, 48.261708 ], [ -116.364549, 48.264403 ], [ -116.36857, 48.266193 ], [ -116.367687, 48.273268 ], [ -116.366306, 48.279222 ], [ -116.358827, 48.280508 ], [ -116.353979, 48.282398 ], [ -116.352258, 48.282545 ], [ -116.349202, 48.281022 ], [ -116.350393, 48.282784 ], [ -116.34988, 48.283791 ], [ -116.346626, 48.284114 ], [ -116.343251, 48.285024 ], [ -116.338792, 48.287436 ], [ -116.334307, 48.289166 ], [ -116.332803, 48.289245 ], [ -116.330938, 48.290444 ], [ -116.324181, 48.292978 ], [ -116.32141, 48.293238 ], [ -116.318855, 48.295051 ], [ -116.313892, 48.296618 ], [ -116.310644, 48.296862 ], [ -116.307132, 48.298022 ], [ -116.303359, 48.299874 ], [ -116.299314, 48.300982 ], [ -116.294989, 48.302847 ], [ -116.290407, 48.302474 ], [ -116.285153, 48.303212 ], [ -116.280679, 48.303002 ], [ -116.275121, 48.304641 ], [ -116.271599, 48.304284 ], [ -116.2678, 48.306123 ], [ -116.264882, 48.307927 ], [ -116.261709, 48.30846 ], [ -116.258905, 48.309803 ], [ -116.25422, 48.313674 ], [ -116.251774, 48.314855 ], [ -116.249097, 48.315192 ], [ -116.245638, 48.317536 ], [ -116.241753, 48.321393 ], [ -116.23863, 48.322859 ], [ -116.235647, 48.325663 ], [ -116.234087, 48.328274 ], [ -116.233835, 48.330989 ], [ -116.22579, 48.339717 ], [ -116.223161, 48.34518 ], [ -116.222498, 48.351233 ], [ -116.217649, 48.355968 ], [ -116.214843, 48.356906 ], [ -116.213395, 48.358726 ], [ -116.212072, 48.361445 ], [ -116.210752, 48.362445 ], [ -116.203292, 48.362544 ], [ -116.196706, 48.361781 ], [ -116.191887, 48.36144 ], [ -116.180859, 48.36026 ], [ -116.176909, 48.366097 ], [ -116.174757, 48.368228 ], [ -116.171514, 48.37018 ], [ -116.166828, 48.371763 ], [ -116.164444, 48.373928 ], [ -116.162722, 48.377122 ], [ -116.157498, 48.381671 ], [ -116.155416, 48.384784 ], [ -116.148969, 48.388261 ], [ -116.145081, 48.392151 ], [ -116.14195, 48.39463 ], [ -116.14166, 48.396581 ], [ -116.14306, 48.39917 ], [ -116.139951, 48.401427 ], [ -116.136015, 48.400456 ], [ -116.131992, 48.4016 ], [ -116.134332, 48.404132 ], [ -116.137465, 48.405847 ], [ -116.137648, 48.408298 ], [ -116.14376, 48.411928 ], [ -116.149864, 48.412203 ], [ -116.155748, 48.413112 ], [ -116.166906, 48.415158 ], [ -116.17235, 48.415592 ], [ -116.175839, 48.415466 ], [ -116.17718, 48.416287 ], [ -116.178455, 48.417677 ], [ -116.17806, 48.421026 ], [ -116.176299, 48.422615 ], [ -116.176424, 48.425401 ], [ -116.178386, 48.429415 ], [ -116.177753, 48.43038 ], [ -116.177246, 48.434131 ], [ -116.175741, 48.435555 ], [ -116.173404, 48.43603 ], [ -116.169254, 48.43806 ], [ -116.165763, 48.441843 ], [ -116.164867, 48.445018 ], [ -116.168252, 48.452337 ], [ -116.170176, 48.457759 ], [ -116.17243, 48.460335 ], [ -116.173474, 48.46283 ], [ -116.176263, 48.466217 ], [ -116.177181, 48.469582 ], [ -116.179088, 48.47383 ], [ -116.178121, 48.477743 ], [ -116.1796, 48.479135 ], [ -116.178849, 48.484046 ], [ -116.180738, 48.485555 ], [ -116.181864, 48.488788 ], [ -116.184083, 48.489049 ], [ -116.190057, 48.492607 ], [ -116.194601, 48.492929 ], [ -116.199825, 48.496177 ], [ -116.200723, 48.499936 ], [ -116.1986, 48.502077 ], [ -116.049140153118998, 48.5020457243821 ], [ -116.049155, 48.481247 ], [ -116.049084876527999, 48.4403117221079 ], [ -116.049005, 48.393683 ], [ -116.048969, 48.320514 ], [ -116.04895, 48.261186 ], [ -116.048994, 48.216392 ], [ -116.048994358323995, 48.216128442345799 ], [ -116.049028, 48.191384 ], [ -116.048911, 48.12493 ], [ -116.049030199561003, 48.092095939008303 ], [ -116.049040952979993, 48.089133860993797 ], [ -116.049076, 48.07948 ], [ -116.049115, 48.058985 ], [ -116.049153, 47.999923 ], [ -116.049108961716001, 47.977335274832903 ], [ -116.050896, 47.978853 ], [ -116.052944, 47.979585 ], [ -116.053378, 47.980904 ], [ -116.057889, 47.984782 ], [ -116.060942, 47.988329 ], [ -116.06192, 47.991022 ], [ -116.061495, 47.994236 ], [ -116.062132, 47.995549 ], [ -116.070801, 47.996804 ], [ -116.074454, 47.997597 ], [ -116.079644, 48.000652 ], [ -116.082136, 48.000807 ], [ -116.087353, 48.002353 ], [ -116.092587, 48.00571 ], [ -116.093176, 48.007414 ], [ -116.09558, 48.008502 ], [ -116.098348, 48.011252 ], [ -116.103429, 48.012277 ], [ -116.101868, 48.013417 ], [ -116.101989, 48.017012 ], [ -116.104121, 48.02311 ], [ -116.107477, 48.025125 ], [ -116.109404, 48.027434 ], [ -116.113023, 48.028249 ], [ -116.11556, 48.030237 ], [ -116.118178, 48.031489 ], [ -116.120163, 48.033448 ], [ -116.12609, 48.030221 ], [ -116.128452, 48.0294 ], [ -116.130772, 48.026735 ], [ -116.135861, 48.025378 ], [ -116.141635, 48.02443 ], [ -116.1477, 48.023838 ], [ -116.154514, 48.019995 ], [ -116.161863, 48.021577 ], [ -116.164726, 48.023766 ], [ -116.167938, 48.024822 ], [ -116.17085, 48.026343 ], [ -116.172963, 48.029582 ], [ -116.177959, 48.031539 ], [ -116.182313, 48.032355 ], [ -116.187904, 48.036211 ], [ -116.192795, 48.040337 ], [ -116.197011, 48.040636 ], [ -116.202797, 48.041463 ], [ -116.204901, 48.04071 ], [ -116.206621, 48.041091 ], [ -116.207336, 48.042332 ], [ -116.207126, 48.046415 ], [ -116.212513, 48.051841 ], [ -116.219291, 48.055187 ], [ -116.220634, 48.056206 ], [ -116.221047, 48.058032 ], [ -116.225423, 48.060029 ], [ -116.229503, 48.064681 ], [ -116.229103, 48.066918 ], [ -116.233113, 48.06889 ], [ -116.241965, 48.068778 ], [ -116.243458, 48.067139 ], [ -116.2473, 48.065537 ], [ -116.251476, 48.064607 ], [ -116.258953, 48.063526 ], [ -116.261817, 48.062162 ], [ -116.266389, 48.062415 ], [ -116.273131, 48.061867 ], [ -116.277088, 48.059898 ], [ -116.278908, 48.058428 ], [ -116.282236, 48.059386 ], [ -116.284944, 48.057312 ], [ -116.285152, 48.055538 ], [ -116.286882, 48.052623 ], [ -116.289202, 48.0498 ], [ -116.291131, 48.045316 ], [ -116.297921, 48.041855 ], [ -116.302158, 48.041494 ], [ -116.307085, 48.038097 ], [ -116.309635, 48.034461 ], [ -116.313152, 48.03179 ], [ -116.313127, 48.030823 ], [ -116.315708, 48.030024 ], [ -116.322633, 48.023206 ], [ -116.324176, 48.022277 ], [ -116.327739, 48.018704 ], [ -116.329601, 48.017722 ], [ -116.329538, 47.890393 ], [ -116.494664, 47.890235 ], [ -116.505104, 47.890142 ], [ -116.505073, 47.947253 ], [ -116.504843, 47.948228 ], [ -116.505113, 47.949529 ] ] ] } },
{ "type": "Feature", "properties": { "geoid": "16079960300", "county_name": "Shoshone County", "place_name": null, "state_name": "Idaho", "state_abbr": "ID", "is_rural": true, "dci_score": 76.0, "dci_quintile": 3.0, "is_cra_lmi": true, "income_level": "M", "is_persistent_poverty": false, "is_tribal_overlap": false, "tribal_area_name": null, "aian_pct": 0.0, "has_nmtc": true, "nmtc_projects": 1, "nmtc_total_usd": 1880000.0 }, "geometry": { "type": "Polygon", "coordinates": [ [ [ -116.220054, 47.563937 ], [ -116.216466, 47.564743 ], [ -116.213186, 47.564378 ], [ -116.20848, 47.565298 ], [ -116.206532, 47.565129 ], [ -116.20127, 47.563182 ], [ -116.196547, 47.562842 ], [ -116.183421, 47.562751 ], [ -116.178719, 47.563223 ], [ -116.173997, 47.564356 ], [ -116.162403, 47.566754 ], [ -116.154271, 47.566976 ], [ -116.152883, 47.568738 ], [ -116.152905, 47.570146 ], [ -116.150143, 47.573117 ], [ -116.146732, 47.575907 ], [ -116.146228, 47.577016 ], [ -116.14697, 47.582292 ], [ -116.145521, 47.583443 ], [ -116.146319, 47.585369 ], [ -116.145617, 47.586398 ], [ -116.143022, 47.586637 ], [ -116.137088, 47.586388 ], [ -116.135429, 47.586727 ], [ -116.132309, 47.586069 ], [ -116.128029, 47.585266 ], [ -116.128272, 47.583796 ], [ -116.134726, 47.582699 ], [ -116.12921, 47.582212 ], [ -116.126001, 47.581568 ], [ -116.124208, 47.582978 ], [ -116.124045, 47.584849 ], [ -116.122864, 47.585758 ], [ -116.117072, 47.585623 ], [ -116.113939, 47.587857 ], [ -116.112987, 47.590264 ], [ -116.11085, 47.588477 ], [ -116.106107, 47.58671 ], [ -116.103597, 47.586867 ], [ -116.100793, 47.586025 ], [ -116.09563, 47.58721 ], [ -116.088206, 47.590801 ], [ -116.085782, 47.591336 ], [ -116.080139, 47.590475 ], [ -116.075123, 47.592311 ], [ -116.073084, 47.593892 ], [ -116.068804, 47.595644 ], [ -116.065985, 47.595423 ], [ -116.063764, 47.596481 ], [ -116.060885, 47.596115 ], [ -116.058139, 47.597182 ], [ -116.055122, 47.59601 ], [ -116.055015, 47.598994 ], [ -116.049748, 47.600033 ], [ -116.040626, 47.599255 ], [ -116.036033, 47.595049 ], [ -116.036271, 47.593312 ], [ -116.034549, 47.592352 ], [ -116.034617, 47.589107 ], [ -116.032489, 47.589015 ], [ -116.032419, 47.589016 ], [ -116.027253, 47.588853 ], [ -116.026916, 47.588442 ], [ -116.029922, 47.588534 ], [ -116.032422, 47.588301 ], [ -116.036678, 47.588308 ], [ -116.037793, 47.589702 ], [ -116.037657, 47.591027 ], [ -116.039244, 47.592285 ], [ -116.039919, 47.593793 ], [ -116.042452, 47.594913 ], [ -116.040663, 47.593336 ], [ -116.039785, 47.591096 ], [ -116.039989, 47.589725 ], [ -116.038841, 47.586366 ], [ -116.037253, 47.586274 ], [ -116.034249, 47.582982 ], [ -116.036782, 47.58457 ], [ -116.037931, 47.584256 ], [ -116.036209, 47.583236 ], [ -116.037292, 47.580921 ], [ -116.040535, 47.581688 ], [ -116.043742, 47.584915 ], [ -116.043575, 47.582916 ], [ -116.040269, 47.578465 ], [ -116.040065, 47.57647 ], [ -116.040563, 47.574109 ], [ -116.03961, 47.572097 ], [ -116.039466, 47.56919 ], [ -116.040974, 47.566353 ], [ -116.040445, 47.56388 ], [ -116.03712, 47.556346 ], [ -116.036853, 47.553006 ], [ -116.040304, 47.550577 ], [ -116.04157, 47.548614 ], [ -116.044238, 47.547075 ], [ -116.04868, 47.543361 ], [ -116.052337, 47.539397 ], [ -116.055527, 47.536534 ], [ -116.058414, 47.534428 ], [ -116.059516, 47.532506 ], [ -116.056765, 47.532197 ], [ -116.054769, 47.531653 ], [ -116.053013, 47.530823 ], [ -116.049082, 47.527658 ], [ -116.051008, 47.526509 ], [ -116.049978, 47.525886 ], [ -116.048903, 47.523189 ], [ -116.047278, 47.52143 ], [ -116.045726, 47.521134 ], [ -116.05051, 47.52031 ], [ -116.052586, 47.520976 ], [ -116.053205, 47.520207 ], [ -116.052089, 47.518606 ], [ -116.049071, 47.518238 ], [ -116.050047, 47.516823 ], [ -116.051664, 47.516428 ], [ -116.053746, 47.513678 ], [ -116.053562, 47.510983 ], [ -116.054414, 47.51309 ], [ -116.055611, 47.513438 ], [ -116.057671, 47.512549 ], [ -116.05882, 47.51183 ], [ -116.05721, 47.51273 ], [ -116.055139, 47.512698 ], [ -116.054648, 47.510668 ], [ -116.053673, 47.509502 ], [ -116.052608, 47.506606 ], [ -116.052753, 47.502931 ], [ -116.049844, 47.504433 ], [ -116.049474, 47.502185 ], [ -116.050174, 47.501041 ], [ -116.04858, 47.49863 ], [ -116.046261, 47.498944 ], [ -116.043456, 47.50019 ], [ -116.043895, 47.49882 ], [ -116.04339, 47.49535 ], [ -116.040537, 47.495065 ], [ -116.042594, 47.492085 ], [ -116.041165, 47.491677 ], [ -116.039219, 47.487689 ], [ -116.038628, 47.485197 ], [ -116.036664, 47.483812 ], [ -116.032909, 47.483205 ], [ -116.032342, 47.480581 ], [ -116.029484, 47.477659 ], [ -116.026552, 47.475487 ], [ -116.025306, 47.473316 ], [ -116.022611, 47.471052 ], [ -116.020152, 47.47016 ], [ -116.019311, 47.46824 ], [ -116.015975, 47.46785 ], [ -116.011492, 47.468351 ], [ -116.009032, 47.467894 ], [ -116.006944, 47.46675 ], [ -116.004307, 47.463104 ], [ -116.005436, 47.459115 ], [ -116.005236, 47.457447 ], [ -116.003956, 47.456303 ], [ -116.000611, 47.455343 ], [ -116.000615, 47.454218 ], [ -115.997203, 47.451194 ], [ -115.99504, 47.44848 ], [ -115.994916, 47.445982 ], [ -115.995945, 47.444401 ], [ -115.998596, 47.442495 ], [ -115.996632, 47.441084 ], [ -115.995241, 47.438744 ], [ -115.994289, 47.435268 ], [ -115.995623, 47.433101 ], [ -115.999853, 47.430339 ], [ -116.000994, 47.430067 ], [ -116.002937, 47.427051 ], [ -116.006028, 47.423311 ], [ -116.008588, 47.422922 ], [ -116.014041, 47.423374 ], [ -116.017114, 47.422628 ], [ -116.021443, 47.423442 ], [ -116.024273, 47.422183 ], [ -116.027619, 47.419985 ], [ -116.029036, 47.416144 ], [ -116.03451, 47.415533 ], [ -116.039484, 47.414523 ], [ -116.04283, 47.413416 ], [ -116.047359, 47.412428 ], [ -116.051943, 47.412958 ], [ -116.060726, 47.412691 ], [ -116.064016, 47.41315 ], [ -116.06709, 47.415002 ], [ -116.070833, 47.415127 ], [ -116.085519, 47.417784 ], [ -116.086842, 47.418901 ], [ -116.09348, 47.42062 ], [ -116.098189, 47.420028 ], [ -116.100931, 47.420868 ], [ -116.103056, 47.422067 ], [ -116.107829, 47.425627 ], [ -116.110076, 47.428588 ], [ -116.111229, 47.428756 ], [ -116.109299, 47.431008 ], [ -116.111795, 47.434893 ], [ -116.114053, 47.4364 ], [ -116.11601, 47.439164 ], [ -116.115677, 47.443598 ], [ -116.116387, 47.446615 ], [ -116.119151, 47.448053 ], [ -116.120467, 47.450155 ], [ -116.119428, 47.45459 ], [ -116.120173, 47.458886 ], [ -116.121387, 47.459777 ], [ -116.126863, 47.460665 ], [ -116.129422, 47.462357 ], [ -116.131947, 47.464964 ], [ -116.131505, 47.468597 ], [ -116.129311, 47.471111 ], [ -116.12907, 47.475568 ], [ -116.127517, 47.477669 ], [ -116.127682, 47.480983 ], [ -116.133711, 47.485489 ], [ -116.135833, 47.487912 ], [ -116.141597, 47.489537 ], [ -116.144733, 47.489607 ], [ -116.146923, 47.491802 ], [ -116.147124, 47.493196 ], [ -116.150932, 47.496168 ], [ -116.152246, 47.497677 ], [ -116.158038, 47.499922 ], [ -116.161244, 47.502667 ], [ -116.157368, 47.509584 ], [ -116.154319, 47.513238 ], [ -116.155811, 47.513566 ], [ -116.156352, 47.512216 ], [ -116.158961, 47.510188 ], [ -116.161515, 47.506549 ], [ -116.163375, 47.502542 ], [ -116.163226, 47.499922 ], [ -116.165298, 47.498273 ], [ -116.164825, 47.497159 ], [ -116.167615, 47.494761 ], [ -116.171049, 47.494359 ], [ -116.174379, 47.496911 ], [ -116.17767, 47.497033 ], [ -116.179491, 47.496421 ], [ -116.18379, 47.496655 ], [ -116.186871, 47.494672 ], [ -116.188349, 47.496886 ], [ -116.192735, 47.497835 ], [ -116.196239, 47.496707 ], [ -116.196004, 47.499174 ], [ -116.193156, 47.503971 ], [ -116.193407, 47.506209 ], [ -116.196126, 47.512543 ], [ -116.19773, 47.513903 ], [ -116.198257, 47.515753 ], [ -116.206533, 47.521257 ], [ -116.207634, 47.522545 ], [ -116.212032, 47.524212 ], [ -116.213126, 47.525451 ], [ -116.212414, 47.527585 ], [ -116.212958, 47.530404 ], [ -116.212497, 47.531929 ], [ -116.210231, 47.535473 ], [ -116.204979, 47.538829 ], [ -116.202693, 47.541129 ], [ -116.204884, 47.541597 ], [ -116.209643, 47.543547 ], [ -116.217292, 47.5442 ], [ -116.219319, 47.545308 ], [ -116.220572, 47.547831 ], [ -116.219197, 47.548206 ], [ -116.223511, 47.564088 ], [ -116.220054, 47.563937 ] ] ] } },
{ "type": "Feature", "properties": { "geoid": "16065950301", "county_name": "Madison County", "place_name": null, "state_name": "Idaho", "state_abbr": "ID", "is_rural": true, "dci_score": 47.9, "dci_quintile": 5.0, "is_cra_lmi": true, "income_level": "M", "is_persistent_poverty": true, "is_tribal_overlap": false, "tribal_area_name": null, "aian_pct": 0.0, "has_nmtc": true, "nmtc_projects": 1, "nmtc_total_usd": 0.0 }, "geometry": { "type": "Polygon", "coordinates": [ [ [ -111.795257, 43.823928 ], [ -111.792445, 43.823934 ], [ -111.786693, 43.823939 ], [ -111.78097, 43.823938 ], [ -111.778065, 43.82393 ], [ -111.778074, 43.819758 ], [ -111.778075, 43.817623 ], [ -111.786695, 43.817665 ], [ -111.789511, 43.817671 ], [ -111.795247, 43.817682 ], [ -111.795246, 43.819775 ], [ -111.795257, 43.823928 ] ] ] } },
{ "type": "Feature", "properties": { "geoid": "16027021500", "county_name": "Canyon County", "place_name": null, "state_name": "Idaho", "state_abbr": "ID", "is_rural": false, "dci_score": 52.9, "dci_quintile": 5.0, "is_cra_lmi": true, "income_level": "M", "is_persistent_poverty": false, "is_tribal_overlap": false, "tribal_area_name": null, "aian_pct": 0.0, "has_nmtc": true, "nmtc_projects": 1, "nmtc_total_usd": 0.0 }, "geometry": { "type": "Polygon", "coordinates": [ [ [ -116.698114, 43.669623 ], [ -116.691975, 43.669584 ], [ -116.685062, 43.664873 ], [ -116.68442, 43.665371 ], [ -116.672857, 43.657563 ], [ -116.675265, 43.655702 ], [ -116.66856, 43.651124 ], [ -116.66812, 43.649541 ], [ -116.666118, 43.648169 ], [ -116.673067, 43.648113 ], [ -116.683094, 43.648033 ], [ -116.683111, 43.654204 ], [ -116.683134, 43.655279 ], [ -116.693094, 43.655211 ], [ -116.698122, 43.655211 ], [ -116.698114, 43.669623 ] ] ] } },
{ "type": "Feature", "properties": { "geoid": "16001000806", "county_name": "Ada County", "place_name": null, "state_name": "Idaho", "state_abbr": "ID", "is_rural": false, "dci_score": 38.4, "dci_quintile": 5.0, "is_cra_lmi": false, "income_level": "U", "is_persistent_poverty": false, "is_tribal_overlap": false, "tribal_area_name": null, "aian_pct": 0.0, "has_nmtc": false, "nmtc_projects": 0, "nmtc_total_usd": 0.0 }, "geometry": { "type": "Polygon", "coordinates": [ [ [ -116.193543, 43.598421 ], [ -116.193423, 43.603888 ], [ -116.189282, 43.601042 ], [ -116.188674, 43.600505 ], [ -116.188057, 43.599284 ], [ -116.187205, 43.598801 ], [ -116.187819, 43.598504 ], [ -116.186315, 43.596705 ], [ -116.18088, 43.596805 ], [ -116.180624, 43.593318 ], [ -116.182572, 43.594389 ], [ -116.188506, 43.59459 ], [ -116.188495, 43.58886 ], [ -116.189976, 43.589549 ], [ -116.193673, 43.590399 ], [ -116.193543, 43.598421 ] ] ] } },
{ "type": "Feature", "properties": { "geoid": "16001001402", "county_name": "Ada County", "place_name": null, "state_name": "Idaho", "state_abbr": "ID", "is_rural": false, "dci_score": 43.8, "dci_quintile": 5.0, "is_cra_lmi": true, "income_level": "M", "is_persistent_poverty": false, "is_tribal_overlap": false, "tribal_area_name": null, "aian_pct": 0.0, "has_nmtc": false, "nmtc_projects": 0, "nmtc_total_usd": 0.0 }, "geometry": { "type": "Polygon", "coordinates": [ [ [ -116.253677, 43.598015 ], [ -116.25187, 43.597164 ], [ -116.243532, 43.597116 ], [ -116.243531, 43.597274 ], [ -116.238679, 43.597198 ], [ -116.236388, 43.596146 ], [ -116.233568, 43.596889 ], [ -116.233598, 43.593411 ], [ -116.233633, 43.589777 ], [ -116.243597, 43.589831 ], [ -116.253598, 43.589895 ], [ -116.253631, 43.593198 ], [ -116.253677, 43.598015 ] ] ] } },
{ "type": "Feature", "properties": { "geoid": "16055001300", "county_name": "Kootenai County", "place_name": null, "state_name": "Idaho", "state_abbr": "ID", "is_rural": false, "dci_score": 29.8, "dci_quintile": 5.0, "is_cra_lmi": true, "income_level": "M", "is_persistent_poverty": false, "is_tribal_overlap": false, "tribal_area_name": null, "aian_pct": 0.0, "has_nmtc": false, "nmtc_projects": 0, "nmtc_total_usd": 0.0 }, "geometry": { "type": "Polygon", "coordinates": [ [ [ -116.786286, 47.698262 ], [ -116.786265, 47.700731 ], [ -116.780839, 47.70075 ], [ -116.775611, 47.700743 ], [ -116.771376, 47.70075 ], [ -116.764913, 47.700751 ], [ -116.764909, 47.697186 ], [ -116.76487, 47.693534 ], [ -116.764867, 47.692549 ], [ -116.764865, 47.691962 ], [ -116.764856, 47.688748 ], [ -116.764865, 47.688469 ], [ -116.764837, 47.686199 ], [ -116.776388, 47.68622 ], [ -116.776622, 47.686221 ], [ -116.780672, 47.686231 ], [ -116.786267, 47.68626 ], [ -116.786286, 47.698262 ] ] ] } },
{ "type": "Feature", "properties": { "geoid": "16087970300", "county_name": "Washington County", "place_name": null, "state_name": "Idaho", "state_abbr": "ID", "is_rural": true, "dci_score": 70.1, "dci_quintile": 3.0, "is_cra_lmi": false, "income_level": "U", "is_persistent_poverty": false, "is_tribal_overlap": false, "tribal_area_name": null, "aian_pct": 0.0, "has_nmtc": false, "nmtc_projects": 0, "nmtc_total_usd": 0.0 }, "geometry": { "type": "Polygon", "coordinates": [ [ [ -117.242675, 44.396548 ], [ -117.234835, 44.399669 ], [ -117.22698, 44.405583 ], [ -117.225461, 44.407729 ], [ -117.218285, 44.420664 ], [ -117.215072, 44.427162 ], [ -117.214637, 44.44803 ], [ -117.215573, 44.453746 ], [ -117.217015, 44.459042 ], [ -117.221548, 44.470146 ], [ -117.224445, 44.473884 ], [ -117.225758, 44.477223 ], [ -117.225932, 44.479389 ], [ -117.225076, 44.482346 ], [ -117.224104, 44.483734 ], [ -117.221479026379001, 44.484557614330598 ], [ -117.216372, 44.48616 ], [ -117.211148, 44.485359 ], [ -117.208936, 44.485661 ], [ -117.200237, 44.492027 ], [ -117.194317, 44.499884 ], [ -117.192494, 44.503272 ], [ -117.191329, 44.506784 ], [ -117.19163, 44.509886 ], [ -117.189759, 44.513385 ], [ -117.185386, 44.519261 ], [ -117.181583, 44.52296 ], [ -117.167187, 44.523431 ], [ -117.161033, 44.525166 ], [ -117.152406, 44.531802 ], [ -117.149242, 44.536151 ], [ -117.144161, 44.545647 ], [ -117.14293, 44.557236 ], [ -117.147934, 44.562143 ], [ -117.148255, 44.564371 ], [ -117.146032, 44.568603 ], [ -117.14248, 44.57143 ], [ -117.138066, 44.572996 ], [ -117.133963, 44.57524 ], [ -117.126009, 44.581553 ], [ -117.124754, 44.583834 ], [ -117.125267, 44.593818 ], [ -117.120522, 44.614658 ], [ -117.117809, 44.620139 ], [ -117.114754, 44.624883 ], [ -117.108231, 44.62711 ], [ -117.098221, 44.640689 ], [ -117.094968, 44.652011 ], [ -117.096791, 44.657385 ], [ -117.095868, 44.664737 ], [ -117.091223, 44.668807 ], [ -117.086075, 44.671794 ], [ -117.081286739530995, 44.673585925696898 ], [ -117.081022, 44.673685 ], [ -117.079031, 44.677676 ], [ -117.078574, 44.680328 ], [ -117.079835603760998, 44.682528057877597 ], [ -117.077481, 44.682664 ], [ -117.073585, 44.682071 ], [ -117.071969, 44.683882 ], [ -117.068953, 44.683356 ], [ -117.067184, 44.68391 ], [ -117.063038, 44.681293 ], [ -117.06063, 44.678724 ], [ -117.059099, 44.678486 ], [ -117.054215, 44.673527 ], [ -117.052178, 44.671071 ], [ -117.052109, 44.669212 ], [ -117.051079, 44.667993 ], [ -117.047834, 44.66736 ], [ -117.046204, 44.666469 ], [ -117.046797, 44.66339 ], [ -117.043892, 44.658841 ], [ -117.044247, 44.653704 ], [ -117.043256, 44.652868 ], [ -117.041281, 44.649357 ], [ -117.041397, 44.648435 ], [ -117.039714, 44.645937 ], [ -117.038863, 44.64253 ], [ -117.036657, 44.641248 ], [ -117.03536, 44.637472 ], [ -117.033908, 44.635671 ], [ -117.031326, 44.634173 ], [ -117.028515, 44.630938 ], [ -117.029493, 44.628273 ], [ -117.028001, 44.622936 ], [ -117.027136, 44.618223 ], [ -117.026471, 44.619136 ], [ -117.025028, 44.616894 ], [ -117.020011, 44.615815 ], [ -117.014979, 44.615361 ], [ -117.010884, 44.61407 ], [ -117.00672, 44.614061 ], [ -117.003225, 44.61362 ], [ -117.002103, 44.613562 ], [ -116.998723, 44.616555 ], [ -116.994261, 44.617815 ], [ -116.991601, 44.621236 ], [ -116.989445, 44.622397 ], [ -116.982676, 44.622864 ], [ -116.979146, 44.624223 ], [ -116.975289, 44.623628 ], [ -116.970927, 44.621775 ], [ -116.97071, 44.619014 ], [ -116.972086, 44.617733 ], [ -116.971476, 44.614166 ], [ -116.970418, 44.612543 ], [ -116.971345, 44.610073 ], [ -116.974609, 44.608471 ], [ -116.976562, 44.608585 ], [ -116.978706, 44.607258 ], [ -116.981875, 44.607668 ], [ -116.983795, 44.60593 ], [ -116.989459, 44.603985 ], [ -116.990833, 44.602223 ], [ -116.992327, 44.601831 ], [ -116.989789, 44.598139 ], [ -116.9893, 44.595889 ], [ -116.986703, 44.593329 ], [ -116.986917, 44.591613 ], [ -116.98974, 44.589547 ], [ -116.984752, 44.591535 ], [ -116.979279, 44.587155 ], [ -116.974308, 44.584221 ], [ -116.972203, 44.581341 ], [ -116.968031, 44.577719 ], [ -116.966707, 44.57466 ], [ -116.964231, 44.571561 ], [ -116.963841, 44.569311 ], [ -116.961882, 44.567222 ], [ -116.961299, 44.565043 ], [ -116.961642, 44.562243 ], [ -116.960422, 44.561139 ], [ -116.959101, 44.558478 ], [ -116.956568, 44.557419 ], [ -116.95583, 44.556246 ], [ -116.955751, 44.551662 ], [ -116.952886, 44.550412 ], [ -116.951361, 44.549024 ], [ -116.950774, 44.545568 ], [ -116.951797, 44.544274 ], [ -116.952806, 44.541039 ], [ -116.952505, 44.540338 ], [ -116.951971, 44.532842 ], [ -116.953681, 44.529167 ], [ -116.953851, 44.525938 ], [ -116.952027, 44.523864 ], [ -116.951432, 44.522133 ], [ -116.95311, 44.518963 ], [ -116.951965, 44.515233 ], [ -116.954723, 44.510854 ], [ -116.952765, 44.506627 ], [ -116.95095, 44.505623 ], [ -116.949783, 44.50386 ], [ -116.946252, 44.49651 ], [ -116.945523, 44.495889 ], [ -116.942715, 44.495855 ], [ -116.940731, 44.493168 ], [ -116.940027, 44.490716 ], [ -116.937158, 44.490216 ], [ -116.937446, 44.488836 ], [ -116.935715, 44.486496 ], [ -116.935887, 44.485363 ], [ -116.934615, 44.482725 ], [ -116.931408, 44.480048 ], [ -116.929559, 44.475739 ], [ -116.92367, 44.47292 ], [ -116.9241, 44.469717 ], [ -116.925889, 44.468182 ], [ -116.925908, 44.467007 ], [ -116.925183, 44.465217 ], [ -116.92093, 44.460824 ], [ -116.920899, 44.457746 ], [ -116.918237, 44.453722 ], [ -116.917952, 44.451587 ], [ -116.916985, 44.450548 ], [ -116.917106, 44.448898 ], [ -116.914891, 44.444839 ], [ -116.916602, 44.44046 ], [ -116.916705, 44.436805 ], [ -116.915133, 44.433937 ], [ -116.915353, 44.432134 ], [ -116.912901, 44.429911 ], [ -116.909475, 44.42505 ], [ -116.908633, 44.420696 ], [ -116.906692, 44.417339 ], [ -116.905945, 44.41351 ], [ -116.904442, 44.410895 ], [ -116.902486, 44.408747 ], [ -116.901264, 44.402825 ], [ -116.900579, 44.401965 ], [ -116.897663, 44.402123 ], [ -116.897209, 44.399575 ], [ -116.896158, 44.397126 ], [ -116.896088, 44.394456 ], [ -116.895005, 44.392876 ], [ -116.891638, 44.392977 ], [ -116.890649, 44.391903 ], [ -116.882604, 44.390605 ], [ -116.873118, 44.390229 ], [ -116.872597, 44.388634 ], [ -116.87426, 44.382722 ], [ -116.874366, 44.378269 ], [ -116.873197, 44.374544 ], [ -116.87328, 44.372229 ], [ -116.873457, 44.370189 ], [ -116.874738, 44.367791 ], [ -116.876541, 44.366225 ], [ -116.881967, 44.362312 ], [ -116.883724, 44.359793 ], [ -116.883293, 44.353686 ], [ -116.883386, 44.34501 ], [ -116.884061, 44.343221 ], [ -116.887088, 44.340522 ], [ -116.891828, 44.339122 ], [ -116.897048, 44.337241 ], [ -116.908316, 44.333672 ], [ -116.909787, 44.332795 ], [ -116.911511, 44.330349 ], [ -116.912835, 44.325621 ], [ -116.913851, 44.323444 ], [ -116.916789, 44.319053 ], [ -116.917688, 44.316771 ], [ -116.917703, 44.311648 ], [ -116.918574, 44.310059 ], [ -116.922513, 44.30589 ], [ -116.924145, 44.303268 ], [ -116.92434, 44.30182 ], [ -116.923125, 44.296218 ], [ -116.923317, 44.294048 ], [ -116.924944, 44.289317 ], [ -116.929309, 44.285281 ], [ -116.932598, 44.283821 ], [ -116.935116, 44.281693 ], [ -116.940122, 44.275623 ], [ -116.947961, 44.268456 ], [ -116.949261, 44.267452 ], [ -116.953602, 44.265019 ], [ -116.958723, 44.260639 ], [ -116.959682, 44.259836 ], [ -116.963246, 44.257101 ], [ -116.968402, 44.256465 ], [ -116.968404, 44.25285 ], [ -116.968475, 44.248769 ], [ -116.968951, 44.247954 ], [ -116.972782, 44.249079 ], [ -116.973233, 44.248257 ], [ -116.975121, 44.244384 ], [ -116.973675, 44.243837 ], [ -116.971582, 44.243053 ], [ -116.971794, 44.242591 ], [ -116.971012, 44.241429 ], [ -116.970686, 44.239773 ], [ -116.970737, 44.239655 ], [ -116.970699, 44.239065 ], [ -116.972828624350996, 44.238042086225498 ], [ -116.973542, 44.23998 ], [ -116.975905, 44.242844 ], [ -116.978570032446001, 44.243483948055697 ], [ -116.981589778363002, 44.244209072634 ], [ -116.981825336925993, 44.244265636764901 ], [ -116.983658939346995, 44.244705935458299 ], [ -116.98687, 44.245477 ], [ -117.001, 44.245386 ], [ -117.003682330068003, 44.245386842387397 ], [ -117.008000996386002, 44.2453881986673 ], [ -117.015868756714994, 44.245390669542303 ], [ -117.016921, 44.245391 ], [ -117.020231, 44.246063 ], [ -117.025277, 44.248505 ], [ -117.027558, 44.248881 ], [ -117.031862, 44.248635 ], [ -117.03585, 44.246805 ], [ -117.042283, 44.242775 ], [ -117.045513, 44.232005 ], [ -117.047062, 44.229742 ], [ -117.047399154136002, 44.229639334032697 ], [ -117.050057, 44.22883 ], [ -117.05303, 44.229076 ], [ -117.05651, 44.230874 ], [ -117.059352, 44.237244 ], [ -117.067284, 44.24401 ], [ -117.074191882812997, 44.247677432814797 ], [ -117.07835, 44.249885 ], [ -117.089503, 44.258234 ], [ -117.090933, 44.260311 ], [ -117.093578, 44.269383 ], [ -117.09457, 44.270978 ], [ -117.098531, 44.275533 ], [ -117.102242, 44.278799 ], [ -117.104208, 44.27994 ], [ -117.107673, 44.280763 ], [ -117.111617, 44.280667 ], [ -117.118018, 44.278945 ], [ -117.121037, 44.277585 ], [ -117.130904, 44.269453 ], [ -117.13253, 44.267045 ], [ -117.133104, 44.264236 ], [ -117.133984, 44.262972 ], [ -117.138523, 44.25937 ], [ -117.143394, 44.258262 ], [ -117.15706, 44.25749 ], [ -117.170342, 44.25889 ], [ -117.193129, 44.270963 ], [ -117.198147, 44.273828 ], [ -117.198559149538994, 44.274146060267299 ], [ -117.216974, 44.288357 ], [ -117.222647, 44.297578 ], [ -117.222451, 44.298963 ], [ -117.220069, 44.301382 ], [ -117.220060553639001, 44.301404 ], [ -117.217843, 44.30718 ], [ -117.216795, 44.308236 ], [ -117.21521, 44.309116 ], [ -117.2055, 44.311789 ], [ -117.203323, 44.313024 ], [ -117.192203, 44.32863 ], [ -117.191546, 44.329621 ], [ -117.189842, 44.335007 ], [ -117.189769, 44.336585 ], [ -117.196149, 44.346362 ], [ -117.197339, 44.347406 ], [ -117.206962, 44.355206 ], [ -117.210587, 44.357703 ], [ -117.216911, 44.360163 ], [ -117.227938, 44.367975 ], [ -117.235117, 44.373853 ], [ -117.243027, 44.390974 ], [ -117.242675, 44.396548 ] ] ] } },
{ "type": "Feature", "properties": { "geoid": "16005001400", "county_name": "Bannock County", "place_name": "Rexburg", "state_name": "Idaho", "state_abbr": "ID", "is_rural": false, "dci_score": 35.1, "dci_quintile": 5.0, "is_cra_lmi": true, "income_level": "M", "is_persistent_poverty": false, "is_tribal_overlap": false, "tribal_area_name": null, "aian_pct": 0.0, "has_nmtc": false, "nmtc_projects": 0, "nmtc_total_usd": 0.0 }, "geometry": { "type": "Polygon", "coordinates": [ [ [ -112.465779, 42.882737 ], [ -112.46617, 42.887751 ], [ -112.466181, 42.891373 ], [ -112.466196, 42.9008 ], [ -112.466248, 42.905744 ], [ -112.464238, 42.905722 ], [ -112.466324, 42.908923 ], [ -112.466323, 42.912953 ], [ -112.458832, 42.912914 ], [ -112.458701, 42.912243 ], [ -112.457425, 42.905817 ], [ -112.452275, 42.905685 ], [ -112.451447, 42.904907 ], [ -112.451421, 42.895657 ], [ -112.45128, 42.891423 ], [ -112.451405, 42.880544 ], [ -112.451392, 42.878728 ], [ -112.450455, 42.876798 ], [ -112.453446, 42.876548 ], [ -112.456302, 42.876517 ], [ -112.461174, 42.873831 ], [ -112.466446, 42.878384 ], [ -112.465779, 42.882737 ] ] ] } },
{ "type": "Feature", "properties": { "geoid": "16005001000", "county_name": "Bannock County", "place_name": null, "state_name": "Idaho", "state_abbr": "ID", "is_rural": false, "dci_score": 35.1, "dci_quintile": 5.0, "is_cra_lmi": true, "income_level": "M", "is_persistent_poverty": false, "is_tribal_overlap": false, "tribal_area_name": null, "aian_pct": 0.0, "has_nmtc": false, "nmtc_projects": 0, "nmtc_total_usd": 0.0 }, "geometry": { "type": "Polygon", "coordinates": [ [ [ -112.441647, 42.880548 ], [ -112.441621, 42.884169 ], [ -112.441597, 42.887765 ], [ -112.437906, 42.887691 ], [ -112.433876, 42.887619 ], [ -112.431064, 42.888613 ], [ -112.424915, 42.875598 ], [ -112.428512, 42.875911 ], [ -112.430223, 42.874871 ], [ -112.433297, 42.872957 ], [ -112.437805, 42.876902 ], [ -112.441656, 42.876921 ], [ -112.441647, 42.880548 ] ] ] } },
{ "type": "Feature", "properties": { "geoid": "16005001300", "county_name": "Bannock County", "place_name": "Caldwell", "state_name": "Idaho", "state_abbr": "ID", "is_rural": false, "dci_score": 35.1, "dci_quintile": 5.0, "is_cra_lmi": true, "income_level": "L", "is_persistent_poverty": false, "is_tribal_overlap": false, "tribal_area_name": null, "aian_pct": 0.0, "has_nmtc": false, "nmtc_projects": 0, "nmtc_total_usd": 0.0 }, "geometry": { "type": "Polygon", "coordinates": [ [ [ -112.451405, 42.880544 ], [ -112.45128, 42.891423 ], [ -112.447689, 42.891398 ], [ -112.442243, 42.891533 ], [ -112.441607, 42.891951 ], [ -112.44157, 42.891735 ], [ -112.441597, 42.887765 ], [ -112.441621, 42.884169 ], [ -112.441647, 42.880548 ], [ -112.441656, 42.876921 ], [ -112.447436, 42.876944 ], [ -112.450455, 42.876798 ], [ -112.451392, 42.878728 ], [ -112.451405, 42.880544 ] ] ] } },
{ "type": "Feature", "properties": { "geoid": "16003950200", "county_name": "Adams County", "place_name": null, "state_name": "Idaho", "state_abbr": "ID", "is_rural": true, "dci_score": 74.4, "dci_quintile": 3.0, "is_cra_lmi": false, "income_level": "U", "is_persistent_poverty": false, "is_tribal_overlap": false, "tribal_area_name": null, "aian_pct": 0.0, "has_nmtc": false, "nmtc_projects": 0, "nmtc_total_usd": 0.0 }, "geometry": { "type": "Polygon", "coordinates": [ [ [ -116.898388, 44.84228 ], [ -116.896249, 44.84833 ], [ -116.896424, 44.849733 ], [ -116.898609, 44.851985 ], [ -116.898153, 44.854319 ], [ -116.895805, 44.855752 ], [ -116.892361, 44.855218 ], [ -116.889882, 44.855171 ], [ -116.887748, 44.855799 ], [ -116.883598, 44.858268 ], [ -116.879375, 44.861793 ], [ -116.878183, 44.864706 ], [ -116.876001, 44.866684 ], [ -116.871701, 44.867613 ], [ -116.865338, 44.870599 ], [ -116.857038, 44.880769 ], [ -116.852427, 44.887577 ], [ -116.850512, 44.893523 ], [ -116.846061, 44.905249 ], [ -116.842108, 44.914922 ], [ -116.838467, 44.923601 ], [ -116.833632, 44.928976 ], [ -116.832176, 44.931373 ], [ -116.835702, 44.940633 ], [ -116.846461, 44.951521 ], [ -116.850737, 44.958113 ], [ -116.847888, 44.964768 ], [ -116.836449, 44.969239 ], [ -116.829329, 44.975173 ], [ -116.826271, 44.982493 ], [ -116.830505, 44.98458 ], [ -116.834915, 44.985756 ], [ -116.839031, 44.983992 ], [ -116.841971, 44.980758 ], [ -116.844323, 44.974879 ], [ -116.848093, 44.971906 ], [ -116.85226, 44.972527 ], [ -116.856964, 44.975173 ], [ -116.858313, 44.978761 ], [ -116.856754, 44.984298 ], [ -116.846103, 44.999878 ], [ -116.844625, 45.001435 ], [ -116.844796, 45.015312 ], [ -116.845847, 45.01847 ], [ -116.847944, 45.022602 ], [ -116.842731, 45.029446 ], [ -116.826133, 45.037285 ], [ -116.814589, 45.048106 ], [ -116.808576, 45.050652 ], [ -116.797329, 45.060267 ], [ -116.78371, 45.076972 ], [ -116.783771926572001, 45.078265731911998 ], [ -116.784244, 45.088128 ], [ -116.783537, 45.093605 ], [ -116.782492, 45.09579 ], [ -116.774847, 45.105536 ], [ -116.754643, 45.113972 ], [ -116.752839, 45.121768 ], [ -116.748564, 45.122945 ], [ -116.746607, 45.124878 ], [ -116.745535, 45.133038 ], [ -116.742962, 45.134898 ], [ -116.734021, 45.138289 ], [ -116.731216, 45.139934 ], [ -116.729607, 45.142091 ], [ -116.728757, 45.144381 ], [ -116.727452, 45.156023 ], [ -116.725137, 45.159072 ], [ -116.724188, 45.162924 ], [ -116.724192007615997, 45.164945960343999 ], [ -116.724205, 45.171501 ], [ -116.709536, 45.203015 ], [ -116.708546, 45.207356 ], [ -116.70975, 45.217243 ], [ -116.708003, 45.222317 ], [ -116.704217, 45.227972 ], [ -116.703181, 45.2408 ], [ -116.698661, 45.245552 ], [ -116.695619, 45.255353 ], [ -116.687174152113002, 45.267642848461101 ], [ -116.686632, 45.267614 ], [ -116.425689, 45.267823 ], [ -116.426355, 45.262151 ], [ -116.42707, 45.261816 ], [ -116.429945, 45.262403 ], [ -116.431763, 45.262216 ], [ -116.431646, 45.260356 ], [ -116.430738, 45.25877 ], [ -116.431445, 45.257524 ], [ -116.433123, 45.256608 ], [ -116.435671, 45.254397 ], [ -116.437373, 45.250731 ], [ -116.441512, 45.246917 ], [ -116.444712, 45.245287 ], [ -116.4459, 45.243262 ], [ -116.446032, 45.239613 ], [ -116.447352, 45.235794 ], [ -116.44739, 45.23237 ], [ -116.445891, 45.229396 ], [ -116.44638, 45.228244 ], [ -116.445394, 45.226592 ], [ -116.447149, 45.225675 ], [ -116.448771, 45.223585 ], [ -116.449066, 45.220874 ], [ -116.450859, 45.21852 ], [ -116.453142, 45.218552 ], [ -116.455991, 45.216236 ], [ -116.456487, 45.215331 ], [ -116.459087, 45.213827 ], [ -116.461928, 45.213008 ], [ -116.461602, 45.211285 ], [ -116.459948, 45.209722 ], [ -116.460693, 45.209008 ], [ -116.460552, 45.206912 ], [ -116.461142, 45.206128 ], [ -116.459899, 45.203499 ], [ -116.46173, 45.200404 ], [ -116.462427, 45.197841 ], [ -116.466477, 45.195667 ], [ -116.468261, 45.193801 ], [ -116.475966, 45.190616 ], [ -116.478367, 45.190525 ], [ -116.478961, 45.189792 ], [ -116.482622, 45.188133 ], [ -116.483559, 45.185466 ], [ -116.48355, 45.184034 ], [ -116.486124, 45.180878 ], [ -116.490381, 45.177748 ], [ -116.491218, 45.176447 ], [ -116.489391, 45.172458 ], [ -116.489777, 45.170801 ], [ -116.488653, 45.165299 ], [ -116.488087, 45.162939 ], [ -116.489272, 45.160271 ], [ -116.49036, 45.154026 ], [ -116.492854, 45.151544 ], [ -116.493791, 45.149201 ], [ -116.493401, 45.147396 ], [ -116.495285, 45.138878 ], [ -116.495118, 45.134395 ], [ -116.497777, 45.126772 ], [ -116.499333, 45.125234 ], [ -116.499817, 45.122559 ], [ -116.502847, 45.119744 ], [ -116.504935, 45.116689 ], [ -116.506696, 45.115521 ], [ -116.507464, 45.113911 ], [ -116.505301, 45.106816 ], [ -116.504422, 45.099538 ], [ -116.502904, 45.098115 ], [ -116.50355, 45.093106 ], [ -116.503192, 45.092118 ], [ -116.503878, 45.090081 ], [ -116.506755, 45.086758 ], [ -116.508174, 45.082307 ], [ -116.50841, 45.073075 ], [ -116.509234, 45.071538 ], [ -116.513362, 45.068165 ], [ -116.514941, 45.06506 ], [ -116.515766, 45.062607 ], [ -116.516612, 45.056267 ], [ -116.515992, 45.054367 ], [ -116.515566, 45.050456 ], [ -116.516933, 45.048117 ], [ -116.517725, 45.045259 ], [ -116.517411, 45.043968 ], [ -116.518417, 45.041549 ], [ -116.517829, 45.039857 ], [ -116.519853, 45.036395 ], [ -116.521684, 45.028787 ], [ -116.518131, 45.025262 ], [ -116.515543, 45.023876 ], [ -116.514833, 45.022279 ], [ -116.51286, 45.020204 ], [ -116.509489, 45.01752 ], [ -116.507175, 45.01613 ], [ -116.50313, 45.01434 ], [ -116.500312, 45.013622 ], [ -116.497431, 45.012313 ], [ -116.495481, 45.011914 ], [ -116.493333, 45.010477 ], [ -116.490829, 45.010297 ], [ -116.487298, 45.007269 ], [ -116.483703, 45.004813 ], [ -116.478785, 45.003018 ], [ -116.476089, 45.001475 ], [ -116.475658, 45.000604 ], [ -116.476561, 44.998957 ], [ -116.479096, 44.998163 ], [ -116.479752, 44.995512 ], [ -116.478606, 44.993548 ], [ -116.48002, 44.991995 ], [ -116.479872, 44.990678 ], [ -116.47681, 44.984461 ], [ -116.475581, 44.983384 ], [ -116.47686, 44.982695 ], [ -116.475295, 44.980286 ], [ -116.476178, 44.978029 ], [ -116.475022, 44.976651 ], [ -116.471903, 44.970495 ], [ -116.469257, 44.967472 ], [ -116.460973, 44.964553 ], [ -116.456922, 44.961905 ], [ -116.455165, 44.959844 ], [ -116.449355, 44.95611 ], [ -116.445528, 44.951331 ], [ -116.438819, 44.951045 ], [ -116.435166, 44.949549 ], [ -116.433173, 44.949164 ], [ -116.428394, 44.946546 ], [ -116.427204, 44.944634 ], [ -116.427032, 44.943006 ], [ -116.424499, 44.942189 ], [ -116.422486, 44.940425 ], [ -116.418756, 44.938011 ], [ -116.414093, 44.937496 ], [ -116.412055, 44.935729 ], [ -116.408416, 44.934049 ], [ -116.403518, 44.93369 ], [ -116.402513, 44.934171 ], [ -116.39864, 44.934288 ], [ -116.395465, 44.935588 ], [ -116.392349, 44.93558 ], [ -116.387974, 44.936544 ], [ -116.383974, 44.9378 ], [ -116.381813, 44.938927 ], [ -116.381967, 44.933163 ], [ -116.384313, 44.929599 ], [ -116.382764, 44.925322 ], [ -116.383371, 44.919046 ], [ -116.383255, 44.917489 ], [ -116.385447, 44.914651 ], [ -116.386911, 44.909229 ], [ -116.387526, 44.908341 ], [ -116.391392, 44.907338 ], [ -116.392565, 44.905712 ], [ -116.393141, 44.902025 ], [ -116.392639, 44.899929 ], [ -116.393361, 44.898573 ], [ -116.392694, 44.895469 ], [ -116.389771, 44.893048 ], [ -116.389453, 44.88866 ], [ -116.388002, 44.887325 ], [ -116.386313, 44.883887 ], [ -116.384756, 44.879644 ], [ -116.382638, 44.875527 ], [ -116.378931, 44.872916 ], [ -116.377984, 44.8692 ], [ -116.378058, 44.867153 ], [ -116.379314, 44.865313 ], [ -116.379844, 44.863238 ], [ -116.377848, 44.86097 ], [ -116.376814, 44.857959 ], [ -116.377382, 44.855294 ], [ -116.376942, 44.853211 ], [ -116.378446, 44.847978 ], [ -116.379883, 44.846235 ], [ -116.377276, 44.846363 ], [ -116.371606, 44.846003 ], [ -116.370044, 44.844753 ], [ -116.368691, 44.840386 ], [ -116.367036, 44.837111 ], [ -116.366174, 44.833926 ], [ -116.367796, 44.829638 ], [ -116.366847, 44.827438 ], [ -116.363251, 44.823627 ], [ -116.364609, 44.822545 ], [ -116.364206, 44.819347 ], [ -116.364858, 44.816817 ], [ -116.364634, 44.814803 ], [ -116.366535, 44.813957 ], [ -116.365045, 44.812312 ], [ -116.366719, 44.810247 ], [ -116.363801, 44.807619 ], [ -116.363853, 44.805844 ], [ -116.361951, 44.804343 ], [ -116.361899, 44.802552 ], [ -116.360377, 44.801839 ], [ -116.360163, 44.800367 ], [ -116.35456, 44.80132 ], [ -116.350183, 44.802599 ], [ -116.348138, 44.803651 ], [ -116.343551, 44.807762 ], [ -116.341862, 44.807944 ], [ -116.336822, 44.807567 ], [ -116.335404, 44.807171 ], [ -116.328479, 44.808472 ], [ -116.326115, 44.810076 ], [ -116.320346, 44.811373 ], [ -116.311569, 44.80915 ], [ -116.308684, 44.808989 ], [ -116.304832, 44.809386 ], [ -116.299699, 44.810673 ], [ -116.296406, 44.807026 ], [ -116.294763, 44.806095 ], [ -116.289918, 44.806479 ], [ -116.284695, 44.808161 ], [ -116.281655, 44.808042 ], [ -116.280411, 44.807063 ], [ -116.278434, 44.807226 ], [ -116.274255, 44.806683 ], [ -116.270092, 44.807828 ], [ -116.266722, 44.808359 ], [ -116.263208, 44.808198 ], [ -116.26078, 44.807286 ], [ -116.259139, 44.80593 ], [ -116.257941, 44.80239 ], [ -116.258444, 44.799438 ], [ -116.260028, 44.795899 ], [ -116.260279, 44.790845 ], [ -116.260098, 44.78758 ], [ -116.259444, 44.785983 ], [ -116.259878, 44.783733 ], [ -116.261374, 44.782153 ], [ -116.262581, 44.776787 ], [ -116.26246, 44.774635 ], [ -116.261653, 44.772703 ], [ -116.261962, 44.771057 ], [ -116.259041, 44.764943 ], [ -116.259528, 44.763231 ], [ -116.259292, 44.759186 ], [ -116.258668, 44.759021 ], [ -116.258764, 44.763235 ], [ -116.257732, 44.764407 ], [ -116.257579, 44.765944 ], [ -116.25646, 44.767305 ], [ -116.256345, 44.770578 ], [ -116.255523, 44.77125 ], [ -116.252235, 44.772082 ], [ -116.247581, 44.772348 ], [ -116.246255, 44.772949 ], [ -116.243295, 44.7732 ], [ -116.24256, 44.775631 ], [ -116.239956, 44.779568 ], [ -116.235514, 44.781499 ], [ -116.234711, 44.783075 ], [ -116.228694, 44.781918 ], [ -116.226877, 44.781151 ], [ -116.220874, 44.781535 ], [ -116.21795, 44.782389 ], [ -116.216324, 44.782173 ], [ -116.213985, 44.779897 ], [ -116.212082, 44.779299 ], [ -116.210167, 44.77969 ], [ -116.208676, 44.775603 ], [ -116.20834, 44.77145 ], [ -116.207052, 44.769481 ], [ -116.206284, 44.766973 ], [ -116.202314, 44.767213 ], [ -116.199134, 44.764602 ], [ -116.198438, 44.761381 ], [ -116.195017, 44.760232 ], [ -116.193659, 44.758808 ], [ -116.192177, 44.753583 ], [ -116.190052, 44.752841 ], [ -116.189989, 44.751642 ], [ -116.188434, 44.750379 ], [ -116.185179, 44.748532 ], [ -116.181028, 44.747717 ], [ -116.176562, 44.745238 ], [ -116.177317, 44.740725 ], [ -116.179042, 44.739305 ], [ -116.179235, 44.736272 ], [ -116.177185, 44.732431 ], [ -116.177155, 44.731006 ], [ -116.179489, 44.728982 ], [ -116.18322, 44.727367 ], [ -116.183488, 44.726153 ], [ -116.181448, 44.723774 ], [ -116.179498, 44.722471 ], [ -116.175995, 44.718799 ], [ -116.173104, 44.717069 ], [ -116.16946, 44.713271 ], [ -116.168225, 44.711255 ], [ -116.165365, 44.711149 ], [ -116.160779, 44.709271 ], [ -116.161126, 44.708044 ], [ -116.160132, 44.705479 ], [ -116.157602, 44.703743 ], [ -116.157413, 44.70296 ], [ -116.159349, 44.700716 ], [ -116.16033, 44.69835 ], [ -116.159493, 44.694255 ], [ -116.161335, 44.691587 ], [ -116.163231, 44.690594 ], [ -116.163537, 44.689128 ], [ -116.163237, 44.682967 ], [ -116.16236, 44.680365 ], [ -116.163639, 44.678254 ], [ -116.164799, 44.674831 ], [ -116.164664, 44.673346 ], [ -116.165465, 44.669036 ], [ -116.16668, 44.66812 ], [ -116.168765, 44.662345 ], [ -116.167804, 44.659517 ], [ -116.169741, 44.657018 ], [ -116.175571, 44.653782 ], [ -116.177673, 44.651903 ], [ -116.177557, 44.645936 ], [ -116.175122, 44.644741 ], [ -116.172054, 44.642324 ], [ -116.168718, 44.641269 ], [ -116.17179, 44.639712 ], [ -116.173731, 44.637013 ], [ -116.171767, 44.630285 ], [ -116.171878, 44.629088 ], [ -116.17183, 44.628757 ], [ -116.17159, 44.627136 ], [ -116.170135, 44.624413 ], [ -116.171478, 44.622996 ], [ -116.170058, 44.621195 ], [ -116.171998, 44.614493 ], [ -116.175979, 44.612448 ], [ -116.177427, 44.609173 ], [ -116.177614, 44.60649 ], [ -116.178807, 44.605053 ], [ -116.177642, 44.604491 ], [ -116.176527, 44.602053 ], [ -116.179408, 44.596322 ], [ -116.180452, 44.58954 ], [ -116.182851, 44.587569 ], [ -116.184176, 44.585652 ], [ -116.183571, 44.583655 ], [ -116.181971, 44.583015 ], [ -116.179731, 44.580428 ], [ -116.178083, 44.580305 ], [ -116.176206, 44.578721 ], [ -116.17618, 44.577079 ], [ -116.174814, 44.57408 ], [ -116.174821, 44.569974 ], [ -116.173745, 44.568876 ], [ -116.175748, 44.565144 ], [ -116.175433, 44.562637 ], [ -116.176306, 44.561 ], [ -116.173744, 44.558411 ], [ -116.172601, 44.556488 ], [ -116.172938, 44.555369 ], [ -116.171483, 44.54939 ], [ -116.171374, 44.547797 ], [ -116.170075, 44.545844 ], [ -116.167336, 44.544095 ], [ -116.165333, 44.539749 ], [ -116.165579, 44.538806 ], [ -116.164281, 44.535296 ], [ -116.164264, 44.533429 ], [ -116.165814, 44.532035 ], [ -116.163767, 44.530732 ], [ -116.161901, 44.524808 ], [ -116.162442, 44.524208 ], [ -116.160986, 44.521618 ], [ -116.161475, 44.520083 ], [ -116.1606, 44.516797 ], [ -116.161075, 44.515047 ], [ -116.164247, 44.513305 ], [ -116.161398, 44.509906 ], [ -116.158717, 44.508816 ], [ -116.158001, 44.506522 ], [ -116.158763, 44.504092 ], [ -116.158135, 44.502258 ], [ -116.158585, 44.500702 ], [ -116.157022, 44.498928 ], [ -116.16022, 44.498072 ], [ -116.167404, 44.499578 ], [ -116.170757, 44.49968 ], [ -116.174348, 44.500665 ], [ -116.176557, 44.500656 ], [ -116.180319, 44.499324 ], [ -116.185376, 44.494678 ], [ -116.188791, 44.49324 ], [ -116.193278, 44.493666 ], [ -116.194598, 44.495707 ], [ -116.196913, 44.498256 ], [ -116.199905, 44.500131 ], [ -116.200495, 44.503083 ], [ -116.202171, 44.50313 ], [ -116.204315, 44.502308 ], [ -116.20731, 44.503778 ], [ -116.210823, 44.504619 ], [ -116.211808, 44.507731 ], [ -116.213314, 44.510813 ], [ -116.214025, 44.509853 ], [ -116.217788, 44.508556 ], [ -116.220383, 44.497392 ], [ -116.222574, 44.494154 ], [ -116.223983, 44.493234 ], [ -116.227385, 44.492686 ], [ -116.227752, 44.491364 ], [ -116.229984, 44.489492 ], [ -116.23098, 44.484996 ], [ -116.23192, 44.483219 ], [ -116.233874, 44.481262 ], [ -116.232312, 44.478606 ], [ -116.231936, 44.476854 ], [ -116.23642, 44.469771 ], [ -116.237, 44.467313 ], [ -116.236136, 44.464713 ], [ -116.238288, 44.464212 ], [ -116.24156, 44.461982 ], [ -116.243812, 44.461464 ], [ -116.244703, 44.462003 ], [ -116.244723, 44.464289 ], [ -116.245815, 44.464689 ], [ -116.249266, 44.46461 ], [ -116.252197, 44.465056 ], [ -116.255973, 44.466296 ], [ -116.257022, 44.466265 ], [ -116.26467, 44.4643 ], [ -116.268595, 44.462692 ], [ -116.270964, 44.460422 ], [ -116.272604, 44.460273 ], [ -116.280066, 44.458403 ], [ -116.283341, 44.456036 ], [ -116.288102, 44.454231 ], [ -116.288864, 44.453043 ], [ -116.290771, 44.452189 ], [ -116.291488, 44.452712 ], [ -116.294084, 44.450388 ], [ -116.295983, 44.450147 ], [ -116.2983, 44.448198 ], [ -116.299876, 44.444576 ], [ -116.406051, 44.444503 ], [ -116.407648, 44.444436 ], [ -116.51914, 44.487781 ], [ -116.528898, 44.491545 ], [ -116.528936, 44.49519 ], [ -116.529154, 44.580694 ], [ -116.529136, 44.607796 ], [ -116.529167, 44.615154 ], [ -116.594924, 44.615276 ], [ -116.603212, 44.615192 ], [ -116.598255, 44.625349 ], [ -116.598472, 44.628804 ], [ -116.598113, 44.632496 ], [ -116.599479, 44.634434 ], [ -116.598833, 44.635342 ], [ -116.599263, 44.636862 ], [ -116.6015, 44.640058 ], [ -116.603727, 44.643443 ], [ -116.606235, 44.645865 ], [ -116.608377, 44.648501 ], [ -116.609413, 44.651357 ], [ -116.611948, 44.653234 ], [ -116.613868, 44.65511 ], [ -116.619161, 44.657637 ], [ -116.621334, 44.659442 ], [ -116.622297, 44.661074 ], [ -116.624434, 44.662859 ], [ -116.624171, 44.666215 ], [ -116.625034, 44.838952 ], [ -116.896683, 44.84054 ], [ -116.899640878328, 44.840607508049501 ], [ -116.898388, 44.84228 ] ] ] } },
{ "type": "Feature", "properties": { "geoid": "16011940000", "county_name": "Bingham County", "place_name": null, "state_name": "Idaho", "state_abbr": "ID", "is_rural": true, "dci_score": 29.6, "dci_quintile": 5.0, "is_cra_lmi": true, "income_level": "M", "is_persistent_poverty": false, "is_tribal_overlap": true, "tribal_area_name": "Fort Hall Reservation", "aian_pct": 0.0, "has_nmtc": false, "nmtc_projects": 0, "nmtc_total_usd": 0.0 }, "geometry": { "type": "Polygon", "coordinates": [ [ [ -112.632578, 43.024652 ], [ -112.632578, 43.02717 ], [ -112.633458, 43.029302 ], [ -112.632981, 43.031217 ], [ -112.630293, 43.031249 ], [ -112.625885, 43.029302 ], [ -112.62553, 43.028347 ], [ -112.6232, 43.028049 ], [ -112.621883, 43.028509 ], [ -112.618897, 43.031075 ], [ -112.61524, 43.031852 ], [ -112.611309, 43.03233 ], [ -112.608335, 43.034049 ], [ -112.606729, 43.036808 ], [ -112.606704, 43.040513 ], [ -112.605789, 43.041621 ], [ -112.604055, 43.041894 ], [ -112.600634, 43.041366 ], [ -112.596941, 43.039165 ], [ -112.591561, 43.036431 ], [ -112.589053, 43.035667 ], [ -112.585858, 43.036212 ], [ -112.585444, 43.038291 ], [ -112.586171, 43.039829 ], [ -112.590231, 43.041394 ], [ -112.590549, 43.042399 ], [ -112.589083, 43.045853 ], [ -112.586982, 43.047466 ], [ -112.58374, 43.048548 ], [ -112.581638, 43.050765 ], [ -112.579531, 43.055628 ], [ -112.576557, 43.059086 ], [ -112.572366, 43.060525 ], [ -112.568883, 43.062925 ], [ -112.567006, 43.065811 ], [ -112.566315, 43.06913 ], [ -112.561699, 43.071922 ], [ -112.560784, 43.072962 ], [ -112.558446, 43.077691 ], [ -112.558576, 43.080976 ], [ -112.555105, 43.081083 ], [ -112.551228, 43.080054 ], [ -112.547892, 43.080831 ], [ -112.545836, 43.081841 ], [ -112.543958, 43.08409 ], [ -112.542584, 43.086104 ], [ -112.541882, 43.093544 ], [ -112.540685, 43.0975 ], [ -112.538212, 43.100688 ], [ -112.537435, 43.10116 ], [ -112.535747, 43.099957 ], [ -112.532186, 43.10003 ], [ -112.523642, 43.101086 ], [ -112.520711, 43.104309 ], [ -112.52002, 43.106321 ], [ -112.520559, 43.109704 ], [ -112.519896, 43.110249 ], [ -112.523604, 43.117822 ], [ -112.523506, 43.120203 ], [ -112.521143, 43.123485 ], [ -112.51326, 43.126961 ], [ -112.508859, 43.127261 ], [ -112.506684, 43.127329 ], [ -112.50502, 43.127041 ], [ -112.502839, 43.127779 ], [ -112.499057, 43.128106 ], [ -112.49849, 43.128828 ], [ -112.491261, 43.128698 ], [ -112.491236, 43.12988 ], [ -112.488728, 43.13123 ], [ -112.489867, 43.132723 ], [ -112.488338, 43.134511 ], [ -112.48601, 43.134971 ], [ -112.484124, 43.134492 ], [ -112.483128, 43.131065 ], [ -112.481886, 43.130079 ], [ -112.479726, 43.129998 ], [ -112.47784, 43.130905 ], [ -112.47675, 43.130487 ], [ -112.473978, 43.13026 ], [ -112.470063, 43.131528 ], [ -112.469902, 43.132198 ], [ -112.46432, 43.135495 ], [ -112.462107, 43.13557 ], [ -112.462205, 43.136814 ], [ -112.460816, 43.137154 ], [ -112.459648, 43.138507 ], [ -112.456209, 43.138527 ], [ -112.454247, 43.139018 ], [ -112.453056, 43.142063 ], [ -112.450552, 43.142389 ], [ -112.449135, 43.141026 ], [ -112.447748, 43.142562 ], [ -112.445828, 43.142537 ], [ -112.443851, 43.143316 ], [ -112.439968, 43.143625 ], [ -112.438005, 43.142251 ], [ -112.438882, 43.141422 ], [ -112.437525, 43.141087 ], [ -112.436341, 43.143409 ], [ -112.434302, 43.143502 ], [ -112.434444, 43.144945 ], [ -112.4326, 43.146888 ], [ -112.427324, 43.14601 ], [ -112.423209, 43.14602 ], [ -112.419123, 43.147694 ], [ -112.41895, 43.149379 ], [ -112.417653, 43.1508 ], [ -112.413709, 43.153044 ], [ -112.412757, 43.153126 ], [ -112.412569, 43.155157 ], [ -112.410866, 43.156046 ], [ -112.40894, 43.156243 ], [ -112.40678, 43.158065 ], [ -112.406516, 43.15976 ], [ -112.404364, 43.161582 ], [ -112.405053, 43.162521 ], [ -112.403906, 43.163086 ], [ -112.403472, 43.161472 ], [ -112.401335, 43.161757 ], [ -112.399093, 43.162162 ], [ -112.398184, 43.16428 ], [ -112.393728, 43.166979 ], [ -112.391733, 43.167769 ], [ -112.391289, 43.168946 ], [ -112.388626, 43.170125 ], [ -112.383201, 43.173438 ], [ -112.380903, 43.175292 ], [ -112.379109, 43.174796 ], [ -112.377347, 43.17622 ], [ -112.374404, 43.177307 ], [ -112.371488, 43.177423 ], [ -112.37073, 43.177984 ], [ -112.368979, 43.177308 ], [ -112.364599, 43.177361 ], [ -112.359638, 43.175972 ], [ -112.358259, 43.176139 ], [ -112.353207, 43.174794 ], [ -112.351634, 43.172942 ], [ -112.344482, 43.170478 ], [ -112.344279, 43.168026 ], [ -112.341729, 43.167523 ], [ -112.337892, 43.167838 ], [ -112.337688, 43.167849 ], [ -112.334942, 43.168522 ], [ -112.331903, 43.167352 ], [ -112.325203, 43.167544 ], [ -112.324909, 43.1661 ], [ -112.320317, 43.163782 ], [ -112.316841, 43.161145 ], [ -112.307621, 43.164908 ], [ -112.307903, 43.166249 ], [ -112.306496, 43.167008 ], [ -112.305328, 43.166735 ], [ -112.305976, 43.165477 ], [ -112.304257, 43.1653 ], [ -112.304216, 43.16429 ], [ -112.30333, 43.164942 ], [ -112.300314, 43.16516 ], [ -112.297127, 43.166856 ], [ -112.297395, 43.169063 ], [ -112.29536, 43.169487 ], [ -112.294222, 43.171148 ], [ -112.292318, 43.170865 ], [ -112.290035, 43.172136 ], [ -112.289334, 43.173847 ], [ -112.288303, 43.173898 ], [ -112.283103, 43.171051 ], [ -112.281194, 43.171528 ], [ -112.27958, 43.16992 ], [ -112.279063, 43.17089 ], [ -112.276051, 43.171741 ], [ -112.274252, 43.170412 ], [ -112.270018, 43.171512 ], [ -112.268009, 43.170985 ], [ -112.265848, 43.171802 ], [ -112.265765, 43.173243 ], [ -112.262665, 43.171866 ], [ -112.261753, 43.173297 ], [ -112.260736, 43.171564 ], [ -112.259013, 43.1714 ], [ -112.257383, 43.172585 ], [ -112.258232, 43.170582 ], [ -112.256111, 43.170261 ], [ -112.254569, 43.171921 ], [ -112.25288, 43.171832 ], [ -112.251938, 43.173343 ], [ -112.248613, 43.172446 ], [ -112.250386, 43.173606 ], [ -112.250795, 43.17453 ], [ -112.2481, 43.175453 ], [ -112.249191, 43.17597 ], [ -112.248703, 43.177375 ], [ -112.247104, 43.177125 ], [ -112.246723, 43.178253 ], [ -112.244943, 43.17876 ], [ -112.245479, 43.179717 ], [ -112.243481, 43.179847 ], [ -112.241864, 43.178298 ], [ -112.236545, 43.180364 ], [ -112.233366, 43.182759 ], [ -112.234177, 43.184496 ], [ -112.232649, 43.186645 ], [ -112.230407, 43.187258 ], [ -112.230118, 43.188883 ], [ -112.227416, 43.190769 ], [ -112.226975, 43.191966 ], [ -112.223445, 43.193153 ], [ -112.223385, 43.194124 ], [ -112.218947, 43.197525 ], [ -112.216642, 43.197276 ], [ -112.214545, 43.199615 ], [ -112.21168, 43.201067 ], [ -112.211047, 43.203065 ], [ -112.207341, 43.202904 ], [ -112.20556, 43.204385 ], [ -112.20575, 43.205288 ], [ -112.203281, 43.206841 ], [ -112.204277, 43.20879 ], [ -112.204464, 43.212222 ], [ -112.201148, 43.212807 ], [ -112.198716, 43.216256 ], [ -112.19645, 43.21758 ], [ -112.194591, 43.220057 ], [ -112.192889, 43.220609 ], [ -112.191123, 43.223046 ], [ -112.187664, 43.223385 ], [ -112.186257, 43.225887 ], [ -112.184243, 43.227631 ], [ -112.183316, 43.226753 ], [ -112.179785, 43.226637 ], [ -112.17856, 43.228357 ], [ -112.177109, 43.230328 ], [ -112.17485, 43.231686 ], [ -112.172662, 43.235138 ], [ -112.170227, 43.23509 ], [ -112.168534, 43.23704 ], [ -112.165191, 43.237968 ], [ -112.163865, 43.240471 ], [ -112.162607, 43.241252 ], [ -112.159137, 43.241193 ], [ -112.156674, 43.242337 ], [ -112.157584, 43.244933 ], [ -112.156986, 43.245957 ], [ -112.154514, 43.246471 ], [ -112.15406, 43.24779 ], [ -112.152055, 43.246881 ], [ -112.148678, 43.247353 ], [ -112.148153, 43.249444 ], [ -112.148488, 43.251474 ], [ -112.147877, 43.25267 ], [ -112.144339, 43.251928 ], [ -112.141315, 43.251873 ], [ -112.139971, 43.25328 ], [ -112.138875, 43.251685 ], [ -112.136337, 43.253673 ], [ -112.135685, 43.250546 ], [ -112.136228, 43.248977 ], [ -112.135433, 43.247855 ], [ -112.134713, 43.247939 ], [ -112.133078, 43.25073 ], [ -112.131866, 43.249804 ], [ -112.129281, 43.250537 ], [ -112.127166, 43.249907 ], [ -112.126932, 43.251487 ], [ -112.124894, 43.250805 ], [ -112.122131, 43.250917 ], [ -112.117286, 43.252464 ], [ -112.116465, 43.253903 ], [ -112.11201, 43.254106 ], [ -112.112373, 43.255986 ], [ -112.110624, 43.258045 ], [ -112.10773, 43.25883 ], [ -112.105352, 43.258895 ], [ -112.105613, 43.260261 ], [ -112.103825, 43.258547 ], [ -112.097976, 43.260082 ], [ -112.098782, 43.259058 ], [ -112.095806, 43.258724 ], [ -112.09437, 43.260349 ], [ -112.092907, 43.258869 ], [ -112.091584, 43.260018 ], [ -112.089005, 43.258823 ], [ -112.08923, 43.259793 ], [ -112.087277, 43.261418 ], [ -112.086279, 43.260599 ], [ -112.083139, 43.260967 ], [ -112.083133, 43.259936 ], [ -112.081375, 43.259276 ], [ -112.07946, 43.25974 ], [ -112.080473, 43.257486 ], [ -112.078582, 43.256876 ], [ -112.077535, 43.259154 ], [ -112.076401, 43.258688 ], [ -112.076176, 43.256262 ], [ -112.067846, 43.260459 ], [ -112.065476, 43.260832 ], [ -112.066243, 43.262428 ], [ -112.065206, 43.263416 ], [ -112.059945, 43.266813 ], [ -112.057918, 43.266421 ], [ -112.056636, 43.265089 ], [ -112.054841, 43.261303 ], [ -112.053562, 43.260973 ], [ -112.051595, 43.261906 ], [ -112.049476, 43.261453 ], [ -112.047854, 43.262535 ], [ -112.043098, 43.262411 ], [ -112.043101, 43.259965 ], [ -112.042245, 43.257732 ], [ -112.039106, 43.255474 ], [ -112.03678, 43.256099 ], [ -112.034583, 43.254075 ], [ -112.034681, 43.252691 ], [ -112.036334, 43.249337 ], [ -112.034698, 43.248398 ], [ -112.034503, 43.244817 ], [ -112.03726, 43.242431 ], [ -112.033929, 43.24149 ], [ -112.032508, 43.239849 ], [ -112.029569, 43.240875 ], [ -112.024929, 43.239662 ], [ -112.025336, 43.237553 ], [ -112.024447, 43.236349 ], [ -112.024912, 43.230901 ], [ -112.026279, 43.230562 ], [ -112.027718, 43.23216 ], [ -112.027596, 43.229622 ], [ -112.029858, 43.228083 ], [ -112.028827, 43.226916 ], [ -112.030749, 43.225505 ], [ -112.030963, 43.223956 ], [ -112.029636, 43.221461 ], [ -112.027973, 43.220808 ], [ -112.028698, 43.218755 ], [ -112.027072, 43.219072 ], [ -112.026572, 43.217598 ], [ -112.029267, 43.217548 ], [ -112.030114, 43.216228 ], [ -112.028253, 43.21459 ], [ -112.024115, 43.212815 ], [ -112.022717, 43.211325 ], [ -112.023157, 43.209523 ], [ -112.021259, 43.207458 ], [ -112.019587, 43.206842 ], [ -112.016743, 43.207795 ], [ -112.01523, 43.207375 ], [ -112.013494, 43.208383 ], [ -112.01169, 43.208087 ], [ -112.013423, 43.205663 ], [ -112.008782, 43.204314 ], [ -112.010457, 43.202655 ], [ -112.011769, 43.199852 ], [ -112.014333, 43.196971 ], [ -112.014298, 43.195099 ], [ -112.016274, 43.193586 ], [ -112.015525, 43.191302 ], [ -112.013261, 43.188919 ], [ -112.009586, 43.188269 ], [ -112.005096, 43.182687 ], [ -112.00528, 43.180582 ], [ -112.003082, 43.179315 ], [ -112.002685, 43.175174 ], [ -112.000598, 43.172966 ], [ -111.998592, 43.172159 ], [ -111.994335, 43.172489 ], [ -111.991708, 43.171458 ], [ -111.987862, 43.171433 ], [ -111.982879, 43.169311 ], [ -111.981305, 43.167563 ], [ -111.980113, 43.167266 ], [ -111.977268, 43.16845 ], [ -111.97346, 43.168624 ], [ -111.970341, 43.166044 ], [ -111.966715, 43.165827 ], [ -111.964526, 43.164519 ], [ -111.96206, 43.164543 ], [ -111.957952, 43.163743 ], [ -111.957418, 43.161527 ], [ -111.956408, 43.160644 ], [ -111.952206, 43.15888 ], [ -111.950952, 43.157553 ], [ -111.95258, 43.152855 ], [ -111.950452, 43.150248 ], [ -111.949633, 43.146132 ], [ -111.9505, 43.144644 ], [ -111.947412, 43.145261 ], [ -111.945778, 43.146154 ], [ -111.94581, 43.138286 ], [ -111.94673, 43.135525 ], [ -111.947224, 43.128739 ], [ -111.946276, 43.118396 ], [ -111.947322, 43.022384 ], [ -112.022038, 43.022355 ], [ -112.063023, 43.022364 ], [ -112.179378, 43.022391 ], [ -112.17938, 43.021614 ], [ -112.385631, 43.022051 ], [ -112.387123, 43.022027 ], [ -112.388836, 43.022041 ], [ -112.397595, 43.022129 ], [ -112.408233, 43.022153 ], [ -112.442694, 43.021984 ], [ -112.456678, 43.022057 ], [ -112.476483, 43.022059 ], [ -112.491086, 43.022147 ], [ -112.496234, 43.022017 ], [ -112.633973, 43.021993 ], [ -112.632578, 43.024652 ] ] ] } },
{ "type": "Feature", "properties": { "geoid": "16051960301", "county_name": "Jefferson County", "place_name": null, "state_name": "Idaho", "state_abbr": "ID", "is_rural": true, "dci_score": 23.5, "dci_quintile": 5.0, "is_cra_lmi": false, "income_level": "U", "is_persistent_poverty": false, "is_tribal_overlap": false, "tribal_area_name": null, "aian_pct": 0.0, "has_nmtc": false, "nmtc_projects": 0, "nmtc_total_usd": 0.0 }, "geometry": { "type": "Polygon", "coordinates": [ [ [ -111.983365, 43.696528 ], [ -111.982871, 43.710005 ], [ -111.981233, 43.709827 ], [ -111.97985, 43.710831 ], [ -111.976977, 43.709439 ], [ -111.976859, 43.70748 ], [ -111.974231, 43.70544 ], [ -111.969871, 43.706246 ], [ -111.968053, 43.708149 ], [ -111.968635, 43.709764 ], [ -111.966384, 43.71082 ], [ -111.964979, 43.71024 ], [ -111.964191, 43.708724 ], [ -111.959956, 43.707621 ], [ -111.957221, 43.708483 ], [ -111.956323, 43.709812 ], [ -111.952921, 43.709817 ], [ -111.951495, 43.706984 ], [ -111.948099, 43.707726 ], [ -111.946442, 43.706859 ], [ -111.943364, 43.703951 ], [ -111.94339, 43.702542 ], [ -111.943728, 43.669908 ], [ -111.937904, 43.66993 ], [ -111.933656, 43.669934 ], [ -111.931707, 43.669943 ], [ -111.931046, 43.669945 ], [ -111.923499, 43.670036 ], [ -111.923612, 43.666497 ], [ -111.923631, 43.665091 ], [ -111.9236, 43.6568 ], [ -111.922909, 43.656275 ], [ -111.92167, 43.655602 ], [ -111.923701, 43.652719 ], [ -111.942287, 43.626525 ], [ -111.983643, 43.626346 ], [ -111.983365, 43.696528 ] ] ] } },
{ "type": "Feature", "properties": { "geoid": "16055001202", "county_name": "Kootenai County", "place_name": null, "state_name": "Idaho", "state_abbr": "ID", "is_rural": false, "dci_score": 9.6, "dci_quintile": 5.0, "is_cra_lmi": true, "income_level": "M", "is_persistent_poverty": false, "is_tribal_overlap": false, "tribal_area_name": null, "aian_pct": 0.0, "has_nmtc": false, "nmtc_projects": 0, "nmtc_total_usd": 0.0 }, "geometry": { "type": "Polygon", "coordinates": [ [ [ -116.786697, 47.722644 ], [ -116.781521, 47.722626 ], [ -116.779165, 47.722611 ], [ -116.776035, 47.722592 ], [ -116.77632, 47.717161 ], [ -116.7768, 47.716692 ], [ -116.775932, 47.715324 ], [ -116.771376, 47.70075 ], [ -116.775611, 47.700743 ], [ -116.780839, 47.70075 ], [ -116.786265, 47.700731 ], [ -116.786404, 47.707239 ], [ -116.786658, 47.71538 ], [ -116.786672, 47.719997 ], [ -116.786697, 47.722644 ] ] ] } },
{ "type": "Feature", "properties": { "geoid": "16055000901", "county_name": "Kootenai County", "place_name": null, "state_name": "Idaho", "state_abbr": "ID", "is_rural": false, "dci_score": 10.9, "dci_quintile": 5.0, "is_cra_lmi": true, "income_level": "M", "is_persistent_poverty": false, "is_tribal_overlap": false, "tribal_area_name": null, "aian_pct": 0.0, "has_nmtc": true, "nmtc_projects": 1, "nmtc_total_usd": 0.0 }, "geometry": { "type": "Polygon", "coordinates": [ [ [ -116.81255, 47.703328 ], [ -116.811144, 47.708145 ], [ -116.810577, 47.711385 ], [ -116.811518, 47.714537 ], [ -116.811016, 47.715632 ], [ -116.808133, 47.715577 ], [ -116.786658, 47.71538 ], [ -116.786404, 47.707239 ], [ -116.786265, 47.700731 ], [ -116.786286, 47.698262 ], [ -116.791681, 47.698718 ], [ -116.805375, 47.699472 ], [ -116.815374, 47.700956 ], [ -116.81255, 47.703328 ] ] ] } },
{ "type": "Feature", "properties": { "geoid": "16059970200", "county_name": "Lemhi County", "place_name": null, "state_name": "Idaho", "state_abbr": "ID", "is_rural": true, "dci_score": 65.5, "dci_quintile": 4.0, "is_cra_lmi": true, "income_level": "M", "is_persistent_poverty": false, "is_tribal_overlap": false, "tribal_area_name": null, "aian_pct": 0.0, "has_nmtc": false, "nmtc_projects": 0, "nmtc_total_usd": 0.0 }, "geometry": { "type": "Polygon", "coordinates": [ [ [ -113.995427, 45.41691 ], [ -113.994496, 45.423062 ], [ -113.992151, 45.426768 ], [ -113.991673, 45.428551 ], [ -113.991889, 45.430883 ], [ -113.99132, 45.434033 ], [ -113.987924, 45.441004 ], [ -113.98745, 45.444291 ], [ -113.990236, 45.455101 ], [ -113.990714, 45.458257 ], [ -113.990918, 45.468452 ], [ -113.989718, 45.473348 ], [ -113.986907, 45.478518 ], [ -113.985694, 45.48016 ], [ -113.983493, 45.481854 ], [ -113.971266, 45.488325 ], [ -113.966267, 45.492108 ], [ -113.963843, 45.494357 ], [ -113.960965, 45.497636 ], [ -113.958558, 45.499696 ], [ -113.95392, 45.502211 ], [ -113.94796, 45.503602 ], [ -113.945386, 45.504654 ], [ -113.941134, 45.508307 ], [ -113.934634, 45.51753 ], [ -113.934011, 45.519242 ], [ -113.933193, 45.525208 ], [ -113.928288, 45.538845 ], [ -113.929646, 45.544759 ], [ -113.930539, 45.546825 ], [ -113.932118, 45.548327 ], [ -113.942247, 45.556281 ], [ -113.944326, 45.558196 ], [ -113.947249, 45.563011 ], [ -113.948917, 45.567959 ], [ -113.951806, 45.571956 ], [ -113.954048, 45.573672 ], [ -113.957487, 45.575371 ], [ -113.963674, 45.577532 ], [ -113.965498, 45.578611 ], [ -113.967416, 45.580835 ], [ -113.96921, 45.587734 ], [ -113.968753, 45.589337 ], [ -113.967533, 45.590567 ], [ -113.964313, 45.59225 ], [ -113.963197, 45.593452 ], [ -113.962939, 45.595546 ], [ -113.96419, 45.600444 ], [ -113.964635, 45.605249 ], [ -113.9653, 45.60709 ], [ -113.967345, 45.609156 ], [ -113.968046, 45.610619 ], [ -113.967422, 45.618024 ], [ -113.967847, 45.621281 ], [ -113.968834, 45.623238 ], [ -113.968864, 45.635399 ], [ -113.970737, 45.640211 ], [ -113.971582, 45.644347 ], [ -113.971217, 45.648073 ], [ -113.971757, 45.652085 ], [ -113.972707, 45.653886 ], [ -113.971849, 45.656622 ], [ -113.972251, 45.657578 ], [ -113.975402, 45.659448 ], [ -113.977627, 45.66002 ], [ -113.977614, 45.660819 ], [ -113.976913, 45.66092 ], [ -113.971301, 45.659268 ], [ -113.969044, 45.659463 ], [ -113.967239, 45.661509 ], [ -113.962518, 45.662781 ], [ -113.960872, 45.664169 ], [ -113.957332, 45.668298 ], [ -113.954295, 45.669766 ], [ -113.95394, 45.672417 ], [ -113.953204, 45.672793 ], [ -113.951786, 45.670147 ], [ -113.948572, 45.669979 ], [ -113.947607, 45.670456 ], [ -113.951434, 45.671135 ], [ -113.951001, 45.672713 ], [ -113.948331, 45.673977 ], [ -113.946187, 45.679328 ], [ -113.942958, 45.680413 ], [ -113.944525, 45.682187 ], [ -113.941925, 45.684144 ], [ -113.943653, 45.685348 ], [ -113.944073, 45.688052 ], [ -113.943394, 45.689776 ], [ -113.941747, 45.691671 ], [ -113.946956, 45.691979 ], [ -113.948275538318001, 45.6930459028057 ], [ -113.948262199149994, 45.6930498797349 ], [ -113.939105, 45.69578 ], [ -113.938205954506003, 45.695443530177897 ], [ -113.93526, 45.694341 ], [ -113.933995, 45.691656 ], [ -113.93422, 45.682232 ], [ -113.931147, 45.677628 ], [ -113.931094, 45.673746 ], [ -113.929121, 45.670351 ], [ -113.925063, 45.668138 ], [ -113.921292, 45.664463 ], [ -113.91948, 45.65786 ], [ -113.915855, 45.657041 ], [ -113.912642, 45.653763 ], [ -113.908418, 45.653135 ], [ -113.903582, 45.651165 ], [ -113.901047, 45.648118 ], [ -113.897322, 45.646653 ], [ -113.895237, 45.643391 ], [ -113.897906, 45.640985 ], [ -113.9022, 45.637736 ], [ -113.901655, 45.631002 ], [ -113.899915, 45.62886 ], [ -113.900058, 45.628325 ], [ -113.903471, 45.625554 ], [ -113.904949, 45.622931 ], [ -113.903684, 45.621591 ], [ -113.899536, 45.621896 ], [ -113.893318, 45.620509 ], [ -113.889501, 45.617916 ], [ -113.885748, 45.617435 ], [ -113.88188, 45.618696 ], [ -113.874155, 45.620103 ], [ -113.868897, 45.622368 ], [ -113.864434, 45.622691 ], [ -113.862767, 45.623526 ], [ -113.861232, 45.623589 ], [ -113.858454, 45.621558 ], [ -113.855061, 45.62219 ], [ -113.848639, 45.620109 ], [ -113.847802, 45.617224 ], [ -113.843008, 45.61239 ], [ -113.83888, 45.610691 ], [ -113.833958, 45.610156 ], [ -113.828954, 45.612598 ], [ -113.825215, 45.613107 ], [ -113.822907, 45.612102 ], [ -113.818194, 45.607872 ], [ -113.812644, 45.606499 ], [ -113.807405, 45.602783 ], [ -113.804452, 45.594242 ], [ -113.798386, 45.586437 ], [ -113.797133, 45.582115 ], [ -113.797431, 45.581658 ], [ -113.798432, 45.581598 ], [ -113.80625, 45.578271 ], [ -113.811001, 45.57464 ], [ -113.815212, 45.569465 ], [ -113.820873, 45.56606 ], [ -113.820964, 45.565433 ], [ -113.819253, 45.564106 ], [ -113.817457, 45.56069 ], [ -113.817949, 45.556659 ], [ -113.822056, 45.547012 ], [ -113.823693, 45.546191 ], [ -113.829443, 45.537072 ], [ -113.827862, 45.534801 ], [ -113.828391, 45.532326 ], [ -113.83308, 45.524211 ], [ -113.834459, 45.521092 ], [ -113.834082, 45.520526 ], [ -113.825395, 45.521282 ], [ -113.821014, 45.522951 ], [ -113.818303, 45.521962 ], [ -113.809144, 45.519908 ], [ -113.802849, 45.523159 ], [ -113.796579, 45.523462 ], [ -113.791468, 45.522235 ], [ -113.781571, 45.521881 ], [ -113.77796, 45.523293 ], [ -113.766555, 45.520906 ], [ -113.766268, 45.520307 ], [ -113.772669, 45.514255 ], [ -113.772201, 45.512244 ], [ -113.77007, 45.512044 ], [ -113.769612, 45.509699 ], [ -113.770969, 45.507829 ], [ -113.768532, 45.50273 ], [ -113.765651, 45.501054 ], [ -113.763388, 45.491471 ], [ -113.76038, 45.486696 ], [ -113.759986, 45.480735 ], [ -113.764854309493003, 45.4766386059 ], [ -113.768065, 45.473937 ], [ -113.775623, 45.471191 ], [ -113.776364, 45.47042 ], [ -113.774257, 45.46555 ], [ -113.774641, 45.46301 ], [ -113.783556, 45.455682 ], [ -113.783541, 45.451978 ], [ -113.774777, 45.447178 ], [ -113.775299, 45.439257 ], [ -113.776809, 45.435049 ], [ -113.773545, 45.431705 ], [ -113.765033, 45.431062 ], [ -113.760146, 45.427436 ], [ -113.760764, 45.425391 ], [ -113.764225, 45.422255 ], [ -113.770322, 45.420614 ], [ -113.776691, 45.41683 ], [ -113.776043, 45.408477 ], [ -113.774153, 45.406547 ], [ -113.760924, 45.406501 ], [ -113.752731, 45.402768 ], [ -113.749116, 45.402831 ], [ -113.743892, 45.396586 ], [ -113.734402, 45.392353 ], [ -113.732552, 45.38639 ], [ -113.733867, 45.381709 ], [ -113.734213, 45.377738 ], [ -113.733216, 45.372795 ], [ -113.738879, 45.36813 ], [ -113.73339, 45.3631 ], [ -113.729651, 45.355717 ], [ -113.734433, 45.353127 ], [ -113.734478, 45.348574 ], [ -113.739192, 45.346141 ], [ -113.740172, 45.343993 ], [ -113.738056, 45.328372 ], [ -113.735367, 45.324972 ], [ -113.731386, 45.32339 ], [ -113.729091, 45.320451 ], [ -113.723729, 45.318856 ], [ -113.718704, 45.3158 ], [ -113.718481, 45.313358 ], [ -113.715828, 45.311384 ], [ -113.713497, 45.306074 ], [ -113.710035, 45.301015 ], [ -113.703753, 45.299178 ], [ -113.70295, 45.296324 ], [ -113.70057, 45.292518 ], [ -113.688505, 45.28672 ], [ -113.680834, 45.279304 ], [ -113.679335, 45.275529 ], [ -113.683478, 45.272955 ], [ -113.690941, 45.27283 ], [ -113.691042344916994, 45.272213660122702 ], [ -113.692485, 45.26344 ], [ -113.685148, 45.255141 ], [ -113.684556, 45.25312 ], [ -113.680003, 45.250877 ], [ -113.678638, 45.249628 ], [ -113.671928, 45.248761 ], [ -113.657772, 45.24138 ], [ -113.649132, 45.233999 ], [ -113.64766, 45.226638 ], [ -113.642932, 45.22142 ], [ -113.63696, 45.216793 ], [ -113.637042, 45.212939 ], [ -113.618466, 45.202682 ], [ -113.614485, 45.198071 ], [ -113.610673, 45.197342 ], [ -113.605388, 45.192715 ], [ -113.599634, 45.19173 ], [ -113.597231, 45.186475 ], [ -113.591911, 45.184187 ], [ -113.591813, 45.180262 ], [ -113.58961, 45.177616 ], [ -113.592886, 45.170995 ], [ -113.594254, 45.16677 ], [ -113.59091, 45.161789 ], [ -113.590707, 45.155886 ], [ -113.583872, 45.153812 ], [ -113.583725261347993, 45.153438327140499 ], [ -113.582421, 45.150117 ], [ -113.579956, 45.148354 ], [ -113.570777, 45.147974 ], [ -113.566456, 45.149604 ], [ -113.565407, 45.148743 ], [ -113.566815, 45.1439 ], [ -113.567404851885996, 45.143241095720398 ], [ -113.573512, 45.136419 ], [ -113.576632, 45.131518 ], [ -113.569821, 45.124299 ], [ -113.567589, 45.124261 ], [ -113.554455, 45.118689 ], [ -113.550071, 45.113043 ], [ -113.538773, 45.112285 ], [ -113.529609, 45.116402 ], [ -113.52024, 45.114999 ], [ -113.513244, 45.116837 ], [ -113.510262, 45.115476 ], [ -113.509092194545005, 45.113772528109202 ], [ -113.505924, 45.109159 ], [ -113.506908, 45.106918 ], [ -113.511653, 45.099889 ], [ -113.522637, 45.09268 ], [ -113.522502, 45.091736 ], [ -113.517868435891003, 45.087905940921303 ], [ -113.514123, 45.08481 ], [ -113.50715, 45.083372 ], [ -113.502035, 45.081244 ], [ -113.495949, 45.080818 ], [ -113.487097, 45.074652 ], [ -113.488715, 45.071966 ], [ -113.487347, 45.070195 ], [ -113.485308, 45.063547 ], [ -113.475117, 45.061794 ], [ -113.465019, 45.062816 ], [ -113.461828, 45.064691 ], [ -113.459766, 45.064641 ], [ -113.452044, 45.059174 ], [ -113.450595, 45.053669 ], [ -113.451011, 45.048508 ], [ -113.449856, 45.047124 ], [ -113.449833, 45.045501 ], [ -113.45579, 45.040169 ], [ -113.454653, 45.038263 ], [ -113.446239, 45.033461 ], [ -113.448743, 45.020711 ], [ -113.443097, 45.01496 ], [ -113.438991, 45.00983 ], [ -113.437882, 45.007343 ], [ -113.439543, 45.004649 ], [ -113.446225, 44.999297 ], [ -113.44663, 44.99782 ], [ -113.445093, 44.992097 ], [ -113.446782, 44.986939 ], [ -113.446512, 44.983228 ], [ -113.445436572369005, 44.9747463859566 ], [ -113.451154, 44.977232 ], [ -113.453162, 44.980045 ], [ -113.456473, 44.980116 ], [ -113.458373, 44.980999 ], [ -113.459387, 44.98351 ], [ -113.460604, 44.981212 ], [ -113.462061, 44.979597 ], [ -113.464679, 44.979268 ], [ -113.46666, 44.979784 ], [ -113.470042, 44.979794 ], [ -113.471707, 44.979351 ], [ -113.474248, 44.976765 ], [ -113.478496, 44.975514 ], [ -113.480972, 44.973128 ], [ -113.48541, 44.973297 ], [ -113.491106, 44.975345 ], [ -113.494158, 44.975781 ], [ -113.496361, 44.976659 ], [ -113.49726, 44.977933 ], [ -113.499537, 44.978708 ], [ -113.503734, 44.978622 ], [ -113.507585, 44.977141 ], [ -113.511197, 44.976855 ], [ -113.513014, 44.975768 ], [ -113.516266, 44.976475 ], [ -113.518062, 44.975204 ], [ -113.524352, 44.973929 ], [ -113.525987, 44.972884 ], [ -113.530302, 44.971527 ], [ -113.532785, 44.969469 ], [ -113.535146, 44.969101 ], [ -113.538005, 44.967057 ], [ -113.541525, 44.963374 ], [ -113.541901, 44.961912 ], [ -113.543396, 44.961032 ], [ -113.546441, 44.957564 ], [ -113.548711, 44.957124 ], [ -113.5514, 44.954788 ], [ -113.554904, 44.953354 ], [ -113.558586, 44.949266 ], [ -113.562575, 44.949013 ], [ -113.569843, 44.949277 ], [ -113.57305, 44.948941 ], [ -113.575438, 44.947392 ], [ -113.57904, 44.94746 ], [ -113.584916, 44.946646 ], [ -113.591343, 44.946986 ], [ -113.597646, 44.948903 ], [ -113.605377, 44.950412 ], [ -113.610117, 44.950328 ], [ -113.614342, 44.951719 ], [ -113.625017, 44.956074 ], [ -113.63182, 44.956641 ], [ -113.639872, 44.956455 ], [ -113.640707, 44.959899 ], [ -113.644376, 44.959818 ], [ -113.660362, 45.019909 ], [ -113.661633, 45.023961 ], [ -113.663106, 45.026387 ], [ -113.720284, 45.089521 ], [ -113.722909, 45.091541 ], [ -113.72498, 45.092774 ], [ -113.852286, 45.157788 ], [ -113.852377, 45.154172 ], [ -113.855428, 45.155031 ], [ -113.856436, 45.154542 ], [ -113.858428, 45.155019 ], [ -113.860708, 45.156745 ], [ -113.864259, 45.157555 ], [ -113.868532, 45.159763 ], [ -113.869966, 45.160031 ], [ -113.870757, 45.160436 ], [ -113.871974, 45.16071 ], [ -113.872153, 45.160704 ], [ -113.872692, 45.160435 ], [ -113.873416, 45.160298 ], [ -113.874066, 45.160334 ], [ -113.875168, 45.160368 ], [ -113.876882, 45.160511 ], [ -113.877258, 45.160496 ], [ -113.878002, 45.161043 ], [ -113.878879, 45.161043 ], [ -113.883823, 45.162097 ], [ -113.884217, 45.161839 ], [ -113.8848, 45.161668 ], [ -113.885373, 45.161881 ], [ -113.885752, 45.162006 ], [ -113.888617, 45.162952 ], [ -113.889185, 45.163112 ], [ -113.890519, 45.163541 ], [ -113.892992, 45.164391 ], [ -113.892999, 45.162302 ], [ -113.893036, 45.160689 ], [ -113.893014, 45.159275 ], [ -113.893025, 45.156875 ], [ -113.90331, 45.156841 ], [ -113.90876, 45.157006 ], [ -113.911444, 45.156568 ], [ -113.911319, 45.149479 ], [ -113.911832, 45.149554 ], [ -113.913252, 45.152886 ], [ -113.914438, 45.157095 ], [ -113.913884, 45.159364 ], [ -113.914214, 45.161968 ], [ -113.912954, 45.164051 ], [ -113.909636, 45.166323 ], [ -113.909287, 45.167885 ], [ -113.911263, 45.17028 ], [ -113.910265, 45.17176 ], [ -113.908438, 45.172557 ], [ -113.907104, 45.17314 ], [ -113.90578, 45.173904 ], [ -113.898573, 45.177626 ], [ -113.896162, 45.179971 ], [ -113.894584, 45.184474 ], [ -113.892246, 45.186722 ], [ -113.887783, 45.189058 ], [ -113.885973, 45.191778 ], [ -113.88561, 45.194824 ], [ -113.883911, 45.196479 ], [ -113.880503, 45.197891 ], [ -113.879864, 45.199375 ], [ -113.880539, 45.203752 ], [ -113.881348, 45.206021 ], [ -113.882595, 45.212083 ], [ -113.883977, 45.214655 ], [ -113.886007, 45.217255 ], [ -113.886076, 45.219309 ], [ -113.884976, 45.221691 ], [ -113.886648, 45.224512 ], [ -113.886906, 45.227427 ], [ -113.887951, 45.229253 ], [ -113.889314, 45.230287 ], [ -113.893573, 45.229933 ], [ -113.894795, 45.231237 ], [ -113.894916, 45.232925 ], [ -113.892679, 45.234593 ], [ -113.8923, 45.23647 ], [ -113.894012, 45.238325 ], [ -113.898143, 45.240847 ], [ -113.898854, 45.242014 ], [ -113.898593, 45.243786 ], [ -113.899011, 45.246663 ], [ -113.900756, 45.251292 ], [ -113.903608, 45.252959 ], [ -113.906345, 45.253922 ], [ -113.904952, 45.256634 ], [ -113.904926, 45.260602 ], [ -113.903732, 45.263647 ], [ -113.901123, 45.265288 ], [ -113.899806, 45.26702 ], [ -113.900297, 45.269924 ], [ -113.902953, 45.275624 ], [ -113.903386, 45.278423 ], [ -113.902925, 45.281313 ], [ -113.90027, 45.283049 ], [ -113.896307, 45.287788 ], [ -113.895771, 45.289753 ], [ -113.896854, 45.293268 ], [ -113.898689, 45.29517 ], [ -113.901267, 45.296307 ], [ -113.903353, 45.299022 ], [ -113.904542, 45.301627 ], [ -113.903492, 45.302048 ], [ -113.901705, 45.304973 ], [ -113.903865, 45.306456 ], [ -113.905508, 45.30906 ], [ -113.909341, 45.313726 ], [ -113.91019, 45.315635 ], [ -113.909471, 45.319849 ], [ -113.911237, 45.323603 ], [ -113.911963, 45.327154 ], [ -113.915955, 45.328636 ], [ -113.91882, 45.330797 ], [ -113.919447, 45.333125 ], [ -113.926382, 45.334856 ], [ -113.930195, 45.336725 ], [ -113.930878, 45.337414 ], [ -113.930893, 45.339599 ], [ -113.92955, 45.341918 ], [ -113.924097, 45.345374 ], [ -113.919866, 45.348633 ], [ -113.919648, 45.350016 ], [ -113.923123, 45.351917 ], [ -113.929276, 45.353448 ], [ -113.934035, 45.354981 ], [ -113.935465, 45.355058 ], [ -113.936939, 45.353453 ], [ -113.936403, 45.351445 ], [ -113.937243, 45.34928 ], [ -113.940303, 45.349766 ], [ -113.944769, 45.352648 ], [ -113.946683, 45.354532 ], [ -113.947984, 45.356627 ], [ -113.947637, 45.359323 ], [ -113.945152, 45.360575 ], [ -113.946089, 45.364795 ], [ -113.949063, 45.365552 ], [ -113.953008, 45.365316 ], [ -113.955414, 45.363813 ], [ -113.959665, 45.360285 ], [ -113.964634, 45.360888 ], [ -113.965904, 45.361777 ], [ -113.966485, 45.363874 ], [ -113.964662, 45.368937 ], [ -113.964335, 45.372124 ], [ -113.96339, 45.374421 ], [ -113.963029, 45.380099 ], [ -113.962397, 45.38281 ], [ -113.964994, 45.385323 ], [ -113.966997, 45.388761 ], [ -113.968039, 45.389605 ], [ -113.971383, 45.390794 ], [ -113.975779, 45.393289 ], [ -113.979005, 45.39449 ], [ -113.982429, 45.394707 ], [ -113.986599, 45.397995 ], [ -113.988306, 45.401147 ], [ -113.990479, 45.402665 ], [ -113.990548, 45.403587 ], [ -113.994655, 45.404981 ], [ -113.994331, 45.406311 ], [ -113.995724, 45.40871 ], [ -113.995427, 45.41691 ] ] ] } },
{ "type": "Feature", "properties": { "geoid": "16001002317", "county_name": "Ada County", "place_name": null, "state_name": "Idaho", "state_abbr": "ID", "is_rural": false, "dci_score": 43.0, "dci_quintile": 5.0, "is_cra_lmi": true, "income_level": "M", "is_persistent_poverty": false, "is_tribal_overlap": false, "tribal_area_name": null, "aian_pct": 0.0, "has_nmtc": false, "nmtc_projects": 0, "nmtc_total_usd": 0.0 }, "geometry": { "type": "Polygon", "coordinates": [ [ [ -116.314346, 43.633936 ], [ -116.304334, 43.633921 ], [ -116.304281, 43.628536 ], [ -116.304272, 43.627477 ], [ -116.304268, 43.626728 ], [ -116.304198, 43.619457 ], [ -116.311747, 43.619455 ], [ -116.314306, 43.619479 ], [ -116.314233, 43.626715 ], [ -116.314259, 43.628552 ], [ -116.314346, 43.633936 ] ] ] } },
{ "type": "Feature", "properties": { "geoid": "16001000902", "county_name": "Ada County", "place_name": null, "state_name": "Idaho", "state_abbr": "ID", "is_rural": false, "dci_score": 38.4, "dci_quintile": 5.0, "is_cra_lmi": true, "income_level": "L", "is_persistent_poverty": false, "is_tribal_overlap": false, "tribal_area_name": null, "aian_pct": 0.0, "has_nmtc": false, "nmtc_projects": 0, "nmtc_total_usd": 0.0 }, "geometry": { "type": "Polygon", "coordinates": [ [ [ -116.21229, 43.604729 ], [ -116.208408, 43.60867 ], [ -116.203497, 43.605379 ], [ -116.199643, 43.60559 ], [ -116.195366, 43.604835 ], [ -116.193423, 43.603888 ], [ -116.193543, 43.598421 ], [ -116.193673, 43.590399 ], [ -116.204807, 43.598032 ], [ -116.21112, 43.602356 ], [ -116.21229, 43.604729 ] ] ] } },
{ "type": "Feature", "properties": { "geoid": "16027020300", "county_name": "Canyon County", "place_name": null, "state_name": "Idaho", "state_abbr": "ID", "is_rural": false, "dci_score": 45.0, "dci_quintile": 5.0, "is_cra_lmi": true, "income_level": "M", "is_persistent_poverty": false, "is_tribal_overlap": false, "tribal_area_name": null, "aian_pct": 0.0, "has_nmtc": false, "nmtc_projects": 0, "nmtc_total_usd": 0.0 }, "geometry": { "type": "Polygon", "coordinates": [ [ [ -116.57797, 43.575995 ], [ -116.573852, 43.576004 ], [ -116.573826, 43.57958 ], [ -116.573671, 43.579758 ], [ -116.573718, 43.585081 ], [ -116.573548, 43.585326 ], [ -116.566977, 43.58085 ], [ -116.570886, 43.577814 ], [ -116.566697, 43.574964 ], [ -116.565689, 43.574274 ], [ -116.56149, 43.571382 ], [ -116.554353, 43.576923 ], [ -116.552197, 43.575553 ], [ -116.550026, 43.574142 ], [ -116.548199, 43.57195 ], [ -116.547925, 43.569313 ], [ -116.550277, 43.570926 ], [ -116.552883, 43.568619 ], [ -116.564296, 43.568661 ], [ -116.57275, 43.568645 ], [ -116.572941, 43.568637 ], [ -116.572541, 43.568967 ], [ -116.573525, 43.569651 ], [ -116.574423, 43.568933 ], [ -116.577935, 43.568851 ], [ -116.57797, 43.575995 ] ] ] } },
{ "type": "Feature", "properties": { "geoid": "16027020503", "county_name": "Canyon County", "place_name": null, "state_name": "Idaho", "state_abbr": "ID", "is_rural": false, "dci_score": 16.1, "dci_quintile": 5.0, "is_cra_lmi": false, "income_level": "U", "is_persistent_poverty": false, "is_tribal_overlap": false, "tribal_area_name": null, "aian_pct": 0.0, "has_nmtc": false, "nmtc_projects": 0, "nmtc_total_usd": 0.0 }, "geometry": { "type": "Polygon", "coordinates": [ [ [ -116.592939, 43.561584 ], [ -116.592125, 43.56159 ], [ -116.591502, 43.561594 ], [ -116.589302, 43.561613 ], [ -116.587985, 43.561604 ], [ -116.572969, 43.561432 ], [ -116.572781, 43.555136 ], [ -116.572762, 43.554274 ], [ -116.572604, 43.547092 ], [ -116.587653, 43.54714 ], [ -116.59262, 43.547201 ], [ -116.592624, 43.547263 ], [ -116.592701, 43.548469 ], [ -116.592707, 43.549181 ], [ -116.592725, 43.550789 ], [ -116.592771, 43.552584 ], [ -116.592751, 43.553053 ], [ -116.592801, 43.554394 ], [ -116.592873, 43.558599 ], [ -116.592939, 43.561584 ] ] ] } },
{ "type": "Feature", "properties": { "geoid": "16077960100", "county_name": "Power County", "place_name": null, "state_name": "Idaho", "state_abbr": "ID", "is_rural": false, "dci_score": 47.7, "dci_quintile": 5.0, "is_cra_lmi": false, "income_level": "U", "is_persistent_poverty": false, "is_tribal_overlap": true, "tribal_area_name": "Fort Hall Reservation", "aian_pct": 0.0, "has_nmtc": false, "nmtc_projects": 0, "nmtc_total_usd": 0.0 }, "geometry": { "type": "Polygon", "coordinates": [ [ [ -113.175182, 42.627273 ], [ -113.168227, 42.626633 ], [ -113.154082, 42.63068 ], [ -113.149998, 42.630429 ], [ -113.143303, 42.628359 ], [ -113.139766, 42.62875 ], [ -113.125829, 42.626491 ], [ -113.120754, 42.625418 ], [ -113.114301, 42.625222 ], [ -113.107714, 42.62581 ], [ -113.101599, 42.628373 ], [ -113.097015, 42.628885 ], [ -113.09013, 42.628388 ], [ -113.087291, 42.62903 ], [ -113.084669, 42.63008 ], [ -113.082707, 42.631403 ], [ -113.081742, 42.632971 ], [ -113.077332, 42.637686 ], [ -113.073485, 42.639501 ], [ -113.064654, 42.644346 ], [ -113.059737, 42.644692 ], [ -113.054912, 42.643417 ], [ -113.051562, 42.64317 ], [ -113.045522, 42.644915 ], [ -113.043153, 42.646106 ], [ -113.041154, 42.647775 ], [ -113.034377, 42.652092 ], [ -113.027843, 42.655148 ], [ -113.023472, 42.656066 ], [ -113.019267, 42.65626 ], [ -113.017515, 42.653856 ], [ -113.017528, 42.653067 ], [ -113.015602, 42.653409 ], [ -113.011376, 42.652671 ], [ -113.008738, 42.65295 ], [ -113.005045, 42.654135 ], [ -113.000222, 42.657167 ], [ -112.989964, 42.660296 ], [ -112.985151, 42.661169 ], [ -112.973503, 42.661189 ], [ -112.970092, 42.66153 ], [ -112.96682, 42.661123 ], [ -112.88715, 42.661043 ], [ -112.883505, 42.661892 ], [ -112.876252, 42.661701 ], [ -112.878326, 42.665391 ], [ -112.880335, 42.670351 ], [ -112.88145, 42.676796 ], [ -112.879763, 42.686425 ], [ -112.856137, 42.686308 ], [ -112.854298, 42.685682 ], [ -112.854231, 42.682693 ], [ -112.848218, 42.682794 ], [ -112.843431, 42.686793 ], [ -112.840787, 42.688011 ], [ -112.838184, 42.687715 ], [ -112.835772, 42.68862 ], [ -112.834391, 42.691203 ], [ -112.833198, 42.691544 ], [ -112.831046, 42.689724 ], [ -112.828608, 42.6886 ], [ -112.824134, 42.688319 ], [ -112.817301, 42.689844 ], [ -112.815648, 42.689284 ], [ -112.81137, 42.685969 ], [ -112.808597, 42.684942 ], [ -112.805046, 42.68506 ], [ -112.802769, 42.684086 ], [ -112.799821, 42.683449 ], [ -112.797355, 42.682228 ], [ -112.796055, 42.680743 ], [ -112.792151, 42.679807 ], [ -112.791075, 42.67906 ], [ -112.790951, 42.677668 ], [ -112.789413, 42.676542 ], [ -112.787474, 42.676796 ], [ -112.786063, 42.678414 ], [ -112.78159, 42.678616 ], [ -112.778585, 42.679413 ], [ -112.775538, 42.682081 ], [ -112.772417, 42.683188 ], [ -112.771036, 42.683178 ], [ -112.76775, 42.681911 ], [ -112.765485, 42.681841 ], [ -112.763916, 42.682477 ], [ -112.757184, 42.682614 ], [ -112.752709, 42.683855 ], [ -112.752327, 42.680849 ], [ -112.750965, 42.679559 ], [ -112.748227, 42.678085 ], [ -112.748015, 42.676562 ], [ -112.746109, 42.675298 ], [ -112.744444, 42.675626 ], [ -112.7416, 42.677382 ], [ -112.737504, 42.67856 ], [ -112.737443, 42.856259 ], [ -112.737478, 42.874806 ], [ -112.737496, 42.905408 ], [ -112.734171, 42.905837 ], [ -112.732248, 42.906631 ], [ -112.731879, 42.908524 ], [ -112.73351, 42.910021 ], [ -112.733442, 42.912237 ], [ -112.730549, 42.914257 ], [ -112.727384, 42.915831 ], [ -112.722516, 42.917068 ], [ -112.720886, 42.916452 ], [ -112.713837, 42.918273 ], [ -112.713154, 42.920252 ], [ -112.71074, 42.922326 ], [ -112.706777, 42.922048 ], [ -112.704508, 42.923225 ], [ -112.702152, 42.925953 ], [ -112.701896, 42.927753 ], [ -112.703646, 42.931937 ], [ -112.702152, 42.935337 ], [ -112.699331, 42.935968 ], [ -112.698034, 42.937761 ], [ -112.694981, 42.938655 ], [ -112.69183, 42.938516 ], [ -112.688429, 42.94105 ], [ -112.684614, 42.941485 ], [ -112.681169, 42.940036 ], [ -112.679155, 42.938706 ], [ -112.672642, 42.940111 ], [ -112.667875, 42.939332 ], [ -112.663667, 42.940359 ], [ -112.6607, 42.94038 ], [ -112.659675, 42.941469 ], [ -112.65612, 42.940707 ], [ -112.650531, 42.94272 ], [ -112.649002, 42.940072 ], [ -112.646089, 42.941546 ], [ -112.643896, 42.94196 ], [ -112.638441, 42.945397 ], [ -112.634924, 42.948522 ], [ -112.632939, 42.949377 ], [ -112.629679, 42.951918 ], [ -112.627465, 42.952249 ], [ -112.626918, 42.953625 ], [ -112.625569, 42.952892 ], [ -112.623507, 42.95346 ], [ -112.623157, 42.954953 ], [ -112.621655, 42.956403 ], [ -112.621733, 42.957911 ], [ -112.61942, 42.958342 ], [ -112.61952, 42.960961 ], [ -112.617962, 42.960911 ], [ -112.615899, 42.958937 ], [ -112.611684, 42.960239 ], [ -112.609186, 42.959009 ], [ -112.60707, 42.959966 ], [ -112.60404, 42.959464 ], [ -112.601848, 42.960021 ], [ -112.600647, 42.961226 ], [ -112.600903, 42.962317 ], [ -112.602808, 42.963249 ], [ -112.605677, 42.963776 ], [ -112.602808, 42.96451 ], [ -112.600379, 42.964163 ], [ -112.599648, 42.962744 ], [ -112.597999, 42.962956 ], [ -112.598786, 42.964517 ], [ -112.596751, 42.967332 ], [ -112.595043, 42.968172 ], [ -112.597366, 42.970808 ], [ -112.595607, 42.971175 ], [ -112.594853, 42.972787 ], [ -112.592741, 42.973313 ], [ -112.590392, 42.972819 ], [ -112.58905, 42.973603 ], [ -112.58812, 42.972761 ], [ -112.58896, 42.971628 ], [ -112.585079, 42.970597 ], [ -112.58371, 42.972871 ], [ -112.581137, 42.973329 ], [ -112.579287, 42.972451 ], [ -112.578042, 42.969233 ], [ -112.580072, 42.967676 ], [ -112.578832, 42.965496 ], [ -112.574878, 42.964983 ], [ -112.573498, 42.96419 ], [ -112.569271, 42.963917 ], [ -112.568477, 42.963306 ], [ -112.569681, 42.962196 ], [ -112.567327, 42.961467 ], [ -112.567948, 42.960361 ], [ -112.566424, 42.959093 ], [ -112.56536, 42.960634 ], [ -112.564602, 42.958879 ], [ -112.562842, 42.958575 ], [ -112.563203, 42.959997 ], [ -112.559563, 42.959759 ], [ -112.559335, 42.961004 ], [ -112.557695, 42.960545 ], [ -112.55695, 42.959033 ], [ -112.553726, 42.957218 ], [ -112.553954, 42.955976 ], [ -112.549897, 42.954604 ], [ -112.549284, 42.95387 ], [ -112.550835, 42.952871 ], [ -112.548794, 42.951999 ], [ -112.546393, 42.946786 ], [ -112.544672, 42.945427 ], [ -112.544231, 42.943339 ], [ -112.545168, 42.941894 ], [ -112.543578, 42.940538 ], [ -112.546155, 42.939833 ], [ -112.54469, 42.93833 ], [ -112.546775, 42.936155 ], [ -112.544465, 42.93452 ], [ -112.540126, 42.932197 ], [ -112.537837, 42.932413 ], [ -112.535829, 42.931422 ], [ -112.532093, 42.929873 ], [ -112.530169, 42.925513 ], [ -112.529732, 42.923565 ], [ -112.527419, 42.921836 ], [ -112.527335, 42.921026 ], [ -112.5249, 42.919582 ], [ -112.522626, 42.919374 ], [ -112.519999, 42.918026 ], [ -112.521987, 42.914519 ], [ -112.520638, 42.91275 ], [ -112.518106, 42.909569 ], [ -112.515519, 42.909975 ], [ -112.51547, 42.907239 ], [ -112.515478, 42.848054 ], [ -112.516926, 42.848033 ], [ -112.516775, 42.794706 ], [ -112.516739, 42.790824 ], [ -112.497227, 42.790727 ], [ -112.497079, 42.75996 ], [ -112.49691, 42.733013 ], [ -112.457753, 42.732965 ], [ -112.457728, 42.718649 ], [ -112.457519, 42.696761 ], [ -112.437936, 42.696782 ], [ -112.437514, 42.675077 ], [ -112.418027, 42.675126 ], [ -112.418042, 42.646234 ], [ -112.37967, 42.646273 ], [ -112.37967, 42.646142 ], [ -112.37967, 42.624494 ], [ -112.389418, 42.624382 ], [ -112.389812, 42.599314 ], [ -112.389482, 42.588171 ], [ -112.386106, 42.588152 ], [ -112.386177, 42.571779 ], [ -112.390998, 42.571761 ], [ -112.391028, 42.568179 ], [ -112.415556, 42.568187 ], [ -112.415572, 42.557272 ], [ -112.419845, 42.557301 ], [ -112.419825, 42.503038 ], [ -112.498139, 42.502967 ], [ -112.497849, 42.415998 ], [ -112.510314, 42.41603 ], [ -112.653989, 42.416169 ], [ -112.654028, 42.328872 ], [ -112.704619, 42.328897 ], [ -112.771411, 42.328854 ], [ -112.771414, 42.328058 ], [ -112.999965, 42.327427 ], [ -113.001673, 42.327431 ], [ -113.001574, 42.501814 ], [ -113.002859, 42.50182 ], [ -113.002845, 42.530655 ], [ -113.002414, 42.537993 ], [ -113.00298, 42.54412 ], [ -113.002792, 42.588003 ], [ -113.156223, 42.589274 ], [ -113.174746, 42.589346 ], [ -113.175678, 42.589464 ], [ -113.175182, 42.627273 ] ] ] } },
{ "type": "Feature", "properties": { "geoid": "16083000800", "county_name": "Twin Falls County", "place_name": null, "state_name": "Idaho", "state_abbr": "ID", "is_rural": false, "dci_score": 35.5, "dci_quintile": 5.0, "is_cra_lmi": false, "income_level": "U", "is_persistent_poverty": false, "is_tribal_overlap": false, "tribal_area_name": null, "aian_pct": 0.0, "has_nmtc": false, "nmtc_projects": 0, "nmtc_total_usd": 0.0 }, "geometry": { "type": "Polygon", "coordinates": [ [ [ -114.479846, 42.570534 ], [ -114.479883, 42.574246 ], [ -114.47977, 42.577988 ], [ -114.479731, 42.584914 ], [ -114.479606, 42.591754 ], [ -114.460034, 42.592061 ], [ -114.460304, 42.577701 ], [ -114.460311, 42.570422 ], [ -114.460279, 42.563177 ], [ -114.462753, 42.563159 ], [ -114.470185, 42.563119 ], [ -114.475071, 42.563113 ], [ -114.478236, 42.563184 ], [ -114.47992, 42.563198 ], [ -114.479846, 42.570534 ] ] ] } },
{ "type": "Feature", "properties": { "geoid": "16027021202", "county_name": "Canyon County", "place_name": null, "state_name": "Idaho", "state_abbr": "ID", "is_rural": false, "dci_score": 40.7, "dci_quintile": 5.0, "is_cra_lmi": true, "income_level": "M", "is_persistent_poverty": false, "is_tribal_overlap": false, "tribal_area_name": null, "aian_pct": 0.0, "has_nmtc": false, "nmtc_projects": 0, "nmtc_total_usd": 0.0 }, "geometry": { "type": "Polygon", "coordinates": [ [ [ -116.708127, 43.684086 ], [ -116.707845, 43.694307 ], [ -116.701925, 43.692661 ], [ -116.696715, 43.689823 ], [ -116.693094, 43.690282 ], [ -116.697308, 43.695387 ], [ -116.69859, 43.69825 ], [ -116.699183, 43.700926 ], [ -116.699546, 43.705906 ], [ -116.695479, 43.705897 ], [ -116.692938, 43.705921 ], [ -116.683045, 43.706014 ], [ -116.683082, 43.699863 ], [ -116.680568, 43.700167 ], [ -116.681285, 43.699613 ], [ -116.681081, 43.698764 ], [ -116.686444, 43.695957 ], [ -116.686709, 43.694915 ], [ -116.684362, 43.69469 ], [ -116.683346, 43.694537 ], [ -116.682423, 43.694301 ], [ -116.681715, 43.694227 ], [ -116.680347, 43.694385 ], [ -116.679423, 43.694375 ], [ -116.67868, 43.694187 ], [ -116.678308, 43.693926 ], [ -116.67723, 43.692059 ], [ -116.673991, 43.691793 ], [ -116.673411, 43.690654 ], [ -116.674213, 43.689595 ], [ -116.674334, 43.689348 ], [ -116.67441, 43.688574 ], [ -116.674092, 43.688129 ], [ -116.673336, 43.687656 ], [ -116.670645, 43.685546 ], [ -116.667789, 43.683644 ], [ -116.665842, 43.683166 ], [ -116.666281, 43.68074 ], [ -116.66459, 43.67723 ], [ -116.665697, 43.677215 ], [ -116.66641, 43.67722 ], [ -116.673206, 43.67717 ], [ -116.673441, 43.668349 ], [ -116.67072, 43.667137 ], [ -116.675697, 43.669198 ], [ -116.678085, 43.670726 ], [ -116.686847, 43.676769 ], [ -116.688385, 43.678684 ], [ -116.689334, 43.680495 ], [ -116.693089, 43.679547 ], [ -116.693087, 43.680301 ], [ -116.695739, 43.679629 ], [ -116.697971, 43.678108 ], [ -116.702219, 43.677498 ], [ -116.702374, 43.6776 ], [ -116.708292, 43.68164 ], [ -116.708127, 43.684086 ] ] ] } },
{ "type": "Feature", "properties": { "geoid": "16001001002", "county_name": "Ada County", "place_name": null, "state_name": "Idaho", "state_abbr": "ID", "is_rural": false, "dci_score": 38.4, "dci_quintile": 5.0, "is_cra_lmi": false, "income_level": "NA", "is_persistent_poverty": false, "is_tribal_overlap": false, "tribal_area_name": null, "aian_pct": 0.0, "has_nmtc": false, "nmtc_projects": 0, "nmtc_total_usd": 0.0 }, "geometry": { "type": "Polygon", "coordinates": [ [ [ -116.225728, 43.612888 ], [ -116.221642, 43.615605 ], [ -116.22045, 43.614104 ], [ -116.216109, 43.611844 ], [ -116.209464, 43.609409 ], [ -116.208408, 43.60867 ], [ -116.21229, 43.604729 ], [ -116.213217, 43.603702 ], [ -116.219038, 43.604675 ], [ -116.224704, 43.610884 ], [ -116.228379, 43.611609 ], [ -116.225728, 43.612888 ] ] ] } },
{ "type": "Feature", "properties": { "geoid": "16047960101", "county_name": "Gooding County", "place_name": null, "state_name": "Idaho", "state_abbr": "ID", "is_rural": true, "dci_score": 71.3, "dci_quintile": 3.0, "is_cra_lmi": true, "income_level": "M", "is_persistent_poverty": false, "is_tribal_overlap": false, "tribal_area_name": null, "aian_pct": 0.0, "has_nmtc": false, "nmtc_projects": 0, "nmtc_total_usd": 0.0 }, "geometry": { "type": "Polygon", "coordinates": [ [ [ -114.722867, 42.943276 ], [ -114.721916, 42.944441 ], [ -114.71289, 42.945408 ], [ -114.702938, 42.94586 ], [ -114.702936, 42.943895 ], [ -114.698528, 42.943621 ], [ -114.696022, 42.942228 ], [ -114.68309, 42.942245 ], [ -114.683128, 42.936877 ], [ -114.683097, 42.931313 ], [ -114.692954, 42.931243 ], [ -114.693038, 42.924008 ], [ -114.705028, 42.923955 ], [ -114.710268, 42.923932 ], [ -114.712851, 42.92392 ], [ -114.715755, 42.923911 ], [ -114.722423, 42.934714 ], [ -114.722813, 42.935439 ], [ -114.722913, 42.938507 ], [ -114.722867, 42.943276 ] ] ] } },
{ "type": "Feature", "properties": { "geoid": "16001002000", "county_name": "Ada County", "place_name": null, "state_name": "Idaho", "state_abbr": "ID", "is_rural": false, "dci_score": 38.2, "dci_quintile": 5.0, "is_cra_lmi": true, "income_level": "L", "is_persistent_poverty": false, "is_tribal_overlap": false, "tribal_area_name": null, "aian_pct": 0.0, "has_nmtc": true, "nmtc_projects": 1, "nmtc_total_usd": 0.0 }, "geometry": { "type": "Polygon", "coordinates": [ [ [ -116.282177, 43.601928 ], [ -116.277924, 43.604872 ], [ -116.274074, 43.607369 ], [ -116.266116, 43.611997 ], [ -116.264532, 43.612914 ], [ -116.261148, 43.614437 ], [ -116.251266, 43.617578 ], [ -116.243448, 43.618206 ], [ -116.24345, 43.611612 ], [ -116.24347, 43.604517 ], [ -116.253629, 43.604502 ], [ -116.253641, 43.60329 ], [ -116.253677, 43.598015 ], [ -116.253631, 43.593198 ], [ -116.259217, 43.594641 ], [ -116.262367, 43.596137 ], [ -116.270812, 43.599176 ], [ -116.274152, 43.599753 ], [ -116.279028, 43.600545 ], [ -116.282177, 43.601928 ] ] ] } },
{ "type": "Feature", "properties": { "geoid": "16005000900", "county_name": "Bannock County", "place_name": null, "state_name": "Idaho", "state_abbr": "ID", "is_rural": false, "dci_score": 35.1, "dci_quintile": 5.0, "is_cra_lmi": true, "income_level": "M", "is_persistent_poverty": false, "is_tribal_overlap": false, "tribal_area_name": null, "aian_pct": 0.0, "has_nmtc": true, "nmtc_projects": 2, "nmtc_total_usd": 1009700.0 }, "geometry": { "type": "Polygon", "coordinates": [ [ [ -112.450455, 42.876798 ], [ -112.447436, 42.876944 ], [ -112.441656, 42.876921 ], [ -112.437805, 42.876902 ], [ -112.433297, 42.872957 ], [ -112.43638, 42.871039 ], [ -112.438951, 42.869423 ], [ -112.443533, 42.86655 ], [ -112.44963, 42.871832 ], [ -112.450448, 42.874036 ], [ -112.450455, 42.876798 ] ] ] } },
{ "type": "Feature", "properties": { "geoid": "16065950303", "county_name": "Madison County", "place_name": null, "state_name": "Idaho", "state_abbr": "ID", "is_rural": true, "dci_score": 47.9, "dci_quintile": 5.0, "is_cra_lmi": true, "income_level": "M", "is_persistent_poverty": true, "is_tribal_overlap": false, "tribal_area_name": null, "aian_pct": 0.0, "has_nmtc": false, "nmtc_projects": 0, "nmtc_total_usd": 0.0 }, "geometry": { "type": "Polygon", "coordinates": [ [ [ -111.811346, 43.800787 ], [ -111.808898, 43.803807 ], [ -111.80247, 43.811663 ], [ -111.797838, 43.817417 ], [ -111.795247, 43.817682 ], [ -111.789511, 43.817671 ], [ -111.786695, 43.817665 ], [ -111.778075, 43.817623 ], [ -111.778088, 43.811571 ], [ -111.778056, 43.806539 ], [ -111.779095, 43.804165 ], [ -111.778139, 43.802863 ], [ -111.778152, 43.79717 ], [ -111.781363, 43.797189 ], [ -111.787967, 43.797185 ], [ -111.795465, 43.797177 ], [ -111.814181, 43.797232 ], [ -111.811346, 43.800787 ] ] ] } },
{ "type": "Feature", "properties": { "geoid": "16005000800", "county_name": "Bannock County", "place_name": "Boise City", "state_name": "Idaho", "state_abbr": "ID", "is_rural": false, "dci_score": 36.3, "dci_quintile": 5.0, "is_cra_lmi": true, "income_level": "M", "is_persistent_poverty": false, "is_tribal_overlap": false, "tribal_area_name": null, "aian_pct": 0.0, "has_nmtc": true, "nmtc_projects": 1, "nmtc_total_usd": 0.0 }, "geometry": { "type": "Polygon", "coordinates": [ [ [ -112.461174, 42.873831 ], [ -112.456302, 42.876517 ], [ -112.453446, 42.876548 ], [ -112.450455, 42.876798 ], [ -112.450448, 42.874036 ], [ -112.44963, 42.871832 ], [ -112.443533, 42.86655 ], [ -112.438305, 42.862025 ], [ -112.433961, 42.858247 ], [ -112.429577, 42.854516 ], [ -112.418856, 42.845104 ], [ -112.410513, 42.839601 ], [ -112.407824, 42.833214 ], [ -112.405933, 42.830762 ], [ -112.409845, 42.83051 ], [ -112.412023, 42.829298 ], [ -112.413816, 42.830702 ], [ -112.423979, 42.84076 ], [ -112.427633, 42.843953 ], [ -112.432677, 42.847888 ], [ -112.438768, 42.854004 ], [ -112.445193, 42.860352 ], [ -112.447787, 42.862473 ], [ -112.4567, 42.869972 ], [ -112.461174, 42.873831 ] ] ] } },
{ "type": "Feature", "properties": { "geoid": "16083001100", "county_name": "Twin Falls County", "place_name": "Boise City", "state_name": "Idaho", "state_abbr": "ID", "is_rural": false, "dci_score": 35.5, "dci_quintile": 5.0, "is_cra_lmi": true, "income_level": "M", "is_persistent_poverty": false, "is_tribal_overlap": false, "tribal_area_name": null, "aian_pct": 0.0, "has_nmtc": true, "nmtc_projects": 1, "nmtc_total_usd": 0.0 }, "geometry": { "type": "Polygon", "coordinates": [ [ [ -114.47992, 42.563198 ], [ -114.478236, 42.563184 ], [ -114.475071, 42.563113 ], [ -114.470185, 42.563119 ], [ -114.462753, 42.563159 ], [ -114.460279, 42.563177 ], [ -114.460229, 42.555977 ], [ -114.460178, 42.548669 ], [ -114.460183, 42.54826 ], [ -114.475271, 42.551964 ], [ -114.476747, 42.552735 ], [ -114.479867, 42.555041 ], [ -114.479445, 42.556045 ], [ -114.47992, 42.563198 ] ] ] } },
{ "type": "Feature", "properties": { "geoid": "16065950304", "county_name": "Madison County", "place_name": null, "state_name": "Idaho", "state_abbr": "ID", "is_rural": true, "dci_score": 47.9, "dci_quintile": 5.0, "is_cra_lmi": true, "income_level": "L", "is_persistent_poverty": true, "is_tribal_overlap": false, "tribal_area_name": null, "aian_pct": 0.0, "has_nmtc": false, "nmtc_projects": 0, "nmtc_total_usd": 0.0 }, "geometry": { "type": "Polygon", "coordinates": [ [ [ -111.817982, 43.826072 ], [ -111.815148, 43.826099 ], [ -111.810966, 43.826084 ], [ -111.810154, 43.82608 ], [ -111.798046, 43.82605 ], [ -111.795273, 43.82605 ], [ -111.795257, 43.823928 ], [ -111.795246, 43.819775 ], [ -111.795247, 43.817682 ], [ -111.797838, 43.817417 ], [ -111.80247, 43.811663 ], [ -111.808898, 43.803807 ], [ -111.811346, 43.800787 ], [ -111.814181, 43.797232 ], [ -111.815879, 43.797298 ], [ -111.816569, 43.797295 ], [ -111.817922, 43.797292 ], [ -111.817956, 43.818844 ], [ -111.817948, 43.820908 ], [ -111.81795, 43.821915 ], [ -111.817956, 43.824039 ], [ -111.817982, 43.826072 ] ] ] } },
{ "type": "Feature", "properties": { "geoid": "16005940000", "county_name": "Bannock County", "place_name": null, "state_name": "Idaho", "state_abbr": "ID", "is_rural": true, "dci_score": 24.7, "dci_quintile": 5.0, "is_cra_lmi": true, "income_level": "M", "is_persistent_poverty": false, "is_tribal_overlap": true, "tribal_area_name": "Fort Hall Reservation", "aian_pct": 0.0, "has_nmtc": false, "nmtc_projects": 0, "nmtc_total_usd": 0.0 }, "geometry": { "type": "Polygon", "coordinates": [ [ [ -112.752341, 42.958 ], [ -112.750157, 42.961086 ], [ -112.751066, 42.963382 ], [ -112.746804, 42.966383 ], [ -112.745021, 42.969863 ], [ -112.743499, 42.971125 ], [ -112.740771, 42.972215 ], [ -112.737568, 42.972503 ], [ -112.735659, 42.973234 ], [ -112.734204, 42.975502 ], [ -112.734651, 42.977211 ], [ -112.736487, 42.978795 ], [ -112.741501, 42.980826 ], [ -112.74284, 42.984574 ], [ -112.742602, 42.98646 ], [ -112.741566, 42.988858 ], [ -112.736676, 42.991552 ], [ -112.730342, 42.992504 ], [ -112.726418, 42.992635 ], [ -112.72305, 42.992206 ], [ -112.71761, 42.99086 ], [ -112.716175, 42.990744 ], [ -112.711012, 42.992203 ], [ -112.707547, 42.990549 ], [ -112.706747, 42.990683 ], [ -112.705701, 42.992074 ], [ -112.705841, 42.995499 ], [ -112.704496, 42.997663 ], [ -112.703159, 42.997908 ], [ -112.698348, 42.995911 ], [ -112.695965, 42.997467 ], [ -112.69531, 42.999713 ], [ -112.693185, 42.999739 ], [ -112.691505, 43.002987 ], [ -112.693312, 43.005842 ], [ -112.694733, 43.00682 ], [ -112.69482, 43.008109 ], [ -112.691807, 43.009612 ], [ -112.687649, 43.007581 ], [ -112.686258, 43.007634 ], [ -112.683636, 43.010022 ], [ -112.680409, 43.012267 ], [ -112.679632, 43.01389 ], [ -112.679995, 43.015558 ], [ -112.681375, 43.015447 ], [ -112.681266, 43.016963 ], [ -112.682232, 43.018733 ], [ -112.680582, 43.020787 ], [ -112.678364, 43.02173 ], [ -112.676152, 43.022012 ], [ -112.67342, 43.021515 ], [ -112.667584, 43.019191 ], [ -112.667334, 43.016226 ], [ -112.665635, 43.01553 ], [ -112.664762, 43.015624 ], [ -112.662024, 43.017924 ], [ -112.658128, 43.02011 ], [ -112.656552, 43.021944 ], [ -112.63485, 43.021992 ], [ -112.633973, 43.021993 ], [ -112.496234, 43.022017 ], [ -112.491086, 43.022147 ], [ -112.476483, 43.022059 ], [ -112.456678, 43.022057 ], [ -112.442694, 43.021984 ], [ -112.408233, 43.022153 ], [ -112.397595, 43.022129 ], [ -112.388836, 43.022041 ], [ -112.387123, 43.022027 ], [ -112.385631, 43.022051 ], [ -112.17938, 43.021614 ], [ -112.179378, 43.022391 ], [ -112.063023, 43.022364 ], [ -112.064807, 43.021471 ], [ -112.065949, 43.019392 ], [ -112.062776, 43.018692 ], [ -112.060735, 43.015393 ], [ -112.062446, 43.013968 ], [ -112.062377, 43.011787 ], [ -112.060468, 43.010668 ], [ -112.058861, 43.010908 ], [ -112.055963, 43.00797 ], [ -112.057282, 43.005285 ], [ -112.058735, 43.003588 ], [ -112.053353, 43.00045 ], [ -112.054801, 42.998207 ], [ -112.052208, 42.995093 ], [ -112.051822, 42.993448 ], [ -112.052883, 42.991044 ], [ -112.057074, 42.986187 ], [ -112.05876, 42.983398 ], [ -112.062844, 42.98038 ], [ -112.063849, 42.97988 ], [ -112.068069, 42.980534 ], [ -112.069516, 42.980079 ], [ -112.07502, 42.98028 ], [ -112.078502, 42.977734 ], [ -112.082863, 42.976662 ], [ -112.085518, 42.974881 ], [ -112.088706, 42.973477 ], [ -112.086296, 42.97095 ], [ -112.087937, 42.966281 ], [ -112.086026, 42.963899 ], [ -112.085044, 42.961157 ], [ -112.083684, 42.955256 ], [ -112.084024, 42.952981 ], [ -112.082187, 42.951414 ], [ -112.082053, 42.950425 ], [ -112.087977, 42.948653 ], [ -112.092626, 42.950792 ], [ -112.099129, 42.952063 ], [ -112.102742, 42.951641 ], [ -112.104354, 42.950383 ], [ -112.107369, 42.949201 ], [ -112.109255, 42.946949 ], [ -112.11493, 42.947664 ], [ -112.120757, 42.945182 ], [ -112.122684, 42.94386 ], [ -112.124509, 42.944698 ], [ -112.127424, 42.944498 ], [ -112.12916, 42.940447 ], [ -112.12938, 42.936631 ], [ -112.130675, 42.933957 ], [ -112.130751, 42.931683 ], [ -112.132453, 42.929009 ], [ -112.132198, 42.92785 ], [ -112.135299, 42.925122 ], [ -112.136362, 42.922622 ], [ -112.142147, 42.919863 ], [ -112.143623, 42.91766 ], [ -112.142191, 42.915963 ], [ -112.140534, 42.915159 ], [ -112.13662, 42.914429 ], [ -112.134329, 42.913552 ], [ -112.133913, 42.912678 ], [ -112.136509, 42.905785 ], [ -112.250893, 42.905453 ], [ -112.300768, 42.905779 ], [ -112.298945, 42.963467 ], [ -112.37581, 42.964333 ], [ -112.394583, 42.963609 ], [ -112.428465, 42.963765 ], [ -112.448859, 42.964022 ], [ -112.482019, 42.964009 ], [ -112.516025, 42.964053 ], [ -112.535616, 42.964019 ], [ -112.535577, 42.935017 ], [ -112.535829, 42.931422 ], [ -112.537837, 42.932413 ], [ -112.540126, 42.932197 ], [ -112.544465, 42.93452 ], [ -112.546775, 42.936155 ], [ -112.54469, 42.93833 ], [ -112.546155, 42.939833 ], [ -112.543578, 42.940538 ], [ -112.545168, 42.941894 ], [ -112.544231, 42.943339 ], [ -112.544672, 42.945427 ], [ -112.546393, 42.946786 ], [ -112.548794, 42.951999 ], [ -112.550835, 42.952871 ], [ -112.549284, 42.95387 ], [ -112.549897, 42.954604 ], [ -112.553954, 42.955976 ], [ -112.553726, 42.957218 ], [ -112.55695, 42.959033 ], [ -112.557695, 42.960545 ], [ -112.559335, 42.961004 ], [ -112.559563, 42.959759 ], [ -112.563203, 42.959997 ], [ -112.562842, 42.958575 ], [ -112.564602, 42.958879 ], [ -112.56536, 42.960634 ], [ -112.566424, 42.959093 ], [ -112.567948, 42.960361 ], [ -112.567327, 42.961467 ], [ -112.569681, 42.962196 ], [ -112.568477, 42.963306 ], [ -112.569271, 42.963917 ], [ -112.573498, 42.96419 ], [ -112.574878, 42.964983 ], [ -112.578832, 42.965496 ], [ -112.580072, 42.967676 ], [ -112.578042, 42.969233 ], [ -112.579287, 42.972451 ], [ -112.581137, 42.973329 ], [ -112.58371, 42.972871 ], [ -112.585079, 42.970597 ], [ -112.58896, 42.971628 ], [ -112.58812, 42.972761 ], [ -112.58905, 42.973603 ], [ -112.590392, 42.972819 ], [ -112.592741, 42.973313 ], [ -112.594853, 42.972787 ], [ -112.595607, 42.971175 ], [ -112.597366, 42.970808 ], [ -112.595043, 42.968172 ], [ -112.596751, 42.967332 ], [ -112.598786, 42.964517 ], [ -112.597999, 42.962956 ], [ -112.599648, 42.962744 ], [ -112.600379, 42.964163 ], [ -112.602808, 42.96451 ], [ -112.605677, 42.963776 ], [ -112.602808, 42.963249 ], [ -112.600903, 42.962317 ], [ -112.600647, 42.961226 ], [ -112.601848, 42.960021 ], [ -112.60404, 42.959464 ], [ -112.60707, 42.959966 ], [ -112.609186, 42.959009 ], [ -112.611684, 42.960239 ], [ -112.615899, 42.958937 ], [ -112.617962, 42.960911 ], [ -112.61952, 42.960961 ], [ -112.61942, 42.958342 ], [ -112.621733, 42.957911 ], [ -112.621655, 42.956403 ], [ -112.623157, 42.954953 ], [ -112.623507, 42.95346 ], [ -112.625569, 42.952892 ], [ -112.626918, 42.953625 ], [ -112.627465, 42.952249 ], [ -112.629679, 42.951918 ], [ -112.632939, 42.949377 ], [ -112.634924, 42.948522 ], [ -112.638441, 42.945397 ], [ -112.643896, 42.94196 ], [ -112.646089, 42.941546 ], [ -112.649002, 42.940072 ], [ -112.650531, 42.94272 ], [ -112.65612, 42.940707 ], [ -112.659675, 42.941469 ], [ -112.6607, 42.94038 ], [ -112.663667, 42.940359 ], [ -112.667875, 42.939332 ], [ -112.672642, 42.940111 ], [ -112.679155, 42.938706 ], [ -112.681169, 42.940036 ], [ -112.684614, 42.941485 ], [ -112.688429, 42.94105 ], [ -112.69183, 42.938516 ], [ -112.694981, 42.938655 ], [ -112.698034, 42.937761 ], [ -112.699331, 42.935968 ], [ -112.702152, 42.935337 ], [ -112.703646, 42.931937 ], [ -112.701896, 42.927753 ], [ -112.702152, 42.925953 ], [ -112.704508, 42.923225 ], [ -112.706777, 42.922048 ], [ -112.71074, 42.922326 ], [ -112.713154, 42.920252 ], [ -112.713837, 42.918273 ], [ -112.720886, 42.916452 ], [ -112.722516, 42.917068 ], [ -112.727384, 42.915831 ], [ -112.730549, 42.914257 ], [ -112.733442, 42.912237 ], [ -112.73351, 42.910021 ], [ -112.731879, 42.908524 ], [ -112.732248, 42.906631 ], [ -112.734171, 42.905837 ], [ -112.737496, 42.905408 ], [ -112.739723, 42.908495 ], [ -112.739976, 42.910611 ], [ -112.739103, 42.912984 ], [ -112.740322, 42.914825 ], [ -112.742368, 42.91496 ], [ -112.74518, 42.912516 ], [ -112.746769, 42.91239 ], [ -112.747927, 42.913232 ], [ -112.747923, 42.916389 ], [ -112.748376, 42.918804 ], [ -112.747418, 42.920458 ], [ -112.744967, 42.921668 ], [ -112.742114, 42.921243 ], [ -112.741304, 42.922077 ], [ -112.744057, 42.924273 ], [ -112.744854, 42.926098 ], [ -112.743983, 42.928565 ], [ -112.742183, 42.929114 ], [ -112.739822, 42.928178 ], [ -112.736887, 42.925264 ], [ -112.734572, 42.925916 ], [ -112.733503, 42.927424 ], [ -112.733377, 42.92914 ], [ -112.735751, 42.93045 ], [ -112.739715, 42.931295 ], [ -112.739932, 42.932643 ], [ -112.737136, 42.932982 ], [ -112.733417, 42.93644 ], [ -112.732226, 42.938226 ], [ -112.732083, 42.940087 ], [ -112.732458, 42.940748 ], [ -112.737034, 42.944041 ], [ -112.740461, 42.945102 ], [ -112.743745, 42.945412 ], [ -112.748427, 42.946961 ], [ -112.750736, 42.949763 ], [ -112.750562, 42.951528 ], [ -112.749732, 42.953068 ], [ -112.751747, 42.955001 ], [ -112.752341, 42.958 ] ] ] } },
{ "type": "Feature", "properties": { "geoid": "16001000101", "county_name": "Ada County", "place_name": null, "state_name": "Idaho", "state_abbr": "ID", "is_rural": false, "dci_score": 21.5, "dci_quintile": 5.0, "is_cra_lmi": false, "income_level": "U", "is_persistent_poverty": false, "is_tribal_overlap": false, "tribal_area_name": null, "aian_pct": 0.0, "has_nmtc": true, "nmtc_projects": 2, "nmtc_total_usd": 236400.0 }, "geometry": { "type": "Polygon", "coordinates": [ [ [ -116.228322, 43.61861 ], [ -116.223773, 43.61918 ], [ -116.214801, 43.618943 ], [ -116.206125, 43.614694 ], [ -116.19938, 43.610791 ], [ -116.19333, 43.607946 ], [ -116.193423, 43.603888 ], [ -116.195366, 43.604835 ], [ -116.199643, 43.60559 ], [ -116.203497, 43.605379 ], [ -116.208408, 43.60867 ], [ -116.209464, 43.609409 ], [ -116.216109, 43.611844 ], [ -116.22045, 43.614104 ], [ -116.221642, 43.615605 ], [ -116.22329, 43.616843 ], [ -116.227175, 43.617397 ], [ -116.228322, 43.61861 ] ] ] } },
{ "type": "Feature", "properties": { "geoid": "16001001204", "county_name": "Ada County", "place_name": null, "state_name": "Idaho", "state_abbr": "ID", "is_rural": false, "dci_score": 43.4, "dci_quintile": 5.0, "is_cra_lmi": true, "income_level": "M", "is_persistent_poverty": false, "is_tribal_overlap": false, "tribal_area_name": null, "aian_pct": 0.0, "has_nmtc": false, "nmtc_projects": 0, "nmtc_total_usd": 0.0 }, "geometry": { "type": "Polygon", "coordinates": [ [ [ -116.274206, 43.619373 ], [ -116.266181, 43.619255 ], [ -116.261152, 43.619177 ], [ -116.243423, 43.619001 ], [ -116.243448, 43.618206 ], [ -116.251266, 43.617578 ], [ -116.261148, 43.614437 ], [ -116.264532, 43.612914 ], [ -116.266116, 43.611997 ], [ -116.274074, 43.607369 ], [ -116.274034, 43.607631 ], [ -116.273928, 43.608629 ], [ -116.274206, 43.619373 ] ] ] } },
{ "type": "Feature", "properties": { "geoid": "16027020100", "county_name": "Canyon County", "place_name": null, "state_name": "Idaho", "state_abbr": "ID", "is_rural": false, "dci_score": 45.2, "dci_quintile": 5.0, "is_cra_lmi": true, "income_level": "M", "is_persistent_poverty": false, "is_tribal_overlap": false, "tribal_area_name": null, "aian_pct": 0.0, "has_nmtc": false, "nmtc_projects": 0, "nmtc_total_usd": 0.0 }, "geometry": { "type": "Polygon", "coordinates": [ [ [ -116.572693, 43.586595 ], [ -116.57227, 43.589003 ], [ -116.559547, 43.58056 ], [ -116.559437, 43.580506 ], [ -116.554353, 43.576923 ], [ -116.56149, 43.571382 ], [ -116.565689, 43.574274 ], [ -116.566697, 43.574964 ], [ -116.570886, 43.577814 ], [ -116.566977, 43.58085 ], [ -116.573548, 43.585326 ], [ -116.572693, 43.586595 ] ] ] } },
{ "type": "Feature", "properties": { "geoid": "16001001003", "county_name": "Ada County", "place_name": null, "state_name": "Idaho", "state_abbr": "ID", "is_rural": false, "dci_score": 42.3, "dci_quintile": 5.0, "is_cra_lmi": true, "income_level": "M", "is_persistent_poverty": false, "is_tribal_overlap": false, "tribal_area_name": null, "aian_pct": 0.0, "has_nmtc": false, "nmtc_projects": 0, "nmtc_total_usd": 0.0 }, "geometry": { "type": "Polygon", "coordinates": [ [ [ -116.233495, 43.604486 ], [ -116.233419, 43.61159 ], [ -116.230289, 43.611533 ], [ -116.228379, 43.611609 ], [ -116.224704, 43.610884 ], [ -116.219038, 43.604675 ], [ -116.213217, 43.603702 ], [ -116.212481, 43.602208 ], [ -116.213058, 43.60106 ], [ -116.213474, 43.60071 ], [ -116.213581, 43.598804 ], [ -116.215984, 43.600367 ], [ -116.218715, 43.600727 ], [ -116.219517, 43.600629 ], [ -116.233568, 43.596889 ], [ -116.233495, 43.604486 ] ] ] } },
{ "type": "Feature", "properties": { "geoid": "16027021300", "county_name": "Canyon County", "place_name": "Coeur d'Alene", "state_name": "Idaho", "state_abbr": "ID", "is_rural": false, "dci_score": 52.9, "dci_quintile": 5.0, "is_cra_lmi": true, "income_level": "M", "is_persistent_poverty": false, "is_tribal_overlap": false, "tribal_area_name": null, "aian_pct": 0.0, "has_nmtc": false, "nmtc_projects": 0, "nmtc_total_usd": 0.0 }, "geometry": { "type": "Polygon", "coordinates": [ [ [ -116.697971, 43.678108 ], [ -116.695739, 43.679629 ], [ -116.693087, 43.680301 ], [ -116.693089, 43.679547 ], [ -116.689334, 43.680495 ], [ -116.688385, 43.678684 ], [ -116.686847, 43.676769 ], [ -116.678085, 43.670726 ], [ -116.675697, 43.669198 ], [ -116.67072, 43.667137 ], [ -116.662083, 43.663703 ], [ -116.660322, 43.662726 ], [ -116.658766, 43.66141 ], [ -116.650194, 43.648272 ], [ -116.652955, 43.648241 ], [ -116.666118, 43.648169 ], [ -116.66812, 43.649541 ], [ -116.66856, 43.651124 ], [ -116.675265, 43.655702 ], [ -116.672857, 43.657563 ], [ -116.68442, 43.665371 ], [ -116.685062, 43.664873 ], [ -116.691975, 43.669584 ], [ -116.689948, 43.669163 ], [ -116.697298, 43.674145 ], [ -116.702219, 43.677498 ], [ -116.697971, 43.678108 ] ] ] } },
{ "type": "Feature", "properties": { "geoid": "16061950300", "county_name": "Lewis County", "place_name": null, "state_name": "Idaho", "state_abbr": "ID", "is_rural": true, "dci_score": 61.6, "dci_quintile": 4.0, "is_cra_lmi": false, "income_level": "NA", "is_persistent_poverty": false, "is_tribal_overlap": true, "tribal_area_name": "Nez Perce Reservation", "aian_pct": 0.0, "has_nmtc": false, "nmtc_projects": 0, "nmtc_total_usd": 0.0 }, "geometry": { "type": "Polygon", "coordinates": [ [ [ -116.702665, 46.12303 ], [ -116.702745, 46.179767 ], [ -116.702752, 46.1816 ], [ -116.639769, 46.16535 ], [ -116.637775, 46.165179 ], [ -116.624285, 46.161599 ], [ -116.623226, 46.161063 ], [ -116.587761, 46.151515 ], [ -116.577014, 46.148479 ], [ -116.542689, 46.13964 ], [ -116.477568, 46.122927 ], [ -116.478755, 46.121931 ], [ -116.481499, 46.121177 ], [ -116.48557, 46.12117 ], [ -116.487691, 46.123493 ], [ -116.490823, 46.123386 ], [ -116.493729, 46.12144 ], [ -116.495594, 46.122094 ], [ -116.496542, 46.123358 ], [ -116.501835, 46.123096 ], [ -116.503288, 46.124518 ], [ -116.504951, 46.124688 ], [ -116.51124, 46.128868 ], [ -116.512233, 46.130381 ], [ -116.514447, 46.131786 ], [ -116.514625, 46.128837 ], [ -116.514462, 46.106884 ], [ -116.514572, 46.081066 ], [ -116.514461, 46.050594 ], [ -116.516683, 46.046602 ], [ -116.516771, 46.044308 ], [ -116.515597, 46.041664 ], [ -116.514751, 46.038206 ], [ -116.518202, 46.034174 ], [ -116.519247, 46.032611 ], [ -116.518733, 46.031102 ], [ -116.520153, 46.028818 ], [ -116.52326, 46.027345 ], [ -116.524391, 46.025006 ], [ -116.527868, 46.020022 ], [ -116.528376, 46.016766 ], [ -116.528018, 46.015659 ], [ -116.525792, 46.013091 ], [ -116.524496, 46.009495 ], [ -116.525769, 46.007934 ], [ -116.526496, 46.005885 ], [ -116.526382, 46.004081 ], [ -116.529896, 46.000715 ], [ -116.532228, 45.999823 ], [ -116.534156, 45.99979 ], [ -116.536282, 45.99899 ], [ -116.540235, 45.998372 ], [ -116.542616, 45.999692 ], [ -116.543957, 46.002845 ], [ -116.549027, 46.00506 ], [ -116.554893, 46.006486 ], [ -116.557084, 46.00809 ], [ -116.56199, 46.012631 ], [ -116.5634, 46.013043 ], [ -116.564849, 46.016098 ], [ -116.568034, 46.017811 ], [ -116.570483, 46.019886 ], [ -116.571531, 46.02007 ], [ -116.574201, 46.022618 ], [ -116.576196, 46.02306 ], [ -116.578949, 46.025484 ], [ -116.579908, 46.027753 ], [ -116.581034, 46.028457 ], [ -116.586133, 46.029149 ], [ -116.58764, 46.030402 ], [ -116.590158, 46.030415 ], [ -116.59394, 46.032178 ], [ -116.597183, 46.032833 ], [ -116.599595, 46.033845 ], [ -116.605953, 46.034544 ], [ -116.607675, 46.035119 ], [ -116.609409, 46.034856 ], [ -116.610651, 46.033332 ], [ -116.614823, 46.033181 ], [ -116.615093, 46.032745 ], [ -116.61962, 46.036653 ], [ -116.624947, 46.037668 ], [ -116.628897, 46.036562 ], [ -116.630456, 46.03709 ], [ -116.635187, 46.036687 ], [ -116.638977, 46.03602 ], [ -116.646147, 46.032164 ], [ -116.648516, 46.030597 ], [ -116.649214, 46.028433 ], [ -116.648096, 46.026787 ], [ -116.647733, 46.024739 ], [ -116.647438, 46.017449 ], [ -116.644405, 46.010632 ], [ -116.643088, 46.006309 ], [ -116.64323, 46.003286 ], [ -116.644607, 46.000459 ], [ -116.646396, 45.998538 ], [ -116.646383, 45.997373 ], [ -116.647644, 45.995708 ], [ -116.649832, 45.995537 ], [ -116.651408, 45.994263 ], [ -116.657575, 45.992024 ], [ -116.662595, 45.991626 ], [ -116.66658, 45.994541 ], [ -116.672478, 45.996666 ], [ -116.675006, 45.996671 ], [ -116.68381, 45.998721 ], [ -116.686746, 45.999106 ], [ -116.691704, 45.998525 ], [ -116.697165, 45.999611 ], [ -116.699081, 45.999214 ], [ -116.701819, 45.996381 ], [ -116.701934, 45.997253 ], [ -116.701581, 46.063717 ], [ -116.704296, 46.063824 ], [ -116.702665, 46.12303 ] ] ] } },
{ "type": "Feature", "properties": { "geoid": "16083001302", "county_name": "Twin Falls County", "place_name": null, "state_name": "Idaho", "state_abbr": "ID", "is_rural": true, "dci_score": 31.0, "dci_quintile": 5.0, "is_cra_lmi": false, "income_level": "U", "is_persistent_poverty": false, "is_tribal_overlap": false, "tribal_area_name": null, "aian_pct": 0.0, "has_nmtc": false, "nmtc_projects": 0, "nmtc_total_usd": 0.0 }, "geometry": { "type": "Polygon", "coordinates": [ [ [ -114.401615, 42.504799 ], [ -114.40158, 42.519419 ], [ -114.384304, 42.519219 ], [ -114.37224, 42.519172 ], [ -114.325507, 42.518931 ], [ -114.32557, 42.53342 ], [ -114.325691, 42.572492 ], [ -114.319693, 42.572009 ], [ -114.318358, 42.572232 ], [ -114.314932, 42.571395 ], [ -114.311569, 42.571388 ], [ -114.310381, 42.570777 ], [ -114.307325, 42.571755 ], [ -114.298757, 42.566264 ], [ -114.294906, 42.565995 ], [ -114.293464, 42.565064 ], [ -114.291187, 42.5648 ], [ -114.287207, 42.561808 ], [ -114.284454, 42.561743 ], [ -114.281173, 42.562846 ], [ -114.277541, 42.563268 ], [ -114.274437, 42.563079 ], [ -114.267892, 42.560722 ], [ -114.261994, 42.561282 ], [ -114.257496, 42.561316 ], [ -114.25131, 42.560062 ], [ -114.249976, 42.560212 ], [ -114.244703, 42.559244 ], [ -114.241745, 42.557828 ], [ -114.237371, 42.557259 ], [ -114.233397, 42.555304 ], [ -114.22866, 42.551362 ], [ -114.229683, 42.547574 ], [ -114.232673, 42.548563 ], [ -114.235533, 42.551436 ], [ -114.23931, 42.552197 ], [ -114.241709, 42.549793 ], [ -114.244578, 42.549958 ], [ -114.245577, 42.54871 ], [ -114.242381, 42.546514 ], [ -114.238428, 42.545557 ], [ -114.237502, 42.543907 ], [ -114.234309, 42.540616 ], [ -114.236313, 42.539215 ], [ -114.240246, 42.540198 ], [ -114.242273, 42.538675 ], [ -114.246265, 42.538114 ], [ -114.245167, 42.535749 ], [ -114.245661, 42.534599 ], [ -114.248755, 42.534044 ], [ -114.250544, 42.53183 ], [ -114.256046, 42.530653 ], [ -114.261015, 42.52796 ], [ -114.264651, 42.527601 ], [ -114.268315, 42.525628 ], [ -114.272871, 42.525482 ], [ -114.273519, 42.524836 ], [ -114.273273, 42.52258 ], [ -114.276418, 42.518698 ], [ -114.278758, 42.517288 ], [ -114.279316, 42.515329 ], [ -114.282315, 42.51507 ], [ -114.285229, 42.51421 ], [ -114.282674, 42.508666 ], [ -114.283486, 42.507604 ], [ -114.286532, 42.505946 ], [ -114.290319, 42.50288 ], [ -114.291068, 42.498674 ], [ -114.292774, 42.49706 ], [ -114.293886, 42.496575 ], [ -114.301041, 42.496784 ], [ -114.302128, 42.496042 ], [ -114.301991, 42.495343 ], [ -114.298963, 42.49263 ], [ -114.298201, 42.491103 ], [ -114.298557, 42.488737 ], [ -114.296033, 42.487907 ], [ -114.295731, 42.486532 ], [ -114.292989, 42.485115 ], [ -114.290695, 42.484621 ], [ -114.290825, 42.483067 ], [ -114.292602, 42.482009 ], [ -114.292963, 42.479061 ], [ -114.291626, 42.477568 ], [ -114.292519, 42.475309 ], [ -114.291442, 42.473711 ], [ -114.286418, 42.472995 ], [ -114.285193, 42.470875 ], [ -114.285679, 42.470179 ], [ -114.290997, 42.468025 ], [ -114.2938, 42.467525 ], [ -114.294531, 42.466332 ], [ -114.296161, 42.465725 ], [ -114.297333, 42.464134 ], [ -114.299691, 42.464111 ], [ -114.302908, 42.464862 ], [ -114.304218, 42.464532 ], [ -114.304519, 42.462463 ], [ -114.302815, 42.459861 ], [ -114.303583, 42.458794 ], [ -114.303927, 42.456223 ], [ -114.302142, 42.455269 ], [ -114.302005, 42.45426 ], [ -114.300093, 42.453775 ], [ -114.299664, 42.452397 ], [ -114.29786, 42.451882 ], [ -114.296239, 42.450586 ], [ -114.29634, 42.448985 ], [ -114.298428, 42.448798 ], [ -114.299079, 42.44798 ], [ -114.29904, 42.443215 ], [ -114.296866, 42.440947 ], [ -114.29604, 42.439434 ], [ -114.296555, 42.438299 ], [ -114.299062, 42.436289 ], [ -114.302143, 42.436992 ], [ -114.302742, 42.440487 ], [ -114.30492, 42.441848 ], [ -114.304811, 42.446266 ], [ -114.308934, 42.448998 ], [ -114.312616, 42.451878 ], [ -114.314616, 42.452274 ], [ -114.315283, 42.455462 ], [ -114.318417, 42.456405 ], [ -114.322789, 42.459719 ], [ -114.325205, 42.460438 ], [ -114.327006, 42.460081 ], [ -114.331147, 42.45703 ], [ -114.333629, 42.456404 ], [ -114.334667, 42.456848 ], [ -114.341002, 42.457171 ], [ -114.343469, 42.455755 ], [ -114.346026, 42.456319 ], [ -114.350227, 42.455467 ], [ -114.353294, 42.455423 ], [ -114.356555, 42.45619 ], [ -114.357667, 42.456941 ], [ -114.362438, 42.455951 ], [ -114.36234, 42.454476 ], [ -114.364511, 42.454293 ], [ -114.367291, 42.455543 ], [ -114.371108, 42.456304 ], [ -114.3745, 42.454618 ], [ -114.377082, 42.455416 ], [ -114.379314, 42.453848 ], [ -114.381211, 42.453975 ], [ -114.382966, 42.454793 ], [ -114.381985, 42.457959 ], [ -114.382325, 42.458832 ], [ -114.385265, 42.460424 ], [ -114.384908, 42.461313 ], [ -114.383337, 42.462135 ], [ -114.385002, 42.465384 ], [ -114.385052, 42.467206 ], [ -114.383836, 42.468072 ], [ -114.386161, 42.469731 ], [ -114.38579, 42.470811 ], [ -114.388291, 42.474868 ], [ -114.390787, 42.477777 ], [ -114.392422, 42.481015 ], [ -114.393608, 42.482058 ], [ -114.394592, 42.484308 ], [ -114.395896, 42.48438 ], [ -114.396681, 42.485916 ], [ -114.399015, 42.487832 ], [ -114.400275, 42.4878 ], [ -114.399768, 42.488918 ], [ -114.398837, 42.489085 ], [ -114.398801, 42.493902 ], [ -114.400487, 42.494047 ], [ -114.401631, 42.496042 ], [ -114.401615, 42.504799 ] ] ] } },
{ "type": "Feature", "properties": { "geoid": "16027020404", "county_name": "Canyon County", "place_name": null, "state_name": "Idaho", "state_abbr": "ID", "is_rural": false, "dci_score": 14.8, "dci_quintile": 5.0, "is_cra_lmi": true, "income_level": "M", "is_persistent_poverty": false, "is_tribal_overlap": false, "tribal_area_name": null, "aian_pct": 0.0, "has_nmtc": false, "nmtc_projects": 0, "nmtc_total_usd": 0.0 }, "geometry": { "type": "Polygon", "coordinates": [ [ [ -116.593111, 43.604988 ], [ -116.589522, 43.604975 ], [ -116.585639, 43.604976 ], [ -116.583168, 43.604972 ], [ -116.573113, 43.605048 ], [ -116.553125, 43.605056 ], [ -116.543178, 43.605026 ], [ -116.543862, 43.60371 ], [ -116.543659, 43.598395 ], [ -116.540783, 43.598043 ], [ -116.537181, 43.598092 ], [ -116.527571, 43.598354 ], [ -116.514057, 43.599141 ], [ -116.515932, 43.595822 ], [ -116.517018, 43.594936 ], [ -116.5132, 43.594113 ], [ -116.513203, 43.59164 ], [ -116.513191, 43.589318 ], [ -116.513174, 43.586856 ], [ -116.513147, 43.585927 ], [ -116.513111, 43.583221 ], [ -116.513093, 43.581409 ], [ -116.513076, 43.580472 ], [ -116.51307, 43.579584 ], [ -116.513036, 43.577609 ], [ -116.513025, 43.576859 ], [ -116.513015, 43.575959 ], [ -116.5155, 43.575974 ], [ -116.520653, 43.57596 ], [ -116.522979, 43.575941 ], [ -116.526968, 43.57595 ], [ -116.530471, 43.575946 ], [ -116.532926, 43.575949 ], [ -116.533009, 43.575949 ], [ -116.535272, 43.575953 ], [ -116.538815, 43.575958 ], [ -116.539471, 43.575948 ], [ -116.542937, 43.575982 ], [ -116.542866, 43.586645 ], [ -116.542866, 43.58678 ], [ -116.544525, 43.586778 ], [ -116.546754, 43.586783 ], [ -116.551759, 43.586622 ], [ -116.553052, 43.588923 ], [ -116.554647, 43.589889 ], [ -116.556105, 43.589346 ], [ -116.556647, 43.587331 ], [ -116.572638, 43.598113 ], [ -116.573109, 43.59809 ], [ -116.572064, 43.593972 ], [ -116.57227, 43.589003 ], [ -116.592216, 43.602598 ], [ -116.593111, 43.603251 ], [ -116.593115, 43.603527 ], [ -116.593111, 43.604988 ] ] ] } },
{ "type": "Feature", "properties": { "geoid": "16027021702", "county_name": "Canyon County", "place_name": null, "state_name": "Idaho", "state_abbr": "ID", "is_rural": false, "dci_score": 52.9, "dci_quintile": 5.0, "is_cra_lmi": true, "income_level": "M", "is_persistent_poverty": false, "is_tribal_overlap": false, "tribal_area_name": null, "aian_pct": 0.0, "has_nmtc": true, "nmtc_projects": 1, "nmtc_total_usd": 1530000.0 }, "geometry": { "type": "Polygon", "coordinates": [ [ [ -116.683094, 43.648033 ], [ -116.673067, 43.648113 ], [ -116.666118, 43.648169 ], [ -116.652955, 43.648241 ], [ -116.651228, 43.64721 ], [ -116.651078, 43.645541 ], [ -116.646802, 43.642203 ], [ -116.644665, 43.638656 ], [ -116.641999, 43.636855 ], [ -116.638697, 43.636129 ], [ -116.637459, 43.633942 ], [ -116.652994, 43.63384 ], [ -116.655337, 43.633825 ], [ -116.658395, 43.633763 ], [ -116.660522, 43.633746 ], [ -116.663015, 43.633722 ], [ -116.665541, 43.633692 ], [ -116.668037, 43.633681 ], [ -116.670531, 43.633645 ], [ -116.673012, 43.633623 ], [ -116.675783, 43.633606 ], [ -116.678023, 43.633595 ], [ -116.682993, 43.633564 ], [ -116.683008, 43.636816 ], [ -116.683011, 43.63706 ], [ -116.683012, 43.637171 ], [ -116.683024, 43.638074 ], [ -116.683016, 43.638632 ], [ -116.683094, 43.648033 ] ] ] } },
{ "type": "Feature", "properties": { "geoid": "16027021006", "county_name": "Canyon County", "place_name": null, "state_name": "Idaho", "state_abbr": "ID", "is_rural": false, "dci_score": 45.2, "dci_quintile": 5.0, "is_cra_lmi": false, "income_level": "U", "is_persistent_poverty": false, "is_tribal_overlap": false, "tribal_area_name": null, "aian_pct": 0.0, "has_nmtc": false, "nmtc_projects": 0, "nmtc_total_usd": 0.0 }, "geometry": { "type": "Polygon", "coordinates": [ [ [ -116.613154, 43.604969 ], [ -116.603554, 43.605098 ], [ -116.602982, 43.605367 ], [ -116.602227, 43.604983 ], [ -116.595141, 43.604993 ], [ -116.593111, 43.604988 ], [ -116.593115, 43.603527 ], [ -116.593111, 43.603251 ], [ -116.593124, 43.602882 ], [ -116.59315, 43.597725 ], [ -116.593194, 43.590439 ], [ -116.598656, 43.590427 ], [ -116.600664, 43.590433 ], [ -116.60228, 43.59043 ], [ -116.60567, 43.590423 ], [ -116.606909, 43.590426 ], [ -116.610806, 43.59044 ], [ -116.613135, 43.590437 ], [ -116.61313, 43.59224 ], [ -116.61313, 43.592481 ], [ -116.613129, 43.592844 ], [ -116.613134, 43.594062 ], [ -116.613141, 43.594844 ], [ -116.61314, 43.597717 ], [ -116.613144, 43.599669 ], [ -116.613141, 43.602951 ], [ -116.613154, 43.604969 ] ] ] } },
{ "type": "Feature", "properties": { "geoid": "16057005302", "county_name": "Latah County", "place_name": "Pocatello", "state_name": "Idaho", "state_abbr": "ID", "is_rural": true, "dci_score": 29.0, "dci_quintile": 5.0, "is_cra_lmi": false, "income_level": "U", "is_persistent_poverty": false, "is_tribal_overlap": false, "tribal_area_name": null, "aian_pct": 0.0, "has_nmtc": false, "nmtc_projects": 0, "nmtc_total_usd": 0.0 }, "geometry": { "type": "Polygon", "coordinates": [ [ [ -117.001446, 46.719768 ], [ -117.00139, 46.721954 ], [ -117.001396, 46.722903 ], [ -117.001434, 46.725403 ], [ -117.001379, 46.727013 ], [ -117.00134, 46.730111 ], [ -116.994068, 46.730178 ], [ -116.993452, 46.730175 ], [ -116.988509, 46.730199 ], [ -116.980228, 46.730221 ], [ -116.980248, 46.726375 ], [ -116.980219, 46.719466 ], [ -116.98017, 46.715575 ], [ -116.990523, 46.715603 ], [ -117.003362, 46.715729 ], [ -117.001446, 46.719768 ] ] ] } },
{ "type": "Feature", "properties": { "geoid": "16027020200", "county_name": "Canyon County", "place_name": "Pocatello", "state_name": "Idaho", "state_abbr": "ID", "is_rural": false, "dci_score": 14.8, "dci_quintile": 5.0, "is_cra_lmi": true, "income_level": "M", "is_persistent_poverty": false, "is_tribal_overlap": false, "tribal_area_name": null, "aian_pct": 0.0, "has_nmtc": true, "nmtc_projects": 2, "nmtc_total_usd": 18483000.0 }, "geometry": { "type": "Polygon", "coordinates": [ [ [ -116.572638, 43.598113 ], [ -116.556647, 43.587331 ], [ -116.556105, 43.589346 ], [ -116.554647, 43.589889 ], [ -116.553052, 43.588923 ], [ -116.551759, 43.586622 ], [ -116.546754, 43.586783 ], [ -116.544525, 43.586778 ], [ -116.542866, 43.58678 ], [ -116.542866, 43.586645 ], [ -116.542937, 43.575982 ], [ -116.548594, 43.57467 ], [ -116.552197, 43.575553 ], [ -116.554353, 43.576923 ], [ -116.559437, 43.580506 ], [ -116.559547, 43.58056 ], [ -116.57227, 43.589003 ], [ -116.572064, 43.593972 ], [ -116.573109, 43.59809 ], [ -116.572638, 43.598113 ] ] ] } },
{ "type": "Feature", "properties": { "geoid": "16031950100", "county_name": "Cassia County", "place_name": "Pocatello", "state_name": "Idaho", "state_abbr": "ID", "is_rural": true, "dci_score": 22.0, "dci_quintile": 5.0, "is_cra_lmi": false, "income_level": "U", "is_persistent_poverty": false, "is_tribal_overlap": false, "tribal_area_name": null, "aian_pct": 0.0, "has_nmtc": false, "nmtc_projects": 0, "nmtc_total_usd": 0.0 }, "geometry": { "type": "Polygon", "coordinates": [ [ [ -113.837807, 42.210105 ], [ -113.834769, 42.209756 ], [ -113.831752, 42.208429 ], [ -113.829752, 42.207082 ], [ -113.825962, 42.205733 ], [ -113.824159, 42.204505 ], [ -113.819785, 42.203827 ], [ -113.812881, 42.202252 ], [ -113.807261, 42.200268 ], [ -113.805074, 42.19856 ], [ -113.802824, 42.195975 ], [ -113.800087, 42.193841 ], [ -113.797816, 42.193477 ], [ -113.786583, 42.195123 ], [ -113.784569, 42.19658 ], [ -113.784408, 42.198834 ], [ -113.784614, 42.21107 ], [ -113.784075, 42.213209 ], [ -113.784554, 42.214551 ], [ -113.784557, 42.258584 ], [ -113.782632, 42.260225 ], [ -113.782058, 42.262104 ], [ -113.784462, 42.266665 ], [ -113.784658, 42.267828 ], [ -113.784809, 42.286083 ], [ -113.792385, 42.298384 ], [ -113.797611, 42.310326 ], [ -113.798187, 42.313718 ], [ -113.800433, 42.317438 ], [ -113.803507, 42.321753 ], [ -113.803556, 42.343517 ], [ -113.803364, 42.452345 ], [ -113.799832, 42.453129 ], [ -113.793857, 42.451561 ], [ -113.790018, 42.450537 ], [ -113.783525, 42.448432 ], [ -113.78049, 42.446555 ], [ -113.769077, 42.442666 ], [ -113.749847, 42.437096 ], [ -113.746915, 42.436426 ], [ -113.742848, 42.436661 ], [ -113.735763, 42.435211 ], [ -113.729166, 42.432094 ], [ -113.724924, 42.431471 ], [ -113.717809, 42.430404 ], [ -113.715523, 42.430489 ], [ -113.706236, 42.432969 ], [ -113.700709, 42.432877 ], [ -113.698718, 42.433284 ], [ -113.694509, 42.435007 ], [ -113.692223, 42.435516 ], [ -113.690495, 42.436991 ], [ -113.68769, 42.437281 ], [ -113.684064, 42.435537 ], [ -113.68254, 42.435418 ], [ -113.677766, 42.436054 ], [ -113.676756, 42.436336 ], [ -113.669884, 42.439698 ], [ -113.668409, 42.441651 ], [ -113.667137, 42.446627 ], [ -113.666483, 42.447499 ], [ -113.660488, 42.451242 ], [ -113.65865, 42.454313 ], [ -113.655733, 42.455946 ], [ -113.654915, 42.459385 ], [ -113.652185, 42.4617 ], [ -113.650933, 42.466037 ], [ -113.647553, 42.469871 ], [ -113.644134, 42.473137 ], [ -113.638735, 42.481212 ], [ -113.634255, 42.484996 ], [ -113.630028, 42.486336 ], [ -113.62688, 42.487899 ], [ -113.622295, 42.488193 ], [ -113.620958, 42.487688 ], [ -113.617998, 42.488387 ], [ -113.615765, 42.490195 ], [ -113.61372, 42.49321 ], [ -113.610717, 42.495881 ], [ -113.607163, 42.498102 ], [ -113.606078, 42.499937 ], [ -113.603177, 42.503166 ], [ -113.602612, 42.504244 ], [ -113.600732, 42.505499 ], [ -113.599818, 42.506817 ], [ -113.597527, 42.50677 ], [ -113.595889, 42.507381 ], [ -113.59462, 42.506847 ], [ -113.592805, 42.507122 ], [ -113.591223, 42.506634 ], [ -113.589866, 42.508113 ], [ -113.587786, 42.509021 ], [ -113.586583, 42.510185 ], [ -113.583873, 42.511287 ], [ -113.584148, 42.512883 ], [ -113.583299, 42.514511 ], [ -113.58029, 42.515879 ], [ -113.576372, 42.515341 ], [ -113.575463, 42.515766 ], [ -113.573876, 42.518596 ], [ -113.574435, 42.521611 ], [ -113.57762, 42.524084 ], [ -113.578094, 42.525956 ], [ -113.56603, 42.531208 ], [ -113.564081, 42.531776 ], [ -113.550662, 42.534461 ], [ -113.55086, 42.567912 ], [ -113.54724, 42.567601 ], [ -113.546753, 42.569043 ], [ -113.55078, 42.569171 ], [ -113.551049, 42.590439 ], [ -113.550694, 42.619397 ], [ -113.532057, 42.619355 ], [ -113.527262, 42.624861 ], [ -113.519734, 42.6345 ], [ -113.517589, 42.637709 ], [ -113.514946, 42.64243 ], [ -113.51106, 42.6503 ], [ -113.506656, 42.651296 ], [ -113.503606, 42.653187 ], [ -113.502148, 42.655304 ], [ -113.495597, 42.659043 ], [ -113.492691, 42.659816 ], [ -113.490705, 42.661828 ], [ -113.487341, 42.663233 ], [ -113.480552, 42.668231 ], [ -113.476611, 42.668242 ], [ -113.472177, 42.669352 ], [ -113.448488, 42.670756 ], [ -113.434648, 42.673577 ], [ -113.429483, 42.673642 ], [ -113.420148, 42.672687 ], [ -113.414933, 42.673184 ], [ -113.411559, 42.674448 ], [ -113.404998, 42.680106 ], [ -113.39946, 42.683897 ], [ -113.39685, 42.684901 ], [ -113.39307, 42.685741 ], [ -113.384528, 42.687018 ], [ -113.375062, 42.687832 ], [ -113.373117, 42.687638 ], [ -113.37102, 42.686866 ], [ -113.367682, 42.684031 ], [ -113.364157, 42.679674 ], [ -113.360707, 42.672118 ], [ -113.359493, 42.670761 ], [ -113.35624, 42.668446 ], [ -113.351122, 42.666309 ], [ -113.348467, 42.662727 ], [ -113.345841, 42.659843 ], [ -113.341665, 42.656971 ], [ -113.336234, 42.655033 ], [ -113.331838, 42.653169 ], [ -113.329606, 42.65045 ], [ -113.328213, 42.645998 ], [ -113.327376, 42.644344 ], [ -113.324902, 42.642062 ], [ -113.315893, 42.637625 ], [ -113.313159, 42.635249 ], [ -113.311743, 42.632399 ], [ -113.310555, 42.631155 ], [ -113.307392, 42.629404 ], [ -113.3044, 42.628749 ], [ -113.29609, 42.630964 ], [ -113.293639, 42.631018 ], [ -113.289485, 42.630385 ], [ -113.285279, 42.628321 ], [ -113.282208, 42.627284 ], [ -113.279049, 42.627401 ], [ -113.274622, 42.628106 ], [ -113.262172, 42.628303 ], [ -113.261057, 42.627803 ], [ -113.258815, 42.6247 ], [ -113.258726, 42.62046 ], [ -113.256828, 42.617763 ], [ -113.25347, 42.616084 ], [ -113.25088, 42.615851 ], [ -113.246659, 42.616888 ], [ -113.245292, 42.618342 ], [ -113.241068, 42.621145 ], [ -113.236968, 42.625254 ], [ -113.233715, 42.626651 ], [ -113.220742, 42.628096 ], [ -113.214755, 42.629671 ], [ -113.210801, 42.631287 ], [ -113.206423, 42.632718 ], [ -113.200992, 42.633822 ], [ -113.195692, 42.633887 ], [ -113.193414, 42.633157 ], [ -113.187249, 42.6297 ], [ -113.185193, 42.62901 ], [ -113.175182, 42.627273 ], [ -113.175678, 42.589464 ], [ -113.174746, 42.589346 ], [ -113.156223, 42.589274 ], [ -113.002792, 42.588003 ], [ -113.00298, 42.54412 ], [ -113.002414, 42.537993 ], [ -113.002845, 42.530655 ], [ -113.002859, 42.50182 ], [ -113.001574, 42.501814 ], [ -113.001673, 42.327431 ], [ -112.999965, 42.327427 ], [ -113.000081, 42.185047 ], [ -113.000021, 42.168347 ], [ -113.000033, 42.11954 ], [ -113.000040840116995, 41.998183118931102 ], [ -113.041588, 41.997865 ], [ -113.093171, 41.997424 ], [ -113.186822, 41.996527 ], [ -113.292824, 41.995497 ], [ -113.358477, 41.994687 ], [ -113.396662, 41.994257 ], [ -113.463596, 41.993527 ], [ -113.526112, 41.992727 ], [ -113.60125, 41.991777 ], [ -113.649246799072998, 41.991149628176501 ], [ -113.676913, 41.990788 ], [ -113.764716, 41.989457 ], [ -113.764734, 42.032711 ], [ -113.769613, 42.050874 ], [ -113.769611, 42.100185 ], [ -113.772564, 42.102379 ], [ -113.773889, 42.106387 ], [ -113.77812, 42.109427 ], [ -113.776709, 42.112896 ], [ -113.777185, 42.114261 ], [ -113.783118, 42.120829 ], [ -113.783203, 42.123215 ], [ -113.784188, 42.125935 ], [ -113.786024, 42.127835 ], [ -113.788164, 42.12869 ], [ -113.789901, 42.130073 ], [ -113.790551, 42.131697 ], [ -113.791771, 42.132752 ], [ -113.793224, 42.135801 ], [ -113.793774, 42.139602 ], [ -113.797544, 42.142492 ], [ -113.799698, 42.145057 ], [ -113.79966, 42.149189 ], [ -113.800623, 42.152232 ], [ -113.801414, 42.157344 ], [ -113.801831, 42.158376 ], [ -113.804699, 42.161891 ], [ -113.808676, 42.165163 ], [ -113.812172, 42.170742 ], [ -113.815099, 42.174142 ], [ -113.818488, 42.177225 ], [ -113.819788, 42.179082 ], [ -113.82109, 42.183631 ], [ -113.82222, 42.185281 ], [ -113.82424, 42.186945 ], [ -113.825807, 42.189151 ], [ -113.829646, 42.19299 ], [ -113.8311, 42.196847 ], [ -113.835094, 42.20006 ], [ -113.83618, 42.201257 ], [ -113.840263, 42.209903 ], [ -113.837807, 42.210105 ] ] ] } },
{ "type": "Feature", "properties": { "geoid": "16031950400", "county_name": "Cassia County", "place_name": null, "state_name": "Idaho", "state_abbr": "ID", "is_rural": true, "dci_score": 56.1, "dci_quintile": 4.0, "is_cra_lmi": true, "income_level": "M", "is_persistent_poverty": false, "is_tribal_overlap": false, "tribal_area_name": null, "aian_pct": 0.0, "has_nmtc": false, "nmtc_projects": 0, "nmtc_total_usd": 0.0 }, "geometry": { "type": "Polygon", "coordinates": [ [ [ -113.813737, 42.536116 ], [ -113.802384, 42.538685 ], [ -113.803104, 42.543276 ], [ -113.79845, 42.543279 ], [ -113.798761, 42.547271 ], [ -113.793272, 42.547293 ], [ -113.793215, 42.554576 ], [ -113.789533, 42.556102 ], [ -113.788485, 42.556343 ], [ -113.783405, 42.557003 ], [ -113.778137, 42.556424 ], [ -113.77442, 42.554333 ], [ -113.771327, 42.552587 ], [ -113.765253, 42.548357 ], [ -113.763556, 42.547209 ], [ -113.761925, 42.545159 ], [ -113.758794, 42.538783 ], [ -113.758328, 42.534076 ], [ -113.756802, 42.532825 ], [ -113.758364, 42.532745 ], [ -113.758343, 42.532729 ], [ -113.763909, 42.532681 ], [ -113.771765, 42.532776 ], [ -113.77359, 42.532808 ], [ -113.779438, 42.532869 ], [ -113.779909, 42.532871 ], [ -113.789317, 42.532899 ], [ -113.793261, 42.532927 ], [ -113.800146, 42.532898 ], [ -113.803117, 42.533086 ], [ -113.807901, 42.53335 ], [ -113.813557, 42.533685 ], [ -113.813737, 42.536116 ] ] ] } },
{ "type": "Feature", "properties": { "geoid": "16019970602", "county_name": "Bonneville County", "place_name": null, "state_name": "Idaho", "state_abbr": "ID", "is_rural": false, "dci_score": 30.9, "dci_quintile": 5.0, "is_cra_lmi": true, "income_level": "M", "is_persistent_poverty": false, "is_tribal_overlap": false, "tribal_area_name": null, "aian_pct": 0.0, "has_nmtc": false, "nmtc_projects": 0, "nmtc_total_usd": 0.0 }, "geometry": { "type": "Polygon", "coordinates": [ [ [ -112.004045, 43.487015 ], [ -112.004004, 43.489602 ], [ -112.00399, 43.492752 ], [ -112.003954, 43.496858 ], [ -111.999138, 43.496819 ], [ -111.99429, 43.496779 ], [ -111.9915, 43.496701 ], [ -111.98422, 43.496473 ], [ -111.984102, 43.496473 ], [ -111.984355, 43.494795 ], [ -111.984395, 43.492639 ], [ -111.984355, 43.489153 ], [ -111.984408, 43.48333 ], [ -111.98443, 43.482123 ], [ -111.993977, 43.482369 ], [ -112.004077, 43.48244 ], [ -112.004045, 43.487015 ] ] ] } },
{ "type": "Feature", "properties": { "geoid": "16019970601", "county_name": "Bonneville County", "place_name": null, "state_name": "Idaho", "state_abbr": "ID", "is_rural": false, "dci_score": 27.3, "dci_quintile": 5.0, "is_cra_lmi": true, "income_level": "M", "is_persistent_poverty": false, "is_tribal_overlap": false, "tribal_area_name": null, "aian_pct": 0.0, "has_nmtc": false, "nmtc_projects": 0, "nmtc_total_usd": 0.0 }, "geometry": { "type": "Polygon", "coordinates": [ [ [ -112.009367, 43.511372 ], [ -112.003781, 43.511295 ], [ -112.000879, 43.511311 ], [ -111.984456, 43.511442 ], [ -111.984009, 43.511554 ], [ -111.983929, 43.511365 ], [ -111.98403, 43.510993 ], [ -111.984014, 43.510277 ], [ -111.983896, 43.504083 ], [ -111.984102, 43.496473 ], [ -111.98422, 43.496473 ], [ -111.9915, 43.496701 ], [ -111.99429, 43.496779 ], [ -111.999138, 43.496819 ], [ -112.003954, 43.496858 ], [ -112.004062, 43.496859 ], [ -112.004166, 43.496861 ], [ -112.004234, 43.497818 ], [ -112.005883, 43.500639 ], [ -112.009357, 43.50632 ], [ -112.009607, 43.507258 ], [ -112.009367, 43.511372 ] ] ] } },
{ "type": "Feature", "properties": { "geoid": "16057005102", "county_name": "Latah County", "place_name": null, "state_name": "Idaho", "state_abbr": "ID", "is_rural": true, "dci_score": 29.0, "dci_quintile": 5.0, "is_cra_lmi": false, "income_level": "U", "is_persistent_poverty": false, "is_tribal_overlap": false, "tribal_area_name": null, "aian_pct": 0.0, "has_nmtc": true, "nmtc_projects": 1, "nmtc_total_usd": 31560000.0 }, "geometry": { "type": "Polygon", "coordinates": [ [ [ -117.039817590392005, 46.816073359605298 ], [ -117.039715897373, 46.822231436837299 ], [ -117.039657, 46.825798 ], [ -117.039657114644996, 46.826008675053501 ], [ -117.03291, 46.830404 ], [ -117.032269, 46.830488 ], [ -117.031698, 46.827971 ], [ -117.030513, 46.826344 ], [ -117.015348, 46.816226 ], [ -117.009745, 46.813954 ], [ -117.008218, 46.81251 ], [ -117.008217, 46.810342 ], [ -117.003047, 46.812742 ], [ -117.001501, 46.814118 ], [ -116.999891, 46.816778 ], [ -116.997324, 46.818788 ], [ -116.994174, 46.820419 ], [ -116.995075, 46.819139 ], [ -116.992762, 46.818342 ], [ -116.993135, 46.816532 ], [ -116.990776, 46.816964 ], [ -116.989671, 46.818553 ], [ -116.985065, 46.819931 ], [ -116.981972, 46.820095 ], [ -116.979992, 46.822745 ], [ -116.978558, 46.82271 ], [ -116.976037, 46.821603 ], [ -116.975344, 46.819391 ], [ -116.977095, 46.817793 ], [ -116.976576, 46.817207 ], [ -116.975157, 46.818606 ], [ -116.973389, 46.81893 ], [ -116.972612, 46.820462 ], [ -116.971171, 46.820659 ], [ -116.971569, 46.819968 ], [ -116.9704, 46.818483 ], [ -116.971039, 46.815847 ], [ -116.97492, 46.812536 ], [ -116.97601, 46.810588 ], [ -116.975682, 46.808849 ], [ -116.976479, 46.806994 ], [ -116.976558, 46.804321 ], [ -116.9786, 46.802514 ], [ -116.977733, 46.800819 ], [ -116.978418, 46.79734 ], [ -116.98047, 46.793831 ], [ -116.980654, 46.792656 ], [ -116.982919, 46.788887 ], [ -116.982975, 46.787353 ], [ -116.984597, 46.786099 ], [ -116.982726, 46.783869 ], [ -116.980639, 46.78227 ], [ -116.980689, 46.773238 ], [ -116.980207, 46.768788 ], [ -116.991113, 46.765836 ], [ -117.0018, 46.765656 ], [ -117.001465, 46.77035 ], [ -117.008322, 46.765682 ], [ -117.010838, 46.764498 ], [ -117.012316, 46.763187 ], [ -117.01224, 46.755519 ], [ -117.011645, 46.754814 ], [ -117.008292, 46.754417 ], [ -117.00919, 46.751514 ], [ -117.010675, 46.750459 ], [ -117.009903, 46.748456 ], [ -117.008227, 46.747183 ], [ -117.008083, 46.746555 ], [ -117.006609, 46.745066 ], [ -117.004519, 46.743436 ], [ -117.004093, 46.738641 ], [ -117.001491, 46.738712 ], [ -117.001465, 46.737467 ], [ -116.994187, 46.737465 ], [ -116.994068, 46.730178 ], [ -117.00134, 46.730111 ], [ -117.005586, 46.729939 ], [ -117.006672, 46.732347 ], [ -117.010589, 46.733468 ], [ -117.012025, 46.733378 ], [ -117.017963, 46.732736 ], [ -117.039518193852999, 46.7324027043434 ], [ -117.039534342831999, 46.736731269207397 ], [ -117.039828, 46.815443 ], [ -117.039817590392005, 46.816073359605298 ] ] ] } },
{ "type": "Feature", "properties": { "geoid": "16057005101", "county_name": "Latah County", "place_name": null, "state_name": "Idaho", "state_abbr": "ID", "is_rural": true, "dci_score": 29.0, "dci_quintile": 5.0, "is_cra_lmi": false, "income_level": "U", "is_persistent_poverty": false, "is_tribal_overlap": false, "tribal_area_name": null, "aian_pct": 0.0, "has_nmtc": false, "nmtc_projects": 0, "nmtc_total_usd": 0.0 }, "geometry": { "type": "Polygon", "coordinates": [ [ [ -117.012316, 46.763187 ], [ -117.010838, 46.764498 ], [ -117.008322, 46.765682 ], [ -117.001465, 46.77035 ], [ -117.0018, 46.765656 ], [ -116.991113, 46.765836 ], [ -116.980207, 46.768788 ], [ -116.980689, 46.773238 ], [ -116.970183, 46.773305 ], [ -116.969956, 46.75364 ], [ -116.980681, 46.75369 ], [ -116.983203, 46.754362 ], [ -116.98582, 46.754352 ], [ -116.985815, 46.751901 ], [ -116.985581, 46.744672 ], [ -116.985497, 46.742554 ], [ -116.990562, 46.742563 ], [ -116.994136, 46.741298 ], [ -116.994167, 46.738526 ], [ -116.992744, 46.737478 ], [ -116.994187, 46.737465 ], [ -117.001465, 46.737467 ], [ -117.001491, 46.738712 ], [ -117.004093, 46.738641 ], [ -117.004519, 46.743436 ], [ -117.006609, 46.745066 ], [ -117.008083, 46.746555 ], [ -117.008227, 46.747183 ], [ -117.009903, 46.748456 ], [ -117.010675, 46.750459 ], [ -117.00919, 46.751514 ], [ -117.008292, 46.754417 ], [ -117.011645, 46.754814 ], [ -117.01224, 46.755519 ], [ -117.012316, 46.763187 ] ] ] } },
{ "type": "Feature", "properties": { "geoid": "16001002319", "county_name": "Ada County", "place_name": null, "state_name": "Idaho", "state_abbr": "ID", "is_rural": false, "dci_score": 39.1, "dci_quintile": 5.0, "is_cra_lmi": true, "income_level": "M", "is_persistent_poverty": false, "is_tribal_overlap": false, "tribal_area_name": null, "aian_pct": 0.0, "has_nmtc": false, "nmtc_projects": 0, "nmtc_total_usd": 0.0 }, "geometry": { "type": "Polygon", "coordinates": [ [ [ -116.294155, 43.612492 ], [ -116.294128, 43.619424 ], [ -116.28431, 43.619494 ], [ -116.274206, 43.619373 ], [ -116.273928, 43.608629 ], [ -116.274034, 43.607631 ], [ -116.274074, 43.607369 ], [ -116.277924, 43.604872 ], [ -116.282177, 43.601928 ], [ -116.284559, 43.600251 ], [ -116.286041, 43.597317 ], [ -116.283909, 43.595098 ], [ -116.289829, 43.596807 ], [ -116.294087, 43.597352 ], [ -116.294085, 43.597416 ], [ -116.294141, 43.604908 ], [ -116.294229, 43.610947 ], [ -116.294155, 43.612492 ] ] ] } },
{ "type": "Feature", "properties": { "geoid": "16001000102", "county_name": "Ada County", "place_name": null, "state_name": "Idaho", "state_abbr": "ID", "is_rural": false, "dci_score": 21.5, "dci_quintile": 5.0, "is_cra_lmi": false, "income_level": "U", "is_persistent_poverty": false, "is_tribal_overlap": false, "tribal_area_name": null, "aian_pct": 0.0, "has_nmtc": true, "nmtc_projects": 8, "nmtc_total_usd": 36238164.0 }, "geometry": { "type": "Polygon", "coordinates": [ [ [ -116.230643, 43.620628 ], [ -116.227809, 43.621691 ], [ -116.228112, 43.62273 ], [ -116.223888, 43.622729 ], [ -116.21565, 43.622938 ], [ -116.213489, 43.625254 ], [ -116.21277, 43.625997 ], [ -116.212115, 43.626642 ], [ -116.205815, 43.626642 ], [ -116.205855, 43.625925 ], [ -116.203501, 43.624732 ], [ -116.198835, 43.622316 ], [ -116.197611, 43.621737 ], [ -116.195633, 43.620747 ], [ -116.194249, 43.618278 ], [ -116.192306, 43.61451 ], [ -116.190789, 43.613138 ], [ -116.190782, 43.612594 ], [ -116.19247, 43.610991 ], [ -116.193063, 43.610711 ], [ -116.19333, 43.607946 ], [ -116.19938, 43.610791 ], [ -116.206125, 43.614694 ], [ -116.214801, 43.618943 ], [ -116.223773, 43.61918 ], [ -116.228322, 43.61861 ], [ -116.229821, 43.62011 ], [ -116.230643, 43.620628 ] ] ] } },
{ "type": "Feature", "properties": { "geoid": "16001000901", "county_name": "Ada County", "place_name": null, "state_name": "Idaho", "state_abbr": "ID", "is_rural": false, "dci_score": 38.4, "dci_quintile": 5.0, "is_cra_lmi": false, "income_level": "U", "is_persistent_poverty": false, "is_tribal_overlap": false, "tribal_area_name": null, "aian_pct": 0.0, "has_nmtc": false, "nmtc_projects": 0, "nmtc_total_usd": 0.0 }, "geometry": { "type": "Polygon", "coordinates": [ [ [ -116.20617, 43.594355 ], [ -116.206022, 43.596563 ], [ -116.204807, 43.598032 ], [ -116.193673, 43.590399 ], [ -116.193677, 43.589891 ], [ -116.193653, 43.584401 ], [ -116.193677, 43.578979 ], [ -116.193685, 43.574942 ], [ -116.198003, 43.578998 ], [ -116.200536, 43.583665 ], [ -116.201402, 43.587892 ], [ -116.202469, 43.589849 ], [ -116.206318, 43.594004 ], [ -116.20617, 43.594355 ] ] ] } },
{ "type": "Feature", "properties": { "geoid": "16083001002", "county_name": "Twin Falls County", "place_name": null, "state_name": "Idaho", "state_abbr": "ID", "is_rural": false, "dci_score": 35.0, "dci_quintile": 5.0, "is_cra_lmi": true, "income_level": "M", "is_persistent_poverty": false, "is_tribal_overlap": false, "tribal_area_name": null, "aian_pct": 0.0, "has_nmtc": false, "nmtc_projects": 0, "nmtc_total_usd": 0.0 }, "geometry": { "type": "Polygon", "coordinates": [ [ [ -114.460279, 42.563177 ], [ -114.450348, 42.563153 ], [ -114.451044, 42.559895 ], [ -114.450359, 42.555841 ], [ -114.440479, 42.555788 ], [ -114.440511, 42.548562 ], [ -114.437252, 42.548474 ], [ -114.426044, 42.548355 ], [ -114.423706, 42.54833 ], [ -114.421263, 42.548299 ], [ -114.421241, 42.545036 ], [ -114.421219, 42.543184 ], [ -114.421174, 42.537853 ], [ -114.421154, 42.537429 ], [ -114.421128, 42.533802 ], [ -114.430783, 42.53382 ], [ -114.446808, 42.533929 ], [ -114.450475, 42.53401 ], [ -114.450862, 42.534018 ], [ -114.45384, 42.534073 ], [ -114.460188, 42.534195 ], [ -114.460169, 42.53481 ], [ -114.460148, 42.537814 ], [ -114.460165, 42.541344 ], [ -114.460166, 42.541403 ], [ -114.459841, 42.543186 ], [ -114.460023, 42.544889 ], [ -114.460111, 42.545104 ], [ -114.460183, 42.54826 ], [ -114.460178, 42.548669 ], [ -114.460229, 42.555977 ], [ -114.460279, 42.563177 ] ] ] } },
{ "type": "Feature", "properties": { "geoid": "16027021904", "county_name": "Canyon County", "place_name": null, "state_name": "Idaho", "state_abbr": "ID", "is_rural": true, "dci_score": 47.6, "dci_quintile": 5.0, "is_cra_lmi": true, "income_level": "M", "is_persistent_poverty": false, "is_tribal_overlap": false, "tribal_area_name": null, "aian_pct": 0.0, "has_nmtc": false, "nmtc_projects": 0, "nmtc_total_usd": 0.0 }, "geometry": { "type": "Polygon", "coordinates": [ [ [ -116.872229, 43.803298 ], [ -116.872272, 43.807366 ], [ -116.853132, 43.807387 ], [ -116.853154, 43.79271 ], [ -116.828107, 43.792701 ], [ -116.793189, 43.792687 ], [ -116.7932, 43.799861 ], [ -116.778009, 43.799892 ], [ -116.753114, 43.799926 ], [ -116.753067, 43.805557 ], [ -116.751998, 43.806115 ], [ -116.750001, 43.80311 ], [ -116.74709, 43.799843 ], [ -116.728738, 43.781737 ], [ -116.725676, 43.777987 ], [ -116.723075, 43.773443 ], [ -116.719775, 43.764611 ], [ -116.714441, 43.750046 ], [ -116.709083, 43.735447 ], [ -116.703627, 43.720524 ], [ -116.700034, 43.71055 ], [ -116.699546, 43.705906 ], [ -116.699183, 43.700926 ], [ -116.69859, 43.69825 ], [ -116.697308, 43.695387 ], [ -116.693094, 43.690282 ], [ -116.696715, 43.689823 ], [ -116.701925, 43.692661 ], [ -116.707845, 43.694307 ], [ -116.708127, 43.684086 ], [ -116.708292, 43.68164 ], [ -116.702374, 43.6776 ], [ -116.702454, 43.677521 ], [ -116.709235, 43.678282 ], [ -116.7133, 43.67755 ], [ -116.717113, 43.677981 ], [ -116.718349, 43.678531 ], [ -116.720316, 43.681331 ], [ -116.720779, 43.683064 ], [ -116.722061, 43.68433 ], [ -116.723951, 43.684975 ], [ -116.727107, 43.685578 ], [ -116.728951, 43.686534 ], [ -116.731622, 43.689335 ], [ -116.73384, 43.690435 ], [ -116.736856, 43.690393 ], [ -116.739545, 43.692718 ], [ -116.741554, 43.693638 ], [ -116.742303, 43.69653 ], [ -116.745618, 43.697814 ], [ -116.751629, 43.697978 ], [ -116.75346, 43.700196 ], [ -116.752802, 43.702391 ], [ -116.753367, 43.703311 ], [ -116.757655, 43.703276 ], [ -116.762072, 43.701728 ], [ -116.765297, 43.702674 ], [ -116.766414, 43.706915 ], [ -116.767453, 43.708232 ], [ -116.77299, 43.709058 ], [ -116.776185, 43.711967 ], [ -116.779643, 43.713989 ], [ -116.781665, 43.714159 ], [ -116.785063, 43.713329 ], [ -116.788971, 43.714221 ], [ -116.790751, 43.717373 ], [ -116.790458, 43.718701 ], [ -116.792838, 43.722087 ], [ -116.793955, 43.722419 ], [ -116.794177, 43.72248 ], [ -116.795127, 43.722473 ], [ -116.7957, 43.722375 ], [ -116.798133, 43.721626 ], [ -116.800453, 43.7204 ], [ -116.802872, 43.720538 ], [ -116.803192, 43.720374 ], [ -116.805584, 43.721036 ], [ -116.805683, 43.721236 ], [ -116.806864, 43.722076 ], [ -116.807353, 43.722343 ], [ -116.807042, 43.723086 ], [ -116.809225, 43.726124 ], [ -116.807897, 43.726786 ], [ -116.807818, 43.726818 ], [ -116.807772, 43.726825 ], [ -116.807629, 43.727037 ], [ -116.820044, 43.730974 ], [ -116.821864, 43.731913 ], [ -116.827677, 43.733768 ], [ -116.871624, 43.747728 ], [ -116.872214, 43.801074 ], [ -116.87244, 43.802812 ], [ -116.872229, 43.803298 ] ] ] } },
{ "type": "Feature", "properties": { "geoid": "16081960103", "county_name": "Teton County", "place_name": null, "state_name": "Idaho", "state_abbr": "ID", "is_rural": true, "dci_score": 13.0, "dci_quintile": 5.0, "is_cra_lmi": false, "income_level": "U", "is_persistent_poverty": false, "is_tribal_overlap": false, "tribal_area_name": null, "aian_pct": 0.0, "has_nmtc": false, "nmtc_projects": 0, "nmtc_total_usd": 0.0 }, "geometry": { "type": "Polygon", "coordinates": [ [ [ -111.400806, 43.854665 ], [ -111.385816, 43.854556 ], [ -111.382133, 43.854401 ], [ -111.380804, 43.852834 ], [ -111.380912, 43.84374 ], [ -111.380614, 43.843167 ], [ -111.376253, 43.839906 ], [ -111.371558, 43.837267 ], [ -111.361319, 43.829677 ], [ -111.359172, 43.827645 ], [ -111.358675, 43.82548 ], [ -111.352609, 43.825505 ], [ -111.350778, 43.826352 ], [ -111.348432, 43.825519 ], [ -111.345607, 43.825441 ], [ -111.342596, 43.82441 ], [ -111.340952, 43.822307 ], [ -111.335613, 43.819632 ], [ -111.332644, 43.819312 ], [ -111.332328, 43.818306 ], [ -111.323826, 43.818099 ], [ -111.319838, 43.815431 ], [ -111.318205, 43.815313 ], [ -111.316035, 43.814321 ], [ -111.31608, 43.812894 ], [ -111.314184, 43.81108 ], [ -111.310473, 43.810567 ], [ -111.310271, 43.792089 ], [ -111.305096, 43.791644 ], [ -111.304636, 43.787867 ], [ -111.302753, 43.785743 ], [ -111.29922, 43.784418 ], [ -111.291627, 43.78058 ], [ -111.289176, 43.781318 ], [ -111.210407, 43.781405 ], [ -111.209558, 43.781538 ], [ -111.20803, 43.781789 ], [ -111.20503, 43.781386 ], [ -111.190805, 43.781376 ], [ -111.11078, 43.781178 ], [ -111.070191, 43.78081 ], [ -111.069706, 43.779143 ], [ -111.070386, 43.775782 ], [ -111.071863, 43.7738 ], [ -111.070873, 43.773486 ], [ -111.070756, 43.759321 ], [ -111.090775, 43.759282 ], [ -111.090858, 43.749431 ], [ -111.090211, 43.748349 ], [ -111.091815, 43.747232 ], [ -111.095632, 43.744755 ], [ -111.10097, 43.744771 ], [ -111.104448, 43.744771 ], [ -111.110981, 43.744974 ], [ -111.110954, 43.743037 ], [ -111.11099, 43.733358 ], [ -111.111102, 43.723102 ], [ -111.111062, 43.710695 ], [ -111.110617, 43.708564 ], [ -111.1096, 43.708555 ], [ -111.108365, 43.709334 ], [ -111.106292, 43.709071 ], [ -111.105119, 43.709434 ], [ -111.104953, 43.710054 ], [ -111.103931, 43.709451 ], [ -111.103523, 43.710373 ], [ -111.102865, 43.710214 ], [ -111.102063, 43.711285 ], [ -111.100991, 43.711513 ], [ -111.10076, 43.712817 ], [ -111.100998, 43.713051 ], [ -111.101198, 43.713676 ], [ -111.100545, 43.714431 ], [ -111.100459, 43.71483 ], [ -111.099045, 43.715727 ], [ -111.098915, 43.715803 ], [ -111.097898, 43.715907 ], [ -111.096702, 43.716392 ], [ -111.095582, 43.7166 ], [ -111.095355, 43.717451 ], [ -111.094538, 43.717693 ], [ -111.09416, 43.718374 ], [ -111.092042, 43.719329 ], [ -111.088576, 43.72062 ], [ -111.087181, 43.722982 ], [ -111.085967, 43.722996 ], [ -111.081005, 43.723067 ], [ -111.080991, 43.725274 ], [ -111.078789, 43.726648 ], [ -111.076158, 43.726635 ], [ -111.076192, 43.730118 ], [ -111.074827, 43.733141 ], [ -111.070097, 43.734359 ], [ -111.067251, 43.736426 ], [ -111.064063, 43.736487 ], [ -111.060807, 43.73713 ], [ -111.060821, 43.726591 ], [ -111.046435, 43.726545 ], [ -111.046433480019004, 43.7260579548105 ], [ -111.046421, 43.722059 ], [ -111.04611, 43.687848 ], [ -111.046051, 43.685812 ], [ -111.046118, 43.684902 ], [ -111.04588, 43.681033 ], [ -111.045866913433997, 43.679384318327699 ], [ -111.110473, 43.679521 ], [ -111.110474, 43.676734 ], [ -111.113983, 43.67782 ], [ -111.117848, 43.678054 ], [ -111.119278, 43.678586 ], [ -111.121228, 43.677964 ], [ -111.122515, 43.678809 ], [ -111.123951, 43.678182 ], [ -111.12742, 43.679763 ], [ -111.131058, 43.679688 ], [ -111.136774, 43.681529 ], [ -111.139013, 43.681053 ], [ -111.139655, 43.68242 ], [ -111.143066, 43.682015 ], [ -111.145554, 43.682422 ], [ -111.145993, 43.681467 ], [ -111.150509, 43.680261 ], [ -111.151416, 43.680942 ], [ -111.154192, 43.680547 ], [ -111.154571, 43.679153 ], [ -111.156349, 43.678007 ], [ -111.158283, 43.677983 ], [ -111.160443, 43.67971 ], [ -111.16083, 43.67882 ], [ -111.163984, 43.679381 ], [ -111.164085, 43.681861 ], [ -111.163164, 43.687079 ], [ -111.165129, 43.69214 ], [ -111.164422, 43.694823 ], [ -111.165286, 43.696376 ], [ -111.166676, 43.694197 ], [ -111.180705, 43.694258 ], [ -111.181423, 43.665203 ], [ -111.190963, 43.665238 ], [ -111.191178, 43.639814 ], [ -111.197807, 43.639843 ], [ -111.201233, 43.639001 ], [ -111.209192, 43.641325 ], [ -111.21189, 43.64116 ], [ -111.217398, 43.638919 ], [ -111.219227, 43.63882 ], [ -111.221004, 43.640526 ], [ -111.223673, 43.642243 ], [ -111.228435, 43.642423 ], [ -111.235731, 43.645702 ], [ -111.237055, 43.646986 ], [ -111.239717, 43.648049 ], [ -111.243151, 43.650457 ], [ -111.243552, 43.651626 ], [ -111.243147, 43.654859 ], [ -111.244797, 43.656549 ], [ -111.245108, 43.658388 ], [ -111.24679, 43.658721 ], [ -111.248865, 43.657873 ], [ -111.252092, 43.657842 ], [ -111.252968, 43.655604 ], [ -111.255094, 43.652802 ], [ -111.257795, 43.652804 ], [ -111.260204, 43.652157 ], [ -111.264054, 43.64618 ], [ -111.264065, 43.643438 ], [ -111.266239, 43.641989 ], [ -111.267756, 43.640225 ], [ -111.26746, 43.636295 ], [ -111.268242, 43.63505 ], [ -111.272339, 43.633315 ], [ -111.274134, 43.631827 ], [ -111.274205, 43.630809 ], [ -111.270273, 43.627791 ], [ -111.267343, 43.62398 ], [ -111.264581, 43.622589 ], [ -111.264164, 43.621897 ], [ -111.399765, 43.621976 ], [ -111.399981, 43.79649 ], [ -111.400912, 43.796494 ], [ -111.400806, 43.854665 ] ] ] } },
{ "type": "Feature", "properties": { "geoid": "16065950200", "county_name": "Madison County", "place_name": null, "state_name": "Idaho", "state_abbr": "ID", "is_rural": true, "dci_score": 47.9, "dci_quintile": 5.0, "is_cra_lmi": true, "income_level": "M", "is_persistent_poverty": true, "is_tribal_overlap": false, "tribal_area_name": null, "aian_pct": 0.0, "has_nmtc": false, "nmtc_projects": 0, "nmtc_total_usd": 0.0 }, "geometry": { "type": "Polygon", "coordinates": [ [ [ -111.818041, 43.836994 ], [ -111.817055, 43.836993 ], [ -111.817299, 43.837487 ], [ -111.810706, 43.839511 ], [ -111.809543, 43.840123 ], [ -111.802142, 43.84008 ], [ -111.798037, 43.83943 ], [ -111.797002, 43.838741 ], [ -111.795992, 43.837241 ], [ -111.794922, 43.837023 ], [ -111.792835, 43.837093 ], [ -111.792069, 43.837006 ], [ -111.789345, 43.837039 ], [ -111.789035, 43.836894 ], [ -111.786889, 43.836939 ], [ -111.783728, 43.835495 ], [ -111.783577, 43.835469 ], [ -111.778082, 43.8352 ], [ -111.778065, 43.82393 ], [ -111.78097, 43.823938 ], [ -111.786693, 43.823939 ], [ -111.792445, 43.823934 ], [ -111.795257, 43.823928 ], [ -111.795273, 43.82605 ], [ -111.798046, 43.82605 ], [ -111.810154, 43.82608 ], [ -111.810966, 43.826084 ], [ -111.815148, 43.826099 ], [ -111.817982, 43.826072 ], [ -111.817987, 43.826532 ], [ -111.81797, 43.828426 ], [ -111.817997, 43.83585 ], [ -111.818041, 43.836994 ] ] ] } },
{ "type": "Feature", "properties": { "geoid": "16019971100", "county_name": "Bonneville County", "place_name": null, "state_name": "Idaho", "state_abbr": "ID", "is_rural": false, "dci_score": 32.3, "dci_quintile": 5.0, "is_cra_lmi": true, "income_level": "M", "is_persistent_poverty": false, "is_tribal_overlap": false, "tribal_area_name": null, "aian_pct": 0.0, "has_nmtc": false, "nmtc_projects": 0, "nmtc_total_usd": 0.0 }, "geometry": { "type": "Polygon", "coordinates": [ [ [ -112.043889, 43.484043 ], [ -112.038735, 43.490657 ], [ -112.035726, 43.494634 ], [ -112.034931, 43.496242 ], [ -112.032989, 43.497125 ], [ -112.032781, 43.496958 ], [ -112.017387, 43.496981 ], [ -112.017396, 43.493811 ], [ -112.01887, 43.493794 ], [ -112.018844, 43.491593 ], [ -112.023829, 43.491583 ], [ -112.023815, 43.486216 ], [ -112.031096, 43.48621 ], [ -112.03362, 43.486208 ], [ -112.033633, 43.485244 ], [ -112.037345, 43.48533 ], [ -112.039977, 43.483984 ], [ -112.043889, 43.484043 ] ] ] } },
{ "type": "Feature", "properties": { "geoid": "16069960400", "county_name": "Nez Perce County", "place_name": null, "state_name": "Idaho", "state_abbr": "ID", "is_rural": true, "dci_score": 32.3, "dci_quintile": 5.0, "is_cra_lmi": true, "income_level": "M", "is_persistent_poverty": false, "is_tribal_overlap": false, "tribal_area_name": null, "aian_pct": 0.0, "has_nmtc": false, "nmtc_projects": 0, "nmtc_total_usd": 0.0 }, "geometry": { "type": "Polygon", "coordinates": [ [ [ -117.040655446285001, 46.398589920416299 ], [ -117.038282, 46.40604 ], [ -117.036455, 46.407792 ], [ -117.036207567367001, 46.408395626862799 ], [ -117.035545, 46.410012 ], [ -117.034696, 46.418318 ], [ -117.035626149492003, 46.420450464912001 ], [ -117.032434, 46.420647 ], [ -117.031351, 46.417744 ], [ -117.031094, 46.41352 ], [ -117.02982, 46.413516 ], [ -117.021536, 46.413509 ], [ -117.021498, 46.412431 ], [ -117.009432, 46.412384 ], [ -117.006699, 46.413475 ], [ -117.006169, 46.412411 ], [ -117.007913, 46.410038 ], [ -117.007935, 46.409332 ], [ -117.012433, 46.409338 ], [ -117.01244, 46.405131 ], [ -117.01243, 46.404115 ], [ -117.021456, 46.404141 ], [ -117.024343, 46.404136 ], [ -117.02515, 46.404069 ], [ -117.028371, 46.403331 ], [ -117.031629, 46.401207 ], [ -117.035432, 46.401015 ], [ -117.036632, 46.398476 ], [ -117.036433, 46.396321 ], [ -117.037344, 46.394395 ], [ -117.041467053077, 46.396042344248997 ], [ -117.040655446285001, 46.398589920416299 ] ] ] } },
{ "type": "Feature", "properties": { "geoid": "16027021103", "county_name": "Canyon County", "place_name": "Coeur d'Alene", "state_name": "Idaho", "state_abbr": "ID", "is_rural": false, "dci_score": 14.8, "dci_quintile": 5.0, "is_cra_lmi": true, "income_level": "M", "is_persistent_poverty": false, "is_tribal_overlap": false, "tribal_area_name": null, "aian_pct": 0.0, "has_nmtc": false, "nmtc_projects": 0, "nmtc_total_usd": 0.0 }, "geometry": { "type": "Polygon", "coordinates": [ [ [ -116.553177, 43.618572 ], [ -116.553156, 43.619596 ], [ -116.538185, 43.619586 ], [ -116.538146, 43.619587 ], [ -116.536224, 43.619596 ], [ -116.535707, 43.619595 ], [ -116.533264, 43.61959 ], [ -116.533135, 43.61959 ], [ -116.533155, 43.616342 ], [ -116.533158, 43.615968 ], [ -116.533164, 43.614427 ], [ -116.533162, 43.614178 ], [ -116.53316, 43.612323 ], [ -116.533147, 43.610023 ], [ -116.531494, 43.605862 ], [ -116.533667, 43.604683 ], [ -116.53452, 43.603525 ], [ -116.534929, 43.599696 ], [ -116.536809, 43.598389 ], [ -116.537181, 43.598092 ], [ -116.540783, 43.598043 ], [ -116.543659, 43.598395 ], [ -116.543862, 43.60371 ], [ -116.543178, 43.605026 ], [ -116.553125, 43.605056 ], [ -116.553146, 43.612329 ], [ -116.553154, 43.613388 ], [ -116.553198, 43.61663 ], [ -116.553177, 43.618572 ] ] ] } },
{ "type": "Feature", "properties": { "geoid": "16019971200", "county_name": "Bonneville County", "place_name": "Coeur d'Alene", "state_name": "Idaho", "state_abbr": "ID", "is_rural": false, "dci_score": 34.8, "dci_quintile": 5.0, "is_cra_lmi": true, "income_level": "M", "is_persistent_poverty": false, "is_tribal_overlap": false, "tribal_area_name": null, "aian_pct": 0.0, "has_nmtc": false, "nmtc_projects": 0, "nmtc_total_usd": 0.0 }, "geometry": { "type": "Polygon", "coordinates": [ [ [ -112.055936, 43.504347 ], [ -112.053145, 43.504968 ], [ -112.050236, 43.506698 ], [ -112.050989, 43.507561 ], [ -112.05137, 43.51055 ], [ -112.05542, 43.513659 ], [ -112.055621, 43.517214 ], [ -112.055002, 43.522923 ], [ -112.053969, 43.52383 ], [ -112.05325, 43.524092 ], [ -112.052877, 43.525527 ], [ -112.046964, 43.525537 ], [ -112.044859, 43.525539 ], [ -112.043267, 43.525544 ], [ -112.041101, 43.525603 ], [ -112.038546, 43.525664 ], [ -112.037266, 43.525686 ], [ -112.033461, 43.525731 ], [ -112.033515, 43.521436 ], [ -112.03548, 43.519931 ], [ -112.037709, 43.517951 ], [ -112.040183, 43.515306 ], [ -112.033663, 43.511867 ], [ -112.033844, 43.511312 ], [ -112.03605, 43.511113 ], [ -112.036065, 43.503983 ], [ -112.029712, 43.503999 ], [ -112.034931, 43.496242 ], [ -112.035726, 43.494634 ], [ -112.038735, 43.490657 ], [ -112.043889, 43.484043 ], [ -112.044574, 43.483158 ], [ -112.048039, 43.484981 ], [ -112.050971, 43.486895 ], [ -112.052413, 43.488863 ], [ -112.055914, 43.489261 ], [ -112.054566, 43.491416 ], [ -112.053949, 43.496677 ], [ -112.053921, 43.499366 ], [ -112.055936, 43.504347 ] ] ] } },
{ "type": "Feature", "properties": { "geoid": "16019970700", "county_name": "Bonneville County", "place_name": null, "state_name": "Idaho", "state_abbr": "ID", "is_rural": false, "dci_score": 29.5, "dci_quintile": 5.0, "is_cra_lmi": true, "income_level": "M", "is_persistent_poverty": false, "is_tribal_overlap": false, "tribal_area_name": null, "aian_pct": 0.0, "has_nmtc": true, "nmtc_projects": 1, "nmtc_total_usd": 16760000.0 }, "geometry": { "type": "Polygon", "coordinates": [ [ [ -112.037709, 43.517951 ], [ -112.03548, 43.519931 ], [ -112.033515, 43.521436 ], [ -112.032684, 43.522008 ], [ -112.023657, 43.527183 ], [ -112.023631, 43.525878 ], [ -112.023405, 43.525101 ], [ -112.022344, 43.525247 ], [ -112.020848, 43.525868 ], [ -112.01382, 43.526023 ], [ -112.0037, 43.525954 ], [ -112.00373, 43.520353 ], [ -112.00249, 43.518581 ], [ -112.000773, 43.516105 ], [ -112.000879, 43.511311 ], [ -112.003781, 43.511295 ], [ -112.009367, 43.511372 ], [ -112.009607, 43.507258 ], [ -112.009357, 43.50632 ], [ -112.005883, 43.500639 ], [ -112.004234, 43.497818 ], [ -112.004166, 43.496861 ], [ -112.014357, 43.497131 ], [ -112.016428, 43.496989 ], [ -112.017387, 43.496981 ], [ -112.032781, 43.496958 ], [ -112.032989, 43.497125 ], [ -112.034931, 43.496242 ], [ -112.029712, 43.503999 ], [ -112.036065, 43.503983 ], [ -112.03605, 43.511113 ], [ -112.033844, 43.511312 ], [ -112.033663, 43.511867 ], [ -112.040183, 43.515306 ], [ -112.037709, 43.517951 ] ] ] } },
{ "type": "Feature", "properties": { "geoid": "16005000600", "county_name": "Bannock County", "place_name": null, "state_name": "Idaho", "state_abbr": "ID", "is_rural": false, "dci_score": 43.5, "dci_quintile": 5.0, "is_cra_lmi": false, "income_level": "U", "is_persistent_poverty": false, "is_tribal_overlap": false, "tribal_area_name": null, "aian_pct": 0.0, "has_nmtc": true, "nmtc_projects": 1, "nmtc_total_usd": 10000000.0 }, "geometry": { "type": "Polygon", "coordinates": [ [ [ -112.424915, 42.875598 ], [ -112.418897, 42.878616 ], [ -112.415213, 42.879202 ], [ -112.41204, 42.87895 ], [ -112.409101, 42.877548 ], [ -112.407522, 42.878087 ], [ -112.404168, 42.877684 ], [ -112.401623, 42.878248 ], [ -112.399943, 42.877002 ], [ -112.397956, 42.879087 ], [ -112.395477, 42.88081 ], [ -112.393251, 42.880866 ], [ -112.388485, 42.879602 ], [ -112.385327, 42.880038 ], [ -112.383316, 42.879103 ], [ -112.379397, 42.875624 ], [ -112.375131, 42.874219 ], [ -112.368569, 42.872038 ], [ -112.366202, 42.870486 ], [ -112.364098, 42.866972 ], [ -112.363262, 42.864687 ], [ -112.363214, 42.862352 ], [ -112.361366, 42.861141 ], [ -112.36079, 42.859599 ], [ -112.360929, 42.856432 ], [ -112.362691, 42.852806 ], [ -112.361765, 42.85041 ], [ -112.363004, 42.848147 ], [ -112.359107, 42.839228 ], [ -112.356531, 42.83271 ], [ -112.353313, 42.830043 ], [ -112.353117, 42.829468 ], [ -112.354976, 42.82604 ], [ -112.355127, 42.824695 ], [ -112.354206, 42.822389 ], [ -112.352412, 42.820514 ], [ -112.351447, 42.817539 ], [ -112.351957, 42.81632 ], [ -112.35134, 42.814795 ], [ -112.351649, 42.812479 ], [ -112.353726, 42.807676 ], [ -112.355708, 42.799829 ], [ -112.35314, 42.795697 ], [ -112.355978, 42.795921 ], [ -112.358972, 42.796657 ], [ -112.363428, 42.798791 ], [ -112.369789, 42.802662 ], [ -112.372346, 42.804546 ], [ -112.372523, 42.804684 ], [ -112.37395, 42.806033 ], [ -112.380075, 42.813596 ], [ -112.382095, 42.815539 ], [ -112.382986, 42.816293 ], [ -112.399879, 42.826344 ], [ -112.403593, 42.828647 ], [ -112.405933, 42.830762 ], [ -112.407824, 42.833214 ], [ -112.410513, 42.839601 ], [ -112.412682, 42.845255 ], [ -112.421065, 42.867085 ], [ -112.424915, 42.875598 ] ] ] } },
{ "type": "Feature", "properties": { "geoid": "16045960200", "county_name": "Gem County", "place_name": null, "state_name": "Idaho", "state_abbr": "ID", "is_rural": true, "dci_score": 21.0, "dci_quintile": 5.0, "is_cra_lmi": true, "income_level": "M", "is_persistent_poverty": false, "is_tribal_overlap": false, "tribal_area_name": null, "aian_pct": 0.0, "has_nmtc": false, "nmtc_projects": 0, "nmtc_total_usd": 0.0 }, "geometry": { "type": "Polygon", "coordinates": [ [ [ -116.712752, 43.879858 ], [ -116.712348, 43.905222 ], [ -116.712348, 43.952066 ], [ -116.711355, 43.951394 ], [ -116.708987, 43.948143 ], [ -116.706897, 43.946056 ], [ -116.707043, 43.945072 ], [ -116.71093, 43.943155 ], [ -116.71145, 43.942458 ], [ -116.711719, 43.940228 ], [ -116.710766, 43.938172 ], [ -116.707786, 43.936295 ], [ -116.702107, 43.933815 ], [ -116.696833, 43.933492 ], [ -116.690743, 43.932516 ], [ -116.687823, 43.93158 ], [ -116.682752, 43.928119 ], [ -116.681443, 43.927685 ], [ -116.678316, 43.924675 ], [ -116.672164, 43.921723 ], [ -116.666535, 43.917244 ], [ -116.663945, 43.915632 ], [ -116.663957, 43.912921 ], [ -116.662113, 43.911126 ], [ -116.658207, 43.910147 ], [ -116.656397, 43.908337 ], [ -116.654109, 43.907879 ], [ -116.649564, 43.908794 ], [ -116.648, 43.908278 ], [ -116.645665, 43.905337 ], [ -116.643735, 43.904945 ], [ -116.641158, 43.905691 ], [ -116.638226, 43.905097 ], [ -116.633394, 43.90116 ], [ -116.629712, 43.897235 ], [ -116.62746, 43.896529 ], [ -116.622398, 43.895703 ], [ -116.62218, 43.892916 ], [ -116.621228, 43.892274 ], [ -116.617863, 43.886756 ], [ -116.61568, 43.8861 ], [ -116.609899, 43.887879 ], [ -116.607597, 43.887591 ], [ -116.605058, 43.885913 ], [ -116.60429, 43.884737 ], [ -116.604191, 43.882698 ], [ -116.603049, 43.881738 ], [ -116.600232, 43.881915 ], [ -116.596726, 43.884274 ], [ -116.593646, 43.884866 ], [ -116.592326, 43.884565 ], [ -116.591352, 43.882998 ], [ -116.588031, 43.881709 ], [ -116.586083, 43.880062 ], [ -116.582288, 43.881873 ], [ -116.580079, 43.88152 ], [ -116.578797, 43.8788 ], [ -116.579707, 43.875734 ], [ -116.578938, 43.874272 ], [ -116.576225, 43.872504 ], [ -116.572452, 43.871871 ], [ -116.569642, 43.870018 ], [ -116.566686, 43.870067 ], [ -116.564975, 43.870606 ], [ -116.561657, 43.869572 ], [ -116.556399, 43.869462 ], [ -116.549637, 43.870566 ], [ -116.546928, 43.86932 ], [ -116.544795, 43.869124 ], [ -116.541403, 43.870429 ], [ -116.540131, 43.871428 ], [ -116.536952, 43.871597 ], [ -116.535335, 43.872198 ], [ -116.533614, 43.873817 ], [ -116.52958, 43.873322 ], [ -116.525669, 43.873384 ], [ -116.520071, 43.875488 ], [ -116.516675, 43.877811 ], [ -116.510973, 43.877623 ], [ -116.507975, 43.875778 ], [ -116.505562, 43.877198 ], [ -116.504189, 43.880501 ], [ -116.50232, 43.882056 ], [ -116.500173, 43.881879 ], [ -116.500101, 43.875609 ], [ -116.500039, 43.871937 ], [ -116.500008, 43.864624 ], [ -116.492671, 43.864579 ], [ -116.492718, 43.861192 ], [ -116.49273, 43.860427 ], [ -116.492661, 43.839313 ], [ -116.482711, 43.839311 ], [ -116.484484, 43.838026 ], [ -116.489018, 43.834768 ], [ -116.486627, 43.835459 ], [ -116.485382, 43.834976 ], [ -116.484681, 43.835763 ], [ -116.482662, 43.835214 ], [ -116.480975, 43.836111 ], [ -116.480135, 43.834942 ], [ -116.476914, 43.836729 ], [ -116.47554, 43.836809 ], [ -116.475334, 43.837911 ], [ -116.47446, 43.835539 ], [ -116.473379, 43.834272 ], [ -116.473627, 43.832738 ], [ -116.477041, 43.826428 ], [ -116.480717, 43.818559 ], [ -116.482663, 43.813875 ], [ -116.483616, 43.809942 ], [ -116.483854, 43.807224 ], [ -116.512502, 43.807161 ], [ -116.644569, 43.807228 ], [ -116.671352, 43.80714 ], [ -116.707966, 43.807159 ], [ -116.712672, 43.807161 ], [ -116.712752, 43.879858 ] ] ] } },
{ "type": "Feature", "properties": { "geoid": "16017950702", "county_name": "Bonner County", "place_name": null, "state_name": "Idaho", "state_abbr": "ID", "is_rural": true, "dci_score": 67.2, "dci_quintile": 4.0, "is_cra_lmi": true, "income_level": "M", "is_persistent_poverty": false, "is_tribal_overlap": false, "tribal_area_name": null, "aian_pct": 0.0, "has_nmtc": false, "nmtc_projects": 0, "nmtc_total_usd": 0.0 }, "geometry": { "type": "Polygon", "coordinates": [ [ [ -117.041676826567993, 48.045464271600402 ], [ -117.041676, 48.04556 ], [ -117.041401, 48.0855 ], [ -117.041400737315001, 48.085535206952898 ], [ -117.023365, 48.085515 ], [ -117.02325, 48.101155 ], [ -117.012521, 48.101218 ], [ -117.012281, 48.104887 ], [ -117.007024, 48.108227 ], [ -117.006495, 48.112316 ], [ -116.996257, 48.119067 ], [ -116.993988, 48.117323 ], [ -116.993303, 48.115198 ], [ -116.987773, 48.1136 ], [ -116.983952, 48.113876 ], [ -116.982042, 48.114997 ], [ -116.981324, 48.11342 ], [ -116.981971, 48.112369 ], [ -116.97999, 48.110084 ], [ -116.979817, 48.108209 ], [ -116.979175, 48.107812 ], [ -116.976782, 48.108668 ], [ -116.976643, 48.106315 ], [ -116.977905, 48.105423 ], [ -116.975516, 48.104327 ], [ -116.972309, 48.103665 ], [ -116.969442, 48.102272 ], [ -116.966883, 48.102478 ], [ -116.964257, 48.103439 ], [ -116.964085, 48.101908 ], [ -116.960571, 48.101223 ], [ -116.958286, 48.102641 ], [ -116.955522, 48.101476 ], [ -116.9546, 48.100174 ], [ -116.950813, 48.099923 ], [ -116.945628, 48.100654 ], [ -116.943103, 48.100472 ], [ -116.943377, 48.102368 ], [ -116.938498, 48.10214 ], [ -116.939747, 48.103736 ], [ -116.939022, 48.106423 ], [ -116.939437, 48.10881 ], [ -116.940901, 48.112985 ], [ -116.939048, 48.116063 ], [ -116.938893, 48.121233 ], [ -116.932655, 48.123975 ], [ -116.928511, 48.124024 ], [ -116.922587, 48.122852 ], [ -116.918731, 48.116867 ], [ -116.916076, 48.115622 ], [ -116.920274, 48.115211 ], [ -116.923481, 48.117565 ], [ -116.925563, 48.118228 ], [ -116.927884, 48.116171 ], [ -116.931112, 48.116721 ], [ -116.929212, 48.114587 ], [ -116.92465, 48.112738 ], [ -116.922775, 48.111065 ], [ -116.920409, 48.110407 ], [ -116.917478, 48.107576 ], [ -116.915709, 48.107219 ], [ -116.90907, 48.103943 ], [ -116.905566, 48.103372 ], [ -116.900114, 48.101226 ], [ -116.897699, 48.100808 ], [ -116.894204, 48.099244 ], [ -116.887966, 48.097865 ], [ -116.885791, 48.095697 ], [ -116.882869, 48.094994 ], [ -116.881971, 48.093731 ], [ -116.881776, 48.095444 ], [ -116.876034, 48.09607 ], [ -116.875726, 48.095001 ], [ -116.869532, 48.095256 ], [ -116.867234, 48.091625 ], [ -116.866985, 48.089095 ], [ -116.863824, 48.088029 ], [ -116.857955, 48.087262 ], [ -116.85142, 48.087426 ], [ -116.845403, 48.08703 ], [ -116.838666, 48.082562 ], [ -116.834267, 48.082402 ], [ -116.834164, 48.075442 ], [ -116.828993, 48.075457 ], [ -116.834029, 48.069868 ], [ -116.83414, 48.060945 ], [ -116.839494, 48.057506 ], [ -116.846521, 48.057268 ], [ -116.849826, 48.05576 ], [ -116.850289, 48.054258 ], [ -116.850317, 48.036876 ], [ -116.850677, 48.035782 ], [ -116.852145, 48.035528 ], [ -116.871842, 48.035537 ], [ -116.872174, 48.035117 ], [ -116.872181, 48.02503 ], [ -116.882762, 48.022631 ], [ -116.886118, 48.021302 ], [ -116.891587, 48.01709 ], [ -116.898221, 48.012997 ], [ -116.907589, 48.007616 ], [ -116.908087, 48.006795 ], [ -116.907015, 48.003962 ], [ -116.899132, 48.003077 ], [ -116.896106, 48.001602 ], [ -116.894825, 48.000287 ], [ -116.893746, 47.998044 ], [ -116.891342, 47.995706 ], [ -116.888685, 47.994561 ], [ -116.878981, 47.991374 ], [ -116.87733, 47.990327 ], [ -116.877213, 47.98951 ], [ -116.879517, 47.98608 ], [ -116.872476, 47.97923 ], [ -116.872189, 47.978879 ], [ -116.871384, 47.977402 ], [ -116.882779, 47.977417 ], [ -116.888196, 47.977418 ], [ -116.893928, 47.97742 ], [ -117.042264083440998, 47.977451511759803 ], [ -117.041676826567993, 48.045464271600402 ] ] ] } },
{ "type": "Feature", "properties": { "geoid": "16017950802", "county_name": "Bonner County", "place_name": null, "state_name": "Idaho", "state_abbr": "ID", "is_rural": true, "dci_score": 19.3, "dci_quintile": 5.0, "is_cra_lmi": false, "income_level": "U", "is_persistent_poverty": false, "is_tribal_overlap": false, "tribal_area_name": null, "aian_pct": 0.0, "has_nmtc": false, "nmtc_projects": 0, "nmtc_total_usd": 0.0 }, "geometry": { "type": "Polygon", "coordinates": [ [ [ -116.907589, 48.007616 ], [ -116.898221, 48.012997 ], [ -116.891587, 48.01709 ], [ -116.886118, 48.021302 ], [ -116.882762, 48.022631 ], [ -116.872181, 48.02503 ], [ -116.872174, 48.035117 ], [ -116.871842, 48.035537 ], [ -116.852145, 48.035528 ], [ -116.850677, 48.035782 ], [ -116.850317, 48.036876 ], [ -116.850289, 48.054258 ], [ -116.849826, 48.05576 ], [ -116.846521, 48.057268 ], [ -116.839494, 48.057506 ], [ -116.83414, 48.060945 ], [ -116.834029, 48.069868 ], [ -116.828993, 48.075457 ], [ -116.828868, 48.115421 ], [ -116.777826, 48.115192 ], [ -116.776815, 48.116819 ], [ -116.775627, 48.11813 ], [ -116.774868, 48.11558 ], [ -116.778872, 48.11149 ], [ -116.779858, 48.109647 ], [ -116.778672, 48.106787 ], [ -116.776518, 48.107382 ], [ -116.775527, 48.106537 ], [ -116.775553, 48.102906 ], [ -116.773054, 48.098817 ], [ -116.769431, 48.098315 ], [ -116.767201, 48.101014 ], [ -116.766373, 48.098576 ], [ -116.764261, 48.0979 ], [ -116.761952, 48.097526 ], [ -116.758246, 48.099839 ], [ -116.752827, 48.100601 ], [ -116.749444, 48.099512 ], [ -116.747739, 48.097968 ], [ -116.743371, 48.096383 ], [ -116.739487, 48.097225 ], [ -116.736377, 48.098697 ], [ -116.733145, 48.100864 ], [ -116.72896, 48.102237 ], [ -116.724836, 48.103868 ], [ -116.719762, 48.107254 ], [ -116.717156, 48.106759 ], [ -116.702644, 48.10734 ], [ -116.699435, 48.106978 ], [ -116.69729, 48.105161 ], [ -116.694811, 48.10541 ], [ -116.689298, 48.107116 ], [ -116.682625, 48.107822 ], [ -116.678864, 48.106804 ], [ -116.675035, 48.107204 ], [ -116.667322, 48.107136 ], [ -116.664136, 48.104057 ], [ -116.663592, 48.102422 ], [ -116.661513, 48.100771 ], [ -116.655916, 48.100386 ], [ -116.65223, 48.100899 ], [ -116.646038, 48.10043 ], [ -116.642213, 48.100582 ], [ -116.636022, 48.098862 ], [ -116.633173, 48.099121 ], [ -116.630212, 48.100482 ], [ -116.621525, 48.099989 ], [ -116.615998, 48.110837 ], [ -116.615118, 48.111995 ], [ -116.612626, 48.113053 ], [ -116.61164, 48.112391 ], [ -116.609409, 48.113364 ], [ -116.607474, 48.112108 ], [ -116.606472, 48.113528 ], [ -116.598757, 48.115631 ], [ -116.594075, 48.115705 ], [ -116.593713, 48.114468 ], [ -116.589384, 48.114483 ], [ -116.587763, 48.115772 ], [ -116.583493, 48.116125 ], [ -116.58033, 48.116954 ], [ -116.578394, 48.11921 ], [ -116.573832, 48.121313 ], [ -116.57129, 48.121695 ], [ -116.566775, 48.123462 ], [ -116.564032, 48.12391 ], [ -116.561823, 48.123155 ], [ -116.560237, 48.123344 ], [ -116.556486, 48.122757 ], [ -116.554963, 48.121504 ], [ -116.55052, 48.118979 ], [ -116.546266, 48.118287 ], [ -116.544676, 48.118898 ], [ -116.541729, 48.117262 ], [ -116.538249, 48.117084 ], [ -116.533568, 48.11388 ], [ -116.532243, 48.112882 ], [ -116.526595, 48.110242 ], [ -116.522674, 48.107986 ], [ -116.519957, 48.105764 ], [ -116.5167, 48.103706 ], [ -116.511947, 48.099891 ], [ -116.511326, 48.098591 ], [ -116.478062, 48.080924 ], [ -116.487809, 48.075188 ], [ -116.488972, 48.074104 ], [ -116.492688, 48.069591 ], [ -116.494112, 48.06701 ], [ -116.496527, 48.057871 ], [ -116.496765, 48.055954 ], [ -116.495074, 48.04825 ], [ -116.494298, 48.04218 ], [ -116.494241, 48.037648 ], [ -116.493904, 48.036621 ], [ -116.489607, 48.028771 ], [ -116.486908, 48.025108 ], [ -116.467716, 47.994772 ], [ -116.46786, 47.989681 ], [ -116.470715, 47.985382 ], [ -116.481287, 47.977159 ], [ -116.495679, 47.969467 ], [ -116.504813, 47.966543 ], [ -116.504329, 47.991386 ], [ -116.623258, 47.991425 ], [ -116.63302, 47.991496 ], [ -116.634114, 47.977073 ], [ -116.698282, 47.97729 ], [ -116.719735, 47.977316 ], [ -116.730757, 47.977336 ], [ -116.767016, 47.977457 ], [ -116.767498, 47.977453 ], [ -116.850438, 47.977364 ], [ -116.861147, 47.977386 ], [ -116.870489, 47.9774 ], [ -116.871384, 47.977402 ], [ -116.872189, 47.978879 ], [ -116.872476, 47.97923 ], [ -116.879517, 47.98608 ], [ -116.877213, 47.98951 ], [ -116.87733, 47.990327 ], [ -116.878981, 47.991374 ], [ -116.888685, 47.994561 ], [ -116.891342, 47.995706 ], [ -116.893746, 47.998044 ], [ -116.894825, 48.000287 ], [ -116.896106, 48.001602 ], [ -116.899132, 48.003077 ], [ -116.907015, 48.003962 ], [ -116.908087, 48.006795 ], [ -116.907589, 48.007616 ] ] ] } },
{ "type": "Feature", "properties": { "geoid": "16001010348", "county_name": "Ada County", "place_name": null, "state_name": "Idaho", "state_abbr": "ID", "is_rural": false, "dci_score": 2.4, "dci_quintile": 5.0, "is_cra_lmi": false, "income_level": "U", "is_persistent_poverty": false, "is_tribal_overlap": false, "tribal_area_name": null, "aian_pct": 0.0, "has_nmtc": false, "nmtc_projects": 0, "nmtc_total_usd": 0.0 }, "geometry": { "type": "Polygon", "coordinates": [ [ [ -116.413648, 43.597335 ], [ -116.413621, 43.603289 ], [ -116.413618, 43.604694 ], [ -116.393593, 43.604664 ], [ -116.393718, 43.5936 ], [ -116.403628, 43.593583 ], [ -116.413687, 43.593598 ], [ -116.413648, 43.597335 ] ] ] } },
{ "type": "Feature", "properties": { "geoid": "16001001702", "county_name": "Ada County", "place_name": null, "state_name": "Idaho", "state_abbr": "ID", "is_rural": false, "dci_score": 43.8, "dci_quintile": 5.0, "is_cra_lmi": true, "income_level": "M", "is_persistent_poverty": false, "is_tribal_overlap": false, "tribal_area_name": null, "aian_pct": 0.0, "has_nmtc": false, "nmtc_projects": 0, "nmtc_total_usd": 0.0 }, "geometry": { "type": "Polygon", "coordinates": [ [ [ -116.223592, 43.580747 ], [ -116.223609, 43.583807 ], [ -116.223607, 43.589825 ], [ -116.213701, 43.589873 ], [ -116.213651, 43.583825 ], [ -116.213647, 43.580792 ], [ -116.213656, 43.577193 ], [ -116.213862, 43.575393 ], [ -116.214258, 43.574276 ], [ -116.221861, 43.576942 ], [ -116.223412, 43.577833 ], [ -116.224225, 43.579204 ], [ -116.223592, 43.580747 ] ] ] } },
{ "type": "Feature", "properties": { "geoid": "16039960402", "county_name": "Elmore County", "place_name": null, "state_name": "Idaho", "state_abbr": "ID", "is_rural": true, "dci_score": 45.4, "dci_quintile": 5.0, "is_cra_lmi": false, "income_level": "U", "is_persistent_poverty": false, "is_tribal_overlap": false, "tribal_area_name": null, "aian_pct": 0.0, "has_nmtc": false, "nmtc_projects": 0, "nmtc_total_usd": 0.0 }, "geometry": { "type": "Polygon", "coordinates": [ [ [ -115.717186, 43.130261 ], [ -115.717185, 43.130478 ], [ -115.717185, 43.131303 ], [ -115.7172, 43.133868 ], [ -115.712387, 43.133855 ], [ -115.702333, 43.13385 ], [ -115.697952, 43.133771 ], [ -115.694995, 43.130178 ], [ -115.692119, 43.12645 ], [ -115.686176, 43.119345 ], [ -115.686719, 43.119349 ], [ -115.686994, 43.119352 ], [ -115.687428, 43.119357 ], [ -115.687996, 43.119356 ], [ -115.690668, 43.119358 ], [ -115.692484, 43.119368 ], [ -115.696824, 43.119364 ], [ -115.697323, 43.119361 ], [ -115.699301, 43.119356 ], [ -115.699772, 43.119443 ], [ -115.702381, 43.121162 ], [ -115.702302, 43.126644 ], [ -115.707709, 43.126678 ], [ -115.71228, 43.126703 ], [ -115.715269, 43.126713 ], [ -115.715968, 43.126715 ], [ -115.717227, 43.126724 ], [ -115.717186, 43.130261 ] ] ] } },
{ "type": "Feature", "properties": { "geoid": "16027020506", "county_name": "Canyon County", "place_name": null, "state_name": "Idaho", "state_abbr": "ID", "is_rural": false, "dci_score": 16.1, "dci_quintile": 5.0, "is_cra_lmi": true, "income_level": "L", "is_persistent_poverty": false, "is_tribal_overlap": false, "tribal_area_name": null, "aian_pct": 0.0, "has_nmtc": false, "nmtc_projects": 0, "nmtc_total_usd": 0.0 }, "geometry": { "type": "Polygon", "coordinates": [ [ [ -116.572824, 43.561383 ], [ -116.570876, 43.561369 ], [ -116.56859, 43.559308 ], [ -116.564335, 43.559377 ], [ -116.564333, 43.559039 ], [ -116.564334, 43.555104 ], [ -116.562856, 43.55258 ], [ -116.562761, 43.550088 ], [ -116.562717, 43.5479 ], [ -116.562696, 43.547022 ], [ -116.565802, 43.547068 ], [ -116.572604, 43.547092 ], [ -116.572762, 43.554274 ], [ -116.572781, 43.555136 ], [ -116.572969, 43.561432 ], [ -116.572824, 43.561383 ] ] ] } },
{ "type": "Feature", "properties": { "geoid": "16057005400", "county_name": "Latah County", "place_name": null, "state_name": "Idaho", "state_abbr": "ID", "is_rural": true, "dci_score": 29.0, "dci_quintile": 5.0, "is_cra_lmi": false, "income_level": "U", "is_persistent_poverty": false, "is_tribal_overlap": false, "tribal_area_name": null, "aian_pct": 0.0, "has_nmtc": false, "nmtc_projects": 0, "nmtc_total_usd": 0.0 }, "geometry": { "type": "Polygon", "coordinates": [ [ [ -117.039499416845004, 46.638083272701202 ], [ -117.039492539362996, 46.6422947069318 ], [ -117.039398, 46.700186 ], [ -117.039406009211007, 46.702332785110698 ], [ -117.039466647821001, 46.718586330096798 ], [ -117.039479171740993, 46.721943235832001 ], [ -117.039518188132007, 46.732401170767098 ], [ -117.039518193852999, 46.7324027043434 ], [ -117.017963, 46.732736 ], [ -117.012025, 46.733378 ], [ -117.010589, 46.733468 ], [ -117.006672, 46.732347 ], [ -117.005586, 46.729939 ], [ -117.00134, 46.730111 ], [ -117.001379, 46.727013 ], [ -117.001434, 46.725403 ], [ -117.001396, 46.722903 ], [ -117.00139, 46.721954 ], [ -117.001446, 46.719768 ], [ -117.003362, 46.715729 ], [ -116.990523, 46.715603 ], [ -116.98017, 46.715575 ], [ -116.969636, 46.715631 ], [ -116.959116, 46.715701 ], [ -116.95914, 46.712722 ], [ -116.958949, 46.712296 ], [ -116.952372, 46.711917 ], [ -116.95091, 46.710845 ], [ -116.948366, 46.706113 ], [ -116.948052, 46.702464 ], [ -116.949705, 46.700178 ], [ -116.951637, 46.698572 ], [ -116.950027, 46.695002 ], [ -116.947509, 46.691349 ], [ -116.946753, 46.689353 ], [ -116.941308, 46.689999 ], [ -116.944223, 46.687497 ], [ -116.943641, 46.686103 ], [ -116.945363, 46.683908 ], [ -116.943805, 46.683141 ], [ -116.945286, 46.682219 ], [ -116.944754, 46.680218 ], [ -116.947089, 46.678345 ], [ -116.949165, 46.677307 ], [ -116.949636, 46.675248 ], [ -116.94634, 46.671382 ], [ -116.945157, 46.668626 ], [ -116.94758, 46.667717 ], [ -116.949884, 46.662768 ], [ -116.948886, 46.661115 ], [ -116.948866, 46.657954 ], [ -116.948862, 46.657303 ], [ -116.951408, 46.657388 ], [ -116.953682, 46.657953 ], [ -116.958687, 46.658087 ], [ -116.959674, 46.657896 ], [ -116.96306, 46.657571 ], [ -116.965284, 46.657789 ], [ -116.969642, 46.657732 ], [ -116.973475, 46.658312 ], [ -116.974525, 46.658302 ], [ -116.979237, 46.657229 ], [ -116.981574, 46.657729 ], [ -116.986973, 46.657802 ], [ -116.997914, 46.657643 ], [ -117.000274, 46.658365 ], [ -117.001365, 46.658687 ], [ -117.004637, 46.658896 ], [ -117.010548, 46.65997 ], [ -117.009058, 46.658433 ], [ -117.007878, 46.656111 ], [ -117.007516, 46.65406 ], [ -117.006377, 46.652866 ], [ -117.001906, 46.649935 ], [ -117.00063, 46.647249 ], [ -117.001386, 46.642704 ], [ -117.001282, 46.640586 ], [ -116.998391, 46.631779 ], [ -116.997141, 46.629489 ], [ -116.995553, 46.627691 ], [ -116.998355, 46.623959 ], [ -117.000207, 46.622605 ], [ -117.001508, 46.624072 ], [ -117.003938, 46.625588 ], [ -117.010822, 46.628801 ], [ -117.01497, 46.631355 ], [ -117.016325, 46.631799 ], [ -117.025778, 46.630779 ], [ -117.03057, 46.629749 ], [ -117.032075, 46.629233 ], [ -117.035122, 46.626766 ], [ -117.03517, 46.625004 ], [ -117.033622, 46.621182 ], [ -117.039527622107997, 46.620811745524399 ], [ -117.039499416845004, 46.638083272701202 ] ] ] } },
{ "type": "Feature", "properties": { "geoid": "16053970502", "county_name": "Jerome County", "place_name": null, "state_name": "Idaho", "state_abbr": "ID", "is_rural": true, "dci_score": 47.5, "dci_quintile": 5.0, "is_cra_lmi": false, "income_level": "U", "is_persistent_poverty": false, "is_tribal_overlap": false, "tribal_area_name": null, "aian_pct": 0.0, "has_nmtc": false, "nmtc_projects": 0, "nmtc_total_usd": 0.0 }, "geometry": { "type": "Polygon", "coordinates": [ [ [ -114.535182, 42.715174 ], [ -114.533264, 42.71494 ], [ -114.532034, 42.715535 ], [ -114.53094, 42.716226 ], [ -114.528287, 42.715546 ], [ -114.525223, 42.716071 ], [ -114.521451, 42.715009 ], [ -114.518456, 42.715034 ], [ -114.509226, 42.715029 ], [ -114.509045, 42.716846 ], [ -114.502059, 42.716856 ], [ -114.502085, 42.72038 ], [ -114.502073, 42.724051 ], [ -114.497226, 42.724047 ], [ -114.482502, 42.724039 ], [ -114.482562, 42.753011 ], [ -114.408625, 42.75284 ], [ -114.407128, 42.752364 ], [ -114.404678, 42.750312 ], [ -114.402172, 42.748842 ], [ -114.400174, 42.748519 ], [ -114.390091, 42.747766 ], [ -114.380853, 42.745591 ], [ -114.36704, 42.743945 ], [ -114.365037, 42.743448 ], [ -114.364867, 42.743874 ], [ -114.360516, 42.744465 ], [ -114.357806, 42.741316 ], [ -114.356947, 42.738232 ], [ -114.355646, 42.738243 ], [ -114.352217, 42.736392 ], [ -114.348719, 42.73385 ], [ -114.348481, 42.732135 ], [ -114.346036, 42.729785 ], [ -114.345129, 42.727846 ], [ -114.342479, 42.727305 ], [ -114.344392, 42.721594 ], [ -114.345301, 42.71969 ], [ -114.346244, 42.71828 ], [ -114.348346, 42.718058 ], [ -114.350492, 42.716127 ], [ -114.350712, 42.71363 ], [ -114.348965, 42.712818 ], [ -114.345864, 42.713914 ], [ -114.345221, 42.713092 ], [ -114.344208, 42.712312 ], [ -114.342704, 42.713111 ], [ -114.340349, 42.713285 ], [ -114.337865, 42.71254 ], [ -114.337187, 42.711523 ], [ -114.336813, 42.709701 ], [ -114.335321, 42.708053 ], [ -114.333176, 42.706822 ], [ -114.330509, 42.70505 ], [ -114.327721, 42.704818 ], [ -114.326795, 42.703983 ], [ -114.325229, 42.704955 ], [ -114.322111, 42.70279 ], [ -114.320993, 42.701179 ], [ -114.321068, 42.69945 ], [ -114.317268, 42.697088 ], [ -114.314077, 42.696367 ], [ -114.312404, 42.697141 ], [ -114.310924, 42.699337 ], [ -114.308489, 42.699092 ], [ -114.307322, 42.697981 ], [ -114.305086, 42.697386 ], [ -114.302952, 42.693791 ], [ -114.30027, 42.693082 ], [ -114.2966, 42.693621 ], [ -114.294528, 42.693488 ], [ -114.292195, 42.69189 ], [ -114.288876, 42.692166 ], [ -114.287628, 42.688363 ], [ -114.286119, 42.687972 ], [ -114.282986, 42.688524 ], [ -114.282421, 42.686905 ], [ -114.280656, 42.68655 ], [ -114.277096, 42.683942 ], [ -114.276624, 42.683097 ], [ -114.273451, 42.681333 ], [ -114.27156, 42.681934 ], [ -114.270163, 42.680921 ], [ -114.267764, 42.681802 ], [ -114.26385, 42.680207 ], [ -114.259802, 42.681007 ], [ -114.256896, 42.678331 ], [ -114.252595, 42.677907 ], [ -114.25415, 42.67711 ], [ -114.256531, 42.677072 ], [ -114.258852, 42.678624 ], [ -114.261345, 42.67947 ], [ -114.266787, 42.678406 ], [ -114.269716, 42.675506 ], [ -114.284914, 42.662725 ], [ -114.284673, 42.662143 ], [ -114.279746, 42.660478 ], [ -114.275104, 42.658096 ], [ -114.272038, 42.655543 ], [ -114.270195, 42.653203 ], [ -114.269013, 42.650936 ], [ -114.264026, 42.638083 ], [ -114.263491, 42.635378 ], [ -114.264002, 42.630838 ], [ -114.266102, 42.625028 ], [ -114.284792, 42.618502 ], [ -114.292009, 42.615986 ], [ -114.299362, 42.613635 ], [ -114.300895, 42.612813 ], [ -114.327611, 42.603404 ], [ -114.344924, 42.603438 ], [ -114.353173, 42.603454 ], [ -114.356019, 42.590008 ], [ -114.3582, 42.589881 ], [ -114.359266, 42.590975 ], [ -114.365, 42.593216 ], [ -114.367489, 42.593273 ], [ -114.37141, 42.595476 ], [ -114.373936, 42.596387 ], [ -114.375217, 42.598132 ], [ -114.381472, 42.599096 ], [ -114.389754, 42.599859 ], [ -114.393785, 42.599447 ], [ -114.39835, 42.596732 ], [ -114.400647, 42.596749 ], [ -114.402536, 42.595436 ], [ -114.407102, 42.595643 ], [ -114.408827, 42.596038 ], [ -114.414665, 42.598386 ], [ -114.422597, 42.599678 ], [ -114.427104, 42.599737 ], [ -114.430896, 42.598699 ], [ -114.431803, 42.599803 ], [ -114.434322, 42.598292 ], [ -114.438164, 42.596628 ], [ -114.440807, 42.595868 ], [ -114.442144, 42.596287 ], [ -114.448034, 42.600135 ], [ -114.449803, 42.600645 ], [ -114.453228, 42.600773 ], [ -114.453372, 42.600766 ], [ -114.452447, 42.605156 ], [ -114.452363, 42.608166 ], [ -114.445738, 42.642472 ], [ -114.4696, 42.650938 ], [ -114.47394, 42.652787 ], [ -114.478512, 42.655385 ], [ -114.482115, 42.658008 ], [ -114.48237, 42.658201 ], [ -114.511119, 42.680615 ], [ -114.513808, 42.683212 ], [ -114.515504, 42.685228 ], [ -114.522725, 42.695148 ], [ -114.524249, 42.697248 ], [ -114.536661, 42.71436 ], [ -114.535182, 42.715174 ] ] ] } },
{ "type": "Feature", "properties": { "geoid": "16055000401", "county_name": "Kootenai County", "place_name": "Boise City", "state_name": "Idaho", "state_abbr": "ID", "is_rural": false, "dci_score": 25.1, "dci_quintile": 5.0, "is_cra_lmi": false, "income_level": "U", "is_persistent_poverty": false, "is_tribal_overlap": false, "tribal_area_name": null, "aian_pct": 0.0, "has_nmtc": false, "nmtc_projects": 0, "nmtc_total_usd": 0.0 }, "geometry": { "type": "Polygon", "coordinates": [ [ [ -117.041648648223003, 47.731108610703799 ], [ -117.041634, 47.7353 ], [ -117.041666125074997, 47.735864272765603 ], [ -117.041669370093999, 47.735921271108197 ], [ -117.017996, 47.746004 ], [ -117.017316, 47.746276 ], [ -117.015967, 47.745555 ], [ -117.001975, 47.745224 ], [ -116.980578, 47.745166 ], [ -116.98044, 47.741478 ], [ -116.980418, 47.733757 ], [ -116.980417, 47.733221 ], [ -116.980371, 47.73282 ], [ -116.980369, 47.732339 ], [ -116.980331, 47.72716 ], [ -116.980305, 47.723351 ], [ -116.980281, 47.720678 ], [ -116.980209, 47.716115 ], [ -116.980236, 47.710586 ], [ -116.985518, 47.709901 ], [ -116.990977, 47.709096 ], [ -116.991175, 47.706283 ], [ -116.992194, 47.706092 ], [ -116.991466, 47.703577 ], [ -116.992753, 47.702541 ], [ -116.989478, 47.701928 ], [ -116.987138, 47.703697 ], [ -116.986951, 47.705026 ], [ -116.984431, 47.705673 ], [ -116.982615, 47.704793 ], [ -116.980799, 47.702803 ], [ -116.976425, 47.702743 ], [ -116.974286, 47.703338 ], [ -116.972792, 47.705428 ], [ -116.971982, 47.707823 ], [ -116.970546, 47.70898 ], [ -116.967607, 47.709608 ], [ -116.964199, 47.708702 ], [ -116.96127, 47.709324 ], [ -116.959669, 47.708147 ], [ -116.956593, 47.707174 ], [ -116.953205, 47.706778 ], [ -116.950976, 47.705421 ], [ -116.948848, 47.704126 ], [ -116.943887, 47.701831 ], [ -116.936039, 47.700488 ], [ -116.929938, 47.701317 ], [ -116.925965, 47.700976 ], [ -116.922559, 47.699506 ], [ -116.922542, 47.697308 ], [ -116.921076, 47.696328 ], [ -116.915663, 47.696139 ], [ -116.915528, 47.690023 ], [ -116.915011, 47.687465 ], [ -116.915521, 47.686078 ], [ -116.915358, 47.674713 ], [ -116.914582, 47.673561 ], [ -116.915084, 47.671902 ], [ -116.917195, 47.671336 ], [ -116.916452, 47.6703 ], [ -116.912975, 47.668343 ], [ -116.914888, 47.666412 ], [ -116.914257, 47.665483 ], [ -116.914298, 47.663918 ], [ -116.913095, 47.663218 ], [ -116.913415, 47.660255 ], [ -116.914239, 47.658575 ], [ -116.915798, 47.658285 ], [ -116.914263, 47.657952 ], [ -116.910279, 47.6581 ], [ -116.905154, 47.656102 ], [ -116.904136, 47.654844 ], [ -116.899691, 47.654847 ], [ -116.894267, 47.653233 ], [ -116.890901, 47.65261 ], [ -116.888609, 47.649197 ], [ -116.888888, 47.646405 ], [ -116.891934, 47.645685 ], [ -116.894135, 47.646649 ], [ -116.897508, 47.646091 ], [ -116.898998, 47.645021 ], [ -116.903228, 47.644138 ], [ -116.906718, 47.642239 ], [ -116.91152, 47.639119 ], [ -116.9152, 47.638961 ], [ -116.921828, 47.637583 ], [ -116.922749, 47.636114 ], [ -116.924876, 47.634983 ], [ -116.928489, 47.634287 ], [ -116.931944, 47.634967 ], [ -116.935133, 47.634715 ], [ -116.936621, 47.63531 ], [ -116.940564, 47.635813 ], [ -116.947589, 47.638908 ], [ -116.949183, 47.637635 ], [ -116.951278, 47.637866 ], [ -116.953201, 47.638876 ], [ -116.958815, 47.640155 ], [ -116.96781, 47.639696 ], [ -116.972138, 47.638323 ], [ -116.974908, 47.634209 ], [ -116.974872, 47.632563 ], [ -116.975681, 47.629775 ], [ -116.977674, 47.626849 ], [ -116.977435, 47.62396 ], [ -116.978125, 47.620847 ], [ -116.979011, 47.619581 ], [ -116.9807, 47.618825 ], [ -116.985327, 47.616185 ], [ -116.985378, 47.614965 ], [ -116.986109, 47.614097 ], [ -116.996665, 47.608859 ], [ -117.002079, 47.606954 ], [ -117.005308, 47.60583 ], [ -117.010698, 47.606464 ], [ -117.011341, 47.606907 ], [ -117.012069, 47.607408 ], [ -117.015775, 47.609957 ], [ -117.018275, 47.612443 ], [ -117.020153, 47.614982 ], [ -117.03346, 47.618166 ], [ -117.034686, 47.618705 ], [ -117.035521, 47.61941 ], [ -117.036255, 47.621898 ], [ -117.036337, 47.622725 ], [ -117.041126168703002, 47.623566278505102 ], [ -117.041431, 47.67814 ], [ -117.041431, 47.678185 ], [ -117.041431, 47.68 ], [ -117.041532, 47.683194 ], [ -117.041585130410994, 47.695401369379802 ], [ -117.041591860921997, 47.696947787638102 ], [ -117.041595054029997, 47.697681443701697 ], [ -117.041595734620003, 47.697837817643503 ], [ -117.041610020576996, 47.7011201931888 ], [ -117.041612839026001, 47.701767766709402 ], [ -117.041624896719, 47.704538170991903 ], [ -117.041626030808004, 47.704798742044602 ], [ -117.041633, 47.7064 ], [ -117.041634010951995, 47.706766413826301 ], [ -117.041634085151998, 47.706793307193699 ], [ -117.041678, 47.72271 ], [ -117.041648648223003, 47.731108610703799 ] ] ] } },
{ "type": "Feature", "properties": { "geoid": "16017950201", "county_name": "Bonner County", "place_name": null, "state_name": "Idaho", "state_abbr": "ID", "is_rural": true, "dci_score": 43.9, "dci_quintile": 5.0, "is_cra_lmi": true, "income_level": "M", "is_persistent_poverty": false, "is_tribal_overlap": false, "tribal_area_name": null, "aian_pct": 0.0, "has_nmtc": false, "nmtc_projects": 0, "nmtc_total_usd": 0.0 }, "geometry": { "type": "Polygon", "coordinates": [ [ [ -116.577132, 48.500928 ], [ -116.448605, 48.501264 ], [ -116.376025, 48.50116 ], [ -116.374663, 48.501217 ], [ -116.221434, 48.502048 ], [ -116.1986, 48.502077 ], [ -116.200723, 48.499936 ], [ -116.199825, 48.496177 ], [ -116.194601, 48.492929 ], [ -116.190057, 48.492607 ], [ -116.184083, 48.489049 ], [ -116.181864, 48.488788 ], [ -116.180738, 48.485555 ], [ -116.178849, 48.484046 ], [ -116.1796, 48.479135 ], [ -116.178121, 48.477743 ], [ -116.179088, 48.47383 ], [ -116.177181, 48.469582 ], [ -116.176263, 48.466217 ], [ -116.173474, 48.46283 ], [ -116.17243, 48.460335 ], [ -116.170176, 48.457759 ], [ -116.168252, 48.452337 ], [ -116.164867, 48.445018 ], [ -116.165763, 48.441843 ], [ -116.169254, 48.43806 ], [ -116.173404, 48.43603 ], [ -116.175741, 48.435555 ], [ -116.177246, 48.434131 ], [ -116.177753, 48.43038 ], [ -116.178386, 48.429415 ], [ -116.176424, 48.425401 ], [ -116.176299, 48.422615 ], [ -116.17806, 48.421026 ], [ -116.178455, 48.417677 ], [ -116.17718, 48.416287 ], [ -116.175839, 48.415466 ], [ -116.17235, 48.415592 ], [ -116.166906, 48.415158 ], [ -116.155748, 48.413112 ], [ -116.149864, 48.412203 ], [ -116.14376, 48.411928 ], [ -116.137648, 48.408298 ], [ -116.137465, 48.405847 ], [ -116.134332, 48.404132 ], [ -116.131992, 48.4016 ], [ -116.136015, 48.400456 ], [ -116.139951, 48.401427 ], [ -116.14306, 48.39917 ], [ -116.14166, 48.396581 ], [ -116.14195, 48.39463 ], [ -116.145081, 48.392151 ], [ -116.148969, 48.388261 ], [ -116.155416, 48.384784 ], [ -116.157498, 48.381671 ], [ -116.162722, 48.377122 ], [ -116.164444, 48.373928 ], [ -116.166828, 48.371763 ], [ -116.171514, 48.37018 ], [ -116.174757, 48.368228 ], [ -116.176909, 48.366097 ], [ -116.180859, 48.36026 ], [ -116.191887, 48.36144 ], [ -116.196706, 48.361781 ], [ -116.203292, 48.362544 ], [ -116.210752, 48.362445 ], [ -116.212072, 48.361445 ], [ -116.213395, 48.358726 ], [ -116.214843, 48.356906 ], [ -116.217649, 48.355968 ], [ -116.215746, 48.360839 ], [ -116.21835, 48.362237 ], [ -116.220744, 48.364296 ], [ -116.225048, 48.366905 ], [ -116.230824, 48.368551 ], [ -116.233105, 48.367526 ], [ -116.234108, 48.366105 ], [ -116.236856, 48.367897 ], [ -116.23918, 48.371076 ], [ -116.240155, 48.374443 ], [ -116.243278, 48.376317 ], [ -116.247173, 48.377045 ], [ -116.254712, 48.379539 ], [ -116.259997, 48.37992 ], [ -116.262748, 48.379362 ], [ -116.273171, 48.378329 ], [ -116.275105, 48.37895 ], [ -116.278719, 48.379088 ], [ -116.281148, 48.37854 ], [ -116.284844, 48.378897 ], [ -116.289676, 48.380895 ], [ -116.292138, 48.379754 ], [ -116.294912, 48.379848 ], [ -116.299704, 48.377244 ], [ -116.304569, 48.379536 ], [ -116.311418, 48.38178 ], [ -116.31933, 48.38405 ], [ -116.321714, 48.384003 ], [ -116.326636, 48.382588 ], [ -116.334026, 48.381366 ], [ -116.338542, 48.379444 ], [ -116.351926, 48.381415 ], [ -116.353984, 48.381484 ], [ -116.359008, 48.380744 ], [ -116.360959, 48.379757 ], [ -116.364457, 48.379715 ], [ -116.368114, 48.380176 ], [ -116.370593, 48.379563 ], [ -116.376359, 48.379257 ], [ -116.379497, 48.377224 ], [ -116.383655, 48.377909 ], [ -116.390962, 48.374071 ], [ -116.394582, 48.373588 ], [ -116.399511, 48.369557 ], [ -116.402891, 48.367808 ], [ -116.408635, 48.364297 ], [ -116.410666, 48.367744 ], [ -116.409127, 48.367909 ], [ -116.410949, 48.368967 ], [ -116.411825, 48.370825 ], [ -116.413558, 48.371245 ], [ -116.413602, 48.373106 ], [ -116.417097, 48.373812 ], [ -116.418652, 48.372991 ], [ -116.418677, 48.370622 ], [ -116.420055, 48.370603 ], [ -116.422834, 48.370661 ], [ -116.425539, 48.372422 ], [ -116.424279, 48.37353 ], [ -116.426913, 48.374618 ], [ -116.429768, 48.374067 ], [ -116.431868, 48.375609 ], [ -116.432289, 48.373363 ], [ -116.434087, 48.37405 ], [ -116.436819, 48.372855 ], [ -116.438524, 48.371045 ], [ -116.439918, 48.370997 ], [ -116.441353, 48.372465 ], [ -116.443239, 48.371853 ], [ -116.444315, 48.372605 ], [ -116.441922, 48.374501 ], [ -116.443591, 48.375322 ], [ -116.444144, 48.37403 ], [ -116.445852, 48.37372 ], [ -116.446072, 48.376146 ], [ -116.448907, 48.376393 ], [ -116.452274, 48.376001 ], [ -116.453775, 48.376317 ], [ -116.45706, 48.378827 ], [ -116.458958, 48.379085 ], [ -116.460258, 48.380182 ], [ -116.461057, 48.382781 ], [ -116.4604, 48.385307 ], [ -116.458789, 48.386281 ], [ -116.460169, 48.387317 ], [ -116.460306, 48.388573 ], [ -116.462787, 48.388513 ], [ -116.463797, 48.387533 ], [ -116.461487, 48.386322 ], [ -116.463476, 48.385806 ], [ -116.462875, 48.384214 ], [ -116.464178, 48.384242 ], [ -116.464869, 48.385377 ], [ -116.464416, 48.387271 ], [ -116.466015, 48.387702 ], [ -116.466184, 48.388699 ], [ -116.463787, 48.389042 ], [ -116.464648, 48.390693 ], [ -116.466735, 48.392677 ], [ -116.468827, 48.392442 ], [ -116.467358, 48.389427 ], [ -116.469175, 48.388989 ], [ -116.469001, 48.391039 ], [ -116.471543, 48.39091 ], [ -116.474253, 48.391559 ], [ -116.473518, 48.393289 ], [ -116.473563, 48.39652 ], [ -116.475664, 48.399494 ], [ -116.477042, 48.400337 ], [ -116.47856, 48.404211 ], [ -116.477215, 48.40423 ], [ -116.476171, 48.406184 ], [ -116.478094, 48.406343 ], [ -116.478137, 48.407597 ], [ -116.486176, 48.407582 ], [ -116.487696, 48.407076 ], [ -116.488629, 48.404646 ], [ -116.488887, 48.401333 ], [ -116.489947, 48.400501 ], [ -116.494332, 48.400375 ], [ -116.494285, 48.385944 ], [ -116.505244, 48.385893 ], [ -116.505364, 48.356995 ], [ -116.524851, 48.356848 ], [ -116.547427, 48.357179 ], [ -116.547135, 48.372183 ], [ -116.546567, 48.375322 ], [ -116.544765, 48.379064 ], [ -116.543392, 48.383437 ], [ -116.537703, 48.39367 ], [ -116.534568, 48.397524 ], [ -116.530295, 48.401036 ], [ -116.527649, 48.4058 ], [ -116.524128, 48.40949 ], [ -116.518698, 48.411743 ], [ -116.516781, 48.413748 ], [ -116.514875, 48.414789 ], [ -116.50854, 48.41683 ], [ -116.504703, 48.41842 ], [ -116.501581, 48.420205 ], [ -116.496744, 48.423892 ], [ -116.494732, 48.427538 ], [ -116.499088, 48.427404 ], [ -116.505385, 48.427676 ], [ -116.507628, 48.429017 ], [ -116.513862, 48.435825 ], [ -116.514301, 48.436653 ], [ -116.514382, 48.440746 ], [ -116.514896, 48.442162 ], [ -116.518967, 48.44628 ], [ -116.521225, 48.449265 ], [ -116.522773, 48.452209 ], [ -116.526282, 48.45366 ], [ -116.528201, 48.453893 ], [ -116.535011, 48.455614 ], [ -116.539457, 48.458462 ], [ -116.541218, 48.461223 ], [ -116.546147, 48.470193 ], [ -116.548216, 48.472939 ], [ -116.551563, 48.475367 ], [ -116.558248, 48.475744 ], [ -116.559785, 48.476377 ], [ -116.562027, 48.479555 ], [ -116.566385, 48.479721 ], [ -116.571118, 48.482176 ], [ -116.571827, 48.483105 ], [ -116.573014, 48.487111 ], [ -116.574665, 48.489782 ], [ -116.57577, 48.493554 ], [ -116.576463, 48.499994 ], [ -116.577132, 48.500928 ] ] ] } },
{ "type": "Feature", "properties": { "geoid": "16001001100", "county_name": "Ada County", "place_name": null, "state_name": "Idaho", "state_abbr": "ID", "is_rural": false, "dci_score": 14.8, "dci_quintile": 5.0, "is_cra_lmi": true, "income_level": "M", "is_persistent_poverty": false, "is_tribal_overlap": false, "tribal_area_name": null, "aian_pct": 0.0, "has_nmtc": true, "nmtc_projects": 7, "nmtc_total_usd": 36498200.0 }, "geometry": { "type": "Polygon", "coordinates": [ [ [ -116.279774, 43.659271 ], [ -116.279669, 43.660762 ], [ -116.275643, 43.659376 ], [ -116.272763, 43.657884 ], [ -116.268841, 43.654391 ], [ -116.268345, 43.653351 ], [ -116.263317, 43.650253 ], [ -116.263156, 43.651015 ], [ -116.260372, 43.646786 ], [ -116.256788, 43.645902 ], [ -116.254381, 43.644537 ], [ -116.253419, 43.644235 ], [ -116.251556, 43.643548 ], [ -116.249245, 43.640806 ], [ -116.244799, 43.63977 ], [ -116.244219, 43.63908 ], [ -116.243984, 43.63641 ], [ -116.243505, 43.635884 ], [ -116.243081, 43.636227 ], [ -116.241774, 43.636178 ], [ -116.240434, 43.633655 ], [ -116.238942, 43.631344 ], [ -116.236135, 43.62971 ], [ -116.234767, 43.628157 ], [ -116.235048, 43.625309 ], [ -116.235074, 43.625187 ], [ -116.234141, 43.621946 ], [ -116.231394, 43.620327 ], [ -116.230643, 43.620628 ], [ -116.229821, 43.62011 ], [ -116.228322, 43.61861 ], [ -116.230483, 43.618362 ], [ -116.236983, 43.619016 ], [ -116.237517, 43.619229 ], [ -116.240202, 43.620573 ], [ -116.244908, 43.621749 ], [ -116.248339, 43.625335 ], [ -116.253119, 43.628234 ], [ -116.255328, 43.63039 ], [ -116.257404, 43.633803 ], [ -116.259709, 43.635956 ], [ -116.265576, 43.637449 ], [ -116.266432, 43.640733 ], [ -116.268773, 43.642772 ], [ -116.277892, 43.644246 ], [ -116.27806, 43.646403 ], [ -116.279689, 43.648455 ], [ -116.279745, 43.649012 ], [ -116.279774, 43.659271 ] ] ] } },
{ "type": "Feature", "properties": { "geoid": "16061940001", "county_name": "Lewis County", "place_name": null, "state_name": "Idaho", "state_abbr": "ID", "is_rural": true, "dci_score": 70.1, "dci_quintile": 3.0, "is_cra_lmi": true, "income_level": "M", "is_persistent_poverty": false, "is_tribal_overlap": true, "tribal_area_name": "Nez Perce Reservation", "aian_pct": 0.0, "has_nmtc": false, "nmtc_projects": 0, "nmtc_total_usd": 0.0 }, "geometry": { "type": "Polygon", "coordinates": [ [ [ -116.180625, 46.273398 ], [ -116.178475, 46.273849 ], [ -116.173815, 46.276751 ], [ -116.169788, 46.275994 ], [ -116.164803, 46.278116 ], [ -116.163947, 46.280343 ], [ -116.162071, 46.282505 ], [ -116.156089, 46.282596 ], [ -116.152544, 46.283473 ], [ -116.150652, 46.284762 ], [ -116.145364, 46.286648 ], [ -116.1428, 46.286773 ], [ -116.141027, 46.287793 ], [ -116.141038, 46.289305 ], [ -116.142772, 46.292325 ], [ -116.141075, 46.296313 ], [ -116.141063, 46.30029 ], [ -116.140429, 46.301141 ], [ -116.138831, 46.300887 ], [ -116.133527, 46.301494 ], [ -116.127391, 46.30128 ], [ -116.127103, 46.298575 ], [ -116.122195, 46.294038 ], [ -116.120529, 46.292884 ], [ -116.115162, 46.287846 ], [ -116.114281, 46.286283 ], [ -116.112887, 46.285418 ], [ -116.107836, 46.283403 ], [ -116.10361, 46.281369 ], [ -116.102734, 46.28031 ], [ -116.095908, 46.276029 ], [ -116.094027, 46.273102 ], [ -116.093329, 46.269618 ], [ -116.091696, 46.266653 ], [ -116.088206, 46.263816 ], [ -116.083197, 46.261564 ], [ -116.079393, 46.26068 ], [ -116.077355, 46.259826 ], [ -116.073186, 46.256645 ], [ -116.06666, 46.256453 ], [ -116.062697, 46.255657 ], [ -116.058331, 46.254069 ], [ -116.053913, 46.25349 ], [ -116.051575, 46.253684 ], [ -116.04829, 46.253294 ], [ -116.044536, 46.251835 ], [ -116.042262, 46.250369 ], [ -116.041023, 46.24857 ], [ -116.040785, 46.244498 ], [ -116.039102, 46.241724 ], [ -116.036734, 46.240676 ], [ -116.031804, 46.239161 ], [ -116.029586, 46.238174 ], [ -116.025951, 46.235206 ], [ -116.019724, 46.232245 ], [ -116.017724, 46.230721 ], [ -116.016568, 46.230286 ], [ -116.012624, 46.225662 ], [ -116.015998, 46.224507 ], [ -116.017561, 46.223998 ], [ -116.0233, 46.222154 ], [ -116.025221, 46.220269 ], [ -116.034488, 46.215974 ], [ -116.03926, 46.213935 ], [ -116.042009, 46.212166 ], [ -116.045376, 46.212188 ], [ -116.050571, 46.210707 ], [ -116.054986, 46.209982 ], [ -116.05795, 46.210172 ], [ -116.060242, 46.211319 ], [ -116.061388, 46.210674 ], [ -116.064196, 46.211213 ], [ -116.065341, 46.212395 ], [ -116.068249, 46.210844 ], [ -116.071134, 46.21158 ], [ -116.072857, 46.210356 ], [ -116.073062, 46.208953 ], [ -116.079943, 46.20893 ], [ -116.082284, 46.208113 ], [ -116.085813, 46.208714 ], [ -116.088417, 46.207596 ], [ -116.092826, 46.208534 ], [ -116.094851, 46.208434 ], [ -116.098883, 46.209348 ], [ -116.106444, 46.210522 ], [ -116.116015, 46.210453 ], [ -116.120655, 46.210955 ], [ -116.122964, 46.212541 ], [ -116.121793, 46.213197 ], [ -116.120556, 46.215464 ], [ -116.119769, 46.219261 ], [ -116.119778, 46.220605 ], [ -116.121453, 46.224219 ], [ -116.121814, 46.225344 ], [ -116.124092, 46.226693 ], [ -116.125596, 46.228596 ], [ -116.128334, 46.229545 ], [ -116.129259, 46.23609 ], [ -116.130847, 46.237403 ], [ -116.134419, 46.239352 ], [ -116.137841, 46.240215 ], [ -116.141747, 46.24014 ], [ -116.145691, 46.24176 ], [ -116.149305, 46.242374 ], [ -116.149317, 46.25012 ], [ -116.160064, 46.252719 ], [ -116.180761, 46.252759 ], [ -116.180625, 46.273398 ] ] ] } },
{ "type": "Feature", "properties": { "geoid": "16011950502", "county_name": "Bingham County", "place_name": null, "state_name": "Idaho", "state_abbr": "ID", "is_rural": true, "dci_score": 48.6, "dci_quintile": 5.0, "is_cra_lmi": true, "income_level": "M", "is_persistent_poverty": false, "is_tribal_overlap": true, "tribal_area_name": "Fort Hall Reservation", "aian_pct": 0.0, "has_nmtc": false, "nmtc_projects": 0, "nmtc_total_usd": 0.0 }, "geometry": { "type": "Polygon", "coordinates": [ [ [ -112.505464, 43.128211 ], [ -112.504654, 43.131795 ], [ -112.504667, 43.134401 ], [ -112.503743, 43.13803 ], [ -112.502022, 43.139183 ], [ -112.500359, 43.13798 ], [ -112.497245, 43.137952 ], [ -112.495845, 43.136932 ], [ -112.493522, 43.137963 ], [ -112.494663, 43.143506 ], [ -112.496012, 43.1458 ], [ -112.498195, 43.146709 ], [ -112.498552, 43.149007 ], [ -112.497915, 43.14993 ], [ -112.495026, 43.151025 ], [ -112.493877, 43.151395 ], [ -112.491201, 43.15095 ], [ -112.490284, 43.149792 ], [ -112.486704, 43.148414 ], [ -112.484444, 43.145991 ], [ -112.482521, 43.146124 ], [ -112.479436, 43.145002 ], [ -112.477396, 43.146757 ], [ -112.470231, 43.146659 ], [ -112.466544, 43.145863 ], [ -112.463071, 43.14374 ], [ -112.460766, 43.143698 ], [ -112.458832, 43.144952 ], [ -112.459113, 43.14613 ], [ -112.461234, 43.147512 ], [ -112.461752, 43.149658 ], [ -112.460249, 43.15234 ], [ -112.459245, 43.152717 ], [ -112.455626, 43.152469 ], [ -112.452363, 43.15166 ], [ -112.449608, 43.152744 ], [ -112.449009, 43.156154 ], [ -112.451224, 43.157881 ], [ -112.453477, 43.158111 ], [ -112.451104, 43.159797 ], [ -112.442931, 43.160837 ], [ -112.441809, 43.163505 ], [ -112.439561, 43.164455 ], [ -112.438059, 43.163768 ], [ -112.437497, 43.162306 ], [ -112.434343, 43.162968 ], [ -112.429815, 43.162668 ], [ -112.424505, 43.164449 ], [ -112.42341, 43.165775 ], [ -112.424378, 43.168176 ], [ -112.426221, 43.168771 ], [ -112.426345, 43.171125 ], [ -112.423134, 43.171449 ], [ -112.420243, 43.17042 ], [ -112.41741, 43.171073 ], [ -112.41707, 43.172902 ], [ -112.418842, 43.175506 ], [ -112.418605, 43.176835 ], [ -112.414654, 43.177659 ], [ -112.410806, 43.176602 ], [ -112.4053, 43.176602 ], [ -112.403366, 43.17866 ], [ -112.402178, 43.178037 ], [ -112.399165, 43.17792 ], [ -112.397005, 43.180594 ], [ -112.392297, 43.180287 ], [ -112.390166, 43.182165 ], [ -112.386003, 43.183656 ], [ -112.383946, 43.185645 ], [ -112.383863, 43.187064 ], [ -112.386982, 43.189229 ], [ -112.385993, 43.192196 ], [ -112.383161, 43.195018 ], [ -112.375617, 43.196677 ], [ -112.371721, 43.19781 ], [ -112.370122, 43.19787 ], [ -112.368895, 43.198009 ], [ -112.366932, 43.198734 ], [ -112.365994, 43.199842 ], [ -112.363908, 43.198875 ], [ -112.359914, 43.202844 ], [ -112.351183, 43.203803 ], [ -112.349834, 43.204895 ], [ -112.346713, 43.205969 ], [ -112.346002, 43.204606 ], [ -112.346199, 43.194228 ], [ -112.341845, 43.191502 ], [ -112.342255, 43.190533 ], [ -112.345299, 43.187771 ], [ -112.345495, 43.187557 ], [ -112.353185, 43.180674 ], [ -112.358259, 43.176139 ], [ -112.359638, 43.175972 ], [ -112.364599, 43.177361 ], [ -112.368979, 43.177308 ], [ -112.37073, 43.177984 ], [ -112.371488, 43.177423 ], [ -112.374404, 43.177307 ], [ -112.377347, 43.17622 ], [ -112.379109, 43.174796 ], [ -112.380903, 43.175292 ], [ -112.383201, 43.173438 ], [ -112.388626, 43.170125 ], [ -112.391289, 43.168946 ], [ -112.391733, 43.167769 ], [ -112.393728, 43.166979 ], [ -112.398184, 43.16428 ], [ -112.399093, 43.162162 ], [ -112.401335, 43.161757 ], [ -112.403472, 43.161472 ], [ -112.403906, 43.163086 ], [ -112.405053, 43.162521 ], [ -112.404364, 43.161582 ], [ -112.406516, 43.15976 ], [ -112.40678, 43.158065 ], [ -112.40894, 43.156243 ], [ -112.410866, 43.156046 ], [ -112.412569, 43.155157 ], [ -112.412757, 43.153126 ], [ -112.413709, 43.153044 ], [ -112.417653, 43.1508 ], [ -112.41895, 43.149379 ], [ -112.419123, 43.147694 ], [ -112.423209, 43.14602 ], [ -112.427324, 43.14601 ], [ -112.4326, 43.146888 ], [ -112.434444, 43.144945 ], [ -112.434302, 43.143502 ], [ -112.436341, 43.143409 ], [ -112.437525, 43.141087 ], [ -112.438882, 43.141422 ], [ -112.438005, 43.142251 ], [ -112.439968, 43.143625 ], [ -112.443851, 43.143316 ], [ -112.445828, 43.142537 ], [ -112.447748, 43.142562 ], [ -112.449135, 43.141026 ], [ -112.450552, 43.142389 ], [ -112.453056, 43.142063 ], [ -112.454247, 43.139018 ], [ -112.456209, 43.138527 ], [ -112.459648, 43.138507 ], [ -112.460816, 43.137154 ], [ -112.462205, 43.136814 ], [ -112.462107, 43.13557 ], [ -112.46432, 43.135495 ], [ -112.469902, 43.132198 ], [ -112.470063, 43.131528 ], [ -112.473978, 43.13026 ], [ -112.47675, 43.130487 ], [ -112.47784, 43.130905 ], [ -112.479726, 43.129998 ], [ -112.481886, 43.130079 ], [ -112.483128, 43.131065 ], [ -112.484124, 43.134492 ], [ -112.48601, 43.134971 ], [ -112.488338, 43.134511 ], [ -112.489867, 43.132723 ], [ -112.488728, 43.13123 ], [ -112.491236, 43.12988 ], [ -112.491261, 43.128698 ], [ -112.49849, 43.128828 ], [ -112.499057, 43.128106 ], [ -112.502839, 43.127779 ], [ -112.50502, 43.127041 ], [ -112.506684, 43.127329 ], [ -112.505464, 43.128211 ] ] ] } },
{ "type": "Feature", "properties": { "geoid": "16005001601", "county_name": "Bannock County", "place_name": null, "state_name": "Idaho", "state_abbr": "ID", "is_rural": false, "dci_score": 45.1, "dci_quintile": 5.0, "is_cra_lmi": false, "income_level": "U", "is_persistent_poverty": false, "is_tribal_overlap": false, "tribal_area_name": null, "aian_pct": 0.0, "has_nmtc": false, "nmtc_projects": 0, "nmtc_total_usd": 0.0 }, "geometry": { "type": "Polygon", "coordinates": [ [ [ -112.477214, 42.885447 ], [ -112.476582, 42.887241 ], [ -112.466446, 42.878384 ], [ -112.461174, 42.873831 ], [ -112.4567, 42.869972 ], [ -112.447787, 42.862473 ], [ -112.449588, 42.862743 ], [ -112.454933, 42.859389 ], [ -112.459188, 42.862432 ], [ -112.461786, 42.862317 ], [ -112.464032, 42.863976 ], [ -112.463821, 42.865525 ], [ -112.469111, 42.873352 ], [ -112.471156, 42.878286 ], [ -112.473458, 42.881257 ], [ -112.476038, 42.883286 ], [ -112.476897, 42.884158 ], [ -112.477214, 42.885447 ] ] ] } },
{ "type": "Feature", "properties": { "geoid": "16083001201", "county_name": "Twin Falls County", "place_name": null, "state_name": "Idaho", "state_abbr": "ID", "is_rural": false, "dci_score": 35.5, "dci_quintile": 5.0, "is_cra_lmi": false, "income_level": "U", "is_persistent_poverty": false, "is_tribal_overlap": false, "tribal_area_name": null, "aian_pct": 0.0, "has_nmtc": false, "nmtc_projects": 0, "nmtc_total_usd": 0.0 }, "geometry": { "type": "Polygon", "coordinates": [ [ [ -114.499172, 42.522668 ], [ -114.499138, 42.524001 ], [ -114.499096, 42.535065 ], [ -114.492391, 42.534986 ], [ -114.490377, 42.534968 ], [ -114.489312, 42.534955 ], [ -114.484437, 42.534916 ], [ -114.483864, 42.534891 ], [ -114.479542, 42.534829 ], [ -114.477204, 42.534759 ], [ -114.47226, 42.534593 ], [ -114.46983, 42.534508 ], [ -114.469873, 42.53091 ], [ -114.469931, 42.524568 ], [ -114.469992, 42.519939 ], [ -114.470152, 42.519943 ], [ -114.470175, 42.514079 ], [ -114.472258, 42.514043 ], [ -114.471456, 42.515269 ], [ -114.473118, 42.51713 ], [ -114.475104, 42.517524 ], [ -114.479811, 42.516134 ], [ -114.479671, 42.520134 ], [ -114.489398, 42.520234 ], [ -114.491064, 42.520256 ], [ -114.494256, 42.520291 ], [ -114.499194, 42.520333 ], [ -114.499172, 42.522668 ] ] ] } }
]
}
