{
"type": "FeatureCollection",
"name": "20",
"crs": { "type": "name", "properties": { "name": "urn:ogc:def:crs:OGC:1.3:CRS84" } },
"features": [
{ "type": "Feature", "properties": { "geoid": "20009971700", "county_name": "Barton County", "place_name": null, "state_name": "Kansas", "state_abbr": "KS", "is_rural": true, "dci_score": 83.6, "dci_quintile": 2.0, "is_cra_lmi": false, "income_level": "U", "is_persistent_poverty": false, "is_tribal_overlap": false, "tribal_area_name": null, "aian_pct": 0.0, "has_nmtc": false, "nmtc_projects": 0, "nmtc_total_usd": 0.0 }, "geometry": { "type": "Polygon", "coordinates": [ [ [ -98.774233, 38.356119 ], [ -98.774308, 38.365423 ], [ -98.77434, 38.368646 ], [ -98.765176, 38.368693 ], [ -98.75672, 38.368737 ], [ -98.756091, 38.367424 ], [ -98.755894, 38.365542 ], [ -98.755798, 38.357888 ], [ -98.765075, 38.356173 ], [ -98.767929, 38.35562 ], [ -98.774343, 38.354679 ], [ -98.774233, 38.356119 ] ] ] } },
{ "type": "Feature", "properties": { "geoid": "20209041600", "county_name": "Wyandotte County", "place_name": "Great Bend", "state_name": "Kansas", "state_abbr": "KS", "is_rural": false, "dci_score": 86.8, "dci_quintile": 2.0, "is_cra_lmi": true, "income_level": "M", "is_persistent_poverty": false, "is_tribal_overlap": false, "tribal_area_name": null, "aian_pct": 0.0, "has_nmtc": true, "nmtc_projects": 1, "nmtc_total_usd": 16482500.0 }, "geometry": { "type": "Polygon", "coordinates": [ [ [ -94.662285, 39.113177 ], [ -94.659714, 39.113203 ], [ -94.661365, 39.11428 ], [ -94.661492, 39.116796 ], [ -94.661106, 39.12153 ], [ -94.661241, 39.122001 ], [ -94.653966, 39.123141 ], [ -94.653943, 39.122436 ], [ -94.649256, 39.122337 ], [ -94.649383, 39.119699 ], [ -94.649408, 39.11633 ], [ -94.649306, 39.11457 ], [ -94.649321, 39.111737 ], [ -94.649336, 39.109559 ], [ -94.649358, 39.106005 ], [ -94.654543, 39.107936 ], [ -94.657895, 39.109544 ], [ -94.659149, 39.109561 ], [ -94.6623, 39.109555 ], [ -94.662285, 39.113177 ] ] ] } },
{ "type": "Feature", "properties": { "geoid": "20209042800", "county_name": "Wyandotte County", "place_name": null, "state_name": "Kansas", "state_abbr": "KS", "is_rural": false, "dci_score": 74.1, "dci_quintile": 3.0, "is_cra_lmi": true, "income_level": "M", "is_persistent_poverty": false, "is_tribal_overlap": false, "tribal_area_name": null, "aian_pct": 0.0, "has_nmtc": false, "nmtc_projects": 0, "nmtc_total_usd": 0.0 }, "geometry": { "type": "Polygon", "coordinates": [ [ [ -94.668122, 39.07868 ], [ -94.66103, 39.076726 ], [ -94.650398, 39.074163 ], [ -94.650254, 39.074128 ], [ -94.650482, 39.072881 ], [ -94.650289, 39.068664 ], [ -94.649479, 39.066757 ], [ -94.646848, 39.062565 ], [ -94.646787, 39.062348 ], [ -94.646923, 39.06235 ], [ -94.660221, 39.062338 ], [ -94.661359, 39.062329 ], [ -94.667663, 39.062336 ], [ -94.667092, 39.064041 ], [ -94.66793, 39.067487 ], [ -94.666973, 39.071763 ], [ -94.666089, 39.073279 ], [ -94.665865, 39.076507 ], [ -94.668069, 39.076501 ], [ -94.668122, 39.07868 ] ] ] } },
{ "type": "Feature", "properties": { "geoid": "20209045100", "county_name": "Wyandotte County", "place_name": null, "state_name": "Kansas", "state_abbr": "KS", "is_rural": false, "dci_score": 67.9, "dci_quintile": 4.0, "is_cra_lmi": true, "income_level": "M", "is_persistent_poverty": false, "is_tribal_overlap": false, "tribal_area_name": null, "aian_pct": 0.0, "has_nmtc": true, "nmtc_projects": 1, "nmtc_total_usd": 0.0 }, "geometry": { "type": "Polygon", "coordinates": [ [ [ -94.627131, 39.060846 ], [ -94.621755, 39.065728 ], [ -94.620106, 39.067761 ], [ -94.619077, 39.071061 ], [ -94.613694, 39.067748 ], [ -94.613059, 39.066588 ], [ -94.612978, 39.064305 ], [ -94.61299, 39.060388 ], [ -94.612609, 39.05923 ], [ -94.612994, 39.057375 ], [ -94.614187, 39.057371 ], [ -94.614178, 39.051395 ], [ -94.621287, 39.051394 ], [ -94.621325, 39.052537 ], [ -94.623839, 39.05874 ], [ -94.624476, 39.0587 ], [ -94.628056, 39.058747 ], [ -94.627131, 39.060846 ] ] ] } },
{ "type": "Feature", "properties": { "geoid": "20169000400", "county_name": "Saline County", "place_name": "Kansas City", "state_name": "Kansas", "state_abbr": "KS", "is_rural": true, "dci_score": 53.1, "dci_quintile": 5.0, "is_cra_lmi": true, "income_level": "M", "is_persistent_poverty": false, "is_tribal_overlap": false, "tribal_area_name": null, "aian_pct": 0.0, "has_nmtc": false, "nmtc_projects": 0, "nmtc_total_usd": 0.0 }, "geometry": { "type": "Polygon", "coordinates": [ [ [ -97.625043, 38.827152 ], [ -97.621692, 38.827153 ], [ -97.618848, 38.827154 ], [ -97.612608, 38.827155 ], [ -97.612684, 38.819842 ], [ -97.612746, 38.812652 ], [ -97.61278, 38.809084 ], [ -97.612622, 38.807403 ], [ -97.613254, 38.807594 ], [ -97.618921, 38.812675 ], [ -97.624353, 38.817649 ], [ -97.625171, 38.819871 ], [ -97.625043, 38.827152 ] ] ] } },
{ "type": "Feature", "properties": { "geoid": "20037957000", "county_name": "Crawford County", "place_name": "Kansas City", "state_name": "Kansas", "state_abbr": "KS", "is_rural": true, "dci_score": 72.6, "dci_quintile": 3.0, "is_cra_lmi": false, "income_level": "U", "is_persistent_poverty": false, "is_tribal_overlap": false, "tribal_area_name": null, "aian_pct": 0.0, "has_nmtc": false, "nmtc_projects": 0, "nmtc_total_usd": 0.0 }, "geometry": { "type": "Polygon", "coordinates": [ [ [ -94.700354, 37.418184 ], [ -94.696628, 37.418161 ], [ -94.695871, 37.418569 ], [ -94.693114, 37.424941 ], [ -94.686477, 37.440326 ], [ -94.686552, 37.440323 ], [ -94.685635, 37.442492 ], [ -94.685267, 37.443192 ], [ -94.68413, 37.441156 ], [ -94.68406, 37.440243 ], [ -94.677476, 37.440213 ], [ -94.668045, 37.440131 ], [ -94.650097, 37.439958 ], [ -94.64985, 37.436463 ], [ -94.64345, 37.436422 ], [ -94.643201, 37.438526 ], [ -94.641684, 37.438893 ], [ -94.641149, 37.44001 ], [ -94.617133058441595, 37.440047635802799 ], [ -94.617132, 37.439818 ], [ -94.617264609259095, 37.4255779591116 ], [ -94.617265, 37.425536 ], [ -94.617510177366498, 37.410957913250101 ], [ -94.668521, 37.410983 ], [ -94.682205, 37.410943 ], [ -94.686654, 37.410946 ], [ -94.700355, 37.411063 ], [ -94.700354, 37.418184 ] ] ] } },
{ "type": "Feature", "properties": { "geoid": "20037957200", "county_name": "Crawford County", "place_name": "Kansas City", "state_name": "Kansas", "state_abbr": "KS", "is_rural": true, "dci_score": 72.6, "dci_quintile": 3.0, "is_cra_lmi": true, "income_level": "M", "is_persistent_poverty": false, "is_tribal_overlap": false, "tribal_area_name": null, "aian_pct": 0.0, "has_nmtc": false, "nmtc_projects": 0, "nmtc_total_usd": 0.0 }, "geometry": { "type": "Polygon", "coordinates": [ [ [ -94.779207, 37.440366 ], [ -94.778041, 37.440364 ], [ -94.767932, 37.440379 ], [ -94.74166, 37.440391 ], [ -94.723298, 37.440478 ], [ -94.721228, 37.44047 ], [ -94.713974, 37.44035 ], [ -94.709614, 37.440384 ], [ -94.706527, 37.440437 ], [ -94.704994, 37.440432 ], [ -94.704862, 37.42508 ], [ -94.704837, 37.418111 ], [ -94.709431, 37.41794 ], [ -94.709331, 37.411069 ], [ -94.710838, 37.411074 ], [ -94.72333, 37.411223 ], [ -94.723759, 37.411226 ], [ -94.727108, 37.411151 ], [ -94.73173, 37.411045 ], [ -94.758762, 37.411198 ], [ -94.778074, 37.411311 ], [ -94.778161, 37.425774 ], [ -94.778327, 37.438567 ], [ -94.778529, 37.438856 ], [ -94.778886, 37.439275 ], [ -94.779097, 37.439764 ], [ -94.779207, 37.440366 ] ] ] } },
{ "type": "Feature", "properties": { "geoid": "20111000400", "county_name": "Lyon County", "place_name": null, "state_name": "Kansas", "state_abbr": "KS", "is_rural": true, "dci_score": 63.1, "dci_quintile": 4.0, "is_cra_lmi": false, "income_level": "U", "is_persistent_poverty": false, "is_tribal_overlap": false, "tribal_area_name": null, "aian_pct": 0.0, "has_nmtc": false, "nmtc_projects": 0, "nmtc_total_usd": 0.0 }, "geometry": { "type": "Polygon", "coordinates": [ [ [ -96.189326, 38.40503 ], [ -96.189304, 38.408685 ], [ -96.189275, 38.412297 ], [ -96.189257, 38.415855 ], [ -96.189143, 38.419611 ], [ -96.181813, 38.419585 ], [ -96.181844, 38.415841 ], [ -96.181825, 38.412987 ], [ -96.181407, 38.412255 ], [ -96.180093, 38.412236 ], [ -96.180116, 38.408684 ], [ -96.180157, 38.404991 ], [ -96.186523, 38.405017 ], [ -96.186562, 38.401649 ], [ -96.189342, 38.401668 ], [ -96.189326, 38.40503 ] ] ] } },
{ "type": "Feature", "properties": { "geoid": "20125950200", "county_name": "Montgomery County", "place_name": null, "state_name": "Kansas", "state_abbr": "KS", "is_rural": true, "dci_score": 86.2, "dci_quintile": 2.0, "is_cra_lmi": true, "income_level": "M", "is_persistent_poverty": false, "is_tribal_overlap": false, "tribal_area_name": null, "aian_pct": 0.0, "has_nmtc": false, "nmtc_projects": 0, "nmtc_total_usd": 0.0 }, "geometry": { "type": "Polygon", "coordinates": [ [ [ -95.601974, 37.297119 ], [ -95.58236, 37.296517 ], [ -95.581211, 37.295982 ], [ -95.576664, 37.29627 ], [ -95.56658, 37.295957 ], [ -95.56577, 37.298115 ], [ -95.556993, 37.298065 ], [ -95.557194, 37.310436 ], [ -95.543031, 37.310189 ], [ -95.541066, 37.310948 ], [ -95.537353, 37.30997 ], [ -95.519366, 37.30993 ], [ -95.517976, 37.266376 ], [ -95.51798, 37.259019 ], [ -95.518017, 37.251718 ], [ -95.518631, 37.236933 ], [ -95.537677, 37.237701 ], [ -95.556453, 37.237888 ], [ -95.555878, 37.245202 ], [ -95.571511, 37.245022 ], [ -95.575387, 37.244962 ], [ -95.594086, 37.245911 ], [ -95.594548, 37.24516 ], [ -95.594554, 37.238962 ], [ -95.601863, 37.239116 ], [ -95.602078, 37.253584 ], [ -95.601974, 37.297119 ] ] ] } },
{ "type": "Feature", "properties": { "geoid": "20177002900", "county_name": "Shawnee County", "place_name": null, "state_name": "Kansas", "state_abbr": "KS", "is_rural": false, "dci_score": 59.5, "dci_quintile": 4.0, "is_cra_lmi": true, "income_level": "L", "is_persistent_poverty": false, "is_tribal_overlap": false, "tribal_area_name": null, "aian_pct": 0.0, "has_nmtc": false, "nmtc_projects": 0, "nmtc_total_usd": 0.0 }, "geometry": { "type": "Polygon", "coordinates": [ [ [ -95.687682, 38.993414 ], [ -95.687669, 38.994388 ], [ -95.687668, 39.00058 ], [ -95.68765, 39.004717 ], [ -95.687588, 39.015181 ], [ -95.681923, 39.015149 ], [ -95.679573, 39.015204 ], [ -95.678269, 39.015136 ], [ -95.674888, 39.015211 ], [ -95.670221, 39.015192 ], [ -95.670301, 39.007594 ], [ -95.670418, 39.004057 ], [ -95.670513, 39.000693 ], [ -95.670504, 38.997039 ], [ -95.670477, 38.994828 ], [ -95.675124, 38.992514 ], [ -95.67776, 38.991783 ], [ -95.687699, 38.991684 ], [ -95.687682, 38.993414 ] ] ] } },
{ "type": "Feature", "properties": { "geoid": "20091053556", "county_name": "Johnson County", "place_name": null, "state_name": "Kansas", "state_abbr": "KS", "is_rural": false, "dci_score": 11.8, "dci_quintile": 5.0, "is_cra_lmi": true, "income_level": "M", "is_persistent_poverty": false, "is_tribal_overlap": false, "tribal_area_name": null, "aian_pct": 0.0, "has_nmtc": false, "nmtc_projects": 0, "nmtc_total_usd": 0.0 }, "geometry": { "type": "Polygon", "coordinates": [ [ [ -94.806582, 38.873763 ], [ -94.806272, 38.875002 ], [ -94.803636, 38.880589 ], [ -94.802643, 38.882041 ], [ -94.801227, 38.883638 ], [ -94.79728, 38.883663 ], [ -94.791458, 38.88368 ], [ -94.794925, 38.873107 ], [ -94.795396, 38.872407 ], [ -94.796422, 38.871267 ], [ -94.800458, 38.867684 ], [ -94.802256, 38.867661 ], [ -94.806644, 38.867637 ], [ -94.806582, 38.873763 ] ] ] } },
{ "type": "Feature", "properties": { "geoid": "20091053502", "county_name": "Johnson County", "place_name": null, "state_name": "Kansas", "state_abbr": "KS", "is_rural": false, "dci_score": 5.2, "dci_quintile": 5.0, "is_cra_lmi": true, "income_level": "M", "is_persistent_poverty": false, "is_tribal_overlap": false, "tribal_area_name": null, "aian_pct": 0.0, "has_nmtc": false, "nmtc_projects": 0, "nmtc_total_usd": 0.0 }, "geometry": { "type": "Polygon", "coordinates": [ [ [ -94.795396, 38.872407 ], [ -94.794925, 38.873107 ], [ -94.791458, 38.88368 ], [ -94.791191, 38.883678 ], [ -94.788973, 38.883689 ], [ -94.779519, 38.883673 ], [ -94.779555, 38.875592 ], [ -94.779562, 38.869098 ], [ -94.785535, 38.869106 ], [ -94.791391, 38.869354 ], [ -94.792516, 38.870188 ], [ -94.794215, 38.871945 ], [ -94.795173, 38.872347 ], [ -94.795396, 38.872407 ] ] ] } },
{ "type": "Feature", "properties": { "geoid": "20173005300", "county_name": "Sedgwick County", "place_name": null, "state_name": "Kansas", "state_abbr": "KS", "is_rural": false, "dci_score": 80.3, "dci_quintile": 3.0, "is_cra_lmi": false, "income_level": "U", "is_persistent_poverty": false, "is_tribal_overlap": false, "tribal_area_name": null, "aian_pct": 0.0, "has_nmtc": false, "nmtc_projects": 0, "nmtc_total_usd": 0.0 }, "geometry": { "type": "Polygon", "coordinates": [ [ [ -97.370848, 37.644122 ], [ -97.367349, 37.644111 ], [ -97.36175, 37.644199 ], [ -97.361756, 37.645107 ], [ -97.361812, 37.651443 ], [ -97.361254, 37.651447 ], [ -97.352656, 37.651551 ], [ -97.352649, 37.649215 ], [ -97.352616, 37.645169 ], [ -97.352612, 37.644243 ], [ -97.352615, 37.639722 ], [ -97.35261, 37.638718 ], [ -97.352561, 37.630148 ], [ -97.352511, 37.627805 ], [ -97.370714, 37.628403 ], [ -97.370715, 37.628636 ], [ -97.370754, 37.633283 ], [ -97.370791, 37.636893 ], [ -97.370807, 37.638944 ], [ -97.370848, 37.644122 ] ] ] } },
{ "type": "Feature", "properties": { "geoid": "20173002700", "county_name": "Sedgwick County", "place_name": "Salina", "state_name": "Kansas", "state_abbr": "KS", "is_rural": false, "dci_score": 92.0, "dci_quintile": 1.0, "is_cra_lmi": true, "income_level": "L", "is_persistent_poverty": false, "is_tribal_overlap": false, "tribal_area_name": null, "aian_pct": 0.0, "has_nmtc": false, "nmtc_projects": 0, "nmtc_total_usd": 0.0 }, "geometry": { "type": "Polygon", "coordinates": [ [ [ -97.357584, 37.683963 ], [ -97.353025, 37.683977 ], [ -97.352991, 37.680531 ], [ -97.342811, 37.680762 ], [ -97.342713, 37.678875 ], [ -97.343765, 37.671695 ], [ -97.346122, 37.671791 ], [ -97.34933, 37.673234 ], [ -97.352894, 37.673285 ], [ -97.357425, 37.673257 ], [ -97.357428, 37.676577 ], [ -97.35749, 37.677891 ], [ -97.357576, 37.682241 ], [ -97.357584, 37.683963 ] ] ] } },
{ "type": "Feature", "properties": { "geoid": "20173003000", "county_name": "Sedgwick County", "place_name": null, "state_name": "Kansas", "state_abbr": "KS", "is_rural": false, "dci_score": 92.0, "dci_quintile": 1.0, "is_cra_lmi": true, "income_level": "M", "is_persistent_poverty": false, "is_tribal_overlap": false, "tribal_area_name": null, "aian_pct": 0.0, "has_nmtc": false, "nmtc_projects": 0, "nmtc_total_usd": 0.0 }, "geometry": { "type": "Polygon", "coordinates": [ [ [ -97.373564, 37.669433 ], [ -97.373583, 37.673138 ], [ -97.371101, 37.673162 ], [ -97.368828, 37.673174 ], [ -97.362649, 37.673227 ], [ -97.357425, 37.673257 ], [ -97.352894, 37.673285 ], [ -97.352854, 37.669812 ], [ -97.35393, 37.669176 ], [ -97.357382, 37.667552 ], [ -97.362568, 37.66485 ], [ -97.370988, 37.660492 ], [ -97.371055, 37.665896 ], [ -97.373584, 37.665886 ], [ -97.373564, 37.669433 ] ] ] } },
{ "type": "Feature", "properties": { "geoid": "20173006100", "county_name": "Sedgwick County", "place_name": null, "state_name": "Kansas", "state_abbr": "KS", "is_rural": false, "dci_score": 90.7, "dci_quintile": 1.0, "is_cra_lmi": true, "income_level": "M", "is_persistent_poverty": false, "is_tribal_overlap": false, "tribal_area_name": null, "aian_pct": 0.0, "has_nmtc": false, "nmtc_projects": 0, "nmtc_total_usd": 0.0 }, "geometry": { "type": "Polygon", "coordinates": [ [ [ -97.315578, 37.649889 ], [ -97.31056, 37.64992 ], [ -97.30998, 37.649925 ], [ -97.307928, 37.649942 ], [ -97.305093, 37.649966 ], [ -97.305003, 37.649967 ], [ -97.298746, 37.65001 ], [ -97.298788, 37.642353 ], [ -97.298793, 37.640553 ], [ -97.298855, 37.63507 ], [ -97.294254, 37.635067 ], [ -97.293289, 37.635067 ], [ -97.286188, 37.635099 ], [ -97.290337, 37.628017 ], [ -97.290503, 37.627799 ], [ -97.292567, 37.626078 ], [ -97.295262, 37.625243 ], [ -97.295363, 37.625707 ], [ -97.295794, 37.626817 ], [ -97.296485, 37.627962 ], [ -97.298051, 37.629739 ], [ -97.303325, 37.635157 ], [ -97.308029, 37.640085 ], [ -97.308965, 37.641377 ], [ -97.310579, 37.642708 ], [ -97.312299, 37.644531 ], [ -97.315578, 37.649889 ] ] ] } },
{ "type": "Feature", "properties": { "geoid": "20161000801", "county_name": "Riley County", "place_name": null, "state_name": "Kansas", "state_abbr": "KS", "is_rural": false, "dci_score": 55.2, "dci_quintile": 4.0, "is_cra_lmi": true, "income_level": "M", "is_persistent_poverty": false, "is_tribal_overlap": false, "tribal_area_name": null, "aian_pct": 0.0, "has_nmtc": false, "nmtc_projects": 0, "nmtc_total_usd": 0.0 }, "geometry": { "type": "Polygon", "coordinates": [ [ [ -96.583185, 39.186032 ], [ -96.578253, 39.186047 ], [ -96.57648, 39.186803 ], [ -96.571558, 39.186771 ], [ -96.569934, 39.186755 ], [ -96.560038, 39.18666 ], [ -96.560106, 39.183514 ], [ -96.560128, 39.18248 ], [ -96.56177, 39.181464 ], [ -96.565014, 39.181495 ], [ -96.566734, 39.18048 ], [ -96.566751, 39.179397 ], [ -96.570078, 39.179431 ], [ -96.573322, 39.179463 ], [ -96.574953, 39.179473 ], [ -96.578314, 39.179502 ], [ -96.58323, 39.179549 ], [ -96.583185, 39.186032 ] ] ] } },
{ "type": "Feature", "properties": { "geoid": "20035494000", "county_name": "Cowley County", "place_name": null, "state_name": "Kansas", "state_abbr": "KS", "is_rural": true, "dci_score": 81.5, "dci_quintile": 2.0, "is_cra_lmi": true, "income_level": "M", "is_persistent_poverty": false, "is_tribal_overlap": false, "tribal_area_name": null, "aian_pct": 0.0, "has_nmtc": false, "nmtc_projects": 0, "nmtc_total_usd": 0.0 }, "geometry": { "type": "Polygon", "coordinates": [ [ [ -97.060464, 37.053443 ], [ -97.059295, 37.056376 ], [ -97.057095, 37.060456 ], [ -97.057722, 37.063572 ], [ -97.056851, 37.06357 ], [ -97.048902, 37.063522 ], [ -97.048987, 37.064698 ], [ -97.041515, 37.064735 ], [ -97.039011, 37.064734 ], [ -97.036517, 37.064755 ], [ -97.036452, 37.052793 ], [ -97.038934, 37.052073 ], [ -97.038863, 37.041845 ], [ -97.039215, 37.039128 ], [ -97.039477, 37.039167 ], [ -97.044821, 37.039725 ], [ -97.050135, 37.041897 ], [ -97.053533, 37.043954 ], [ -97.059945, 37.050329 ], [ -97.060464, 37.053443 ] ] ] } },
{ "type": "Feature", "properties": { "geoid": "20045000301", "county_name": "Douglas County", "place_name": "Emporia", "state_name": "Kansas", "state_abbr": "KS", "is_rural": false, "dci_score": 63.4, "dci_quintile": 4.0, "is_cra_lmi": false, "income_level": "NA", "is_persistent_poverty": false, "is_tribal_overlap": false, "tribal_area_name": null, "aian_pct": 0.0, "has_nmtc": false, "nmtc_projects": 0, "nmtc_total_usd": 0.0 }, "geometry": { "type": "Polygon", "coordinates": [ [ [ -95.24988, 38.967515 ], [ -95.24291, 38.967516 ], [ -95.23591, 38.967515 ], [ -95.235906, 38.963779 ], [ -95.235904, 38.959993 ], [ -95.235902, 38.958175 ], [ -95.239404, 38.958173 ], [ -95.241704, 38.958161 ], [ -95.24289, 38.961895 ], [ -95.244079, 38.964324 ], [ -95.248713, 38.964304 ], [ -95.248713, 38.965651 ], [ -95.24988, 38.967515 ] ] ] } },
{ "type": "Feature", "properties": { "geoid": "20045000302", "county_name": "Douglas County", "place_name": "Cherryvale", "state_name": "Kansas", "state_abbr": "KS", "is_rural": false, "dci_score": 63.2, "dci_quintile": 4.0, "is_cra_lmi": true, "income_level": "M", "is_persistent_poverty": false, "is_tribal_overlap": false, "tribal_area_name": null, "aian_pct": 0.0, "has_nmtc": false, "nmtc_projects": 0, "nmtc_total_usd": 0.0 }, "geometry": { "type": "Polygon", "coordinates": [ [ [ -95.251131, 38.951355 ], [ -95.246585, 38.951384 ], [ -95.246588, 38.954186 ], [ -95.242996, 38.95523 ], [ -95.241803, 38.955235 ], [ -95.239411, 38.955316 ], [ -95.239404, 38.958173 ], [ -95.235902, 38.958175 ], [ -95.235899, 38.957034 ], [ -95.2359, 38.956983 ], [ -95.235901, 38.955216 ], [ -95.2359, 38.950071 ], [ -95.241801, 38.950114 ], [ -95.245391, 38.950104 ], [ -95.25113, 38.950058 ], [ -95.251131, 38.951355 ] ] ] } },
{ "type": "Feature", "properties": { "geoid": "20173009304", "county_name": "Sedgwick County", "place_name": null, "state_name": "Kansas", "state_abbr": "KS", "is_rural": false, "dci_score": 36.3, "dci_quintile": 5.0, "is_cra_lmi": true, "income_level": "M", "is_persistent_poverty": false, "is_tribal_overlap": false, "tribal_area_name": null, "aian_pct": 0.0, "has_nmtc": false, "nmtc_projects": 0, "nmtc_total_usd": 0.0 }, "geometry": { "type": "Polygon", "coordinates": [ [ [ -97.426244, 37.694391 ], [ -97.42283, 37.694446 ], [ -97.415844, 37.694589 ], [ -97.41342, 37.688338 ], [ -97.406363, 37.680045 ], [ -97.422606, 37.679931 ], [ -97.425968, 37.679887 ], [ -97.426079, 37.686708 ], [ -97.426087, 37.68714 ], [ -97.426244, 37.694391 ] ] ] } },
{ "type": "Feature", "properties": { "geoid": "20091051910", "county_name": "Johnson County", "place_name": null, "state_name": "Kansas", "state_abbr": "KS", "is_rural": false, "dci_score": 36.2, "dci_quintile": 5.0, "is_cra_lmi": false, "income_level": "U", "is_persistent_poverty": false, "is_tribal_overlap": false, "tribal_area_name": null, "aian_pct": 0.0, "has_nmtc": false, "nmtc_projects": 0, "nmtc_total_usd": 0.0 }, "geometry": { "type": "Polygon", "coordinates": [ [ [ -94.705045, 38.984823 ], [ -94.703578, 38.985695 ], [ -94.701362, 38.985708 ], [ -94.695721, 38.985737 ], [ -94.695704, 38.978466 ], [ -94.697451, 38.978728 ], [ -94.70029, 38.977632 ], [ -94.7003, 38.978297 ], [ -94.701941, 38.978392 ], [ -94.705016, 38.978376 ], [ -94.705045, 38.984823 ] ] ] } },
{ "type": "Feature", "properties": { "geoid": "20091052423", "county_name": "Johnson County", "place_name": null, "state_name": "Kansas", "state_abbr": "KS", "is_rural": false, "dci_score": 13.0, "dci_quintile": 5.0, "is_cra_lmi": true, "income_level": "M", "is_persistent_poverty": false, "is_tribal_overlap": false, "tribal_area_name": null, "aian_pct": 0.0, "has_nmtc": false, "nmtc_projects": 0, "nmtc_total_usd": 0.0 }, "geometry": { "type": "Polygon", "coordinates": [ [ [ -94.738884, 38.949596 ], [ -94.732919, 38.956526 ], [ -94.723637, 38.966283 ], [ -94.723636, 38.965947 ], [ -94.723633, 38.965438 ], [ -94.723608, 38.963847 ], [ -94.723595, 38.956535 ], [ -94.723592, 38.951902 ], [ -94.723578, 38.949399 ], [ -94.728243, 38.949328 ], [ -94.732889, 38.949325 ], [ -94.737986, 38.949324 ], [ -94.738622, 38.949527 ], [ -94.738884, 38.949596 ] ] ] } },
{ "type": "Feature", "properties": { "geoid": "20037957602", "county_name": "Crawford County", "place_name": "Topeka", "state_name": "Kansas", "state_abbr": "KS", "is_rural": true, "dci_score": 72.6, "dci_quintile": 3.0, "is_cra_lmi": true, "income_level": "M", "is_persistent_poverty": false, "is_tribal_overlap": false, "tribal_area_name": null, "aian_pct": 0.0, "has_nmtc": false, "nmtc_projects": 0, "nmtc_total_usd": 0.0 }, "geometry": { "type": "Polygon", "coordinates": [ [ [ -94.705051, 37.389156 ], [ -94.704929, 37.396412 ], [ -94.700511, 37.39639 ], [ -94.700447, 37.402323 ], [ -94.700393, 37.407355 ], [ -94.700355, 37.411063 ], [ -94.686654, 37.410946 ], [ -94.686886, 37.396361 ], [ -94.686834, 37.38906 ], [ -94.694802, 37.389118 ], [ -94.694798, 37.381813 ], [ -94.705208, 37.381795 ], [ -94.705051, 37.389156 ] ] ] } },
{ "type": "Feature", "properties": { "geoid": "20009971400", "county_name": "Barton County", "place_name": null, "state_name": "Kansas", "state_abbr": "KS", "is_rural": true, "dci_score": 83.6, "dci_quintile": 2.0, "is_cra_lmi": false, "income_level": "U", "is_persistent_poverty": false, "is_tribal_overlap": false, "tribal_area_name": null, "aian_pct": 0.0, "has_nmtc": false, "nmtc_projects": 0, "nmtc_total_usd": 0.0 }, "geometry": { "type": "Polygon", "coordinates": [ [ [ -98.774788, 38.390787 ], [ -98.756173, 38.390839 ], [ -98.755826, 38.379954 ], [ -98.755707, 38.376305 ], [ -98.755917, 38.367812 ], [ -98.756091, 38.367424 ], [ -98.75672, 38.368737 ], [ -98.765176, 38.368693 ], [ -98.77434, 38.368646 ], [ -98.774357, 38.370735 ], [ -98.774387, 38.376332 ], [ -98.774524, 38.382612 ], [ -98.774533, 38.382971 ], [ -98.774788, 38.390787 ] ] ] } },
{ "type": "Feature", "properties": { "geoid": "20209044001", "county_name": "Wyandotte County", "place_name": null, "state_name": "Kansas", "state_abbr": "KS", "is_rural": false, "dci_score": 80.2, "dci_quintile": 3.0, "is_cra_lmi": false, "income_level": "U", "is_persistent_poverty": false, "is_tribal_overlap": false, "tribal_area_name": null, "aian_pct": 0.0, "has_nmtc": false, "nmtc_projects": 0, "nmtc_total_usd": 0.0 }, "geometry": { "type": "Polygon", "coordinates": [ [ [ -94.797711, 39.101838 ], [ -94.797716, 39.104954 ], [ -94.797718, 39.105732 ], [ -94.783617, 39.104898 ], [ -94.779072, 39.10492 ], [ -94.760482, 39.105164 ], [ -94.756469, 39.105286 ], [ -94.747855, 39.106309 ], [ -94.745585, 39.106398 ], [ -94.739358, 39.106323 ], [ -94.739303, 39.106158 ], [ -94.737894, 39.102904 ], [ -94.736093, 39.10126 ], [ -94.733662, 39.100171 ], [ -94.728582, 39.099489 ], [ -94.724336, 39.098795 ], [ -94.722069, 39.098105 ], [ -94.719844, 39.097419 ], [ -94.735691, 39.087538 ], [ -94.736529, 39.08721 ], [ -94.74566, 39.087549 ], [ -94.760447, 39.087376 ], [ -94.774361, 39.087293 ], [ -94.779007, 39.087252 ], [ -94.797639, 39.087348 ], [ -94.797718, 39.100576 ], [ -94.797711, 39.101838 ] ] ] } },
{ "type": "Feature", "properties": { "geoid": "20209041100", "county_name": "Wyandotte County", "place_name": null, "state_name": "Kansas", "state_abbr": "KS", "is_rural": false, "dci_score": 96.3, "dci_quintile": 1.0, "is_cra_lmi": true, "income_level": "L", "is_persistent_poverty": false, "is_tribal_overlap": false, "tribal_area_name": null, "aian_pct": 0.0, "has_nmtc": false, "nmtc_projects": 0, "nmtc_total_usd": 0.0 }, "geometry": { "type": "Polygon", "coordinates": [ [ [ -94.635171, 39.128963 ], [ -94.630364, 39.125686 ], [ -94.626809, 39.125505 ], [ -94.626411, 39.124725 ], [ -94.621399, 39.12296 ], [ -94.616122, 39.121409 ], [ -94.614541, 39.122361 ], [ -94.613731, 39.123306 ], [ -94.615225, 39.118556 ], [ -94.616087, 39.118563 ], [ -94.617547, 39.118514 ], [ -94.621401, 39.118543 ], [ -94.6268, 39.118548 ], [ -94.63512, 39.118548 ], [ -94.635171, 39.128963 ] ] ] } },
{ "type": "Feature", "properties": { "geoid": "20209042100", "county_name": "Wyandotte County", "place_name": null, "state_name": "Kansas", "state_abbr": "KS", "is_rural": false, "dci_score": 86.8, "dci_quintile": 2.0, "is_cra_lmi": true, "income_level": "M", "is_persistent_poverty": false, "is_tribal_overlap": false, "tribal_area_name": null, "aian_pct": 0.0, "has_nmtc": false, "nmtc_projects": 0, "nmtc_total_usd": 0.0 }, "geometry": { "type": "Polygon", "coordinates": [ [ [ -94.649336, 39.109559 ], [ -94.64357, 39.109543 ], [ -94.643567, 39.109881 ], [ -94.640728, 39.109868 ], [ -94.640084, 39.109835 ], [ -94.63547, 39.109819 ], [ -94.635464, 39.108144 ], [ -94.635463, 39.107711 ], [ -94.635455, 39.106503 ], [ -94.635434, 39.104605 ], [ -94.635434, 39.100818 ], [ -94.643583, 39.10385 ], [ -94.649358, 39.106005 ], [ -94.649336, 39.109559 ] ] ] } },
{ "type": "Feature", "properties": { "geoid": "20209043600", "county_name": "Wyandotte County", "place_name": "Olathe", "state_name": "Kansas", "state_abbr": "KS", "is_rural": false, "dci_score": 74.1, "dci_quintile": 3.0, "is_cra_lmi": true, "income_level": "M", "is_persistent_poverty": false, "is_tribal_overlap": false, "tribal_area_name": null, "aian_pct": 0.0, "has_nmtc": false, "nmtc_projects": 0, "nmtc_total_usd": 0.0 }, "geometry": { "type": "Polygon", "coordinates": [ [ [ -94.714495, 39.054911 ], [ -94.700487, 39.054938 ], [ -94.699829, 39.057349 ], [ -94.697905, 39.058593 ], [ -94.695883, 39.058604 ], [ -94.693754, 39.058601 ], [ -94.686523, 39.058616 ], [ -94.679477, 39.058645 ], [ -94.679189, 39.058646 ], [ -94.679091, 39.053223 ], [ -94.678801, 39.048787 ], [ -94.678375, 39.047388 ], [ -94.677519, 39.045803 ], [ -94.675919, 39.044065 ], [ -94.686504, 39.044054 ], [ -94.691617, 39.044047 ], [ -94.698189, 39.04402 ], [ -94.700535, 39.044036 ], [ -94.705282, 39.043993 ], [ -94.714536, 39.044004 ], [ -94.714495, 39.054911 ] ] ] } },
{ "type": "Feature", "properties": { "geoid": "20209044303", "county_name": "Wyandotte County", "place_name": null, "state_name": "Kansas", "state_abbr": "KS", "is_rural": false, "dci_score": 80.5, "dci_quintile": 3.0, "is_cra_lmi": true, "income_level": "M", "is_persistent_poverty": false, "is_tribal_overlap": false, "tribal_area_name": null, "aian_pct": 0.0, "has_nmtc": false, "nmtc_projects": 0, "nmtc_total_usd": 0.0 }, "geometry": { "type": "Polygon", "coordinates": [ [ [ -94.733993, 39.136305 ], [ -94.715178, 39.136204 ], [ -94.711056, 39.136191 ], [ -94.707162, 39.136108 ], [ -94.70591, 39.135752 ], [ -94.705992, 39.12849 ], [ -94.709834, 39.128514 ], [ -94.715278, 39.12853 ], [ -94.717041, 39.128555 ], [ -94.733916, 39.128523 ], [ -94.733993, 39.136305 ] ] ] } },
{ "type": "Feature", "properties": { "geoid": "20103070500", "county_name": "Leavenworth County", "place_name": null, "state_name": "Kansas", "state_abbr": "KS", "is_rural": true, "dci_score": 70.9, "dci_quintile": 3.0, "is_cra_lmi": true, "income_level": "L", "is_persistent_poverty": false, "is_tribal_overlap": false, "tribal_area_name": null, "aian_pct": 0.0, "has_nmtc": false, "nmtc_projects": 0, "nmtc_total_usd": 0.0 }, "geometry": { "type": "Polygon", "coordinates": [ [ [ -94.927602, 39.300755 ], [ -94.920899, 39.300776 ], [ -94.917631, 39.300787 ], [ -94.913711, 39.300707 ], [ -94.913673, 39.303167 ], [ -94.913655, 39.304733 ], [ -94.910074, 39.305541 ], [ -94.909219, 39.303589 ], [ -94.906467, 39.304203 ], [ -94.905118, 39.301022 ], [ -94.900864315537106, 39.301797284477203 ], [ -94.900724488062707, 39.301521976496403 ], [ -94.900049, 39.300192 ], [ -94.895217, 39.294208 ], [ -94.889935301279294, 39.289206533548104 ], [ -94.890325, 39.288795 ], [ -94.894536, 39.288607 ], [ -94.896165, 39.288765 ], [ -94.899693, 39.28878 ], [ -94.899746, 39.277504 ], [ -94.899773, 39.27429 ], [ -94.89193, 39.274219 ], [ -94.891255, 39.273955 ], [ -94.890458, 39.272654 ], [ -94.890474, 39.270547 ], [ -94.890593, 39.26689 ], [ -94.895958, 39.266934 ], [ -94.898238, 39.266954 ], [ -94.899848, 39.266968 ], [ -94.901371, 39.266958 ], [ -94.918581, 39.266775 ], [ -94.918481, 39.274001 ], [ -94.918472, 39.284107 ], [ -94.918469, 39.288584 ], [ -94.921669, 39.288579 ], [ -94.921599, 39.292199 ], [ -94.923108, 39.292196 ], [ -94.923115, 39.295816 ], [ -94.926123, 39.295793 ], [ -94.927675, 39.297632 ], [ -94.927602, 39.300755 ] ] ] } },
{ "type": "Feature", "properties": { "geoid": "20169000300", "county_name": "Saline County", "place_name": "Olathe", "state_name": "Kansas", "state_abbr": "KS", "is_rural": true, "dci_score": 53.1, "dci_quintile": 5.0, "is_cra_lmi": true, "income_level": "M", "is_persistent_poverty": false, "is_tribal_overlap": false, "tribal_area_name": null, "aian_pct": 0.0, "has_nmtc": false, "nmtc_projects": 0, "nmtc_total_usd": 0.0 }, "geometry": { "type": "Polygon", "coordinates": [ [ [ -97.645516, 38.839198 ], [ -97.636848, 38.841683 ], [ -97.628136, 38.844315 ], [ -97.626413, 38.844837 ], [ -97.612424, 38.849226 ], [ -97.612424, 38.842864 ], [ -97.612424, 38.841619 ], [ -97.612424, 38.840535 ], [ -97.612446, 38.838114 ], [ -97.612492, 38.83436 ], [ -97.612541, 38.831287 ], [ -97.612608, 38.827155 ], [ -97.618848, 38.827154 ], [ -97.621692, 38.827153 ], [ -97.625043, 38.827152 ], [ -97.639897, 38.827147 ], [ -97.640655, 38.82898 ], [ -97.645516, 38.839198 ] ] ] } },
{ "type": "Feature", "properties": { "geoid": "20045000400", "county_name": "Douglas County", "place_name": null, "state_name": "Kansas", "state_abbr": "KS", "is_rural": false, "dci_score": 57.6, "dci_quintile": 4.0, "is_cra_lmi": false, "income_level": "NA", "is_persistent_poverty": false, "is_tribal_overlap": false, "tribal_area_name": null, "aian_pct": 0.0, "has_nmtc": false, "nmtc_projects": 0, "nmtc_total_usd": 0.0 }, "geometry": { "type": "Polygon", "coordinates": [ [ [ -95.279053, 38.955701 ], [ -95.279048, 38.957006 ], [ -95.274632, 38.957017 ], [ -95.260469, 38.956912 ], [ -95.259645, 38.956985 ], [ -95.254911, 38.957055 ], [ -95.254899, 38.95848 ], [ -95.251105, 38.958891 ], [ -95.251056, 38.963407 ], [ -95.248713, 38.964304 ], [ -95.244079, 38.964324 ], [ -95.24289, 38.961895 ], [ -95.241704, 38.958161 ], [ -95.239404, 38.958173 ], [ -95.239411, 38.955316 ], [ -95.241803, 38.955235 ], [ -95.242996, 38.95523 ], [ -95.246588, 38.954186 ], [ -95.246585, 38.951384 ], [ -95.251131, 38.951355 ], [ -95.25113, 38.950058 ], [ -95.260489, 38.949966 ], [ -95.2605, 38.942693 ], [ -95.269573, 38.942685 ], [ -95.269793, 38.949948 ], [ -95.27827, 38.949937 ], [ -95.279098, 38.951223 ], [ -95.279053, 38.955701 ] ] ] } },
{ "type": "Feature", "properties": { "geoid": "20037957500", "county_name": "Crawford County", "place_name": null, "state_name": "Kansas", "state_abbr": "KS", "is_rural": true, "dci_score": 72.6, "dci_quintile": 3.0, "is_cra_lmi": true, "income_level": "M", "is_persistent_poverty": false, "is_tribal_overlap": false, "tribal_area_name": null, "aian_pct": 0.0, "has_nmtc": true, "nmtc_projects": 2, "nmtc_total_usd": 14600000.0 }, "geometry": { "type": "Polygon", "coordinates": [ [ [ -94.710838, 37.411074 ], [ -94.709331, 37.411069 ], [ -94.709431, 37.41794 ], [ -94.704837, 37.418111 ], [ -94.700354, 37.418184 ], [ -94.700355, 37.411063 ], [ -94.700393, 37.407355 ], [ -94.700447, 37.402323 ], [ -94.700511, 37.39639 ], [ -94.704929, 37.396412 ], [ -94.709485, 37.396545 ], [ -94.709469, 37.402342 ], [ -94.709451, 37.40482 ], [ -94.709735, 37.406945 ], [ -94.709414, 37.407405 ], [ -94.710846, 37.409035 ], [ -94.710838, 37.411074 ] ] ] } },
{ "type": "Feature", "properties": { "geoid": "20177003100", "county_name": "Shawnee County", "place_name": null, "state_name": "Kansas", "state_abbr": "KS", "is_rural": false, "dci_score": 88.1, "dci_quintile": 2.0, "is_cra_lmi": true, "income_level": "M", "is_persistent_poverty": false, "is_tribal_overlap": false, "tribal_area_name": null, "aian_pct": 0.0, "has_nmtc": true, "nmtc_projects": 2, "nmtc_total_usd": 16685000.0 }, "geometry": { "type": "Polygon", "coordinates": [ [ [ -95.651489, 39.020707 ], [ -95.651312, 39.026086 ], [ -95.651157, 39.029818 ], [ -95.651027, 39.034878 ], [ -95.650725, 39.044256 ], [ -95.648096, 39.044268 ], [ -95.644913, 39.044306 ], [ -95.643796, 39.044269 ], [ -95.640892, 39.044266 ], [ -95.632557, 39.044237 ], [ -95.622775, 39.044246 ], [ -95.617596, 39.044272 ], [ -95.614719, 39.044267 ], [ -95.613526, 39.044283 ], [ -95.613557, 39.042803 ], [ -95.613703, 39.03701 ], [ -95.6138, 39.034256 ], [ -95.613862, 39.032623 ], [ -95.613901, 39.030953 ], [ -95.613946, 39.030502 ], [ -95.613976, 39.029258 ], [ -95.614019, 39.02754 ], [ -95.614053, 39.025571 ], [ -95.614237, 39.015141 ], [ -95.623498, 39.01516 ], [ -95.62925, 39.015167 ], [ -95.630809, 39.015173 ], [ -95.632092, 39.015179 ], [ -95.632404, 39.01518 ], [ -95.632966, 39.015182 ], [ -95.639487, 39.015196 ], [ -95.640243, 39.015198 ], [ -95.640871, 39.015202 ], [ -95.650219, 39.015211 ], [ -95.651652, 39.015132 ], [ -95.651489, 39.020707 ] ] ] } },
{ "type": "Feature", "properties": { "geoid": "20177001100", "county_name": "Shawnee County", "place_name": "Wichita", "state_name": "Kansas", "state_abbr": "KS", "is_rural": false, "dci_score": 99.3, "dci_quintile": 1.0, "is_cra_lmi": true, "income_level": "L", "is_persistent_poverty": false, "is_tribal_overlap": false, "tribal_area_name": null, "aian_pct": 0.0, "has_nmtc": false, "nmtc_projects": 0, "nmtc_total_usd": 0.0 }, "geometry": { "type": "Polygon", "coordinates": [ [ [ -95.66161, 39.047764 ], [ -95.661115, 39.048516 ], [ -95.659852, 39.051381 ], [ -95.658368, 39.054897 ], [ -95.653896, 39.053837 ], [ -95.652028, 39.053669 ], [ -95.642797, 39.054122 ], [ -95.640771, 39.054361 ], [ -95.631817, 39.05499 ], [ -95.632181, 39.051555 ], [ -95.627822, 39.051379 ], [ -95.634464, 39.04905 ], [ -95.633026, 39.047244 ], [ -95.633738, 39.045933 ], [ -95.632557, 39.044237 ], [ -95.640892, 39.044266 ], [ -95.643796, 39.044269 ], [ -95.644913, 39.044306 ], [ -95.648096, 39.044268 ], [ -95.650725, 39.044256 ], [ -95.660044, 39.044249 ], [ -95.665223, 39.044194 ], [ -95.66161, 39.047764 ] ] ] } },
{ "type": "Feature", "properties": { "geoid": "20177001601", "county_name": "Shawnee County", "place_name": null, "state_name": "Kansas", "state_abbr": "KS", "is_rural": false, "dci_score": 60.9, "dci_quintile": 4.0, "is_cra_lmi": false, "income_level": "U", "is_persistent_poverty": false, "is_tribal_overlap": false, "tribal_area_name": null, "aian_pct": 0.0, "has_nmtc": false, "nmtc_projects": 0, "nmtc_total_usd": 0.0 }, "geometry": { "type": "Polygon", "coordinates": [ [ [ -95.724973, 39.022178 ], [ -95.724931, 39.029489 ], [ -95.723784, 39.029502 ], [ -95.715574, 39.029566 ], [ -95.710961, 39.029627 ], [ -95.706225, 39.029708 ], [ -95.696898, 39.029702 ], [ -95.696911, 39.025453 ], [ -95.696922, 39.024341 ], [ -95.696935, 39.022421 ], [ -95.696972, 39.019619 ], [ -95.697017, 39.015124 ], [ -95.706324, 39.01514 ], [ -95.711579, 39.015061 ], [ -95.712331, 39.015049 ], [ -95.71616, 39.016643 ], [ -95.718822, 39.015961 ], [ -95.722538, 39.016879 ], [ -95.724308, 39.018397 ], [ -95.725009, 39.017437 ], [ -95.724973, 39.022178 ] ] ] } },
{ "type": "Feature", "properties": { "geoid": "20061000500", "county_name": "Geary County", "place_name": "Wichita", "state_name": "Kansas", "state_abbr": "KS", "is_rural": true, "dci_score": 67.8, "dci_quintile": 4.0, "is_cra_lmi": false, "income_level": "U", "is_persistent_poverty": false, "is_tribal_overlap": false, "tribal_area_name": null, "aian_pct": 0.0, "has_nmtc": false, "nmtc_projects": 0, "nmtc_total_usd": 0.0 }, "geometry": { "type": "Polygon", "coordinates": [ [ [ -96.84101, 39.030345 ], [ -96.839111, 39.030342 ], [ -96.831436, 39.030342 ], [ -96.82946, 39.03036 ], [ -96.829475, 39.028234 ], [ -96.818378, 39.028233 ], [ -96.818414, 39.027382 ], [ -96.816515, 39.026228 ], [ -96.816521, 39.023843 ], [ -96.81647, 39.021489 ], [ -96.816033, 39.020366 ], [ -96.825615, 39.012383 ], [ -96.830958, 39.009602 ], [ -96.835031, 39.00757 ], [ -96.835237, 39.008563 ], [ -96.835027, 39.010399 ], [ -96.835201, 39.015697 ], [ -96.837133, 39.015696 ], [ -96.837162, 39.018855 ], [ -96.837164, 39.019884 ], [ -96.839068, 39.019869 ], [ -96.839079, 39.02615 ], [ -96.841008, 39.026147 ], [ -96.84101, 39.030345 ] ] ] } },
{ "type": "Feature", "properties": { "geoid": "20155000100", "county_name": "Reno County", "place_name": "Wichita", "state_name": "Kansas", "state_abbr": "KS", "is_rural": true, "dci_score": 30.3, "dci_quintile": 5.0, "is_cra_lmi": false, "income_level": "U", "is_persistent_poverty": false, "is_tribal_overlap": false, "tribal_area_name": null, "aian_pct": 0.0, "has_nmtc": false, "nmtc_projects": 0, "nmtc_total_usd": 0.0 }, "geometry": { "type": "Polygon", "coordinates": [ [ [ -97.912993, 38.085119 ], [ -97.91298, 38.086558 ], [ -97.91299, 38.088107 ], [ -97.909375, 38.088101 ], [ -97.910636, 38.09063 ], [ -97.908581, 38.091153 ], [ -97.903774, 38.090591 ], [ -97.903788, 38.093791 ], [ -97.903784, 38.094171 ], [ -97.903774, 38.101044 ], [ -97.894559, 38.101048 ], [ -97.893108, 38.101046 ], [ -97.892294, 38.101045 ], [ -97.885384, 38.101031 ], [ -97.876176, 38.101041 ], [ -97.875254, 38.10104 ], [ -97.875197, 38.09972 ], [ -97.875423, 38.097475 ], [ -97.875704, 38.096213 ], [ -97.875874, 38.095667 ], [ -97.87616, 38.094852 ], [ -97.880949, 38.086513 ], [ -97.886224, 38.078249 ], [ -97.888008, 38.076767 ], [ -97.895201, 38.072215 ], [ -97.901789, 38.072198 ], [ -97.903875, 38.072195 ], [ -97.903844, 38.075657 ], [ -97.903811, 38.079389 ], [ -97.90876, 38.079378 ], [ -97.908879, 38.084431 ], [ -97.908992, 38.084638 ], [ -97.912996, 38.084737 ], [ -97.912993, 38.085119 ] ] ] } },
{ "type": "Feature", "properties": { "geoid": "20155000600", "county_name": "Reno County", "place_name": "Wichita", "state_name": "Kansas", "state_abbr": "KS", "is_rural": true, "dci_score": 93.9, "dci_quintile": 1.0, "is_cra_lmi": true, "income_level": "L", "is_persistent_poverty": false, "is_tribal_overlap": false, "tribal_area_name": null, "aian_pct": 0.0, "has_nmtc": false, "nmtc_projects": 0, "nmtc_total_usd": 0.0 }, "geometry": { "type": "Polygon", "coordinates": [ [ [ -97.941345, 38.054706 ], [ -97.940568, 38.060746 ], [ -97.931859, 38.060746 ], [ -97.92203, 38.060773 ], [ -97.922037, 38.059468 ], [ -97.922467, 38.054821 ], [ -97.922467, 38.050989 ], [ -97.922451, 38.047474 ], [ -97.930105, 38.04715 ], [ -97.93182, 38.047165 ], [ -97.94032, 38.047061 ], [ -97.941346, 38.046932 ], [ -97.941345, 38.054706 ] ] ] } },
{ "type": "Feature", "properties": { "geoid": "20173000700", "county_name": "Sedgwick County", "place_name": null, "state_name": "Kansas", "state_abbr": "KS", "is_rural": false, "dci_score": 87.3, "dci_quintile": 2.0, "is_cra_lmi": true, "income_level": "M", "is_persistent_poverty": false, "is_tribal_overlap": false, "tribal_area_name": null, "aian_pct": 0.0, "has_nmtc": true, "nmtc_projects": 1, "nmtc_total_usd": 16780000.0 }, "geometry": { "type": "Polygon", "coordinates": [ [ [ -97.318806, 37.722668 ], [ -97.317919, 37.725583 ], [ -97.317294, 37.728598 ], [ -97.315637, 37.729949 ], [ -97.30816, 37.730006 ], [ -97.308167, 37.726356 ], [ -97.308164, 37.72271 ], [ -97.299048, 37.722765 ], [ -97.299046, 37.715513 ], [ -97.301346, 37.715494 ], [ -97.305888, 37.715457 ], [ -97.310466, 37.715424 ], [ -97.314013, 37.715399 ], [ -97.317338, 37.71538 ], [ -97.318707, 37.721526 ], [ -97.318806, 37.722668 ] ] ] } },
{ "type": "Feature", "properties": { "geoid": "20173010109", "county_name": "Sedgwick County", "place_name": null, "state_name": "Kansas", "state_abbr": "KS", "is_rural": false, "dci_score": 31.6, "dci_quintile": 5.0, "is_cra_lmi": true, "income_level": "M", "is_persistent_poverty": false, "is_tribal_overlap": false, "tribal_area_name": null, "aian_pct": 0.0, "has_nmtc": false, "nmtc_projects": 0, "nmtc_total_usd": 0.0 }, "geometry": { "type": "Polygon", "coordinates": [ [ [ -97.262286, 37.723004 ], [ -97.253928, 37.723011 ], [ -97.253607, 37.723011 ], [ -97.244601, 37.723022 ], [ -97.236293, 37.723023 ], [ -97.22626, 37.723027 ], [ -97.226243, 37.718983 ], [ -97.226226, 37.715604 ], [ -97.244625, 37.715575 ], [ -97.262298, 37.715551 ], [ -97.262286, 37.723004 ] ] ] } },
{ "type": "Feature", "properties": { "geoid": "20077961800", "county_name": "Harper County", "place_name": "Manhattan", "state_name": "Kansas", "state_abbr": "KS", "is_rural": true, "dci_score": 90.0, "dci_quintile": 2.0, "is_cra_lmi": false, "income_level": "U", "is_persistent_poverty": false, "is_tribal_overlap": false, "tribal_area_name": null, "aian_pct": 0.0, "has_nmtc": false, "nmtc_projects": 0, "nmtc_total_usd": 0.0 }, "geometry": { "type": "Polygon", "coordinates": [ [ [ -98.075791, 37.171603 ], [ -98.075661, 37.195386 ], [ -98.057308, 37.19548 ], [ -98.050883, 37.19552 ], [ -98.02081, 37.195685 ], [ -97.966347, 37.196233 ], [ -97.966204, 37.152582 ], [ -97.96609, 37.123696 ], [ -98.030036, 37.123125 ], [ -98.038814, 37.122773 ], [ -98.04209, 37.123066 ], [ -98.042807, 37.123072 ], [ -98.04681, 37.123043 ], [ -98.048167, 37.123037 ], [ -98.049742, 37.123022 ], [ -98.05275, 37.123007 ], [ -98.054622, 37.121386 ], [ -98.057089, 37.120109 ], [ -98.066269, 37.11584 ], [ -98.066604, 37.151871 ], [ -98.075804, 37.1517 ], [ -98.075791, 37.171603 ] ] ] } },
{ "type": "Feature", "properties": { "geoid": "20161000500", "county_name": "Riley County", "place_name": null, "state_name": "Kansas", "state_abbr": "KS", "is_rural": false, "dci_score": 55.2, "dci_quintile": 4.0, "is_cra_lmi": false, "income_level": "U", "is_persistent_poverty": false, "is_tribal_overlap": false, "tribal_area_name": null, "aian_pct": 0.0, "has_nmtc": false, "nmtc_projects": 0, "nmtc_total_usd": 0.0 }, "geometry": { "type": "Polygon", "coordinates": [ [ [ -96.576391, 39.189967 ], [ -96.576312, 39.195189 ], [ -96.57615, 39.206229 ], [ -96.572041, 39.207535 ], [ -96.571162, 39.207962 ], [ -96.569613, 39.206355 ], [ -96.563746, 39.199985 ], [ -96.56332, 39.199378 ], [ -96.560432, 39.191766 ], [ -96.560458, 39.190529 ], [ -96.560152, 39.189816 ], [ -96.559988, 39.189238 ], [ -96.560038, 39.18666 ], [ -96.569934, 39.186755 ], [ -96.571558, 39.186771 ], [ -96.57648, 39.186803 ], [ -96.576391, 39.189967 ] ] ] } },
{ "type": "Feature", "properties": { "geoid": "20173000300", "county_name": "Sedgwick County", "place_name": null, "state_name": "Kansas", "state_abbr": "KS", "is_rural": false, "dci_score": 91.6, "dci_quintile": 1.0, "is_cra_lmi": true, "income_level": "M", "is_persistent_poverty": false, "is_tribal_overlap": false, "tribal_area_name": null, "aian_pct": 0.0, "has_nmtc": false, "nmtc_projects": 0, "nmtc_total_usd": 0.0 }, "geometry": { "type": "Polygon", "coordinates": [ [ [ -97.349264, 37.722552 ], [ -97.345965, 37.722555 ], [ -97.34133, 37.722584 ], [ -97.335585, 37.722595 ], [ -97.335582, 37.718958 ], [ -97.335578, 37.717136 ], [ -97.335568, 37.715337 ], [ -97.335561, 37.713145 ], [ -97.335566, 37.71168 ], [ -97.338633, 37.711671 ], [ -97.338564, 37.708046 ], [ -97.336861, 37.708049 ], [ -97.336868, 37.704436 ], [ -97.33689, 37.697532 ], [ -97.338158, 37.697528 ], [ -97.340663, 37.697513 ], [ -97.341728, 37.697507 ], [ -97.341978, 37.701231 ], [ -97.344522, 37.701231 ], [ -97.344524, 37.70436 ], [ -97.348348, 37.704344 ], [ -97.348337, 37.705609 ], [ -97.348403, 37.706325 ], [ -97.346091, 37.707416 ], [ -97.346909, 37.711815 ], [ -97.345655, 37.715634 ], [ -97.345576, 37.717087 ], [ -97.346586, 37.719459 ], [ -97.3493, 37.721771 ], [ -97.349264, 37.722552 ] ] ] } },
{ "type": "Feature", "properties": { "geoid": "20173006900", "county_name": "Sedgwick County", "place_name": "Arkansas City", "state_name": "Kansas", "state_abbr": "KS", "is_rural": false, "dci_score": 83.1, "dci_quintile": 2.0, "is_cra_lmi": true, "income_level": "M", "is_persistent_poverty": false, "is_tribal_overlap": false, "tribal_area_name": null, "aian_pct": 0.0, "has_nmtc": false, "nmtc_projects": 0, "nmtc_total_usd": 0.0 }, "geometry": { "type": "Polygon", "coordinates": [ [ [ -97.271319, 37.675587 ], [ -97.271298, 37.679176 ], [ -97.271263, 37.67952 ], [ -97.262147, 37.679487 ], [ -97.262147, 37.679316 ], [ -97.262153, 37.679042 ], [ -97.262137, 37.673746 ], [ -97.262129, 37.671925 ], [ -97.262134, 37.670109 ], [ -97.262134, 37.664637 ], [ -97.267261, 37.664655 ], [ -97.271291, 37.664669 ], [ -97.27131, 37.671944 ], [ -97.271319, 37.675587 ] ] ] } },
{ "type": "Feature", "properties": { "geoid": "20173004000", "county_name": "Sedgwick County", "place_name": null, "state_name": "Kansas", "state_abbr": "KS", "is_rural": false, "dci_score": 92.4, "dci_quintile": 1.0, "is_cra_lmi": true, "income_level": "M", "is_persistent_poverty": false, "is_tribal_overlap": false, "tribal_area_name": null, "aian_pct": 0.0, "has_nmtc": false, "nmtc_projects": 0, "nmtc_total_usd": 0.0 }, "geometry": { "type": "Polygon", "coordinates": [ [ [ -97.348761, 37.657015 ], [ -97.347926, 37.660822 ], [ -97.34623, 37.664547 ], [ -97.34524, 37.664273 ], [ -97.346452, 37.661395 ], [ -97.346935, 37.660559 ], [ -97.343235, 37.660608 ], [ -97.339416, 37.660654 ], [ -97.338097, 37.660665 ], [ -97.331569, 37.660705 ], [ -97.331566, 37.653431 ], [ -97.331568, 37.649742 ], [ -97.329193, 37.6498 ], [ -97.331073, 37.642446 ], [ -97.331451, 37.641012 ], [ -97.335516, 37.644797 ], [ -97.342741, 37.648728 ], [ -97.346717, 37.651609 ], [ -97.34867, 37.656113 ], [ -97.348761, 37.657015 ] ] ] } },
{ "type": "Feature", "properties": { "geoid": "20091053601", "county_name": "Johnson County", "place_name": null, "state_name": "Kansas", "state_abbr": "KS", "is_rural": false, "dci_score": 11.8, "dci_quintile": 5.0, "is_cra_lmi": false, "income_level": "U", "is_persistent_poverty": false, "is_tribal_overlap": false, "tribal_area_name": null, "aian_pct": 0.0, "has_nmtc": false, "nmtc_projects": 0, "nmtc_total_usd": 0.0 }, "geometry": { "type": "Polygon", "coordinates": [ [ [ -94.834521, 38.883737 ], [ -94.826417, 38.883737 ], [ -94.825422, 38.883628 ], [ -94.824245, 38.883535 ], [ -94.824234, 38.879108 ], [ -94.821893, 38.879105 ], [ -94.821845, 38.877648 ], [ -94.822154, 38.87019 ], [ -94.823578, 38.867691 ], [ -94.834427, 38.867689 ], [ -94.834434, 38.869144 ], [ -94.83446, 38.87634 ], [ -94.834461, 38.877691 ], [ -94.834521, 38.883737 ] ] ] } },
{ "type": "Feature", "properties": { "geoid": "20015020800", "county_name": "Butler County", "place_name": null, "state_name": "Kansas", "state_abbr": "KS", "is_rural": true, "dci_score": 24.5, "dci_quintile": 5.0, "is_cra_lmi": true, "income_level": "M", "is_persistent_poverty": false, "is_tribal_overlap": false, "tribal_area_name": null, "aian_pct": 0.0, "has_nmtc": false, "nmtc_projects": 0, "nmtc_total_usd": 0.0 }, "geometry": { "type": "Polygon", "coordinates": [ [ [ -96.989763, 37.683035 ], [ -96.989731, 37.690301 ], [ -96.989127, 37.690306 ], [ -96.985158, 37.690277 ], [ -96.985184, 37.688041 ], [ -96.978926, 37.68817 ], [ -96.978883, 37.686609 ], [ -96.971438, 37.686553 ], [ -96.962635, 37.686628 ], [ -96.962229, 37.686429 ], [ -96.962319, 37.680002 ], [ -96.962316, 37.679761 ], [ -96.962308, 37.679272 ], [ -96.957428, 37.679282 ], [ -96.958314, 37.676527 ], [ -96.960342, 37.675919 ], [ -96.96288, 37.67383 ], [ -96.965565, 37.672894 ], [ -96.966791, 37.670905 ], [ -96.973108, 37.667252 ], [ -96.976446, 37.669396 ], [ -96.977397, 37.671738 ], [ -96.978167, 37.672169 ], [ -96.978689, 37.672171 ], [ -96.979436, 37.670039 ], [ -96.978428, 37.668236 ], [ -96.980604, 37.666428 ], [ -96.979099, 37.664173 ], [ -96.980932, 37.660713 ], [ -96.981012, 37.663102 ], [ -96.981212, 37.667338 ], [ -96.981096, 37.669836 ], [ -96.981016, 37.670659 ], [ -96.980254, 37.672099 ], [ -96.981443, 37.672096 ], [ -96.989397, 37.672136 ], [ -96.989374, 37.675254 ], [ -96.988315, 37.676721 ], [ -96.989756, 37.676651 ], [ -96.989763, 37.683035 ] ] ] } },
{ "type": "Feature", "properties": { "geoid": "20035493500", "county_name": "Cowley County", "place_name": null, "state_name": "Kansas", "state_abbr": "KS", "is_rural": true, "dci_score": 77.1, "dci_quintile": 3.0, "is_cra_lmi": false, "income_level": "U", "is_persistent_poverty": false, "is_tribal_overlap": false, "tribal_area_name": null, "aian_pct": 0.0, "has_nmtc": false, "nmtc_projects": 0, "nmtc_total_usd": 0.0 }, "geometry": { "type": "Polygon", "coordinates": [ [ [ -97.006876, 37.287934 ], [ -96.969955, 37.288398 ], [ -96.961421, 37.288458 ], [ -96.915908, 37.288077 ], [ -96.915692, 37.249353 ], [ -96.915793, 37.245535 ], [ -96.915605, 37.244547 ], [ -96.939293, 37.244591 ], [ -96.94251, 37.244635 ], [ -96.949384, 37.244729 ], [ -96.950824, 37.244751 ], [ -96.953738, 37.244775 ], [ -96.965433, 37.244798 ], [ -96.966434, 37.244646 ], [ -96.967921, 37.24426 ], [ -96.974605, 37.240828 ], [ -96.975782, 37.240485 ], [ -96.983116, 37.240541 ], [ -96.990796, 37.240413 ], [ -96.994545, 37.240363 ], [ -96.997199, 37.240308 ], [ -96.997303, 37.24443 ], [ -96.997375, 37.246107 ], [ -96.999725, 37.248192 ], [ -97.000331, 37.24984 ], [ -97.000539, 37.265626 ], [ -97.000748, 37.267323 ], [ -97.00165, 37.269349 ], [ -97.005013, 37.272907 ], [ -97.00612, 37.274896 ], [ -97.006496, 37.277206 ], [ -97.006518, 37.281339 ], [ -97.006876, 37.287934 ] ] ] } },
{ "type": "Feature", "properties": { "geoid": "20055960505", "county_name": "Finney County", "place_name": null, "state_name": "Kansas", "state_abbr": "KS", "is_rural": true, "dci_score": 60.0, "dci_quintile": 4.0, "is_cra_lmi": true, "income_level": "M", "is_persistent_poverty": false, "is_tribal_overlap": false, "tribal_area_name": null, "aian_pct": 0.0, "has_nmtc": false, "nmtc_projects": 0, "nmtc_total_usd": 0.0 }, "geometry": { "type": "Polygon", "coordinates": [ [ [ -100.874644, 37.964326 ], [ -100.874547, 37.964652 ], [ -100.874252, 37.965634 ], [ -100.873344, 37.968681 ], [ -100.865614, 37.967231 ], [ -100.858421, 37.967174 ], [ -100.854467, 37.967701 ], [ -100.85431, 37.963999 ], [ -100.85437, 37.960587 ], [ -100.860879, 37.96183 ], [ -100.865511, 37.962658 ], [ -100.86546, 37.960555 ], [ -100.865459, 37.958126 ], [ -100.866634, 37.957258 ], [ -100.874066, 37.955882 ], [ -100.877235, 37.956131 ], [ -100.874644, 37.964326 ] ] ] } },
{ "type": "Feature", "properties": { "geoid": "20125951400", "county_name": "Montgomery County", "place_name": "Lawrence", "state_name": "Kansas", "state_abbr": "KS", "is_rural": true, "dci_score": 97.3, "dci_quintile": 1.0, "is_cra_lmi": true, "income_level": "M", "is_persistent_poverty": false, "is_tribal_overlap": true, "tribal_area_name": "Cherokee OTSA", "aian_pct": 0.0, "has_nmtc": false, "nmtc_projects": 0, "nmtc_total_usd": 0.0 }, "geometry": { "type": "Polygon", "coordinates": [ [ [ -95.642956, 37.036261 ], [ -95.627208, 37.036138 ], [ -95.627249, 37.032026 ], [ -95.622281, 37.031949 ], [ -95.622304, 37.030366 ], [ -95.615407, 37.030302 ], [ -95.611634, 37.043343 ], [ -95.609488, 37.050602 ], [ -95.605076, 37.065078 ], [ -95.602068, 37.065032 ], [ -95.549208, 37.063457 ], [ -95.539199, 37.063021 ], [ -95.522651, 37.063507 ], [ -95.522727, 37.062365 ], [ -95.522414988094496, 36.999281058267798 ], [ -95.534401, 36.999332 ], [ -95.573598, 36.99931 ], [ -95.588989991040293, 36.999314392919501 ], [ -95.601517061574, 36.999317968182197 ], [ -95.61214, 36.999321 ], [ -95.615741086568207, 36.999362762733 ], [ -95.615934, 36.999365 ], [ -95.621011730034795, 36.999361983287798 ], [ -95.62435, 36.99936 ], [ -95.628749608109601, 36.999329281842499 ], [ -95.630079, 36.99932 ], [ -95.637984003830198, 36.9993204619837 ], [ -95.6383, 37.029005 ], [ -95.638299, 37.03068 ], [ -95.638314, 37.033237 ], [ -95.643001, 37.033268 ], [ -95.642956, 37.036261 ] ] ] } },
{ "type": "Feature", "properties": { "geoid": "20111000203", "county_name": "Lyon County", "place_name": "Lawrence", "state_name": "Kansas", "state_abbr": "KS", "is_rural": true, "dci_score": 63.1, "dci_quintile": 4.0, "is_cra_lmi": false, "income_level": "U", "is_persistent_poverty": false, "is_tribal_overlap": false, "tribal_area_name": null, "aian_pct": 0.0, "has_nmtc": false, "nmtc_projects": 0, "nmtc_total_usd": 0.0 }, "geometry": { "type": "Polygon", "coordinates": [ [ [ -96.217071, 38.426842 ], [ -96.209134, 38.426804 ], [ -96.207711, 38.427934 ], [ -96.207698, 38.419556 ], [ -96.210016, 38.419566 ], [ -96.210068, 38.415949 ], [ -96.216984, 38.415954 ], [ -96.217071, 38.426842 ] ] ] } },
{ "type": "Feature", "properties": { "geoid": "20045000904", "county_name": "Douglas County", "place_name": null, "state_name": "Kansas", "state_abbr": "KS", "is_rural": false, "dci_score": 40.7, "dci_quintile": 5.0, "is_cra_lmi": true, "income_level": "M", "is_persistent_poverty": false, "is_tribal_overlap": false, "tribal_area_name": null, "aian_pct": 0.0, "has_nmtc": false, "nmtc_projects": 0, "nmtc_total_usd": 0.0 }, "geometry": { "type": "Polygon", "coordinates": [ [ [ -95.260527, 38.938657 ], [ -95.2605, 38.942693 ], [ -95.255838, 38.942714 ], [ -95.246503, 38.942793 ], [ -95.241825, 38.942847 ], [ -95.24181, 38.935559 ], [ -95.246511, 38.935542 ], [ -95.250608, 38.934429 ], [ -95.252235, 38.93439 ], [ -95.260525, 38.934412 ], [ -95.260537, 38.935921 ], [ -95.260527, 38.938657 ] ] ] } },
{ "type": "Feature", "properties": { "geoid": "20051072902", "county_name": "Ellis County", "place_name": null, "state_name": "Kansas", "state_abbr": "KS", "is_rural": true, "dci_score": 39.6, "dci_quintile": 5.0, "is_cra_lmi": true, "income_level": "M", "is_persistent_poverty": false, "is_tribal_overlap": false, "tribal_area_name": null, "aian_pct": 0.0, "has_nmtc": false, "nmtc_projects": 0, "nmtc_total_usd": 0.0 }, "geometry": { "type": "Polygon", "coordinates": [ [ [ -99.392339, 38.827342 ], [ -99.392006, 38.856424 ], [ -99.38392, 38.856509 ], [ -99.382511, 38.856975 ], [ -99.376611, 38.862551 ], [ -99.375178, 38.863301 ], [ -99.372551, 38.863604 ], [ -99.355258, 38.863636 ], [ -99.354973, 38.878238 ], [ -99.354005, 38.878814 ], [ -99.354554, 38.880106 ], [ -99.354645, 38.882477 ], [ -99.344493, 38.8773 ], [ -99.33727, 38.874064 ], [ -99.334021, 38.872837 ], [ -99.330891, 38.871464 ], [ -99.327747, 38.870113 ], [ -99.31798, 38.866022 ], [ -99.317997, 38.861529 ], [ -99.318519, 38.841992 ], [ -99.318566, 38.827505 ], [ -99.318777, 38.813027 ], [ -99.392531, 38.812815 ], [ -99.392339, 38.827342 ] ] ] } },
{ "type": "Feature", "properties": { "geoid": "20177000800", "county_name": "Shawnee County", "place_name": null, "state_name": "Kansas", "state_abbr": "KS", "is_rural": false, "dci_score": 76.2, "dci_quintile": 3.0, "is_cra_lmi": true, "income_level": "M", "is_persistent_poverty": false, "is_tribal_overlap": false, "tribal_area_name": null, "aian_pct": 0.0, "has_nmtc": false, "nmtc_projects": 0, "nmtc_total_usd": 0.0 }, "geometry": { "type": "Polygon", "coordinates": [ [ [ -95.672136, 39.069166 ], [ -95.670794, 39.072284 ], [ -95.668977, 39.076508 ], [ -95.666538, 39.08219 ], [ -95.665377, 39.084883 ], [ -95.66467, 39.08733 ], [ -95.664621, 39.091117 ], [ -95.664628, 39.097688 ], [ -95.659993, 39.097671 ], [ -95.657668, 39.097536 ], [ -95.648799, 39.096419 ], [ -95.632941, 39.093816 ], [ -95.63277, 39.094894 ], [ -95.628549, 39.095888 ], [ -95.62837, 39.099777 ], [ -95.626987, 39.102408 ], [ -95.594755, 39.102546 ], [ -95.594756, 39.102111 ], [ -95.594756, 39.086399 ], [ -95.600241, 39.088177 ], [ -95.606106, 39.086118 ], [ -95.610149, 39.084166 ], [ -95.613541, 39.082029 ], [ -95.621757, 39.082299 ], [ -95.623357, 39.082799 ], [ -95.625458, 39.083723 ], [ -95.630877, 39.086382 ], [ -95.638451, 39.087388 ], [ -95.645254, 39.086098 ], [ -95.647956, 39.082598 ], [ -95.64841, 39.077024 ], [ -95.648807, 39.071618 ], [ -95.650863, 39.067123 ], [ -95.655953, 39.063241 ], [ -95.660684, 39.061803 ], [ -95.66467, 39.061404 ], [ -95.668854, 39.06219 ], [ -95.674415, 39.063857 ], [ -95.672136, 39.069166 ] ] ] } },
{ "type": "Feature", "properties": { "geoid": "20209041300", "county_name": "Wyandotte County", "place_name": null, "state_name": "Kansas", "state_abbr": "KS", "is_rural": false, "dci_score": 84.0, "dci_quintile": 2.0, "is_cra_lmi": true, "income_level": "L", "is_persistent_poverty": false, "is_tribal_overlap": false, "tribal_area_name": null, "aian_pct": 0.0, "has_nmtc": false, "nmtc_projects": 0, "nmtc_total_usd": 0.0 }, "geometry": { "type": "Polygon", "coordinates": [ [ [ -94.680897, 39.118841 ], [ -94.677849, 39.12257 ], [ -94.677202, 39.125228 ], [ -94.676807, 39.128491 ], [ -94.668838, 39.128405 ], [ -94.664702, 39.128424 ], [ -94.663078, 39.128685 ], [ -94.661382, 39.12873 ], [ -94.651089, 39.128649 ], [ -94.649734, 39.128841 ], [ -94.649263, 39.127605 ], [ -94.649256, 39.122337 ], [ -94.653943, 39.122436 ], [ -94.653966, 39.123141 ], [ -94.661241, 39.122001 ], [ -94.661106, 39.12153 ], [ -94.661492, 39.116796 ], [ -94.673342, 39.116759 ], [ -94.681644, 39.116673 ], [ -94.680897, 39.118841 ] ] ] } },
{ "type": "Feature", "properties": { "geoid": "20209042600", "county_name": "Wyandotte County", "place_name": null, "state_name": "Kansas", "state_abbr": "KS", "is_rural": false, "dci_score": 92.2, "dci_quintile": 1.0, "is_cra_lmi": true, "income_level": "L", "is_persistent_poverty": false, "is_tribal_overlap": false, "tribal_area_name": null, "aian_pct": 0.0, "has_nmtc": false, "nmtc_projects": 0, "nmtc_total_usd": 0.0 }, "geometry": { "type": "Polygon", "coordinates": [ [ [ -94.648329, 39.080642 ], [ -94.644538, 39.080657 ], [ -94.644541, 39.087407 ], [ -94.64458, 39.089217 ], [ -94.630665, 39.089086 ], [ -94.630644, 39.087452 ], [ -94.625902, 39.087533 ], [ -94.62576, 39.084367 ], [ -94.625576, 39.078704 ], [ -94.631594, 39.078394 ], [ -94.646817, 39.078511 ], [ -94.648329, 39.080642 ] ] ] } },
{ "type": "Feature", "properties": { "geoid": "20103070200", "county_name": "Leavenworth County", "place_name": "Wichita", "state_name": "Kansas", "state_abbr": "KS", "is_rural": true, "dci_score": 76.4, "dci_quintile": 3.0, "is_cra_lmi": true, "income_level": "M", "is_persistent_poverty": false, "is_tribal_overlap": false, "tribal_area_name": null, "aian_pct": 0.0, "has_nmtc": false, "nmtc_projects": 0, "nmtc_total_usd": 0.0 }, "geometry": { "type": "Polygon", "coordinates": [ [ [ -94.941551, 39.327086 ], [ -94.941548, 39.327686 ], [ -94.93826, 39.327551 ], [ -94.928217, 39.32798 ], [ -94.924845, 39.328145 ], [ -94.920765, 39.328368 ], [ -94.918808, 39.319335 ], [ -94.921561, 39.318992 ], [ -94.921376, 39.318117 ], [ -94.923859, 39.317815 ], [ -94.925624, 39.318926 ], [ -94.928276, 39.318703 ], [ -94.932179, 39.319375 ], [ -94.934891, 39.321652 ], [ -94.937574, 39.321896 ], [ -94.938273, 39.324895 ], [ -94.941553, 39.324965 ], [ -94.941551, 39.327086 ] ] ] } },
{ "type": "Feature", "properties": { "geoid": "20035494100", "county_name": "Cowley County", "place_name": null, "state_name": "Kansas", "state_abbr": "KS", "is_rural": true, "dci_score": 81.5, "dci_quintile": 2.0, "is_cra_lmi": false, "income_level": "U", "is_persistent_poverty": false, "is_tribal_overlap": false, "tribal_area_name": null, "aian_pct": 0.0, "has_nmtc": false, "nmtc_projects": 0, "nmtc_total_usd": 0.0 }, "geometry": { "type": "Polygon", "coordinates": [ [ [ -97.039215, 37.039128 ], [ -97.038863, 37.041845 ], [ -97.038934, 37.052073 ], [ -97.036452, 37.052793 ], [ -97.036517, 37.064755 ], [ -97.034068, 37.06476 ], [ -97.034062, 37.063562 ], [ -97.030268, 37.063559 ], [ -97.029537, 37.063541 ], [ -97.025792, 37.063529 ], [ -97.020052, 37.063493 ], [ -97.020022, 37.062963 ], [ -97.020992, 37.061437 ], [ -97.024591, 37.058771 ], [ -97.025031, 37.057754 ], [ -97.024898, 37.056189 ], [ -97.024581, 37.05445 ], [ -97.024156, 37.053434 ], [ -97.023652, 37.052641 ], [ -97.022192, 37.051165 ], [ -97.020697, 37.049708 ], [ -97.018408, 37.05041 ], [ -97.016625, 37.050128 ], [ -97.015446, 37.048891 ], [ -97.014668, 37.047634 ], [ -97.013909, 37.046743 ], [ -97.012968, 37.046076 ], [ -97.008235, 37.0439 ], [ -97.005493, 37.044475 ], [ -97.001785, 37.047521 ], [ -97.000987, 37.049401 ], [ -96.999814, 37.049836 ], [ -96.999472, 37.045731 ], [ -97.001189, 37.0417 ], [ -97.003451, 37.037083 ], [ -97.005748, 37.034366 ], [ -97.010417, 37.031867 ], [ -97.01506, 37.031057 ], [ -97.017019, 37.032197 ], [ -97.018439, 37.035769 ], [ -97.021634, 37.038607 ], [ -97.024538, 37.039478 ], [ -97.028133, 37.039588 ], [ -97.033343, 37.038644 ], [ -97.036156, 37.038393 ], [ -97.039147, 37.03894 ], [ -97.039215, 37.039128 ] ] ] } },
{ "type": "Feature", "properties": { "geoid": "20161000304", "county_name": "Riley County", "place_name": null, "state_name": "Kansas", "state_abbr": "KS", "is_rural": false, "dci_score": 55.2, "dci_quintile": 4.0, "is_cra_lmi": false, "income_level": "U", "is_persistent_poverty": false, "is_tribal_overlap": false, "tribal_area_name": null, "aian_pct": 0.0, "has_nmtc": false, "nmtc_projects": 0, "nmtc_total_usd": 0.0 }, "geometry": { "type": "Polygon", "coordinates": [ [ [ -96.615938, 39.203611 ], [ -96.607491, 39.203679 ], [ -96.598176, 39.203883 ], [ -96.598136, 39.192973 ], [ -96.595927, 39.192973 ], [ -96.595765, 39.19112 ], [ -96.591695, 39.191233 ], [ -96.585455, 39.191049 ], [ -96.585444, 39.186016 ], [ -96.588798, 39.185981 ], [ -96.590614, 39.185861 ], [ -96.595859, 39.186194 ], [ -96.59659, 39.186362 ], [ -96.599784, 39.189472 ], [ -96.601986, 39.190506 ], [ -96.611748, 39.189724 ], [ -96.612344, 39.192807 ], [ -96.612553, 39.194578 ], [ -96.612563, 39.196388 ], [ -96.613038, 39.199719 ], [ -96.615938, 39.203611 ] ] ] } },
{ "type": "Feature", "properties": { "geoid": "20173007800", "county_name": "Sedgwick County", "place_name": null, "state_name": "Kansas", "state_abbr": "KS", "is_rural": false, "dci_score": 65.0, "dci_quintile": 4.0, "is_cra_lmi": true, "income_level": "L", "is_persistent_poverty": false, "is_tribal_overlap": false, "tribal_area_name": null, "aian_pct": 0.0, "has_nmtc": false, "nmtc_projects": 0, "nmtc_total_usd": 0.0 }, "geometry": { "type": "Polygon", "coordinates": [ [ [ -97.317475, 37.735954 ], [ -97.315363, 37.737076 ], [ -97.299043, 37.741681 ], [ -97.299055, 37.730049 ], [ -97.299048, 37.726395 ], [ -97.299048, 37.722765 ], [ -97.308164, 37.72271 ], [ -97.308167, 37.726356 ], [ -97.30816, 37.730006 ], [ -97.315637, 37.729949 ], [ -97.317294, 37.728598 ], [ -97.316848, 37.732767 ], [ -97.317475, 37.735954 ] ] ] } },
{ "type": "Feature", "properties": { "geoid": "20209040500", "county_name": "Wyandotte County", "place_name": null, "state_name": "Kansas", "state_abbr": "KS", "is_rural": false, "dci_score": 80.2, "dci_quintile": 3.0, "is_cra_lmi": true, "income_level": "M", "is_persistent_poverty": false, "is_tribal_overlap": false, "tribal_area_name": null, "aian_pct": 0.0, "has_nmtc": false, "nmtc_projects": 0, "nmtc_total_usd": 0.0 }, "geometry": { "type": "Polygon", "coordinates": [ [ [ -94.687348, 39.135659 ], [ -94.685812, 39.136071 ], [ -94.685787, 39.139347 ], [ -94.686689, 39.142939 ], [ -94.670762, 39.142973 ], [ -94.675186, 39.139145 ], [ -94.675904, 39.135726 ], [ -94.676807, 39.128491 ], [ -94.685778, 39.128514 ], [ -94.686457, 39.128471 ], [ -94.687472, 39.129336 ], [ -94.687348, 39.135659 ] ] ] } },
{ "type": "Feature", "properties": { "geoid": "20209041500", "county_name": "Wyandotte County", "place_name": "Overland Park", "state_name": "Kansas", "state_abbr": "KS", "is_rural": false, "dci_score": 86.8, "dci_quintile": 2.0, "is_cra_lmi": true, "income_level": "L", "is_persistent_poverty": false, "is_tribal_overlap": false, "tribal_area_name": null, "aian_pct": 0.0, "has_nmtc": false, "nmtc_projects": 0, "nmtc_total_usd": 0.0 }, "geometry": { "type": "Polygon", "coordinates": [ [ [ -94.681644, 39.116673 ], [ -94.673342, 39.116759 ], [ -94.661492, 39.116796 ], [ -94.661365, 39.11428 ], [ -94.659714, 39.113203 ], [ -94.662285, 39.113177 ], [ -94.6623, 39.109555 ], [ -94.659149, 39.109561 ], [ -94.661426, 39.10582 ], [ -94.662721, 39.104122 ], [ -94.666636, 39.104016 ], [ -94.669414, 39.10319 ], [ -94.671675, 39.101471 ], [ -94.671932, 39.101314 ], [ -94.678104, 39.103924 ], [ -94.677765, 39.105216 ], [ -94.678219, 39.106776 ], [ -94.681089, 39.109469 ], [ -94.682388, 39.111837 ], [ -94.681644, 39.116673 ] ] ] } },
{ "type": "Feature", "properties": { "geoid": "20169000101", "county_name": "Saline County", "place_name": "Lenexa", "state_name": "Kansas", "state_abbr": "KS", "is_rural": true, "dci_score": 53.1, "dci_quintile": 5.0, "is_cra_lmi": true, "income_level": "M", "is_persistent_poverty": false, "is_tribal_overlap": false, "tribal_area_name": null, "aian_pct": 0.0, "has_nmtc": false, "nmtc_projects": 0, "nmtc_total_usd": 0.0 }, "geometry": { "type": "Polygon", "coordinates": [ [ [ -97.612541, 38.831287 ], [ -97.612492, 38.83436 ], [ -97.60918, 38.83435 ], [ -97.607966, 38.834354 ], [ -97.606483, 38.834139 ], [ -97.604231, 38.835731 ], [ -97.602814, 38.835911 ], [ -97.603277, 38.84053 ], [ -97.594005, 38.840501 ], [ -97.582306, 38.840392 ], [ -97.584782, 38.837936 ], [ -97.586085, 38.83428 ], [ -97.584606, 38.829309 ], [ -97.585962, 38.827057 ], [ -97.594017, 38.827031 ], [ -97.598711, 38.827051 ], [ -97.603344, 38.82707 ], [ -97.606963, 38.827085 ], [ -97.609219, 38.827113 ], [ -97.612608, 38.827155 ], [ -97.612541, 38.831287 ] ] ] } },
{ "type": "Feature", "properties": { "geoid": "20177003001", "county_name": "Shawnee County", "place_name": "Pittsburg", "state_name": "Kansas", "state_abbr": "KS", "is_rural": false, "dci_score": 66.7, "dci_quintile": 4.0, "is_cra_lmi": true, "income_level": "M", "is_persistent_poverty": false, "is_tribal_overlap": false, "tribal_area_name": null, "aian_pct": 0.0, "has_nmtc": false, "nmtc_projects": 0, "nmtc_total_usd": 0.0 }, "geometry": { "type": "Polygon", "coordinates": [ [ [ -95.670513, 39.000693 ], [ -95.670418, 39.004057 ], [ -95.670301, 39.007594 ], [ -95.670221, 39.015192 ], [ -95.661814, 39.015275 ], [ -95.660935, 39.015208 ], [ -95.651652, 39.015132 ], [ -95.650219, 39.015211 ], [ -95.640871, 39.015202 ], [ -95.647044, 39.01094 ], [ -95.647038, 39.010486 ], [ -95.647362, 39.010283 ], [ -95.651662, 39.007567 ], [ -95.653836, 39.00611 ], [ -95.660335, 39.000678 ], [ -95.663291, 38.998481 ], [ -95.666254, 38.996958 ], [ -95.670477, 38.994828 ], [ -95.670504, 38.997039 ], [ -95.670513, 39.000693 ] ] ] } },
{ "type": "Feature", "properties": { "geoid": "20161001101", "county_name": "Riley County", "place_name": null, "state_name": "Kansas", "state_abbr": "KS", "is_rural": false, "dci_score": 55.2, "dci_quintile": 4.0, "is_cra_lmi": true, "income_level": "L", "is_persistent_poverty": false, "is_tribal_overlap": false, "tribal_area_name": null, "aian_pct": 0.0, "has_nmtc": true, "nmtc_projects": 1, "nmtc_total_usd": 3993500.0 }, "geometry": { "type": "Polygon", "coordinates": [ [ [ -96.598156, 39.208835 ], [ -96.598135, 39.211144 ], [ -96.598116, 39.218543 ], [ -96.57892, 39.218606 ], [ -96.578604, 39.218436 ], [ -96.57567, 39.213021 ], [ -96.574856, 39.211867 ], [ -96.571162, 39.207962 ], [ -96.572041, 39.207535 ], [ -96.57615, 39.206229 ], [ -96.576312, 39.195189 ], [ -96.576391, 39.189967 ], [ -96.57648, 39.186803 ], [ -96.578253, 39.186047 ], [ -96.583185, 39.186032 ], [ -96.585444, 39.186016 ], [ -96.585455, 39.191049 ], [ -96.585467, 39.194403 ], [ -96.585477, 39.196966 ], [ -96.59203, 39.196856 ], [ -96.593088, 39.196687 ], [ -96.595256, 39.196636 ], [ -96.595244, 39.194531 ], [ -96.595192, 39.192978 ], [ -96.595927, 39.192973 ], [ -96.598136, 39.192973 ], [ -96.598176, 39.203883 ], [ -96.598156, 39.208835 ] ] ] } },
{ "type": "Feature", "properties": { "geoid": "20209044104", "county_name": "Wyandotte County", "place_name": null, "state_name": "Kansas", "state_abbr": "KS", "is_rural": false, "dci_score": 84.3, "dci_quintile": 2.0, "is_cra_lmi": true, "income_level": "M", "is_persistent_poverty": false, "is_tribal_overlap": false, "tribal_area_name": null, "aian_pct": 0.0, "has_nmtc": true, "nmtc_projects": 1, "nmtc_total_usd": 1540000.0 }, "geometry": { "type": "Polygon", "coordinates": [ [ [ -94.760426, 39.118695 ], [ -94.760426, 39.1205 ], [ -94.76043, 39.121826 ], [ -94.760391, 39.123985 ], [ -94.757312, 39.127127 ], [ -94.757082, 39.128548 ], [ -94.752431, 39.12853 ], [ -94.745597, 39.128542 ], [ -94.740069, 39.128526 ], [ -94.740044, 39.12487 ], [ -94.737835, 39.123777 ], [ -94.737875, 39.120404 ], [ -94.737946, 39.116787 ], [ -94.743065, 39.116721 ], [ -94.746969, 39.116662 ], [ -94.748511, 39.116636 ], [ -94.751244, 39.116567 ], [ -94.751821, 39.116552 ], [ -94.760513, 39.116388 ], [ -94.760426, 39.118695 ] ] ] } },
{ "type": "Feature", "properties": { "geoid": "20173007702", "county_name": "Sedgwick County", "place_name": null, "state_name": "Kansas", "state_abbr": "KS", "is_rural": false, "dci_score": 41.5, "dci_quintile": 5.0, "is_cra_lmi": false, "income_level": "U", "is_persistent_poverty": false, "is_tribal_overlap": false, "tribal_area_name": null, "aian_pct": 0.0, "has_nmtc": false, "nmtc_projects": 0, "nmtc_total_usd": 0.0 }, "geometry": { "type": "Polygon", "coordinates": [ [ [ -97.280661, 37.72697 ], [ -97.28065, 37.730212 ], [ -97.280631, 37.737618 ], [ -97.275021, 37.737615 ], [ -97.262298, 37.737565 ], [ -97.262316, 37.728793 ], [ -97.262286, 37.723004 ], [ -97.269265, 37.722992 ], [ -97.280661, 37.722937 ], [ -97.280661, 37.72697 ] ] ] } },
{ "type": "Feature", "properties": { "geoid": "20091051911", "county_name": "Johnson County", "place_name": "Great Bend", "state_name": "Kansas", "state_abbr": "KS", "is_rural": false, "dci_score": 36.2, "dci_quintile": 5.0, "is_cra_lmi": true, "income_level": "M", "is_persistent_poverty": false, "is_tribal_overlap": false, "tribal_area_name": null, "aian_pct": 0.0, "has_nmtc": true, "nmtc_projects": 1, "nmtc_total_usd": 12405000.0 }, "geometry": { "type": "Polygon", "coordinates": [ [ [ -94.705099, 38.992965 ], [ -94.701021, 38.992993 ], [ -94.69778, 38.993016 ], [ -94.686427, 38.993096 ], [ -94.68638, 38.985805 ], [ -94.686359, 38.978519 ], [ -94.695704, 38.978466 ], [ -94.695721, 38.985737 ], [ -94.701362, 38.985708 ], [ -94.703578, 38.985695 ], [ -94.705045, 38.984823 ], [ -94.705046, 38.985629 ], [ -94.705072, 38.988219 ], [ -94.705099, 38.992965 ] ] ] } },
{ "type": "Feature", "properties": { "geoid": "20091052905", "county_name": "Johnson County", "place_name": "Kansas City", "state_name": "Kansas", "state_abbr": "KS", "is_rural": false, "dci_score": 11.8, "dci_quintile": 5.0, "is_cra_lmi": true, "income_level": "M", "is_persistent_poverty": false, "is_tribal_overlap": false, "tribal_area_name": null, "aian_pct": 0.0, "has_nmtc": false, "nmtc_projects": 0, "nmtc_total_usd": 0.0 }, "geometry": { "type": "Polygon", "coordinates": [ [ [ -94.797374, 38.912696 ], [ -94.77995, 38.912798 ], [ -94.779581, 38.912856 ], [ -94.771331, 38.912792 ], [ -94.777106, 38.907929 ], [ -94.779588, 38.905503 ], [ -94.782174, 38.902643 ], [ -94.785387, 38.898355 ], [ -94.785082, 38.898325 ], [ -94.787817, 38.894172 ], [ -94.791191, 38.883678 ], [ -94.791458, 38.88368 ], [ -94.79728, 38.883663 ], [ -94.797301, 38.892552 ], [ -94.797301, 38.898158 ], [ -94.797357, 38.90476 ], [ -94.797363, 38.905829 ], [ -94.797374, 38.912696 ] ] ] } },
{ "type": "Feature", "properties": { "geoid": "20173009100", "county_name": "Sedgwick County", "place_name": "Kansas City", "state_name": "Kansas", "state_abbr": "KS", "is_rural": false, "dci_score": 71.8, "dci_quintile": 3.0, "is_cra_lmi": false, "income_level": "U", "is_persistent_poverty": false, "is_tribal_overlap": false, "tribal_area_name": null, "aian_pct": 0.0, "has_nmtc": false, "nmtc_projects": 0, "nmtc_total_usd": 0.0 }, "geometry": { "type": "Polygon", "coordinates": [ [ [ -97.401545, 37.673279 ], [ -97.389331, 37.67365 ], [ -97.389239, 37.665774 ], [ -97.373584, 37.665886 ], [ -97.371055, 37.665896 ], [ -97.370988, 37.660492 ], [ -97.370973, 37.658661 ], [ -97.370878, 37.651375 ], [ -97.370849, 37.644218 ], [ -97.370848, 37.644122 ], [ -97.370807, 37.638944 ], [ -97.370791, 37.636893 ], [ -97.370754, 37.633283 ], [ -97.370715, 37.628636 ], [ -97.370714, 37.628403 ], [ -97.374897, 37.628541 ], [ -97.382183, 37.628846 ], [ -97.38383, 37.629111 ], [ -97.385843, 37.629683 ], [ -97.389154, 37.631315 ], [ -97.39186, 37.632819 ], [ -97.392803, 37.633486 ], [ -97.393816, 37.634578 ], [ -97.394835, 37.636978 ], [ -97.396874, 37.642753 ], [ -97.39877, 37.646369 ], [ -97.398856, 37.646546 ], [ -97.398926, 37.64669 ], [ -97.400033, 37.649509 ], [ -97.401079, 37.654018 ], [ -97.401276, 37.655926 ], [ -97.401545, 37.673279 ] ] ] } },
{ "type": "Feature", "properties": { "geoid": "20061000100", "county_name": "Geary County", "place_name": "Kansas City", "state_name": "Kansas", "state_abbr": "KS", "is_rural": true, "dci_score": 67.8, "dci_quintile": 4.0, "is_cra_lmi": true, "income_level": "L", "is_persistent_poverty": false, "is_tribal_overlap": false, "tribal_area_name": null, "aian_pct": 0.0, "has_nmtc": true, "nmtc_projects": 2, "nmtc_total_usd": 6700000.0 }, "geometry": { "type": "Polygon", "coordinates": [ [ [ -96.831429, 39.036594 ], [ -96.831416, 39.041594 ], [ -96.829484, 39.041619 ], [ -96.829325, 39.04312 ], [ -96.829259, 39.043421 ], [ -96.826973, 39.043392 ], [ -96.825033, 39.04408 ], [ -96.820932, 39.048034 ], [ -96.819943, 39.049863 ], [ -96.819607, 39.050864 ], [ -96.818833, 39.054818 ], [ -96.818132, 39.059474 ], [ -96.817402, 39.06224 ], [ -96.815018, 39.067352 ], [ -96.813843, 39.067791 ], [ -96.811647, 39.06719 ], [ -96.809026, 39.064909 ], [ -96.803253, 39.060954 ], [ -96.802699, 39.060522 ], [ -96.801334, 39.060285 ], [ -96.800891, 39.059719 ], [ -96.801251, 39.059039 ], [ -96.799309, 39.055469 ], [ -96.799458, 39.05328 ], [ -96.801723, 39.04896 ], [ -96.8074, 39.046138 ], [ -96.806112, 39.042918 ], [ -96.80545, 39.040287 ], [ -96.803403, 39.036924 ], [ -96.803292, 39.034424 ], [ -96.805241, 39.025705 ], [ -96.805743, 39.025609 ], [ -96.811278, 39.024062 ], [ -96.816033, 39.020366 ], [ -96.81647, 39.021489 ], [ -96.816521, 39.023843 ], [ -96.816515, 39.026228 ], [ -96.818414, 39.027382 ], [ -96.818378, 39.028233 ], [ -96.829475, 39.028234 ], [ -96.82946, 39.03036 ], [ -96.831436, 39.030342 ], [ -96.831429, 39.036594 ] ] ] } },
{ "type": "Feature", "properties": { "geoid": "20125951100", "county_name": "Montgomery County", "place_name": "Kansas City", "state_name": "Kansas", "state_abbr": "KS", "is_rural": true, "dci_score": 97.3, "dci_quintile": 1.0, "is_cra_lmi": true, "income_level": "M", "is_persistent_poverty": false, "is_tribal_overlap": false, "tribal_area_name": null, "aian_pct": 0.0, "has_nmtc": false, "nmtc_projects": 0, "nmtc_total_usd": 0.0 }, "geometry": { "type": "Polygon", "coordinates": [ [ [ -95.642854, 37.040445 ], [ -95.642906, 37.040449 ], [ -95.642674, 37.04389 ], [ -95.641845, 37.044844 ], [ -95.641955, 37.050858 ], [ -95.639981, 37.050819 ], [ -95.638287, 37.050649 ], [ -95.637587, 37.050809 ], [ -95.636456, 37.050829 ], [ -95.635868, 37.050921 ], [ -95.629311, 37.050875 ], [ -95.625528, 37.050659 ], [ -95.609488, 37.050602 ], [ -95.611634, 37.043343 ], [ -95.625523, 37.043416 ], [ -95.627138, 37.043431 ], [ -95.627169, 37.040319 ], [ -95.627208, 37.036138 ], [ -95.642956, 37.036261 ], [ -95.642854, 37.040445 ] ] ] } },
{ "type": "Feature", "properties": { "geoid": "20111000101", "county_name": "Lyon County", "place_name": "Kansas City", "state_name": "Kansas", "state_abbr": "KS", "is_rural": true, "dci_score": 63.1, "dci_quintile": 4.0, "is_cra_lmi": true, "income_level": "M", "is_persistent_poverty": false, "is_tribal_overlap": false, "tribal_area_name": null, "aian_pct": 0.0, "has_nmtc": false, "nmtc_projects": 0, "nmtc_total_usd": 0.0 }, "geometry": { "type": "Polygon", "coordinates": [ [ [ -96.180116, 38.408684 ], [ -96.180093, 38.412236 ], [ -96.176806, 38.412219 ], [ -96.176635, 38.419078 ], [ -96.177805, 38.420973 ], [ -96.177351, 38.421323 ], [ -96.172377, 38.416196 ], [ -96.170956, 38.415275 ], [ -96.171056, 38.412212 ], [ -96.170938, 38.412214 ], [ -96.163983, 38.412239 ], [ -96.164012, 38.404985 ], [ -96.170974, 38.404971 ], [ -96.175025, 38.404959 ], [ -96.180157, 38.404991 ], [ -96.180116, 38.408684 ] ] ] } },
{ "type": "Feature", "properties": { "geoid": "20209044101", "county_name": "Wyandotte County", "place_name": null, "state_name": "Kansas", "state_abbr": "KS", "is_rural": false, "dci_score": 84.2, "dci_quintile": 2.0, "is_cra_lmi": false, "income_level": "NA", "is_persistent_poverty": false, "is_tribal_overlap": false, "tribal_area_name": null, "aian_pct": 0.0, "has_nmtc": false, "nmtc_projects": 0, "nmtc_total_usd": 0.0 }, "geometry": { "type": "Polygon", "coordinates": [ [ [ -94.760513, 39.116388 ], [ -94.751821, 39.116552 ], [ -94.751244, 39.116567 ], [ -94.748511, 39.116636 ], [ -94.746969, 39.116662 ], [ -94.743065, 39.116721 ], [ -94.739358, 39.106323 ], [ -94.745585, 39.106398 ], [ -94.747855, 39.106309 ], [ -94.756469, 39.105286 ], [ -94.760482, 39.105164 ], [ -94.7605, 39.109768 ], [ -94.760513, 39.116388 ] ] ] } },
{ "type": "Feature", "properties": { "geoid": "20169000200", "county_name": "Saline County", "place_name": "Leavenworth", "state_name": "Kansas", "state_abbr": "KS", "is_rural": true, "dci_score": 53.1, "dci_quintile": 5.0, "is_cra_lmi": true, "income_level": "M", "is_persistent_poverty": false, "is_tribal_overlap": false, "tribal_area_name": null, "aian_pct": 0.0, "has_nmtc": false, "nmtc_projects": 0, "nmtc_total_usd": 0.0 }, "geometry": { "type": "Polygon", "coordinates": [ [ [ -97.647607, 38.848899 ], [ -97.645836, 38.857993 ], [ -97.645658, 38.870837 ], [ -97.645581, 38.874672 ], [ -97.621609, 38.87599 ], [ -97.61229, 38.876506 ], [ -97.60596, 38.876937 ], [ -97.602809, 38.877832 ], [ -97.594228, 38.881915 ], [ -97.594225, 38.880877 ], [ -97.594225, 38.880827 ], [ -97.594225, 38.879292 ], [ -97.593757, 38.877221 ], [ -97.593753, 38.873063 ], [ -97.593773, 38.870645 ], [ -97.575739, 38.870612 ], [ -97.575758, 38.860321 ], [ -97.587883, 38.856659 ], [ -97.603221, 38.85187 ], [ -97.609089, 38.850193 ], [ -97.612424, 38.849226 ], [ -97.626413, 38.844837 ], [ -97.628136, 38.844315 ], [ -97.636848, 38.841683 ], [ -97.645516, 38.839198 ], [ -97.647397, 38.843533 ], [ -97.647796, 38.845636 ], [ -97.647607, 38.848899 ] ] ] } },
{ "type": "Feature", "properties": { "geoid": "20045000502", "county_name": "Douglas County", "place_name": null, "state_name": "Kansas", "state_abbr": "KS", "is_rural": false, "dci_score": 63.4, "dci_quintile": 4.0, "is_cra_lmi": false, "income_level": "U", "is_persistent_poverty": false, "is_tribal_overlap": false, "tribal_area_name": null, "aian_pct": 0.0, "has_nmtc": false, "nmtc_projects": 0, "nmtc_total_usd": 0.0 }, "geometry": { "type": "Polygon", "coordinates": [ [ [ -95.260698, 38.972857 ], [ -95.259675, 38.973025 ], [ -95.251111, 38.973166 ], [ -95.239424, 38.973149 ], [ -95.236035, 38.973117 ], [ -95.23591, 38.967515 ], [ -95.24291, 38.967516 ], [ -95.24988, 38.967515 ], [ -95.248713, 38.965651 ], [ -95.248713, 38.964304 ], [ -95.251056, 38.963407 ], [ -95.251105, 38.958891 ], [ -95.254899, 38.95848 ], [ -95.254911, 38.957055 ], [ -95.259645, 38.956985 ], [ -95.260469, 38.956912 ], [ -95.260423, 38.964275 ], [ -95.260423, 38.967462 ], [ -95.260413, 38.970881 ], [ -95.260459, 38.971967 ], [ -95.260698, 38.972857 ] ] ] } },
{ "type": "Feature", "properties": { "geoid": "20125951000", "county_name": "Montgomery County", "place_name": null, "state_name": "Kansas", "state_abbr": "KS", "is_rural": true, "dci_score": 97.3, "dci_quintile": 1.0, "is_cra_lmi": true, "income_level": "L", "is_persistent_poverty": false, "is_tribal_overlap": false, "tribal_area_name": null, "aian_pct": 0.0, "has_nmtc": false, "nmtc_projects": 0, "nmtc_total_usd": 0.0 }, "geometry": { "type": "Polygon", "coordinates": [ [ [ -95.627208, 37.036138 ], [ -95.627169, 37.040319 ], [ -95.627138, 37.043431 ], [ -95.625523, 37.043416 ], [ -95.611634, 37.043343 ], [ -95.615407, 37.030302 ], [ -95.622304, 37.030366 ], [ -95.622281, 37.031949 ], [ -95.627249, 37.032026 ], [ -95.627208, 37.036138 ] ] ] } },
{ "type": "Feature", "properties": { "geoid": "20173007500", "county_name": "Sedgwick County", "place_name": null, "state_name": "Kansas", "state_abbr": "KS", "is_rural": false, "dci_score": 71.4, "dci_quintile": 3.0, "is_cra_lmi": true, "income_level": "M", "is_persistent_poverty": false, "is_tribal_overlap": false, "tribal_area_name": null, "aian_pct": 0.0, "has_nmtc": false, "nmtc_projects": 0, "nmtc_total_usd": 0.0 }, "geometry": { "type": "Polygon", "coordinates": [ [ [ -97.290883, 37.708291 ], [ -97.289542, 37.710853 ], [ -97.287485, 37.712898 ], [ -97.284, 37.714726 ], [ -97.280646, 37.715449 ], [ -97.275457, 37.715584 ], [ -97.274383, 37.714805 ], [ -97.274357, 37.708377 ], [ -97.273723, 37.708379 ], [ -97.273714, 37.706278 ], [ -97.275491, 37.704874 ], [ -97.275991, 37.702903 ], [ -97.275985, 37.701083 ], [ -97.278306, 37.702934 ], [ -97.28057, 37.702925 ], [ -97.280605, 37.708356 ], [ -97.282908, 37.708342 ], [ -97.285212, 37.708326 ], [ -97.29064, 37.708294 ], [ -97.290883, 37.708291 ] ] ] } },
{ "type": "Feature", "properties": { "geoid": "20173006800", "county_name": "Sedgwick County", "place_name": "Salina", "state_name": "Kansas", "state_abbr": "KS", "is_rural": false, "dci_score": 83.1, "dci_quintile": 2.0, "is_cra_lmi": true, "income_level": "L", "is_persistent_poverty": false, "is_tribal_overlap": false, "tribal_area_name": null, "aian_pct": 0.0, "has_nmtc": false, "nmtc_projects": 0, "nmtc_total_usd": 0.0 }, "geometry": { "type": "Polygon", "coordinates": [ [ [ -97.280456, 37.671925 ], [ -97.275887, 37.671946 ], [ -97.27131, 37.671944 ], [ -97.271291, 37.664669 ], [ -97.267261, 37.664655 ], [ -97.262134, 37.664637 ], [ -97.262132, 37.660981 ], [ -97.262134, 37.657373 ], [ -97.268603, 37.65738 ], [ -97.271284, 37.657383 ], [ -97.272307, 37.657385 ], [ -97.280428, 37.657385 ], [ -97.280435, 37.661029 ], [ -97.280422, 37.664665 ], [ -97.280456, 37.671925 ] ] ] } },
{ "type": "Feature", "properties": { "geoid": "20209043903", "county_name": "Wyandotte County", "place_name": "Lawrence", "state_name": "Kansas", "state_abbr": "KS", "is_rural": false, "dci_score": 86.7, "dci_quintile": 2.0, "is_cra_lmi": true, "income_level": "L", "is_persistent_poverty": false, "is_tribal_overlap": false, "tribal_area_name": null, "aian_pct": 0.0, "has_nmtc": false, "nmtc_projects": 0, "nmtc_total_usd": 0.0 }, "geometry": { "type": "Polygon", "coordinates": [ [ [ -94.705992, 39.12849 ], [ -94.686457, 39.128471 ], [ -94.685778, 39.128514 ], [ -94.676807, 39.128491 ], [ -94.677202, 39.125228 ], [ -94.677849, 39.12257 ], [ -94.680897, 39.118841 ], [ -94.681644, 39.116673 ], [ -94.686536, 39.116609 ], [ -94.705135, 39.116647 ], [ -94.704651, 39.123687 ], [ -94.705992, 39.12849 ] ] ] } },
{ "type": "Feature", "properties": { "geoid": "20173002400", "county_name": "Sedgwick County", "place_name": null, "state_name": "Kansas", "state_abbr": "KS", "is_rural": false, "dci_score": 93.4, "dci_quintile": 1.0, "is_cra_lmi": false, "income_level": "NA", "is_persistent_poverty": false, "is_tribal_overlap": false, "tribal_area_name": null, "aian_pct": 0.0, "has_nmtc": false, "nmtc_projects": 0, "nmtc_total_usd": 0.0 }, "geometry": { "type": "Polygon", "coordinates": [ [ [ -97.32758, 37.678908 ], [ -97.327535, 37.682551 ], [ -97.326292, 37.682592 ], [ -97.326377, 37.686085 ], [ -97.317248, 37.686144 ], [ -97.314135, 37.6862 ], [ -97.313038, 37.686181 ], [ -97.31262, 37.684483 ], [ -97.3126, 37.678924 ], [ -97.312531, 37.671803 ], [ -97.317194, 37.671754 ], [ -97.317201, 37.676154 ], [ -97.321235, 37.676111 ], [ -97.327601, 37.6761 ], [ -97.32758, 37.678908 ] ] ] } },
{ "type": "Feature", "properties": { "geoid": "20209040600", "county_name": "Wyandotte County", "place_name": null, "state_name": "Kansas", "state_abbr": "KS", "is_rural": false, "dci_score": 80.2, "dci_quintile": 3.0, "is_cra_lmi": true, "income_level": "M", "is_persistent_poverty": false, "is_tribal_overlap": false, "tribal_area_name": null, "aian_pct": 0.0, "has_nmtc": false, "nmtc_projects": 0, "nmtc_total_usd": 0.0 }, "geometry": { "type": "Polygon", "coordinates": [ [ [ -94.675904, 39.135726 ], [ -94.668698, 39.135679 ], [ -94.665107, 39.135181 ], [ -94.665088, 39.136927 ], [ -94.659301, 39.136483 ], [ -94.659323, 39.135692 ], [ -94.658162, 39.135688 ], [ -94.658077, 39.136483 ], [ -94.655263, 39.135232 ], [ -94.650207, 39.130693 ], [ -94.650141, 39.129805 ], [ -94.649734, 39.128841 ], [ -94.651089, 39.128649 ], [ -94.661382, 39.12873 ], [ -94.663078, 39.128685 ], [ -94.664702, 39.128424 ], [ -94.668838, 39.128405 ], [ -94.676807, 39.128491 ], [ -94.675904, 39.135726 ] ] ] } },
{ "type": "Feature", "properties": { "geoid": "20209044102", "county_name": "Wyandotte County", "place_name": "Pittsburg", "state_name": "Kansas", "state_abbr": "KS", "is_rural": false, "dci_score": 84.2, "dci_quintile": 2.0, "is_cra_lmi": true, "income_level": "M", "is_persistent_poverty": false, "is_tribal_overlap": false, "tribal_area_name": null, "aian_pct": 0.0, "has_nmtc": false, "nmtc_projects": 0, "nmtc_total_usd": 0.0 }, "geometry": { "type": "Polygon", "coordinates": [ [ [ -94.779123, 39.116353 ], [ -94.769847, 39.116369 ], [ -94.760513, 39.116388 ], [ -94.7605, 39.109768 ], [ -94.760482, 39.105164 ], [ -94.779072, 39.10492 ], [ -94.779079, 39.111197 ], [ -94.779123, 39.116353 ] ] ] } },
{ "type": "Feature", "properties": { "geoid": "20177000400", "county_name": "Shawnee County", "place_name": null, "state_name": "Kansas", "state_abbr": "KS", "is_rural": false, "dci_score": 85.1, "dci_quintile": 2.0, "is_cra_lmi": true, "income_level": "L", "is_persistent_poverty": false, "is_tribal_overlap": false, "tribal_area_name": null, "aian_pct": 0.0, "has_nmtc": false, "nmtc_projects": 0, "nmtc_total_usd": 0.0 }, "geometry": { "type": "Polygon", "coordinates": [ [ [ -95.697044, 39.045808 ], [ -95.690848, 39.045833 ], [ -95.687359, 39.045812 ], [ -95.684168, 39.044973 ], [ -95.684497, 39.044142 ], [ -95.684509, 39.04271 ], [ -95.684511, 39.039743 ], [ -95.684506, 39.036938 ], [ -95.682883, 39.036946 ], [ -95.682981, 39.029702 ], [ -95.687593, 39.029702 ], [ -95.688911, 39.029688 ], [ -95.696898, 39.029702 ], [ -95.69686, 39.036932 ], [ -95.696858, 39.03839 ], [ -95.696843, 39.042362 ], [ -95.696833, 39.043987 ], [ -95.697044, 39.045808 ] ] ] } },
{ "type": "Feature", "properties": { "geoid": "20209042300", "county_name": "Wyandotte County", "place_name": null, "state_name": "Kansas", "state_abbr": "KS", "is_rural": false, "dci_score": 86.8, "dci_quintile": 2.0, "is_cra_lmi": true, "income_level": "L", "is_persistent_poverty": false, "is_tribal_overlap": false, "tribal_area_name": null, "aian_pct": 0.0, "has_nmtc": false, "nmtc_projects": 0, "nmtc_total_usd": 0.0 }, "geometry": { "type": "Polygon", "coordinates": [ [ [ -94.649445, 39.098156 ], [ -94.649382, 39.098666 ], [ -94.649358, 39.106005 ], [ -94.643583, 39.10385 ], [ -94.635434, 39.100818 ], [ -94.635423, 39.098814 ], [ -94.635335, 39.092204 ], [ -94.641712, 39.093081 ], [ -94.646726, 39.095376 ], [ -94.649408, 39.096305 ], [ -94.649445, 39.098156 ] ] ] } },
{ "type": "Feature", "properties": { "geoid": "20209044302", "county_name": "Wyandotte County", "place_name": null, "state_name": "Kansas", "state_abbr": "KS", "is_rural": false, "dci_score": 80.2, "dci_quintile": 3.0, "is_cra_lmi": true, "income_level": "M", "is_persistent_poverty": false, "is_tribal_overlap": false, "tribal_area_name": null, "aian_pct": 0.0, "has_nmtc": false, "nmtc_projects": 0, "nmtc_total_usd": 0.0 }, "geometry": { "type": "Polygon", "coordinates": [ [ [ -94.733966, 39.143087 ], [ -94.724508, 39.143119 ], [ -94.715332, 39.143097 ], [ -94.705769, 39.142993 ], [ -94.70591, 39.135752 ], [ -94.707162, 39.136108 ], [ -94.711056, 39.136191 ], [ -94.715178, 39.136204 ], [ -94.733993, 39.136305 ], [ -94.733966, 39.143087 ] ] ] } },
{ "type": "Feature", "properties": { "geoid": "20173000800", "county_name": "Sedgwick County", "place_name": null, "state_name": "Kansas", "state_abbr": "KS", "is_rural": false, "dci_score": 97.5, "dci_quintile": 1.0, "is_cra_lmi": true, "income_level": "L", "is_persistent_poverty": false, "is_tribal_overlap": false, "tribal_area_name": null, "aian_pct": 0.0, "has_nmtc": false, "nmtc_projects": 0, "nmtc_total_usd": 0.0 }, "geometry": { "type": "Polygon", "coordinates": [ [ [ -97.310466, 37.715424 ], [ -97.305888, 37.715457 ], [ -97.301346, 37.715494 ], [ -97.301349, 37.713704 ], [ -97.301315, 37.710047 ], [ -97.301332, 37.708234 ], [ -97.301329, 37.704614 ], [ -97.299021, 37.704629 ], [ -97.29909, 37.700989 ], [ -97.305893, 37.70093 ], [ -97.310469, 37.700887 ], [ -97.310466, 37.715424 ] ] ] } },
{ "type": "Feature", "properties": { "geoid": "20173007206", "county_name": "Sedgwick County", "place_name": "Topeka", "state_name": "Kansas", "state_abbr": "KS", "is_rural": false, "dci_score": 57.4, "dci_quintile": 4.0, "is_cra_lmi": false, "income_level": "U", "is_persistent_poverty": false, "is_tribal_overlap": false, "tribal_area_name": null, "aian_pct": 0.0, "has_nmtc": false, "nmtc_projects": 0, "nmtc_total_usd": 0.0 }, "geometry": { "type": "Polygon", "coordinates": [ [ [ -97.244459, 37.654707 ], [ -97.244465, 37.657435 ], [ -97.244459, 37.658936 ], [ -97.242328, 37.658926 ], [ -97.24234, 37.65784 ], [ -97.235962, 37.657812 ], [ -97.234424, 37.655346 ], [ -97.232246, 37.657311 ], [ -97.226143, 37.657285 ], [ -97.22615, 37.653722 ], [ -97.226168, 37.651259 ], [ -97.226179, 37.650078 ], [ -97.236811, 37.650101 ], [ -97.237729, 37.650115 ], [ -97.239125, 37.650555 ], [ -97.239573, 37.650123 ], [ -97.244478, 37.650141 ], [ -97.244459, 37.654707 ] ] ] } },
{ "type": "Feature", "properties": { "geoid": "20209041900", "county_name": "Wyandotte County", "place_name": "Topeka", "state_name": "Kansas", "state_abbr": "KS", "is_rural": false, "dci_score": 96.3, "dci_quintile": 1.0, "is_cra_lmi": true, "income_level": "M", "is_persistent_poverty": false, "is_tribal_overlap": false, "tribal_area_name": null, "aian_pct": 0.0, "has_nmtc": true, "nmtc_projects": 1, "nmtc_total_usd": 0.0 }, "geometry": { "type": "Polygon", "coordinates": [ [ [ -94.626792, 39.113626 ], [ -94.618708, 39.113647 ], [ -94.618771, 39.115369 ], [ -94.616342, 39.113988 ], [ -94.6208, 39.108006 ], [ -94.621267, 39.106688 ], [ -94.621486, 39.102627 ], [ -94.622177, 39.102713 ], [ -94.626214, 39.102734 ], [ -94.626738, 39.104537 ], [ -94.626776, 39.107732 ], [ -94.626772, 39.10816 ], [ -94.626776, 39.10987 ], [ -94.626792, 39.113626 ] ] ] } },
{ "type": "Feature", "properties": { "geoid": "20209042200", "county_name": "Wyandotte County", "place_name": null, "state_name": "Kansas", "state_abbr": "KS", "is_rural": false, "dci_score": 86.8, "dci_quintile": 2.0, "is_cra_lmi": true, "income_level": "L", "is_persistent_poverty": false, "is_tribal_overlap": false, "tribal_area_name": null, "aian_pct": 0.0, "has_nmtc": false, "nmtc_projects": 0, "nmtc_total_usd": 0.0 }, "geometry": { "type": "Polygon", "coordinates": [ [ [ -94.669414, 39.10319 ], [ -94.666636, 39.104016 ], [ -94.662721, 39.104122 ], [ -94.661426, 39.10582 ], [ -94.659149, 39.109561 ], [ -94.657895, 39.109544 ], [ -94.654543, 39.107936 ], [ -94.649358, 39.106005 ], [ -94.649382, 39.098666 ], [ -94.649445, 39.098156 ], [ -94.649408, 39.096305 ], [ -94.658624, 39.09719 ], [ -94.665849, 39.09888 ], [ -94.667441, 39.099396 ], [ -94.671675, 39.101471 ], [ -94.669414, 39.10319 ] ] ] } },
{ "type": "Feature", "properties": { "geoid": "20047969700", "county_name": "Edwards County", "place_name": "Topeka", "state_name": "Kansas", "state_abbr": "KS", "is_rural": true, "dci_score": 86.1, "dci_quintile": 2.0, "is_cra_lmi": false, "income_level": "U", "is_persistent_poverty": false, "is_tribal_overlap": false, "tribal_area_name": null, "aian_pct": 0.0, "has_nmtc": false, "nmtc_projects": 0, "nmtc_total_usd": 0.0 }, "geometry": { "type": "Polygon", "coordinates": [ [ [ -99.459608, 37.956929 ], [ -99.386874, 37.957128 ], [ -99.386743, 37.920758 ], [ -99.384918, 37.918768 ], [ -99.382321, 37.917967 ], [ -99.382932, 37.916756 ], [ -99.383078, 37.914169 ], [ -99.383838, 37.913029 ], [ -99.385999, 37.909867 ], [ -99.385712, 37.907188 ], [ -99.387708, 37.904167 ], [ -99.388951, 37.903961 ], [ -99.389934, 37.901764 ], [ -99.391611, 37.899933 ], [ -99.393056, 37.898789 ], [ -99.395368, 37.898332 ], [ -99.398055, 37.896547 ], [ -99.400021, 37.894556 ], [ -99.402014, 37.894236 ], [ -99.407114, 37.892323 ], [ -99.409841, 37.898833 ], [ -99.441732, 37.898825 ], [ -99.441409, 37.927963 ], [ -99.459615, 37.927918 ], [ -99.459608, 37.956929 ] ] ] } },
{ "type": "Feature", "properties": { "geoid": "20175966000", "county_name": "Seward County", "place_name": null, "state_name": "Kansas", "state_abbr": "KS", "is_rural": true, "dci_score": 69.8, "dci_quintile": 3.0, "is_cra_lmi": true, "income_level": "M", "is_persistent_poverty": false, "is_tribal_overlap": false, "tribal_area_name": null, "aian_pct": 0.0, "has_nmtc": false, "nmtc_projects": 0, "nmtc_total_usd": 0.0 }, "geometry": { "type": "Polygon", "coordinates": [ [ [ -100.923587, 37.044038 ], [ -100.923582, 37.05051 ], [ -100.913397, 37.050513 ], [ -100.913395, 37.046908 ], [ -100.906525, 37.046935 ], [ -100.904195, 37.048023 ], [ -100.891634, 37.054519 ], [ -100.891171, 37.054217 ], [ -100.886279, 37.054321 ], [ -100.886123, 37.039674 ], [ -100.886041, 37.025197 ], [ -100.904241, 37.025046 ], [ -100.913382, 37.025065 ], [ -100.922373, 37.025074 ], [ -100.922319, 37.032359 ], [ -100.922296, 37.038201 ], [ -100.922304, 37.039672 ], [ -100.923596, 37.039674 ], [ -100.923587, 37.044038 ] ] ] } },
{ "type": "Feature", "properties": { "geoid": "20111000300", "county_name": "Lyon County", "place_name": "Junction City", "state_name": "Kansas", "state_abbr": "KS", "is_rural": true, "dci_score": 63.1, "dci_quintile": 4.0, "is_cra_lmi": false, "income_level": "U", "is_persistent_poverty": false, "is_tribal_overlap": false, "tribal_area_name": null, "aian_pct": 0.0, "has_nmtc": false, "nmtc_projects": 0, "nmtc_total_usd": 0.0 }, "geometry": { "type": "Polygon", "coordinates": [ [ [ -96.254095, 38.391676 ], [ -96.247046, 38.401643 ], [ -96.24426, 38.405506 ], [ -96.240831, 38.41035 ], [ -96.239448, 38.412263 ], [ -96.226284, 38.411903 ], [ -96.221653, 38.412342 ], [ -96.207803, 38.41229 ], [ -96.203187, 38.412302 ], [ -96.191583, 38.412298 ], [ -96.189275, 38.412297 ], [ -96.189304, 38.408685 ], [ -96.189326, 38.40503 ], [ -96.189342, 38.401668 ], [ -96.186562, 38.401649 ], [ -96.186558, 38.401275 ], [ -96.186534, 38.400133 ], [ -96.186611, 38.395396 ], [ -96.186653, 38.394204 ], [ -96.180219, 38.394176 ], [ -96.180297, 38.386912 ], [ -96.181316, 38.385223 ], [ -96.182297, 38.383693 ], [ -96.182394, 38.383186 ], [ -96.180728, 38.383018 ], [ -96.180281, 38.382526 ], [ -96.180264, 38.379079 ], [ -96.180667, 38.378743 ], [ -96.180359, 38.377973 ], [ -96.180243, 38.375915 ], [ -96.207926, 38.375949 ], [ -96.207897, 38.380465 ], [ -96.206494, 38.382621 ], [ -96.206358, 38.384485 ], [ -96.207927, 38.387434 ], [ -96.207938, 38.390503 ], [ -96.244328, 38.39044 ], [ -96.250785, 38.390498 ], [ -96.252968, 38.389721 ], [ -96.254095, 38.391676 ] ] ] } },
{ "type": "Feature", "properties": { "geoid": "20177000600", "county_name": "Shawnee County", "place_name": "Hutchinson", "state_name": "Kansas", "state_abbr": "KS", "is_rural": false, "dci_score": 92.5, "dci_quintile": 1.0, "is_cra_lmi": true, "income_level": "M", "is_persistent_poverty": false, "is_tribal_overlap": false, "tribal_area_name": null, "aian_pct": 0.0, "has_nmtc": false, "nmtc_projects": 0, "nmtc_total_usd": 0.0 }, "geometry": { "type": "Polygon", "coordinates": [ [ [ -95.693154, 39.056892 ], [ -95.692458, 39.058724 ], [ -95.687588, 39.058644 ], [ -95.687543, 39.064964 ], [ -95.687559, 39.067999 ], [ -95.680656, 39.065695 ], [ -95.679527, 39.066228 ], [ -95.678427, 39.067006 ], [ -95.675541, 39.064514 ], [ -95.674415, 39.063857 ], [ -95.676404, 39.059251 ], [ -95.677575, 39.060248 ], [ -95.679241, 39.056409 ], [ -95.680455, 39.053583 ], [ -95.681077, 39.052139 ], [ -95.68681, 39.05363 ], [ -95.688205, 39.053993 ], [ -95.693789, 39.055445 ], [ -95.693154, 39.056892 ] ] ] } },
{ "type": "Feature", "properties": { "geoid": "20177002100", "county_name": "Shawnee County", "place_name": "Hutchinson", "state_name": "Kansas", "state_abbr": "KS", "is_rural": false, "dci_score": 75.9, "dci_quintile": 3.0, "is_cra_lmi": true, "income_level": "M", "is_persistent_poverty": false, "is_tribal_overlap": false, "tribal_area_name": null, "aian_pct": 0.0, "has_nmtc": false, "nmtc_projects": 0, "nmtc_total_usd": 0.0 }, "geometry": { "type": "Polygon", "coordinates": [ [ [ -95.710749, 39.054968 ], [ -95.71062, 39.058621 ], [ -95.706112, 39.05865 ], [ -95.702833, 39.058637 ], [ -95.700897, 39.05864 ], [ -95.700267, 39.058652 ], [ -95.693154, 39.056892 ], [ -95.693789, 39.055445 ], [ -95.696264, 39.049615 ], [ -95.697037, 39.047812 ], [ -95.697044, 39.045808 ], [ -95.702582, 39.045884 ], [ -95.703764, 39.045874 ], [ -95.706085, 39.045898 ], [ -95.710734, 39.04587 ], [ -95.710726, 39.049492 ], [ -95.710749, 39.054968 ] ] ] } },
{ "type": "Feature", "properties": { "geoid": "20177001000", "county_name": "Shawnee County", "place_name": null, "state_name": "Kansas", "state_abbr": "KS", "is_rural": false, "dci_score": 86.7, "dci_quintile": 2.0, "is_cra_lmi": true, "income_level": "M", "is_persistent_poverty": false, "is_tribal_overlap": false, "tribal_area_name": null, "aian_pct": 0.0, "has_nmtc": false, "nmtc_projects": 0, "nmtc_total_usd": 0.0 }, "geometry": { "type": "Polygon", "coordinates": [ [ [ -95.657993, 39.055786 ], [ -95.65668, 39.058724 ], [ -95.655613, 39.058832 ], [ -95.655953, 39.063241 ], [ -95.650863, 39.067123 ], [ -95.647205, 39.066144 ], [ -95.640918, 39.066151 ], [ -95.640986, 39.064326 ], [ -95.637603, 39.06433 ], [ -95.633512, 39.06267 ], [ -95.631793, 39.062603 ], [ -95.631817, 39.05499 ], [ -95.640771, 39.054361 ], [ -95.642797, 39.054122 ], [ -95.652028, 39.053669 ], [ -95.653896, 39.053837 ], [ -95.658368, 39.054897 ], [ -95.657993, 39.055786 ] ] ] } },
{ "type": "Feature", "properties": { "geoid": "20125950600", "county_name": "Montgomery County", "place_name": null, "state_name": "Kansas", "state_abbr": "KS", "is_rural": true, "dci_score": 73.1, "dci_quintile": 3.0, "is_cra_lmi": false, "income_level": "U", "is_persistent_poverty": false, "is_tribal_overlap": false, "tribal_area_name": null, "aian_pct": 0.0, "has_nmtc": false, "nmtc_projects": 0, "nmtc_total_usd": 0.0 }, "geometry": { "type": "Polygon", "coordinates": [ [ [ -95.746883, 37.185742 ], [ -95.733354, 37.185677 ], [ -95.733403, 37.211021 ], [ -95.733408, 37.214634 ], [ -95.724946, 37.214613 ], [ -95.722378, 37.214614 ], [ -95.719907, 37.214609 ], [ -95.719036, 37.214614 ], [ -95.718749, 37.217625 ], [ -95.718722, 37.220084 ], [ -95.713578, 37.220016 ], [ -95.703952, 37.219955 ], [ -95.692892, 37.219797 ], [ -95.692886, 37.221773 ], [ -95.692895, 37.223166 ], [ -95.691585, 37.22316 ], [ -95.690291, 37.223151 ], [ -95.680912, 37.223132 ], [ -95.678015, 37.223611 ], [ -95.676655, 37.221603 ], [ -95.674626, 37.215978 ], [ -95.673283, 37.212434 ], [ -95.673197, 37.211976 ], [ -95.674652, 37.212466 ], [ -95.677088, 37.213372 ], [ -95.680263, 37.212914 ], [ -95.685269, 37.21113 ], [ -95.690504, 37.208247 ], [ -95.692363, 37.209573 ], [ -95.691219, 37.207766 ], [ -95.692031, 37.206061 ], [ -95.68453, 37.19988 ], [ -95.683706, 37.198439 ], [ -95.683651, 37.19616 ], [ -95.692611, 37.196101 ], [ -95.692116, 37.188572 ], [ -95.692202, 37.167163 ], [ -95.746984, 37.167593 ], [ -95.746883, 37.185742 ] ] ] } },
{ "type": "Feature", "properties": { "geoid": "20037956600", "county_name": "Crawford County", "place_name": null, "state_name": "Kansas", "state_abbr": "KS", "is_rural": true, "dci_score": 53.6, "dci_quintile": 5.0, "is_cra_lmi": false, "income_level": "U", "is_persistent_poverty": false, "is_tribal_overlap": false, "tribal_area_name": null, "aian_pct": 0.0, "has_nmtc": false, "nmtc_projects": 0, "nmtc_total_usd": 0.0 }, "geometry": { "type": "Polygon", "coordinates": [ [ [ -94.779022, 37.56176 ], [ -94.778665, 37.5627 ], [ -94.778471, 37.57217 ], [ -94.778323, 37.5803 ], [ -94.778292, 37.586316 ], [ -94.778249, 37.594644 ], [ -94.777955, 37.60375 ], [ -94.777971, 37.60503 ], [ -94.777289, 37.629937 ], [ -94.740363, 37.630144 ], [ -94.739928, 37.652783 ], [ -94.738938, 37.655344 ], [ -94.737454, 37.655718 ], [ -94.736348, 37.657222 ], [ -94.736752, 37.658953 ], [ -94.736766, 37.662672 ], [ -94.739858, 37.664685 ], [ -94.739846, 37.674028 ], [ -94.707291, 37.673162 ], [ -94.629191, 37.673421 ], [ -94.6177338243197, 37.673105366866601 ], [ -94.617576, 37.653671 ], [ -94.617575433499695, 37.653576577564799 ], [ -94.617517927194001, 37.643991612399702 ], [ -94.617477, 37.63717 ], [ -94.6174738229154, 37.636691193602402 ], [ -94.6173, 37.610495 ], [ -94.617428, 37.609522 ], [ -94.617283, 37.571896 ], [ -94.617315, 37.571499 ], [ -94.617271351877207, 37.570662224448903 ], [ -94.617083360855602, 37.5670582598216 ], [ -94.617081, 37.567013 ], [ -94.617112314993804, 37.5631660124698 ], [ -94.617130050986006, 37.560987179497999 ], [ -94.61716, 37.557308 ], [ -94.617184892869304, 37.553647790796397 ], [ -94.617186, 37.553485 ], [ -94.617172176647998, 37.552208030563101 ], [ -94.617165251648004, 37.551568315002399 ], [ -94.616908, 37.527804 ], [ -94.616789, 37.52151 ], [ -94.616879510681599, 37.506910317621397 ], [ -94.621022, 37.506878 ], [ -94.621101, 37.498842 ], [ -94.637592, 37.498734 ], [ -94.648982, 37.498718 ], [ -94.655896, 37.498709 ], [ -94.695886, 37.498702 ], [ -94.714328, 37.499167 ], [ -94.723691, 37.499127 ], [ -94.725262, 37.499115 ], [ -94.751041, 37.499025 ], [ -94.755696, 37.499066 ], [ -94.778858, 37.499058 ], [ -94.778589, 37.513766 ], [ -94.778395, 37.535498 ], [ -94.778649, 37.54315 ], [ -94.778794, 37.557741 ], [ -94.779022, 37.56176 ] ] ] } },
{ "type": "Feature", "properties": { "geoid": "20061000200", "county_name": "Geary County", "place_name": null, "state_name": "Kansas", "state_abbr": "KS", "is_rural": true, "dci_score": 67.8, "dci_quintile": 4.0, "is_cra_lmi": true, "income_level": "L", "is_persistent_poverty": false, "is_tribal_overlap": false, "tribal_area_name": null, "aian_pct": 0.0, "has_nmtc": true, "nmtc_projects": 1, "nmtc_total_usd": 0.0 }, "geometry": { "type": "Polygon", "coordinates": [ [ [ -96.849108, 39.047436 ], [ -96.849045, 39.047445 ], [ -96.84409, 39.050531 ], [ -96.840264, 39.048688 ], [ -96.839591, 39.047868 ], [ -96.839363, 39.047927 ], [ -96.838543, 39.048356 ], [ -96.837599, 39.048724 ], [ -96.837119, 39.048834 ], [ -96.836827, 39.049051 ], [ -96.836706, 39.049272 ], [ -96.836453, 39.049445 ], [ -96.835743, 39.047894 ], [ -96.831713, 39.045345 ], [ -96.829325, 39.04312 ], [ -96.829484, 39.041619 ], [ -96.831416, 39.041594 ], [ -96.831429, 39.036594 ], [ -96.831436, 39.030342 ], [ -96.839111, 39.030342 ], [ -96.839124, 39.034563 ], [ -96.846441, 39.0346 ], [ -96.849105, 39.033518 ], [ -96.849064, 39.037128 ], [ -96.849575, 39.040463 ], [ -96.849108, 39.047436 ] ] ] } },
{ "type": "Feature", "properties": { "geoid": "20173003200", "county_name": "Sedgwick County", "place_name": null, "state_name": "Kansas", "state_abbr": "KS", "is_rural": false, "dci_score": 92.8, "dci_quintile": 1.0, "is_cra_lmi": true, "income_level": "M", "is_persistent_poverty": false, "is_tribal_overlap": false, "tribal_area_name": null, "aian_pct": 0.0, "has_nmtc": false, "nmtc_projects": 0, "nmtc_total_usd": 0.0 }, "geometry": { "type": "Polygon", "coordinates": [ [ [ -97.346452, 37.661395 ], [ -97.34524, 37.664273 ], [ -97.34623, 37.664547 ], [ -97.343765, 37.671695 ], [ -97.339414, 37.671629 ], [ -97.336795, 37.671633 ], [ -97.331599, 37.671651 ], [ -97.331573, 37.669832 ], [ -97.331568, 37.664361 ], [ -97.331569, 37.660705 ], [ -97.338097, 37.660665 ], [ -97.339416, 37.660654 ], [ -97.343235, 37.660608 ], [ -97.346935, 37.660559 ], [ -97.346452, 37.661395 ] ] ] } },
{ "type": "Feature", "properties": { "geoid": "20173002800", "county_name": "Sedgwick County", "place_name": "Wichita", "state_name": "Kansas", "state_abbr": "KS", "is_rural": false, "dci_score": 91.5, "dci_quintile": 1.0, "is_cra_lmi": true, "income_level": "M", "is_persistent_poverty": false, "is_tribal_overlap": false, "tribal_area_name": null, "aian_pct": 0.0, "has_nmtc": false, "nmtc_projects": 0, "nmtc_total_usd": 0.0 }, "geometry": { "type": "Polygon", "coordinates": [ [ [ -97.371236, 37.687657 ], [ -97.3641, 37.687694 ], [ -97.361539, 37.687726 ], [ -97.357641, 37.687755 ], [ -97.357584, 37.683963 ], [ -97.357576, 37.682241 ], [ -97.35749, 37.677891 ], [ -97.357428, 37.676577 ], [ -97.357425, 37.673257 ], [ -97.362649, 37.673227 ], [ -97.368828, 37.673174 ], [ -97.368879, 37.676626 ], [ -97.368924, 37.680437 ], [ -97.368184, 37.680444 ], [ -97.3682, 37.682171 ], [ -97.371162, 37.682156 ], [ -97.371163, 37.682221 ], [ -97.371193, 37.683864 ], [ -97.371236, 37.687657 ] ] ] } },
{ "type": "Feature", "properties": { "geoid": "20173005800", "county_name": "Sedgwick County", "place_name": "Wichita", "state_name": "Kansas", "state_abbr": "KS", "is_rural": false, "dci_score": 90.1, "dci_quintile": 2.0, "is_cra_lmi": true, "income_level": "M", "is_persistent_poverty": false, "is_tribal_overlap": false, "tribal_area_name": null, "aian_pct": 0.0, "has_nmtc": false, "nmtc_projects": 0, "nmtc_total_usd": 0.0 }, "geometry": { "type": "Polygon", "coordinates": [ [ [ -97.3076, 37.602832 ], [ -97.306615, 37.607057 ], [ -97.30404, 37.611001 ], [ -97.302538, 37.613701 ], [ -97.302437, 37.615799 ], [ -97.298393, 37.622346 ], [ -97.298219, 37.623168 ], [ -97.298474, 37.624748 ], [ -97.295473, 37.625214 ], [ -97.295262, 37.625243 ], [ -97.290753, 37.605925 ], [ -97.28165, 37.606019 ], [ -97.280392, 37.605687 ], [ -97.280378, 37.603499 ], [ -97.28035, 37.599692 ], [ -97.280321, 37.594926 ], [ -97.279893, 37.591551 ], [ -97.279897, 37.585662 ], [ -97.279326, 37.583949 ], [ -97.278098, 37.582748 ], [ -97.272295, 37.580315 ], [ -97.271146, 37.577002 ], [ -97.279753, 37.576985 ], [ -97.280141, 37.576976 ], [ -97.280293, 37.576973 ], [ -97.282524, 37.576992 ], [ -97.290418, 37.578631 ], [ -97.293969, 37.579092 ], [ -97.304048, 37.579063 ], [ -97.304413, 37.579062 ], [ -97.304243, 37.580278 ], [ -97.30301, 37.583872 ], [ -97.302809, 37.586372 ], [ -97.303064, 37.59057 ], [ -97.307384, 37.601734 ], [ -97.3076, 37.602832 ] ] ] } },
{ "type": "Feature", "properties": { "geoid": "20173000900", "county_name": "Sedgwick County", "place_name": null, "state_name": "Kansas", "state_abbr": "KS", "is_rural": false, "dci_score": 78.2, "dci_quintile": 3.0, "is_cra_lmi": true, "income_level": "M", "is_persistent_poverty": false, "is_tribal_overlap": false, "tribal_area_name": null, "aian_pct": 0.0, "has_nmtc": false, "nmtc_projects": 0, "nmtc_total_usd": 0.0 }, "geometry": { "type": "Polygon", "coordinates": [ [ [ -97.301346, 37.715494 ], [ -97.299046, 37.715513 ], [ -97.299048, 37.722765 ], [ -97.280661, 37.722937 ], [ -97.280647, 37.715627 ], [ -97.280646, 37.715449 ], [ -97.284, 37.714726 ], [ -97.287485, 37.712898 ], [ -97.289542, 37.710853 ], [ -97.290883, 37.708291 ], [ -97.293078, 37.703882 ], [ -97.294602, 37.702397 ], [ -97.297277, 37.701001 ], [ -97.29909, 37.700989 ], [ -97.299021, 37.704629 ], [ -97.301329, 37.704614 ], [ -97.301332, 37.708234 ], [ -97.301315, 37.710047 ], [ -97.301349, 37.713704 ], [ -97.301346, 37.715494 ] ] ] } },
{ "type": "Feature", "properties": { "geoid": "20173003800", "county_name": "Sedgwick County", "place_name": null, "state_name": "Kansas", "state_abbr": "KS", "is_rural": false, "dci_score": 94.4, "dci_quintile": 1.0, "is_cra_lmi": true, "income_level": "M", "is_persistent_poverty": false, "is_tribal_overlap": false, "tribal_area_name": null, "aian_pct": 0.0, "has_nmtc": false, "nmtc_projects": 0, "nmtc_total_usd": 0.0 }, "geometry": { "type": "Polygon", "coordinates": [ [ [ -97.317194, 37.671754 ], [ -97.312531, 37.671803 ], [ -97.310023, 37.671831 ], [ -97.30253, 37.671825 ], [ -97.298846, 37.671844 ], [ -97.298811, 37.664575 ], [ -97.298814, 37.660934 ], [ -97.308001, 37.660881 ], [ -97.31217, 37.660813 ], [ -97.312053, 37.657208 ], [ -97.312045, 37.657151 ], [ -97.312309, 37.657144 ], [ -97.317132, 37.657171 ], [ -97.317164, 37.660823 ], [ -97.317186, 37.664442 ], [ -97.317192, 37.66809 ], [ -97.317194, 37.671754 ] ] ] } },
{ "type": "Feature", "properties": { "geoid": "20173000400", "county_name": "Sedgwick County", "place_name": null, "state_name": "Kansas", "state_abbr": "KS", "is_rural": false, "dci_score": 97.5, "dci_quintile": 1.0, "is_cra_lmi": true, "income_level": "M", "is_persistent_poverty": false, "is_tribal_overlap": false, "tribal_area_name": null, "aian_pct": 0.0, "has_nmtc": false, "nmtc_projects": 0, "nmtc_total_usd": 0.0 }, "geometry": { "type": "Polygon", "coordinates": [ [ [ -97.338633, 37.711671 ], [ -97.335566, 37.71168 ], [ -97.335561, 37.713145 ], [ -97.335568, 37.715337 ], [ -97.335578, 37.717136 ], [ -97.335582, 37.718958 ], [ -97.335585, 37.722595 ], [ -97.334346, 37.722603 ], [ -97.334353, 37.720765 ], [ -97.332141, 37.717517 ], [ -97.32821, 37.722644 ], [ -97.324571, 37.722671 ], [ -97.322407, 37.715891 ], [ -97.319944, 37.70808 ], [ -97.317565, 37.700539 ], [ -97.315365, 37.693562 ], [ -97.317294, 37.69355 ], [ -97.32647, 37.69351 ], [ -97.326558, 37.697584 ], [ -97.328885, 37.697578 ], [ -97.330243, 37.697569 ], [ -97.332973, 37.697558 ], [ -97.33689, 37.697532 ], [ -97.336868, 37.704436 ], [ -97.336861, 37.708049 ], [ -97.338564, 37.708046 ], [ -97.338633, 37.711671 ] ] ] } },
{ "type": "Feature", "properties": { "geoid": "20173006700", "county_name": "Sedgwick County", "place_name": null, "state_name": "Kansas", "state_abbr": "KS", "is_rural": false, "dci_score": 89.1, "dci_quintile": 2.0, "is_cra_lmi": false, "income_level": "U", "is_persistent_poverty": false, "is_tribal_overlap": false, "tribal_area_name": null, "aian_pct": 0.0, "has_nmtc": false, "nmtc_projects": 0, "nmtc_total_usd": 0.0 }, "geometry": { "type": "Polygon", "coordinates": [ [ [ -97.28046, 37.643374 ], [ -97.280407, 37.650116 ], [ -97.280417, 37.653791 ], [ -97.280428, 37.657385 ], [ -97.272307, 37.657385 ], [ -97.271284, 37.657383 ], [ -97.268603, 37.65738 ], [ -97.262134, 37.657373 ], [ -97.262133, 37.65649 ], [ -97.262133, 37.656034 ], [ -97.262133, 37.655887 ], [ -97.271337, 37.650337 ], [ -97.271748, 37.650092 ], [ -97.273884, 37.648649 ], [ -97.28046, 37.643186 ], [ -97.28046, 37.643374 ] ] ] } },
{ "type": "Feature", "properties": { "geoid": "20091050400", "county_name": "Johnson County", "place_name": "Manhattan", "state_name": "Kansas", "state_abbr": "KS", "is_rural": false, "dci_score": 35.3, "dci_quintile": 5.0, "is_cra_lmi": false, "income_level": "U", "is_persistent_poverty": false, "is_tribal_overlap": false, "tribal_area_name": null, "aian_pct": 0.0, "has_nmtc": false, "nmtc_projects": 0, "nmtc_total_usd": 0.0 }, "geometry": { "type": "Polygon", "coordinates": [ [ [ -94.692931, 39.018401 ], [ -94.69188, 39.022214 ], [ -94.691109, 39.025836 ], [ -94.6896, 39.03 ], [ -94.688946, 39.031208 ], [ -94.68646, 39.034144 ], [ -94.68646, 39.034232 ], [ -94.684554, 39.036124 ], [ -94.680643, 39.03853 ], [ -94.674562, 39.040882 ], [ -94.673543, 39.039702 ], [ -94.670888, 39.037245 ], [ -94.668279, 39.03377 ], [ -94.667902, 39.029514 ], [ -94.667752, 39.029127 ], [ -94.667667, 39.022275 ], [ -94.667621, 39.014963 ], [ -94.677, 39.014959 ], [ -94.677083, 39.014959 ], [ -94.686458, 39.014949 ], [ -94.693286, 39.014911 ], [ -94.692931, 39.018401 ] ] ] } },
{ "type": "Feature", "properties": { "geoid": "20055960508", "county_name": "Finney County", "place_name": null, "state_name": "Kansas", "state_abbr": "KS", "is_rural": true, "dci_score": 60.0, "dci_quintile": 4.0, "is_cra_lmi": true, "income_level": "M", "is_persistent_poverty": false, "is_tribal_overlap": false, "tribal_area_name": null, "aian_pct": 0.0, "has_nmtc": false, "nmtc_projects": 0, "nmtc_total_usd": 0.0 }, "geometry": { "type": "Polygon", "coordinates": [ [ [ -100.839141, 37.967648 ], [ -100.838557, 37.974863 ], [ -100.833523, 37.974844 ], [ -100.833035, 37.974842 ], [ -100.833012, 37.974842 ], [ -100.828973, 37.974827 ], [ -100.828982, 37.973017 ], [ -100.825416, 37.97299 ], [ -100.824305, 37.97222 ], [ -100.824426, 37.968857 ], [ -100.827475, 37.968756 ], [ -100.827528, 37.967582 ], [ -100.824156, 37.967554 ], [ -100.824165, 37.965424 ], [ -100.821725, 37.963933 ], [ -100.819728, 37.963898 ], [ -100.819768, 37.960303 ], [ -100.819883, 37.960303 ], [ -100.8223, 37.960303 ], [ -100.82903, 37.960322 ], [ -100.830688, 37.960335 ], [ -100.831346, 37.96034 ], [ -100.835505, 37.960382 ], [ -100.838154, 37.960413 ], [ -100.839856, 37.960446 ], [ -100.839141, 37.967648 ] ] ] } },
{ "type": "Feature", "properties": { "geoid": "20091050301", "county_name": "Johnson County", "place_name": null, "state_name": "Kansas", "state_abbr": "KS", "is_rural": false, "dci_score": 35.3, "dci_quintile": 5.0, "is_cra_lmi": false, "income_level": "U", "is_persistent_poverty": false, "is_tribal_overlap": false, "tribal_area_name": null, "aian_pct": 0.0, "has_nmtc": false, "nmtc_projects": 0, "nmtc_total_usd": 0.0 }, "geometry": { "type": "Polygon", "coordinates": [ [ [ -94.674562, 39.040882 ], [ -94.67161, 39.041712 ], [ -94.665465, 39.042376 ], [ -94.658844, 39.044038 ], [ -94.656102, 39.044029 ], [ -94.656096, 39.043588 ], [ -94.658338, 39.039961 ], [ -94.658402, 39.036852 ], [ -94.658357, 39.029518 ], [ -94.658357, 39.024042 ], [ -94.658365, 39.022197 ], [ -94.667667, 39.022275 ], [ -94.667752, 39.029127 ], [ -94.667902, 39.029514 ], [ -94.668279, 39.03377 ], [ -94.670888, 39.037245 ], [ -94.673543, 39.039702 ], [ -94.674562, 39.040882 ] ] ] } },
{ "type": "Feature", "properties": { "geoid": "20173005402", "county_name": "Sedgwick County", "place_name": null, "state_name": "Kansas", "state_abbr": "KS", "is_rural": false, "dci_score": 78.6, "dci_quintile": 3.0, "is_cra_lmi": true, "income_level": "M", "is_persistent_poverty": false, "is_tribal_overlap": false, "tribal_area_name": null, "aian_pct": 0.0, "has_nmtc": false, "nmtc_projects": 0, "nmtc_total_usd": 0.0 }, "geometry": { "type": "Polygon", "coordinates": [ [ [ -97.370714, 37.628403 ], [ -97.352511, 37.627805 ], [ -97.35236, 37.622489 ], [ -97.352347, 37.617241 ], [ -97.352324, 37.615181 ], [ -97.352306, 37.611565 ], [ -97.352286, 37.607946 ], [ -97.352272, 37.59906 ], [ -97.352279, 37.596173 ], [ -97.352262, 37.593474 ], [ -97.36144, 37.59346 ], [ -97.363723, 37.593404 ], [ -97.370519, 37.593333 ], [ -97.370521, 37.597005 ], [ -97.37053, 37.600574 ], [ -97.370538, 37.604005 ], [ -97.370541, 37.604722 ], [ -97.370551, 37.60771 ], [ -97.37055, 37.607841 ], [ -97.370558, 37.609191 ], [ -97.370562, 37.609848 ], [ -97.370571, 37.61148 ], [ -97.3706, 37.615561 ], [ -97.370621, 37.618759 ], [ -97.370628, 37.619954 ], [ -97.37065, 37.622388 ], [ -97.370714, 37.628403 ] ] ] } },
{ "type": "Feature", "properties": { "geoid": "20107955102", "county_name": "Linn County", "place_name": "Wichita", "state_name": "Kansas", "state_abbr": "KS", "is_rural": true, "dci_score": 59.1, "dci_quintile": 4.0, "is_cra_lmi": true, "income_level": "M", "is_persistent_poverty": false, "is_tribal_overlap": false, "tribal_area_name": null, "aian_pct": 0.0, "has_nmtc": false, "nmtc_projects": 0, "nmtc_total_usd": 0.0 }, "geometry": { "type": "Polygon", "coordinates": [ [ [ -94.827872, 38.358948 ], [ -94.82659, 38.361077 ], [ -94.827225, 38.364759 ], [ -94.826351, 38.367356 ], [ -94.82457, 38.368874 ], [ -94.822527, 38.369496 ], [ -94.819617, 38.369361 ], [ -94.816173, 38.367972 ], [ -94.811523, 38.366785 ], [ -94.807183, 38.366494 ], [ -94.800987, 38.366647 ], [ -94.796699, 38.366035 ], [ -94.792009, 38.364525 ], [ -94.788167, 38.36488 ], [ -94.78796, 38.366234 ], [ -94.78996, 38.368288 ], [ -94.789946, 38.369145 ], [ -94.789289, 38.369709 ], [ -94.786002, 38.370069 ], [ -94.778518, 38.372565 ], [ -94.776142, 38.37501 ], [ -94.775666, 38.377101 ], [ -94.770207, 38.380701 ], [ -94.769588, 38.38118 ], [ -94.769068, 38.381853 ], [ -94.769008, 38.382674 ], [ -94.769402, 38.383998 ], [ -94.770336, 38.385303 ], [ -94.772581, 38.38742 ], [ -94.775253, 38.388996 ], [ -94.770401, 38.38902 ], [ -94.733135, 38.389037 ], [ -94.71478, 38.388949 ], [ -94.696221, 38.388859 ], [ -94.687766, 38.388819 ], [ -94.687411, 38.388817 ], [ -94.650312, 38.388881 ], [ -94.613275403738001, 38.388718367865799 ], [ -94.613329, 38.369618 ], [ -94.613312, 38.364407 ], [ -94.613, 38.335801 ], [ -94.612825, 38.324387 ], [ -94.612788, 38.320142 ], [ -94.612673, 38.314832 ], [ -94.612673, 38.3131160055866 ], [ -94.612673, 38.302527 ], [ -94.612689368933005, 38.301464072326802 ], [ -94.612844, 38.291423 ], [ -94.612849, 38.289914 ], [ -94.612824347345494, 38.286848905633498 ], [ -94.612708076548998, 38.272392816792703 ], [ -94.696572, 38.272418 ], [ -94.712592, 38.272431 ], [ -94.714978, 38.271472 ], [ -94.715916, 38.272483 ], [ -94.718424, 38.276525 ], [ -94.720924, 38.278728 ], [ -94.722444, 38.278958 ], [ -94.726515, 38.278465 ], [ -94.729602, 38.278818 ], [ -94.730644, 38.279971 ], [ -94.731826, 38.283695 ], [ -94.735169, 38.287977 ], [ -94.735655, 38.289231 ], [ -94.73487, 38.291899 ], [ -94.736457, 38.293593 ], [ -94.740833, 38.294245 ], [ -94.742947, 38.294838 ], [ -94.743854, 38.29581 ], [ -94.742894, 38.297906 ], [ -94.744065, 38.299631 ], [ -94.746461, 38.299941 ], [ -94.749385, 38.299115 ], [ -94.750692, 38.299229 ], [ -94.752009, 38.300527 ], [ -94.751712, 38.301673 ], [ -94.752092, 38.303776 ], [ -94.75419, 38.305331 ], [ -94.758014, 38.30587 ], [ -94.760755, 38.307646 ], [ -94.760366, 38.30882 ], [ -94.758221, 38.310048 ], [ -94.754645, 38.311225 ], [ -94.754905, 38.312191 ], [ -94.757092, 38.313962 ], [ -94.75802, 38.316434 ], [ -94.759617, 38.317628 ], [ -94.76201, 38.318152 ], [ -94.764199, 38.319815 ], [ -94.764534, 38.321889 ], [ -94.76198, 38.322648 ], [ -94.760784, 38.322386 ], [ -94.757369, 38.319425 ], [ -94.755025, 38.318724 ], [ -94.753261, 38.319277 ], [ -94.750816, 38.321822 ], [ -94.751557, 38.324399 ], [ -94.754159, 38.326245 ], [ -94.757103, 38.326989 ], [ -94.766692, 38.325372 ], [ -94.770574, 38.324068 ], [ -94.774838, 38.321706 ], [ -94.775711, 38.321929 ], [ -94.775725, 38.323892 ], [ -94.776911, 38.324796 ], [ -94.779956, 38.325041 ], [ -94.782012, 38.326417 ], [ -94.78229, 38.329132 ], [ -94.787388, 38.328112 ], [ -94.789232, 38.328344 ], [ -94.79108, 38.331146 ], [ -94.791242, 38.332576 ], [ -94.790024, 38.333599 ], [ -94.787666, 38.333682 ], [ -94.786113, 38.335416 ], [ -94.786119, 38.337807 ], [ -94.784108, 38.339322 ], [ -94.7825, 38.338735 ], [ -94.780683, 38.336897 ], [ -94.778683, 38.337698 ], [ -94.778383, 38.339015 ], [ -94.780203, 38.340711 ], [ -94.780313, 38.342461 ], [ -94.778351, 38.343762 ], [ -94.776736, 38.343603 ], [ -94.774204, 38.340259 ], [ -94.772746, 38.339066 ], [ -94.770446, 38.339388 ], [ -94.767249, 38.34176 ], [ -94.767188, 38.342616 ], [ -94.767503, 38.343118 ], [ -94.770408, 38.344575 ], [ -94.771356, 38.345304 ], [ -94.77365, 38.348533 ], [ -94.773568, 38.350674 ], [ -94.774425, 38.351967 ], [ -94.776939, 38.353634 ], [ -94.778468, 38.353399 ], [ -94.779571, 38.350983 ], [ -94.780879, 38.35014 ], [ -94.782769, 38.350408 ], [ -94.783766, 38.351596 ], [ -94.782136, 38.355113 ], [ -94.783486, 38.357303 ], [ -94.786708, 38.358085 ], [ -94.789327, 38.356255 ], [ -94.792009, 38.356103 ], [ -94.793448, 38.358544 ], [ -94.796785, 38.360789 ], [ -94.799099, 38.360597 ], [ -94.800101, 38.358644 ], [ -94.80289, 38.357672 ], [ -94.804756, 38.359475 ], [ -94.80651, 38.359599 ], [ -94.808146, 38.358473 ], [ -94.809803, 38.358881 ], [ -94.810792, 38.360604 ], [ -94.812393, 38.361619 ], [ -94.81369, 38.361417 ], [ -94.813327, 38.35813 ], [ -94.814329, 38.356177 ], [ -94.816835, 38.355559 ], [ -94.821453, 38.355781 ], [ -94.823593, 38.354874 ], [ -94.826308, 38.355578 ], [ -94.827715, 38.357197 ], [ -94.827872, 38.358948 ] ] ] } },
{ "type": "Feature", "properties": { "geoid": "20057961902", "county_name": "Ford County", "place_name": "Wichita", "state_name": "Kansas", "state_abbr": "KS", "is_rural": true, "dci_score": 58.4, "dci_quintile": 4.0, "is_cra_lmi": false, "income_level": "U", "is_persistent_poverty": false, "is_tribal_overlap": false, "tribal_area_name": null, "aian_pct": 0.0, "has_nmtc": false, "nmtc_projects": 0, "nmtc_total_usd": 0.0 }, "geometry": { "type": "Polygon", "coordinates": [ [ [ -100.105923, 37.826242 ], [ -100.033412, 37.82593 ], [ -100.033264, 37.809246 ], [ -100.033203, 37.791636 ], [ -100.033028, 37.780153 ], [ -100.023976, 37.780083 ], [ -100.016228, 37.779986 ], [ -100.016328, 37.772684 ], [ -100.0164, 37.765441 ], [ -100.023383, 37.765499 ], [ -100.02339, 37.76543 ], [ -100.029325, 37.765494 ], [ -100.032808, 37.765516 ], [ -100.05126, 37.76557 ], [ -100.051333, 37.770399 ], [ -100.051879, 37.77123 ], [ -100.052044, 37.771385 ], [ -100.064107, 37.757625 ], [ -100.065308, 37.756628 ], [ -100.066053, 37.755772 ], [ -100.067511, 37.755278 ], [ -100.069632, 37.755389 ], [ -100.074151, 37.755509 ], [ -100.077813, 37.75597 ], [ -100.082371, 37.756955 ], [ -100.097993, 37.761055 ], [ -100.102828, 37.762051 ], [ -100.105748, 37.762385 ], [ -100.105923, 37.826242 ] ] ] } },
{ "type": "Feature", "properties": { "geoid": "20015020205", "county_name": "Butler County", "place_name": "Wichita", "state_name": "Kansas", "state_abbr": "KS", "is_rural": true, "dci_score": 59.6, "dci_quintile": 4.0, "is_cra_lmi": false, "income_level": "U", "is_persistent_poverty": false, "is_tribal_overlap": false, "tribal_area_name": null, "aian_pct": 0.0, "has_nmtc": false, "nmtc_projects": 0, "nmtc_total_usd": 0.0 }, "geometry": { "type": "Polygon", "coordinates": [ [ [ -96.962319, 37.680002 ], [ -96.962229, 37.686429 ], [ -96.960151, 37.687933 ], [ -96.947724, 37.697638 ], [ -96.943152, 37.701135 ], [ -96.948642, 37.701095 ], [ -96.953151, 37.70109 ], [ -96.953091, 37.708343 ], [ -96.953051, 37.712022 ], [ -96.953016, 37.716034 ], [ -96.952973, 37.722906 ], [ -96.952969, 37.730426 ], [ -96.952997, 37.737565 ], [ -96.934623, 37.73756 ], [ -96.934731, 37.810144 ], [ -96.93534, 37.81622 ], [ -96.935493, 37.82123 ], [ -96.933226, 37.821663 ], [ -96.932046, 37.82468 ], [ -96.932329, 37.868211 ], [ -96.932281, 37.882779 ], [ -96.895864, 37.882707 ], [ -96.877236, 37.882656 ], [ -96.841865, 37.882602 ], [ -96.844387, 37.877865 ], [ -96.84624, 37.875987 ], [ -96.85324, 37.871639 ], [ -96.855532, 37.869657 ], [ -96.852924, 37.8682 ], [ -96.853591, 37.86705 ], [ -96.856768, 37.864293 ], [ -96.857257, 37.863356 ], [ -96.855763, 37.862786 ], [ -96.855003, 37.8606 ], [ -96.85647, 37.85711 ], [ -96.858221, 37.854761 ], [ -96.856673, 37.854163 ], [ -96.856442, 37.851692 ], [ -96.859036, 37.851651 ], [ -96.859362, 37.85089 ], [ -96.857692, 37.848541 ], [ -96.859063, 37.847075 ], [ -96.859009, 37.846124 ], [ -96.858683, 37.845214 ], [ -96.856565, 37.844617 ], [ -96.856239, 37.843313 ], [ -96.854635, 37.842449 ], [ -96.854781, 37.841607 ], [ -96.853019, 37.838176 ], [ -96.85168, 37.836675 ], [ -96.85508, 37.838915 ], [ -96.855858, 37.839049 ], [ -96.858919, 37.839178 ], [ -96.858901, 37.83718 ], [ -96.858938, 37.824757 ], [ -96.860935, 37.824736 ], [ -96.875976, 37.824718 ], [ -96.877316, 37.824719 ], [ -96.880756, 37.824734 ], [ -96.893757, 37.824684 ], [ -96.894132, 37.824578 ], [ -96.895255, 37.824052 ], [ -96.896358, 37.823286 ], [ -96.898005, 37.822474 ], [ -96.898709, 37.821466 ], [ -96.89872, 37.815398 ], [ -96.898724, 37.810114 ], [ -96.891891, 37.810025 ], [ -96.890823, 37.810045 ], [ -96.885032, 37.810029 ], [ -96.881891, 37.810042 ], [ -96.880424, 37.810063 ], [ -96.880408, 37.804599 ], [ -96.880404, 37.802812 ], [ -96.880404, 37.802745 ], [ -96.875922, 37.802775 ], [ -96.871211, 37.802808 ], [ -96.86666, 37.802856 ], [ -96.86489, 37.802853 ], [ -96.862102, 37.802996 ], [ -96.862057, 37.801796 ], [ -96.862046, 37.80005 ], [ -96.853091, 37.808664 ], [ -96.849787, 37.810076 ], [ -96.845349, 37.811647 ], [ -96.843849, 37.812259 ], [ -96.843048, 37.812717 ], [ -96.842037, 37.813555 ], [ -96.841089, 37.814877 ], [ -96.840745, 37.815925 ], [ -96.840439, 37.817261 ], [ -96.8397, 37.820763 ], [ -96.838845, 37.824706 ], [ -96.83756, 37.8298 ], [ -96.836209, 37.832046 ], [ -96.834253, 37.834877 ], [ -96.832533, 37.839258 ], [ -96.831324, 37.849116 ], [ -96.831038, 37.851392 ], [ -96.830332, 37.856526 ], [ -96.827967, 37.856415 ], [ -96.828137, 37.853224 ], [ -96.827728, 37.850889 ], [ -96.825124, 37.846532 ], [ -96.825553, 37.845119 ], [ -96.827383, 37.842638 ], [ -96.827446, 37.839765 ], [ -96.828365, 37.838231 ], [ -96.826637, 37.838163 ], [ -96.82465, 37.839834 ], [ -96.823558, 37.839597 ], [ -96.823571, 37.83779 ], [ -96.821735, 37.838628 ], [ -96.819507, 37.837991 ], [ -96.819681, 37.836614 ], [ -96.820815, 37.835463 ], [ -96.821805, 37.833001 ], [ -96.817687, 37.83189 ], [ -96.817594, 37.830956 ], [ -96.819801, 37.829161 ], [ -96.819483, 37.827902 ], [ -96.817721, 37.826807 ], [ -96.81792, 37.825854 ], [ -96.823645, 37.827406 ], [ -96.823688, 37.824523 ], [ -96.8258, 37.824544 ], [ -96.825283, 37.817379 ], [ -96.825395, 37.813406 ], [ -96.825521, 37.795635 ], [ -96.825348, 37.78856 ], [ -96.82524, 37.770386 ], [ -96.82523, 37.770183 ], [ -96.825208, 37.769288 ], [ -96.825214, 37.767239 ], [ -96.825532, 37.737654 ], [ -96.825619, 37.708488 ], [ -96.825628, 37.653332 ], [ -96.829338, 37.651349 ], [ -96.828753, 37.650596 ], [ -96.88048, 37.650391 ], [ -96.889761, 37.650357 ], [ -96.935083, 37.650153 ], [ -96.953342, 37.65024 ], [ -96.953208, 37.676317 ], [ -96.95295, 37.679261 ], [ -96.957428, 37.679282 ], [ -96.962308, 37.679272 ], [ -96.962316, 37.679761 ], [ -96.962319, 37.680002 ] ] ] } },
{ "type": "Feature", "properties": { "geoid": "20157978100", "county_name": "Republic County", "place_name": null, "state_name": "Kansas", "state_abbr": "KS", "is_rural": true, "dci_score": 51.4, "dci_quintile": 5.0, "is_cra_lmi": false, "income_level": "U", "is_persistent_poverty": false, "is_tribal_overlap": false, "tribal_area_name": null, "aian_pct": 0.0, "has_nmtc": false, "nmtc_projects": 0, "nmtc_total_usd": 0.0 }, "geometry": { "type": "Polygon", "coordinates": [ [ [ -97.670683, 39.91424 ], [ -97.669236869354606, 40.001957708517899 ], [ -97.623370049436204, 40.001940810847003 ], [ -97.614030044809397, 40.001937369921102 ], [ -97.593724892052407, 40.001929889354798 ], [ -97.515308, 40.001901 ], [ -97.511381, 40.001899 ], [ -97.510264, 40.001835 ], [ -97.500569807515404, 40.001878746542197 ], [ -97.497287745293804, 40.001893557355402 ], [ -97.481364850237696, 40.001965411880803 ], [ -97.463285, 40.002047 ], [ -97.444662, 40.001958 ], [ -97.435136086300403, 40.002002608576603 ], [ -97.425443, 40.002048 ], [ -97.417826, 40.002024 ], [ -97.415833, 40.002001 ], [ -97.4068490471481, 40.002012342889302 ], [ -97.369199118528499, 40.002059878643401 ], [ -97.369207, 39.97293 ], [ -97.369218, 39.925874 ], [ -97.369198, 39.922262 ], [ -97.369226, 39.914924 ], [ -97.369147, 39.885889 ], [ -97.368773, 39.856057 ], [ -97.368701, 39.838692 ], [ -97.368699, 39.82797 ], [ -97.368698, 39.827953 ], [ -97.368725, 39.820634 ], [ -97.368714, 39.81688 ], [ -97.368723, 39.813447 ], [ -97.368652, 39.777439 ], [ -97.368562, 39.741006 ], [ -97.368534, 39.733539 ], [ -97.368586, 39.726538 ], [ -97.368528, 39.701461 ], [ -97.368506, 39.694523 ], [ -97.36855, 39.683048 ], [ -97.368568, 39.675845 ], [ -97.36867, 39.654043 ], [ -97.415819, 39.65388 ], [ -97.480809, 39.653691 ], [ -97.500074, 39.653649 ], [ -97.518394, 39.6536 ], [ -97.569501, 39.653547 ], [ -97.571347, 39.653788 ], [ -97.594695, 39.653414 ], [ -97.611754, 39.653527 ], [ -97.613389, 39.653369 ], [ -97.660135, 39.653514 ], [ -97.660184, 39.667983 ], [ -97.659951, 39.67331 ], [ -97.660022, 39.682383 ], [ -97.65993, 39.696748 ], [ -97.66018, 39.70023 ], [ -97.66042, 39.725608 ], [ -97.660175, 39.729227 ], [ -97.659305, 39.731616 ], [ -97.655019, 39.740256 ], [ -97.652421, 39.745547 ], [ -97.651714, 39.747819 ], [ -97.651454, 39.749994 ], [ -97.651616, 39.776413 ], [ -97.651927, 39.798342 ], [ -97.633196, 39.797976 ], [ -97.595876, 39.797724 ], [ -97.585331, 39.798167 ], [ -97.585218, 39.81122 ], [ -97.584147, 39.812507 ], [ -97.585209, 39.81363 ], [ -97.585323, 39.826764 ], [ -97.595786, 39.826673 ], [ -97.595724, 39.855639 ], [ -97.618033, 39.855895 ], [ -97.619972, 39.855551 ], [ -97.621468, 39.85586 ], [ -97.622975, 39.856253 ], [ -97.625267, 39.855921 ], [ -97.670801, 39.856315 ], [ -97.670683, 39.91424 ] ] ] } },
{ "type": "Feature", "properties": { "geoid": "20209041400", "county_name": "Wyandotte County", "place_name": null, "state_name": "Kansas", "state_abbr": "KS", "is_rural": false, "dci_score": 96.2, "dci_quintile": 1.0, "is_cra_lmi": true, "income_level": "L", "is_persistent_poverty": false, "is_tribal_overlap": false, "tribal_area_name": null, "aian_pct": 0.0, "has_nmtc": false, "nmtc_projects": 0, "nmtc_total_usd": 0.0 }, "geometry": { "type": "Polygon", "coordinates": [ [ [ -94.635004, 39.134754 ], [ -94.630707, 39.133686 ], [ -94.62693, 39.131865 ], [ -94.621565, 39.130334 ], [ -94.617651, 39.130347 ], [ -94.612537, 39.130371 ], [ -94.612248, 39.128911 ], [ -94.613731, 39.123306 ], [ -94.614541, 39.122361 ], [ -94.616122, 39.121409 ], [ -94.621399, 39.12296 ], [ -94.626411, 39.124725 ], [ -94.626809, 39.125505 ], [ -94.630364, 39.125686 ], [ -94.635171, 39.128963 ], [ -94.635004, 39.134754 ] ] ] } },
{ "type": "Feature", "properties": { "geoid": "20137951700", "county_name": "Norton County", "place_name": null, "state_name": "Kansas", "state_abbr": "KS", "is_rural": true, "dci_score": 80.3, "dci_quintile": 3.0, "is_cra_lmi": false, "income_level": "U", "is_persistent_poverty": false, "is_tribal_overlap": false, "tribal_area_name": null, "aian_pct": 0.0, "has_nmtc": false, "nmtc_projects": 0, "nmtc_total_usd": 0.0 }, "geometry": { "type": "Polygon", "coordinates": [ [ [ -100.180419, 39.574119 ], [ -100.180186, 39.610496 ], [ -100.179959, 39.653873 ], [ -100.179964, 39.661304 ], [ -100.179939, 39.718653 ], [ -100.180099, 39.719113 ], [ -100.180156, 39.730484 ], [ -100.18015, 39.731656 ], [ -100.180163, 39.739847 ], [ -100.180168, 39.740613 ], [ -100.180151, 39.742424 ], [ -100.180006, 39.784075 ], [ -100.179525, 39.827502 ], [ -100.179281, 39.841931 ], [ -100.179309, 39.856276 ], [ -100.179455, 39.856441 ], [ -100.179098, 39.914251 ], [ -100.178161, 39.997256 ], [ -100.178276, 39.998801 ], [ -100.17795, 40.00001 ], [ -100.177794883236004, 40.001592986460402 ], [ -100.145890034852997, 40.001577622723403 ], [ -100.137250032522999, 40.001573462141899 ], [ -100.131523507268, 40.001570704541301 ], [ -100.127210044962993, 40.001568627399301 ], [ -100.099189029792001, 40.001555133917002 ], [ -100.080715024444004, 40.001546237784503 ], [ -100.042975064497, 40.001528064157299 ], [ -100.032247054945998, 40.001522898098699 ], [ -99.990926, 40.001503 ], [ -99.986611, 40.00155 ], [ -99.957698998566499, 40.001747790458303 ], [ -99.948167, 40.001813 ], [ -99.944417, 40.001584 ], [ -99.930433, 40.001516 ], [ -99.906658, 40.001512 ], [ -99.854601174766103, 40.001449480677799 ], [ -99.850080901053701, 40.001444051909402 ], [ -99.832215481070406, 40.001422595857498 ], [ -99.813401, 40.0014 ], [ -99.77564, 40.001647 ], [ -99.772121, 40.001804 ], [ -99.764214, 40.001551 ], [ -99.756835, 40.001342 ], [ -99.746628, 40.00182 ], [ -99.741160349697196, 40.0018226091453 ], [ -99.731959, 40.001827 ], [ -99.719639, 40.001808 ], [ -99.628346, 40.001866 ], [ -99.628254542096897, 40.001865961344897 ], [ -99.62598, 40.001865 ], [ -99.625324008881094, 40.001865850441 ], [ -99.625714, 39.96141 ], [ -99.626061, 39.95835 ], [ -99.62652, 39.92953 ], [ -99.626749, 39.915 ], [ -99.627153, 39.87206 ], [ -99.627195, 39.86459 ], [ -99.62712, 39.828414 ], [ -99.627817, 39.755959 ], [ -99.627701, 39.750007 ], [ -99.627924, 39.740848 ], [ -99.62811, 39.726681 ], [ -99.628104, 39.72087 ], [ -99.628208, 39.72017 ], [ -99.628161, 39.70926 ], [ -99.627923, 39.70491 ], [ -99.627865, 39.654089 ], [ -99.627769, 39.647361 ], [ -99.62803, 39.646926 ], [ -99.627953, 39.567437 ], [ -99.732828, 39.567392 ], [ -99.740243, 39.567392 ], [ -99.852926, 39.566938 ], [ -99.882005, 39.566905 ], [ -100.020966, 39.566929 ], [ -100.02183, 39.566966 ], [ -100.109192, 39.566823 ], [ -100.112865, 39.567186 ], [ -100.156305, 39.567139 ], [ -100.15731, 39.567344 ], [ -100.161667, 39.567277 ], [ -100.180351, 39.56689 ], [ -100.180419, 39.574119 ] ] ] } },
{ "type": "Feature", "properties": { "geoid": "20209040700", "county_name": "Wyandotte County", "place_name": null, "state_name": "Kansas", "state_abbr": "KS", "is_rural": false, "dci_score": 80.2, "dci_quintile": 3.0, "is_cra_lmi": true, "income_level": "L", "is_persistent_poverty": false, "is_tribal_overlap": false, "tribal_area_name": null, "aian_pct": 0.0, "has_nmtc": false, "nmtc_projects": 0, "nmtc_total_usd": 0.0 }, "geometry": { "type": "Polygon", "coordinates": [ [ [ -94.651244, 39.138738 ], [ -94.64298, 39.136733 ], [ -94.635004, 39.134754 ], [ -94.635171, 39.128963 ], [ -94.636311, 39.129138 ], [ -94.638087, 39.129481 ], [ -94.639358, 39.129552 ], [ -94.640694, 39.129556 ], [ -94.643023, 39.129574 ], [ -94.64599, 39.12959 ], [ -94.649734, 39.128841 ], [ -94.650141, 39.129805 ], [ -94.650207, 39.130693 ], [ -94.650154, 39.132575 ], [ -94.651392, 39.134022 ], [ -94.651244, 39.138738 ] ] ] } },
{ "type": "Feature", "properties": { "geoid": "20209042002", "county_name": "Wyandotte County", "place_name": null, "state_name": "Kansas", "state_abbr": "KS", "is_rural": false, "dci_score": 94.9, "dci_quintile": 1.0, "is_cra_lmi": true, "income_level": "M", "is_persistent_poverty": false, "is_tribal_overlap": false, "tribal_area_name": null, "aian_pct": 0.0, "has_nmtc": false, "nmtc_projects": 0, "nmtc_total_usd": 0.0 }, "geometry": { "type": "Polygon", "coordinates": [ [ [ -94.635463, 39.107711 ], [ -94.626776, 39.107732 ], [ -94.626738, 39.104537 ], [ -94.626214, 39.102734 ], [ -94.627298, 39.102735 ], [ -94.63083, 39.100739 ], [ -94.634266, 39.100421 ], [ -94.635434, 39.100818 ], [ -94.635434, 39.104605 ], [ -94.635455, 39.106503 ], [ -94.635463, 39.107711 ] ] ] } },
{ "type": "Feature", "properties": { "geoid": "20209042400", "county_name": "Wyandotte County", "place_name": null, "state_name": "Kansas", "state_abbr": "KS", "is_rural": false, "dci_score": 96.2, "dci_quintile": 1.0, "is_cra_lmi": true, "income_level": "L", "is_persistent_poverty": false, "is_tribal_overlap": false, "tribal_area_name": null, "aian_pct": 0.0, "has_nmtc": true, "nmtc_projects": 1, "nmtc_total_usd": 22467000.0 }, "geometry": { "type": "Polygon", "coordinates": [ [ [ -94.635434, 39.100818 ], [ -94.634266, 39.100421 ], [ -94.63083, 39.100739 ], [ -94.627298, 39.102735 ], [ -94.626214, 39.102734 ], [ -94.622177, 39.102713 ], [ -94.621486, 39.102627 ], [ -94.621758, 39.100651 ], [ -94.625951, 39.092597 ], [ -94.625962, 39.092796 ], [ -94.627843, 39.091926 ], [ -94.630696, 39.091534 ], [ -94.631371, 39.091511 ], [ -94.635335, 39.092204 ], [ -94.635423, 39.098814 ], [ -94.635434, 39.100818 ] ] ] } },
{ "type": "Feature", "properties": { "geoid": "20209043301", "county_name": "Wyandotte County", "place_name": "Olathe", "state_name": "Kansas", "state_abbr": "KS", "is_rural": false, "dci_score": 67.9, "dci_quintile": 4.0, "is_cra_lmi": true, "income_level": "M", "is_persistent_poverty": false, "is_tribal_overlap": false, "tribal_area_name": null, "aian_pct": 0.0, "has_nmtc": true, "nmtc_projects": 1, "nmtc_total_usd": 2864763.0 }, "geometry": { "type": "Polygon", "coordinates": [ [ [ -94.646326, 39.04765 ], [ -94.640918, 39.049111 ], [ -94.638183, 39.051429 ], [ -94.634973, 39.053312 ], [ -94.630476, 39.055651 ], [ -94.628912, 39.056823 ], [ -94.628056, 39.058747 ], [ -94.624476, 39.0587 ], [ -94.623839, 39.05874 ], [ -94.621325, 39.052537 ], [ -94.621287, 39.051394 ], [ -94.621232, 39.049976 ], [ -94.621224, 39.044064 ], [ -94.628219, 39.04407 ], [ -94.629835, 39.044076 ], [ -94.637613, 39.044061 ], [ -94.638728, 39.043854 ], [ -94.643776, 39.044041 ], [ -94.643874, 39.044038 ], [ -94.645255, 39.045795 ], [ -94.646326, 39.04765 ] ] ] } },
{ "type": "Feature", "properties": { "geoid": "20209043700", "county_name": "Wyandotte County", "place_name": null, "state_name": "Kansas", "state_abbr": "KS", "is_rural": false, "dci_score": 74.1, "dci_quintile": 3.0, "is_cra_lmi": true, "income_level": "M", "is_persistent_poverty": false, "is_tribal_overlap": false, "tribal_area_name": null, "aian_pct": 0.0, "has_nmtc": false, "nmtc_projects": 0, "nmtc_total_usd": 0.0 }, "geometry": { "type": "Polygon", "coordinates": [ [ [ -94.695911, 39.073097 ], [ -94.695742, 39.073098 ], [ -94.695897, 39.08318 ], [ -94.695134, 39.085115 ], [ -94.691466, 39.082452 ], [ -94.686188, 39.080978 ], [ -94.685104, 39.080762 ], [ -94.680368, 39.08067 ], [ -94.68022, 39.073195 ], [ -94.679072, 39.064018 ], [ -94.679085, 39.062411 ], [ -94.679189, 39.058646 ], [ -94.679477, 39.058645 ], [ -94.686523, 39.058616 ], [ -94.693754, 39.058601 ], [ -94.695883, 39.058604 ], [ -94.695911, 39.073097 ] ] ] } },
{ "type": "Feature", "properties": { "geoid": "20209044500", "county_name": "Wyandotte County", "place_name": null, "state_name": "Kansas", "state_abbr": "KS", "is_rural": false, "dci_score": 80.2, "dci_quintile": 3.0, "is_cra_lmi": true, "income_level": "M", "is_persistent_poverty": false, "is_tribal_overlap": false, "tribal_area_name": null, "aian_pct": 0.0, "has_nmtc": false, "nmtc_projects": 0, "nmtc_total_usd": 0.0 }, "geometry": { "type": "Polygon", "coordinates": [ [ [ -94.705713, 39.14831 ], [ -94.705646, 39.15652 ], [ -94.704823, 39.159033 ], [ -94.69771, 39.163772 ], [ -94.697532, 39.164861 ], [ -94.693062, 39.164658 ], [ -94.687986, 39.163716 ], [ -94.682347, 39.162454 ], [ -94.675271, 39.160122 ], [ -94.67286, 39.158769 ], [ -94.669167, 39.15798 ], [ -94.651531, 39.152938 ], [ -94.655122, 39.147666 ], [ -94.657346, 39.146639 ], [ -94.663691, 39.146839 ], [ -94.666421, 39.146331 ], [ -94.667847, 39.145617 ], [ -94.670762, 39.142973 ], [ -94.686689, 39.142939 ], [ -94.693579, 39.142936 ], [ -94.696526, 39.142916 ], [ -94.705769, 39.142993 ], [ -94.705713, 39.14831 ] ] ] } },
{ "type": "Feature", "properties": { "geoid": "20147475200", "county_name": "Phillips County", "place_name": "Augusta", "state_name": "Kansas", "state_abbr": "KS", "is_rural": true, "dci_score": 75.5, "dci_quintile": 3.0, "is_cra_lmi": false, "income_level": "U", "is_persistent_poverty": false, "is_tribal_overlap": false, "tribal_area_name": null, "aian_pct": 0.0, "has_nmtc": false, "nmtc_projects": 0, "nmtc_total_usd": 0.0 }, "geometry": { "type": "Polygon", "coordinates": [ [ [ -99.628208, 39.72017 ], [ -99.628104, 39.72087 ], [ -99.62811, 39.726681 ], [ -99.627924, 39.740848 ], [ -99.627701, 39.750007 ], [ -99.627817, 39.755959 ], [ -99.62712, 39.828414 ], [ -99.627195, 39.86459 ], [ -99.627153, 39.87206 ], [ -99.626749, 39.915 ], [ -99.62652, 39.92953 ], [ -99.626061, 39.95835 ], [ -99.625714, 39.96141 ], [ -99.625324008881094, 40.001865850441 ], [ -99.609352298699903, 40.0018865565103 ], [ -99.581249118191906, 40.001922990079301 ], [ -99.5178510989724, 40.002005180638001 ], [ -99.515339056312996, 40.002008437304198 ], [ -99.501792, 40.002026 ], [ -99.498999, 40.001957 ], [ -99.49766, 40.001912 ], [ -99.493465, 40.001937 ], [ -99.480728, 40.001942 ], [ -99.4410230391684, 40.002169826166501 ], [ -99.423610796121196, 40.002269737222903 ], [ -99.423565, 40.00227 ], [ -99.414064996540503, 40.0019202745979 ], [ -99.412645, 40.001868 ], [ -99.404653416107607, 40.001955202892503 ], [ -99.403389, 40.001969 ], [ -99.385054529667102, 40.001965745918703 ], [ -99.366773981985105, 40.001962501407803 ], [ -99.365882, 39.997639 ], [ -99.364093, 39.995623 ], [ -99.360221, 39.994548 ], [ -99.336908, 39.99433 ], [ -99.334399, 39.993824 ], [ -99.33266, 39.993065 ], [ -99.330184, 39.991027 ], [ -99.32908, 39.988918 ], [ -99.328849, 39.987409 ], [ -99.328425, 39.914991 ], [ -99.328403, 39.828152 ], [ -99.328288, 39.784706 ], [ -99.384515, 39.784692 ], [ -99.384431, 39.755677 ], [ -99.384471, 39.741189 ], [ -99.384371, 39.726759 ], [ -99.384254, 39.71228 ], [ -99.365553, 39.712497 ], [ -99.365672, 39.65434 ], [ -99.360905, 39.654261 ], [ -99.360979, 39.639914 ], [ -99.3657, 39.639367 ], [ -99.365195, 39.567518 ], [ -99.377412, 39.567436 ], [ -99.402734, 39.567294 ], [ -99.462323, 39.567519 ], [ -99.514814, 39.567487 ], [ -99.572399, 39.567326 ], [ -99.573042, 39.567245 ], [ -99.602176, 39.567328 ], [ -99.627953, 39.567437 ], [ -99.62803, 39.646926 ], [ -99.627769, 39.647361 ], [ -99.627865, 39.654089 ], [ -99.627923, 39.70491 ], [ -99.628161, 39.70926 ], [ -99.628208, 39.72017 ] ] ] } },
{ "type": "Feature", "properties": { "geoid": "20057962101", "county_name": "Ford County", "place_name": null, "state_name": "Kansas", "state_abbr": "KS", "is_rural": true, "dci_score": 58.4, "dci_quintile": 4.0, "is_cra_lmi": true, "income_level": "M", "is_persistent_poverty": false, "is_tribal_overlap": false, "tribal_area_name": null, "aian_pct": 0.0, "has_nmtc": false, "nmtc_projects": 0, "nmtc_total_usd": 0.0 }, "geometry": { "type": "Polygon", "coordinates": [ [ [ -100.032912, 37.752236 ], [ -100.029316, 37.75204 ], [ -100.0227, 37.751694 ], [ -100.022267, 37.756595 ], [ -100.023459, 37.758228 ], [ -100.016536, 37.758223 ], [ -100.012314, 37.758149 ], [ -100.009502, 37.758157 ], [ -100.00671, 37.758142 ], [ -100.005302, 37.757268 ], [ -100.001122, 37.757277 ], [ -100.001141, 37.753801 ], [ -99.996611, 37.753867 ], [ -99.979302, 37.754015 ], [ -99.979034, 37.754014 ], [ -99.97902, 37.752335 ], [ -99.979063, 37.749403 ], [ -99.979033, 37.745305 ], [ -99.979156, 37.742164 ], [ -99.979208, 37.734165 ], [ -99.981437, 37.734987 ], [ -99.983135, 37.734914 ], [ -99.986596, 37.736813 ], [ -99.996759, 37.74179 ], [ -100.006964, 37.747043 ], [ -100.011126, 37.74796 ], [ -100.016013, 37.747938 ], [ -100.01947, 37.747363 ], [ -100.01944, 37.742247 ], [ -100.01945, 37.736402 ], [ -100.033146, 37.736473 ], [ -100.032912, 37.752236 ] ] ] } },
{ "type": "Feature", "properties": { "geoid": "20001952800", "county_name": "Allen County", "place_name": null, "state_name": "Kansas", "state_abbr": "KS", "is_rural": true, "dci_score": 86.7, "dci_quintile": 2.0, "is_cra_lmi": false, "income_level": "U", "is_persistent_poverty": false, "is_tribal_overlap": false, "tribal_area_name": null, "aian_pct": 0.0, "has_nmtc": false, "nmtc_projects": 0, "nmtc_total_usd": 0.0 }, "geometry": { "type": "Polygon", "coordinates": [ [ [ -95.443065, 37.952845 ], [ -95.441016, 37.952759 ], [ -95.438557, 37.953324 ], [ -95.435253, 37.952738 ], [ -95.435381, 37.953841 ], [ -95.4369, 37.953709 ], [ -95.437646, 37.954677 ], [ -95.436547, 37.957776 ], [ -95.438582, 37.959653 ], [ -95.437986, 37.961994 ], [ -95.437291, 37.962633 ], [ -95.433811, 37.960976 ], [ -95.433314, 37.959903 ], [ -95.434445, 37.958256 ], [ -95.434021, 37.957586 ], [ -95.431759, 37.957141 ], [ -95.430767, 37.956393 ], [ -95.429885, 37.957495 ], [ -95.428226, 37.958023 ], [ -95.42737, 37.959125 ], [ -95.422538, 37.962457 ], [ -95.421233, 37.964771 ], [ -95.420082, 37.965015 ], [ -95.418988, 37.963868 ], [ -95.418982, 37.962257 ], [ -95.418044, 37.960889 ], [ -95.415888, 37.960658 ], [ -95.414447, 37.962633 ], [ -95.414518, 37.965239 ], [ -95.412157, 37.96744 ], [ -95.411684, 37.96908 ], [ -95.412406, 37.970725 ], [ -95.408951, 37.973429 ], [ -95.409095, 37.965797 ], [ -95.353869, 37.965534 ], [ -95.353998, 37.951103 ], [ -95.354021, 37.948813 ], [ -95.354633, 37.947074 ], [ -95.356787, 37.946107 ], [ -95.358697, 37.947235 ], [ -95.359356, 37.945802 ], [ -95.357657, 37.944901 ], [ -95.357137, 37.942805 ], [ -95.358922, 37.94216 ], [ -95.35793, 37.939906 ], [ -95.360334, 37.938277 ], [ -95.361699, 37.934537 ], [ -95.365104, 37.933912 ], [ -95.365724, 37.93131 ], [ -95.367879, 37.931857 ], [ -95.368764, 37.930434 ], [ -95.366568, 37.92928 ], [ -95.366355, 37.927423 ], [ -95.367624, 37.926494 ], [ -95.368772, 37.928107 ], [ -95.370931, 37.929481 ], [ -95.372686, 37.928455 ], [ -95.372369, 37.922608 ], [ -95.372368, 37.922134 ], [ -95.380956, 37.922108 ], [ -95.388501, 37.922117 ], [ -95.390744, 37.922117 ], [ -95.396797, 37.922163 ], [ -95.396804, 37.924447 ], [ -95.409029, 37.924533 ], [ -95.409024, 37.921407 ], [ -95.41074, 37.921397 ], [ -95.413127, 37.921894 ], [ -95.41421, 37.92197 ], [ -95.426829, 37.921982 ], [ -95.427507, 37.926292 ], [ -95.429192, 37.928299 ], [ -95.430711, 37.927878 ], [ -95.43284, 37.925889 ], [ -95.436142, 37.926618 ], [ -95.437695, 37.927767 ], [ -95.439142, 37.930807 ], [ -95.439249, 37.934876 ], [ -95.437941, 37.93769 ], [ -95.437745, 37.939331 ], [ -95.439232, 37.943192 ], [ -95.439441, 37.945905 ], [ -95.438, 37.948075 ], [ -95.438676, 37.949792 ], [ -95.442448, 37.950736 ], [ -95.442625, 37.951185 ], [ -95.443065, 37.952845 ] ] ] } },
{ "type": "Feature", "properties": { "geoid": "20045000501", "county_name": "Douglas County", "place_name": null, "state_name": "Kansas", "state_abbr": "KS", "is_rural": false, "dci_score": 63.4, "dci_quintile": 4.0, "is_cra_lmi": true, "income_level": "M", "is_persistent_poverty": false, "is_tribal_overlap": false, "tribal_area_name": null, "aian_pct": 0.0, "has_nmtc": false, "nmtc_projects": 0, "nmtc_total_usd": 0.0 }, "geometry": { "type": "Polygon", "coordinates": [ [ [ -95.261316, 38.974114 ], [ -95.260786, 38.976939 ], [ -95.260443, 38.978681 ], [ -95.260447, 38.980606 ], [ -95.260463, 38.986084 ], [ -95.260447, 38.990009 ], [ -95.255803, 38.989765 ], [ -95.25116, 38.990285 ], [ -95.239145, 38.992062 ], [ -95.239547, 38.99145 ], [ -95.239354, 38.983502 ], [ -95.237655, 38.977203 ], [ -95.235737, 38.975402 ], [ -95.236073, 38.973764 ], [ -95.236035, 38.973117 ], [ -95.239424, 38.973149 ], [ -95.251111, 38.973166 ], [ -95.259675, 38.973025 ], [ -95.260698, 38.972857 ], [ -95.26096, 38.972798 ], [ -95.261316, 38.974114 ] ] ] } },
{ "type": "Feature", "properties": { "geoid": "20169000500", "county_name": "Saline County", "place_name": "Garden City", "state_name": "Kansas", "state_abbr": "KS", "is_rural": true, "dci_score": 53.1, "dci_quintile": 5.0, "is_cra_lmi": false, "income_level": "U", "is_persistent_poverty": false, "is_tribal_overlap": false, "tribal_area_name": null, "aian_pct": 0.0, "has_nmtc": false, "nmtc_projects": 0, "nmtc_total_usd": 0.0 }, "geometry": { "type": "Polygon", "coordinates": [ [ [ -97.639897, 38.827147 ], [ -97.625043, 38.827152 ], [ -97.625171, 38.819871 ], [ -97.624353, 38.817649 ], [ -97.618921, 38.812675 ], [ -97.613254, 38.807594 ], [ -97.612622, 38.807403 ], [ -97.612605, 38.805386 ], [ -97.612655, 38.804954 ], [ -97.612744, 38.798173 ], [ -97.618506, 38.798122 ], [ -97.621154, 38.801651 ], [ -97.625034, 38.805023 ], [ -97.628366, 38.807927 ], [ -97.631935, 38.811077 ], [ -97.632642, 38.811901 ], [ -97.634388, 38.814257 ], [ -97.639897, 38.827147 ] ] ] } },
{ "type": "Feature", "properties": { "geoid": "20177001500", "county_name": "Shawnee County", "place_name": null, "state_name": "Kansas", "state_abbr": "KS", "is_rural": false, "dci_score": 63.4, "dci_quintile": 4.0, "is_cra_lmi": false, "income_level": "U", "is_persistent_poverty": false, "is_tribal_overlap": false, "tribal_area_name": null, "aian_pct": 0.0, "has_nmtc": false, "nmtc_projects": 0, "nmtc_total_usd": 0.0 }, "geometry": { "type": "Polygon", "coordinates": [ [ [ -95.696972, 39.019619 ], [ -95.696935, 39.022421 ], [ -95.696922, 39.024341 ], [ -95.696911, 39.025453 ], [ -95.696898, 39.029702 ], [ -95.688911, 39.029688 ], [ -95.687593, 39.029702 ], [ -95.682981, 39.029702 ], [ -95.675319, 39.029731 ], [ -95.673453, 39.029754 ], [ -95.669973, 39.029788 ], [ -95.670045, 39.026153 ], [ -95.670143, 39.020705 ], [ -95.670221, 39.015192 ], [ -95.674888, 39.015211 ], [ -95.678269, 39.015136 ], [ -95.679573, 39.015204 ], [ -95.681923, 39.015149 ], [ -95.687588, 39.015181 ], [ -95.694463, 39.015144 ], [ -95.697017, 39.015124 ], [ -95.696972, 39.019619 ] ] ] } },
{ "type": "Feature", "properties": { "geoid": "20177001200", "county_name": "Shawnee County", "place_name": null, "state_name": "Kansas", "state_abbr": "KS", "is_rural": false, "dci_score": 99.3, "dci_quintile": 1.0, "is_cra_lmi": true, "income_level": "M", "is_persistent_poverty": false, "is_tribal_overlap": false, "tribal_area_name": null, "aian_pct": 0.0, "has_nmtc": true, "nmtc_projects": 1, "nmtc_total_usd": 13580000.0 }, "geometry": { "type": "Polygon", "coordinates": [ [ [ -95.673453, 39.029754 ], [ -95.669232, 39.040473 ], [ -95.667765, 39.044193 ], [ -95.665223, 39.044194 ], [ -95.660044, 39.044249 ], [ -95.650725, 39.044256 ], [ -95.651027, 39.034878 ], [ -95.651157, 39.029818 ], [ -95.660631, 39.029779 ], [ -95.669973, 39.029788 ], [ -95.673453, 39.029754 ] ] ] } },
{ "type": "Feature", "properties": { "geoid": "20133951700", "county_name": "Neosho County", "place_name": null, "state_name": "Kansas", "state_abbr": "KS", "is_rural": true, "dci_score": 77.1, "dci_quintile": 3.0, "is_cra_lmi": false, "income_level": "U", "is_persistent_poverty": false, "is_tribal_overlap": false, "tribal_area_name": null, "aian_pct": 0.0, "has_nmtc": false, "nmtc_projects": 0, "nmtc_total_usd": 0.0 }, "geometry": { "type": "Polygon", "coordinates": [ [ [ -95.525499, 37.732759 ], [ -95.470925, 37.73271 ], [ -95.460649, 37.732948 ], [ -95.460449, 37.732948 ], [ -95.458182, 37.729637 ], [ -95.458502, 37.723571 ], [ -95.457654, 37.720462 ], [ -95.455052, 37.719201 ], [ -95.453802, 37.721016 ], [ -95.453223, 37.724975 ], [ -95.450408, 37.727639 ], [ -95.446634, 37.729906 ], [ -95.443833, 37.730679 ], [ -95.439989, 37.730054 ], [ -95.435636, 37.729999 ], [ -95.43317, 37.728952 ], [ -95.430303, 37.726476 ], [ -95.429399, 37.724794 ], [ -95.424844, 37.721418 ], [ -95.422995, 37.71759 ], [ -95.423334, 37.715308 ], [ -95.425227, 37.713318 ], [ -95.425468, 37.711785 ], [ -95.424701, 37.710246 ], [ -95.422332, 37.7087 ], [ -95.418212, 37.708288 ], [ -95.415455, 37.709453 ], [ -95.413855, 37.709017 ], [ -95.414326, 37.707306 ], [ -95.414432, 37.69974 ], [ -95.415284, 37.696282 ], [ -95.417179, 37.694043 ], [ -95.420956, 37.691277 ], [ -95.421523, 37.689067 ], [ -95.419573, 37.686559 ], [ -95.418021, 37.686587 ], [ -95.416601, 37.684995 ], [ -95.417697, 37.683053 ], [ -95.419969, 37.682891 ], [ -95.420203, 37.682174 ], [ -95.429457, 37.682264 ], [ -95.440911, 37.682555 ], [ -95.445441, 37.682676 ], [ -95.445455, 37.683643 ], [ -95.450493, 37.683639 ], [ -95.450527, 37.684509 ], [ -95.45408, 37.684596 ], [ -95.454179, 37.682697 ], [ -95.458039, 37.682743 ], [ -95.458615, 37.681826 ], [ -95.458853, 37.681831 ], [ -95.468585, 37.682018 ], [ -95.475483, 37.682083 ], [ -95.476557, 37.682036 ], [ -95.478942, 37.682024 ], [ -95.479476, 37.682034 ], [ -95.485458, 37.681994 ], [ -95.485905, 37.681989 ], [ -95.489072, 37.681968 ], [ -95.489065, 37.682897 ], [ -95.489023, 37.689237 ], [ -95.525698, 37.689271 ], [ -95.525499, 37.732759 ] ] ] } },
{ "type": "Feature", "properties": { "geoid": "20173006500", "county_name": "Sedgwick County", "place_name": null, "state_name": "Kansas", "state_abbr": "KS", "is_rural": false, "dci_score": 96.7, "dci_quintile": 1.0, "is_cra_lmi": true, "income_level": "L", "is_persistent_poverty": false, "is_tribal_overlap": false, "tribal_area_name": null, "aian_pct": 0.0, "has_nmtc": false, "nmtc_projects": 0, "nmtc_total_usd": 0.0 }, "geometry": { "type": "Polygon", "coordinates": [ [ [ -97.298793, 37.640553 ], [ -97.298788, 37.642353 ], [ -97.298746, 37.65001 ], [ -97.293069, 37.650041 ], [ -97.288755, 37.650084 ], [ -97.285163, 37.647229 ], [ -97.284452, 37.646456 ], [ -97.283765, 37.645743 ], [ -97.28046, 37.643374 ], [ -97.28046, 37.643186 ], [ -97.282689, 37.640919 ], [ -97.286188, 37.635099 ], [ -97.293289, 37.635067 ], [ -97.294254, 37.635067 ], [ -97.298855, 37.63507 ], [ -97.298793, 37.640553 ] ] ] } },
{ "type": "Feature", "properties": { "geoid": "20173003400", "county_name": "Sedgwick County", "place_name": null, "state_name": "Kansas", "state_abbr": "KS", "is_rural": false, "dci_score": 94.4, "dci_quintile": 1.0, "is_cra_lmi": true, "income_level": "M", "is_persistent_poverty": false, "is_tribal_overlap": false, "tribal_area_name": null, "aian_pct": 0.0, "has_nmtc": false, "nmtc_projects": 0, "nmtc_total_usd": 0.0 }, "geometry": { "type": "Polygon", "coordinates": [ [ [ -97.331609, 37.674642 ], [ -97.327626, 37.674673 ], [ -97.327601, 37.6761 ], [ -97.321235, 37.676111 ], [ -97.317201, 37.676154 ], [ -97.317194, 37.671754 ], [ -97.317192, 37.66809 ], [ -97.317186, 37.664442 ], [ -97.317164, 37.660823 ], [ -97.321699, 37.660777 ], [ -97.322636, 37.660726 ], [ -97.326359, 37.660747 ], [ -97.331569, 37.660705 ], [ -97.331568, 37.664361 ], [ -97.331573, 37.669832 ], [ -97.331599, 37.671651 ], [ -97.331609, 37.674642 ] ] ] } },
{ "type": "Feature", "properties": { "geoid": "20173003900", "county_name": "Sedgwick County", "place_name": null, "state_name": "Kansas", "state_abbr": "KS", "is_rural": false, "dci_score": 93.2, "dci_quintile": 1.0, "is_cra_lmi": true, "income_level": "M", "is_persistent_poverty": false, "is_tribal_overlap": false, "tribal_area_name": null, "aian_pct": 0.0, "has_nmtc": false, "nmtc_projects": 0, "nmtc_total_usd": 0.0 }, "geometry": { "type": "Polygon", "coordinates": [ [ [ -97.331569, 37.660705 ], [ -97.326359, 37.660747 ], [ -97.322636, 37.660726 ], [ -97.321699, 37.660777 ], [ -97.317164, 37.660823 ], [ -97.317132, 37.657171 ], [ -97.317125, 37.652654 ], [ -97.315578, 37.649889 ], [ -97.317117, 37.649861 ], [ -97.317118, 37.645978 ], [ -97.319265, 37.645963 ], [ -97.322349, 37.645945 ], [ -97.324976, 37.645936 ], [ -97.326388, 37.645913 ], [ -97.326373, 37.642288 ], [ -97.331073, 37.642446 ], [ -97.329193, 37.6498 ], [ -97.331568, 37.649742 ], [ -97.331566, 37.653431 ], [ -97.331569, 37.660705 ] ] ] } },
{ "type": "Feature", "properties": { "geoid": "20173009504", "county_name": "Sedgwick County", "place_name": null, "state_name": "Kansas", "state_abbr": "KS", "is_rural": false, "dci_score": 40.9, "dci_quintile": 5.0, "is_cra_lmi": false, "income_level": "U", "is_persistent_poverty": false, "is_tribal_overlap": false, "tribal_area_name": null, "aian_pct": 0.0, "has_nmtc": false, "nmtc_projects": 0, "nmtc_total_usd": 0.0 }, "geometry": { "type": "Polygon", "coordinates": [ [ [ -97.462666, 37.722709 ], [ -97.452342, 37.72289 ], [ -97.444494, 37.723037 ], [ -97.444573, 37.716382 ], [ -97.444573, 37.715893 ], [ -97.444564, 37.715301 ], [ -97.444273, 37.708757 ], [ -97.45285, 37.708705 ], [ -97.459856, 37.708397 ], [ -97.462653, 37.708282 ], [ -97.462676, 37.715911 ], [ -97.462666, 37.722709 ] ] ] } },
{ "type": "Feature", "properties": { "geoid": "20173006200", "county_name": "Sedgwick County", "place_name": null, "state_name": "Kansas", "state_abbr": "KS", "is_rural": false, "dci_score": 94.4, "dci_quintile": 1.0, "is_cra_lmi": true, "income_level": "M", "is_persistent_poverty": false, "is_tribal_overlap": false, "tribal_area_name": null, "aian_pct": 0.0, "has_nmtc": false, "nmtc_projects": 0, "nmtc_total_usd": 0.0 }, "geometry": { "type": "Polygon", "coordinates": [ [ [ -97.317132, 37.657171 ], [ -97.312309, 37.657144 ], [ -97.312045, 37.657151 ], [ -97.312053, 37.657208 ], [ -97.31217, 37.660813 ], [ -97.308001, 37.660881 ], [ -97.298814, 37.660934 ], [ -97.298795, 37.657296 ], [ -97.298767, 37.653658 ], [ -97.298756, 37.651599 ], [ -97.298746, 37.65001 ], [ -97.305003, 37.649967 ], [ -97.305093, 37.649966 ], [ -97.307928, 37.649942 ], [ -97.30998, 37.649925 ], [ -97.31056, 37.64992 ], [ -97.315578, 37.649889 ], [ -97.317125, 37.652654 ], [ -97.317132, 37.657171 ] ] ] } },
{ "type": "Feature", "properties": { "geoid": "20061000700", "county_name": "Geary County", "place_name": null, "state_name": "Kansas", "state_abbr": "KS", "is_rural": true, "dci_score": 78.6, "dci_quintile": 3.0, "is_cra_lmi": true, "income_level": "M", "is_persistent_poverty": false, "is_tribal_overlap": false, "tribal_area_name": null, "aian_pct": 0.0, "has_nmtc": false, "nmtc_projects": 0, "nmtc_total_usd": 0.0 }, "geometry": { "type": "Polygon", "coordinates": [ [ [ -96.861443, 38.999313 ], [ -96.85425, 38.99927 ], [ -96.851421, 38.999667 ], [ -96.84993, 39.000142 ], [ -96.835031, 39.00757 ], [ -96.830958, 39.009602 ], [ -96.825615, 39.012383 ], [ -96.816033, 39.020366 ], [ -96.811278, 39.024062 ], [ -96.805743, 39.025609 ], [ -96.805241, 39.025705 ], [ -96.803292, 39.034424 ], [ -96.803403, 39.036924 ], [ -96.80545, 39.040287 ], [ -96.806112, 39.042918 ], [ -96.8074, 39.046138 ], [ -96.801723, 39.04896 ], [ -96.799458, 39.05328 ], [ -96.79836, 39.051518 ], [ -96.796717, 39.050514 ], [ -96.793534, 39.050459 ], [ -96.790609, 39.05245 ], [ -96.785398, 39.053755 ], [ -96.782255, 39.052883 ], [ -96.778119, 39.050915 ], [ -96.777439, 39.049935 ], [ -96.776746, 39.046316 ], [ -96.778623, 39.044251 ], [ -96.778692, 39.042006 ], [ -96.777315, 39.039028 ], [ -96.778458, 39.037068 ], [ -96.777467, 39.034865 ], [ -96.776585, 39.036478 ], [ -96.770299, 39.036781 ], [ -96.769055, 39.036712 ], [ -96.76571, 39.039389 ], [ -96.763788, 39.04139 ], [ -96.753258, 39.053546 ], [ -96.751993, 39.054801 ], [ -96.747112, 39.057951 ], [ -96.750906, 39.060086 ], [ -96.766374, 39.067448 ], [ -96.763398, 39.075101 ], [ -96.762594, 39.078731 ], [ -96.762723, 39.081227 ], [ -96.759078, 39.084094 ], [ -96.75548, 39.083836 ], [ -96.755188, 39.084328 ], [ -96.757024, 39.087284 ], [ -96.756134, 39.087796 ], [ -96.743439, 39.087659 ], [ -96.743455, 39.081955 ], [ -96.740352, 39.082231 ], [ -96.73606, 39.079957 ], [ -96.734641, 39.080774 ], [ -96.72999, 39.085675 ], [ -96.728605, 39.087606 ], [ -96.725511, 39.089817 ], [ -96.721906, 39.091383 ], [ -96.719971, 39.091407 ], [ -96.71374, 39.09007 ], [ -96.707714, 39.090865 ], [ -96.706257, 39.09116 ], [ -96.706226, 39.083192 ], [ -96.706243, 39.083114 ], [ -96.706172, 39.081743 ], [ -96.70617, 39.081389 ], [ -96.706122, 39.073077 ], [ -96.67948, 39.073114 ], [ -96.633856, 39.073091 ], [ -96.61483, 39.073339 ], [ -96.596241, 39.073428 ], [ -96.595943, 39.073425 ], [ -96.586025, 39.073342 ], [ -96.538482, 39.072952 ], [ -96.531795, 39.072923 ], [ -96.519668, 39.072872 ], [ -96.500962, 39.072681 ], [ -96.501166, 39.043666 ], [ -96.501214, 39.014897 ], [ -96.501459, 38.985908 ], [ -96.501633, 38.957055 ], [ -96.501664, 38.927508 ], [ -96.501679, 38.91332 ], [ -96.50168, 38.912856 ], [ -96.501556, 38.869704 ], [ -96.519396, 38.869791 ], [ -96.520184, 38.869879 ], [ -96.631026, 38.870225 ], [ -96.649575, 38.870158 ], [ -96.686986, 38.870322 ], [ -96.704926, 38.870332 ], [ -96.815905, 38.869893 ], [ -96.853024, 38.86996 ], [ -96.853117, 38.899451 ], [ -96.853304, 38.938809 ], [ -96.854454, 38.941648 ], [ -96.856656, 38.945333 ], [ -96.857964, 38.948631 ], [ -96.858342, 38.951343 ], [ -96.858142, 38.953933 ], [ -96.856054, 38.960191 ], [ -96.857394, 38.967163 ], [ -96.857107, 38.979204 ], [ -96.856994, 38.986358 ], [ -96.856892, 38.990581 ], [ -96.857313, 38.992569 ], [ -96.857946, 38.993884 ], [ -96.860369, 38.997331 ], [ -96.861443, 38.999313 ] ] ] } },
{ "type": "Feature", "properties": { "geoid": "20155000700", "county_name": "Reno County", "place_name": null, "state_name": "Kansas", "state_abbr": "KS", "is_rural": true, "dci_score": 93.9, "dci_quintile": 1.0, "is_cra_lmi": true, "income_level": "M", "is_persistent_poverty": false, "is_tribal_overlap": false, "tribal_area_name": null, "aian_pct": 0.0, "has_nmtc": false, "nmtc_projects": 0, "nmtc_total_usd": 0.0 }, "geometry": { "type": "Polygon", "coordinates": [ [ [ -97.922467, 38.054821 ], [ -97.922037, 38.059468 ], [ -97.92203, 38.060773 ], [ -97.922034, 38.064486 ], [ -97.920547, 38.064641 ], [ -97.913066, 38.0647 ], [ -97.913112, 38.072092 ], [ -97.903875, 38.072195 ], [ -97.901789, 38.072198 ], [ -97.895201, 38.072215 ], [ -97.903087, 38.066953 ], [ -97.90351, 38.064905 ], [ -97.903152, 38.056506 ], [ -97.903569, 38.055853 ], [ -97.90501, 38.054614 ], [ -97.906306, 38.052756 ], [ -97.906671, 38.052165 ], [ -97.907037, 38.051001 ], [ -97.907013, 38.050284 ], [ -97.906057, 38.048184 ], [ -97.906002, 38.048082 ], [ -97.907912, 38.047697 ], [ -97.913023, 38.047671 ], [ -97.922451, 38.047474 ], [ -97.922467, 38.050989 ], [ -97.922467, 38.054821 ] ] ] } },
{ "type": "Feature", "properties": { "geoid": "20155001000", "county_name": "Reno County", "place_name": null, "state_name": "Kansas", "state_abbr": "KS", "is_rural": true, "dci_score": 93.9, "dci_quintile": 1.0, "is_cra_lmi": true, "income_level": "M", "is_persistent_poverty": false, "is_tribal_overlap": false, "tribal_area_name": null, "aian_pct": 0.0, "has_nmtc": false, "nmtc_projects": 0, "nmtc_total_usd": 0.0 }, "geometry": { "type": "Polygon", "coordinates": [ [ [ -97.907037, 38.051001 ], [ -97.906671, 38.052165 ], [ -97.906306, 38.052756 ], [ -97.90501, 38.054614 ], [ -97.903569, 38.055853 ], [ -97.903152, 38.056506 ], [ -97.90351, 38.064905 ], [ -97.903087, 38.066953 ], [ -97.895201, 38.072215 ], [ -97.889069, 38.07226 ], [ -97.885485, 38.072287 ], [ -97.885467, 38.068538 ], [ -97.885451, 38.065026 ], [ -97.885343, 38.04314 ], [ -97.8946, 38.043116 ], [ -97.903729, 38.043065 ], [ -97.903829, 38.043936 ], [ -97.906002, 38.048082 ], [ -97.906057, 38.048184 ], [ -97.907013, 38.050284 ], [ -97.907037, 38.051001 ] ] ] } },
{ "type": "Feature", "properties": { "geoid": "20173008700", "county_name": "Sedgwick County", "place_name": null, "state_name": "Kansas", "state_abbr": "KS", "is_rural": false, "dci_score": 90.0, "dci_quintile": 2.0, "is_cra_lmi": true, "income_level": "M", "is_persistent_poverty": false, "is_tribal_overlap": false, "tribal_area_name": null, "aian_pct": 0.0, "has_nmtc": false, "nmtc_projects": 0, "nmtc_total_usd": 0.0 }, "geometry": { "type": "Polygon", "coordinates": [ [ [ -97.394124, 37.708921 ], [ -97.389663, 37.70881 ], [ -97.384173, 37.708796 ], [ -97.38055, 37.708793 ], [ -97.375974, 37.70879 ], [ -97.371459, 37.708782 ], [ -97.365797, 37.70875 ], [ -97.363504, 37.708229 ], [ -97.364228, 37.707321 ], [ -97.371464, 37.702219 ], [ -97.372601, 37.700429 ], [ -97.372281, 37.698679 ], [ -97.369322, 37.695113 ], [ -97.370232, 37.694706 ], [ -97.370892, 37.694897 ], [ -97.372525, 37.694901 ], [ -97.375918, 37.694875 ], [ -97.379323, 37.694856 ], [ -97.380113, 37.69546 ], [ -97.386496, 37.701613 ], [ -97.389668, 37.704654 ], [ -97.394124, 37.708921 ] ] ] } },
{ "type": "Feature", "properties": { "geoid": "20173003700", "county_name": "Sedgwick County", "place_name": null, "state_name": "Kansas", "state_abbr": "KS", "is_rural": false, "dci_score": 83.1, "dci_quintile": 2.0, "is_cra_lmi": true, "income_level": "L", "is_persistent_poverty": false, "is_tribal_overlap": false, "tribal_area_name": null, "aian_pct": 0.0, "has_nmtc": false, "nmtc_projects": 0, "nmtc_total_usd": 0.0 }, "geometry": { "type": "Polygon", "coordinates": [ [ [ -97.289419, 37.667833 ], [ -97.287583, 37.66972 ], [ -97.287375, 37.671907 ], [ -97.286242, 37.671914 ], [ -97.283717, 37.671937 ], [ -97.280456, 37.671925 ], [ -97.280422, 37.664665 ], [ -97.286698, 37.664638 ], [ -97.289638, 37.664638 ], [ -97.289419, 37.667833 ] ] ] } },
{ "type": "Feature", "properties": { "geoid": "20173000100", "county_name": "Sedgwick County", "place_name": null, "state_name": "Kansas", "state_abbr": "KS", "is_rural": false, "dci_score": 61.0, "dci_quintile": 4.0, "is_cra_lmi": true, "income_level": "M", "is_persistent_poverty": false, "is_tribal_overlap": false, "tribal_area_name": null, "aian_pct": 0.0, "has_nmtc": false, "nmtc_projects": 0, "nmtc_total_usd": 0.0 }, "geometry": { "type": "Polygon", "coordinates": [ [ [ -97.353938, 37.726151 ], [ -97.349355, 37.726173 ], [ -97.349375, 37.729802 ], [ -97.345956, 37.729823 ], [ -97.344799, 37.729834 ], [ -97.344817, 37.73345 ], [ -97.337043, 37.733526 ], [ -97.337054, 37.735481 ], [ -97.335906, 37.735486 ], [ -97.335878, 37.729868 ], [ -97.335863, 37.724404 ], [ -97.335585, 37.722595 ], [ -97.34133, 37.722584 ], [ -97.345965, 37.722555 ], [ -97.349264, 37.722552 ], [ -97.3493, 37.721771 ], [ -97.351066, 37.722906 ], [ -97.35207, 37.723023 ], [ -97.353164, 37.722292 ], [ -97.353906, 37.722011 ], [ -97.353938, 37.726151 ] ] ] } },
{ "type": "Feature", "properties": { "geoid": "20077961700", "county_name": "Harper County", "place_name": null, "state_name": "Kansas", "state_abbr": "KS", "is_rural": true, "dci_score": 86.1, "dci_quintile": 2.0, "is_cra_lmi": true, "income_level": "M", "is_persistent_poverty": false, "is_tribal_overlap": false, "tribal_area_name": null, "aian_pct": 0.0, "has_nmtc": false, "nmtc_projects": 0, "nmtc_total_usd": 0.0 }, "geometry": { "type": "Polygon", "coordinates": [ [ [ -98.349804, 37.384056 ], [ -98.318424, 37.384212 ], [ -98.245207, 37.384223 ], [ -98.226991, 37.384252 ], [ -98.222168, 37.384265 ], [ -98.210797, 37.384276 ], [ -98.209841, 37.384489 ], [ -98.135079, 37.384309 ], [ -98.130713, 37.384341 ], [ -98.107356, 37.384506 ], [ -98.07656, 37.384739 ], [ -98.075944, 37.297283 ], [ -98.075526, 37.210004 ], [ -98.075661, 37.195386 ], [ -98.075791, 37.171603 ], [ -98.075804, 37.1517 ], [ -98.066604, 37.151871 ], [ -98.066269, 37.11584 ], [ -98.057089, 37.120109 ], [ -98.054622, 37.121386 ], [ -98.05275, 37.123007 ], [ -98.049742, 37.123022 ], [ -98.048167, 37.123037 ], [ -98.04681, 37.123043 ], [ -98.042807, 37.123072 ], [ -98.04209, 37.123066 ], [ -98.038814, 37.122773 ], [ -98.030036, 37.123125 ], [ -97.96609, 37.123696 ], [ -97.966204, 37.152582 ], [ -97.911782, 37.153254 ], [ -97.802715, 37.1545 ], [ -97.801984, 37.124959 ], [ -97.802099, 37.088916 ], [ -97.802126, 37.066736 ], [ -97.8023129924768, 36.998712977542702 ], [ -97.876450823208799, 36.998601926172498 ], [ -97.965291918889505, 36.998468850719597 ], [ -98.030204985507595, 36.998371617162597 ], [ -98.033955, 36.998366 ], [ -98.038751595421502, 36.998352260805 ], [ -98.03989, 36.998349 ], [ -98.045342, 36.998327 ], [ -98.111985, 36.998133 ], [ -98.128177722000302, 36.998146240165198 ], [ -98.146311223864501, 36.998161067231301 ], [ -98.147452, 36.998162 ], [ -98.177596, 36.998009 ], [ -98.177722572632007, 36.998008950399303 ], [ -98.190368017591396, 36.998003994964002 ], [ -98.208218, 36.997997 ], [ -98.219499, 36.997824 ], [ -98.237712, 36.997972 ], [ -98.291792126767305, 36.997967014553701 ], [ -98.346188, 36.997962 ], [ -98.347148975507693, 36.997961878126098 ], [ -98.34731, 37.000007 ], [ -98.347483, 37.036128 ], [ -98.348134, 37.15239 ], [ -98.348253, 37.166987 ], [ -98.348436, 37.18154 ], [ -98.348748, 37.210085 ], [ -98.348847, 37.239091 ], [ -98.34955, 37.326388 ], [ -98.349804, 37.384056 ] ] ] } },
{ "type": "Feature", "properties": { "geoid": "20173001000", "county_name": "Sedgwick County", "place_name": null, "state_name": "Kansas", "state_abbr": "KS", "is_rural": false, "dci_score": 71.4, "dci_quintile": 3.0, "is_cra_lmi": true, "income_level": "M", "is_persistent_poverty": false, "is_tribal_overlap": false, "tribal_area_name": null, "aian_pct": 0.0, "has_nmtc": false, "nmtc_projects": 0, "nmtc_total_usd": 0.0 }, "geometry": { "type": "Polygon", "coordinates": [ [ [ -97.293524, 37.699217 ], [ -97.29172, 37.699222 ], [ -97.291661, 37.705733 ], [ -97.29064, 37.708294 ], [ -97.285212, 37.708326 ], [ -97.282908, 37.708342 ], [ -97.280605, 37.708356 ], [ -97.28057, 37.702925 ], [ -97.278306, 37.702934 ], [ -97.275985, 37.701083 ], [ -97.275991, 37.702903 ], [ -97.271412, 37.702922 ], [ -97.271409, 37.701093 ], [ -97.271372, 37.693782 ], [ -97.277113, 37.693796 ], [ -97.280549, 37.693797 ], [ -97.282849, 37.693781 ], [ -97.287459, 37.693759 ], [ -97.287467, 37.695627 ], [ -97.291666, 37.695594 ], [ -97.291767, 37.697115 ], [ -97.293525, 37.69743 ], [ -97.293524, 37.699217 ] ] ] } },
{ "type": "Feature", "properties": { "geoid": "20173006000", "county_name": "Sedgwick County", "place_name": null, "state_name": "Kansas", "state_abbr": "KS", "is_rural": false, "dci_score": 90.6, "dci_quintile": 1.0, "is_cra_lmi": true, "income_level": "M", "is_persistent_poverty": false, "is_tribal_overlap": false, "tribal_area_name": null, "aian_pct": 0.0, "has_nmtc": false, "nmtc_projects": 0, "nmtc_total_usd": 0.0 }, "geometry": { "type": "Polygon", "coordinates": [ [ [ -97.335516, 37.644797 ], [ -97.331451, 37.641012 ], [ -97.331073, 37.642446 ], [ -97.326373, 37.642288 ], [ -97.326388, 37.645913 ], [ -97.324976, 37.645936 ], [ -97.322349, 37.645945 ], [ -97.319265, 37.645963 ], [ -97.317118, 37.645978 ], [ -97.317117, 37.649861 ], [ -97.315578, 37.649889 ], [ -97.312299, 37.644531 ], [ -97.310579, 37.642708 ], [ -97.311515, 37.642329 ], [ -97.317127, 37.642339 ], [ -97.317122, 37.636475 ], [ -97.317067, 37.630709 ], [ -97.315857, 37.624634 ], [ -97.315846, 37.622668 ], [ -97.32847, 37.622638 ], [ -97.328591, 37.621429 ], [ -97.328364, 37.619936 ], [ -97.328516, 37.618514 ], [ -97.329617, 37.617088 ], [ -97.331453, 37.616395 ], [ -97.334094, 37.616897 ], [ -97.334229, 37.627194 ], [ -97.333754, 37.629186 ], [ -97.334575, 37.631384 ], [ -97.334351, 37.63429 ], [ -97.334378, 37.63717 ], [ -97.335494, 37.642429 ], [ -97.335516, 37.644797 ] ] ] } },
{ "type": "Feature", "properties": { "geoid": "20173003100", "county_name": "Sedgwick County", "place_name": null, "state_name": "Kansas", "state_abbr": "KS", "is_rural": false, "dci_score": 92.0, "dci_quintile": 1.0, "is_cra_lmi": true, "income_level": "M", "is_persistent_poverty": false, "is_tribal_overlap": false, "tribal_area_name": null, "aian_pct": 0.0, "has_nmtc": false, "nmtc_projects": 0, "nmtc_total_usd": 0.0 }, "geometry": { "type": "Polygon", "coordinates": [ [ [ -97.370988, 37.660492 ], [ -97.362568, 37.66485 ], [ -97.357382, 37.667552 ], [ -97.35393, 37.669176 ], [ -97.352854, 37.669812 ], [ -97.352894, 37.673285 ], [ -97.34933, 37.673234 ], [ -97.346122, 37.671791 ], [ -97.343765, 37.671695 ], [ -97.34623, 37.664547 ], [ -97.348844, 37.665972 ], [ -97.352791, 37.66602 ], [ -97.352727, 37.658789 ], [ -97.357309, 37.658761 ], [ -97.361328, 37.658739 ], [ -97.362505, 37.658732 ], [ -97.367568, 37.658697 ], [ -97.370973, 37.658661 ], [ -97.370988, 37.660492 ] ] ] } },
{ "type": "Feature", "properties": { "geoid": "20173001500", "county_name": "Sedgwick County", "place_name": null, "state_name": "Kansas", "state_abbr": "KS", "is_rural": false, "dci_score": 90.1, "dci_quintile": 2.0, "is_cra_lmi": true, "income_level": "M", "is_persistent_poverty": false, "is_tribal_overlap": false, "tribal_area_name": null, "aian_pct": 0.0, "has_nmtc": false, "nmtc_projects": 0, "nmtc_total_usd": 0.0 }, "geometry": { "type": "Polygon", "coordinates": [ [ [ -97.380397, 37.694849 ], [ -97.379323, 37.694856 ], [ -97.375918, 37.694875 ], [ -97.372525, 37.694901 ], [ -97.370892, 37.694897 ], [ -97.370232, 37.694706 ], [ -97.369322, 37.695113 ], [ -97.366939, 37.69339 ], [ -97.365258, 37.692842 ], [ -97.357944, 37.692385 ], [ -97.353099, 37.691255 ], [ -97.353097, 37.691059 ], [ -97.353094, 37.690711 ], [ -97.353025, 37.683977 ], [ -97.357584, 37.683963 ], [ -97.357641, 37.687755 ], [ -97.361539, 37.687726 ], [ -97.3641, 37.687694 ], [ -97.371236, 37.687657 ], [ -97.372486, 37.687642 ], [ -97.380361, 37.687602 ], [ -97.380397, 37.694849 ] ] ] } },
{ "type": "Feature", "properties": { "geoid": "20091053555", "county_name": "Johnson County", "place_name": null, "state_name": "Kansas", "state_abbr": "KS", "is_rural": false, "dci_score": 11.8, "dci_quintile": 5.0, "is_cra_lmi": true, "income_level": "M", "is_persistent_poverty": false, "is_tribal_overlap": false, "tribal_area_name": null, "aian_pct": 0.0, "has_nmtc": false, "nmtc_projects": 0, "nmtc_total_usd": 0.0 }, "geometry": { "type": "Polygon", "coordinates": [ [ [ -94.82425, 38.886495 ], [ -94.82067, 38.886472 ], [ -94.817404, 38.886465 ], [ -94.80875, 38.886423 ], [ -94.806179, 38.887856 ], [ -94.806073, 38.883628 ], [ -94.801227, 38.883638 ], [ -94.802643, 38.882041 ], [ -94.803636, 38.880589 ], [ -94.805104, 38.879126 ], [ -94.817076, 38.879104 ], [ -94.817084, 38.877648 ], [ -94.821845, 38.877648 ], [ -94.821893, 38.879105 ], [ -94.824234, 38.879108 ], [ -94.824245, 38.883535 ], [ -94.82425, 38.886495 ] ] ] } },
{ "type": "Feature", "properties": { "geoid": "20099950300", "county_name": "Labette County", "place_name": null, "state_name": "Kansas", "state_abbr": "KS", "is_rural": true, "dci_score": 82.3, "dci_quintile": 2.0, "is_cra_lmi": false, "income_level": "U", "is_persistent_poverty": false, "is_tribal_overlap": false, "tribal_area_name": null, "aian_pct": 0.0, "has_nmtc": false, "nmtc_projects": 0, "nmtc_total_usd": 0.0 }, "geometry": { "type": "Polygon", "coordinates": [ [ [ -95.339907, 37.384077 ], [ -95.30655, 37.384052 ], [ -95.28522, 37.384132 ], [ -95.282486, 37.384093 ], [ -95.282613, 37.382196 ], [ -95.280418, 37.383508 ], [ -95.277799, 37.382616 ], [ -95.278077, 37.38117 ], [ -95.280485, 37.38041 ], [ -95.28287, 37.380621 ], [ -95.282749, 37.377242 ], [ -95.280955, 37.376615 ], [ -95.280166, 37.376365 ], [ -95.279589, 37.375605 ], [ -95.279591, 37.375071 ], [ -95.279236, 37.374534 ], [ -95.278327, 37.374083 ], [ -95.278716, 37.37288 ], [ -95.278136, 37.372621 ], [ -95.277703, 37.372624 ], [ -95.277033, 37.373768 ], [ -95.276739, 37.374002 ], [ -95.27615, 37.373744 ], [ -95.276191, 37.372338 ], [ -95.273498, 37.37157 ], [ -95.273171, 37.370523 ], [ -95.276563, 37.367461 ], [ -95.277017, 37.3655 ], [ -95.275451, 37.362476 ], [ -95.271452, 37.35488 ], [ -95.269095, 37.349302 ], [ -95.268189, 37.347871 ], [ -95.266427, 37.345458 ], [ -95.266339, 37.342503 ], [ -95.267656, 37.342508 ], [ -95.275484, 37.342515 ], [ -95.275493, 37.340511 ], [ -95.28538, 37.340216 ], [ -95.294639, 37.340135 ], [ -95.3406, 37.339911 ], [ -95.339907, 37.384077 ] ] ] } },
{ "type": "Feature", "properties": { "geoid": "20045000801", "county_name": "Douglas County", "place_name": null, "state_name": "Kansas", "state_abbr": "KS", "is_rural": false, "dci_score": 29.9, "dci_quintile": 5.0, "is_cra_lmi": false, "income_level": "U", "is_persistent_poverty": false, "is_tribal_overlap": false, "tribal_area_name": null, "aian_pct": 0.0, "has_nmtc": false, "nmtc_projects": 0, "nmtc_total_usd": 0.0 }, "geometry": { "type": "Polygon", "coordinates": [ [ [ -95.337236, 38.943177 ], [ -95.335692, 38.943554 ], [ -95.335275, 38.943648 ], [ -95.333908, 38.943843 ], [ -95.32542, 38.942548 ], [ -95.318378, 38.942586 ], [ -95.316621, 38.942588 ], [ -95.307221, 38.94262 ], [ -95.297839, 38.942658 ], [ -95.28849, 38.942658 ], [ -95.279473, 38.942661 ], [ -95.27914, 38.940939 ], [ -95.279154, 38.936672 ], [ -95.279177, 38.930222 ], [ -95.278928, 38.929 ], [ -95.27863, 38.928663 ], [ -95.279181, 38.927854 ], [ -95.279181, 38.924696 ], [ -95.278728, 38.923314 ], [ -95.278747, 38.922441 ], [ -95.279209, 38.921094 ], [ -95.288267, 38.920913 ], [ -95.288535, 38.920293 ], [ -95.291755, 38.919825 ], [ -95.292018, 38.918578 ], [ -95.293232, 38.917684 ], [ -95.294978, 38.917641 ], [ -95.295342, 38.918878 ], [ -95.297659, 38.919556 ], [ -95.2982, 38.92148 ], [ -95.299324, 38.921819 ], [ -95.30233, 38.921127 ], [ -95.303762, 38.919546 ], [ -95.306674, 38.92053 ], [ -95.307909, 38.921513 ], [ -95.307663, 38.923026 ], [ -95.306163, 38.924569 ], [ -95.306264, 38.926122 ], [ -95.307581, 38.925604 ], [ -95.310068, 38.927635 ], [ -95.312458, 38.928073 ], [ -95.313852, 38.92704 ], [ -95.313962, 38.924448 ], [ -95.315009, 38.924097 ], [ -95.315964, 38.925614 ], [ -95.318364, 38.926797 ], [ -95.320372, 38.92805 ], [ -95.32638, 38.931416 ], [ -95.327489, 38.93168 ], [ -95.330194, 38.931407 ], [ -95.330014, 38.932273 ], [ -95.332416, 38.936642 ], [ -95.333493, 38.936637 ], [ -95.334027, 38.937352 ], [ -95.334861, 38.938777 ], [ -95.336959, 38.942516 ], [ -95.337236, 38.943177 ] ] ] } },
{ "type": "Feature", "properties": { "geoid": "20055960501", "county_name": "Finney County", "place_name": null, "state_name": "Kansas", "state_abbr": "KS", "is_rural": true, "dci_score": 60.0, "dci_quintile": 4.0, "is_cra_lmi": false, "income_level": "U", "is_persistent_poverty": false, "is_tribal_overlap": false, "tribal_area_name": null, "aian_pct": 0.0, "has_nmtc": false, "nmtc_projects": 0, "nmtc_total_usd": 0.0 }, "geometry": { "type": "Polygon", "coordinates": [ [ [ -100.840077, 37.957985 ], [ -100.839856, 37.960446 ], [ -100.838154, 37.960413 ], [ -100.835505, 37.960382 ], [ -100.831346, 37.96034 ], [ -100.830688, 37.960335 ], [ -100.82903, 37.960322 ], [ -100.8223, 37.960303 ], [ -100.819883, 37.960303 ], [ -100.819768, 37.960303 ], [ -100.819728, 37.963898 ], [ -100.821725, 37.963933 ], [ -100.824165, 37.965424 ], [ -100.824156, 37.967554 ], [ -100.827528, 37.967582 ], [ -100.827475, 37.968756 ], [ -100.824426, 37.968857 ], [ -100.824305, 37.97222 ], [ -100.825416, 37.97299 ], [ -100.828982, 37.973017 ], [ -100.828973, 37.974827 ], [ -100.833012, 37.974842 ], [ -100.833035, 37.974842 ], [ -100.833523, 37.974844 ], [ -100.838557, 37.974863 ], [ -100.837868, 37.980465 ], [ -100.838097, 37.982579 ], [ -100.833295, 37.986622 ], [ -100.832522, 37.987273 ], [ -100.832381, 37.987392 ], [ -100.830861, 37.988671 ], [ -100.828935, 37.989332 ], [ -100.828947, 37.990274 ], [ -100.813186, 38.003486 ], [ -100.812204, 38.004163 ], [ -100.798156, 38.009656 ], [ -100.792582, 38.012345 ], [ -100.792444, 37.960169 ], [ -100.785607, 37.960139 ], [ -100.780771, 37.960472 ], [ -100.774236, 37.960459 ], [ -100.774343, 37.926817 ], [ -100.774616, 37.926884 ], [ -100.821058, 37.95258 ], [ -100.822847, 37.953432 ], [ -100.825945, 37.954684 ], [ -100.829031, 37.955656 ], [ -100.840084, 37.957904 ], [ -100.840077, 37.957985 ] ] ] } },
{ "type": "Feature", "properties": { "geoid": "20161001002", "county_name": "Riley County", "place_name": null, "state_name": "Kansas", "state_abbr": "KS", "is_rural": true, "dci_score": 76.1, "dci_quintile": 3.0, "is_cra_lmi": true, "income_level": "M", "is_persistent_poverty": false, "is_tribal_overlap": false, "tribal_area_name": null, "aian_pct": 0.0, "has_nmtc": false, "nmtc_projects": 0, "nmtc_total_usd": 0.0 }, "geometry": { "type": "Polygon", "coordinates": [ [ [ -96.851269, 39.10074 ], [ -96.850278, 39.101768 ], [ -96.846366, 39.106746 ], [ -96.839672, 39.11558 ], [ -96.832239, 39.119645 ], [ -96.83219, 39.127089 ], [ -96.832047, 39.128116 ], [ -96.831199, 39.131545 ], [ -96.831155, 39.131854 ], [ -96.82943, 39.13192 ], [ -96.797448, 39.131781 ], [ -96.78044, 39.13171 ], [ -96.77782, 39.13289 ], [ -96.77511, 39.13341 ], [ -96.76895, 39.13162 ], [ -96.763488, 39.131816 ], [ -96.76362, 39.131473 ], [ -96.75983, 39.13323 ], [ -96.75824, 39.1336 ], [ -96.75048, 39.13175 ], [ -96.749954, 39.131816 ], [ -96.74522, 39.13159 ], [ -96.72021, 39.13143 ], [ -96.719655, 39.131513 ], [ -96.719443, 39.124139 ], [ -96.722003, 39.124176 ], [ -96.722061, 39.122896 ], [ -96.720521, 39.122923 ], [ -96.720596, 39.116419 ], [ -96.716231, 39.116398 ], [ -96.716338, 39.115897 ], [ -96.717446, 39.115348 ], [ -96.71736, 39.11517 ], [ -96.71723, 39.115072 ], [ -96.715772, 39.113236 ], [ -96.71089, 39.106894 ], [ -96.712714, 39.106371 ], [ -96.714485, 39.105257 ], [ -96.715041, 39.105126 ], [ -96.71634, 39.103835 ], [ -96.717338, 39.102379 ], [ -96.716877, 39.10107 ], [ -96.712296, 39.100442 ], [ -96.708865, 39.099555 ], [ -96.707575, 39.099048 ], [ -96.706818, 39.098688 ], [ -96.71374, 39.09007 ], [ -96.719971, 39.091407 ], [ -96.721906, 39.091383 ], [ -96.725511, 39.089817 ], [ -96.728605, 39.087606 ], [ -96.72999, 39.085675 ], [ -96.734641, 39.080774 ], [ -96.73606, 39.079957 ], [ -96.740352, 39.082231 ], [ -96.743455, 39.081955 ], [ -96.743439, 39.087659 ], [ -96.756134, 39.087796 ], [ -96.783673, 39.087812 ], [ -96.797475, 39.087889 ], [ -96.802267, 39.087928 ], [ -96.804615, 39.087961 ], [ -96.810925, 39.088042 ], [ -96.81399, 39.088076 ], [ -96.823964, 39.088115 ], [ -96.826454, 39.088122 ], [ -96.851409, 39.088176 ], [ -96.851269, 39.10074 ] ] ] } },
{ "type": "Feature", "properties": { "geoid": "20099950800", "county_name": "Labette County", "place_name": "Emporia", "state_name": "Kansas", "state_abbr": "KS", "is_rural": true, "dci_score": 99.5, "dci_quintile": 1.0, "is_cra_lmi": true, "income_level": "M", "is_persistent_poverty": false, "is_tribal_overlap": true, "tribal_area_name": "Cherokee OTSA", "aian_pct": 0.0, "has_nmtc": false, "nmtc_projects": 0, "nmtc_total_usd": 0.0 }, "geometry": { "type": "Polygon", "coordinates": [ [ [ -95.140815, 37.032842 ], [ -95.139298, 37.040697 ], [ -95.139636, 37.10614 ], [ -95.103412, 37.106083 ], [ -95.086556, 37.106211 ], [ -95.073948, 37.105856 ], [ -95.073624, 37.036679 ], [ -95.073611, 37.034494 ], [ -95.073609, 37.034126 ], [ -95.073509, 36.999509 ], [ -95.140461015576605, 36.999533591205299 ], [ -95.140815, 37.032842 ] ] ] } },
{ "type": "Feature", "properties": { "geoid": "20161000202", "county_name": "Riley County", "place_name": "Lawrence", "state_name": "Kansas", "state_abbr": "KS", "is_rural": false, "dci_score": 55.2, "dci_quintile": 4.0, "is_cra_lmi": true, "income_level": "M", "is_persistent_poverty": false, "is_tribal_overlap": false, "tribal_area_name": null, "aian_pct": 0.0, "has_nmtc": false, "nmtc_projects": 0, "nmtc_total_usd": 0.0 }, "geometry": { "type": "Polygon", "coordinates": [ [ [ -96.578946, 39.219076 ], [ -96.578533, 39.219116 ], [ -96.576114, 39.218675 ], [ -96.574402, 39.218668 ], [ -96.567003, 39.218653 ], [ -96.557665, 39.21852 ], [ -96.5576, 39.215429 ], [ -96.556011, 39.215648 ], [ -96.549911, 39.215717 ], [ -96.55009, 39.213707 ], [ -96.548898, 39.211343 ], [ -96.547152, 39.208988 ], [ -96.54499, 39.208321 ], [ -96.543027, 39.20858 ], [ -96.541786, 39.210052 ], [ -96.541904, 39.212751 ], [ -96.53912, 39.214843 ], [ -96.534344, 39.212321 ], [ -96.53159, 39.212464 ], [ -96.527549, 39.210888 ], [ -96.5256, 39.209575 ], [ -96.518719, 39.205597 ], [ -96.518129, 39.204329 ], [ -96.519209, 39.198912 ], [ -96.520419, 39.197957 ], [ -96.525314, 39.197723 ], [ -96.527166, 39.197124 ], [ -96.52953, 39.196157 ], [ -96.530969, 39.195745 ], [ -96.535367, 39.19577 ], [ -96.536063, 39.195776 ], [ -96.537611, 39.196336 ], [ -96.538477, 39.196739 ], [ -96.539882, 39.197802 ], [ -96.540551, 39.197968 ], [ -96.541328, 39.197929 ], [ -96.543229, 39.197838 ], [ -96.544077, 39.197668 ], [ -96.546034, 39.196934 ], [ -96.547487, 39.196762 ], [ -96.54799, 39.196656 ], [ -96.549662, 39.196915 ], [ -96.5513, 39.197507 ], [ -96.554746, 39.197972 ], [ -96.556557, 39.198351 ], [ -96.557918, 39.198485 ], [ -96.559006, 39.198485 ], [ -96.56059, 39.197723 ], [ -96.561025, 39.196715 ], [ -96.559628, 39.193125 ], [ -96.558794, 39.189278 ], [ -96.559473, 39.189099 ], [ -96.560432, 39.191766 ], [ -96.56332, 39.199378 ], [ -96.563746, 39.199985 ], [ -96.569613, 39.206355 ], [ -96.571162, 39.207962 ], [ -96.574856, 39.211867 ], [ -96.57567, 39.213021 ], [ -96.578604, 39.218436 ], [ -96.578946, 39.219076 ] ] ] } },
{ "type": "Feature", "properties": { "geoid": "20173004301", "county_name": "Sedgwick County", "place_name": null, "state_name": "Kansas", "state_abbr": "KS", "is_rural": false, "dci_score": 83.3, "dci_quintile": 2.0, "is_cra_lmi": false, "income_level": "U", "is_persistent_poverty": false, "is_tribal_overlap": false, "tribal_area_name": null, "aian_pct": 0.0, "has_nmtc": false, "nmtc_projects": 0, "nmtc_total_usd": 0.0 }, "geometry": { "type": "Polygon", "coordinates": [ [ [ -97.340663, 37.697513 ], [ -97.338158, 37.697528 ], [ -97.33689, 37.697532 ], [ -97.332973, 37.697558 ], [ -97.330243, 37.697569 ], [ -97.328885, 37.697578 ], [ -97.326558, 37.697584 ], [ -97.32647, 37.69351 ], [ -97.326377, 37.686085 ], [ -97.326292, 37.682592 ], [ -97.327535, 37.682551 ], [ -97.32758, 37.678908 ], [ -97.333114, 37.679129 ], [ -97.336816, 37.679178 ], [ -97.338128, 37.679174 ], [ -97.338162, 37.684973 ], [ -97.339486, 37.685995 ], [ -97.339517, 37.687927 ], [ -97.340633, 37.687929 ], [ -97.340663, 37.693471 ], [ -97.340663, 37.697513 ] ] ] } },
{ "type": "Feature", "properties": { "geoid": "20173004302", "county_name": "Sedgwick County", "place_name": null, "state_name": "Kansas", "state_abbr": "KS", "is_rural": false, "dci_score": 86.5, "dci_quintile": 2.0, "is_cra_lmi": false, "income_level": "NA", "is_persistent_poverty": false, "is_tribal_overlap": false, "tribal_area_name": null, "aian_pct": 0.0, "has_nmtc": false, "nmtc_projects": 0, "nmtc_total_usd": 0.0 }, "geometry": { "type": "Polygon", "coordinates": [ [ [ -97.354349, 37.695731 ], [ -97.352688, 37.696439 ], [ -97.348249, 37.694641 ], [ -97.346362, 37.694675 ], [ -97.3437, 37.695886 ], [ -97.342997, 37.697498 ], [ -97.341728, 37.697507 ], [ -97.340663, 37.697513 ], [ -97.340663, 37.693471 ], [ -97.340633, 37.687929 ], [ -97.339517, 37.687927 ], [ -97.339486, 37.685995 ], [ -97.338162, 37.684973 ], [ -97.338128, 37.679174 ], [ -97.339672, 37.679202 ], [ -97.342713, 37.678875 ], [ -97.342811, 37.680762 ], [ -97.352991, 37.680531 ], [ -97.353025, 37.683977 ], [ -97.353094, 37.690711 ], [ -97.353097, 37.691059 ], [ -97.353099, 37.691255 ], [ -97.349131, 37.690819 ], [ -97.351669, 37.693352 ], [ -97.354446, 37.695117 ], [ -97.354349, 37.695731 ] ] ] } },
{ "type": "Feature", "properties": { "geoid": "20065952300", "county_name": "Graham County", "place_name": null, "state_name": "Kansas", "state_abbr": "KS", "is_rural": true, "dci_score": 51.0, "dci_quintile": 5.0, "is_cra_lmi": false, "income_level": "U", "is_persistent_poverty": false, "is_tribal_overlap": false, "tribal_area_name": null, "aian_pct": 0.0, "has_nmtc": false, "nmtc_projects": 0, "nmtc_total_usd": 0.0 }, "geometry": { "type": "Polygon", "coordinates": [ [ [ -100.163574, 39.24778 ], [ -100.16354, 39.247948 ], [ -100.163352, 39.262548 ], [ -100.162917, 39.306253 ], [ -100.162492, 39.348378 ], [ -100.162482, 39.349439 ], [ -100.162526, 39.350004 ], [ -100.162299, 39.378704 ], [ -100.162069, 39.392939 ], [ -100.162055, 39.436467 ], [ -100.162165, 39.480054 ], [ -100.162158, 39.50898 ], [ -100.161863, 39.551998 ], [ -100.161667, 39.567277 ], [ -100.15731, 39.567344 ], [ -100.156305, 39.567139 ], [ -100.112865, 39.567186 ], [ -100.109192, 39.566823 ], [ -100.02183, 39.566966 ], [ -100.020966, 39.566929 ], [ -99.882005, 39.566905 ], [ -99.852926, 39.566938 ], [ -99.740243, 39.567392 ], [ -99.732828, 39.567392 ], [ -99.627953, 39.567437 ], [ -99.602176, 39.567328 ], [ -99.602112, 39.539008 ], [ -99.601777, 39.495814 ], [ -99.601734, 39.488742 ], [ -99.601623, 39.481018 ], [ -99.601996, 39.480004 ], [ -99.602254, 39.445207 ], [ -99.602304, 39.437636 ], [ -99.602498, 39.394324 ], [ -99.602787, 39.384021 ], [ -99.602835, 39.379612 ], [ -99.604793, 39.307319 ], [ -99.604957, 39.2929 ], [ -99.605478, 39.220092 ], [ -99.605187, 39.132481 ], [ -99.717038, 39.132276 ], [ -99.778002, 39.132173 ], [ -99.791364, 39.13215 ], [ -99.830864, 39.132043 ], [ -99.831476, 39.13186 ], [ -99.863599, 39.132123 ], [ -99.906685, 39.131904 ], [ -99.921855, 39.13188 ], [ -99.961884, 39.131909 ], [ -99.977691, 39.132048 ], [ -100.008571, 39.131828 ], [ -100.017603, 39.13174 ], [ -100.032754, 39.131751 ], [ -100.035694, 39.131676 ], [ -100.054436, 39.131753 ], [ -100.129057, 39.131973 ], [ -100.129328, 39.131927 ], [ -100.14794, 39.132179 ], [ -100.163548, 39.131908 ], [ -100.1642, 39.132071 ], [ -100.163574, 39.24778 ] ] ] } },
{ "type": "Feature", "properties": { "geoid": "20005081702", "county_name": "Atchison County", "place_name": "Topeka", "state_name": "Kansas", "state_abbr": "KS", "is_rural": true, "dci_score": 67.4, "dci_quintile": 4.0, "is_cra_lmi": false, "income_level": "NA", "is_persistent_poverty": false, "is_tribal_overlap": false, "tribal_area_name": null, "aian_pct": 0.0, "has_nmtc": false, "nmtc_projects": 0, "nmtc_total_usd": 0.0 }, "geometry": { "type": "Polygon", "coordinates": [ [ [ -95.124551, 39.587387 ], [ -95.121275, 39.587413 ], [ -95.115229, 39.58744 ], [ -95.115242, 39.594689 ], [ -95.11524, 39.616478 ], [ -95.10383, 39.616649 ], [ -95.102543, 39.61771 ], [ -95.102504, 39.620059 ], [ -95.098815, 39.620428 ], [ -95.098006, 39.620871 ], [ -95.086932, 39.620739 ], [ -95.085577, 39.61723 ], [ -95.08544, 39.615074 ], [ -95.064131, 39.615063 ], [ -95.053389961009998, 39.615323540228601 ], [ -95.053012, 39.613965 ], [ -95.047911, 39.606288 ], [ -95.046445, 39.601606 ], [ -95.046361, 39.599557 ], [ -95.047165, 39.595117 ], [ -95.049277, 39.589583 ], [ -95.054804, 39.582488 ], [ -95.056897, 39.580567 ], [ -95.059519, 39.579132 ], [ -95.064519, 39.577115 ], [ -95.069315, 39.576218 ], [ -95.07216, 39.576122 ], [ -95.076688, 39.576764 ], [ -95.089515, 39.581028 ], [ -95.095736, 39.580618 ], [ -95.097065994623705, 39.580250954743597 ], [ -95.099095, 39.579691 ], [ -95.103228, 39.577783 ], [ -95.106406, 39.575252 ], [ -95.107454, 39.573843 ], [ -95.112891675045205, 39.559617817727997 ], [ -95.115179, 39.559627 ], [ -95.113027, 39.565045 ], [ -95.115218, 39.56504 ], [ -95.115097, 39.571906 ], [ -95.120308, 39.571934 ], [ -95.124423, 39.571955 ], [ -95.124509, 39.581706 ], [ -95.124551, 39.587387 ] ] ] } },
{ "type": "Feature", "properties": { "geoid": "20177002800", "county_name": "Shawnee County", "place_name": "Kansas City", "state_name": "Kansas", "state_abbr": "KS", "is_rural": false, "dci_score": 57.0, "dci_quintile": 4.0, "is_cra_lmi": true, "income_level": "M", "is_persistent_poverty": false, "is_tribal_overlap": false, "tribal_area_name": null, "aian_pct": 0.0, "has_nmtc": false, "nmtc_projects": 0, "nmtc_total_usd": 0.0 }, "geometry": { "type": "Polygon", "coordinates": [ [ [ -95.705975, 39.000576 ], [ -95.705611, 39.003417 ], [ -95.700757, 39.008139 ], [ -95.69911, 39.009858 ], [ -95.697017, 39.015124 ], [ -95.694463, 39.015144 ], [ -95.687588, 39.015181 ], [ -95.68765, 39.004717 ], [ -95.687668, 39.00058 ], [ -95.687669, 38.994388 ], [ -95.690719, 38.994485 ], [ -95.693341, 38.996303 ], [ -95.696731, 38.99691 ], [ -95.705813, 38.99788 ], [ -95.705965, 39.000439 ], [ -95.705975, 39.000576 ] ] ] } },
{ "type": "Feature", "properties": { "geoid": "20209043000", "county_name": "Wyandotte County", "place_name": "Kansas City", "state_name": "Kansas", "state_abbr": "KS", "is_rural": false, "dci_score": 68.0, "dci_quintile": 4.0, "is_cra_lmi": true, "income_level": "M", "is_persistent_poverty": false, "is_tribal_overlap": false, "tribal_area_name": null, "aian_pct": 0.0, "has_nmtc": false, "nmtc_projects": 0, "nmtc_total_usd": 0.0 }, "geometry": { "type": "Polygon", "coordinates": [ [ [ -94.650482, 39.072881 ], [ -94.650254, 39.074128 ], [ -94.649572, 39.077616 ], [ -94.646721, 39.074951 ], [ -94.644525, 39.074134 ], [ -94.639993, 39.073538 ], [ -94.632311, 39.073718 ], [ -94.624657, 39.075269 ], [ -94.624177, 39.074208 ], [ -94.616387, 39.07762 ], [ -94.60903, 39.081683 ], [ -94.607333914179605, 39.0816902687477 ], [ -94.6072971763993, 39.075812223897501 ], [ -94.607276189797204, 39.0724543675638 ], [ -94.613694, 39.067748 ], [ -94.619077, 39.071061 ], [ -94.620106, 39.067761 ], [ -94.621755, 39.065728 ], [ -94.627131, 39.060846 ], [ -94.628056, 39.058747 ], [ -94.628912, 39.056823 ], [ -94.630476, 39.055651 ], [ -94.634973, 39.053312 ], [ -94.638183, 39.051429 ], [ -94.640918, 39.049111 ], [ -94.646326, 39.04765 ], [ -94.646809, 39.048822 ], [ -94.647397, 39.051114 ], [ -94.647557, 39.053864 ], [ -94.646686, 39.060835 ], [ -94.646923, 39.06235 ], [ -94.646787, 39.062348 ], [ -94.646848, 39.062565 ], [ -94.649479, 39.066757 ], [ -94.650289, 39.068664 ], [ -94.650482, 39.072881 ] ] ] } },
{ "type": "Feature", "properties": { "geoid": "20209044002", "county_name": "Wyandotte County", "place_name": "Leavenworth", "state_name": "Kansas", "state_abbr": "KS", "is_rural": false, "dci_score": 78.7, "dci_quintile": 3.0, "is_cra_lmi": true, "income_level": "L", "is_persistent_poverty": false, "is_tribal_overlap": false, "tribal_area_name": null, "aian_pct": 0.0, "has_nmtc": true, "nmtc_projects": 1, "nmtc_total_usd": 32250000.0 }, "geometry": { "type": "Polygon", "coordinates": [ [ [ -94.797639, 39.087348 ], [ -94.779007, 39.087252 ], [ -94.774361, 39.087293 ], [ -94.760447, 39.087376 ], [ -94.74566, 39.087549 ], [ -94.736529, 39.08721 ], [ -94.735691, 39.087538 ], [ -94.719844, 39.097419 ], [ -94.713877, 39.095245 ], [ -94.710038, 39.093298 ], [ -94.7116, 39.091616 ], [ -94.714333, 39.089374 ], [ -94.715712, 39.088271 ], [ -94.718533, 39.084499 ], [ -94.722005, 39.081897 ], [ -94.7267, 39.0791 ], [ -94.732652, 39.07888 ], [ -94.740395, 39.07768 ], [ -94.745094, 39.076737 ], [ -94.749426, 39.075563 ], [ -94.754777, 39.072539 ], [ -94.758738, 39.069404 ], [ -94.759759, 39.068281 ], [ -94.762456, 39.065386 ], [ -94.76719, 39.060336 ], [ -94.769548, 39.056845 ], [ -94.777039, 39.051804 ], [ -94.784821, 39.047304 ], [ -94.788372, 39.045861 ], [ -94.788199, 39.062422 ], [ -94.788204, 39.062928 ], [ -94.797549, 39.061828 ], [ -94.797639, 39.087348 ] ] ] } },
{ "type": "Feature", "properties": { "geoid": "20209043905", "county_name": "Wyandotte County", "place_name": null, "state_name": "Kansas", "state_abbr": "KS", "is_rural": false, "dci_score": 86.7, "dci_quintile": 2.0, "is_cra_lmi": true, "income_level": "M", "is_persistent_poverty": false, "is_tribal_overlap": false, "tribal_area_name": null, "aian_pct": 0.0, "has_nmtc": false, "nmtc_projects": 0, "nmtc_total_usd": 0.0 }, "geometry": { "type": "Polygon", "coordinates": [ [ [ -94.743065, 39.116721 ], [ -94.737946, 39.116787 ], [ -94.728226, 39.116753 ], [ -94.724484, 39.116751 ], [ -94.716931, 39.116679 ], [ -94.705135, 39.116647 ], [ -94.686536, 39.116609 ], [ -94.681644, 39.116673 ], [ -94.682388, 39.111837 ], [ -94.681089, 39.109469 ], [ -94.678219, 39.106776 ], [ -94.677765, 39.105216 ], [ -94.678104, 39.103924 ], [ -94.678916, 39.102587 ], [ -94.679904, 39.099711 ], [ -94.682936, 39.101104 ], [ -94.688454, 39.102575 ], [ -94.699201, 39.103615 ], [ -94.70236, 39.102533 ], [ -94.704203, 39.101414 ], [ -94.706422, 39.099009 ], [ -94.710038, 39.093298 ], [ -94.713877, 39.095245 ], [ -94.719844, 39.097419 ], [ -94.722069, 39.098105 ], [ -94.724336, 39.098795 ], [ -94.728582, 39.099489 ], [ -94.733662, 39.100171 ], [ -94.736093, 39.10126 ], [ -94.737894, 39.102904 ], [ -94.739303, 39.106158 ], [ -94.739358, 39.106323 ], [ -94.743065, 39.116721 ] ] ] } },
{ "type": "Feature", "properties": { "geoid": "20061000601", "county_name": "Geary County", "place_name": null, "state_name": "Kansas", "state_abbr": "KS", "is_rural": true, "dci_score": 72.7, "dci_quintile": 3.0, "is_cra_lmi": true, "income_level": "M", "is_persistent_poverty": false, "is_tribal_overlap": false, "tribal_area_name": null, "aian_pct": 0.0, "has_nmtc": false, "nmtc_projects": 0, "nmtc_total_usd": 0.0 }, "geometry": { "type": "Polygon", "coordinates": [ [ [ -96.866373, 39.07693 ], [ -96.864808, 39.092117 ], [ -96.86383, 39.092464 ], [ -96.861419, 39.095471 ], [ -96.859329, 39.097158 ], [ -96.850972, 39.103269 ], [ -96.847929, 39.105649 ], [ -96.846366, 39.106746 ], [ -96.850278, 39.101768 ], [ -96.851269, 39.10074 ], [ -96.851409, 39.088176 ], [ -96.826454, 39.088122 ], [ -96.823964, 39.088115 ], [ -96.822293, 39.08723 ], [ -96.822647, 39.085412 ], [ -96.8219, 39.079837 ], [ -96.819964, 39.076926 ], [ -96.818668, 39.076889 ], [ -96.81086, 39.074062 ], [ -96.807214, 39.071733 ], [ -96.805132, 39.07256 ], [ -96.804282, 39.071861 ], [ -96.803535, 39.069421 ], [ -96.808077, 39.070066 ], [ -96.80557, 39.06825 ], [ -96.80588, 39.066813 ], [ -96.798445, 39.064543 ], [ -96.800786, 39.063206 ], [ -96.803253, 39.060954 ], [ -96.809026, 39.064909 ], [ -96.811647, 39.06719 ], [ -96.813843, 39.067791 ], [ -96.815018, 39.067352 ], [ -96.817402, 39.06224 ], [ -96.818132, 39.059474 ], [ -96.818833, 39.054818 ], [ -96.819607, 39.050864 ], [ -96.819943, 39.049863 ], [ -96.820932, 39.048034 ], [ -96.825033, 39.04408 ], [ -96.826973, 39.043392 ], [ -96.829259, 39.043421 ], [ -96.829325, 39.04312 ], [ -96.831713, 39.045345 ], [ -96.835743, 39.047894 ], [ -96.836453, 39.049445 ], [ -96.836655, 39.05076 ], [ -96.836017, 39.053323 ], [ -96.838654, 39.055949 ], [ -96.841918, 39.055805 ], [ -96.845539, 39.057059 ], [ -96.846797, 39.060722 ], [ -96.84824, 39.061852 ], [ -96.852459, 39.062579 ], [ -96.855776, 39.065233 ], [ -96.857092, 39.068012 ], [ -96.858187, 39.068932 ], [ -96.86139, 39.069032 ], [ -96.866995, 39.071019 ], [ -96.866373, 39.07693 ] ] ] } },
{ "type": "Feature", "properties": { "geoid": "20125950500", "county_name": "Montgomery County", "place_name": null, "state_name": "Kansas", "state_abbr": "KS", "is_rural": true, "dci_score": 73.1, "dci_quintile": 3.0, "is_cra_lmi": true, "income_level": "M", "is_persistent_poverty": false, "is_tribal_overlap": false, "tribal_area_name": null, "aian_pct": 0.0, "has_nmtc": false, "nmtc_projects": 0, "nmtc_total_usd": 0.0 }, "geometry": { "type": "Polygon", "coordinates": [ [ [ -95.765904, 37.186021 ], [ -95.765174, 37.188826 ], [ -95.765121, 37.225738 ], [ -95.760563, 37.225706 ], [ -95.751501, 37.225663 ], [ -95.750423, 37.225658 ], [ -95.748755, 37.225681 ], [ -95.74818, 37.225668 ], [ -95.739974, 37.225524 ], [ -95.734912, 37.224221 ], [ -95.731674, 37.227528 ], [ -95.728934, 37.229501 ], [ -95.728441, 37.229654 ], [ -95.724901, 37.231026 ], [ -95.720243, 37.232202 ], [ -95.715263, 37.232301 ], [ -95.713461, 37.231149 ], [ -95.713488, 37.227723 ], [ -95.713531, 37.223306 ], [ -95.713578, 37.220016 ], [ -95.718722, 37.220084 ], [ -95.718749, 37.217625 ], [ -95.719036, 37.214614 ], [ -95.719907, 37.214609 ], [ -95.722378, 37.214614 ], [ -95.724946, 37.214613 ], [ -95.733408, 37.214634 ], [ -95.733403, 37.211021 ], [ -95.733354, 37.185677 ], [ -95.746883, 37.185742 ], [ -95.7649, 37.185839 ], [ -95.76509, 37.184015 ], [ -95.766767, 37.18448 ], [ -95.765904, 37.186021 ] ] ] } },
{ "type": "Feature", "properties": { "geoid": "20045000903", "county_name": "Douglas County", "place_name": null, "state_name": "Kansas", "state_abbr": "KS", "is_rural": false, "dci_score": 40.7, "dci_quintile": 5.0, "is_cra_lmi": false, "income_level": "U", "is_persistent_poverty": false, "is_tribal_overlap": false, "tribal_area_name": null, "aian_pct": 0.0, "has_nmtc": false, "nmtc_projects": 0, "nmtc_total_usd": 0.0 }, "geometry": { "type": "Polygon", "coordinates": [ [ [ -95.260489, 38.949966 ], [ -95.25113, 38.950058 ], [ -95.245391, 38.950104 ], [ -95.241801, 38.950114 ], [ -95.241825, 38.942847 ], [ -95.246503, 38.942793 ], [ -95.255838, 38.942714 ], [ -95.2605, 38.942693 ], [ -95.260489, 38.949966 ] ] ] } },
{ "type": "Feature", "properties": { "geoid": "20173010802", "county_name": "Sedgwick County", "place_name": null, "state_name": "Kansas", "state_abbr": "KS", "is_rural": false, "dci_score": 21.1, "dci_quintile": 5.0, "is_cra_lmi": true, "income_level": "M", "is_persistent_poverty": false, "is_tribal_overlap": false, "tribal_area_name": null, "aian_pct": 0.0, "has_nmtc": false, "nmtc_projects": 0, "nmtc_total_usd": 0.0 }, "geometry": { "type": "Polygon", "coordinates": [ [ [ -97.280639, 37.749294 ], [ -97.273663, 37.752229 ], [ -97.262423, 37.756891 ], [ -97.262382, 37.752222 ], [ -97.25054, 37.752252 ], [ -97.244699, 37.752229 ], [ -97.235904, 37.752252 ], [ -97.233043, 37.752375 ], [ -97.226385, 37.752293 ], [ -97.226284, 37.737544 ], [ -97.233965, 37.743481 ], [ -97.235894, 37.744161 ], [ -97.236791, 37.744295 ], [ -97.244761, 37.744351 ], [ -97.252779, 37.745286 ], [ -97.262295, 37.745393 ], [ -97.262472, 37.745394 ], [ -97.280559, 37.745492 ], [ -97.280639, 37.749294 ] ] ] } },
{ "type": "Feature", "properties": { "geoid": "20051072901", "county_name": "Ellis County", "place_name": null, "state_name": "Kansas", "state_abbr": "KS", "is_rural": true, "dci_score": 39.6, "dci_quintile": 5.0, "is_cra_lmi": true, "income_level": "M", "is_persistent_poverty": false, "is_tribal_overlap": false, "tribal_area_name": null, "aian_pct": 0.0, "has_nmtc": false, "nmtc_projects": 0, "nmtc_total_usd": 0.0 }, "geometry": { "type": "Polygon", "coordinates": [ [ [ -99.335759, 38.876197 ], [ -99.336362, 38.880879 ], [ -99.331239, 38.880927 ], [ -99.329262, 38.879806 ], [ -99.328692, 38.880624 ], [ -99.322366, 38.877965 ], [ -99.317847, 38.876194 ], [ -99.31798, 38.866022 ], [ -99.327747, 38.870113 ], [ -99.330891, 38.871464 ], [ -99.334021, 38.872837 ], [ -99.33727, 38.874064 ], [ -99.335759, 38.876197 ] ] ] } },
{ "type": "Feature", "properties": { "geoid": "20173005100", "county_name": "Sedgwick County", "place_name": null, "state_name": "Kansas", "state_abbr": "KS", "is_rural": false, "dci_score": 80.5, "dci_quintile": 3.0, "is_cra_lmi": true, "income_level": "M", "is_persistent_poverty": false, "is_tribal_overlap": false, "tribal_area_name": null, "aian_pct": 0.0, "has_nmtc": false, "nmtc_projects": 0, "nmtc_total_usd": 0.0 }, "geometry": { "type": "Polygon", "coordinates": [ [ [ -97.352791, 37.66602 ], [ -97.348844, 37.665972 ], [ -97.34623, 37.664547 ], [ -97.347926, 37.660822 ], [ -97.348761, 37.657015 ], [ -97.34867, 37.656113 ], [ -97.346717, 37.651609 ], [ -97.342741, 37.648728 ], [ -97.335516, 37.644797 ], [ -97.335494, 37.642429 ], [ -97.334378, 37.63717 ], [ -97.334351, 37.63429 ], [ -97.334575, 37.631384 ], [ -97.333754, 37.629186 ], [ -97.334229, 37.627194 ], [ -97.334094, 37.616897 ], [ -97.336261, 37.617805 ], [ -97.337308, 37.618642 ], [ -97.340679, 37.624766 ], [ -97.342997, 37.626534 ], [ -97.345428, 37.627392 ], [ -97.352511, 37.627805 ], [ -97.352561, 37.630148 ], [ -97.35261, 37.638718 ], [ -97.352615, 37.639722 ], [ -97.352612, 37.644243 ], [ -97.352616, 37.645169 ], [ -97.352649, 37.649215 ], [ -97.352656, 37.651551 ], [ -97.35269, 37.655161 ], [ -97.352727, 37.658789 ], [ -97.352791, 37.66602 ] ] ] } },
{ "type": "Feature", "properties": { "geoid": "20173009000", "county_name": "Sedgwick County", "place_name": null, "state_name": "Kansas", "state_abbr": "KS", "is_rural": false, "dci_score": 91.1, "dci_quintile": 1.0, "is_cra_lmi": false, "income_level": "U", "is_persistent_poverty": false, "is_tribal_overlap": false, "tribal_area_name": null, "aian_pct": 0.0, "has_nmtc": false, "nmtc_projects": 0, "nmtc_total_usd": 0.0 }, "geometry": { "type": "Polygon", "coordinates": [ [ [ -97.389486, 37.694776 ], [ -97.380397, 37.694849 ], [ -97.380361, 37.687602 ], [ -97.381499, 37.687598 ], [ -97.381531, 37.683967 ], [ -97.380344, 37.683833 ], [ -97.380343, 37.68218 ], [ -97.38028, 37.67675 ], [ -97.38025, 37.67332 ], [ -97.379256, 37.67401 ], [ -97.376696, 37.674007 ], [ -97.374556, 37.673135 ], [ -97.373583, 37.673138 ], [ -97.373564, 37.669433 ], [ -97.373584, 37.665886 ], [ -97.389239, 37.665774 ], [ -97.389331, 37.67365 ], [ -97.389378, 37.676652 ], [ -97.389381, 37.683907 ], [ -97.389384, 37.68754 ], [ -97.389486, 37.694776 ] ] ] } },
{ "type": "Feature", "properties": { "geoid": "20173003600", "county_name": "Sedgwick County", "place_name": null, "state_name": "Kansas", "state_abbr": "KS", "is_rural": false, "dci_score": 83.1, "dci_quintile": 2.0, "is_cra_lmi": true, "income_level": "M", "is_persistent_poverty": false, "is_tribal_overlap": false, "tribal_area_name": null, "aian_pct": 0.0, "has_nmtc": false, "nmtc_projects": 0, "nmtc_total_usd": 0.0 }, "geometry": { "type": "Polygon", "coordinates": [ [ [ -97.294289, 37.679509 ], [ -97.287046, 37.67921 ], [ -97.285095, 37.679282 ], [ -97.280446, 37.679547 ], [ -97.271263, 37.67952 ], [ -97.271298, 37.679176 ], [ -97.271319, 37.675587 ], [ -97.27131, 37.671944 ], [ -97.275887, 37.671946 ], [ -97.280456, 37.671925 ], [ -97.283717, 37.671937 ], [ -97.286242, 37.671914 ], [ -97.287375, 37.671907 ], [ -97.289554, 37.672171 ], [ -97.290492, 37.673673 ], [ -97.293939, 37.673432 ], [ -97.294288, 37.67553 ], [ -97.293699, 37.676742 ], [ -97.293859, 37.678902 ], [ -97.294109, 37.679306 ], [ -97.294289, 37.679509 ] ] ] } },
{ "type": "Feature", "properties": { "geoid": "20173000600", "county_name": "Sedgwick County", "place_name": null, "state_name": "Kansas", "state_abbr": "KS", "is_rural": false, "dci_score": 97.5, "dci_quintile": 1.0, "is_cra_lmi": true, "income_level": "L", "is_persistent_poverty": false, "is_tribal_overlap": false, "tribal_area_name": null, "aian_pct": 0.0, "has_nmtc": false, "nmtc_projects": 0, "nmtc_total_usd": 0.0 }, "geometry": { "type": "Polygon", "coordinates": [ [ [ -97.324571, 37.722671 ], [ -97.318806, 37.722668 ], [ -97.318707, 37.721526 ], [ -97.317338, 37.71538 ], [ -97.314013, 37.715399 ], [ -97.310466, 37.715424 ], [ -97.310469, 37.700887 ], [ -97.312744, 37.700867 ], [ -97.313854, 37.700856 ], [ -97.316059, 37.700789 ], [ -97.317565, 37.700539 ], [ -97.319944, 37.70808 ], [ -97.322407, 37.715891 ], [ -97.324571, 37.722671 ] ] ] } },
{ "type": "Feature", "properties": { "geoid": "20173005900", "county_name": "Sedgwick County", "place_name": null, "state_name": "Kansas", "state_abbr": "KS", "is_rural": false, "dci_score": 90.6, "dci_quintile": 1.0, "is_cra_lmi": true, "income_level": "M", "is_persistent_poverty": false, "is_tribal_overlap": false, "tribal_area_name": null, "aian_pct": 0.0, "has_nmtc": false, "nmtc_projects": 0, "nmtc_total_usd": 0.0 }, "geometry": { "type": "Polygon", "coordinates": [ [ [ -97.32847, 37.622638 ], [ -97.315846, 37.622668 ], [ -97.315857, 37.624634 ], [ -97.317067, 37.630709 ], [ -97.317122, 37.636475 ], [ -97.317127, 37.642339 ], [ -97.311515, 37.642329 ], [ -97.310579, 37.642708 ], [ -97.308965, 37.641377 ], [ -97.308029, 37.640085 ], [ -97.303325, 37.635157 ], [ -97.298051, 37.629739 ], [ -97.296485, 37.627962 ], [ -97.295794, 37.626817 ], [ -97.295363, 37.625707 ], [ -97.295262, 37.625243 ], [ -97.295473, 37.625214 ], [ -97.298474, 37.624748 ], [ -97.298219, 37.623168 ], [ -97.298393, 37.622346 ], [ -97.302437, 37.615799 ], [ -97.302538, 37.613701 ], [ -97.30404, 37.611001 ], [ -97.306615, 37.607057 ], [ -97.308329, 37.607588 ], [ -97.309564, 37.607885 ], [ -97.310942, 37.60801 ], [ -97.313328, 37.604954 ], [ -97.315834, 37.604001 ], [ -97.320729, 37.603063 ], [ -97.322842, 37.601758 ], [ -97.32549, 37.607998 ], [ -97.326612, 37.610886 ], [ -97.328364, 37.619936 ], [ -97.328591, 37.621429 ], [ -97.32847, 37.622638 ] ] ] } },
{ "type": "Feature", "properties": { "geoid": "20099950400", "county_name": "Labette County", "place_name": null, "state_name": "Kansas", "state_abbr": "KS", "is_rural": true, "dci_score": 82.9, "dci_quintile": 2.0, "is_cra_lmi": true, "income_level": "M", "is_persistent_poverty": false, "is_tribal_overlap": false, "tribal_area_name": null, "aian_pct": 0.0, "has_nmtc": true, "nmtc_projects": 1, "nmtc_total_usd": 1694317.0 }, "geometry": { "type": "Polygon", "coordinates": [ [ [ -95.3406, 37.339911 ], [ -95.294639, 37.340135 ], [ -95.28538, 37.340216 ], [ -95.275493, 37.340511 ], [ -95.275503, 37.334596 ], [ -95.269077, 37.334576 ], [ -95.269083, 37.331682 ], [ -95.267428, 37.331687 ], [ -95.267437, 37.325792 ], [ -95.263425, 37.325623 ], [ -95.262879, 37.325241 ], [ -95.259821, 37.328138 ], [ -95.258461, 37.325753 ], [ -95.256411, 37.321925 ], [ -95.254666, 37.321928 ], [ -95.252723, 37.321214 ], [ -95.252175, 37.318091 ], [ -95.250604, 37.318134 ], [ -95.247566, 37.316118 ], [ -95.246467, 37.317594 ], [ -95.245214, 37.316437 ], [ -95.246095, 37.314566 ], [ -95.243398, 37.314484 ], [ -95.24392, 37.31229 ], [ -95.246181, 37.311631 ], [ -95.244935, 37.311047 ], [ -95.242879, 37.311677 ], [ -95.242224, 37.309519 ], [ -95.240751, 37.310271 ], [ -95.238592, 37.309831 ], [ -95.238993, 37.308511 ], [ -95.23765, 37.306147 ], [ -95.235704, 37.305672 ], [ -95.234793, 37.304808 ], [ -95.234571, 37.304307 ], [ -95.234542, 37.303641 ], [ -95.234611, 37.299127 ], [ -95.235769, 37.298496 ], [ -95.233428, 37.296706 ], [ -95.234966, 37.296127 ], [ -95.238956, 37.294304 ], [ -95.237546, 37.293088 ], [ -95.23708, 37.29058 ], [ -95.235997, 37.289609 ], [ -95.233903, 37.289489 ], [ -95.234647, 37.28803 ], [ -95.232848, 37.28577 ], [ -95.229841, 37.286465 ], [ -95.22791, 37.287666 ], [ -95.226934, 37.286644 ], [ -95.227482, 37.284951 ], [ -95.225937, 37.284584 ], [ -95.225275, 37.282616 ], [ -95.224139, 37.282359 ], [ -95.224559, 37.281363 ], [ -95.225248, 37.280832 ], [ -95.228587, 37.281538 ], [ -95.23136, 37.281606 ], [ -95.267502, 37.281523 ], [ -95.340311, 37.281352 ], [ -95.340578, 37.295911 ], [ -95.3406, 37.339911 ] ] ] } },
{ "type": "Feature", "properties": { "geoid": "20177003702", "county_name": "Shawnee County", "place_name": null, "state_name": "Kansas", "state_abbr": "KS", "is_rural": false, "dci_score": 35.3, "dci_quintile": 5.0, "is_cra_lmi": false, "income_level": "U", "is_persistent_poverty": false, "is_tribal_overlap": false, "tribal_area_name": null, "aian_pct": 0.0, "has_nmtc": false, "nmtc_projects": 0, "nmtc_total_usd": 0.0 }, "geometry": { "type": "Polygon", "coordinates": [ [ [ -95.724925, 38.978288 ], [ -95.723903, 38.978721 ], [ -95.717781, 38.97865 ], [ -95.711994, 38.978701 ], [ -95.70231, 38.978778 ], [ -95.690491, 38.978833 ], [ -95.689471, 38.978838 ], [ -95.687606, 38.978834 ], [ -95.687582, 38.971575 ], [ -95.678036, 38.971584 ], [ -95.671501, 38.971621 ], [ -95.6701, 38.971623 ], [ -95.670372, 38.986143 ], [ -95.666616, 38.986143 ], [ -95.660974, 38.986141 ], [ -95.653927, 38.986158 ], [ -95.651576, 38.986158 ], [ -95.649244, 38.986156 ], [ -95.647374, 38.986156 ], [ -95.645814, 38.986154 ], [ -95.642261, 38.986151 ], [ -95.632938, 38.986186 ], [ -95.632737, 38.957087 ], [ -95.646279, 38.95709 ], [ -95.64558, 38.955316 ], [ -95.643754, 38.948171 ], [ -95.641711, 38.943015 ], [ -95.640281, 38.941017 ], [ -95.63903, 38.940397 ], [ -95.632485, 38.93864 ], [ -95.632369, 38.928128 ], [ -95.651029, 38.928166 ], [ -95.669416, 38.928108 ], [ -95.670129, 38.928023 ], [ -95.678535, 38.92801 ], [ -95.686192, 38.928011 ], [ -95.687848, 38.928005 ], [ -95.690999, 38.928088 ], [ -95.70444, 38.92802 ], [ -95.705142, 38.92836 ], [ -95.705828, 38.929726 ], [ -95.70612, 38.929614 ], [ -95.710935, 38.92799 ], [ -95.724598, 38.927965 ], [ -95.72467, 38.942479 ], [ -95.724756, 38.95677 ], [ -95.724895, 38.961431 ], [ -95.724925, 38.978288 ] ] ] } },
{ "type": "Feature", "properties": { "geoid": "20173005401", "county_name": "Sedgwick County", "place_name": null, "state_name": "Kansas", "state_abbr": "KS", "is_rural": false, "dci_score": 50.5, "dci_quintile": 5.0, "is_cra_lmi": false, "income_level": "U", "is_persistent_poverty": false, "is_tribal_overlap": false, "tribal_area_name": null, "aian_pct": 0.0, "has_nmtc": false, "nmtc_projects": 0, "nmtc_total_usd": 0.0 }, "geometry": { "type": "Polygon", "coordinates": [ [ [ -97.403577, 37.636915 ], [ -97.403501, 37.637531 ], [ -97.40352, 37.643867 ], [ -97.403516, 37.644281 ], [ -97.398926, 37.64669 ], [ -97.398856, 37.646546 ], [ -97.39877, 37.646369 ], [ -97.396874, 37.642753 ], [ -97.394835, 37.636978 ], [ -97.393816, 37.634578 ], [ -97.392803, 37.633486 ], [ -97.39186, 37.632819 ], [ -97.389154, 37.631315 ], [ -97.385843, 37.629683 ], [ -97.38383, 37.629111 ], [ -97.382183, 37.628846 ], [ -97.374897, 37.628541 ], [ -97.370714, 37.628403 ], [ -97.37065, 37.622388 ], [ -97.370628, 37.619954 ], [ -97.370621, 37.618759 ], [ -97.3706, 37.615561 ], [ -97.370571, 37.61148 ], [ -97.370562, 37.609848 ], [ -97.370558, 37.609191 ], [ -97.37055, 37.607841 ], [ -97.370551, 37.60771 ], [ -97.370541, 37.604722 ], [ -97.370538, 37.604005 ], [ -97.37053, 37.600574 ], [ -97.370521, 37.597005 ], [ -97.370519, 37.593333 ], [ -97.363723, 37.593404 ], [ -97.36144, 37.59346 ], [ -97.352262, 37.593474 ], [ -97.352275, 37.579054 ], [ -97.352275, 37.578911 ], [ -97.352262, 37.574944 ], [ -97.352397, 37.573676 ], [ -97.35954, 37.573926 ], [ -97.364054, 37.57539 ], [ -97.366096, 37.576536 ], [ -97.368663, 37.578848 ], [ -97.370502, 37.580403 ], [ -97.382852, 37.593266 ], [ -97.389931, 37.600648 ], [ -97.395169, 37.607798 ], [ -97.395675, 37.60867 ], [ -97.399926, 37.617288 ], [ -97.401559, 37.622348 ], [ -97.402418, 37.62565 ], [ -97.403731, 37.634121 ], [ -97.403577, 37.636915 ] ] ] } },
{ "type": "Feature", "properties": { "geoid": "20173007701", "county_name": "Sedgwick County", "place_name": null, "state_name": "Kansas", "state_abbr": "KS", "is_rural": false, "dci_score": 38.5, "dci_quintile": 5.0, "is_cra_lmi": false, "income_level": "U", "is_persistent_poverty": false, "is_tribal_overlap": false, "tribal_area_name": null, "aian_pct": 0.0, "has_nmtc": false, "nmtc_projects": 0, "nmtc_total_usd": 0.0 }, "geometry": { "type": "Polygon", "coordinates": [ [ [ -97.299055, 37.730049 ], [ -97.299043, 37.741681 ], [ -97.294594, 37.743484 ], [ -97.280823, 37.749218 ], [ -97.280639, 37.749294 ], [ -97.280559, 37.745492 ], [ -97.280631, 37.737618 ], [ -97.28065, 37.730212 ], [ -97.280661, 37.72697 ], [ -97.280661, 37.722937 ], [ -97.299048, 37.722765 ], [ -97.299048, 37.726395 ], [ -97.299055, 37.730049 ] ] ] } },
{ "type": "Feature", "properties": { "geoid": "20173001100", "county_name": "Sedgwick County", "place_name": null, "state_name": "Kansas", "state_abbr": "KS", "is_rural": false, "dci_score": 90.8, "dci_quintile": 1.0, "is_cra_lmi": true, "income_level": "M", "is_persistent_poverty": false, "is_tribal_overlap": false, "tribal_area_name": null, "aian_pct": 0.0, "has_nmtc": false, "nmtc_projects": 0, "nmtc_total_usd": 0.0 }, "geometry": { "type": "Polygon", "coordinates": [ [ [ -97.312744, 37.700867 ], [ -97.310469, 37.700887 ], [ -97.305893, 37.70093 ], [ -97.29909, 37.700989 ], [ -97.297277, 37.701001 ], [ -97.294602, 37.702397 ], [ -97.293078, 37.703882 ], [ -97.290883, 37.708291 ], [ -97.29064, 37.708294 ], [ -97.291661, 37.705733 ], [ -97.29172, 37.699222 ], [ -97.293524, 37.699217 ], [ -97.293525, 37.69743 ], [ -97.293535, 37.693725 ], [ -97.299044, 37.693699 ], [ -97.305864, 37.693659 ], [ -97.307831, 37.693648 ], [ -97.30816, 37.697726 ], [ -97.312751, 37.697671 ], [ -97.312744, 37.700867 ] ] ] } },
{ "type": "Feature", "properties": { "geoid": "20113788600", "county_name": "McPherson County", "place_name": "Manhattan", "state_name": "Kansas", "state_abbr": "KS", "is_rural": true, "dci_score": 33.2, "dci_quintile": 5.0, "is_cra_lmi": false, "income_level": "U", "is_persistent_poverty": false, "is_tribal_overlap": false, "tribal_area_name": null, "aian_pct": 0.0, "has_nmtc": false, "nmtc_projects": 0, "nmtc_total_usd": 0.0 }, "geometry": { "type": "Polygon", "coordinates": [ [ [ -97.722057, 38.347707 ], [ -97.722018, 38.391315 ], [ -97.703649, 38.391288 ], [ -97.675171, 38.391067 ], [ -97.676096, 38.390077 ], [ -97.676085, 38.384661 ], [ -97.675714, 38.383545 ], [ -97.672725, 38.378834 ], [ -97.672344, 38.376602 ], [ -97.676053, 38.376666 ], [ -97.676014, 38.36226 ], [ -97.668259, 38.362152 ], [ -97.662846, 38.362155 ], [ -97.662882, 38.369355 ], [ -97.662878, 38.371471 ], [ -97.661556, 38.371471 ], [ -97.661559, 38.372795 ], [ -97.660797, 38.372693 ], [ -97.648516, 38.375656 ], [ -97.643733, 38.376718 ], [ -97.640506, 38.377546 ], [ -97.616261, 38.383128 ], [ -97.611622, 38.383442 ], [ -97.611514, 38.371015 ], [ -97.611504, 38.369555 ], [ -97.611501, 38.362297 ], [ -97.611553, 38.347811 ], [ -97.62119, 38.347753 ], [ -97.62151, 38.340043 ], [ -97.647895, 38.340386 ], [ -97.652232, 38.340121 ], [ -97.655466, 38.339453 ], [ -97.673568, 38.332868 ], [ -97.677301, 38.331811 ], [ -97.681325, 38.330332 ], [ -97.687577, 38.328597 ], [ -97.691163, 38.328009 ], [ -97.696295, 38.327674 ], [ -97.69806, 38.326461 ], [ -97.70366, 38.320068 ], [ -97.704992, 38.318674 ], [ -97.71019, 38.318236 ], [ -97.7146, 38.318628 ], [ -97.722173, 38.318564 ], [ -97.722057, 38.347707 ] ] ] } },
{ "type": "Feature", "properties": { "geoid": "20207096600", "county_name": "Woodson County", "place_name": null, "state_name": "Kansas", "state_abbr": "KS", "is_rural": true, "dci_score": 92.1, "dci_quintile": 1.0, "is_cra_lmi": false, "income_level": "U", "is_persistent_poverty": false, "is_tribal_overlap": false, "tribal_area_name": null, "aian_pct": 0.0, "has_nmtc": false, "nmtc_projects": 0, "nmtc_total_usd": 0.0 }, "geometry": { "type": "Polygon", "coordinates": [ [ [ -95.961408, 37.821985 ], [ -95.958134, 37.821938 ], [ -95.958229, 37.836244 ], [ -95.958498, 37.857382 ], [ -95.95857, 37.880002 ], [ -95.958588, 37.89455 ], [ -95.958565, 37.902103 ], [ -95.958554, 37.909245 ], [ -95.95851, 37.938283 ], [ -95.959008, 38.022034 ], [ -95.958984, 38.025704 ], [ -95.958945, 38.026266 ], [ -95.959046, 38.040195 ], [ -95.830319, 38.03968 ], [ -95.811923, 38.039728 ], [ -95.738904, 38.039136 ], [ -95.702314, 38.03929 ], [ -95.701616, 38.039013 ], [ -95.665608, 38.039056 ], [ -95.646743, 38.039149 ], [ -95.641942, 38.039203 ], [ -95.6282, 38.038754 ], [ -95.626864, 38.038807 ], [ -95.611924, 38.038542 ], [ -95.609764, 38.038457 ], [ -95.599702, 38.038581 ], [ -95.574759, 38.038175 ], [ -95.573709, 38.038322 ], [ -95.547416, 38.038036 ], [ -95.546138, 38.038011 ], [ -95.51897, 38.03823 ], [ -95.519163, 37.979165 ], [ -95.519373, 37.951084 ], [ -95.519317, 37.936539 ], [ -95.519129, 37.907488 ], [ -95.519008, 37.87127 ], [ -95.519224, 37.863755 ], [ -95.519178, 37.834744 ], [ -95.519092, 37.827824 ], [ -95.519308, 37.820259 ], [ -95.524862, 37.820285 ], [ -95.524843, 37.761738 ], [ -95.525222, 37.747338 ], [ -95.525499, 37.732759 ], [ -95.642738, 37.73322 ], [ -95.651172, 37.733301 ], [ -95.669975, 37.733471 ], [ -95.69627, 37.733584 ], [ -95.779203, 37.733804 ], [ -95.797643, 37.733872 ], [ -95.852646, 37.733961 ], [ -95.854256, 37.734137 ], [ -95.870312, 37.734125 ], [ -95.87959, 37.734048 ], [ -95.913243, 37.734463 ], [ -95.920903, 37.734252 ], [ -95.92092, 37.734253 ], [ -95.924346, 37.734382 ], [ -95.960876, 37.734304 ], [ -95.961408, 37.821985 ] ], [ [ -95.775758, 37.884237 ], [ -95.775901, 37.879543 ], [ -95.775665, 37.850478 ], [ -95.738319, 37.850234 ], [ -95.683872, 37.849929 ], [ -95.68389, 37.87894 ], [ -95.690129, 37.879044 ], [ -95.690656, 37.881265 ], [ -95.69322, 37.886448 ], [ -95.69324, 37.908131 ], [ -95.702656, 37.908184 ], [ -95.70714, 37.908323 ], [ -95.72434, 37.908285 ], [ -95.726546, 37.907855 ], [ -95.728009, 37.906241 ], [ -95.730003, 37.906579 ], [ -95.730299, 37.90541 ], [ -95.733072, 37.904057 ], [ -95.735022, 37.903658 ], [ -95.737134, 37.905208 ], [ -95.736295, 37.903303 ], [ -95.739216, 37.90223 ], [ -95.739327, 37.908459 ], [ -95.776076, 37.908668 ], [ -95.775758, 37.884237 ] ] ] } },
{ "type": "Feature", "properties": { "geoid": "20173001800", "county_name": "Sedgwick County", "place_name": null, "state_name": "Kansas", "state_abbr": "KS", "is_rural": false, "dci_score": 97.5, "dci_quintile": 1.0, "is_cra_lmi": true, "income_level": "L", "is_persistent_poverty": false, "is_tribal_overlap": false, "tribal_area_name": null, "aian_pct": 0.0, "has_nmtc": false, "nmtc_projects": 0, "nmtc_total_usd": 0.0 }, "geometry": { "type": "Polygon", "coordinates": [ [ [ -97.32647, 37.69351 ], [ -97.317294, 37.69355 ], [ -97.315365, 37.693562 ], [ -97.317565, 37.700539 ], [ -97.316059, 37.700789 ], [ -97.313854, 37.700856 ], [ -97.312744, 37.700867 ], [ -97.312751, 37.697671 ], [ -97.30816, 37.697726 ], [ -97.307831, 37.693648 ], [ -97.307801, 37.689998 ], [ -97.30776, 37.686245 ], [ -97.313038, 37.686181 ], [ -97.314135, 37.6862 ], [ -97.317248, 37.686144 ], [ -97.326377, 37.686085 ], [ -97.32647, 37.69351 ] ] ] } },
{ "type": "Feature", "properties": { "geoid": "20155000800", "county_name": "Reno County", "place_name": null, "state_name": "Kansas", "state_abbr": "KS", "is_rural": true, "dci_score": 93.9, "dci_quintile": 1.0, "is_cra_lmi": false, "income_level": "U", "is_persistent_poverty": false, "is_tribal_overlap": false, "tribal_area_name": null, "aian_pct": 0.0, "has_nmtc": false, "nmtc_projects": 0, "nmtc_total_usd": 0.0 }, "geometry": { "type": "Polygon", "coordinates": [ [ [ -97.966525, 38.048943 ], [ -97.966937, 38.051809 ], [ -97.966564, 38.061156 ], [ -97.966719, 38.067353 ], [ -97.965588, 38.066746 ], [ -97.959092, 38.063106 ], [ -97.959075, 38.063097 ], [ -97.953152, 38.06057 ], [ -97.947607, 38.058822 ], [ -97.946976, 38.060504 ], [ -97.940568, 38.060746 ], [ -97.941345, 38.054706 ], [ -97.941346, 38.046932 ], [ -97.94032, 38.047061 ], [ -97.93182, 38.047165 ], [ -97.930105, 38.04715 ], [ -97.922451, 38.047474 ], [ -97.913023, 38.047671 ], [ -97.907912, 38.047697 ], [ -97.906002, 38.048082 ], [ -97.903829, 38.043936 ], [ -97.903729, 38.043065 ], [ -97.903692, 38.03573 ], [ -97.903663, 38.030025 ], [ -97.90412, 38.028773 ], [ -97.904477, 38.02759 ], [ -97.906437, 38.026461 ], [ -97.908307, 38.024851 ], [ -97.908884, 38.024244 ], [ -97.912466, 38.018146 ], [ -97.912707, 38.017767 ], [ -97.91322, 38.01708 ], [ -97.919428, 38.020434 ], [ -97.922503, 38.023196 ], [ -97.924837, 38.025292 ], [ -97.92774, 38.028734 ], [ -97.929233, 38.030669 ], [ -97.930483, 38.034884 ], [ -97.932793, 38.038936 ], [ -97.935346, 38.040165 ], [ -97.936569, 38.040238 ], [ -97.938787, 38.041215 ], [ -97.93932, 38.041892 ], [ -97.941846, 38.042675 ], [ -97.942694, 38.042538 ], [ -97.946871, 38.042226 ], [ -97.955015, 38.043845 ], [ -97.955297, 38.043741 ], [ -97.95996, 38.043669 ], [ -97.966954, 38.046264 ], [ -97.966525, 38.048943 ] ] ] } },
{ "type": "Feature", "properties": { "geoid": "20099950200", "county_name": "Labette County", "place_name": "Wichita", "state_name": "Kansas", "state_abbr": "KS", "is_rural": true, "dci_score": 82.9, "dci_quintile": 2.0, "is_cra_lmi": false, "income_level": "U", "is_persistent_poverty": false, "is_tribal_overlap": false, "tribal_area_name": null, "aian_pct": 0.0, "has_nmtc": false, "nmtc_projects": 0, "nmtc_total_usd": 0.0 }, "geometry": { "type": "Polygon", "coordinates": [ [ [ -95.275493, 37.340511 ], [ -95.275484, 37.342515 ], [ -95.267656, 37.342508 ], [ -95.266339, 37.342503 ], [ -95.266427, 37.345458 ], [ -95.268189, 37.347871 ], [ -95.257538, 37.347776 ], [ -95.257562, 37.346715 ], [ -95.257614, 37.330323 ], [ -95.259283, 37.329742 ], [ -95.259821, 37.328138 ], [ -95.262879, 37.325241 ], [ -95.263425, 37.325623 ], [ -95.267437, 37.325792 ], [ -95.267428, 37.331687 ], [ -95.269083, 37.331682 ], [ -95.269077, 37.334576 ], [ -95.275503, 37.334596 ], [ -95.275493, 37.340511 ] ] ] } },
{ "type": "Feature", "properties": { "geoid": "20125950400", "county_name": "Montgomery County", "place_name": null, "state_name": "Kansas", "state_abbr": "KS", "is_rural": true, "dci_score": 73.1, "dci_quintile": 3.0, "is_cra_lmi": true, "income_level": "M", "is_persistent_poverty": false, "is_tribal_overlap": false, "tribal_area_name": null, "aian_pct": 0.0, "has_nmtc": false, "nmtc_projects": 0, "nmtc_total_usd": 0.0 }, "geometry": { "type": "Polygon", "coordinates": [ [ [ -95.715263, 37.232301 ], [ -95.707263, 37.232265 ], [ -95.706575, 37.232329 ], [ -95.704859, 37.232546 ], [ -95.699903, 37.233594 ], [ -95.697529, 37.234342 ], [ -95.697506, 37.234224 ], [ -95.697288, 37.233116 ], [ -95.696973, 37.232178 ], [ -95.696715, 37.231629 ], [ -95.696486, 37.230027 ], [ -95.696428, 37.229111 ], [ -95.696514, 37.225771 ], [ -95.696113, 37.225315 ], [ -95.694082, 37.224903 ], [ -95.691203, 37.225229 ], [ -95.683954, 37.226276 ], [ -95.681236, 37.225681 ], [ -95.679023, 37.224633 ], [ -95.678015, 37.223611 ], [ -95.680912, 37.223132 ], [ -95.690291, 37.223151 ], [ -95.691585, 37.22316 ], [ -95.692895, 37.223166 ], [ -95.692886, 37.221773 ], [ -95.692892, 37.219797 ], [ -95.703952, 37.219955 ], [ -95.713578, 37.220016 ], [ -95.713531, 37.223306 ], [ -95.713488, 37.227723 ], [ -95.713461, 37.231149 ], [ -95.715263, 37.232301 ] ] ] } },
{ "type": "Feature", "properties": { "geoid": "20209043904", "county_name": "Wyandotte County", "place_name": null, "state_name": "Kansas", "state_abbr": "KS", "is_rural": false, "dci_score": 86.7, "dci_quintile": 2.0, "is_cra_lmi": true, "income_level": "L", "is_persistent_poverty": false, "is_tribal_overlap": false, "tribal_area_name": null, "aian_pct": 0.0, "has_nmtc": false, "nmtc_projects": 0, "nmtc_total_usd": 0.0 }, "geometry": { "type": "Polygon", "coordinates": [ [ [ -94.740069, 39.128526 ], [ -94.733916, 39.128523 ], [ -94.717041, 39.128555 ], [ -94.715278, 39.12853 ], [ -94.709834, 39.128514 ], [ -94.705992, 39.12849 ], [ -94.704651, 39.123687 ], [ -94.705135, 39.116647 ], [ -94.716931, 39.116679 ], [ -94.724484, 39.116751 ], [ -94.728226, 39.116753 ], [ -94.737946, 39.116787 ], [ -94.737875, 39.120404 ], [ -94.737835, 39.123777 ], [ -94.740044, 39.12487 ], [ -94.740069, 39.128526 ] ] ] } },
{ "type": "Feature", "properties": { "geoid": "20169000102", "county_name": "Saline County", "place_name": null, "state_name": "Kansas", "state_abbr": "KS", "is_rural": true, "dci_score": 53.1, "dci_quintile": 5.0, "is_cra_lmi": true, "income_level": "M", "is_persistent_poverty": false, "is_tribal_overlap": false, "tribal_area_name": null, "aian_pct": 0.0, "has_nmtc": true, "nmtc_projects": 1, "nmtc_total_usd": 2940000.0 }, "geometry": { "type": "Polygon", "coordinates": [ [ [ -97.612446, 38.838114 ], [ -97.612424, 38.840535 ], [ -97.612424, 38.841619 ], [ -97.612424, 38.842864 ], [ -97.612424, 38.849226 ], [ -97.609089, 38.850193 ], [ -97.603221, 38.85187 ], [ -97.587883, 38.856659 ], [ -97.575758, 38.860321 ], [ -97.575789, 38.858776 ], [ -97.57581, 38.852573 ], [ -97.575811, 38.85247 ], [ -97.575811, 38.852448 ], [ -97.5758, 38.848889 ], [ -97.571276, 38.848912 ], [ -97.574065, 38.84588 ], [ -97.57708, 38.844578 ], [ -97.580756, 38.841616 ], [ -97.582306, 38.840392 ], [ -97.594005, 38.840501 ], [ -97.603277, 38.84053 ], [ -97.602814, 38.835911 ], [ -97.604231, 38.835731 ], [ -97.606483, 38.834139 ], [ -97.607966, 38.834354 ], [ -97.60918, 38.83435 ], [ -97.612492, 38.83436 ], [ -97.612446, 38.838114 ] ] ] } },
{ "type": "Feature", "properties": { "geoid": "20091050302", "county_name": "Johnson County", "place_name": null, "state_name": "Kansas", "state_abbr": "KS", "is_rural": false, "dci_score": 29.3, "dci_quintile": 5.0, "is_cra_lmi": false, "income_level": "U", "is_persistent_poverty": false, "is_tribal_overlap": false, "tribal_area_name": null, "aian_pct": 0.0, "has_nmtc": false, "nmtc_projects": 0, "nmtc_total_usd": 0.0 }, "geometry": { "type": "Polygon", "coordinates": [ [ [ -94.667667, 39.022275 ], [ -94.658365, 39.022197 ], [ -94.658357, 39.024042 ], [ -94.649632, 39.024012 ], [ -94.649056, 39.024003 ], [ -94.649062, 39.022289 ], [ -94.648349, 39.022461 ], [ -94.6446, 39.023715 ], [ -94.640071, 39.025038 ], [ -94.637939, 39.025653 ], [ -94.637898, 39.025237 ], [ -94.637882, 39.025068 ], [ -94.641948, 39.021241 ], [ -94.645533, 39.017932 ], [ -94.648986, 39.016068 ], [ -94.653257, 39.015101 ], [ -94.658367, 39.015033 ], [ -94.667621, 39.014963 ], [ -94.667667, 39.022275 ] ] ] } },
{ "type": "Feature", "properties": { "geoid": "20177000900", "county_name": "Shawnee County", "place_name": "Kansas City", "state_name": "Kansas", "state_abbr": "KS", "is_rural": false, "dci_score": 87.9, "dci_quintile": 2.0, "is_cra_lmi": false, "income_level": "U", "is_persistent_poverty": false, "is_tribal_overlap": false, "tribal_area_name": null, "aian_pct": 0.0, "has_nmtc": true, "nmtc_projects": 1, "nmtc_total_usd": 3430000.0 }, "geometry": { "type": "Polygon", "coordinates": [ [ [ -95.648807, 39.071618 ], [ -95.64841, 39.077024 ], [ -95.647956, 39.082598 ], [ -95.645254, 39.086098 ], [ -95.638451, 39.087388 ], [ -95.630877, 39.086382 ], [ -95.625458, 39.083723 ], [ -95.623357, 39.082799 ], [ -95.621757, 39.082299 ], [ -95.613541, 39.082029 ], [ -95.610149, 39.084166 ], [ -95.606106, 39.086118 ], [ -95.600241, 39.088177 ], [ -95.594756, 39.086399 ], [ -95.594653, 39.081904 ], [ -95.598348, 39.073514 ], [ -95.598205, 39.06763 ], [ -95.596759, 39.064672 ], [ -95.589337, 39.058433 ], [ -95.582345, 39.053998 ], [ -95.579956, 39.0541 ], [ -95.581163, 39.053055 ], [ -95.581432, 39.052478 ], [ -95.582102, 39.05188 ], [ -95.585042, 39.051725 ], [ -95.586746, 39.049642 ], [ -95.589966, 39.048361 ], [ -95.589758, 39.047484 ], [ -95.591594, 39.046057 ], [ -95.592871, 39.045772 ], [ -95.592263, 39.044273 ], [ -95.601796, 39.044303 ], [ -95.604051, 39.044346 ], [ -95.613526, 39.044283 ], [ -95.614719, 39.044267 ], [ -95.617596, 39.044272 ], [ -95.622775, 39.044246 ], [ -95.632557, 39.044237 ], [ -95.633738, 39.045933 ], [ -95.633026, 39.047244 ], [ -95.634464, 39.04905 ], [ -95.627822, 39.051379 ], [ -95.632181, 39.051555 ], [ -95.631817, 39.05499 ], [ -95.631793, 39.062603 ], [ -95.633512, 39.06267 ], [ -95.637603, 39.06433 ], [ -95.640986, 39.064326 ], [ -95.640918, 39.066151 ], [ -95.647205, 39.066144 ], [ -95.650863, 39.067123 ], [ -95.648807, 39.071618 ] ] ] } },
{ "type": "Feature", "properties": { "geoid": "20209041200", "county_name": "Wyandotte County", "place_name": "Kansas City", "state_name": "Kansas", "state_abbr": "KS", "is_rural": false, "dci_score": 83.0, "dci_quintile": 2.0, "is_cra_lmi": true, "income_level": "M", "is_persistent_poverty": false, "is_tribal_overlap": false, "tribal_area_name": null, "aian_pct": 0.0, "has_nmtc": false, "nmtc_projects": 0, "nmtc_total_usd": 0.0 }, "geometry": { "type": "Polygon", "coordinates": [ [ [ -94.649734, 39.128841 ], [ -94.64599, 39.12959 ], [ -94.643023, 39.129574 ], [ -94.640694, 39.129556 ], [ -94.639358, 39.129552 ], [ -94.638087, 39.129481 ], [ -94.636311, 39.129138 ], [ -94.635171, 39.128963 ], [ -94.63512, 39.118548 ], [ -94.642361, 39.118538 ], [ -94.643101, 39.118793 ], [ -94.645461, 39.119877 ], [ -94.649383, 39.119699 ], [ -94.649256, 39.122337 ], [ -94.649263, 39.127605 ], [ -94.649734, 39.128841 ] ] ] } },
{ "type": "Feature", "properties": { "geoid": "20209043400", "county_name": "Wyandotte County", "place_name": null, "state_name": "Kansas", "state_abbr": "KS", "is_rural": false, "dci_score": 74.1, "dci_quintile": 3.0, "is_cra_lmi": true, "income_level": "M", "is_persistent_poverty": false, "is_tribal_overlap": false, "tribal_area_name": null, "aian_pct": 0.0, "has_nmtc": false, "nmtc_projects": 0, "nmtc_total_usd": 0.0 }, "geometry": { "type": "Polygon", "coordinates": [ [ [ -94.667774, 39.044391 ], [ -94.667801, 39.054271 ], [ -94.667784, 39.061784 ], [ -94.667663, 39.062336 ], [ -94.661359, 39.062329 ], [ -94.660221, 39.062338 ], [ -94.646923, 39.06235 ], [ -94.646686, 39.060835 ], [ -94.647557, 39.053864 ], [ -94.647397, 39.051114 ], [ -94.646809, 39.048822 ], [ -94.646326, 39.04765 ], [ -94.645255, 39.045795 ], [ -94.643874, 39.044038 ], [ -94.64907, 39.044029 ], [ -94.649141, 39.044029 ], [ -94.656102, 39.044029 ], [ -94.658844, 39.044038 ], [ -94.667037, 39.044073 ], [ -94.667772, 39.044073 ], [ -94.668937, 39.044073 ], [ -94.667774, 39.044391 ] ] ] } },
{ "type": "Feature", "properties": { "geoid": "20037957601", "county_name": "Crawford County", "place_name": "Salina", "state_name": "Kansas", "state_abbr": "KS", "is_rural": true, "dci_score": 72.6, "dci_quintile": 3.0, "is_cra_lmi": false, "income_level": "U", "is_persistent_poverty": false, "is_tribal_overlap": false, "tribal_area_name": null, "aian_pct": 0.0, "has_nmtc": false, "nmtc_projects": 0, "nmtc_total_usd": 0.0 }, "geometry": { "type": "Polygon", "coordinates": [ [ [ -94.7055, 37.340445 ], [ -94.705188, 37.341206 ], [ -94.705304, 37.342061 ], [ -94.705153, 37.374711 ], [ -94.705172, 37.378314 ], [ -94.70518, 37.378995 ], [ -94.705208, 37.381795 ], [ -94.694798, 37.381813 ], [ -94.694802, 37.389118 ], [ -94.686834, 37.38906 ], [ -94.686886, 37.396361 ], [ -94.686654, 37.410946 ], [ -94.682205, 37.410943 ], [ -94.668521, 37.410983 ], [ -94.617510177366498, 37.410957913250101 ], [ -94.617511, 37.410909 ], [ -94.617557, 37.396375 ], [ -94.617625, 37.367576 ], [ -94.617626, 37.367445 ], [ -94.617621770181401, 37.367298144499301 ], [ -94.617537, 37.364355 ], [ -94.617537717161994, 37.364167103563297 ], [ -94.617588893612094, 37.350758873639698 ], [ -94.617636, 37.338417 ], [ -94.631612, 37.338316 ], [ -94.637892, 37.338308 ], [ -94.666221, 37.338254 ], [ -94.672857, 37.338558 ], [ -94.699564, 37.338474 ], [ -94.705388, 37.338613 ], [ -94.7055, 37.340445 ] ] ] } },
{ "type": "Feature", "properties": { "geoid": "20209042900", "county_name": "Wyandotte County", "place_name": null, "state_name": "Kansas", "state_abbr": "KS", "is_rural": false, "dci_score": 92.7, "dci_quintile": 1.0, "is_cra_lmi": true, "income_level": "L", "is_persistent_poverty": false, "is_tribal_overlap": false, "tribal_area_name": null, "aian_pct": 0.0, "has_nmtc": true, "nmtc_projects": 3, "nmtc_total_usd": 15775000.0 }, "geometry": { "type": "Polygon", "coordinates": [ [ [ -94.649383, 39.119699 ], [ -94.645461, 39.119877 ], [ -94.643101, 39.118793 ], [ -94.642361, 39.118538 ], [ -94.63512, 39.118548 ], [ -94.6268, 39.118548 ], [ -94.621401, 39.118543 ], [ -94.617547, 39.118514 ], [ -94.616087, 39.118563 ], [ -94.616028, 39.114915 ], [ -94.616342, 39.113988 ], [ -94.618771, 39.115369 ], [ -94.618708, 39.113647 ], [ -94.626792, 39.113626 ], [ -94.635118, 39.113637 ], [ -94.635103, 39.112688 ], [ -94.63547, 39.109853 ], [ -94.63547, 39.109819 ], [ -94.640084, 39.109835 ], [ -94.640728, 39.109868 ], [ -94.643567, 39.109881 ], [ -94.64357, 39.109543 ], [ -94.649336, 39.109559 ], [ -94.649321, 39.111737 ], [ -94.649306, 39.11457 ], [ -94.649408, 39.11633 ], [ -94.649383, 39.119699 ] ] ] } },
{ "type": "Feature", "properties": { "geoid": "20005081900", "county_name": "Atchison County", "place_name": null, "state_name": "Kansas", "state_abbr": "KS", "is_rural": true, "dci_score": 67.4, "dci_quintile": 4.0, "is_cra_lmi": true, "income_level": "M", "is_persistent_poverty": false, "is_tribal_overlap": false, "tribal_area_name": null, "aian_pct": 0.0, "has_nmtc": true, "nmtc_projects": 1, "nmtc_total_usd": 16125151.0 }, "geometry": { "type": "Polygon", "coordinates": [ [ [ -95.135469, 39.560913 ], [ -95.135426, 39.565265 ], [ -95.13367, 39.565258 ], [ -95.132821, 39.565229 ], [ -95.131782, 39.565236 ], [ -95.131739, 39.567393 ], [ -95.131677, 39.571992 ], [ -95.124423, 39.571955 ], [ -95.120308, 39.571934 ], [ -95.115097, 39.571906 ], [ -95.115218, 39.56504 ], [ -95.113027, 39.565045 ], [ -95.115179, 39.559627 ], [ -95.122506, 39.559591 ], [ -95.127351, 39.558615 ], [ -95.134644, 39.557109 ], [ -95.135443, 39.556973 ], [ -95.135442, 39.558882 ], [ -95.135469, 39.560913 ] ] ] } },
{ "type": "Feature", "properties": { "geoid": "20073965700", "county_name": "Greenwood County", "place_name": null, "state_name": "Kansas", "state_abbr": "KS", "is_rural": true, "dci_score": 87.5, "dci_quintile": 2.0, "is_cra_lmi": true, "income_level": "M", "is_persistent_poverty": false, "is_tribal_overlap": false, "tribal_area_name": null, "aian_pct": 0.0, "has_nmtc": false, "nmtc_projects": 0, "nmtc_total_usd": 0.0 }, "geometry": { "type": "Polygon", "coordinates": [ [ [ -96.322688, 37.838808 ], [ -96.321518, 37.839704 ], [ -96.306994, 37.839641 ], [ -96.306019, 37.839526 ], [ -96.306007, 37.8396 ], [ -96.305998, 37.86875 ], [ -96.269352, 37.868671 ], [ -96.26944, 37.825101 ], [ -96.252397, 37.825049 ], [ -96.252365, 37.817536 ], [ -96.234756, 37.817528 ], [ -96.234776, 37.799978 ], [ -96.235153, 37.798028 ], [ -96.236841, 37.793969 ], [ -96.235075, 37.790105 ], [ -96.234642, 37.788435 ], [ -96.234637, 37.785234 ], [ -96.236102, 37.78514 ], [ -96.237043, 37.784236 ], [ -96.236254, 37.781881 ], [ -96.23707, 37.779811 ], [ -96.237774, 37.779649 ], [ -96.238923, 37.780191 ], [ -96.239885, 37.782138 ], [ -96.241428, 37.783937 ], [ -96.243933, 37.788226 ], [ -96.245801, 37.789459 ], [ -96.248497, 37.789742 ], [ -96.249642, 37.789414 ], [ -96.251437, 37.790318 ], [ -96.252188, 37.793319 ], [ -96.25219, 37.793449 ], [ -96.254167, 37.794491 ], [ -96.257362, 37.794011 ], [ -96.257803, 37.792943 ], [ -96.255814, 37.790811 ], [ -96.256158, 37.789494 ], [ -96.257902, 37.789771 ], [ -96.261074, 37.791246 ], [ -96.262111, 37.792267 ], [ -96.262044, 37.794284 ], [ -96.265671, 37.795053 ], [ -96.267394, 37.794482 ], [ -96.269869, 37.79481 ], [ -96.271414, 37.795957 ], [ -96.273792, 37.796691 ], [ -96.275408, 37.798517 ], [ -96.278149, 37.799259 ], [ -96.279975, 37.801098 ], [ -96.285514, 37.800756 ], [ -96.287044, 37.802084 ], [ -96.286667, 37.805244 ], [ -96.287083, 37.806795 ], [ -96.289144, 37.807918 ], [ -96.289695, 37.809395 ], [ -96.291775, 37.810357 ], [ -96.295602, 37.813943 ], [ -96.296887, 37.814332 ], [ -96.300262, 37.816884 ], [ -96.300326, 37.816846 ], [ -96.304604, 37.819019 ], [ -96.306772, 37.81838 ], [ -96.308593, 37.818406 ], [ -96.310305, 37.819371 ], [ -96.310019, 37.821752 ], [ -96.30913, 37.82467 ], [ -96.307948, 37.825567 ], [ -96.307034, 37.827446 ], [ -96.306655, 37.829611 ], [ -96.30741, 37.831042 ], [ -96.310153, 37.832945 ], [ -96.312535, 37.83349 ], [ -96.314877, 37.832459 ], [ -96.316519, 37.830106 ], [ -96.31831, 37.830168 ], [ -96.319892, 37.831004 ], [ -96.320182, 37.83233 ], [ -96.318319, 37.833456 ], [ -96.318076, 37.834505 ], [ -96.319104, 37.835573 ], [ -96.323433, 37.836964 ], [ -96.322688, 37.838808 ] ] ] } },
{ "type": "Feature", "properties": { "geoid": "20161000201", "county_name": "Riley County", "place_name": "Topeka", "state_name": "Kansas", "state_abbr": "KS", "is_rural": false, "dci_score": 54.5, "dci_quintile": 4.0, "is_cra_lmi": true, "income_level": "M", "is_persistent_poverty": false, "is_tribal_overlap": false, "tribal_area_name": null, "aian_pct": 0.0, "has_nmtc": false, "nmtc_projects": 0, "nmtc_total_usd": 0.0 }, "geometry": { "type": "Polygon", "coordinates": [ [ [ -96.62285, 39.247102 ], [ -96.609457, 39.247285 ], [ -96.605359, 39.247476 ], [ -96.605506, 39.250005 ], [ -96.605005, 39.251908 ], [ -96.60331, 39.253012 ], [ -96.598605, 39.254659 ], [ -96.594418, 39.256018 ], [ -96.594841, 39.25466 ], [ -96.595161, 39.252385 ], [ -96.591002, 39.249619 ], [ -96.584827, 39.249518 ], [ -96.582245, 39.248998 ], [ -96.578006, 39.248797 ], [ -96.576249, 39.249547 ], [ -96.575828, 39.251728 ], [ -96.576881, 39.25278 ], [ -96.580152, 39.253565 ], [ -96.580828, 39.254394 ], [ -96.579678, 39.256148 ], [ -96.578104, 39.256108 ], [ -96.572978, 39.252464 ], [ -96.570993, 39.25016 ], [ -96.570763, 39.246796 ], [ -96.572909, 39.244394 ], [ -96.574813, 39.24383 ], [ -96.577544, 39.244544 ], [ -96.580722, 39.245885 ], [ -96.58412, 39.243937 ], [ -96.586469, 39.243751 ], [ -96.588249, 39.242573 ], [ -96.587914, 39.240297 ], [ -96.586946, 39.238422 ], [ -96.583998, 39.237049 ], [ -96.583425, 39.235233 ], [ -96.581723, 39.234212 ], [ -96.579897, 39.234341 ], [ -96.578028, 39.23632 ], [ -96.576137, 39.237316 ], [ -96.571281, 39.23763 ], [ -96.568624, 39.238248 ], [ -96.563003, 39.241038 ], [ -96.561899, 39.241128 ], [ -96.559883, 39.239126 ], [ -96.558076, 39.236011 ], [ -96.557004, 39.233089 ], [ -96.554389, 39.228608 ], [ -96.551336, 39.222452 ], [ -96.550374, 39.219094 ], [ -96.549911, 39.215717 ], [ -96.556011, 39.215648 ], [ -96.5576, 39.215429 ], [ -96.557665, 39.21852 ], [ -96.567003, 39.218653 ], [ -96.574402, 39.218668 ], [ -96.576114, 39.218675 ], [ -96.578533, 39.219116 ], [ -96.578946, 39.219076 ], [ -96.578604, 39.218436 ], [ -96.57892, 39.218606 ], [ -96.598116, 39.218543 ], [ -96.607347, 39.218493 ], [ -96.615953, 39.218478 ], [ -96.616921, 39.218851 ], [ -96.617603, 39.220003 ], [ -96.61778, 39.221725 ], [ -96.618523, 39.221809 ], [ -96.618516, 39.227485 ], [ -96.61926, 39.230444 ], [ -96.62144, 39.233869 ], [ -96.622526, 39.236649 ], [ -96.623038, 39.24216 ], [ -96.62285, 39.247102 ] ] ] } },
{ "type": "Feature", "properties": { "geoid": "20091052005", "county_name": "Johnson County", "place_name": "Manhattan", "state_name": "Kansas", "state_abbr": "KS", "is_rural": false, "dci_score": 34.2, "dci_quintile": 5.0, "is_cra_lmi": true, "income_level": "M", "is_persistent_poverty": false, "is_tribal_overlap": false, "tribal_area_name": null, "aian_pct": 0.0, "has_nmtc": false, "nmtc_projects": 0, "nmtc_total_usd": 0.0 }, "geometry": { "type": "Polygon", "coordinates": [ [ [ -94.723861, 39.014756 ], [ -94.714579, 39.01477 ], [ -94.714518, 39.007455 ], [ -94.714492, 39.003817 ], [ -94.714488, 39.002187 ], [ -94.714484, 39.001088 ], [ -94.714471, 38.999682 ], [ -94.714443, 38.992901 ], [ -94.720097, 38.992855 ], [ -94.723705, 38.992814 ], [ -94.723767, 39.000114 ], [ -94.723784, 39.002023 ], [ -94.723815, 39.007395 ], [ -94.723861, 39.014756 ] ] ] } },
{ "type": "Feature", "properties": { "geoid": "20173008900", "county_name": "Sedgwick County", "place_name": "Kansas City", "state_name": "Kansas", "state_abbr": "KS", "is_rural": false, "dci_score": 39.2, "dci_quintile": 5.0, "is_cra_lmi": true, "income_level": "M", "is_persistent_poverty": false, "is_tribal_overlap": false, "tribal_area_name": null, "aian_pct": 0.0, "has_nmtc": false, "nmtc_projects": 0, "nmtc_total_usd": 0.0 }, "geometry": { "type": "Polygon", "coordinates": [ [ [ -97.414274, 37.694527 ], [ -97.404912, 37.694614 ], [ -97.404687, 37.694618 ], [ -97.395979, 37.694728 ], [ -97.389486, 37.694776 ], [ -97.389384, 37.68754 ], [ -97.389381, 37.683907 ], [ -97.389378, 37.676652 ], [ -97.389331, 37.67365 ], [ -97.401545, 37.673279 ], [ -97.402054, 37.676168 ], [ -97.404934, 37.680111 ], [ -97.406363, 37.680045 ], [ -97.41342, 37.688338 ], [ -97.415844, 37.694589 ], [ -97.414274, 37.694527 ] ] ] } },
{ "type": "Feature", "properties": { "geoid": "20173005600", "county_name": "Sedgwick County", "place_name": "Wichita", "state_name": "Kansas", "state_abbr": "KS", "is_rural": false, "dci_score": 85.8, "dci_quintile": 2.0, "is_cra_lmi": true, "income_level": "M", "is_persistent_poverty": false, "is_tribal_overlap": false, "tribal_area_name": null, "aian_pct": 0.0, "has_nmtc": false, "nmtc_projects": 0, "nmtc_total_usd": 0.0 }, "geometry": { "type": "Polygon", "coordinates": [ [ [ -97.352275, 37.579054 ], [ -97.352262, 37.593474 ], [ -97.34391, 37.593502 ], [ -97.334091, 37.593535 ], [ -97.326753, 37.593584 ], [ -97.324196, 37.593601 ], [ -97.324269, 37.599574 ], [ -97.322842, 37.601758 ], [ -97.320729, 37.603063 ], [ -97.315834, 37.604001 ], [ -97.313328, 37.604954 ], [ -97.310942, 37.60801 ], [ -97.309564, 37.607885 ], [ -97.308329, 37.607588 ], [ -97.306615, 37.607057 ], [ -97.3076, 37.602832 ], [ -97.307384, 37.601734 ], [ -97.303064, 37.59057 ], [ -97.302809, 37.586372 ], [ -97.30301, 37.583872 ], [ -97.304243, 37.580278 ], [ -97.304413, 37.579062 ], [ -97.303651, 37.576969 ], [ -97.293895, 37.571039 ], [ -97.288129, 37.569302 ], [ -97.287121, 37.568009 ], [ -97.288037, 37.564451 ], [ -97.289619, 37.56446 ], [ -97.289607, 37.564587 ], [ -97.290994, 37.564444 ], [ -97.304017, 37.564383 ], [ -97.310623, 37.564398 ], [ -97.317443, 37.564379 ], [ -97.325897, 37.564394 ], [ -97.325917, 37.571123 ], [ -97.325929, 37.573481 ], [ -97.325942, 37.578837 ], [ -97.334003, 37.578958 ], [ -97.347425, 37.578935 ], [ -97.352275, 37.578911 ], [ -97.352275, 37.579054 ] ] ] } },
{ "type": "Feature", "properties": { "geoid": "20037957100", "county_name": "Crawford County", "place_name": "Overland Park", "state_name": "Kansas", "state_abbr": "KS", "is_rural": true, "dci_score": 72.6, "dci_quintile": 3.0, "is_cra_lmi": true, "income_level": "M", "is_persistent_poverty": false, "is_tribal_overlap": false, "tribal_area_name": null, "aian_pct": 0.0, "has_nmtc": false, "nmtc_projects": 0, "nmtc_total_usd": 0.0 }, "geometry": { "type": "Polygon", "coordinates": [ [ [ -94.704994, 37.440432 ], [ -94.70135, 37.440428 ], [ -94.700246, 37.440427 ], [ -94.690208, 37.44031 ], [ -94.688016, 37.441392 ], [ -94.685903, 37.444285 ], [ -94.685267, 37.443192 ], [ -94.685635, 37.442492 ], [ -94.686552, 37.440323 ], [ -94.686477, 37.440326 ], [ -94.693114, 37.424941 ], [ -94.695871, 37.418569 ], [ -94.696628, 37.418161 ], [ -94.700354, 37.418184 ], [ -94.704837, 37.418111 ], [ -94.704862, 37.42508 ], [ -94.704994, 37.440432 ] ] ] } },
{ "type": "Feature", "properties": { "geoid": "20177001300", "county_name": "Shawnee County", "place_name": null, "state_name": "Kansas", "state_abbr": "KS", "is_rural": false, "dci_score": 67.5, "dci_quintile": 4.0, "is_cra_lmi": true, "income_level": "M", "is_persistent_poverty": false, "is_tribal_overlap": false, "tribal_area_name": null, "aian_pct": 0.0, "has_nmtc": false, "nmtc_projects": 0, "nmtc_total_usd": 0.0 }, "geometry": { "type": "Polygon", "coordinates": [ [ [ -95.670143, 39.020705 ], [ -95.670045, 39.026153 ], [ -95.669973, 39.029788 ], [ -95.660631, 39.029779 ], [ -95.651157, 39.029818 ], [ -95.651312, 39.026086 ], [ -95.651489, 39.020707 ], [ -95.651652, 39.015132 ], [ -95.660935, 39.015208 ], [ -95.661814, 39.015275 ], [ -95.670221, 39.015192 ], [ -95.670143, 39.020705 ] ] ] } },
{ "type": "Feature", "properties": { "geoid": "20209042001", "county_name": "Wyandotte County", "place_name": null, "state_name": "Kansas", "state_abbr": "KS", "is_rural": false, "dci_score": 96.1, "dci_quintile": 1.0, "is_cra_lmi": true, "income_level": "L", "is_persistent_poverty": false, "is_tribal_overlap": false, "tribal_area_name": null, "aian_pct": 0.0, "has_nmtc": false, "nmtc_projects": 0, "nmtc_total_usd": 0.0 }, "geometry": { "type": "Polygon", "coordinates": [ [ [ -94.63547, 39.109853 ], [ -94.635103, 39.112688 ], [ -94.635118, 39.113637 ], [ -94.626792, 39.113626 ], [ -94.626776, 39.10987 ], [ -94.626772, 39.10816 ], [ -94.626776, 39.107732 ], [ -94.635463, 39.107711 ], [ -94.635464, 39.108144 ], [ -94.63547, 39.109819 ], [ -94.63547, 39.109853 ] ] ] } },
{ "type": "Feature", "properties": { "geoid": "20021958600", "county_name": "Cherokee County", "place_name": "Olathe", "state_name": "Kansas", "state_abbr": "KS", "is_rural": true, "dci_score": 81.0, "dci_quintile": 2.0, "is_cra_lmi": false, "income_level": "U", "is_persistent_poverty": false, "is_tribal_overlap": true, "tribal_area_name": "Quapaw OTSA", "aian_pct": 0.0, "has_nmtc": false, "nmtc_projects": 0, "nmtc_total_usd": 0.0 }, "geometry": { "type": "Polygon", "coordinates": [ [ [ -94.776915, 37.031019 ], [ -94.776817, 37.045929 ], [ -94.758695, 37.045788 ], [ -94.758804, 37.060519 ], [ -94.740798, 37.060925 ], [ -94.740758, 37.053594 ], [ -94.735605, 37.05358 ], [ -94.734141, 37.057556 ], [ -94.731639, 37.060841 ], [ -94.729825, 37.06264 ], [ -94.72796, 37.061872 ], [ -94.728524, 37.060855 ], [ -94.729309, 37.059555 ], [ -94.728326, 37.053562 ], [ -94.726316, 37.046648 ], [ -94.726133, 37.041222 ], [ -94.726529, 37.039944 ], [ -94.726674, 37.034135 ], [ -94.725392, 37.028715 ], [ -94.724663, 37.027294 ], [ -94.723099, 37.025549 ], [ -94.722417, 37.02508 ], [ -94.720478, 37.023682 ], [ -94.720644, 37.022932 ], [ -94.720542, 37.022327 ], [ -94.720801, 37.019553 ], [ -94.720728, 37.018057 ], [ -94.72034, 37.016416 ], [ -94.719479, 37.012744 ], [ -94.719359, 37.012232 ], [ -94.718318, 37.009485 ], [ -94.718161, 37.009143 ], [ -94.715926, 37.003909 ], [ -94.713448, 37.000828 ], [ -94.711621, 36.999446 ], [ -94.711269823060405, 36.998796734305898 ], [ -94.71277, 36.998794 ], [ -94.722419586906895, 36.998743010907702 ], [ -94.731507, 36.998694992381097 ], [ -94.737183, 36.998665 ], [ -94.739324, 36.998687 ], [ -94.740697956689601, 36.998689788987498 ], [ -94.744987081231898, 36.998698495459202 ], [ -94.749680625539298, 36.998708022860498 ], [ -94.777042300462199, 36.998763564182497 ], [ -94.776915, 37.031019 ] ] ] } },
{ "type": "Feature", "properties": { "geoid": "20045000902", "county_name": "Douglas County", "place_name": null, "state_name": "Kansas", "state_abbr": "KS", "is_rural": false, "dci_score": 40.7, "dci_quintile": 5.0, "is_cra_lmi": false, "income_level": "U", "is_persistent_poverty": false, "is_tribal_overlap": false, "tribal_area_name": null, "aian_pct": 0.0, "has_nmtc": false, "nmtc_projects": 0, "nmtc_total_usd": 0.0 }, "geometry": { "type": "Polygon", "coordinates": [ [ [ -95.260612, 38.919951 ], [ -95.260597, 38.920849 ], [ -95.260595, 38.921188 ], [ -95.260632, 38.928142 ], [ -95.260568, 38.928143 ], [ -95.260525, 38.934412 ], [ -95.252235, 38.93439 ], [ -95.250608, 38.934429 ], [ -95.246511, 38.935542 ], [ -95.24181, 38.935559 ], [ -95.241817, 38.928283 ], [ -95.241803, 38.91195 ], [ -95.241803, 38.911905 ], [ -95.244269, 38.909609 ], [ -95.25207, 38.912174 ], [ -95.254164, 38.911031 ], [ -95.257298, 38.911868 ], [ -95.260447, 38.910966 ], [ -95.260737, 38.910985 ], [ -95.260612, 38.919951 ] ] ] } },
{ "type": "Feature", "properties": { "geoid": "20191962500", "county_name": "Sumner County", "place_name": null, "state_name": "Kansas", "state_abbr": "KS", "is_rural": true, "dci_score": 83.5, "dci_quintile": 2.0, "is_cra_lmi": false, "income_level": "U", "is_persistent_poverty": false, "is_tribal_overlap": false, "tribal_area_name": null, "aian_pct": 0.0, "has_nmtc": false, "nmtc_projects": 0, "nmtc_total_usd": 0.0 }, "geometry": { "type": "Polygon", "coordinates": [ [ [ -97.407, 37.262456 ], [ -97.404513, 37.264687 ], [ -97.402395, 37.267678 ], [ -97.402219, 37.26811 ], [ -97.402104, 37.270682 ], [ -97.396828, 37.270806 ], [ -97.394313, 37.27085 ], [ -97.39433, 37.274464 ], [ -97.394246, 37.274948 ], [ -97.394214, 37.278816 ], [ -97.394281, 37.289548 ], [ -97.394332, 37.295333 ], [ -97.39433, 37.299422 ], [ -97.393666, 37.300626 ], [ -97.389405, 37.304033 ], [ -97.385588, 37.307064 ], [ -97.384822, 37.308466 ], [ -97.384677, 37.311272 ], [ -97.384877, 37.328941 ], [ -97.384922, 37.333028 ], [ -97.367045, 37.33332 ], [ -97.349428, 37.333595 ], [ -97.331865, 37.333673 ], [ -97.337696, 37.327581 ], [ -97.33871, 37.325781 ], [ -97.339624, 37.321546 ], [ -97.339631, 37.316616 ], [ -97.340452, 37.309768 ], [ -97.340378, 37.304535 ], [ -97.340234, 37.267989 ], [ -97.338945, 37.259691 ], [ -97.338718, 37.244837 ], [ -97.339149, 37.241844 ], [ -97.339177, 37.236426 ], [ -97.338843, 37.232265 ], [ -97.366151, 37.231835 ], [ -97.365917, 37.217377 ], [ -97.402293, 37.216747 ], [ -97.402783, 37.242086 ], [ -97.40327, 37.24643 ], [ -97.403523, 37.251675 ], [ -97.40363, 37.253071 ], [ -97.403911, 37.254034 ], [ -97.40689, 37.258437 ], [ -97.407101, 37.260743 ], [ -97.407, 37.262456 ] ] ] } },
{ "type": "Feature", "properties": { "geoid": "20103070100", "county_name": "Leavenworth County", "place_name": "Wichita", "state_name": "Kansas", "state_abbr": "KS", "is_rural": true, "dci_score": 76.4, "dci_quintile": 3.0, "is_cra_lmi": true, "income_level": "L", "is_persistent_poverty": false, "is_tribal_overlap": false, "tribal_area_name": null, "aian_pct": 0.0, "has_nmtc": true, "nmtc_projects": 1, "nmtc_total_usd": 12125000.0 }, "geometry": { "type": "Polygon", "coordinates": [ [ [ -94.921561, 39.318992 ], [ -94.918808, 39.319335 ], [ -94.920765, 39.328368 ], [ -94.915987, 39.328616 ], [ -94.908698072809699, 39.329726343307797 ], [ -94.908216615631403, 39.325115119898399 ], [ -94.908065, 39.323663 ], [ -94.905983679819101, 39.314754249766501 ], [ -94.907488, 39.314503 ], [ -94.90757, 39.314843 ], [ -94.911603, 39.315454 ], [ -94.912885, 39.313988 ], [ -94.915985, 39.313566 ], [ -94.917767, 39.314385 ], [ -94.918268, 39.316683 ], [ -94.921001, 39.316343 ], [ -94.921376, 39.318117 ], [ -94.921561, 39.318992 ] ] ] } },
{ "type": "Feature", "properties": { "geoid": "20209040100", "county_name": "Wyandotte County", "place_name": null, "state_name": "Kansas", "state_abbr": "KS", "is_rural": false, "dci_score": 80.2, "dci_quintile": 3.0, "is_cra_lmi": true, "income_level": "M", "is_persistent_poverty": false, "is_tribal_overlap": false, "tribal_area_name": null, "aian_pct": 0.0, "has_nmtc": false, "nmtc_projects": 0, "nmtc_total_usd": 0.0 }, "geometry": { "type": "Polygon", "coordinates": [ [ [ -94.675186, 39.139145 ], [ -94.670762, 39.142973 ], [ -94.667847, 39.145617 ], [ -94.666421, 39.146331 ], [ -94.663691, 39.146839 ], [ -94.657346, 39.146639 ], [ -94.656725, 39.146445 ], [ -94.651152, 39.143578 ], [ -94.651244, 39.138738 ], [ -94.651392, 39.134022 ], [ -94.650154, 39.132575 ], [ -94.650207, 39.130693 ], [ -94.655263, 39.135232 ], [ -94.658077, 39.136483 ], [ -94.658162, 39.135688 ], [ -94.659323, 39.135692 ], [ -94.659301, 39.136483 ], [ -94.665088, 39.136927 ], [ -94.665107, 39.135181 ], [ -94.668698, 39.135679 ], [ -94.675904, 39.135726 ], [ -94.675186, 39.139145 ] ] ] } },
{ "type": "Feature", "properties": { "geoid": "20161000303", "county_name": "Riley County", "place_name": null, "state_name": "Kansas", "state_abbr": "KS", "is_rural": false, "dci_score": 55.2, "dci_quintile": 4.0, "is_cra_lmi": false, "income_level": "NA", "is_persistent_poverty": false, "is_tribal_overlap": false, "tribal_area_name": null, "aian_pct": 0.0, "has_nmtc": false, "nmtc_projects": 0, "nmtc_total_usd": 0.0 }, "geometry": { "type": "Polygon", "coordinates": [ [ [ -96.595927, 39.192973 ], [ -96.595192, 39.192978 ], [ -96.595244, 39.194531 ], [ -96.595256, 39.196636 ], [ -96.593088, 39.196687 ], [ -96.59203, 39.196856 ], [ -96.585477, 39.196966 ], [ -96.585467, 39.194403 ], [ -96.585455, 39.191049 ], [ -96.591695, 39.191233 ], [ -96.595765, 39.19112 ], [ -96.595927, 39.192973 ] ] ] } },
{ "type": "Feature", "properties": { "geoid": "20209044702", "county_name": "Wyandotte County", "place_name": null, "state_name": "Kansas", "state_abbr": "KS", "is_rural": false, "dci_score": 78.6, "dci_quintile": 3.0, "is_cra_lmi": false, "income_level": "U", "is_persistent_poverty": false, "is_tribal_overlap": false, "tribal_area_name": null, "aian_pct": 0.0, "has_nmtc": false, "nmtc_projects": 0, "nmtc_total_usd": 0.0 }, "geometry": { "type": "Polygon", "coordinates": [ [ [ -94.853619, 39.104131 ], [ -94.847707, 39.105281 ], [ -94.835066, 39.105943 ], [ -94.816179, 39.106604 ], [ -94.811048, 39.106494 ], [ -94.810971, 39.105377 ], [ -94.807062, 39.10538 ], [ -94.797716, 39.104954 ], [ -94.797711, 39.101838 ], [ -94.797718, 39.100576 ], [ -94.797639, 39.087348 ], [ -94.797549, 39.061828 ], [ -94.788204, 39.062928 ], [ -94.788199, 39.062422 ], [ -94.788372, 39.045861 ], [ -94.789784, 39.045579 ], [ -94.789611, 39.043599 ], [ -94.791527, 39.043575 ], [ -94.800928, 39.043514 ], [ -94.803326, 39.04352 ], [ -94.80702, 39.045191 ], [ -94.81607, 39.048541 ], [ -94.820485, 39.050228 ], [ -94.821708, 39.051037 ], [ -94.82934, 39.055436 ], [ -94.834141, 39.057812 ], [ -94.839282, 39.059946 ], [ -94.842483, 39.060918 ], [ -94.845257, 39.061342 ], [ -94.848718, 39.061323 ], [ -94.84907, 39.061313 ], [ -94.849067, 39.063811 ], [ -94.845795, 39.063558 ], [ -94.845773, 39.064888 ], [ -94.846124, 39.065178 ], [ -94.83894, 39.065387 ], [ -94.838929, 39.063838 ], [ -94.837243, 39.063817 ], [ -94.837259, 39.065386 ], [ -94.834964, 39.065377 ], [ -94.834947, 39.079865 ], [ -94.844288, 39.079859 ], [ -94.844312, 39.094377 ], [ -94.834996, 39.094394 ], [ -94.835047, 39.101653 ], [ -94.853597, 39.101632 ], [ -94.853615, 39.103752 ], [ -94.853619, 39.104131 ] ] ] } },
{ "type": "Feature", "properties": { "geoid": "20015020400", "county_name": "Butler County", "place_name": null, "state_name": "Kansas", "state_abbr": "KS", "is_rural": true, "dci_score": 88.6, "dci_quintile": 2.0, "is_cra_lmi": true, "income_level": "M", "is_persistent_poverty": false, "is_tribal_overlap": false, "tribal_area_name": null, "aian_pct": 0.0, "has_nmtc": false, "nmtc_projects": 0, "nmtc_total_usd": 0.0 }, "geometry": { "type": "Polygon", "coordinates": [ [ [ -96.862104, 37.806523 ], [ -96.860955, 37.806521 ], [ -96.860945, 37.810143 ], [ -96.860912, 37.814638 ], [ -96.860927, 37.817414 ], [ -96.860941, 37.821088 ], [ -96.851154, 37.821072 ], [ -96.849758, 37.824806 ], [ -96.849163, 37.826688 ], [ -96.844027, 37.824467 ], [ -96.844087, 37.823229 ], [ -96.842973, 37.820451 ], [ -96.840439, 37.817261 ], [ -96.840745, 37.815925 ], [ -96.841089, 37.814877 ], [ -96.842037, 37.813555 ], [ -96.843048, 37.812717 ], [ -96.843849, 37.812259 ], [ -96.845349, 37.811647 ], [ -96.849787, 37.810076 ], [ -96.853091, 37.808664 ], [ -96.862046, 37.80005 ], [ -96.862057, 37.801796 ], [ -96.862102, 37.802996 ], [ -96.862104, 37.806523 ] ] ] } },
{ "type": "Feature", "properties": { "geoid": "20099950700", "county_name": "Labette County", "place_name": null, "state_name": "Kansas", "state_abbr": "KS", "is_rural": true, "dci_score": 86.7, "dci_quintile": 2.0, "is_cra_lmi": true, "income_level": "M", "is_persistent_poverty": false, "is_tribal_overlap": false, "tribal_area_name": null, "aian_pct": 0.0, "has_nmtc": false, "nmtc_projects": 0, "nmtc_total_usd": 0.0 }, "geometry": { "type": "Polygon", "coordinates": [ [ [ -95.140111, 37.193489 ], [ -95.121824, 37.193576 ], [ -95.122202, 37.20812 ], [ -95.122211, 37.238272 ], [ -95.11274, 37.235094 ], [ -95.110974, 37.235234 ], [ -95.093627, 37.238643 ], [ -95.085724, 37.240154 ], [ -95.085711, 37.230142 ], [ -95.074208, 37.230215 ], [ -95.074199, 37.222734 ], [ -95.074168, 37.208273 ], [ -95.073899, 37.206076 ], [ -95.074172, 37.204993 ], [ -95.074151, 37.146042 ], [ -95.074277, 37.135033 ], [ -95.074159, 37.12051 ], [ -95.073948, 37.105856 ], [ -95.086556, 37.106211 ], [ -95.103412, 37.106083 ], [ -95.139636, 37.10614 ], [ -95.139574, 37.120894 ], [ -95.139803, 37.149792 ], [ -95.140097, 37.192778 ], [ -95.140111, 37.193489 ] ] ] } }
]
}
