{
"type": "FeatureCollection",
"name": "26",
"crs": { "type": "name", "properties": { "name": "urn:ogc:def:crs:OGC:1.3:CRS84" } },
"features": [
{ "type": "Feature", "properties": { "geoid": "26091061302", "county_name": "Lenawee County", "place_name": null, "state_name": "Michigan", "state_abbr": "MI", "is_rural": true, "dci_score": 83.7, "dci_quintile": 2.0, "is_cra_lmi": true, "income_level": "M", "is_persistent_poverty": false, "is_tribal_overlap": false, "tribal_area_name": null, "aian_pct": 0.0, "has_nmtc": false, "nmtc_projects": 0, "nmtc_total_usd": 0.0 }, "geometry": { "type": "Polygon", "coordinates": [ [ [ -84.043116, 41.890035 ], [ -84.041699, 41.892269 ], [ -84.039474, 41.895858 ], [ -84.037403, 41.897547 ], [ -84.035644, 41.900309 ], [ -84.034517, 41.902141 ], [ -84.033418, 41.903887 ], [ -84.026439, 41.901479 ], [ -84.027529, 41.899741 ], [ -84.028602, 41.897946 ], [ -84.026848, 41.897927 ], [ -84.026791, 41.896119 ], [ -84.02925, 41.896101 ], [ -84.029218, 41.893937 ], [ -84.029181, 41.89307 ], [ -84.024819, 41.892639 ], [ -84.021892, 41.889732 ], [ -84.031392, 41.889604 ], [ -84.042343, 41.88945 ], [ -84.043356, 41.889438 ], [ -84.043116, 41.890035 ] ] ] } },
{ "type": "Feature", "properties": { "geoid": "26125193500", "county_name": "Oakland County", "place_name": "Adrian", "state_name": "Michigan", "state_abbr": "MI", "is_rural": false, "dci_score": 16.6, "dci_quintile": 5.0, "is_cra_lmi": false, "income_level": "U", "is_persistent_poverty": false, "is_tribal_overlap": false, "tribal_area_name": null, "aian_pct": 0.0, "has_nmtc": false, "nmtc_projects": 0, "nmtc_total_usd": 0.0 }, "geometry": { "type": "Polygon", "coordinates": [ [ [ -83.113453, 42.682113 ], [ -83.106193, 42.681704 ], [ -83.102206, 42.680106 ], [ -83.096701, 42.674735 ], [ -83.094345, 42.674683 ], [ -83.093791, 42.674745 ], [ -83.093962, 42.673709 ], [ -83.093706, 42.67361 ], [ -83.093492, 42.671311 ], [ -83.093458, 42.66782 ], [ -83.09314, 42.660336 ], [ -83.092833, 42.653335 ], [ -83.112475, 42.652955 ], [ -83.113066, 42.666716 ], [ -83.11327, 42.671093 ], [ -83.113444, 42.675317 ], [ -83.113453, 42.682113 ] ] ] } },
{ "type": "Feature", "properties": { "geoid": "26125141300", "county_name": "Oakland County", "place_name": null, "state_name": "Michigan", "state_abbr": "MI", "is_rural": false, "dci_score": 83.2, "dci_quintile": 2.0, "is_cra_lmi": true, "income_level": "L", "is_persistent_poverty": false, "is_tribal_overlap": false, "tribal_area_name": null, "aian_pct": 0.0, "has_nmtc": false, "nmtc_projects": 0, "nmtc_total_usd": 0.0 }, "geometry": { "type": "Polygon", "coordinates": [ [ [ -83.310388, 42.675874 ], [ -83.300659, 42.675817 ], [ -83.296815, 42.675767 ], [ -83.295589, 42.67489 ], [ -83.295108, 42.664867 ], [ -83.300207, 42.664751 ], [ -83.299982, 42.66078 ], [ -83.305613, 42.662969 ], [ -83.308446, 42.663642 ], [ -83.310053, 42.663901 ], [ -83.310364, 42.670157 ], [ -83.31055, 42.674988 ], [ -83.310388, 42.675874 ] ] ] } },
{ "type": "Feature", "properties": { "geoid": "26163541500", "county_name": "Wayne County", "place_name": null, "state_name": "Michigan", "state_abbr": "MI", "is_rural": false, "dci_score": 95.8, "dci_quintile": 1.0, "is_cra_lmi": true, "income_level": "M", "is_persistent_poverty": false, "is_tribal_overlap": false, "tribal_area_name": null, "aian_pct": 0.0, "has_nmtc": false, "nmtc_projects": 0, "nmtc_total_usd": 0.0 }, "geometry": { "type": "Polygon", "coordinates": [ [ [ -83.268509, 42.443156 ], [ -83.258867, 42.443403 ], [ -83.258572, 42.436355 ], [ -83.258292, 42.42912 ], [ -83.267857, 42.42917 ], [ -83.268156, 42.436251 ], [ -83.26847, 42.442995 ], [ -83.268509, 42.443156 ] ] ] } },
{ "type": "Feature", "properties": { "geoid": "26163540600", "county_name": "Wayne County", "place_name": null, "state_name": "Michigan", "state_abbr": "MI", "is_rural": false, "dci_score": 95.8, "dci_quintile": 1.0, "is_cra_lmi": false, "income_level": "U", "is_persistent_poverty": false, "is_tribal_overlap": false, "tribal_area_name": null, "aian_pct": 0.0, "has_nmtc": false, "nmtc_projects": 0, "nmtc_total_usd": 0.0 }, "geometry": { "type": "Polygon", "coordinates": [ [ [ -83.238866, 42.429572 ], [ -83.229786, 42.429823 ], [ -83.22966, 42.42666 ], [ -83.229449, 42.422569 ], [ -83.229214, 42.415347 ], [ -83.238206, 42.415183 ], [ -83.238388, 42.419264 ], [ -83.238526, 42.422367 ], [ -83.238866, 42.429572 ] ] ] } },
{ "type": "Feature", "properties": { "geoid": "26163573600", "county_name": "Wayne County", "place_name": null, "state_name": "Michigan", "state_abbr": "MI", "is_rural": false, "dci_score": 95.5, "dci_quintile": 1.0, "is_cra_lmi": true, "income_level": "L", "is_persistent_poverty": false, "is_tribal_overlap": false, "tribal_area_name": null, "aian_pct": 0.0, "has_nmtc": false, "nmtc_projects": 0, "nmtc_total_usd": 0.0 }, "geometry": { "type": "Polygon", "coordinates": [ [ [ -83.167393, 42.351499 ], [ -83.157525, 42.351716 ], [ -83.152635, 42.351816 ], [ -83.149623, 42.351877 ], [ -83.147736, 42.351916 ], [ -83.147545, 42.349918 ], [ -83.148431, 42.344688 ], [ -83.149788, 42.340295 ], [ -83.150901, 42.338869 ], [ -83.15385, 42.337382 ], [ -83.156981, 42.336961 ], [ -83.156737, 42.329925 ], [ -83.166456, 42.329686 ], [ -83.166683, 42.335138 ], [ -83.166838, 42.33873 ], [ -83.167074, 42.344226 ], [ -83.167393, 42.351499 ] ] ] } },
{ "type": "Feature", "properties": { "geoid": "26163577900", "county_name": "Wayne County", "place_name": null, "state_name": "Michigan", "state_abbr": "MI", "is_rural": false, "dci_score": 86.1, "dci_quintile": 2.0, "is_cra_lmi": true, "income_level": "M", "is_persistent_poverty": false, "is_tribal_overlap": false, "tribal_area_name": null, "aian_pct": 0.0, "has_nmtc": false, "nmtc_projects": 0, "nmtc_total_usd": 0.0 }, "geometry": { "type": "Polygon", "coordinates": [ [ [ -83.200635, 42.228231 ], [ -83.194516, 42.22848 ], [ -83.181086, 42.228869 ], [ -83.181483, 42.225337 ], [ -83.181464, 42.223071 ], [ -83.181011, 42.222903 ], [ -83.180942, 42.221081 ], [ -83.188401, 42.221085 ], [ -83.194093, 42.221034 ], [ -83.200389, 42.220851 ], [ -83.200474, 42.223354 ], [ -83.200635, 42.228231 ] ] ] } },
{ "type": "Feature", "properties": { "geoid": "26163538700", "county_name": "Wayne County", "place_name": null, "state_name": "Michigan", "state_abbr": "MI", "is_rural": false, "dci_score": 86.3, "dci_quintile": 2.0, "is_cra_lmi": true, "income_level": "M", "is_persistent_poverty": false, "is_tribal_overlap": false, "tribal_area_name": null, "aian_pct": 0.0, "has_nmtc": false, "nmtc_projects": 0, "nmtc_total_usd": 0.0 }, "geometry": { "type": "Polygon", "coordinates": [ [ [ -83.170698, 42.431249 ], [ -83.160984, 42.431347 ], [ -83.160719, 42.424176 ], [ -83.160324, 42.416932 ], [ -83.170129, 42.416656 ], [ -83.170438, 42.423993 ], [ -83.170698, 42.431249 ] ] ] } },
{ "type": "Feature", "properties": { "geoid": "26163506900", "county_name": "Wayne County", "place_name": null, "state_name": "Michigan", "state_abbr": "MI", "is_rural": false, "dci_score": 99.6, "dci_quintile": 1.0, "is_cra_lmi": true, "income_level": "M", "is_persistent_poverty": false, "is_tribal_overlap": false, "tribal_area_name": null, "aian_pct": 0.0, "has_nmtc": false, "nmtc_projects": 0, "nmtc_total_usd": 0.0 }, "geometry": { "type": "Polygon", "coordinates": [ [ [ -83.078812, 42.440067 ], [ -83.070639, 42.440207 ], [ -83.063555, 42.440328 ], [ -83.061363, 42.440371 ], [ -83.058167, 42.440436 ], [ -83.057885, 42.435811 ], [ -83.057721, 42.433248 ], [ -83.063117, 42.433129 ], [ -83.070214, 42.432973 ], [ -83.073673, 42.432929 ], [ -83.078812, 42.440067 ] ] ] } },
{ "type": "Feature", "properties": { "geoid": "26163536900", "county_name": "Wayne County", "place_name": null, "state_name": "Michigan", "state_abbr": "MI", "is_rural": false, "dci_score": 92.6, "dci_quintile": 1.0, "is_cra_lmi": true, "income_level": "M", "is_persistent_poverty": false, "is_tribal_overlap": false, "tribal_area_name": null, "aian_pct": 0.0, "has_nmtc": false, "nmtc_projects": 0, "nmtc_total_usd": 0.0 }, "geometry": { "type": "Polygon", "coordinates": [ [ [ -83.185175, 42.416525 ], [ -83.184685, 42.416532 ], [ -83.179806, 42.41659 ], [ -83.172252, 42.41664 ], [ -83.172061, 42.416641 ], [ -83.170004, 42.414418 ], [ -83.169768, 42.409535 ], [ -83.179466, 42.409361 ], [ -83.184846, 42.409195 ], [ -83.185175, 42.416525 ] ] ] } },
{ "type": "Feature", "properties": { "geoid": "26163504100", "county_name": "Wayne County", "place_name": null, "state_name": "Michigan", "state_abbr": "MI", "is_rural": false, "dci_score": 95.4, "dci_quintile": 1.0, "is_cra_lmi": true, "income_level": "L", "is_persistent_poverty": false, "is_tribal_overlap": false, "tribal_area_name": null, "aian_pct": 0.0, "has_nmtc": false, "nmtc_projects": 0, "nmtc_total_usd": 0.0 }, "geometry": { "type": "Polygon", "coordinates": [ [ [ -82.974821, 42.420658 ], [ -82.967527, 42.420747 ], [ -82.963458, 42.420815 ], [ -82.964954, 42.418842 ], [ -82.964859, 42.416666 ], [ -82.964776, 42.414802 ], [ -82.964589, 42.404663 ], [ -82.971097, 42.414994 ], [ -82.972228, 42.416761 ], [ -82.974414, 42.42011 ], [ -82.974821, 42.420658 ] ] ] } },
{ "type": "Feature", "properties": { "geoid": "26163569800", "county_name": "Wayne County", "place_name": null, "state_name": "Michigan", "state_abbr": "MI", "is_rural": false, "dci_score": 51.9, "dci_quintile": 5.0, "is_cra_lmi": true, "income_level": "M", "is_persistent_poverty": false, "is_tribal_overlap": false, "tribal_area_name": null, "aian_pct": 0.0, "has_nmtc": false, "nmtc_projects": 0, "nmtc_total_usd": 0.0 }, "geometry": { "type": "Polygon", "coordinates": [ [ [ -83.330932, 42.325601 ], [ -83.321326, 42.325884 ], [ -83.311496, 42.326188 ], [ -83.311164, 42.318902 ], [ -83.311088, 42.317113 ], [ -83.321029, 42.316879 ], [ -83.330687, 42.316642 ], [ -83.330736, 42.31839 ], [ -83.330932, 42.325601 ] ] ] } },
{ "type": "Feature", "properties": { "geoid": "26163572100", "county_name": "Wayne County", "place_name": null, "state_name": "Michigan", "state_abbr": "MI", "is_rural": false, "dci_score": 65.9, "dci_quintile": 4.0, "is_cra_lmi": true, "income_level": "M", "is_persistent_poverty": false, "is_tribal_overlap": false, "tribal_area_name": null, "aian_pct": 0.0, "has_nmtc": false, "nmtc_projects": 0, "nmtc_total_usd": 0.0 }, "geometry": { "type": "Polygon", "coordinates": [ [ [ -83.292776, 42.341028 ], [ -83.282917, 42.341217 ], [ -83.273582, 42.341408 ], [ -83.273124, 42.341416 ], [ -83.272959, 42.337836 ], [ -83.272786, 42.33422 ], [ -83.2724, 42.327061 ], [ -83.282209, 42.32679 ], [ -83.287102, 42.326688 ], [ -83.291997, 42.326585 ], [ -83.292426, 42.333772 ], [ -83.292776, 42.341028 ] ] ] } },
{ "type": "Feature", "properties": { "geoid": "26163535100", "county_name": "Wayne County", "place_name": null, "state_name": "Michigan", "state_abbr": "MI", "is_rural": false, "dci_score": 96.0, "dci_quintile": 1.0, "is_cra_lmi": true, "income_level": "L", "is_persistent_poverty": false, "is_tribal_overlap": false, "tribal_area_name": null, "aian_pct": 0.0, "has_nmtc": false, "nmtc_projects": 0, "nmtc_total_usd": 0.0 }, "geometry": { "type": "Polygon", "coordinates": [ [ [ -83.182973, 42.372935 ], [ -83.17677, 42.373058 ], [ -83.173073, 42.373125 ], [ -83.168155, 42.37323 ], [ -83.168085, 42.371041 ], [ -83.167928, 42.365998 ], [ -83.172814, 42.365896 ], [ -83.1765, 42.365817 ], [ -83.177724, 42.365793 ], [ -83.182474, 42.365688 ], [ -83.182973, 42.372935 ] ] ] } },
{ "type": "Feature", "properties": { "geoid": "26163500900", "county_name": "Wayne County", "place_name": "Rochester Hills", "state_name": "Michigan", "state_abbr": "MI", "is_rural": false, "dci_score": 97.9, "dci_quintile": 1.0, "is_cra_lmi": true, "income_level": "L", "is_persistent_poverty": false, "is_tribal_overlap": false, "tribal_area_name": null, "aian_pct": 0.0, "has_nmtc": false, "nmtc_projects": 0, "nmtc_total_usd": 0.0 }, "geometry": { "type": "Polygon", "coordinates": [ [ [ -82.958859, 42.426931 ], [ -82.957252, 42.429101 ], [ -82.953137, 42.427405 ], [ -82.948908, 42.425676 ], [ -82.945751, 42.424385 ], [ -82.942786, 42.423174 ], [ -82.938741, 42.421523 ], [ -82.933594, 42.419344 ], [ -82.934355, 42.418834 ], [ -82.937228, 42.417333 ], [ -82.939229, 42.416057 ], [ -82.949022, 42.420032 ], [ -82.960496, 42.424759 ], [ -82.958859, 42.426931 ] ] ] } },
{ "type": "Feature", "properties": { "geoid": "26163577100", "county_name": "Wayne County", "place_name": null, "state_name": "Michigan", "state_abbr": "MI", "is_rural": false, "dci_score": 86.1, "dci_quintile": 2.0, "is_cra_lmi": true, "income_level": "M", "is_persistent_poverty": false, "is_tribal_overlap": false, "tribal_area_name": null, "aian_pct": 0.0, "has_nmtc": false, "nmtc_projects": 0, "nmtc_total_usd": 0.0 }, "geometry": { "type": "Polygon", "coordinates": [ [ [ -83.179541, 42.259306 ], [ -83.176382, 42.262651 ], [ -83.171271, 42.264836 ], [ -83.169907, 42.264577 ], [ -83.168519, 42.264187 ], [ -83.167264, 42.262281 ], [ -83.172445, 42.256055 ], [ -83.177297, 42.250117 ], [ -83.185235, 42.252466 ], [ -83.179541, 42.259306 ] ] ] } },
{ "type": "Feature", "properties": { "geoid": "26163533200", "county_name": "Wayne County", "place_name": "Pontiac", "state_name": "Michigan", "state_abbr": "MI", "is_rural": false, "dci_score": 93.6, "dci_quintile": 1.0, "is_cra_lmi": false, "income_level": "NA", "is_persistent_poverty": false, "is_tribal_overlap": false, "tribal_area_name": null, "aian_pct": 0.0, "has_nmtc": false, "nmtc_projects": 0, "nmtc_total_usd": 0.0 }, "geometry": { "type": "Polygon", "coordinates": [ [ [ -83.114358, 42.37138 ], [ -83.108798, 42.373471 ], [ -83.108507, 42.373031 ], [ -83.104635, 42.367284 ], [ -83.110161, 42.365184 ], [ -83.113428, 42.363957 ], [ -83.117631, 42.37015 ], [ -83.114358, 42.37138 ] ] ] } },
{ "type": "Feature", "properties": { "geoid": "26163500300", "county_name": "Wayne County", "place_name": null, "state_name": "Michigan", "state_abbr": "MI", "is_rural": false, "dci_score": 98.9, "dci_quintile": 1.0, "is_cra_lmi": true, "income_level": "M", "is_persistent_poverty": false, "is_tribal_overlap": false, "tribal_area_name": null, "aian_pct": 0.0, "has_nmtc": true, "nmtc_projects": 1, "nmtc_total_usd": 2000000.0 }, "geometry": { "type": "Polygon", "coordinates": [ [ [ -82.977696, 42.435077 ], [ -82.972807, 42.442501 ], [ -82.965755, 42.442677 ], [ -82.956002, 42.442863 ], [ -82.955776, 42.43558 ], [ -82.962031, 42.435521 ], [ -82.965472, 42.435423 ], [ -82.97528, 42.435133 ], [ -82.977696, 42.435077 ] ] ] } },
{ "type": "Feature", "properties": { "geoid": "26163531400", "county_name": "Wayne County", "place_name": null, "state_name": "Michigan", "state_abbr": "MI", "is_rural": false, "dci_score": 93.6, "dci_quintile": 1.0, "is_cra_lmi": true, "income_level": "M", "is_persistent_poverty": false, "is_tribal_overlap": false, "tribal_area_name": null, "aian_pct": 0.0, "has_nmtc": false, "nmtc_projects": 0, "nmtc_total_usd": 0.0 }, "geometry": { "type": "Polygon", "coordinates": [ [ [ -83.125108, 42.381181 ], [ -83.116209, 42.38448 ], [ -83.114503, 42.382062 ], [ -83.112799, 42.37961 ], [ -83.121787, 42.376273 ], [ -83.122254, 42.37696 ], [ -83.123448, 42.378725 ], [ -83.124986, 42.381001 ], [ -83.125108, 42.381181 ] ] ] } },
{ "type": "Feature", "properties": { "geoid": "26163552300", "county_name": "Wayne County", "place_name": null, "state_name": "Michigan", "state_abbr": "MI", "is_rural": false, "dci_score": 96.4, "dci_quintile": 1.0, "is_cra_lmi": true, "income_level": "L", "is_persistent_poverty": false, "is_tribal_overlap": false, "tribal_area_name": null, "aian_pct": 0.0, "has_nmtc": false, "nmtc_projects": 0, "nmtc_total_usd": 0.0 }, "geometry": { "type": "Polygon", "coordinates": [ [ [ -83.059842, 42.399806 ], [ -83.056316, 42.401095 ], [ -83.052675, 42.402435 ], [ -83.050871, 42.399754 ], [ -83.04859, 42.396383 ], [ -83.05197, 42.395126 ], [ -83.055787, 42.393694 ], [ -83.058028, 42.397112 ], [ -83.059842, 42.399806 ] ] ] } },
{ "type": "Feature", "properties": { "geoid": "26163546100", "county_name": "Wayne County", "place_name": null, "state_name": "Michigan", "state_abbr": "MI", "is_rural": false, "dci_score": 97.2, "dci_quintile": 1.0, "is_cra_lmi": true, "income_level": "M", "is_persistent_poverty": false, "is_tribal_overlap": false, "tribal_area_name": null, "aian_pct": 0.0, "has_nmtc": false, "nmtc_projects": 0, "nmtc_total_usd": 0.0 }, "geometry": { "type": "Polygon", "coordinates": [ [ [ -83.24688, 42.357364 ], [ -83.24081, 42.357477 ], [ -83.235953, 42.357573 ], [ -83.235652, 42.350334 ], [ -83.235387, 42.343126 ], [ -83.237846, 42.343086 ], [ -83.242505, 42.343005 ], [ -83.242714, 42.343443 ], [ -83.24475, 42.350163 ], [ -83.24664, 42.350123 ], [ -83.246968, 42.357363 ], [ -83.24688, 42.357364 ] ] ] } },
{ "type": "Feature", "properties": { "geoid": "26163545500", "county_name": "Wayne County", "place_name": null, "state_name": "Michigan", "state_abbr": "MI", "is_rural": false, "dci_score": 97.3, "dci_quintile": 1.0, "is_cra_lmi": true, "income_level": "L", "is_persistent_poverty": false, "is_tribal_overlap": false, "tribal_area_name": null, "aian_pct": 0.0, "has_nmtc": false, "nmtc_projects": 0, "nmtc_total_usd": 0.0 }, "geometry": { "type": "Polygon", "coordinates": [ [ [ -83.216265, 42.350619 ], [ -83.209531, 42.350703 ], [ -83.203959, 42.350783 ], [ -83.196609, 42.35089 ], [ -83.196288, 42.343665 ], [ -83.202402, 42.343586 ], [ -83.203642, 42.34357 ], [ -83.209241, 42.343482 ], [ -83.209795, 42.343473 ], [ -83.216045, 42.34337 ], [ -83.216265, 42.350619 ] ] ] } },
{ "type": "Feature", "properties": { "geoid": "26163544200", "county_name": "Wayne County", "place_name": null, "state_name": "Michigan", "state_abbr": "MI", "is_rural": false, "dci_score": 94.5, "dci_quintile": 1.0, "is_cra_lmi": true, "income_level": "L", "is_persistent_poverty": false, "is_tribal_overlap": false, "tribal_area_name": null, "aian_pct": 0.0, "has_nmtc": false, "nmtc_projects": 0, "nmtc_total_usd": 0.0 }, "geometry": { "type": "Polygon", "coordinates": [ [ [ -83.2672, 42.412433 ], [ -83.265706, 42.413438 ], [ -83.26632, 42.414727 ], [ -83.264795, 42.414801 ], [ -83.262283, 42.414744 ], [ -83.257478, 42.414736 ], [ -83.257118, 42.407468 ], [ -83.256833, 42.40029 ], [ -83.261758, 42.40026 ], [ -83.264371, 42.40025 ], [ -83.266676, 42.40024 ], [ -83.2672, 42.412433 ] ] ] } },
{ "type": "Feature", "properties": { "geoid": "26163515300", "county_name": "Wayne County", "place_name": "Detroit", "state_name": "Michigan", "state_abbr": "MI", "is_rural": false, "dci_score": 84.6, "dci_quintile": 2.0, "is_cra_lmi": true, "income_level": "M", "is_persistent_poverty": false, "is_tribal_overlap": false, "tribal_area_name": null, "aian_pct": 0.0, "has_nmtc": false, "nmtc_projects": 0, "nmtc_total_usd": 0.0 }, "geometry": { "type": "Polygon", "coordinates": [ [ [ -83.007463, 42.355604 ], [ -82.998603, 42.358909 ], [ -82.994911, 42.353726 ], [ -82.994025, 42.351953 ], [ -82.994326, 42.351757 ], [ -83.00042, 42.347868 ], [ -83.002079, 42.347158 ], [ -83.002918, 42.348658 ], [ -83.004024, 42.350393 ], [ -83.007463, 42.355604 ] ] ] } },
{ "type": "Feature", "properties": { "geoid": "26163542100", "county_name": "Wayne County", "place_name": "Detroit", "state_name": "Michigan", "state_abbr": "MI", "is_rural": false, "dci_score": 92.6, "dci_quintile": 1.0, "is_cra_lmi": true, "income_level": "M", "is_persistent_poverty": false, "is_tribal_overlap": false, "tribal_area_name": null, "aian_pct": 0.0, "has_nmtc": false, "nmtc_projects": 0, "nmtc_total_usd": 0.0 }, "geometry": { "type": "Polygon", "coordinates": [ [ [ -83.218712, 42.415553 ], [ -83.209034, 42.415763 ], [ -83.206882, 42.415807 ], [ -83.199316, 42.415983 ], [ -83.199017, 42.408753 ], [ -83.20875, 42.408542 ], [ -83.218532, 42.408332 ], [ -83.218637, 42.410122 ], [ -83.218712, 42.415553 ] ] ] } },
{ "type": "Feature", "properties": { "geoid": "26099261700", "county_name": "Macomb County", "place_name": "Dearborn", "state_name": "Michigan", "state_abbr": "MI", "is_rural": false, "dci_score": 49.7, "dci_quintile": 5.0, "is_cra_lmi": true, "income_level": "M", "is_persistent_poverty": false, "is_tribal_overlap": false, "tribal_area_name": null, "aian_pct": 0.0, "has_nmtc": false, "nmtc_projects": 0, "nmtc_total_usd": 0.0 }, "geometry": { "type": "Polygon", "coordinates": [ [ [ -83.006889, 42.50708 ], [ -82.99524, 42.507401 ], [ -82.987303, 42.50765 ], [ -82.987264, 42.500276 ], [ -82.987252, 42.49977 ], [ -82.991717, 42.500162 ], [ -82.995143, 42.500099 ], [ -82.997615, 42.500046 ], [ -83.006502, 42.499857 ], [ -83.006889, 42.50708 ] ] ] } },
{ "type": "Feature", "properties": { "geoid": "26099258900", "county_name": "Macomb County", "place_name": "Lincoln Park", "state_name": "Michigan", "state_abbr": "MI", "is_rural": false, "dci_score": 81.5, "dci_quintile": 2.0, "is_cra_lmi": true, "income_level": "M", "is_persistent_poverty": false, "is_tribal_overlap": false, "tribal_area_name": null, "aian_pct": 0.0, "has_nmtc": false, "nmtc_projects": 0, "nmtc_total_usd": 0.0 }, "geometry": { "type": "Polygon", "coordinates": [ [ [ -82.971426, 42.464409 ], [ -82.967089, 42.464714 ], [ -82.966645, 42.464731 ], [ -82.958262, 42.464594 ], [ -82.961689, 42.459413 ], [ -82.963074, 42.45733 ], [ -82.96435, 42.455382 ], [ -82.967938, 42.449836 ], [ -82.971041, 42.449665 ], [ -82.971236, 42.45712 ], [ -82.971281, 42.45977 ], [ -82.971426, 42.464409 ] ] ] } },
{ "type": "Feature", "properties": { "geoid": "26145001800", "county_name": "Saginaw County", "place_name": null, "state_name": "Michigan", "state_abbr": "MI", "is_rural": true, "dci_score": 96.9, "dci_quintile": 1.0, "is_cra_lmi": true, "income_level": "M", "is_persistent_poverty": false, "is_tribal_overlap": false, "tribal_area_name": null, "aian_pct": 0.0, "has_nmtc": false, "nmtc_projects": 0, "nmtc_total_usd": 0.0 }, "geometry": { "type": "Polygon", "coordinates": [ [ [ -83.961869, 43.432947 ], [ -83.960715, 43.432934 ], [ -83.960704, 43.436481 ], [ -83.953782, 43.436446 ], [ -83.948566, 43.436429 ], [ -83.947179, 43.437159 ], [ -83.940848, 43.436071 ], [ -83.943334, 43.429221 ], [ -83.944655, 43.426719 ], [ -83.947439, 43.423793 ], [ -83.951693, 43.421395 ], [ -83.954341, 43.422656 ], [ -83.960096, 43.427187 ], [ -83.962022, 43.429289 ], [ -83.961869, 43.432947 ] ] ] } },
{ "type": "Feature", "properties": { "geoid": "26145010600", "county_name": "Saginaw County", "place_name": "Detroit", "state_name": "Michigan", "state_abbr": "MI", "is_rural": true, "dci_score": 21.9, "dci_quintile": 5.0, "is_cra_lmi": false, "income_level": "U", "is_persistent_poverty": false, "is_tribal_overlap": false, "tribal_area_name": null, "aian_pct": 0.0, "has_nmtc": false, "nmtc_projects": 0, "nmtc_total_usd": 0.0 }, "geometry": { "type": "Polygon", "coordinates": [ [ [ -84.032768, 43.402472 ], [ -84.025824, 43.407087 ], [ -84.021861, 43.408082 ], [ -84.020579, 43.408155 ], [ -84.014826, 43.408098 ], [ -83.995071, 43.40794 ], [ -83.995095, 43.400762 ], [ -83.995093, 43.398899 ], [ -83.994904, 43.39234 ], [ -84.014679, 43.393502 ], [ -84.018844, 43.394585 ], [ -84.021474, 43.395814 ], [ -84.027729, 43.39976 ], [ -84.032768, 43.402472 ] ] ] } },
{ "type": "Feature", "properties": { "geoid": "26147652100", "county_name": "St. Clair County", "place_name": "Detroit", "state_name": "Michigan", "state_abbr": "MI", "is_rural": true, "dci_score": 50.6, "dci_quintile": 5.0, "is_cra_lmi": true, "income_level": "M", "is_persistent_poverty": false, "is_tribal_overlap": false, "tribal_area_name": null, "aian_pct": 0.0, "has_nmtc": false, "nmtc_projects": 0, "nmtc_total_usd": 0.0 }, "geometry": { "type": "Polygon", "coordinates": [ [ [ -82.754957, 43.066833 ], [ -82.755317, 43.073264 ], [ -82.696483, 43.075145 ], [ -82.637218, 43.077224 ], [ -82.635052, 43.045776 ], [ -82.635215, 43.044824 ], [ -82.634308, 43.034401 ], [ -82.633313, 43.019899 ], [ -82.633054, 43.016144 ], [ -82.631669, 42.994564 ], [ -82.63141, 42.990869 ], [ -82.636345, 42.990689 ], [ -82.665534, 42.98966 ], [ -82.679107, 42.989217 ], [ -82.680719, 42.988952 ], [ -82.682091, 42.989096 ], [ -82.690782, 42.988877 ], [ -82.699873, 42.988773 ], [ -82.706245, 42.988293 ], [ -82.70814, 42.988219 ], [ -82.709447, 42.988164 ], [ -82.710765, 42.988109 ], [ -82.715641, 42.987939 ], [ -82.717345, 42.987953 ], [ -82.720627, 42.987805 ], [ -82.745232, 42.986686 ], [ -82.75018, 42.986567 ], [ -82.751104, 43.001137 ], [ -82.751943, 43.015686 ], [ -82.75436, 43.052159 ], [ -82.754676, 43.05947 ], [ -82.75539, 43.064419 ], [ -82.754957, 43.066833 ] ] ] } },
{ "type": "Feature", "properties": { "geoid": "26017280700", "county_name": "Bay County", "place_name": null, "state_name": "Michigan", "state_abbr": "MI", "is_rural": true, "dci_score": 77.1, "dci_quintile": 3.0, "is_cra_lmi": true, "income_level": "M", "is_persistent_poverty": false, "is_tribal_overlap": false, "tribal_area_name": null, "aian_pct": 0.0, "has_nmtc": false, "nmtc_projects": 0, "nmtc_total_usd": 0.0 }, "geometry": { "type": "Polygon", "coordinates": [ [ [ -83.902409, 43.574121 ], [ -83.899786, 43.579763 ], [ -83.897819, 43.57964 ], [ -83.892197, 43.588274 ], [ -83.889114, 43.5894 ], [ -83.885781, 43.589398 ], [ -83.885708, 43.580082 ], [ -83.887665, 43.579559 ], [ -83.890722, 43.579564 ], [ -83.890881, 43.572785 ], [ -83.895785, 43.572817 ], [ -83.897816, 43.572858 ], [ -83.898847, 43.572847 ], [ -83.901859, 43.571621 ], [ -83.902826, 43.572084 ], [ -83.902409, 43.574121 ] ] ] } },
{ "type": "Feature", "properties": { "geoid": "26017281000", "county_name": "Bay County", "place_name": null, "state_name": "Michigan", "state_abbr": "MI", "is_rural": true, "dci_score": 53.4, "dci_quintile": 5.0, "is_cra_lmi": false, "income_level": "U", "is_persistent_poverty": false, "is_tribal_overlap": false, "tribal_area_name": null, "aian_pct": 0.0, "has_nmtc": false, "nmtc_projects": 0, "nmtc_total_usd": 0.0 }, "geometry": { "type": "Polygon", "coordinates": [ [ [ -83.916091, 43.566337 ], [ -83.915759, 43.580344 ], [ -83.915565, 43.589096 ], [ -83.915437, 43.59481 ], [ -83.915288, 43.598778 ], [ -83.915186, 43.602082 ], [ -83.906186, 43.602008 ], [ -83.906871, 43.598697 ], [ -83.906905, 43.597416 ], [ -83.899063, 43.597329 ], [ -83.893982, 43.596355 ], [ -83.896826, 43.589079 ], [ -83.898118, 43.586212 ], [ -83.898373, 43.582578 ], [ -83.899786, 43.579763 ], [ -83.902409, 43.574121 ], [ -83.902826, 43.572084 ], [ -83.903988, 43.568842 ], [ -83.904467, 43.565583 ], [ -83.907054, 43.565829 ], [ -83.916162, 43.565866 ], [ -83.916091, 43.566337 ] ] ] } },
{ "type": "Feature", "properties": { "geoid": "26049012602", "county_name": "Genesee County", "place_name": null, "state_name": "Michigan", "state_abbr": "MI", "is_rural": true, "dci_score": 53.0, "dci_quintile": 5.0, "is_cra_lmi": true, "income_level": "M", "is_persistent_poverty": false, "is_tribal_overlap": false, "tribal_area_name": null, "aian_pct": 0.0, "has_nmtc": false, "nmtc_projects": 0, "nmtc_total_usd": 0.0 }, "geometry": { "type": "Polygon", "coordinates": [ [ [ -83.903287, 43.183359 ], [ -83.893057, 43.183296 ], [ -83.893048, 43.184091 ], [ -83.888211, 43.183994 ], [ -83.883318, 43.183277 ], [ -83.883634, 43.176237 ], [ -83.883317, 43.169506 ], [ -83.902331, 43.168634 ], [ -83.902764, 43.176187 ], [ -83.903287, 43.183359 ] ] ] } },
{ "type": "Feature", "properties": { "geoid": "26049000300", "county_name": "Genesee County", "place_name": "Detroit", "state_name": "Michigan", "state_abbr": "MI", "is_rural": false, "dci_score": 95.9, "dci_quintile": 1.0, "is_cra_lmi": true, "income_level": "M", "is_persistent_poverty": false, "is_tribal_overlap": false, "tribal_area_name": null, "aian_pct": 0.0, "has_nmtc": true, "nmtc_projects": 1, "nmtc_total_usd": 0.0 }, "geometry": { "type": "Polygon", "coordinates": [ [ [ -83.733399, 43.067391 ], [ -83.724257, 43.067639 ], [ -83.720526, 43.067626 ], [ -83.719406, 43.067166 ], [ -83.718385, 43.06713 ], [ -83.714127, 43.067101 ], [ -83.713947, 43.060928 ], [ -83.717064, 43.060888 ], [ -83.723668, 43.060716 ], [ -83.729559, 43.060698 ], [ -83.733375, 43.06064 ], [ -83.733421, 43.063915 ], [ -83.733399, 43.067391 ] ] ] } },
{ "type": "Feature", "properties": { "geoid": "26049000500", "county_name": "Genesee County", "place_name": "Detroit", "state_name": "Michigan", "state_abbr": "MI", "is_rural": false, "dci_score": 95.5, "dci_quintile": 1.0, "is_cra_lmi": true, "income_level": "M", "is_persistent_poverty": false, "is_tribal_overlap": false, "tribal_area_name": null, "aian_pct": 0.0, "has_nmtc": true, "nmtc_projects": 1, "nmtc_total_usd": 9800000.0 }, "geometry": { "type": "Polygon", "coordinates": [ [ [ -83.737697, 43.060662 ], [ -83.733375, 43.06064 ], [ -83.729559, 43.060698 ], [ -83.723668, 43.060716 ], [ -83.717064, 43.060888 ], [ -83.713947, 43.060928 ], [ -83.713483, 43.05404 ], [ -83.723563, 43.053933 ], [ -83.726022, 43.053899 ], [ -83.733439, 43.053831 ], [ -83.733392, 43.057041 ], [ -83.737607, 43.057176 ], [ -83.737697, 43.060662 ] ] ] } },
{ "type": "Feature", "properties": { "geoid": "26049002700", "county_name": "Genesee County", "place_name": null, "state_name": "Michigan", "state_abbr": "MI", "is_rural": false, "dci_score": 96.1, "dci_quintile": 1.0, "is_cra_lmi": true, "income_level": "M", "is_persistent_poverty": false, "is_tribal_overlap": false, "tribal_area_name": null, "aian_pct": 0.0, "has_nmtc": false, "nmtc_projects": 0, "nmtc_total_usd": 0.0 }, "geometry": { "type": "Polygon", "coordinates": [ [ [ -83.65654, 43.042756 ], [ -83.654333, 43.042705 ], [ -83.650532, 43.042763 ], [ -83.645518, 43.042803 ], [ -83.635624, 43.043136 ], [ -83.635505, 43.037577 ], [ -83.635483, 43.037159 ], [ -83.63536, 43.03323 ], [ -83.635078, 43.026004 ], [ -83.655081, 43.025535 ], [ -83.655313, 43.032905 ], [ -83.655453, 43.03966 ], [ -83.655571, 43.041423 ], [ -83.65654, 43.042756 ] ] ] } },
{ "type": "Feature", "properties": { "geoid": "26049004000", "county_name": "Genesee County", "place_name": "Garden City", "state_name": "Michigan", "state_abbr": "MI", "is_rural": false, "dci_score": 91.9, "dci_quintile": 1.0, "is_cra_lmi": true, "income_level": "L", "is_persistent_poverty": false, "is_tribal_overlap": false, "tribal_area_name": null, "aian_pct": 0.0, "has_nmtc": false, "nmtc_projects": 0, "nmtc_total_usd": 0.0 }, "geometry": { "type": "Polygon", "coordinates": [ [ [ -83.693786, 43.003054 ], [ -83.69266, 43.003486 ], [ -83.691233, 43.001241 ], [ -83.690237, 43.000181 ], [ -83.680786, 42.993088 ], [ -83.676951, 42.990263 ], [ -83.676082, 42.988955 ], [ -83.682652, 42.988868 ], [ -83.682584, 42.987789 ], [ -83.68231, 42.981534 ], [ -83.690597, 42.981401 ], [ -83.690493, 42.976294 ], [ -83.692821, 42.977161 ], [ -83.692899, 42.981213 ], [ -83.692968, 42.985735 ], [ -83.693014, 42.988693 ], [ -83.69307, 42.993505 ], [ -83.693235, 43.000859 ], [ -83.693786, 43.003054 ] ] ] } },
{ "type": "Feature", "properties": { "geoid": "26045020103", "county_name": "Eaton County", "place_name": "Dearborn Heights", "state_name": "Michigan", "state_abbr": "MI", "is_rural": false, "dci_score": 29.7, "dci_quintile": 5.0, "is_cra_lmi": false, "income_level": "U", "is_persistent_poverty": false, "is_tribal_overlap": false, "tribal_area_name": null, "aian_pct": 0.0, "has_nmtc": false, "nmtc_projects": 0, "nmtc_total_usd": 0.0 }, "geometry": { "type": "Polygon", "coordinates": [ [ [ -84.642181, 42.74989 ], [ -84.642091, 42.755498 ], [ -84.63481, 42.755533 ], [ -84.632291, 42.755501 ], [ -84.628055, 42.755511 ], [ -84.622515, 42.755498 ], [ -84.614341, 42.755506 ], [ -84.612988, 42.755279 ], [ -84.612663, 42.754875 ], [ -84.612421, 42.748333 ], [ -84.602884, 42.748362 ], [ -84.602893, 42.741109 ], [ -84.622329, 42.74111 ], [ -84.632259, 42.741046 ], [ -84.634593, 42.741049 ], [ -84.637325, 42.741062 ], [ -84.642292, 42.741066 ], [ -84.642181, 42.74989 ] ] ] } },
{ "type": "Feature", "properties": { "geoid": "26061000300", "county_name": "Houghton County", "place_name": "Detroit", "state_name": "Michigan", "state_abbr": "MI", "is_rural": true, "dci_score": 61.3, "dci_quintile": 4.0, "is_cra_lmi": false, "income_level": "U", "is_persistent_poverty": false, "is_tribal_overlap": false, "tribal_area_name": null, "aian_pct": 0.0, "has_nmtc": true, "nmtc_projects": 1, "nmtc_total_usd": 8820000.0 }, "geometry": { "type": "Polygon", "coordinates": [ [ [ -88.520894, 47.242463 ], [ -88.520823, 47.246041 ], [ -88.518379, 47.248517 ], [ -88.51034, 47.249687 ], [ -88.503348, 47.250088 ], [ -88.497094, 47.249637 ], [ -88.49081, 47.249439 ], [ -88.489685, 47.249692 ], [ -88.484109, 47.251769 ], [ -88.471075, 47.252629 ], [ -88.468255, 47.251825 ], [ -88.46257, 47.250106 ], [ -88.457796, 47.250053 ], [ -88.45645, 47.250056 ], [ -88.456435, 47.251354 ], [ -88.449891, 47.251403 ], [ -88.449579, 47.250086 ], [ -88.441504, 47.250206 ], [ -88.439486, 47.250362 ], [ -88.434342, 47.253419 ], [ -88.446913, 47.24047 ], [ -88.449956, 47.236296 ], [ -88.452339, 47.233878 ], [ -88.454321, 47.228369 ], [ -88.457479, 47.219211 ], [ -88.463594, 47.223992 ], [ -88.465083, 47.222882 ], [ -88.46823, 47.226634 ], [ -88.46814, 47.228299 ], [ -88.47199, 47.228455 ], [ -88.478277, 47.229473 ], [ -88.479248, 47.229574 ], [ -88.484244, 47.229546 ], [ -88.489673, 47.228281 ], [ -88.499168, 47.228054 ], [ -88.499804, 47.227415 ], [ -88.499798, 47.221284 ], [ -88.504059, 47.220222 ], [ -88.508964, 47.220212 ], [ -88.515114, 47.217286 ], [ -88.52086, 47.217228 ], [ -88.520894, 47.242463 ] ] ] } },
{ "type": "Feature", "properties": { "geoid": "26065000800", "county_name": "Ingham County", "place_name": "Detroit", "state_name": "Michigan", "state_abbr": "MI", "is_rural": false, "dci_score": 67.0, "dci_quintile": 4.0, "is_cra_lmi": true, "income_level": "M", "is_persistent_poverty": false, "is_tribal_overlap": false, "tribal_area_name": null, "aian_pct": 0.0, "has_nmtc": false, "nmtc_projects": 0, "nmtc_total_usd": 0.0 }, "geometry": { "type": "Polygon", "coordinates": [ [ [ -84.542875, 42.748177 ], [ -84.540832, 42.752912 ], [ -84.538754, 42.752896 ], [ -84.53874, 42.753727 ], [ -84.535819, 42.75373 ], [ -84.533377, 42.753712 ], [ -84.533346, 42.75543 ], [ -84.530349, 42.755414 ], [ -84.530388, 42.748585 ], [ -84.531575, 42.748578 ], [ -84.533529, 42.747034 ], [ -84.533474, 42.740907 ], [ -84.535942, 42.740939 ], [ -84.537777, 42.74084 ], [ -84.537823, 42.739158 ], [ -84.542759, 42.738348 ], [ -84.542799, 42.743879 ], [ -84.542831, 42.747411 ], [ -84.542875, 42.748177 ] ] ] } },
{ "type": "Feature", "properties": { "geoid": "26065004100", "county_name": "Ingham County", "place_name": null, "state_name": "Michigan", "state_abbr": "MI", "is_rural": false, "dci_score": 44.6, "dci_quintile": 5.0, "is_cra_lmi": false, "income_level": "NA", "is_persistent_poverty": false, "is_tribal_overlap": false, "tribal_area_name": null, "aian_pct": 0.0, "has_nmtc": false, "nmtc_projects": 0, "nmtc_total_usd": 0.0 }, "geometry": { "type": "Polygon", "coordinates": [ [ [ -84.494866, 42.73559 ], [ -84.493531, 42.737935 ], [ -84.489323, 42.736752 ], [ -84.486862, 42.738289 ], [ -84.486167, 42.742517 ], [ -84.483742, 42.742513 ], [ -84.483726, 42.740706 ], [ -84.482037, 42.740687 ], [ -84.479283, 42.740689 ], [ -84.479295, 42.737022 ], [ -84.476353, 42.737006 ], [ -84.476354, 42.735391 ], [ -84.471073, 42.735429 ], [ -84.471064, 42.734327 ], [ -84.471053, 42.73178 ], [ -84.472049, 42.732052 ], [ -84.475004, 42.732882 ], [ -84.483764, 42.735243 ], [ -84.485056, 42.735599 ], [ -84.493655, 42.733633 ], [ -84.495155, 42.733632 ], [ -84.494866, 42.73559 ] ] ] } },
{ "type": "Feature", "properties": { "geoid": "26081014703", "county_name": "Kent County", "place_name": "Lincoln Park", "state_name": "Michigan", "state_abbr": "MI", "is_rural": false, "dci_score": 59.9, "dci_quintile": 4.0, "is_cra_lmi": true, "income_level": "M", "is_persistent_poverty": false, "is_tribal_overlap": false, "tribal_area_name": null, "aian_pct": 0.0, "has_nmtc": false, "nmtc_projects": 0, "nmtc_total_usd": 0.0 }, "geometry": { "type": "Polygon", "coordinates": [ [ [ -85.663738, 42.85493 ], [ -85.650226, 42.854853 ], [ -85.644626, 42.854819 ], [ -85.644509, 42.848433 ], [ -85.644482, 42.84074 ], [ -85.663687, 42.840707 ], [ -85.663709, 42.848702 ], [ -85.663738, 42.85493 ] ] ] } },
{ "type": "Feature", "properties": { "geoid": "26105950400", "county_name": "Mason County", "place_name": "Detroit", "state_name": "Michigan", "state_abbr": "MI", "is_rural": true, "dci_score": 49.6, "dci_quintile": 5.0, "is_cra_lmi": false, "income_level": "U", "is_persistent_poverty": false, "is_tribal_overlap": false, "tribal_area_name": null, "aian_pct": 0.0, "has_nmtc": false, "nmtc_projects": 0, "nmtc_total_usd": 0.0 }, "geometry": { "type": "Polygon", "coordinates": [ [ [ -86.459435, 43.96992 ], [ -86.449438, 43.970169 ], [ -86.449337, 43.970176 ], [ -86.444494, 43.970321 ], [ -86.439354, 43.970473 ], [ -86.429208, 43.970565 ], [ -86.419144, 43.970635 ], [ -86.419187, 43.963366 ], [ -86.419172, 43.956302 ], [ -86.429345, 43.9561 ], [ -86.434106, 43.956032 ], [ -86.436503, 43.955695 ], [ -86.440786, 43.955642 ], [ -86.443615, 43.955629 ], [ -86.445032, 43.955603 ], [ -86.446445, 43.957679 ], [ -86.452074, 43.957626 ], [ -86.453513, 43.959646 ], [ -86.459303, 43.959597 ], [ -86.459435, 43.96992 ] ] ] } },
{ "type": "Feature", "properties": { "geoid": "26159011400", "county_name": "Van Buren County", "place_name": "Detroit", "state_name": "Michigan", "state_abbr": "MI", "is_rural": true, "dci_score": 73.4, "dci_quintile": 3.0, "is_cra_lmi": true, "income_level": "M", "is_persistent_poverty": false, "is_tribal_overlap": false, "tribal_area_name": null, "aian_pct": 0.0, "has_nmtc": false, "nmtc_projects": 0, "nmtc_total_usd": 0.0 }, "geometry": { "type": "Polygon", "coordinates": [ [ [ -86.223563, 42.243379 ], [ -86.195908, 42.24334 ], [ -86.186126, 42.243384 ], [ -86.185159, 42.24339 ], [ -86.183014, 42.243433 ], [ -86.180123, 42.243466 ], [ -86.177249, 42.243513 ], [ -86.176532, 42.243527 ], [ -86.108585, 42.243948 ], [ -86.108492, 42.216443 ], [ -86.123252, 42.2126 ], [ -86.135426, 42.209254 ], [ -86.147323, 42.207999 ], [ -86.157006, 42.207448 ], [ -86.15698, 42.204515 ], [ -86.15689, 42.193218 ], [ -86.166596, 42.192295 ], [ -86.186098, 42.190142 ], [ -86.186222, 42.204791 ], [ -86.208338, 42.199593 ], [ -86.208514, 42.199551 ], [ -86.210469, 42.199088 ], [ -86.212552, 42.198595 ], [ -86.22313, 42.196096 ], [ -86.223239, 42.211221 ], [ -86.223563, 42.243379 ] ] ] } },
{ "type": "Feature", "properties": { "geoid": "26021000600", "county_name": "Berrien County", "place_name": null, "state_name": "Michigan", "state_abbr": "MI", "is_rural": true, "dci_score": 94.5, "dci_quintile": 1.0, "is_cra_lmi": true, "income_level": "L", "is_persistent_poverty": false, "is_tribal_overlap": false, "tribal_area_name": null, "aian_pct": 0.0, "has_nmtc": false, "nmtc_projects": 0, "nmtc_total_usd": 0.0 }, "geometry": { "type": "Polygon", "coordinates": [ [ [ -86.461066, 42.101663 ], [ -86.456053, 42.101659 ], [ -86.446495, 42.101621 ], [ -86.438795, 42.101569 ], [ -86.436827, 42.101594 ], [ -86.436733, 42.100654 ], [ -86.436727, 42.10038 ], [ -86.436678, 42.094296 ], [ -86.441565, 42.094357 ], [ -86.441551, 42.092535 ], [ -86.443977, 42.092638 ], [ -86.444, 42.094351 ], [ -86.446448, 42.094353 ], [ -86.455976, 42.094407 ], [ -86.455989, 42.095932 ], [ -86.459746, 42.095935 ], [ -86.460734, 42.097059 ], [ -86.46086, 42.097954 ], [ -86.461066, 42.101663 ] ] ] } },
{ "type": "Feature", "properties": { "geoid": "26073000500", "county_name": "Isabella County", "place_name": "Detroit", "state_name": "Michigan", "state_abbr": "MI", "is_rural": true, "dci_score": 61.3, "dci_quintile": 4.0, "is_cra_lmi": false, "income_level": "U", "is_persistent_poverty": false, "is_tribal_overlap": false, "tribal_area_name": null, "aian_pct": 0.0, "has_nmtc": false, "nmtc_projects": 0, "nmtc_total_usd": 0.0 }, "geometry": { "type": "Polygon", "coordinates": [ [ [ -84.785129, 43.597122 ], [ -84.781118, 43.597144 ], [ -84.777575, 43.597159 ], [ -84.774145, 43.59717 ], [ -84.767577, 43.597177 ], [ -84.762744, 43.597221 ], [ -84.762611, 43.595399 ], [ -84.762665, 43.593556 ], [ -84.765082, 43.593547 ], [ -84.765055, 43.589892 ], [ -84.767497, 43.589872 ], [ -84.769033, 43.589865 ], [ -84.777516, 43.589811 ], [ -84.780127, 43.589813 ], [ -84.785011, 43.589775 ], [ -84.785129, 43.597122 ] ] ] } },
{ "type": "Feature", "properties": { "geoid": "26041970100", "county_name": "Delta County", "place_name": null, "state_name": "Michigan", "state_abbr": "MI", "is_rural": true, "dci_score": 67.9, "dci_quintile": 4.0, "is_cra_lmi": false, "income_level": "U", "is_persistent_poverty": false, "is_tribal_overlap": false, "tribal_area_name": null, "aian_pct": 0.0, "has_nmtc": false, "nmtc_projects": 0, "nmtc_total_usd": 0.0 }, "geometry": { "type": "MultiPolygon", "coordinates": [ [ [ [ -86.659221, 45.737899 ], [ -86.658187, 45.740782 ], [ -86.657074, 45.742643 ], [ -86.656717, 45.742312 ], [ -86.656717, 45.739741 ], [ -86.656955, 45.737916 ], [ -86.657536, 45.736576 ], [ -86.660311, 45.736005 ], [ -86.659221, 45.737899 ] ] ], [ [ [ -86.660639, 45.578604 ], [ -86.658024, 45.581266 ], [ -86.656403, 45.585474 ], [ -86.654935, 45.587171 ], [ -86.652041, 45.58513 ], [ -86.650381, 45.583414 ], [ -86.648063, 45.583375 ], [ -86.64614, 45.583927 ], [ -86.646573, 45.581699 ], [ -86.644952, 45.581099 ], [ -86.643883, 45.579602 ], [ -86.641627, 45.577079 ], [ -86.637346, 45.576774 ], [ -86.636514, 45.575859 ], [ -86.638799, 45.573191 ], [ -86.636456, 45.571659 ], [ -86.633787, 45.571543 ], [ -86.63105, 45.572536 ], [ -86.628284, 45.573438 ], [ -86.62682, 45.572934 ], [ -86.6263, 45.571859 ], [ -86.624047, 45.56763 ], [ -86.622155, 45.56363 ], [ -86.622081, 45.559472 ], [ -86.624834, 45.556062 ], [ -86.627556, 45.552816 ], [ -86.627495, 45.549456 ], [ -86.629091, 45.548016 ], [ -86.630491, 45.547377 ], [ -86.63316, 45.546166 ], [ -86.634624, 45.544795 ], [ -86.641068, 45.543015 ], [ -86.643085, 45.543153 ], [ -86.645818, 45.544548 ], [ -86.647639, 45.543909 ], [ -86.648909, 45.544344 ], [ -86.649981, 45.546402 ], [ -86.650686, 45.547671 ], [ -86.649491, 45.549374 ], [ -86.650894, 45.553062 ], [ -86.652872, 45.553559 ], [ -86.655604, 45.556417 ], [ -86.655332, 45.558121 ], [ -86.654919, 45.559891 ], [ -86.656058, 45.561652 ], [ -86.658559, 45.571644 ], [ -86.660315, 45.573839 ], [ -86.660639, 45.578604 ] ] ], [ [ [ -86.670204, 45.52956 ], [ -86.667848, 45.531752 ], [ -86.663723, 45.532139 ], [ -86.661179, 45.532962 ], [ -86.660432, 45.53111 ], [ -86.659587, 45.528321 ], [ -86.659915, 45.522491 ], [ -86.662257, 45.520983 ], [ -86.667056, 45.52168 ], [ -86.668305, 45.52471 ], [ -86.669964, 45.527111 ], [ -86.670204, 45.52956 ] ] ], [ [ [ -86.701671, 45.605726 ], [ -86.699355, 45.608842 ], [ -86.699193, 45.61106 ], [ -86.701758, 45.616604 ], [ -86.699737, 45.615607 ], [ -86.698152, 45.613621 ], [ -86.697565, 45.614466 ], [ -86.695532, 45.616105 ], [ -86.69239, 45.617126 ], [ -86.68763, 45.615747 ], [ -86.684372, 45.615701 ], [ -86.677269, 45.613689 ], [ -86.669433, 45.608291 ], [ -86.667888, 45.606047 ], [ -86.669552, 45.604883 ], [ -86.672879, 45.60455 ], [ -86.677277, 45.60006 ], [ -86.682268, 45.599229 ], [ -86.683851, 45.597527 ], [ -86.685577, 45.595812 ], [ -86.690169, 45.595721 ], [ -86.692579, 45.597412 ], [ -86.693589, 45.598647 ], [ -86.699321, 45.602303 ], [ -86.701601, 45.603172 ], [ -86.702351, 45.604315 ], [ -86.701671, 45.605726 ] ] ], [ [ [ -86.711765, 45.609183 ], [ -86.710908, 45.609954 ], [ -86.709601, 45.61037 ], [ -86.708056, 45.611534 ], [ -86.707343, 45.610952 ], [ -86.706036, 45.610952 ], [ -86.705204, 45.610619 ], [ -86.706945, 45.609756 ], [ -86.706986, 45.608873 ], [ -86.709062, 45.608704 ], [ -86.71069, 45.608246 ], [ -86.712453, 45.608873 ], [ -86.711765, 45.609183 ] ] ], [ [ [ -86.716947, 45.501153 ], [ -86.713894, 45.499798 ], [ -86.713998, 45.499195 ], [ -86.716137, 45.497779 ], [ -86.717207, 45.499528 ], [ -86.716947, 45.501153 ] ] ], [ [ [ -86.721831, 45.510579 ], [ -86.720653, 45.511521 ], [ -86.717344, 45.51026 ], [ -86.716693, 45.509483 ], [ -86.719164, 45.508956 ], [ -86.721115, 45.509139 ], [ -86.722911, 45.508523 ], [ -86.721831, 45.510579 ] ] ], [ [ [ -86.727152, 45.522525 ], [ -86.725091, 45.521734 ], [ -86.723092, 45.520525 ], [ -86.724694, 45.520598 ], [ -86.726239, 45.520598 ], [ -86.72738, 45.521466 ], [ -86.727152, 45.522525 ] ] ], [ [ [ -86.762722, 45.800917 ], [ -86.761177, 45.801497 ], [ -86.75785, 45.800586 ], [ -86.755711, 45.800172 ], [ -86.754879, 45.799426 ], [ -86.754522, 45.798763 ], [ -86.753453, 45.798763 ], [ -86.753809, 45.797935 ], [ -86.756067, 45.797852 ], [ -86.757493, 45.797272 ], [ -86.758801, 45.796692 ], [ -86.760464, 45.797852 ], [ -86.762485, 45.798515 ], [ -86.762722, 45.800917 ] ] ], [ [ [ -86.765623, 45.745882 ], [ -86.765456, 45.74878 ], [ -86.762806, 45.747481 ], [ -86.759276, 45.745463 ], [ -86.759276, 45.744302 ], [ -86.760821, 45.743805 ], [ -86.763435, 45.743556 ], [ -86.765389, 45.744409 ], [ -86.766009, 45.744958 ], [ -86.765623, 45.745882 ] ] ], [ [ [ -86.783513, 45.502261 ], [ -86.783459, 45.506233 ], [ -86.781474, 45.509685 ], [ -86.780368, 45.510165 ], [ -86.776921, 45.510416 ], [ -86.773832, 45.511124 ], [ -86.771458, 45.51062 ], [ -86.770191, 45.509339 ], [ -86.767582787086099, 45.507890791396697 ], [ -86.766562, 45.507324 ], [ -86.764699, 45.506023 ], [ -86.762604, 45.505649 ], [ -86.760017, 45.505564 ], [ -86.757548, 45.504123 ], [ -86.757062, 45.502362 ], [ -86.757779, 45.499988 ], [ -86.757229, 45.496753 ], [ -86.758598, 45.492364 ], [ -86.757564, 45.485756 ], [ -86.758286, 45.479263 ], [ -86.759989, 45.477867 ], [ -86.765575, 45.47895 ], [ -86.767903, 45.48217 ], [ -86.773498, 45.486432 ], [ -86.774919, 45.487614 ], [ -86.779729, 45.489032 ], [ -86.782806, 45.486782 ], [ -86.783532, 45.488301 ], [ -86.782132, 45.492119 ], [ -86.784368, 45.4989 ], [ -86.783513, 45.502261 ] ] ], [ [ [ -86.883695, 45.861798 ], [ -86.883602, 45.897494 ], [ -86.78444, 45.897365 ], [ -86.78163, 45.897658 ], [ -86.776367, 45.898723 ], [ -86.77002, 45.89937 ], [ -86.765744, 45.899284 ], [ -86.76046, 45.898555 ], [ -86.750115, 45.896321 ], [ -86.743638, 45.895555 ], [ -86.705328, 45.895352 ], [ -86.705392, 45.896525 ], [ -86.707611, 45.904228 ], [ -86.707898, 45.911808 ], [ -86.706764, 45.932692 ], [ -86.707283, 45.934716 ], [ -86.708909, 45.938029 ], [ -86.709177, 45.940459 ], [ -86.707709, 45.94785 ], [ -86.707225, 45.949144 ], [ -86.70612, 45.950573 ], [ -86.695656, 45.960291 ], [ -86.681076, 45.976172 ], [ -86.68026, 45.977406 ], [ -86.679413, 45.979499 ], [ -86.679245, 45.981531 ], [ -86.681275, 46.006404 ], [ -86.681155, 46.007113 ], [ -86.679837, 46.00933 ], [ -86.671398, 46.017139 ], [ -86.669566, 46.01983 ], [ -86.668342, 46.023473 ], [ -86.667047, 46.040897 ], [ -86.665832, 46.043613 ], [ -86.664203, 46.044991 ], [ -86.645582, 46.058115 ], [ -86.644423, 46.059198 ], [ -86.64292, 46.061143 ], [ -86.641919, 46.063368 ], [ -86.641656, 46.064734 ], [ -86.640972, 46.077202 ], [ -86.641048, 46.079114 ], [ -86.642598, 46.089585 ], [ -86.642494, 46.091978 ], [ -86.642015, 46.093924 ], [ -86.63504, 46.113421 ], [ -86.634573, 46.116102 ], [ -86.636233, 46.138135 ], [ -86.635866, 46.15696 ], [ -86.635407, 46.158618 ], [ -86.615601, 46.158691 ], [ -86.490142, 46.158178 ], [ -86.489894, 46.127238 ], [ -86.490139, 46.071034 ], [ -86.489341, 46.07103 ], [ -86.489966, 45.954624 ], [ -86.49025, 45.896337 ], [ -86.459114, 45.896363 ], [ -86.459866423597504, 45.757899180002198 ], [ -86.470044, 45.761615 ], [ -86.472973, 45.764672 ], [ -86.478467, 45.763938 ], [ -86.48187, 45.759708 ], [ -86.479995, 45.756263 ], [ -86.484423, 45.753674 ], [ -86.484673, 45.749682 ], [ -86.486714, 45.747883 ], [ -86.490503, 45.747425 ], [ -86.496251, 45.749255 ], [ -86.502169, 45.752709 ], [ -86.508172, 45.753199 ], [ -86.513892, 45.751891 ], [ -86.514941, 45.749361 ], [ -86.51613, 45.747702 ], [ -86.518281, 45.747688 ], [ -86.520764, 45.748366 ], [ -86.523498, 45.747785 ], [ -86.526112, 45.746873 ], [ -86.529677, 45.747619 ], [ -86.532411, 45.746624 ], [ -86.534312, 45.744551 ], [ -86.535025, 45.741897 ], [ -86.533361, 45.739492 ], [ -86.529925, 45.73848 ], [ -86.526944, 45.737335 ], [ -86.524448, 45.737501 ], [ -86.523197, 45.736498 ], [ -86.521742, 45.735792 ], [ -86.521849, 45.733307 ], [ -86.523103, 45.731322 ], [ -86.525637, 45.730368 ], [ -86.53039, 45.729455 ], [ -86.533005, 45.729289 ], [ -86.533599, 45.727298 ], [ -86.534431, 45.725556 ], [ -86.533005, 45.722652 ], [ -86.530034, 45.721823 ], [ -86.525166, 45.720797 ], [ -86.524827, 45.719473 ], [ -86.527998, 45.718299 ], [ -86.530509, 45.717923 ], [ -86.532767, 45.717674 ], [ -86.535263, 45.715434 ], [ -86.532833, 45.713152 ], [ -86.53328, 45.710849 ], [ -86.537258, 45.708361 ], [ -86.54143, 45.70811 ], [ -86.545089, 45.709681 ], [ -86.544723, 45.711235 ], [ -86.547808, 45.713018 ], [ -86.55066, 45.712712 ], [ -86.553145, 45.712089 ], [ -86.558138, 45.712484 ], [ -86.563379, 45.713985 ], [ -86.567421, 45.714949 ], [ -86.570627, 45.716412 ], [ -86.57372, 45.715813 ], [ -86.578283, 45.713788 ], [ -86.580936, 45.71192 ], [ -86.581823, 45.709423 ], [ -86.582896, 45.707997 ], [ -86.584089351562298, 45.706284007614002 ], [ -86.585057, 45.704895 ], [ -86.584392, 45.701768 ], [ -86.585519, 45.697889 ], [ -86.583213, 45.693949 ], [ -86.583691, 45.690282 ], [ -86.582473, 45.685389 ], [ -86.58332, 45.683225 ], [ -86.584771, 45.682007 ], [ -86.588986, 45.680421 ], [ -86.591255, 45.67959 ], [ -86.590394, 45.676556 ], [ -86.589366, 45.674075 ], [ -86.591379, 45.671788 ], [ -86.591376, 45.669527 ], [ -86.589068, 45.668358 ], [ -86.587528, 45.666456 ], [ -86.591753, 45.66537 ], [ -86.593613, 45.665625 ], [ -86.598214, 45.666693 ], [ -86.607315, 45.668274 ], [ -86.608919, 45.669884 ], [ -86.611306, 45.669733 ], [ -86.615449, 45.667781 ], [ -86.62043, 45.667098 ], [ -86.625132, 45.663819 ], [ -86.62744, 45.659876 ], [ -86.625187, 45.651926 ], [ -86.624713, 45.646406 ], [ -86.62456, 45.642757 ], [ -86.622595, 45.63837 ], [ -86.622684, 45.635127 ], [ -86.620143, 45.631224 ], [ -86.619115, 45.627946 ], [ -86.619164, 45.624168 ], [ -86.617314, 45.622552 ], [ -86.616474, 45.621165 ], [ -86.61764, 45.61878 ], [ -86.61681, 45.616864 ], [ -86.61312, 45.615691 ], [ -86.61158, 45.6141 ], [ -86.610819, 45.611081 ], [ -86.60945, 45.609286 ], [ -86.605823, 45.608574 ], [ -86.60526, 45.607756 ], [ -86.607566, 45.60555 ], [ -86.606227, 45.603902 ], [ -86.611414, 45.600534 ], [ -86.612048, 45.601077 ], [ -86.614266, 45.600121 ], [ -86.61569, 45.602212 ], [ -86.616893, 45.606796 ], [ -86.61876, 45.60804 ], [ -86.620649, 45.608144 ], [ -86.622604, 45.610224 ], [ -86.623481, 45.61204 ], [ -86.628043, 45.615349 ], [ -86.633224, 45.618249 ], [ -86.637205, 45.618232 ], [ -86.640882, 45.616933 ], [ -86.648439, 45.615992 ], [ -86.650208, 45.61607 ], [ -86.652166, 45.6181 ], [ -86.658645, 45.619357 ], [ -86.666127, 45.621689 ], [ -86.676749, 45.62802 ], [ -86.677491, 45.627575 ], [ -86.6799, 45.629231 ], [ -86.680279, 45.630141 ], [ -86.687208, 45.634253 ], [ -86.688804, 45.635553 ], [ -86.688326, 45.636605 ], [ -86.688772, 45.639969 ], [ -86.695045, 45.646926 ], [ -86.695934, 45.649927 ], [ -86.694865, 45.651256 ], [ -86.69534, 45.653831 ], [ -86.697598, 45.655659 ], [ -86.702233, 45.655991 ], [ -86.705442, 45.654911 ], [ -86.707105, 45.652834 ], [ -86.706392, 45.650508 ], [ -86.708082, 45.648049 ], [ -86.712727, 45.657437 ], [ -86.712745, 45.659067 ], [ -86.717315, 45.665433 ], [ -86.718349, 45.668261 ], [ -86.718669, 45.67437 ], [ -86.718191, 45.67732 ], [ -86.717512, 45.680291 ], [ -86.715781, 45.683949 ], [ -86.713258, 45.686499 ], [ -86.71016, 45.688988 ], [ -86.705184, 45.690901 ], [ -86.701731, 45.691095 ], [ -86.696826, 45.689839 ], [ -86.695104, 45.688692 ], [ -86.693346, 45.687977 ], [ -86.689102, 45.687862 ], [ -86.68319, 45.689231 ], [ -86.676184, 45.691862 ], [ -86.665677, 45.702217 ], [ -86.664723, 45.705815 ], [ -86.665511, 45.70903 ], [ -86.669263, 45.71086 ], [ -86.669427, 45.715127 ], [ -86.67012, 45.717092 ], [ -86.67205, 45.718505 ], [ -86.671553, 45.720847 ], [ -86.670479, 45.72139 ], [ -86.669195, 45.720827 ], [ -86.667175, 45.722154 ], [ -86.666626, 45.725056 ], [ -86.662762, 45.728964 ], [ -86.658864, 45.729886 ], [ -86.655855, 45.728688 ], [ -86.65146, 45.728123 ], [ -86.649048, 45.729388 ], [ -86.647021, 45.729731 ], [ -86.646432, 45.731069 ], [ -86.647319, 45.732618 ], [ -86.645731, 45.736918 ], [ -86.643897, 45.738348 ], [ -86.643659, 45.739971 ], [ -86.639365, 45.742589 ], [ -86.635448, 45.744844 ], [ -86.633138, 45.747654 ], [ -86.633216, 45.748759 ], [ -86.634435, 45.749474 ], [ -86.636112, 45.748823 ], [ -86.634581, 45.751142 ], [ -86.634399, 45.753912 ], [ -86.632117, 45.755746 ], [ -86.63081, 45.756326 ], [ -86.62677, 45.754751 ], [ -86.627126, 45.752595 ], [ -86.6257, 45.750605 ], [ -86.623561, 45.751019 ], [ -86.622254, 45.757819 ], [ -86.621303, 45.759145 ], [ -86.620233, 45.760389 ], [ -86.620471, 45.762213 ], [ -86.622729, 45.763954 ], [ -86.627126, 45.763208 ], [ -86.630929, 45.762876 ], [ -86.63493, 45.763433 ], [ -86.636965, 45.764738 ], [ -86.636228, 45.766 ], [ -86.63463, 45.767626 ], [ -86.633176, 45.771166 ], [ -86.631285, 45.771912 ], [ -86.627958, 45.77042 ], [ -86.625106, 45.770835 ], [ -86.623561, 45.772244 ], [ -86.62463, 45.773902 ], [ -86.62772, 45.775477 ], [ -86.629741, 45.776969 ], [ -86.631336, 45.779699 ], [ -86.631096, 45.782116 ], [ -86.629257, 45.782915 ], [ -86.622966, 45.783734 ], [ -86.617336, 45.783538 ], [ -86.614959, 45.782565 ], [ -86.614527, 45.781207 ], [ -86.615426, 45.77967 ], [ -86.61421, 45.778404 ], [ -86.612137, 45.779356 ], [ -86.610013, 45.779223 ], [ -86.607147, 45.777987 ], [ -86.605616, 45.774896 ], [ -86.605854, 45.773239 ], [ -86.604309, 45.771746 ], [ -86.600625, 45.771581 ], [ -86.598486, 45.772824 ], [ -86.597661, 45.775385 ], [ -86.596121, 45.777055 ], [ -86.586345, 45.7788 ], [ -86.584973648907507, 45.778540956699501 ], [ -86.583391, 45.778242 ], [ -86.579828, 45.776969 ], [ -86.574005, 45.772741 ], [ -86.566755, 45.770254 ], [ -86.564387970014593, 45.770343362514801 ], [ -86.562358, 45.77042 ], [ -86.559625, 45.772244 ], [ -86.559506, 45.774896 ], [ -86.562137, 45.776958 ], [ -86.564404248437498, 45.778977317964902 ], [ -86.567825, 45.782024 ], [ -86.569964, 45.785505 ], [ -86.573648, 45.786334 ], [ -86.576869, 45.788502 ], [ -86.579947, 45.789897 ], [ -86.581071, 45.791802 ], [ -86.581759, 45.794797 ], [ -86.579264, 45.794915 ], [ -86.579318, 45.796998 ], [ -86.578016, 45.797442 ], [ -86.578021, 45.800464 ], [ -86.575305, 45.803236 ], [ -86.571172, 45.805452 ], [ -86.563392, 45.804469 ], [ -86.560378, 45.807306 ], [ -86.557215, 45.808172 ], [ -86.555547, 45.813499 ], [ -86.556697, 45.8164 ], [ -86.560027, 45.820034 ], [ -86.559229, 45.822731 ], [ -86.558585, 45.82597 ], [ -86.557542, 45.828316 ], [ -86.555186, 45.831696 ], [ -86.551208, 45.835319 ], [ -86.549106, 45.836483 ], [ -86.545602, 45.836495 ], [ -86.541011, 45.837299 ], [ -86.539222, 45.838679 ], [ -86.538831, 45.840083 ], [ -86.538956, 45.842879 ], [ -86.54047, 45.845904 ], [ -86.539631, 45.846436 ], [ -86.53657, 45.846135 ], [ -86.534218, 45.847406 ], [ -86.531314, 45.849404 ], [ -86.529556, 45.851532 ], [ -86.528014, 45.853254 ], [ -86.529321, 45.856151 ], [ -86.528224, 45.856974 ], [ -86.529321, 45.85913 ], [ -86.529353, 45.861117 ], [ -86.529377, 45.864171 ], [ -86.529274, 45.869795 ], [ -86.529573, 45.874974 ], [ -86.532257, 45.879769 ], [ -86.532989, 45.882665 ], [ -86.535206, 45.885805 ], [ -86.541464, 45.890234 ], [ -86.553608, 45.896476 ], [ -86.559498, 45.899249 ], [ -86.567719, 45.9005 ], [ -86.577403, 45.897856 ], [ -86.582323, 45.896113 ], [ -86.583715809859498, 45.895111081717197 ], [ -86.587372, 45.892481 ], [ -86.59021, 45.886534 ], [ -86.593683, 45.883889 ], [ -86.596171, 45.879385 ], [ -86.598874, 45.876576 ], [ -86.601999, 45.875681 ], [ -86.603293, 45.876626 ], [ -86.613536, 45.875982 ], [ -86.617534, 45.873463 ], [ -86.617741, 45.871277 ], [ -86.618346, 45.870384 ], [ -86.620134, 45.870129 ], [ -86.621956, 45.870277 ], [ -86.624403, 45.869782 ], [ -86.625736, 45.868295 ], [ -86.6291, 45.864572 ], [ -86.630362, 45.862037 ], [ -86.633168, 45.860068 ], [ -86.632853, 45.852425 ], [ -86.631778, 45.84919 ], [ -86.631701, 45.84773 ], [ -86.632464, 45.846361 ], [ -86.632478, 45.843309 ], [ -86.633716, 45.842447 ], [ -86.635683, 45.84332 ], [ -86.64103, 45.843568 ], [ -86.644358, 45.842989 ], [ -86.645784, 45.841333 ], [ -86.646497, 45.838187 ], [ -86.646022, 45.835786 ], [ -86.644826, 45.834705 ], [ -86.645998, 45.833888 ], [ -86.647567, 45.83355 ], [ -86.648993, 45.834875 ], [ -86.650656, 45.836614 ], [ -86.65434, 45.837773 ], [ -86.657074, 45.837939 ], [ -86.659926, 45.837276 ], [ -86.660229, 45.836075 ], [ -86.660164, 45.835124 ], [ -86.661827, 45.834213 ], [ -86.66563, 45.834958 ], [ -86.666937, 45.836366 ], [ -86.673084, 45.838316 ], [ -86.680304, 45.839386 ], [ -86.686003, 45.84023 ], [ -86.693167, 45.842112 ], [ -86.699031, 45.843369 ], [ -86.706962, 45.843822 ], [ -86.709296, 45.842726 ], [ -86.712473, 45.842345 ], [ -86.716966, 45.842049 ], [ -86.717865, 45.841068 ], [ -86.717444, 45.840009 ], [ -86.719227, 45.839429 ], [ -86.720151, 45.841604 ], [ -86.720127, 45.843813 ], [ -86.721113, 45.845431 ], [ -86.723855, 45.846958 ], [ -86.72852, 45.848759 ], [ -86.730397, 45.848326 ], [ -86.731738, 45.848591 ], [ -86.73146, 45.850884 ], [ -86.731256, 45.852962 ], [ -86.733639, 45.853403 ], [ -86.7327, 45.855016 ], [ -86.736971, 45.857529 ], [ -86.736719, 45.859164 ], [ -86.740348, 45.860399 ], [ -86.741093, 45.861918 ], [ -86.740656, 45.863062 ], [ -86.742466, 45.864719 ], [ -86.749638, 45.867796 ], [ -86.758449, 45.867274 ], [ -86.769859170885496, 45.8642257906235 ], [ -86.775331, 45.862764 ], [ -86.78208, 45.860195 ], [ -86.784119, 45.856299 ], [ -86.78303, 45.853397 ], [ -86.781125, 45.848861 ], [ -86.782673, 45.84623 ], [ -86.783284, 45.843325 ], [ -86.782478, 45.841131 ], [ -86.786142, 45.838793 ], [ -86.788109, 45.835608 ], [ -86.786152, 45.832529 ], [ -86.782259, 45.82995 ], [ -86.777225, 45.827183 ], [ -86.776059006711293, 45.824734547962201 ], [ -86.774612, 45.821696 ], [ -86.773325, 45.815525 ], [ -86.773279, 45.811385 ], [ -86.775525, 45.807007 ], [ -86.778132, 45.802524 ], [ -86.779003, 45.799177 ], [ -86.775914, 45.7981 ], [ -86.772348, 45.797852 ], [ -86.769377, 45.797437 ], [ -86.771279, 45.796526 ], [ -86.775914, 45.79636 ], [ -86.779598, 45.795697 ], [ -86.783875, 45.794606 ], [ -86.785722, 45.794517 ], [ -86.794809, 45.793792 ], [ -86.796874, 45.793307 ], [ -86.799087, 45.794289 ], [ -86.802653, 45.793543 ], [ -86.805524, 45.791275 ], [ -86.806455, 45.787743 ], [ -86.803836, 45.783683 ], [ -86.802166, 45.781943 ], [ -86.801476, 45.780027 ], [ -86.799087, 45.778212 ], [ -86.799325, 45.776554 ], [ -86.797542, 45.774896 ], [ -86.794571, 45.774731 ], [ -86.792432, 45.774979 ], [ -86.789461, 45.771829 ], [ -86.792432, 45.771912 ], [ -86.79576, 45.772575 ], [ -86.798018, 45.772741 ], [ -86.800038, 45.774482 ], [ -86.802653, 45.776057 ], [ -86.804083, 45.776626 ], [ -86.807334, 45.776309 ], [ -86.810236, 45.775091 ], [ -86.814385, 45.773882 ], [ -86.81804, 45.772528 ], [ -86.821523, 45.770356 ], [ -86.823177, 45.767457 ], [ -86.823743, 45.765486 ], [ -86.821532, 45.762531 ], [ -86.819409, 45.760721 ], [ -86.820597, 45.757902 ], [ -86.820835, 45.756078 ], [ -86.821901, 45.755225 ], [ -86.825572, 45.754024 ], [ -86.826973, 45.753289 ], [ -86.829218, 45.752807 ], [ -86.832058, 45.75108 ], [ -86.832967, 45.748803 ], [ -86.833679, 45.746917 ], [ -86.836255, 45.744812 ], [ -86.838658, 45.741831 ], [ -86.840325, 45.742312 ], [ -86.842107, 45.741565 ], [ -86.843341, 45.738883 ], [ -86.84517, 45.73681 ], [ -86.844161, 45.734773 ], [ -86.844155552889802, 45.734282760080902 ], [ -86.845271, 45.735354 ], [ -86.848276, 45.734135 ], [ -86.848968, 45.732128 ], [ -86.849636, 45.735308 ], [ -86.852669, 45.736939 ], [ -86.854971, 45.74088 ], [ -86.855704, 45.741278 ], [ -86.854788, 45.744155 ], [ -86.855132, 45.745094 ], [ -86.861007, 45.745792 ], [ -86.863274, 45.747744 ], [ -86.863235, 45.824824 ], [ -86.863141, 45.838268 ], [ -86.863394, 45.83882 ], [ -86.864606, 45.839334 ], [ -86.86895, 45.839384 ], [ -86.872801, 45.839873 ], [ -86.873134, 45.857563 ], [ -86.881824, 45.857524 ], [ -86.883604, 45.858384 ], [ -86.884316, 45.860775 ], [ -86.883695, 45.861798 ] ] ] ] } },
{ "type": "Feature", "properties": { "geoid": "26103000500", "county_name": "Marquette County", "place_name": "Hamtramck", "state_name": "Michigan", "state_abbr": "MI", "is_rural": true, "dci_score": 44.9, "dci_quintile": 5.0, "is_cra_lmi": false, "income_level": "U", "is_persistent_poverty": false, "is_tribal_overlap": false, "tribal_area_name": null, "aian_pct": 0.0, "has_nmtc": false, "nmtc_projects": 0, "nmtc_total_usd": 0.0 }, "geometry": { "type": "Polygon", "coordinates": [ [ [ -87.412091, 46.564017 ], [ -87.40571, 46.56402 ], [ -87.405231, 46.560493 ], [ -87.400556, 46.560435 ], [ -87.400578, 46.559172 ], [ -87.397707, 46.559145 ], [ -87.396246, 46.55803 ], [ -87.396306, 46.556569 ], [ -87.39632, 46.554597 ], [ -87.403397, 46.554695 ], [ -87.403388, 46.556273 ], [ -87.411087, 46.556767 ], [ -87.411047, 46.560205 ], [ -87.412091, 46.564017 ] ] ] } },
{ "type": "Feature", "properties": { "geoid": "26125142100", "county_name": "Oakland County", "place_name": null, "state_name": "Michigan", "state_abbr": "MI", "is_rural": false, "dci_score": 86.8, "dci_quintile": 2.0, "is_cra_lmi": true, "income_level": "L", "is_persistent_poverty": false, "is_tribal_overlap": false, "tribal_area_name": null, "aian_pct": 0.0, "has_nmtc": false, "nmtc_projects": 0, "nmtc_total_usd": 0.0 }, "geometry": { "type": "Polygon", "coordinates": [ [ [ -83.308989, 42.640986 ], [ -83.30479, 42.644015 ], [ -83.301405, 42.641553 ], [ -83.298902, 42.639841 ], [ -83.296799, 42.638024 ], [ -83.296203, 42.637504 ], [ -83.294005, 42.634582 ], [ -83.295647, 42.634524 ], [ -83.297105, 42.634263 ], [ -83.299582, 42.633598 ], [ -83.30796, 42.630152 ], [ -83.308559, 42.630912 ], [ -83.308934, 42.635764 ], [ -83.308836, 42.635778 ], [ -83.308989, 42.640986 ] ] ] } },
{ "type": "Feature", "properties": { "geoid": "26135970201", "county_name": "Oscoda County", "place_name": null, "state_name": "Michigan", "state_abbr": "MI", "is_rural": true, "dci_score": 84.2, "dci_quintile": 2.0, "is_cra_lmi": false, "income_level": "U", "is_persistent_poverty": false, "is_tribal_overlap": false, "tribal_area_name": null, "aian_pct": 0.0, "has_nmtc": false, "nmtc_projects": 0, "nmtc_total_usd": 0.0 }, "geometry": { "type": "Polygon", "coordinates": [ [ [ -84.371923, 44.75339 ], [ -84.371779, 44.768899 ], [ -84.371737, 44.855039 ], [ -84.315343, 44.855026 ], [ -84.303306, 44.855218 ], [ -84.30101, 44.85517 ], [ -84.29926, 44.855154 ], [ -84.25232, 44.855749 ], [ -84.131932, 44.854905 ], [ -84.131561, 44.849996 ], [ -84.130835, 44.793203 ], [ -84.131051, 44.791821 ], [ -84.131107, 44.76847 ], [ -84.130458, 44.724816 ], [ -84.150808, 44.72511 ], [ -84.171943, 44.72462 ], [ -84.200047, 44.725218 ], [ -84.20524, 44.725089 ], [ -84.251636, 44.725169 ], [ -84.251347, 44.68159 ], [ -84.371663, 44.681046 ], [ -84.371652, 44.682475 ], [ -84.372004, 44.724819 ], [ -84.371923, 44.75339 ] ] ] } },
{ "type": "Feature", "properties": { "geoid": "26163526400", "county_name": "Wayne County", "place_name": "Detroit", "state_name": "Michigan", "state_abbr": "MI", "is_rural": false, "dci_score": 92.8, "dci_quintile": 1.0, "is_cra_lmi": false, "income_level": "U", "is_persistent_poverty": false, "is_tribal_overlap": false, "tribal_area_name": null, "aian_pct": 0.0, "has_nmtc": false, "nmtc_projects": 0, "nmtc_total_usd": 0.0 }, "geometry": { "type": "Polygon", "coordinates": [ [ [ -83.137789, 42.344927 ], [ -83.136171, 42.344961 ], [ -83.130381, 42.344638 ], [ -83.127399, 42.340829 ], [ -83.124856, 42.337325 ], [ -83.13031, 42.335154 ], [ -83.132965, 42.338622 ], [ -83.137086, 42.344047 ], [ -83.137789, 42.344927 ] ] ] } },
{ "type": "Feature", "properties": { "geoid": "26027001901", "county_name": "Cass County", "place_name": "Detroit", "state_name": "Michigan", "state_abbr": "MI", "is_rural": true, "dci_score": 68.1, "dci_quintile": 4.0, "is_cra_lmi": true, "income_level": "M", "is_persistent_poverty": false, "is_tribal_overlap": false, "tribal_area_name": null, "aian_pct": 0.0, "has_nmtc": false, "nmtc_projects": 0, "nmtc_total_usd": 0.0 }, "geometry": { "type": "Polygon", "coordinates": [ [ [ -86.222838, 42.020644 ], [ -86.165531, 42.020191 ], [ -86.16553, 42.016597 ], [ -86.155812, 42.016398 ], [ -86.145461, 42.009045 ], [ -86.144645, 42.009299 ], [ -86.136127, 42.013667 ], [ -86.131724, 42.016191 ], [ -86.130228, 42.017366 ], [ -86.12182, 42.018574 ], [ -86.119814, 42.019578 ], [ -86.118124, 42.020631 ], [ -86.114837, 42.024116 ], [ -86.108803, 42.027545 ], [ -86.107604, 42.02785 ], [ -86.107456, 42.010589 ], [ -86.10735, 41.998487 ], [ -86.107305, 41.994729 ], [ -86.107293, 41.984105 ], [ -86.107645, 41.983728 ], [ -86.112922, 41.983732 ], [ -86.114505, 41.983807 ], [ -86.117057, 41.985012 ], [ -86.119499, 41.984974 ], [ -86.124087, 41.983668 ], [ -86.124089, 41.983914 ], [ -86.131521, 41.98381 ], [ -86.133231, 41.98385 ], [ -86.213805, 41.984478 ], [ -86.222821, 41.984593 ], [ -86.222821, 41.995461 ], [ -86.222865, 42.012573 ], [ -86.222838, 42.020644 ] ] ] } },
{ "type": "Feature", "properties": { "geoid": "26075005501", "county_name": "Jackson County", "place_name": "Detroit", "state_name": "Michigan", "state_abbr": "MI", "is_rural": true, "dci_score": 85.8, "dci_quintile": 2.0, "is_cra_lmi": true, "income_level": "M", "is_persistent_poverty": false, "is_tribal_overlap": false, "tribal_area_name": null, "aian_pct": 0.0, "has_nmtc": false, "nmtc_projects": 0, "nmtc_total_usd": 0.0 }, "geometry": { "type": "Polygon", "coordinates": [ [ [ -84.483208, 42.262067 ], [ -84.483176, 42.269066 ], [ -84.483084, 42.27661 ], [ -84.461096, 42.276503 ], [ -84.453277, 42.276498 ], [ -84.442953, 42.276511 ], [ -84.4344, 42.276585 ], [ -84.433866, 42.276804 ], [ -84.431684, 42.278582 ], [ -84.425048, 42.269204 ], [ -84.429658, 42.26919 ], [ -84.429677, 42.27087 ], [ -84.432883, 42.270175 ], [ -84.433088, 42.269311 ], [ -84.433103, 42.261976 ], [ -84.442939, 42.26198 ], [ -84.448252, 42.261975 ], [ -84.452397, 42.261993 ], [ -84.453029, 42.261764 ], [ -84.45258, 42.254704 ], [ -84.460842, 42.254713 ], [ -84.462057, 42.254229 ], [ -84.464622, 42.254691 ], [ -84.476065, 42.254888 ], [ -84.483274, 42.254722 ], [ -84.483208, 42.262067 ] ] ] } },
{ "type": "Feature", "properties": { "geoid": "26145011001", "county_name": "Saginaw County", "place_name": "Detroit", "state_name": "Michigan", "state_abbr": "MI", "is_rural": true, "dci_score": 97.1, "dci_quintile": 1.0, "is_cra_lmi": true, "income_level": "M", "is_persistent_poverty": false, "is_tribal_overlap": false, "tribal_area_name": null, "aian_pct": 0.0, "has_nmtc": false, "nmtc_projects": 0, "nmtc_total_usd": 0.0 }, "geometry": { "type": "Polygon", "coordinates": [ [ [ -83.927167, 43.400385 ], [ -83.912093, 43.400379 ], [ -83.911433, 43.400367 ], [ -83.907035, 43.400327 ], [ -83.900362, 43.400317 ], [ -83.897229, 43.400345 ], [ -83.894808, 43.40114 ], [ -83.890998, 43.401159 ], [ -83.886615, 43.400277 ], [ -83.877046, 43.400196 ], [ -83.877186, 43.39343 ], [ -83.877089, 43.392943 ], [ -83.886714, 43.393127 ], [ -83.887374, 43.39309 ], [ -83.897019, 43.392836 ], [ -83.907065, 43.392874 ], [ -83.926841, 43.393238 ], [ -83.927167, 43.400385 ] ] ] } },
{ "type": "Feature", "properties": { "geoid": "26073000401", "county_name": "Isabella County", "place_name": null, "state_name": "Michigan", "state_abbr": "MI", "is_rural": true, "dci_score": 61.3, "dci_quintile": 4.0, "is_cra_lmi": false, "income_level": "U", "is_persistent_poverty": false, "is_tribal_overlap": false, "tribal_area_name": null, "aian_pct": 0.0, "has_nmtc": false, "nmtc_projects": 0, "nmtc_total_usd": 0.0 }, "geometry": { "type": "Polygon", "coordinates": [ [ [ -84.787558, 43.589565 ], [ -84.785011, 43.589775 ], [ -84.780127, 43.589813 ], [ -84.777516, 43.589811 ], [ -84.77741, 43.584701 ], [ -84.777567, 43.582527 ], [ -84.780868, 43.582508 ], [ -84.787418, 43.582465 ], [ -84.787558, 43.589565 ] ] ] } },
{ "type": "Feature", "properties": { "geoid": "26125181001", "county_name": "Oakland County", "place_name": "Detroit", "state_name": "Michigan", "state_abbr": "MI", "is_rural": false, "dci_score": 60.5, "dci_quintile": 4.0, "is_cra_lmi": true, "income_level": "L", "is_persistent_poverty": false, "is_tribal_overlap": false, "tribal_area_name": null, "aian_pct": 0.0, "has_nmtc": false, "nmtc_projects": 0, "nmtc_total_usd": 0.0 }, "geometry": { "type": "Polygon", "coordinates": [ [ [ -83.116247, 42.533992 ], [ -83.111783, 42.534008 ], [ -83.107133, 42.534127 ], [ -83.106745, 42.527217 ], [ -83.101775, 42.527148 ], [ -83.097377, 42.527087 ], [ -83.089614, 42.525307 ], [ -83.086464, 42.525258 ], [ -83.086246, 42.520018 ], [ -83.08768, 42.519856 ], [ -83.093523, 42.520168 ], [ -83.093598, 42.520172 ], [ -83.095579, 42.520305 ], [ -83.101548, 42.520191 ], [ -83.106439, 42.520046 ], [ -83.107641, 42.52002 ], [ -83.114239, 42.519837 ], [ -83.115593, 42.519795 ], [ -83.116247, 42.533992 ] ] ] } },
{ "type": "Feature", "properties": { "geoid": "26125141002", "county_name": "Oakland County", "place_name": null, "state_name": "Michigan", "state_abbr": "MI", "is_rural": false, "dci_score": 83.2, "dci_quintile": 2.0, "is_cra_lmi": true, "income_level": "M", "is_persistent_poverty": false, "is_tribal_overlap": false, "tribal_area_name": null, "aian_pct": 0.0, "has_nmtc": false, "nmtc_projects": 0, "nmtc_total_usd": 0.0 }, "geometry": { "type": "Polygon", "coordinates": [ [ [ -83.26147, 42.685198 ], [ -83.251643, 42.685591 ], [ -83.251306, 42.678222 ], [ -83.25086, 42.678237 ], [ -83.25147, 42.67762 ], [ -83.251795, 42.677193 ], [ -83.253668, 42.672195 ], [ -83.254766, 42.671152 ], [ -83.258973, 42.66874 ], [ -83.260634, 42.670181 ], [ -83.261124, 42.677945 ], [ -83.26147, 42.685198 ] ] ] } },
{ "type": "Feature", "properties": { "geoid": "26081012609", "county_name": "Kent County", "place_name": "Warren", "state_name": "Michigan", "state_abbr": "MI", "is_rural": false, "dci_score": 15.3, "dci_quintile": 5.0, "is_cra_lmi": true, "income_level": "M", "is_persistent_poverty": false, "is_tribal_overlap": false, "tribal_area_name": null, "aian_pct": 0.0, "has_nmtc": false, "nmtc_projects": 0, "nmtc_total_usd": 0.0 }, "geometry": { "type": "Polygon", "coordinates": [ [ [ -85.584449, 42.926934 ], [ -85.579583, 42.92695 ], [ -85.579541, 42.926951 ], [ -85.56958, 42.926985 ], [ -85.569349, 42.92347 ], [ -85.569163, 42.920574 ], [ -85.571111, 42.920591 ], [ -85.575217, 42.919742 ], [ -85.579682, 42.919715 ], [ -85.582007, 42.922084 ], [ -85.584084, 42.922051 ], [ -85.584449, 42.926934 ] ] ] } },
{ "type": "Feature", "properties": { "geoid": "26163574301", "county_name": "Wayne County", "place_name": null, "state_name": "Michigan", "state_abbr": "MI", "is_rural": false, "dci_score": 95.5, "dci_quintile": 1.0, "is_cra_lmi": false, "income_level": "U", "is_persistent_poverty": false, "is_tribal_overlap": false, "tribal_area_name": null, "aian_pct": 0.0, "has_nmtc": false, "nmtc_projects": 0, "nmtc_total_usd": 0.0 }, "geometry": { "type": "Polygon", "coordinates": [ [ [ -83.204162, 42.329025 ], [ -83.195801, 42.329185 ], [ -83.195592, 42.32919 ], [ -83.195403, 42.32455 ], [ -83.195297, 42.322165 ], [ -83.195052, 42.316855 ], [ -83.194929, 42.316427 ], [ -83.202432, 42.314511 ], [ -83.203855, 42.321846 ], [ -83.204162, 42.329025 ] ] ] } },
{ "type": "Feature", "properties": { "geoid": "26163565301", "county_name": "Wayne County", "place_name": null, "state_name": "Michigan", "state_abbr": "MI", "is_rural": false, "dci_score": 73.3, "dci_quintile": 3.0, "is_cra_lmi": true, "income_level": "L", "is_persistent_poverty": false, "is_tribal_overlap": false, "tribal_area_name": null, "aian_pct": 0.0, "has_nmtc": false, "nmtc_projects": 0, "nmtc_total_usd": 0.0 }, "geometry": { "type": "Polygon", "coordinates": [ [ [ -83.400238, 42.338564 ], [ -83.399684, 42.339223 ], [ -83.396712, 42.34106 ], [ -83.398904, 42.343761 ], [ -83.398903, 42.344548 ], [ -83.398746, 42.347051 ], [ -83.398016, 42.348153 ], [ -83.391668, 42.348929 ], [ -83.392983, 42.350757 ], [ -83.391785, 42.35207 ], [ -83.386079, 42.351839 ], [ -83.38583, 42.350748 ], [ -83.385654, 42.34933 ], [ -83.385311, 42.345244 ], [ -83.385221, 42.343657 ], [ -83.384972, 42.338933 ], [ -83.389766, 42.338832 ], [ -83.399808, 42.338623 ], [ -83.400238, 42.338564 ] ] ] } },
{ "type": "Feature", "properties": { "geoid": "26163505700", "county_name": "Wayne County", "place_name": "Eastpointe", "state_name": "Michigan", "state_abbr": "MI", "is_rural": false, "dci_score": 95.6, "dci_quintile": 1.0, "is_cra_lmi": true, "income_level": "M", "is_persistent_poverty": false, "is_tribal_overlap": false, "tribal_area_name": null, "aian_pct": 0.0, "has_nmtc": false, "nmtc_projects": 0, "nmtc_total_usd": 0.0 }, "geometry": { "type": "Polygon", "coordinates": [ [ [ -83.023713, 42.419506 ], [ -83.019453, 42.419559 ], [ -83.013717, 42.419681 ], [ -83.011331, 42.417298 ], [ -83.00738, 42.412725 ], [ -82.997504, 42.404909 ], [ -82.997245, 42.40471 ], [ -82.994762, 42.402745 ], [ -82.989321, 42.397179 ], [ -82.987766, 42.396638 ], [ -82.988185, 42.396326 ], [ -82.992398, 42.393465 ], [ -82.995926, 42.392393 ], [ -83.003352, 42.392073 ], [ -83.006248, 42.391544 ], [ -83.008292, 42.390947 ], [ -83.020176, 42.386277 ], [ -83.022395, 42.389468 ], [ -83.022681, 42.393224 ], [ -83.02269, 42.393428 ], [ -83.023, 42.400953 ], [ -83.023713, 42.419506 ] ] ] } },
{ "type": "Feature", "properties": { "geoid": "26163513800", "county_name": "Wayne County", "place_name": null, "state_name": "Michigan", "state_abbr": "MI", "is_rural": false, "dci_score": 84.2, "dci_quintile": 2.0, "is_cra_lmi": true, "income_level": "L", "is_persistent_poverty": false, "is_tribal_overlap": false, "tribal_area_name": null, "aian_pct": 0.0, "has_nmtc": false, "nmtc_projects": 0, "nmtc_total_usd": 0.0 }, "geometry": { "type": "Polygon", "coordinates": [ [ [ -82.99412, 42.372046 ], [ -82.989499, 42.365637 ], [ -82.981675, 42.368667 ], [ -82.973625, 42.371581 ], [ -82.970611, 42.366982 ], [ -82.978884, 42.363058 ], [ -82.984589, 42.358817 ], [ -82.988993, 42.355379 ], [ -82.993108, 42.361087 ], [ -82.999297, 42.369714 ], [ -82.99412, 42.372046 ] ] ] } },
{ "type": "Feature", "properties": { "geoid": "26163541000", "county_name": "Wayne County", "place_name": null, "state_name": "Michigan", "state_abbr": "MI", "is_rural": false, "dci_score": 95.8, "dci_quintile": 1.0, "is_cra_lmi": false, "income_level": "U", "is_persistent_poverty": false, "is_tribal_overlap": false, "tribal_area_name": null, "aian_pct": 0.0, "has_nmtc": false, "nmtc_projects": 0, "nmtc_total_usd": 0.0 }, "geometry": { "type": "Polygon", "coordinates": [ [ [ -83.258572, 42.436355 ], [ -83.250119, 42.436543 ], [ -83.244484, 42.436651 ], [ -83.239136, 42.436772 ], [ -83.238994, 42.433172 ], [ -83.238866, 42.429572 ], [ -83.24426, 42.429442 ], [ -83.249824, 42.429309 ], [ -83.258292, 42.42912 ], [ -83.258572, 42.436355 ] ] ] } },
{ "type": "Feature", "properties": { "geoid": "26163540500", "county_name": "Wayne County", "place_name": null, "state_name": "Michigan", "state_abbr": "MI", "is_rural": false, "dci_score": 95.8, "dci_quintile": 1.0, "is_cra_lmi": true, "income_level": "M", "is_persistent_poverty": false, "is_tribal_overlap": false, "tribal_area_name": null, "aian_pct": 0.0, "has_nmtc": false, "nmtc_projects": 0, "nmtc_total_usd": 0.0 }, "geometry": { "type": "Polygon", "coordinates": [ [ [ -83.229786, 42.429823 ], [ -83.227774, 42.429864 ], [ -83.219233, 42.43002 ], [ -83.218958, 42.422785 ], [ -83.218712, 42.415553 ], [ -83.218895, 42.415548 ], [ -83.229214, 42.415347 ], [ -83.229449, 42.422569 ], [ -83.22966, 42.42666 ], [ -83.229786, 42.429823 ] ] ] } },
{ "type": "Feature", "properties": { "geoid": "26163507300", "county_name": "Wayne County", "place_name": null, "state_name": "Michigan", "state_abbr": "MI", "is_rural": false, "dci_score": 89.7, "dci_quintile": 2.0, "is_cra_lmi": true, "income_level": "M", "is_persistent_poverty": false, "is_tribal_overlap": false, "tribal_area_name": null, "aian_pct": 0.0, "has_nmtc": false, "nmtc_projects": 0, "nmtc_total_usd": 0.0 }, "geometry": { "type": "Polygon", "coordinates": [ [ [ -83.094654, 42.432484 ], [ -83.082894, 42.432901 ], [ -83.082544, 42.42534 ], [ -83.082457, 42.423301 ], [ -83.08225, 42.418432 ], [ -83.08775, 42.418235 ], [ -83.093184, 42.424915 ], [ -83.094056, 42.426681 ], [ -83.094654, 42.432484 ] ] ] } },
{ "type": "Feature", "properties": { "geoid": "26163507100", "county_name": "Wayne County", "place_name": null, "state_name": "Michigan", "state_abbr": "MI", "is_rural": false, "dci_score": 98.4, "dci_quintile": 1.0, "is_cra_lmi": true, "income_level": "M", "is_persistent_poverty": false, "is_tribal_overlap": false, "tribal_area_name": null, "aian_pct": 0.0, "has_nmtc": false, "nmtc_projects": 0, "nmtc_total_usd": 0.0 }, "geometry": { "type": "Polygon", "coordinates": [ [ [ -83.082894, 42.432901 ], [ -83.073673, 42.432929 ], [ -83.068614, 42.425834 ], [ -83.067153, 42.423789 ], [ -83.068061, 42.423466 ], [ -83.082457, 42.423301 ], [ -83.082544, 42.42534 ], [ -83.082894, 42.432901 ] ] ] } },
{ "type": "Feature", "properties": { "geoid": "26163577800", "county_name": "Wayne County", "place_name": null, "state_name": "Michigan", "state_abbr": "MI", "is_rural": false, "dci_score": 86.1, "dci_quintile": 2.0, "is_cra_lmi": false, "income_level": "U", "is_persistent_poverty": false, "is_tribal_overlap": false, "tribal_area_name": null, "aian_pct": 0.0, "has_nmtc": false, "nmtc_projects": 0, "nmtc_total_usd": 0.0 }, "geometry": { "type": "Polygon", "coordinates": [ [ [ -83.202189, 42.237035 ], [ -83.199385, 42.239445 ], [ -83.198831, 42.239305 ], [ -83.194926, 42.239409 ], [ -83.187128, 42.239591 ], [ -83.180334, 42.239762 ], [ -83.18026, 42.236724 ], [ -83.180576, 42.233667 ], [ -83.181086, 42.228869 ], [ -83.194516, 42.22848 ], [ -83.200635, 42.228231 ], [ -83.202031, 42.232498 ], [ -83.202189, 42.237035 ] ] ] } },
{ "type": "Feature", "properties": { "geoid": "26163579100", "county_name": "Wayne County", "place_name": null, "state_name": "Michigan", "state_abbr": "MI", "is_rural": false, "dci_score": 98.3, "dci_quintile": 1.0, "is_cra_lmi": true, "income_level": "M", "is_persistent_poverty": false, "is_tribal_overlap": false, "tribal_area_name": null, "aian_pct": 0.0, "has_nmtc": false, "nmtc_projects": 0, "nmtc_total_usd": 0.0 }, "geometry": { "type": "Polygon", "coordinates": [ [ [ -83.1359, 42.282266 ], [ -83.135744, 42.282589 ], [ -83.13157, 42.281408 ], [ -83.12879, 42.280791 ], [ -83.130636, 42.278443 ], [ -83.126875, 42.276801 ], [ -83.12583, 42.272765 ], [ -83.123601, 42.271612 ], [ -83.125853, 42.269151 ], [ -83.129854, 42.270965 ], [ -83.1344, 42.273038 ], [ -83.134303, 42.273368 ], [ -83.138533, 42.274451 ], [ -83.1359, 42.282266 ] ] ] } },
{ "type": "Feature", "properties": { "geoid": "26163539300", "county_name": "Wayne County", "place_name": null, "state_name": "Michigan", "state_abbr": "MI", "is_rural": false, "dci_score": 92.6, "dci_quintile": 1.0, "is_cra_lmi": false, "income_level": "U", "is_persistent_poverty": false, "is_tribal_overlap": false, "tribal_area_name": null, "aian_pct": 0.0, "has_nmtc": false, "nmtc_projects": 0, "nmtc_total_usd": 0.0 }, "geometry": { "type": "Polygon", "coordinates": [ [ [ -83.190355, 42.437956 ], [ -83.186732, 42.438097 ], [ -83.180759, 42.438322 ], [ -83.170992, 42.438433 ], [ -83.170698, 42.431249 ], [ -83.17548, 42.43117 ], [ -83.180507, 42.431078 ], [ -83.187158, 42.430821 ], [ -83.194372, 42.43783 ], [ -83.190355, 42.437956 ] ] ] } },
{ "type": "Feature", "properties": { "geoid": "26163538800", "county_name": "Wayne County", "place_name": null, "state_name": "Michigan", "state_abbr": "MI", "is_rural": false, "dci_score": 86.2, "dci_quintile": 2.0, "is_cra_lmi": true, "income_level": "M", "is_persistent_poverty": false, "is_tribal_overlap": false, "tribal_area_name": null, "aian_pct": 0.0, "has_nmtc": false, "nmtc_projects": 0, "nmtc_total_usd": 0.0 }, "geometry": { "type": "Polygon", "coordinates": [ [ [ -83.170992, 42.438433 ], [ -83.165671, 42.438919 ], [ -83.161227, 42.438854 ], [ -83.161215, 42.438512 ], [ -83.161111, 42.435045 ], [ -83.160984, 42.431347 ], [ -83.170698, 42.431249 ], [ -83.170992, 42.438433 ] ] ] } },
{ "type": "Feature", "properties": { "geoid": "26163505400", "county_name": "Wayne County", "place_name": "Saginaw", "state_name": "Michigan", "state_abbr": "MI", "is_rural": false, "dci_score": 98.7, "dci_quintile": 1.0, "is_cra_lmi": true, "income_level": "M", "is_persistent_poverty": false, "is_tribal_overlap": false, "tribal_area_name": null, "aian_pct": 0.0, "has_nmtc": false, "nmtc_projects": 0, "nmtc_total_usd": 0.0 }, "geometry": { "type": "Polygon", "coordinates": [ [ [ -83.003159, 42.420245 ], [ -82.998977, 42.421749 ], [ -82.984889, 42.42679 ], [ -82.983069, 42.426929 ], [ -82.987381, 42.42037 ], [ -82.989482, 42.417154 ], [ -82.995098, 42.408576 ], [ -82.995729, 42.408807 ], [ -82.999998, 42.415324 ], [ -83.003159, 42.420245 ] ] ] } },
{ "type": "Feature", "properties": { "geoid": "26163569200", "county_name": "Wayne County", "place_name": null, "state_name": "Michigan", "state_abbr": "MI", "is_rural": false, "dci_score": 51.9, "dci_quintile": 5.0, "is_cra_lmi": false, "income_level": "U", "is_persistent_poverty": false, "is_tribal_overlap": false, "tribal_area_name": null, "aian_pct": 0.0, "has_nmtc": false, "nmtc_projects": 0, "nmtc_total_usd": 0.0 }, "geometry": { "type": "Polygon", "coordinates": [ [ [ -83.331257, 42.333014 ], [ -83.32159, 42.333153 ], [ -83.311805, 42.333284 ], [ -83.311496, 42.326188 ], [ -83.321326, 42.325884 ], [ -83.330932, 42.325601 ], [ -83.331252, 42.332914 ], [ -83.331257, 42.333014 ] ] ] } },
{ "type": "Feature", "properties": { "geoid": "26163537700", "county_name": "Wayne County", "place_name": null, "state_name": "Michigan", "state_abbr": "MI", "is_rural": false, "dci_score": 95.9, "dci_quintile": 1.0, "is_cra_lmi": true, "income_level": "M", "is_persistent_poverty": false, "is_tribal_overlap": false, "tribal_area_name": null, "aian_pct": 0.0, "has_nmtc": false, "nmtc_projects": 0, "nmtc_total_usd": 0.0 }, "geometry": { "type": "Polygon", "coordinates": [ [ [ -83.198695, 42.401513 ], [ -83.193827, 42.401665 ], [ -83.188917, 42.401818 ], [ -83.184526, 42.401938 ], [ -83.184224, 42.394666 ], [ -83.188616, 42.394537 ], [ -83.193522, 42.394404 ], [ -83.198422, 42.394273 ], [ -83.198695, 42.401513 ] ] ] } },
{ "type": "Feature", "properties": { "geoid": "26163536400", "county_name": "Wayne County", "place_name": "Bay City", "state_name": "Michigan", "state_abbr": "MI", "is_rural": false, "dci_score": 99.3, "dci_quintile": 1.0, "is_cra_lmi": true, "income_level": "M", "is_persistent_poverty": false, "is_tribal_overlap": false, "tribal_area_name": null, "aian_pct": 0.0, "has_nmtc": false, "nmtc_projects": 0, "nmtc_total_usd": 0.0 }, "geometry": { "type": "Polygon", "coordinates": [ [ [ -83.159688, 42.402515 ], [ -83.15053, 42.402578 ], [ -83.140255, 42.402664 ], [ -83.140149, 42.40039 ], [ -83.139938, 42.395418 ], [ -83.148983, 42.395332 ], [ -83.150089, 42.395323 ], [ -83.15935, 42.39524 ], [ -83.159473, 42.39797 ], [ -83.159573, 42.400241 ], [ -83.159688, 42.402515 ] ] ] } },
{ "type": "Feature", "properties": { "geoid": "26163503900", "county_name": "Wayne County", "place_name": "Bay City", "state_name": "Michigan", "state_abbr": "MI", "is_rural": false, "dci_score": 95.8, "dci_quintile": 1.0, "is_cra_lmi": true, "income_level": "M", "is_persistent_poverty": false, "is_tribal_overlap": false, "tribal_area_name": null, "aian_pct": 0.0, "has_nmtc": false, "nmtc_projects": 0, "nmtc_total_usd": 0.0 }, "geometry": { "type": "Polygon", "coordinates": [ [ [ -82.995098, 42.408576 ], [ -82.989482, 42.417154 ], [ -82.987381, 42.42037 ], [ -82.983607, 42.420453 ], [ -82.983589, 42.418746 ], [ -82.98045, 42.413884 ], [ -82.979356, 42.412158 ], [ -82.987563, 42.409304 ], [ -82.993413, 42.407272 ], [ -82.996448, 42.406515 ], [ -82.995098, 42.408576 ] ] ] } },
{ "type": "Feature", "properties": { "geoid": "26163503400", "county_name": "Wayne County", "place_name": "Montrose", "state_name": "Michigan", "state_abbr": "MI", "is_rural": false, "dci_score": 98.9, "dci_quintile": 1.0, "is_cra_lmi": true, "income_level": "M", "is_persistent_poverty": false, "is_tribal_overlap": false, "tribal_area_name": null, "aian_pct": 0.0, "has_nmtc": false, "nmtc_projects": 0, "nmtc_total_usd": 0.0 }, "geometry": { "type": "Polygon", "coordinates": [ [ [ -82.985407, 42.442205 ], [ -82.978042, 42.442394 ], [ -82.972807, 42.442501 ], [ -82.977696, 42.435077 ], [ -82.985125, 42.434917 ], [ -82.985407, 42.442205 ] ] ] } },
{ "type": "Feature", "properties": { "geoid": "26163570800", "county_name": "Wayne County", "place_name": null, "state_name": "Michigan", "state_abbr": "MI", "is_rural": false, "dci_score": 98.9, "dci_quintile": 1.0, "is_cra_lmi": true, "income_level": "M", "is_persistent_poverty": false, "is_tribal_overlap": false, "tribal_area_name": null, "aian_pct": 0.0, "has_nmtc": false, "nmtc_projects": 0, "nmtc_total_usd": 0.0 }, "geometry": { "type": "Polygon", "coordinates": [ [ [ -83.32928, 42.287687 ], [ -83.309907, 42.290967 ], [ -83.309564, 42.282731 ], [ -83.309311, 42.275505 ], [ -83.328751, 42.275106 ], [ -83.328937, 42.279867 ], [ -83.329034, 42.282327 ], [ -83.32928, 42.287687 ] ] ] } },
{ "type": "Feature", "properties": { "geoid": "26163536300", "county_name": "Wayne County", "place_name": "Flint", "state_name": "Michigan", "state_abbr": "MI", "is_rural": false, "dci_score": 99.3, "dci_quintile": 1.0, "is_cra_lmi": true, "income_level": "M", "is_persistent_poverty": false, "is_tribal_overlap": false, "tribal_area_name": null, "aian_pct": 0.0, "has_nmtc": false, "nmtc_projects": 0, "nmtc_total_usd": 0.0 }, "geometry": { "type": "Polygon", "coordinates": [ [ [ -83.160004, 42.409707 ], [ -83.150955, 42.409798 ], [ -83.150799, 42.4098 ], [ -83.145904, 42.409851 ], [ -83.140537, 42.409904 ], [ -83.140349, 42.404957 ], [ -83.140343, 42.404807 ], [ -83.140255, 42.402664 ], [ -83.15053, 42.402578 ], [ -83.159688, 42.402515 ], [ -83.159824, 42.405324 ], [ -83.160004, 42.409707 ] ] ] } },
{ "type": "Feature", "properties": { "geoid": "26163501500", "county_name": "Wayne County", "place_name": "Flint", "state_name": "Michigan", "state_abbr": "MI", "is_rural": false, "dci_score": 78.7, "dci_quintile": 3.0, "is_cra_lmi": true, "income_level": "M", "is_persistent_poverty": false, "is_tribal_overlap": false, "tribal_area_name": null, "aian_pct": 0.0, "has_nmtc": false, "nmtc_projects": 0, "nmtc_total_usd": 0.0 }, "geometry": { "type": "Polygon", "coordinates": [ [ [ -82.934355, 42.418834 ], [ -82.933594, 42.419344 ], [ -82.931535, 42.421115 ], [ -82.927656, 42.426062 ], [ -82.927151, 42.425789 ], [ -82.917992, 42.422012 ], [ -82.916327, 42.421354 ], [ -82.917355, 42.419945 ], [ -82.915035, 42.419007 ], [ -82.916684, 42.417009 ], [ -82.921742, 42.415034 ], [ -82.928181, 42.412699 ], [ -82.933005, 42.410924 ], [ -82.937228, 42.417333 ], [ -82.934355, 42.418834 ] ] ] } },
{ "type": "Feature", "properties": { "geoid": "26163500700", "county_name": "Wayne County", "place_name": "Flint", "state_name": "Michigan", "state_abbr": "MI", "is_rural": false, "dci_score": 95.7, "dci_quintile": 1.0, "is_cra_lmi": true, "income_level": "M", "is_persistent_poverty": false, "is_tribal_overlap": false, "tribal_area_name": null, "aian_pct": 0.0, "has_nmtc": false, "nmtc_projects": 0, "nmtc_total_usd": 0.0 }, "geometry": { "type": "Polygon", "coordinates": [ [ [ -82.953192, 42.434404 ], [ -82.952328, 42.435667 ], [ -82.951802, 42.436373 ], [ -82.951603, 42.436297 ], [ -82.951357, 42.435809 ], [ -82.947855, 42.434373 ], [ -82.943612, 42.432637 ], [ -82.940416, 42.431329 ], [ -82.937382, 42.43009 ], [ -82.942786, 42.423174 ], [ -82.945751, 42.424385 ], [ -82.948908, 42.425676 ], [ -82.953137, 42.427405 ], [ -82.957252, 42.429101 ], [ -82.953192, 42.434404 ] ] ] } },
{ "type": "Feature", "properties": { "geoid": "26163579600", "county_name": "Wayne County", "place_name": "Flint", "state_name": "Michigan", "state_abbr": "MI", "is_rural": false, "dci_score": 99.6, "dci_quintile": 1.0, "is_cra_lmi": false, "income_level": "U", "is_persistent_poverty": false, "is_tribal_overlap": false, "tribal_area_name": null, "aian_pct": 0.0, "has_nmtc": false, "nmtc_projects": 0, "nmtc_total_usd": 0.0 }, "geometry": { "type": "Polygon", "coordinates": [ [ [ -83.160859, 42.255192 ], [ -83.153033, 42.264401 ], [ -83.150868, 42.263376 ], [ -83.146151, 42.261034 ], [ -83.143887, 42.25977 ], [ -83.146041, 42.252992 ], [ -83.147266, 42.249143 ], [ -83.149132, 42.249639 ], [ -83.151102, 42.250409 ], [ -83.155754, 42.252213 ], [ -83.158826, 42.253839 ], [ -83.159662, 42.254326 ], [ -83.160859, 42.255192 ] ] ] } },
{ "type": "Feature", "properties": { "geoid": "26163534200", "county_name": "Wayne County", "place_name": null, "state_name": "Michigan", "state_abbr": "MI", "is_rural": false, "dci_score": 96.6, "dci_quintile": 1.0, "is_cra_lmi": true, "income_level": "L", "is_persistent_poverty": false, "is_tribal_overlap": false, "tribal_area_name": null, "aian_pct": 0.0, "has_nmtc": false, "nmtc_projects": 0, "nmtc_total_usd": 0.0 }, "geometry": { "type": "Polygon", "coordinates": [ [ [ -83.168602, 42.385283 ], [ -83.165553, 42.385448 ], [ -83.158979, 42.385423 ], [ -83.153464, 42.385083 ], [ -83.14903, 42.38344 ], [ -83.147314, 42.382006 ], [ -83.146637, 42.381033 ], [ -83.146138, 42.379672 ], [ -83.146178, 42.376012 ], [ -83.146014, 42.373528 ], [ -83.144971, 42.371153 ], [ -83.15072, 42.373468 ], [ -83.151142, 42.373635 ], [ -83.15763, 42.376253 ], [ -83.158688, 42.376678 ], [ -83.168452, 42.380491 ], [ -83.168457, 42.380593 ], [ -83.168602, 42.385283 ] ] ] } },
{ "type": "Feature", "properties": { "geoid": "26163532700", "county_name": "Wayne County", "place_name": null, "state_name": "Michigan", "state_abbr": "MI", "is_rural": false, "dci_score": 92.4, "dci_quintile": 1.0, "is_cra_lmi": true, "income_level": "M", "is_persistent_poverty": false, "is_tribal_overlap": false, "tribal_area_name": null, "aian_pct": 0.0, "has_nmtc": false, "nmtc_projects": 0, "nmtc_total_usd": 0.0 }, "geometry": { "type": "Polygon", "coordinates": [ [ [ -83.099313, 42.376441 ], [ -83.096566, 42.377435 ], [ -83.090225, 42.379716 ], [ -83.086363, 42.374053 ], [ -83.092722, 42.371699 ], [ -83.095342, 42.370766 ], [ -83.098808, 42.37593 ], [ -83.099313, 42.376441 ] ] ] } },
{ "type": "Feature", "properties": { "geoid": "26163531800", "county_name": "Wayne County", "place_name": null, "state_name": "Michigan", "state_abbr": "MI", "is_rural": false, "dci_score": 96.5, "dci_quintile": 1.0, "is_cra_lmi": false, "income_level": "NA", "is_persistent_poverty": false, "is_tribal_overlap": false, "tribal_area_name": null, "aian_pct": 0.0, "has_nmtc": false, "nmtc_projects": 0, "nmtc_total_usd": 0.0 }, "geometry": { "type": "Polygon", "coordinates": [ [ [ -83.12203, 42.393019 ], [ -83.113195, 42.396299 ], [ -83.110695, 42.392677 ], [ -83.1102, 42.39196 ], [ -83.107317, 42.387799 ], [ -83.116209, 42.38448 ], [ -83.117928, 42.386933 ], [ -83.118757, 42.388164 ], [ -83.119599, 42.38941 ], [ -83.120621, 42.39093 ], [ -83.12203, 42.393019 ] ] ] } },
{ "type": "Feature", "properties": { "geoid": "26163553800", "county_name": "Wayne County", "place_name": null, "state_name": "Michigan", "state_abbr": "MI", "is_rural": false, "dci_score": 89.3, "dci_quintile": 2.0, "is_cra_lmi": true, "income_level": "M", "is_persistent_poverty": false, "is_tribal_overlap": false, "tribal_area_name": null, "aian_pct": 0.0, "has_nmtc": false, "nmtc_projects": 0, "nmtc_total_usd": 0.0 }, "geometry": { "type": "Polygon", "coordinates": [ [ [ -83.10456, 42.400012 ], [ -83.098984, 42.401966 ], [ -83.09556, 42.403299 ], [ -83.093513, 42.400295 ], [ -83.092048, 42.398126 ], [ -83.090614, 42.395995 ], [ -83.088665, 42.393102 ], [ -83.097727, 42.389843 ], [ -83.099634, 42.392652 ], [ -83.102507, 42.396952 ], [ -83.10456, 42.400012 ] ] ] } },
{ "type": "Feature", "properties": { "geoid": "26163530400", "county_name": "Wayne County", "place_name": null, "state_name": "Michigan", "state_abbr": "MI", "is_rural": false, "dci_score": 99.3, "dci_quintile": 1.0, "is_cra_lmi": false, "income_level": "NA", "is_persistent_poverty": false, "is_tribal_overlap": false, "tribal_area_name": null, "aian_pct": 0.0, "has_nmtc": false, "nmtc_projects": 0, "nmtc_total_usd": 0.0 }, "geometry": { "type": "Polygon", "coordinates": [ [ [ -83.139846, 42.393312 ], [ -83.134401, 42.39537 ], [ -83.133838, 42.394165 ], [ -83.132441, 42.392081 ], [ -83.130873, 42.389743 ], [ -83.138621, 42.386775 ], [ -83.13954, 42.386493 ], [ -83.139668, 42.389348 ], [ -83.139846, 42.393312 ] ] ] } },
{ "type": "Feature", "properties": { "geoid": "26163552400", "county_name": "Wayne County", "place_name": null, "state_name": "Michigan", "state_abbr": "MI", "is_rural": false, "dci_score": 97.8, "dci_quintile": 1.0, "is_cra_lmi": true, "income_level": "L", "is_persistent_poverty": false, "is_tribal_overlap": false, "tribal_area_name": null, "aian_pct": 0.0, "has_nmtc": true, "nmtc_projects": 1, "nmtc_total_usd": 2580000.0 }, "geometry": { "type": "Polygon", "coordinates": [ [ [ -83.054023, 42.40444 ], [ -83.047257, 42.40446 ], [ -83.042534, 42.404443 ], [ -83.042468, 42.397427 ], [ -83.042375, 42.393127 ], [ -83.042302, 42.390214 ], [ -83.044356, 42.390181 ], [ -83.044638, 42.390518 ], [ -83.046414, 42.393447 ], [ -83.04859, 42.396383 ], [ -83.050871, 42.399754 ], [ -83.052675, 42.402435 ], [ -83.054023, 42.40444 ] ] ] } },
{ "type": "Feature", "properties": { "geoid": "26163546600", "county_name": "Wayne County", "place_name": null, "state_name": "Michigan", "state_abbr": "MI", "is_rural": false, "dci_score": 97.3, "dci_quintile": 1.0, "is_cra_lmi": false, "income_level": "NA", "is_persistent_poverty": false, "is_tribal_overlap": false, "tribal_area_name": null, "aian_pct": 0.0, "has_nmtc": false, "nmtc_projects": 0, "nmtc_total_usd": 0.0 }, "geometry": { "type": "Polygon", "coordinates": [ [ [ -83.24726, 42.36454 ], [ -83.245947, 42.364559 ], [ -83.240995, 42.364622 ], [ -83.236039, 42.364704 ], [ -83.235953, 42.357573 ], [ -83.24081, 42.357477 ], [ -83.24688, 42.357364 ], [ -83.24726, 42.36454 ] ] ] } },
{ "type": "Feature", "properties": { "geoid": "26163522500", "county_name": "Wayne County", "place_name": null, "state_name": "Michigan", "state_abbr": "MI", "is_rural": false, "dci_score": 97.1, "dci_quintile": 1.0, "is_cra_lmi": true, "income_level": "L", "is_persistent_poverty": false, "is_tribal_overlap": false, "tribal_area_name": null, "aian_pct": 0.0, "has_nmtc": false, "nmtc_projects": 0, "nmtc_total_usd": 0.0 }, "geometry": { "type": "Polygon", "coordinates": [ [ [ -83.068015, 42.343224 ], [ -83.062973, 42.344886 ], [ -83.060133, 42.345788 ], [ -83.057877, 42.347381 ], [ -83.05291, 42.339986 ], [ -83.056069, 42.33859 ], [ -83.058524, 42.337008 ], [ -83.059421, 42.3366 ], [ -83.059948, 42.33639 ], [ -83.064266, 42.335438 ], [ -83.064999, 42.336639 ], [ -83.068015, 42.343224 ] ] ] } },
{ "type": "Feature", "properties": { "geoid": "26163515200", "county_name": "Wayne County", "place_name": null, "state_name": "Michigan", "state_abbr": "MI", "is_rural": false, "dci_score": 84.3, "dci_quintile": 2.0, "is_cra_lmi": true, "income_level": "L", "is_persistent_poverty": false, "is_tribal_overlap": false, "tribal_area_name": null, "aian_pct": 0.0, "has_nmtc": false, "nmtc_projects": 0, "nmtc_total_usd": 0.0 }, "geometry": { "type": "Polygon", "coordinates": [ [ [ -83.01324, 42.364348 ], [ -83.006106, 42.366978 ], [ -83.004153, 42.367761 ], [ -83.001147, 42.363588 ], [ -82.997938, 42.359172 ], [ -82.998603, 42.358909 ], [ -83.007463, 42.355604 ], [ -83.008858, 42.357718 ], [ -83.010434, 42.360109 ], [ -83.01324, 42.364348 ] ] ] } },
{ "type": "Feature", "properties": { "geoid": "26163543200", "county_name": "Wayne County", "place_name": "Waverly", "state_name": "Michigan", "state_abbr": "MI", "is_rural": false, "dci_score": 95.8, "dci_quintile": 1.0, "is_cra_lmi": false, "income_level": "U", "is_persistent_poverty": false, "is_tribal_overlap": false, "tribal_area_name": null, "aian_pct": 0.0, "has_nmtc": false, "nmtc_projects": 0, "nmtc_total_usd": 0.0 }, "geometry": { "type": "Polygon", "coordinates": [ [ [ -83.257478, 42.414736 ], [ -83.253365, 42.414813 ], [ -83.248952, 42.414887 ], [ -83.243576, 42.41503 ], [ -83.238206, 42.415183 ], [ -83.237856, 42.409937 ], [ -83.237791, 42.40854 ], [ -83.236547, 42.408041 ], [ -83.237743, 42.407896 ], [ -83.242947, 42.407781 ], [ -83.249625, 42.407652 ], [ -83.257118, 42.407468 ], [ -83.257478, 42.414736 ] ] ] } },
{ "type": "Feature", "properties": { "geoid": "26163514200", "county_name": "Wayne County", "place_name": null, "state_name": "Michigan", "state_abbr": "MI", "is_rural": false, "dci_score": 95.1, "dci_quintile": 1.0, "is_cra_lmi": true, "income_level": "M", "is_persistent_poverty": false, "is_tribal_overlap": false, "tribal_area_name": null, "aian_pct": 0.0, "has_nmtc": false, "nmtc_projects": 0, "nmtc_total_usd": 0.0 }, "geometry": { "type": "Polygon", "coordinates": [ [ [ -83.014688, 42.378823 ], [ -83.010489, 42.385175 ], [ -83.007085, 42.390326 ], [ -83.006937, 42.39023 ], [ -83.000349, 42.38087 ], [ -83.005789, 42.378681 ], [ -83.012615, 42.375968 ], [ -83.017866, 42.374041 ], [ -83.014688, 42.378823 ] ] ] } },
{ "type": "Feature", "properties": { "geoid": "26163513200", "county_name": "Wayne County", "place_name": null, "state_name": "Michigan", "state_abbr": "MI", "is_rural": false, "dci_score": 96.7, "dci_quintile": 1.0, "is_cra_lmi": false, "income_level": "U", "is_persistent_poverty": false, "is_tribal_overlap": false, "tribal_area_name": null, "aian_pct": 0.0, "has_nmtc": false, "nmtc_projects": 0, "nmtc_total_usd": 0.0 }, "geometry": { "type": "Polygon", "coordinates": [ [ [ -82.946696, 42.371917 ], [ -82.93891, 42.37514 ], [ -82.934977, 42.369075 ], [ -82.930354, 42.36214 ], [ -82.930697, 42.361525 ], [ -82.932007, 42.362178 ], [ -82.936474, 42.360557 ], [ -82.940698, 42.36698 ], [ -82.941919, 42.366536 ], [ -82.943763, 42.36934 ], [ -82.944775, 42.368977 ], [ -82.946696, 42.371917 ] ] ] } },
{ "type": "Feature", "properties": { "geoid": "26099262900", "county_name": "Macomb County", "place_name": "Lansing", "state_name": "Michigan", "state_abbr": "MI", "is_rural": false, "dci_score": 86.3, "dci_quintile": 2.0, "is_cra_lmi": true, "income_level": "M", "is_persistent_poverty": false, "is_tribal_overlap": false, "tribal_area_name": null, "aian_pct": 0.0, "has_nmtc": false, "nmtc_projects": 0, "nmtc_total_usd": 0.0 }, "geometry": { "type": "Polygon", "coordinates": [ [ [ -82.986758, 42.478269 ], [ -82.980569, 42.478686 ], [ -82.975136, 42.479062 ], [ -82.967826, 42.479496 ], [ -82.967915, 42.47489 ], [ -82.967686, 42.472592 ], [ -82.971046, 42.472383 ], [ -82.971843, 42.471854 ], [ -82.97157, 42.4644 ], [ -82.975335, 42.464154 ], [ -82.979353, 42.463993 ], [ -82.986185, 42.4638 ], [ -82.986406, 42.469406 ], [ -82.986458, 42.470787 ], [ -82.986758, 42.478269 ] ] ] } },
{ "type": "Feature", "properties": { "geoid": "26099263500", "county_name": "Macomb County", "place_name": null, "state_name": "Michigan", "state_abbr": "MI", "is_rural": false, "dci_score": 91.0, "dci_quintile": 1.0, "is_cra_lmi": true, "income_level": "M", "is_persistent_poverty": false, "is_tribal_overlap": false, "tribal_area_name": null, "aian_pct": 0.0, "has_nmtc": false, "nmtc_projects": 0, "nmtc_total_usd": 0.0 }, "geometry": { "type": "Polygon", "coordinates": [ [ [ -83.084523, 42.476345 ], [ -83.065175, 42.47673 ], [ -83.065009, 42.473056 ], [ -83.06484, 42.469355 ], [ -83.064466, 42.46223 ], [ -83.074317, 42.46202 ], [ -83.083958, 42.461825 ], [ -83.084172, 42.465448 ], [ -83.084369, 42.469044 ], [ -83.084523, 42.476345 ] ] ] } },
{ "type": "Feature", "properties": { "geoid": "26099268300", "county_name": "Macomb County", "place_name": "East Lansing", "state_name": "Michigan", "state_abbr": "MI", "is_rural": false, "dci_score": 86.3, "dci_quintile": 2.0, "is_cra_lmi": true, "income_level": "L", "is_persistent_poverty": false, "is_tribal_overlap": false, "tribal_area_name": null, "aian_pct": 0.0, "has_nmtc": false, "nmtc_projects": 0, "nmtc_total_usd": 0.0 }, "geometry": { "type": "Polygon", "coordinates": [ [ [ -82.998375, 42.45477 ], [ -82.986458, 42.470787 ], [ -82.986406, 42.469406 ], [ -82.986185, 42.4638 ], [ -82.985947, 42.456612 ], [ -82.985659, 42.44928 ], [ -82.994199, 42.449087 ], [ -83.002698, 42.448901 ], [ -82.998375, 42.45477 ] ] ] } },
{ "type": "Feature", "properties": { "geoid": "26099241700", "county_name": "Macomb County", "place_name": null, "state_name": "Michigan", "state_abbr": "MI", "is_rural": false, "dci_score": 50.9, "dci_quintile": 5.0, "is_cra_lmi": true, "income_level": "M", "is_persistent_poverty": false, "is_tribal_overlap": false, "tribal_area_name": null, "aian_pct": 0.0, "has_nmtc": false, "nmtc_projects": 0, "nmtc_total_usd": 0.0 }, "geometry": { "type": "Polygon", "coordinates": [ [ [ -82.920338, 42.554247 ], [ -82.910298, 42.554482 ], [ -82.904666, 42.554561 ], [ -82.899884, 42.554639 ], [ -82.903845, 42.547879 ], [ -82.905013, 42.546136 ], [ -82.909261, 42.539701 ], [ -82.919622, 42.539478 ], [ -82.919986, 42.545843 ], [ -82.92003, 42.546878 ], [ -82.920056, 42.547574 ], [ -82.920338, 42.554247 ] ] ] } },
{ "type": "Feature", "properties": { "geoid": "26099258700", "county_name": "Macomb County", "place_name": null, "state_name": "Michigan", "state_abbr": "MI", "is_rural": false, "dci_score": 81.5, "dci_quintile": 2.0, "is_cra_lmi": true, "income_level": "M", "is_persistent_poverty": false, "is_tribal_overlap": false, "tribal_area_name": null, "aian_pct": 0.0, "has_nmtc": false, "nmtc_projects": 0, "nmtc_total_usd": 0.0 }, "geometry": { "type": "Polygon", "coordinates": [ [ [ -82.961689, 42.459413 ], [ -82.958262, 42.464594 ], [ -82.956213, 42.464604 ], [ -82.950011, 42.464767 ], [ -82.949775, 42.464772 ], [ -82.946792, 42.464844 ], [ -82.946527, 42.457532 ], [ -82.949729, 42.457498 ], [ -82.953937, 42.457452 ], [ -82.955954, 42.457421 ], [ -82.958029, 42.4569 ], [ -82.958967, 42.457265 ], [ -82.963074, 42.45733 ], [ -82.961689, 42.459413 ] ] ] } },
{ "type": "Feature", "properties": { "geoid": "26099255200", "county_name": "Macomb County", "place_name": null, "state_name": "Michigan", "state_abbr": "MI", "is_rural": false, "dci_score": 71.1, "dci_quintile": 3.0, "is_cra_lmi": true, "income_level": "M", "is_persistent_poverty": false, "is_tribal_overlap": false, "tribal_area_name": null, "aian_pct": 0.0, "has_nmtc": false, "nmtc_projects": 0, "nmtc_total_usd": 0.0 }, "geometry": { "type": "Polygon", "coordinates": [ [ [ -82.94883, 42.521033 ], [ -82.947654, 42.522602 ], [ -82.946539, 42.524071 ], [ -82.944378, 42.52411 ], [ -82.9384, 42.524223 ], [ -82.935429, 42.524321 ], [ -82.933126, 42.52438 ], [ -82.931461, 42.524425 ], [ -82.929082, 42.524496 ], [ -82.91909, 42.524688 ], [ -82.920193, 42.522989 ], [ -82.923965, 42.517198 ], [ -82.931099, 42.517036 ], [ -82.932393, 42.51701 ], [ -82.935518, 42.516948 ], [ -82.940205, 42.516849 ], [ -82.948669, 42.516716 ], [ -82.952133, 42.516629 ], [ -82.94883, 42.521033 ] ] ] } },
{ "type": "Feature", "properties": { "geoid": "26099232200", "county_name": "Macomb County", "place_name": null, "state_name": "Michigan", "state_abbr": "MI", "is_rural": false, "dci_score": 47.1, "dci_quintile": 5.0, "is_cra_lmi": true, "income_level": "M", "is_persistent_poverty": false, "is_tribal_overlap": false, "tribal_area_name": null, "aian_pct": 0.0, "has_nmtc": false, "nmtc_projects": 0, "nmtc_total_usd": 0.0 }, "geometry": { "type": "Polygon", "coordinates": [ [ [ -83.028694, 42.544101 ], [ -83.028756, 42.545746 ], [ -83.028827, 42.55119 ], [ -83.018045, 42.551488 ], [ -83.017632, 42.551494 ], [ -83.01247, 42.551608 ], [ -83.009634, 42.551666 ], [ -83.004553, 42.55179 ], [ -83.004457, 42.54888 ], [ -83.003817, 42.537416 ], [ -83.006074, 42.537303 ], [ -83.023845, 42.536794 ], [ -83.029343, 42.536643 ], [ -83.028694, 42.544101 ] ] ] } },
{ "type": "Feature", "properties": { "geoid": "26111290200", "county_name": "Midland County", "place_name": null, "state_name": "Michigan", "state_abbr": "MI", "is_rural": true, "dci_score": 29.5, "dci_quintile": 5.0, "is_cra_lmi": true, "income_level": "M", "is_persistent_poverty": false, "is_tribal_overlap": false, "tribal_area_name": null, "aian_pct": 0.0, "has_nmtc": false, "nmtc_projects": 0, "nmtc_total_usd": 0.0 }, "geometry": { "type": "Polygon", "coordinates": [ [ [ -84.229549, 43.624608 ], [ -84.226966, 43.626452 ], [ -84.226853, 43.626501 ], [ -84.21702, 43.626664 ], [ -84.2071, 43.626628 ], [ -84.207242, 43.619456 ], [ -84.207384, 43.612268 ], [ -84.210781, 43.611356 ], [ -84.217364, 43.611386 ], [ -84.227277, 43.611391 ], [ -84.22717, 43.617476 ], [ -84.2271, 43.619485 ], [ -84.227013, 43.623399 ], [ -84.229549, 43.624608 ] ] ] } },
{ "type": "Feature", "properties": { "geoid": "26135970500", "county_name": "Oscoda County", "place_name": null, "state_name": "Michigan", "state_abbr": "MI", "is_rural": true, "dci_score": 67.6, "dci_quintile": 4.0, "is_cra_lmi": true, "income_level": "M", "is_persistent_poverty": false, "is_tribal_overlap": false, "tribal_area_name": null, "aian_pct": 0.0, "has_nmtc": false, "nmtc_projects": 0, "nmtc_total_usd": 0.0 }, "geometry": { "type": "Polygon", "coordinates": [ [ [ -84.37083, 44.600323 ], [ -84.371019, 44.610854 ], [ -84.366501, 44.611232 ], [ -84.354861, 44.613301 ], [ -84.351121, 44.613836 ], [ -84.308454, 44.61812 ], [ -84.307327, 44.6182 ], [ -84.303323, 44.618084 ], [ -84.295963, 44.616485 ], [ -84.291812, 44.615975 ], [ -84.271182, 44.615884 ], [ -84.271358, 44.652006 ], [ -84.231406, 44.652532 ], [ -84.231426, 44.644977 ], [ -84.217513, 44.645574 ], [ -84.200976, 44.645297 ], [ -84.165008, 44.645099 ], [ -84.163455, 44.645104 ], [ -84.15174, 44.645123 ], [ -84.150537, 44.645676 ], [ -84.150619, 44.65119 ], [ -84.15009, 44.65216 ], [ -84.149105, 44.65226 ], [ -84.129992, 44.652279 ], [ -84.129906, 44.638244 ], [ -84.129818, 44.623351 ], [ -84.129248, 44.565086 ], [ -84.12809, 44.508869 ], [ -84.127992, 44.50812 ], [ -84.176643, 44.507652 ], [ -84.188224, 44.507595 ], [ -84.370643, 44.507223 ], [ -84.371122, 44.598847 ], [ -84.37083, 44.600323 ] ] ] } },
{ "type": "Feature", "properties": { "geoid": "26145010700", "county_name": "Saginaw County", "place_name": "Cutlerville", "state_name": "Michigan", "state_abbr": "MI", "is_rural": true, "dci_score": 75.5, "dci_quintile": 3.0, "is_cra_lmi": true, "income_level": "M", "is_persistent_poverty": false, "is_tribal_overlap": false, "tribal_area_name": null, "aian_pct": 0.0, "has_nmtc": false, "nmtc_projects": 0, "nmtc_total_usd": 0.0 }, "geometry": { "type": "Polygon", "coordinates": [ [ [ -83.956218, 43.465747 ], [ -83.956164, 43.472309 ], [ -83.956086, 43.478662 ], [ -83.955876, 43.479824 ], [ -83.935898, 43.47955 ], [ -83.935919, 43.469708 ], [ -83.931003, 43.472163 ], [ -83.926589, 43.467295 ], [ -83.924995, 43.465624 ], [ -83.919588, 43.465491 ], [ -83.910633, 43.465297 ], [ -83.911741, 43.462267 ], [ -83.915859, 43.458423 ], [ -83.917882, 43.457417 ], [ -83.927442, 43.454474 ], [ -83.934029, 43.450779 ], [ -83.938341, 43.443533 ], [ -83.949924, 43.443669 ], [ -83.955612, 43.443694 ], [ -83.955747, 43.450945 ], [ -83.95619, 43.452206 ], [ -83.956218, 43.465747 ] ] ] } },
{ "type": "Feature", "properties": { "geoid": "26145000200", "county_name": "Saginaw County", "place_name": null, "state_name": "Michigan", "state_abbr": "MI", "is_rural": true, "dci_score": 97.1, "dci_quintile": 1.0, "is_cra_lmi": true, "income_level": "L", "is_persistent_poverty": false, "is_tribal_overlap": false, "tribal_area_name": null, "aian_pct": 0.0, "has_nmtc": false, "nmtc_projects": 0, "nmtc_total_usd": 0.0 }, "geometry": { "type": "Polygon", "coordinates": [ [ [ -83.916668, 43.452273 ], [ -83.915204, 43.45329 ], [ -83.909077, 43.455175 ], [ -83.906654, 43.456841 ], [ -83.90676, 43.445347 ], [ -83.906753, 43.443957 ], [ -83.906751, 43.443537 ], [ -83.906795, 43.43378 ], [ -83.915557, 43.433933 ], [ -83.916103, 43.435185 ], [ -83.916462, 43.436674 ], [ -83.916634, 43.44192 ], [ -83.916148, 43.442864 ], [ -83.914443, 43.443573 ], [ -83.917193, 43.443583 ], [ -83.916668, 43.452273 ] ] ] } },
{ "type": "Feature", "properties": { "geoid": "26145001600", "county_name": "Saginaw County", "place_name": null, "state_name": "Michigan", "state_abbr": "MI", "is_rural": true, "dci_score": 96.9, "dci_quintile": 1.0, "is_cra_lmi": true, "income_level": "M", "is_persistent_poverty": false, "is_tribal_overlap": false, "tribal_area_name": null, "aian_pct": 0.0, "has_nmtc": false, "nmtc_projects": 0, "nmtc_total_usd": 0.0 }, "geometry": { "type": "Polygon", "coordinates": [ [ [ -83.975321, 43.426186 ], [ -83.975316, 43.428059 ], [ -83.975302, 43.428953 ], [ -83.975319, 43.433007 ], [ -83.967928, 43.432971 ], [ -83.966605, 43.43296 ], [ -83.961869, 43.432947 ], [ -83.962022, 43.429289 ], [ -83.960096, 43.427187 ], [ -83.963155, 43.425179 ], [ -83.967955, 43.422018 ], [ -83.972743, 43.418328 ], [ -83.974446, 43.419435 ], [ -83.979535, 43.422798 ], [ -83.975321, 43.426186 ] ] ] } },
{ "type": "Feature", "properties": { "geoid": "26147624000", "county_name": "St. Clair County", "place_name": null, "state_name": "Michigan", "state_abbr": "MI", "is_rural": true, "dci_score": 86.7, "dci_quintile": 2.0, "is_cra_lmi": true, "income_level": "L", "is_persistent_poverty": false, "is_tribal_overlap": false, "tribal_area_name": null, "aian_pct": 0.0, "has_nmtc": true, "nmtc_projects": 1, "nmtc_total_usd": 0.0 }, "geometry": { "type": "Polygon", "coordinates": [ [ [ -82.433557, 42.980895 ], [ -82.428181, 42.976658 ], [ -82.427463, 42.976368 ], [ -82.424357, 42.975627 ], [ -82.419309, 42.973056 ], [ -82.415149470532498, 42.971611552788403 ], [ -82.416461922817305, 42.967479117981703 ], [ -82.420925, 42.967259 ], [ -82.422271, 42.96754 ], [ -82.424711, 42.967478 ], [ -82.432496, 42.967251 ], [ -82.432848, 42.971528 ], [ -82.433129, 42.976225 ], [ -82.433557, 42.980895 ] ] ] } },
{ "type": "Feature", "properties": { "geoid": "26049010110", "county_name": "Genesee County", "place_name": null, "state_name": "Michigan", "state_abbr": "MI", "is_rural": true, "dci_score": 44.7, "dci_quintile": 5.0, "is_cra_lmi": true, "income_level": "M", "is_persistent_poverty": false, "is_tribal_overlap": false, "tribal_area_name": null, "aian_pct": 0.0, "has_nmtc": false, "nmtc_projects": 0, "nmtc_total_usd": 0.0 }, "geometry": { "type": "Polygon", "coordinates": [ [ [ -83.752131, 43.18096 ], [ -83.745239, 43.18102 ], [ -83.744694, 43.17978 ], [ -83.744711, 43.184666 ], [ -83.734656, 43.18461 ], [ -83.724774, 43.18475 ], [ -83.724663, 43.177521 ], [ -83.72471, 43.170185 ], [ -83.728656, 43.170159 ], [ -83.728603, 43.165484 ], [ -83.729054, 43.166106 ], [ -83.731774, 43.170086 ], [ -83.734517, 43.169919 ], [ -83.744683, 43.169811 ], [ -83.744558, 43.175617 ], [ -83.744663, 43.177431 ], [ -83.748472, 43.178039 ], [ -83.748485, 43.178871 ], [ -83.752053, 43.177435 ], [ -83.752131, 43.18096 ] ] ] } },
{ "type": "Feature", "properties": { "geoid": "26049000200", "county_name": "Genesee County", "place_name": "Ludington", "state_name": "Michigan", "state_abbr": "MI", "is_rural": false, "dci_score": 96.4, "dci_quintile": 1.0, "is_cra_lmi": true, "income_level": "M", "is_persistent_poverty": false, "is_tribal_overlap": false, "tribal_area_name": null, "aian_pct": 0.0, "has_nmtc": false, "nmtc_projects": 0, "nmtc_total_usd": 0.0 }, "geometry": { "type": "Polygon", "coordinates": [ [ [ -83.713907, 43.075519 ], [ -83.706311, 43.075602 ], [ -83.694051, 43.075667 ], [ -83.693991, 43.071676 ], [ -83.693949, 43.068787 ], [ -83.706214, 43.068707 ], [ -83.711561, 43.068697 ], [ -83.714073, 43.069386 ], [ -83.713907, 43.075519 ] ] ] } },
{ "type": "Feature", "properties": { "geoid": "26049000700", "county_name": "Genesee County", "place_name": null, "state_name": "Michigan", "state_abbr": "MI", "is_rural": false, "dci_score": 95.3, "dci_quintile": 1.0, "is_cra_lmi": true, "income_level": "L", "is_persistent_poverty": false, "is_tribal_overlap": false, "tribal_area_name": null, "aian_pct": 0.0, "has_nmtc": false, "nmtc_projects": 0, "nmtc_total_usd": 0.0 }, "geometry": { "type": "Polygon", "coordinates": [ [ [ -83.733439, 43.053831 ], [ -83.726022, 43.053899 ], [ -83.723563, 43.053933 ], [ -83.713483, 43.05404 ], [ -83.713446, 43.050486 ], [ -83.713471, 43.046317 ], [ -83.723322, 43.046248 ], [ -83.727601, 43.046226 ], [ -83.733299, 43.046224 ], [ -83.733308, 43.050396 ], [ -83.733439, 43.053831 ] ] ] } },
{ "type": "Feature", "properties": { "geoid": "26049001300", "county_name": "Genesee County", "place_name": null, "state_name": "Michigan", "state_abbr": "MI", "is_rural": false, "dci_score": 95.3, "dci_quintile": 1.0, "is_cra_lmi": false, "income_level": "U", "is_persistent_poverty": false, "is_tribal_overlap": false, "tribal_area_name": null, "aian_pct": 0.0, "has_nmtc": false, "nmtc_projects": 0, "nmtc_total_usd": 0.0 }, "geometry": { "type": "Polygon", "coordinates": [ [ [ -83.739994, 43.029823 ], [ -83.740044, 43.029885 ], [ -83.740583, 43.030061 ], [ -83.740451, 43.030687 ], [ -83.740129, 43.030527 ], [ -83.739325, 43.030432 ], [ -83.73884, 43.030738 ], [ -83.738237, 43.032407 ], [ -83.728874, 43.029516 ], [ -83.723414, 43.027825 ], [ -83.718125, 43.026155 ], [ -83.71288, 43.024572 ], [ -83.712608, 43.020213 ], [ -83.713257, 43.019285 ], [ -83.721909, 43.021704 ], [ -83.726602, 43.023023 ], [ -83.729517, 43.023829 ], [ -83.731742, 43.024473 ], [ -83.742324, 43.027476 ], [ -83.739994, 43.029823 ] ] ] } },
{ "type": "Feature", "properties": { "geoid": "26049002300", "county_name": "Genesee County", "place_name": null, "state_name": "Michigan", "state_abbr": "MI", "is_rural": false, "dci_score": 96.1, "dci_quintile": 1.0, "is_cra_lmi": true, "income_level": "L", "is_persistent_poverty": false, "is_tribal_overlap": false, "tribal_area_name": null, "aian_pct": 0.0, "has_nmtc": false, "nmtc_projects": 0, "nmtc_total_usd": 0.0 }, "geometry": { "type": "Polygon", "coordinates": [ [ [ -83.665215, 43.039754 ], [ -83.665216, 43.042936 ], [ -83.665215, 43.052006 ], [ -83.663391, 43.051109 ], [ -83.662985, 43.050641 ], [ -83.65654, 43.042756 ], [ -83.655571, 43.041423 ], [ -83.655453, 43.03966 ], [ -83.655313, 43.032905 ], [ -83.65646, 43.032903 ], [ -83.661745, 43.033093 ], [ -83.665175, 43.033174 ], [ -83.665219, 43.038278 ], [ -83.665215, 43.039754 ] ] ] } },
{ "type": "Feature", "properties": { "geoid": "26049012201", "county_name": "Genesee County", "place_name": null, "state_name": "Michigan", "state_abbr": "MI", "is_rural": false, "dci_score": 87.4, "dci_quintile": 2.0, "is_cra_lmi": true, "income_level": "M", "is_persistent_poverty": false, "is_tribal_overlap": false, "tribal_area_name": null, "aian_pct": 0.0, "has_nmtc": false, "nmtc_projects": 0, "nmtc_total_usd": 0.0 }, "geometry": { "type": "Polygon", "coordinates": [ [ [ -83.694328, 43.104815 ], [ -83.682141, 43.104967 ], [ -83.676944, 43.105122 ], [ -83.677665, 43.127049 ], [ -83.681318, 43.132244 ], [ -83.682926, 43.13457 ], [ -83.677791, 43.134652 ], [ -83.658019, 43.135064 ], [ -83.657134, 43.114562 ], [ -83.657066, 43.112735 ], [ -83.656868, 43.105534 ], [ -83.656432, 43.090979 ], [ -83.672056, 43.090451 ], [ -83.674473, 43.09045 ], [ -83.681805, 43.090379 ], [ -83.694179, 43.090189 ], [ -83.694251, 43.098902 ], [ -83.694328, 43.104815 ] ] ] } },
{ "type": "Feature", "properties": { "geoid": "26049010503", "county_name": "Genesee County", "place_name": null, "state_name": "Michigan", "state_abbr": "MI", "is_rural": true, "dci_score": 63.1, "dci_quintile": 4.0, "is_cra_lmi": false, "income_level": "U", "is_persistent_poverty": false, "is_tribal_overlap": false, "tribal_area_name": null, "aian_pct": 0.0, "has_nmtc": false, "nmtc_projects": 0, "nmtc_total_usd": 0.0 }, "geometry": { "type": "Polygon", "coordinates": [ [ [ -83.813783, 43.133503 ], [ -83.763613, 43.133971 ], [ -83.763578, 43.118962 ], [ -83.763582, 43.11173 ], [ -83.763297, 43.097676 ], [ -83.76318, 43.089741 ], [ -83.76291, 43.075238 ], [ -83.77317, 43.075091 ], [ -83.773204, 43.078704 ], [ -83.779437, 43.078676 ], [ -83.812236, 43.078365 ], [ -83.813354, 43.078278 ], [ -83.813472, 43.089202 ], [ -83.813599, 43.103711 ], [ -83.813697, 43.118125 ], [ -83.813726, 43.125254 ], [ -83.813717, 43.125585 ], [ -83.813783, 43.133503 ] ] ] } },
{ "type": "Feature", "properties": { "geoid": "26115832100", "county_name": "Monroe County", "place_name": null, "state_name": "Michigan", "state_abbr": "MI", "is_rural": true, "dci_score": 76.4, "dci_quintile": 3.0, "is_cra_lmi": true, "income_level": "M", "is_persistent_poverty": false, "is_tribal_overlap": false, "tribal_area_name": null, "aian_pct": 0.0, "has_nmtc": false, "nmtc_projects": 0, "nmtc_total_usd": 0.0 }, "geometry": { "type": "Polygon", "coordinates": [ [ [ -83.417529, 41.917003 ], [ -83.416768, 41.919687 ], [ -83.416698, 41.919879 ], [ -83.416288, 41.920722 ], [ -83.415258, 41.922718 ], [ -83.415046, 41.923125 ], [ -83.41263, 41.922732 ], [ -83.411955, 41.919576 ], [ -83.41136, 41.919361 ], [ -83.406833, 41.920066 ], [ -83.404281, 41.918822 ], [ -83.401432, 41.918621 ], [ -83.396893, 41.917384 ], [ -83.397553, 41.916448 ], [ -83.400397, 41.913158 ], [ -83.404074, 41.908878 ], [ -83.409718, 41.911551 ], [ -83.412618, 41.912967 ], [ -83.414687, 41.912347 ], [ -83.414996, 41.913998 ], [ -83.418256, 41.915627 ], [ -83.417529, 41.917003 ] ] ] } },
{ "type": "Feature", "properties": { "geoid": "26155030700", "county_name": "Shiawassee County", "place_name": null, "state_name": "Michigan", "state_abbr": "MI", "is_rural": true, "dci_score": 70.1, "dci_quintile": 3.0, "is_cra_lmi": false, "income_level": "U", "is_persistent_poverty": false, "is_tribal_overlap": false, "tribal_area_name": null, "aian_pct": 0.0, "has_nmtc": false, "nmtc_projects": 0, "nmtc_total_usd": 0.0 }, "geometry": { "type": "Polygon", "coordinates": [ [ [ -84.196549, 42.987219 ], [ -84.196502, 42.990298 ], [ -84.196476, 42.993099 ], [ -84.19625, 43.004147 ], [ -84.188827, 42.997983 ], [ -84.186507, 42.995444 ], [ -84.186568, 42.994464 ], [ -84.18175, 42.993881 ], [ -84.181842, 42.98323 ], [ -84.187752, 42.983255 ], [ -84.195146, 42.983207 ], [ -84.195597, 42.983205 ], [ -84.196002, 42.983193 ], [ -84.196606, 42.983184 ], [ -84.196549, 42.987219 ] ] ] } },
{ "type": "Feature", "properties": { "geoid": "26157000700", "county_name": "Tuscola County", "place_name": null, "state_name": "Michigan", "state_abbr": "MI", "is_rural": true, "dci_score": 66.2, "dci_quintile": 4.0, "is_cra_lmi": false, "income_level": "U", "is_persistent_poverty": false, "is_tribal_overlap": false, "tribal_area_name": null, "aian_pct": 0.0, "has_nmtc": false, "nmtc_projects": 0, "nmtc_total_usd": 0.0 }, "geometry": { "type": "Polygon", "coordinates": [ [ [ -83.621557, 43.479582 ], [ -83.581726, 43.479873 ], [ -83.571129, 43.479955 ], [ -83.562607, 43.480031 ], [ -83.555153, 43.480093 ], [ -83.533279, 43.480249 ], [ -83.493568, 43.480495 ], [ -83.473404, 43.480556 ], [ -83.468529, 43.480545 ], [ -83.463542, 43.480463 ], [ -83.463467, 43.46609 ], [ -83.462643, 43.46595 ], [ -83.417281, 43.466718 ], [ -83.415646, 43.46673 ], [ -83.406289, 43.473643 ], [ -83.400785, 43.47779 ], [ -83.39575, 43.481684 ], [ -83.394064, 43.483185 ], [ -83.389356, 43.489015 ], [ -83.3869, 43.489061 ], [ -83.386767, 43.488275 ], [ -83.386798, 43.481791 ], [ -83.385577, 43.45272 ], [ -83.383896, 43.409159 ], [ -83.433394, 43.408308 ], [ -83.443335, 43.408135 ], [ -83.462859, 43.407823 ], [ -83.462727, 43.39442 ], [ -83.513996, 43.394084 ], [ -83.515011, 43.393962 ], [ -83.520674, 43.394089 ], [ -83.541433, 43.393927 ], [ -83.580311, 43.393541 ], [ -83.5937, 43.393419 ], [ -83.605096, 43.39327 ], [ -83.619829, 43.393118 ], [ -83.62048, 43.422052 ], [ -83.620564, 43.425793 ], [ -83.620632, 43.429152 ], [ -83.620773, 43.436564 ], [ -83.621049, 43.450971 ], [ -83.621557, 43.479582 ] ] ] } },
{ "type": "Feature", "properties": { "geoid": "26035000600", "county_name": "Clare County", "place_name": null, "state_name": "Michigan", "state_abbr": "MI", "is_rural": true, "dci_score": 67.7, "dci_quintile": 4.0, "is_cra_lmi": false, "income_level": "U", "is_persistent_poverty": false, "is_tribal_overlap": false, "tribal_area_name": null, "aian_pct": 0.0, "has_nmtc": false, "nmtc_projects": 0, "nmtc_total_usd": 0.0 }, "geometry": { "type": "Polygon", "coordinates": [ [ [ -84.828386, 43.828938 ], [ -84.826205, 43.82894 ], [ -84.825941, 43.830938 ], [ -84.827867, 43.831383 ], [ -84.828364, 43.833615 ], [ -84.828357, 43.836139 ], [ -84.814467, 43.836211 ], [ -84.808376, 43.836256 ], [ -84.788328, 43.836291 ], [ -84.788231, 43.843575 ], [ -84.774171, 43.843664 ], [ -84.770563, 43.843537 ], [ -84.768211, 43.841288 ], [ -84.768213, 43.842692 ], [ -84.766829, 43.84194 ], [ -84.763088, 43.840441 ], [ -84.762273, 43.840098 ], [ -84.756664, 43.837931 ], [ -84.754456, 43.836458 ], [ -84.753001, 43.83478 ], [ -84.752122, 43.832776 ], [ -84.75173, 43.831754 ], [ -84.750934, 43.829306 ], [ -84.75033, 43.82705 ], [ -84.750209, 43.825695 ], [ -84.74983, 43.821928 ], [ -84.752405, 43.814842 ], [ -84.753349, 43.814841 ], [ -84.753453, 43.814838 ], [ -84.760667, 43.814692 ], [ -84.768358, 43.814728 ], [ -84.771602, 43.814709 ], [ -84.78346, 43.814646 ], [ -84.808398, 43.814557 ], [ -84.828335, 43.814449 ], [ -84.828386, 43.828938 ] ] ] } },
{ "type": "Feature", "properties": { "geoid": "26051000700", "county_name": "Gladwin County", "place_name": null, "state_name": "Michigan", "state_abbr": "MI", "is_rural": true, "dci_score": 56.5, "dci_quintile": 4.0, "is_cra_lmi": false, "income_level": "U", "is_persistent_poverty": false, "is_tribal_overlap": false, "tribal_area_name": null, "aian_pct": 0.0, "has_nmtc": false, "nmtc_projects": 0, "nmtc_total_usd": 0.0 }, "geometry": { "type": "Polygon", "coordinates": [ [ [ -84.545107, 43.980878 ], [ -84.525365, 43.980732 ], [ -84.525563, 43.987777 ], [ -84.525701, 44.002256 ], [ -84.525217, 44.009406 ], [ -84.524713, 44.016564 ], [ -84.50487, 44.016102 ], [ -84.48631, 44.016134 ], [ -84.435418, 44.016313 ], [ -84.426911, 44.016089 ], [ -84.426878, 43.987269 ], [ -84.426565, 43.986894 ], [ -84.426282, 43.966324 ], [ -84.426297, 43.959049 ], [ -84.465997, 43.959033 ], [ -84.476492, 43.959124 ], [ -84.476963, 43.944782 ], [ -84.476171, 43.931754 ], [ -84.474667, 43.929772 ], [ -84.475, 43.928504 ], [ -84.473652, 43.92633 ], [ -84.476191, 43.924794 ], [ -84.476538, 43.922936 ], [ -84.476576, 43.915767 ], [ -84.479018, 43.915774 ], [ -84.485055, 43.915825 ], [ -84.515554, 43.915812 ], [ -84.545075, 43.915525 ], [ -84.545315, 43.973929 ], [ -84.545107, 43.980878 ] ] ] } },
{ "type": "Feature", "properties": { "geoid": "26007000400", "county_name": "Alpena County", "place_name": null, "state_name": "Michigan", "state_abbr": "MI", "is_rural": true, "dci_score": 70.5, "dci_quintile": 3.0, "is_cra_lmi": true, "income_level": "M", "is_persistent_poverty": false, "is_tribal_overlap": false, "tribal_area_name": null, "aian_pct": 0.0, "has_nmtc": true, "nmtc_projects": 1, "nmtc_total_usd": 0.0 }, "geometry": { "type": "Polygon", "coordinates": [ [ [ -83.444661, 45.077085 ], [ -83.443642, 45.077029 ], [ -83.438382, 45.073022 ], [ -83.432166, 45.079159 ], [ -83.430381, 45.079958 ], [ -83.421203, 45.079479 ], [ -83.415519, 45.077698 ], [ -83.405722, 45.074089 ], [ -83.398104, 45.073133 ], [ -83.394549, 45.073146 ], [ -83.391195, 45.073568 ], [ -83.390858, 45.071144 ], [ -83.392022, 45.069087 ], [ -83.395548, 45.069109 ], [ -83.395701, 45.069823 ], [ -83.399073, 45.070624 ], [ -83.405428, 45.067458 ], [ -83.4088, 45.069628 ], [ -83.410274, 45.069129 ], [ -83.410133, 45.067992 ], [ -83.411658, 45.065705 ], [ -83.414351, 45.065459 ], [ -83.416846, 45.067198 ], [ -83.418139, 45.067117 ], [ -83.418554, 45.065512 ], [ -83.41853, 45.061541 ], [ -83.42072, 45.060338 ], [ -83.424584, 45.061673 ], [ -83.425607925789706, 45.061068010472802 ], [ -83.429460353927894, 45.0587917921167 ], [ -83.430040286645706, 45.058449137185796 ], [ -83.430122065647097, 45.058400817825301 ], [ -83.432287, 45.060083 ], [ -83.432331, 45.061387 ], [ -83.43915, 45.067109 ], [ -83.443791, 45.070985 ], [ -83.448336, 45.074794 ], [ -83.444661, 45.077085 ] ] ] } },
{ "type": "Feature", "properties": { "geoid": "26125142400", "county_name": "Oakland County", "place_name": "Benton Harbor", "state_name": "Michigan", "state_abbr": "MI", "is_rural": false, "dci_score": 88.8, "dci_quintile": 2.0, "is_cra_lmi": true, "income_level": "L", "is_persistent_poverty": false, "is_tribal_overlap": false, "tribal_area_name": null, "aian_pct": 0.0, "has_nmtc": false, "nmtc_projects": 0, "nmtc_total_usd": 0.0 }, "geometry": { "type": "Polygon", "coordinates": [ [ [ -83.294005, 42.634582 ], [ -83.288572, 42.634201 ], [ -83.282291, 42.634382 ], [ -83.268852, 42.634748 ], [ -83.26859, 42.629071 ], [ -83.268297, 42.619807 ], [ -83.275173, 42.619621 ], [ -83.282118, 42.622831 ], [ -83.282265, 42.622904 ], [ -83.285075, 42.624704 ], [ -83.287048, 42.626655 ], [ -83.290283, 42.629775 ], [ -83.294005, 42.634582 ] ] ] } },
{ "type": "Feature", "properties": { "geoid": "26125172500", "county_name": "Oakland County", "place_name": null, "state_name": "Michigan", "state_abbr": "MI", "is_rural": false, "dci_score": 19.7, "dci_quintile": 5.0, "is_cra_lmi": true, "income_level": "L", "is_persistent_poverty": false, "is_tribal_overlap": false, "tribal_area_name": null, "aian_pct": 0.0, "has_nmtc": false, "nmtc_projects": 0, "nmtc_total_usd": 0.0 }, "geometry": { "type": "Polygon", "coordinates": [ [ [ -83.17193, 42.454476 ], [ -83.161862, 42.454497 ], [ -83.161804, 42.452891 ], [ -83.15696, 42.453268 ], [ -83.156928, 42.452789 ], [ -83.152298, 42.453149 ], [ -83.151986, 42.446007 ], [ -83.161516, 42.445794 ], [ -83.171265, 42.445545 ], [ -83.17193, 42.454476 ] ] ] } },
{ "type": "Feature", "properties": { "geoid": "26023951400", "county_name": "Branch County", "place_name": null, "state_name": "Michigan", "state_abbr": "MI", "is_rural": true, "dci_score": 67.9, "dci_quintile": 4.0, "is_cra_lmi": true, "income_level": "M", "is_persistent_poverty": false, "is_tribal_overlap": false, "tribal_area_name": null, "aian_pct": 0.0, "has_nmtc": false, "nmtc_projects": 0, "nmtc_total_usd": 0.0 }, "geometry": { "type": "Polygon", "coordinates": [ [ [ -85.002523, 41.934721 ], [ -85.001944, 41.936576 ], [ -85.000747, 41.94063 ], [ -85.000434, 41.941665 ], [ -85.000401, 41.943213 ], [ -84.995542, 41.942435 ], [ -84.995641, 41.956252 ], [ -84.994723, 41.956245 ], [ -84.993153, 41.956254 ], [ -84.985889, 41.956248 ], [ -84.980917, 41.956219 ], [ -84.973686, 41.956209 ], [ -84.973509, 41.945574 ], [ -84.973511, 41.945209 ], [ -84.973465, 41.942157 ], [ -84.97346, 41.941818 ], [ -84.973351, 41.936191 ], [ -84.973294, 41.933102 ], [ -84.973156, 41.924872 ], [ -84.973255, 41.924223 ], [ -84.977419, 41.924429 ], [ -84.980846, 41.927736 ], [ -84.980597, 41.928613 ], [ -84.986371, 41.932138 ], [ -84.990665, 41.933064 ], [ -84.994, 41.931367 ], [ -85.000039, 41.93004 ], [ -85.004618, 41.932232 ], [ -85.002523, 41.934721 ] ] ] } },
{ "type": "Feature", "properties": { "geoid": "26037010203", "county_name": "Clinton County", "place_name": null, "state_name": "Michigan", "state_abbr": "MI", "is_rural": false, "dci_score": 66.6, "dci_quintile": 4.0, "is_cra_lmi": true, "income_level": "M", "is_persistent_poverty": false, "is_tribal_overlap": false, "tribal_area_name": null, "aian_pct": 0.0, "has_nmtc": false, "nmtc_projects": 0, "nmtc_total_usd": 0.0 }, "geometry": { "type": "Polygon", "coordinates": [ [ [ -84.556097, 42.784229 ], [ -84.542728, 42.784184 ], [ -84.523081, 42.784125 ], [ -84.523019, 42.769611 ], [ -84.532474, 42.769683 ], [ -84.54272, 42.769649 ], [ -84.551732, 42.769711 ], [ -84.555738, 42.769715 ], [ -84.554443, 42.775378 ], [ -84.554999, 42.779134 ], [ -84.555243, 42.780548 ], [ -84.555761, 42.783391 ], [ -84.556097, 42.784229 ] ] ] } },
{ "type": "Feature", "properties": { "geoid": "26065003700", "county_name": "Ingham County", "place_name": null, "state_name": "Michigan", "state_abbr": "MI", "is_rural": false, "dci_score": 76.0, "dci_quintile": 3.0, "is_cra_lmi": true, "income_level": "M", "is_persistent_poverty": false, "is_tribal_overlap": false, "tribal_area_name": null, "aian_pct": 0.0, "has_nmtc": false, "nmtc_projects": 0, "nmtc_total_usd": 0.0 }, "geometry": { "type": "Polygon", "coordinates": [ [ [ -84.582313, 42.69125 ], [ -84.582215, 42.697584 ], [ -84.582236, 42.705239 ], [ -84.582238, 42.705519 ], [ -84.580821, 42.705241 ], [ -84.576583, 42.70514 ], [ -84.567463, 42.70506 ], [ -84.567384, 42.702522 ], [ -84.560476, 42.702313 ], [ -84.564363, 42.697531 ], [ -84.561857, 42.697516 ], [ -84.561961, 42.689764 ], [ -84.562404, 42.689308 ], [ -84.562005, 42.688707 ], [ -84.562092, 42.686186 ], [ -84.562087, 42.684596 ], [ -84.562786, 42.683046 ], [ -84.568132, 42.683066 ], [ -84.582406, 42.683054 ], [ -84.582313, 42.69125 ] ] ] } },
{ "type": "Feature", "properties": { "geoid": "26159010600", "county_name": "Van Buren County", "place_name": null, "state_name": "Michigan", "state_abbr": "MI", "is_rural": true, "dci_score": 88.3, "dci_quintile": 2.0, "is_cra_lmi": true, "income_level": "M", "is_persistent_poverty": false, "is_tribal_overlap": false, "tribal_area_name": null, "aian_pct": 0.0, "has_nmtc": false, "nmtc_projects": 0, "nmtc_total_usd": 0.0 }, "geometry": { "type": "Polygon", "coordinates": [ [ [ -86.364265396165806, 42.243143689832003 ], [ -86.355945, 42.254215 ], [ -86.328276, 42.298022 ], [ -86.310524938439002, 42.330827103475698 ], [ -86.295129, 42.330901 ], [ -86.294983, 42.330897 ], [ -86.250389, 42.331254 ], [ -86.247475, 42.331334 ], [ -86.243124, 42.331414 ], [ -86.224097, 42.331459 ], [ -86.223727, 42.315571 ], [ -86.223601, 42.301135 ], [ -86.223583, 42.268185 ], [ -86.22354, 42.264931 ], [ -86.223557, 42.261103 ], [ -86.223596, 42.250698 ], [ -86.223563, 42.243379 ], [ -86.233302, 42.243425 ], [ -86.249656, 42.243504 ], [ -86.252724, 42.243499 ], [ -86.262458, 42.243526 ], [ -86.271339, 42.243532 ], [ -86.28176, 42.243541 ], [ -86.301465, 42.243475 ], [ -86.340336, 42.242986 ], [ -86.356018, 42.243186 ], [ -86.35792, 42.243202 ], [ -86.359504, 42.243217 ], [ -86.364265396165806, 42.243143689832003 ] ] ] } },
{ "type": "Feature", "properties": { "geoid": "26075000900", "county_name": "Jackson County", "place_name": null, "state_name": "Michigan", "state_abbr": "MI", "is_rural": true, "dci_score": 72.0, "dci_quintile": 3.0, "is_cra_lmi": true, "income_level": "M", "is_persistent_poverty": false, "is_tribal_overlap": false, "tribal_area_name": null, "aian_pct": 0.0, "has_nmtc": false, "nmtc_projects": 0, "nmtc_total_usd": 0.0 }, "geometry": { "type": "Polygon", "coordinates": [ [ [ -84.423432, 42.24742 ], [ -84.418545, 42.247419 ], [ -84.417715, 42.24742 ], [ -84.417115, 42.247424 ], [ -84.414809, 42.246003 ], [ -84.41604, 42.243763 ], [ -84.414765, 42.243774 ], [ -84.414734, 42.239065 ], [ -84.414735, 42.233273 ], [ -84.414952, 42.232805 ], [ -84.418391, 42.232819 ], [ -84.423248, 42.232838 ], [ -84.423305, 42.238278 ], [ -84.423311, 42.239196 ], [ -84.423367, 42.24213 ], [ -84.423432, 42.24742 ] ] ] } },
{ "type": "Feature", "properties": { "geoid": "26077001504", "county_name": "Kalamazoo County", "place_name": "Mount Pleasant", "state_name": "Michigan", "state_abbr": "MI", "is_rural": false, "dci_score": 59.1, "dci_quintile": 4.0, "is_cra_lmi": false, "income_level": "U", "is_persistent_poverty": false, "is_tribal_overlap": false, "tribal_area_name": null, "aian_pct": 0.0, "has_nmtc": false, "nmtc_projects": 0, "nmtc_total_usd": 0.0 }, "geometry": { "type": "Polygon", "coordinates": [ [ [ -85.626392, 42.288981 ], [ -85.619028, 42.289158 ], [ -85.618623, 42.292436 ], [ -85.61597, 42.292294 ], [ -85.614545, 42.290442 ], [ -85.608915, 42.290495 ], [ -85.606524, 42.289541 ], [ -85.606633, 42.285801 ], [ -85.598907, 42.288304 ], [ -85.598208, 42.288745 ], [ -85.597424, 42.288746 ], [ -85.598942, 42.28687 ], [ -85.598392, 42.283672 ], [ -85.599471, 42.281715 ], [ -85.599999, 42.280985 ], [ -85.604087, 42.276029 ], [ -85.605181, 42.27424 ], [ -85.606292, 42.27429 ], [ -85.610599, 42.274972 ], [ -85.611374, 42.275167 ], [ -85.614206, 42.276304 ], [ -85.614663, 42.276486 ], [ -85.615391, 42.276782 ], [ -85.619783, 42.278249 ], [ -85.621116, 42.279094 ], [ -85.621409, 42.279422 ], [ -85.621649, 42.28161 ], [ -85.622805, 42.286124 ], [ -85.626392, 42.288981 ] ] ] } },
{ "type": "Feature", "properties": { "geoid": "26081000800", "county_name": "Kent County", "place_name": null, "state_name": "Michigan", "state_abbr": "MI", "is_rural": false, "dci_score": 55.6, "dci_quintile": 4.0, "is_cra_lmi": true, "income_level": "M", "is_persistent_poverty": false, "is_tribal_overlap": false, "tribal_area_name": null, "aian_pct": 0.0, "has_nmtc": false, "nmtc_projects": 0, "nmtc_total_usd": 0.0 }, "geometry": { "type": "Polygon", "coordinates": [ [ [ -85.693108, 42.990829 ], [ -85.68822, 42.99079 ], [ -85.68825, 42.992473 ], [ -85.688456, 42.999697 ], [ -85.687833, 42.999793 ], [ -85.683304, 42.999488 ], [ -85.672905, 42.999216 ], [ -85.67352, 42.995582 ], [ -85.673696, 42.992792 ], [ -85.673238, 42.984729 ], [ -85.682973, 42.985068 ], [ -85.688059, 42.985244 ], [ -85.692996, 42.985387 ], [ -85.693108, 42.990829 ] ] ] } },
{ "type": "Feature", "properties": { "geoid": "26081001500", "county_name": "Kent County", "place_name": null, "state_name": "Michigan", "state_abbr": "MI", "is_rural": false, "dci_score": 55.6, "dci_quintile": 4.0, "is_cra_lmi": true, "income_level": "M", "is_persistent_poverty": false, "is_tribal_overlap": false, "tribal_area_name": null, "aian_pct": 0.0, "has_nmtc": true, "nmtc_projects": 2, "nmtc_total_usd": 11700000.0 }, "geometry": { "type": "Polygon", "coordinates": [ [ [ -85.687896, 42.978003 ], [ -85.687961, 42.981568 ], [ -85.688059, 42.985244 ], [ -85.682973, 42.985068 ], [ -85.673238, 42.984729 ], [ -85.67458, 42.976701 ], [ -85.674817, 42.972575 ], [ -85.680774, 42.973421 ], [ -85.686182, 42.973371 ], [ -85.688491, 42.976177 ], [ -85.687896, 42.978003 ] ] ] } },
{ "type": "Feature", "properties": { "geoid": "26081014100", "county_name": "Kent County", "place_name": null, "state_name": "Michigan", "state_abbr": "MI", "is_rural": false, "dci_score": 60.0, "dci_quintile": 4.0, "is_cra_lmi": false, "income_level": "U", "is_persistent_poverty": false, "is_tribal_overlap": false, "tribal_area_name": null, "aian_pct": 0.0, "has_nmtc": false, "nmtc_projects": 0, "nmtc_total_usd": 0.0 }, "geometry": { "type": "Polygon", "coordinates": [ [ [ -85.678829, 42.891402 ], [ -85.678697, 42.892234 ], [ -85.677972, 42.898725 ], [ -85.670249, 42.898667 ], [ -85.665331, 42.898599 ], [ -85.66487, 42.887711 ], [ -85.664864, 42.887557 ], [ -85.664729, 42.883997 ], [ -85.66977, 42.884042 ], [ -85.680808, 42.884189 ], [ -85.678829, 42.891402 ] ] ] } },
{ "type": "Feature", "properties": { "geoid": "26081003900", "county_name": "Kent County", "place_name": null, "state_name": "Michigan", "state_abbr": "MI", "is_rural": false, "dci_score": 71.5, "dci_quintile": 3.0, "is_cra_lmi": true, "income_level": "L", "is_persistent_poverty": false, "is_tribal_overlap": false, "tribal_area_name": null, "aian_pct": 0.0, "has_nmtc": false, "nmtc_projects": 0, "nmtc_total_usd": 0.0 }, "geometry": { "type": "Polygon", "coordinates": [ [ [ -85.68858, 42.936902 ], [ -85.686795, 42.939127 ], [ -85.686924, 42.941716 ], [ -85.684842, 42.941676 ], [ -85.684781, 42.940799 ], [ -85.683643, 42.941666 ], [ -85.6778, 42.941603 ], [ -85.679093, 42.938542 ], [ -85.679899, 42.936646 ], [ -85.680896, 42.933816 ], [ -85.681825, 42.927817 ], [ -85.686219, 42.927917 ], [ -85.68643, 42.93619 ], [ -85.686406, 42.937298 ], [ -85.687596, 42.93582 ], [ -85.68858, 42.936902 ] ] ] } },
{ "type": "Feature", "properties": { "geoid": "26165380600", "county_name": "Wexford County", "place_name": null, "state_name": "Michigan", "state_abbr": "MI", "is_rural": true, "dci_score": 54.8, "dci_quintile": 4.0, "is_cra_lmi": false, "income_level": "U", "is_persistent_poverty": false, "is_tribal_overlap": false, "tribal_area_name": null, "aian_pct": 0.0, "has_nmtc": false, "nmtc_projects": 0, "nmtc_total_usd": 0.0 }, "geometry": { "type": "Polygon", "coordinates": [ [ [ -85.406489, 44.266976 ], [ -85.396519, 44.266965 ], [ -85.388002, 44.266958 ], [ -85.37715, 44.266894 ], [ -85.376418, 44.266274 ], [ -85.376377, 44.259781 ], [ -85.376353, 44.258182 ], [ -85.377709, 44.254045 ], [ -85.377722, 44.252602 ], [ -85.377659, 44.251354 ], [ -85.376291, 44.248778 ], [ -85.376275, 44.241041 ], [ -85.383879, 44.241014 ], [ -85.385193, 44.242388 ], [ -85.390304, 44.244457 ], [ -85.391628, 44.245696 ], [ -85.390541, 44.246161 ], [ -85.393848, 44.250154 ], [ -85.395176, 44.250857 ], [ -85.398176, 44.254516 ], [ -85.40036, 44.253595 ], [ -85.403248, 44.257113 ], [ -85.404564, 44.256575 ], [ -85.406489, 44.266976 ] ] ] } },
{ "type": "Feature", "properties": { "geoid": "26081014701", "county_name": "Kent County", "place_name": null, "state_name": "Michigan", "state_abbr": "MI", "is_rural": false, "dci_score": 60.0, "dci_quintile": 4.0, "is_cra_lmi": true, "income_level": "M", "is_persistent_poverty": false, "is_tribal_overlap": false, "tribal_area_name": null, "aian_pct": 0.0, "has_nmtc": false, "nmtc_projects": 0, "nmtc_total_usd": 0.0 }, "geometry": { "type": "Polygon", "coordinates": [ [ [ -85.679025, 42.855156 ], [ -85.678529, 42.855128 ], [ -85.674043, 42.855098 ], [ -85.671821, 42.853624 ], [ -85.671288, 42.855096 ], [ -85.667831, 42.855141 ], [ -85.663738, 42.85493 ], [ -85.663709, 42.848702 ], [ -85.663687, 42.840707 ], [ -85.663655, 42.837294 ], [ -85.663567, 42.826148 ], [ -85.665016, 42.826167 ], [ -85.666296, 42.826191 ], [ -85.672083, 42.826252 ], [ -85.673412, 42.828763 ], [ -85.675014, 42.831767 ], [ -85.676748, 42.835367 ], [ -85.67822, 42.840934 ], [ -85.678722, 42.849086 ], [ -85.679025, 42.855156 ] ] ] } },
{ "type": "Feature", "properties": { "geoid": "26117971200", "county_name": "Montcalm County", "place_name": null, "state_name": "Michigan", "state_abbr": "MI", "is_rural": true, "dci_score": 61.2, "dci_quintile": 4.0, "is_cra_lmi": true, "income_level": "M", "is_persistent_poverty": false, "is_tribal_overlap": false, "tribal_area_name": null, "aian_pct": 0.0, "has_nmtc": true, "nmtc_projects": 1, "nmtc_total_usd": 14480000.0 }, "geometry": { "type": "Polygon", "coordinates": [ [ [ -85.31225, 43.206438 ], [ -85.282379, 43.206414 ], [ -85.252786, 43.206417 ], [ -85.252244, 43.213706 ], [ -85.232179, 43.213557 ], [ -85.207575, 43.213867 ], [ -85.20765, 43.206803 ], [ -85.203197, 43.206703 ], [ -85.202922, 43.20666 ], [ -85.203459, 43.1704 ], [ -85.213402, 43.170604 ], [ -85.218471, 43.170582 ], [ -85.223462, 43.170537 ], [ -85.22336, 43.175588 ], [ -85.223343, 43.177663 ], [ -85.223344, 43.177859 ], [ -85.225856, 43.177823 ], [ -85.22835, 43.177799 ], [ -85.229294, 43.17777 ], [ -85.24115, 43.177563 ], [ -85.242572, 43.177487 ], [ -85.241727, 43.184525 ], [ -85.244893, 43.186482 ], [ -85.253022, 43.187654 ], [ -85.253074, 43.184742 ], [ -85.25496, 43.184759 ], [ -85.254811, 43.177428 ], [ -85.263171, 43.177357 ], [ -85.266505, 43.177344 ], [ -85.282414, 43.177155 ], [ -85.288024, 43.177087 ], [ -85.290642, 43.177063 ], [ -85.2924, 43.177043 ], [ -85.31228, 43.176763 ], [ -85.31225, 43.206438 ] ] ] } },
{ "type": "Feature", "properties": { "geoid": "26121000300", "county_name": "Muskegon County", "place_name": null, "state_name": "Michigan", "state_abbr": "MI", "is_rural": true, "dci_score": 85.5, "dci_quintile": 2.0, "is_cra_lmi": true, "income_level": "L", "is_persistent_poverty": false, "is_tribal_overlap": false, "tribal_area_name": null, "aian_pct": 0.0, "has_nmtc": false, "nmtc_projects": 0, "nmtc_total_usd": 0.0 }, "geometry": { "type": "Polygon", "coordinates": [ [ [ -86.242529, 43.238713 ], [ -86.241445, 43.239742 ], [ -86.235445, 43.240966 ], [ -86.233937, 43.240817 ], [ -86.228775, 43.239715 ], [ -86.224042, 43.239589 ], [ -86.224096, 43.237787 ], [ -86.224132, 43.235072 ], [ -86.224243, 43.231188 ], [ -86.224302, 43.2291 ], [ -86.22436, 43.224862 ], [ -86.224381, 43.222403 ], [ -86.225974, 43.223201 ], [ -86.234269, 43.223244 ], [ -86.234181, 43.226904 ], [ -86.234431, 43.230006 ], [ -86.235861, 43.231635 ], [ -86.238133, 43.234251 ], [ -86.242305, 43.234276 ], [ -86.245041, 43.237391 ], [ -86.242529, 43.238713 ] ] ] } },
{ "type": "Feature", "properties": { "geoid": "26121001200", "county_name": "Muskegon County", "place_name": "Marquette", "state_name": "Michigan", "state_abbr": "MI", "is_rural": true, "dci_score": 85.0, "dci_quintile": 2.0, "is_cra_lmi": true, "income_level": "M", "is_persistent_poverty": false, "is_tribal_overlap": false, "tribal_area_name": null, "aian_pct": 0.0, "has_nmtc": false, "nmtc_projects": 0, "nmtc_total_usd": 0.0 }, "geometry": { "type": "Polygon", "coordinates": [ [ [ -86.259466, 43.212532 ], [ -86.254452, 43.212466 ], [ -86.254361, 43.216116 ], [ -86.249416, 43.21606 ], [ -86.24816, 43.216052 ], [ -86.244433, 43.216018 ], [ -86.239448, 43.215984 ], [ -86.239492, 43.212319 ], [ -86.239534, 43.210505 ], [ -86.239652, 43.204984 ], [ -86.249603, 43.205095 ], [ -86.259549, 43.205211 ], [ -86.259466, 43.212532 ] ] ] } },
{ "type": "Feature", "properties": { "geoid": "26151970700", "county_name": "Sanilac County", "place_name": null, "state_name": "Michigan", "state_abbr": "MI", "is_rural": true, "dci_score": 63.3, "dci_quintile": 4.0, "is_cra_lmi": false, "income_level": "U", "is_persistent_poverty": false, "is_tribal_overlap": false, "tribal_area_name": null, "aian_pct": 0.0, "has_nmtc": false, "nmtc_projects": 0, "nmtc_total_usd": 0.0 }, "geometry": { "type": "Polygon", "coordinates": [ [ [ -82.530162, 43.253982 ], [ -82.525608326647898, 43.254222247904003 ], [ -82.524339, 43.251554 ], [ -82.52556, 43.249791 ], [ -82.523434, 43.24095 ], [ -82.523275983439802, 43.233871493804997 ], [ -82.523165976220696, 43.228943612942999 ], [ -82.523086, 43.225361 ], [ -82.520382, 43.21893 ], [ -82.519489466516305, 43.214539642680997 ], [ -82.519123, 43.212737 ], [ -82.517842458254904, 43.210965572878301 ], [ -82.515762670726502, 43.2080885155316 ], [ -82.511391, 43.202041 ], [ -82.508881, 43.196748 ], [ -82.508016, 43.19255 ], [ -82.508732, 43.190713 ], [ -82.503428425374096, 43.168933755503701 ], [ -82.505367, 43.168849 ], [ -82.524975, 43.168226 ], [ -82.527694, 43.213338 ], [ -82.527747, 43.213794 ], [ -82.528536, 43.225935 ], [ -82.530162, 43.253982 ] ] ] } },
{ "type": "Feature", "properties": { "geoid": "26151971100", "county_name": "Sanilac County", "place_name": null, "state_name": "Michigan", "state_abbr": "MI", "is_rural": true, "dci_score": 44.0, "dci_quintile": 5.0, "is_cra_lmi": false, "income_level": "U", "is_persistent_poverty": false, "is_tribal_overlap": false, "tribal_area_name": null, "aian_pct": 0.0, "has_nmtc": false, "nmtc_projects": 0, "nmtc_total_usd": 0.0 }, "geometry": { "type": "Polygon", "coordinates": [ [ [ -83.001271, 43.329534 ], [ -82.984439, 43.329905 ], [ -82.905162, 43.331662 ], [ -82.904853, 43.331676 ], [ -82.885334, 43.332267 ], [ -82.871711, 43.332623 ], [ -82.871107, 43.322514 ], [ -82.870606, 43.315555 ], [ -82.884896, 43.315095 ], [ -82.884288, 43.290474 ], [ -82.883378, 43.257301 ], [ -82.882837, 43.242899 ], [ -82.882466, 43.236663 ], [ -82.880089, 43.200516 ], [ -82.878211, 43.171638 ], [ -82.860822, 43.172098 ], [ -82.859895, 43.15767 ], [ -82.877221, 43.157212 ], [ -82.943649, 43.15554 ], [ -82.996257, 43.154099 ], [ -82.997986, 43.197536 ], [ -82.998195, 43.204562 ], [ -82.998369, 43.208343 ], [ -82.998439, 43.210391 ], [ -82.99852, 43.212336 ], [ -82.998625, 43.215011 ], [ -82.998806, 43.219259 ], [ -82.999074, 43.226461 ], [ -82.999494, 43.241762 ], [ -82.999664, 43.248402 ], [ -83.00043, 43.284913 ], [ -82.992778, 43.285022 ], [ -82.993192, 43.299454 ], [ -82.993459, 43.30661 ], [ -83.000766, 43.306381 ], [ -83.001271, 43.329534 ] ] ] } },
{ "type": "Feature", "properties": { "geoid": "26029001500", "county_name": "Charlevoix County", "place_name": null, "state_name": "Michigan", "state_abbr": "MI", "is_rural": true, "dci_score": 18.9, "dci_quintile": 5.0, "is_cra_lmi": false, "income_level": "U", "is_persistent_poverty": false, "is_tribal_overlap": false, "tribal_area_name": null, "aian_pct": 0.0, "has_nmtc": false, "nmtc_projects": 0, "nmtc_total_usd": 0.0 }, "geometry": { "type": "Polygon", "coordinates": [ [ [ -85.269217, 45.311604 ], [ -85.27081, 45.311593 ], [ -85.270826, 45.315174 ], [ -85.268641, 45.316041 ], [ -85.264064, 45.318154 ], [ -85.258683, 45.318143 ], [ -85.258676, 45.318758 ], [ -85.258683, 45.31883 ], [ -85.258679, 45.319051 ], [ -85.259304533168503, 45.322372462800999 ], [ -85.25505, 45.325675 ], [ -85.255027757042498, 45.325715390781802 ], [ -85.252658, 45.32569 ], [ -85.252665, 45.326387 ], [ -85.252495, 45.326627 ], [ -85.251255, 45.327376 ], [ -85.249591, 45.329126 ], [ -85.247167, 45.330666 ], [ -85.245624, 45.331598 ], [ -85.244792, 45.332938 ], [ -85.240523, 45.332942 ], [ -85.240587, 45.331089 ], [ -85.240504, 45.329371 ], [ -85.24052, 45.327913 ], [ -85.240511, 45.325622 ], [ -85.240511, 45.323164 ], [ -85.245313, 45.318626 ], [ -85.243394, 45.318149 ], [ -85.245616, 45.315723 ], [ -85.246121, 45.315347 ], [ -85.240031, 45.313553 ], [ -85.237366, 45.313136 ], [ -85.23783, 45.311706 ], [ -85.237915, 45.301588 ], [ -85.24696, 45.302289 ], [ -85.256921, 45.302175 ], [ -85.257196, 45.300929 ], [ -85.258458, 45.302178 ], [ -85.260783, 45.303563 ], [ -85.260238, 45.304174 ], [ -85.260613, 45.307974 ], [ -85.271013, 45.30796 ], [ -85.269217, 45.311604 ] ] ] } },
{ "type": "Feature", "properties": { "geoid": "26041971000", "county_name": "Delta County", "place_name": null, "state_name": "Michigan", "state_abbr": "MI", "is_rural": true, "dci_score": 89.1, "dci_quintile": 2.0, "is_cra_lmi": false, "income_level": "U", "is_persistent_poverty": false, "is_tribal_overlap": false, "tribal_area_name": null, "aian_pct": 0.0, "has_nmtc": true, "nmtc_projects": 1, "nmtc_total_usd": 26720000.0 }, "geometry": { "type": "Polygon", "coordinates": [ [ [ -87.071767, 45.748009 ], [ -87.061186, 45.748004 ], [ -87.061189, 45.744643 ], [ -87.061177, 45.742232 ], [ -87.061147, 45.735234 ], [ -87.069975, 45.735187 ], [ -87.069964, 45.740913 ], [ -87.071288, 45.742227 ], [ -87.071264, 45.745763 ], [ -87.071766, 45.745765 ], [ -87.071767, 45.748009 ] ] ] } },
{ "type": "Feature", "properties": { "geoid": "26161407400", "county_name": "Washtenaw County", "place_name": null, "state_name": "Michigan", "state_abbr": "MI", "is_rural": false, "dci_score": 62.7, "dci_quintile": 4.0, "is_cra_lmi": true, "income_level": "L", "is_persistent_poverty": false, "is_tribal_overlap": false, "tribal_area_name": null, "aian_pct": 0.0, "has_nmtc": true, "nmtc_projects": 1, "nmtc_total_usd": 7680000.0 }, "geometry": { "type": "Polygon", "coordinates": [ [ [ -83.593697, 42.262798 ], [ -83.593482, 42.263126 ], [ -83.590637, 42.265815 ], [ -83.587011, 42.268105 ], [ -83.584238, 42.269988 ], [ -83.583212, 42.270179 ], [ -83.583411, 42.276061 ], [ -83.569487, 42.27642 ], [ -83.559532, 42.276615 ], [ -83.557509, 42.276926 ], [ -83.554136, 42.276747 ], [ -83.5529, 42.276736 ], [ -83.544203, 42.276894 ], [ -83.543728, 42.262462 ], [ -83.553805, 42.262149 ], [ -83.582045, 42.261472 ], [ -83.587358, 42.261487 ], [ -83.591415, 42.26122 ], [ -83.594088, 42.261153 ], [ -83.593697, 42.262798 ] ] ] } },
{ "type": "Feature", "properties": { "geoid": "26161414000", "county_name": "Washtenaw County", "place_name": "Pontiac", "state_name": "Michigan", "state_abbr": "MI", "is_rural": false, "dci_score": 47.9, "dci_quintile": 5.0, "is_cra_lmi": true, "income_level": "L", "is_persistent_poverty": false, "is_tribal_overlap": false, "tribal_area_name": null, "aian_pct": 0.0, "has_nmtc": false, "nmtc_projects": 0, "nmtc_total_usd": 0.0 }, "geometry": { "type": "Polygon", "coordinates": [ [ [ -83.683733, 42.258089 ], [ -83.683643, 42.258908 ], [ -83.675693, 42.259043 ], [ -83.661241, 42.259388 ], [ -83.661081, 42.254116 ], [ -83.660991, 42.250133 ], [ -83.666088, 42.251119 ], [ -83.674007, 42.252696 ], [ -83.683662, 42.254587 ], [ -83.683733, 42.258089 ] ] ] } },
{ "type": "Feature", "properties": { "geoid": "26161410600", "county_name": "Washtenaw County", "place_name": null, "state_name": "Michigan", "state_abbr": "MI", "is_rural": false, "dci_score": 53.7, "dci_quintile": 5.0, "is_cra_lmi": true, "income_level": "L", "is_persistent_poverty": false, "is_tribal_overlap": false, "tribal_area_name": null, "aian_pct": 0.0, "has_nmtc": false, "nmtc_projects": 0, "nmtc_total_usd": 0.0 }, "geometry": { "type": "Polygon", "coordinates": [ [ [ -83.642467, 42.226266 ], [ -83.632042, 42.228837 ], [ -83.634298, 42.233012 ], [ -83.632987, 42.233687 ], [ -83.629203, 42.235677 ], [ -83.628635, 42.235959 ], [ -83.623431, 42.238638 ], [ -83.621266, 42.233274 ], [ -83.61967, 42.233585 ], [ -83.617397, 42.233585 ], [ -83.614039, 42.233626 ], [ -83.607155, 42.23474 ], [ -83.607912, 42.233238 ], [ -83.607231, 42.231032 ], [ -83.613042, 42.229878 ], [ -83.616891, 42.228923 ], [ -83.628036, 42.226185 ], [ -83.633995, 42.224983 ], [ -83.642, 42.224292 ], [ -83.642467, 42.226266 ] ] ] } },
{ "type": "Feature", "properties": { "geoid": "26161412100", "county_name": "Washtenaw County", "place_name": null, "state_name": "Michigan", "state_abbr": "MI", "is_rural": false, "dci_score": 62.7, "dci_quintile": 4.0, "is_cra_lmi": true, "income_level": "M", "is_persistent_poverty": false, "is_tribal_overlap": false, "tribal_area_name": null, "aian_pct": 0.0, "has_nmtc": false, "nmtc_projects": 0, "nmtc_total_usd": 0.0 }, "geometry": { "type": "Polygon", "coordinates": [ [ [ -83.607447, 42.260823 ], [ -83.603058, 42.260938 ], [ -83.594088, 42.261153 ], [ -83.591415, 42.26122 ], [ -83.587358, 42.261487 ], [ -83.582045, 42.261472 ], [ -83.553805, 42.262149 ], [ -83.543728, 42.262462 ], [ -83.544046, 42.256132 ], [ -83.550449, 42.254015 ], [ -83.553906, 42.254248 ], [ -83.582004, 42.253732 ], [ -83.583236, 42.253716 ], [ -83.591354, 42.253624 ], [ -83.595267, 42.253514 ], [ -83.597301, 42.253553 ], [ -83.606662, 42.253358 ], [ -83.608701, 42.253374 ], [ -83.607447, 42.260823 ] ] ] } },
{ "type": "Feature", "properties": { "geoid": "26053950600", "county_name": "Gogebic County", "place_name": null, "state_name": "Michigan", "state_abbr": "MI", "is_rural": true, "dci_score": 70.9, "dci_quintile": 3.0, "is_cra_lmi": true, "income_level": "M", "is_persistent_poverty": false, "is_tribal_overlap": false, "tribal_area_name": null, "aian_pct": 0.0, "has_nmtc": false, "nmtc_projects": 0, "nmtc_total_usd": 0.0 }, "geometry": { "type": "Polygon", "coordinates": [ [ [ -90.192076445456493, 46.4654742060617 ], [ -90.190142, 46.464407 ], [ -90.188109, 46.463747 ], [ -90.182534, 46.463384 ], [ -90.182528, 46.466978 ], [ -90.172618, 46.466925 ], [ -90.156454, 46.466941 ], [ -90.156516, 46.464228 ], [ -90.156502, 46.461487 ], [ -90.156425, 46.45614 ], [ -90.156625, 46.455703 ], [ -90.164497, 46.455485 ], [ -90.167455, 46.453831 ], [ -90.168845, 46.452986 ], [ -90.175763, 46.449941 ], [ -90.178452693783697, 46.449885779192897 ], [ -90.178924, 46.450267 ], [ -90.179124196884501, 46.452229346545302 ], [ -90.179212, 46.45309 ], [ -90.179173411609696, 46.453181826385197 ], [ -90.178053, 46.455848 ], [ -90.178325, 46.457408 ], [ -90.180279, 46.458736 ], [ -90.181428, 46.458406 ], [ -90.179943, 46.457385 ], [ -90.180336, 46.456746 ], [ -90.18284, 46.457401 ], [ -90.187687, 46.458206 ], [ -90.188030385940607, 46.458327337788198 ], [ -90.189385, 46.458806 ], [ -90.190749, 46.460173 ], [ -90.193294, 46.463143 ], [ -90.192076445456493, 46.4654742060617 ] ] ] } },
{ "type": "Feature", "properties": { "geoid": "26025003300", "county_name": "Calhoun County", "place_name": null, "state_name": "Michigan", "state_abbr": "MI", "is_rural": true, "dci_score": 93.2, "dci_quintile": 1.0, "is_cra_lmi": true, "income_level": "M", "is_persistent_poverty": false, "is_tribal_overlap": false, "tribal_area_name": null, "aian_pct": 0.0, "has_nmtc": false, "nmtc_projects": 0, "nmtc_total_usd": 0.0 }, "geometry": { "type": "Polygon", "coordinates": [ [ [ -84.805844, 42.259487 ], [ -84.801552, 42.257854 ], [ -84.80023, 42.256595 ], [ -84.798325, 42.256384 ], [ -84.797681, 42.255402 ], [ -84.793451, 42.254566 ], [ -84.791875, 42.253784 ], [ -84.787204, 42.252577 ], [ -84.782442, 42.251998 ], [ -84.780098, 42.250571 ], [ -84.775624, 42.248981 ], [ -84.770349, 42.248317 ], [ -84.768989, 42.247576 ], [ -84.762191, 42.24758 ], [ -84.758136, 42.2473 ], [ -84.756183, 42.246181 ], [ -84.755972, 42.242169 ], [ -84.753042, 42.242159 ], [ -84.75304, 42.239845 ], [ -84.753331, 42.235043 ], [ -84.7551, 42.232153 ], [ -84.75524, 42.230762 ], [ -84.754395, 42.217545 ], [ -84.799955, 42.217393 ], [ -84.790158, 42.2319 ], [ -84.804307, 42.231948 ], [ -84.805156, 42.246885 ], [ -84.805346, 42.258623 ], [ -84.805598, 42.259045 ], [ -84.80738, 42.261504 ], [ -84.805844, 42.259487 ] ] ] } },
{ "type": "Feature", "properties": { "geoid": "26025004100", "county_name": "Calhoun County", "place_name": null, "state_name": "Michigan", "state_abbr": "MI", "is_rural": false, "dci_score": 86.1, "dci_quintile": 2.0, "is_cra_lmi": true, "income_level": "M", "is_persistent_poverty": false, "is_tribal_overlap": false, "tribal_area_name": null, "aian_pct": 0.0, "has_nmtc": false, "nmtc_projects": 0, "nmtc_total_usd": 0.0 }, "geometry": { "type": "Polygon", "coordinates": [ [ [ -85.20961, 42.317858 ], [ -85.208876, 42.319513 ], [ -85.208863, 42.320028 ], [ -85.208824, 42.322138 ], [ -85.204468, 42.326479 ], [ -85.19873, 42.324096 ], [ -85.197777, 42.323873 ], [ -85.194886, 42.322874 ], [ -85.189501, 42.32215 ], [ -85.185163, 42.322724 ], [ -85.180849, 42.320046 ], [ -85.180641, 42.318957 ], [ -85.178942, 42.31832 ], [ -85.17764, 42.316431 ], [ -85.177916, 42.316018 ], [ -85.178848, 42.315359 ], [ -85.180527, 42.315739 ], [ -85.182213, 42.311845 ], [ -85.186383, 42.312247 ], [ -85.191929, 42.311992 ], [ -85.199731, 42.311928 ], [ -85.206302, 42.311966 ], [ -85.209462, 42.311979 ], [ -85.20961, 42.317858 ] ] ] } },
{ "type": "Feature", "properties": { "geoid": "26025002100", "county_name": "Calhoun County", "place_name": null, "state_name": "Michigan", "state_abbr": "MI", "is_rural": false, "dci_score": 51.2, "dci_quintile": 5.0, "is_cra_lmi": false, "income_level": "U", "is_persistent_poverty": false, "is_tribal_overlap": false, "tribal_area_name": null, "aian_pct": 0.0, "has_nmtc": false, "nmtc_projects": 0, "nmtc_total_usd": 0.0 }, "geometry": { "type": "Polygon", "coordinates": [ [ [ -85.145514, 42.317295 ], [ -85.140904, 42.323519 ], [ -85.140826, 42.323804 ], [ -85.141061, 42.332121 ], [ -85.137567, 42.332698 ], [ -85.128679, 42.331422 ], [ -85.121495, 42.33039 ], [ -85.111736, 42.330438 ], [ -85.111666, 42.326925 ], [ -85.121247, 42.32638 ], [ -85.121524, 42.324733 ], [ -85.124284, 42.324644 ], [ -85.126486, 42.323305 ], [ -85.130298, 42.323238 ], [ -85.131268, 42.322968 ], [ -85.131176, 42.31836 ], [ -85.131001, 42.31051 ], [ -85.130744, 42.299414 ], [ -85.133983, 42.303232 ], [ -85.136102, 42.304271 ], [ -85.139482, 42.304455 ], [ -85.138373, 42.306178 ], [ -85.139998, 42.308385 ], [ -85.14248, 42.30755 ], [ -85.143424, 42.308481 ], [ -85.145291, 42.307817 ], [ -85.145326, 42.30968 ], [ -85.145314, 42.31026 ], [ -85.145491, 42.316256 ], [ -85.145514, 42.317295 ] ] ] } },
{ "type": "Feature", "properties": { "geoid": "26099247601", "county_name": "Macomb County", "place_name": null, "state_name": "Michigan", "state_abbr": "MI", "is_rural": false, "dci_score": 36.6, "dci_quintile": 5.0, "is_cra_lmi": true, "income_level": "L", "is_persistent_poverty": false, "is_tribal_overlap": false, "tribal_area_name": null, "aian_pct": 0.0, "has_nmtc": false, "nmtc_projects": 0, "nmtc_total_usd": 0.0 }, "geometry": { "type": "Polygon", "coordinates": [ [ [ -82.864065, 42.562955 ], [ -82.863678, 42.569626 ], [ -82.863782, 42.570027 ], [ -82.862111, 42.570378 ], [ -82.858843, 42.568357 ], [ -82.859647, 42.557604 ], [ -82.86026, 42.556259 ], [ -82.861718, 42.554817 ], [ -82.864535, 42.553639 ], [ -82.864065, 42.562955 ] ] ] } },
{ "type": "Feature", "properties": { "geoid": "26163985300", "county_name": "Wayne County", "place_name": null, "state_name": "Michigan", "state_abbr": "MI", "is_rural": false, "dci_score": 94.3, "dci_quintile": 1.0, "is_cra_lmi": false, "income_level": "NA", "is_persistent_poverty": false, "is_tribal_overlap": false, "tribal_area_name": null, "aian_pct": 0.0, "has_nmtc": true, "nmtc_projects": 1, "nmtc_total_usd": 0.0 }, "geometry": { "type": "Polygon", "coordinates": [ [ [ -83.077978, 42.317571 ], [ -83.073494, 42.3195 ], [ -83.073211, 42.321035 ], [ -83.076038, 42.32604 ], [ -83.074717, 42.326434 ], [ -83.069822, 42.327955 ], [ -83.069189, 42.326845 ], [ -83.064264, 42.327889 ], [ -83.061659, 42.324573 ], [ -83.059481, 42.323831 ], [ -83.066145, 42.321664 ], [ -83.065573, 42.320025 ], [ -83.065338, 42.319541 ], [ -83.063637, 42.316857 ], [ -83.07193, 42.311842 ], [ -83.073484720075996, 42.311030335560098 ], [ -83.075635, 42.314349 ], [ -83.077978, 42.317571 ] ] ] } },
{ "type": "Feature", "properties": { "geoid": "26163511300", "county_name": "Wayne County", "place_name": null, "state_name": "Michigan", "state_abbr": "MI", "is_rural": false, "dci_score": 96.4, "dci_quintile": 1.0, "is_cra_lmi": true, "income_level": "M", "is_persistent_poverty": false, "is_tribal_overlap": false, "tribal_area_name": null, "aian_pct": 0.0, "has_nmtc": false, "nmtc_projects": 0, "nmtc_total_usd": 0.0 }, "geometry": { "type": "Polygon", "coordinates": [ [ [ -83.063611, 42.418653 ], [ -83.047718, 42.418968 ], [ -83.038339, 42.419169 ], [ -83.038216, 42.415572 ], [ -83.038125, 42.411973 ], [ -83.047514, 42.411775 ], [ -83.058779, 42.411507 ], [ -83.061487, 42.415521 ], [ -83.063611, 42.418653 ] ] ] } },
{ "type": "Feature", "properties": { "geoid": "26163520400", "county_name": "Wayne County", "place_name": null, "state_name": "Michigan", "state_abbr": "MI", "is_rural": false, "dci_score": 97.1, "dci_quintile": 1.0, "is_cra_lmi": false, "income_level": "NA", "is_persistent_poverty": false, "is_tribal_overlap": false, "tribal_area_name": null, "aian_pct": 0.0, "has_nmtc": false, "nmtc_projects": 0, "nmtc_total_usd": 0.0 }, "geometry": { "type": "Polygon", "coordinates": [ [ [ -83.072088, 42.351623 ], [ -83.070058, 42.35229 ], [ -83.067619, 42.353027 ], [ -83.066498, 42.351062 ], [ -83.065778, 42.349797 ], [ -83.065162, 42.348718 ], [ -83.064417, 42.347418 ], [ -83.062973, 42.344886 ], [ -83.068015, 42.343224 ], [ -83.068078, 42.34336 ], [ -83.06919, 42.345922 ], [ -83.071052, 42.3498 ], [ -83.072088, 42.351623 ] ] ] } },
{ "type": "Feature", "properties": { "geoid": "26163530100", "county_name": "Wayne County", "place_name": "Detroit", "state_name": "Michigan", "state_abbr": "MI", "is_rural": false, "dci_score": 93.1, "dci_quintile": 1.0, "is_cra_lmi": true, "income_level": "M", "is_persistent_poverty": false, "is_tribal_overlap": false, "tribal_area_name": null, "aian_pct": 0.0, "has_nmtc": true, "nmtc_projects": 1, "nmtc_total_usd": 15680000.0 }, "geometry": { "type": "Polygon", "coordinates": [ [ [ -83.128149, 42.417349 ], [ -83.121932, 42.417482 ], [ -83.117146, 42.410391 ], [ -83.113309, 42.404673 ], [ -83.112089, 42.403031 ], [ -83.115777, 42.401587 ], [ -83.118184, 42.403177 ], [ -83.12245, 42.404871 ], [ -83.127406, 42.40508 ], [ -83.127689, 42.410155 ], [ -83.127807, 42.410154 ], [ -83.128149, 42.417349 ] ] ] } },
{ "type": "Feature", "properties": { "geoid": "26163538300", "county_name": "Wayne County", "place_name": null, "state_name": "Michigan", "state_abbr": "MI", "is_rural": false, "dci_score": 89.2, "dci_quintile": 2.0, "is_cra_lmi": true, "income_level": "M", "is_persistent_poverty": false, "is_tribal_overlap": false, "tribal_area_name": null, "aian_pct": 0.0, "has_nmtc": false, "nmtc_projects": 0, "nmtc_total_usd": 0.0 }, "geometry": { "type": "Polygon", "coordinates": [ [ [ -83.131634, 42.431748 ], [ -83.125931, 42.431819 ], [ -83.114981, 42.432133 ], [ -83.111318, 42.426714 ], [ -83.108593, 42.422646 ], [ -83.105858, 42.418735 ], [ -83.105293, 42.417749 ], [ -83.11644, 42.417579 ], [ -83.121932, 42.417482 ], [ -83.128149, 42.417349 ], [ -83.130862, 42.417294 ], [ -83.130639, 42.417728 ], [ -83.1313, 42.42443 ], [ -83.131634, 42.431748 ] ] ] } },
{ "type": "Feature", "properties": { "geoid": "26163514500", "county_name": "Wayne County", "place_name": null, "state_name": "Michigan", "state_abbr": "MI", "is_rural": false, "dci_score": 84.2, "dci_quintile": 2.0, "is_cra_lmi": true, "income_level": "M", "is_persistent_poverty": false, "is_tribal_overlap": false, "tribal_area_name": null, "aian_pct": 0.0, "has_nmtc": false, "nmtc_projects": 0, "nmtc_total_usd": 0.0 }, "geometry": { "type": "Polygon", "coordinates": [ [ [ -83.000349, 42.38087 ], [ -82.99412, 42.372046 ], [ -82.999297, 42.369714 ], [ -83.005789, 42.378681 ], [ -83.000349, 42.38087 ] ] ] } },
{ "type": "Feature", "properties": { "geoid": "26163534400", "county_name": "Wayne County", "place_name": null, "state_name": "Michigan", "state_abbr": "MI", "is_rural": false, "dci_score": 94.3, "dci_quintile": 1.0, "is_cra_lmi": true, "income_level": "L", "is_persistent_poverty": false, "is_tribal_overlap": false, "tribal_area_name": null, "aian_pct": 0.0, "has_nmtc": false, "nmtc_projects": 0, "nmtc_total_usd": 0.0 }, "geometry": { "type": "Polygon", "coordinates": [ [ [ -83.168085, 42.371041 ], [ -83.164482, 42.371133 ], [ -83.158459, 42.37129 ], [ -83.158569, 42.373505 ], [ -83.151142, 42.373635 ], [ -83.15072, 42.373468 ], [ -83.151426, 42.371367 ], [ -83.15122, 42.366316 ], [ -83.158209, 42.366194 ], [ -83.161582, 42.366127 ], [ -83.164324, 42.366071 ], [ -83.167928, 42.365998 ], [ -83.168085, 42.371041 ] ] ] } },
{ "type": "Feature", "properties": { "geoid": "26163511900", "county_name": "Wayne County", "place_name": null, "state_name": "Michigan", "state_abbr": "MI", "is_rural": false, "dci_score": 91.6, "dci_quintile": 1.0, "is_cra_lmi": false, "income_level": "NA", "is_persistent_poverty": false, "is_tribal_overlap": false, "tribal_area_name": null, "aian_pct": 0.0, "has_nmtc": true, "nmtc_projects": 2, "nmtc_total_usd": 2800000.0 }, "geometry": { "type": "Polygon", "coordinates": [ [ [ -83.080593, 42.381113 ], [ -83.074765, 42.383261 ], [ -83.067528, 42.372498 ], [ -83.063257, 42.36611 ], [ -83.066768, 42.364598 ], [ -83.068815, 42.363601 ], [ -83.073387, 42.370351 ], [ -83.07655, 42.375106 ], [ -83.07794, 42.377169 ], [ -83.080593, 42.381113 ] ] ] } },
{ "type": "Feature", "properties": { "geoid": "26163523100", "county_name": "Wayne County", "place_name": null, "state_name": "Michigan", "state_abbr": "MI", "is_rural": false, "dci_score": 95.5, "dci_quintile": 1.0, "is_cra_lmi": true, "income_level": "M", "is_persistent_poverty": false, "is_tribal_overlap": false, "tribal_area_name": null, "aian_pct": 0.0, "has_nmtc": false, "nmtc_projects": 0, "nmtc_total_usd": 0.0 }, "geometry": { "type": "Polygon", "coordinates": [ [ [ -83.115311, 42.324195 ], [ -83.10679, 42.325362 ], [ -83.102829, 42.331296 ], [ -83.100564, 42.334557 ], [ -83.099587, 42.333407 ], [ -83.096715, 42.333796 ], [ -83.092487, 42.32734 ], [ -83.091481, 42.325914 ], [ -83.097907, 42.323161 ], [ -83.104078, 42.320932 ], [ -83.110908, 42.318149 ], [ -83.111471, 42.318923 ], [ -83.115311, 42.324195 ] ] ] } },
{ "type": "Feature", "properties": { "geoid": "26163543700", "county_name": "Wayne County", "place_name": null, "state_name": "Michigan", "state_abbr": "MI", "is_rural": false, "dci_score": 93.0, "dci_quintile": 1.0, "is_cra_lmi": true, "income_level": "L", "is_persistent_poverty": false, "is_tribal_overlap": false, "tribal_area_name": null, "aian_pct": 0.0, "has_nmtc": false, "nmtc_projects": 0, "nmtc_total_usd": 0.0 }, "geometry": { "type": "Polygon", "coordinates": [ [ [ -83.246827, 42.393267 ], [ -83.240277, 42.39341 ], [ -83.237138, 42.393478 ], [ -83.237231, 42.395796 ], [ -83.232358, 42.395825 ], [ -83.232282, 42.393589 ], [ -83.231092, 42.393609 ], [ -83.230859, 42.386385 ], [ -83.236851, 42.386254 ], [ -83.236653, 42.380462 ], [ -83.241026, 42.384094 ], [ -83.242107, 42.384741 ], [ -83.243626, 42.385305 ], [ -83.246592, 42.38561 ], [ -83.246827, 42.393267 ] ] ] } },
{ "type": "Feature", "properties": { "geoid": "26017280300", "county_name": "Bay County", "place_name": null, "state_name": "Michigan", "state_abbr": "MI", "is_rural": true, "dci_score": 77.1, "dci_quintile": 3.0, "is_cra_lmi": false, "income_level": "NA", "is_persistent_poverty": false, "is_tribal_overlap": false, "tribal_area_name": null, "aian_pct": 0.0, "has_nmtc": false, "nmtc_projects": 0, "nmtc_total_usd": 0.0 }, "geometry": { "type": "Polygon", "coordinates": [ [ [ -83.882904, 43.601702 ], [ -83.881645, 43.602612 ], [ -83.882573, 43.603849 ], [ -83.87151, 43.603998 ], [ -83.871458, 43.596764 ], [ -83.877041, 43.59722 ], [ -83.883461, 43.597708 ], [ -83.882904, 43.601702 ] ] ] } },
{ "type": "Feature", "properties": { "geoid": "26049002000", "county_name": "Genesee County", "place_name": null, "state_name": "Michigan", "state_abbr": "MI", "is_rural": false, "dci_score": 96.4, "dci_quintile": 1.0, "is_cra_lmi": true, "income_level": "L", "is_persistent_poverty": false, "is_tribal_overlap": false, "tribal_area_name": null, "aian_pct": 0.0, "has_nmtc": false, "nmtc_projects": 0, "nmtc_total_usd": 0.0 }, "geometry": { "type": "Polygon", "coordinates": [ [ [ -83.693829, 43.060974 ], [ -83.682478, 43.061299 ], [ -83.68252, 43.060514 ], [ -83.680387, 43.06052 ], [ -83.680512, 43.058367 ], [ -83.682171, 43.058359 ], [ -83.682053, 43.055989 ], [ -83.683387, 43.053993 ], [ -83.687378, 43.053955 ], [ -83.687351, 43.043149 ], [ -83.693821, 43.043118 ], [ -83.693805, 43.046985 ], [ -83.693775, 43.049552 ], [ -83.693732, 43.053083 ], [ -83.693771, 43.054259 ], [ -83.693829, 43.060974 ] ] ] } },
{ "type": "Feature", "properties": { "geoid": "26081011406", "county_name": "Kent County", "place_name": null, "state_name": "Michigan", "state_abbr": "MI", "is_rural": false, "dci_score": 40.2, "dci_quintile": 5.0, "is_cra_lmi": true, "income_level": "M", "is_persistent_poverty": false, "is_tribal_overlap": false, "tribal_area_name": null, "aian_pct": 0.0, "has_nmtc": false, "nmtc_projects": 0, "nmtc_total_usd": 0.0 }, "geometry": { "type": "Polygon", "coordinates": [ [ [ -85.689631, 43.039958 ], [ -85.689613, 43.04357 ], [ -85.688548, 43.043572 ], [ -85.686507, 43.043573 ], [ -85.685421, 43.043577 ], [ -85.68463, 43.043577 ], [ -85.679103, 43.043586 ], [ -85.678235, 43.04088 ], [ -85.672095, 43.040961 ], [ -85.670239, 43.03868 ], [ -85.669567, 43.037821 ], [ -85.669091, 43.037222 ], [ -85.669475, 43.037043 ], [ -85.669625, 43.037086 ], [ -85.669901, 43.036119 ], [ -85.669432, 43.031416 ], [ -85.670236, 43.02906 ], [ -85.681436, 43.02928 ], [ -85.684951, 43.029355 ], [ -85.685518, 43.029172 ], [ -85.689387, 43.029073 ], [ -85.689643, 43.035395 ], [ -85.689631, 43.039958 ] ] ] } },
{ "type": "Feature", "properties": { "geoid": "26125141100", "county_name": "Oakland County", "place_name": null, "state_name": "Michigan", "state_abbr": "MI", "is_rural": false, "dci_score": 83.1, "dci_quintile": 2.0, "is_cra_lmi": true, "income_level": "M", "is_persistent_poverty": false, "is_tribal_overlap": false, "tribal_area_name": null, "aian_pct": 0.0, "has_nmtc": false, "nmtc_projects": 0, "nmtc_total_usd": 0.0 }, "geometry": { "type": "Polygon", "coordinates": [ [ [ -83.327879, 42.683893 ], [ -83.303094, 42.684951 ], [ -83.296068, 42.685103 ], [ -83.295589, 42.67489 ], [ -83.296815, 42.675767 ], [ -83.300659, 42.675817 ], [ -83.310388, 42.675874 ], [ -83.310557, 42.676918 ], [ -83.310836, 42.680349 ], [ -83.312942, 42.680555 ], [ -83.315127, 42.677382 ], [ -83.321527, 42.672249 ], [ -83.325784, 42.670839 ], [ -83.327402, 42.668598 ], [ -83.327667, 42.677148 ], [ -83.327725, 42.678238 ], [ -83.327879, 42.683893 ] ] ] } },
{ "type": "Feature", "properties": { "geoid": "26073000703", "county_name": "Isabella County", "place_name": null, "state_name": "Michigan", "state_abbr": "MI", "is_rural": true, "dci_score": 61.3, "dci_quintile": 4.0, "is_cra_lmi": false, "income_level": "NA", "is_persistent_poverty": false, "is_tribal_overlap": false, "tribal_area_name": null, "aian_pct": 0.0, "has_nmtc": false, "nmtc_projects": 0, "nmtc_total_usd": 0.0 }, "geometry": { "type": "Polygon", "coordinates": [ [ [ -84.77741, 43.584701 ], [ -84.777516, 43.589811 ], [ -84.769033, 43.589865 ], [ -84.767497, 43.589872 ], [ -84.76746, 43.582585 ], [ -84.767443, 43.576437 ], [ -84.767295, 43.57537 ], [ -84.773906, 43.574801 ], [ -84.775796, 43.575104 ], [ -84.777567, 43.582527 ], [ -84.77741, 43.584701 ] ] ] } },
{ "type": "Feature", "properties": { "geoid": "26093733604", "county_name": "Livingston County", "place_name": null, "state_name": "Michigan", "state_abbr": "MI", "is_rural": false, "dci_score": 11.3, "dci_quintile": 5.0, "is_cra_lmi": false, "income_level": "U", "is_persistent_poverty": false, "is_tribal_overlap": false, "tribal_area_name": null, "aian_pct": 0.0, "has_nmtc": false, "nmtc_projects": 0, "nmtc_total_usd": 0.0 }, "geometry": { "type": "Polygon", "coordinates": [ [ [ -84.02621, 42.470513 ], [ -84.024523, 42.470956 ], [ -83.999, 42.470577 ], [ -83.985498, 42.468986 ], [ -83.981392, 42.467895 ], [ -83.971837, 42.463644 ], [ -83.966416, 42.461836 ], [ -83.961062, 42.460288 ], [ -83.960902, 42.458188 ], [ -83.955823, 42.451357 ], [ -83.950912, 42.445845 ], [ -83.949205, 42.438657 ], [ -83.9455, 42.438691 ], [ -83.92732, 42.439128 ], [ -83.926016, 42.440142 ], [ -83.92582, 42.442662 ], [ -83.917175, 42.442885 ], [ -83.915834, 42.442688 ], [ -83.907265, 42.4431 ], [ -83.905805, 42.425174 ], [ -83.915746, 42.424911 ], [ -83.94465, 42.424149 ], [ -83.970784, 42.424133 ], [ -83.987409, 42.424024 ], [ -84.015069, 42.423904 ], [ -84.016568, 42.423911 ], [ -84.023402, 42.42393 ], [ -84.026033, 42.465019 ], [ -84.02621, 42.470513 ] ] ] } },
{ "type": "Feature", "properties": { "geoid": "26143971002", "county_name": "Roscommon County", "place_name": "Buena Vista", "state_name": "Michigan", "state_abbr": "MI", "is_rural": true, "dci_score": 62.0, "dci_quintile": 4.0, "is_cra_lmi": false, "income_level": "U", "is_persistent_poverty": false, "is_tribal_overlap": false, "tribal_area_name": null, "aian_pct": 0.0, "has_nmtc": false, "nmtc_projects": 0, "nmtc_total_usd": 0.0 }, "geometry": { "type": "Polygon", "coordinates": [ [ [ -84.73334, 44.298207 ], [ -84.697346, 44.298654 ], [ -84.692257, 44.298693 ], [ -84.692237, 44.291455 ], [ -84.657019, 44.291308 ], [ -84.656786, 44.289758 ], [ -84.651828, 44.289613 ], [ -84.65157, 44.276655 ], [ -84.651401, 44.275217 ], [ -84.646904, 44.25865 ], [ -84.644945, 44.256797 ], [ -84.634266, 44.247725 ], [ -84.654932, 44.247845 ], [ -84.691659, 44.275355 ], [ -84.691707, 44.276939 ], [ -84.732585, 44.276502 ], [ -84.733034, 44.29101 ], [ -84.73334, 44.298207 ] ] ] } },
{ "type": "Feature", "properties": { "geoid": "26129950902", "county_name": "Ogemaw County", "place_name": null, "state_name": "Michigan", "state_abbr": "MI", "is_rural": true, "dci_score": 71.9, "dci_quintile": 3.0, "is_cra_lmi": true, "income_level": "M", "is_persistent_poverty": false, "is_tribal_overlap": false, "tribal_area_name": null, "aian_pct": 0.0, "has_nmtc": false, "nmtc_projects": 0, "nmtc_total_usd": 0.0 }, "geometry": { "type": "Polygon", "coordinates": [ [ [ -84.073293, 44.167944 ], [ -84.071191, 44.169592 ], [ -84.073071, 44.171442 ], [ -84.069428, 44.171475 ], [ -84.067419, 44.172547 ], [ -84.065429, 44.17533 ], [ -84.063264, 44.176526 ], [ -84.06105, 44.177066 ], [ -84.060296, 44.178527 ], [ -84.04522, 44.17857 ], [ -84.045263, 44.183485 ], [ -84.035184, 44.183513 ], [ -84.035069, 44.187878 ], [ -84.031901, 44.191287 ], [ -84.030195, 44.194605 ], [ -84.030025, 44.197725 ], [ -84.025576, 44.197832 ], [ -84.025228, 44.19799 ], [ -84.025276, 44.205142 ], [ -84.004967, 44.205181 ], [ -84.005024, 44.219578 ], [ -84.000292, 44.219311 ], [ -83.997426, 44.217724 ], [ -83.995861, 44.217867 ], [ -83.99127, 44.219911 ], [ -83.945215, 44.219925 ], [ -83.943463, 44.248196 ], [ -83.943462, 44.262556 ], [ -83.883393, 44.262347 ], [ -83.883428, 44.248065 ], [ -83.883977, 44.161786 ], [ -83.927493, 44.161834 ], [ -83.972099, 44.161942 ], [ -83.997862, 44.161975 ], [ -83.999839, 44.161972 ], [ -84.004984, 44.161967 ], [ -84.007458, 44.161965 ], [ -84.032142, 44.161925 ], [ -84.047519, 44.161884 ], [ -84.05963, 44.161888 ], [ -84.065117, 44.161881 ], [ -84.069525, 44.162574 ], [ -84.073186, 44.166519 ], [ -84.073293, 44.167944 ] ] ] } },
{ "type": "Feature", "properties": { "geoid": "26059050700", "county_name": "Hillsdale County", "place_name": null, "state_name": "Michigan", "state_abbr": "MI", "is_rural": true, "dci_score": 70.1, "dci_quintile": 3.0, "is_cra_lmi": false, "income_level": "U", "is_persistent_poverty": false, "is_tribal_overlap": false, "tribal_area_name": null, "aian_pct": 0.0, "has_nmtc": false, "nmtc_projects": 0, "nmtc_total_usd": 0.0 }, "geometry": { "type": "Polygon", "coordinates": [ [ [ -84.65636, 41.919987 ], [ -84.651204, 41.923122 ], [ -84.651169, 41.929184 ], [ -84.65118, 41.934558 ], [ -84.641332, 41.934547 ], [ -84.636571, 41.934481 ], [ -84.62922, 41.934476 ], [ -84.626814, 41.934473 ], [ -84.612325, 41.934641 ], [ -84.612248, 41.94182 ], [ -84.592895, 41.941834 ], [ -84.592917, 41.92727 ], [ -84.6026, 41.927282 ], [ -84.602693, 41.912904 ], [ -84.611341, 41.917959 ], [ -84.612428, 41.918768 ], [ -84.613509, 41.919603 ], [ -84.614714, 41.920018 ], [ -84.625461, 41.919995 ], [ -84.633654, 41.919982 ], [ -84.639089, 41.919985 ], [ -84.641745, 41.919983 ], [ -84.651258, 41.919986 ], [ -84.653355, 41.919984 ], [ -84.65636, 41.919987 ] ] ] } },
{ "type": "Feature", "properties": { "geoid": "26065002300", "county_name": "Ingham County", "place_name": null, "state_name": "Michigan", "state_abbr": "MI", "is_rural": false, "dci_score": 76.0, "dci_quintile": 3.0, "is_cra_lmi": true, "income_level": "M", "is_persistent_poverty": false, "is_tribal_overlap": false, "tribal_area_name": null, "aian_pct": 0.0, "has_nmtc": false, "nmtc_projects": 0, "nmtc_total_usd": 0.0 }, "geometry": { "type": "Polygon", "coordinates": [ [ [ -84.55803, 42.70524 ], [ -84.552508, 42.711998 ], [ -84.549827, 42.711942 ], [ -84.547757, 42.711954 ], [ -84.544109, 42.711963 ], [ -84.541959, 42.711956 ], [ -84.541144, 42.711952 ], [ -84.538121, 42.711942 ], [ -84.538155, 42.703624 ], [ -84.538096, 42.70034 ], [ -84.538109, 42.696619 ], [ -84.541421, 42.69693 ], [ -84.545454, 42.696519 ], [ -84.546772, 42.697424 ], [ -84.546715, 42.701262 ], [ -84.544748, 42.701257 ], [ -84.544705, 42.705142 ], [ -84.548008, 42.705169 ], [ -84.552174, 42.705151 ], [ -84.556188, 42.704784 ], [ -84.55803, 42.70524 ] ] ] } },
{ "type": "Feature", "properties": { "geoid": "26165380100", "county_name": "Wexford County", "place_name": null, "state_name": "Michigan", "state_abbr": "MI", "is_rural": true, "dci_score": 41.8, "dci_quintile": 5.0, "is_cra_lmi": false, "income_level": "U", "is_persistent_poverty": false, "is_tribal_overlap": false, "tribal_area_name": null, "aian_pct": 0.0, "has_nmtc": false, "nmtc_projects": 0, "nmtc_total_usd": 0.0 }, "geometry": { "type": "Polygon", "coordinates": [ [ [ -85.540155, 44.373115 ], [ -85.539406, 44.374988 ], [ -85.536331, 44.378365 ], [ -85.535051, 44.381294 ], [ -85.534597, 44.402852 ], [ -85.534156, 44.403281 ], [ -85.533124, 44.40365 ], [ -85.521157, 44.403806 ], [ -85.520181, 44.404171 ], [ -85.519683, 44.404758 ], [ -85.519504, 44.415464 ], [ -85.519329, 44.424569 ], [ -85.519028, 44.432155 ], [ -85.51756, 44.488922 ], [ -85.518504, 44.4896 ], [ -85.527291, 44.489687 ], [ -85.52725, 44.497195 ], [ -85.526815, 44.510892 ], [ -85.52091, 44.511141 ], [ -85.520618, 44.512131 ], [ -85.456568, 44.512309 ], [ -85.354197, 44.512335 ], [ -85.334, 44.512303 ], [ -85.338404, 44.425376 ], [ -85.338015, 44.403844 ], [ -85.337092, 44.339254 ], [ -85.336606, 44.311094 ], [ -85.341292, 44.312157 ], [ -85.345621, 44.311352 ], [ -85.348411, 44.312376 ], [ -85.352835, 44.313338 ], [ -85.357989, 44.313863 ], [ -85.360633, 44.31449 ], [ -85.36943, 44.313413 ], [ -85.370944, 44.313571 ], [ -85.374511, 44.31286 ], [ -85.376882, 44.313321 ], [ -85.386747, 44.31346 ], [ -85.386908, 44.310205 ], [ -85.407021, 44.310148 ], [ -85.422214, 44.310081 ], [ -85.424121, 44.311278 ], [ -85.423811, 44.314131 ], [ -85.42589, 44.315917 ], [ -85.427056, 44.31583 ], [ -85.432277, 44.313047 ], [ -85.436548, 44.313706 ], [ -85.438355, 44.312791 ], [ -85.438421, 44.310724 ], [ -85.452159, 44.319408 ], [ -85.454279, 44.320483 ], [ -85.459369, 44.320488 ], [ -85.460184, 44.339028 ], [ -85.490731, 44.338774 ], [ -85.491776, 44.338832 ], [ -85.493277, 44.342483 ], [ -85.495151, 44.343012 ], [ -85.497393, 44.342728 ], [ -85.501568, 44.344438 ], [ -85.502209, 44.347197 ], [ -85.502157, 44.351846 ], [ -85.502697, 44.353037 ], [ -85.540376, 44.352964 ], [ -85.540155, 44.373115 ] ] ] } },
{ "type": "Feature", "properties": { "geoid": "26081003000", "county_name": "Kent County", "place_name": null, "state_name": "Michigan", "state_abbr": "MI", "is_rural": false, "dci_score": 72.3, "dci_quintile": 3.0, "is_cra_lmi": true, "income_level": "M", "is_persistent_poverty": false, "is_tribal_overlap": false, "tribal_area_name": null, "aian_pct": 0.0, "has_nmtc": false, "nmtc_projects": 0, "nmtc_total_usd": 0.0 }, "geometry": { "type": "Polygon", "coordinates": [ [ [ -85.656671, 42.955718 ], [ -85.649296, 42.955591 ], [ -85.64927, 42.951978 ], [ -85.649259, 42.948364 ], [ -85.656601, 42.94851 ], [ -85.656633, 42.951524 ], [ -85.656671, 42.955718 ] ] ] } },
{ "type": "Feature", "properties": { "geoid": "26163573800", "county_name": "Wayne County", "place_name": null, "state_name": "Michigan", "state_abbr": "MI", "is_rural": false, "dci_score": 95.5, "dci_quintile": 1.0, "is_cra_lmi": true, "income_level": "M", "is_persistent_poverty": false, "is_tribal_overlap": false, "tribal_area_name": null, "aian_pct": 0.0, "has_nmtc": false, "nmtc_projects": 0, "nmtc_total_usd": 0.0 }, "geometry": { "type": "Polygon", "coordinates": [ [ [ -83.196609, 42.35089 ], [ -83.191287, 42.350992 ], [ -83.186911, 42.351079 ], [ -83.181934, 42.351181 ], [ -83.177184, 42.351284 ], [ -83.17703, 42.347637 ], [ -83.176874, 42.343985 ], [ -83.176614, 42.338538 ], [ -83.176454, 42.334933 ], [ -83.176431, 42.334385 ], [ -83.177152, 42.334915 ], [ -83.186488, 42.341993 ], [ -83.188826, 42.343762 ], [ -83.190942, 42.343734 ], [ -83.196288, 42.343665 ], [ -83.196609, 42.35089 ] ] ] } },
{ "type": "Feature", "properties": { "geoid": "26163508100", "county_name": "Wayne County", "place_name": null, "state_name": "Michigan", "state_abbr": "MI", "is_rural": false, "dci_score": 89.3, "dci_quintile": 2.0, "is_cra_lmi": true, "income_level": "M", "is_persistent_poverty": false, "is_tribal_overlap": false, "tribal_area_name": null, "aian_pct": 0.0, "has_nmtc": false, "nmtc_projects": 0, "nmtc_total_usd": 0.0 }, "geometry": { "type": "Polygon", "coordinates": [ [ [ -83.11263, 42.446799 ], [ -83.112342, 42.446809 ], [ -83.109626, 42.446959 ], [ -83.102875, 42.44714 ], [ -83.097421, 42.44682 ], [ -83.094929, 42.446862 ], [ -83.095199, 42.439744 ], [ -83.094924, 42.432473 ], [ -83.100931, 42.432312 ], [ -83.106768, 42.439481 ], [ -83.107831, 42.441077 ], [ -83.112581, 42.446708 ], [ -83.11263, 42.446799 ] ] ] } },
{ "type": "Feature", "properties": { "geoid": "26163566500", "county_name": "Wayne County", "place_name": null, "state_name": "Michigan", "state_abbr": "MI", "is_rural": false, "dci_score": 69.7, "dci_quintile": 3.0, "is_cra_lmi": false, "income_level": "U", "is_persistent_poverty": false, "is_tribal_overlap": false, "tribal_area_name": null, "aian_pct": 0.0, "has_nmtc": false, "nmtc_projects": 0, "nmtc_total_usd": 0.0 }, "geometry": { "type": "Polygon", "coordinates": [ [ [ -83.397435, 42.288088 ], [ -83.384778, 42.288372 ], [ -83.378042, 42.28849 ], [ -83.377898, 42.285792 ], [ -83.381219, 42.28573 ], [ -83.381123, 42.282857 ], [ -83.377776, 42.282329 ], [ -83.377737, 42.281405 ], [ -83.378217, 42.281128 ], [ -83.378226, 42.279392 ], [ -83.386477, 42.277949 ], [ -83.397064, 42.276248 ], [ -83.397228, 42.281418 ], [ -83.397435, 42.288088 ] ] ] } },
{ "type": "Feature", "properties": { "geoid": "26163505100", "county_name": "Wayne County", "place_name": null, "state_name": "Michigan", "state_abbr": "MI", "is_rural": false, "dci_score": 99.6, "dci_quintile": 1.0, "is_cra_lmi": true, "income_level": "M", "is_persistent_poverty": false, "is_tribal_overlap": false, "tribal_area_name": null, "aian_pct": 0.0, "has_nmtc": false, "nmtc_projects": 0, "nmtc_total_usd": 0.0 }, "geometry": { "type": "Polygon", "coordinates": [ [ [ -83.024745, 42.448159 ], [ -83.014908, 42.448436 ], [ -83.014374, 42.44845 ], [ -83.007274, 42.448725 ], [ -83.005534, 42.448806 ], [ -83.014654, 42.43661 ], [ -83.016421, 42.434116 ], [ -83.023886, 42.424056 ], [ -83.023984, 42.426735 ], [ -83.024257, 42.43397 ], [ -83.024501, 42.441341 ], [ -83.024745, 42.448159 ] ] ] } },
{ "type": "Feature", "properties": { "geoid": "26163570100", "county_name": "Wayne County", "place_name": null, "state_name": "Michigan", "state_abbr": "MI", "is_rural": false, "dci_score": 98.9, "dci_quintile": 1.0, "is_cra_lmi": false, "income_level": "U", "is_persistent_poverty": false, "is_tribal_overlap": false, "tribal_area_name": null, "aian_pct": 0.0, "has_nmtc": false, "nmtc_projects": 0, "nmtc_total_usd": 0.0 }, "geometry": { "type": "Polygon", "coordinates": [ [ [ -83.301057, 42.311869 ], [ -83.296792, 42.311946 ], [ -83.291108, 42.31205 ], [ -83.290865, 42.306634 ], [ -83.290776, 42.304821 ], [ -83.290399, 42.294178 ], [ -83.300165, 42.292546 ], [ -83.300725, 42.304639 ], [ -83.300914, 42.308733 ], [ -83.301057, 42.311869 ] ] ] } },
{ "type": "Feature", "properties": { "geoid": "26163579800", "county_name": "Wayne County", "place_name": null, "state_name": "Michigan", "state_abbr": "MI", "is_rural": false, "dci_score": 99.6, "dci_quintile": 1.0, "is_cra_lmi": true, "income_level": "M", "is_persistent_poverty": false, "is_tribal_overlap": false, "tribal_area_name": null, "aian_pct": 0.0, "has_nmtc": false, "nmtc_projects": 0, "nmtc_total_usd": 0.0 }, "geometry": { "type": "Polygon", "coordinates": [ [ [ -83.149326, 42.242497 ], [ -83.147266, 42.249143 ], [ -83.146041, 42.252992 ], [ -83.144875, 42.25272 ], [ -83.145185, 42.25149 ], [ -83.141323, 42.250579 ], [ -83.140059, 42.253558 ], [ -83.137628, 42.252607 ], [ -83.138775, 42.250043 ], [ -83.140108, 42.24798 ], [ -83.142194, 42.244899 ], [ -83.143747, 42.244035 ], [ -83.145587, 42.239438 ], [ -83.148342, 42.236062 ], [ -83.148509, 42.234868 ], [ -83.149113, 42.234585 ], [ -83.151837, 42.234642 ], [ -83.149326, 42.242497 ] ] ] } },
{ "type": "Feature", "properties": { "geoid": "26163534100", "county_name": "Wayne County", "place_name": null, "state_name": "Michigan", "state_abbr": "MI", "is_rural": false, "dci_score": 94.4, "dci_quintile": 1.0, "is_cra_lmi": true, "income_level": "M", "is_persistent_poverty": false, "is_tribal_overlap": false, "tribal_area_name": null, "aian_pct": 0.0, "has_nmtc": false, "nmtc_projects": 0, "nmtc_total_usd": 0.0 }, "geometry": { "type": "Polygon", "coordinates": [ [ [ -83.146637, 42.381033 ], [ -83.139317, 42.381185 ], [ -83.139221, 42.378818 ], [ -83.139109, 42.37614 ], [ -83.138999, 42.373515 ], [ -83.138908, 42.371332 ], [ -83.138751, 42.367398 ], [ -83.143197, 42.3693 ], [ -83.144971, 42.371153 ], [ -83.146014, 42.373528 ], [ -83.146178, 42.376012 ], [ -83.146138, 42.379672 ], [ -83.146637, 42.381033 ] ] ] } },
{ "type": "Feature", "properties": { "geoid": "26163530200", "county_name": "Wayne County", "place_name": "Mount Pleasant", "state_name": "Michigan", "state_abbr": "MI", "is_rural": false, "dci_score": 92.5, "dci_quintile": 1.0, "is_cra_lmi": true, "income_level": "M", "is_persistent_poverty": false, "is_tribal_overlap": false, "tribal_area_name": null, "aian_pct": 0.0, "has_nmtc": false, "nmtc_projects": 0, "nmtc_total_usd": 0.0 }, "geometry": { "type": "Polygon", "coordinates": [ [ [ -83.140836, 42.417147 ], [ -83.135307, 42.417225 ], [ -83.130862, 42.417294 ], [ -83.128149, 42.417349 ], [ -83.127807, 42.410154 ], [ -83.127689, 42.410155 ], [ -83.127406, 42.40508 ], [ -83.140343, 42.404807 ], [ -83.140349, 42.404957 ], [ -83.140537, 42.409904 ], [ -83.140836, 42.417147 ] ] ] } },
{ "type": "Feature", "properties": { "geoid": "26163545700", "county_name": "Wayne County", "place_name": null, "state_name": "Michigan", "state_abbr": "MI", "is_rural": false, "dci_score": 97.3, "dci_quintile": 1.0, "is_cra_lmi": true, "income_level": "L", "is_persistent_poverty": false, "is_tribal_overlap": false, "tribal_area_name": null, "aian_pct": 0.0, "has_nmtc": false, "nmtc_projects": 0, "nmtc_total_usd": 0.0 }, "geometry": { "type": "Polygon", "coordinates": [ [ [ -83.235105, 42.335834 ], [ -83.232643, 42.335897 ], [ -83.225412, 42.336003 ], [ -83.215937, 42.336128 ], [ -83.215415, 42.336135 ], [ -83.215355, 42.328945 ], [ -83.215585, 42.328941 ], [ -83.225029, 42.328815 ], [ -83.225226, 42.328812 ], [ -83.227707, 42.332377 ], [ -83.23245, 42.33087 ], [ -83.234981, 42.32983 ], [ -83.235105, 42.335834 ] ] ] } },
{ "type": "Feature", "properties": { "geoid": "26163516400", "county_name": "Wayne County", "place_name": null, "state_name": "Michigan", "state_abbr": "MI", "is_rural": false, "dci_score": 87.5, "dci_quintile": 2.0, "is_cra_lmi": false, "income_level": "U", "is_persistent_poverty": false, "is_tribal_overlap": false, "tribal_area_name": null, "aian_pct": 0.0, "has_nmtc": false, "nmtc_projects": 0, "nmtc_total_usd": 0.0 }, "geometry": { "type": "Polygon", "coordinates": [ [ [ -83.013347, 42.356097 ], [ -83.008858, 42.357718 ], [ -83.007463, 42.355604 ], [ -83.004024, 42.350393 ], [ -83.002918, 42.348658 ], [ -83.002079, 42.347158 ], [ -83.010052, 42.34366 ], [ -83.012107, 42.346926 ], [ -83.017474, 42.355026 ], [ -83.013347, 42.356097 ] ] ] } },
{ "type": "Feature", "properties": { "geoid": "26163514100", "county_name": "Wayne County", "place_name": null, "state_name": "Michigan", "state_abbr": "MI", "is_rural": false, "dci_score": 84.2, "dci_quintile": 2.0, "is_cra_lmi": true, "income_level": "L", "is_persistent_poverty": false, "is_tribal_overlap": false, "tribal_area_name": null, "aian_pct": 0.0, "has_nmtc": false, "nmtc_projects": 0, "nmtc_total_usd": 0.0 }, "geometry": { "type": "Polygon", "coordinates": [ [ [ -83.000349, 42.38087 ], [ -82.992503, 42.384004 ], [ -82.98385, 42.387266 ], [ -82.978917, 42.379726 ], [ -82.978571, 42.379145 ], [ -82.986538, 42.375525 ], [ -82.99412, 42.372046 ], [ -83.000349, 42.38087 ] ] ] } },
{ "type": "Feature", "properties": { "geoid": "26099264000", "county_name": "Macomb County", "place_name": "Madison Heights", "state_name": "Michigan", "state_abbr": "MI", "is_rural": false, "dci_score": 86.3, "dci_quintile": 2.0, "is_cra_lmi": true, "income_level": "L", "is_persistent_poverty": false, "is_tribal_overlap": false, "tribal_area_name": null, "aian_pct": 0.0, "has_nmtc": false, "nmtc_projects": 0, "nmtc_total_usd": 0.0 }, "geometry": { "type": "Polygon", "coordinates": [ [ [ -83.026349, 42.455688 ], [ -83.01824, 42.455871 ], [ -83.015385, 42.455919 ], [ -83.005459, 42.456263 ], [ -83.005363, 42.451375 ], [ -83.007274, 42.448725 ], [ -83.014374, 42.44845 ], [ -83.014908, 42.448436 ], [ -83.024745, 42.448159 ], [ -83.02565, 42.452463 ], [ -83.026349, 42.455688 ] ] ] } },
{ "type": "Feature", "properties": { "geoid": "26099242100", "county_name": "Macomb County", "place_name": "Pontiac", "state_name": "Michigan", "state_abbr": "MI", "is_rural": false, "dci_score": 50.9, "dci_quintile": 5.0, "is_cra_lmi": true, "income_level": "M", "is_persistent_poverty": false, "is_tribal_overlap": false, "tribal_area_name": null, "aian_pct": 0.0, "has_nmtc": false, "nmtc_projects": 0, "nmtc_total_usd": 0.0 }, "geometry": { "type": "Polygon", "coordinates": [ [ [ -82.871682, 42.569458 ], [ -82.867231, 42.569389 ], [ -82.863782, 42.570027 ], [ -82.863678, 42.569626 ], [ -82.864065, 42.562955 ], [ -82.864535, 42.553639 ], [ -82.871405, 42.553353 ], [ -82.870193, 42.555269 ], [ -82.870329, 42.560769 ], [ -82.870373, 42.561407 ], [ -82.870555, 42.563027 ], [ -82.871741, 42.568019 ], [ -82.871682, 42.569458 ] ] ] } },
{ "type": "Feature", "properties": { "geoid": "26099258100", "county_name": "Macomb County", "place_name": null, "state_name": "Michigan", "state_abbr": "MI", "is_rural": false, "dci_score": 81.5, "dci_quintile": 2.0, "is_cra_lmi": false, "income_level": "U", "is_persistent_poverty": false, "is_tribal_overlap": false, "tribal_area_name": null, "aian_pct": 0.0, "has_nmtc": false, "nmtc_projects": 0, "nmtc_total_usd": 0.0 }, "geometry": { "type": "Polygon", "coordinates": [ [ [ -82.953308, 42.472163 ], [ -82.947931, 42.480362 ], [ -82.947477, 42.48037 ], [ -82.942201, 42.480518 ], [ -82.940676, 42.479844 ], [ -82.933927, 42.480026 ], [ -82.929622, 42.480161 ], [ -82.927331, 42.48023 ], [ -82.92705, 42.472826 ], [ -82.933288, 42.472637 ], [ -82.933701, 42.472622 ], [ -82.940435, 42.472416 ], [ -82.946052, 42.472235 ], [ -82.949993, 42.472186 ], [ -82.950697, 42.472196 ], [ -82.953308, 42.472163 ] ] ] } },
{ "type": "Feature", "properties": { "geoid": "26073940500", "county_name": "Isabella County", "place_name": null, "state_name": "Michigan", "state_abbr": "MI", "is_rural": true, "dci_score": 61.3, "dci_quintile": 4.0, "is_cra_lmi": false, "income_level": "U", "is_persistent_poverty": false, "is_tribal_overlap": false, "tribal_area_name": null, "aian_pct": 0.0, "has_nmtc": false, "nmtc_projects": 0, "nmtc_total_usd": 0.0 }, "geometry": { "type": "Polygon", "coordinates": [ [ [ -84.797746, 43.59797 ], [ -84.792774, 43.598906 ], [ -84.792798, 43.604397 ], [ -84.790321, 43.604401 ], [ -84.780158, 43.604489 ], [ -84.778913, 43.604473 ], [ -84.774225, 43.604468 ], [ -84.773137, 43.604473 ], [ -84.767688, 43.604484 ], [ -84.767577, 43.597177 ], [ -84.774145, 43.59717 ], [ -84.777575, 43.597159 ], [ -84.781118, 43.597144 ], [ -84.785129, 43.597122 ], [ -84.786662, 43.597093 ], [ -84.797729, 43.597036 ], [ -84.797746, 43.59797 ] ] ] } },
{ "type": "Feature", "properties": { "geoid": "26145012200", "county_name": "Saginaw County", "place_name": "Grand Rapids", "state_name": "Michigan", "state_abbr": "MI", "is_rural": true, "dci_score": 69.7, "dci_quintile": 3.0, "is_cra_lmi": false, "income_level": "U", "is_persistent_poverty": false, "is_tribal_overlap": false, "tribal_area_name": null, "aian_pct": 0.0, "has_nmtc": false, "nmtc_projects": 0, "nmtc_total_usd": 0.0 }, "geometry": { "type": "Polygon", "coordinates": [ [ [ -84.369876, 43.466044 ], [ -84.369846, 43.471324 ], [ -84.369835, 43.473365 ], [ -84.36983, 43.473935 ], [ -84.369792, 43.480538 ], [ -84.369777, 43.481573 ], [ -84.355532, 43.481561 ], [ -84.343997, 43.481537 ], [ -84.340631, 43.481522 ], [ -84.330478, 43.481508 ], [ -84.290826, 43.481418 ], [ -84.290351, 43.390189 ], [ -84.36985, 43.389612 ], [ -84.369925, 43.458711 ], [ -84.369876, 43.466044 ] ] ] } },
{ "type": "Feature", "properties": { "geoid": "26115831900", "county_name": "Monroe County", "place_name": null, "state_name": "Michigan", "state_abbr": "MI", "is_rural": true, "dci_score": 76.4, "dci_quintile": 3.0, "is_cra_lmi": true, "income_level": "L", "is_persistent_poverty": false, "is_tribal_overlap": false, "tribal_area_name": null, "aian_pct": 0.0, "has_nmtc": false, "nmtc_projects": 0, "nmtc_total_usd": 0.0 }, "geometry": { "type": "Polygon", "coordinates": [ [ [ -83.397553, 41.916448 ], [ -83.396893, 41.917384 ], [ -83.394135, 41.916424 ], [ -83.384829, 41.91391 ], [ -83.383379, 41.913629 ], [ -83.388535, 41.907524 ], [ -83.393428, 41.909827 ], [ -83.396903, 41.911483 ], [ -83.400397, 41.913158 ], [ -83.397553, 41.916448 ] ] ] } },
{ "type": "Feature", "properties": { "geoid": "26125168902", "county_name": "Oakland County", "place_name": "Dearborn", "state_name": "Michigan", "state_abbr": "MI", "is_rural": false, "dci_score": 17.0, "dci_quintile": 5.0, "is_cra_lmi": true, "income_level": "L", "is_persistent_poverty": false, "is_tribal_overlap": false, "tribal_area_name": null, "aian_pct": 0.0, "has_nmtc": false, "nmtc_projects": 0, "nmtc_total_usd": 0.0 }, "geometry": { "type": "Polygon", "coordinates": [ [ [ -83.415762, 42.475592 ], [ -83.406526, 42.475936 ], [ -83.406336, 42.474492 ], [ -83.40726, 42.472752 ], [ -83.406116, 42.46884 ], [ -83.408626, 42.468775 ], [ -83.411476, 42.468712 ], [ -83.415663, 42.468591 ], [ -83.416041, 42.47564 ], [ -83.415762, 42.475592 ] ] ] } },
{ "type": "Feature", "properties": { "geoid": "26163544800", "county_name": "Wayne County", "place_name": "Westland", "state_name": "Michigan", "state_abbr": "MI", "is_rural": false, "dci_score": 93.0, "dci_quintile": 1.0, "is_cra_lmi": true, "income_level": "M", "is_persistent_poverty": false, "is_tribal_overlap": false, "tribal_area_name": null, "aian_pct": 0.0, "has_nmtc": false, "nmtc_projects": 0, "nmtc_total_usd": 0.0 }, "geometry": { "type": "Polygon", "coordinates": [ [ [ -83.261758, 42.40026 ], [ -83.256833, 42.40029 ], [ -83.24268, 42.400586 ], [ -83.240562, 42.40062 ], [ -83.240277, 42.39341 ], [ -83.246827, 42.393267 ], [ -83.246592, 42.38561 ], [ -83.256192, 42.385616 ], [ -83.258782, 42.38569 ], [ -83.261314, 42.385788 ], [ -83.261519, 42.393034 ], [ -83.261758, 42.40026 ] ] ] } },
{ "type": "Feature", "properties": { "geoid": "26163535800", "county_name": "Wayne County", "place_name": "Detroit", "state_name": "Michigan", "state_abbr": "MI", "is_rural": false, "dci_score": 97.3, "dci_quintile": 1.0, "is_cra_lmi": true, "income_level": "L", "is_persistent_poverty": false, "is_tribal_overlap": false, "tribal_area_name": null, "aian_pct": 0.0, "has_nmtc": false, "nmtc_projects": 0, "nmtc_total_usd": 0.0 }, "geometry": { "type": "Polygon", "coordinates": [ [ [ -83.197286, 42.365365 ], [ -83.190755, 42.365508 ], [ -83.182474, 42.365688 ], [ -83.182207, 42.358452 ], [ -83.182145, 42.356066 ], [ -83.181934, 42.351181 ], [ -83.186911, 42.351079 ], [ -83.191287, 42.350992 ], [ -83.196609, 42.35089 ], [ -83.196885, 42.355758 ], [ -83.196997, 42.358129 ], [ -83.197113, 42.360537 ], [ -83.197286, 42.365365 ] ] ] } },
{ "type": "Feature", "properties": { "geoid": "26163531502", "county_name": "Wayne County", "place_name": null, "state_name": "Michigan", "state_abbr": "MI", "is_rural": false, "dci_score": 97.3, "dci_quintile": 1.0, "is_cra_lmi": false, "income_level": "U", "is_persistent_poverty": false, "is_tribal_overlap": false, "tribal_area_name": null, "aian_pct": 0.0, "has_nmtc": false, "nmtc_projects": 0, "nmtc_total_usd": 0.0 }, "geometry": { "type": "Polygon", "coordinates": [ [ [ -83.127442, 42.391012 ], [ -83.12203, 42.393019 ], [ -83.120621, 42.39093 ], [ -83.119599, 42.38941 ], [ -83.118757, 42.388164 ], [ -83.117928, 42.386933 ], [ -83.123353, 42.384929 ], [ -83.126061, 42.388954 ], [ -83.127442, 42.391012 ] ] ] } },
{ "type": "Feature", "properties": { "geoid": "26163524001", "county_name": "Wayne County", "place_name": "Detroit", "state_name": "Michigan", "state_abbr": "MI", "is_rural": false, "dci_score": 97.3, "dci_quintile": 1.0, "is_cra_lmi": true, "income_level": "M", "is_persistent_poverty": false, "is_tribal_overlap": false, "tribal_area_name": null, "aian_pct": 0.0, "has_nmtc": false, "nmtc_projects": 0, "nmtc_total_usd": 0.0 }, "geometry": { "type": "Polygon", "coordinates": [ [ [ -83.128832, 42.318874 ], [ -83.126732, 42.319153 ], [ -83.124564, 42.316935 ], [ -83.113712, 42.315616 ], [ -83.115031, 42.313705 ], [ -83.116615, 42.311412 ], [ -83.118037, 42.309354 ], [ -83.120176, 42.306254 ], [ -83.120507, 42.307316 ], [ -83.124314, 42.312636 ], [ -83.127584, 42.317154 ], [ -83.128832, 42.318874 ] ] ] } },
{ "type": "Feature", "properties": { "geoid": "26163519000", "county_name": "Wayne County", "place_name": null, "state_name": "Michigan", "state_abbr": "MI", "is_rural": false, "dci_score": 87.7, "dci_quintile": 2.0, "is_cra_lmi": true, "income_level": "M", "is_persistent_poverty": false, "is_tribal_overlap": false, "tribal_area_name": null, "aian_pct": 0.0, "has_nmtc": false, "nmtc_projects": 0, "nmtc_total_usd": 0.0 }, "geometry": { "type": "Polygon", "coordinates": [ [ [ -83.046634, 42.36358 ], [ -83.035857, 42.367492 ], [ -83.027655, 42.370473 ], [ -83.023962, 42.364836 ], [ -83.029003, 42.357142 ], [ -83.032046, 42.352495 ], [ -83.035866, 42.351596 ], [ -83.038258, 42.355211 ], [ -83.04051, 42.354371 ], [ -83.046634, 42.36358 ] ] ] } },
{ "type": "Feature", "properties": { "geoid": "26163983400", "county_name": "Wayne County", "place_name": null, "state_name": "Michigan", "state_abbr": "MI", "is_rural": false, "dci_score": 20.7, "dci_quintile": 5.0, "is_cra_lmi": false, "income_level": "NA", "is_persistent_poverty": false, "is_tribal_overlap": false, "tribal_area_name": null, "aian_pct": 0.0, "has_nmtc": false, "nmtc_projects": 0, "nmtc_total_usd": 0.0 }, "geometry": { "type": "Polygon", "coordinates": [ [ [ -83.412744, 42.396371 ], [ -83.402944, 42.396617 ], [ -83.40262, 42.389864 ], [ -83.402192, 42.382031 ], [ -83.41203, 42.381757 ], [ -83.412367, 42.389107 ], [ -83.412744, 42.396371 ] ] ] } },
{ "type": "Feature", "properties": { "geoid": "26163553601", "county_name": "Wayne County", "place_name": null, "state_name": "Michigan", "state_abbr": "MI", "is_rural": false, "dci_score": 89.3, "dci_quintile": 2.0, "is_cra_lmi": false, "income_level": "U", "is_persistent_poverty": false, "is_tribal_overlap": false, "tribal_area_name": null, "aian_pct": 0.0, "has_nmtc": false, "nmtc_projects": 0, "nmtc_total_usd": 0.0 }, "geometry": { "type": "Polygon", "coordinates": [ [ [ -83.09556, 42.403299 ], [ -83.086534, 42.406676 ], [ -83.083407, 42.402002 ], [ -83.079728, 42.396482 ], [ -83.088665, 42.393102 ], [ -83.090614, 42.395995 ], [ -83.092048, 42.398126 ], [ -83.093513, 42.400295 ], [ -83.09556, 42.403299 ] ] ] } },
{ "type": "Feature", "properties": { "geoid": "26163546301", "county_name": "Wayne County", "place_name": "Detroit", "state_name": "Michigan", "state_abbr": "MI", "is_rural": false, "dci_score": 61.4, "dci_quintile": 4.0, "is_cra_lmi": false, "income_level": "U", "is_persistent_poverty": false, "is_tribal_overlap": false, "tribal_area_name": null, "aian_pct": 0.0, "has_nmtc": false, "nmtc_projects": 0, "nmtc_total_usd": 0.0 }, "geometry": { "type": "Polygon", "coordinates": [ [ [ -83.266599, 42.374458 ], [ -83.266153, 42.375086 ], [ -83.26098, 42.375225 ], [ -83.260743, 42.364382 ], [ -83.265483, 42.364265 ], [ -83.265246, 42.357065 ], [ -83.265656, 42.357055 ], [ -83.265987, 42.357046 ], [ -83.266213, 42.364266 ], [ -83.266599, 42.374458 ] ] ] } },
{ "type": "Feature", "properties": { "geoid": "26161980600", "county_name": "Washtenaw County", "place_name": "Detroit", "state_name": "Michigan", "state_abbr": "MI", "is_rural": true, "dci_score": 55.4, "dci_quintile": 4.0, "is_cra_lmi": false, "income_level": "NA", "is_persistent_poverty": false, "is_tribal_overlap": false, "tribal_area_name": null, "aian_pct": 0.0, "has_nmtc": false, "nmtc_projects": 0, "nmtc_total_usd": 0.0 }, "geometry": { "type": "Polygon", "coordinates": [ [ [ -83.676779, 42.101796 ], [ -83.675557, 42.101794 ], [ -83.673883, 42.098751 ], [ -83.661995, 42.099103 ], [ -83.661759, 42.091919 ], [ -83.66649, 42.088941 ], [ -83.671307, 42.085909 ], [ -83.672444, 42.0852 ], [ -83.674014, 42.087521 ], [ -83.674726, 42.089534 ], [ -83.674832, 42.09156 ], [ -83.675313, 42.098514 ], [ -83.676689, 42.100341 ], [ -83.676779, 42.101796 ] ] ] } },
{ "type": "Feature", "properties": { "geoid": "26077002911", "county_name": "Kalamazoo County", "place_name": "Detroit", "state_name": "Michigan", "state_abbr": "MI", "is_rural": false, "dci_score": 30.1, "dci_quintile": 5.0, "is_cra_lmi": false, "income_level": "U", "is_persistent_poverty": false, "is_tribal_overlap": false, "tribal_area_name": null, "aian_pct": 0.0, "has_nmtc": false, "nmtc_projects": 0, "nmtc_total_usd": 0.0 }, "geometry": { "type": "Polygon", "coordinates": [ [ [ -85.677537, 42.259141 ], [ -85.677538, 42.275875 ], [ -85.677534, 42.280183 ], [ -85.655924, 42.277579 ], [ -85.65357, 42.26859 ], [ -85.651452, 42.260637 ], [ -85.651036, 42.259871 ], [ -85.648361, 42.256796 ], [ -85.648361, 42.25614 ], [ -85.648398, 42.245281 ], [ -85.677608, 42.245256 ], [ -85.677537, 42.259141 ] ] ] } },
{ "type": "Feature", "properties": { "geoid": "26077001002", "county_name": "Kalamazoo County", "place_name": null, "state_name": "Michigan", "state_abbr": "MI", "is_rural": false, "dci_score": 75.4, "dci_quintile": 3.0, "is_cra_lmi": true, "income_level": "M", "is_persistent_poverty": false, "is_tribal_overlap": false, "tribal_area_name": null, "aian_pct": 0.0, "has_nmtc": false, "nmtc_projects": 0, "nmtc_total_usd": 0.0 }, "geometry": { "type": "Polygon", "coordinates": [ [ [ -85.579266, 42.271422 ], [ -85.576836, 42.277506 ], [ -85.575394, 42.280989 ], [ -85.567836, 42.280982 ], [ -85.562249, 42.280977 ], [ -85.558217, 42.277377 ], [ -85.558049, 42.275418 ], [ -85.558024, 42.27412 ], [ -85.57115, 42.274118 ], [ -85.572742, 42.271679 ], [ -85.572801, 42.270975 ], [ -85.572617, 42.270629 ], [ -85.572924, 42.270584 ], [ -85.579424, 42.2703 ], [ -85.579266, 42.271422 ] ] ] } },
{ "type": "Feature", "properties": { "geoid": "26077002906", "county_name": "Kalamazoo County", "place_name": "Detroit", "state_name": "Michigan", "state_abbr": "MI", "is_rural": false, "dci_score": 33.2, "dci_quintile": 5.0, "is_cra_lmi": false, "income_level": "U", "is_persistent_poverty": false, "is_tribal_overlap": false, "tribal_area_name": null, "aian_pct": 0.0, "has_nmtc": false, "nmtc_projects": 0, "nmtc_total_usd": 0.0 }, "geometry": { "type": "Polygon", "coordinates": [ [ [ -85.664049, 42.332561 ], [ -85.658407, 42.332705 ], [ -85.657567, 42.332523 ], [ -85.64837, 42.332108 ], [ -85.648307, 42.332115 ], [ -85.647824, 42.328505 ], [ -85.648116, 42.324653 ], [ -85.648131, 42.310703 ], [ -85.648116, 42.309656 ], [ -85.648103, 42.307576 ], [ -85.648128, 42.302751 ], [ -85.648162, 42.296293 ], [ -85.663565, 42.295964 ], [ -85.663591, 42.303113 ], [ -85.663784, 42.32351 ], [ -85.664049, 42.332561 ] ] ] } },
{ "type": "Feature", "properties": { "geoid": "26077001510", "county_name": "Kalamazoo County", "place_name": null, "state_name": "Michigan", "state_abbr": "MI", "is_rural": false, "dci_score": 70.6, "dci_quintile": 3.0, "is_cra_lmi": false, "income_level": "NA", "is_persistent_poverty": false, "is_tribal_overlap": false, "tribal_area_name": null, "aian_pct": 0.0, "has_nmtc": false, "nmtc_projects": 0, "nmtc_total_usd": 0.0 }, "geometry": { "type": "Polygon", "coordinates": [ [ [ -85.648266, 42.278134 ], [ -85.647954, 42.27811 ], [ -85.642948, 42.277124 ], [ -85.638147, 42.277015 ], [ -85.633557, 42.278282 ], [ -85.629106, 42.279533 ], [ -85.626055, 42.280369 ], [ -85.621649, 42.28161 ], [ -85.621409, 42.279422 ], [ -85.621116, 42.279094 ], [ -85.619783, 42.278249 ], [ -85.615391, 42.276782 ], [ -85.614663, 42.276486 ], [ -85.617459, 42.274797 ], [ -85.620268, 42.274005 ], [ -85.622122, 42.27382 ], [ -85.624998, 42.273879 ], [ -85.629875, 42.274511 ], [ -85.6369, 42.275393 ], [ -85.648276, 42.276706 ], [ -85.648266, 42.278134 ] ] ] } },
{ "type": "Feature", "properties": { "geoid": "26163982400", "county_name": "Wayne County", "place_name": "Lincoln Park", "state_name": "Michigan", "state_abbr": "MI", "is_rural": false, "dci_score": 81.1, "dci_quintile": 2.0, "is_cra_lmi": false, "income_level": "NA", "is_persistent_poverty": false, "is_tribal_overlap": false, "tribal_area_name": null, "aian_pct": 0.0, "has_nmtc": false, "nmtc_projects": 0, "nmtc_total_usd": 0.0 }, "geometry": { "type": "Polygon", "coordinates": [ [ [ -83.258174, 42.201804 ], [ -83.25796, 42.202307 ], [ -83.255696, 42.20511 ], [ -83.248399, 42.20552 ], [ -83.248151, 42.198035 ], [ -83.258074, 42.197783 ], [ -83.258174, 42.201804 ] ] ] } },
{ "type": "Feature", "properties": { "geoid": "26065004402", "county_name": "Ingham County", "place_name": "River Rouge", "state_name": "Michigan", "state_abbr": "MI", "is_rural": false, "dci_score": 44.6, "dci_quintile": 5.0, "is_cra_lmi": true, "income_level": "M", "is_persistent_poverty": false, "is_tribal_overlap": false, "tribal_area_name": null, "aian_pct": 0.0, "has_nmtc": false, "nmtc_projects": 0, "nmtc_total_usd": 0.0 }, "geometry": { "type": "Polygon", "coordinates": [ [ [ -84.505378, 42.715687 ], [ -84.504703, 42.719252 ], [ -84.504352, 42.719254 ], [ -84.503817, 42.719253 ], [ -84.50094, 42.719252 ], [ -84.493875, 42.717696 ], [ -84.49389, 42.716219 ], [ -84.493845, 42.711821 ], [ -84.50345, 42.71185 ], [ -84.505619, 42.711859 ], [ -84.505378, 42.715687 ] ] ] } },
{ "type": "Feature", "properties": { "geoid": "26163985100", "county_name": "Wayne County", "place_name": null, "state_name": "Michigan", "state_abbr": "MI", "is_rural": false, "dci_score": 99.1, "dci_quintile": 1.0, "is_cra_lmi": false, "income_level": "NA", "is_persistent_poverty": false, "is_tribal_overlap": false, "tribal_area_name": null, "aian_pct": 0.0, "has_nmtc": false, "nmtc_projects": 0, "nmtc_total_usd": 0.0 }, "geometry": { "type": "Polygon", "coordinates": [ [ [ -83.069134, 42.393056 ], [ -83.066452, 42.389775 ], [ -83.062487, 42.391243 ], [ -83.061937, 42.39041 ], [ -83.055683, 42.381145 ], [ -83.051304, 42.386894 ], [ -83.050705, 42.38604 ], [ -83.043393, 42.38883 ], [ -83.044356, 42.390181 ], [ -83.039167, 42.385984 ], [ -83.034676, 42.379867 ], [ -83.033876, 42.379279 ], [ -83.034999, 42.378649 ], [ -83.041786, 42.376137 ], [ -83.051144, 42.372758 ], [ -83.052261, 42.372049 ], [ -83.053909, 42.371249 ], [ -83.057919, 42.368497 ], [ -83.058956, 42.370728 ], [ -83.060281, 42.374425 ], [ -83.068331, 42.386431 ], [ -83.069052, 42.387511 ], [ -83.070038, 42.390163 ], [ -83.069134, 42.393056 ] ] ] } },
{ "type": "Feature", "properties": { "geoid": "26163500800", "county_name": "Wayne County", "place_name": null, "state_name": "Michigan", "state_abbr": "MI", "is_rural": false, "dci_score": 95.3, "dci_quintile": 1.0, "is_cra_lmi": true, "income_level": "L", "is_persistent_poverty": false, "is_tribal_overlap": false, "tribal_area_name": null, "aian_pct": 0.0, "has_nmtc": false, "nmtc_projects": 0, "nmtc_total_usd": 0.0 }, "geometry": { "type": "Polygon", "coordinates": [ [ [ -82.942786, 42.423174 ], [ -82.937382, 42.43009 ], [ -82.932195, 42.427968 ], [ -82.927656, 42.426062 ], [ -82.931535, 42.421115 ], [ -82.933594, 42.419344 ], [ -82.938741, 42.421523 ], [ -82.942786, 42.423174 ] ] ] } },
{ "type": "Feature", "properties": { "geoid": "26163516700", "county_name": "Wayne County", "place_name": null, "state_name": "Michigan", "state_abbr": "MI", "is_rural": false, "dci_score": 87.5, "dci_quintile": 2.0, "is_cra_lmi": true, "income_level": "L", "is_persistent_poverty": false, "is_tribal_overlap": false, "tribal_area_name": null, "aian_pct": 0.0, "has_nmtc": false, "nmtc_projects": 0, "nmtc_total_usd": 0.0 }, "geometry": { "type": "Polygon", "coordinates": [ [ [ -83.030311, 42.349866 ], [ -83.025572, 42.351926 ], [ -83.017474, 42.355026 ], [ -83.012107, 42.346926 ], [ -83.018466, 42.34417 ], [ -83.024763, 42.341458 ], [ -83.024947, 42.341379 ], [ -83.026405, 42.34359 ], [ -83.026525, 42.344258 ], [ -83.025942, 42.345026 ], [ -83.02564, 42.345998 ], [ -83.026382, 42.347156 ], [ -83.028622, 42.347956 ], [ -83.030311, 42.349866 ] ] ] } },
{ "type": "Feature", "properties": { "geoid": "26163537000", "county_name": "Wayne County", "place_name": null, "state_name": "Michigan", "state_abbr": "MI", "is_rural": false, "dci_score": 95.9, "dci_quintile": 1.0, "is_cra_lmi": true, "income_level": "M", "is_persistent_poverty": false, "is_tribal_overlap": false, "tribal_area_name": null, "aian_pct": 0.0, "has_nmtc": false, "nmtc_projects": 0, "nmtc_total_usd": 0.0 }, "geometry": { "type": "Polygon", "coordinates": [ [ [ -83.184846, 42.409195 ], [ -83.179466, 42.409361 ], [ -83.169768, 42.409535 ], [ -83.169587, 42.405863 ], [ -83.169402, 42.402229 ], [ -83.179129, 42.40208 ], [ -83.184526, 42.401938 ], [ -83.184846, 42.409195 ] ] ] } },
{ "type": "Feature", "properties": { "geoid": "26035001302", "county_name": "Clare County", "place_name": null, "state_name": "Michigan", "state_abbr": "MI", "is_rural": true, "dci_score": 73.4, "dci_quintile": 3.0, "is_cra_lmi": true, "income_level": "M", "is_persistent_poverty": false, "is_tribal_overlap": false, "tribal_area_name": null, "aian_pct": 0.0, "has_nmtc": false, "nmtc_projects": 0, "nmtc_total_usd": 0.0 }, "geometry": { "type": "Polygon", "coordinates": [ [ [ -84.781164, 44.021091 ], [ -84.78081, 44.022971 ], [ -84.778894, 44.028279 ], [ -84.778876, 44.031614 ], [ -84.728029, 44.031965 ], [ -84.706399, 44.032024 ], [ -84.706639, 43.988595 ], [ -84.727524, 43.988344 ], [ -84.730466, 43.988477 ], [ -84.735954, 43.988042 ], [ -84.749481, 43.987914 ], [ -84.768962, 43.98799 ], [ -84.770549, 43.987781 ], [ -84.776674, 43.987722 ], [ -84.776637, 43.990734 ], [ -84.776768, 43.994605 ], [ -84.777446, 43.999758 ], [ -84.777504, 44.010368 ], [ -84.778713, 44.014801 ], [ -84.780908, 44.019109 ], [ -84.781164, 44.021091 ] ] ] } },
{ "type": "Feature", "properties": { "geoid": "26161410800", "county_name": "Washtenaw County", "place_name": "Detroit", "state_name": "Michigan", "state_abbr": "MI", "is_rural": false, "dci_score": 62.7, "dci_quintile": 4.0, "is_cra_lmi": true, "income_level": "L", "is_persistent_poverty": false, "is_tribal_overlap": false, "tribal_area_name": null, "aian_pct": 0.0, "has_nmtc": false, "nmtc_projects": 0, "nmtc_total_usd": 0.0 }, "geometry": { "type": "Polygon", "coordinates": [ [ [ -83.611792, 42.241043 ], [ -83.60983, 42.242877 ], [ -83.611785, 42.245928 ], [ -83.597799, 42.246148 ], [ -83.597646, 42.243388 ], [ -83.597363, 42.242212 ], [ -83.597429, 42.24188 ], [ -83.59716, 42.238106 ], [ -83.596869, 42.231641 ], [ -83.600108, 42.231602 ], [ -83.603077, 42.231469 ], [ -83.607231, 42.231032 ], [ -83.607912, 42.233238 ], [ -83.607155, 42.23474 ], [ -83.604668, 42.236014 ], [ -83.606389, 42.238219 ], [ -83.609273, 42.237585 ], [ -83.611587, 42.238486 ], [ -83.611792, 42.241043 ] ] ] } },
{ "type": "Feature", "properties": { "geoid": "26123970700", "county_name": "Newaygo County", "place_name": "Detroit", "state_name": "Michigan", "state_abbr": "MI", "is_rural": true, "dci_score": 75.8, "dci_quintile": 3.0, "is_cra_lmi": true, "income_level": "M", "is_persistent_poverty": false, "is_tribal_overlap": false, "tribal_area_name": null, "aian_pct": 0.0, "has_nmtc": false, "nmtc_projects": 0, "nmtc_total_usd": 0.0 }, "geometry": { "type": "Polygon", "coordinates": [ [ [ -85.841192, 43.568283 ], [ -85.801686, 43.568253 ], [ -85.771569, 43.568661 ], [ -85.771075, 43.604975 ], [ -85.774826, 43.604986 ], [ -85.774632, 43.608437 ], [ -85.771094, 43.611273 ], [ -85.770813, 43.619717 ], [ -85.771124, 43.640781 ], [ -85.770224, 43.641024 ], [ -85.769154, 43.640747 ], [ -85.70089, 43.641413 ], [ -85.693515, 43.641284 ], [ -85.69223, 43.641602 ], [ -85.681208, 43.641789 ], [ -85.681009, 43.625523 ], [ -85.681417, 43.624428 ], [ -85.681847, 43.563137 ], [ -85.681823, 43.555104 ], [ -85.641844, 43.555493 ], [ -85.64238, 43.493491 ], [ -85.642347, 43.489945 ], [ -85.682708, 43.4899 ], [ -85.683051, 43.48364 ], [ -85.684555, 43.482688 ], [ -85.759618, 43.482262 ], [ -85.77277, 43.48197 ], [ -85.77357, 43.481955 ], [ -85.773415, 43.486163 ], [ -85.771259, 43.53897 ], [ -85.771274, 43.539725 ], [ -85.790833, 43.539399 ], [ -85.791099, 43.542499 ], [ -85.791648, 43.544061 ], [ -85.794311, 43.543539 ], [ -85.793858, 43.544054 ], [ -85.793549, 43.546473 ], [ -85.794193, 43.547999 ], [ -85.79192, 43.55095 ], [ -85.791925, 43.553809 ], [ -85.801771, 43.553781 ], [ -85.802875, 43.553741 ], [ -85.841135, 43.55386 ], [ -85.841192, 43.568283 ] ] ] } },
{ "type": "Feature", "properties": { "geoid": "26161400600", "county_name": "Washtenaw County", "place_name": "Detroit", "state_name": "Michigan", "state_abbr": "MI", "is_rural": false, "dci_score": 24.2, "dci_quintile": 5.0, "is_cra_lmi": false, "income_level": "U", "is_persistent_poverty": false, "is_tribal_overlap": false, "tribal_area_name": null, "aian_pct": 0.0, "has_nmtc": true, "nmtc_projects": 1, "nmtc_total_usd": 2384660.0 }, "geometry": { "type": "Polygon", "coordinates": [ [ [ -83.758634, 42.281753 ], [ -83.752168, 42.281538 ], [ -83.751893, 42.280598 ], [ -83.751404, 42.279412 ], [ -83.750745, 42.278017 ], [ -83.748844, 42.274672 ], [ -83.746892, 42.271715 ], [ -83.745543, 42.269565 ], [ -83.741825, 42.263021 ], [ -83.746454, 42.26415 ], [ -83.750209, 42.264208 ], [ -83.758163, 42.263998 ], [ -83.758282, 42.268379 ], [ -83.758416, 42.273621 ], [ -83.758424, 42.27391 ], [ -83.758543, 42.27796 ], [ -83.758614, 42.280802 ], [ -83.758634, 42.281753 ] ] ] } },
{ "type": "Feature", "properties": { "geoid": "26025000300", "county_name": "Calhoun County", "place_name": null, "state_name": "Michigan", "state_abbr": "MI", "is_rural": false, "dci_score": 90.3, "dci_quintile": 1.0, "is_cra_lmi": true, "income_level": "L", "is_persistent_poverty": false, "is_tribal_overlap": false, "tribal_area_name": null, "aian_pct": 0.0, "has_nmtc": false, "nmtc_projects": 0, "nmtc_total_usd": 0.0 }, "geometry": { "type": "Polygon", "coordinates": [ [ [ -85.209916, 42.333302 ], [ -85.195993, 42.333599 ], [ -85.195861, 42.3336 ], [ -85.1877, 42.33367 ], [ -85.18178, 42.334414 ], [ -85.180199, 42.336328 ], [ -85.179761, 42.333917 ], [ -85.180387, 42.331125 ], [ -85.18031, 42.327263 ], [ -85.180184, 42.323063 ], [ -85.17935, 42.321369 ], [ -85.180849, 42.320046 ], [ -85.185163, 42.322724 ], [ -85.189501, 42.32215 ], [ -85.194886, 42.322874 ], [ -85.197777, 42.323873 ], [ -85.19873, 42.324096 ], [ -85.204468, 42.326479 ], [ -85.206605, 42.327915 ], [ -85.209788, 42.32926 ], [ -85.209838, 42.331103 ], [ -85.209916, 42.333302 ] ] ] } },
{ "type": "Feature", "properties": { "geoid": "26099255600", "county_name": "Macomb County", "place_name": null, "state_name": "Michigan", "state_abbr": "MI", "is_rural": false, "dci_score": 71.1, "dci_quintile": 3.0, "is_cra_lmi": true, "income_level": "M", "is_persistent_poverty": false, "is_tribal_overlap": false, "tribal_area_name": null, "aian_pct": 0.0, "has_nmtc": false, "nmtc_projects": 0, "nmtc_total_usd": 0.0 }, "geometry": { "type": "Polygon", "coordinates": [ [ [ -82.948145, 42.509327 ], [ -82.945407, 42.509407 ], [ -82.941299, 42.509522 ], [ -82.938254, 42.509597 ], [ -82.93612, 42.509651 ], [ -82.932526, 42.509718 ], [ -82.928686, 42.509812 ], [ -82.933614, 42.50227 ], [ -82.938041, 42.502152 ], [ -82.941016, 42.50205 ], [ -82.941184, 42.502045 ], [ -82.945005, 42.501922 ], [ -82.947872, 42.50184 ], [ -82.948145, 42.509327 ] ] ] } },
{ "type": "Feature", "properties": { "geoid": "26099256700", "county_name": "Macomb County", "place_name": null, "state_name": "Michigan", "state_abbr": "MI", "is_rural": false, "dci_score": 71.1, "dci_quintile": 3.0, "is_cra_lmi": true, "income_level": "M", "is_persistent_poverty": false, "is_tribal_overlap": false, "tribal_area_name": null, "aian_pct": 0.0, "has_nmtc": false, "nmtc_projects": 0, "nmtc_total_usd": 0.0 }, "geometry": { "type": "Polygon", "coordinates": [ [ [ -82.958652, 42.486952 ], [ -82.958124, 42.486964 ], [ -82.9518, 42.487029 ], [ -82.947423, 42.487065 ], [ -82.943454, 42.487185 ], [ -82.947931, 42.480362 ], [ -82.953944, 42.480316 ], [ -82.958405, 42.480289 ], [ -82.958585, 42.485127 ], [ -82.958652, 42.486952 ] ] ] } },
{ "type": "Feature", "properties": { "geoid": "26049002800", "county_name": "Genesee County", "place_name": null, "state_name": "Michigan", "state_abbr": "MI", "is_rural": false, "dci_score": 94.0, "dci_quintile": 1.0, "is_cra_lmi": false, "income_level": "NA", "is_persistent_poverty": false, "is_tribal_overlap": false, "tribal_area_name": null, "aian_pct": 0.0, "has_nmtc": true, "nmtc_projects": 5, "nmtc_total_usd": 16725000.0 }, "geometry": { "type": "Polygon", "coordinates": [ [ [ -83.701229, 43.020856 ], [ -83.69663, 43.022866 ], [ -83.693513, 43.023458 ], [ -83.688713, 43.023523 ], [ -83.687053, 43.023972 ], [ -83.685026, 43.024613 ], [ -83.681451, 43.024878 ], [ -83.684601, 43.020805 ], [ -83.684915, 43.019523 ], [ -83.684698, 43.018172 ], [ -83.682579, 43.01494 ], [ -83.680022, 43.011326 ], [ -83.679611, 43.010202 ], [ -83.681623, 43.009702 ], [ -83.683756, 43.008699 ], [ -83.692004, 43.003726 ], [ -83.69266, 43.003486 ], [ -83.693786, 43.003054 ], [ -83.693574, 43.004446 ], [ -83.699662, 43.010012 ], [ -83.698042, 43.013216 ], [ -83.699264, 43.015322 ], [ -83.698191, 43.014951 ], [ -83.696238, 43.015057 ], [ -83.696822, 43.015568 ], [ -83.701229, 43.020856 ] ] ] } },
{ "type": "Feature", "properties": { "geoid": "26155030600", "county_name": "Shiawassee County", "place_name": null, "state_name": "Michigan", "state_abbr": "MI", "is_rural": true, "dci_score": 70.1, "dci_quintile": 3.0, "is_cra_lmi": true, "income_level": "M", "is_persistent_poverty": false, "is_tribal_overlap": false, "tribal_area_name": null, "aian_pct": 0.0, "has_nmtc": true, "nmtc_projects": 3, "nmtc_total_usd": 33430000.0 }, "geometry": { "type": "Polygon", "coordinates": [ [ [ -84.1878, 43.003451 ], [ -84.186578, 43.00332 ], [ -84.186743, 43.00088 ], [ -84.181901, 43.00139 ], [ -84.176848, 43.000302 ], [ -84.176826, 43.001869 ], [ -84.170576, 43.00184 ], [ -84.166834, 43.001788 ], [ -84.166857, 43.000693 ], [ -84.167432, 42.99518 ], [ -84.170696, 42.994843 ], [ -84.170715, 42.994066 ], [ -84.170746, 42.992575 ], [ -84.18175, 42.993881 ], [ -84.186568, 42.994464 ], [ -84.186507, 42.995444 ], [ -84.186455, 42.999968 ], [ -84.187779, 43.00151 ], [ -84.1878, 43.003451 ] ] ] } },
{ "type": "Feature", "properties": { "geoid": "26125142300", "county_name": "Oakland County", "place_name": "Garden City", "state_name": "Michigan", "state_abbr": "MI", "is_rural": false, "dci_score": 89.1, "dci_quintile": 2.0, "is_cra_lmi": true, "income_level": "L", "is_persistent_poverty": false, "is_tribal_overlap": false, "tribal_area_name": null, "aian_pct": 0.0, "has_nmtc": true, "nmtc_projects": 1, "nmtc_total_usd": 4875000.0 }, "geometry": { "type": "Polygon", "coordinates": [ [ [ -83.275173, 42.619621 ], [ -83.268297, 42.619807 ], [ -83.26859, 42.629071 ], [ -83.268852, 42.634748 ], [ -83.269145, 42.640977 ], [ -83.269374, 42.644275 ], [ -83.266567, 42.644082 ], [ -83.261656, 42.642416 ], [ -83.26069, 42.642222 ], [ -83.249767, 42.641713 ], [ -83.249603, 42.635263 ], [ -83.248568, 42.619938 ], [ -83.248465, 42.616858 ], [ -83.248326, 42.612436 ], [ -83.247931, 42.604686 ], [ -83.24792, 42.604445 ], [ -83.249532, 42.604105 ], [ -83.252599, 42.603836 ], [ -83.254906, 42.606454 ], [ -83.267297, 42.614913 ], [ -83.26835, 42.615721 ], [ -83.275173, 42.619621 ] ] ] } },
{ "type": "Feature", "properties": { "geoid": "26077001603", "county_name": "Kalamazoo County", "place_name": "Detroit", "state_name": "Michigan", "state_abbr": "MI", "is_rural": false, "dci_score": 53.5, "dci_quintile": 5.0, "is_cra_lmi": true, "income_level": "M", "is_persistent_poverty": false, "is_tribal_overlap": false, "tribal_area_name": null, "aian_pct": 0.0, "has_nmtc": false, "nmtc_projects": 0, "nmtc_total_usd": 0.0 }, "geometry": { "type": "Polygon", "coordinates": [ [ [ -85.629082, 42.259838 ], [ -85.62817, 42.25983 ], [ -85.614108, 42.259703 ], [ -85.614106, 42.255271 ], [ -85.614144, 42.251919 ], [ -85.621171, 42.251932 ], [ -85.62334, 42.252417 ], [ -85.623308, 42.2501 ], [ -85.627938, 42.252472 ], [ -85.631038, 42.256565 ], [ -85.629082, 42.259838 ] ] ] } },
{ "type": "Feature", "properties": { "geoid": "26125133101", "county_name": "Oakland County", "place_name": "Detroit", "state_name": "Michigan", "state_abbr": "MI", "is_rural": false, "dci_score": 17.1, "dci_quintile": 5.0, "is_cra_lmi": true, "income_level": "L", "is_persistent_poverty": false, "is_tribal_overlap": false, "tribal_area_name": null, "aian_pct": 0.0, "has_nmtc": false, "nmtc_projects": 0, "nmtc_total_usd": 0.0 }, "geometry": { "type": "Polygon", "coordinates": [ [ [ -83.527402, 42.524605 ], [ -83.524239, 42.524712 ], [ -83.523837, 42.524723 ], [ -83.517655, 42.524929 ], [ -83.517475, 42.522375 ], [ -83.517304, 42.519906 ], [ -83.516887, 42.513761 ], [ -83.523528, 42.517371 ], [ -83.52716, 42.519388 ], [ -83.527402, 42.524605 ] ] ] } },
{ "type": "Feature", "properties": { "geoid": "26125981300", "county_name": "Oakland County", "place_name": "Detroit", "state_name": "Michigan", "state_abbr": "MI", "is_rural": false, "dci_score": 21.1, "dci_quintile": 5.0, "is_cra_lmi": false, "income_level": "NA", "is_persistent_poverty": false, "is_tribal_overlap": false, "tribal_area_name": null, "aian_pct": 0.0, "has_nmtc": false, "nmtc_projects": 0, "nmtc_total_usd": 0.0 }, "geometry": { "type": "Polygon", "coordinates": [ [ [ -83.220994, 42.679076 ], [ -83.215227, 42.679142 ], [ -83.211999, 42.679977 ], [ -83.210621, 42.68028 ], [ -83.194042, 42.680674 ], [ -83.193924, 42.678452 ], [ -83.193801, 42.675514 ], [ -83.193306, 42.66519 ], [ -83.193138, 42.660106 ], [ -83.19943, 42.659934 ], [ -83.210907, 42.655908 ], [ -83.210946, 42.655895 ], [ -83.219846, 42.653337 ], [ -83.21773, 42.656951 ], [ -83.217146, 42.659755 ], [ -83.21742, 42.661538 ], [ -83.219744, 42.666424 ], [ -83.220413, 42.672793 ], [ -83.220994, 42.679076 ] ] ] } },
{ "type": "Feature", "properties": { "geoid": "26163506200", "county_name": "Wayne County", "place_name": "Detroit", "state_name": "Michigan", "state_abbr": "MI", "is_rural": false, "dci_score": 99.6, "dci_quintile": 1.0, "is_cra_lmi": true, "income_level": "L", "is_persistent_poverty": false, "is_tribal_overlap": false, "tribal_area_name": null, "aian_pct": 0.0, "has_nmtc": false, "nmtc_projects": 0, "nmtc_total_usd": 0.0 }, "geometry": { "type": "Polygon", "coordinates": [ [ [ -83.039193, 42.440824 ], [ -83.034298, 42.44112 ], [ -83.024501, 42.441341 ], [ -83.024257, 42.43397 ], [ -83.038948, 42.433682 ], [ -83.039193, 42.440824 ] ] ] } },
{ "type": "Feature", "properties": { "geoid": "26135970202", "county_name": "Oscoda County", "place_name": "Inkster", "state_name": "Michigan", "state_abbr": "MI", "is_rural": true, "dci_score": 72.9, "dci_quintile": 3.0, "is_cra_lmi": false, "income_level": "U", "is_persistent_poverty": false, "is_tribal_overlap": false, "tribal_area_name": null, "aian_pct": 0.0, "has_nmtc": false, "nmtc_projects": 0, "nmtc_total_usd": 0.0 }, "geometry": { "type": "Polygon", "coordinates": [ [ [ -84.131623, 44.854905 ], [ -84.010029, 44.855723 ], [ -83.888482, 44.856635 ], [ -83.888484, 44.856458 ], [ -83.888137, 44.795505 ], [ -83.888322, 44.794908 ], [ -83.888519, 44.769517 ], [ -83.888539, 44.721241 ], [ -83.894812, 44.719073 ], [ -83.898237, 44.718691 ], [ -83.932561, 44.718853 ], [ -83.933984, 44.718943 ], [ -83.937416, 44.719544 ], [ -83.945142, 44.72241 ], [ -83.949014, 44.723305 ], [ -83.953264, 44.723477 ], [ -83.954877, 44.723284 ], [ -83.979983, 44.718357 ], [ -83.984201, 44.718213 ], [ -83.989174, 44.719173 ], [ -84.001364, 44.724096 ], [ -84.004604, 44.72491 ], [ -84.007551, 44.725159 ], [ -84.03022, 44.725098 ], [ -84.050652, 44.725087 ], [ -84.050639, 44.71058 ], [ -84.09107, 44.710459 ], [ -84.091147, 44.696916 ], [ -84.092154, 44.695948 ], [ -84.130193, 44.695748 ], [ -84.130458, 44.724816 ], [ -84.131107, 44.76847 ], [ -84.131051, 44.791821 ], [ -84.130835, 44.793203 ], [ -84.131561, 44.849996 ], [ -84.131932, 44.854905 ], [ -84.131623, 44.854905 ] ] ] } },
{ "type": "Feature", "properties": { "geoid": "26049011301", "county_name": "Genesee County", "place_name": null, "state_name": "Michigan", "state_abbr": "MI", "is_rural": false, "dci_score": 96.4, "dci_quintile": 1.0, "is_cra_lmi": true, "income_level": "L", "is_persistent_poverty": false, "is_tribal_overlap": false, "tribal_area_name": null, "aian_pct": 0.0, "has_nmtc": false, "nmtc_projects": 0, "nmtc_total_usd": 0.0 }, "geometry": { "type": "Polygon", "coordinates": [ [ [ -83.692821, 42.977161 ], [ -83.690493, 42.976294 ], [ -83.690597, 42.981401 ], [ -83.68231, 42.981534 ], [ -83.674337, 42.981682 ], [ -83.672648, 42.974434 ], [ -83.671785, 42.967189 ], [ -83.67101, 42.964254 ], [ -83.667436, 42.960017 ], [ -83.679904, 42.959797 ], [ -83.682812, 42.959757 ], [ -83.692519, 42.959586 ], [ -83.69274, 42.967554 ], [ -83.692756, 42.97406 ], [ -83.692821, 42.977161 ] ] ] } },
{ "type": "Feature", "properties": { "geoid": "26163543300", "county_name": "Wayne County", "place_name": "Detroit", "state_name": "Michigan", "state_abbr": "MI", "is_rural": false, "dci_score": 93.0, "dci_quintile": 1.0, "is_cra_lmi": false, "income_level": "U", "is_persistent_poverty": false, "is_tribal_overlap": false, "tribal_area_name": null, "aian_pct": 0.0, "has_nmtc": true, "nmtc_projects": 2, "nmtc_total_usd": 7400000.0 }, "geometry": { "type": "Polygon", "coordinates": [ [ [ -83.236851, 42.386254 ], [ -83.230859, 42.386385 ], [ -83.231092, 42.393609 ], [ -83.227407, 42.39369 ], [ -83.225009, 42.393744 ], [ -83.222607, 42.393799 ], [ -83.218087, 42.393892 ], [ -83.217786, 42.391481 ], [ -83.21755, 42.386712 ], [ -83.216931, 42.378803 ], [ -83.227126, 42.378028 ], [ -83.231853, 42.378223 ], [ -83.233185, 42.378558 ], [ -83.236653, 42.380462 ], [ -83.236851, 42.386254 ] ] ] } },
{ "type": "Feature", "properties": { "geoid": "26163519200", "county_name": "Wayne County", "place_name": "Detroit", "state_name": "Michigan", "state_abbr": "MI", "is_rural": false, "dci_score": 96.9, "dci_quintile": 1.0, "is_cra_lmi": true, "income_level": "L", "is_persistent_poverty": false, "is_tribal_overlap": false, "tribal_area_name": null, "aian_pct": 0.0, "has_nmtc": true, "nmtc_projects": 1, "nmtc_total_usd": 0.0 }, "geometry": { "type": "Polygon", "coordinates": [ [ [ -83.033876, 42.379279 ], [ -83.029624, 42.383702 ], [ -83.026359, 42.384908 ], [ -83.021752, 42.38583 ], [ -83.020176, 42.386277 ], [ -83.008292, 42.390947 ], [ -83.006248, 42.391544 ], [ -83.007085, 42.390326 ], [ -83.010489, 42.385175 ], [ -83.014688, 42.378823 ], [ -83.017866, 42.374041 ], [ -83.018738, 42.372728 ], [ -83.023962, 42.364836 ], [ -83.027655, 42.370473 ], [ -83.033016, 42.378606 ], [ -83.033876, 42.379279 ] ] ] } },
{ "type": "Feature", "properties": { "geoid": "26163571000", "county_name": "Wayne County", "place_name": "Detroit", "state_name": "Michigan", "state_abbr": "MI", "is_rural": false, "dci_score": 98.9, "dci_quintile": 1.0, "is_cra_lmi": true, "income_level": "M", "is_persistent_poverty": false, "is_tribal_overlap": false, "tribal_area_name": null, "aian_pct": 0.0, "has_nmtc": false, "nmtc_projects": 0, "nmtc_total_usd": 0.0 }, "geometry": { "type": "Polygon", "coordinates": [ [ [ -83.300165, 42.292546 ], [ -83.290399, 42.294178 ], [ -83.290033, 42.283107 ], [ -83.289968, 42.281295 ], [ -83.289871, 42.278613 ], [ -83.289776, 42.275896 ], [ -83.29952, 42.275678 ], [ -83.299789, 42.282921 ], [ -83.300165, 42.292546 ] ] ] } },
{ "type": "Feature", "properties": { "geoid": "26163501700", "county_name": "Wayne County", "place_name": null, "state_name": "Michigan", "state_abbr": "MI", "is_rural": false, "dci_score": 96.5, "dci_quintile": 1.0, "is_cra_lmi": true, "income_level": "M", "is_persistent_poverty": false, "is_tribal_overlap": false, "tribal_area_name": null, "aian_pct": 0.0, "has_nmtc": false, "nmtc_projects": 0, "nmtc_total_usd": 0.0 }, "geometry": { "type": "Polygon", "coordinates": [ [ [ -82.924942, 42.407851 ], [ -82.918582, 42.410204 ], [ -82.912557, 42.41239 ], [ -82.914935, 42.407266 ], [ -82.917135, 42.402848 ], [ -82.918708, 42.399557 ], [ -82.919118, 42.398926 ], [ -82.921867, 42.395172 ], [ -82.922399, 42.394829 ], [ -82.92983, 42.406075 ], [ -82.924942, 42.407851 ] ] ] } },
{ "type": "Feature", "properties": { "geoid": "26163531300", "county_name": "Wayne County", "place_name": null, "state_name": "Michigan", "state_abbr": "MI", "is_rural": false, "dci_score": 93.6, "dci_quintile": 1.0, "is_cra_lmi": true, "income_level": "L", "is_persistent_poverty": false, "is_tribal_overlap": false, "tribal_area_name": null, "aian_pct": 0.0, "has_nmtc": false, "nmtc_projects": 0, "nmtc_total_usd": 0.0 }, "geometry": { "type": "Polygon", "coordinates": [ [ [ -83.116209, 42.38448 ], [ -83.107317, 42.387799 ], [ -83.103428, 42.382091 ], [ -83.112286, 42.378799 ], [ -83.112799, 42.37961 ], [ -83.114503, 42.382062 ], [ -83.116209, 42.38448 ] ] ] } },
{ "type": "Feature", "properties": { "geoid": "26163530300", "county_name": "Wayne County", "place_name": null, "state_name": "Michigan", "state_abbr": "MI", "is_rural": false, "dci_score": 99.3, "dci_quintile": 1.0, "is_cra_lmi": true, "income_level": "L", "is_persistent_poverty": false, "is_tribal_overlap": false, "tribal_area_name": null, "aian_pct": 0.0, "has_nmtc": false, "nmtc_projects": 0, "nmtc_total_usd": 0.0 }, "geometry": { "type": "Polygon", "coordinates": [ [ [ -83.140343, 42.404807 ], [ -83.127406, 42.40508 ], [ -83.12245, 42.404871 ], [ -83.118184, 42.403177 ], [ -83.115777, 42.401587 ], [ -83.125385, 42.398015 ], [ -83.125753, 42.398567 ], [ -83.134401, 42.39537 ], [ -83.139846, 42.393312 ], [ -83.139938, 42.395418 ], [ -83.140149, 42.40039 ], [ -83.140255, 42.402664 ], [ -83.140343, 42.404807 ] ] ] } },
{ "type": "Feature", "properties": { "geoid": "26163552100", "county_name": "Wayne County", "place_name": "Ecorse", "state_name": "Michigan", "state_abbr": "MI", "is_rural": false, "dci_score": 96.4, "dci_quintile": 1.0, "is_cra_lmi": true, "income_level": "L", "is_persistent_poverty": false, "is_tribal_overlap": false, "tribal_area_name": null, "aian_pct": 0.0, "has_nmtc": false, "nmtc_projects": 0, "nmtc_total_usd": 0.0 }, "geometry": { "type": "Polygon", "coordinates": [ [ [ -83.076301, 42.40189 ], [ -83.072743, 42.403177 ], [ -83.072477, 42.403296 ], [ -83.069218, 42.404518 ], [ -83.067627, 42.405105 ], [ -83.064284, 42.406334 ], [ -83.061642, 42.402369 ], [ -83.059842, 42.399806 ], [ -83.064815, 42.397978 ], [ -83.068272, 42.396705 ], [ -83.071192, 42.395605 ], [ -83.07377, 42.398786 ], [ -83.076301, 42.40189 ] ] ] } },
{ "type": "Feature", "properties": { "geoid": "26065004902", "county_name": "Ingham County", "place_name": "Detroit", "state_name": "Michigan", "state_abbr": "MI", "is_rural": false, "dci_score": 14.3, "dci_quintile": 5.0, "is_cra_lmi": false, "income_level": "U", "is_persistent_poverty": false, "is_tribal_overlap": false, "tribal_area_name": null, "aian_pct": 0.0, "has_nmtc": false, "nmtc_projects": 0, "nmtc_total_usd": 0.0 }, "geometry": { "type": "Polygon", "coordinates": [ [ [ -84.462112, 42.727729 ], [ -84.462113, 42.72832 ], [ -84.460049, 42.727226 ], [ -84.460557, 42.726104 ], [ -84.459504, 42.72472 ], [ -84.452216, 42.723533 ], [ -84.451729, 42.722365 ], [ -84.448971, 42.721921 ], [ -84.444347, 42.723858 ], [ -84.444198, 42.722294 ], [ -84.438648, 42.72337 ], [ -84.437454, 42.723064 ], [ -84.436355, 42.719855 ], [ -84.43454, 42.719173 ], [ -84.432757, 42.717011 ], [ -84.433542, 42.712722 ], [ -84.430994, 42.713052 ], [ -84.429723, 42.714748 ], [ -84.427901, 42.715471 ], [ -84.426277, 42.715271 ], [ -84.425497, 42.71426 ], [ -84.427035, 42.711707 ], [ -84.427449, 42.710027 ], [ -84.42626, 42.708839 ], [ -84.42253, 42.706623 ], [ -84.421367, 42.704337 ], [ -84.41797, 42.703186 ], [ -84.415765, 42.703667 ], [ -84.413661, 42.703362 ], [ -84.412533, 42.702441 ], [ -84.411829, 42.700286 ], [ -84.410359, 42.700026 ], [ -84.410383, 42.698654 ], [ -84.421223, 42.701176 ], [ -84.43237, 42.704256 ], [ -84.439108, 42.705311 ], [ -84.442813, 42.706074 ], [ -84.46204, 42.710543 ], [ -84.462059, 42.711805 ], [ -84.462114, 42.722594 ], [ -84.462112, 42.727729 ] ] ] } },
{ "type": "Feature", "properties": { "geoid": "26141950400", "county_name": "Presque Isle County", "place_name": "Detroit", "state_name": "Michigan", "state_abbr": "MI", "is_rural": true, "dci_score": 73.2, "dci_quintile": 3.0, "is_cra_lmi": false, "income_level": "U", "is_persistent_poverty": false, "is_tribal_overlap": false, "tribal_area_name": null, "aian_pct": 0.0, "has_nmtc": false, "nmtc_projects": 0, "nmtc_total_usd": 0.0 }, "geometry": { "type": "Polygon", "coordinates": [ [ [ -84.248577, 45.325177 ], [ -84.247502, 45.368306 ], [ -84.247662, 45.38259 ], [ -84.2473, 45.39672 ], [ -84.247425, 45.410962 ], [ -84.172983, 45.408643 ], [ -84.127085, 45.408087 ], [ -84.090079, 45.409 ], [ -84.08907, 45.408769 ], [ -84.089598, 45.394738 ], [ -84.058953, 45.39537 ], [ -84.059228, 45.38718 ], [ -84.058662, 45.386673 ], [ -84.059233, 45.384709 ], [ -84.059952, 45.366747 ], [ -84.060143, 45.359668 ], [ -84.061742, 45.357587 ], [ -84.064081, 45.356291 ], [ -84.070213, 45.355722 ], [ -84.070259, 45.341405 ], [ -84.070273, 45.326936 ], [ -84.070432, 45.326775 ], [ -84.070182, 45.283606 ], [ -84.084546, 45.28254 ], [ -84.083935, 45.252604 ], [ -84.096362, 45.252693 ], [ -84.107132, 45.253814 ], [ -84.10906, 45.254587 ], [ -84.114828, 45.254972 ], [ -84.118828, 45.256551 ], [ -84.124226, 45.256635 ], [ -84.124156, 45.234482 ], [ -84.124319, 45.231232 ], [ -84.12381, 45.198651 ], [ -84.135352, 45.198653 ], [ -84.246634, 45.198727 ], [ -84.246549, 45.277926 ], [ -84.246613, 45.282073 ], [ -84.24938, 45.282073 ], [ -84.248577, 45.325177 ] ] ] } },
{ "type": "Feature", "properties": { "geoid": "26069000102", "county_name": "Iosco County", "place_name": "Detroit", "state_name": "Michigan", "state_abbr": "MI", "is_rural": true, "dci_score": 74.3, "dci_quintile": 3.0, "is_cra_lmi": true, "income_level": "M", "is_persistent_poverty": false, "is_tribal_overlap": false, "tribal_area_name": null, "aian_pct": 0.0, "has_nmtc": false, "nmtc_projects": 0, "nmtc_total_usd": 0.0 }, "geometry": { "type": "Polygon", "coordinates": [ [ [ -83.375339, 44.446946 ], [ -83.365147, 44.44688 ], [ -83.346595, 44.446792 ], [ -83.344873, 44.442537 ], [ -83.343797, 44.441823 ], [ -83.344663, 44.440449 ], [ -83.344977, 44.439461 ], [ -83.345852, 44.436798 ], [ -83.346529, 44.432801 ], [ -83.34777, 44.432648 ], [ -83.347707, 44.430522 ], [ -83.351665, 44.430402 ], [ -83.353297, 44.431153 ], [ -83.352491, 44.432729 ], [ -83.353798, 44.433396 ], [ -83.356122, 44.432424 ], [ -83.354918, 44.430968 ], [ -83.35537, 44.429425 ], [ -83.356868, 44.428981 ], [ -83.357981, 44.429665 ], [ -83.357231, 44.430917 ], [ -83.358629, 44.432174 ], [ -83.359635, 44.430863 ], [ -83.361592, 44.430654 ], [ -83.362929, 44.432106 ], [ -83.362217, 44.43339 ], [ -83.363278, 44.434899 ], [ -83.36426, 44.438396 ], [ -83.36517, 44.439886 ], [ -83.370152, 44.442404 ], [ -83.371614, 44.443956 ], [ -83.37397, 44.444766 ], [ -83.375339, 44.446946 ] ] ] } },
{ "type": "Feature", "properties": { "geoid": "26163541800", "county_name": "Wayne County", "place_name": null, "state_name": "Michigan", "state_abbr": "MI", "is_rural": false, "dci_score": 93.0, "dci_quintile": 1.0, "is_cra_lmi": true, "income_level": "L", "is_persistent_poverty": false, "is_tribal_overlap": false, "tribal_area_name": null, "aian_pct": 0.0, "has_nmtc": false, "nmtc_projects": 0, "nmtc_total_usd": 0.0 }, "geometry": { "type": "Polygon", "coordinates": [ [ [ -83.287803, 42.442683 ], [ -83.278517, 42.442864 ], [ -83.278263, 42.442868 ], [ -83.278639, 42.441474 ], [ -83.278958, 42.439756 ], [ -83.277964, 42.435164 ], [ -83.277561, 42.428939 ], [ -83.287341, 42.428554 ], [ -83.287527, 42.434882 ], [ -83.28777, 42.442524 ], [ -83.287803, 42.442683 ] ] ] } },
{ "type": "Feature", "properties": { "geoid": "26163503100", "county_name": "Wayne County", "place_name": null, "state_name": "Michigan", "state_abbr": "MI", "is_rural": false, "dci_score": 98.9, "dci_quintile": 1.0, "is_cra_lmi": true, "income_level": "M", "is_persistent_poverty": false, "is_tribal_overlap": false, "tribal_area_name": null, "aian_pct": 0.0, "has_nmtc": false, "nmtc_projects": 0, "nmtc_total_usd": 0.0 }, "geometry": { "type": "Polygon", "coordinates": [ [ [ -82.985659, 42.44928 ], [ -82.978318, 42.449465 ], [ -82.971041, 42.449665 ], [ -82.967938, 42.449836 ], [ -82.972807, 42.442501 ], [ -82.978042, 42.442394 ], [ -82.985407, 42.442205 ], [ -82.985659, 42.44928 ] ] ] } },
{ "type": "Feature", "properties": { "geoid": "26163584200", "county_name": "Wayne County", "place_name": null, "state_name": "Michigan", "state_abbr": "MI", "is_rural": false, "dci_score": 81.1, "dci_quintile": 2.0, "is_cra_lmi": false, "income_level": "U", "is_persistent_poverty": false, "is_tribal_overlap": false, "tribal_area_name": null, "aian_pct": 0.0, "has_nmtc": false, "nmtc_projects": 0, "nmtc_total_usd": 0.0 }, "geometry": { "type": "Polygon", "coordinates": [ [ [ -83.268939, 42.226467 ], [ -83.254281, 42.226902 ], [ -83.254191, 42.219739 ], [ -83.25393, 42.212388 ], [ -83.268489, 42.211978 ], [ -83.268739, 42.21928 ], [ -83.268939, 42.226467 ] ] ] } },
{ "type": "Feature", "properties": { "geoid": "26163554400", "county_name": "Wayne County", "place_name": "Highland Park", "state_name": "Michigan", "state_abbr": "MI", "is_rural": false, "dci_score": 73.0, "dci_quintile": 3.0, "is_cra_lmi": false, "income_level": "U", "is_persistent_poverty": false, "is_tribal_overlap": false, "tribal_area_name": null, "aian_pct": 0.0, "has_nmtc": false, "nmtc_projects": 0, "nmtc_total_usd": 0.0 }, "geometry": { "type": "Polygon", "coordinates": [ [ [ -83.297036, 42.428367 ], [ -83.288138, 42.428548 ], [ -83.287341, 42.428554 ], [ -83.287042, 42.421439 ], [ -83.286698, 42.414252 ], [ -83.296471, 42.413999 ], [ -83.296691, 42.421178 ], [ -83.297036, 42.428367 ] ] ] } },
{ "type": "Feature", "properties": { "geoid": "26163517300", "county_name": "Wayne County", "place_name": "Detroit", "state_name": "Michigan", "state_abbr": "MI", "is_rural": false, "dci_score": 97.0, "dci_quintile": 1.0, "is_cra_lmi": true, "income_level": "L", "is_persistent_poverty": false, "is_tribal_overlap": false, "tribal_area_name": null, "aian_pct": 0.0, "has_nmtc": false, "nmtc_projects": 0, "nmtc_total_usd": 0.0 }, "geometry": { "type": "Polygon", "coordinates": [ [ [ -83.055861, 42.348267 ], [ -83.053605, 42.34923 ], [ -83.051888, 42.349728 ], [ -83.047821, 42.351218 ], [ -83.044414, 42.345931 ], [ -83.043799, 42.343593 ], [ -83.048682, 42.341831 ], [ -83.05291, 42.339986 ], [ -83.057877, 42.347381 ], [ -83.055861, 42.348267 ] ] ] } },
{ "type": "Feature", "properties": { "geoid": "26099241600", "county_name": "Macomb County", "place_name": null, "state_name": "Michigan", "state_abbr": "MI", "is_rural": false, "dci_score": 50.9, "dci_quintile": 5.0, "is_cra_lmi": true, "income_level": "M", "is_persistent_poverty": false, "is_tribal_overlap": false, "tribal_area_name": null, "aian_pct": 0.0, "has_nmtc": false, "nmtc_projects": 0, "nmtc_total_usd": 0.0 }, "geometry": { "type": "Polygon", "coordinates": [ [ [ -82.930322, 42.554017 ], [ -82.926542, 42.554107 ], [ -82.922516, 42.554193 ], [ -82.920338, 42.554247 ], [ -82.920056, 42.547574 ], [ -82.92003, 42.546878 ], [ -82.919986, 42.545843 ], [ -82.919622, 42.539478 ], [ -82.923702, 42.539417 ], [ -82.925088, 42.539398 ], [ -82.929639, 42.539331 ], [ -82.930322, 42.554017 ] ] ] } },
{ "type": "Feature", "properties": { "geoid": "26017281300", "county_name": "Bay County", "place_name": null, "state_name": "Michigan", "state_abbr": "MI", "is_rural": true, "dci_score": 53.4, "dci_quintile": 5.0, "is_cra_lmi": true, "income_level": "M", "is_persistent_poverty": false, "is_tribal_overlap": false, "tribal_area_name": null, "aian_pct": 0.0, "has_nmtc": false, "nmtc_projects": 0, "nmtc_total_usd": 0.0 }, "geometry": { "type": "Polygon", "coordinates": [ [ [ -83.906126, 43.623759 ], [ -83.899268, 43.62374 ], [ -83.896473, 43.623829 ], [ -83.886884, 43.623661 ], [ -83.87949, 43.623414 ], [ -83.856907, 43.623204 ], [ -83.854621, 43.623197 ], [ -83.85473, 43.619596 ], [ -83.864884, 43.618678 ], [ -83.872264, 43.617054 ], [ -83.871606, 43.614946 ], [ -83.871697, 43.613173 ], [ -83.872701, 43.613117 ], [ -83.874325, 43.612548 ], [ -83.884782, 43.609862 ], [ -83.889623, 43.605379 ], [ -83.892757, 43.606626 ], [ -83.892976, 43.608351 ], [ -83.893225, 43.611784 ], [ -83.894073, 43.612791 ], [ -83.904441, 43.622212 ], [ -83.906126, 43.623759 ] ] ] } },
{ "type": "Feature", "properties": { "geoid": "26049012311", "county_name": "Genesee County", "place_name": "Hamtramck", "state_name": "Michigan", "state_abbr": "MI", "is_rural": false, "dci_score": 88.3, "dci_quintile": 2.0, "is_cra_lmi": true, "income_level": "M", "is_persistent_poverty": false, "is_tribal_overlap": false, "tribal_area_name": null, "aian_pct": 0.0, "has_nmtc": false, "nmtc_projects": 0, "nmtc_total_usd": 0.0 }, "geometry": { "type": "Polygon", "coordinates": [ [ [ -83.694581, 43.134327 ], [ -83.682926, 43.13457 ], [ -83.681318, 43.132244 ], [ -83.677665, 43.127049 ], [ -83.676944, 43.105122 ], [ -83.682141, 43.104967 ], [ -83.694328, 43.104815 ], [ -83.694371, 43.111413 ], [ -83.687332, 43.11222 ], [ -83.687395, 43.119417 ], [ -83.68752, 43.126769 ], [ -83.694491, 43.126538 ], [ -83.694581, 43.134327 ] ] ] } },
{ "type": "Feature", "properties": { "geoid": "26165380700", "county_name": "Wexford County", "place_name": null, "state_name": "Michigan", "state_abbr": "MI", "is_rural": true, "dci_score": 54.8, "dci_quintile": 4.0, "is_cra_lmi": true, "income_level": "M", "is_persistent_poverty": false, "is_tribal_overlap": false, "tribal_area_name": null, "aian_pct": 0.0, "has_nmtc": false, "nmtc_projects": 0, "nmtc_total_usd": 0.0 }, "geometry": { "type": "Polygon", "coordinates": [ [ [ -85.436641, 44.252356 ], [ -85.436587, 44.256003 ], [ -85.426616, 44.256084 ], [ -85.426631, 44.266912 ], [ -85.420816, 44.266928 ], [ -85.420772, 44.266928 ], [ -85.420305, 44.26693 ], [ -85.4116, 44.266964 ], [ -85.408258, 44.26697 ], [ -85.406489, 44.266976 ], [ -85.404564, 44.256575 ], [ -85.403248, 44.257113 ], [ -85.40036, 44.253595 ], [ -85.398176, 44.254516 ], [ -85.395176, 44.250857 ], [ -85.4005, 44.248643 ], [ -85.403066, 44.251245 ], [ -85.410247, 44.251149 ], [ -85.415025, 44.249116 ], [ -85.417932, 44.248906 ], [ -85.43662, 44.248981 ], [ -85.436635, 44.25014 ], [ -85.436641, 44.252356 ] ] ] } },
{ "type": "Feature", "properties": { "geoid": "26161980102", "county_name": "Washtenaw County", "place_name": null, "state_name": "Michigan", "state_abbr": "MI", "is_rural": false, "dci_score": 45.1, "dci_quintile": 5.0, "is_cra_lmi": false, "income_level": "NA", "is_persistent_poverty": false, "is_tribal_overlap": false, "tribal_area_name": null, "aian_pct": 0.0, "has_nmtc": false, "nmtc_projects": 0, "nmtc_total_usd": 0.0 }, "geometry": { "type": "Polygon", "coordinates": [ [ [ -83.735306, 42.285129 ], [ -83.732496, 42.28647 ], [ -83.72956, 42.287045 ], [ -83.725371, 42.28711 ], [ -83.725617, 42.283907 ], [ -83.723208, 42.283099 ], [ -83.721592, 42.28307 ], [ -83.720335, 42.283546 ], [ -83.724679, 42.279548 ], [ -83.724801, 42.275678 ], [ -83.731675, 42.27748 ], [ -83.733338, 42.277428 ], [ -83.733487, 42.280831 ], [ -83.734248, 42.281366 ], [ -83.735513, 42.281354 ], [ -83.735306, 42.285129 ] ] ] } },
{ "type": "Feature", "properties": { "geoid": "26045020901", "county_name": "Eaton County", "place_name": null, "state_name": "Michigan", "state_abbr": "MI", "is_rural": true, "dci_score": 42.0, "dci_quintile": 5.0, "is_cra_lmi": true, "income_level": "M", "is_persistent_poverty": false, "is_tribal_overlap": false, "tribal_area_name": null, "aian_pct": 0.0, "has_nmtc": false, "nmtc_projects": 0, "nmtc_total_usd": 0.0 }, "geometry": { "type": "Polygon", "coordinates": [ [ [ -84.855711, 42.579025 ], [ -84.847845, 42.579033 ], [ -84.846805, 42.579035 ], [ -84.836003, 42.579069 ], [ -84.836018, 42.582249 ], [ -84.824542, 42.582189 ], [ -84.823944, 42.582193 ], [ -84.818284, 42.582126 ], [ -84.81725, 42.582122 ], [ -84.811639, 42.582111 ], [ -84.809288, 42.582084 ], [ -84.808984, 42.582094 ], [ -84.808307, 42.582102 ], [ -84.809661, 42.581239 ], [ -84.809431, 42.581049 ], [ -84.809948, 42.580739 ], [ -84.814874, 42.577819 ], [ -84.815861, 42.57739 ], [ -84.816465, 42.577194 ], [ -84.819141, 42.575601 ], [ -84.820419, 42.571428 ], [ -84.820937, 42.571335 ], [ -84.821124, 42.56804 ], [ -84.821156, 42.553133 ], [ -84.822404, 42.553125 ], [ -84.824444, 42.553113 ], [ -84.8248, 42.558683 ], [ -84.835856, 42.558629 ], [ -84.835882, 42.563968 ], [ -84.842536, 42.56392 ], [ -84.845704, 42.563903 ], [ -84.849891, 42.563986 ], [ -84.855605, 42.566195 ], [ -84.855584, 42.568068 ], [ -84.855711, 42.579025 ] ] ] } },
{ "type": "Feature", "properties": { "geoid": "26077001907", "county_name": "Kalamazoo County", "place_name": null, "state_name": "Michigan", "state_abbr": "MI", "is_rural": false, "dci_score": 19.6, "dci_quintile": 5.0, "is_cra_lmi": true, "income_level": "M", "is_persistent_poverty": false, "is_tribal_overlap": false, "tribal_area_name": null, "aian_pct": 0.0, "has_nmtc": false, "nmtc_projects": 0, "nmtc_total_usd": 0.0 }, "geometry": { "type": "Polygon", "coordinates": [ [ [ -85.613974, 42.230116 ], [ -85.607484, 42.230095 ], [ -85.603552, 42.230079 ], [ -85.601528, 42.23005 ], [ -85.59868, 42.230077 ], [ -85.589498, 42.230105 ], [ -85.589399, 42.215521 ], [ -85.599843, 42.215511 ], [ -85.603146, 42.215536 ], [ -85.61389, 42.215552 ], [ -85.6139, 42.220173 ], [ -85.613936, 42.225967 ], [ -85.613974, 42.230116 ] ] ] } },
{ "type": "Feature", "properties": { "geoid": "26163501200", "county_name": "Wayne County", "place_name": null, "state_name": "Michigan", "state_abbr": "MI", "is_rural": false, "dci_score": 97.9, "dci_quintile": 1.0, "is_cra_lmi": true, "income_level": "L", "is_persistent_poverty": false, "is_tribal_overlap": false, "tribal_area_name": null, "aian_pct": 0.0, "has_nmtc": false, "nmtc_projects": 0, "nmtc_total_usd": 0.0 }, "geometry": { "type": "Polygon", "coordinates": [ [ [ -82.956743, 42.411369 ], [ -82.952274, 42.41661 ], [ -82.951793, 42.41641 ], [ -82.943396, 42.412935 ], [ -82.94858, 42.409064 ], [ -82.950309, 42.408051 ], [ -82.955612, 42.406468 ], [ -82.956342, 42.407073 ], [ -82.956743, 42.411369 ] ] ] } },
{ "type": "Feature", "properties": { "geoid": "26163522400", "county_name": "Wayne County", "place_name": "Detroit", "state_name": "Michigan", "state_abbr": "MI", "is_rural": false, "dci_score": 91.7, "dci_quintile": 1.0, "is_cra_lmi": false, "income_level": "NA", "is_persistent_poverty": false, "is_tribal_overlap": false, "tribal_area_name": null, "aian_pct": 0.0, "has_nmtc": true, "nmtc_projects": 1, "nmtc_total_usd": 13279916.0 }, "geometry": { "type": "Polygon", "coordinates": [ [ [ -83.090702, 42.363731 ], [ -83.089802, 42.36418 ], [ -83.086601, 42.36539 ], [ -83.081802, 42.367197 ], [ -83.076031, 42.35906 ], [ -83.080993, 42.356037 ], [ -83.08248, 42.355375 ], [ -83.085116, 42.354498 ], [ -83.085186, 42.354623 ], [ -83.088095, 42.359755 ], [ -83.088662, 42.360489 ], [ -83.091027, 42.363609 ], [ -83.090702, 42.363731 ] ] ] } },
{ "type": "Feature", "properties": { "geoid": "26121000601", "county_name": "Muskegon County", "place_name": "Detroit", "state_name": "Michigan", "state_abbr": "MI", "is_rural": true, "dci_score": 51.6, "dci_quintile": 5.0, "is_cra_lmi": true, "income_level": "M", "is_persistent_poverty": false, "is_tribal_overlap": false, "tribal_area_name": null, "aian_pct": 0.0, "has_nmtc": false, "nmtc_projects": 0, "nmtc_total_usd": 0.0 }, "geometry": { "type": "Polygon", "coordinates": [ [ [ -86.259718, 43.224348 ], [ -86.250544, 43.224264 ], [ -86.250036, 43.227033 ], [ -86.249146, 43.227638 ], [ -86.246384, 43.229376 ], [ -86.244176, 43.22931 ], [ -86.244215, 43.227714 ], [ -86.244229, 43.226956 ], [ -86.244341, 43.219706 ], [ -86.244433, 43.216018 ], [ -86.24816, 43.216052 ], [ -86.249416, 43.21606 ], [ -86.254361, 43.216116 ], [ -86.254308, 43.219792 ], [ -86.259829, 43.219831 ], [ -86.259718, 43.224348 ] ] ] } },
{ "type": "Feature", "properties": { "geoid": "26065004493", "county_name": "Ingham County", "place_name": null, "state_name": "Michigan", "state_abbr": "MI", "is_rural": false, "dci_score": null, "dci_quintile": null, "is_cra_lmi": false, "income_level": "NA", "is_persistent_poverty": false, "is_tribal_overlap": false, "tribal_area_name": null, "aian_pct": 0.0, "has_nmtc": false, "nmtc_projects": 0, "nmtc_total_usd": 0.0 }, "geometry": { "type": "Polygon", "coordinates": [ [ [ -84.472096, 42.728159 ], [ -84.469731, 42.728305 ], [ -84.466673, 42.729532 ], [ -84.462113, 42.72832 ], [ -84.462112, 42.727729 ], [ -84.465544, 42.726953 ], [ -84.46662, 42.725492 ], [ -84.472084, 42.725949 ], [ -84.472096, 42.728159 ] ] ] } },
{ "type": "Feature", "properties": { "geoid": "26065005201", "county_name": "Ingham County", "place_name": "Detroit", "state_name": "Michigan", "state_abbr": "MI", "is_rural": false, "dci_score": 78.3, "dci_quintile": 3.0, "is_cra_lmi": true, "income_level": "M", "is_persistent_poverty": false, "is_tribal_overlap": false, "tribal_area_name": null, "aian_pct": 0.0, "has_nmtc": false, "nmtc_projects": 0, "nmtc_total_usd": 0.0 }, "geometry": { "type": "Polygon", "coordinates": [ [ [ -84.582581, 42.66443 ], [ -84.582567, 42.670147 ], [ -84.581378, 42.671019 ], [ -84.576289, 42.674801 ], [ -84.572156, 42.678087 ], [ -84.568132, 42.683066 ], [ -84.562786, 42.683046 ], [ -84.562921, 42.675348 ], [ -84.562936, 42.669313 ], [ -84.562942, 42.663799 ], [ -84.564061, 42.660908 ], [ -84.567345, 42.661398 ], [ -84.58258, 42.663757 ], [ -84.582581, 42.66443 ] ] ] } },
{ "type": "Feature", "properties": { "geoid": "26049011611", "county_name": "Genesee County", "place_name": null, "state_name": "Michigan", "state_abbr": "MI", "is_rural": false, "dci_score": 33.0, "dci_quintile": 5.0, "is_cra_lmi": true, "income_level": "M", "is_persistent_poverty": false, "is_tribal_overlap": false, "tribal_area_name": null, "aian_pct": 0.0, "has_nmtc": false, "nmtc_projects": 0, "nmtc_total_usd": 0.0 }, "geometry": { "type": "Polygon", "coordinates": [ [ [ -83.555651, 43.016483 ], [ -83.549929, 43.016687 ], [ -83.546508, 43.016185 ], [ -83.544119, 43.015345 ], [ -83.53861, 43.012187 ], [ -83.53451, 43.012295 ], [ -83.53118, 43.01239 ], [ -83.517549, 43.014669 ], [ -83.517448, 43.011315 ], [ -83.516866, 43.00746 ], [ -83.515853, 43.005447 ], [ -83.540326, 43.005322 ], [ -83.555218, 43.005247 ], [ -83.555651, 43.016483 ] ] ] } },
{ "type": "Feature", "properties": { "geoid": "26125133102", "county_name": "Oakland County", "place_name": null, "state_name": "Michigan", "state_abbr": "MI", "is_rural": false, "dci_score": 17.1, "dci_quintile": 5.0, "is_cra_lmi": true, "income_level": "L", "is_persistent_poverty": false, "is_tribal_overlap": false, "tribal_area_name": null, "aian_pct": 0.0, "has_nmtc": false, "nmtc_projects": 0, "nmtc_total_usd": 0.0 }, "geometry": { "type": "Polygon", "coordinates": [ [ [ -83.556784, 42.523911 ], [ -83.538468, 42.524253 ], [ -83.535986, 42.524348 ], [ -83.527402, 42.524605 ], [ -83.52716, 42.519388 ], [ -83.523528, 42.517371 ], [ -83.516887, 42.513761 ], [ -83.517304, 42.519906 ], [ -83.5123, 42.519882 ], [ -83.511597, 42.508976 ], [ -83.511194, 42.502059 ], [ -83.511176, 42.501775 ], [ -83.510771, 42.494555 ], [ -83.518537, 42.494433 ], [ -83.518654, 42.494394 ], [ -83.518287, 42.494117 ], [ -83.520085, 42.494264 ], [ -83.53377, 42.49377 ], [ -83.535818, 42.493691 ], [ -83.540701, 42.493578 ], [ -83.549978, 42.493352 ], [ -83.55521, 42.493165 ], [ -83.555659, 42.50231 ], [ -83.55593, 42.507521 ], [ -83.556784, 42.523911 ] ] ] } },
{ "type": "Feature", "properties": { "geoid": "26163540200", "county_name": "Wayne County", "place_name": "Detroit", "state_name": "Michigan", "state_abbr": "MI", "is_rural": false, "dci_score": 92.6, "dci_quintile": 1.0, "is_cra_lmi": true, "income_level": "L", "is_persistent_poverty": false, "is_tribal_overlap": false, "tribal_area_name": null, "aian_pct": 0.0, "has_nmtc": false, "nmtc_projects": 0, "nmtc_total_usd": 0.0 }, "geometry": { "type": "Polygon", "coordinates": [ [ [ -83.21954, 42.437237 ], [ -83.21351, 42.437343 ], [ -83.213179, 42.437349 ], [ -83.207593, 42.437463 ], [ -83.200178, 42.437624 ], [ -83.199874, 42.430422 ], [ -83.207364, 42.430312 ], [ -83.212771, 42.430196 ], [ -83.219233, 42.43002 ], [ -83.21954, 42.437237 ] ] ] } },
{ "type": "Feature", "properties": { "geoid": "26163539700", "county_name": "Wayne County", "place_name": "Detroit", "state_name": "Michigan", "state_abbr": "MI", "is_rural": false, "dci_score": 92.6, "dci_quintile": 1.0, "is_cra_lmi": false, "income_level": "U", "is_persistent_poverty": false, "is_tribal_overlap": false, "tribal_area_name": null, "aian_pct": 0.0, "has_nmtc": false, "nmtc_projects": 0, "nmtc_total_usd": 0.0 }, "geometry": { "type": "Polygon", "coordinates": [ [ [ -83.200386, 42.442343 ], [ -83.194372, 42.43783 ], [ -83.187158, 42.430821 ], [ -83.189921, 42.430724 ], [ -83.195018, 42.430555 ], [ -83.199874, 42.430422 ], [ -83.200178, 42.437624 ], [ -83.200386, 42.442343 ] ] ] } },
{ "type": "Feature", "properties": { "geoid": "26163537500", "county_name": "Wayne County", "place_name": "Detroit", "state_name": "Michigan", "state_abbr": "MI", "is_rural": false, "dci_score": 95.9, "dci_quintile": 1.0, "is_cra_lmi": true, "income_level": "L", "is_persistent_poverty": false, "is_tribal_overlap": false, "tribal_area_name": null, "aian_pct": 0.0, "has_nmtc": false, "nmtc_projects": 0, "nmtc_total_usd": 0.0 }, "geometry": { "type": "Polygon", "coordinates": [ [ [ -83.199017, 42.408753 ], [ -83.194184, 42.408897 ], [ -83.189233, 42.409055 ], [ -83.184846, 42.409195 ], [ -83.184526, 42.401938 ], [ -83.188917, 42.401818 ], [ -83.193827, 42.401665 ], [ -83.198695, 42.401513 ], [ -83.199017, 42.408753 ] ] ] } },
{ "type": "Feature", "properties": { "geoid": "26163535200", "county_name": "Wayne County", "place_name": "Warren", "state_name": "Michigan", "state_abbr": "MI", "is_rural": false, "dci_score": 95.9, "dci_quintile": 1.0, "is_cra_lmi": true, "income_level": "M", "is_persistent_poverty": false, "is_tribal_overlap": false, "tribal_area_name": null, "aian_pct": 0.0, "has_nmtc": false, "nmtc_projects": 0, "nmtc_total_usd": 0.0 }, "geometry": { "type": "Polygon", "coordinates": [ [ [ -83.183004, 42.380173 ], [ -83.183056, 42.382274 ], [ -83.178366, 42.383321 ], [ -83.176297, 42.383772 ], [ -83.170253, 42.385057 ], [ -83.168602, 42.385283 ], [ -83.168457, 42.380593 ], [ -83.168452, 42.380491 ], [ -83.168155, 42.37323 ], [ -83.173073, 42.373125 ], [ -83.17677, 42.373058 ], [ -83.182973, 42.372935 ], [ -83.183159, 42.37847 ], [ -83.183004, 42.380173 ] ] ] } },
{ "type": "Feature", "properties": { "geoid": "26163577200", "county_name": "Wayne County", "place_name": "Warren", "state_name": "Michigan", "state_abbr": "MI", "is_rural": false, "dci_score": 86.1, "dci_quintile": 2.0, "is_cra_lmi": false, "income_level": "U", "is_persistent_poverty": false, "is_tribal_overlap": false, "tribal_area_name": null, "aian_pct": 0.0, "has_nmtc": false, "nmtc_projects": 0, "nmtc_total_usd": 0.0 }, "geometry": { "type": "Polygon", "coordinates": [ [ [ -83.194558, 42.258798 ], [ -83.192245, 42.26162 ], [ -83.190065, 42.264233 ], [ -83.188454, 42.266163 ], [ -83.184696, 42.270641 ], [ -83.184077, 42.2714 ], [ -83.181096, 42.269698 ], [ -83.17539, 42.265988 ], [ -83.171271, 42.264836 ], [ -83.176382, 42.262651 ], [ -83.179541, 42.259306 ], [ -83.185235, 42.252466 ], [ -83.193296, 42.254954 ], [ -83.196851, 42.256031 ], [ -83.194558, 42.258798 ] ] ] } },
{ "type": "Feature", "properties": { "geoid": "26163500200", "county_name": "Wayne County", "place_name": "Warren", "state_name": "Michigan", "state_abbr": "MI", "is_rural": false, "dci_score": 98.9, "dci_quintile": 1.0, "is_cra_lmi": true, "income_level": "M", "is_persistent_poverty": false, "is_tribal_overlap": false, "tribal_area_name": null, "aian_pct": 0.0, "has_nmtc": false, "nmtc_projects": 0, "nmtc_total_usd": 0.0 }, "geometry": { "type": "Polygon", "coordinates": [ [ [ -82.967938, 42.449836 ], [ -82.966093, 42.449886 ], [ -82.957706, 42.450026 ], [ -82.95621, 42.450048 ], [ -82.956002, 42.442863 ], [ -82.965755, 42.442677 ], [ -82.972807, 42.442501 ], [ -82.967938, 42.449836 ] ] ] } },
{ "type": "Feature", "properties": { "geoid": "26163573900", "county_name": "Wayne County", "place_name": null, "state_name": "Michigan", "state_abbr": "MI", "is_rural": false, "dci_score": 95.5, "dci_quintile": 1.0, "is_cra_lmi": true, "income_level": "M", "is_persistent_poverty": false, "is_tribal_overlap": false, "tribal_area_name": null, "aian_pct": 0.0, "has_nmtc": false, "nmtc_projects": 0, "nmtc_total_usd": 0.0 }, "geometry": { "type": "Polygon", "coordinates": [ [ [ -83.196288, 42.343665 ], [ -83.190942, 42.343734 ], [ -83.188826, 42.343762 ], [ -83.186488, 42.341993 ], [ -83.177152, 42.334915 ], [ -83.186171, 42.334775 ], [ -83.19054, 42.33471 ], [ -83.195829, 42.33463 ], [ -83.19591, 42.336439 ], [ -83.195983, 42.33824 ], [ -83.196288, 42.343665 ] ] ] } },
{ "type": "Feature", "properties": { "geoid": "26163567800", "county_name": "Wayne County", "place_name": null, "state_name": "Michigan", "state_abbr": "MI", "is_rural": false, "dci_score": 73.3, "dci_quintile": 3.0, "is_cra_lmi": false, "income_level": "U", "is_persistent_poverty": false, "is_tribal_overlap": false, "tribal_area_name": null, "aian_pct": 0.0, "has_nmtc": false, "nmtc_projects": 0, "nmtc_total_usd": 0.0 }, "geometry": { "type": "Polygon", "coordinates": [ [ [ -83.38814, 42.328043 ], [ -83.386538, 42.331684 ], [ -83.384873, 42.33571 ], [ -83.384972, 42.338933 ], [ -83.381053, 42.339019 ], [ -83.372998, 42.339191 ], [ -83.370254, 42.339249 ], [ -83.365508, 42.339338 ], [ -83.365325, 42.335844 ], [ -83.36515, 42.332121 ], [ -83.365121, 42.331604 ], [ -83.364841, 42.324924 ], [ -83.374582, 42.32473 ], [ -83.379456, 42.324621 ], [ -83.389166, 42.324449 ], [ -83.38814, 42.328043 ] ] ] } },
{ "type": "Feature", "properties": { "geoid": "26163522300", "county_name": "Wayne County", "place_name": null, "state_name": "Michigan", "state_abbr": "MI", "is_rural": false, "dci_score": 93.3, "dci_quintile": 1.0, "is_cra_lmi": true, "income_level": "L", "is_persistent_poverty": false, "is_tribal_overlap": false, "tribal_area_name": null, "aian_pct": 0.0, "has_nmtc": false, "nmtc_projects": 0, "nmtc_total_usd": 0.0 }, "geometry": { "type": "Polygon", "coordinates": [ [ [ -83.108843, 42.357133 ], [ -83.105565, 42.358351 ], [ -83.102401, 42.359526 ], [ -83.099947, 42.360302 ], [ -83.097381, 42.361248 ], [ -83.094512, 42.362313 ], [ -83.091027, 42.363609 ], [ -83.088662, 42.360489 ], [ -83.088095, 42.359755 ], [ -83.085186, 42.354623 ], [ -83.085116, 42.354498 ], [ -83.093718, 42.351795 ], [ -83.095562, 42.351227 ], [ -83.098991, 42.350137 ], [ -83.100549, 42.351644 ], [ -83.102094, 42.352653 ], [ -83.103828, 42.353533 ], [ -83.110799, 42.356125 ], [ -83.108843, 42.357133 ] ] ] } },
{ "type": "Feature", "properties": { "geoid": "26099245200", "county_name": "Macomb County", "place_name": null, "state_name": "Michigan", "state_abbr": "MI", "is_rural": false, "dci_score": 77.9, "dci_quintile": 3.0, "is_cra_lmi": true, "income_level": "L", "is_persistent_poverty": false, "is_tribal_overlap": false, "tribal_area_name": null, "aian_pct": 0.0, "has_nmtc": false, "nmtc_projects": 0, "nmtc_total_usd": 0.0 }, "geometry": { "type": "Polygon", "coordinates": [ [ [ -82.900513, 42.599427 ], [ -82.899589, 42.604771 ], [ -82.898551, 42.614036 ], [ -82.894938, 42.614061 ], [ -82.894725, 42.61769 ], [ -82.887776, 42.617894 ], [ -82.887301, 42.616185 ], [ -82.886663, 42.615723 ], [ -82.884087, 42.613783 ], [ -82.882405, 42.61251 ], [ -82.889318, 42.602969 ], [ -82.892953, 42.598193 ], [ -82.900018, 42.598841 ], [ -82.899901, 42.59939 ], [ -82.900513, 42.599427 ] ] ] } },
{ "type": "Feature", "properties": { "geoid": "26115832300", "county_name": "Monroe County", "place_name": null, "state_name": "Michigan", "state_abbr": "MI", "is_rural": true, "dci_score": 76.4, "dci_quintile": 3.0, "is_cra_lmi": false, "income_level": "U", "is_persistent_poverty": false, "is_tribal_overlap": false, "tribal_area_name": null, "aian_pct": 0.0, "has_nmtc": false, "nmtc_projects": 0, "nmtc_total_usd": 0.0 }, "geometry": { "type": "Polygon", "coordinates": [ [ [ -83.444345, 41.91015 ], [ -83.441715, 41.914926 ], [ -83.437231, 41.922985 ], [ -83.436245, 41.924353 ], [ -83.434095, 41.925203 ], [ -83.433186, 41.925422 ], [ -83.426213, 41.925318 ], [ -83.420332, 41.923685 ], [ -83.415692, 41.923589 ], [ -83.415046, 41.923125 ], [ -83.415258, 41.922718 ], [ -83.416288, 41.920722 ], [ -83.416698, 41.919879 ], [ -83.416768, 41.919687 ], [ -83.417529, 41.917003 ], [ -83.418256, 41.915627 ], [ -83.42428, 41.90731 ], [ -83.424343, 41.90722 ], [ -83.425455, 41.905273 ], [ -83.426776, 41.90307 ], [ -83.4303, 41.903678 ], [ -83.440398, 41.907017 ], [ -83.441135, 41.907212 ], [ -83.445163, 41.908672 ], [ -83.444345, 41.91015 ] ] ] } },
{ "type": "Feature", "properties": { "geoid": "26065000700", "county_name": "Ingham County", "place_name": null, "state_name": "Michigan", "state_abbr": "MI", "is_rural": false, "dci_score": 77.2, "dci_quintile": 3.0, "is_cra_lmi": true, "income_level": "L", "is_persistent_poverty": false, "is_tribal_overlap": false, "tribal_area_name": null, "aian_pct": 0.0, "has_nmtc": false, "nmtc_projects": 0, "nmtc_total_usd": 0.0 }, "geometry": { "type": "Polygon", "coordinates": [ [ [ -84.562962, 42.744596 ], [ -84.562542, 42.744591 ], [ -84.562439, 42.746148 ], [ -84.55992, 42.746166 ], [ -84.559883, 42.748774 ], [ -84.555298, 42.748729 ], [ -84.555292, 42.750162 ], [ -84.552582, 42.750304 ], [ -84.549744, 42.745473 ], [ -84.550182, 42.742799 ], [ -84.549374, 42.740915 ], [ -84.555339, 42.74092 ], [ -84.556879, 42.739942 ], [ -84.559947, 42.739958 ], [ -84.5615, 42.739972 ], [ -84.56293, 42.740956 ], [ -84.562962, 42.744596 ] ] ] } },
{ "type": "Feature", "properties": { "geoid": "26065005304", "county_name": "Ingham County", "place_name": null, "state_name": "Michigan", "state_abbr": "MI", "is_rural": false, "dci_score": 78.2, "dci_quintile": 3.0, "is_cra_lmi": true, "income_level": "M", "is_persistent_poverty": false, "is_tribal_overlap": false, "tribal_area_name": null, "aian_pct": 0.0, "has_nmtc": false, "nmtc_projects": 0, "nmtc_total_usd": 0.0 }, "geometry": { "type": "Polygon", "coordinates": [ [ [ -84.548068, 42.683033 ], [ -84.538178, 42.683011 ], [ -84.529489, 42.682988 ], [ -84.523467, 42.68296 ], [ -84.521625, 42.68297 ], [ -84.513426, 42.682937 ], [ -84.503009, 42.682889 ], [ -84.501157, 42.682873 ], [ -84.49871, 42.679668 ], [ -84.49561, 42.674692 ], [ -84.503536, 42.671445 ], [ -84.511305, 42.668162 ], [ -84.515046, 42.666697 ], [ -84.518997, 42.665489 ], [ -84.523543, 42.66421 ], [ -84.53776, 42.660216 ], [ -84.54356, 42.668327 ], [ -84.54406, 42.669289 ], [ -84.547197, 42.675288 ], [ -84.547696, 42.676612 ], [ -84.547945, 42.677714 ], [ -84.548068, 42.683033 ] ] ] } },
{ "type": "Feature", "properties": { "geoid": "26075006900", "county_name": "Jackson County", "place_name": "Eastpointe", "state_name": "Michigan", "state_abbr": "MI", "is_rural": true, "dci_score": 82.1, "dci_quintile": 2.0, "is_cra_lmi": true, "income_level": "M", "is_persistent_poverty": false, "is_tribal_overlap": false, "tribal_area_name": null, "aian_pct": 0.0, "has_nmtc": false, "nmtc_projects": 0, "nmtc_total_usd": 0.0 }, "geometry": { "type": "Polygon", "coordinates": [ [ [ -84.403881, 42.261532 ], [ -84.40388, 42.267897 ], [ -84.391843, 42.267956 ], [ -84.391685, 42.261588 ], [ -84.3917, 42.259025 ], [ -84.391681, 42.25476 ], [ -84.394001, 42.254747 ], [ -84.394016, 42.252381 ], [ -84.395705, 42.252049 ], [ -84.394793, 42.249374 ], [ -84.393367, 42.24966 ], [ -84.392671, 42.247508 ], [ -84.392621, 42.245767 ], [ -84.400601, 42.247976 ], [ -84.401631, 42.250892 ], [ -84.402247, 42.252641 ], [ -84.402966, 42.2547 ], [ -84.403886, 42.254705 ], [ -84.403881, 42.261532 ] ] ] } },
{ "type": "Feature", "properties": { "geoid": "26163579501", "county_name": "Wayne County", "place_name": null, "state_name": "Michigan", "state_abbr": "MI", "is_rural": false, "dci_score": 99.5, "dci_quintile": 1.0, "is_cra_lmi": true, "income_level": "M", "is_persistent_poverty": false, "is_tribal_overlap": false, "tribal_area_name": null, "aian_pct": 0.0, "has_nmtc": false, "nmtc_projects": 0, "nmtc_total_usd": 0.0 }, "geometry": { "type": "Polygon", "coordinates": [ [ [ -83.146041, 42.252992 ], [ -83.143887, 42.25977 ], [ -83.143128, 42.259342 ], [ -83.141917, 42.26257 ], [ -83.137547, 42.261665 ], [ -83.134562, 42.261035 ], [ -83.133401, 42.260504 ], [ -83.13453, 42.25817 ], [ -83.134863, 42.257821 ], [ -83.138549, 42.25823 ], [ -83.138916, 42.256977 ], [ -83.140059, 42.253558 ], [ -83.141323, 42.250579 ], [ -83.145185, 42.25149 ], [ -83.144875, 42.25272 ], [ -83.146041, 42.252992 ] ] ] } },
{ "type": "Feature", "properties": { "geoid": "26161412300", "county_name": "Washtenaw County", "place_name": "Roseville", "state_name": "Michigan", "state_abbr": "MI", "is_rural": false, "dci_score": 62.7, "dci_quintile": 4.0, "is_cra_lmi": true, "income_level": "L", "is_persistent_poverty": false, "is_tribal_overlap": false, "tribal_area_name": null, "aian_pct": 0.0, "has_nmtc": false, "nmtc_projects": 0, "nmtc_total_usd": 0.0 }, "geometry": { "type": "Polygon", "coordinates": [ [ [ -83.578461, 42.231753 ], [ -83.577486, 42.232322 ], [ -83.574902, 42.234626 ], [ -83.565954, 42.242508 ], [ -83.563155, 42.2368 ], [ -83.56292, 42.231832 ], [ -83.562526, 42.22134 ], [ -83.562298, 42.220151 ], [ -83.562504, 42.220307 ], [ -83.576988, 42.230857 ], [ -83.578926, 42.231573 ], [ -83.578461, 42.231753 ] ] ] } },
{ "type": "Feature", "properties": { "geoid": "26049010117", "county_name": "Genesee County", "place_name": null, "state_name": "Michigan", "state_abbr": "MI", "is_rural": false, "dci_score": 56.3, "dci_quintile": 4.0, "is_cra_lmi": false, "income_level": "U", "is_persistent_poverty": false, "is_tribal_overlap": false, "tribal_area_name": null, "aian_pct": 0.0, "has_nmtc": false, "nmtc_projects": 0, "nmtc_total_usd": 0.0 }, "geometry": { "type": "Polygon", "coordinates": [ [ [ -83.734517, 43.169919 ], [ -83.731774, 43.170086 ], [ -83.729054, 43.166106 ], [ -83.728603, 43.165484 ], [ -83.728656, 43.170159 ], [ -83.72471, 43.170185 ], [ -83.724663, 43.177521 ], [ -83.714775, 43.177695 ], [ -83.695912, 43.17782 ], [ -83.695222, 43.177911 ], [ -83.695102, 43.163406 ], [ -83.695281, 43.163389 ], [ -83.69484, 43.158526 ], [ -83.694735, 43.148985 ], [ -83.694728, 43.148752 ], [ -83.694581, 43.134327 ], [ -83.734092, 43.134093 ], [ -83.734066, 43.135158 ], [ -83.734083, 43.136125 ], [ -83.734098, 43.137849 ], [ -83.734112, 43.139636 ], [ -83.734131, 43.141358 ], [ -83.734153, 43.142429 ], [ -83.734178, 43.143702 ], [ -83.73419, 43.144909 ], [ -83.734206, 43.146721 ], [ -83.73422, 43.147373 ], [ -83.734238, 43.148106 ], [ -83.734463, 43.16269 ], [ -83.734517, 43.169919 ] ] ] } },
{ "type": "Feature", "properties": { "geoid": "26055551301", "county_name": "Grand Traverse County", "place_name": null, "state_name": "Michigan", "state_abbr": "MI", "is_rural": true, "dci_score": 42.0, "dci_quintile": 5.0, "is_cra_lmi": true, "income_level": "M", "is_persistent_poverty": false, "is_tribal_overlap": false, "tribal_area_name": null, "aian_pct": 0.0, "has_nmtc": false, "nmtc_projects": 0, "nmtc_total_usd": 0.0 }, "geometry": { "type": "Polygon", "coordinates": [ [ [ -85.646049, 44.735176 ], [ -85.644647, 44.739153 ], [ -85.64287, 44.741646 ], [ -85.639711, 44.744672 ], [ -85.636329, 44.747839 ], [ -85.635215, 44.750053 ], [ -85.634769, 44.751665 ], [ -85.630568, 44.751663 ], [ -85.629976, 44.751668 ], [ -85.630122, 44.746151 ], [ -85.630231, 44.744492 ], [ -85.630255, 44.743794 ], [ -85.630858, 44.74121 ], [ -85.634761, 44.739395 ], [ -85.635554, 44.738466 ], [ -85.63565, 44.730277 ], [ -85.635967, 44.724011 ], [ -85.637211, 44.722855 ], [ -85.646022, 44.722805 ], [ -85.646049, 44.735176 ] ] ] } },
{ "type": "Feature", "properties": { "geoid": "26151970300", "county_name": "Sanilac County", "place_name": null, "state_name": "Michigan", "state_abbr": "MI", "is_rural": true, "dci_score": 70.6, "dci_quintile": 3.0, "is_cra_lmi": false, "income_level": "U", "is_persistent_poverty": false, "is_tribal_overlap": false, "tribal_area_name": null, "aian_pct": 0.0, "has_nmtc": false, "nmtc_projects": 0, "nmtc_total_usd": 0.0 }, "geometry": { "type": "Polygon", "coordinates": [ [ [ -83.114619, 43.587995 ], [ -83.016739, 43.591054 ], [ -82.996819, 43.591682 ], [ -82.916954, 43.594332 ], [ -82.916367, 43.579635 ], [ -82.896519, 43.580373 ], [ -82.895651, 43.565876 ], [ -82.875757, 43.566585 ], [ -82.874884, 43.547688 ], [ -82.874642, 43.540759 ], [ -82.874521, 43.537564 ], [ -82.874103, 43.529568 ], [ -82.873802, 43.523015 ], [ -82.878257, 43.522871 ], [ -82.878764, 43.522844 ], [ -82.893834, 43.522317 ], [ -82.893112, 43.5078 ], [ -82.891863, 43.478361 ], [ -82.871977, 43.478756 ], [ -82.869154, 43.420489 ], [ -82.988269, 43.417142 ], [ -83.008233, 43.416554 ], [ -83.106259, 43.414344 ], [ -83.106604, 43.423376 ], [ -83.107333, 43.442629 ], [ -83.107892, 43.457522 ], [ -83.108013, 43.461015 ], [ -83.108347, 43.472221 ], [ -83.108478, 43.475523 ], [ -83.108926, 43.486322 ], [ -83.109506, 43.501085 ], [ -83.110313, 43.515573 ], [ -83.114619, 43.587995 ] ] ] } },
{ "type": "Feature", "properties": { "geoid": "26163541300", "county_name": "Wayne County", "place_name": null, "state_name": "Michigan", "state_abbr": "MI", "is_rural": false, "dci_score": 91.6, "dci_quintile": 1.0, "is_cra_lmi": true, "income_level": "M", "is_persistent_poverty": false, "is_tribal_overlap": false, "tribal_area_name": null, "aian_pct": 0.0, "has_nmtc": false, "nmtc_projects": 0, "nmtc_total_usd": 0.0 }, "geometry": { "type": "Polygon", "coordinates": [ [ [ -83.287341, 42.428554 ], [ -83.277561, 42.428939 ], [ -83.277378, 42.42456 ], [ -83.277233, 42.421724 ], [ -83.276967, 42.414535 ], [ -83.286698, 42.414252 ], [ -83.287042, 42.421439 ], [ -83.287341, 42.428554 ] ] ] } },
{ "type": "Feature", "properties": { "geoid": "26163568500", "county_name": "Wayne County", "place_name": "Sterling Heights", "state_name": "Michigan", "state_abbr": "MI", "is_rural": false, "dci_score": 67.4, "dci_quintile": 4.0, "is_cra_lmi": true, "income_level": "M", "is_persistent_poverty": false, "is_tribal_overlap": false, "tribal_area_name": null, "aian_pct": 0.0, "has_nmtc": false, "nmtc_projects": 0, "nmtc_total_usd": 0.0 }, "geometry": { "type": "Polygon", "coordinates": [ [ [ -83.378394, 42.295747 ], [ -83.371132, 42.295866 ], [ -83.363833, 42.296012 ], [ -83.349238, 42.296404 ], [ -83.349095, 42.29279 ], [ -83.348939, 42.289186 ], [ -83.350946, 42.288954 ], [ -83.363571, 42.288783 ], [ -83.376728, 42.288509 ], [ -83.378042, 42.28849 ], [ -83.378394, 42.295747 ] ] ] } },
{ "type": "Feature", "properties": { "geoid": "26163539400", "county_name": "Wayne County", "place_name": null, "state_name": "Michigan", "state_abbr": "MI", "is_rural": false, "dci_score": 92.6, "dci_quintile": 1.0, "is_cra_lmi": false, "income_level": "U", "is_persistent_poverty": false, "is_tribal_overlap": false, "tribal_area_name": null, "aian_pct": 0.0, "has_nmtc": false, "nmtc_projects": 0, "nmtc_total_usd": 0.0 }, "geometry": { "type": "Polygon", "coordinates": [ [ [ -83.180507, 42.431078 ], [ -83.17548, 42.43117 ], [ -83.170698, 42.431249 ], [ -83.170438, 42.423993 ], [ -83.170129, 42.416656 ], [ -83.172061, 42.416641 ], [ -83.172252, 42.41664 ], [ -83.179067, 42.423851 ], [ -83.187158, 42.430821 ], [ -83.180507, 42.431078 ] ] ] } },
{ "type": "Feature", "properties": { "geoid": "26163585900", "county_name": "Wayne County", "place_name": null, "state_name": "Michigan", "state_abbr": "MI", "is_rural": false, "dci_score": 54.2, "dci_quintile": 4.0, "is_cra_lmi": false, "income_level": "U", "is_persistent_poverty": false, "is_tribal_overlap": false, "tribal_area_name": null, "aian_pct": 0.0, "has_nmtc": false, "nmtc_projects": 0, "nmtc_total_usd": 0.0 }, "geometry": { "type": "Polygon", "coordinates": [ [ [ -83.424953, 42.235639 ], [ -83.415458, 42.234168 ], [ -83.415531, 42.237439 ], [ -83.40582, 42.237587 ], [ -83.395822, 42.237441 ], [ -83.385971, 42.237611 ], [ -83.38576, 42.231785 ], [ -83.385577, 42.227966 ], [ -83.385493, 42.225833 ], [ -83.385273, 42.219767 ], [ -83.38162, 42.2154 ], [ -83.380959, 42.215058 ], [ -83.381294, 42.214611 ], [ -83.385787, 42.208394 ], [ -83.386407, 42.208627 ], [ -83.39315, 42.208727 ], [ -83.394923, 42.209699 ], [ -83.397981, 42.210654 ], [ -83.406106, 42.212432 ], [ -83.408437, 42.213674 ], [ -83.41089, 42.216173 ], [ -83.412033, 42.219247 ], [ -83.413474, 42.224198 ], [ -83.415355, 42.226509 ], [ -83.417949, 42.228055 ], [ -83.424747, 42.229452 ], [ -83.424953, 42.235639 ] ] ] } },
{ "type": "Feature", "properties": { "geoid": "26163536700", "county_name": "Wayne County", "place_name": null, "state_name": "Michigan", "state_abbr": "MI", "is_rural": false, "dci_score": 99.3, "dci_quintile": 1.0, "is_cra_lmi": false, "income_level": "NA", "is_persistent_poverty": false, "is_tribal_overlap": false, "tribal_area_name": null, "aian_pct": 0.0, "has_nmtc": false, "nmtc_projects": 0, "nmtc_total_usd": 0.0 }, "geometry": { "type": "Polygon", "coordinates": [ [ [ -83.169402, 42.402229 ], [ -83.159688, 42.402515 ], [ -83.159573, 42.400241 ], [ -83.159473, 42.39797 ], [ -83.15935, 42.39524 ], [ -83.162535, 42.395173 ], [ -83.163205, 42.395155 ], [ -83.169053, 42.395031 ], [ -83.169402, 42.402229 ] ] ] } },
{ "type": "Feature", "properties": { "geoid": "26163535700", "county_name": "Wayne County", "place_name": null, "state_name": "Michigan", "state_abbr": "MI", "is_rural": false, "dci_score": 94.5, "dci_quintile": 1.0, "is_cra_lmi": true, "income_level": "L", "is_persistent_poverty": false, "is_tribal_overlap": false, "tribal_area_name": null, "aian_pct": 0.0, "has_nmtc": false, "nmtc_projects": 0, "nmtc_total_usd": 0.0 }, "geometry": { "type": "Polygon", "coordinates": [ [ [ -83.167928, 42.365998 ], [ -83.164324, 42.366071 ], [ -83.161582, 42.366127 ], [ -83.158209, 42.366194 ], [ -83.157963, 42.358887 ], [ -83.164097, 42.358716 ], [ -83.167727, 42.358734 ], [ -83.167928, 42.365998 ] ] ] } },
{ "type": "Feature", "properties": { "geoid": "26163526100", "county_name": "Wayne County", "place_name": "Midland", "state_name": "Michigan", "state_abbr": "MI", "is_rural": false, "dci_score": 92.8, "dci_quintile": 1.0, "is_cra_lmi": true, "income_level": "L", "is_persistent_poverty": false, "is_tribal_overlap": false, "tribal_area_name": null, "aian_pct": 0.0, "has_nmtc": false, "nmtc_projects": 0, "nmtc_total_usd": 0.0 }, "geometry": { "type": "Polygon", "coordinates": [ [ [ -83.156981, 42.336961 ], [ -83.15385, 42.337382 ], [ -83.150901, 42.338869 ], [ -83.149257, 42.337027 ], [ -83.146426, 42.333213 ], [ -83.145036, 42.331258 ], [ -83.150949, 42.330049 ], [ -83.15668, 42.328731 ], [ -83.156737, 42.329925 ], [ -83.156981, 42.336961 ] ] ] } },
{ "type": "Feature", "properties": { "geoid": "26163520200", "county_name": "Wayne County", "place_name": null, "state_name": "Michigan", "state_abbr": "MI", "is_rural": false, "dci_score": 91.6, "dci_quintile": 1.0, "is_cra_lmi": true, "income_level": "L", "is_persistent_poverty": false, "is_tribal_overlap": false, "tribal_area_name": null, "aian_pct": 0.0, "has_nmtc": false, "nmtc_projects": 0, "nmtc_total_usd": 0.0 }, "geometry": { "type": "Polygon", "coordinates": [ [ [ -83.076031, 42.35906 ], [ -83.070143, 42.36292 ], [ -83.068815, 42.363601 ], [ -83.064287, 42.356785 ], [ -83.062994, 42.354743 ], [ -83.065376, 42.353738 ], [ -83.067619, 42.353027 ], [ -83.070058, 42.35229 ], [ -83.072088, 42.351623 ], [ -83.073396, 42.35377 ], [ -83.073476, 42.353928 ], [ -83.076031, 42.35906 ] ] ] } },
{ "type": "Feature", "properties": { "geoid": "26145011500", "county_name": "Saginaw County", "place_name": null, "state_name": "Michigan", "state_abbr": "MI", "is_rural": true, "dci_score": 97.1, "dci_quintile": 1.0, "is_cra_lmi": true, "income_level": "M", "is_persistent_poverty": false, "is_tribal_overlap": false, "tribal_area_name": null, "aian_pct": 0.0, "has_nmtc": false, "nmtc_projects": 0, "nmtc_total_usd": 0.0 }, "geometry": { "type": "Polygon", "coordinates": [ [ [ -83.935875, 43.393261 ], [ -83.929634, 43.393251 ], [ -83.933319, 43.389624 ], [ -83.92883, 43.386804 ], [ -83.925806, 43.386823 ], [ -83.923894, 43.386819 ], [ -83.923903, 43.390972 ], [ -83.928394, 43.39101 ], [ -83.928194, 43.393239 ], [ -83.926841, 43.393238 ], [ -83.907065, 43.392874 ], [ -83.897019, 43.392836 ], [ -83.887374, 43.39309 ], [ -83.886714, 43.393127 ], [ -83.876589, 43.379236 ], [ -83.875707, 43.378048 ], [ -83.877826, 43.377904 ], [ -83.882174, 43.379289 ], [ -83.890972, 43.379359 ], [ -83.896605, 43.379391 ], [ -83.915475, 43.379415 ], [ -83.915748, 43.375156 ], [ -83.915608, 43.370145 ], [ -83.925476, 43.37336 ], [ -83.935359, 43.376778 ], [ -83.935875, 43.393261 ] ] ] } },
{ "type": "Feature", "properties": { "geoid": "26145001100", "county_name": "Saginaw County", "place_name": null, "state_name": "Michigan", "state_abbr": "MI", "is_rural": true, "dci_score": 97.1, "dci_quintile": 1.0, "is_cra_lmi": true, "income_level": "L", "is_persistent_poverty": false, "is_tribal_overlap": false, "tribal_area_name": null, "aian_pct": 0.0, "has_nmtc": false, "nmtc_projects": 0, "nmtc_total_usd": 0.0 }, "geometry": { "type": "Polygon", "coordinates": [ [ [ -83.967031, 43.386682 ], [ -83.965276, 43.387558 ], [ -83.964678, 43.389588 ], [ -83.964928, 43.394925 ], [ -83.965995, 43.401663 ], [ -83.965953, 43.402241 ], [ -83.966085, 43.402806 ], [ -83.965342, 43.410535 ], [ -83.962259, 43.410081 ], [ -83.961851, 43.407635 ], [ -83.954184, 43.407573 ], [ -83.950716, 43.407584 ], [ -83.95067, 43.400484 ], [ -83.939093, 43.393251 ], [ -83.953797, 43.393214 ], [ -83.955537, 43.393244 ], [ -83.955434, 43.387227 ], [ -83.955417, 43.386584 ], [ -83.95257, 43.386576 ], [ -83.949242, 43.38687 ], [ -83.94955, 43.387299 ], [ -83.949468, 43.387382 ], [ -83.939748, 43.387487 ], [ -83.939715, 43.387104 ], [ -83.93738, 43.386062 ], [ -83.936483, 43.385069 ], [ -83.936372, 43.379898 ], [ -83.942164, 43.379884 ], [ -83.94539, 43.382538 ], [ -83.945554, 43.386949 ], [ -83.948256, 43.386946 ], [ -83.951108, 43.385942 ], [ -83.956791, 43.386152 ], [ -83.965678, 43.386194 ], [ -83.967183, 43.386203 ], [ -83.967031, 43.386682 ] ] ] } },
{ "type": "Feature", "properties": { "geoid": "26049000100", "county_name": "Genesee County", "place_name": "Saginaw", "state_name": "Michigan", "state_abbr": "MI", "is_rural": false, "dci_score": 96.0, "dci_quintile": 1.0, "is_cra_lmi": true, "income_level": "M", "is_persistent_poverty": false, "is_tribal_overlap": false, "tribal_area_name": null, "aian_pct": 0.0, "has_nmtc": false, "nmtc_projects": 0, "nmtc_total_usd": 0.0 }, "geometry": { "type": "Polygon", "coordinates": [ [ [ -83.733431, 43.075087 ], [ -83.724347, 43.075167 ], [ -83.724492, 43.079135 ], [ -83.719344, 43.079279 ], [ -83.717314, 43.079336 ], [ -83.717368, 43.075394 ], [ -83.713907, 43.075519 ], [ -83.714073, 43.069386 ], [ -83.714127, 43.067101 ], [ -83.718385, 43.06713 ], [ -83.719406, 43.067166 ], [ -83.720526, 43.067626 ], [ -83.724257, 43.067639 ], [ -83.733399, 43.067391 ], [ -83.733431, 43.075087 ] ] ] } },
{ "type": "Feature", "properties": { "geoid": "26049003200", "county_name": "Genesee County", "place_name": "Saginaw", "state_name": "Michigan", "state_abbr": "MI", "is_rural": false, "dci_score": 94.0, "dci_quintile": 1.0, "is_cra_lmi": true, "income_level": "L", "is_persistent_poverty": false, "is_tribal_overlap": false, "tribal_area_name": null, "aian_pct": 0.0, "has_nmtc": false, "nmtc_projects": 0, "nmtc_total_usd": 0.0 }, "geometry": { "type": "Polygon", "coordinates": [ [ [ -83.677686, 43.010491 ], [ -83.670075, 43.010511 ], [ -83.668841, 43.01052 ], [ -83.662602, 43.011405 ], [ -83.654304, 43.01197 ], [ -83.654021, 43.003751 ], [ -83.653765, 42.998604 ], [ -83.655965, 42.998511 ], [ -83.658047, 43.001766 ], [ -83.658113, 43.0028 ], [ -83.659765, 43.003188 ], [ -83.659951, 43.002722 ], [ -83.663393, 43.002731 ], [ -83.664233, 43.000568 ], [ -83.666245, 42.999818 ], [ -83.668261, 42.999917 ], [ -83.672754, 43.00113 ], [ -83.675264, 43.003197 ], [ -83.67666, 43.003511 ], [ -83.679611, 43.010202 ], [ -83.677686, 43.010491 ] ] ] } },
{ "type": "Feature", "properties": { "geoid": "26035000100", "county_name": "Clare County", "place_name": null, "state_name": "Michigan", "state_abbr": "MI", "is_rural": true, "dci_score": 70.8, "dci_quintile": 3.0, "is_cra_lmi": false, "income_level": "U", "is_persistent_poverty": false, "is_tribal_overlap": false, "tribal_area_name": null, "aian_pct": 0.0, "has_nmtc": false, "nmtc_projects": 0, "nmtc_total_usd": 0.0 }, "geometry": { "type": "Polygon", "coordinates": [ [ [ -84.798998, 44.112091 ], [ -84.798881, 44.153448 ], [ -84.796683, 44.160992 ], [ -84.78714, 44.160898 ], [ -84.728755, 44.160859 ], [ -84.68531, 44.160758 ], [ -84.684618, 44.160664 ], [ -84.610069, 44.16055 ], [ -84.6087, 44.160484 ], [ -84.608104, 44.160482 ], [ -84.607241, 44.134592 ], [ -84.607121, 44.130575 ], [ -84.606917, 44.075916 ], [ -84.708229, 44.075661 ], [ -84.728337, 44.075542 ], [ -84.747104, 44.074717 ], [ -84.787066, 44.074249 ], [ -84.791792, 44.0744 ], [ -84.796246, 44.077758 ], [ -84.797685, 44.079728 ], [ -84.798227, 44.081384 ], [ -84.798745, 44.103661 ], [ -84.79939, 44.107156 ], [ -84.798998, 44.112091 ] ] ] } },
{ "type": "Feature", "properties": { "geoid": "26065004500", "county_name": "Ingham County", "place_name": null, "state_name": "Michigan", "state_abbr": "MI", "is_rural": false, "dci_score": 44.6, "dci_quintile": 5.0, "is_cra_lmi": false, "income_level": "U", "is_persistent_poverty": false, "is_tribal_overlap": false, "tribal_area_name": null, "aian_pct": 0.0, "has_nmtc": false, "nmtc_projects": 0, "nmtc_total_usd": 0.0 }, "geometry": { "type": "Polygon", "coordinates": [ [ [ -84.483719, 42.75929 ], [ -84.48359, 42.769479 ], [ -84.478206, 42.769545 ], [ -84.475146, 42.769583 ], [ -84.452709, 42.769595 ], [ -84.449317, 42.769584 ], [ -84.449345, 42.762824 ], [ -84.447611, 42.759132 ], [ -84.447497, 42.75531 ], [ -84.462355, 42.755209 ], [ -84.465685, 42.755197 ], [ -84.474691, 42.755174 ], [ -84.47532, 42.755426 ], [ -84.475396, 42.757648 ], [ -84.475399, 42.758326 ], [ -84.479888, 42.758844 ], [ -84.481492, 42.759042 ], [ -84.481544, 42.755223 ], [ -84.483732, 42.755198 ], [ -84.483719, 42.75929 ] ] ] } },
{ "type": "Feature", "properties": { "geoid": "26125171600", "county_name": "Oakland County", "place_name": null, "state_name": "Michigan", "state_abbr": "MI", "is_rural": false, "dci_score": 45.9, "dci_quintile": 5.0, "is_cra_lmi": true, "income_level": "L", "is_persistent_poverty": false, "is_tribal_overlap": false, "tribal_area_name": null, "aian_pct": 0.0, "has_nmtc": false, "nmtc_projects": 0, "nmtc_total_usd": 0.0 }, "geometry": { "type": "Polygon", "coordinates": [ [ [ -83.181987, 42.45979 ], [ -83.172021, 42.459903 ], [ -83.162111, 42.460167 ], [ -83.157407, 42.460166 ], [ -83.15696, 42.453268 ], [ -83.161804, 42.452891 ], [ -83.161862, 42.454497 ], [ -83.17193, 42.454476 ], [ -83.171265, 42.445545 ], [ -83.181005, 42.445343 ], [ -83.181637, 42.452562 ], [ -83.181744, 42.454804 ], [ -83.181987, 42.45979 ] ] ] } },
{ "type": "Feature", "properties": { "geoid": "26077001502", "county_name": "Kalamazoo County", "place_name": "Port Huron", "state_name": "Michigan", "state_abbr": "MI", "is_rural": false, "dci_score": 70.5, "dci_quintile": 3.0, "is_cra_lmi": false, "income_level": "U", "is_persistent_poverty": false, "is_tribal_overlap": false, "tribal_area_name": null, "aian_pct": 0.0, "has_nmtc": false, "nmtc_projects": 0, "nmtc_total_usd": 0.0 }, "geometry": { "type": "Polygon", "coordinates": [ [ [ -85.648116, 42.324653 ], [ -85.644147, 42.323341 ], [ -85.639881, 42.319626 ], [ -85.63131, 42.314828 ], [ -85.62883, 42.313806 ], [ -85.628816, 42.310646 ], [ -85.62876, 42.303011 ], [ -85.628758, 42.302598 ], [ -85.628752, 42.296152 ], [ -85.626469, 42.295706 ], [ -85.626392, 42.289031 ], [ -85.628603, 42.288945 ], [ -85.633631, 42.288891 ], [ -85.643512, 42.289964 ], [ -85.643474, 42.296267 ], [ -85.63851, 42.296242 ], [ -85.638514, 42.303006 ], [ -85.638579, 42.310679 ], [ -85.648131, 42.310703 ], [ -85.648116, 42.324653 ] ] ] } },
{ "type": "Feature", "properties": { "geoid": "26081013700", "county_name": "Kent County", "place_name": null, "state_name": "Michigan", "state_abbr": "MI", "is_rural": false, "dci_score": 54.7, "dci_quintile": 4.0, "is_cra_lmi": true, "income_level": "M", "is_persistent_poverty": false, "is_tribal_overlap": false, "tribal_area_name": null, "aian_pct": 0.0, "has_nmtc": false, "nmtc_projects": 0, "nmtc_total_usd": 0.0 }, "geometry": { "type": "Polygon", "coordinates": [ [ [ -85.70526, 42.913514 ], [ -85.695454, 42.913405 ], [ -85.685659, 42.913355 ], [ -85.677736, 42.913254 ], [ -85.677169, 42.910979 ], [ -85.677164, 42.905987 ], [ -85.677972, 42.898725 ], [ -85.685014, 42.898803 ], [ -85.692333, 42.898856 ], [ -85.69489, 42.898846 ], [ -85.704752, 42.898907 ], [ -85.70509, 42.908088 ], [ -85.705156, 42.910663 ], [ -85.70526, 42.913514 ] ] ] } },
{ "type": "Feature", "properties": { "geoid": "26121000401", "county_name": "Muskegon County", "place_name": null, "state_name": "Michigan", "state_abbr": "MI", "is_rural": true, "dci_score": 86.0, "dci_quintile": 2.0, "is_cra_lmi": true, "income_level": "M", "is_persistent_poverty": false, "is_tribal_overlap": false, "tribal_area_name": null, "aian_pct": 0.0, "has_nmtc": false, "nmtc_projects": 0, "nmtc_total_usd": 0.0 }, "geometry": { "type": "Polygon", "coordinates": [ [ [ -86.224381, 43.222403 ], [ -86.22436, 43.224862 ], [ -86.224302, 43.2291 ], [ -86.224243, 43.231188 ], [ -86.224132, 43.235072 ], [ -86.224096, 43.237787 ], [ -86.224042, 43.239589 ], [ -86.222462, 43.239871 ], [ -86.219464, 43.238842 ], [ -86.215568, 43.238595 ], [ -86.210422, 43.23709 ], [ -86.207228, 43.235729 ], [ -86.205342, 43.235783 ], [ -86.204195, 43.236013 ], [ -86.204224, 43.234233 ], [ -86.209176, 43.234155 ], [ -86.209237, 43.230543 ], [ -86.205505, 43.230583 ], [ -86.206798, 43.229645 ], [ -86.206921, 43.223816 ], [ -86.209391, 43.224587 ], [ -86.209412, 43.223243 ], [ -86.209419, 43.222344 ], [ -86.20764, 43.222322 ], [ -86.207645, 43.221699 ], [ -86.20942, 43.221723 ], [ -86.20943, 43.219488 ], [ -86.213759, 43.219468 ], [ -86.214841, 43.219459 ], [ -86.224382, 43.219459 ], [ -86.224381, 43.222403 ] ] ] } },
{ "type": "Feature", "properties": { "geoid": "26021002100", "county_name": "Berrien County", "place_name": null, "state_name": "Michigan", "state_abbr": "MI", "is_rural": true, "dci_score": 94.5, "dci_quintile": 1.0, "is_cra_lmi": true, "income_level": "L", "is_persistent_poverty": false, "is_tribal_overlap": false, "tribal_area_name": null, "aian_pct": 0.0, "has_nmtc": false, "nmtc_projects": 0, "nmtc_total_usd": 0.0 }, "geometry": { "type": "Polygon", "coordinates": [ [ [ -86.436678, 42.094296 ], [ -86.436727, 42.10038 ], [ -86.436733, 42.100654 ], [ -86.436827, 42.101594 ], [ -86.436786, 42.106106 ], [ -86.432741, 42.105576 ], [ -86.431063, 42.104306 ], [ -86.426747, 42.105752 ], [ -86.426999, 42.10878 ], [ -86.417419, 42.108724 ], [ -86.417339, 42.101461 ], [ -86.402582, 42.101467 ], [ -86.409399, 42.090595 ], [ -86.415197, 42.081423 ], [ -86.418017, 42.078351 ], [ -86.422223, 42.075641 ], [ -86.428363, 42.072548 ], [ -86.428294, 42.072301 ], [ -86.436468, 42.068186 ], [ -86.436487, 42.072587 ], [ -86.436596, 42.085982 ], [ -86.436459, 42.087076 ], [ -86.436971, 42.09208 ], [ -86.436678, 42.094296 ] ] ] } },
{ "type": "Feature", "properties": { "geoid": "26065004302", "county_name": "Ingham County", "place_name": null, "state_name": "Michigan", "state_abbr": "MI", "is_rural": false, "dci_score": 44.6, "dci_quintile": 5.0, "is_cra_lmi": false, "income_level": "NA", "is_persistent_poverty": false, "is_tribal_overlap": false, "tribal_area_name": null, "aian_pct": 0.0, "has_nmtc": false, "nmtc_projects": 0, "nmtc_total_usd": 0.0 }, "geometry": { "type": "Polygon", "coordinates": [ [ [ -84.47208, 42.729261 ], [ -84.472049, 42.732052 ], [ -84.471053, 42.73178 ], [ -84.462115, 42.729389 ], [ -84.457556, 42.728157 ], [ -84.448568, 42.725587 ], [ -84.447357, 42.725353 ], [ -84.445349, 42.724996 ], [ -84.448164, 42.723603 ], [ -84.451729, 42.722365 ], [ -84.452216, 42.723533 ], [ -84.459504, 42.72472 ], [ -84.460557, 42.726104 ], [ -84.460049, 42.727226 ], [ -84.462113, 42.72832 ], [ -84.466673, 42.729532 ], [ -84.469731, 42.728305 ], [ -84.472096, 42.728159 ], [ -84.47208, 42.729261 ] ] ] } },
{ "type": "Feature", "properties": { "geoid": "26063951000", "county_name": "Huron County", "place_name": null, "state_name": "Michigan", "state_abbr": "MI", "is_rural": true, "dci_score": 60.5, "dci_quintile": 4.0, "is_cra_lmi": true, "income_level": "M", "is_persistent_poverty": false, "is_tribal_overlap": false, "tribal_area_name": null, "aian_pct": 0.0, "has_nmtc": false, "nmtc_projects": 0, "nmtc_total_usd": 0.0 }, "geometry": { "type": "Polygon", "coordinates": [ [ [ -83.021407, 43.823232 ], [ -83.015375, 43.823335 ], [ -83.01029, 43.823413 ], [ -83.003125, 43.823585 ], [ -83.001103, 43.823634 ], [ -82.999973, 43.823697 ], [ -82.99182, 43.824194 ], [ -82.982148, 43.824744 ], [ -82.976963, 43.824832 ], [ -82.97205, 43.82489 ], [ -82.961908, 43.825038 ], [ -82.960632, 43.788714 ], [ -82.98075, 43.788468 ], [ -82.990732, 43.787989 ], [ -82.994514, 43.78782 ], [ -82.995913, 43.787778 ], [ -83.000116, 43.78758 ], [ -82.999946, 43.780381 ], [ -83.020064, 43.779788 ], [ -83.020578, 43.798058 ], [ -83.020632, 43.799163 ], [ -83.020833, 43.800781 ], [ -83.020702, 43.801661 ], [ -83.020991, 43.808627 ], [ -83.021407, 43.823232 ] ] ] } },
{ "type": "Feature", "properties": { "geoid": "26125162100", "county_name": "Oakland County", "place_name": "Clio", "state_name": "Michigan", "state_abbr": "MI", "is_rural": false, "dci_score": 53.1, "dci_quintile": 5.0, "is_cra_lmi": true, "income_level": "M", "is_persistent_poverty": false, "is_tribal_overlap": false, "tribal_area_name": null, "aian_pct": 0.0, "has_nmtc": false, "nmtc_projects": 0, "nmtc_total_usd": 0.0 }, "geometry": { "type": "Polygon", "coordinates": [ [ [ -83.221373, 42.458887 ], [ -83.220739, 42.462092 ], [ -83.220676, 42.463456 ], [ -83.219956, 42.462548 ], [ -83.211601, 42.463301 ], [ -83.211662, 42.465397 ], [ -83.214064, 42.466336 ], [ -83.211111, 42.4664 ], [ -83.206385, 42.466489 ], [ -83.201414, 42.466585 ], [ -83.201294, 42.463721 ], [ -83.201, 42.459318 ], [ -83.210712, 42.459068 ], [ -83.210817, 42.459065 ], [ -83.214401, 42.458974 ], [ -83.221371, 42.458812 ], [ -83.221373, 42.458887 ] ] ] } },
{ "type": "Feature", "properties": { "geoid": "26125183500", "county_name": "Oakland County", "place_name": null, "state_name": "Michigan", "state_abbr": "MI", "is_rural": false, "dci_score": 29.8, "dci_quintile": 5.0, "is_cra_lmi": true, "income_level": "M", "is_persistent_poverty": false, "is_tribal_overlap": false, "tribal_area_name": null, "aian_pct": 0.0, "has_nmtc": false, "nmtc_projects": 0, "nmtc_total_usd": 0.0 }, "geometry": { "type": "Polygon", "coordinates": [ [ [ -83.203746, 42.517463 ], [ -83.196369, 42.517626 ], [ -83.186032, 42.517863 ], [ -83.184944, 42.516738 ], [ -83.179043, 42.510634 ], [ -83.179354, 42.510566 ], [ -83.184266, 42.510433 ], [ -83.188484, 42.510371 ], [ -83.189418, 42.51041 ], [ -83.191953, 42.510365 ], [ -83.193992, 42.510324 ], [ -83.196195, 42.510283 ], [ -83.203419, 42.510189 ], [ -83.203746, 42.517463 ] ] ] } },
{ "type": "Feature", "properties": { "geoid": "26163539500", "county_name": "Wayne County", "place_name": null, "state_name": "Michigan", "state_abbr": "MI", "is_rural": false, "dci_score": 92.6, "dci_quintile": 1.0, "is_cra_lmi": false, "income_level": "U", "is_persistent_poverty": false, "is_tribal_overlap": false, "tribal_area_name": null, "aian_pct": 0.0, "has_nmtc": false, "nmtc_projects": 0, "nmtc_total_usd": 0.0 }, "geometry": { "type": "Polygon", "coordinates": [ [ [ -83.199588, 42.423155 ], [ -83.194728, 42.423312 ], [ -83.189738, 42.423502 ], [ -83.186222, 42.423622 ], [ -83.180147, 42.42383 ], [ -83.179067, 42.423851 ], [ -83.172252, 42.41664 ], [ -83.179806, 42.41659 ], [ -83.184685, 42.416532 ], [ -83.185175, 42.416525 ], [ -83.189555, 42.416459 ], [ -83.194447, 42.416214 ], [ -83.199316, 42.415983 ], [ -83.199588, 42.423155 ] ] ] } },
{ "type": "Feature", "properties": { "geoid": "26163503600", "county_name": "Wayne County", "place_name": null, "state_name": "Michigan", "state_abbr": "MI", "is_rural": false, "dci_score": 98.9, "dci_quintile": 1.0, "is_cra_lmi": true, "income_level": "L", "is_persistent_poverty": false, "is_tribal_overlap": false, "tribal_area_name": null, "aian_pct": 0.0, "has_nmtc": false, "nmtc_projects": 0, "nmtc_total_usd": 0.0 }, "geometry": { "type": "Polygon", "coordinates": [ [ [ -83.004318, 42.427228 ], [ -82.993374, 42.427472 ], [ -82.984824, 42.427673 ], [ -82.982549, 42.427715 ], [ -82.983069, 42.426929 ], [ -82.984889, 42.42679 ], [ -82.998977, 42.421749 ], [ -83.003159, 42.420245 ], [ -83.004022, 42.419936 ], [ -83.004318, 42.427228 ] ] ] } },
{ "type": "Feature", "properties": { "geoid": "26163500500", "county_name": "Wayne County", "place_name": "Flint", "state_name": "Michigan", "state_abbr": "MI", "is_rural": false, "dci_score": 98.9, "dci_quintile": 1.0, "is_cra_lmi": true, "income_level": "M", "is_persistent_poverty": false, "is_tribal_overlap": false, "tribal_area_name": null, "aian_pct": 0.0, "has_nmtc": false, "nmtc_projects": 0, "nmtc_total_usd": 0.0 }, "geometry": { "type": "Polygon", "coordinates": [ [ [ -82.975075, 42.427041 ], [ -82.967719, 42.427154 ], [ -82.965268, 42.427181 ], [ -82.960423, 42.427233 ], [ -82.958859, 42.426931 ], [ -82.960496, 42.424759 ], [ -82.963458, 42.420815 ], [ -82.967527, 42.420747 ], [ -82.974821, 42.420658 ], [ -82.975075, 42.427041 ] ] ] } },
{ "type": "Feature", "properties": { "geoid": "26163545900", "county_name": "Wayne County", "place_name": "Flint", "state_name": "Michigan", "state_abbr": "MI", "is_rural": false, "dci_score": 97.3, "dci_quintile": 1.0, "is_cra_lmi": true, "income_level": "M", "is_persistent_poverty": false, "is_tribal_overlap": false, "tribal_area_name": null, "aian_pct": 0.0, "has_nmtc": false, "nmtc_projects": 0, "nmtc_total_usd": 0.0 }, "geometry": { "type": "Polygon", "coordinates": [ [ [ -83.235652, 42.350334 ], [ -83.225932, 42.350473 ], [ -83.216446, 42.350616 ], [ -83.216265, 42.350619 ], [ -83.216045, 42.34337 ], [ -83.216231, 42.343366 ], [ -83.225646, 42.343278 ], [ -83.232922, 42.343165 ], [ -83.235387, 42.343126 ], [ -83.235652, 42.350334 ] ] ] } },
{ "type": "Feature", "properties": { "geoid": "26163542600", "county_name": "Wayne County", "place_name": "Flint", "state_name": "Michigan", "state_abbr": "MI", "is_rural": false, "dci_score": 95.8, "dci_quintile": 1.0, "is_cra_lmi": true, "income_level": "M", "is_persistent_poverty": false, "is_tribal_overlap": false, "tribal_area_name": null, "aian_pct": 0.0, "has_nmtc": false, "nmtc_projects": 0, "nmtc_total_usd": 0.0 }, "geometry": { "type": "Polygon", "coordinates": [ [ [ -83.21755, 42.386712 ], [ -83.208965, 42.386845 ], [ -83.207865, 42.386868 ], [ -83.19817, 42.387052 ], [ -83.198044, 42.379232 ], [ -83.208637, 42.378986 ], [ -83.216931, 42.378803 ], [ -83.21755, 42.386712 ] ] ] } },
{ "type": "Feature", "properties": { "geoid": "26049002400", "county_name": "Genesee County", "place_name": "Flint", "state_name": "Michigan", "state_abbr": "MI", "is_rural": false, "dci_score": 95.7, "dci_quintile": 1.0, "is_cra_lmi": true, "income_level": "M", "is_persistent_poverty": false, "is_tribal_overlap": false, "tribal_area_name": null, "aian_pct": 0.0, "has_nmtc": false, "nmtc_projects": 0, "nmtc_total_usd": 0.0 }, "geometry": { "type": "Polygon", "coordinates": [ [ [ -83.662985, 43.050641 ], [ -83.650519, 43.050862 ], [ -83.645638, 43.050921 ], [ -83.635783, 43.051068 ], [ -83.635665, 43.047401 ], [ -83.635624, 43.043136 ], [ -83.645518, 43.042803 ], [ -83.650532, 43.042763 ], [ -83.654333, 43.042705 ], [ -83.65654, 43.042756 ], [ -83.662985, 43.050641 ] ] ] } },
{ "type": "Feature", "properties": { "geoid": "26161414300", "county_name": "Washtenaw County", "place_name": null, "state_name": "Michigan", "state_abbr": "MI", "is_rural": false, "dci_score": 46.1, "dci_quintile": 5.0, "is_cra_lmi": false, "income_level": "U", "is_persistent_poverty": false, "is_tribal_overlap": false, "tribal_area_name": null, "aian_pct": 0.0, "has_nmtc": false, "nmtc_projects": 0, "nmtc_total_usd": 0.0 }, "geometry": { "type": "Polygon", "coordinates": [ [ [ -83.685403, 42.236425 ], [ -83.683417, 42.242554 ], [ -83.68339, 42.245486 ], [ -83.68289, 42.245497 ], [ -83.680472, 42.245539 ], [ -83.675583, 42.245344 ], [ -83.673995, 42.245273 ], [ -83.671126, 42.245163 ], [ -83.66601, 42.244986 ], [ -83.66591, 42.239365 ], [ -83.666801, 42.23789 ], [ -83.668007, 42.2379 ], [ -83.670576, 42.23789 ], [ -83.677038, 42.238193 ], [ -83.679294, 42.237027 ], [ -83.680237, 42.23703 ], [ -83.680049, 42.230752 ], [ -83.685337, 42.230618 ], [ -83.685417, 42.233916 ], [ -83.685403, 42.236425 ] ] ] } },
{ "type": "Feature", "properties": { "geoid": "26161980500", "county_name": "Washtenaw County", "place_name": null, "state_name": "Michigan", "state_abbr": "MI", "is_rural": false, "dci_score": 53.7, "dci_quintile": 5.0, "is_cra_lmi": false, "income_level": "NA", "is_persistent_poverty": false, "is_tribal_overlap": false, "tribal_area_name": null, "aian_pct": 0.0, "has_nmtc": false, "nmtc_projects": 0, "nmtc_total_usd": 0.0 }, "geometry": { "type": "Polygon", "coordinates": [ [ [ -83.629541, 42.256068 ], [ -83.62712, 42.255671 ], [ -83.622334, 42.254442 ], [ -83.620066, 42.253511 ], [ -83.618542, 42.24821 ], [ -83.620563, 42.247725 ], [ -83.620507, 42.245746 ], [ -83.624945, 42.245702 ], [ -83.626286, 42.245796 ], [ -83.628123, 42.246183 ], [ -83.629192, 42.246308 ], [ -83.62938, 42.253109 ], [ -83.629541, 42.256068 ] ] ] } },
{ "type": "Feature", "properties": { "geoid": "26121000500", "county_name": "Muskegon County", "place_name": null, "state_name": "Michigan", "state_abbr": "MI", "is_rural": true, "dci_score": 85.4, "dci_quintile": 2.0, "is_cra_lmi": true, "income_level": "L", "is_persistent_poverty": false, "is_tribal_overlap": false, "tribal_area_name": null, "aian_pct": 0.0, "has_nmtc": false, "nmtc_projects": 0, "nmtc_total_usd": 0.0 }, "geometry": { "type": "Polygon", "coordinates": [ [ [ -86.244341, 43.219706 ], [ -86.244229, 43.226956 ], [ -86.244215, 43.227714 ], [ -86.244176, 43.22931 ], [ -86.244323, 43.234238 ], [ -86.242305, 43.234276 ], [ -86.238133, 43.234251 ], [ -86.235861, 43.231635 ], [ -86.234431, 43.230006 ], [ -86.234181, 43.226904 ], [ -86.234269, 43.223244 ], [ -86.225974, 43.223201 ], [ -86.224381, 43.222403 ], [ -86.224382, 43.219459 ], [ -86.224452, 43.215852 ], [ -86.225712, 43.21563 ], [ -86.23444, 43.215915 ], [ -86.239448, 43.215984 ], [ -86.244433, 43.216018 ], [ -86.244341, 43.219706 ] ] ] } },
{ "type": "Feature", "properties": { "geoid": "26161410100", "county_name": "Washtenaw County", "place_name": null, "state_name": "Michigan", "state_abbr": "MI", "is_rural": false, "dci_score": 53.7, "dci_quintile": 5.0, "is_cra_lmi": true, "income_level": "L", "is_persistent_poverty": false, "is_tribal_overlap": false, "tribal_area_name": null, "aian_pct": 0.0, "has_nmtc": false, "nmtc_projects": 0, "nmtc_total_usd": 0.0 }, "geometry": { "type": "Polygon", "coordinates": [ [ [ -83.661241, 42.259388 ], [ -83.651153, 42.259656 ], [ -83.651181, 42.254556 ], [ -83.651193, 42.25235 ], [ -83.653324, 42.25235 ], [ -83.653034, 42.251094 ], [ -83.647688, 42.251746 ], [ -83.647651, 42.251498 ], [ -83.647591, 42.248624 ], [ -83.655467, 42.249731 ], [ -83.660991, 42.250133 ], [ -83.661081, 42.254116 ], [ -83.661241, 42.259388 ] ] ] } },
{ "type": "Feature", "properties": { "geoid": "26081002000", "county_name": "Kent County", "place_name": null, "state_name": "Michigan", "state_abbr": "MI", "is_rural": false, "dci_score": 71.9, "dci_quintile": 3.0, "is_cra_lmi": false, "income_level": "U", "is_persistent_poverty": false, "is_tribal_overlap": false, "tribal_area_name": null, "aian_pct": 0.0, "has_nmtc": true, "nmtc_projects": 5, "nmtc_total_usd": 42785307.0 }, "geometry": { "type": "Polygon", "coordinates": [ [ [ -85.677501, 42.961718 ], [ -85.676273, 42.963265 ], [ -85.67573, 42.964517 ], [ -85.675501, 42.966523 ], [ -85.674831, 42.970428 ], [ -85.674817, 42.972575 ], [ -85.668834, 42.971781 ], [ -85.664398, 42.971707 ], [ -85.663775, 42.970346 ], [ -85.663731, 42.967359 ], [ -85.664926, 42.965411 ], [ -85.664997, 42.963175 ], [ -85.664193, 42.963146 ], [ -85.664148, 42.960776 ], [ -85.664116, 42.959498 ], [ -85.66816, 42.959694 ], [ -85.6691, 42.959692 ], [ -85.668997, 42.956092 ], [ -85.671652, 42.956167 ], [ -85.672084, 42.95933 ], [ -85.675155, 42.960642 ], [ -85.676968, 42.961262 ], [ -85.677501, 42.961718 ] ] ] } },
{ "type": "Feature", "properties": { "geoid": "26049001400", "county_name": "Genesee County", "place_name": null, "state_name": "Michigan", "state_abbr": "MI", "is_rural": false, "dci_score": 94.0, "dci_quintile": 1.0, "is_cra_lmi": false, "income_level": "NA", "is_persistent_poverty": false, "is_tribal_overlap": false, "tribal_area_name": null, "aian_pct": 0.0, "has_nmtc": false, "nmtc_projects": 0, "nmtc_total_usd": 0.0 }, "geometry": { "type": "Polygon", "coordinates": [ [ [ -83.713045, 43.030658 ], [ -83.704215, 43.031019 ], [ -83.703677, 43.031247 ], [ -83.70323, 43.030703 ], [ -83.693591, 43.030782 ], [ -83.693513, 43.023458 ], [ -83.69663, 43.022866 ], [ -83.701229, 43.020856 ], [ -83.704343, 43.024486 ], [ -83.705097, 43.025405 ], [ -83.707167, 43.024506 ], [ -83.709309, 43.027072 ], [ -83.712963, 43.028325 ], [ -83.713045, 43.030658 ] ] ] } },
{ "type": "Feature", "properties": { "geoid": "26049001700", "county_name": "Genesee County", "place_name": null, "state_name": "Michigan", "state_abbr": "MI", "is_rural": false, "dci_score": 96.4, "dci_quintile": 1.0, "is_cra_lmi": true, "income_level": "L", "is_persistent_poverty": false, "is_tribal_overlap": false, "tribal_area_name": null, "aian_pct": 0.0, "has_nmtc": false, "nmtc_projects": 0, "nmtc_total_usd": 0.0 }, "geometry": { "type": "Polygon", "coordinates": [ [ [ -83.694051, 43.075667 ], [ -83.683783, 43.075793 ], [ -83.674144, 43.075867 ], [ -83.674026, 43.068593 ], [ -83.673868, 43.061347 ], [ -83.682478, 43.061299 ], [ -83.693829, 43.060974 ], [ -83.693949, 43.068787 ], [ -83.693991, 43.071676 ], [ -83.694051, 43.075667 ] ] ] } },
{ "type": "Feature", "properties": { "geoid": "26037011200", "county_name": "Clinton County", "place_name": null, "state_name": "Michigan", "state_abbr": "MI", "is_rural": false, "dci_score": 44.6, "dci_quintile": 5.0, "is_cra_lmi": false, "income_level": "NA", "is_persistent_poverty": false, "is_tribal_overlap": false, "tribal_area_name": null, "aian_pct": 0.0, "has_nmtc": false, "nmtc_projects": 0, "nmtc_total_usd": 0.0 }, "geometry": { "type": "Polygon", "coordinates": [ [ [ -84.503314, 42.773242 ], [ -84.493494, 42.773106 ], [ -84.492595, 42.773112 ], [ -84.488742, 42.773048 ], [ -84.488805, 42.778231 ], [ -84.487097, 42.777516 ], [ -84.483632, 42.777538 ], [ -84.48364, 42.776723 ], [ -84.479677, 42.77679 ], [ -84.475324, 42.776864 ], [ -84.475184, 42.773409 ], [ -84.475146, 42.769583 ], [ -84.478206, 42.769545 ], [ -84.48359, 42.769479 ], [ -84.488444, 42.769513 ], [ -84.503175, 42.769622 ], [ -84.503085, 42.771244 ], [ -84.503314, 42.773242 ] ] ] } },
{ "type": "Feature", "properties": { "geoid": "26065003301", "county_name": "Ingham County", "place_name": null, "state_name": "Michigan", "state_abbr": "MI", "is_rural": false, "dci_score": 66.6, "dci_quintile": 4.0, "is_cra_lmi": true, "income_level": "M", "is_persistent_poverty": false, "is_tribal_overlap": false, "tribal_area_name": null, "aian_pct": 0.0, "has_nmtc": true, "nmtc_projects": 1, "nmtc_total_usd": 18600000.0 }, "geometry": { "type": "Polygon", "coordinates": [ [ [ -84.602761, 42.76988 ], [ -84.601864, 42.769873 ], [ -84.584264, 42.769736 ], [ -84.578954, 42.769206 ], [ -84.577265, 42.768524 ], [ -84.567369, 42.763149 ], [ -84.567343, 42.760027 ], [ -84.579337, 42.763554 ], [ -84.583057, 42.762602 ], [ -84.590694, 42.760613 ], [ -84.591182, 42.760559 ], [ -84.594742, 42.761349 ], [ -84.59853, 42.762807 ], [ -84.602796, 42.762804 ], [ -84.602761, 42.76988 ] ] ] } },
{ "type": "Feature", "properties": { "geoid": "26163564900", "county_name": "Wayne County", "place_name": null, "state_name": "Michigan", "state_abbr": "MI", "is_rural": false, "dci_score": 3.9, "dci_quintile": 5.0, "is_cra_lmi": true, "income_level": "M", "is_persistent_poverty": false, "is_tribal_overlap": false, "tribal_area_name": null, "aian_pct": 0.0, "has_nmtc": false, "nmtc_projects": 0, "nmtc_total_usd": 0.0 }, "geometry": { "type": "Polygon", "coordinates": [ [ [ -83.487323, 42.271703 ], [ -83.475833, 42.274831 ], [ -83.466057, 42.275994 ], [ -83.456454, 42.277061 ], [ -83.452462, 42.277574 ], [ -83.441751, 42.280053 ], [ -83.441138, 42.268729 ], [ -83.440986, 42.264919 ], [ -83.466314, 42.264275 ], [ -83.469111, 42.264088 ], [ -83.469117, 42.264221 ], [ -83.486918, 42.263899 ], [ -83.487323, 42.271703 ] ] ] } },
{ "type": "Feature", "properties": { "geoid": "26069000700", "county_name": "Iosco County", "place_name": null, "state_name": "Michigan", "state_abbr": "MI", "is_rural": true, "dci_score": 86.5, "dci_quintile": 2.0, "is_cra_lmi": false, "income_level": "U", "is_persistent_poverty": false, "is_tribal_overlap": false, "tribal_area_name": null, "aian_pct": 0.0, "has_nmtc": false, "nmtc_projects": 0, "nmtc_total_usd": 0.0 }, "geometry": { "type": "Polygon", "coordinates": [ [ [ -83.883428, 44.248065 ], [ -83.883393, 44.262347 ], [ -83.883442, 44.276727 ], [ -83.883245, 44.305646 ], [ -83.88345, 44.334653 ], [ -83.883496, 44.349021 ], [ -83.876181, 44.348898 ], [ -83.874651, 44.349475 ], [ -83.872071, 44.352577 ], [ -83.868687, 44.356106 ], [ -83.866264, 44.356167 ], [ -83.865166, 44.356884 ], [ -83.865042, 44.362949 ], [ -83.824524, 44.363214 ], [ -83.804391, 44.363646 ], [ -83.773243, 44.363819 ], [ -83.764233, 44.363545 ], [ -83.734328, 44.364349 ], [ -83.731619, 44.362922 ], [ -83.729044, 44.362523 ], [ -83.719619, 44.364137 ], [ -83.717398, 44.364818 ], [ -83.692429, 44.365294 ], [ -83.691236, 44.363953 ], [ -83.690139, 44.360911 ], [ -83.689843, 44.354682 ], [ -83.688293, 44.35087 ], [ -83.688433, 44.348261 ], [ -83.690413, 44.345601 ], [ -83.69114, 44.34387 ], [ -83.689994, 44.342473 ], [ -83.686444, 44.341237 ], [ -83.684552, 44.339665 ], [ -83.683738, 44.336339 ], [ -83.680719, 44.333869 ], [ -83.680698, 44.331934 ], [ -83.684597, 44.328771 ], [ -83.687114, 44.327862 ], [ -83.689651, 44.32599 ], [ -83.692668, 44.321992 ], [ -83.692818, 44.320282 ], [ -83.692046, 44.319439 ], [ -83.68904, 44.318406 ], [ -83.684741, 44.318348 ], [ -83.684586, 44.319181 ], [ -83.679653, 44.31939 ], [ -83.675841, 44.32201 ], [ -83.671877, 44.322138 ], [ -83.671519, 44.323671 ], [ -83.67001, 44.324814 ], [ -83.669467, 44.326179 ], [ -83.666999, 44.327148 ], [ -83.666546, 44.328058 ], [ -83.664782, 44.328021 ], [ -83.664533, 44.320406 ], [ -83.664771, 44.314953 ], [ -83.684551, 44.314723 ], [ -83.68345, 44.278252 ], [ -83.703806, 44.27798 ], [ -83.736607, 44.277713 ], [ -83.746147, 44.277273 ], [ -83.763525, 44.277207 ], [ -83.803361, 44.277122 ], [ -83.802889, 44.262733 ], [ -83.800745, 44.263877 ], [ -83.798975, 44.263172 ], [ -83.798838, 44.261219 ], [ -83.800066, 44.260234 ], [ -83.797747, 44.25917 ], [ -83.794534, 44.260673 ], [ -83.792154, 44.260631 ], [ -83.790689, 44.2597 ], [ -83.788995, 44.25978 ], [ -83.789713, 44.256713 ], [ -83.78792, 44.255012 ], [ -83.783853, 44.25526 ], [ -83.784181, 44.254215 ], [ -83.786165, 44.253662 ], [ -83.786859, 44.252506 ], [ -83.785707, 44.251701 ], [ -83.785249, 44.250118 ], [ -83.783503, 44.248295 ], [ -83.782877, 44.248275 ], [ -83.782269, 44.248617 ], [ -83.781378, 44.248892 ], [ -83.780337, 44.24905 ], [ -83.779262, 44.249462 ], [ -83.777947, 44.249536 ], [ -83.776612, 44.249329 ], [ -83.775822, 44.248978 ], [ -83.774922, 44.248413 ], [ -83.771968, 44.245379 ], [ -83.771446, 44.241686 ], [ -83.769911, 44.239994 ], [ -83.770963, 44.237449 ], [ -83.773394, 44.236216 ], [ -83.772169, 44.234735 ], [ -83.770007, 44.234226 ], [ -83.768044, 44.23203 ], [ -83.768319, 44.230366 ], [ -83.766407, 44.229457 ], [ -83.765204, 44.227574 ], [ -83.765339, 44.22553 ], [ -83.764223, 44.223983 ], [ -83.767751, 44.223478 ], [ -83.766259, 44.220372 ], [ -83.763724, 44.2193 ], [ -83.765652, 44.218477 ], [ -83.766811, 44.216994 ], [ -83.765247, 44.215736 ], [ -83.763063, 44.215692 ], [ -83.76311, 44.214112 ], [ -83.763697, 44.213603 ], [ -83.76396, 44.212758 ], [ -83.765594, 44.212257 ], [ -83.766286, 44.212437 ], [ -83.767341, 44.211311 ], [ -83.766934, 44.21088 ], [ -83.76566, 44.210294 ], [ -83.76391, 44.210365 ], [ -83.76319, 44.210855 ], [ -83.761792, 44.210005 ], [ -83.761682, 44.209191 ], [ -83.759703, 44.208705 ], [ -83.760982, 44.207933 ], [ -83.760385, 44.206367 ], [ -83.761522, 44.205918 ], [ -83.759315, 44.204303 ], [ -83.75733, 44.203735 ], [ -83.758102, 44.203152 ], [ -83.763149, 44.201073 ], [ -83.760278, 44.198943 ], [ -83.76219, 44.197829 ], [ -83.76058, 44.196658 ], [ -83.763349, 44.194592 ], [ -83.763556, 44.194463 ], [ -83.763491, 44.19295 ], [ -83.763163, 44.192359 ], [ -83.762705, 44.191955 ], [ -83.761663, 44.191411 ], [ -83.760129, 44.190926 ], [ -83.759906, 44.190658 ], [ -83.763223, 44.190627 ], [ -83.763595, 44.184766 ], [ -83.763658, 44.183353 ], [ -83.763745, 44.17483 ], [ -83.762984, 44.161902 ], [ -83.772078, 44.161943 ], [ -83.777729, 44.161964 ], [ -83.80581, 44.162071 ], [ -83.808155, 44.162071 ], [ -83.839216, 44.161684 ], [ -83.868228, 44.161905 ], [ -83.883977, 44.161786 ], [ -83.883428, 44.248065 ] ] ] } },
{ "type": "Feature", "properties": { "geoid": "26035001000", "county_name": "Clare County", "place_name": "Monroe", "state_name": "Michigan", "state_abbr": "MI", "is_rural": true, "dci_score": 73.4, "dci_quintile": 3.0, "is_cra_lmi": true, "income_level": "M", "is_persistent_poverty": false, "is_tribal_overlap": false, "tribal_area_name": null, "aian_pct": 0.0, "has_nmtc": false, "nmtc_projects": 0, "nmtc_total_usd": 0.0 }, "geometry": { "type": "Polygon", "coordinates": [ [ [ -84.909425, 44.031059 ], [ -84.883106, 44.030934 ], [ -84.877796, 44.030366 ], [ -84.876682, 44.030949 ], [ -84.869372, 44.030942 ], [ -84.869532, 44.059805 ], [ -84.869517, 44.074287 ], [ -84.869055, 44.094102 ], [ -84.868804, 44.103487 ], [ -84.848111, 44.103447 ], [ -84.829168, 44.1036 ], [ -84.829234, 44.110818 ], [ -84.809209, 44.11097 ], [ -84.809069, 44.10371 ], [ -84.798745, 44.103661 ], [ -84.798227, 44.081384 ], [ -84.797685, 44.079728 ], [ -84.796246, 44.077758 ], [ -84.791792, 44.0744 ], [ -84.789955, 44.073108 ], [ -84.790649, 44.07237 ], [ -84.805871, 44.060495 ], [ -84.807525, 44.05851 ], [ -84.808104, 44.057157 ], [ -84.808313, 44.056091 ], [ -84.808256, 44.04599 ], [ -84.808142, 44.033151 ], [ -84.807492, 44.031488 ], [ -84.808117, 44.031498 ], [ -84.828158, 44.031278 ], [ -84.828055, 44.018616 ], [ -84.828078, 44.002148 ], [ -84.827952, 43.994853 ], [ -84.848777, 43.994715 ], [ -84.869087, 43.994742 ], [ -84.869094, 44.002013 ], [ -84.908966, 44.002099 ], [ -84.909425, 44.031059 ] ] ] } },
{ "type": "Feature", "properties": { "geoid": "26111290100", "county_name": "Midland County", "place_name": null, "state_name": "Michigan", "state_abbr": "MI", "is_rural": true, "dci_score": 33.3, "dci_quintile": 5.0, "is_cra_lmi": true, "income_level": "M", "is_persistent_poverty": false, "is_tribal_overlap": false, "tribal_area_name": null, "aian_pct": 0.0, "has_nmtc": false, "nmtc_projects": 0, "nmtc_total_usd": 0.0 }, "geometry": { "type": "Polygon", "coordinates": [ [ [ -84.250083, 43.613743 ], [ -84.247117, 43.615584 ], [ -84.247106, 43.618701 ], [ -84.24699, 43.625189 ], [ -84.243872, 43.625114 ], [ -84.241136, 43.624253 ], [ -84.235589, 43.624109 ], [ -84.232988, 43.622159 ], [ -84.229549, 43.624608 ], [ -84.227013, 43.623399 ], [ -84.2271, 43.619485 ], [ -84.22717, 43.617476 ], [ -84.227277, 43.611391 ], [ -84.232651, 43.60905 ], [ -84.234627, 43.60915 ], [ -84.238933, 43.611978 ], [ -84.240452, 43.611063 ], [ -84.242533, 43.610015 ], [ -84.247768, 43.611052 ], [ -84.248743, 43.611059 ], [ -84.249371, 43.612084 ], [ -84.250083, 43.613743 ] ] ] } },
{ "type": "Feature", "properties": { "geoid": "26135970300", "county_name": "Oscoda County", "place_name": "Owosso", "state_name": "Michigan", "state_abbr": "MI", "is_rural": true, "dci_score": 79.1, "dci_quintile": 3.0, "is_cra_lmi": false, "income_level": "U", "is_persistent_poverty": false, "is_tribal_overlap": false, "tribal_area_name": null, "aian_pct": 0.0, "has_nmtc": false, "nmtc_projects": 0, "nmtc_total_usd": 0.0 }, "geometry": { "type": "Polygon", "coordinates": [ [ [ -84.130193, 44.695748 ], [ -84.092154, 44.695948 ], [ -84.091147, 44.696916 ], [ -84.09107, 44.710459 ], [ -84.050639, 44.71058 ], [ -84.050652, 44.725087 ], [ -84.03022, 44.725098 ], [ -84.007551, 44.725159 ], [ -84.004604, 44.72491 ], [ -84.001364, 44.724096 ], [ -83.989174, 44.719173 ], [ -83.984201, 44.718213 ], [ -83.979983, 44.718357 ], [ -83.954877, 44.723284 ], [ -83.953264, 44.723477 ], [ -83.949014, 44.723305 ], [ -83.945142, 44.72241 ], [ -83.937416, 44.719544 ], [ -83.933984, 44.718943 ], [ -83.932561, 44.718853 ], [ -83.898237, 44.718691 ], [ -83.894812, 44.719073 ], [ -83.888539, 44.721241 ], [ -83.888201, 44.682086 ], [ -83.88792, 44.659814 ], [ -83.887422, 44.595382 ], [ -83.886757, 44.523278 ], [ -83.886634, 44.508976 ], [ -83.912463, 44.509065 ], [ -83.913145, 44.50899 ], [ -84.007246, 44.508861 ], [ -84.047541, 44.508439 ], [ -84.049969, 44.508652 ], [ -84.050603, 44.508533 ], [ -84.053101, 44.508354 ], [ -84.127992, 44.50812 ], [ -84.12809, 44.508869 ], [ -84.129248, 44.565086 ], [ -84.129818, 44.623351 ], [ -84.129906, 44.638244 ], [ -84.129992, 44.652279 ], [ -84.130039, 44.660122 ], [ -84.130156, 44.681246 ], [ -84.130193, 44.695748 ] ] ] } },
{ "type": "Feature", "properties": { "geoid": "26145000100", "county_name": "Saginaw County", "place_name": null, "state_name": "Michigan", "state_abbr": "MI", "is_rural": true, "dci_score": 99.0, "dci_quintile": 1.0, "is_cra_lmi": true, "income_level": "L", "is_persistent_poverty": false, "is_tribal_overlap": false, "tribal_area_name": null, "aian_pct": 0.0, "has_nmtc": false, "nmtc_projects": 0, "nmtc_total_usd": 0.0 }, "geometry": { "type": "Polygon", "coordinates": [ [ [ -83.938798, 43.442928 ], [ -83.938341, 43.443533 ], [ -83.934029, 43.450779 ], [ -83.927442, 43.454474 ], [ -83.917882, 43.457417 ], [ -83.915859, 43.458423 ], [ -83.911741, 43.462267 ], [ -83.910633, 43.465297 ], [ -83.908858, 43.465249 ], [ -83.907674, 43.469706 ], [ -83.904673, 43.469783 ], [ -83.902285, 43.465067 ], [ -83.896791, 43.464923 ], [ -83.906654, 43.456841 ], [ -83.909077, 43.455175 ], [ -83.915204, 43.45329 ], [ -83.916668, 43.452273 ], [ -83.917193, 43.443583 ], [ -83.914443, 43.443573 ], [ -83.916148, 43.442864 ], [ -83.916634, 43.44192 ], [ -83.916462, 43.436674 ], [ -83.916103, 43.435185 ], [ -83.915557, 43.433933 ], [ -83.919054, 43.434327 ], [ -83.923762, 43.435837 ], [ -83.926546, 43.435878 ], [ -83.932611, 43.436007 ], [ -83.937732, 43.436997 ], [ -83.940369, 43.437484 ], [ -83.938798, 43.442928 ] ] ] } },
{ "type": "Feature", "properties": { "geoid": "26145002000", "county_name": "Saginaw County", "place_name": null, "state_name": "Michigan", "state_abbr": "MI", "is_rural": true, "dci_score": 96.9, "dci_quintile": 1.0, "is_cra_lmi": true, "income_level": "M", "is_persistent_poverty": false, "is_tribal_overlap": false, "tribal_area_name": null, "aian_pct": 0.0, "has_nmtc": false, "nmtc_projects": 0, "nmtc_total_usd": 0.0 }, "geometry": { "type": "Polygon", "coordinates": [ [ [ -83.975445, 43.443708 ], [ -83.969984, 43.443684 ], [ -83.968235, 43.443681 ], [ -83.966941, 43.443676 ], [ -83.965598, 43.44367 ], [ -83.960855, 43.443681 ], [ -83.960717, 43.437297 ], [ -83.960704, 43.436481 ], [ -83.960715, 43.432934 ], [ -83.961869, 43.432947 ], [ -83.966605, 43.43296 ], [ -83.967928, 43.432971 ], [ -83.975319, 43.433007 ], [ -83.97535, 43.43662 ], [ -83.975384, 43.437824 ], [ -83.975445, 43.443708 ] ] ] } },
{ "type": "Feature", "properties": { "geoid": "26091061600", "county_name": "Lenawee County", "place_name": "Clare", "state_name": "Michigan", "state_abbr": "MI", "is_rural": true, "dci_score": 83.7, "dci_quintile": 2.0, "is_cra_lmi": true, "income_level": "M", "is_persistent_poverty": false, "is_tribal_overlap": false, "tribal_area_name": null, "aian_pct": 0.0, "has_nmtc": false, "nmtc_projects": 0, "nmtc_total_usd": 0.0 }, "geometry": { "type": "Polygon", "coordinates": [ [ [ -84.058105, 41.889175 ], [ -84.05335, 41.889291 ], [ -84.053206, 41.889292 ], [ -84.043356, 41.889438 ], [ -84.042343, 41.88945 ], [ -84.031392, 41.889604 ], [ -84.021892, 41.889732 ], [ -84.017313, 41.889804 ], [ -84.019756, 41.885983 ], [ -84.024187, 41.878969 ], [ -84.026411, 41.8755 ], [ -84.028257, 41.87513 ], [ -84.033327, 41.875042 ], [ -84.043144, 41.874899 ], [ -84.044459, 41.874877 ], [ -84.046309, 41.875077 ], [ -84.047436, 41.875357 ], [ -84.050481, 41.876903 ], [ -84.054633, 41.881947 ], [ -84.05537, 41.882843 ], [ -84.060449, 41.889114 ], [ -84.058105, 41.889175 ] ] ] } },
{ "type": "Feature", "properties": { "geoid": "26049012310", "county_name": "Genesee County", "place_name": null, "state_name": "Michigan", "state_abbr": "MI", "is_rural": false, "dci_score": 88.3, "dci_quintile": 2.0, "is_cra_lmi": true, "income_level": "M", "is_persistent_poverty": false, "is_tribal_overlap": false, "tribal_area_name": null, "aian_pct": 0.0, "has_nmtc": false, "nmtc_projects": 0, "nmtc_total_usd": 0.0 }, "geometry": { "type": "Polygon", "coordinates": [ [ [ -83.711018, 43.119368 ], [ -83.704314, 43.119358 ], [ -83.704465, 43.126358 ], [ -83.701421, 43.126568 ], [ -83.697697, 43.126644 ], [ -83.694491, 43.126538 ], [ -83.68752, 43.126769 ], [ -83.687395, 43.119417 ], [ -83.687332, 43.11222 ], [ -83.694371, 43.111413 ], [ -83.704122, 43.112205 ], [ -83.704254, 43.104787 ], [ -83.709032, 43.104775 ], [ -83.708928, 43.112168 ], [ -83.710906, 43.112161 ], [ -83.711018, 43.119368 ] ] ] } },
{ "type": "Feature", "properties": { "geoid": "26049003400", "county_name": "Genesee County", "place_name": null, "state_name": "Michigan", "state_abbr": "MI", "is_rural": false, "dci_score": 91.4, "dci_quintile": 1.0, "is_cra_lmi": true, "income_level": "L", "is_persistent_poverty": false, "is_tribal_overlap": false, "tribal_area_name": null, "aian_pct": 0.0, "has_nmtc": false, "nmtc_projects": 0, "nmtc_total_usd": 0.0 }, "geometry": { "type": "Polygon", "coordinates": [ [ [ -83.654021, 43.003751 ], [ -83.644104, 43.003908 ], [ -83.644076, 43.003909 ], [ -83.643746, 42.991563 ], [ -83.643713, 42.989319 ], [ -83.653414, 42.989162 ], [ -83.653765, 42.998604 ], [ -83.654021, 43.003751 ] ] ] } },
{ "type": "Feature", "properties": { "geoid": "26119910400", "county_name": "Montmorency County", "place_name": "Alpena", "state_name": "Michigan", "state_abbr": "MI", "is_rural": true, "dci_score": 73.5, "dci_quintile": 3.0, "is_cra_lmi": false, "income_level": "U", "is_persistent_poverty": false, "is_tribal_overlap": false, "tribal_area_name": null, "aian_pct": 0.0, "has_nmtc": false, "nmtc_projects": 0, "nmtc_total_usd": 0.0 }, "geometry": { "type": "Polygon", "coordinates": [ [ [ -84.371554, 44.95002 ], [ -84.371062, 44.970107 ], [ -84.369967, 45.006544 ], [ -84.339937, 45.006502 ], [ -84.337795, 45.005927 ], [ -84.328762, 45.005474 ], [ -84.326057, 45.006466 ], [ -84.314323, 45.006439 ], [ -84.313037, 45.0061 ], [ -84.310133, 45.006873 ], [ -84.308477, 45.006463 ], [ -84.304478, 45.006551 ], [ -84.302837, 45.006163 ], [ -84.301095, 45.006628 ], [ -84.29073, 45.006775 ], [ -84.283004, 45.007233 ], [ -84.277271, 45.006474 ], [ -84.27545, 45.006919 ], [ -84.265737, 45.006161 ], [ -84.263656, 45.004152 ], [ -84.2635, 45.002921 ], [ -84.259055, 45.005425 ], [ -84.257076, 45.004739 ], [ -84.254749, 45.005892 ], [ -84.253169, 45.005565 ], [ -84.25068, 45.006608 ], [ -84.234466, 45.007171 ], [ -84.214058, 45.007299 ], [ -84.18339, 45.007322 ], [ -84.183351, 44.994421 ], [ -84.184041, 44.99321 ], [ -84.183064, 44.992783 ], [ -84.142864, 44.992909 ], [ -84.142955, 44.999576 ], [ -84.132599, 45.000079 ], [ -84.132634, 44.989247 ], [ -84.132625, 44.988285 ], [ -84.13254, 44.971065 ], [ -84.126356, 44.971083 ], [ -84.124234, 44.970531 ], [ -84.12388, 44.969431 ], [ -84.12339, 44.952233 ], [ -84.123778, 44.950397 ], [ -84.126704, 44.947376 ], [ -84.128931, 44.94219 ], [ -84.130924, 44.937189 ], [ -84.131327, 44.934813 ], [ -84.129338, 44.92861 ], [ -84.128093, 44.927281 ], [ -84.124893, 44.926233 ], [ -84.124388, 44.925423 ], [ -84.123253, 44.919626 ], [ -84.12196, 44.916161 ], [ -84.12047, 44.915207 ], [ -84.115156, 44.913594 ], [ -84.114109, 44.912975 ], [ -84.109628, 44.908774 ], [ -84.109287, 44.907058 ], [ -84.110776, 44.901937 ], [ -84.120428, 44.901699 ], [ -84.126815, 44.900588 ], [ -84.129147, 44.899814 ], [ -84.13138, 44.898024 ], [ -84.132019, 44.895516 ], [ -84.135719, 44.891088 ], [ -84.140868, 44.887969 ], [ -84.138249, 44.888194 ], [ -84.136803, 44.887245 ], [ -84.131866, 44.886745 ], [ -84.131752, 44.872425 ], [ -84.131623, 44.854905 ], [ -84.131932, 44.854905 ], [ -84.25232, 44.855749 ], [ -84.29926, 44.855154 ], [ -84.30101, 44.85517 ], [ -84.298779, 44.857395 ], [ -84.293179, 44.862265 ], [ -84.293037, 44.869507 ], [ -84.292827, 44.884003 ], [ -84.29278, 44.898499 ], [ -84.292831, 44.934585 ], [ -84.307609, 44.934367 ], [ -84.30955, 44.933539 ], [ -84.312081, 44.933162 ], [ -84.313177, 44.934341 ], [ -84.346025, 44.934029 ], [ -84.352117, 44.934985 ], [ -84.354827, 44.936893 ], [ -84.358329, 44.938391 ], [ -84.362082, 44.941007 ], [ -84.363391, 44.942256 ], [ -84.366343, 44.942779 ], [ -84.369746, 44.943979 ], [ -84.371433, 44.949551 ], [ -84.371554, 44.95002 ] ] ] } },
{ "type": "Feature", "properties": { "geoid": "26119910100", "county_name": "Montmorency County", "place_name": null, "state_name": "Michigan", "state_abbr": "MI", "is_rural": true, "dci_score": 77.2, "dci_quintile": 3.0, "is_cra_lmi": false, "income_level": "U", "is_persistent_poverty": false, "is_tribal_overlap": false, "tribal_area_name": null, "aian_pct": 0.0, "has_nmtc": false, "nmtc_projects": 0, "nmtc_total_usd": 0.0 }, "geometry": { "type": "Polygon", "coordinates": [ [ [ -84.176442, 45.138183 ], [ -84.175531, 45.138818 ], [ -84.174632, 45.141745 ], [ -84.174567, 45.148902 ], [ -84.170057, 45.159656 ], [ -84.167741, 45.163765 ], [ -84.164445, 45.165187 ], [ -84.160861, 45.167907 ], [ -84.155524, 45.17051 ], [ -84.154212, 45.170562 ], [ -84.154468, 45.185017 ], [ -84.154491, 45.186025 ], [ -84.150987, 45.188146 ], [ -84.1461, 45.189345 ], [ -84.142622, 45.190773 ], [ -84.138038, 45.194183 ], [ -84.135352, 45.198653 ], [ -84.12381, 45.198651 ], [ -84.013038, 45.198621 ], [ -84.003819, 45.198821 ], [ -83.908512, 45.201377 ], [ -83.893935, 45.20177 ], [ -83.881223, 45.202071 ], [ -83.880541, 45.188034 ], [ -83.882911, 45.159505 ], [ -83.88123, 45.116044 ], [ -83.880916, 45.101841 ], [ -83.880343, 45.073396 ], [ -83.88031, 45.066296 ], [ -83.880309, 45.064158 ], [ -83.88026, 45.059207 ], [ -83.882512, 45.059133 ], [ -83.885334, 45.058658 ], [ -83.887462, 45.058093 ], [ -83.88874, 45.059033 ], [ -83.889924, 45.059221 ], [ -83.895024, 45.059216 ], [ -83.899425, 45.059138 ], [ -83.899425, 45.061217 ], [ -83.900772, 45.061218 ], [ -83.900751, 45.063415 ], [ -83.902782, 45.063532 ], [ -83.904401, 45.063226 ], [ -83.907263, 45.061853 ], [ -83.910862, 45.061197 ], [ -83.916657, 45.060186 ], [ -83.920475, 45.059196 ], [ -83.961779, 45.05889 ], [ -84.057638, 45.058022 ], [ -84.06113, 45.057155 ], [ -84.062892, 45.056255 ], [ -84.062954, 45.043546 ], [ -84.065722, 45.045386 ], [ -84.066682, 45.044252 ], [ -84.069501, 45.045759 ], [ -84.070834, 45.045947 ], [ -84.072119, 45.047307 ], [ -84.07555, 45.049002 ], [ -84.076943, 45.049213 ], [ -84.078792, 45.050741 ], [ -84.07922, 45.045198 ], [ -84.080856, 45.044274 ], [ -84.089404, 45.040983 ], [ -84.093795, 45.040984 ], [ -84.098146, 45.041544 ], [ -84.105668, 45.042127 ], [ -84.106942, 45.041846 ], [ -84.112186, 45.038027 ], [ -84.11308, 45.037647 ], [ -84.116986, 45.037607 ], [ -84.117957, 45.037998 ], [ -84.121531, 45.041172 ], [ -84.123735, 45.041587 ], [ -84.142123, 45.042499 ], [ -84.149096, 45.041736 ], [ -84.155272, 45.03986 ], [ -84.159285, 45.037752 ], [ -84.161333, 45.037545 ], [ -84.158207, 45.041623 ], [ -84.156944, 45.044969 ], [ -84.157475, 45.048967 ], [ -84.161755, 45.057498 ], [ -84.162133, 45.058746 ], [ -84.162273, 45.059629 ], [ -84.162935, 45.078709 ], [ -84.164373, 45.089049 ], [ -84.164397, 45.098059 ], [ -84.164596, 45.100116 ], [ -84.168348, 45.11305 ], [ -84.170058, 45.118761 ], [ -84.171222, 45.121788 ], [ -84.178863, 45.138196 ], [ -84.176442, 45.138183 ] ] ] } },
{ "type": "Feature", "properties": { "geoid": "26049000900", "county_name": "Genesee County", "place_name": null, "state_name": "Michigan", "state_abbr": "MI", "is_rural": false, "dci_score": 95.3, "dci_quintile": 1.0, "is_cra_lmi": true, "income_level": "M", "is_persistent_poverty": false, "is_tribal_overlap": false, "tribal_area_name": null, "aian_pct": 0.0, "has_nmtc": false, "nmtc_projects": 0, "nmtc_total_usd": 0.0 }, "geometry": { "type": "Polygon", "coordinates": [ [ [ -83.733299, 43.046224 ], [ -83.727601, 43.046226 ], [ -83.723322, 43.046248 ], [ -83.713471, 43.046317 ], [ -83.713234, 43.038622 ], [ -83.713045, 43.030658 ], [ -83.714564, 43.030609 ], [ -83.720466, 43.032621 ], [ -83.726151, 43.034565 ], [ -83.732189, 43.038503 ], [ -83.733024, 43.038501 ], [ -83.733184, 43.041993 ], [ -83.733299, 43.046224 ] ] ] } },
{ "type": "Feature", "properties": { "geoid": "26049001200", "county_name": "Genesee County", "place_name": null, "state_name": "Michigan", "state_abbr": "MI", "is_rural": false, "dci_score": 95.3, "dci_quintile": 1.0, "is_cra_lmi": false, "income_level": "U", "is_persistent_poverty": false, "is_tribal_overlap": false, "tribal_area_name": null, "aian_pct": 0.0, "has_nmtc": false, "nmtc_projects": 0, "nmtc_total_usd": 0.0 }, "geometry": { "type": "Polygon", "coordinates": [ [ [ -83.742373, 43.033677 ], [ -83.737519, 43.037764 ], [ -83.735975, 43.036447 ], [ -83.733456, 43.037183 ], [ -83.733024, 43.038501 ], [ -83.732189, 43.038503 ], [ -83.726151, 43.034565 ], [ -83.720466, 43.032621 ], [ -83.714564, 43.030609 ], [ -83.713045, 43.030658 ], [ -83.712963, 43.028325 ], [ -83.71288, 43.024572 ], [ -83.718125, 43.026155 ], [ -83.723414, 43.027825 ], [ -83.728874, 43.029516 ], [ -83.738237, 43.032407 ], [ -83.739797, 43.034137 ], [ -83.742373, 43.033677 ] ] ] } },
{ "type": "Feature", "properties": { "geoid": "26049001800", "county_name": "Genesee County", "place_name": null, "state_name": "Michigan", "state_abbr": "MI", "is_rural": false, "dci_score": 96.4, "dci_quintile": 1.0, "is_cra_lmi": true, "income_level": "L", "is_persistent_poverty": false, "is_tribal_overlap": false, "tribal_area_name": null, "aian_pct": 0.0, "has_nmtc": false, "nmtc_projects": 0, "nmtc_total_usd": 0.0 }, "geometry": { "type": "Polygon", "coordinates": [ [ [ -83.674144, 43.075867 ], [ -83.665856, 43.076084 ], [ -83.664197, 43.076102 ], [ -83.656584, 43.07634 ], [ -83.654498, 43.076361 ], [ -83.654675, 43.072433 ], [ -83.653294, 43.072351 ], [ -83.652631, 43.071332 ], [ -83.656008, 43.068392 ], [ -83.658504, 43.069213 ], [ -83.660364, 43.067698 ], [ -83.659612, 43.064744 ], [ -83.660446, 43.062584 ], [ -83.661923, 43.061189 ], [ -83.665561, 43.059808 ], [ -83.666564, 43.058627 ], [ -83.666471, 43.057025 ], [ -83.667763, 43.055679 ], [ -83.668889, 43.054077 ], [ -83.669333, 43.05325 ], [ -83.670728, 43.053744 ], [ -83.673514, 43.057918 ], [ -83.673868, 43.061347 ], [ -83.674026, 43.068593 ], [ -83.674144, 43.075867 ] ] ] } },
{ "type": "Feature", "properties": { "geoid": "26049003600", "county_name": "Genesee County", "place_name": null, "state_name": "Michigan", "state_abbr": "MI", "is_rural": false, "dci_score": 87.9, "dci_quintile": 2.0, "is_cra_lmi": true, "income_level": "M", "is_persistent_poverty": false, "is_tribal_overlap": false, "tribal_area_name": null, "aian_pct": 0.0, "has_nmtc": false, "nmtc_projects": 0, "nmtc_total_usd": 0.0 }, "geometry": { "type": "Polygon", "coordinates": [ [ [ -83.740749, 43.004585 ], [ -83.740436, 43.006892 ], [ -83.739, 43.00688 ], [ -83.733295, 43.006904 ], [ -83.726256, 43.006901 ], [ -83.724308, 43.006902 ], [ -83.72437, 43.005727 ], [ -83.723078, 43.002807 ], [ -83.721599, 42.999884 ], [ -83.720092, 42.99806 ], [ -83.714638, 43.000514 ], [ -83.709252, 43.002922 ], [ -83.708602, 43.002186 ], [ -83.705818, 42.996971 ], [ -83.704515, 42.994372 ], [ -83.716992, 42.98865 ], [ -83.717926, 42.987966 ], [ -83.720145, 42.988267 ], [ -83.723334, 42.988297 ], [ -83.725472, 42.987548 ], [ -83.725867, 42.987975 ], [ -83.728609, 42.986741 ], [ -83.728624, 42.986077 ], [ -83.730932, 42.985659 ], [ -83.732318, 42.986728 ], [ -83.732754, 42.988127 ], [ -83.732876, 42.992307 ], [ -83.733022, 42.994773 ], [ -83.73308, 42.995417 ], [ -83.737965, 42.995116 ], [ -83.737465, 43.002283 ], [ -83.74067, 43.002209 ], [ -83.740749, 43.004585 ] ] ] } },
{ "type": "Feature", "properties": { "geoid": "26115832000", "county_name": "Monroe County", "place_name": null, "state_name": "Michigan", "state_abbr": "MI", "is_rural": true, "dci_score": 76.4, "dci_quintile": 3.0, "is_cra_lmi": true, "income_level": "M", "is_persistent_poverty": false, "is_tribal_overlap": false, "tribal_area_name": null, "aian_pct": 0.0, "has_nmtc": false, "nmtc_projects": 0, "nmtc_total_usd": 0.0 }, "geometry": { "type": "Polygon", "coordinates": [ [ [ -83.407922, 41.904322 ], [ -83.405344, 41.907364 ], [ -83.404074, 41.908878 ], [ -83.400397, 41.913158 ], [ -83.396903, 41.911483 ], [ -83.393428, 41.909827 ], [ -83.388535, 41.907524 ], [ -83.391869, 41.903669 ], [ -83.392354, 41.902969 ], [ -83.396974, 41.897799 ], [ -83.399215, 41.895191 ], [ -83.412009, 41.899536 ], [ -83.407922, 41.904322 ] ] ] } },
{ "type": "Feature", "properties": { "geoid": "26155030500", "county_name": "Shiawassee County", "place_name": null, "state_name": "Michigan", "state_abbr": "MI", "is_rural": true, "dci_score": 70.1, "dci_quintile": 3.0, "is_cra_lmi": false, "income_level": "U", "is_persistent_poverty": false, "is_tribal_overlap": false, "tribal_area_name": null, "aian_pct": 0.0, "has_nmtc": false, "nmtc_projects": 0, "nmtc_total_usd": 0.0 }, "geometry": { "type": "Polygon", "coordinates": [ [ [ -84.167432, 42.99518 ], [ -84.166857, 43.000693 ], [ -84.166834, 43.001788 ], [ -84.170576, 43.00184 ], [ -84.170531, 43.004776 ], [ -84.17044, 43.011976 ], [ -84.167085, 43.012058 ], [ -84.164853, 43.012108 ], [ -84.164211, 43.012135 ], [ -84.15904, 43.012256 ], [ -84.157733, 43.012055 ], [ -84.157798, 43.004909 ], [ -84.157769, 43.003576 ], [ -84.157827, 43.000579 ], [ -84.157835, 42.999359 ], [ -84.157833, 42.999153 ], [ -84.157809, 42.997654 ], [ -84.15785, 42.994945 ], [ -84.157685, 42.993203 ], [ -84.159741, 42.991855 ], [ -84.162008, 42.993723 ], [ -84.164561, 42.994507 ], [ -84.170696, 42.994843 ], [ -84.167432, 42.99518 ] ] ] } },
{ "type": "Feature", "properties": { "geoid": "26125121000", "county_name": "Oakland County", "place_name": null, "state_name": "Michigan", "state_abbr": "MI", "is_rural": false, "dci_score": 9.2, "dci_quintile": 5.0, "is_cra_lmi": true, "income_level": "M", "is_persistent_poverty": false, "is_tribal_overlap": false, "tribal_area_name": null, "aian_pct": 0.0, "has_nmtc": false, "nmtc_projects": 0, "nmtc_total_usd": 0.0 }, "geometry": { "type": "Polygon", "coordinates": [ [ [ -83.305489, 42.883391 ], [ -83.261321, 42.884531 ], [ -83.236709, 42.88516 ], [ -83.221913, 42.885543 ], [ -83.221744, 42.885545 ], [ -83.219539, 42.841909 ], [ -83.218805, 42.826315 ], [ -83.218297, 42.81585 ], [ -83.218054, 42.809504 ], [ -83.217848, 42.804619 ], [ -83.217729, 42.803991 ], [ -83.217754, 42.80174 ], [ -83.217454, 42.797945 ], [ -83.222264, 42.797815 ], [ -83.24701, 42.797348 ], [ -83.248112, 42.80473 ], [ -83.249321, 42.807434 ], [ -83.249541, 42.807796 ], [ -83.251993, 42.810529 ], [ -83.250695, 42.810577 ], [ -83.247637, 42.810699 ], [ -83.247881, 42.813615 ], [ -83.242789, 42.814197 ], [ -83.242261, 42.817043 ], [ -83.2405, 42.818427 ], [ -83.238275, 42.818481 ], [ -83.238582, 42.820121 ], [ -83.237813, 42.819097 ], [ -83.237859, 42.825574 ], [ -83.24306, 42.82669 ], [ -83.253376, 42.826398 ], [ -83.253274, 42.825067 ], [ -83.256758, 42.825747 ], [ -83.256969, 42.829285 ], [ -83.26864, 42.829074 ], [ -83.272034, 42.835899 ], [ -83.274184, 42.840575 ], [ -83.274916, 42.841771 ], [ -83.279331, 42.847563 ], [ -83.295534, 42.868695 ], [ -83.305489, 42.883391 ] ] ] } },
{ "type": "Feature", "properties": { "geoid": "26125141500", "county_name": "Oakland County", "place_name": null, "state_name": "Michigan", "state_abbr": "MI", "is_rural": false, "dci_score": 87.7, "dci_quintile": 2.0, "is_cra_lmi": true, "income_level": "M", "is_persistent_poverty": false, "is_tribal_overlap": false, "tribal_area_name": null, "aian_pct": 0.0, "has_nmtc": false, "nmtc_projects": 0, "nmtc_total_usd": 0.0 }, "geometry": { "type": "Polygon", "coordinates": [ [ [ -83.2774, 42.655856 ], [ -83.267888, 42.663413 ], [ -83.265376, 42.665293 ], [ -83.261029, 42.667645 ], [ -83.258973, 42.66874 ], [ -83.254766, 42.671152 ], [ -83.253668, 42.672195 ], [ -83.251795, 42.677193 ], [ -83.25147, 42.67762 ], [ -83.251252, 42.677325 ], [ -83.250557, 42.66026 ], [ -83.250043, 42.649158 ], [ -83.24829, 42.649197 ], [ -83.249536, 42.645829 ], [ -83.249767, 42.641713 ], [ -83.26069, 42.642222 ], [ -83.261656, 42.642416 ], [ -83.266567, 42.644082 ], [ -83.269374, 42.644275 ], [ -83.269672, 42.645371 ], [ -83.270747, 42.647884 ], [ -83.270907, 42.649063 ], [ -83.271125, 42.651082 ], [ -83.272199, 42.65244 ], [ -83.2774, 42.655856 ] ] ] } },
{ "type": "Feature", "properties": { "geoid": "26147629000", "county_name": "St. Clair County", "place_name": null, "state_name": "Michigan", "state_abbr": "MI", "is_rural": true, "dci_score": 86.7, "dci_quintile": 2.0, "is_cra_lmi": true, "income_level": "M", "is_persistent_poverty": false, "is_tribal_overlap": false, "tribal_area_name": null, "aian_pct": 0.0, "has_nmtc": false, "nmtc_projects": 0, "nmtc_total_usd": 0.0 }, "geometry": { "type": "Polygon", "coordinates": [ [ [ -82.455918, 43.025164 ], [ -82.443059, 43.025533 ], [ -82.442526, 43.020962 ], [ -82.441041, 43.02164 ], [ -82.441247, 43.025587 ], [ -82.440253, 43.02561 ], [ -82.435712, 43.025745 ], [ -82.445547, 43.040021 ], [ -82.443549095764197, 43.040126371404199 ], [ -82.443430227593794, 43.039942411113998 ], [ -82.440650294325195, 43.035640188501901 ], [ -82.440393, 43.035242 ], [ -82.432896707297203, 43.025628059140303 ], [ -82.432145, 43.024664 ], [ -82.430302, 43.02138 ], [ -82.42654, 43.01724 ], [ -82.4254245285466, 43.014994910672797 ], [ -82.428065, 43.014384 ], [ -82.427776, 43.0131 ], [ -82.434326, 43.012362 ], [ -82.44416, 43.011132 ], [ -82.445982, 43.010387 ], [ -82.449956, 43.015507 ], [ -82.451052, 43.016688 ], [ -82.450048, 43.01831 ], [ -82.455771, 43.022575 ], [ -82.455918, 43.025164 ] ] ] } },
{ "type": "Feature", "properties": { "geoid": "26147623000", "county_name": "St. Clair County", "place_name": null, "state_name": "Michigan", "state_abbr": "MI", "is_rural": true, "dci_score": 86.7, "dci_quintile": 2.0, "is_cra_lmi": true, "income_level": "L", "is_persistent_poverty": false, "is_tribal_overlap": false, "tribal_area_name": null, "aian_pct": 0.0, "has_nmtc": false, "nmtc_projects": 0, "nmtc_total_usd": 0.0 }, "geometry": { "type": "Polygon", "coordinates": [ [ [ -82.457942, 42.981914 ], [ -82.445339, 42.988036 ], [ -82.447102, 42.989855 ], [ -82.448266, 42.9895 ], [ -82.447235, 42.990554 ], [ -82.443392, 42.992434 ], [ -82.442416, 42.990696 ], [ -82.442941, 42.985313 ], [ -82.442587, 42.984626 ], [ -82.437403, 42.98467 ], [ -82.436633, 42.984364 ], [ -82.433557, 42.980895 ], [ -82.433129, 42.976225 ], [ -82.439994, 42.976778 ], [ -82.443221, 42.977041 ], [ -82.445009, 42.977201 ], [ -82.452947, 42.977866 ], [ -82.45751, 42.978231 ], [ -82.459744, 42.9808 ], [ -82.457942, 42.981914 ] ] ] } },
{ "type": "Feature", "properties": { "geoid": "26163583200", "county_name": "Wayne County", "place_name": null, "state_name": "Michigan", "state_abbr": "MI", "is_rural": false, "dci_score": 81.1, "dci_quintile": 2.0, "is_cra_lmi": false, "income_level": "U", "is_persistent_poverty": false, "is_tribal_overlap": false, "tribal_area_name": null, "aian_pct": 0.0, "has_nmtc": false, "nmtc_projects": 0, "nmtc_total_usd": 0.0 }, "geometry": { "type": "Polygon", "coordinates": [ [ [ -83.308283, 42.247102 ], [ -83.30511, 42.248575 ], [ -83.303921, 42.249392 ], [ -83.291763, 42.259745 ], [ -83.289402, 42.261122 ], [ -83.284347, 42.262954 ], [ -83.280199, 42.263898 ], [ -83.275008, 42.264504 ], [ -83.270384, 42.264621 ], [ -83.269974, 42.254383 ], [ -83.279736, 42.25195 ], [ -83.28912, 42.249633 ], [ -83.308177, 42.2449 ], [ -83.308283, 42.247102 ] ] ] } },
{ "type": "Feature", "properties": { "geoid": "26163585700", "county_name": "Wayne County", "place_name": null, "state_name": "Michigan", "state_abbr": "MI", "is_rural": false, "dci_score": 54.2, "dci_quintile": 4.0, "is_cra_lmi": false, "income_level": "U", "is_persistent_poverty": false, "is_tribal_overlap": false, "tribal_area_name": null, "aian_pct": 0.0, "has_nmtc": false, "nmtc_projects": 0, "nmtc_total_usd": 0.0 }, "geometry": { "type": "Polygon", "coordinates": [ [ [ -83.387415, 42.251993 ], [ -83.347788, 42.252858 ], [ -83.347855, 42.245233 ], [ -83.343218, 42.241703 ], [ -83.341717, 42.238818 ], [ -83.34084, 42.23685 ], [ -83.370239, 42.229602 ], [ -83.385493, 42.225833 ], [ -83.385577, 42.227966 ], [ -83.38576, 42.231785 ], [ -83.385971, 42.237611 ], [ -83.386608, 42.251198 ], [ -83.387415, 42.251993 ] ] ] } },
{ "type": "Feature", "properties": { "geoid": "26163540900", "county_name": "Wayne County", "place_name": null, "state_name": "Michigan", "state_abbr": "MI", "is_rural": false, "dci_score": 95.8, "dci_quintile": 1.0, "is_cra_lmi": false, "income_level": "U", "is_persistent_poverty": false, "is_tribal_overlap": false, "tribal_area_name": null, "aian_pct": 0.0, "has_nmtc": false, "nmtc_projects": 0, "nmtc_total_usd": 0.0 }, "geometry": { "type": "Polygon", "coordinates": [ [ [ -83.258867, 42.443403 ], [ -83.250371, 42.443628 ], [ -83.239423, 42.443918 ], [ -83.23928, 42.440332 ], [ -83.239136, 42.436772 ], [ -83.244484, 42.436651 ], [ -83.250119, 42.436543 ], [ -83.258572, 42.436355 ], [ -83.258867, 42.443403 ] ] ] } },
{ "type": "Feature", "properties": { "geoid": "26163540300", "county_name": "Wayne County", "place_name": null, "state_name": "Michigan", "state_abbr": "MI", "is_rural": false, "dci_score": 92.6, "dci_quintile": 1.0, "is_cra_lmi": true, "income_level": "L", "is_persistent_poverty": false, "is_tribal_overlap": false, "tribal_area_name": null, "aian_pct": 0.0, "has_nmtc": false, "nmtc_projects": 0, "nmtc_total_usd": 0.0 }, "geometry": { "type": "Polygon", "coordinates": [ [ [ -83.219233, 42.43002 ], [ -83.212771, 42.430196 ], [ -83.207364, 42.430312 ], [ -83.199874, 42.430422 ], [ -83.199588, 42.423155 ], [ -83.207137, 42.42301 ], [ -83.212347, 42.422911 ], [ -83.218958, 42.422785 ], [ -83.219233, 42.43002 ] ] ] } },
{ "type": "Feature", "properties": { "geoid": "26163507400", "county_name": "Wayne County", "place_name": null, "state_name": "Michigan", "state_abbr": "MI", "is_rural": false, "dci_score": 93.1, "dci_quintile": 1.0, "is_cra_lmi": true, "income_level": "M", "is_persistent_poverty": false, "is_tribal_overlap": false, "tribal_area_name": null, "aian_pct": 0.0, "has_nmtc": false, "nmtc_projects": 0, "nmtc_total_usd": 0.0 }, "geometry": { "type": "Polygon", "coordinates": [ [ [ -83.095199, 42.439744 ], [ -83.087959, 42.439955 ], [ -83.08312, 42.440137 ], [ -83.081904, 42.440015 ], [ -83.078812, 42.440067 ], [ -83.073673, 42.432929 ], [ -83.082894, 42.432901 ], [ -83.094654, 42.432484 ], [ -83.094924, 42.432473 ], [ -83.095199, 42.439744 ] ] ] } },
{ "type": "Feature", "properties": { "geoid": "26163540100", "county_name": "Wayne County", "place_name": null, "state_name": "Michigan", "state_abbr": "MI", "is_rural": false, "dci_score": 92.6, "dci_quintile": 1.0, "is_cra_lmi": true, "income_level": "M", "is_persistent_poverty": false, "is_tribal_overlap": false, "tribal_area_name": null, "aian_pct": 0.0, "has_nmtc": false, "nmtc_projects": 0, "nmtc_total_usd": 0.0 }, "geometry": { "type": "Polygon", "coordinates": [ [ [ -83.219631, 42.444349 ], [ -83.216746, 42.444414 ], [ -83.210254, 42.444568 ], [ -83.204896, 42.444716 ], [ -83.203632, 42.444746 ], [ -83.203382, 42.444751 ], [ -83.200386, 42.442343 ], [ -83.200178, 42.437624 ], [ -83.207593, 42.437463 ], [ -83.213179, 42.437349 ], [ -83.21351, 42.437343 ], [ -83.21954, 42.437237 ], [ -83.219631, 42.444349 ] ] ] } },
{ "type": "Feature", "properties": { "geoid": "26163539200", "county_name": "Wayne County", "place_name": null, "state_name": "Michigan", "state_abbr": "MI", "is_rural": false, "dci_score": 92.6, "dci_quintile": 1.0, "is_cra_lmi": true, "income_level": "M", "is_persistent_poverty": false, "is_tribal_overlap": false, "tribal_area_name": null, "aian_pct": 0.0, "has_nmtc": false, "nmtc_projects": 0, "nmtc_total_usd": 0.0 }, "geometry": { "type": "Polygon", "coordinates": [ [ [ -83.200522, 42.444839 ], [ -83.190798, 42.445147 ], [ -83.187057, 42.44522 ], [ -83.181005, 42.445343 ], [ -83.171265, 42.445545 ], [ -83.170992, 42.438433 ], [ -83.180759, 42.438322 ], [ -83.186732, 42.438097 ], [ -83.190355, 42.437956 ], [ -83.194372, 42.43783 ], [ -83.200386, 42.442343 ], [ -83.203382, 42.444751 ], [ -83.200522, 42.444839 ] ] ] } },
{ "type": "Feature", "properties": { "geoid": "26163506100", "county_name": "Wayne County", "place_name": null, "state_name": "Michigan", "state_abbr": "MI", "is_rural": false, "dci_score": 99.6, "dci_quintile": 1.0, "is_cra_lmi": true, "income_level": "M", "is_persistent_poverty": false, "is_tribal_overlap": false, "tribal_area_name": null, "aian_pct": 0.0, "has_nmtc": true, "nmtc_projects": 2, "nmtc_total_usd": 8642971.0 }, "geometry": { "type": "Polygon", "coordinates": [ [ [ -83.039417, 42.447874 ], [ -83.034519, 42.447936 ], [ -83.024745, 42.448159 ], [ -83.024501, 42.441341 ], [ -83.034298, 42.44112 ], [ -83.039193, 42.440824 ], [ -83.039417, 42.447874 ] ] ] } },
{ "type": "Feature", "properties": { "geoid": "26163573300", "county_name": "Wayne County", "place_name": null, "state_name": "Michigan", "state_abbr": "MI", "is_rural": false, "dci_score": 95.5, "dci_quintile": 1.0, "is_cra_lmi": true, "income_level": "M", "is_persistent_poverty": false, "is_tribal_overlap": false, "tribal_area_name": null, "aian_pct": 0.0, "has_nmtc": false, "nmtc_projects": 0, "nmtc_total_usd": 0.0 }, "geometry": { "type": "Polygon", "coordinates": [ [ [ -83.195829, 42.33463 ], [ -83.19054, 42.33471 ], [ -83.186171, 42.334775 ], [ -83.177152, 42.334915 ], [ -83.176431, 42.334385 ], [ -83.170115, 42.329605 ], [ -83.170996, 42.329427 ], [ -83.172599, 42.329294 ], [ -83.17622, 42.329221 ], [ -83.180866, 42.329392 ], [ -83.185932, 42.329279 ], [ -83.190302, 42.329237 ], [ -83.195592, 42.32919 ], [ -83.195829, 42.33463 ] ] ] } },
{ "type": "Feature", "properties": { "geoid": "26077001100", "county_name": "Kalamazoo County", "place_name": null, "state_name": "Michigan", "state_abbr": "MI", "is_rural": false, "dci_score": 72.8, "dci_quintile": 3.0, "is_cra_lmi": true, "income_level": "M", "is_persistent_poverty": false, "is_tribal_overlap": false, "tribal_area_name": null, "aian_pct": 0.0, "has_nmtc": true, "nmtc_projects": 1, "nmtc_total_usd": 24330000.0 }, "geometry": { "type": "Polygon", "coordinates": [ [ [ -85.589623, 42.272737 ], [ -85.589624, 42.274203 ], [ -85.589582, 42.280594 ], [ -85.587238, 42.280583 ], [ -85.587243, 42.281909 ], [ -85.582949, 42.281912 ], [ -85.582957, 42.279358 ], [ -85.578509, 42.279529 ], [ -85.575394, 42.280989 ], [ -85.576836, 42.277506 ], [ -85.579266, 42.271422 ], [ -85.579424, 42.2703 ], [ -85.579689, 42.266451 ], [ -85.579848, 42.265924 ], [ -85.581302, 42.266774 ], [ -85.589647, 42.266931 ], [ -85.589623, 42.272737 ] ] ] } },
{ "type": "Feature", "properties": { "geoid": "26163537200", "county_name": "Wayne County", "place_name": null, "state_name": "Michigan", "state_abbr": "MI", "is_rural": false, "dci_score": 95.9, "dci_quintile": 1.0, "is_cra_lmi": true, "income_level": "L", "is_persistent_poverty": false, "is_tribal_overlap": false, "tribal_area_name": null, "aian_pct": 0.0, "has_nmtc": false, "nmtc_projects": 0, "nmtc_total_usd": 0.0 }, "geometry": { "type": "Polygon", "coordinates": [ [ [ -83.183109, 42.386515 ], [ -83.182177, 42.390092 ], [ -83.178715, 42.392699 ], [ -83.176191, 42.393375 ], [ -83.168982, 42.393571 ], [ -83.168602, 42.385283 ], [ -83.170253, 42.385057 ], [ -83.176297, 42.383772 ], [ -83.178366, 42.383321 ], [ -83.183056, 42.382274 ], [ -83.183015, 42.384186 ], [ -83.183109, 42.386515 ] ] ] } },
{ "type": "Feature", "properties": { "geoid": "26163504300", "county_name": "Wayne County", "place_name": null, "state_name": "Michigan", "state_abbr": "MI", "is_rural": false, "dci_score": 95.1, "dci_quintile": 1.0, "is_cra_lmi": true, "income_level": "M", "is_persistent_poverty": false, "is_tribal_overlap": false, "tribal_area_name": null, "aian_pct": 0.0, "has_nmtc": false, "nmtc_projects": 0, "nmtc_total_usd": 0.0 }, "geometry": { "type": "Polygon", "coordinates": [ [ [ -82.987563, 42.409304 ], [ -82.979356, 42.412158 ], [ -82.978149, 42.410256 ], [ -82.976331, 42.407385 ], [ -82.973106, 42.401595 ], [ -82.982159, 42.399484 ], [ -82.983111, 42.402201 ], [ -82.985189, 42.405482 ], [ -82.986384, 42.40739 ], [ -82.986957, 42.408349 ], [ -82.987447, 42.409122 ], [ -82.987563, 42.409304 ] ] ] } },
{ "type": "Feature", "properties": { "geoid": "26163568700", "county_name": "Wayne County", "place_name": null, "state_name": "Michigan", "state_abbr": "MI", "is_rural": false, "dci_score": 67.4, "dci_quintile": 4.0, "is_cra_lmi": false, "income_level": "U", "is_persistent_poverty": false, "is_tribal_overlap": false, "tribal_area_name": null, "aian_pct": 0.0, "has_nmtc": false, "nmtc_projects": 0, "nmtc_total_usd": 0.0 }, "geometry": { "type": "Polygon", "coordinates": [ [ [ -83.349528, 42.310819 ], [ -83.339928, 42.310986 ], [ -83.339684, 42.303822 ], [ -83.338986, 42.286 ], [ -83.348659, 42.284375 ], [ -83.348939, 42.289186 ], [ -83.349095, 42.29279 ], [ -83.349238, 42.296404 ], [ -83.349358, 42.300023 ], [ -83.349505, 42.303633 ], [ -83.349528, 42.310819 ] ] ] } },
{ "type": "Feature", "properties": { "geoid": "26163570600", "county_name": "Wayne County", "place_name": null, "state_name": "Michigan", "state_abbr": "MI", "is_rural": false, "dci_score": 98.9, "dci_quintile": 1.0, "is_cra_lmi": false, "income_level": "NA", "is_persistent_poverty": false, "is_tribal_overlap": false, "tribal_area_name": null, "aian_pct": 0.0, "has_nmtc": false, "nmtc_projects": 0, "nmtc_total_usd": 0.0 }, "geometry": { "type": "Polygon", "coordinates": [ [ [ -83.338986, 42.286 ], [ -83.32928, 42.287687 ], [ -83.329034, 42.282327 ], [ -83.328937, 42.279867 ], [ -83.328751, 42.275106 ], [ -83.3376, 42.274965 ], [ -83.338574, 42.275031 ], [ -83.338736, 42.279723 ], [ -83.338986, 42.286 ] ] ] } },
{ "type": "Feature", "properties": { "geoid": "26163572600", "county_name": "Wayne County", "place_name": null, "state_name": "Michigan", "state_abbr": "MI", "is_rural": false, "dci_score": 89.2, "dci_quintile": 2.0, "is_cra_lmi": false, "income_level": "U", "is_persistent_poverty": false, "is_tribal_overlap": false, "tribal_area_name": null, "aian_pct": 0.0, "has_nmtc": false, "nmtc_projects": 0, "nmtc_total_usd": 0.0 }, "geometry": { "type": "Polygon", "coordinates": [ [ [ -83.289968, 42.281295 ], [ -83.285158, 42.281416 ], [ -83.280355, 42.281521 ], [ -83.2711, 42.281723 ], [ -83.270634, 42.281736 ], [ -83.270394, 42.276323 ], [ -83.270204, 42.272745 ], [ -83.270134, 42.269141 ], [ -83.270483, 42.269131 ], [ -83.284711, 42.268788 ], [ -83.289535, 42.268685 ], [ -83.289776, 42.275896 ], [ -83.289871, 42.278613 ], [ -83.289968, 42.281295 ] ] ] } },
{ "type": "Feature", "properties": { "geoid": "26163536100", "county_name": "Wayne County", "place_name": null, "state_name": "Michigan", "state_abbr": "MI", "is_rural": false, "dci_score": 85.9, "dci_quintile": 2.0, "is_cra_lmi": true, "income_level": "L", "is_persistent_poverty": false, "is_tribal_overlap": false, "tribal_area_name": null, "aian_pct": 0.0, "has_nmtc": true, "nmtc_projects": 3, "nmtc_total_usd": 400000.0 }, "geometry": { "type": "Polygon", "coordinates": [ [ [ -83.160324, 42.416932 ], [ -83.15596, 42.417011 ], [ -83.151166, 42.417098 ], [ -83.146316, 42.41713 ], [ -83.146204, 42.41713 ], [ -83.140836, 42.417147 ], [ -83.140537, 42.409904 ], [ -83.145904, 42.409851 ], [ -83.150799, 42.4098 ], [ -83.150955, 42.409798 ], [ -83.160004, 42.409707 ], [ -83.160113, 42.412146 ], [ -83.160324, 42.416932 ] ] ] } },
{ "type": "Feature", "properties": { "geoid": "26163501300", "county_name": "Wayne County", "place_name": null, "state_name": "Michigan", "state_abbr": "MI", "is_rural": false, "dci_score": 97.9, "dci_quintile": 1.0, "is_cra_lmi": true, "income_level": "M", "is_persistent_poverty": false, "is_tribal_overlap": false, "tribal_area_name": null, "aian_pct": 0.0, "has_nmtc": false, "nmtc_projects": 0, "nmtc_total_usd": 0.0 }, "geometry": { "type": "Polygon", "coordinates": [ [ [ -82.960329, 42.405048 ], [ -82.960054, 42.405133 ], [ -82.955612, 42.406468 ], [ -82.950309, 42.408051 ], [ -82.94858, 42.409064 ], [ -82.948214, 42.409091 ], [ -82.946009, 42.409729 ], [ -82.944127, 42.40685 ], [ -82.940957, 42.401992 ], [ -82.946729, 42.399875 ], [ -82.954492, 42.397021 ], [ -82.957542, 42.401141 ], [ -82.958102, 42.401723 ], [ -82.960246, 42.404924 ], [ -82.960329, 42.405048 ] ] ] } },
{ "type": "Feature", "properties": { "geoid": "26163570400", "county_name": "Wayne County", "place_name": "Pontiac", "state_name": "Michigan", "state_abbr": "MI", "is_rural": false, "dci_score": 98.9, "dci_quintile": 1.0, "is_cra_lmi": true, "income_level": "M", "is_persistent_poverty": false, "is_tribal_overlap": false, "tribal_area_name": null, "aian_pct": 0.0, "has_nmtc": false, "nmtc_projects": 0, "nmtc_total_usd": 0.0 }, "geometry": { "type": "Polygon", "coordinates": [ [ [ -83.330535, 42.31124 ], [ -83.320857, 42.311427 ], [ -83.310867, 42.311709 ], [ -83.310525, 42.304451 ], [ -83.310336, 42.299972 ], [ -83.310316, 42.299328 ], [ -83.310233, 42.297272 ], [ -83.309907, 42.290967 ], [ -83.32928, 42.287687 ], [ -83.329432, 42.291082 ], [ -83.329828, 42.299194 ], [ -83.330131, 42.304025 ], [ -83.330535, 42.31124 ] ] ] } },
{ "type": "Feature", "properties": { "geoid": "26163533000", "county_name": "Wayne County", "place_name": null, "state_name": "Michigan", "state_abbr": "MI", "is_rural": false, "dci_score": 93.5, "dci_quintile": 1.0, "is_cra_lmi": true, "income_level": "L", "is_persistent_poverty": false, "is_tribal_overlap": false, "tribal_area_name": null, "aian_pct": 0.0, "has_nmtc": false, "nmtc_projects": 0, "nmtc_total_usd": 0.0 }, "geometry": { "type": "Polygon", "coordinates": [ [ [ -83.104635, 42.367284 ], [ -83.099143, 42.369372 ], [ -83.095542, 42.370693 ], [ -83.095342, 42.370766 ], [ -83.094025, 42.368765 ], [ -83.091528, 42.364991 ], [ -83.090702, 42.363731 ], [ -83.091027, 42.363609 ], [ -83.094512, 42.362313 ], [ -83.097381, 42.361248 ], [ -83.099947, 42.360302 ], [ -83.104635, 42.367284 ] ] ] } },
{ "type": "Feature", "properties": { "geoid": "26163531700", "county_name": "Wayne County", "place_name": null, "state_name": "Michigan", "state_abbr": "MI", "is_rural": false, "dci_score": 99.3, "dci_quintile": 1.0, "is_cra_lmi": true, "income_level": "M", "is_persistent_poverty": false, "is_tribal_overlap": false, "tribal_area_name": null, "aian_pct": 0.0, "has_nmtc": false, "nmtc_projects": 0, "nmtc_total_usd": 0.0 }, "geometry": { "type": "Polygon", "coordinates": [ [ [ -83.125385, 42.398015 ], [ -83.115777, 42.401587 ], [ -83.112089, 42.403031 ], [ -83.109119, 42.398749 ], [ -83.109048, 42.398585 ], [ -83.109779, 42.398337 ], [ -83.113195, 42.396299 ], [ -83.12203, 42.393019 ], [ -83.123587, 42.395336 ], [ -83.125385, 42.398015 ] ] ] } },
{ "type": "Feature", "properties": { "geoid": "26163566400", "county_name": "Wayne County", "place_name": null, "state_name": "Michigan", "state_abbr": "MI", "is_rural": false, "dci_score": 69.7, "dci_quintile": 3.0, "is_cra_lmi": false, "income_level": "U", "is_persistent_poverty": false, "is_tribal_overlap": false, "tribal_area_name": null, "aian_pct": 0.0, "has_nmtc": false, "nmtc_projects": 0, "nmtc_total_usd": 0.0 }, "geometry": { "type": "Polygon", "coordinates": [ [ [ -83.381219, 42.28573 ], [ -83.377898, 42.285792 ], [ -83.378042, 42.28849 ], [ -83.376728, 42.288509 ], [ -83.363571, 42.288783 ], [ -83.350946, 42.288954 ], [ -83.348939, 42.289186 ], [ -83.348659, 42.284375 ], [ -83.354754, 42.283378 ], [ -83.363194, 42.281928 ], [ -83.372866, 42.280286 ], [ -83.378226, 42.279392 ], [ -83.378217, 42.281128 ], [ -83.377737, 42.281405 ], [ -83.377776, 42.282329 ], [ -83.381123, 42.282857 ], [ -83.381219, 42.28573 ] ] ] } },
{ "type": "Feature", "properties": { "geoid": "26163530500", "county_name": "Wayne County", "place_name": null, "state_name": "Michigan", "state_abbr": "MI", "is_rural": false, "dci_score": 98.1, "dci_quintile": 1.0, "is_cra_lmi": true, "income_level": "M", "is_persistent_poverty": false, "is_tribal_overlap": false, "tribal_area_name": null, "aian_pct": 0.0, "has_nmtc": false, "nmtc_projects": 0, "nmtc_total_usd": 0.0 }, "geometry": { "type": "Polygon", "coordinates": [ [ [ -83.13954, 42.386493 ], [ -83.138621, 42.386775 ], [ -83.130873, 42.389743 ], [ -83.129479, 42.387677 ], [ -83.126743, 42.383604 ], [ -83.131195, 42.381864 ], [ -83.134917, 42.380454 ], [ -83.139221, 42.378818 ], [ -83.139317, 42.381185 ], [ -83.139431, 42.383889 ], [ -83.13954, 42.386493 ] ] ] } },
{ "type": "Feature", "properties": { "geoid": "26163526300", "county_name": "Wayne County", "place_name": null, "state_name": "Michigan", "state_abbr": "MI", "is_rural": false, "dci_score": 92.8, "dci_quintile": 1.0, "is_cra_lmi": true, "income_level": "L", "is_persistent_poverty": false, "is_tribal_overlap": false, "tribal_area_name": null, "aian_pct": 0.0, "has_nmtc": false, "nmtc_projects": 0, "nmtc_total_usd": 0.0 }, "geometry": { "type": "Polygon", "coordinates": [ [ [ -83.145862, 42.344747 ], [ -83.13951, 42.344888 ], [ -83.137789, 42.344927 ], [ -83.137086, 42.344047 ], [ -83.132965, 42.338622 ], [ -83.13031, 42.335154 ], [ -83.136347, 42.332855 ], [ -83.138412, 42.332315 ], [ -83.140744, 42.335507 ], [ -83.143467, 42.339291 ], [ -83.143628, 42.339228 ], [ -83.145169, 42.341335 ], [ -83.145862, 42.344747 ] ] ] } },
{ "type": "Feature", "properties": { "geoid": "26163523800", "county_name": "Wayne County", "place_name": null, "state_name": "Michigan", "state_abbr": "MI", "is_rural": false, "dci_score": 97.3, "dci_quintile": 1.0, "is_cra_lmi": true, "income_level": "M", "is_persistent_poverty": false, "is_tribal_overlap": false, "tribal_area_name": null, "aian_pct": 0.0, "has_nmtc": false, "nmtc_projects": 0, "nmtc_total_usd": 0.0 }, "geometry": { "type": "Polygon", "coordinates": [ [ [ -83.125345, 42.298775 ], [ -83.120176, 42.306254 ], [ -83.118037, 42.309354 ], [ -83.116615, 42.311412 ], [ -83.115031, 42.313705 ], [ -83.113712, 42.315616 ], [ -83.111471, 42.318923 ], [ -83.110908, 42.318149 ], [ -83.109894, 42.316516 ], [ -83.109978, 42.315614 ], [ -83.107447, 42.312111 ], [ -83.104295, 42.307768 ], [ -83.105763, 42.307 ], [ -83.109165, 42.305626 ], [ -83.113988, 42.303705 ], [ -83.121279, 42.30065 ], [ -83.124815, 42.298023 ], [ -83.125345, 42.298775 ] ] ] } },
{ "type": "Feature", "properties": { "geoid": "26163546700", "county_name": "Wayne County", "place_name": null, "state_name": "Michigan", "state_abbr": "MI", "is_rural": false, "dci_score": 97.3, "dci_quintile": 1.0, "is_cra_lmi": true, "income_level": "M", "is_persistent_poverty": false, "is_tribal_overlap": false, "tribal_area_name": null, "aian_pct": 0.0, "has_nmtc": false, "nmtc_projects": 0, "nmtc_total_usd": 0.0 }, "geometry": { "type": "Polygon", "coordinates": [ [ [ -83.236039, 42.364704 ], [ -83.234822, 42.364726 ], [ -83.226336, 42.364887 ], [ -83.217929, 42.365053 ], [ -83.21718, 42.365197 ], [ -83.216568, 42.365259 ], [ -83.216561, 42.364729 ], [ -83.216581, 42.357845 ], [ -83.226212, 42.357709 ], [ -83.235953, 42.357573 ], [ -83.236039, 42.364704 ] ] ] } },
{ "type": "Feature", "properties": { "geoid": "26163566700", "county_name": "Wayne County", "place_name": null, "state_name": "Michigan", "state_abbr": "MI", "is_rural": false, "dci_score": 69.7, "dci_quintile": 3.0, "is_cra_lmi": true, "income_level": "M", "is_persistent_poverty": false, "is_tribal_overlap": false, "tribal_area_name": null, "aian_pct": 0.0, "has_nmtc": false, "nmtc_projects": 0, "nmtc_total_usd": 0.0 }, "geometry": { "type": "Polygon", "coordinates": [ [ [ -83.427112, 42.279204 ], [ -83.414666, 42.278233 ], [ -83.406773, 42.279788 ], [ -83.398274, 42.281373 ], [ -83.397228, 42.281418 ], [ -83.397064, 42.276248 ], [ -83.386477, 42.277949 ], [ -83.378226, 42.279392 ], [ -83.377977, 42.274017 ], [ -83.37743, 42.274027 ], [ -83.377201, 42.26786 ], [ -83.382099, 42.267661 ], [ -83.382084, 42.266724 ], [ -83.388998, 42.266591 ], [ -83.396763, 42.266437 ], [ -83.416409, 42.266053 ], [ -83.424126, 42.265714 ], [ -83.426583, 42.265857 ], [ -83.42679, 42.271163 ], [ -83.427112, 42.279204 ] ] ] } },
{ "type": "Feature", "properties": { "geoid": "26163545800", "county_name": "Wayne County", "place_name": null, "state_name": "Michigan", "state_abbr": "MI", "is_rural": false, "dci_score": 97.3, "dci_quintile": 1.0, "is_cra_lmi": true, "income_level": "L", "is_persistent_poverty": false, "is_tribal_overlap": false, "tribal_area_name": null, "aian_pct": 0.0, "has_nmtc": false, "nmtc_projects": 0, "nmtc_total_usd": 0.0 }, "geometry": { "type": "Polygon", "coordinates": [ [ [ -83.237846, 42.343086 ], [ -83.235387, 42.343126 ], [ -83.232922, 42.343165 ], [ -83.225646, 42.343278 ], [ -83.216231, 42.343366 ], [ -83.215937, 42.336128 ], [ -83.225412, 42.336003 ], [ -83.232643, 42.335897 ], [ -83.235105, 42.335834 ], [ -83.237568, 42.335736 ], [ -83.237846, 42.343086 ] ] ] } },
{ "type": "Feature", "properties": { "geoid": "26163545200", "county_name": "Wayne County", "place_name": null, "state_name": "Michigan", "state_abbr": "MI", "is_rural": false, "dci_score": 96.0, "dci_quintile": 1.0, "is_cra_lmi": true, "income_level": "M", "is_persistent_poverty": false, "is_tribal_overlap": false, "tribal_area_name": null, "aian_pct": 0.0, "has_nmtc": false, "nmtc_projects": 0, "nmtc_total_usd": 0.0 }, "geometry": { "type": "Polygon", "coordinates": [ [ [ -83.216585, 42.372257 ], [ -83.214434, 42.372294 ], [ -83.205978, 42.372455 ], [ -83.202329, 42.372495 ], [ -83.19756, 42.37256 ], [ -83.197364, 42.367849 ], [ -83.197286, 42.365365 ], [ -83.202667, 42.365293 ], [ -83.209377, 42.365178 ], [ -83.214947, 42.365081 ], [ -83.216568, 42.365259 ], [ -83.216769, 42.372255 ], [ -83.216585, 42.372257 ] ] ] } },
{ "type": "Feature", "properties": { "geoid": "26163544300", "county_name": "Wayne County", "place_name": null, "state_name": "Michigan", "state_abbr": "MI", "is_rural": false, "dci_score": 92.8, "dci_quintile": 1.0, "is_cra_lmi": true, "income_level": "L", "is_persistent_poverty": false, "is_tribal_overlap": false, "tribal_area_name": null, "aian_pct": 0.0, "has_nmtc": false, "nmtc_projects": 0, "nmtc_total_usd": 0.0 }, "geometry": { "type": "Polygon", "coordinates": [ [ [ -83.286698, 42.414252 ], [ -83.276967, 42.414535 ], [ -83.26632, 42.414727 ], [ -83.265706, 42.413438 ], [ -83.2672, 42.412433 ], [ -83.266676, 42.40024 ], [ -83.272117, 42.399955 ], [ -83.275725, 42.400096 ], [ -83.275941, 42.407281 ], [ -83.276681, 42.407278 ], [ -83.286463, 42.407 ], [ -83.286698, 42.414252 ] ] ] } },
{ "type": "Feature", "properties": { "geoid": "26163517500", "county_name": "Wayne County", "place_name": null, "state_name": "Michigan", "state_abbr": "MI", "is_rural": false, "dci_score": 97.1, "dci_quintile": 1.0, "is_cra_lmi": true, "income_level": "L", "is_persistent_poverty": false, "is_tribal_overlap": false, "tribal_area_name": null, "aian_pct": 0.0, "has_nmtc": true, "nmtc_projects": 3, "nmtc_total_usd": 37845174.0 }, "geometry": { "type": "Polygon", "coordinates": [ [ [ -83.064287, 42.356785 ], [ -83.062088, 42.357591 ], [ -83.058689, 42.359204 ], [ -83.054241, 42.360835 ], [ -83.05144, 42.356632 ], [ -83.047821, 42.351218 ], [ -83.051888, 42.349728 ], [ -83.053605, 42.34923 ], [ -83.055861, 42.348267 ], [ -83.057877, 42.347381 ], [ -83.060017, 42.350577 ], [ -83.061463, 42.352707 ], [ -83.062994, 42.354743 ], [ -83.064287, 42.356785 ] ] ] } },
{ "type": "Feature", "properties": { "geoid": "26163516800", "county_name": "Wayne County", "place_name": null, "state_name": "Michigan", "state_abbr": "MI", "is_rural": false, "dci_score": 87.5, "dci_quintile": 2.0, "is_cra_lmi": true, "income_level": "M", "is_persistent_poverty": false, "is_tribal_overlap": false, "tribal_area_name": null, "aian_pct": 0.0, "has_nmtc": false, "nmtc_projects": 0, "nmtc_total_usd": 0.0 }, "geometry": { "type": "Polygon", "coordinates": [ [ [ -83.034858, 42.348569 ], [ -83.032046, 42.352495 ], [ -83.029003, 42.357142 ], [ -83.023962, 42.364836 ], [ -83.021613, 42.361291 ], [ -83.017474, 42.355026 ], [ -83.025572, 42.351926 ], [ -83.030311, 42.349866 ], [ -83.03324, 42.348678 ], [ -83.034858, 42.348569 ] ] ] } },
{ "type": "Feature", "properties": { "geoid": "26163542300", "county_name": "Wayne County", "place_name": null, "state_name": "Michigan", "state_abbr": "MI", "is_rural": false, "dci_score": 95.9, "dci_quintile": 1.0, "is_cra_lmi": false, "income_level": "NA", "is_persistent_poverty": false, "is_tribal_overlap": false, "tribal_area_name": null, "aian_pct": 0.0, "has_nmtc": false, "nmtc_projects": 0, "nmtc_total_usd": 0.0 }, "geometry": { "type": "Polygon", "coordinates": [ [ [ -83.218386, 42.401121 ], [ -83.208411, 42.401292 ], [ -83.202937, 42.40141 ], [ -83.198695, 42.401513 ], [ -83.198422, 42.394273 ], [ -83.198365, 42.392657 ], [ -83.206386, 42.395894 ], [ -83.208225, 42.396637 ], [ -83.218385, 42.400738 ], [ -83.218386, 42.401121 ] ] ] } },
{ "type": "Feature", "properties": { "geoid": "26163513700", "county_name": "Wayne County", "place_name": "Coldwater", "state_name": "Michigan", "state_abbr": "MI", "is_rural": false, "dci_score": 94.8, "dci_quintile": 1.0, "is_cra_lmi": false, "income_level": "U", "is_persistent_poverty": false, "is_tribal_overlap": false, "tribal_area_name": null, "aian_pct": 0.0, "has_nmtc": true, "nmtc_projects": 1, "nmtc_total_usd": 4850000.0 }, "geometry": { "type": "Polygon", "coordinates": [ [ [ -82.978884, 42.363058 ], [ -82.970611, 42.366982 ], [ -82.964932, 42.369208 ], [ -82.958905, 42.370001 ], [ -82.949209, 42.370953 ], [ -82.946696, 42.371917 ], [ -82.944775, 42.368977 ], [ -82.943286, 42.366521 ], [ -82.942203, 42.364881 ], [ -82.94654, 42.36306 ], [ -82.952869, 42.360614 ], [ -82.954809, 42.361902 ], [ -82.956646, 42.364712 ], [ -82.957867, 42.364272 ], [ -82.952975436003399, 42.354976485651299 ], [ -82.955804, 42.35467 ], [ -82.964455, 42.355166 ], [ -82.966593088111694, 42.352887020532897 ], [ -82.97202, 42.353359 ], [ -82.973363, 42.355328 ], [ -82.978884, 42.363058 ] ] ] } },
{ "type": "Feature", "properties": { "geoid": "26163511400", "county_name": "Wayne County", "place_name": null, "state_name": "Michigan", "state_abbr": "MI", "is_rural": false, "dci_score": 91.4, "dci_quintile": 1.0, "is_cra_lmi": true, "income_level": "M", "is_persistent_poverty": false, "is_tribal_overlap": false, "tribal_area_name": null, "aian_pct": 0.0, "has_nmtc": false, "nmtc_projects": 0, "nmtc_total_usd": 0.0 }, "geometry": { "type": "Polygon", "coordinates": [ [ [ -83.088665, 42.393102 ], [ -83.079728, 42.396482 ], [ -83.07377, 42.398786 ], [ -83.071192, 42.395605 ], [ -83.069272, 42.393232 ], [ -83.069134, 42.393056 ], [ -83.070038, 42.390163 ], [ -83.069052, 42.387511 ], [ -83.068331, 42.386431 ], [ -83.071535, 42.384476 ], [ -83.074765, 42.383261 ], [ -83.080593, 42.381113 ], [ -83.081738, 42.382815 ], [ -83.085636, 42.388605 ], [ -83.088665, 42.393102 ] ] ] } },
{ "type": "Feature", "properties": { "geoid": "26099263800", "county_name": "Macomb County", "place_name": null, "state_name": "Michigan", "state_abbr": "MI", "is_rural": false, "dci_score": 91.0, "dci_quintile": 1.0, "is_cra_lmi": true, "income_level": "M", "is_persistent_poverty": false, "is_tribal_overlap": false, "tribal_area_name": null, "aian_pct": 0.0, "has_nmtc": false, "nmtc_projects": 0, "nmtc_total_usd": 0.0 }, "geometry": { "type": "Polygon", "coordinates": [ [ [ -83.035066, 42.4628 ], [ -83.031044, 42.462931 ], [ -83.026716, 42.463087 ], [ -83.026349, 42.455688 ], [ -83.02565, 42.452463 ], [ -83.024745, 42.448159 ], [ -83.034519, 42.447936 ], [ -83.034672, 42.452218 ], [ -83.034701, 42.453074 ], [ -83.034847, 42.457049 ], [ -83.035066, 42.4628 ] ] ] } },
{ "type": "Feature", "properties": { "geoid": "26077002907", "county_name": "Kalamazoo County", "place_name": null, "state_name": "Michigan", "state_abbr": "MI", "is_rural": false, "dci_score": 30.3, "dci_quintile": 5.0, "is_cra_lmi": true, "income_level": "L", "is_persistent_poverty": false, "is_tribal_overlap": false, "tribal_area_name": null, "aian_pct": 0.0, "has_nmtc": false, "nmtc_projects": 0, "nmtc_total_usd": 0.0 }, "geometry": { "type": "Polygon", "coordinates": [ [ [ -85.663565, 42.295964 ], [ -85.648162, 42.296293 ], [ -85.64823, 42.285863 ], [ -85.648236, 42.284223 ], [ -85.648235, 42.282599 ], [ -85.648248, 42.281124 ], [ -85.648253, 42.280152 ], [ -85.648266, 42.278134 ], [ -85.648276, 42.276706 ], [ -85.648282, 42.276142 ], [ -85.648289, 42.275398 ], [ -85.648317, 42.269702 ], [ -85.648369, 42.259895 ], [ -85.651036, 42.259871 ], [ -85.651452, 42.260637 ], [ -85.65357, 42.26859 ], [ -85.655924, 42.277579 ], [ -85.656058, 42.278051 ], [ -85.657307, 42.282653 ], [ -85.658332, 42.284765 ], [ -85.662481, 42.290424 ], [ -85.663069, 42.291656 ], [ -85.663551, 42.293438 ], [ -85.663565, 42.295964 ] ] ] } },
{ "type": "Feature", "properties": { "geoid": "26099258400", "county_name": "Macomb County", "place_name": null, "state_name": "Michigan", "state_abbr": "MI", "is_rural": false, "dci_score": 81.5, "dci_quintile": 2.0, "is_cra_lmi": true, "income_level": "L", "is_persistent_poverty": false, "is_tribal_overlap": false, "tribal_area_name": null, "aian_pct": 0.0, "has_nmtc": false, "nmtc_projects": 0, "nmtc_total_usd": 0.0 }, "geometry": { "type": "Polygon", "coordinates": [ [ [ -82.956274, 42.467655 ], [ -82.953308, 42.472163 ], [ -82.950697, 42.472196 ], [ -82.949993, 42.472186 ], [ -82.946052, 42.472235 ], [ -82.940435, 42.472416 ], [ -82.933701, 42.472622 ], [ -82.933288, 42.472637 ], [ -82.92705, 42.472826 ], [ -82.926894, 42.465456 ], [ -82.933063, 42.465256 ], [ -82.935349, 42.465193 ], [ -82.937489, 42.465123 ], [ -82.940197, 42.465045 ], [ -82.941657, 42.465002 ], [ -82.945796, 42.464877 ], [ -82.946792, 42.464844 ], [ -82.949775, 42.464772 ], [ -82.950011, 42.464767 ], [ -82.956213, 42.464604 ], [ -82.958262, 42.464594 ], [ -82.956274, 42.467655 ] ] ] } },
{ "type": "Feature", "properties": { "geoid": "26099247100", "county_name": "Macomb County", "place_name": null, "state_name": "Michigan", "state_abbr": "MI", "is_rural": false, "dci_score": 36.6, "dci_quintile": 5.0, "is_cra_lmi": false, "income_level": "NA", "is_persistent_poverty": false, "is_tribal_overlap": false, "tribal_area_name": null, "aian_pct": 0.0, "has_nmtc": false, "nmtc_projects": 0, "nmtc_total_usd": 0.0 }, "geometry": { "type": "Polygon", "coordinates": [ [ [ -82.860828, 42.61668 ], [ -82.860582, 42.619625 ], [ -82.860431, 42.621281 ], [ -82.856017, 42.621465 ], [ -82.856131, 42.630234 ], [ -82.849796, 42.630391 ], [ -82.849453, 42.630395 ], [ -82.851292, 42.627346 ], [ -82.850207, 42.627199 ], [ -82.851303, 42.622712 ], [ -82.851782, 42.621361 ], [ -82.852172, 42.614824 ], [ -82.851005, 42.614781 ], [ -82.852385, 42.593023 ], [ -82.854235, 42.592662 ], [ -82.85713, 42.590787 ], [ -82.859062, 42.591163 ], [ -82.859453, 42.59154 ], [ -82.860116, 42.592933 ], [ -82.858935, 42.592454 ], [ -82.858392, 42.592686 ], [ -82.857502, 42.595254 ], [ -82.856568, 42.608549 ], [ -82.856909, 42.609721 ], [ -82.861294, 42.609875 ], [ -82.860828, 42.61668 ] ] ] } },
{ "type": "Feature", "properties": { "geoid": "26099256800", "county_name": "Macomb County", "place_name": null, "state_name": "Michigan", "state_abbr": "MI", "is_rural": false, "dci_score": 71.1, "dci_quintile": 3.0, "is_cra_lmi": true, "income_level": "L", "is_persistent_poverty": false, "is_tribal_overlap": false, "tribal_area_name": null, "aian_pct": 0.0, "has_nmtc": false, "nmtc_projects": 0, "nmtc_total_usd": 0.0 }, "geometry": { "type": "Polygon", "coordinates": [ [ [ -82.96743, 42.486856 ], [ -82.963345, 42.486904 ], [ -82.958652, 42.486952 ], [ -82.958585, 42.485127 ], [ -82.958405, 42.480289 ], [ -82.960805, 42.480267 ], [ -82.966182, 42.480228 ], [ -82.967175, 42.480247 ], [ -82.96743, 42.486856 ] ] ] } },
{ "type": "Feature", "properties": { "geoid": "26099256300", "county_name": "Macomb County", "place_name": null, "state_name": "Michigan", "state_abbr": "MI", "is_rural": false, "dci_score": 71.1, "dci_quintile": 3.0, "is_cra_lmi": true, "income_level": "M", "is_persistent_poverty": false, "is_tribal_overlap": false, "tribal_area_name": null, "aian_pct": 0.0, "has_nmtc": false, "nmtc_projects": 0, "nmtc_total_usd": 0.0 }, "geometry": { "type": "Polygon", "coordinates": [ [ [ -82.938805, 42.494264 ], [ -82.931013, 42.494437 ], [ -82.928678, 42.494603 ], [ -82.928108, 42.49461 ], [ -82.928, 42.490918 ], [ -82.930124, 42.490906 ], [ -82.930008, 42.487565 ], [ -82.93559, 42.487415 ], [ -82.936505, 42.48738 ], [ -82.943454, 42.487185 ], [ -82.938805, 42.494264 ] ] ] } },
{ "type": "Feature", "properties": { "geoid": "26101000100", "county_name": "Manistee County", "place_name": null, "state_name": "Michigan", "state_abbr": "MI", "is_rural": true, "dci_score": 72.7, "dci_quintile": 3.0, "is_cra_lmi": false, "income_level": "U", "is_persistent_poverty": false, "is_tribal_overlap": false, "tribal_area_name": null, "aian_pct": 0.0, "has_nmtc": false, "nmtc_projects": 0, "nmtc_total_usd": 0.0 }, "geometry": { "type": "Polygon", "coordinates": [ [ [ -86.12812, 44.431305 ], [ -86.122746, 44.452359 ], [ -86.120217, 44.46337 ], [ -86.120232, 44.476905 ], [ -86.119389, 44.47831 ], [ -86.11451, 44.483365 ], [ -86.111064, 44.487985 ], [ -86.108301, 44.493951 ], [ -86.104333, 44.500064 ], [ -86.103546, 44.502226 ], [ -86.104777, 44.513286 ], [ -86.104931, 44.514515 ], [ -86.105066, 44.515722 ], [ -86.073086, 44.514995 ], [ -86.068861, 44.514898 ], [ -86.060511, 44.514757 ], [ -86.019449, 44.514005 ], [ -85.979289, 44.513459 ], [ -85.949062, 44.51324 ], [ -85.938933, 44.513187 ], [ -85.928814, 44.513172 ], [ -85.889123, 44.513024 ], [ -85.858316, 44.51303 ], [ -85.817802, 44.512969 ], [ -85.817755, 44.497737 ], [ -85.817888, 44.488493 ], [ -85.818005, 44.481219 ], [ -85.817906, 44.480766 ], [ -85.819085, 44.424498 ], [ -85.820618, 44.375469 ], [ -85.823688, 44.374563 ], [ -85.828623, 44.372417 ], [ -85.832306, 44.373494 ], [ -85.841361, 44.374211 ], [ -85.860249, 44.374501 ], [ -85.862021, 44.37453 ], [ -85.870292, 44.374456 ], [ -85.880157, 44.374411 ], [ -85.880391, 44.367137 ], [ -85.940423, 44.367843 ], [ -85.950635, 44.367631 ], [ -85.98081, 44.368996 ], [ -85.980754, 44.354382 ], [ -85.980342, 44.347024 ], [ -85.980663, 44.343837 ], [ -85.98938, 44.34409 ], [ -85.990646, 44.343435 ], [ -85.991118, 44.340634 ], [ -86.0208, 44.341204 ], [ -86.055895, 44.342035 ], [ -86.055394, 44.357044 ], [ -86.054447, 44.359369 ], [ -86.054445, 44.363442 ], [ -86.061041, 44.363536 ], [ -86.060901, 44.370745 ], [ -86.060694, 44.374511 ], [ -86.060182, 44.385284 ], [ -86.060227, 44.388894 ], [ -86.060257, 44.392765 ], [ -86.060236, 44.395844 ], [ -86.060204, 44.410376 ], [ -86.060195, 44.417636 ], [ -86.060219, 44.421754 ], [ -86.060238, 44.425265 ], [ -86.060238, 44.428969 ], [ -86.070147, 44.429294 ], [ -86.079988, 44.429645 ], [ -86.100014, 44.430327 ], [ -86.12845, 44.430859 ], [ -86.12812, 44.431305 ] ] ] } },
{ "type": "Feature", "properties": { "geoid": "26107960900", "county_name": "Mecosta County", "place_name": null, "state_name": "Michigan", "state_abbr": "MI", "is_rural": true, "dci_score": 39.8, "dci_quintile": 5.0, "is_cra_lmi": false, "income_level": "U", "is_persistent_poverty": false, "is_tribal_overlap": false, "tribal_area_name": null, "aian_pct": 0.0, "has_nmtc": false, "nmtc_projects": 0, "nmtc_total_usd": 0.0 }, "geometry": { "type": "Polygon", "coordinates": [ [ [ -85.38717, 43.621213 ], [ -85.386797, 43.621948 ], [ -85.385229, 43.622796 ], [ -85.384503, 43.62342 ], [ -85.384398, 43.623838 ], [ -85.384253, 43.641275 ], [ -85.364199, 43.641196 ], [ -85.344811, 43.641123 ], [ -85.344363, 43.65569 ], [ -85.32436, 43.655421 ], [ -85.285204, 43.655241 ], [ -85.221294, 43.654638 ], [ -85.215655, 43.654776 ], [ -85.205673, 43.654751 ], [ -85.195969, 43.654555 ], [ -85.195717, 43.643021 ], [ -85.193464, 43.642356 ], [ -85.193474, 43.640416 ], [ -85.195357, 43.638147 ], [ -85.194895, 43.611599 ], [ -85.20522, 43.611406 ], [ -85.205047, 43.597346 ], [ -85.264851, 43.597896 ], [ -85.265539, 43.594169 ], [ -85.264787, 43.590652 ], [ -85.284768, 43.59053 ], [ -85.286407, 43.590539 ], [ -85.319385, 43.590737 ], [ -85.324019, 43.590397 ], [ -85.324173, 43.590384 ], [ -85.363393, 43.591066 ], [ -85.375359, 43.59105 ], [ -85.383941, 43.591299 ], [ -85.384502, 43.616623 ], [ -85.384509, 43.618996 ], [ -85.384952, 43.619435 ], [ -85.3869, 43.620765 ], [ -85.38717, 43.621213 ] ] ] } },
{ "type": "Feature", "properties": { "geoid": "26107960500", "county_name": "Mecosta County", "place_name": null, "state_name": "Michigan", "state_abbr": "MI", "is_rural": true, "dci_score": 73.1, "dci_quintile": 3.0, "is_cra_lmi": true, "income_level": "M", "is_persistent_poverty": false, "is_tribal_overlap": false, "tribal_area_name": null, "aian_pct": 0.0, "has_nmtc": false, "nmtc_projects": 0, "nmtc_total_usd": 0.0 }, "geometry": { "type": "Polygon", "coordinates": [ [ [ -85.532628, 43.728448 ], [ -85.504285, 43.72836 ], [ -85.503527, 43.728249 ], [ -85.500247, 43.728249 ], [ -85.495577, 43.726809 ], [ -85.494491, 43.725077 ], [ -85.494301, 43.721533 ], [ -85.493359, 43.718776 ], [ -85.490349, 43.715067 ], [ -85.488153, 43.712688 ], [ -85.487279, 43.712193 ], [ -85.484533, 43.710394 ], [ -85.484169, 43.708653 ], [ -85.481498, 43.708867 ], [ -85.480142, 43.709132 ], [ -85.47793, 43.710103 ], [ -85.478965, 43.711231 ], [ -85.479028, 43.720293 ], [ -85.478953, 43.728171 ], [ -85.478669, 43.73141 ], [ -85.478644, 43.731552 ], [ -85.473692, 43.73174 ], [ -85.473845, 43.72817 ], [ -85.473982, 43.723894 ], [ -85.461179, 43.724 ], [ -85.449288, 43.724408 ], [ -85.448616, 43.72806 ], [ -85.443841, 43.728067 ], [ -85.435715, 43.728038 ], [ -85.435394, 43.722162 ], [ -85.434732, 43.720974 ], [ -85.435526, 43.71739 ], [ -85.444063, 43.717188 ], [ -85.443927, 43.700211 ], [ -85.444698, 43.700049 ], [ -85.44736, 43.698946 ], [ -85.453692, 43.698596 ], [ -85.461099, 43.698651 ], [ -85.463586, 43.698667 ], [ -85.46381, 43.698673 ], [ -85.471395, 43.698467 ], [ -85.473229, 43.700604 ], [ -85.475014, 43.699711 ], [ -85.476426, 43.698665 ], [ -85.477416, 43.698402 ], [ -85.480458, 43.698362 ], [ -85.483961, 43.698328 ], [ -85.484012, 43.702064 ], [ -85.487047, 43.702048 ], [ -85.489996, 43.701978 ], [ -85.49099, 43.701947 ], [ -85.496261, 43.702052 ], [ -85.498846, 43.70217 ], [ -85.502621, 43.702295 ], [ -85.524133, 43.704325 ], [ -85.524032, 43.697488 ], [ -85.523435, 43.695546 ], [ -85.524956, 43.695687 ], [ -85.526964, 43.699883 ], [ -85.527817, 43.702925 ], [ -85.532231, 43.725305 ], [ -85.532628, 43.728448 ] ] ] } },
{ "type": "Feature", "properties": { "geoid": "26117970400", "county_name": "Montcalm County", "place_name": null, "state_name": "Michigan", "state_abbr": "MI", "is_rural": true, "dci_score": 57.3, "dci_quintile": 4.0, "is_cra_lmi": true, "income_level": "M", "is_persistent_poverty": false, "is_tribal_overlap": false, "tribal_area_name": null, "aian_pct": 0.0, "has_nmtc": false, "nmtc_projects": 0, "nmtc_total_usd": 0.0 }, "geometry": { "type": "Polygon", "coordinates": [ [ [ -85.323425, 43.467832 ], [ -85.224263, 43.467452 ], [ -85.204278, 43.467386 ], [ -85.180185, 43.466992 ], [ -85.144618, 43.466607 ], [ -85.143803, 43.458533 ], [ -85.143832, 43.452838 ], [ -85.144131, 43.451498 ], [ -85.144826, 43.450204 ], [ -85.146102, 43.44889 ], [ -85.148557, 43.445933 ], [ -85.148856, 43.444897 ], [ -85.148992, 43.426544 ], [ -85.149035, 43.409154 ], [ -85.158301, 43.408714 ], [ -85.161344, 43.408673 ], [ -85.163821, 43.409575 ], [ -85.163813, 43.394249 ], [ -85.173755, 43.39429 ], [ -85.17912, 43.39835 ], [ -85.18372, 43.401424 ], [ -85.203669, 43.402049 ], [ -85.203755, 43.38029 ], [ -85.263207, 43.380486 ], [ -85.263163, 43.395039 ], [ -85.263366, 43.431532 ], [ -85.264291, 43.431551 ], [ -85.264595, 43.431565 ], [ -85.264836, 43.431558 ], [ -85.26535, 43.431561 ], [ -85.266304, 43.431564 ], [ -85.283244, 43.431388 ], [ -85.322985, 43.431529 ], [ -85.323362, 43.460014 ], [ -85.323374, 43.463819 ], [ -85.323425, 43.467832 ] ] ] } },
{ "type": "Feature", "properties": { "geoid": "26117970200", "county_name": "Montcalm County", "place_name": null, "state_name": "Michigan", "state_abbr": "MI", "is_rural": true, "dci_score": 72.4, "dci_quintile": 3.0, "is_cra_lmi": true, "income_level": "M", "is_persistent_poverty": false, "is_tribal_overlap": false, "tribal_area_name": null, "aian_pct": 0.0, "has_nmtc": false, "nmtc_projects": 0, "nmtc_total_usd": 0.0 }, "geometry": { "type": "Polygon", "coordinates": [ [ [ -85.088753, 43.337788 ], [ -85.086228, 43.34605 ], [ -85.085397, 43.350531 ], [ -85.085206, 43.357785 ], [ -85.084766, 43.379183 ], [ -85.084687, 43.39362 ], [ -85.084714, 43.408049 ], [ -85.084995, 43.444435 ], [ -85.084866, 43.444755 ], [ -85.082047, 43.447171 ], [ -85.081676, 43.451193 ], [ -85.083208, 43.451427 ], [ -85.08491, 43.452933 ], [ -85.084996, 43.46619 ], [ -85.005188, 43.466052 ], [ -84.965747, 43.466224 ], [ -84.965497, 43.466135 ], [ -84.965228, 43.422621 ], [ -84.965101, 43.421513 ], [ -84.963277, 43.419238 ], [ -84.963222, 43.418973 ], [ -84.963445, 43.415911 ], [ -84.965091, 43.414376 ], [ -84.965048, 43.40821 ], [ -84.965075, 43.407849 ], [ -84.965048, 43.406176 ], [ -84.965053, 43.404299 ], [ -84.965653, 43.403914 ], [ -84.975157, 43.403882 ], [ -84.97494, 43.39367 ], [ -84.964968, 43.393709 ], [ -84.964823, 43.379205 ], [ -84.969746, 43.379194 ], [ -84.985055, 43.3792 ], [ -84.985084, 43.377107 ], [ -84.985124, 43.374954 ], [ -84.985096, 43.364819 ], [ -84.985059, 43.362803 ], [ -84.9851, 43.361339 ], [ -84.984998, 43.350351 ], [ -84.985198, 43.33217 ], [ -84.984993, 43.292564 ], [ -85.014225, 43.292472 ], [ -85.063943, 43.292539 ], [ -85.06445, 43.303384 ], [ -85.064378, 43.307 ], [ -85.084746, 43.30706 ], [ -85.084712, 43.322172 ], [ -85.084919, 43.323759 ], [ -85.084643, 43.324987 ], [ -85.084927, 43.323796 ], [ -85.087535, 43.329554 ], [ -85.088173, 43.331011 ], [ -85.089023, 43.335251 ], [ -85.088753, 43.337788 ] ] ] } },
{ "type": "Feature", "properties": { "geoid": "26121000100", "county_name": "Muskegon County", "place_name": "Lansing", "state_name": "Michigan", "state_abbr": "MI", "is_rural": true, "dci_score": 86.2, "dci_quintile": 2.0, "is_cra_lmi": false, "income_level": "U", "is_persistent_poverty": false, "is_tribal_overlap": false, "tribal_area_name": null, "aian_pct": 0.0, "has_nmtc": false, "nmtc_projects": 0, "nmtc_total_usd": 0.0 }, "geometry": { "type": "Polygon", "coordinates": [ [ [ -86.224007, 43.241468 ], [ -86.223937, 43.245095 ], [ -86.223878, 43.248842 ], [ -86.211693, 43.248723 ], [ -86.204834, 43.248852 ], [ -86.204188, 43.252376 ], [ -86.203525, 43.252411 ], [ -86.198936, 43.25239 ], [ -86.198923, 43.251544 ], [ -86.193804, 43.251471 ], [ -86.189143, 43.251204 ], [ -86.189251, 43.245109 ], [ -86.191714, 43.245116 ], [ -86.191695, 43.24147 ], [ -86.19403, 43.241484 ], [ -86.194068, 43.238801 ], [ -86.196969, 43.237812 ], [ -86.204107, 43.237831 ], [ -86.204195, 43.236013 ], [ -86.205342, 43.235783 ], [ -86.207228, 43.235729 ], [ -86.210422, 43.23709 ], [ -86.215568, 43.238595 ], [ -86.219464, 43.238842 ], [ -86.222462, 43.239871 ], [ -86.224042, 43.239589 ], [ -86.224007, 43.241468 ] ] ] } },
{ "type": "Feature", "properties": { "geoid": "26121004300", "county_name": "Muskegon County", "place_name": null, "state_name": "Michigan", "state_abbr": "MI", "is_rural": true, "dci_score": 85.0, "dci_quintile": 2.0, "is_cra_lmi": true, "income_level": "M", "is_persistent_poverty": false, "is_tribal_overlap": false, "tribal_area_name": null, "aian_pct": 0.0, "has_nmtc": false, "nmtc_projects": 0, "nmtc_total_usd": 0.0 }, "geometry": { "type": "Polygon", "coordinates": [ [ [ -86.260066, 43.205237 ], [ -86.259769, 43.205221 ], [ -86.259549, 43.205211 ], [ -86.249603, 43.205095 ], [ -86.239652, 43.204984 ], [ -86.230918, 43.204899 ], [ -86.224689, 43.204841 ], [ -86.224925, 43.20148 ], [ -86.225069, 43.198147 ], [ -86.225436, 43.190819 ], [ -86.234765, 43.19048 ], [ -86.23529, 43.190133 ], [ -86.237471, 43.1916 ], [ -86.241612, 43.196199 ], [ -86.245857, 43.201073 ], [ -86.250957, 43.201109 ], [ -86.259398, 43.201164 ], [ -86.259892, 43.201169 ], [ -86.260135, 43.201172 ], [ -86.260066, 43.205237 ] ] ] } },
{ "type": "Feature", "properties": { "geoid": "26123970800", "county_name": "Newaygo County", "place_name": null, "state_name": "Michigan", "state_abbr": "MI", "is_rural": true, "dci_score": 58.1, "dci_quintile": 4.0, "is_cra_lmi": false, "income_level": "U", "is_persistent_poverty": false, "is_tribal_overlap": false, "tribal_area_name": null, "aian_pct": 0.0, "has_nmtc": false, "nmtc_projects": 0, "nmtc_total_usd": 0.0 }, "geometry": { "type": "Polygon", "coordinates": [ [ [ -85.683051, 43.48364 ], [ -85.682708, 43.4899 ], [ -85.642347, 43.489945 ], [ -85.64238, 43.493491 ], [ -85.641844, 43.555493 ], [ -85.562512, 43.555047 ], [ -85.562562, 43.54879 ], [ -85.562542, 43.540445 ], [ -85.562484, 43.526283 ], [ -85.562457, 43.51202 ], [ -85.562356, 43.489905 ], [ -85.562388, 43.468481 ], [ -85.562348, 43.46813 ], [ -85.562565, 43.426376 ], [ -85.563831, 43.427439 ], [ -85.565227, 43.426701 ], [ -85.56625, 43.427676 ], [ -85.565803, 43.427832 ], [ -85.564873, 43.427595 ], [ -85.564585, 43.427832 ], [ -85.564641, 43.428224 ], [ -85.564985, 43.428427 ], [ -85.567465, 43.429687 ], [ -85.570929, 43.431156 ], [ -85.573245, 43.430845 ], [ -85.57385, 43.431583 ], [ -85.576045, 43.43121 ], [ -85.57891, 43.429653 ], [ -85.579822, 43.432219 ], [ -85.581375, 43.432795 ], [ -85.581794, 43.431549 ], [ -85.585552, 43.431278 ], [ -85.584724, 43.42991 ], [ -85.586064, 43.429274 ], [ -85.584938, 43.428549 ], [ -85.586068, 43.426896 ], [ -85.587719, 43.428532 ], [ -85.589049, 43.427165 ], [ -85.589832, 43.42757 ], [ -85.588628, 43.430475 ], [ -85.587079, 43.430739 ], [ -85.590527, 43.430429 ], [ -85.591249, 43.429125 ], [ -85.59049, 43.427301 ], [ -85.591193, 43.426587 ], [ -85.593173, 43.428647 ], [ -85.591871, 43.429533 ], [ -85.591988, 43.430997 ], [ -85.59498, 43.431681 ], [ -85.596776, 43.42959 ], [ -85.599561, 43.431187 ], [ -85.600781, 43.429518 ], [ -85.601781, 43.431346 ], [ -85.604003, 43.430699 ], [ -85.605481, 43.432889 ], [ -85.604905, 43.434735 ], [ -85.605366, 43.43607 ], [ -85.60436, 43.437917 ], [ -85.605659, 43.438702 ], [ -85.608888, 43.437222 ], [ -85.611152, 43.437535 ], [ -85.611917, 43.43636 ], [ -85.614443, 43.435658 ], [ -85.615911, 43.438794 ], [ -85.616791, 43.438428 ], [ -85.61873, 43.435361 ], [ -85.621068, 43.436139 ], [ -85.619317, 43.436772 ], [ -85.619433, 43.438237 ], [ -85.622871, 43.43974 ], [ -85.623898, 43.438771 ], [ -85.622892, 43.437741 ], [ -85.623545, 43.435349 ], [ -85.62633, 43.436452 ], [ -85.626193, 43.43781 ], [ -85.628661, 43.438026 ], [ -85.631938, 43.439403 ], [ -85.63423, 43.438153 ], [ -85.636148, 43.438864 ], [ -85.6355, 43.440646 ], [ -85.638283, 43.443544 ], [ -85.655299, 43.443078 ], [ -85.662058, 43.4446 ], [ -85.666693, 43.446126 ], [ -85.664318, 43.43739 ], [ -85.666031, 43.4395 ], [ -85.667542, 43.439406 ], [ -85.667773, 43.436228 ], [ -85.672598, 43.439171 ], [ -85.672556, 43.461122 ], [ -85.678832, 43.461069 ], [ -85.682914, 43.463278 ], [ -85.682998, 43.468155 ], [ -85.683051, 43.48364 ] ] ] } },
{ "type": "Feature", "properties": { "geoid": "26075000200", "county_name": "Jackson County", "place_name": null, "state_name": "Michigan", "state_abbr": "MI", "is_rural": true, "dci_score": 79.5, "dci_quintile": 3.0, "is_cra_lmi": true, "income_level": "L", "is_persistent_poverty": false, "is_tribal_overlap": false, "tribal_area_name": null, "aian_pct": 0.0, "has_nmtc": false, "nmtc_projects": 0, "nmtc_total_usd": 0.0 }, "geometry": { "type": "Polygon", "coordinates": [ [ [ -84.417108, 42.265453 ], [ -84.416007, 42.26924 ], [ -84.411945, 42.26923 ], [ -84.409425, 42.269249 ], [ -84.40883, 42.269252 ], [ -84.403844, 42.269289 ], [ -84.40388, 42.267897 ], [ -84.403881, 42.261532 ], [ -84.403886, 42.254705 ], [ -84.402966, 42.2547 ], [ -84.402247, 42.252641 ], [ -84.401631, 42.250892 ], [ -84.405877, 42.249482 ], [ -84.408817, 42.250278 ], [ -84.416252, 42.250156 ], [ -84.416275, 42.252284 ], [ -84.416309, 42.252961 ], [ -84.416375, 42.258238 ], [ -84.416642, 42.258977 ], [ -84.417378, 42.260656 ], [ -84.417108, 42.265453 ] ] ] } },
{ "type": "Feature", "properties": { "geoid": "26045020202", "county_name": "Eaton County", "place_name": null, "state_name": "Michigan", "state_abbr": "MI", "is_rural": false, "dci_score": 65.9, "dci_quintile": 4.0, "is_cra_lmi": true, "income_level": "M", "is_persistent_poverty": false, "is_tribal_overlap": false, "tribal_area_name": null, "aian_pct": 0.0, "has_nmtc": false, "nmtc_projects": 0, "nmtc_total_usd": 0.0 }, "geometry": { "type": "Polygon", "coordinates": [ [ [ -84.642431, 42.719599 ], [ -84.636928, 42.719602 ], [ -84.622778, 42.719633 ], [ -84.620233, 42.719676 ], [ -84.603038, 42.721578 ], [ -84.603112, 42.70942 ], [ -84.603115, 42.709327 ], [ -84.603122, 42.708499 ], [ -84.603094, 42.703575 ], [ -84.603094, 42.697659 ], [ -84.603094, 42.697572 ], [ -84.603137, 42.694073 ], [ -84.603117, 42.693662 ], [ -84.603092, 42.692534 ], [ -84.603107, 42.689249 ], [ -84.603085, 42.685427 ], [ -84.603124, 42.683151 ], [ -84.605294, 42.683138 ], [ -84.6073, 42.683151 ], [ -84.613258, 42.683147 ], [ -84.631641, 42.683017 ], [ -84.642342, 42.683071 ], [ -84.64235, 42.704923 ], [ -84.642431, 42.719599 ] ] ] } },
{ "type": "Feature", "properties": { "geoid": "26081014300", "county_name": "Kent County", "place_name": null, "state_name": "Michigan", "state_abbr": "MI", "is_rural": false, "dci_score": 60.0, "dci_quintile": 4.0, "is_cra_lmi": true, "income_level": "M", "is_persistent_poverty": false, "is_tribal_overlap": false, "tribal_area_name": null, "aian_pct": 0.0, "has_nmtc": false, "nmtc_projects": 0, "nmtc_total_usd": 0.0 }, "geometry": { "type": "Polygon", "coordinates": [ [ [ -85.682185, 42.877827 ], [ -85.680808, 42.884189 ], [ -85.66977, 42.884042 ], [ -85.664729, 42.883997 ], [ -85.664452, 42.876735 ], [ -85.664342, 42.873106 ], [ -85.664228, 42.869511 ], [ -85.663973, 42.862193 ], [ -85.663832, 42.858225 ], [ -85.663738, 42.85493 ], [ -85.667831, 42.855141 ], [ -85.671288, 42.855096 ], [ -85.671821, 42.853624 ], [ -85.674043, 42.855098 ], [ -85.678529, 42.855128 ], [ -85.679025, 42.855156 ], [ -85.679372, 42.862353 ], [ -85.679766, 42.866614 ], [ -85.681396, 42.873303 ], [ -85.682185, 42.877827 ] ] ] } },
{ "type": "Feature", "properties": { "geoid": "26081002100", "county_name": "Kent County", "place_name": null, "state_name": "Michigan", "state_abbr": "MI", "is_rural": false, "dci_score": 71.9, "dci_quintile": 3.0, "is_cra_lmi": false, "income_level": "U", "is_persistent_poverty": false, "is_tribal_overlap": false, "tribal_area_name": null, "aian_pct": 0.0, "has_nmtc": true, "nmtc_projects": 1, "nmtc_total_usd": 4875000.0 }, "geometry": { "type": "Polygon", "coordinates": [ [ [ -85.6691, 42.959692 ], [ -85.66816, 42.959694 ], [ -85.664116, 42.959498 ], [ -85.664148, 42.960776 ], [ -85.664193, 42.963146 ], [ -85.664997, 42.963175 ], [ -85.664926, 42.965411 ], [ -85.663731, 42.967359 ], [ -85.663775, 42.970346 ], [ -85.664398, 42.971707 ], [ -85.659553, 42.971792 ], [ -85.657005, 42.971883 ], [ -85.656981, 42.970169 ], [ -85.65689, 42.965225 ], [ -85.656828, 42.96297 ], [ -85.656749, 42.959338 ], [ -85.656671, 42.955718 ], [ -85.664038, 42.955876 ], [ -85.668348, 42.956 ], [ -85.668997, 42.956092 ], [ -85.6691, 42.959692 ] ] ] } },
{ "type": "Feature", "properties": { "geoid": "26081001300", "county_name": "Kent County", "place_name": null, "state_name": "Michigan", "state_abbr": "MI", "is_rural": false, "dci_score": 44.4, "dci_quintile": 5.0, "is_cra_lmi": true, "income_level": "L", "is_persistent_poverty": false, "is_tribal_overlap": false, "tribal_area_name": null, "aian_pct": 0.0, "has_nmtc": false, "nmtc_projects": 0, "nmtc_total_usd": 0.0 }, "geometry": { "type": "Polygon", "coordinates": [ [ [ -85.667353, 42.984638 ], [ -85.666633, 42.986071 ], [ -85.664994, 42.988216 ], [ -85.662179, 42.991818 ], [ -85.657173, 42.991664 ], [ -85.657152, 42.988601 ], [ -85.657119, 42.984527 ], [ -85.657079, 42.980912 ], [ -85.657047, 42.978248 ], [ -85.657031, 42.975927 ], [ -85.657028, 42.973752 ], [ -85.659337, 42.974969 ], [ -85.660989, 42.976532 ], [ -85.663215, 42.979408 ], [ -85.665393, 42.982292 ], [ -85.667393, 42.984538 ], [ -85.667353, 42.984638 ] ] ] } },
{ "type": "Feature", "properties": { "geoid": "26059050400", "county_name": "Hillsdale County", "place_name": "Jackson", "state_name": "Michigan", "state_abbr": "MI", "is_rural": true, "dci_score": 77.3, "dci_quintile": 3.0, "is_cra_lmi": false, "income_level": "U", "is_persistent_poverty": false, "is_tribal_overlap": false, "tribal_area_name": null, "aian_pct": 0.0, "has_nmtc": false, "nmtc_projects": 0, "nmtc_total_usd": 0.0 }, "geometry": { "type": "Polygon", "coordinates": [ [ [ -84.82609, 41.985672 ], [ -84.821354, 41.985686 ], [ -84.815192, 41.985682 ], [ -84.748205, 41.985555 ], [ -84.738532, 41.985477 ], [ -84.709374, 41.985477 ], [ -84.699441, 41.985472 ], [ -84.699548, 41.970551 ], [ -84.709281, 41.968632 ], [ -84.709336, 41.946283 ], [ -84.709348, 41.941761 ], [ -84.709378, 41.934398 ], [ -84.709349, 41.927043 ], [ -84.709308, 41.91972 ], [ -84.70931, 41.898025 ], [ -84.709225, 41.885805 ], [ -84.709083, 41.868598 ], [ -84.699277, 41.868672 ], [ -84.699292, 41.854182 ], [ -84.689603, 41.854205 ], [ -84.689539, 41.839707 ], [ -84.706974, 41.839693 ], [ -84.709142, 41.839578 ], [ -84.709059, 41.810571 ], [ -84.747771, 41.810662 ], [ -84.748052, 41.806916 ], [ -84.757308, 41.806887 ], [ -84.763521, 41.803138 ], [ -84.767404, 41.803098 ], [ -84.767155, 41.810788 ], [ -84.800102, 41.810903 ], [ -84.801311, 41.810612 ], [ -84.803608, 41.806958 ], [ -84.806369, 41.805864 ], [ -84.80663, 41.806561 ], [ -84.811182, 41.806784 ], [ -84.81131, 41.810913 ], [ -84.822795, 41.810973 ], [ -84.823071, 41.811021 ], [ -84.823675, 41.811228 ], [ -84.824023, 41.811238 ], [ -84.824782, 41.810948 ], [ -84.825337, 41.810954 ], [ -84.825256, 41.832795 ], [ -84.825104, 41.876711 ], [ -84.825135, 41.883408 ], [ -84.825069, 41.897911 ], [ -84.825216, 41.912378 ], [ -84.825584, 41.948625 ], [ -84.82609, 41.985672 ] ] ] } },
{ "type": "Feature", "properties": { "geoid": "26081003800", "county_name": "Kent County", "place_name": "Kalamazoo", "state_name": "Michigan", "state_abbr": "MI", "is_rural": false, "dci_score": 79.5, "dci_quintile": 3.0, "is_cra_lmi": true, "income_level": "M", "is_persistent_poverty": false, "is_tribal_overlap": false, "tribal_area_name": null, "aian_pct": 0.0, "has_nmtc": false, "nmtc_projects": 0, "nmtc_total_usd": 0.0 }, "geometry": { "type": "Polygon", "coordinates": [ [ [ -85.680896, 42.933816 ], [ -85.679899, 42.936646 ], [ -85.679093, 42.938542 ], [ -85.6778, 42.941603 ], [ -85.675727, 42.941808 ], [ -85.67552, 42.936658 ], [ -85.672002, 42.936244 ], [ -85.671967, 42.93549 ], [ -85.667054, 42.935407 ], [ -85.665806, 42.934752 ], [ -85.665612, 42.931188 ], [ -85.66537, 42.927487 ], [ -85.666653, 42.927557 ], [ -85.671562, 42.927625 ], [ -85.673407, 42.927653 ], [ -85.673522, 42.927653 ], [ -85.681825, 42.927817 ], [ -85.680896, 42.933816 ] ] ] } },
{ "type": "Feature", "properties": { "geoid": "26077000500", "county_name": "Kalamazoo County", "place_name": null, "state_name": "Michigan", "state_abbr": "MI", "is_rural": false, "dci_score": 85.3, "dci_quintile": 2.0, "is_cra_lmi": true, "income_level": "L", "is_persistent_poverty": false, "is_tribal_overlap": false, "tribal_area_name": null, "aian_pct": 0.0, "has_nmtc": false, "nmtc_projects": 0, "nmtc_total_usd": 0.0 }, "geometry": { "type": "Polygon", "coordinates": [ [ [ -85.611252, 42.299971 ], [ -85.609337, 42.299764 ], [ -85.609277, 42.303591 ], [ -85.609329, 42.307307 ], [ -85.609328, 42.310877 ], [ -85.60301, 42.310818 ], [ -85.602889, 42.303373 ], [ -85.60151, 42.301054 ], [ -85.599447, 42.297492 ], [ -85.5978, 42.297509 ], [ -85.594789, 42.297557 ], [ -85.593781, 42.297564 ], [ -85.592483, 42.295747 ], [ -85.589851, 42.294969 ], [ -85.589843, 42.294797 ], [ -85.594923, 42.291625 ], [ -85.593621, 42.291521 ], [ -85.597021, 42.289567 ], [ -85.598208, 42.288745 ], [ -85.598907, 42.288304 ], [ -85.606633, 42.285801 ], [ -85.606524, 42.289541 ], [ -85.608915, 42.290495 ], [ -85.609001, 42.290974 ], [ -85.609238, 42.294129 ], [ -85.609276, 42.297421 ], [ -85.611121, 42.297447 ], [ -85.611252, 42.299971 ] ] ] } },
{ "type": "Feature", "properties": { "geoid": "26077001702", "county_name": "Kalamazoo County", "place_name": null, "state_name": "Michigan", "state_abbr": "MI", "is_rural": false, "dci_score": 75.1, "dci_quintile": 3.0, "is_cra_lmi": false, "income_level": "U", "is_persistent_poverty": false, "is_tribal_overlap": false, "tribal_area_name": null, "aian_pct": 0.0, "has_nmtc": false, "nmtc_projects": 0, "nmtc_total_usd": 0.0 }, "geometry": { "type": "Polygon", "coordinates": [ [ [ -85.589647, 42.266931 ], [ -85.581302, 42.266774 ], [ -85.579848, 42.265924 ], [ -85.579854, 42.265058 ], [ -85.577712, 42.259633 ], [ -85.575102, 42.255821 ], [ -85.574704, 42.253867 ], [ -85.575069, 42.254254 ], [ -85.574867, 42.252745 ], [ -85.576365, 42.245069 ], [ -85.577272, 42.245071 ], [ -85.577516, 42.24407 ], [ -85.579409, 42.241235 ], [ -85.579214, 42.242038 ], [ -85.577455, 42.244486 ], [ -85.57746, 42.245072 ], [ -85.589627, 42.245136 ], [ -85.589649, 42.251919 ], [ -85.589639, 42.252886 ], [ -85.589604, 42.259659 ], [ -85.58961, 42.260334 ], [ -85.58965, 42.263321 ], [ -85.589647, 42.266931 ] ] ] } },
{ "type": "Feature", "properties": { "geoid": "26077001803", "county_name": "Kalamazoo County", "place_name": null, "state_name": "Michigan", "state_abbr": "MI", "is_rural": false, "dci_score": 61.3, "dci_quintile": 4.0, "is_cra_lmi": true, "income_level": "M", "is_persistent_poverty": false, "is_tribal_overlap": false, "tribal_area_name": null, "aian_pct": 0.0, "has_nmtc": false, "nmtc_projects": 0, "nmtc_total_usd": 0.0 }, "geometry": { "type": "Polygon", "coordinates": [ [ [ -85.555679, 42.287231 ], [ -85.555708, 42.290059 ], [ -85.555636, 42.291659 ], [ -85.555331, 42.291829 ], [ -85.555508, 42.293297 ], [ -85.553402, 42.293388 ], [ -85.553263, 42.294877 ], [ -85.555514, 42.295106 ], [ -85.555562, 42.300452 ], [ -85.555808, 42.303231 ], [ -85.553395, 42.303234 ], [ -85.550198, 42.303238 ], [ -85.550054, 42.299527 ], [ -85.54758, 42.299511 ], [ -85.547552, 42.295896 ], [ -85.543879, 42.295902 ], [ -85.543901, 42.297698 ], [ -85.536845, 42.297672 ], [ -85.536036, 42.29896 ], [ -85.535973, 42.303217 ], [ -85.536015, 42.309489 ], [ -85.531586, 42.309477 ], [ -85.531694, 42.303134 ], [ -85.53142, 42.300968 ], [ -85.531672, 42.296151 ], [ -85.5309, 42.290175 ], [ -85.530764, 42.289415 ], [ -85.530786, 42.288085 ], [ -85.530782, 42.285874 ], [ -85.530778, 42.285446 ], [ -85.53081, 42.266706 ], [ -85.53964, 42.266819 ], [ -85.539635, 42.267792 ], [ -85.536848, 42.267772 ], [ -85.535774, 42.268659 ], [ -85.535937, 42.271971 ], [ -85.538165, 42.274325 ], [ -85.548231, 42.274373 ], [ -85.54822, 42.27782 ], [ -85.550562, 42.277818 ], [ -85.550586, 42.27466 ], [ -85.55412, 42.274384 ], [ -85.555715, 42.276071 ], [ -85.555702, 42.281443 ], [ -85.554719, 42.280391 ], [ -85.552633, 42.280173 ], [ -85.552724, 42.281438 ], [ -85.550509, 42.281459 ], [ -85.550507, 42.282569 ], [ -85.553446, 42.28382 ], [ -85.553643, 42.284993 ], [ -85.555846, 42.285093 ], [ -85.555679, 42.287231 ] ] ] } },
{ "type": "Feature", "properties": { "geoid": "26005031200", "county_name": "Allegan County", "place_name": null, "state_name": "Michigan", "state_abbr": "MI", "is_rural": true, "dci_score": 58.5, "dci_quintile": 4.0, "is_cra_lmi": true, "income_level": "M", "is_persistent_poverty": false, "is_tribal_overlap": false, "tribal_area_name": null, "aian_pct": 0.0, "has_nmtc": false, "nmtc_projects": 0, "nmtc_total_usd": 0.0 }, "geometry": { "type": "Polygon", "coordinates": [ [ [ -85.869265, 42.548775 ], [ -85.8673, 42.550316 ], [ -85.86621, 42.550055 ], [ -85.853913, 42.550184 ], [ -85.849066, 42.55026 ], [ -85.835787, 42.550501 ], [ -85.834396, 42.550559 ], [ -85.838463, 42.545155 ], [ -85.838366, 42.544597 ], [ -85.836484, 42.543348 ], [ -85.836396, 42.5433 ], [ -85.835252, 42.542153 ], [ -85.833249, 42.54225 ], [ -85.831434, 42.541453 ], [ -85.830561, 42.538781 ], [ -85.830129, 42.533873 ], [ -85.836474, 42.533287 ], [ -85.836367, 42.525732 ], [ -85.832154, 42.525711 ], [ -85.832325, 42.521691 ], [ -85.828766, 42.52176 ], [ -85.822148, 42.521897 ], [ -85.822338, 42.518707 ], [ -85.823265, 42.517576 ], [ -85.828171, 42.518163 ], [ -85.828523, 42.514553 ], [ -85.829745, 42.513256 ], [ -85.831755, 42.514382 ], [ -85.83413, 42.514346 ], [ -85.834689, 42.514832 ], [ -85.83582, 42.515672 ], [ -85.837148, 42.515242 ], [ -85.838306, 42.51524 ], [ -85.838244, 42.514283 ], [ -85.838429, 42.510773 ], [ -85.840585, 42.510508 ], [ -85.844072, 42.507058 ], [ -85.844639, 42.505244 ], [ -85.845041, 42.504756 ], [ -85.846205, 42.504793 ], [ -85.847783, 42.505368 ], [ -85.848656, 42.506175 ], [ -85.848895, 42.506788 ], [ -85.849241, 42.507679 ], [ -85.850156, 42.508506 ], [ -85.851664, 42.509206 ], [ -85.852319, 42.509261 ], [ -85.854475, 42.50847 ], [ -85.855352, 42.508007 ], [ -85.855675, 42.506695 ], [ -85.855739, 42.506324 ], [ -85.856443, 42.506163 ], [ -85.85739, 42.506056 ], [ -85.858214, 42.50586 ], [ -85.858797, 42.506003 ], [ -85.859161, 42.506415 ], [ -85.85915, 42.506638 ], [ -85.861252, 42.506647 ], [ -85.861505, 42.508912 ], [ -85.859094, 42.51759 ], [ -85.866236, 42.517487 ], [ -85.864207, 42.519794 ], [ -85.867544, 42.520079 ], [ -85.867941, 42.528332 ], [ -85.866086, 42.527866 ], [ -85.866641, 42.532628 ], [ -85.868056, 42.53284 ], [ -85.868144, 42.538739 ], [ -85.867495, 42.540478 ], [ -85.869285, 42.542497 ], [ -85.869265, 42.548775 ] ] ] } },
{ "type": "Feature", "properties": { "geoid": "26065006800", "county_name": "Ingham County", "place_name": null, "state_name": "Michigan", "state_abbr": "MI", "is_rural": false, "dci_score": 70.0, "dci_quintile": 3.0, "is_cra_lmi": true, "income_level": "L", "is_persistent_poverty": false, "is_tribal_overlap": false, "tribal_area_name": null, "aian_pct": 0.0, "has_nmtc": false, "nmtc_projects": 0, "nmtc_total_usd": 0.0 }, "geometry": { "type": "Polygon", "coordinates": [ [ [ -84.57918, 42.757547 ], [ -84.575626, 42.758673 ], [ -84.573318, 42.76064 ], [ -84.570807, 42.758709 ], [ -84.569734, 42.757346 ], [ -84.567586, 42.755694 ], [ -84.561514, 42.753865 ], [ -84.557824, 42.750949 ], [ -84.555292, 42.750162 ], [ -84.555298, 42.748729 ], [ -84.559883, 42.748774 ], [ -84.55992, 42.746166 ], [ -84.562439, 42.746148 ], [ -84.562542, 42.744591 ], [ -84.562962, 42.744596 ], [ -84.56293, 42.740956 ], [ -84.5615, 42.739972 ], [ -84.567175, 42.739939 ], [ -84.572799, 42.741022 ], [ -84.572795, 42.742966 ], [ -84.572746, 42.748304 ], [ -84.577243, 42.748338 ], [ -84.579283, 42.748338 ], [ -84.57918, 42.757547 ] ] ] } },
{ "type": "Feature", "properties": { "geoid": "26065003602", "county_name": "Ingham County", "place_name": "Grand Rapids", "state_name": "Michigan", "state_abbr": "MI", "is_rural": false, "dci_score": 78.1, "dci_quintile": 3.0, "is_cra_lmi": true, "income_level": "M", "is_persistent_poverty": false, "is_tribal_overlap": false, "tribal_area_name": null, "aian_pct": 0.0, "has_nmtc": false, "nmtc_projects": 0, "nmtc_total_usd": 0.0 }, "geometry": { "type": "Polygon", "coordinates": [ [ [ -84.591925, 42.704032 ], [ -84.590627, 42.705269 ], [ -84.582236, 42.705239 ], [ -84.582215, 42.697584 ], [ -84.582313, 42.69125 ], [ -84.582406, 42.683054 ], [ -84.591044, 42.683088 ], [ -84.590931, 42.689588 ], [ -84.590922, 42.690736 ], [ -84.591654, 42.690736 ], [ -84.591616, 42.693216 ], [ -84.591546, 42.695853 ], [ -84.58997, 42.696194 ], [ -84.59044, 42.697583 ], [ -84.591918, 42.697586 ], [ -84.591925, 42.704032 ] ] ] } },
{ "type": "Feature", "properties": { "geoid": "26065000600", "county_name": "Ingham County", "place_name": "Grand Rapids", "state_name": "Michigan", "state_abbr": "MI", "is_rural": false, "dci_score": 85.3, "dci_quintile": 2.0, "is_cra_lmi": true, "income_level": "M", "is_persistent_poverty": false, "is_tribal_overlap": false, "tribal_area_name": null, "aian_pct": 0.0, "has_nmtc": false, "nmtc_projects": 0, "nmtc_total_usd": 0.0 }, "geometry": { "type": "Polygon", "coordinates": [ [ [ -84.567223, 42.738673 ], [ -84.567175, 42.739939 ], [ -84.5615, 42.739972 ], [ -84.559947, 42.739958 ], [ -84.556879, 42.739942 ], [ -84.555339, 42.74092 ], [ -84.549374, 42.740915 ], [ -84.548761, 42.739071 ], [ -84.549088, 42.737276 ], [ -84.555393, 42.737304 ], [ -84.555402, 42.73467 ], [ -84.560048, 42.734703 ], [ -84.561552, 42.734722 ], [ -84.564625, 42.734748 ], [ -84.56462, 42.733709 ], [ -84.567232, 42.733721 ], [ -84.567223, 42.738673 ] ] ] } },
{ "type": "Feature", "properties": { "geoid": "26037011001", "county_name": "Clinton County", "place_name": null, "state_name": "Michigan", "state_abbr": "MI", "is_rural": true, "dci_score": 58.3, "dci_quintile": 4.0, "is_cra_lmi": false, "income_level": "U", "is_persistent_poverty": false, "is_tribal_overlap": false, "tribal_area_name": null, "aian_pct": 0.0, "has_nmtc": false, "nmtc_projects": 0, "nmtc_total_usd": 0.0 }, "geometry": { "type": "Polygon", "coordinates": [ [ [ -84.484281, 43.030777 ], [ -84.456058, 43.030623 ], [ -84.455569, 43.030658 ], [ -84.406606, 43.030657 ], [ -84.367249, 43.030698 ], [ -84.366864, 43.011681 ], [ -84.366797, 43.007809 ], [ -84.366792, 43.007585 ], [ -84.366789, 43.007447 ], [ -84.366669, 43.002871 ], [ -84.366618, 43.000719 ], [ -84.366566, 42.998683 ], [ -84.366513, 42.994521 ], [ -84.366492, 42.99252 ], [ -84.366471, 42.990769 ], [ -84.365712, 42.95512 ], [ -84.365711, 42.943569 ], [ -84.406214, 42.943356 ], [ -84.409154, 42.943206 ], [ -84.436279, 42.943116 ], [ -84.444397, 42.942952 ], [ -84.454231, 42.942898 ], [ -84.483621, 42.942735 ], [ -84.484281, 43.030777 ] ] ] } },
{ "type": "Feature", "properties": { "geoid": "26021021000", "county_name": "Berrien County", "place_name": null, "state_name": "Michigan", "state_abbr": "MI", "is_rural": false, "dci_score": 45.8, "dci_quintile": 5.0, "is_cra_lmi": false, "income_level": "U", "is_persistent_poverty": false, "is_tribal_overlap": false, "tribal_area_name": null, "aian_pct": 0.0, "has_nmtc": false, "nmtc_projects": 0, "nmtc_total_usd": 0.0 }, "geometry": { "type": "Polygon", "coordinates": [ [ [ -86.26926, 41.805579 ], [ -86.265536, 41.811484 ], [ -86.265549, 41.812665 ], [ -86.260724, 41.812533 ], [ -86.248105, 41.812381 ], [ -86.239781, 41.812325 ], [ -86.239662, 41.819543 ], [ -86.234795, 41.819506 ], [ -86.234808, 41.820042 ], [ -86.234662, 41.826729 ], [ -86.230541, 41.826671 ], [ -86.225007, 41.826617 ], [ -86.225071, 41.819895 ], [ -86.225183, 41.812013 ], [ -86.225189, 41.811584 ], [ -86.225289, 41.804809 ], [ -86.225655, 41.782624 ], [ -86.226029, 41.782785 ], [ -86.241718, 41.783124 ], [ -86.245072, 41.783288 ], [ -86.250507, 41.783406 ], [ -86.250381, 41.790618 ], [ -86.248369, 41.797086 ], [ -86.248306, 41.801084 ], [ -86.264401, 41.801259 ], [ -86.267077, 41.801215 ], [ -86.267362, 41.803018 ], [ -86.26926, 41.805579 ] ] ] } },
{ "type": "Feature", "properties": { "geoid": "26021021300", "county_name": "Berrien County", "place_name": "Wyoming", "state_name": "Michigan", "state_abbr": "MI", "is_rural": true, "dci_score": 62.4, "dci_quintile": 4.0, "is_cra_lmi": false, "income_level": "U", "is_persistent_poverty": false, "is_tribal_overlap": false, "tribal_area_name": null, "aian_pct": 0.0, "has_nmtc": false, "nmtc_projects": 0, "nmtc_total_usd": 0.0 }, "geometry": { "type": "Polygon", "coordinates": [ [ [ -86.364532, 41.966953 ], [ -86.361541, 41.968987 ], [ -86.359497, 41.969222 ], [ -86.357435, 41.968386 ], [ -86.349709, 41.970209 ], [ -86.346665, 41.973475 ], [ -86.34233, 41.976245 ], [ -86.339542, 41.976719 ], [ -86.333927, 41.974154 ], [ -86.337165, 41.970551 ], [ -86.337331, 41.96826 ], [ -86.335969, 41.966996 ], [ -86.333752, 41.965385 ], [ -86.328327, 41.966541 ], [ -86.32475, 41.966725 ], [ -86.322367, 41.96555 ], [ -86.321266, 41.964177 ], [ -86.320089, 41.960888 ], [ -86.32055, 41.960163 ], [ -86.323537, 41.958226 ], [ -86.328505, 41.957155 ], [ -86.329307, 41.956996 ], [ -86.332902, 41.9566 ], [ -86.333913, 41.956538 ], [ -86.337203, 41.952754 ], [ -86.336533, 41.950142 ], [ -86.334468, 41.949064 ], [ -86.335665, 41.948198 ], [ -86.336198, 41.947819 ], [ -86.338636, 41.94643 ], [ -86.341652, 41.949371 ], [ -86.34892, 41.952292 ], [ -86.356871, 41.955349 ], [ -86.363589, 41.958666 ], [ -86.363097, 41.960393 ], [ -86.364149, 41.962686 ], [ -86.365384, 41.963511 ], [ -86.364532, 41.966953 ] ] ] } },
{ "type": "Feature", "properties": { "geoid": "26021002500", "county_name": "Berrien County", "place_name": null, "state_name": "Michigan", "state_abbr": "MI", "is_rural": true, "dci_score": 92.7, "dci_quintile": 1.0, "is_cra_lmi": true, "income_level": "M", "is_persistent_poverty": false, "is_tribal_overlap": false, "tribal_area_name": null, "aian_pct": 0.0, "has_nmtc": false, "nmtc_projects": 0, "nmtc_total_usd": 0.0 }, "geometry": { "type": "Polygon", "coordinates": [ [ [ -86.477644653067699, 42.1247006388827 ], [ -86.470394272637094, 42.130882638799498 ], [ -86.466576009626493, 42.134138261292598 ], [ -86.466262, 42.134406 ], [ -86.463687693027396, 42.136975021731203 ], [ -86.442928153218801, 42.1576919406792 ], [ -86.439844, 42.1575 ], [ -86.398244, 42.157429 ], [ -86.397989, 42.157484 ], [ -86.389404, 42.157394 ], [ -86.38422, 42.157383 ], [ -86.369057, 42.157382 ], [ -86.339908, 42.157355 ], [ -86.339852, 42.154432 ], [ -86.353546, 42.144608 ], [ -86.361125, 42.139602 ], [ -86.36271, 42.138414 ], [ -86.363226, 42.138416 ], [ -86.364418, 42.137514 ], [ -86.369572, 42.133663 ], [ -86.37921, 42.127301 ], [ -86.383568, 42.127221 ], [ -86.383621, 42.126754 ], [ -86.385025, 42.128855 ], [ -86.388332, 42.128388 ], [ -86.389913, 42.130561 ], [ -86.393992, 42.131931 ], [ -86.397609, 42.135719 ], [ -86.39873, 42.137713 ], [ -86.401866, 42.139198 ], [ -86.406624, 42.140727 ], [ -86.408433, 42.143549 ], [ -86.408146, 42.144564 ], [ -86.409174, 42.143319 ], [ -86.409539, 42.141312 ], [ -86.417536, 42.141133 ], [ -86.417491, 42.13148 ], [ -86.421973, 42.131272 ], [ -86.42718, 42.132123 ], [ -86.427812, 42.132745 ], [ -86.428148, 42.133076 ], [ -86.42838, 42.133537 ], [ -86.428881, 42.13379 ], [ -86.430096, 42.13424 ], [ -86.431053, 42.134301 ], [ -86.431731, 42.134675 ], [ -86.432231, 42.134671 ], [ -86.436275, 42.136599 ], [ -86.435554, 42.133816 ], [ -86.437351, 42.134943 ], [ -86.43919, 42.133467 ], [ -86.442346, 42.131058 ], [ -86.442553, 42.128303 ], [ -86.443769, 42.126229 ], [ -86.445624, 42.127075 ], [ -86.445455, 42.125189 ], [ -86.447673, 42.125154 ], [ -86.447749, 42.125151 ], [ -86.448176, 42.125082 ], [ -86.45037, 42.125405 ], [ -86.450953, 42.128013 ], [ -86.45737, 42.123516 ], [ -86.459762, 42.123479 ], [ -86.459975, 42.124826 ], [ -86.463479, 42.124345 ], [ -86.464057, 42.123307 ], [ -86.465063, 42.123361 ], [ -86.465898, 42.123508 ], [ -86.466671, 42.123787 ], [ -86.467414, 42.124111 ], [ -86.468308, 42.123293 ], [ -86.46962, 42.123701 ], [ -86.475948, 42.123468 ], [ -86.477644653067699, 42.1247006388827 ] ] ] } },
{ "type": "Feature", "properties": { "geoid": "26021002300", "county_name": "Berrien County", "place_name": null, "state_name": "Michigan", "state_abbr": "MI", "is_rural": true, "dci_score": 94.5, "dci_quintile": 1.0, "is_cra_lmi": true, "income_level": "L", "is_persistent_poverty": false, "is_tribal_overlap": false, "tribal_area_name": null, "aian_pct": 0.0, "has_nmtc": false, "nmtc_projects": 0, "nmtc_total_usd": 0.0 }, "geometry": { "type": "Polygon", "coordinates": [ [ [ -86.417536, 42.141133 ], [ -86.409539, 42.141312 ], [ -86.409174, 42.143319 ], [ -86.408146, 42.144564 ], [ -86.408433, 42.143549 ], [ -86.406624, 42.140727 ], [ -86.401866, 42.139198 ], [ -86.39873, 42.137713 ], [ -86.397609, 42.135719 ], [ -86.393992, 42.131931 ], [ -86.389913, 42.130561 ], [ -86.388332, 42.128388 ], [ -86.385025, 42.128855 ], [ -86.383621, 42.126754 ], [ -86.383568, 42.127221 ], [ -86.37921, 42.127301 ], [ -86.379162, 42.127011 ], [ -86.389116, 42.120712 ], [ -86.391022, 42.119074 ], [ -86.392106, 42.117893 ], [ -86.39349, 42.115961 ], [ -86.407726, 42.115984 ], [ -86.41747, 42.115958 ], [ -86.417479, 42.119064 ], [ -86.417515, 42.126261 ], [ -86.417345, 42.126337 ], [ -86.416528, 42.126736 ], [ -86.414492, 42.128523 ], [ -86.413611, 42.129396 ], [ -86.417272, 42.129074 ], [ -86.417505, 42.129564 ], [ -86.417491, 42.13148 ], [ -86.417536, 42.141133 ] ] ] } },
{ "type": "Feature", "properties": { "geoid": "26021000500", "county_name": "Berrien County", "place_name": "Grand Rapids", "state_name": "Michigan", "state_abbr": "MI", "is_rural": true, "dci_score": 94.5, "dci_quintile": 1.0, "is_cra_lmi": false, "income_level": "NA", "is_persistent_poverty": false, "is_tribal_overlap": false, "tribal_area_name": null, "aian_pct": 0.0, "has_nmtc": false, "nmtc_projects": 0, "nmtc_total_usd": 0.0 }, "geometry": { "type": "Polygon", "coordinates": [ [ [ -86.456161, 42.108951 ], [ -86.443635, 42.108924 ], [ -86.443221, 42.1069 ], [ -86.438795, 42.101569 ], [ -86.446495, 42.101621 ], [ -86.456053, 42.101659 ], [ -86.456161, 42.108951 ] ] ] } },
{ "type": "Feature", "properties": { "geoid": "26109960700", "county_name": "Menominee County", "place_name": null, "state_name": "Michigan", "state_abbr": "MI", "is_rural": true, "dci_score": 70.3, "dci_quintile": 3.0, "is_cra_lmi": false, "income_level": "U", "is_persistent_poverty": false, "is_tribal_overlap": false, "tribal_area_name": null, "aian_pct": 0.0, "has_nmtc": false, "nmtc_projects": 0, "nmtc_total_usd": 0.0 }, "geometry": { "type": "Polygon", "coordinates": [ [ [ -87.634945, 45.107933 ], [ -87.634127, 45.10801 ], [ -87.61463, 45.10783 ], [ -87.614436, 45.1115 ], [ -87.614203, 45.115409 ], [ -87.613029, 45.125263 ], [ -87.612994, 45.125985 ], [ -87.620457, 45.126142 ], [ -87.621619, 45.126164 ], [ -87.621363, 45.13336 ], [ -87.612573, 45.133241 ], [ -87.612058, 45.14233 ], [ -87.603294, 45.142087 ], [ -87.603191, 45.143882 ], [ -87.602848, 45.148507 ], [ -87.602223, 45.149809 ], [ -87.598570748571305, 45.1514079671594 ], [ -87.599814, 45.150474 ], [ -87.600796, 45.146842 ], [ -87.599307, 45.143001 ], [ -87.598497, 45.14114 ], [ -87.596688, 45.140441 ], [ -87.595912, 45.139161 ], [ -87.597838, 45.138175 ], [ -87.598139, 45.136165 ], [ -87.599134, 45.135822 ], [ -87.601337, 45.136919 ], [ -87.602366, 45.137535 ], [ -87.605084, 45.137077 ], [ -87.607183, 45.135522 ], [ -87.608054, 45.133555 ], [ -87.60928, 45.13232 ], [ -87.60974, 45.130819 ], [ -87.608824, 45.127428 ], [ -87.607918, 45.12608 ], [ -87.609339, 45.125622 ], [ -87.611003, 45.124984 ], [ -87.612019, 45.123377 ], [ -87.610886, 45.119994 ], [ -87.610870307502907, 45.1196243941394 ], [ -87.610759924869001, 45.1170245486203 ], [ -87.610754, 45.116885 ], [ -87.610658633281005, 45.116500732339297 ], [ -87.610131739781096, 45.114377684228202 ], [ -87.610073, 45.114141 ], [ -87.604891738601694, 45.108347024378297 ], [ -87.60012, 45.103011 ], [ -87.597665, 45.101301802306402 ], [ -87.595674983756098, 45.099916331359701 ], [ -87.591015, 45.096672 ], [ -87.592192, 45.094762 ], [ -87.612340230916601, 45.0994669513464 ], [ -87.614897, 45.100064 ], [ -87.619236746078897, 45.101573729900799 ], [ -87.621609, 45.102399 ], [ -87.626522703212999, 45.103155894426301 ], [ -87.62764, 45.103328 ], [ -87.628829, 45.104039 ], [ -87.629571, 45.105324 ], [ -87.631535, 45.106224 ], [ -87.634801, 45.105715 ], [ -87.635774837711395, 45.105948542262396 ], [ -87.634945, 45.107933 ] ] ] } },
{ "type": "Feature", "properties": { "geoid": "26161403800", "county_name": "Washtenaw County", "place_name": "Cadillac", "state_name": "Michigan", "state_abbr": "MI", "is_rural": false, "dci_score": 33.7, "dci_quintile": 5.0, "is_cra_lmi": false, "income_level": "U", "is_persistent_poverty": false, "is_tribal_overlap": false, "tribal_area_name": null, "aian_pct": 0.0, "has_nmtc": false, "nmtc_projects": 0, "nmtc_total_usd": 0.0 }, "geometry": { "type": "Polygon", "coordinates": [ [ [ -83.744824, 42.303505 ], [ -83.743536, 42.306026 ], [ -83.743457, 42.30861 ], [ -83.74308, 42.310157 ], [ -83.741877, 42.312144 ], [ -83.738348, 42.31827 ], [ -83.736768, 42.319372 ], [ -83.735299, 42.319888 ], [ -83.72987, 42.321037 ], [ -83.72444, 42.316686 ], [ -83.721469, 42.313385 ], [ -83.720563, 42.310883 ], [ -83.720454, 42.308119 ], [ -83.721159, 42.305955 ], [ -83.721822, 42.304732 ], [ -83.725493, 42.300391 ], [ -83.72619, 42.299692 ], [ -83.726778, 42.299169 ], [ -83.7279, 42.298247 ], [ -83.730725, 42.296437 ], [ -83.733271, 42.30015 ], [ -83.73578, 42.300473 ], [ -83.739528, 42.302128 ], [ -83.741696, 42.30223 ], [ -83.744127, 42.303423 ], [ -83.744824, 42.303505 ] ] ] } },
{ "type": "Feature", "properties": { "geoid": "26161400500", "county_name": "Washtenaw County", "place_name": "Cutlerville", "state_name": "Michigan", "state_abbr": "MI", "is_rural": false, "dci_score": 45.0, "dci_quintile": 5.0, "is_cra_lmi": false, "income_level": "NA", "is_persistent_poverty": false, "is_tribal_overlap": false, "tribal_area_name": null, "aian_pct": 0.0, "has_nmtc": false, "nmtc_projects": 0, "nmtc_total_usd": 0.0 }, "geometry": { "type": "Polygon", "coordinates": [ [ [ -83.750745, 42.278017 ], [ -83.744105, 42.277825 ], [ -83.741964, 42.277852 ], [ -83.743142, 42.276181 ], [ -83.743125, 42.273679 ], [ -83.74064, 42.273303 ], [ -83.740633, 42.27189 ], [ -83.739388, 42.27192 ], [ -83.737819, 42.270226 ], [ -83.735685, 42.270236 ], [ -83.733139, 42.270343 ], [ -83.733119, 42.269527 ], [ -83.733123, 42.266871 ], [ -83.73404, 42.266325 ], [ -83.735008, 42.265762 ], [ -83.735222, 42.265947 ], [ -83.740475, 42.265835 ], [ -83.74041, 42.262691 ], [ -83.741825, 42.263021 ], [ -83.745543, 42.269565 ], [ -83.746892, 42.271715 ], [ -83.748844, 42.274672 ], [ -83.750745, 42.278017 ] ] ] } },
{ "type": "Feature", "properties": { "geoid": "26161402100", "county_name": "Washtenaw County", "place_name": null, "state_name": "Michigan", "state_abbr": "MI", "is_rural": false, "dci_score": 33.7, "dci_quintile": 5.0, "is_cra_lmi": false, "income_level": "U", "is_persistent_poverty": false, "is_tribal_overlap": false, "tribal_area_name": null, "aian_pct": 0.0, "has_nmtc": false, "nmtc_projects": 0, "nmtc_total_usd": 0.0 }, "geometry": { "type": "Polygon", "coordinates": [ [ [ -83.745581, 42.290841 ], [ -83.744608, 42.294263 ], [ -83.740549, 42.299813 ], [ -83.741958, 42.301416 ], [ -83.745411, 42.302987 ], [ -83.744981, 42.303588 ], [ -83.744824, 42.303505 ], [ -83.744127, 42.303423 ], [ -83.741696, 42.30223 ], [ -83.739528, 42.302128 ], [ -83.73578, 42.300473 ], [ -83.733271, 42.30015 ], [ -83.730725, 42.296437 ], [ -83.728905, 42.294554 ], [ -83.729824, 42.294046 ], [ -83.728769, 42.292894 ], [ -83.7253, 42.292841 ], [ -83.725368, 42.290898 ], [ -83.72617, 42.291122 ], [ -83.72791, 42.29115 ], [ -83.73038, 42.289358 ], [ -83.732975, 42.287318 ], [ -83.734019, 42.286519 ], [ -83.734824, 42.286262 ], [ -83.73621, 42.286189 ], [ -83.738165, 42.286676 ], [ -83.740364, 42.288619 ], [ -83.742587, 42.290006 ], [ -83.745206, 42.290199 ], [ -83.745581, 42.290841 ] ] ] } },
{ "type": "Feature", "properties": { "geoid": "26161413000", "county_name": "Washtenaw County", "place_name": null, "state_name": "Michigan", "state_abbr": "MI", "is_rural": false, "dci_score": 62.7, "dci_quintile": 4.0, "is_cra_lmi": true, "income_level": "M", "is_persistent_poverty": false, "is_tribal_overlap": false, "tribal_area_name": null, "aian_pct": 0.0, "has_nmtc": false, "nmtc_projects": 0, "nmtc_total_usd": 0.0 }, "geometry": { "type": "Polygon", "coordinates": [ [ [ -83.582509, 42.231782 ], [ -83.580475, 42.231779 ], [ -83.578926, 42.231573 ], [ -83.576988, 42.230857 ], [ -83.562504, 42.220307 ], [ -83.562298, 42.220151 ], [ -83.559635, 42.218498 ], [ -83.557291, 42.217823 ], [ -83.555244, 42.217656 ], [ -83.543583, 42.218757 ], [ -83.543442, 42.209414 ], [ -83.54344, 42.209356 ], [ -83.550962, 42.210859 ], [ -83.553612, 42.21051 ], [ -83.554776, 42.20893 ], [ -83.551085, 42.207366 ], [ -83.553048, 42.206719 ], [ -83.554642, 42.206814 ], [ -83.557678, 42.206047 ], [ -83.558123, 42.213718 ], [ -83.562612, 42.214868 ], [ -83.567029, 42.216071 ], [ -83.567549, 42.216468 ], [ -83.572616, 42.221368 ], [ -83.57341, 42.221335 ], [ -83.578728, 42.220731 ], [ -83.582324, 42.221239 ], [ -83.582375, 42.226361 ], [ -83.582389, 42.227127 ], [ -83.58249, 42.230003 ], [ -83.582509, 42.231782 ] ] ] } },
{ "type": "Feature", "properties": { "geoid": "26073940400", "county_name": "Isabella County", "place_name": null, "state_name": "Michigan", "state_abbr": "MI", "is_rural": true, "dci_score": 61.3, "dci_quintile": 4.0, "is_cra_lmi": false, "income_level": "U", "is_persistent_poverty": false, "is_tribal_overlap": false, "tribal_area_name": null, "aian_pct": 0.0, "has_nmtc": true, "nmtc_projects": 1, "nmtc_total_usd": 2000000.0 }, "geometry": { "type": "Polygon", "coordinates": [ [ [ -84.798173, 43.640475 ], [ -84.791794, 43.64053 ], [ -84.788214, 43.640551 ], [ -84.768129, 43.640567 ], [ -84.767914, 43.621004 ], [ -84.767903, 43.619569 ], [ -84.7678, 43.617224 ], [ -84.767421, 43.61706 ], [ -84.767322, 43.616866 ], [ -84.767729, 43.616164 ], [ -84.767726, 43.611801 ], [ -84.767688, 43.604484 ], [ -84.773137, 43.604473 ], [ -84.774225, 43.604468 ], [ -84.778913, 43.604473 ], [ -84.780158, 43.604489 ], [ -84.790321, 43.604401 ], [ -84.792798, 43.604397 ], [ -84.792774, 43.598906 ], [ -84.797746, 43.59797 ], [ -84.797748, 43.599082 ], [ -84.797792, 43.607958 ], [ -84.797863, 43.610727 ], [ -84.798025, 43.626051 ], [ -84.798109, 43.63201 ], [ -84.798163, 43.635725 ], [ -84.798173, 43.640475 ] ] ] } },
{ "type": "Feature", "properties": { "geoid": "26143971200", "county_name": "Roscommon County", "place_name": null, "state_name": "Michigan", "state_abbr": "MI", "is_rural": true, "dci_score": 63.4, "dci_quintile": 4.0, "is_cra_lmi": true, "income_level": "M", "is_persistent_poverty": false, "is_tribal_overlap": false, "tribal_area_name": null, "aian_pct": 0.0, "has_nmtc": false, "nmtc_projects": 0, "nmtc_total_usd": 0.0 }, "geometry": { "type": "Polygon", "coordinates": [ [ [ -84.793385, 44.335854 ], [ -84.783847, 44.335773 ], [ -84.778142, 44.335504 ], [ -84.734336, 44.335241 ], [ -84.734046, 44.335237 ], [ -84.686499, 44.334666 ], [ -84.686836, 44.314231 ], [ -84.686734, 44.310511 ], [ -84.687312, 44.309528 ], [ -84.689208, 44.308443 ], [ -84.688869, 44.307911 ], [ -84.688893, 44.306423 ], [ -84.690152, 44.304598 ], [ -84.690232, 44.300454 ], [ -84.689321, 44.300581 ], [ -84.687439, 44.298864 ], [ -84.692257, 44.298693 ], [ -84.697346, 44.298654 ], [ -84.73334, 44.298207 ], [ -84.733034, 44.29101 ], [ -84.773336, 44.291101 ], [ -84.773506, 44.305651 ], [ -84.773897, 44.314724 ], [ -84.774159, 44.32015 ], [ -84.793464, 44.32024 ], [ -84.793385, 44.335854 ] ] ] } },
{ "type": "Feature", "properties": { "geoid": "26039960500", "county_name": "Crawford County", "place_name": null, "state_name": "Michigan", "state_abbr": "MI", "is_rural": true, "dci_score": 50.4, "dci_quintile": 5.0, "is_cra_lmi": false, "income_level": "U", "is_persistent_poverty": false, "is_tribal_overlap": false, "tribal_area_name": null, "aian_pct": 0.0, "has_nmtc": false, "nmtc_projects": 0, "nmtc_total_usd": 0.0 }, "geometry": { "type": "Polygon", "coordinates": [ [ [ -84.849751, 44.596881 ], [ -84.849904, 44.597875 ], [ -84.849935, 44.625955 ], [ -84.846179, 44.625906 ], [ -84.842182, 44.624833 ], [ -84.837992, 44.624159 ], [ -84.833349, 44.624125 ], [ -84.82889, 44.623211 ], [ -84.821539, 44.622111 ], [ -84.816041, 44.621582 ], [ -84.806127, 44.622679 ], [ -84.80262, 44.623259 ], [ -84.788113, 44.623387 ], [ -84.78141, 44.625107 ], [ -84.778852, 44.626811 ], [ -84.777359, 44.629131 ], [ -84.776357, 44.632289 ], [ -84.769771, 44.636045 ], [ -84.768183, 44.633924 ], [ -84.76916, 44.598101 ], [ -84.708985, 44.598458 ], [ -84.669154, 44.598694 ], [ -84.60942, 44.599085 ], [ -84.608749, 44.599057 ], [ -84.60804, 44.599007 ], [ -84.589565, 44.598923 ], [ -84.588807, 44.643185 ], [ -84.586762, 44.645191 ], [ -84.578233, 44.656394 ], [ -84.572492, 44.655146 ], [ -84.541256, 44.645198 ], [ -84.536826, 44.643437 ], [ -84.534683, 44.6422 ], [ -84.52821, 44.637032 ], [ -84.531444, 44.622087 ], [ -84.532006, 44.62141 ], [ -84.540641, 44.614997 ], [ -84.547727, 44.610159 ], [ -84.558033, 44.600742 ], [ -84.558777, 44.598655 ], [ -84.559698, 44.590109 ], [ -84.559137, 44.589027 ], [ -84.551881, 44.579978 ], [ -84.551335, 44.578959 ], [ -84.550257, 44.569514 ], [ -84.556897, 44.575479 ], [ -84.558362, 44.576291 ], [ -84.559796, 44.576462 ], [ -84.590166, 44.576533 ], [ -84.590944, 44.53863 ], [ -84.593167, 44.535733 ], [ -84.593961, 44.531133 ], [ -84.599685, 44.529779 ], [ -84.600993, 44.528842 ], [ -84.601011, 44.511296 ], [ -84.610633, 44.51135 ], [ -84.671343, 44.511301 ], [ -84.681458, 44.511335 ], [ -84.691475, 44.511399 ], [ -84.731251, 44.511453 ], [ -84.741186, 44.511371 ], [ -84.752227, 44.51127 ], [ -84.756928, 44.511236 ], [ -84.778089, 44.511082 ], [ -84.843869, 44.511105 ], [ -84.844383, 44.511174 ], [ -84.850929, 44.511069 ], [ -84.849751, 44.596881 ] ] ] } },
{ "type": "Feature", "properties": { "geoid": "26095960100", "county_name": "Luce County", "place_name": "Muskegon", "state_name": "Michigan", "state_abbr": "MI", "is_rural": true, "dci_score": 85.5, "dci_quintile": 2.0, "is_cra_lmi": false, "income_level": "U", "is_persistent_poverty": false, "is_tribal_overlap": false, "tribal_area_name": null, "aian_pct": 0.0, "has_nmtc": false, "nmtc_projects": 0, "nmtc_total_usd": 0.0 }, "geometry": { "type": "Polygon", "coordinates": [ [ [ -85.688058, 46.433829 ], [ -85.684983, 46.440135 ], [ -85.68134, 46.444544 ], [ -85.640768, 46.454548 ], [ -85.639359, 46.45504 ], [ -85.618712, 46.427582 ], [ -85.617797, 46.426648 ], [ -85.614738, 46.425917 ], [ -85.594717, 46.425997 ], [ -85.592083, 46.42232 ], [ -85.590503, 46.421017 ], [ -85.586488, 46.419317 ], [ -85.584356, 46.418909 ], [ -85.573154, 46.418852 ], [ -85.565151, 46.418095 ], [ -85.562134, 46.418034 ], [ -85.552803, 46.418899 ], [ -85.546651, 46.419193 ], [ -85.538006, 46.419003 ], [ -85.510074, 46.418994 ], [ -85.509988, 46.431752 ], [ -85.508081, 46.43338 ], [ -85.501096, 46.434351 ], [ -85.484572, 46.439116 ], [ -85.476284, 46.443868 ], [ -85.474817, 46.445231 ], [ -85.47203, 46.448886 ], [ -85.468886, 46.450979 ], [ -85.460532, 46.455354 ], [ -85.45733, 46.456284 ], [ -85.453363, 46.45687 ], [ -85.441125, 46.461872 ], [ -85.436432, 46.464538 ], [ -85.427463, 46.472105 ], [ -85.426856, 46.473854 ], [ -85.426456, 46.510601 ], [ -85.426176, 46.511691 ], [ -85.424602, 46.514262 ], [ -85.423533, 46.515154 ], [ -85.355413, 46.561912 ], [ -85.353018, 46.562958 ], [ -85.34903, 46.563716 ], [ -85.29172, 46.564161 ], [ -85.291713, 46.556599 ], [ -85.286218, 46.556564 ], [ -85.286418, 46.5786 ], [ -85.270782, 46.578692 ], [ -85.270469, 46.571472 ], [ -85.260134, 46.571511 ], [ -85.259998, 46.564764 ], [ -85.249986, 46.564884 ], [ -85.238883, 46.564468 ], [ -85.239137, 46.419465 ], [ -85.239122, 46.412865 ], [ -85.239331, 46.33196 ], [ -85.239105, 46.303659 ], [ -85.482405, 46.303462 ], [ -85.484598, 46.303461 ], [ -85.488676, 46.303462 ], [ -85.510969, 46.303485 ], [ -85.513034, 46.303696 ], [ -85.515993, 46.304541 ], [ -85.51934, 46.306584 ], [ -85.521859, 46.30908 ], [ -85.524452, 46.31071 ], [ -85.529429, 46.311912 ], [ -85.532488, 46.311866 ], [ -85.539311, 46.310555 ], [ -85.551224, 46.310546 ], [ -85.614227, 46.310263 ], [ -85.654136, 46.310207 ], [ -85.657845, 46.310897 ], [ -85.660667, 46.312464 ], [ -85.676742, 46.331969 ], [ -85.68058, 46.336638 ], [ -85.68285, 46.338203 ], [ -85.687629, 46.339037 ], [ -85.687413, 46.36036 ], [ -85.68544, 46.364099 ], [ -85.685704, 46.36535 ], [ -85.687148, 46.366868 ], [ -85.688179, 46.431813 ], [ -85.688058, 46.433829 ] ] ] } },
{ "type": "Feature", "properties": { "geoid": "26025000200", "county_name": "Calhoun County", "place_name": "Muskegon Heights", "state_name": "Michigan", "state_abbr": "MI", "is_rural": false, "dci_score": 69.3, "dci_quintile": 4.0, "is_cra_lmi": true, "income_level": "M", "is_persistent_poverty": false, "is_tribal_overlap": false, "tribal_area_name": null, "aian_pct": 0.0, "has_nmtc": false, "nmtc_projects": 0, "nmtc_total_usd": 0.0 }, "geometry": { "type": "Polygon", "coordinates": [ [ [ -85.180849, 42.320046 ], [ -85.17935, 42.321369 ], [ -85.180184, 42.323063 ], [ -85.18031, 42.327263 ], [ -85.173373, 42.327409 ], [ -85.173393, 42.32842 ], [ -85.170009, 42.328464 ], [ -85.167664, 42.32849 ], [ -85.166556, 42.330068 ], [ -85.160621, 42.330151 ], [ -85.1604, 42.325705 ], [ -85.160184, 42.322265 ], [ -85.166671, 42.318135 ], [ -85.169724, 42.319065 ], [ -85.17451, 42.317486 ], [ -85.174708, 42.317894 ], [ -85.178942, 42.31832 ], [ -85.180641, 42.318957 ], [ -85.180849, 42.320046 ] ] ] } },
{ "type": "Feature", "properties": { "geoid": "26025000800", "county_name": "Calhoun County", "place_name": null, "state_name": "Michigan", "state_abbr": "MI", "is_rural": false, "dci_score": 67.8, "dci_quintile": 4.0, "is_cra_lmi": true, "income_level": "M", "is_persistent_poverty": false, "is_tribal_overlap": false, "tribal_area_name": null, "aian_pct": 0.0, "has_nmtc": false, "nmtc_projects": 0, "nmtc_total_usd": 0.0 }, "geometry": { "type": "Polygon", "coordinates": [ [ [ -85.168365, 42.338775 ], [ -85.166788, 42.338739 ], [ -85.161003, 42.338481 ], [ -85.158591, 42.338491 ], [ -85.154874, 42.338507 ], [ -85.152601, 42.338224 ], [ -85.152186, 42.337906 ], [ -85.151348, 42.337812 ], [ -85.145812, 42.337716 ], [ -85.144275, 42.336934 ], [ -85.141114, 42.335094 ], [ -85.141092, 42.333619 ], [ -85.141061, 42.332121 ], [ -85.149457, 42.330786 ], [ -85.150941, 42.330595 ], [ -85.152355, 42.330433 ], [ -85.151252, 42.325085 ], [ -85.152742, 42.324435 ], [ -85.152221, 42.323411 ], [ -85.153659, 42.322898 ], [ -85.154453, 42.324268 ], [ -85.158362, 42.321947 ], [ -85.157702, 42.320352 ], [ -85.156277, 42.31942 ], [ -85.159137, 42.320503 ], [ -85.160184, 42.322265 ], [ -85.1604, 42.325705 ], [ -85.160621, 42.330151 ], [ -85.166556, 42.330068 ], [ -85.16674, 42.336507 ], [ -85.168328, 42.336615 ], [ -85.168365, 42.338775 ] ] ] } },
{ "type": "Feature", "properties": { "geoid": "26025001300", "county_name": "Calhoun County", "place_name": null, "state_name": "Michigan", "state_abbr": "MI", "is_rural": false, "dci_score": 90.4, "dci_quintile": 1.0, "is_cra_lmi": false, "income_level": "U", "is_persistent_poverty": false, "is_tribal_overlap": false, "tribal_area_name": null, "aian_pct": 0.0, "has_nmtc": false, "nmtc_projects": 0, "nmtc_total_usd": 0.0 }, "geometry": { "type": "Polygon", "coordinates": [ [ [ -85.279209, 42.348156 ], [ -85.275892, 42.350819 ], [ -85.275039, 42.350328 ], [ -85.27008, 42.348647 ], [ -85.269258, 42.347644 ], [ -85.267233, 42.348576 ], [ -85.263816, 42.347118 ], [ -85.263165, 42.346069 ], [ -85.261087, 42.34542 ], [ -85.251798, 42.344935 ], [ -85.245492, 42.343074 ], [ -85.242524, 42.343028 ], [ -85.239344, 42.340333 ], [ -85.232673, 42.337787 ], [ -85.229397, 42.3366 ], [ -85.21942, 42.335135 ], [ -85.217404, 42.333373 ], [ -85.216304, 42.332054 ], [ -85.209788, 42.32926 ], [ -85.206605, 42.327915 ], [ -85.204468, 42.326479 ], [ -85.208824, 42.322138 ], [ -85.208863, 42.320028 ], [ -85.208876, 42.319513 ], [ -85.20961, 42.317858 ], [ -85.209462, 42.311979 ], [ -85.211518, 42.311977 ], [ -85.219196, 42.312012 ], [ -85.228982, 42.311949 ], [ -85.229163, 42.318296 ], [ -85.236333, 42.318321 ], [ -85.239057, 42.31876 ], [ -85.242209, 42.319277 ], [ -85.253305, 42.319373 ], [ -85.256354, 42.31982 ], [ -85.258228, 42.320697 ], [ -85.258819, 42.321139 ], [ -85.263528, 42.326529 ], [ -85.263586, 42.333 ], [ -85.255652, 42.333056 ], [ -85.255743, 42.339017 ], [ -85.262824, 42.342507 ], [ -85.265123, 42.343282 ], [ -85.274789, 42.345829 ], [ -85.275984, 42.346313 ], [ -85.277221, 42.346999 ], [ -85.279209, 42.348156 ] ] ] } },
{ "type": "Feature", "properties": { "geoid": "26027001100", "county_name": "Cass County", "place_name": null, "state_name": "Michigan", "state_abbr": "MI", "is_rural": false, "dci_score": 43.8, "dci_quintile": 5.0, "is_cra_lmi": false, "income_level": "U", "is_persistent_poverty": false, "is_tribal_overlap": false, "tribal_area_name": null, "aian_pct": 0.0, "has_nmtc": false, "nmtc_projects": 0, "nmtc_total_usd": 0.0 }, "geometry": { "type": "Polygon", "coordinates": [ [ [ -85.991666, 41.785005 ], [ -85.991314, 41.810663 ], [ -85.935056, 41.810264 ], [ -85.926136, 41.810208 ], [ -85.876912, 41.809439 ], [ -85.876971, 41.805923 ], [ -85.877275, 41.794063 ], [ -85.877534, 41.780669 ], [ -85.877525, 41.765883 ], [ -85.878013779044494, 41.759358671326503 ], [ -85.888769075125495, 41.759421672409999 ], [ -85.888825, 41.759422 ], [ -85.897441135217903, 41.759464742340903 ], [ -85.926132694138005, 41.759607073486201 ], [ -85.942324478494797, 41.759687396595098 ], [ -85.974838724204105, 41.759848691066402 ], [ -85.974901, 41.759849 ], [ -85.97498, 41.759849 ], [ -85.991302, 41.759949 ], [ -85.991379405361201, 41.759949876404598 ], [ -85.991739, 41.767261 ], [ -85.991666, 41.785005 ] ] ] } },
{ "type": "Feature", "properties": { "geoid": "26033970300", "county_name": "Chippewa County", "place_name": null, "state_name": "Michigan", "state_abbr": "MI", "is_rural": true, "dci_score": 64.9, "dci_quintile": 4.0, "is_cra_lmi": false, "income_level": "U", "is_persistent_poverty": false, "is_tribal_overlap": false, "tribal_area_name": null, "aian_pct": 0.0, "has_nmtc": false, "nmtc_projects": 0, "nmtc_total_usd": 0.0 }, "geometry": { "type": "Polygon", "coordinates": [ [ [ -84.388274751229204, 46.5023309761322 ], [ -84.37504, 46.508669 ], [ -84.373968, 46.509098 ], [ -84.343599, 46.507713 ], [ -84.341427, 46.507689 ], [ -84.337732, 46.505577 ], [ -84.329466150340096, 46.501861680793603 ], [ -84.331089, 46.498416 ], [ -84.332366, 46.497287 ], [ -84.334424, 46.498086 ], [ -84.333701, 46.499066 ], [ -84.335804, 46.499865 ], [ -84.337235, 46.498549 ], [ -84.342983, 46.500534 ], [ -84.347368, 46.49429 ], [ -84.343676, 46.493223 ], [ -84.341169, 46.493004 ], [ -84.342066, 46.49159 ], [ -84.345879, 46.491576 ], [ -84.352249, 46.491612 ], [ -84.353522, 46.489831 ], [ -84.353626, 46.484433 ], [ -84.364004, 46.484463 ], [ -84.363955, 46.491555 ], [ -84.363974, 46.491649 ], [ -84.371022, 46.491712 ], [ -84.365808, 46.496137 ], [ -84.365246, 46.497127 ], [ -84.364879, 46.498213 ], [ -84.372836, 46.499524 ], [ -84.379079, 46.499724 ], [ -84.388274751229204, 46.5023309761322 ] ] ] } },
{ "type": "Feature", "properties": { "geoid": "26161455000", "county_name": "Washtenaw County", "place_name": null, "state_name": "Michigan", "state_abbr": "MI", "is_rural": false, "dci_score": 10.6, "dci_quintile": 5.0, "is_cra_lmi": false, "income_level": "U", "is_persistent_poverty": false, "is_tribal_overlap": false, "tribal_area_name": null, "aian_pct": 0.0, "has_nmtc": false, "nmtc_projects": 0, "nmtc_total_usd": 0.0 }, "geometry": { "type": "Polygon", "coordinates": [ [ [ -83.898462, 42.297826 ], [ -83.866823, 42.299054 ], [ -83.864877, 42.29912 ], [ -83.863563, 42.299128 ], [ -83.861548, 42.299018 ], [ -83.858593, 42.2986 ], [ -83.857554, 42.298364 ], [ -83.854811, 42.297552 ], [ -83.83861, 42.291396 ], [ -83.838556, 42.288525 ], [ -83.838353, 42.28008 ], [ -83.838177, 42.269336 ], [ -83.837857, 42.254675 ], [ -83.856744, 42.254261 ], [ -83.857296, 42.254246 ], [ -83.896547, 42.253309 ], [ -83.898152, 42.291294 ], [ -83.898458, 42.297574 ], [ -83.898462, 42.297826 ] ] ] } },
{ "type": "Feature", "properties": { "geoid": "26125172400", "county_name": "Oakland County", "place_name": "Charlevoix", "state_name": "Michigan", "state_abbr": "MI", "is_rural": false, "dci_score": 45.9, "dci_quintile": 5.0, "is_cra_lmi": true, "income_level": "L", "is_persistent_poverty": false, "is_tribal_overlap": false, "tribal_area_name": null, "aian_pct": 0.0, "has_nmtc": false, "nmtc_projects": 0, "nmtc_total_usd": 0.0 }, "geometry": { "type": "Polygon", "coordinates": [ [ [ -83.202198, 42.481107 ], [ -83.201972, 42.481112 ], [ -83.197266, 42.481258 ], [ -83.196659, 42.481263 ], [ -83.195854, 42.477668 ], [ -83.197204, 42.477564 ], [ -83.197181, 42.476699 ], [ -83.19711, 42.473929 ], [ -83.201628, 42.473849 ], [ -83.201863, 42.473846 ], [ -83.201994, 42.476734 ], [ -83.202037, 42.477585 ], [ -83.202198, 42.481107 ] ] ] } },
{ "type": "Feature", "properties": { "geoid": "26053950500", "county_name": "Gogebic County", "place_name": "Escanaba", "state_name": "Michigan", "state_abbr": "MI", "is_rural": true, "dci_score": 70.9, "dci_quintile": 3.0, "is_cra_lmi": true, "income_level": "M", "is_persistent_poverty": false, "is_tribal_overlap": false, "tribal_area_name": null, "aian_pct": 0.0, "has_nmtc": false, "nmtc_projects": 0, "nmtc_total_usd": 0.0 }, "geometry": { "type": "Polygon", "coordinates": [ [ [ -90.178452693783697, 46.449885779192897 ], [ -90.175763, 46.449941 ], [ -90.168845, 46.452986 ], [ -90.167455, 46.453831 ], [ -90.164497, 46.455485 ], [ -90.156625, 46.455703 ], [ -90.156425, 46.45614 ], [ -90.156502, 46.461487 ], [ -90.156516, 46.464228 ], [ -90.156454, 46.466941 ], [ -90.13516, 46.466831 ], [ -90.132786, 46.469572 ], [ -90.130658, 46.471017 ], [ -90.124721, 46.472661 ], [ -90.124734, 46.470594 ], [ -90.124814, 46.466803 ], [ -90.124882, 46.463236 ], [ -90.114302, 46.463235 ], [ -90.114368, 46.456038 ], [ -90.114389, 46.44877 ], [ -90.114553, 46.434329 ], [ -90.121923, 46.434344 ], [ -90.123941, 46.434762 ], [ -90.124819, 46.434462 ], [ -90.125473, 46.434343 ], [ -90.130044, 46.434338 ], [ -90.135304, 46.434358 ], [ -90.145798, 46.434386 ], [ -90.156282, 46.434425 ], [ -90.163421674609793, 46.434425124322303 ], [ -90.163422, 46.434605 ], [ -90.166143769551198, 46.4374140566213 ], [ -90.166852, 46.438145 ], [ -90.166919, 46.439851 ], [ -90.16777, 46.442122 ], [ -90.168672, 46.441111 ], [ -90.169265, 46.439946 ], [ -90.170404, 46.439438 ], [ -90.171747, 46.439834 ], [ -90.174556, 46.439656 ], [ -90.176039645590507, 46.439907964707601 ], [ -90.176088078869995, 46.439916190039298 ], [ -90.17793, 46.440229 ], [ -90.178298, 46.44392 ], [ -90.176763, 46.447675 ], [ -90.176915, 46.448642 ], [ -90.178452693783697, 46.449885779192897 ] ] ] } },
{ "type": "Feature", "properties": { "geoid": "26163522000", "county_name": "Wayne County", "place_name": null, "state_name": "Michigan", "state_abbr": "MI", "is_rural": false, "dci_score": 93.3, "dci_quintile": 1.0, "is_cra_lmi": true, "income_level": "L", "is_persistent_poverty": false, "is_tribal_overlap": false, "tribal_area_name": null, "aian_pct": 0.0, "has_nmtc": false, "nmtc_projects": 0, "nmtc_total_usd": 0.0 }, "geometry": { "type": "Polygon", "coordinates": [ [ [ -83.098991, 42.350137 ], [ -83.095562, 42.351227 ], [ -83.089352, 42.348713 ], [ -83.085515, 42.347164 ], [ -83.082475, 42.34594 ], [ -83.073005, 42.342121 ], [ -83.072857, 42.341862 ], [ -83.081028, 42.339295 ], [ -83.090548, 42.336304 ], [ -83.09464, 42.343135 ], [ -83.098193, 42.349128 ], [ -83.098991, 42.350137 ] ] ] } },
{ "type": "Feature", "properties": { "geoid": "26163525800", "county_name": "Wayne County", "place_name": null, "state_name": "Michigan", "state_abbr": "MI", "is_rural": false, "dci_score": 92.8, "dci_quintile": 1.0, "is_cra_lmi": true, "income_level": "M", "is_persistent_poverty": false, "is_tribal_overlap": false, "tribal_area_name": null, "aian_pct": 0.0, "has_nmtc": false, "nmtc_projects": 0, "nmtc_total_usd": 0.0 }, "geometry": { "type": "Polygon", "coordinates": [ [ [ -83.138412, 42.332315 ], [ -83.136347, 42.332855 ], [ -83.13031, 42.335154 ], [ -83.124856, 42.337325 ], [ -83.121338, 42.332485 ], [ -83.120338, 42.331112 ], [ -83.127373, 42.331147 ], [ -83.131896, 42.331111 ], [ -83.137597, 42.331102 ], [ -83.138412, 42.332315 ] ] ] } },
{ "type": "Feature", "properties": { "geoid": "26163579300", "county_name": "Wayne County", "place_name": null, "state_name": "Michigan", "state_abbr": "MI", "is_rural": false, "dci_score": 98.1, "dci_quintile": 1.0, "is_cra_lmi": true, "income_level": "L", "is_persistent_poverty": false, "is_tribal_overlap": false, "tribal_area_name": null, "aian_pct": 0.0, "has_nmtc": false, "nmtc_projects": 0, "nmtc_total_usd": 0.0 }, "geometry": { "type": "Polygon", "coordinates": [ [ [ -83.153033, 42.264401 ], [ -83.14804, 42.270438 ], [ -83.143534, 42.275735 ], [ -83.140368, 42.279466 ], [ -83.13753, 42.282791 ], [ -83.135744, 42.282589 ], [ -83.1359, 42.282266 ], [ -83.138533, 42.274451 ], [ -83.138255, 42.271885 ], [ -83.141917, 42.26257 ], [ -83.143128, 42.259342 ], [ -83.143887, 42.25977 ], [ -83.146151, 42.261034 ], [ -83.150868, 42.263376 ], [ -83.153033, 42.264401 ] ] ] } },
{ "type": "Feature", "properties": { "geoid": "26065002600", "county_name": "Ingham County", "place_name": null, "state_name": "Michigan", "state_abbr": "MI", "is_rural": false, "dci_score": 76.0, "dci_quintile": 3.0, "is_cra_lmi": true, "income_level": "M", "is_persistent_poverty": false, "is_tribal_overlap": false, "tribal_area_name": null, "aian_pct": 0.0, "has_nmtc": false, "nmtc_projects": 0, "nmtc_total_usd": 0.0 }, "geometry": { "type": "Polygon", "coordinates": [ [ [ -84.564363, 42.697531 ], [ -84.560476, 42.702313 ], [ -84.55803, 42.70524 ], [ -84.556188, 42.704784 ], [ -84.552174, 42.705151 ], [ -84.548008, 42.705169 ], [ -84.544705, 42.705142 ], [ -84.544748, 42.701257 ], [ -84.546715, 42.701262 ], [ -84.546772, 42.697424 ], [ -84.552749, 42.69744 ], [ -84.553717, 42.697441 ], [ -84.561857, 42.697516 ], [ -84.564363, 42.697531 ] ] ] } },
{ "type": "Feature", "properties": { "geoid": "26007000101", "county_name": "Alpena County", "place_name": null, "state_name": "Michigan", "state_abbr": "MI", "is_rural": true, "dci_score": 78.4, "dci_quintile": 3.0, "is_cra_lmi": false, "income_level": "U", "is_persistent_poverty": false, "is_tribal_overlap": false, "tribal_area_name": null, "aian_pct": 0.0, "has_nmtc": false, "nmtc_projects": 0, "nmtc_total_usd": 0.0 }, "geometry": { "type": "Polygon", "coordinates": [ [ [ -83.882911, 45.159505 ], [ -83.880541, 45.188034 ], [ -83.881223, 45.202071 ], [ -83.841255, 45.203261 ], [ -83.759242, 45.204791 ], [ -83.752563, 45.204859 ], [ -83.752096, 45.205038 ], [ -83.657445, 45.204613 ], [ -83.657615, 45.187951 ], [ -83.653168, 45.188943 ], [ -83.651934, 45.187273 ], [ -83.649538, 45.1861 ], [ -83.650205, 45.184376 ], [ -83.646195, 45.183828 ], [ -83.644599, 45.185469 ], [ -83.641354, 45.18389 ], [ -83.638563, 45.184919 ], [ -83.638054, 45.183297 ], [ -83.636388, 45.182732 ], [ -83.63412, 45.182788 ], [ -83.633595, 45.181455 ], [ -83.632046, 45.18241 ], [ -83.633157, 45.180606 ], [ -83.628715, 45.179382 ], [ -83.629019, 45.178735 ], [ -83.626358, 45.178489 ], [ -83.625032, 45.177361 ], [ -83.624899, 45.17587 ], [ -83.626388, 45.174968 ], [ -83.623627, 45.170735 ], [ -83.621649, 45.170359 ], [ -83.621941, 45.169075 ], [ -83.623493, 45.168358 ], [ -83.621204, 45.167487 ], [ -83.621753, 45.166213 ], [ -83.619969, 45.167317 ], [ -83.618767, 45.165908 ], [ -83.619571, 45.16517 ], [ -83.618519, 45.162263 ], [ -83.617101, 45.162489 ], [ -83.616229, 45.159066 ], [ -83.61815, 45.157553 ], [ -83.616594, 45.157515 ], [ -83.617323, 45.155941 ], [ -83.615411, 45.155239 ], [ -83.617011, 45.154477 ], [ -83.616462, 45.15325 ], [ -83.614487, 45.151996 ], [ -83.610722, 45.152695 ], [ -83.609925, 45.150968 ], [ -83.611419, 45.150429 ], [ -83.609566, 45.149238 ], [ -83.611712, 45.148625 ], [ -83.608375, 45.147616 ], [ -83.608674, 45.147196 ], [ -83.613738, 45.148523 ], [ -83.626355, 45.148424 ], [ -83.626459, 45.133712 ], [ -83.635728, 45.133743 ], [ -83.63552, 45.12809 ], [ -83.63538, 45.125534 ], [ -83.633373, 45.117172 ], [ -83.635279, 45.074566 ], [ -83.634952, 45.060622 ], [ -83.643123, 45.060586 ], [ -83.644941, 45.060764 ], [ -83.647764, 45.061511 ], [ -83.662268, 45.066884 ], [ -83.66557, 45.06757 ], [ -83.666199, 45.067623 ], [ -83.696284, 45.067335 ], [ -83.718122, 45.067256 ], [ -83.722012, 45.066895 ], [ -83.757458, 45.067079 ], [ -83.75755, 45.074251 ], [ -83.757514, 45.082315 ], [ -83.757987, 45.080304 ], [ -83.761402, 45.078868 ], [ -83.762943, 45.07514 ], [ -83.764533, 45.075431 ], [ -83.766926, 45.079007 ], [ -83.76738, 45.077239 ], [ -83.769871, 45.075886 ], [ -83.770983, 45.074114 ], [ -83.771745, 45.073644 ], [ -83.774342, 45.073446 ], [ -83.773889, 45.073771 ], [ -83.775128, 45.073837 ], [ -83.77748, 45.072835 ], [ -83.778606, 45.073137 ], [ -83.778104, 45.074083 ], [ -83.777159, 45.074945 ], [ -83.777366, 45.075826 ], [ -83.778221, 45.076131 ], [ -83.779432, 45.077175 ], [ -83.78, 45.077055 ], [ -83.780031, 45.076259 ], [ -83.781221, 45.076079 ], [ -83.781545, 45.075742 ], [ -83.780567, 45.075057 ], [ -83.780553, 45.074606 ], [ -83.781631, 45.074958 ], [ -83.782646, 45.074951 ], [ -83.782649, 45.074055 ], [ -83.78586, 45.074045 ], [ -83.785962, 45.074969 ], [ -83.788106, 45.074743 ], [ -83.787703, 45.075513 ], [ -83.78871, 45.077099 ], [ -83.790575, 45.07686 ], [ -83.789489, 45.076108 ], [ -83.791764, 45.075093 ], [ -83.791497, 45.076485 ], [ -83.794243, 45.07632 ], [ -83.797307, 45.076592 ], [ -83.797857, 45.076186 ], [ -83.796751, 45.075302 ], [ -83.79794, 45.074075 ], [ -83.800017, 45.074092 ], [ -83.799307, 45.074982 ], [ -83.801057, 45.075038 ], [ -83.801306, 45.076583 ], [ -83.803985, 45.07589 ], [ -83.805225, 45.077105 ], [ -83.806894, 45.077352 ], [ -83.807448, 45.075189 ], [ -83.808777, 45.074972 ], [ -83.809051, 45.076841 ], [ -83.810221, 45.077215 ], [ -83.811245, 45.07599 ], [ -83.813927, 45.075972 ], [ -83.812445, 45.07722 ], [ -83.815474, 45.078096 ], [ -83.817033, 45.077633 ], [ -83.816358, 45.076457 ], [ -83.818059, 45.075887 ], [ -83.822893, 45.077202 ], [ -83.82317, 45.075651 ], [ -83.824601, 45.07583 ], [ -83.82775, 45.074066 ], [ -83.828456, 45.074803 ], [ -83.82683, 45.075572 ], [ -83.827386, 45.076867 ], [ -83.828793, 45.077468 ], [ -83.830779, 45.076104 ], [ -83.831403, 45.077142 ], [ -83.833678, 45.076528 ], [ -83.834134, 45.074929 ], [ -83.835218, 45.074989 ], [ -83.835162, 45.076322 ], [ -83.836341, 45.075856 ], [ -83.838165, 45.076494 ], [ -83.840009, 45.075477 ], [ -83.841631, 45.073964 ], [ -83.84283, 45.073646 ], [ -83.842802, 45.073064 ], [ -83.845897, 45.071699 ], [ -83.847839, 45.07225 ], [ -83.849893, 45.070173 ], [ -83.850092, 45.071536 ], [ -83.85236, 45.071646 ], [ -83.851284, 45.069549 ], [ -83.852864, 45.068318 ], [ -83.854448, 45.068964 ], [ -83.857026, 45.067858 ], [ -83.858016, 45.068793 ], [ -83.860601, 45.067283 ], [ -83.862047, 45.069072 ], [ -83.863362, 45.068804 ], [ -83.862697, 45.067436 ], [ -83.863908, 45.066471 ], [ -83.866383, 45.067969 ], [ -83.867822, 45.06768 ], [ -83.867647, 45.065829 ], [ -83.869995, 45.066641 ], [ -83.87194, 45.065357 ], [ -83.875838, 45.067101 ], [ -83.875847, 45.06608 ], [ -83.878939, 45.066303 ], [ -83.88031, 45.066296 ], [ -83.880343, 45.073396 ], [ -83.880916, 45.101841 ], [ -83.88123, 45.116044 ], [ -83.882911, 45.159505 ] ] ] } },
{ "type": "Feature", "properties": { "geoid": "26147626001", "county_name": "St. Clair County", "place_name": null, "state_name": "Michigan", "state_abbr": "MI", "is_rural": true, "dci_score": 86.7, "dci_quintile": 2.0, "is_cra_lmi": true, "income_level": "M", "is_persistent_poverty": false, "is_tribal_overlap": false, "tribal_area_name": null, "aian_pct": 0.0, "has_nmtc": true, "nmtc_projects": 1, "nmtc_total_usd": 17540000.0 }, "geometry": { "type": "Polygon", "coordinates": [ [ [ -82.445561, 42.994592 ], [ -82.440688, 42.998289 ], [ -82.437008, 42.99884 ], [ -82.430082, 42.999568 ], [ -82.427548, 42.999634 ], [ -82.425194, 42.999195 ], [ -82.423344754899205, 42.9987670272739 ], [ -82.424421, 42.996977 ], [ -82.424969, 42.993383 ], [ -82.423086, 42.988728 ], [ -82.421071829487303, 42.985214623753897 ], [ -82.426744, 42.985311 ], [ -82.427696, 42.986519 ], [ -82.429252, 42.988583 ], [ -82.430243, 42.989926 ], [ -82.430977, 42.989899 ], [ -82.43089, 42.988702 ], [ -82.433961, 42.988623 ], [ -82.433901, 42.987435 ], [ -82.437264, 42.987352 ], [ -82.437443, 42.990869 ], [ -82.442416, 42.990696 ], [ -82.443392, 42.992434 ], [ -82.44535, 42.994461 ], [ -82.445561, 42.994592 ] ] ] } },
{ "type": "Feature", "properties": { "geoid": "26143971001", "county_name": "Roscommon County", "place_name": null, "state_name": "Michigan", "state_abbr": "MI", "is_rural": true, "dci_score": 64.8, "dci_quintile": 4.0, "is_cra_lmi": true, "income_level": "M", "is_persistent_poverty": false, "is_tribal_overlap": false, "tribal_area_name": null, "aian_pct": 0.0, "has_nmtc": false, "nmtc_projects": 0, "nmtc_total_usd": 0.0 }, "geometry": { "type": "Polygon", "coordinates": [ [ [ -84.854731, 44.359581 ], [ -84.851523, 44.36363 ], [ -84.849308, 44.364596 ], [ -84.836581, 44.364659 ], [ -84.833959, 44.366328 ], [ -84.834005, 44.369641 ], [ -84.833233, 44.370775 ], [ -84.830804, 44.371369 ], [ -84.801947, 44.371765 ], [ -84.802426, 44.376657 ], [ -84.800602, 44.382816 ], [ -84.782106, 44.382504 ], [ -84.782838, 44.380794 ], [ -84.786433, 44.374259 ], [ -84.787614, 44.370274 ], [ -84.776393, 44.365214 ], [ -84.773375, 44.364263 ], [ -84.760555, 44.361557 ], [ -84.750634, 44.360175 ], [ -84.742388, 44.358802 ], [ -84.734922, 44.358027 ], [ -84.734336, 44.335241 ], [ -84.778142, 44.335504 ], [ -84.783847, 44.335773 ], [ -84.793385, 44.335854 ], [ -84.793464, 44.32024 ], [ -84.793527, 44.305609 ], [ -84.793667, 44.291728 ], [ -84.793988, 44.289437 ], [ -84.796677, 44.276817 ], [ -84.792889, 44.27681 ], [ -84.772732, 44.276684 ], [ -84.732585, 44.276502 ], [ -84.691707, 44.276939 ], [ -84.691659, 44.275355 ], [ -84.654932, 44.247845 ], [ -84.634266, 44.247725 ], [ -84.621061, 44.233873 ], [ -84.620509, 44.233163 ], [ -84.620267, 44.231513 ], [ -84.620025, 44.167803 ], [ -84.619824, 44.166718 ], [ -84.619234, 44.165988 ], [ -84.61006, 44.161502 ], [ -84.6087, 44.160484 ], [ -84.610069, 44.16055 ], [ -84.684618, 44.160664 ], [ -84.68531, 44.160758 ], [ -84.728755, 44.160859 ], [ -84.78714, 44.160898 ], [ -84.796683, 44.160992 ], [ -84.844866, 44.161443 ], [ -84.848282, 44.161367 ], [ -84.851705, 44.161375 ], [ -84.853163, 44.248767 ], [ -84.852672, 44.274398 ], [ -84.852881, 44.274957 ], [ -84.853218, 44.284508 ], [ -84.852857, 44.291433 ], [ -84.854332, 44.335756 ], [ -84.854865, 44.359098 ], [ -84.854731, 44.359581 ] ] ] } },
{ "type": "Feature", "properties": { "geoid": "26139024501", "county_name": "Ottawa County", "place_name": null, "state_name": "Michigan", "state_abbr": "MI", "is_rural": true, "dci_score": 8.2, "dci_quintile": 5.0, "is_cra_lmi": true, "income_level": "L", "is_persistent_poverty": false, "is_tribal_overlap": false, "tribal_area_name": null, "aian_pct": 0.0, "has_nmtc": false, "nmtc_projects": 0, "nmtc_total_usd": 0.0 }, "geometry": { "type": "Polygon", "coordinates": [ [ [ -85.913877, 42.959575 ], [ -85.911947, 42.961328 ], [ -85.912434, 42.966001 ], [ -85.911687, 42.968491 ], [ -85.91245, 42.969989 ], [ -85.910579, 42.971841 ], [ -85.906508, 42.972487 ], [ -85.903366, 42.974751 ], [ -85.901017, 42.97498 ], [ -85.89913, 42.976065 ], [ -85.895367, 42.976464 ], [ -85.89222, 42.978352 ], [ -85.889483, 42.978851 ], [ -85.885703, 42.978858 ], [ -85.884731, 42.979829 ], [ -85.884798, 42.973527 ], [ -85.887167, 42.972224 ], [ -85.898499, 42.972214 ], [ -85.904329, 42.972477 ], [ -85.904045, 42.963454 ], [ -85.903855, 42.957693 ], [ -85.903799, 42.955846 ], [ -85.90665, 42.956813 ], [ -85.911649, 42.956852 ], [ -85.913754, 42.9578 ], [ -85.913877, 42.959575 ] ] ] } },
{ "type": "Feature", "properties": { "geoid": "26077000601", "county_name": "Kalamazoo County", "place_name": "Ypsilanti", "state_name": "Michigan", "state_abbr": "MI", "is_rural": false, "dci_score": 75.1, "dci_quintile": 3.0, "is_cra_lmi": true, "income_level": "M", "is_persistent_poverty": false, "is_tribal_overlap": false, "tribal_area_name": null, "aian_pct": 0.0, "has_nmtc": false, "nmtc_projects": 0, "nmtc_total_usd": 0.0 }, "geometry": { "type": "Polygon", "coordinates": [ [ [ -85.604087, 42.276029 ], [ -85.599999, 42.280985 ], [ -85.599471, 42.281715 ], [ -85.598392, 42.283672 ], [ -85.598942, 42.28687 ], [ -85.597424, 42.288746 ], [ -85.595278, 42.288747 ], [ -85.589571, 42.28874 ], [ -85.589564, 42.286189 ], [ -85.589564, 42.285114 ], [ -85.58295, 42.285088 ], [ -85.582949, 42.281912 ], [ -85.587243, 42.281909 ], [ -85.587238, 42.280583 ], [ -85.589582, 42.280594 ], [ -85.589624, 42.274203 ], [ -85.592149, 42.274198 ], [ -85.605181, 42.27424 ], [ -85.604087, 42.276029 ] ] ] } },
{ "type": "Feature", "properties": { "geoid": "26163509000", "county_name": "Wayne County", "place_name": null, "state_name": "Michigan", "state_abbr": "MI", "is_rural": false, "dci_score": 89.3, "dci_quintile": 2.0, "is_cra_lmi": false, "income_level": "NA", "is_persistent_poverty": false, "is_tribal_overlap": false, "tribal_area_name": null, "aian_pct": 0.0, "has_nmtc": false, "nmtc_projects": 0, "nmtc_total_usd": 0.0 }, "geometry": { "type": "Polygon", "coordinates": [ [ [ -83.114981, 42.432133 ], [ -83.102381, 42.432277 ], [ -83.100931, 42.432312 ], [ -83.094924, 42.432473 ], [ -83.094654, 42.432484 ], [ -83.094056, 42.426681 ], [ -83.093184, 42.424915 ], [ -83.08775, 42.418235 ], [ -83.089417, 42.418161 ], [ -83.101812, 42.417828 ], [ -83.105293, 42.417749 ], [ -83.105858, 42.418735 ], [ -83.108593, 42.422646 ], [ -83.111318, 42.426714 ], [ -83.114981, 42.432133 ] ] ] } },
{ "type": "Feature", "properties": { "geoid": "26163565302", "county_name": "Wayne County", "place_name": null, "state_name": "Michigan", "state_abbr": "MI", "is_rural": false, "dci_score": 73.3, "dci_quintile": 3.0, "is_cra_lmi": false, "income_level": "U", "is_persistent_poverty": false, "is_tribal_overlap": false, "tribal_area_name": null, "aian_pct": 0.0, "has_nmtc": false, "nmtc_projects": 0, "nmtc_total_usd": 0.0 }, "geometry": { "type": "Polygon", "coordinates": [ [ [ -83.410316, 42.352936 ], [ -83.386204, 42.353481 ], [ -83.386079, 42.351839 ], [ -83.391785, 42.35207 ], [ -83.392983, 42.350757 ], [ -83.391668, 42.348929 ], [ -83.398016, 42.348153 ], [ -83.398746, 42.347051 ], [ -83.398903, 42.344548 ], [ -83.398904, 42.343761 ], [ -83.396712, 42.34106 ], [ -83.399684, 42.339223 ], [ -83.400238, 42.338564 ], [ -83.401661, 42.338135 ], [ -83.407193, 42.334608 ], [ -83.409076, 42.334026 ], [ -83.409212, 42.336961 ], [ -83.409745, 42.345727 ], [ -83.409823, 42.346799 ], [ -83.410255, 42.352081 ], [ -83.410316, 42.352936 ] ] ] } },
{ "type": "Feature", "properties": { "geoid": "26163519100", "county_name": "Wayne County", "place_name": null, "state_name": "Michigan", "state_abbr": "MI", "is_rural": false, "dci_score": 99.1, "dci_quintile": 1.0, "is_cra_lmi": true, "income_level": "M", "is_persistent_poverty": false, "is_tribal_overlap": false, "tribal_area_name": null, "aian_pct": 0.0, "has_nmtc": false, "nmtc_projects": 0, "nmtc_total_usd": 0.0 }, "geometry": { "type": "Polygon", "coordinates": [ [ [ -83.051144, 42.372758 ], [ -83.041786, 42.376137 ], [ -83.034999, 42.378649 ], [ -83.033876, 42.379279 ], [ -83.033016, 42.378606 ], [ -83.027655, 42.370473 ], [ -83.035857, 42.367492 ], [ -83.046634, 42.36358 ], [ -83.052261, 42.372049 ], [ -83.051144, 42.372758 ] ] ] } },
{ "type": "Feature", "properties": { "geoid": "26163502700", "county_name": "Wayne County", "place_name": null, "state_name": "Michigan", "state_abbr": "MI", "is_rural": false, "dci_score": 96.7, "dci_quintile": 1.0, "is_cra_lmi": true, "income_level": "L", "is_persistent_poverty": false, "is_tribal_overlap": false, "tribal_area_name": null, "aian_pct": 0.0, "has_nmtc": false, "nmtc_projects": 0, "nmtc_total_usd": 0.0 }, "geometry": { "type": "Polygon", "coordinates": [ [ [ -82.976029, 42.389288 ], [ -82.968089, 42.392124 ], [ -82.967045, 42.3925 ], [ -82.964136, 42.393545 ], [ -82.960111, 42.394995 ], [ -82.954492, 42.397021 ], [ -82.953257, 42.395585 ], [ -82.947699, 42.3873 ], [ -82.954271, 42.386263 ], [ -82.957212, 42.385765 ], [ -82.958788, 42.385386 ], [ -82.963066, 42.384343 ], [ -82.965192, 42.383836 ], [ -82.966659, 42.383756 ], [ -82.967843, 42.383696 ], [ -82.968399, 42.384458 ], [ -82.968509, 42.384589 ], [ -82.97116, 42.387454 ], [ -82.976029, 42.389288 ] ] ] } },
{ "type": "Feature", "properties": { "geoid": "26163588101", "county_name": "Wayne County", "place_name": null, "state_name": "Michigan", "state_abbr": "MI", "is_rural": false, "dci_score": 51.6, "dci_quintile": 5.0, "is_cra_lmi": true, "income_level": "M", "is_persistent_poverty": false, "is_tribal_overlap": false, "tribal_area_name": null, "aian_pct": 0.0, "has_nmtc": false, "nmtc_projects": 0, "nmtc_total_usd": 0.0 }, "geometry": { "type": "Polygon", "coordinates": [ [ [ -83.544046, 42.256132 ], [ -83.543728, 42.262462 ], [ -83.524266, 42.262923 ], [ -83.506355, 42.263377 ], [ -83.505188, 42.263376 ], [ -83.503346, 42.258344 ], [ -83.544295, 42.251534 ], [ -83.544046, 42.256132 ] ] ] } },
{ "type": "Feature", "properties": { "geoid": "26081013803", "county_name": "Kent County", "place_name": null, "state_name": "Michigan", "state_abbr": "MI", "is_rural": false, "dci_score": 34.0, "dci_quintile": 5.0, "is_cra_lmi": false, "income_level": "NA", "is_persistent_poverty": false, "is_tribal_overlap": false, "tribal_area_name": null, "aian_pct": 0.0, "has_nmtc": false, "nmtc_projects": 0, "nmtc_total_usd": 0.0 }, "geometry": { "type": "Polygon", "coordinates": [ [ [ -85.724825, 42.913933 ], [ -85.722473, 42.913899 ], [ -85.717474, 42.913759 ], [ -85.70526, 42.913514 ], [ -85.705156, 42.910663 ], [ -85.708511, 42.910133 ], [ -85.710396, 42.908761 ], [ -85.717086, 42.90721 ], [ -85.718874, 42.906612 ], [ -85.724704, 42.906669 ], [ -85.724825, 42.913933 ] ] ] } },
{ "type": "Feature", "properties": { "geoid": "26107960701", "county_name": "Mecosta County", "place_name": null, "state_name": "Michigan", "state_abbr": "MI", "is_rural": true, "dci_score": 73.1, "dci_quintile": 3.0, "is_cra_lmi": false, "income_level": "NA", "is_persistent_poverty": false, "is_tribal_overlap": false, "tribal_area_name": null, "aian_pct": 0.0, "has_nmtc": false, "nmtc_projects": 0, "nmtc_total_usd": 0.0 }, "geometry": { "type": "Polygon", "coordinates": [ [ [ -85.493749, 43.687651 ], [ -85.490374, 43.687789 ], [ -85.483493, 43.687564 ], [ -85.483303, 43.679163 ], [ -85.480369, 43.678711 ], [ -85.479192, 43.680295 ], [ -85.48109, 43.682727 ], [ -85.477607, 43.684164 ], [ -85.477302, 43.689167 ], [ -85.46976, 43.688165 ], [ -85.469418, 43.68531 ], [ -85.468378, 43.686005 ], [ -85.465241, 43.690361 ], [ -85.465834, 43.691512 ], [ -85.466798, 43.693426 ], [ -85.469423, 43.694365 ], [ -85.475578, 43.697625 ], [ -85.476426, 43.698665 ], [ -85.475014, 43.699711 ], [ -85.473229, 43.700604 ], [ -85.471395, 43.698467 ], [ -85.468771, 43.695405 ], [ -85.465432, 43.693516 ], [ -85.464462, 43.691398 ], [ -85.463816, 43.691377 ], [ -85.462999, 43.690882 ], [ -85.456993, 43.683852 ], [ -85.455914, 43.68156 ], [ -85.448323, 43.675037 ], [ -85.443776, 43.663203 ], [ -85.443619, 43.66269 ], [ -85.440929, 43.651228 ], [ -85.437529, 43.648362 ], [ -85.433389, 43.648001 ], [ -85.433253, 43.641395 ], [ -85.443677, 43.641412 ], [ -85.468359, 43.641774 ], [ -85.483629, 43.641902 ], [ -85.493507, 43.641983 ], [ -85.493385, 43.663454 ], [ -85.493647, 43.680511 ], [ -85.493739, 43.684134 ], [ -85.493187, 43.684828 ], [ -85.493749, 43.687651 ] ] ] } },
{ "type": "Feature", "properties": { "geoid": "26113960102", "county_name": "Missaukee County", "place_name": null, "state_name": "Michigan", "state_abbr": "MI", "is_rural": true, "dci_score": 53.7, "dci_quintile": 5.0, "is_cra_lmi": true, "income_level": "M", "is_persistent_poverty": false, "is_tribal_overlap": false, "tribal_area_name": null, "aian_pct": 0.0, "has_nmtc": false, "nmtc_projects": 0, "nmtc_total_usd": 0.0 }, "geometry": { "type": "Polygon", "coordinates": [ [ [ -85.338404, 44.425376 ], [ -85.276558, 44.425229 ], [ -85.275459, 44.425212 ], [ -85.217557, 44.424944 ], [ -85.136449, 44.423739 ], [ -85.095803, 44.423275 ], [ -85.075292, 44.423066 ], [ -85.074938, 44.437116 ], [ -85.024157, 44.437196 ], [ -85.023779, 44.451279 ], [ -84.97287, 44.451187 ], [ -84.973874, 44.422057 ], [ -84.973555, 44.407799 ], [ -84.973612, 44.393276 ], [ -84.973767, 44.385859 ], [ -84.978932, 44.385899 ], [ -84.984009, 44.385962 ], [ -84.985022, 44.385958 ], [ -84.984071, 44.385149 ], [ -84.984143, 44.379059 ], [ -84.984147, 44.377972 ], [ -84.984205, 44.374981 ], [ -84.984363, 44.367664 ], [ -84.984599, 44.357285 ], [ -84.984683, 44.353291 ], [ -84.985064, 44.336395 ], [ -85.003738, 44.336624 ], [ -85.008942, 44.336691 ], [ -85.014565, 44.336761 ], [ -85.020483, 44.336845 ], [ -85.025215, 44.336908 ], [ -85.03514, 44.337042 ], [ -85.05512, 44.337373 ], [ -85.095652, 44.337964 ], [ -85.135866, 44.338741 ], [ -85.155748, 44.339216 ], [ -85.200627, 44.33917 ], [ -85.209971, 44.339158 ], [ -85.212586, 44.339174 ], [ -85.215808, 44.339166 ], [ -85.215848, 44.340871 ], [ -85.215825, 44.341278 ], [ -85.215904, 44.344602 ], [ -85.216027, 44.353641 ], [ -85.216251, 44.368075 ], [ -85.226496, 44.368058 ], [ -85.227849, 44.368239 ], [ -85.246657, 44.382401 ], [ -85.246709, 44.389588 ], [ -85.30173, 44.389746 ], [ -85.305503, 44.390644 ], [ -85.30755, 44.391851 ], [ -85.313802, 44.397585 ], [ -85.319953, 44.401813 ], [ -85.32308, 44.403326 ], [ -85.327388, 44.404014 ], [ -85.338015, 44.403844 ], [ -85.338404, 44.425376 ] ] ] } },
{ "type": "Feature", "properties": { "geoid": "26163577400", "county_name": "Wayne County", "place_name": "Ironwood", "state_name": "Michigan", "state_abbr": "MI", "is_rural": false, "dci_score": 86.1, "dci_quintile": 2.0, "is_cra_lmi": false, "income_level": "U", "is_persistent_poverty": false, "is_tribal_overlap": false, "tribal_area_name": null, "aian_pct": 0.0, "has_nmtc": false, "nmtc_projects": 0, "nmtc_total_usd": 0.0 }, "geometry": { "type": "Polygon", "coordinates": [ [ [ -83.199385, 42.239445 ], [ -83.195682, 42.242642 ], [ -83.191607, 42.247039 ], [ -83.191325, 42.247036 ], [ -83.187913, 42.249823 ], [ -83.185235, 42.252466 ], [ -83.177297, 42.250117 ], [ -83.179843, 42.245489 ], [ -83.18051, 42.244249 ], [ -83.180334, 42.239762 ], [ -83.187128, 42.239591 ], [ -83.194926, 42.239409 ], [ -83.198831, 42.239305 ], [ -83.199385, 42.239445 ] ] ] } },
{ "type": "Feature", "properties": { "geoid": "26163577000", "county_name": "Wayne County", "place_name": null, "state_name": "Michigan", "state_abbr": "MI", "is_rural": false, "dci_score": 86.1, "dci_quintile": 2.0, "is_cra_lmi": true, "income_level": "M", "is_persistent_poverty": false, "is_tribal_overlap": false, "tribal_area_name": null, "aian_pct": 0.0, "has_nmtc": false, "nmtc_projects": 0, "nmtc_total_usd": 0.0 }, "geometry": { "type": "Polygon", "coordinates": [ [ [ -83.177297, 42.250117 ], [ -83.172445, 42.256055 ], [ -83.167264, 42.262281 ], [ -83.166432, 42.259675 ], [ -83.164477, 42.258227 ], [ -83.163061, 42.257245 ], [ -83.161052, 42.25496 ], [ -83.161635, 42.254253 ], [ -83.158936, 42.252988 ], [ -83.157763, 42.251525 ], [ -83.1583, 42.249144 ], [ -83.159075, 42.247934 ], [ -83.159522, 42.245019 ], [ -83.167347, 42.247286 ], [ -83.169946, 42.248077 ], [ -83.176313, 42.250014 ], [ -83.177297, 42.250117 ] ] ] } },
{ "type": "Feature", "properties": { "geoid": "26163533600", "county_name": "Wayne County", "place_name": "Battle Creek", "state_name": "Michigan", "state_abbr": "MI", "is_rural": false, "dci_score": 94.3, "dci_quintile": 1.0, "is_cra_lmi": true, "income_level": "M", "is_persistent_poverty": false, "is_tribal_overlap": false, "tribal_area_name": null, "aian_pct": 0.0, "has_nmtc": false, "nmtc_projects": 0, "nmtc_total_usd": 0.0 }, "geometry": { "type": "Polygon", "coordinates": [ [ [ -83.130105, 42.358152 ], [ -83.124471, 42.360293 ], [ -83.122227, 42.361146 ], [ -83.110799, 42.356125 ], [ -83.112482, 42.355685 ], [ -83.119351, 42.353074 ], [ -83.122661, 42.35183 ], [ -83.125659, 42.351882 ], [ -83.130105, 42.358152 ] ] ] } },
{ "type": "Feature", "properties": { "geoid": "26163533100", "county_name": "Wayne County", "place_name": null, "state_name": "Michigan", "state_abbr": "MI", "is_rural": false, "dci_score": 93.6, "dci_quintile": 1.0, "is_cra_lmi": true, "income_level": "L", "is_persistent_poverty": false, "is_tribal_overlap": false, "tribal_area_name": null, "aian_pct": 0.0, "has_nmtc": false, "nmtc_projects": 0, "nmtc_total_usd": 0.0 }, "geometry": { "type": "Polygon", "coordinates": [ [ [ -83.108507, 42.373031 ], [ -83.10289, 42.375122 ], [ -83.099313, 42.376441 ], [ -83.098808, 42.37593 ], [ -83.095342, 42.370766 ], [ -83.095542, 42.370693 ], [ -83.099143, 42.369372 ], [ -83.104635, 42.367284 ], [ -83.108507, 42.373031 ] ] ] } },
{ "type": "Feature", "properties": { "geoid": "26163533900", "county_name": "Wayne County", "place_name": "Brownlee Park", "state_name": "Michigan", "state_abbr": "MI", "is_rural": false, "dci_score": 85.6, "dci_quintile": 2.0, "is_cra_lmi": false, "income_level": "NA", "is_persistent_poverty": false, "is_tribal_overlap": false, "tribal_area_name": null, "aian_pct": 0.0, "has_nmtc": true, "nmtc_projects": 4, "nmtc_total_usd": 20850000.0 }, "geometry": { "type": "Polygon", "coordinates": [ [ [ -83.086363, 42.374053 ], [ -83.07794, 42.377169 ], [ -83.07655, 42.375106 ], [ -83.073387, 42.370351 ], [ -83.068815, 42.363601 ], [ -83.070143, 42.36292 ], [ -83.076031, 42.35906 ], [ -83.081802, 42.367197 ], [ -83.084964, 42.37203 ], [ -83.085977, 42.373655 ], [ -83.086363, 42.374053 ] ] ] } },
{ "type": "Feature", "properties": { "geoid": "26163531600", "county_name": "Wayne County", "place_name": null, "state_name": "Michigan", "state_abbr": "MI", "is_rural": false, "dci_score": 99.3, "dci_quintile": 1.0, "is_cra_lmi": true, "income_level": "M", "is_persistent_poverty": false, "is_tribal_overlap": false, "tribal_area_name": null, "aian_pct": 0.0, "has_nmtc": false, "nmtc_projects": 0, "nmtc_total_usd": 0.0 }, "geometry": { "type": "Polygon", "coordinates": [ [ [ -83.134401, 42.39537 ], [ -83.125753, 42.398567 ], [ -83.125385, 42.398015 ], [ -83.123587, 42.395336 ], [ -83.12203, 42.393019 ], [ -83.127442, 42.391012 ], [ -83.130873, 42.389743 ], [ -83.132441, 42.392081 ], [ -83.133838, 42.394165 ], [ -83.134401, 42.39537 ] ] ] } },
{ "type": "Feature", "properties": { "geoid": "26163500100", "county_name": "Wayne County", "place_name": null, "state_name": "Michigan", "state_abbr": "MI", "is_rural": false, "dci_score": 96.3, "dci_quintile": 1.0, "is_cra_lmi": true, "income_level": "M", "is_persistent_poverty": false, "is_tribal_overlap": false, "tribal_area_name": null, "aian_pct": 0.0, "has_nmtc": false, "nmtc_projects": 0, "nmtc_total_usd": 0.0 }, "geometry": { "type": "Polygon", "coordinates": [ [ [ -82.95621, 42.450048 ], [ -82.955483, 42.450063 ], [ -82.946055, 42.450228 ], [ -82.942995, 42.450199 ], [ -82.941283, 42.45023 ], [ -82.945577, 42.44487 ], [ -82.946396, 42.443685 ], [ -82.946879, 42.442922 ], [ -82.948031, 42.441373 ], [ -82.951802, 42.436373 ], [ -82.952328, 42.435667 ], [ -82.953192, 42.434404 ], [ -82.95368, 42.434779 ], [ -82.955372, 42.435468 ], [ -82.955776, 42.43558 ], [ -82.956002, 42.442863 ], [ -82.95621, 42.450048 ] ] ] } },
{ "type": "Feature", "properties": { "geoid": "26163531100", "county_name": "Wayne County", "place_name": null, "state_name": "Michigan", "state_abbr": "MI", "is_rural": false, "dci_score": 93.6, "dci_quintile": 1.0, "is_cra_lmi": true, "income_level": "L", "is_persistent_poverty": false, "is_tribal_overlap": false, "tribal_area_name": null, "aian_pct": 0.0, "has_nmtc": false, "nmtc_projects": 0, "nmtc_total_usd": 0.0 }, "geometry": { "type": "Polygon", "coordinates": [ [ [ -83.121787, 42.376273 ], [ -83.112799, 42.37961 ], [ -83.112286, 42.378799 ], [ -83.108798, 42.373471 ], [ -83.114358, 42.37138 ], [ -83.117631, 42.37015 ], [ -83.121787, 42.376273 ] ] ] } },
{ "type": "Feature", "properties": { "geoid": "26163530800", "county_name": "Wayne County", "place_name": null, "state_name": "Michigan", "state_abbr": "MI", "is_rural": false, "dci_score": 94.3, "dci_quintile": 1.0, "is_cra_lmi": true, "income_level": "L", "is_persistent_poverty": false, "is_tribal_overlap": false, "tribal_area_name": null, "aian_pct": 0.0, "has_nmtc": false, "nmtc_projects": 0, "nmtc_total_usd": 0.0 }, "geometry": { "type": "Polygon", "coordinates": [ [ [ -83.139221, 42.378818 ], [ -83.134917, 42.380454 ], [ -83.133152, 42.377853 ], [ -83.13051, 42.373957 ], [ -83.125833, 42.367057 ], [ -83.130597, 42.365261 ], [ -83.131168, 42.36453 ], [ -83.138751, 42.367398 ], [ -83.138908, 42.371332 ], [ -83.138999, 42.373515 ], [ -83.139109, 42.37614 ], [ -83.139221, 42.378818 ] ] ] } },
{ "type": "Feature", "properties": { "geoid": "26163526500", "county_name": "Wayne County", "place_name": null, "state_name": "Michigan", "state_abbr": "MI", "is_rural": false, "dci_score": 92.8, "dci_quintile": 1.0, "is_cra_lmi": true, "income_level": "M", "is_persistent_poverty": false, "is_tribal_overlap": false, "tribal_area_name": null, "aian_pct": 0.0, "has_nmtc": false, "nmtc_projects": 0, "nmtc_total_usd": 0.0 }, "geometry": { "type": "Polygon", "coordinates": [ [ [ -83.147545, 42.349918 ], [ -83.147736, 42.351916 ], [ -83.143905, 42.351992 ], [ -83.142798, 42.352014 ], [ -83.139997, 42.35207 ], [ -83.135703, 42.352072 ], [ -83.130381, 42.344638 ], [ -83.136171, 42.344961 ], [ -83.137789, 42.344927 ], [ -83.13951, 42.344888 ], [ -83.145862, 42.344747 ], [ -83.148431, 42.344688 ], [ -83.147545, 42.349918 ] ] ] } },
{ "type": "Feature", "properties": { "geoid": "26163526200", "county_name": "Wayne County", "place_name": null, "state_name": "Michigan", "state_abbr": "MI", "is_rural": false, "dci_score": 92.8, "dci_quintile": 1.0, "is_cra_lmi": true, "income_level": "M", "is_persistent_poverty": false, "is_tribal_overlap": false, "tribal_area_name": null, "aian_pct": 0.0, "has_nmtc": false, "nmtc_projects": 0, "nmtc_total_usd": 0.0 }, "geometry": { "type": "Polygon", "coordinates": [ [ [ -83.149788, 42.340295 ], [ -83.148431, 42.344688 ], [ -83.145862, 42.344747 ], [ -83.145169, 42.341335 ], [ -83.143628, 42.339228 ], [ -83.143467, 42.339291 ], [ -83.140744, 42.335507 ], [ -83.138412, 42.332315 ], [ -83.145036, 42.331258 ], [ -83.146426, 42.333213 ], [ -83.149257, 42.337027 ], [ -83.150901, 42.338869 ], [ -83.149788, 42.340295 ] ] ] } },
{ "type": "Feature", "properties": { "geoid": "26163553100", "county_name": "Wayne County", "place_name": null, "state_name": "Michigan", "state_abbr": "MI", "is_rural": false, "dci_score": 89.3, "dci_quintile": 2.0, "is_cra_lmi": true, "income_level": "M", "is_persistent_poverty": false, "is_tribal_overlap": false, "tribal_area_name": null, "aian_pct": 0.0, "has_nmtc": false, "nmtc_projects": 0, "nmtc_total_usd": 0.0 }, "geometry": { "type": "Polygon", "coordinates": [ [ [ -83.11644, 42.417579 ], [ -83.105293, 42.417749 ], [ -83.101051, 42.411427 ], [ -83.104457, 42.410063 ], [ -83.10815, 42.406726 ], [ -83.108837, 42.406352 ], [ -83.11644, 42.417579 ] ] ] } },
{ "type": "Feature", "properties": { "geoid": "26163552200", "county_name": "Wayne County", "place_name": null, "state_name": "Michigan", "state_abbr": "MI", "is_rural": false, "dci_score": 96.4, "dci_quintile": 1.0, "is_cra_lmi": true, "income_level": "M", "is_persistent_poverty": false, "is_tribal_overlap": false, "tribal_area_name": null, "aian_pct": 0.0, "has_nmtc": false, "nmtc_projects": 0, "nmtc_total_usd": 0.0 }, "geometry": { "type": "Polygon", "coordinates": [ [ [ -83.071192, 42.395605 ], [ -83.068272, 42.396705 ], [ -83.064815, 42.397978 ], [ -83.059842, 42.399806 ], [ -83.058028, 42.397112 ], [ -83.055787, 42.393694 ], [ -83.058005, 42.392867 ], [ -83.061937, 42.39041 ], [ -83.062487, 42.391243 ], [ -83.066452, 42.389775 ], [ -83.069134, 42.393056 ], [ -83.069272, 42.393232 ], [ -83.071192, 42.395605 ] ] ] } },
{ "type": "Feature", "properties": { "geoid": "26163551600", "county_name": "Wayne County", "place_name": null, "state_name": "Michigan", "state_abbr": "MI", "is_rural": false, "dci_score": 80.7, "dci_quintile": 3.0, "is_cra_lmi": true, "income_level": "M", "is_persistent_poverty": false, "is_tribal_overlap": false, "tribal_area_name": null, "aian_pct": 0.0, "has_nmtc": false, "nmtc_projects": 0, "nmtc_total_usd": 0.0 }, "geometry": { "type": "Polygon", "coordinates": [ [ [ -82.951802, 42.436373 ], [ -82.948031, 42.441373 ], [ -82.94784, 42.441266 ], [ -82.936513, 42.436628 ], [ -82.938333, 42.434091 ], [ -82.925597, 42.428818 ], [ -82.927656, 42.426062 ], [ -82.932195, 42.427968 ], [ -82.937382, 42.43009 ], [ -82.940416, 42.431329 ], [ -82.943612, 42.432637 ], [ -82.947855, 42.434373 ], [ -82.951357, 42.435809 ], [ -82.951603, 42.436297 ], [ -82.951802, 42.436373 ] ] ] } },
{ "type": "Feature", "properties": { "geoid": "26163525400", "county_name": "Wayne County", "place_name": null, "state_name": "Michigan", "state_abbr": "MI", "is_rural": false, "dci_score": 92.9, "dci_quintile": 1.0, "is_cra_lmi": true, "income_level": "M", "is_persistent_poverty": false, "is_tribal_overlap": false, "tribal_area_name": null, "aian_pct": 0.0, "has_nmtc": false, "nmtc_projects": 0, "nmtc_total_usd": 0.0 }, "geometry": { "type": "Polygon", "coordinates": [ [ [ -83.124856, 42.337325 ], [ -83.12, 42.339313 ], [ -83.118361, 42.340323 ], [ -83.115125, 42.343028 ], [ -83.112929, 42.344702 ], [ -83.111164, 42.345771 ], [ -83.109434, 42.346607 ], [ -83.103753, 42.338977 ], [ -83.110566, 42.336653 ], [ -83.111796, 42.336223 ], [ -83.121338, 42.332485 ], [ -83.124856, 42.337325 ] ] ] } },
{ "type": "Feature", "properties": { "geoid": "26163583400", "county_name": "Wayne County", "place_name": null, "state_name": "Michigan", "state_abbr": "MI", "is_rural": false, "dci_score": 81.1, "dci_quintile": 2.0, "is_cra_lmi": false, "income_level": "U", "is_persistent_poverty": false, "is_tribal_overlap": false, "tribal_area_name": null, "aian_pct": 0.0, "has_nmtc": false, "nmtc_projects": 0, "nmtc_total_usd": 0.0 }, "geometry": { "type": "Polygon", "coordinates": [ [ [ -83.250219, 42.259281 ], [ -83.231607, 42.263878 ], [ -83.231223, 42.256396 ], [ -83.230981, 42.251571 ], [ -83.230864, 42.249209 ], [ -83.236851, 42.249109 ], [ -83.242815, 42.249001 ], [ -83.250037, 42.248873 ], [ -83.250115, 42.256054 ], [ -83.250219, 42.259281 ] ] ] } },
{ "type": "Feature", "properties": { "geoid": "26163574100", "county_name": "Wayne County", "place_name": null, "state_name": "Michigan", "state_abbr": "MI", "is_rural": false, "dci_score": 95.5, "dci_quintile": 1.0, "is_cra_lmi": true, "income_level": "M", "is_persistent_poverty": false, "is_tribal_overlap": false, "tribal_area_name": null, "aian_pct": 0.0, "has_nmtc": true, "nmtc_projects": 1, "nmtc_total_usd": 12250000.0 }, "geometry": { "type": "Polygon", "coordinates": [ [ [ -83.194929, 42.316427 ], [ -83.189694, 42.318187 ], [ -83.186794, 42.319026 ], [ -83.185471, 42.319409 ], [ -83.17942, 42.321162 ], [ -83.178621, 42.321393 ], [ -83.175947, 42.322167 ], [ -83.17236, 42.323214 ], [ -83.166255, 42.324981 ], [ -83.166171, 42.32245 ], [ -83.162683, 42.317236 ], [ -83.1686, 42.31633 ], [ -83.175674, 42.315317 ], [ -83.18345, 42.314235 ], [ -83.192425, 42.312953 ], [ -83.194929, 42.316427 ] ] ] } },
{ "type": "Feature", "properties": { "geoid": "26163554500", "county_name": "Wayne County", "place_name": null, "state_name": "Michigan", "state_abbr": "MI", "is_rural": false, "dci_score": 64.0, "dci_quintile": 4.0, "is_cra_lmi": true, "income_level": "M", "is_persistent_poverty": false, "is_tribal_overlap": false, "tribal_area_name": null, "aian_pct": 0.0, "has_nmtc": false, "nmtc_projects": 0, "nmtc_total_usd": 0.0 }, "geometry": { "type": "Polygon", "coordinates": [ [ [ -83.296471, 42.413999 ], [ -83.286698, 42.414252 ], [ -83.286463, 42.407 ], [ -83.276681, 42.407278 ], [ -83.275941, 42.407281 ], [ -83.275725, 42.400096 ], [ -83.276465, 42.400074 ], [ -83.28604, 42.399812 ], [ -83.288612, 42.399752 ], [ -83.295883, 42.399578 ], [ -83.296176, 42.406438 ], [ -83.296471, 42.413999 ] ] ] } },
{ "type": "Feature", "properties": { "geoid": "26163537800", "county_name": "Wayne County", "place_name": null, "state_name": "Michigan", "state_abbr": "MI", "is_rural": false, "dci_score": 95.9, "dci_quintile": 1.0, "is_cra_lmi": true, "income_level": "M", "is_persistent_poverty": false, "is_tribal_overlap": false, "tribal_area_name": null, "aian_pct": 0.0, "has_nmtc": false, "nmtc_projects": 0, "nmtc_total_usd": 0.0 }, "geometry": { "type": "Polygon", "coordinates": [ [ [ -83.198422, 42.394273 ], [ -83.193522, 42.394404 ], [ -83.188616, 42.394537 ], [ -83.184224, 42.394666 ], [ -83.1788, 42.394824 ], [ -83.178715, 42.392699 ], [ -83.182177, 42.390092 ], [ -83.183109, 42.386515 ], [ -83.183902, 42.386833 ], [ -83.185421, 42.387444 ], [ -83.188379, 42.388634 ], [ -83.198365, 42.392657 ], [ -83.198422, 42.394273 ] ] ] } },
{ "type": "Feature", "properties": { "geoid": "26163537300", "county_name": "Wayne County", "place_name": null, "state_name": "Michigan", "state_abbr": "MI", "is_rural": false, "dci_score": 95.9, "dci_quintile": 1.0, "is_cra_lmi": true, "income_level": "M", "is_persistent_poverty": false, "is_tribal_overlap": false, "tribal_area_name": null, "aian_pct": 0.0, "has_nmtc": false, "nmtc_projects": 0, "nmtc_total_usd": 0.0 }, "geometry": { "type": "Polygon", "coordinates": [ [ [ -83.198365, 42.392657 ], [ -83.188379, 42.388634 ], [ -83.185421, 42.387444 ], [ -83.183902, 42.386833 ], [ -83.183109, 42.386515 ], [ -83.183015, 42.384186 ], [ -83.183056, 42.382274 ], [ -83.188129, 42.380664 ], [ -83.192147, 42.379368 ], [ -83.198044, 42.379232 ], [ -83.19817, 42.387052 ], [ -83.198342, 42.39175 ], [ -83.198365, 42.392657 ] ] ] } },
{ "type": "Feature", "properties": { "geoid": "26163536800", "county_name": "Wayne County", "place_name": null, "state_name": "Michigan", "state_abbr": "MI", "is_rural": false, "dci_score": 97.9, "dci_quintile": 1.0, "is_cra_lmi": false, "income_level": "NA", "is_persistent_poverty": false, "is_tribal_overlap": false, "tribal_area_name": null, "aian_pct": 0.0, "has_nmtc": false, "nmtc_projects": 0, "nmtc_total_usd": 0.0 }, "geometry": { "type": "Polygon", "coordinates": [ [ [ -83.170004, 42.414418 ], [ -83.166002, 42.410647 ], [ -83.16189, 42.406414 ], [ -83.159824, 42.405324 ], [ -83.159688, 42.402515 ], [ -83.169402, 42.402229 ], [ -83.169587, 42.405863 ], [ -83.169768, 42.409535 ], [ -83.170004, 42.414418 ] ] ] } },
{ "type": "Feature", "properties": { "geoid": "26163504000", "county_name": "Wayne County", "place_name": null, "state_name": "Michigan", "state_abbr": "MI", "is_rural": false, "dci_score": 96.0, "dci_quintile": 1.0, "is_cra_lmi": true, "income_level": "M", "is_persistent_poverty": false, "is_tribal_overlap": false, "tribal_area_name": null, "aian_pct": 0.0, "has_nmtc": false, "nmtc_projects": 0, "nmtc_total_usd": 0.0 }, "geometry": { "type": "Polygon", "coordinates": [ [ [ -82.983607, 42.420453 ], [ -82.97974, 42.420545 ], [ -82.974821, 42.420658 ], [ -82.974414, 42.42011 ], [ -82.972228, 42.416761 ], [ -82.971097, 42.414994 ], [ -82.976536, 42.413137 ], [ -82.979356, 42.412158 ], [ -82.98045, 42.413884 ], [ -82.983589, 42.418746 ], [ -82.983607, 42.420453 ] ] ] } },
{ "type": "Feature", "properties": { "geoid": "26163503500", "county_name": "Wayne County", "place_name": "Detroit", "state_name": "Michigan", "state_abbr": "MI", "is_rural": false, "dci_score": 98.9, "dci_quintile": 1.0, "is_cra_lmi": true, "income_level": "L", "is_persistent_poverty": false, "is_tribal_overlap": false, "tribal_area_name": null, "aian_pct": 0.0, "has_nmtc": false, "nmtc_projects": 0, "nmtc_total_usd": 0.0 }, "geometry": { "type": "Polygon", "coordinates": [ [ [ -83.004692, 42.434426 ], [ -82.993634, 42.43473 ], [ -82.985125, 42.434917 ], [ -82.977696, 42.435077 ], [ -82.981674, 42.429044 ], [ -82.982549, 42.427715 ], [ -82.984824, 42.427673 ], [ -82.993374, 42.427472 ], [ -83.004318, 42.427228 ], [ -83.004692, 42.434426 ] ] ] } },
{ "type": "Feature", "properties": { "geoid": "26163502000", "county_name": "Wayne County", "place_name": null, "state_name": "Michigan", "state_abbr": "MI", "is_rural": false, "dci_score": 97.7, "dci_quintile": 1.0, "is_cra_lmi": true, "income_level": "M", "is_persistent_poverty": false, "is_tribal_overlap": false, "tribal_area_name": null, "aian_pct": 0.0, "has_nmtc": false, "nmtc_projects": 0, "nmtc_total_usd": 0.0 }, "geometry": { "type": "Polygon", "coordinates": [ [ [ -82.954492, 42.397021 ], [ -82.946729, 42.399875 ], [ -82.94348, 42.394938 ], [ -82.939416, 42.388771 ], [ -82.946644, 42.387469 ], [ -82.947699, 42.3873 ], [ -82.953257, 42.395585 ], [ -82.954492, 42.397021 ] ] ] } },
{ "type": "Feature", "properties": { "geoid": "26163535000", "county_name": "Wayne County", "place_name": "Detroit", "state_name": "Michigan", "state_abbr": "MI", "is_rural": false, "dci_score": 97.3, "dci_quintile": 1.0, "is_cra_lmi": true, "income_level": "M", "is_persistent_poverty": false, "is_tribal_overlap": false, "tribal_area_name": null, "aian_pct": 0.0, "has_nmtc": false, "nmtc_projects": 0, "nmtc_total_usd": 0.0 }, "geometry": { "type": "Polygon", "coordinates": [ [ [ -83.182474, 42.365688 ], [ -83.177724, 42.365793 ], [ -83.1765, 42.365817 ], [ -83.172814, 42.365896 ], [ -83.167928, 42.365998 ], [ -83.167727, 42.358734 ], [ -83.172626, 42.358643 ], [ -83.175049, 42.358596 ], [ -83.17629, 42.358573 ], [ -83.177496, 42.358547 ], [ -83.177184, 42.351284 ], [ -83.181934, 42.351181 ], [ -83.182145, 42.356066 ], [ -83.182207, 42.358452 ], [ -83.182474, 42.365688 ] ] ] } },
{ "type": "Feature", "properties": { "geoid": "26163534700", "county_name": "Wayne County", "place_name": null, "state_name": "Michigan", "state_abbr": "MI", "is_rural": false, "dci_score": 94.3, "dci_quintile": 1.0, "is_cra_lmi": true, "income_level": "M", "is_persistent_poverty": false, "is_tribal_overlap": false, "tribal_area_name": null, "aian_pct": 0.0, "has_nmtc": false, "nmtc_projects": 0, "nmtc_total_usd": 0.0 }, "geometry": { "type": "Polygon", "coordinates": [ [ [ -83.158209, 42.366194 ], [ -83.15122, 42.366316 ], [ -83.149913, 42.366343 ], [ -83.149617, 42.359123 ], [ -83.150059, 42.359114 ], [ -83.149623, 42.351877 ], [ -83.152635, 42.351816 ], [ -83.157525, 42.351716 ], [ -83.157963, 42.358887 ], [ -83.158209, 42.366194 ] ] ] } },
{ "type": "Feature", "properties": { "geoid": "26163501400", "county_name": "Wayne County", "place_name": "Detroit", "state_name": "Michigan", "state_abbr": "MI", "is_rural": false, "dci_score": 97.9, "dci_quintile": 1.0, "is_cra_lmi": false, "income_level": "U", "is_persistent_poverty": false, "is_tribal_overlap": false, "tribal_area_name": null, "aian_pct": 0.0, "has_nmtc": false, "nmtc_projects": 0, "nmtc_total_usd": 0.0 }, "geometry": { "type": "Polygon", "coordinates": [ [ [ -82.94858, 42.409064 ], [ -82.943396, 42.412935 ], [ -82.939229, 42.416057 ], [ -82.937228, 42.417333 ], [ -82.933005, 42.410924 ], [ -82.92983, 42.406075 ], [ -82.935237, 42.404093 ], [ -82.940957, 42.401992 ], [ -82.944127, 42.40685 ], [ -82.946009, 42.409729 ], [ -82.948214, 42.409091 ], [ -82.94858, 42.409064 ] ] ] } },
{ "type": "Feature", "properties": { "geoid": "26163501100", "county_name": "Wayne County", "place_name": "Detroit", "state_name": "Michigan", "state_abbr": "MI", "is_rural": false, "dci_score": 97.8, "dci_quintile": 1.0, "is_cra_lmi": true, "income_level": "M", "is_persistent_poverty": false, "is_tribal_overlap": false, "tribal_area_name": null, "aian_pct": 0.0, "has_nmtc": false, "nmtc_projects": 0, "nmtc_total_usd": 0.0 }, "geometry": { "type": "Polygon", "coordinates": [ [ [ -82.964954, 42.418842 ], [ -82.963458, 42.420815 ], [ -82.962416, 42.420801 ], [ -82.95748, 42.418765 ], [ -82.952274, 42.41661 ], [ -82.956743, 42.411369 ], [ -82.956342, 42.407073 ], [ -82.955612, 42.406468 ], [ -82.960054, 42.405133 ], [ -82.960329, 42.405048 ], [ -82.964298, 42.403822 ], [ -82.964589, 42.404663 ], [ -82.964776, 42.414802 ], [ -82.964859, 42.416666 ], [ -82.964954, 42.418842 ] ] ] } },
{ "type": "Feature", "properties": { "geoid": "26163571800", "county_name": "Wayne County", "place_name": "Detroit", "state_name": "Michigan", "state_abbr": "MI", "is_rural": false, "dci_score": 65.9, "dci_quintile": 4.0, "is_cra_lmi": true, "income_level": "M", "is_persistent_poverty": false, "is_tribal_overlap": false, "tribal_area_name": null, "aian_pct": 0.0, "has_nmtc": false, "nmtc_projects": 0, "nmtc_total_usd": 0.0 }, "geometry": { "type": "Polygon", "coordinates": [ [ [ -83.29427, 42.356377 ], [ -83.285579, 42.356596 ], [ -83.285001, 42.356611 ], [ -83.274827, 42.356873 ], [ -83.274343, 42.356887 ], [ -83.273815, 42.351469 ], [ -83.273439, 42.346192 ], [ -83.273885, 42.346362 ], [ -83.278509, 42.347874 ], [ -83.284845, 42.347435 ], [ -83.288404, 42.34748 ], [ -83.291348, 42.35051 ], [ -83.293572, 42.35127 ], [ -83.29427, 42.356377 ] ] ] } },
{ "type": "Feature", "properties": { "geoid": "26163541400", "county_name": "Wayne County", "place_name": null, "state_name": "Michigan", "state_abbr": "MI", "is_rural": false, "dci_score": 95.8, "dci_quintile": 1.0, "is_cra_lmi": false, "income_level": "U", "is_persistent_poverty": false, "is_tribal_overlap": false, "tribal_area_name": null, "aian_pct": 0.0, "has_nmtc": false, "nmtc_projects": 0, "nmtc_total_usd": 0.0 }, "geometry": { "type": "Polygon", "coordinates": [ [ [ -83.277561, 42.428939 ], [ -83.274117, 42.429022 ], [ -83.267857, 42.42917 ], [ -83.258292, 42.42912 ], [ -83.258104, 42.421314 ], [ -83.257643, 42.416489 ], [ -83.257478, 42.414736 ], [ -83.262283, 42.414744 ], [ -83.264795, 42.414801 ], [ -83.26632, 42.414727 ], [ -83.276967, 42.414535 ], [ -83.277233, 42.421724 ], [ -83.277378, 42.42456 ], [ -83.277561, 42.428939 ] ] ] } },
{ "type": "Feature", "properties": { "geoid": "26163541100", "county_name": "Wayne County", "place_name": null, "state_name": "Michigan", "state_abbr": "MI", "is_rural": false, "dci_score": 95.8, "dci_quintile": 1.0, "is_cra_lmi": true, "income_level": "M", "is_persistent_poverty": false, "is_tribal_overlap": false, "tribal_area_name": null, "aian_pct": 0.0, "has_nmtc": false, "nmtc_projects": 0, "nmtc_total_usd": 0.0 }, "geometry": { "type": "Polygon", "coordinates": [ [ [ -83.249824, 42.429309 ], [ -83.24426, 42.429442 ], [ -83.238866, 42.429572 ], [ -83.238526, 42.422367 ], [ -83.238388, 42.419264 ], [ -83.238206, 42.415183 ], [ -83.243576, 42.41503 ], [ -83.248952, 42.414887 ], [ -83.2492, 42.418939 ], [ -83.2495, 42.424251 ], [ -83.249824, 42.429309 ] ] ] } },
{ "type": "Feature", "properties": { "geoid": "26163540700", "county_name": "Wayne County", "place_name": "Detroit", "state_name": "Michigan", "state_abbr": "MI", "is_rural": false, "dci_score": 95.8, "dci_quintile": 1.0, "is_cra_lmi": true, "income_level": "M", "is_persistent_poverty": false, "is_tribal_overlap": false, "tribal_area_name": null, "aian_pct": 0.0, "has_nmtc": false, "nmtc_projects": 0, "nmtc_total_usd": 0.0 }, "geometry": { "type": "Polygon", "coordinates": [ [ [ -83.239136, 42.436772 ], [ -83.228125, 42.437112 ], [ -83.225717, 42.43711 ], [ -83.21954, 42.437237 ], [ -83.219233, 42.43002 ], [ -83.227774, 42.429864 ], [ -83.229786, 42.429823 ], [ -83.238866, 42.429572 ], [ -83.238994, 42.433172 ], [ -83.239136, 42.436772 ] ] ] } },
{ "type": "Feature", "properties": { "geoid": "26163540400", "county_name": "Wayne County", "place_name": "Detroit", "state_name": "Michigan", "state_abbr": "MI", "is_rural": false, "dci_score": 92.6, "dci_quintile": 1.0, "is_cra_lmi": false, "income_level": "NA", "is_persistent_poverty": false, "is_tribal_overlap": false, "tribal_area_name": null, "aian_pct": 0.0, "has_nmtc": true, "nmtc_projects": 1, "nmtc_total_usd": 1170668.0 }, "geometry": { "type": "Polygon", "coordinates": [ [ [ -83.218958, 42.422785 ], [ -83.212347, 42.422911 ], [ -83.207137, 42.42301 ], [ -83.199588, 42.423155 ], [ -83.199316, 42.415983 ], [ -83.206882, 42.415807 ], [ -83.209034, 42.415763 ], [ -83.218712, 42.415553 ], [ -83.218958, 42.422785 ] ] ] } },
{ "type": "Feature", "properties": { "geoid": "26163510600", "county_name": "Wayne County", "place_name": "Detroit", "state_name": "Michigan", "state_abbr": "MI", "is_rural": false, "dci_score": 96.5, "dci_quintile": 1.0, "is_cra_lmi": true, "income_level": "L", "is_persistent_poverty": false, "is_tribal_overlap": false, "tribal_area_name": null, "aian_pct": 0.0, "has_nmtc": false, "nmtc_projects": 0, "nmtc_total_usd": 0.0 }, "geometry": { "type": "Polygon", "coordinates": [ [ [ -83.058779, 42.411507 ], [ -83.047514, 42.411775 ], [ -83.038125, 42.411973 ], [ -83.038036, 42.409288 ], [ -83.040274, 42.406291 ], [ -83.038074, 42.404319 ], [ -83.037889, 42.401634 ], [ -83.038759, 42.401783 ], [ -83.042468, 42.397427 ], [ -83.042534, 42.404443 ], [ -83.047257, 42.40446 ], [ -83.054023, 42.40444 ], [ -83.056917, 42.408752 ], [ -83.057071, 42.408981 ], [ -83.05856, 42.411185 ], [ -83.058779, 42.411507 ] ] ] } },
{ "type": "Feature", "properties": { "geoid": "26163584600", "county_name": "Wayne County", "place_name": "Detroit", "state_name": "Michigan", "state_abbr": "MI", "is_rural": false, "dci_score": 81.1, "dci_quintile": 2.0, "is_cra_lmi": true, "income_level": "M", "is_persistent_poverty": false, "is_tribal_overlap": false, "tribal_area_name": null, "aian_pct": 0.0, "has_nmtc": false, "nmtc_projects": 0, "nmtc_total_usd": 0.0 }, "geometry": { "type": "Polygon", "coordinates": [ [ [ -83.267756, 42.197569 ], [ -83.258074, 42.197783 ], [ -83.248151, 42.198035 ], [ -83.233441, 42.198509 ], [ -83.228713, 42.19867 ], [ -83.228123, 42.184279 ], [ -83.232954, 42.184183 ], [ -83.244034, 42.183963 ], [ -83.257464, 42.183674 ], [ -83.267242, 42.183466 ], [ -83.267371, 42.188837 ], [ -83.26674, 42.192883 ], [ -83.266966, 42.194333 ], [ -83.267575, 42.195815 ], [ -83.267756, 42.197569 ] ] ] } },
{ "type": "Feature", "properties": { "geoid": "26163579200", "county_name": "Wayne County", "place_name": "Detroit", "state_name": "Michigan", "state_abbr": "MI", "is_rural": false, "dci_score": 98.1, "dci_quintile": 1.0, "is_cra_lmi": true, "income_level": "M", "is_persistent_poverty": false, "is_tribal_overlap": false, "tribal_area_name": null, "aian_pct": 0.0, "has_nmtc": true, "nmtc_projects": 1, "nmtc_total_usd": 0.0 }, "geometry": { "type": "Polygon", "coordinates": [ [ [ -83.138255, 42.271885 ], [ -83.138533, 42.274451 ], [ -83.134303, 42.273368 ], [ -83.1344, 42.273038 ], [ -83.129854, 42.270965 ], [ -83.125853, 42.269151 ], [ -83.129791, 42.264783 ], [ -83.131157, 42.263155 ], [ -83.133401, 42.260504 ], [ -83.134562, 42.261035 ], [ -83.137547, 42.261665 ], [ -83.141917, 42.26257 ], [ -83.138255, 42.271885 ] ] ] } },
{ "type": "Feature", "properties": { "geoid": "26163571500", "county_name": "Wayne County", "place_name": "Bay City", "state_name": "Michigan", "state_abbr": "MI", "is_rural": false, "dci_score": 65.9, "dci_quintile": 4.0, "is_cra_lmi": false, "income_level": "U", "is_persistent_poverty": false, "is_tribal_overlap": false, "tribal_area_name": null, "aian_pct": 0.0, "has_nmtc": false, "nmtc_projects": 0, "nmtc_total_usd": 0.0 }, "geometry": { "type": "Polygon", "coordinates": [ [ [ -83.261526, 42.336184 ], [ -83.260188, 42.338178 ], [ -83.259641, 42.338898 ], [ -83.258208, 42.339654 ], [ -83.252477, 42.340193 ], [ -83.252167, 42.342034 ], [ -83.243721, 42.342949 ], [ -83.242505, 42.343005 ], [ -83.237846, 42.343086 ], [ -83.237568, 42.335736 ], [ -83.235105, 42.335834 ], [ -83.234981, 42.32983 ], [ -83.239996, 42.32877 ], [ -83.241102, 42.328398 ], [ -83.241939, 42.328212 ], [ -83.245762, 42.32751 ], [ -83.248496, 42.327362 ], [ -83.261669, 42.327044 ], [ -83.261526, 42.336184 ] ] ] } },
{ "type": "Feature", "properties": { "geoid": "26163539100", "county_name": "Wayne County", "place_name": "Flint", "state_name": "Michigan", "state_abbr": "MI", "is_rural": false, "dci_score": 86.2, "dci_quintile": 2.0, "is_cra_lmi": true, "income_level": "M", "is_persistent_poverty": false, "is_tribal_overlap": false, "tribal_area_name": null, "aian_pct": 0.0, "has_nmtc": false, "nmtc_projects": 0, "nmtc_total_usd": 0.0 }, "geometry": { "type": "Polygon", "coordinates": [ [ [ -83.171265, 42.445545 ], [ -83.161516, 42.445794 ], [ -83.161227, 42.438854 ], [ -83.165671, 42.438919 ], [ -83.170992, 42.438433 ], [ -83.171265, 42.445545 ] ] ] } },
{ "type": "Feature", "properties": { "geoid": "26163538600", "county_name": "Wayne County", "place_name": null, "state_name": "Michigan", "state_abbr": "MI", "is_rural": false, "dci_score": 85.8, "dci_quintile": 2.0, "is_cra_lmi": false, "income_level": "U", "is_persistent_poverty": false, "is_tribal_overlap": false, "tribal_area_name": null, "aian_pct": 0.0, "has_nmtc": false, "nmtc_projects": 0, "nmtc_total_usd": 0.0 }, "geometry": { "type": "Polygon", "coordinates": [ [ [ -83.160984, 42.431347 ], [ -83.156622, 42.431388 ], [ -83.151858, 42.431413 ], [ -83.150684, 42.431427 ], [ -83.146967, 42.431493 ], [ -83.141503, 42.431606 ], [ -83.141168, 42.424398 ], [ -83.146632, 42.424337 ], [ -83.151572, 42.424283 ], [ -83.156361, 42.424228 ], [ -83.160719, 42.424176 ], [ -83.160984, 42.431347 ] ] ] } },
{ "type": "Feature", "properties": { "geoid": "26163538500", "county_name": "Wayne County", "place_name": null, "state_name": "Michigan", "state_abbr": "MI", "is_rural": false, "dci_score": 85.8, "dci_quintile": 2.0, "is_cra_lmi": false, "income_level": "U", "is_persistent_poverty": false, "is_tribal_overlap": false, "tribal_area_name": null, "aian_pct": 0.0, "has_nmtc": true, "nmtc_projects": 2, "nmtc_total_usd": 10885000.0 }, "geometry": { "type": "Polygon", "coordinates": [ [ [ -83.160719, 42.424176 ], [ -83.156361, 42.424228 ], [ -83.151572, 42.424283 ], [ -83.146632, 42.424337 ], [ -83.141168, 42.424398 ], [ -83.140836, 42.417147 ], [ -83.146204, 42.41713 ], [ -83.146316, 42.41713 ], [ -83.151166, 42.417098 ], [ -83.15596, 42.417011 ], [ -83.160324, 42.416932 ], [ -83.160719, 42.424176 ] ] ] } },
{ "type": "Feature", "properties": { "geoid": "26163506400", "county_name": "Wayne County", "place_name": null, "state_name": "Michigan", "state_abbr": "MI", "is_rural": false, "dci_score": 96.4, "dci_quintile": 1.0, "is_cra_lmi": false, "income_level": "NA", "is_persistent_poverty": false, "is_tribal_overlap": false, "tribal_area_name": null, "aian_pct": 0.0, "has_nmtc": false, "nmtc_projects": 0, "nmtc_total_usd": 0.0 }, "geometry": { "type": "Polygon", "coordinates": [ [ [ -83.068614, 42.425834 ], [ -83.062706, 42.425901 ], [ -83.053025, 42.426091 ], [ -83.046782, 42.42622 ], [ -83.043482, 42.426289 ], [ -83.038639, 42.426403 ], [ -83.038339, 42.419169 ], [ -83.047718, 42.418968 ], [ -83.063611, 42.418653 ], [ -83.067153, 42.423789 ], [ -83.068614, 42.425834 ] ] ] } },
{ "type": "Feature", "properties": { "geoid": "26163505200", "county_name": "Wayne County", "place_name": null, "state_name": "Michigan", "state_abbr": "MI", "is_rural": false, "dci_score": 98.4, "dci_quintile": 1.0, "is_cra_lmi": true, "income_level": "L", "is_persistent_poverty": false, "is_tribal_overlap": false, "tribal_area_name": null, "aian_pct": 0.0, "has_nmtc": false, "nmtc_projects": 0, "nmtc_total_usd": 0.0 }, "geometry": { "type": "Polygon", "coordinates": [ [ [ -83.013717, 42.419681 ], [ -83.007688, 42.419865 ], [ -83.004649, 42.419937 ], [ -83.004022, 42.419936 ], [ -83.003159, 42.420245 ], [ -82.999998, 42.415324 ], [ -82.995729, 42.408807 ], [ -82.995098, 42.408576 ], [ -82.996448, 42.406515 ], [ -82.997504, 42.404909 ], [ -83.00738, 42.412725 ], [ -83.011331, 42.417298 ], [ -83.013717, 42.419681 ] ] ] } },
{ "type": "Feature", "properties": { "geoid": "26125142700", "county_name": "Oakland County", "place_name": null, "state_name": "Michigan", "state_abbr": "MI", "is_rural": false, "dci_score": 86.8, "dci_quintile": 2.0, "is_cra_lmi": true, "income_level": "L", "is_persistent_poverty": false, "is_tribal_overlap": false, "tribal_area_name": null, "aian_pct": 0.0, "has_nmtc": false, "nmtc_projects": 0, "nmtc_total_usd": 0.0 }, "geometry": { "type": "Polygon", "coordinates": [ [ [ -83.295647, 42.634524 ], [ -83.294005, 42.634582 ], [ -83.290283, 42.629775 ], [ -83.287048, 42.626655 ], [ -83.285075, 42.624704 ], [ -83.282265, 42.622904 ], [ -83.282118, 42.622831 ], [ -83.275173, 42.619621 ], [ -83.26835, 42.615721 ], [ -83.267297, 42.614913 ], [ -83.272728, 42.612824 ], [ -83.272996, 42.612713 ], [ -83.277622, 42.611416 ], [ -83.27761, 42.610877 ], [ -83.278296, 42.610684 ], [ -83.287753, 42.610329 ], [ -83.287723, 42.609583 ], [ -83.295498, 42.609312 ], [ -83.295618, 42.610167 ], [ -83.295924, 42.613916 ], [ -83.294462, 42.613977 ], [ -83.294667, 42.619141 ], [ -83.294828, 42.624821 ], [ -83.297105, 42.634263 ], [ -83.295647, 42.634524 ] ] ] } },
{ "type": "Feature", "properties": { "geoid": "26069000500", "county_name": "Iosco County", "place_name": "Comstock Park", "state_name": "Michigan", "state_abbr": "MI", "is_rural": true, "dci_score": 51.0, "dci_quintile": 5.0, "is_cra_lmi": true, "income_level": "M", "is_persistent_poverty": false, "is_tribal_overlap": false, "tribal_area_name": null, "aian_pct": 0.0, "has_nmtc": false, "nmtc_projects": 0, "nmtc_total_usd": 0.0 }, "geometry": { "type": "Polygon", "coordinates": [ [ [ -83.539178, 44.252195 ], [ -83.532024, 44.255897 ], [ -83.52723, 44.259727 ], [ -83.525057, 44.262996 ], [ -83.522187, 44.264731 ], [ -83.522221, 44.265176 ], [ -83.521764, 44.26606 ], [ -83.518448, 44.268119 ], [ -83.516313, 44.270444 ], [ -83.522462, 44.270726 ], [ -83.522218, 44.27998 ], [ -83.519825, 44.279843 ], [ -83.517831, 44.279952 ], [ -83.505987, 44.283064 ], [ -83.504934, 44.283155 ], [ -83.501622, 44.282717 ], [ -83.502013, 44.283929 ], [ -83.498543, 44.284501 ], [ -83.494609, 44.285121 ], [ -83.494923, 44.286376 ], [ -83.492492, 44.286776 ], [ -83.494755, 44.294524 ], [ -83.481558, 44.294439 ], [ -83.481394, 44.287229 ], [ -83.482278, 44.28708 ], [ -83.48155, 44.284604 ], [ -83.475413, 44.285588 ], [ -83.467203, 44.288087 ], [ -83.460974, 44.289304 ], [ -83.460257, 44.289626 ], [ -83.459339, 44.290471 ], [ -83.452338, 44.293142 ], [ -83.443969, 44.297454 ], [ -83.437057, 44.303275 ], [ -83.436956, 44.306408 ], [ -83.435588, 44.307987 ], [ -83.434192, 44.308402 ], [ -83.422307, 44.308419 ], [ -83.422338, 44.311527 ], [ -83.421299, 44.312041 ], [ -83.411564, 44.313499 ], [ -83.409422, 44.314591 ], [ -83.408786, 44.314338 ], [ -83.402909, 44.313372 ], [ -83.398677, 44.3121 ], [ -83.391945333658498, 44.312067445760803 ], [ -83.396088, 44.307454 ], [ -83.401822, 44.301831 ], [ -83.414301, 44.294543 ], [ -83.415082106120806, 44.293475725719802 ], [ -83.418856090581002, 44.288319094065201 ], [ -83.419236, 44.2878 ], [ -83.425762, 44.272487 ], [ -83.42798, 44.27024 ], [ -83.429865, 44.269151 ], [ -83.433298, 44.264291 ], [ -83.441569, 44.257283 ], [ -83.449184, 44.251796 ], [ -83.450789, 44.251697 ], [ -83.451294, 44.252946 ], [ -83.446064, 44.258893 ], [ -83.443359, 44.262412 ], [ -83.440729, 44.262824 ], [ -83.439233, 44.264887 ], [ -83.44004, 44.268375 ], [ -83.441828, 44.270467 ], [ -83.445805, 44.273378 ], [ -83.453128, 44.27638 ], [ -83.460996499913193, 44.278329478156103 ], [ -83.463049, 44.278838 ], [ -83.471416, 44.279794 ], [ -83.479531, 44.28009 ], [ -83.48293, 44.279531 ], [ -83.485646, 44.27854 ], [ -83.488316, 44.278612 ], [ -83.489182, 44.277887 ], [ -83.494718, 44.277544 ], [ -83.496035793143704, 44.277327077406397 ], [ -83.500392, 44.27661 ], [ -83.501105503774596, 44.276365126382998 ], [ -83.501236339768198, 44.276320223631103 ], [ -83.508839, 44.273711 ], [ -83.509151801937904, 44.273473138103 ], [ -83.511957, 44.27134 ], [ -83.513632, 44.268499 ], [ -83.518034, 44.266622 ], [ -83.524817, 44.261558 ], [ -83.525591, 44.260755 ], [ -83.524977, 44.259657 ], [ -83.525763, 44.258554 ], [ -83.527859, 44.257171 ], [ -83.531592, 44.254503 ], [ -83.535103371402002, 44.250868805211297 ], [ -83.535221867561404, 44.250746164204202 ], [ -83.541273, 44.250724 ], [ -83.539178, 44.252195 ] ] ] } },
{ "type": "Feature", "properties": { "geoid": "26087339500", "county_name": "Lapeer County", "place_name": null, "state_name": "Michigan", "state_abbr": "MI", "is_rural": true, "dci_score": 67.5, "dci_quintile": 4.0, "is_cra_lmi": true, "income_level": "L", "is_persistent_poverty": false, "is_tribal_overlap": false, "tribal_area_name": null, "aian_pct": 0.0, "has_nmtc": true, "nmtc_projects": 2, "nmtc_total_usd": 14820000.0 }, "geometry": { "type": "Polygon", "coordinates": [ [ [ -83.096917, 43.020247 ], [ -83.092761, 43.020388 ], [ -83.093059, 43.024026 ], [ -83.089273, 43.024104 ], [ -83.087203, 43.023445 ], [ -83.087307, 43.024626 ], [ -83.087393, 43.026073 ], [ -83.090313, 43.024908 ], [ -83.089653, 43.0277 ], [ -83.087497, 43.027769 ], [ -83.087694, 43.031433 ], [ -83.074914, 43.032101 ], [ -83.074992, 43.033234 ], [ -83.077051, 43.033172 ], [ -83.077109, 43.034162 ], [ -83.074383, 43.034268 ], [ -83.074511, 43.036432 ], [ -83.07314, 43.036477 ], [ -83.072942, 43.03462 ], [ -83.071741, 43.03465 ], [ -83.071606, 43.032499 ], [ -83.067867, 43.032489 ], [ -83.067344, 43.02277 ], [ -83.064655, 43.0223 ], [ -83.064203, 43.021655 ], [ -83.062706, 43.018342 ], [ -83.067123, 43.018111 ], [ -83.066409, 43.005368 ], [ -83.062662, 43.005567 ], [ -83.06248, 43.002229 ], [ -83.066054, 43.001832 ], [ -83.065962, 42.99994 ], [ -83.076173, 42.999353 ], [ -83.076107, 43.000891 ], [ -83.081091, 43.000269 ], [ -83.082401, 43.004358 ], [ -83.082525, 43.006254 ], [ -83.086277, 43.006038 ], [ -83.086882, 43.017609 ], [ -83.09676, 43.017315 ], [ -83.096917, 43.020247 ] ] ] } },
{ "type": "Feature", "properties": { "geoid": "26087337000", "county_name": "Lapeer County", "place_name": null, "state_name": "Michigan", "state_abbr": "MI", "is_rural": true, "dci_score": 53.4, "dci_quintile": 5.0, "is_cra_lmi": true, "income_level": "M", "is_persistent_poverty": false, "is_tribal_overlap": false, "tribal_area_name": null, "aian_pct": 0.0, "has_nmtc": false, "nmtc_projects": 0, "nmtc_total_usd": 0.0 }, "geometry": { "type": "Polygon", "coordinates": [ [ [ -83.36252, 43.056484 ], [ -83.352767, 43.05651 ], [ -83.352731, 43.057116 ], [ -83.342883, 43.057427 ], [ -83.340929, 43.057474 ], [ -83.339945, 43.057498 ], [ -83.327027, 43.057833 ], [ -83.327199, 43.060153 ], [ -83.326502, 43.060171 ], [ -83.325741, 43.06013 ], [ -83.32552, 43.060415 ], [ -83.325839, 43.064726 ], [ -83.319273, 43.065254 ], [ -83.319369, 43.064088 ], [ -83.318655, 43.051543 ], [ -83.318625, 43.050765 ], [ -83.318569, 43.048789 ], [ -83.31948, 43.045075 ], [ -83.32262, 43.036138 ], [ -83.322706, 43.035931 ], [ -83.328328, 43.035628 ], [ -83.342014, 43.035794 ], [ -83.341892, 43.031939 ], [ -83.341777, 43.029494 ], [ -83.347214, 43.031295 ], [ -83.35748, 43.03239 ], [ -83.36078, 43.033584 ], [ -83.361557, 43.034184 ], [ -83.361603, 43.035394 ], [ -83.351837, 43.035841 ], [ -83.352079, 43.042875 ], [ -83.361873, 43.04088 ], [ -83.361994, 43.043121 ], [ -83.359705, 43.044073 ], [ -83.361557, 43.044267 ], [ -83.362027, 43.04343 ], [ -83.36252, 43.056484 ] ], [ [ -83.351702, 43.032008 ], [ -83.348039, 43.032138 ], [ -83.34592, 43.032235 ], [ -83.345981, 43.037753 ], [ -83.351037, 43.037753 ], [ -83.351679, 43.035305 ], [ -83.35344, 43.03305 ], [ -83.351702, 43.032008 ] ] ] } },
{ "type": "Feature", "properties": { "geoid": "26049010912", "county_name": "Genesee County", "place_name": null, "state_name": "Michigan", "state_abbr": "MI", "is_rural": false, "dci_score": 46.1, "dci_quintile": 5.0, "is_cra_lmi": false, "income_level": "U", "is_persistent_poverty": false, "is_tribal_overlap": false, "tribal_area_name": null, "aian_pct": 0.0, "has_nmtc": false, "nmtc_projects": 0, "nmtc_total_usd": 0.0 }, "geometry": { "type": "Polygon", "coordinates": [ [ [ -83.811743, 42.986581 ], [ -83.81102, 42.98694 ], [ -83.797288, 42.987148 ], [ -83.782291, 42.987337 ], [ -83.777299, 42.987326 ], [ -83.772319, 42.987355 ], [ -83.769422, 42.987366 ], [ -83.764169, 42.987362 ], [ -83.7625, 42.98737 ], [ -83.746249, 42.98755 ], [ -83.74376, 42.987383 ], [ -83.738676, 42.989657 ], [ -83.732876, 42.992307 ], [ -83.732754, 42.988127 ], [ -83.732318, 42.986728 ], [ -83.730932, 42.985659 ], [ -83.728624, 42.986077 ], [ -83.728609, 42.986741 ], [ -83.725867, 42.987975 ], [ -83.725472, 42.987548 ], [ -83.723334, 42.988297 ], [ -83.720145, 42.988267 ], [ -83.717926, 42.987966 ], [ -83.716121, 42.988414 ], [ -83.721663, 42.984421 ], [ -83.723544, 42.982601 ], [ -83.728355, 42.982635 ], [ -83.728953, 42.98174 ], [ -83.726585, 42.978365 ], [ -83.724746, 42.973503 ], [ -83.74238, 42.973162 ], [ -83.743543, 42.974511 ], [ -83.743547, 42.975537 ], [ -83.746145, 42.974959 ], [ -83.745826, 42.973134 ], [ -83.751814, 42.972991 ], [ -83.766627, 42.97284 ], [ -83.767584, 42.972003 ], [ -83.769809, 42.972825 ], [ -83.769937, 42.971879 ], [ -83.771864, 42.971668 ], [ -83.772136, 42.97042 ], [ -83.771718, 42.965224 ], [ -83.761725, 42.965462 ], [ -83.761678, 42.964295 ], [ -83.769246, 42.964113 ], [ -83.76915, 42.962627 ], [ -83.771672, 42.962552 ], [ -83.769103, 42.962331 ], [ -83.768727, 42.958283 ], [ -83.771599, 42.958214 ], [ -83.791426, 42.957845 ], [ -83.811158, 42.957505 ], [ -83.811271, 42.96136 ], [ -83.809255, 42.963522 ], [ -83.806418, 42.963273 ], [ -83.802798, 42.963905 ], [ -83.801212, 42.965129 ], [ -83.801328, 42.966182 ], [ -83.801248, 42.966623 ], [ -83.795889, 42.968888 ], [ -83.789435, 42.969767 ], [ -83.784953, 42.972032 ], [ -83.781845, 42.972268 ], [ -83.781868, 42.973479 ], [ -83.782075, 42.979971 ], [ -83.797004, 42.979737 ], [ -83.811579, 42.97958 ], [ -83.811743, 42.986581 ] ] ] } },
{ "type": "Feature", "properties": { "geoid": "26049011302", "county_name": "Genesee County", "place_name": null, "state_name": "Michigan", "state_abbr": "MI", "is_rural": false, "dci_score": 96.4, "dci_quintile": 1.0, "is_cra_lmi": true, "income_level": "M", "is_persistent_poverty": false, "is_tribal_overlap": false, "tribal_area_name": null, "aian_pct": 0.0, "has_nmtc": false, "nmtc_projects": 0, "nmtc_total_usd": 0.0 }, "geometry": { "type": "Polygon", "coordinates": [ [ [ -83.674337, 42.981682 ], [ -83.664522, 42.981818 ], [ -83.660898, 42.981865 ], [ -83.653166, 42.981949 ], [ -83.652911, 42.97471 ], [ -83.652655, 42.967465 ], [ -83.652435, 42.96025 ], [ -83.661359, 42.960116 ], [ -83.667436, 42.960017 ], [ -83.67101, 42.964254 ], [ -83.671785, 42.967189 ], [ -83.672648, 42.974434 ], [ -83.674337, 42.981682 ] ] ] } },
{ "type": "Feature", "properties": { "geoid": "26125144701", "county_name": "Oakland County", "place_name": "Pontiac", "state_name": "Michigan", "state_abbr": "MI", "is_rural": false, "dci_score": 50.7, "dci_quintile": 5.0, "is_cra_lmi": true, "income_level": "M", "is_persistent_poverty": false, "is_tribal_overlap": false, "tribal_area_name": null, "aian_pct": 0.0, "has_nmtc": false, "nmtc_projects": 0, "nmtc_total_usd": 0.0 }, "geometry": { "type": "Polygon", "coordinates": [ [ [ -83.373607, 42.654581 ], [ -83.366356, 42.654866 ], [ -83.362905, 42.654663 ], [ -83.35987, 42.65378 ], [ -83.356224, 42.653875 ], [ -83.351317, 42.653989 ], [ -83.346432, 42.654106 ], [ -83.346235, 42.650707 ], [ -83.346215, 42.650371 ], [ -83.345995, 42.646646 ], [ -83.345654, 42.639549 ], [ -83.352137, 42.63938 ], [ -83.355655, 42.641842 ], [ -83.365305, 42.648656 ], [ -83.372235, 42.653601 ], [ -83.373607, 42.654581 ] ] ] } },
{ "type": "Feature", "properties": { "geoid": "26125144900", "county_name": "Oakland County", "place_name": null, "state_name": "Michigan", "state_abbr": "MI", "is_rural": false, "dci_score": 34.3, "dci_quintile": 5.0, "is_cra_lmi": true, "income_level": "M", "is_persistent_poverty": false, "is_tribal_overlap": false, "tribal_area_name": null, "aian_pct": 0.0, "has_nmtc": false, "nmtc_projects": 0, "nmtc_total_usd": 0.0 }, "geometry": { "type": "Polygon", "coordinates": [ [ [ -83.405958, 42.659868 ], [ -83.396899, 42.66014 ], [ -83.388092, 42.660304 ], [ -83.386224, 42.660089 ], [ -83.385861, 42.65311 ], [ -83.385425, 42.646231 ], [ -83.384851, 42.644177 ], [ -83.389325, 42.646892 ], [ -83.392178, 42.646184 ], [ -83.39275, 42.645857 ], [ -83.395221, 42.645545 ], [ -83.400849, 42.645396 ], [ -83.402927, 42.645344 ], [ -83.405232, 42.645273 ], [ -83.405601, 42.652567 ], [ -83.405958, 42.659868 ] ] ] } },
{ "type": "Feature", "properties": { "geoid": "26049010812", "county_name": "Genesee County", "place_name": null, "state_name": "Michigan", "state_abbr": "MI", "is_rural": false, "dci_score": 95.3, "dci_quintile": 1.0, "is_cra_lmi": true, "income_level": "M", "is_persistent_poverty": false, "is_tribal_overlap": false, "tribal_area_name": null, "aian_pct": 0.0, "has_nmtc": false, "nmtc_projects": 0, "nmtc_total_usd": 0.0 }, "geometry": { "type": "Polygon", "coordinates": [ [ [ -83.755054, 43.046076 ], [ -83.733299, 43.046224 ], [ -83.733184, 43.041993 ], [ -83.733024, 43.038501 ], [ -83.733456, 43.037183 ], [ -83.735975, 43.036447 ], [ -83.737519, 43.037764 ], [ -83.742373, 43.033677 ], [ -83.739797, 43.034137 ], [ -83.738237, 43.032407 ], [ -83.73884, 43.030738 ], [ -83.739325, 43.030432 ], [ -83.740129, 43.030527 ], [ -83.740451, 43.030687 ], [ -83.740583, 43.030061 ], [ -83.740044, 43.029885 ], [ -83.739994, 43.029823 ], [ -83.742324, 43.027476 ], [ -83.731742, 43.024473 ], [ -83.729517, 43.023829 ], [ -83.730186, 43.022956 ], [ -83.730011, 43.022894 ], [ -83.730139, 43.022186 ], [ -83.731704, 43.020854 ], [ -83.733446, 43.018163 ], [ -83.734722, 43.017326 ], [ -83.73549, 43.017117 ], [ -83.736464, 43.017611 ], [ -83.737699, 43.021343 ], [ -83.744533, 43.021933 ], [ -83.746893, 43.02347 ], [ -83.74747, 43.026681 ], [ -83.754474, 43.029506 ], [ -83.754331, 43.032476 ], [ -83.753975, 43.043284 ], [ -83.755054, 43.046076 ] ] ] } },
{ "type": "Feature", "properties": { "geoid": "26049000600", "county_name": "Genesee County", "place_name": null, "state_name": "Michigan", "state_abbr": "MI", "is_rural": false, "dci_score": 96.4, "dci_quintile": 1.0, "is_cra_lmi": true, "income_level": "M", "is_persistent_poverty": false, "is_tribal_overlap": false, "tribal_area_name": null, "aian_pct": 0.0, "has_nmtc": false, "nmtc_projects": 0, "nmtc_total_usd": 0.0 }, "geometry": { "type": "Polygon", "coordinates": [ [ [ -83.713947, 43.060928 ], [ -83.704741, 43.060963 ], [ -83.699815, 43.060973 ], [ -83.693829, 43.060974 ], [ -83.693771, 43.054259 ], [ -83.699708, 43.05419 ], [ -83.704728, 43.054133 ], [ -83.713483, 43.05404 ], [ -83.713947, 43.060928 ] ] ] } },
{ "type": "Feature", "properties": { "geoid": "26049000800", "county_name": "Genesee County", "place_name": null, "state_name": "Michigan", "state_abbr": "MI", "is_rural": false, "dci_score": 96.4, "dci_quintile": 1.0, "is_cra_lmi": true, "income_level": "M", "is_persistent_poverty": false, "is_tribal_overlap": false, "tribal_area_name": null, "aian_pct": 0.0, "has_nmtc": false, "nmtc_projects": 0, "nmtc_total_usd": 0.0 }, "geometry": { "type": "Polygon", "coordinates": [ [ [ -83.713483, 43.05404 ], [ -83.704728, 43.054133 ], [ -83.699708, 43.05419 ], [ -83.693771, 43.054259 ], [ -83.693732, 43.053083 ], [ -83.693775, 43.049552 ], [ -83.693805, 43.046985 ], [ -83.70465, 43.046385 ], [ -83.713471, 43.046317 ], [ -83.713446, 43.050486 ], [ -83.713483, 43.05404 ] ] ] } },
{ "type": "Feature", "properties": { "geoid": "26049001100", "county_name": "Genesee County", "place_name": "Mount Pleasant", "state_name": "Michigan", "state_abbr": "MI", "is_rural": false, "dci_score": 96.3, "dci_quintile": 1.0, "is_cra_lmi": true, "income_level": "L", "is_persistent_poverty": false, "is_tribal_overlap": false, "tribal_area_name": null, "aian_pct": 0.0, "has_nmtc": false, "nmtc_projects": 0, "nmtc_total_usd": 0.0 }, "geometry": { "type": "Polygon", "coordinates": [ [ [ -83.70465, 43.046385 ], [ -83.693805, 43.046985 ], [ -83.693821, 43.043118 ], [ -83.693872, 43.039756 ], [ -83.693674, 43.035389 ], [ -83.693591, 43.030782 ], [ -83.70323, 43.030703 ], [ -83.703677, 43.031247 ], [ -83.704167, 43.031827 ], [ -83.704404, 43.036146 ], [ -83.704443, 43.038724 ], [ -83.704498, 43.040126 ], [ -83.704601, 43.04398 ], [ -83.70465, 43.046385 ] ] ] } },
{ "type": "Feature", "properties": { "geoid": "26049002600", "county_name": "Genesee County", "place_name": null, "state_name": "Michigan", "state_abbr": "MI", "is_rural": false, "dci_score": 95.8, "dci_quintile": 1.0, "is_cra_lmi": true, "income_level": "M", "is_persistent_poverty": false, "is_tribal_overlap": false, "tribal_area_name": null, "aian_pct": 0.0, "has_nmtc": false, "nmtc_projects": 0, "nmtc_total_usd": 0.0 }, "geometry": { "type": "Polygon", "coordinates": [ [ [ -83.687053, 43.023972 ], [ -83.684539, 43.0278 ], [ -83.683886, 43.030874 ], [ -83.681755, 43.032554 ], [ -83.678316, 43.031115 ], [ -83.677041, 43.033344 ], [ -83.670234, 43.033064 ], [ -83.667831, 43.033122 ], [ -83.665175, 43.033174 ], [ -83.661745, 43.033093 ], [ -83.65646, 43.032903 ], [ -83.655313, 43.032905 ], [ -83.655081, 43.025535 ], [ -83.656697, 43.025674 ], [ -83.661412, 43.025708 ], [ -83.664834, 43.025743 ], [ -83.667029, 43.025616 ], [ -83.670909, 43.025627 ], [ -83.678834, 43.025563 ], [ -83.681451, 43.024878 ], [ -83.685026, 43.024613 ], [ -83.687053, 43.023972 ] ] ] } },
{ "type": "Feature", "properties": { "geoid": "26049002900", "county_name": "Genesee County", "place_name": null, "state_name": "Michigan", "state_abbr": "MI", "is_rural": false, "dci_score": 94.0, "dci_quintile": 1.0, "is_cra_lmi": true, "income_level": "M", "is_persistent_poverty": false, "is_tribal_overlap": false, "tribal_area_name": null, "aian_pct": 0.0, "has_nmtc": false, "nmtc_projects": 0, "nmtc_total_usd": 0.0 }, "geometry": { "type": "Polygon", "coordinates": [ [ [ -83.684915, 43.019523 ], [ -83.684601, 43.020805 ], [ -83.681451, 43.024878 ], [ -83.678834, 43.025563 ], [ -83.670909, 43.025627 ], [ -83.669707, 43.022825 ], [ -83.674203, 43.021623 ], [ -83.675949, 43.017527 ], [ -83.673236, 43.015907 ], [ -83.671311, 43.011679 ], [ -83.670075, 43.010511 ], [ -83.677686, 43.010491 ], [ -83.679611, 43.010202 ], [ -83.680022, 43.011326 ], [ -83.682579, 43.01494 ], [ -83.684698, 43.018172 ], [ -83.684915, 43.019523 ] ] ] } },
{ "type": "Feature", "properties": { "geoid": "26049013500", "county_name": "Genesee County", "place_name": null, "state_name": "Michigan", "state_abbr": "MI", "is_rural": false, "dci_score": 91.9, "dci_quintile": 1.0, "is_cra_lmi": true, "income_level": "M", "is_persistent_poverty": false, "is_tribal_overlap": false, "tribal_area_name": null, "aian_pct": 0.0, "has_nmtc": false, "nmtc_projects": 0, "nmtc_total_usd": 0.0 }, "geometry": { "type": "Polygon", "coordinates": [ [ [ -83.716992, 42.98865 ], [ -83.704515, 42.994372 ], [ -83.705818, 42.996971 ], [ -83.704329, 42.998443 ], [ -83.701502, 43.000351 ], [ -83.700267, 43.000976 ], [ -83.693786, 43.003054 ], [ -83.693235, 43.000859 ], [ -83.69307, 42.993505 ], [ -83.693014, 42.988693 ], [ -83.692968, 42.985735 ], [ -83.692899, 42.981213 ], [ -83.697522, 42.98119 ], [ -83.713002, 42.981005 ], [ -83.713222, 42.98832 ], [ -83.716121, 42.988414 ], [ -83.717926, 42.987966 ], [ -83.716992, 42.98865 ] ] ] } },
{ "type": "Feature", "properties": { "geoid": "26125175000", "county_name": "Oakland County", "place_name": null, "state_name": "Michigan", "state_abbr": "MI", "is_rural": false, "dci_score": 41.8, "dci_quintile": 5.0, "is_cra_lmi": true, "income_level": "M", "is_persistent_poverty": false, "is_tribal_overlap": false, "tribal_area_name": null, "aian_pct": 0.0, "has_nmtc": false, "nmtc_projects": 0, "nmtc_total_usd": 0.0 }, "geometry": { "type": "Polygon", "coordinates": [ [ [ -83.113971, 42.47585 ], [ -83.110919, 42.475929 ], [ -83.109616, 42.476048 ], [ -83.104658, 42.476155 ], [ -83.097365, 42.47621 ], [ -83.094649, 42.476224 ], [ -83.084523, 42.476345 ], [ -83.084369, 42.469044 ], [ -83.091546, 42.468924 ], [ -83.09706, 42.468851 ], [ -83.104286, 42.468754 ], [ -83.109033, 42.468638 ], [ -83.111361, 42.468595 ], [ -83.113743, 42.46854 ], [ -83.113864, 42.472942 ], [ -83.113932, 42.475028 ], [ -83.114895, 42.475883 ], [ -83.113971, 42.47585 ] ] ] } },
{ "type": "Feature", "properties": { "geoid": "26049012202", "county_name": "Genesee County", "place_name": null, "state_name": "Michigan", "state_abbr": "MI", "is_rural": false, "dci_score": 96.4, "dci_quintile": 1.0, "is_cra_lmi": true, "income_level": "M", "is_persistent_poverty": false, "is_tribal_overlap": false, "tribal_area_name": null, "aian_pct": 0.0, "has_nmtc": false, "nmtc_projects": 0, "nmtc_total_usd": 0.0 }, "geometry": { "type": "Polygon", "coordinates": [ [ [ -83.694179, 43.090189 ], [ -83.681805, 43.090379 ], [ -83.674473, 43.09045 ], [ -83.672056, 43.090451 ], [ -83.656432, 43.090979 ], [ -83.656141, 43.077159 ], [ -83.656584, 43.07634 ], [ -83.664197, 43.076102 ], [ -83.665856, 43.076084 ], [ -83.674144, 43.075867 ], [ -83.683783, 43.075793 ], [ -83.694051, 43.075667 ], [ -83.694083, 43.081477 ], [ -83.694097, 43.082402 ], [ -83.694179, 43.090189 ] ] ] } },
{ "type": "Feature", "properties": { "geoid": "26049010910", "county_name": "Genesee County", "place_name": null, "state_name": "Michigan", "state_abbr": "MI", "is_rural": false, "dci_score": 77.5, "dci_quintile": 3.0, "is_cra_lmi": true, "income_level": "M", "is_persistent_poverty": false, "is_tribal_overlap": false, "tribal_area_name": null, "aian_pct": 0.0, "has_nmtc": false, "nmtc_projects": 0, "nmtc_total_usd": 0.0 }, "geometry": { "type": "Polygon", "coordinates": [ [ [ -83.773046, 43.016577 ], [ -83.767161, 43.016679 ], [ -83.750933, 43.017479 ], [ -83.749715, 43.017438 ], [ -83.748318, 43.016983 ], [ -83.74765, 43.014051 ], [ -83.748947, 43.006902 ], [ -83.749447, 43.004432 ], [ -83.749604, 43.002144 ], [ -83.749439, 42.998001 ], [ -83.748782, 42.996437 ], [ -83.747429, 42.99486 ], [ -83.738676, 42.989657 ], [ -83.74376, 42.987383 ], [ -83.746249, 42.98755 ], [ -83.7625, 42.98737 ], [ -83.764169, 42.987362 ], [ -83.769422, 42.987366 ], [ -83.772319, 42.987355 ], [ -83.772465, 42.994504 ], [ -83.772719, 43.002025 ], [ -83.772802, 43.006847 ], [ -83.773046, 43.016577 ] ] ] } },
{ "type": "Feature", "properties": { "geoid": "26049010304", "county_name": "Genesee County", "place_name": null, "state_name": "Michigan", "state_abbr": "MI", "is_rural": false, "dci_score": 96.3, "dci_quintile": 1.0, "is_cra_lmi": true, "income_level": "L", "is_persistent_poverty": false, "is_tribal_overlap": false, "tribal_area_name": null, "aian_pct": 0.0, "has_nmtc": false, "nmtc_projects": 0, "nmtc_total_usd": 0.0 }, "geometry": { "type": "Polygon", "coordinates": [ [ [ -83.733718, 43.089536 ], [ -83.726457, 43.089582 ], [ -83.720879, 43.089805 ], [ -83.713944, 43.090277 ], [ -83.710282, 43.090278 ], [ -83.706432, 43.090244 ], [ -83.694179, 43.090189 ], [ -83.694097, 43.082402 ], [ -83.694083, 43.081477 ], [ -83.694051, 43.075667 ], [ -83.706311, 43.075602 ], [ -83.713907, 43.075519 ], [ -83.717368, 43.075394 ], [ -83.717314, 43.079336 ], [ -83.719344, 43.079279 ], [ -83.724492, 43.079135 ], [ -83.724347, 43.075167 ], [ -83.733431, 43.075087 ], [ -83.733718, 43.089536 ] ] ] } },
{ "type": "Feature", "properties": { "geoid": "26049010305", "county_name": "Genesee County", "place_name": null, "state_name": "Michigan", "state_abbr": "MI", "is_rural": false, "dci_score": 88.5, "dci_quintile": 2.0, "is_cra_lmi": true, "income_level": "M", "is_persistent_poverty": false, "is_tribal_overlap": false, "tribal_area_name": null, "aian_pct": 0.0, "has_nmtc": false, "nmtc_projects": 0, "nmtc_total_usd": 0.0 }, "geometry": { "type": "Polygon", "coordinates": [ [ [ -83.733973, 43.104071 ], [ -83.724015, 43.104187 ], [ -83.714163, 43.104759 ], [ -83.709032, 43.104775 ], [ -83.704254, 43.104787 ], [ -83.704122, 43.112205 ], [ -83.694371, 43.111413 ], [ -83.694328, 43.104815 ], [ -83.694251, 43.098902 ], [ -83.694179, 43.090189 ], [ -83.706432, 43.090244 ], [ -83.710282, 43.090278 ], [ -83.713944, 43.090277 ], [ -83.720879, 43.089805 ], [ -83.726457, 43.089582 ], [ -83.733718, 43.089536 ], [ -83.733863, 43.098868 ], [ -83.733973, 43.104071 ] ] ] } },
{ "type": "Feature", "properties": { "geoid": "26007000700", "county_name": "Alpena County", "place_name": null, "state_name": "Michigan", "state_abbr": "MI", "is_rural": true, "dci_score": 70.5, "dci_quintile": 3.0, "is_cra_lmi": false, "income_level": "U", "is_persistent_poverty": false, "is_tribal_overlap": false, "tribal_area_name": null, "aian_pct": 0.0, "has_nmtc": false, "nmtc_projects": 0, "nmtc_total_usd": 0.0 }, "geometry": { "type": "Polygon", "coordinates": [ [ [ -83.562758, 45.06098 ], [ -83.511915, 45.06141 ], [ -83.501676, 45.061476 ], [ -83.50242, 45.090301 ], [ -83.502771, 45.092862 ], [ -83.495406, 45.092494 ], [ -83.494602, 45.092046 ], [ -83.493884, 45.090751 ], [ -83.491841, 45.083767 ], [ -83.486774, 45.080015 ], [ -83.483262, 45.077934 ], [ -83.482072, 45.076422 ], [ -83.477774, 45.075673 ], [ -83.475704, 45.073034 ], [ -83.476182, 45.070769 ], [ -83.474572, 45.069285 ], [ -83.47151, 45.067348 ], [ -83.471521, 45.066677 ], [ -83.476644, 45.066919 ], [ -83.476578, 45.065246 ], [ -83.47148, 45.065267 ], [ -83.471418, 45.061707 ], [ -83.463296, 45.061683 ], [ -83.459005, 45.060151 ], [ -83.455823, 45.061548 ], [ -83.45322, 45.061693 ], [ -83.460432, 45.05182 ], [ -83.465164, 45.047161 ], [ -83.452651, 45.047176 ], [ -83.448304, 45.047118 ], [ -83.449783, 45.046485 ], [ -83.4776, 45.034927 ], [ -83.478061, 45.034764 ], [ -83.480795, 45.033995 ], [ -83.504429, 45.028147 ], [ -83.505445, 45.027815 ], [ -83.50784, 45.026346 ], [ -83.524527, 45.014201 ], [ -83.525741, 45.011901 ], [ -83.525835, 44.994634 ], [ -83.52793, 44.993619 ], [ -83.533651, 44.990218 ], [ -83.540422, 44.990209 ], [ -83.541287, 44.990613 ], [ -83.541555, 44.993815 ], [ -83.546384, 44.993795 ], [ -83.546279, 45.011641 ], [ -83.555973, 45.011975 ], [ -83.556423, 45.030131 ], [ -83.562148, 45.031928 ], [ -83.562421, 45.042494 ], [ -83.562271, 45.043421 ], [ -83.562758, 45.06098 ] ] ] } },
{ "type": "Feature", "properties": { "geoid": "26007000500", "county_name": "Alpena County", "place_name": null, "state_name": "Michigan", "state_abbr": "MI", "is_rural": true, "dci_score": 70.5, "dci_quintile": 3.0, "is_cra_lmi": true, "income_level": "M", "is_persistent_poverty": false, "is_tribal_overlap": false, "tribal_area_name": null, "aian_pct": 0.0, "has_nmtc": false, "nmtc_projects": 0, "nmtc_total_usd": 0.0 }, "geometry": { "type": "Polygon", "coordinates": [ [ [ -83.476644, 45.066919 ], [ -83.471521, 45.066677 ], [ -83.47151, 45.067348 ], [ -83.469199, 45.06704 ], [ -83.467469, 45.069141 ], [ -83.466253, 45.068981 ], [ -83.46295, 45.066612 ], [ -83.461044, 45.065743 ], [ -83.458813, 45.065762 ], [ -83.456076, 45.06816 ], [ -83.451517, 45.072961 ], [ -83.448336, 45.074794 ], [ -83.443791, 45.070985 ], [ -83.43915, 45.067109 ], [ -83.432331, 45.061387 ], [ -83.444374, 45.061549 ], [ -83.45202, 45.0617 ], [ -83.45322, 45.061693 ], [ -83.455823, 45.061548 ], [ -83.459005, 45.060151 ], [ -83.463296, 45.061683 ], [ -83.471418, 45.061707 ], [ -83.47148, 45.065267 ], [ -83.476578, 45.065246 ], [ -83.476644, 45.066919 ] ] ] } },
{ "type": "Feature", "properties": { "geoid": "26091061500", "county_name": "Lenawee County", "place_name": null, "state_name": "Michigan", "state_abbr": "MI", "is_rural": true, "dci_score": 83.7, "dci_quintile": 2.0, "is_cra_lmi": true, "income_level": "M", "is_persistent_poverty": false, "is_tribal_overlap": false, "tribal_area_name": null, "aian_pct": 0.0, "has_nmtc": false, "nmtc_projects": 0, "nmtc_total_usd": 0.0 }, "geometry": { "type": "Polygon", "coordinates": [ [ [ -84.079461, 41.910324 ], [ -84.078912, 41.913364 ], [ -84.077292, 41.912835 ], [ -84.064314, 41.912843 ], [ -84.055433, 41.912774 ], [ -84.0547, 41.912768 ], [ -84.05224, 41.912714 ], [ -84.049348, 41.912728 ], [ -84.048911, 41.909508 ], [ -84.048892, 41.905419 ], [ -84.048881, 41.903022 ], [ -84.048871, 41.899969 ], [ -84.048771, 41.89745 ], [ -84.04873, 41.894306 ], [ -84.048718, 41.893415 ], [ -84.048952, 41.889661 ], [ -84.053206, 41.889292 ], [ -84.05335, 41.889291 ], [ -84.058105, 41.889175 ], [ -84.060449, 41.889114 ], [ -84.072828, 41.904324 ], [ -84.074723, 41.905318 ], [ -84.076175, 41.905509 ], [ -84.07843, 41.905521 ], [ -84.079356, 41.905515 ], [ -84.07938, 41.906474 ], [ -84.079461, 41.910324 ] ] ] } },
{ "type": "Feature", "properties": { "geoid": "26035000300", "county_name": "Clare County", "place_name": null, "state_name": "Michigan", "state_abbr": "MI", "is_rural": true, "dci_score": 54.2, "dci_quintile": 4.0, "is_cra_lmi": true, "income_level": "M", "is_persistent_poverty": false, "is_tribal_overlap": false, "tribal_area_name": null, "aian_pct": 0.0, "has_nmtc": false, "nmtc_projects": 0, "nmtc_total_usd": 0.0 }, "geometry": { "type": "Polygon", "coordinates": [ [ [ -85.087877, 43.986801 ], [ -85.083811, 43.986282 ], [ -85.083501, 43.987309 ], [ -85.083524, 43.989244 ], [ -85.082589, 43.991478 ], [ -85.079642, 43.991966 ], [ -85.077415, 43.994078 ], [ -85.073479, 43.994463 ], [ -85.07486, 43.996017 ], [ -85.076702, 43.995615 ], [ -85.075506, 43.997812 ], [ -85.076249, 44.000143 ], [ -85.074111, 43.999452 ], [ -85.073019, 43.997866 ], [ -85.073613, 44.00256 ], [ -85.074374, 44.004401 ], [ -85.070925, 44.004832 ], [ -85.070913, 44.002783 ], [ -85.068949, 44.00269 ], [ -85.068219, 44.004313 ], [ -85.064705, 44.002985 ], [ -85.062677, 44.00287 ], [ -85.058907, 44.003897 ], [ -85.055525, 44.007757 ], [ -85.05554, 44.00884 ], [ -85.057477, 44.008079 ], [ -85.05963, 44.008995 ], [ -85.05928, 44.010481 ], [ -85.055584, 44.010833 ], [ -85.054248, 44.011551 ], [ -85.051278, 44.010929 ], [ -85.051055, 44.012451 ], [ -85.053985, 44.01457 ], [ -85.05355, 44.016223 ], [ -85.054129, 44.018259 ], [ -85.051916, 44.018088 ], [ -85.050907, 44.019363 ], [ -85.04584, 44.021579 ], [ -85.044194, 44.021464 ], [ -85.044697, 44.023203 ], [ -85.043774, 44.025694 ], [ -85.041659, 44.025963 ], [ -85.040647, 44.023359 ], [ -85.039057, 44.023156 ], [ -85.038655, 44.025557 ], [ -85.040095, 44.026736 ], [ -85.042665, 44.030498 ], [ -85.04028, 44.030838 ], [ -85.040215, 44.029535 ], [ -85.038031, 44.028997 ], [ -85.03815, 44.031227 ], [ -85.03338, 44.03243 ], [ -85.033543, 44.033623 ], [ -85.036912, 44.033702 ], [ -85.037152, 44.035558 ], [ -85.033619, 44.037361 ], [ -85.029707, 44.035006 ], [ -85.026182, 44.033534 ], [ -85.021982, 44.032314 ], [ -85.015958, 44.031413 ], [ -84.96828, 44.031186 ], [ -84.968208, 44.002455 ], [ -84.908966, 44.002099 ], [ -84.908944, 43.999894 ], [ -84.911065, 43.996793 ], [ -84.908895, 43.994971 ], [ -84.908668, 43.987493 ], [ -84.908571, 43.977154 ], [ -84.908854, 43.973035 ], [ -84.929015, 43.972834 ], [ -84.928999, 43.964203 ], [ -84.93162, 43.965641 ], [ -84.946432, 43.965508 ], [ -84.946457, 43.964121 ], [ -84.9428, 43.962972 ], [ -84.924193, 43.951388 ], [ -84.919856, 43.948051 ], [ -84.918782, 43.946824 ], [ -84.918141, 43.945135 ], [ -84.918475, 43.929642 ], [ -84.918546, 43.926459 ], [ -84.919159, 43.924137 ], [ -84.92274, 43.920691 ], [ -84.92347, 43.918617 ], [ -84.922783, 43.915035 ], [ -84.929061, 43.915011 ], [ -84.929082, 43.900422 ], [ -84.929068, 43.886098 ], [ -84.948879, 43.885948 ], [ -84.950976, 43.885331 ], [ -84.953526, 43.885299 ], [ -84.955848, 43.884619 ], [ -84.958067, 43.885852 ], [ -84.959376, 43.885865 ], [ -84.968765, 43.895099 ], [ -84.973837, 43.900488 ], [ -84.978999, 43.907183 ], [ -84.983025, 43.911163 ], [ -84.987565, 43.914038 ], [ -85.009299, 43.925014 ], [ -85.040418, 43.942695 ], [ -85.045077, 43.945724 ], [ -85.049389, 43.950099 ], [ -85.052864, 43.95538 ], [ -85.05602, 43.959041 ], [ -85.058314, 43.960958 ], [ -85.080604, 43.977256 ], [ -85.087912, 43.98402 ], [ -85.087877, 43.986801 ] ] ] } },
{ "type": "Feature", "properties": { "geoid": "26035000400", "county_name": "Clare County", "place_name": null, "state_name": "Michigan", "state_abbr": "MI", "is_rural": true, "dci_score": 50.6, "dci_quintile": 5.0, "is_cra_lmi": false, "income_level": "U", "is_persistent_poverty": false, "is_tribal_overlap": false, "tribal_area_name": null, "aian_pct": 0.0, "has_nmtc": false, "nmtc_projects": 0, "nmtc_total_usd": 0.0 }, "geometry": { "type": "Polygon", "coordinates": [ [ [ -85.088242, 43.9008 ], [ -85.08827, 43.907319 ], [ -85.08825, 43.915233 ], [ -85.087912, 43.98402 ], [ -85.080604, 43.977256 ], [ -85.058314, 43.960958 ], [ -85.05602, 43.959041 ], [ -85.052864, 43.95538 ], [ -85.049389, 43.950099 ], [ -85.045077, 43.945724 ], [ -85.040418, 43.942695 ], [ -85.009299, 43.925014 ], [ -84.987565, 43.914038 ], [ -84.983025, 43.911163 ], [ -84.978999, 43.907183 ], [ -84.973837, 43.900488 ], [ -84.968765, 43.895099 ], [ -84.959376, 43.885865 ], [ -84.955506, 43.882132 ], [ -84.951645, 43.87899 ], [ -84.944501, 43.874101 ], [ -84.938588, 43.871646 ], [ -84.933946, 43.870828 ], [ -84.921659, 43.869802 ], [ -84.916551, 43.86828 ], [ -84.914529, 43.867367 ], [ -84.90236, 43.859604 ], [ -84.899494, 43.857365 ], [ -84.866882, 43.857594 ], [ -84.861479, 43.857612 ], [ -84.849124, 43.857599 ], [ -84.828279, 43.857799 ], [ -84.828252, 43.856245 ], [ -84.828245, 43.850548 ], [ -84.828357, 43.836139 ], [ -84.828364, 43.833615 ], [ -84.827867, 43.831383 ], [ -84.825941, 43.830938 ], [ -84.826205, 43.82894 ], [ -84.828386, 43.828938 ], [ -84.828335, 43.814449 ], [ -84.84369, 43.814342 ], [ -84.849532, 43.814314 ], [ -84.866685, 43.814198 ], [ -84.873334, 43.814197 ], [ -84.875016, 43.813817 ], [ -84.88711, 43.814034 ], [ -84.969073, 43.813768 ], [ -84.969706, 43.813772 ], [ -85.008888, 43.813971 ], [ -85.009043, 43.835375 ], [ -85.009006, 43.842651 ], [ -84.989056, 43.84271 ], [ -84.988918, 43.857166 ], [ -85.003795, 43.857305 ], [ -85.013839, 43.858516 ], [ -85.018231, 43.859487 ], [ -85.024128, 43.861327 ], [ -85.050273, 43.870446 ], [ -85.0843, 43.880992 ], [ -85.088117, 43.882497 ], [ -85.088276, 43.886297 ], [ -85.088242, 43.9008 ] ] ] } },
{ "type": "Feature", "properties": { "geoid": "26051000400", "county_name": "Gladwin County", "place_name": null, "state_name": "Michigan", "state_abbr": "MI", "is_rural": true, "dci_score": 56.7, "dci_quintile": 4.0, "is_cra_lmi": true, "income_level": "M", "is_persistent_poverty": false, "is_tribal_overlap": false, "tribal_area_name": null, "aian_pct": 0.0, "has_nmtc": false, "nmtc_projects": 0, "nmtc_total_usd": 0.0 }, "geometry": { "type": "Polygon", "coordinates": [ [ [ -84.606917, 44.075916 ], [ -84.545921, 44.075019 ], [ -84.506107, 44.074619 ], [ -84.487051, 44.074415 ], [ -84.486389, 44.07446 ], [ -84.486474, 44.074162 ], [ -84.48631, 44.016134 ], [ -84.50487, 44.016102 ], [ -84.524713, 44.016564 ], [ -84.525217, 44.009406 ], [ -84.525701, 44.002256 ], [ -84.525563, 43.987777 ], [ -84.525365, 43.980732 ], [ -84.545107, 43.980878 ], [ -84.545315, 43.973929 ], [ -84.545075, 43.915525 ], [ -84.545145, 43.908518 ], [ -84.545156, 43.902041 ], [ -84.555348, 43.902123 ], [ -84.606468, 43.901848 ], [ -84.606451, 43.929489 ], [ -84.606338, 43.930451 ], [ -84.606303, 43.944809 ], [ -84.606192, 43.988782 ], [ -84.606427, 44.003183 ], [ -84.606542, 44.017582 ], [ -84.606737, 44.057607 ], [ -84.606917, 44.075916 ] ] ] } },
{ "type": "Feature", "properties": { "geoid": "26099256400", "county_name": "Macomb County", "place_name": null, "state_name": "Michigan", "state_abbr": "MI", "is_rural": false, "dci_score": 71.1, "dci_quintile": 3.0, "is_cra_lmi": true, "income_level": "M", "is_persistent_poverty": false, "is_tribal_overlap": false, "tribal_area_name": null, "aian_pct": 0.0, "has_nmtc": false, "nmtc_projects": 0, "nmtc_total_usd": 0.0 }, "geometry": { "type": "Polygon", "coordinates": [ [ [ -82.930124, 42.490906 ], [ -82.928, 42.490918 ], [ -82.928108, 42.49461 ], [ -82.928678, 42.494603 ], [ -82.928138, 42.494847 ], [ -82.924096, 42.495372 ], [ -82.918187, 42.495134 ], [ -82.917152, 42.495159 ], [ -82.917092, 42.49112 ], [ -82.917397, 42.487849 ], [ -82.917847, 42.487841 ], [ -82.926236, 42.487663 ], [ -82.930008, 42.487565 ], [ -82.930124, 42.490906 ] ] ] } },
{ "type": "Feature", "properties": { "geoid": "26163524200", "county_name": "Wayne County", "place_name": null, "state_name": "Michigan", "state_abbr": "MI", "is_rural": false, "dci_score": 97.3, "dci_quintile": 1.0, "is_cra_lmi": true, "income_level": "M", "is_persistent_poverty": false, "is_tribal_overlap": false, "tribal_area_name": null, "aian_pct": 0.0, "has_nmtc": true, "nmtc_projects": 1, "nmtc_total_usd": 17000000.0 }, "geometry": { "type": "Polygon", "coordinates": [ [ [ -83.136578, 42.305326 ], [ -83.134855, 42.306006 ], [ -83.136039, 42.307853 ], [ -83.132564, 42.309262 ], [ -83.127468, 42.311336 ], [ -83.124314, 42.312636 ], [ -83.120507, 42.307316 ], [ -83.123408, 42.306159 ], [ -83.128854, 42.303865 ], [ -83.128704, 42.303647 ], [ -83.13477, 42.301283 ], [ -83.136527, 42.30381 ], [ -83.136578, 42.305326 ] ] ] } },
{ "type": "Feature", "properties": { "geoid": "26163523400", "county_name": "Wayne County", "place_name": null, "state_name": "Michigan", "state_abbr": "MI", "is_rural": false, "dci_score": 95.1, "dci_quintile": 1.0, "is_cra_lmi": true, "income_level": "M", "is_persistent_poverty": false, "is_tribal_overlap": false, "tribal_area_name": null, "aian_pct": 0.0, "has_nmtc": false, "nmtc_projects": 0, "nmtc_total_usd": 0.0 }, "geometry": { "type": "Polygon", "coordinates": [ [ [ -83.097907, 42.323161 ], [ -83.091481, 42.325914 ], [ -83.089615, 42.323287 ], [ -83.089233, 42.322861 ], [ -83.084469, 42.316559 ], [ -83.085162, 42.316094 ], [ -83.091092, 42.313672 ], [ -83.093131, 42.316495 ], [ -83.095838, 42.320274 ], [ -83.097907, 42.323161 ] ] ] } },
{ "type": "Feature", "properties": { "geoid": "26163521900", "county_name": "Wayne County", "place_name": null, "state_name": "Michigan", "state_abbr": "MI", "is_rural": false, "dci_score": 93.8, "dci_quintile": 1.0, "is_cra_lmi": true, "income_level": "L", "is_persistent_poverty": false, "is_tribal_overlap": false, "tribal_area_name": null, "aian_pct": 0.0, "has_nmtc": false, "nmtc_projects": 0, "nmtc_total_usd": 0.0 }, "geometry": { "type": "Polygon", "coordinates": [ [ [ -83.093718, 42.351795 ], [ -83.085116, 42.354498 ], [ -83.08248, 42.355375 ], [ -83.080993, 42.356037 ], [ -83.076031, 42.35906 ], [ -83.073476, 42.353928 ], [ -83.073396, 42.35377 ], [ -83.072088, 42.351623 ], [ -83.071052, 42.3498 ], [ -83.074668, 42.348629 ], [ -83.0711, 42.342409 ], [ -83.072578, 42.341949 ], [ -83.072857, 42.341862 ], [ -83.073005, 42.342121 ], [ -83.082475, 42.34594 ], [ -83.085515, 42.347164 ], [ -83.089352, 42.348713 ], [ -83.095562, 42.351227 ], [ -83.093718, 42.351795 ] ] ] } },
{ "type": "Feature", "properties": { "geoid": "26163520700", "county_name": "Wayne County", "place_name": null, "state_name": "Michigan", "state_abbr": "MI", "is_rural": false, "dci_score": 74.2, "dci_quintile": 3.0, "is_cra_lmi": false, "income_level": "U", "is_persistent_poverty": false, "is_tribal_overlap": false, "tribal_area_name": null, "aian_pct": 0.0, "has_nmtc": true, "nmtc_projects": 3, "nmtc_total_usd": 21200000.0 }, "geometry": { "type": "Polygon", "coordinates": [ [ [ -83.064266, 42.335438 ], [ -83.059948, 42.33639 ], [ -83.059421, 42.3366 ], [ -83.058524, 42.337008 ], [ -83.056069, 42.33859 ], [ -83.05291, 42.339986 ], [ -83.05089, 42.336981 ], [ -83.048746, 42.334089 ], [ -83.047844, 42.332927 ], [ -83.04708, 42.332117 ], [ -83.048249, 42.331653 ], [ -83.052663, 42.331673 ], [ -83.061185, 42.331586 ], [ -83.061655, 42.332003 ], [ -83.064187, 42.335275 ], [ -83.064266, 42.335438 ] ] ] } },
{ "type": "Feature", "properties": { "geoid": "26163516900", "county_name": "Wayne County", "place_name": null, "state_name": "Michigan", "state_abbr": "MI", "is_rural": false, "dci_score": 87.5, "dci_quintile": 2.0, "is_cra_lmi": false, "income_level": "U", "is_persistent_poverty": false, "is_tribal_overlap": false, "tribal_area_name": null, "aian_pct": 0.0, "has_nmtc": true, "nmtc_projects": 1, "nmtc_total_usd": 0.0 }, "geometry": { "type": "Polygon", "coordinates": [ [ [ -83.034858, 42.348569 ], [ -83.03324, 42.348678 ], [ -83.030311, 42.349866 ], [ -83.028622, 42.347956 ], [ -83.026382, 42.347156 ], [ -83.02564, 42.345998 ], [ -83.025942, 42.345026 ], [ -83.026525, 42.344258 ], [ -83.026405, 42.34359 ], [ -83.024947, 42.341379 ], [ -83.030395, 42.339035 ], [ -83.032951, 42.34269 ], [ -83.034732, 42.345362 ], [ -83.035904, 42.347216 ], [ -83.034858, 42.348569 ] ] ] } },
{ "type": "Feature", "properties": { "geoid": "26163516000", "county_name": "Wayne County", "place_name": null, "state_name": "Michigan", "state_abbr": "MI", "is_rural": false, "dci_score": 84.3, "dci_quintile": 2.0, "is_cra_lmi": true, "income_level": "M", "is_persistent_poverty": false, "is_tribal_overlap": false, "tribal_area_name": null, "aian_pct": 0.0, "has_nmtc": true, "nmtc_projects": 1, "nmtc_total_usd": 0.0 }, "geometry": { "type": "Polygon", "coordinates": [ [ [ -83.017866, 42.374041 ], [ -83.012615, 42.375968 ], [ -83.005789, 42.378681 ], [ -82.999297, 42.369714 ], [ -83.004153, 42.367761 ], [ -83.006106, 42.366978 ], [ -83.01324, 42.364348 ], [ -83.018738, 42.372728 ], [ -83.017866, 42.374041 ] ] ] } },
{ "type": "Feature", "properties": { "geoid": "26163543900", "county_name": "Wayne County", "place_name": null, "state_name": "Michigan", "state_abbr": "MI", "is_rural": false, "dci_score": 93.0, "dci_quintile": 1.0, "is_cra_lmi": true, "income_level": "L", "is_persistent_poverty": false, "is_tribal_overlap": false, "tribal_area_name": null, "aian_pct": 0.0, "has_nmtc": false, "nmtc_projects": 0, "nmtc_total_usd": 0.0 }, "geometry": { "type": "Polygon", "coordinates": [ [ [ -83.261105, 42.378875 ], [ -83.260626, 42.383276 ], [ -83.258386, 42.383546 ], [ -83.256142, 42.38381 ], [ -83.256192, 42.385616 ], [ -83.246592, 42.38561 ], [ -83.243626, 42.385305 ], [ -83.242107, 42.384741 ], [ -83.241026, 42.384094 ], [ -83.236653, 42.380462 ], [ -83.236559, 42.378718 ], [ -83.238349, 42.378999 ], [ -83.246411, 42.378981 ], [ -83.261104, 42.378822 ], [ -83.261105, 42.378875 ] ] ] } },
{ "type": "Feature", "properties": { "geoid": "26163542200", "county_name": "Wayne County", "place_name": null, "state_name": "Michigan", "state_abbr": "MI", "is_rural": false, "dci_score": 95.8, "dci_quintile": 1.0, "is_cra_lmi": true, "income_level": "M", "is_persistent_poverty": false, "is_tribal_overlap": false, "tribal_area_name": null, "aian_pct": 0.0, "has_nmtc": false, "nmtc_projects": 0, "nmtc_total_usd": 0.0 }, "geometry": { "type": "Polygon", "coordinates": [ [ [ -83.218532, 42.408332 ], [ -83.20875, 42.408542 ], [ -83.199017, 42.408753 ], [ -83.198695, 42.401513 ], [ -83.202937, 42.40141 ], [ -83.208411, 42.401292 ], [ -83.218386, 42.401121 ], [ -83.218713, 42.408328 ], [ -83.218532, 42.408332 ] ] ] } },
{ "type": "Feature", "properties": { "geoid": "26163513900", "county_name": "Wayne County", "place_name": null, "state_name": "Michigan", "state_abbr": "MI", "is_rural": false, "dci_score": 84.2, "dci_quintile": 2.0, "is_cra_lmi": true, "income_level": "M", "is_persistent_poverty": false, "is_tribal_overlap": false, "tribal_area_name": null, "aian_pct": 0.0, "has_nmtc": false, "nmtc_projects": 0, "nmtc_total_usd": 0.0 }, "geometry": { "type": "Polygon", "coordinates": [ [ [ -82.99412, 42.372046 ], [ -82.986538, 42.375525 ], [ -82.978571, 42.379145 ], [ -82.973625, 42.371581 ], [ -82.981675, 42.368667 ], [ -82.989499, 42.365637 ], [ -82.99412, 42.372046 ] ] ] } },
{ "type": "Feature", "properties": { "geoid": "26099263200", "county_name": "Macomb County", "place_name": null, "state_name": "Michigan", "state_abbr": "MI", "is_rural": false, "dci_score": 88.6, "dci_quintile": 2.0, "is_cra_lmi": true, "income_level": "L", "is_persistent_poverty": false, "is_tribal_overlap": false, "tribal_area_name": null, "aian_pct": 0.0, "has_nmtc": false, "nmtc_projects": 0, "nmtc_total_usd": 0.0 }, "geometry": { "type": "Polygon", "coordinates": [ [ [ -83.038071, 42.468808 ], [ -83.031413, 42.468919 ], [ -83.02694, 42.468993 ], [ -83.026988, 42.470172 ], [ -83.021421, 42.470313 ], [ -83.018819, 42.470371 ], [ -83.0187, 42.466387 ], [ -83.018598, 42.463288 ], [ -83.026716, 42.463087 ], [ -83.031044, 42.462931 ], [ -83.035066, 42.4628 ], [ -83.037805, 42.462726 ], [ -83.038071, 42.468808 ] ] ] } },
{ "type": "Feature", "properties": { "geoid": "26099263600", "county_name": "Macomb County", "place_name": null, "state_name": "Michigan", "state_abbr": "MI", "is_rural": false, "dci_score": 91.0, "dci_quintile": 1.0, "is_cra_lmi": true, "income_level": "M", "is_persistent_poverty": false, "is_tribal_overlap": false, "tribal_area_name": null, "aian_pct": 0.0, "has_nmtc": false, "nmtc_projects": 0, "nmtc_total_usd": 0.0 }, "geometry": { "type": "Polygon", "coordinates": [ [ [ -83.083958, 42.461825 ], [ -83.074317, 42.46202 ], [ -83.064466, 42.46223 ], [ -83.064289, 42.456153 ], [ -83.063877, 42.447258 ], [ -83.071046, 42.447175 ], [ -83.081037, 42.447055 ], [ -83.083393, 42.447153 ], [ -83.083499, 42.449139 ], [ -83.083696, 42.455016 ], [ -83.083699, 42.455071 ], [ -83.083958, 42.461825 ] ] ] } },
{ "type": "Feature", "properties": { "geoid": "26099263900", "county_name": "Macomb County", "place_name": null, "state_name": "Michigan", "state_abbr": "MI", "is_rural": false, "dci_score": 86.3, "dci_quintile": 2.0, "is_cra_lmi": true, "income_level": "M", "is_persistent_poverty": false, "is_tribal_overlap": false, "tribal_area_name": null, "aian_pct": 0.0, "has_nmtc": false, "nmtc_projects": 0, "nmtc_total_usd": 0.0 }, "geometry": { "type": "Polygon", "coordinates": [ [ [ -83.026716, 42.463087 ], [ -83.018598, 42.463288 ], [ -83.015719, 42.46336 ], [ -83.005677, 42.463439 ], [ -83.005565, 42.459815 ], [ -83.005459, 42.456263 ], [ -83.015385, 42.455919 ], [ -83.01824, 42.455871 ], [ -83.026349, 42.455688 ], [ -83.026716, 42.463087 ] ] ] } },
{ "type": "Feature", "properties": { "geoid": "26099264200", "county_name": "Macomb County", "place_name": "Hillsdale", "state_name": "Michigan", "state_abbr": "MI", "is_rural": false, "dci_score": 86.3, "dci_quintile": 2.0, "is_cra_lmi": true, "income_level": "L", "is_persistent_poverty": false, "is_tribal_overlap": false, "tribal_area_name": null, "aian_pct": 0.0, "has_nmtc": false, "nmtc_projects": 0, "nmtc_total_usd": 0.0 }, "geometry": { "type": "Polygon", "coordinates": [ [ [ -82.986185, 42.4638 ], [ -82.979353, 42.463993 ], [ -82.975335, 42.464154 ], [ -82.97157, 42.4644 ], [ -82.971426, 42.464409 ], [ -82.971281, 42.45977 ], [ -82.971236, 42.45712 ], [ -82.971041, 42.449665 ], [ -82.978318, 42.449465 ], [ -82.985659, 42.44928 ], [ -82.985947, 42.456612 ], [ -82.986185, 42.4638 ] ] ] } },
{ "type": "Feature", "properties": { "geoid": "26147621000", "county_name": "St. Clair County", "place_name": null, "state_name": "Michigan", "state_abbr": "MI", "is_rural": true, "dci_score": 86.7, "dci_quintile": 2.0, "is_cra_lmi": true, "income_level": "L", "is_persistent_poverty": false, "is_tribal_overlap": false, "tribal_area_name": null, "aian_pct": 0.0, "has_nmtc": false, "nmtc_projects": 0, "nmtc_total_usd": 0.0 }, "geometry": { "type": "Polygon", "coordinates": [ [ [ -82.452393, 42.966685 ], [ -82.442496, 42.966952 ], [ -82.432496, 42.967251 ], [ -82.424711, 42.967478 ], [ -82.422271, 42.96754 ], [ -82.420925, 42.967259 ], [ -82.421739, 42.964902 ], [ -82.423527, 42.962208 ], [ -82.425766, 42.959729 ], [ -82.432151, 42.960113 ], [ -82.432803, 42.960098 ], [ -82.442169, 42.96067 ], [ -82.452157, 42.961434 ], [ -82.452221, 42.962935 ], [ -82.452393, 42.966685 ] ] ] } },
{ "type": "Feature", "properties": { "geoid": "26147622000", "county_name": "St. Clair County", "place_name": "Lansing", "state_name": "Michigan", "state_abbr": "MI", "is_rural": true, "dci_score": 86.7, "dci_quintile": 2.0, "is_cra_lmi": true, "income_level": "L", "is_persistent_poverty": false, "is_tribal_overlap": false, "tribal_area_name": null, "aian_pct": 0.0, "has_nmtc": false, "nmtc_projects": 0, "nmtc_total_usd": 0.0 }, "geometry": { "type": "Polygon", "coordinates": [ [ [ -82.452947, 42.977866 ], [ -82.445009, 42.977201 ], [ -82.443221, 42.977041 ], [ -82.439994, 42.976778 ], [ -82.433129, 42.976225 ], [ -82.432848, 42.971528 ], [ -82.432496, 42.967251 ], [ -82.442496, 42.966952 ], [ -82.452393, 42.966685 ], [ -82.452947, 42.977866 ] ] ] } },
{ "type": "Feature", "properties": { "geoid": "26147636000", "county_name": "St. Clair County", "place_name": null, "state_name": "Michigan", "state_abbr": "MI", "is_rural": true, "dci_score": 86.7, "dci_quintile": 2.0, "is_cra_lmi": true, "income_level": "L", "is_persistent_poverty": false, "is_tribal_overlap": false, "tribal_area_name": null, "aian_pct": 0.0, "has_nmtc": false, "nmtc_projects": 0, "nmtc_total_usd": 0.0 }, "geometry": { "type": "Polygon", "coordinates": [ [ [ -82.502756, 42.972668 ], [ -82.489247, 42.973973 ], [ -82.483451, 42.975144 ], [ -82.480362, 42.975712 ], [ -82.477996, 42.975592 ], [ -82.476219, 42.97724 ], [ -82.475417, 42.979711 ], [ -82.474683, 42.98391 ], [ -82.474098, 42.985188 ], [ -82.471891, 42.987605 ], [ -82.468074, 42.989444 ], [ -82.465022, 42.989967 ], [ -82.455871, 42.990536 ], [ -82.451242, 42.991638 ], [ -82.44535, 42.994461 ], [ -82.443392, 42.992434 ], [ -82.447235, 42.990554 ], [ -82.448266, 42.9895 ], [ -82.447102, 42.989855 ], [ -82.445339, 42.988036 ], [ -82.457942, 42.981914 ], [ -82.459744, 42.9808 ], [ -82.45751, 42.978231 ], [ -82.452947, 42.977866 ], [ -82.452393, 42.966685 ], [ -82.452221, 42.962935 ], [ -82.452157, 42.961434 ], [ -82.451796, 42.95359 ], [ -82.456761, 42.953321 ], [ -82.456746, 42.951642 ], [ -82.460413, 42.951708 ], [ -82.461698, 42.951683 ], [ -82.461439, 42.944184 ], [ -82.456421, 42.944329 ], [ -82.456382, 42.942713 ], [ -82.461357, 42.942565 ], [ -82.461292, 42.941212 ], [ -82.466516, 42.941147 ], [ -82.465094, 42.939276 ], [ -82.461197, 42.939255 ], [ -82.461118, 42.936859 ], [ -82.48107, 42.936495 ], [ -82.501219, 42.935364 ], [ -82.502137, 42.957219 ], [ -82.50244, 42.966147 ], [ -82.502756, 42.972668 ] ] ] } },
{ "type": "Feature", "properties": { "geoid": "26111291500", "county_name": "Midland County", "place_name": null, "state_name": "Michigan", "state_abbr": "MI", "is_rural": true, "dci_score": 31.5, "dci_quintile": 5.0, "is_cra_lmi": true, "income_level": "M", "is_persistent_poverty": false, "is_tribal_overlap": false, "tribal_area_name": null, "aian_pct": 0.0, "has_nmtc": false, "nmtc_projects": 0, "nmtc_total_usd": 0.0 }, "geometry": { "type": "Polygon", "coordinates": [ [ [ -84.488488, 43.56417 ], [ -84.488456, 43.573007 ], [ -84.488451, 43.575052 ], [ -84.488481, 43.582239 ], [ -84.488393, 43.58396 ], [ -84.488416, 43.611388 ], [ -84.488344, 43.6405 ], [ -84.392421, 43.64014 ], [ -84.379271, 43.640032 ], [ -84.368858, 43.639957 ], [ -84.369051, 43.627014 ], [ -84.369116, 43.622858 ], [ -84.369203, 43.61713 ], [ -84.369232, 43.61246 ], [ -84.369322, 43.594671 ], [ -84.369407, 43.583316 ], [ -84.369568, 43.568778 ], [ -84.36971, 43.553058 ], [ -84.398701, 43.553109 ], [ -84.409537, 43.553173 ], [ -84.488486, 43.553331 ], [ -84.488488, 43.56417 ] ] ] } },
{ "type": "Feature", "properties": { "geoid": "26135970400", "county_name": "Oscoda County", "place_name": null, "state_name": "Michigan", "state_abbr": "MI", "is_rural": true, "dci_score": 69.8, "dci_quintile": 3.0, "is_cra_lmi": false, "income_level": "U", "is_persistent_poverty": false, "is_tribal_overlap": false, "tribal_area_name": null, "aian_pct": 0.0, "has_nmtc": false, "nmtc_projects": 0, "nmtc_total_usd": 0.0 }, "geometry": { "type": "Polygon", "coordinates": [ [ [ -84.371663, 44.681046 ], [ -84.251347, 44.68159 ], [ -84.251636, 44.725169 ], [ -84.20524, 44.725089 ], [ -84.200047, 44.725218 ], [ -84.171943, 44.72462 ], [ -84.150808, 44.72511 ], [ -84.130458, 44.724816 ], [ -84.130193, 44.695748 ], [ -84.130156, 44.681246 ], [ -84.130039, 44.660122 ], [ -84.129992, 44.652279 ], [ -84.149105, 44.65226 ], [ -84.15009, 44.65216 ], [ -84.150619, 44.65119 ], [ -84.150537, 44.645676 ], [ -84.15174, 44.645123 ], [ -84.163455, 44.645104 ], [ -84.165008, 44.645099 ], [ -84.200976, 44.645297 ], [ -84.217513, 44.645574 ], [ -84.231426, 44.644977 ], [ -84.231406, 44.652532 ], [ -84.271358, 44.652006 ], [ -84.271182, 44.615884 ], [ -84.291812, 44.615975 ], [ -84.295963, 44.616485 ], [ -84.303323, 44.618084 ], [ -84.307327, 44.6182 ], [ -84.308454, 44.61812 ], [ -84.351121, 44.613836 ], [ -84.354861, 44.613301 ], [ -84.366501, 44.611232 ], [ -84.371019, 44.610854 ], [ -84.370986, 44.635605 ], [ -84.371663, 44.681046 ] ] ] } },
{ "type": "Feature", "properties": { "geoid": "26145011100", "county_name": "Saginaw County", "place_name": null, "state_name": "Michigan", "state_abbr": "MI", "is_rural": true, "dci_score": 95.0, "dci_quintile": 1.0, "is_cra_lmi": false, "income_level": "U", "is_persistent_poverty": false, "is_tribal_overlap": false, "tribal_area_name": null, "aian_pct": 0.0, "has_nmtc": false, "nmtc_projects": 0, "nmtc_total_usd": 0.0 }, "geometry": { "type": "Polygon", "coordinates": [ [ [ -83.877502, 43.522444 ], [ -83.856872, 43.522355 ], [ -83.817228, 43.522345 ], [ -83.81752, 43.507817 ], [ -83.817595, 43.493125 ], [ -83.817678, 43.479052 ], [ -83.817737, 43.463326 ], [ -83.817835, 43.46302 ], [ -83.817812, 43.457322 ], [ -83.818035, 43.435827 ], [ -83.818008, 43.425097 ], [ -83.817913, 43.414269 ], [ -83.817831, 43.392646 ], [ -83.857323, 43.392908 ], [ -83.877089, 43.392943 ], [ -83.877186, 43.39343 ], [ -83.877046, 43.400196 ], [ -83.876886, 43.414615 ], [ -83.876831, 43.421503 ], [ -83.876409, 43.428864 ], [ -83.874738, 43.46497 ], [ -83.875206, 43.472173 ], [ -83.877314, 43.479251 ], [ -83.877026, 43.486724 ], [ -83.877171, 43.499062 ], [ -83.877502, 43.522444 ] ] ] } },
{ "type": "Feature", "properties": { "geoid": "26145010200", "county_name": "Saginaw County", "place_name": null, "state_name": "Michigan", "state_abbr": "MI", "is_rural": true, "dci_score": 62.8, "dci_quintile": 4.0, "is_cra_lmi": false, "income_level": "U", "is_persistent_poverty": false, "is_tribal_overlap": false, "tribal_area_name": null, "aian_pct": 0.0, "has_nmtc": false, "nmtc_projects": 0, "nmtc_total_usd": 0.0 }, "geometry": { "type": "Polygon", "coordinates": [ [ [ -84.050987, 43.524064 ], [ -84.017868, 43.523725 ], [ -84.014327, 43.523688 ], [ -83.973944, 43.523295 ], [ -83.973508, 43.523289 ], [ -83.955513, 43.523031 ], [ -83.916091, 43.522629 ], [ -83.91636, 43.50095 ], [ -83.928735, 43.501081 ], [ -83.935363, 43.501145 ], [ -83.935571, 43.494001 ], [ -83.935898, 43.47955 ], [ -83.955876, 43.479824 ], [ -83.975489, 43.480049 ], [ -83.995088, 43.480279 ], [ -84.014857, 43.48056 ], [ -84.024457, 43.480751 ], [ -84.03409, 43.480825 ], [ -84.05188, 43.48086 ], [ -84.050987, 43.524064 ] ] ] } },
{ "type": "Feature", "properties": { "geoid": "26145000800", "county_name": "Saginaw County", "place_name": null, "state_name": "Michigan", "state_abbr": "MI", "is_rural": true, "dci_score": 97.1, "dci_quintile": 1.0, "is_cra_lmi": true, "income_level": "M", "is_persistent_poverty": false, "is_tribal_overlap": false, "tribal_area_name": null, "aian_pct": 0.0, "has_nmtc": false, "nmtc_projects": 0, "nmtc_total_usd": 0.0 }, "geometry": { "type": "Polygon", "coordinates": [ [ [ -83.924338, 43.421984 ], [ -83.924073, 43.429196 ], [ -83.920332, 43.42916 ], [ -83.915966, 43.429145 ], [ -83.913311, 43.429144 ], [ -83.915557, 43.433933 ], [ -83.906795, 43.43378 ], [ -83.906872, 43.429878 ], [ -83.906632, 43.429112 ], [ -83.906686, 43.421805 ], [ -83.907059, 43.415463 ], [ -83.906876, 43.414755 ], [ -83.917384, 43.414759 ], [ -83.917466, 43.418618 ], [ -83.922747, 43.418554 ], [ -83.923947, 43.420356 ], [ -83.925037, 43.421994 ], [ -83.924338, 43.421984 ] ] ] } },
{ "type": "Feature", "properties": { "geoid": "26145001300", "county_name": "Saginaw County", "place_name": null, "state_name": "Michigan", "state_abbr": "MI", "is_rural": true, "dci_score": 96.9, "dci_quintile": 1.0, "is_cra_lmi": true, "income_level": "L", "is_persistent_poverty": false, "is_tribal_overlap": false, "tribal_area_name": null, "aian_pct": 0.0, "has_nmtc": false, "nmtc_projects": 0, "nmtc_total_usd": 0.0 }, "geometry": { "type": "Polygon", "coordinates": [ [ [ -83.982745, 43.411436 ], [ -83.982721, 43.417681 ], [ -83.978644, 43.416192 ], [ -83.977677, 43.416928 ], [ -83.974446, 43.419435 ], [ -83.972743, 43.418328 ], [ -83.968516, 43.415541 ], [ -83.967624, 43.414949 ], [ -83.965376, 43.413555 ], [ -83.964674, 43.412963 ], [ -83.965342, 43.410535 ], [ -83.966085, 43.402806 ], [ -83.965953, 43.402241 ], [ -83.965995, 43.401663 ], [ -83.96867, 43.402397 ], [ -83.971662, 43.405089 ], [ -83.973259, 43.405343 ], [ -83.976214, 43.402926 ], [ -83.979578, 43.405106 ], [ -83.976419, 43.407801 ], [ -83.982747, 43.407847 ], [ -83.982745, 43.411436 ] ] ] } },
{ "type": "Feature", "properties": { "geoid": "26145001700", "county_name": "Saginaw County", "place_name": "Grand Rapids", "state_name": "Michigan", "state_abbr": "MI", "is_rural": true, "dci_score": 96.9, "dci_quintile": 1.0, "is_cra_lmi": true, "income_level": "M", "is_persistent_poverty": false, "is_tribal_overlap": false, "tribal_area_name": null, "aian_pct": 0.0, "has_nmtc": false, "nmtc_projects": 0, "nmtc_total_usd": 0.0 }, "geometry": { "type": "Polygon", "coordinates": [ [ [ -83.972743, 43.418328 ], [ -83.967955, 43.422018 ], [ -83.963155, 43.425179 ], [ -83.960096, 43.427187 ], [ -83.954341, 43.422656 ], [ -83.951693, 43.421395 ], [ -83.961702, 43.415634 ], [ -83.964674, 43.412963 ], [ -83.965376, 43.413555 ], [ -83.967624, 43.414949 ], [ -83.968516, 43.415541 ], [ -83.972743, 43.418328 ] ] ] } },
{ "type": "Feature", "properties": { "geoid": "26099262100", "county_name": "Macomb County", "place_name": null, "state_name": "Michigan", "state_abbr": "MI", "is_rural": false, "dci_score": 51.4, "dci_quintile": 5.0, "is_cra_lmi": true, "income_level": "M", "is_persistent_poverty": false, "is_tribal_overlap": false, "tribal_area_name": null, "aian_pct": 0.0, "has_nmtc": false, "nmtc_projects": 0, "nmtc_total_usd": 0.0 }, "geometry": { "type": "Polygon", "coordinates": [ [ [ -83.046345, 42.506142 ], [ -83.039533, 42.506036 ], [ -83.037436, 42.506152 ], [ -83.028326, 42.506565 ], [ -83.028056, 42.499129 ], [ -83.028035, 42.498682 ], [ -83.027791, 42.491776 ], [ -83.037592, 42.49146 ], [ -83.038399, 42.491354 ], [ -83.045512, 42.491198 ], [ -83.045532, 42.491582 ], [ -83.04609, 42.498735 ], [ -83.046345, 42.506142 ] ] ] } },
{ "type": "Feature", "properties": { "geoid": "26099268100", "county_name": "Macomb County", "place_name": null, "state_name": "Michigan", "state_abbr": "MI", "is_rural": false, "dci_score": 60.0, "dci_quintile": 4.0, "is_cra_lmi": true, "income_level": "M", "is_persistent_poverty": false, "is_tribal_overlap": false, "tribal_area_name": null, "aian_pct": 0.0, "has_nmtc": false, "nmtc_projects": 0, "nmtc_total_usd": 0.0 }, "geometry": { "type": "Polygon", "coordinates": [ [ [ -83.038954, 42.473932 ], [ -83.038131, 42.480267 ], [ -83.038061, 42.480794 ], [ -83.038399, 42.491354 ], [ -83.037592, 42.49146 ], [ -83.027791, 42.491776 ], [ -83.027585, 42.486704 ], [ -83.02739, 42.481584 ], [ -83.027246, 42.477454 ], [ -83.027137, 42.474547 ], [ -83.026988, 42.470172 ], [ -83.02694, 42.468993 ], [ -83.031413, 42.468919 ], [ -83.038071, 42.468808 ], [ -83.038893, 42.468804 ], [ -83.038954, 42.473932 ] ] ] } },
{ "type": "Feature", "properties": { "geoid": "26099240000", "county_name": "Macomb County", "place_name": null, "state_name": "Michigan", "state_abbr": "MI", "is_rural": false, "dci_score": 60.8, "dci_quintile": 4.0, "is_cra_lmi": true, "income_level": "L", "is_persistent_poverty": false, "is_tribal_overlap": false, "tribal_area_name": null, "aian_pct": 0.0, "has_nmtc": true, "nmtc_projects": 3, "nmtc_total_usd": 23040000.0 }, "geometry": { "type": "Polygon", "coordinates": [ [ [ -82.888456, 42.624777 ], [ -82.88685, 42.62917 ], [ -82.876111, 42.630163 ], [ -82.862393, 42.630507 ], [ -82.860642, 42.630434 ], [ -82.856131, 42.630234 ], [ -82.856017, 42.621465 ], [ -82.860431, 42.621281 ], [ -82.860582, 42.619625 ], [ -82.860828, 42.61668 ], [ -82.861294, 42.609875 ], [ -82.861633, 42.604422 ], [ -82.862825, 42.604523 ], [ -82.863036, 42.601883 ], [ -82.866313, 42.60195 ], [ -82.86693, 42.603612 ], [ -82.871594, 42.607964 ], [ -82.87208, 42.608279 ], [ -82.87109, 42.610186 ], [ -82.869822, 42.612495 ], [ -82.879728, 42.612887 ], [ -82.882128, 42.612926 ], [ -82.882405, 42.61251 ], [ -82.884087, 42.613783 ], [ -82.886663, 42.615723 ], [ -82.887301, 42.616185 ], [ -82.887776, 42.617894 ], [ -82.888342, 42.623429 ], [ -82.888456, 42.624777 ] ] ] } },
{ "type": "Feature", "properties": { "geoid": "26099245000", "county_name": "Macomb County", "place_name": null, "state_name": "Michigan", "state_abbr": "MI", "is_rural": false, "dci_score": 77.9, "dci_quintile": 3.0, "is_cra_lmi": true, "income_level": "M", "is_persistent_poverty": false, "is_tribal_overlap": false, "tribal_area_name": null, "aian_pct": 0.0, "has_nmtc": false, "nmtc_projects": 0, "nmtc_total_usd": 0.0 }, "geometry": { "type": "Polygon", "coordinates": [ [ [ -82.877557, 42.597719 ], [ -82.874386, 42.603785 ], [ -82.872647, 42.607181 ], [ -82.87208, 42.608279 ], [ -82.871594, 42.607964 ], [ -82.86693, 42.603612 ], [ -82.866313, 42.60195 ], [ -82.863036, 42.601883 ], [ -82.862825, 42.604523 ], [ -82.861633, 42.604422 ], [ -82.861294, 42.609875 ], [ -82.856909, 42.609721 ], [ -82.856568, 42.608549 ], [ -82.857502, 42.595254 ], [ -82.858392, 42.592686 ], [ -82.858935, 42.592454 ], [ -82.860116, 42.592933 ], [ -82.859453, 42.59154 ], [ -82.859062, 42.591163 ], [ -82.859823, 42.591186 ], [ -82.859899, 42.590688 ], [ -82.862274, 42.591727 ], [ -82.863953, 42.592386 ], [ -82.864349, 42.592624 ], [ -82.866079, 42.592279 ], [ -82.866464, 42.586349 ], [ -82.87288, 42.592709 ], [ -82.876142, 42.595894 ], [ -82.876785, 42.596265 ], [ -82.877492, 42.596644 ], [ -82.8783, 42.596773 ], [ -82.877557, 42.597719 ] ] ] } },
{ "type": "Feature", "properties": { "geoid": "26163570500", "county_name": "Wayne County", "place_name": null, "state_name": "Michigan", "state_abbr": "MI", "is_rural": false, "dci_score": 98.9, "dci_quintile": 1.0, "is_cra_lmi": true, "income_level": "M", "is_persistent_poverty": false, "is_tribal_overlap": false, "tribal_area_name": null, "aian_pct": 0.0, "has_nmtc": false, "nmtc_projects": 0, "nmtc_total_usd": 0.0 }, "geometry": { "type": "Polygon", "coordinates": [ [ [ -83.339928, 42.310986 ], [ -83.330535, 42.31124 ], [ -83.330131, 42.304025 ], [ -83.329828, 42.299194 ], [ -83.329432, 42.291082 ], [ -83.32928, 42.287687 ], [ -83.338986, 42.286 ], [ -83.339684, 42.303822 ], [ -83.339928, 42.310986 ] ] ] } },
{ "type": "Feature", "properties": { "geoid": "26021020700", "county_name": "Berrien County", "place_name": null, "state_name": "Michigan", "state_abbr": "MI", "is_rural": false, "dci_score": 45.8, "dci_quintile": 5.0, "is_cra_lmi": true, "income_level": "M", "is_persistent_poverty": false, "is_tribal_overlap": false, "tribal_area_name": null, "aian_pct": 0.0, "has_nmtc": false, "nmtc_projects": 0, "nmtc_total_usd": 0.0 }, "geometry": { "type": "Polygon", "coordinates": [ [ [ -86.263723, 41.815048 ], [ -86.259894, 41.816808 ], [ -86.257243, 41.819553 ], [ -86.257109, 41.820658 ], [ -86.256634, 41.821379 ], [ -86.258133, 41.827608 ], [ -86.257507, 41.827816 ], [ -86.249132, 41.827955 ], [ -86.247978, 41.827947 ], [ -86.245671, 41.826903 ], [ -86.244365, 41.826863 ], [ -86.23759, 41.826783 ], [ -86.234662, 41.826729 ], [ -86.234808, 41.820042 ], [ -86.234795, 41.819506 ], [ -86.239662, 41.819543 ], [ -86.239781, 41.812325 ], [ -86.248105, 41.812381 ], [ -86.260724, 41.812533 ], [ -86.265549, 41.812665 ], [ -86.263723, 41.815048 ] ] ] } },
{ "type": "Feature", "properties": { "geoid": "26023950800", "county_name": "Branch County", "place_name": null, "state_name": "Michigan", "state_abbr": "MI", "is_rural": true, "dci_score": 68.6, "dci_quintile": 4.0, "is_cra_lmi": false, "income_level": "U", "is_persistent_poverty": false, "is_tribal_overlap": false, "tribal_area_name": null, "aian_pct": 0.0, "has_nmtc": false, "nmtc_projects": 0, "nmtc_total_usd": 0.0 }, "geometry": { "type": "Polygon", "coordinates": [ [ [ -84.932383908809996, 41.759691278943301 ], [ -84.932205, 41.789118 ], [ -84.932171, 41.790745 ], [ -84.932156, 41.792755 ], [ -84.93212, 41.810993 ], [ -84.932151, 41.825635 ], [ -84.932083, 41.840183 ], [ -84.93194, 41.859314 ], [ -84.931851, 41.865921 ], [ -84.931809, 41.869255 ], [ -84.926979, 41.86924 ], [ -84.922501, 41.869218 ], [ -84.883483, 41.86932 ], [ -84.883341, 41.897862 ], [ -84.883758, 41.912487 ], [ -84.883903, 41.922536 ], [ -84.883905, 41.935227 ], [ -84.883911, 41.937846 ], [ -84.883987, 41.944215 ], [ -84.884035, 41.945576 ], [ -84.894928, 41.943079 ], [ -84.898604, 41.942066 ], [ -84.915038, 41.937466 ], [ -84.91863, 41.936901 ], [ -84.931871, 41.935623 ], [ -84.932193, 41.985576 ], [ -84.923863, 41.985606 ], [ -84.874955, 41.985647 ], [ -84.82609, 41.985672 ], [ -84.825584, 41.948625 ], [ -84.825216, 41.912378 ], [ -84.825069, 41.897911 ], [ -84.825135, 41.883408 ], [ -84.825104, 41.876711 ], [ -84.825256, 41.832795 ], [ -84.825337, 41.810954 ], [ -84.825217, 41.781274 ], [ -84.825192, 41.777946 ], [ -84.825129909657406, 41.759990721213597 ], [ -84.825196, 41.75999 ], [ -84.860134526572594, 41.759892630122202 ], [ -84.917722796020797, 41.759732137871801 ], [ -84.932373015924995, 41.759691309300599 ], [ -84.932383908809996, 41.759691278943301 ] ] ] } },
{ "type": "Feature", "properties": { "geoid": "26023951200", "county_name": "Branch County", "place_name": null, "state_name": "Michigan", "state_abbr": "MI", "is_rural": true, "dci_score": 62.4, "dci_quintile": 4.0, "is_cra_lmi": false, "income_level": "U", "is_persistent_poverty": false, "is_tribal_overlap": false, "tribal_area_name": null, "aian_pct": 0.0, "has_nmtc": false, "nmtc_projects": 0, "nmtc_total_usd": 0.0 }, "geometry": { "type": "Polygon", "coordinates": [ [ [ -85.292177881350597, 41.759962830860097 ], [ -85.292069, 41.81081 ], [ -85.292122, 41.818147 ], [ -85.292126, 41.82723 ], [ -85.283293, 41.829413 ], [ -85.281888, 41.82991 ], [ -85.275208, 41.833277 ], [ -85.268259, 41.838081 ], [ -85.233498, 41.860279 ], [ -85.228903, 41.863055 ], [ -85.225165, 41.864803 ], [ -85.218651, 41.867057 ], [ -85.207822, 41.870135 ], [ -85.20512, 41.870665 ], [ -85.204218, 41.870822 ], [ -85.204297, 41.875988 ], [ -85.194703, 41.878032 ], [ -85.18774, 41.880285 ], [ -85.185277, 41.881159 ], [ -85.175642, 41.884723 ], [ -85.139707, 41.897773 ], [ -85.13156, 41.900739 ], [ -85.120965, 41.904565 ], [ -85.116935, 41.900793 ], [ -85.118203, 41.900048 ], [ -85.117145, 41.897792 ], [ -85.117143, 41.891114 ], [ -85.11709, 41.885201 ], [ -85.11743, 41.884571 ], [ -85.120744, 41.883666 ], [ -85.121864, 41.882361 ], [ -85.121688, 41.843613 ], [ -85.125076, 41.840714 ], [ -85.126211, 41.839134 ], [ -85.126244, 41.836847 ], [ -85.127798, 41.835129 ], [ -85.128877, 41.832985 ], [ -85.135049, 41.832973 ], [ -85.13581, 41.832373 ], [ -85.135767, 41.825672 ], [ -85.135732, 41.811018 ], [ -85.175045, 41.810897 ], [ -85.174892278521597, 41.759630762182397 ], [ -85.196637, 41.759735 ], [ -85.196773737420401, 41.759735392858502 ], [ -85.232835, 41.759839 ], [ -85.272216, 41.759999 ], [ -85.272951, 41.759911 ], [ -85.273713, 41.75977 ], [ -85.292099, 41.759962 ], [ -85.292177881350597, 41.759962830860097 ] ] ] } },
{ "type": "Feature", "properties": { "geoid": "26061000600", "county_name": "Houghton County", "place_name": null, "state_name": "Michigan", "state_abbr": "MI", "is_rural": true, "dci_score": 52.5, "dci_quintile": 5.0, "is_cra_lmi": false, "income_level": "U", "is_persistent_poverty": false, "is_tribal_overlap": false, "tribal_area_name": null, "aian_pct": 0.0, "has_nmtc": false, "nmtc_projects": 0, "nmtc_total_usd": 0.0 }, "geometry": { "type": "Polygon", "coordinates": [ [ [ -88.624718, 47.137585 ], [ -88.622558, 47.138246 ], [ -88.62133, 47.138478 ], [ -88.620392, 47.136497 ], [ -88.616864, 47.133371 ], [ -88.615297, 47.130303 ], [ -88.609666, 47.130278 ], [ -88.609367, 47.133549 ], [ -88.602791, 47.133901 ], [ -88.602689, 47.134905 ], [ -88.596786, 47.134898 ], [ -88.59435, 47.133867 ], [ -88.594213, 47.130643 ], [ -88.591201, 47.130632 ], [ -88.588586, 47.13055 ], [ -88.588056, 47.129757 ], [ -88.584512, 47.129781 ], [ -88.582322, 47.129 ], [ -88.577517, 47.129297 ], [ -88.577415, 47.128583 ], [ -88.572959, 47.128481 ], [ -88.57288, 47.127031 ], [ -88.575774, 47.126486 ], [ -88.575742, 47.125909 ], [ -88.57447, 47.125611 ], [ -88.574129, 47.124372 ], [ -88.573852, 47.123112 ], [ -88.584081, 47.122516 ], [ -88.584065, 47.122351 ], [ -88.593398, 47.121882 ], [ -88.598186, 47.122325 ], [ -88.599177, 47.122417 ], [ -88.60609, 47.124472 ], [ -88.613255, 47.1252 ], [ -88.615697, 47.127046 ], [ -88.622093, 47.130405 ], [ -88.623368, 47.1321 ], [ -88.623597, 47.133664 ], [ -88.624718, 47.137585 ] ] ] } },
{ "type": "Feature", "properties": { "geoid": "26065003103", "county_name": "Ingham County", "place_name": null, "state_name": "Michigan", "state_abbr": "MI", "is_rural": false, "dci_score": 80.1, "dci_quintile": 3.0, "is_cra_lmi": false, "income_level": "U", "is_persistent_poverty": false, "is_tribal_overlap": false, "tribal_area_name": null, "aian_pct": 0.0, "has_nmtc": false, "nmtc_projects": 0, "nmtc_total_usd": 0.0 }, "geometry": { "type": "Polygon", "coordinates": [ [ [ -84.533754, 42.7585 ], [ -84.532314, 42.759366 ], [ -84.530505, 42.76054 ], [ -84.528427, 42.765018 ], [ -84.528817, 42.765838 ], [ -84.519484, 42.769696 ], [ -84.51307, 42.769666 ], [ -84.509599, 42.760743 ], [ -84.508222, 42.760739 ], [ -84.508201, 42.759161 ], [ -84.508994, 42.75917 ], [ -84.508293, 42.75717 ], [ -84.508203, 42.756566 ], [ -84.508115, 42.756162 ], [ -84.507987, 42.754849 ], [ -84.507938, 42.747911 ], [ -84.508363, 42.746583 ], [ -84.508352, 42.745648 ], [ -84.509823, 42.742425 ], [ -84.510955, 42.740884 ], [ -84.513229, 42.740882 ], [ -84.521146, 42.740926 ], [ -84.522441, 42.740939 ], [ -84.525999, 42.740858 ], [ -84.533474, 42.740907 ], [ -84.533529, 42.747034 ], [ -84.531575, 42.748578 ], [ -84.530388, 42.748585 ], [ -84.530349, 42.755414 ], [ -84.533346, 42.75543 ], [ -84.533754, 42.7585 ] ] ] } },
{ "type": "Feature", "properties": { "geoid": "26065001200", "county_name": "Ingham County", "place_name": null, "state_name": "Michigan", "state_abbr": "MI", "is_rural": false, "dci_score": 81.8, "dci_quintile": 2.0, "is_cra_lmi": true, "income_level": "L", "is_persistent_poverty": false, "is_tribal_overlap": false, "tribal_area_name": null, "aian_pct": 0.0, "has_nmtc": false, "nmtc_projects": 0, "nmtc_total_usd": 0.0 }, "geometry": { "type": "Polygon", "coordinates": [ [ [ -84.541126, 42.729925 ], [ -84.537945, 42.729897 ], [ -84.532992, 42.729909 ], [ -84.531027, 42.729892 ], [ -84.530085, 42.729933 ], [ -84.527288, 42.730013 ], [ -84.526079, 42.729991 ], [ -84.522515, 42.729978 ], [ -84.520048, 42.729981 ], [ -84.515165, 42.729977 ], [ -84.510633, 42.729969 ], [ -84.510535, 42.727069 ], [ -84.510248, 42.726334 ], [ -84.51528, 42.724042 ], [ -84.519552, 42.724079 ], [ -84.522473, 42.724565 ], [ -84.530735, 42.726384 ], [ -84.533049, 42.726563 ], [ -84.533616, 42.726535 ], [ -84.538737, 42.725601 ], [ -84.541169, 42.725533 ], [ -84.541126, 42.729925 ] ] ] } },
{ "type": "Feature", "properties": { "geoid": "26065003601", "county_name": "Ingham County", "place_name": null, "state_name": "Michigan", "state_abbr": "MI", "is_rural": false, "dci_score": 78.3, "dci_quintile": 3.0, "is_cra_lmi": true, "income_level": "M", "is_persistent_poverty": false, "is_tribal_overlap": false, "tribal_area_name": null, "aian_pct": 0.0, "has_nmtc": false, "nmtc_projects": 0, "nmtc_total_usd": 0.0 }, "geometry": { "type": "Polygon", "coordinates": [ [ [ -84.603137, 42.694073 ], [ -84.603094, 42.697572 ], [ -84.603094, 42.697659 ], [ -84.591918, 42.697586 ], [ -84.59044, 42.697583 ], [ -84.58997, 42.696194 ], [ -84.591546, 42.695853 ], [ -84.591616, 42.693216 ], [ -84.591654, 42.690736 ], [ -84.590922, 42.690736 ], [ -84.590931, 42.689588 ], [ -84.591044, 42.683088 ], [ -84.603124, 42.683151 ], [ -84.603085, 42.685427 ], [ -84.603107, 42.689249 ], [ -84.603092, 42.692534 ], [ -84.603117, 42.693662 ], [ -84.603137, 42.694073 ] ] ] } },
{ "type": "Feature", "properties": { "geoid": "26065003902", "county_name": "Ingham County", "place_name": null, "state_name": "Michigan", "state_abbr": "MI", "is_rural": false, "dci_score": 44.6, "dci_quintile": 5.0, "is_cra_lmi": false, "income_level": "U", "is_persistent_poverty": false, "is_tribal_overlap": false, "tribal_area_name": null, "aian_pct": 0.0, "has_nmtc": false, "nmtc_projects": 0, "nmtc_total_usd": 0.0 }, "geometry": { "type": "Polygon", "coordinates": [ [ [ -84.483742, 42.742513 ], [ -84.483681, 42.746847 ], [ -84.471957, 42.746883 ], [ -84.462299, 42.746919 ], [ -84.462296, 42.747638 ], [ -84.450981, 42.750556 ], [ -84.447525, 42.751559 ], [ -84.447487, 42.749329 ], [ -84.447489, 42.747728 ], [ -84.447493, 42.746959 ], [ -84.447429, 42.740766 ], [ -84.452476, 42.740743 ], [ -84.457149, 42.740768 ], [ -84.46222, 42.74068 ], [ -84.469556, 42.74067 ], [ -84.46959, 42.736665 ], [ -84.471073, 42.735429 ], [ -84.476354, 42.735391 ], [ -84.476353, 42.737006 ], [ -84.479295, 42.737022 ], [ -84.479283, 42.740689 ], [ -84.482037, 42.740687 ], [ -84.483726, 42.740706 ], [ -84.483742, 42.742513 ] ] ] } },
{ "type": "Feature", "properties": { "geoid": "26065004301", "county_name": "Ingham County", "place_name": null, "state_name": "Michigan", "state_abbr": "MI", "is_rural": false, "dci_score": 44.6, "dci_quintile": 5.0, "is_cra_lmi": false, "income_level": "U", "is_persistent_poverty": false, "is_tribal_overlap": false, "tribal_area_name": null, "aian_pct": 0.0, "has_nmtc": false, "nmtc_projects": 0, "nmtc_total_usd": 0.0 }, "geometry": { "type": "Polygon", "coordinates": [ [ [ -84.471073, 42.735429 ], [ -84.46959, 42.736665 ], [ -84.469556, 42.74067 ], [ -84.46222, 42.74068 ], [ -84.457149, 42.740768 ], [ -84.452476, 42.740743 ], [ -84.447429, 42.740766 ], [ -84.44742, 42.740139 ], [ -84.447407, 42.734499 ], [ -84.447373, 42.727679 ], [ -84.447357, 42.725353 ], [ -84.448568, 42.725587 ], [ -84.457556, 42.728157 ], [ -84.462115, 42.729389 ], [ -84.471053, 42.73178 ], [ -84.471064, 42.734327 ], [ -84.471073, 42.735429 ] ] ] } },
{ "type": "Feature", "properties": { "geoid": "26149040400", "county_name": "St. Joseph County", "place_name": null, "state_name": "Michigan", "state_abbr": "MI", "is_rural": true, "dci_score": 52.8, "dci_quintile": 5.0, "is_cra_lmi": true, "income_level": "M", "is_persistent_poverty": false, "is_tribal_overlap": false, "tribal_area_name": null, "aian_pct": 0.0, "has_nmtc": false, "nmtc_projects": 0, "nmtc_total_usd": 0.0 }, "geometry": { "type": "Polygon", "coordinates": [ [ [ -85.631676, 41.944956 ], [ -85.629579, 41.945464 ], [ -85.625994, 41.949002 ], [ -85.624295, 41.954702 ], [ -85.622779, 41.955906 ], [ -85.622468, 41.960053 ], [ -85.620174, 41.961858 ], [ -85.618153, 41.960975 ], [ -85.616631, 41.963491 ], [ -85.618071, 41.965759 ], [ -85.617715, 41.966489 ], [ -85.614431, 41.967522 ], [ -85.613726, 41.969461 ], [ -85.614525, 41.971113 ], [ -85.613201, 41.971312 ], [ -85.612722, 41.970163 ], [ -85.611433, 41.969926 ], [ -85.609635, 41.970875 ], [ -85.610424, 41.972337 ], [ -85.607417, 41.972132 ], [ -85.605216, 41.972649 ], [ -85.605581, 41.975055 ], [ -85.603327, 41.975083 ], [ -85.602704, 41.976437 ], [ -85.601001, 41.976701 ], [ -85.596127, 41.976726 ], [ -85.566984, 41.976789 ], [ -85.56698, 41.968585 ], [ -85.568178, 41.966847 ], [ -85.569409, 41.965241 ], [ -85.571812, 41.964479 ], [ -85.57195, 41.962664 ], [ -85.571534, 41.962302 ], [ -85.571347, 41.961894 ], [ -85.571261, 41.960546 ], [ -85.571286, 41.959771 ], [ -85.571449, 41.959362 ], [ -85.57195, 41.95914 ], [ -85.572753, 41.95912 ], [ -85.573134, 41.959235 ], [ -85.573462, 41.958954 ], [ -85.573146, 41.957763 ], [ -85.578406, 41.951725 ], [ -85.582856, 41.94922 ], [ -85.589539, 41.946381 ], [ -85.592532, 41.943484 ], [ -85.595641, 41.941207 ], [ -85.59813, 41.940409 ], [ -85.60285, 41.940232 ], [ -85.60536, 41.940941 ], [ -85.610269, 41.942298 ], [ -85.611739, 41.942033 ], [ -85.61603, 41.942175 ], [ -85.622229, 41.941955 ], [ -85.624948, 41.940508 ], [ -85.627126, 41.940417 ], [ -85.629171, 41.941113 ], [ -85.631214, 41.943745 ], [ -85.631676, 41.944956 ] ] ] } },
{ "type": "Feature", "properties": { "geoid": "26075000600", "county_name": "Jackson County", "place_name": null, "state_name": "Michigan", "state_abbr": "MI", "is_rural": true, "dci_score": 60.7, "dci_quintile": 4.0, "is_cra_lmi": false, "income_level": "NA", "is_persistent_poverty": false, "is_tribal_overlap": false, "tribal_area_name": null, "aian_pct": 0.0, "has_nmtc": false, "nmtc_projects": 0, "nmtc_total_usd": 0.0 }, "geometry": { "type": "Polygon", "coordinates": [ [ [ -84.417715, 42.24742 ], [ -84.416287, 42.248204 ], [ -84.416252, 42.250156 ], [ -84.408817, 42.250278 ], [ -84.405877, 42.249482 ], [ -84.401631, 42.250892 ], [ -84.400601, 42.247976 ], [ -84.400521, 42.24371 ], [ -84.401006, 42.243823 ], [ -84.405779, 42.24381 ], [ -84.414765, 42.243774 ], [ -84.41604, 42.243763 ], [ -84.414809, 42.246003 ], [ -84.417115, 42.247424 ], [ -84.417715, 42.24742 ] ] ] } },
{ "type": "Feature", "properties": { "geoid": "26075005000", "county_name": "Jackson County", "place_name": null, "state_name": "Michigan", "state_abbr": "MI", "is_rural": true, "dci_score": 75.3, "dci_quintile": 3.0, "is_cra_lmi": true, "income_level": "M", "is_persistent_poverty": false, "is_tribal_overlap": false, "tribal_area_name": null, "aian_pct": 0.0, "has_nmtc": false, "nmtc_projects": 0, "nmtc_total_usd": 0.0 }, "geometry": { "type": "Polygon", "coordinates": [ [ [ -84.408575, 42.222136 ], [ -84.408525, 42.225514 ], [ -84.400152, 42.225572 ], [ -84.389114, 42.22578 ], [ -84.37465, 42.225966 ], [ -84.374301, 42.229366 ], [ -84.372545, 42.228455 ], [ -84.371277, 42.226533 ], [ -84.367856, 42.227221 ], [ -84.366341, 42.228307 ], [ -84.364813, 42.22736 ], [ -84.364861, 42.225793 ], [ -84.364843, 42.224213 ], [ -84.364723, 42.222358 ], [ -84.364324, 42.222372 ], [ -84.362623, 42.222233 ], [ -84.362558, 42.216168 ], [ -84.363692, 42.216014 ], [ -84.364761, 42.216769 ], [ -84.367805, 42.215862 ], [ -84.37102, 42.216344 ], [ -84.374448, 42.213792 ], [ -84.379295, 42.211577 ], [ -84.389119, 42.211393 ], [ -84.391985, 42.210974 ], [ -84.394367, 42.20919 ], [ -84.396685, 42.208297 ], [ -84.398437, 42.209032 ], [ -84.398683, 42.209332 ], [ -84.399591, 42.209652 ], [ -84.400179, 42.210248 ], [ -84.400872, 42.210431 ], [ -84.400674, 42.210138 ], [ -84.401065, 42.210134 ], [ -84.401089, 42.209567 ], [ -84.403595, 42.209392 ], [ -84.403557, 42.209346 ], [ -84.403934, 42.209524 ], [ -84.403833, 42.210035 ], [ -84.403684, 42.214831 ], [ -84.408686, 42.214912 ], [ -84.408575, 42.222136 ] ] ] } },
{ "type": "Feature", "properties": { "geoid": "26077000900", "county_name": "Kalamazoo County", "place_name": "Dearborn", "state_name": "Michigan", "state_abbr": "MI", "is_rural": false, "dci_score": 76.5, "dci_quintile": 3.0, "is_cra_lmi": true, "income_level": "L", "is_persistent_poverty": false, "is_tribal_overlap": false, "tribal_area_name": null, "aian_pct": 0.0, "has_nmtc": true, "nmtc_projects": 1, "nmtc_total_usd": 1565000.0 }, "geometry": { "type": "Polygon", "coordinates": [ [ [ -85.582985, 42.286185 ], [ -85.575878, 42.286566 ], [ -85.574516, 42.288551 ], [ -85.57627, 42.28969 ], [ -85.578998, 42.293039 ], [ -85.575778, 42.294478 ], [ -85.571924, 42.294786 ], [ -85.568773, 42.293464 ], [ -85.56647, 42.293223 ], [ -85.558628, 42.290844 ], [ -85.559175, 42.288441 ], [ -85.555679, 42.287231 ], [ -85.555846, 42.285093 ], [ -85.553643, 42.284993 ], [ -85.553446, 42.28382 ], [ -85.550507, 42.282569 ], [ -85.550509, 42.281459 ], [ -85.552724, 42.281438 ], [ -85.552633, 42.280173 ], [ -85.554719, 42.280391 ], [ -85.555702, 42.281443 ], [ -85.555715, 42.276071 ], [ -85.55412, 42.274384 ], [ -85.551507, 42.272285 ], [ -85.555615, 42.27229 ], [ -85.558031, 42.272306 ], [ -85.558024, 42.27412 ], [ -85.558049, 42.275418 ], [ -85.558217, 42.277377 ], [ -85.562249, 42.280977 ], [ -85.567836, 42.280982 ], [ -85.575394, 42.280989 ], [ -85.578509, 42.279529 ], [ -85.582957, 42.279358 ], [ -85.582949, 42.281912 ], [ -85.58295, 42.285088 ], [ -85.582985, 42.286185 ] ] ] } },
{ "type": "Feature", "properties": { "geoid": "26077005501", "county_name": "Kalamazoo County", "place_name": "Detroit", "state_name": "Michigan", "state_abbr": "MI", "is_rural": false, "dci_score": 37.2, "dci_quintile": 5.0, "is_cra_lmi": true, "income_level": "M", "is_persistent_poverty": false, "is_tribal_overlap": false, "tribal_area_name": null, "aian_pct": 0.0, "has_nmtc": false, "nmtc_projects": 0, "nmtc_total_usd": 0.0 }, "geometry": { "type": "Polygon", "coordinates": [ [ [ -85.57307, 42.317818 ], [ -85.570654, 42.317791 ], [ -85.570362, 42.320191 ], [ -85.57143, 42.321614 ], [ -85.565563, 42.321468 ], [ -85.560563, 42.321453 ], [ -85.560562, 42.32262 ], [ -85.560692, 42.323719 ], [ -85.560591, 42.327068 ], [ -85.550629, 42.327057 ], [ -85.550682, 42.332731 ], [ -85.545806, 42.332738 ], [ -85.541593, 42.332752 ], [ -85.54078, 42.33168 ], [ -85.540902, 42.324963 ], [ -85.536102, 42.324929 ], [ -85.536062, 42.313211 ], [ -85.540668, 42.31314 ], [ -85.541359, 42.314183 ], [ -85.543308, 42.313268 ], [ -85.543526, 42.321191 ], [ -85.544718, 42.3216 ], [ -85.544702, 42.320698 ], [ -85.547711, 42.319186 ], [ -85.547125, 42.318792 ], [ -85.548252, 42.315679 ], [ -85.547823, 42.31229 ], [ -85.548716, 42.310733 ], [ -85.550641, 42.310715 ], [ -85.553078, 42.30866 ], [ -85.55325, 42.309059 ], [ -85.553208, 42.311476 ], [ -85.555712, 42.31146 ], [ -85.563167, 42.309162 ], [ -85.562508, 42.306766 ], [ -85.560564, 42.306737 ], [ -85.560547, 42.305191 ], [ -85.564411, 42.303378 ], [ -85.569362, 42.300979 ], [ -85.569791, 42.30324 ], [ -85.571121, 42.303249 ], [ -85.572305, 42.306987 ], [ -85.572788, 42.309999 ], [ -85.571937, 42.313529 ], [ -85.573321, 42.317821 ], [ -85.57307, 42.317818 ] ] ] } },
{ "type": "Feature", "properties": { "geoid": "26077001801", "county_name": "Kalamazoo County", "place_name": "Wayne", "state_name": "Michigan", "state_abbr": "MI", "is_rural": false, "dci_score": 75.4, "dci_quintile": 3.0, "is_cra_lmi": true, "income_level": "M", "is_persistent_poverty": false, "is_tribal_overlap": false, "tribal_area_name": null, "aian_pct": 0.0, "has_nmtc": true, "nmtc_projects": 1, "nmtc_total_usd": 22710000.0 }, "geometry": { "type": "Polygon", "coordinates": [ [ [ -85.579848, 42.265924 ], [ -85.579689, 42.266451 ], [ -85.579424, 42.2703 ], [ -85.572924, 42.270584 ], [ -85.572617, 42.270629 ], [ -85.570667, 42.268397 ], [ -85.570086, 42.266832 ], [ -85.55805, 42.266844 ], [ -85.555581, 42.266844 ], [ -85.555615, 42.27229 ], [ -85.551507, 42.272285 ], [ -85.55412, 42.274384 ], [ -85.550586, 42.27466 ], [ -85.550562, 42.277818 ], [ -85.54822, 42.27782 ], [ -85.548231, 42.274373 ], [ -85.538165, 42.274325 ], [ -85.535937, 42.271971 ], [ -85.535774, 42.268659 ], [ -85.536848, 42.267772 ], [ -85.539635, 42.267792 ], [ -85.53964, 42.266819 ], [ -85.53081, 42.266706 ], [ -85.530835, 42.262541 ], [ -85.532598, 42.262401 ], [ -85.53465, 42.260088 ], [ -85.535395, 42.259602 ], [ -85.535819, 42.259536 ], [ -85.544825, 42.259553 ], [ -85.54653, 42.259566 ], [ -85.553606, 42.259552 ], [ -85.558085, 42.259559 ], [ -85.566151, 42.259556 ], [ -85.577712, 42.259633 ], [ -85.579854, 42.265058 ], [ -85.579848, 42.265924 ] ] ] } },
{ "type": "Feature", "properties": { "geoid": "26059050800", "county_name": "Hillsdale County", "place_name": null, "state_name": "Michigan", "state_abbr": "MI", "is_rural": true, "dci_score": 70.1, "dci_quintile": 3.0, "is_cra_lmi": false, "income_level": "U", "is_persistent_poverty": false, "is_tribal_overlap": false, "tribal_area_name": null, "aian_pct": 0.0, "has_nmtc": false, "nmtc_projects": 0, "nmtc_total_usd": 0.0 }, "geometry": { "type": "Polygon", "coordinates": [ [ [ -84.642432, 41.91613 ], [ -84.641735, 41.917542 ], [ -84.641745, 41.919983 ], [ -84.639089, 41.919985 ], [ -84.633654, 41.919982 ], [ -84.625461, 41.919995 ], [ -84.614714, 41.920018 ], [ -84.613509, 41.919603 ], [ -84.612428, 41.918768 ], [ -84.611341, 41.917959 ], [ -84.602693, 41.912904 ], [ -84.602962, 41.912804 ], [ -84.612469, 41.912869 ], [ -84.621434, 41.912723 ], [ -84.622214, 41.90685 ], [ -84.622937, 41.906161 ], [ -84.625278, 41.909129 ], [ -84.627324, 41.909203 ], [ -84.627463, 41.909715 ], [ -84.62787, 41.912703 ], [ -84.631704, 41.912671 ], [ -84.631699, 41.910733 ], [ -84.641558, 41.910761 ], [ -84.639474, 41.912704 ], [ -84.648734, 41.912705 ], [ -84.642432, 41.91613 ] ] ] } },
{ "type": "Feature", "properties": { "geoid": "26117970100", "county_name": "Montcalm County", "place_name": "Detroit", "state_name": "Michigan", "state_abbr": "MI", "is_rural": true, "dci_score": 59.1, "dci_quintile": 4.0, "is_cra_lmi": true, "income_level": "M", "is_persistent_poverty": false, "is_tribal_overlap": false, "tribal_area_name": null, "aian_pct": 0.0, "has_nmtc": false, "nmtc_projects": 0, "nmtc_total_usd": 0.0 }, "geometry": { "type": "Polygon", "coordinates": [ [ [ -84.984998, 43.350351 ], [ -84.9851, 43.361339 ], [ -84.985059, 43.362803 ], [ -84.985096, 43.364819 ], [ -84.985124, 43.374954 ], [ -84.985084, 43.377107 ], [ -84.985055, 43.3792 ], [ -84.969746, 43.379194 ], [ -84.964823, 43.379205 ], [ -84.964968, 43.393709 ], [ -84.97494, 43.39367 ], [ -84.975157, 43.403882 ], [ -84.965653, 43.403914 ], [ -84.965053, 43.404299 ], [ -84.965048, 43.406176 ], [ -84.965075, 43.407849 ], [ -84.965048, 43.40821 ], [ -84.965091, 43.414376 ], [ -84.963445, 43.415911 ], [ -84.963222, 43.418973 ], [ -84.963277, 43.419238 ], [ -84.965101, 43.421513 ], [ -84.965228, 43.422621 ], [ -84.965497, 43.466135 ], [ -84.944773, 43.466242 ], [ -84.905771, 43.466184 ], [ -84.845962, 43.466158 ], [ -84.845625, 43.440074 ], [ -84.845721, 43.437304 ], [ -84.845407, 43.415498 ], [ -84.845368, 43.411993 ], [ -84.84515, 43.3971 ], [ -84.845117, 43.393018 ], [ -84.845005, 43.379177 ], [ -84.84502, 43.374686 ], [ -84.845174, 43.357855 ], [ -84.845176, 43.357451 ], [ -84.845137, 43.350239 ], [ -84.845204, 43.33383 ], [ -84.845234, 43.328402 ], [ -84.845573, 43.292231 ], [ -84.855097, 43.292248 ], [ -84.874692, 43.292336 ], [ -84.924932, 43.292466 ], [ -84.954612, 43.292575 ], [ -84.965042, 43.292575 ], [ -84.984993, 43.292564 ], [ -84.985198, 43.33217 ], [ -84.984998, 43.350351 ] ] ] } },
{ "type": "Feature", "properties": { "geoid": "26117970800", "county_name": "Montcalm County", "place_name": null, "state_name": "Michigan", "state_abbr": "MI", "is_rural": true, "dci_score": 47.4, "dci_quintile": 5.0, "is_cra_lmi": true, "income_level": "M", "is_persistent_poverty": false, "is_tribal_overlap": false, "tribal_area_name": null, "aian_pct": 0.0, "has_nmtc": false, "nmtc_projects": 0, "nmtc_total_usd": 0.0 }, "geometry": { "type": "Polygon", "coordinates": [ [ [ -85.192227, 43.264815 ], [ -85.192081, 43.272025 ], [ -85.182545, 43.271825 ], [ -85.182593, 43.293121 ], [ -85.179173, 43.293096 ], [ -85.17904, 43.300286 ], [ -85.16801, 43.300164 ], [ -85.166611, 43.299782 ], [ -85.160491, 43.296556 ], [ -85.155289, 43.292977 ], [ -85.154253, 43.292942 ], [ -85.124521, 43.292698 ], [ -85.124251, 43.307168 ], [ -85.084746, 43.30706 ], [ -85.064378, 43.307 ], [ -85.06445, 43.303384 ], [ -85.063943, 43.292539 ], [ -85.014225, 43.292472 ], [ -85.013772, 43.278624 ], [ -85.014096, 43.264043 ], [ -85.033402, 43.264082 ], [ -85.033447, 43.25686 ], [ -85.01379, 43.256846 ], [ -85.013643, 43.249665 ], [ -85.013603, 43.235172 ], [ -85.018592, 43.23516 ], [ -85.019595, 43.206252 ], [ -85.064251, 43.206239 ], [ -85.073658, 43.206277 ], [ -85.073537, 43.217252 ], [ -85.07353, 43.224398 ], [ -85.073589, 43.249055 ], [ -85.074959, 43.2491 ], [ -85.078415, 43.249808 ], [ -85.144467, 43.249882 ], [ -85.153253, 43.249546 ], [ -85.163535, 43.249653 ], [ -85.182351, 43.250298 ], [ -85.19248, 43.250238 ], [ -85.192227, 43.264815 ] ] ] } },
{ "type": "Feature", "properties": { "geoid": "26121004200", "county_name": "Muskegon County", "place_name": null, "state_name": "Michigan", "state_abbr": "MI", "is_rural": true, "dci_score": 70.9, "dci_quintile": 3.0, "is_cra_lmi": true, "income_level": "L", "is_persistent_poverty": false, "is_tribal_overlap": false, "tribal_area_name": null, "aian_pct": 0.0, "has_nmtc": false, "nmtc_projects": 0, "nmtc_total_usd": 0.0 }, "geometry": { "type": "Polygon", "coordinates": [ [ [ -86.264731, 43.241577 ], [ -86.254028, 43.249166 ], [ -86.253549, 43.249159 ], [ -86.245126, 43.249173 ], [ -86.242818, 43.250024 ], [ -86.24, 43.253161 ], [ -86.236496, 43.254266 ], [ -86.234952, 43.254309 ], [ -86.234169, 43.254293 ], [ -86.233051, 43.2554 ], [ -86.231831, 43.255189 ], [ -86.23149, 43.254464 ], [ -86.2309, 43.254392 ], [ -86.22986, 43.255347 ], [ -86.228663, 43.255602 ], [ -86.228208, 43.255801 ], [ -86.227648, 43.25569 ], [ -86.226951, 43.255192 ], [ -86.224359, 43.255187 ], [ -86.223694, 43.255045 ], [ -86.223699, 43.254501 ], [ -86.223878, 43.248842 ], [ -86.223937, 43.245095 ], [ -86.224007, 43.241468 ], [ -86.224042, 43.239589 ], [ -86.228775, 43.239715 ], [ -86.233937, 43.240817 ], [ -86.235445, 43.240966 ], [ -86.241445, 43.239742 ], [ -86.242529, 43.238713 ], [ -86.245041, 43.237391 ], [ -86.242305, 43.234276 ], [ -86.244323, 43.234238 ], [ -86.244176, 43.22931 ], [ -86.246384, 43.229376 ], [ -86.249146, 43.227638 ], [ -86.250036, 43.227033 ], [ -86.250544, 43.224264 ], [ -86.259718, 43.224348 ], [ -86.259761, 43.226512 ], [ -86.259406, 43.22638 ], [ -86.259505, 43.228857 ], [ -86.259028, 43.230466 ], [ -86.259739, 43.231361 ], [ -86.256845, 43.233112 ], [ -86.260979, 43.236253 ], [ -86.264731, 43.241577 ] ] ] } },
{ "type": "Feature", "properties": { "geoid": "26121000800", "county_name": "Muskegon County", "place_name": "Inkster", "state_name": "Michigan", "state_abbr": "MI", "is_rural": true, "dci_score": 63.1, "dci_quintile": 4.0, "is_cra_lmi": true, "income_level": "M", "is_persistent_poverty": false, "is_tribal_overlap": false, "tribal_area_name": null, "aian_pct": 0.0, "has_nmtc": false, "nmtc_projects": 0, "nmtc_total_usd": 0.0 }, "geometry": { "type": "Polygon", "coordinates": [ [ [ -86.291142, 43.235614 ], [ -86.283438, 43.235635 ], [ -86.276394, 43.235834 ], [ -86.264731, 43.241577 ], [ -86.260979, 43.236253 ], [ -86.256845, 43.233112 ], [ -86.259739, 43.231361 ], [ -86.259028, 43.230466 ], [ -86.259505, 43.228857 ], [ -86.259406, 43.22638 ], [ -86.259761, 43.226512 ], [ -86.259718, 43.224348 ], [ -86.259829, 43.219831 ], [ -86.270447, 43.219967 ], [ -86.270742, 43.219971 ], [ -86.275889, 43.220036 ], [ -86.281278, 43.215441 ], [ -86.283171, 43.215229 ], [ -86.284353, 43.215714 ], [ -86.284232, 43.217471 ], [ -86.285806, 43.220064 ], [ -86.291844, 43.235612 ], [ -86.291142, 43.235614 ] ] ] } },
{ "type": "Feature", "properties": { "geoid": "26121001902", "county_name": "Muskegon County", "place_name": "Ecorse", "state_name": "Michigan", "state_abbr": "MI", "is_rural": true, "dci_score": 85.8, "dci_quintile": 2.0, "is_cra_lmi": false, "income_level": "U", "is_persistent_poverty": false, "is_tribal_overlap": false, "tribal_area_name": null, "aian_pct": 0.0, "has_nmtc": false, "nmtc_projects": 0, "nmtc_total_usd": 0.0 }, "geometry": { "type": "Polygon", "coordinates": [ [ [ -86.20942, 43.221723 ], [ -86.207645, 43.221699 ], [ -86.20764, 43.222322 ], [ -86.209419, 43.222344 ], [ -86.209412, 43.223243 ], [ -86.209391, 43.224587 ], [ -86.206921, 43.223816 ], [ -86.206798, 43.229645 ], [ -86.205505, 43.230583 ], [ -86.209237, 43.230543 ], [ -86.209176, 43.234155 ], [ -86.204224, 43.234233 ], [ -86.204195, 43.236013 ], [ -86.204107, 43.237831 ], [ -86.196969, 43.237812 ], [ -86.194068, 43.238801 ], [ -86.19403, 43.241484 ], [ -86.191695, 43.24147 ], [ -86.191714, 43.245116 ], [ -86.189251, 43.245109 ], [ -86.18389, 43.245086 ], [ -86.183984, 43.241475 ], [ -86.184115, 43.235961 ], [ -86.184143, 43.234221 ], [ -86.184412, 43.226869 ], [ -86.184452, 43.225066 ], [ -86.18455, 43.21968 ], [ -86.194542, 43.219625 ], [ -86.204808, 43.219502 ], [ -86.20943, 43.219488 ], [ -86.20942, 43.221723 ] ] ] } },
{ "type": "Feature", "properties": { "geoid": "26121001402", "county_name": "Muskegon County", "place_name": "Detroit", "state_name": "Michigan", "state_abbr": "MI", "is_rural": true, "dci_score": 85.0, "dci_quintile": 2.0, "is_cra_lmi": true, "income_level": "L", "is_persistent_poverty": false, "is_tribal_overlap": false, "tribal_area_name": null, "aian_pct": 0.0, "has_nmtc": false, "nmtc_projects": 0, "nmtc_total_usd": 0.0 }, "geometry": { "type": "Polygon", "coordinates": [ [ [ -86.260135, 43.201172 ], [ -86.259892, 43.201169 ], [ -86.259398, 43.201164 ], [ -86.250957, 43.201109 ], [ -86.245857, 43.201073 ], [ -86.241612, 43.196199 ], [ -86.237471, 43.1916 ], [ -86.23529, 43.190133 ], [ -86.235618, 43.189124 ], [ -86.235625, 43.188564 ], [ -86.235647, 43.187768 ], [ -86.235687, 43.186353 ], [ -86.240757, 43.185326 ], [ -86.240789, 43.187888 ], [ -86.245095, 43.186425 ], [ -86.245663, 43.190674 ], [ -86.250708, 43.190687 ], [ -86.257695, 43.19073 ], [ -86.257209, 43.189932 ], [ -86.256385, 43.189549 ], [ -86.256411, 43.189291 ], [ -86.260059, 43.190753 ], [ -86.260213, 43.198143 ], [ -86.260135, 43.201172 ] ] ] } },
{ "type": "Feature", "properties": { "geoid": "26081012901", "county_name": "Kent County", "place_name": "Detroit", "state_name": "Michigan", "state_abbr": "MI", "is_rural": false, "dci_score": 59.9, "dci_quintile": 4.0, "is_cra_lmi": true, "income_level": "M", "is_persistent_poverty": false, "is_tribal_overlap": false, "tribal_area_name": null, "aian_pct": 0.0, "has_nmtc": false, "nmtc_projects": 0, "nmtc_total_usd": 0.0 }, "geometry": { "type": "Polygon", "coordinates": [ [ [ -85.664864, 42.887557 ], [ -85.655673, 42.887565 ], [ -85.655517, 42.883914 ], [ -85.650577, 42.883857 ], [ -85.650634, 42.885682 ], [ -85.649531, 42.884938 ], [ -85.645713, 42.885423 ], [ -85.645623, 42.883806 ], [ -85.645346, 42.876559 ], [ -85.645232, 42.872638 ], [ -85.645146, 42.869316 ], [ -85.655008, 42.869427 ], [ -85.664228, 42.869511 ], [ -85.664342, 42.873106 ], [ -85.664452, 42.876735 ], [ -85.664729, 42.883997 ], [ -85.664864, 42.887557 ] ] ] } },
{ "type": "Feature", "properties": { "geoid": "26081010200", "county_name": "Kent County", "place_name": null, "state_name": "Michigan", "state_abbr": "MI", "is_rural": true, "dci_score": 22.5, "dci_quintile": 5.0, "is_cra_lmi": true, "income_level": "M", "is_persistent_poverty": false, "is_tribal_overlap": false, "tribal_area_name": null, "aian_pct": 0.0, "has_nmtc": false, "nmtc_projects": 0, "nmtc_total_usd": 0.0 }, "geometry": { "type": "Polygon", "coordinates": [ [ [ -85.575019, 43.209147 ], [ -85.574975, 43.219816 ], [ -85.574501, 43.223093 ], [ -85.573408, 43.22567 ], [ -85.571709, 43.228105 ], [ -85.569612, 43.230157 ], [ -85.564514, 43.234276 ], [ -85.561724, 43.237463 ], [ -85.560902, 43.239534 ], [ -85.558841, 43.24895 ], [ -85.5567, 43.252808 ], [ -85.551412, 43.25727 ], [ -85.551258, 43.234447 ], [ -85.551052, 43.232331 ], [ -85.55116, 43.23159 ], [ -85.549289, 43.231806 ], [ -85.545782, 43.23188 ], [ -85.544925, 43.234573 ], [ -85.511046, 43.234873 ], [ -85.51086, 43.220325 ], [ -85.530745, 43.220192 ], [ -85.530654, 43.205641 ], [ -85.546671, 43.205541 ], [ -85.55114, 43.205521 ], [ -85.560851, 43.205441 ], [ -85.561097, 43.205439 ], [ -85.566021, 43.205401 ], [ -85.570975, 43.205374 ], [ -85.574885, 43.205228 ], [ -85.575558, 43.205349 ], [ -85.575019, 43.209147 ] ] ] } },
{ "type": "Feature", "properties": { "geoid": "26081001200", "county_name": "Kent County", "place_name": null, "state_name": "Michigan", "state_abbr": "MI", "is_rural": false, "dci_score": 71.9, "dci_quintile": 3.0, "is_cra_lmi": true, "income_level": "M", "is_persistent_poverty": false, "is_tribal_overlap": false, "tribal_area_name": null, "aian_pct": 0.0, "has_nmtc": false, "nmtc_projects": 0, "nmtc_total_usd": 0.0 }, "geometry": { "type": "Polygon", "coordinates": [ [ [ -85.657119, 42.984527 ], [ -85.640972, 42.984432 ], [ -85.639873, 42.984424 ], [ -85.639845, 42.981701 ], [ -85.639837, 42.980843 ], [ -85.639818, 42.979081 ], [ -85.639774, 42.973541 ], [ -85.648601, 42.97359 ], [ -85.649633, 42.973492 ], [ -85.651151, 42.973247 ], [ -85.657005, 42.971883 ], [ -85.657028, 42.973752 ], [ -85.657031, 42.975927 ], [ -85.657047, 42.978248 ], [ -85.657079, 42.980912 ], [ -85.657119, 42.984527 ] ] ] } },
{ "type": "Feature", "properties": { "geoid": "26081003200", "county_name": "Kent County", "place_name": "Detroit", "state_name": "Michigan", "state_abbr": "MI", "is_rural": false, "dci_score": 44.6, "dci_quintile": 5.0, "is_cra_lmi": true, "income_level": "L", "is_persistent_poverty": false, "is_tribal_overlap": false, "tribal_area_name": null, "aian_pct": 0.0, "has_nmtc": true, "nmtc_projects": 2, "nmtc_total_usd": 22269000.0 }, "geometry": { "type": "Polygon", "coordinates": [ [ [ -85.649296, 42.955591 ], [ -85.646817, 42.954643 ], [ -85.639525, 42.954614 ], [ -85.639495, 42.951913 ], [ -85.639465, 42.950085 ], [ -85.63944, 42.948293 ], [ -85.639388, 42.944646 ], [ -85.639406, 42.941041 ], [ -85.64917, 42.941135 ], [ -85.649216, 42.944764 ], [ -85.649228, 42.945204 ], [ -85.649259, 42.948364 ], [ -85.64927, 42.951978 ], [ -85.649296, 42.955591 ] ] ] } },
{ "type": "Feature", "properties": { "geoid": "26081003600", "county_name": "Kent County", "place_name": "Detroit", "state_name": "Michigan", "state_abbr": "MI", "is_rural": false, "dci_score": 79.5, "dci_quintile": 3.0, "is_cra_lmi": true, "income_level": "L", "is_persistent_poverty": false, "is_tribal_overlap": false, "tribal_area_name": null, "aian_pct": 0.0, "has_nmtc": false, "nmtc_projects": 0, "nmtc_total_usd": 0.0 }, "geometry": { "type": "Polygon", "coordinates": [ [ [ -85.675727, 42.941808 ], [ -85.663904, 42.941412 ], [ -85.661409, 42.941346 ], [ -85.658995, 42.941268 ], [ -85.64917, 42.941135 ], [ -85.64895, 42.938184 ], [ -85.648722, 42.934919 ], [ -85.652417, 42.936111 ], [ -85.656187, 42.936501 ], [ -85.657691, 42.936479 ], [ -85.663412, 42.936632 ], [ -85.663296, 42.934733 ], [ -85.665806, 42.934752 ], [ -85.667054, 42.935407 ], [ -85.671967, 42.93549 ], [ -85.672002, 42.936244 ], [ -85.67552, 42.936658 ], [ -85.675727, 42.941808 ] ] ] } },
{ "type": "Feature", "properties": { "geoid": "26081004000", "county_name": "Kent County", "place_name": "Detroit", "state_name": "Michigan", "state_abbr": "MI", "is_rural": false, "dci_score": 78.1, "dci_quintile": 3.0, "is_cra_lmi": true, "income_level": "M", "is_persistent_poverty": false, "is_tribal_overlap": false, "tribal_area_name": null, "aian_pct": 0.0, "has_nmtc": false, "nmtc_projects": 0, "nmtc_total_usd": 0.0 }, "geometry": { "type": "Polygon", "coordinates": [ [ [ -85.686219, 42.927917 ], [ -85.681825, 42.927817 ], [ -85.673522, 42.927653 ], [ -85.673407, 42.927653 ], [ -85.671562, 42.927625 ], [ -85.666653, 42.927557 ], [ -85.666358, 42.920339 ], [ -85.680945, 42.920528 ], [ -85.685973, 42.920635 ], [ -85.686038, 42.922454 ], [ -85.686219, 42.927917 ] ] ] } },
{ "type": "Feature", "properties": { "geoid": "26165380300", "county_name": "Wexford County", "place_name": "Warren", "state_name": "Michigan", "state_abbr": "MI", "is_rural": true, "dci_score": 76.4, "dci_quintile": 3.0, "is_cra_lmi": false, "income_level": "U", "is_persistent_poverty": false, "is_tribal_overlap": false, "tribal_area_name": null, "aian_pct": 0.0, "has_nmtc": false, "nmtc_projects": 0, "nmtc_total_usd": 0.0 }, "geometry": { "type": "Polygon", "coordinates": [ [ [ -85.82145, 44.223251 ], [ -85.821066, 44.251297 ], [ -85.82103, 44.275758 ], [ -85.821222, 44.276429 ], [ -85.820655, 44.322317 ], [ -85.820815, 44.324559 ], [ -85.820781, 44.337998 ], [ -85.820859, 44.352478 ], [ -85.820618, 44.375469 ], [ -85.79105, 44.383798 ], [ -85.78749, 44.385003 ], [ -85.773659, 44.388895 ], [ -85.771755, 44.389639 ], [ -85.770494, 44.390328 ], [ -85.751599, 44.402887 ], [ -85.747551, 44.406302 ], [ -85.733817, 44.406374 ], [ -85.729414, 44.406367 ], [ -85.723855, 44.405907 ], [ -85.715255, 44.405701 ], [ -85.715251, 44.40827 ], [ -85.716202, 44.41005 ], [ -85.714348, 44.410043 ], [ -85.705632, 44.410086 ], [ -85.699154, 44.410129 ], [ -85.699288, 44.406764 ], [ -85.699397, 44.404567 ], [ -85.699442, 44.403711 ], [ -85.697355, 44.402768 ], [ -85.695687, 44.401838 ], [ -85.682584, 44.393638 ], [ -85.680113, 44.392239 ], [ -85.667454, 44.385725 ], [ -85.667376, 44.383926 ], [ -85.666402, 44.382282 ], [ -85.665396, 44.377114 ], [ -85.661008, 44.373676 ], [ -85.659962, 44.371991 ], [ -85.660307, 44.369036 ], [ -85.659859, 44.368142 ], [ -85.658538, 44.366645 ], [ -85.654147, 44.364496 ], [ -85.654561, 44.362159 ], [ -85.650874, 44.359014 ], [ -85.646428, 44.355952 ], [ -85.638488, 44.352918 ], [ -85.63435, 44.352431 ], [ -85.631171, 44.353169 ], [ -85.630092, 44.338378 ], [ -85.608463, 44.338386 ], [ -85.607536, 44.338541 ], [ -85.606616, 44.338902 ], [ -85.605544, 44.339011 ], [ -85.605042, 44.339227 ], [ -85.603772, 44.339224 ], [ -85.602353, 44.33847 ], [ -85.599659, 44.338513 ], [ -85.580263, 44.338542 ], [ -85.5803, 44.337231 ], [ -85.580242, 44.335753 ], [ -85.580194, 44.333952 ], [ -85.580096, 44.327739 ], [ -85.579955, 44.327258 ], [ -85.579279, 44.326026 ], [ -85.579232, 44.325712 ], [ -85.579285, 44.325581 ], [ -85.579776, 44.324952 ], [ -85.579996, 44.324357 ], [ -85.580076, 44.320815 ], [ -85.58005, 44.316942 ], [ -85.579954, 44.309675 ], [ -85.579777, 44.298246 ], [ -85.579571, 44.280577 ], [ -85.578906, 44.251763 ], [ -85.577672, 44.186709 ], [ -85.577754, 44.186442 ], [ -85.579021, 44.185403 ], [ -85.579396, 44.184967 ], [ -85.579444, 44.184628 ], [ -85.579114, 44.184058 ], [ -85.578132, 44.183099 ], [ -85.577492, 44.182773 ], [ -85.573283, 44.181142 ], [ -85.571196, 44.177883 ], [ -85.568733, 44.177156 ], [ -85.563888, 44.168596 ], [ -85.564772, 44.164862 ], [ -85.577123, 44.164914 ], [ -85.606649, 44.165226 ], [ -85.612012, 44.164994 ], [ -85.683785, 44.164633 ], [ -85.698898, 44.164622 ], [ -85.760904, 44.1646 ], [ -85.763567, 44.164704 ], [ -85.763853, 44.164727 ], [ -85.799961, 44.164511 ], [ -85.803849, 44.164481 ], [ -85.820436, 44.164307 ], [ -85.821186, 44.164197 ], [ -85.821133, 44.206554 ], [ -85.820904, 44.207456 ], [ -85.82118, 44.208469 ], [ -85.82145, 44.223251 ] ] ] } },
{ "type": "Feature", "properties": { "geoid": "26151971000", "county_name": "Sanilac County", "place_name": null, "state_name": "Michigan", "state_abbr": "MI", "is_rural": true, "dci_score": 76.1, "dci_quintile": 3.0, "is_cra_lmi": true, "income_level": "M", "is_persistent_poverty": false, "is_tribal_overlap": false, "tribal_area_name": null, "aian_pct": 0.0, "has_nmtc": false, "nmtc_projects": 0, "nmtc_total_usd": 0.0 }, "geometry": { "type": "Polygon", "coordinates": [ [ [ -83.120396, 43.327049 ], [ -83.103826, 43.327365 ], [ -83.104228, 43.341914 ], [ -83.105576, 43.388892 ], [ -83.105671, 43.392602 ], [ -83.105833, 43.399589 ], [ -83.106259, 43.414344 ], [ -83.008233, 43.416554 ], [ -82.988269, 43.417142 ], [ -82.869154, 43.420489 ], [ -82.86498, 43.332791 ], [ -82.871711, 43.332623 ], [ -82.885334, 43.332267 ], [ -82.904853, 43.331676 ], [ -82.905162, 43.331662 ], [ -82.984439, 43.329905 ], [ -83.001271, 43.329534 ], [ -83.000766, 43.306381 ], [ -82.993459, 43.30661 ], [ -82.993192, 43.299454 ], [ -82.992778, 43.285022 ], [ -83.00043, 43.284913 ], [ -83.07955, 43.284127 ], [ -83.099484, 43.284135 ], [ -83.119027, 43.28368 ], [ -83.120396, 43.327049 ] ] ] } },
{ "type": "Feature", "properties": { "geoid": "26073000200", "county_name": "Isabella County", "place_name": "Eastpointe", "state_name": "Michigan", "state_abbr": "MI", "is_rural": true, "dci_score": 58.5, "dci_quintile": 4.0, "is_cra_lmi": false, "income_level": "U", "is_persistent_poverty": false, "is_tribal_overlap": false, "tribal_area_name": null, "aian_pct": 0.0, "has_nmtc": false, "nmtc_projects": 0, "nmtc_total_usd": 0.0 }, "geometry": { "type": "Polygon", "coordinates": [ [ [ -85.087287, 43.726536 ], [ -84.992473, 43.726554 ], [ -84.968352, 43.726524 ], [ -84.968389, 43.712012 ], [ -84.968283, 43.690666 ], [ -84.968604, 43.6887 ], [ -84.968352, 43.683289 ], [ -84.968234, 43.67685 ], [ -84.968038, 43.674346 ], [ -84.967905, 43.662196 ], [ -84.967806, 43.650618 ], [ -84.967706, 43.641368 ], [ -84.967799, 43.640118 ], [ -84.967791, 43.639626 ], [ -84.967765, 43.635987 ], [ -84.966911, 43.581873 ], [ -84.96673, 43.567436 ], [ -84.966481, 43.553013 ], [ -85.026263, 43.552751 ], [ -85.033033, 43.552706 ], [ -85.085672, 43.552476 ], [ -85.085782, 43.566919 ], [ -85.085892, 43.577897 ], [ -85.086011, 43.595778 ], [ -85.086551, 43.639527 ], [ -85.086432, 43.639942 ], [ -85.087287, 43.726536 ] ] ] } },
{ "type": "Feature", "properties": { "geoid": "26033970900", "county_name": "Chippewa County", "place_name": null, "state_name": "Michigan", "state_abbr": "MI", "is_rural": true, "dci_score": 89.3, "dci_quintile": 2.0, "is_cra_lmi": true, "income_level": "M", "is_persistent_poverty": false, "is_tribal_overlap": false, "tribal_area_name": null, "aian_pct": 0.0, "has_nmtc": false, "nmtc_projects": 0, "nmtc_total_usd": 0.0 }, "geometry": { "type": "Polygon", "coordinates": [ [ [ -84.507882, 46.277916 ], [ -84.503002, 46.27951 ], [ -84.497897, 46.281834 ], [ -84.496444, 46.282926 ], [ -84.483429, 46.295356 ], [ -84.477543, 46.291553 ], [ -84.474561, 46.290328 ], [ -84.445136, 46.281368 ], [ -84.442172, 46.280032 ], [ -84.439628, 46.278141 ], [ -84.437799, 46.275746 ], [ -84.436821, 46.272647 ], [ -84.436698, 46.262134 ], [ -84.437072, 46.261168 ], [ -84.441059, 46.259314 ], [ -84.446884, 46.259368 ], [ -84.446811, 46.25233 ], [ -84.451867, 46.252316 ], [ -84.457157, 46.252305 ], [ -84.457249, 46.247018 ], [ -84.457227, 46.244983 ], [ -84.457887, 46.243552 ], [ -84.455722, 46.238752 ], [ -84.454538, 46.237228 ], [ -84.452969, 46.23248 ], [ -84.449219, 46.228074 ], [ -84.451037, 46.224426 ], [ -84.454459, 46.224315 ], [ -84.458317, 46.228706 ], [ -84.459512, 46.224387 ], [ -84.46306, 46.226726 ], [ -84.463372, 46.227815 ], [ -84.466741, 46.22928 ], [ -84.468971, 46.232552 ], [ -84.469991, 46.232769 ], [ -84.473937, 46.236725 ], [ -84.479826, 46.241617 ], [ -84.48264, 46.244879 ], [ -84.486414, 46.249891 ], [ -84.486661, 46.251116 ], [ -84.488464, 46.252155 ], [ -84.488567, 46.255288 ], [ -84.48951, 46.25637 ], [ -84.489342, 46.25934 ], [ -84.488531, 46.260363 ], [ -84.491203, 46.261787 ], [ -84.504446, 46.272553 ], [ -84.506437, 46.27457 ], [ -84.507882, 46.277916 ] ], [ [ -84.473997, 46.262837 ], [ -84.467713, 46.262845 ], [ -84.467679, 46.267682 ], [ -84.475734, 46.267488 ], [ -84.473997, 46.262837 ] ], [ [ -84.461075, 46.258068 ], [ -84.460496, 46.257214 ], [ -84.45809, 46.255725 ], [ -84.451317, 46.255738 ], [ -84.449793, 46.256388 ], [ -84.448933, 46.25728 ], [ -84.448888, 46.259387 ], [ -84.461115, 46.259404 ], [ -84.461075, 46.258068 ] ] ] } },
{ "type": "Feature", "properties": { "geoid": "26097950500", "county_name": "Mackinac County", "place_name": null, "state_name": "Michigan", "state_abbr": "MI", "is_rural": true, "dci_score": 51.4, "dci_quintile": 5.0, "is_cra_lmi": true, "income_level": "M", "is_persistent_poverty": false, "is_tribal_overlap": false, "tribal_area_name": null, "aian_pct": 0.0, "has_nmtc": false, "nmtc_projects": 0, "nmtc_total_usd": 0.0 }, "geometry": { "type": "MultiPolygon", "coordinates": [ [ [ [ -84.59024, 45.812801 ], [ -84.58905, 45.816372 ], [ -84.586296, 45.816238 ], [ -84.584632, 45.816983 ], [ -84.583232, 45.818865 ], [ -84.579385, 45.81985 ], [ -84.573729, 45.819442 ], [ -84.566629, 45.817285 ], [ -84.561072, 45.815323 ], [ -84.550385, 45.811016 ], [ -84.542872, 45.808893 ], [ -84.538048, 45.807855 ], [ -84.535773, 45.808114 ], [ -84.533978, 45.808861 ], [ -84.532424, 45.808941 ], [ -84.524836, 45.808061 ], [ -84.518205, 45.808954 ], [ -84.514714, 45.809759 ], [ -84.513157, 45.810674 ], [ -84.509073, 45.81112 ], [ -84.506138, 45.810915 ], [ -84.502687, 45.810323 ], [ -84.497404, 45.807828 ], [ -84.494186, 45.805837 ], [ -84.47435, 45.798685 ], [ -84.46096, 45.795872 ], [ -84.445554, 45.791445 ], [ -84.438713, 45.788137 ], [ -84.433724, 45.78671 ], [ -84.428691, 45.787458 ], [ -84.424083, 45.790178 ], [ -84.421321, 45.792701 ], [ -84.420928, 45.794346 ], [ -84.420224, 45.795025 ], [ -84.420273, 45.797091 ], [ -84.420196, 45.798728 ], [ -84.420418, 45.801327 ], [ -84.421292, 45.802965 ], [ -84.421405, 45.805723 ], [ -84.423032, 45.807364 ], [ -84.425627, 45.809333 ], [ -84.427444, 45.811333 ], [ -84.423281, 45.811646 ], [ -84.420326, 45.811317 ], [ -84.41964, 45.80841 ], [ -84.418121, 45.805866 ], [ -84.415793, 45.803108 ], [ -84.412169, 45.80019 ], [ -84.409951, 45.79641 ], [ -84.408456, 45.793041 ], [ -84.407316, 45.79236 ], [ -84.406489, 45.787964 ], [ -84.404335, 45.78525 ], [ -84.399613, 45.782828 ], [ -84.396362, 45.78288 ], [ -84.393245, 45.784072 ], [ -84.391565, 45.783896 ], [ -84.385022, 45.780829 ], [ -84.373391, 45.776352 ], [ -84.370588, 45.776066 ], [ -84.360396, 45.773693 ], [ -84.356478, 45.772295 ], [ -84.355945, 45.770691 ], [ -84.357044, 45.769175 ], [ -84.358827, 45.767967 ], [ -84.359785, 45.76639 ], [ -84.362823, 45.763924 ], [ -84.364707, 45.762464 ], [ -84.365076, 45.759892 ], [ -84.366254, 45.758338 ], [ -84.368899, 45.757597 ], [ -84.370583, 45.755953 ], [ -84.370817, 45.753082 ], [ -84.369825, 45.75091 ], [ -84.369108, 45.748993 ], [ -84.371741, 45.745517 ], [ -84.373068, 45.744532 ], [ -84.375236, 45.744795 ], [ -84.378326, 45.744795 ], [ -84.380465, 45.743966 ], [ -84.381416, 45.743053 ], [ -84.380228, 45.742058 ], [ -84.379013, 45.74065 ], [ -84.381857, 45.740517 ], [ -84.38349, 45.739435 ], [ -84.3851, 45.740814 ], [ -84.386407, 45.741312 ], [ -84.387714, 45.740316 ], [ -84.389735, 45.739985 ], [ -84.391161, 45.739404 ], [ -84.390232, 45.737531 ], [ -84.391545, 45.735787 ], [ -84.393972, 45.735523 ], [ -84.395303, 45.733865 ], [ -84.395564, 45.732275 ], [ -84.394175, 45.730434 ], [ -84.393586, 45.728073 ], [ -84.395132, 45.726693 ], [ -84.399926, 45.72531 ], [ -84.405717, 45.722259 ], [ -84.409367, 45.722947 ], [ -84.411851, 45.723528 ], [ -84.414709, 45.721795 ], [ -84.416027, 45.722217 ], [ -84.417372, 45.722296 ], [ -84.419128, 45.721382 ], [ -84.419627, 45.720094 ], [ -84.428185, 45.723677 ], [ -84.429609, 45.725932 ], [ -84.433528, 45.728217 ], [ -84.436212, 45.728765 ], [ -84.438128, 45.728326 ], [ -84.440421, 45.728418 ], [ -84.443505, 45.727576 ], [ -84.445182, 45.727266 ], [ -84.449599, 45.728067 ], [ -84.451487, 45.726475 ], [ -84.461249, 45.729494 ], [ -84.46559, 45.731351 ], [ -84.470092, 45.732229 ], [ -84.474472, 45.732655 ], [ -84.477358, 45.732051 ], [ -84.481421, 45.730052 ], [ -84.49459, 45.73422 ], [ -84.500785, 45.737227 ], [ -84.504775, 45.742597 ], [ -84.507119, 45.745092 ], [ -84.508823, 45.749095 ], [ -84.50806, 45.75141 ], [ -84.508682, 45.75401 ], [ -84.511628, 45.756206 ], [ -84.518116, 45.759411 ], [ -84.52524, 45.761691 ], [ -84.524758, 45.763427 ], [ -84.526213, 45.76602 ], [ -84.530536, 45.769657 ], [ -84.539193, 45.77771 ], [ -84.539421, 45.779665 ], [ -84.53948, 45.780836 ], [ -84.544361, 45.783547 ], [ -84.547347, 45.786039 ], [ -84.548829, 45.788719 ], [ -84.549951, 45.790073 ], [ -84.553817, 45.791702 ], [ -84.55741, 45.794223 ], [ -84.560026, 45.795039 ], [ -84.562263, 45.79651 ], [ -84.58183, 45.802512 ], [ -84.588455, 45.807449 ], [ -84.589766, 45.810456 ], [ -84.59024, 45.812801 ] ] ], [ [ [ -84.747272, 45.892758 ], [ -84.745264, 45.897277 ], [ -84.740241, 45.90775 ], [ -84.738692, 45.906289 ], [ -84.739012, 45.90791 ], [ -84.738689, 45.914916 ], [ -84.737475, 45.916834 ], [ -84.734718, 45.919467 ], [ -84.734213, 45.918201 ], [ -84.732020891141303, 45.9175374313227 ], [ -84.733049, 45.917149 ], [ -84.736566, 45.912833 ], [ -84.736956, 45.90991 ], [ -84.734709, 45.907633 ], [ -84.736028, 45.906239 ], [ -84.736077, 45.904268 ], [ -84.733522, 45.903663 ], [ -84.734977, 45.90058 ], [ -84.734472, 45.897246 ], [ -84.734331932209898, 45.897183482091002 ], [ -84.730018, 45.895258 ], [ -84.72632, 45.89207 ], [ -84.72611, 45.889906 ], [ -84.724976, 45.887273 ], [ -84.723337, 45.880896 ], [ -84.722274419529896, 45.878709077924398 ], [ -84.721410663191705, 45.876931360511698 ], [ -84.720395, 45.874841 ], [ -84.72216, 45.874431 ], [ -84.723967, 45.874987 ], [ -84.729582269142199, 45.873741801942401 ], [ -84.72964, 45.873729 ], [ -84.730648, 45.871564 ], [ -84.730304872263204, 45.870731431461202 ], [ -84.730001024614296, 45.869994172516598 ], [ -84.729921, 45.8698 ], [ -84.724262247631899, 45.8679568930988 ], [ -84.722731479028596, 45.867458307899497 ], [ -84.721177, 45.866952 ], [ -84.714633, 45.861762 ], [ -84.709026099807303, 45.860541803122601 ], [ -84.708471, 45.860421 ], [ -84.706001, 45.858972 ], [ -84.705738350637105, 45.8582248359739 ], [ -84.705526508900604, 45.857622205443903 ], [ -84.705518, 45.857598 ], [ -84.702345611787393, 45.8538342169415 ], [ -84.701994212722099, 45.853417310257903 ], [ -84.701527, 45.852863 ], [ -84.702141, 45.850725 ], [ -84.705466933297501, 45.849255666454198 ], [ -84.705956431947399, 45.849039415338297 ], [ -84.706229, 45.848919 ], [ -84.709904, 45.848953 ], [ -84.715757, 45.848758 ], [ -84.717070461994396, 45.848624644680903 ], [ -84.720987, 45.848227 ], [ -84.723598133301607, 45.847048085693899 ], [ -84.72519, 45.853535 ], [ -84.726058, 45.85501 ], [ -84.733286, 45.863161 ], [ -84.73487, 45.866644 ], [ -84.738006, 45.874465 ], [ -84.739363, 45.877486 ], [ -84.740806, 45.880458 ], [ -84.745965, 45.886182 ], [ -84.746723, 45.887533 ], [ -84.747368, 45.889459 ], [ -84.747272, 45.892758 ] ] ] ] } },
{ "type": "Feature", "properties": { "geoid": "26161412000", "county_name": "Washtenaw County", "place_name": null, "state_name": "Michigan", "state_abbr": "MI", "is_rural": false, "dci_score": 62.7, "dci_quintile": 4.0, "is_cra_lmi": true, "income_level": "M", "is_persistent_poverty": false, "is_tribal_overlap": false, "tribal_area_name": null, "aian_pct": 0.0, "has_nmtc": false, "nmtc_projects": 0, "nmtc_total_usd": 0.0 }, "geometry": { "type": "Polygon", "coordinates": [ [ [ -83.597429, 42.24188 ], [ -83.593035, 42.241942 ], [ -83.58297, 42.244378 ], [ -83.580291, 42.245173 ], [ -83.577122, 42.245945 ], [ -83.544295, 42.251534 ], [ -83.544401, 42.249448 ], [ -83.544776, 42.24923 ], [ -83.546668, 42.248528 ], [ -83.557613, 42.246702 ], [ -83.560718, 42.245807 ], [ -83.565954, 42.242508 ], [ -83.574902, 42.234626 ], [ -83.577486, 42.232322 ], [ -83.578461, 42.231753 ], [ -83.578926, 42.231573 ], [ -83.580475, 42.231779 ], [ -83.582509, 42.231782 ], [ -83.596869, 42.231641 ], [ -83.59716, 42.238106 ], [ -83.597429, 42.24188 ] ] ] } },
{ "type": "Feature", "properties": { "geoid": "26161411000", "county_name": "Washtenaw County", "place_name": null, "state_name": "Michigan", "state_abbr": "MI", "is_rural": false, "dci_score": 53.7, "dci_quintile": 5.0, "is_cra_lmi": true, "income_level": "L", "is_persistent_poverty": false, "is_tribal_overlap": false, "tribal_area_name": null, "aian_pct": 0.0, "has_nmtc": false, "nmtc_projects": 0, "nmtc_total_usd": 0.0 }, "geometry": { "type": "Polygon", "coordinates": [ [ [ -83.624945, 42.245702 ], [ -83.620507, 42.245746 ], [ -83.620563, 42.247725 ], [ -83.618542, 42.24821 ], [ -83.620066, 42.253511 ], [ -83.622334, 42.254442 ], [ -83.622162, 42.255659 ], [ -83.618006, 42.25502 ], [ -83.61471, 42.253319 ], [ -83.612206, 42.250522 ], [ -83.612816, 42.249234 ], [ -83.613085, 42.247664 ], [ -83.611785, 42.245928 ], [ -83.613531, 42.245834 ], [ -83.613111, 42.243663 ], [ -83.620486, 42.243719 ], [ -83.623319, 42.244793 ], [ -83.624556, 42.245342 ], [ -83.626286, 42.245796 ], [ -83.624945, 42.245702 ] ] ] } },
{ "type": "Feature", "properties": { "geoid": "26161410500", "county_name": "Washtenaw County", "place_name": null, "state_name": "Michigan", "state_abbr": "MI", "is_rural": false, "dci_score": 53.7, "dci_quintile": 5.0, "is_cra_lmi": true, "income_level": "L", "is_persistent_poverty": false, "is_tribal_overlap": false, "tribal_area_name": null, "aian_pct": 0.0, "has_nmtc": true, "nmtc_projects": 1, "nmtc_total_usd": 51180000.0 }, "geometry": { "type": "Polygon", "coordinates": [ [ [ -83.660594, 42.230208 ], [ -83.654325, 42.230354 ], [ -83.644081, 42.2306 ], [ -83.646118, 42.235831 ], [ -83.6359, 42.239209 ], [ -83.635619, 42.238617 ], [ -83.630282, 42.240078 ], [ -83.628635, 42.235959 ], [ -83.629203, 42.235677 ], [ -83.632987, 42.233687 ], [ -83.634298, 42.233012 ], [ -83.632042, 42.228837 ], [ -83.642467, 42.226266 ], [ -83.642, 42.224292 ], [ -83.660408, 42.224526 ], [ -83.660594, 42.230208 ] ] ] } },
{ "type": "Feature", "properties": { "geoid": "26103001900", "county_name": "Marquette County", "place_name": "Mount Pleasant", "state_name": "Michigan", "state_abbr": "MI", "is_rural": true, "dci_score": 52.1, "dci_quintile": 5.0, "is_cra_lmi": false, "income_level": "U", "is_persistent_poverty": false, "is_tribal_overlap": false, "tribal_area_name": null, "aian_pct": 0.0, "has_nmtc": false, "nmtc_projects": 0, "nmtc_total_usd": 0.0 }, "geometry": { "type": "Polygon", "coordinates": [ [ [ -87.678135, 46.492362 ], [ -87.672692, 46.493012 ], [ -87.672557, 46.493726 ], [ -87.671708, 46.493735 ], [ -87.671553, 46.496015 ], [ -87.665719, 46.496098 ], [ -87.664648, 46.49611 ], [ -87.664639, 46.495349 ], [ -87.658616, 46.495118 ], [ -87.659274, 46.494881 ], [ -87.659695, 46.492279 ], [ -87.660996, 46.491436 ], [ -87.664885, 46.491482 ], [ -87.664987, 46.489281 ], [ -87.674388, 46.488757 ], [ -87.678073, 46.491461 ], [ -87.678135, 46.492362 ] ] ] } },
{ "type": "Feature", "properties": { "geoid": "26103002000", "county_name": "Marquette County", "place_name": null, "state_name": "Michigan", "state_abbr": "MI", "is_rural": true, "dci_score": 51.7, "dci_quintile": 5.0, "is_cra_lmi": true, "income_level": "M", "is_persistent_poverty": false, "is_tribal_overlap": false, "tribal_area_name": null, "aian_pct": 0.0, "has_nmtc": false, "nmtc_projects": 0, "nmtc_total_usd": 0.0 }, "geometry": { "type": "Polygon", "coordinates": [ [ [ -87.697205, 46.48231 ], [ -87.697231, 46.485544 ], [ -87.692634, 46.485663 ], [ -87.686815, 46.486977 ], [ -87.687047, 46.490213 ], [ -87.681856, 46.491458 ], [ -87.678073, 46.491461 ], [ -87.674388, 46.488757 ], [ -87.664987, 46.489281 ], [ -87.664885, 46.491482 ], [ -87.660996, 46.491436 ], [ -87.659695, 46.492279 ], [ -87.659274, 46.494881 ], [ -87.658616, 46.495118 ], [ -87.65794, 46.494536 ], [ -87.648953, 46.495295 ], [ -87.647022, 46.493964 ], [ -87.640199, 46.492755 ], [ -87.638898, 46.490234 ], [ -87.634422, 46.490971 ], [ -87.631218, 46.492212 ], [ -87.630754, 46.489206 ], [ -87.632016, 46.48716 ], [ -87.628617, 46.485132 ], [ -87.631056, 46.483594 ], [ -87.634248, 46.483765 ], [ -87.636162, 46.483379 ], [ -87.638683, 46.483434 ], [ -87.63932, 46.482877 ], [ -87.637587, 46.48044 ], [ -87.638841, 46.478813 ], [ -87.638615, 46.47783 ], [ -87.637904, 46.477453 ], [ -87.635127, 46.476797 ], [ -87.634084, 46.476892 ], [ -87.630269, 46.475812 ], [ -87.629294, 46.475033 ], [ -87.628952, 46.473256 ], [ -87.627367, 46.470748 ], [ -87.626474, 46.46903 ], [ -87.626417, 46.468054 ], [ -87.629525, 46.466243 ], [ -87.628703, 46.465146 ], [ -87.629223, 46.462063 ], [ -87.633471, 46.459821 ], [ -87.634109, 46.456709 ], [ -87.636596, 46.455806 ], [ -87.641637, 46.455383 ], [ -87.653642, 46.453932 ], [ -87.658934, 46.453623 ], [ -87.666242, 46.453819 ], [ -87.668613, 46.454974 ], [ -87.670328, 46.456547 ], [ -87.675119, 46.456179 ], [ -87.67731, 46.458345 ], [ -87.678756, 46.463841 ], [ -87.686136, 46.463863 ], [ -87.687439, 46.467482 ], [ -87.68628, 46.475437 ], [ -87.686682, 46.478415 ], [ -87.686798, 46.484754 ], [ -87.688591, 46.485046 ], [ -87.69136, 46.482687 ], [ -87.697382, 46.481432 ], [ -87.697205, 46.48231 ] ] ] } },
{ "type": "Feature", "properties": { "geoid": "26103000400", "county_name": "Marquette County", "place_name": null, "state_name": "Michigan", "state_abbr": "MI", "is_rural": true, "dci_score": 44.9, "dci_quintile": 5.0, "is_cra_lmi": false, "income_level": "U", "is_persistent_poverty": false, "is_tribal_overlap": false, "tribal_area_name": null, "aian_pct": 0.0, "has_nmtc": false, "nmtc_projects": 0, "nmtc_total_usd": 0.0 }, "geometry": { "type": "Polygon", "coordinates": [ [ [ -87.412158, 46.556788 ], [ -87.411087, 46.556767 ], [ -87.403388, 46.556273 ], [ -87.403397, 46.554695 ], [ -87.39632, 46.554597 ], [ -87.396804, 46.552959 ], [ -87.396952, 46.549164 ], [ -87.39695, 46.545819 ], [ -87.397566, 46.543925 ], [ -87.404016, 46.544853 ], [ -87.410538, 46.545831 ], [ -87.412284, 46.545844 ], [ -87.412158, 46.556788 ] ] ] } },
{ "type": "Feature", "properties": { "geoid": "26103000600", "county_name": "Marquette County", "place_name": null, "state_name": "Michigan", "state_abbr": "MI", "is_rural": true, "dci_score": 44.9, "dci_quintile": 5.0, "is_cra_lmi": false, "income_level": "U", "is_persistent_poverty": false, "is_tribal_overlap": false, "tribal_area_name": null, "aian_pct": 0.0, "has_nmtc": false, "nmtc_projects": 0, "nmtc_total_usd": 0.0 }, "geometry": { "type": "MultiPolygon", "coordinates": [ [ [ [ -87.403831, 46.593672 ], [ -87.403156, 46.594135 ], [ -87.403203, 46.594455 ], [ -87.403179, 46.595158 ], [ -87.402633, 46.595545 ], [ -87.401842, 46.5957 ], [ -87.400644, 46.595606 ], [ -87.399714, 46.595414 ], [ -87.399411, 46.595046 ], [ -87.399295, 46.594726 ], [ -87.3999, 46.594215 ], [ -87.400807, 46.594103 ], [ -87.402109, 46.593464 ], [ -87.40283, 46.593416 ], [ -87.403458, 46.593496 ], [ -87.403831, 46.593672 ] ] ], [ [ [ -87.43174, 46.585489 ], [ -87.426858, 46.585129 ], [ -87.425253, 46.586533 ], [ -87.421625, 46.58814 ], [ -87.419102, 46.587649 ], [ -87.416113, 46.589819 ], [ -87.414043, 46.590447 ], [ -87.409032998756999, 46.590244415170503 ], [ -87.409345, 46.589787 ], [ -87.407919, 46.587827 ], [ -87.405055047925998, 46.587253104975403 ], [ -87.402215, 46.586684 ], [ -87.398531, 46.584887 ], [ -87.395322, 46.584397 ], [ -87.390925, 46.584805 ], [ -87.386409, 46.585459 ], [ -87.385886, 46.587085 ], [ -87.38629, 46.591094 ], [ -87.383961, 46.59307 ], [ -87.38003, 46.593508 ], [ -87.37701, 46.590337 ], [ -87.377763, 46.587047 ], [ -87.379421, 46.585573 ], [ -87.379234, 46.583339 ], [ -87.379539, 46.581601 ], [ -87.381649, 46.580059 ], [ -87.38427, 46.58113 ], [ -87.386052, 46.582273 ], [ -87.389736, 46.580476 ], [ -87.39247, 46.577291 ], [ -87.392974, 46.572523 ], [ -87.392828, 46.570852 ], [ -87.388989, 46.56359 ], [ -87.387607, 46.561389 ], [ -87.384494, 46.558064 ], [ -87.382984768122597, 46.556999603487803 ], [ -87.383995, 46.556422 ], [ -87.388475, 46.556487 ], [ -87.392339, 46.556539 ], [ -87.396306, 46.556569 ], [ -87.396246, 46.55803 ], [ -87.397707, 46.559145 ], [ -87.400578, 46.559172 ], [ -87.400556, 46.560435 ], [ -87.405231, 46.560493 ], [ -87.40571, 46.56402 ], [ -87.405755, 46.56736 ], [ -87.406926, 46.571571 ], [ -87.420582, 46.573703 ], [ -87.421541, 46.574221 ], [ -87.42191, 46.57481 ], [ -87.423557, 46.577521 ], [ -87.426025, 46.57871 ], [ -87.427536, 46.58044 ], [ -87.432722, 46.583166 ], [ -87.43174, 46.585489 ] ] ] ] } },
{ "type": "Feature", "properties": { "geoid": "26109960300", "county_name": "Menominee County", "place_name": null, "state_name": "Michigan", "state_abbr": "MI", "is_rural": true, "dci_score": 39.0, "dci_quintile": 5.0, "is_cra_lmi": true, "income_level": "M", "is_persistent_poverty": false, "is_tribal_overlap": false, "tribal_area_name": null, "aian_pct": 0.0, "has_nmtc": false, "nmtc_projects": 0, "nmtc_total_usd": 0.0 }, "geometry": { "type": "Polygon", "coordinates": [ [ [ -87.887828, 45.358122 ], [ -87.886868543334998, 45.359629118272998 ], [ -87.884855, 45.362792 ], [ -87.883007, 45.364042 ], [ -87.879169, 45.365754 ], [ -87.877835, 45.366987 ], [ -87.876862, 45.368535 ], [ -87.875111, 45.369842 ], [ -87.871268, 45.371467 ], [ -87.871572, 45.373478 ], [ -87.874429, 45.375589 ], [ -87.875692, 45.377052 ], [ -87.875424, 45.379373 ], [ -87.873568, 45.381357 ], [ -87.870905, 45.383116 ], [ -87.864677, 45.385232 ], [ -87.861316, 45.386829 ], [ -87.859418, 45.388227 ], [ -87.85683, 45.393106 ], [ -87.859603, 45.396409 ], [ -87.859773, 45.397278 ], [ -87.859131, 45.398967 ], [ -87.855992, 45.400359 ], [ -87.850969, 45.401925 ], [ -87.849322, 45.403872 ], [ -87.849668, 45.409518 ], [ -87.850533, 45.411685 ], [ -87.85181, 45.413103 ], [ -87.852701551536597, 45.413709643555698 ], [ -87.856216, 45.416101 ], [ -87.857234944108797, 45.417890293367499 ], [ -87.857253, 45.417922 ], [ -87.857124, 45.420192 ], [ -87.858009, 45.421078 ], [ -87.858847, 45.421393 ], [ -87.860432, 45.423504 ], [ -87.860127, 45.429584 ], [ -87.86195, 45.433072 ], [ -87.861697, 45.434473 ], [ -87.860129, 45.435568 ], [ -87.858482, 45.436477 ], [ -87.857212, 45.437934 ], [ -87.856603, 45.439963 ], [ -87.855298, 45.441379 ], [ -87.847429, 45.444177 ], [ -87.844815, 45.448411 ], [ -87.836008, 45.450877 ], [ -87.8347573151717, 45.452023531371601 ], [ -87.833042, 45.453596 ], [ -87.832456, 45.45502 ], [ -87.832694, 45.455922 ], [ -87.831217, 45.457185 ], [ -87.829134, 45.457925 ], [ -87.82743, 45.458076 ], [ -87.825509, 45.458026 ], [ -87.824661, 45.459137 ], [ -87.821057, 45.459955 ], [ -87.819834, 45.460591 ], [ -87.820407, 45.461271 ], [ -87.820264, 45.462314 ], [ -87.815551, 45.462795 ], [ -87.812976, 45.464159 ], [ -87.812975324776104, 45.464421121908202 ], [ -87.812971, 45.4661 ], [ -87.811469, 45.467991 ], [ -87.805773, 45.473139 ], [ -87.805873, 45.47438 ], [ -87.807388, 45.477031 ], [ -87.806891, 45.479092 ], [ -87.79896, 45.485147 ], [ -87.798362, 45.486564 ], [ -87.797824, 45.491468 ], [ -87.798243, 45.493264 ], [ -87.797943, 45.494044 ], [ -87.796409, 45.494679 ], [ -87.794639, 45.497439 ], [ -87.793447, 45.498372 ], [ -87.792769, 45.499967 ], [ -87.793215, 45.505028 ], [ -87.798794, 45.506287 ], [ -87.802241, 45.513059 ], [ -87.802267, 45.514233 ], [ -87.802624, 45.518562 ], [ -87.804203, 45.524676 ], [ -87.80472, 45.531244 ], [ -87.804528, 45.534373 ], [ -87.803364, 45.537016 ], [ -87.80339, 45.538272 ], [ -87.803453116710202, 45.538344090851602 ], [ -87.806358, 45.541662 ], [ -87.807159, 45.543523 ], [ -87.811517, 45.546403 ], [ -87.813737, 45.548616 ], [ -87.817089, 45.549512 ], [ -87.818791, 45.5521 ], [ -87.827215, 45.55562 ], [ -87.832296, 45.558767 ], [ -87.832968, 45.559461 ], [ -87.833591, 45.562529 ], [ -87.832681, 45.563412 ], [ -87.831645, 45.566225 ], [ -87.831681206877505, 45.5677144192803 ], [ -87.831689, 45.568035 ], [ -87.829346, 45.568776 ], [ -87.825801, 45.56755 ], [ -87.819821, 45.567079 ], [ -87.813745, 45.565175 ], [ -87.81176, 45.565554 ], [ -87.81042, 45.565308 ], [ -87.808211, 45.563712 ], [ -87.806104, 45.562863 ], [ -87.797536, 45.562124 ], [ -87.794737, 45.562372 ], [ -87.792372, 45.563055 ], [ -87.790874, 45.564096 ], [ -87.788798, 45.565947 ], [ -87.788326, 45.567941 ], [ -87.78844, 45.56963 ], [ -87.787292, 45.574906 ], [ -87.787462130934799, 45.579454541934098 ], [ -87.634959, 45.579827 ], [ -87.594195, 45.580085 ], [ -87.594184, 45.585806 ], [ -87.593398, 45.587166 ], [ -87.576447, 45.587509 ], [ -87.57097, 45.586404 ], [ -87.562741, 45.586175 ], [ -87.559407, 45.586684 ], [ -87.559096, 45.586739 ], [ -87.556675, 45.587359 ], [ -87.553055, 45.587365 ], [ -87.553166, 45.58612 ], [ -87.555065, 45.58028 ], [ -87.559282, 45.569255 ], [ -87.560441, 45.567609 ], [ -87.58157, 45.544685 ], [ -87.583877, 45.54164 ], [ -87.594282, 45.52297 ], [ -87.594773, 45.521576 ], [ -87.598159, 45.507191 ], [ -87.601597, 45.492579 ], [ -87.60327, 45.485474 ], [ -87.603943, 45.479367 ], [ -87.603858, 45.477841 ], [ -87.602662, 45.475004 ], [ -87.600469, 45.472077 ], [ -87.598519, 45.467324 ], [ -87.598371, 45.465999 ], [ -87.598177, 45.456822 ], [ -87.598642, 45.449708 ], [ -87.599156, 45.442469 ], [ -87.599427, 45.42618 ], [ -87.59962, 45.424672 ], [ -87.602104, 45.420689 ], [ -87.604695, 45.418217 ], [ -87.606285, 45.416057 ], [ -87.609339, 45.410427 ], [ -87.609785, 45.408844 ], [ -87.609864, 45.406155 ], [ -87.610215, 45.391417 ], [ -87.610467, 45.376838 ], [ -87.611178, 45.373589 ], [ -87.614841, 45.36737 ], [ -87.615549, 45.365688 ], [ -87.61572, 45.36462 ], [ -87.61534, 45.358422 ], [ -87.615235, 45.330221 ], [ -87.614199, 45.325994 ], [ -87.646328, 45.326005 ], [ -87.661992706978694, 45.326087672643901 ], [ -87.662029, 45.326434 ], [ -87.661603, 45.327608 ], [ -87.65983, 45.329144 ], [ -87.655775, 45.330847 ], [ -87.653794, 45.333061 ], [ -87.651798, 45.336414 ], [ -87.648975, 45.338166 ], [ -87.648126, 45.339396 ], [ -87.647798, 45.342245 ], [ -87.648237, 45.343292 ], [ -87.647454, 45.345232 ], [ -87.647518, 45.34651 ], [ -87.648128, 45.34788 ], [ -87.647729, 45.350721 ], [ -87.648476, 45.352243 ], [ -87.650661, 45.353798 ], [ -87.653568, 45.354204 ], [ -87.656632, 45.358617 ], [ -87.655807, 45.362706 ], [ -87.656938, 45.364568 ], [ -87.656624, 45.367295 ], [ -87.657349, 45.368752 ], [ -87.658698, 45.369723 ], [ -87.673513, 45.376946 ], [ -87.674403, 45.378065 ], [ -87.67455, 45.381649 ], [ -87.675017, 45.382454 ], [ -87.676466, 45.383219 ], [ -87.682866, 45.38495 ], [ -87.685934, 45.388711 ], [ -87.690281, 45.389822 ], [ -87.693956, 45.389893 ], [ -87.698707979901499, 45.3882935491377 ], [ -87.699797, 45.387927 ], [ -87.704337, 45.385462 ], [ -87.706767, 45.383827 ], [ -87.708329, 45.381218 ], [ -87.71361, 45.37909 ], [ -87.718891, 45.377462 ], [ -87.733409, 45.364432 ], [ -87.737801, 45.359635 ], [ -87.738352, 45.358243 ], [ -87.738457, 45.357156 ], [ -87.739634, 45.35644 ], [ -87.744956, 45.356559 ], [ -87.750928, 45.355037 ], [ -87.751626, 45.354169 ], [ -87.751452, 45.351755 ], [ -87.754104, 45.349442 ], [ -87.762128, 45.348401 ], [ -87.769172, 45.351195 ], [ -87.771384, 45.35121 ], [ -87.773901, 45.351226 ], [ -87.781532, 45.349695 ], [ -87.783076, 45.349725 ], [ -87.787967, 45.352612 ], [ -87.790324, 45.353444 ], [ -87.800464, 45.353608 ], [ -87.810076, 45.351269 ], [ -87.814166576960503, 45.351705155557603 ], [ -87.823028, 45.35265 ], [ -87.823554, 45.351637 ], [ -87.824855, 45.350713 ], [ -87.826918, 45.350538 ], [ -87.829775, 45.352005 ], [ -87.832612, 45.352249 ], [ -87.835303, 45.35098 ], [ -87.836782, 45.346451 ], [ -87.838141, 45.345101 ], [ -87.848368, 45.340676 ], [ -87.850133, 45.340435 ], [ -87.851318, 45.341346 ], [ -87.851475, 45.342335 ], [ -87.849899, 45.344651 ], [ -87.850418, 45.347492 ], [ -87.852784, 45.349497 ], [ -87.858617, 45.350378 ], [ -87.860871, 45.351192 ], [ -87.863489, 45.35302 ], [ -87.864873, 45.354767 ], [ -87.865763, 45.35628 ], [ -87.865675, 45.358213 ], [ -87.865163, 45.361115 ], [ -87.865999, 45.363194 ], [ -87.868177, 45.365365 ], [ -87.870238, 45.366436 ], [ -87.87295, 45.366526 ], [ -87.875111, 45.365947 ], [ -87.875797, 45.365314 ], [ -87.87567, 45.364228 ], [ -87.871204, 45.360056 ], [ -87.870084, 45.359022 ], [ -87.869613, 45.357481 ], [ -87.870367, 45.356267 ], [ -87.871685, 45.355729 ], [ -87.87546, 45.354626 ], [ -87.877461, 45.352832 ], [ -87.879835, 45.35149 ], [ -87.881114, 45.351278 ], [ -87.88517, 45.351736 ], [ -87.886949, 45.35311 ], [ -87.888052, 45.354697 ], [ -87.887828, 45.358122 ] ] ] } },
{ "type": "Feature", "properties": { "geoid": "26161400800", "county_name": "Washtenaw County", "place_name": null, "state_name": "Michigan", "state_abbr": "MI", "is_rural": false, "dci_score": 45.1, "dci_quintile": 5.0, "is_cra_lmi": false, "income_level": "NA", "is_persistent_poverty": false, "is_tribal_overlap": false, "tribal_area_name": null, "aian_pct": 0.0, "has_nmtc": false, "nmtc_projects": 0, "nmtc_total_usd": 0.0 }, "geometry": { "type": "Polygon", "coordinates": [ [ [ -83.743613, 42.284753 ], [ -83.743543, 42.287028 ], [ -83.742683, 42.287409 ], [ -83.742275, 42.287636 ], [ -83.740364, 42.288619 ], [ -83.738165, 42.286676 ], [ -83.73621, 42.286189 ], [ -83.734824, 42.286262 ], [ -83.734019, 42.286519 ], [ -83.732975, 42.287318 ], [ -83.732496, 42.28647 ], [ -83.735306, 42.285129 ], [ -83.735513, 42.281354 ], [ -83.740862, 42.281191 ], [ -83.743887, 42.281271 ], [ -83.743613, 42.284753 ] ] ] } },
{ "type": "Feature", "properties": { "geoid": "26161404200", "county_name": "Washtenaw County", "place_name": null, "state_name": "Michigan", "state_abbr": "MI", "is_rural": false, "dci_score": 10.6, "dci_quintile": 5.0, "is_cra_lmi": true, "income_level": "L", "is_persistent_poverty": false, "is_tribal_overlap": false, "tribal_area_name": null, "aian_pct": 0.0, "has_nmtc": false, "nmtc_projects": 0, "nmtc_total_usd": 0.0 }, "geometry": { "type": "Polygon", "coordinates": [ [ [ -83.784286, 42.272622 ], [ -83.783643, 42.272693 ], [ -83.780049, 42.273479 ], [ -83.776729, 42.274159 ], [ -83.77445, 42.270887 ], [ -83.771354, 42.268004 ], [ -83.77491, 42.267883 ], [ -83.77719, 42.265948 ], [ -83.779779, 42.265396 ], [ -83.779575, 42.258879 ], [ -83.777217, 42.2567 ], [ -83.776819, 42.256282 ], [ -83.777431, 42.256264 ], [ -83.779441, 42.257787 ], [ -83.781997, 42.259856 ], [ -83.784009, 42.26276 ], [ -83.784564, 42.264525 ], [ -83.784286, 42.272622 ] ] ] } },
{ "type": "Feature", "properties": { "geoid": "26161405100", "county_name": "Washtenaw County", "place_name": null, "state_name": "Michigan", "state_abbr": "MI", "is_rural": false, "dci_score": 43.5, "dci_quintile": 5.0, "is_cra_lmi": true, "income_level": "M", "is_persistent_poverty": false, "is_tribal_overlap": false, "tribal_area_name": null, "aian_pct": 0.0, "has_nmtc": false, "nmtc_projects": 0, "nmtc_total_usd": 0.0 }, "geometry": { "type": "Polygon", "coordinates": [ [ [ -83.720091, 42.238825 ], [ -83.71987, 42.239761 ], [ -83.719822, 42.244045 ], [ -83.719834, 42.24446 ], [ -83.719843, 42.245786 ], [ -83.71985, 42.246166 ], [ -83.71987, 42.247053 ], [ -83.720089, 42.247876 ], [ -83.714809, 42.244703 ], [ -83.714215, 42.244736 ], [ -83.704395, 42.244952 ], [ -83.700089, 42.245084 ], [ -83.699971, 42.23768 ], [ -83.699882, 42.232352 ], [ -83.707598, 42.236047 ], [ -83.709731, 42.236845 ], [ -83.713296, 42.237536 ], [ -83.720095, 42.2375 ], [ -83.720091, 42.238825 ] ] ] } },
{ "type": "Feature", "properties": { "geoid": "26143971100", "county_name": "Roscommon County", "place_name": null, "state_name": "Michigan", "state_abbr": "MI", "is_rural": true, "dci_score": 61.8, "dci_quintile": 4.0, "is_cra_lmi": true, "income_level": "M", "is_persistent_poverty": false, "is_tribal_overlap": false, "tribal_area_name": null, "aian_pct": 0.0, "has_nmtc": false, "nmtc_projects": 0, "nmtc_total_usd": 0.0 }, "geometry": { "type": "Polygon", "coordinates": [ [ [ -84.652125, 44.298443 ], [ -84.650148, 44.299891 ], [ -84.645775, 44.301842 ], [ -84.639574, 44.30539 ], [ -84.637755, 44.30924 ], [ -84.636549, 44.310478 ], [ -84.635224, 44.31137 ], [ -84.630968, 44.312962 ], [ -84.615817, 44.318293 ], [ -84.613523, 44.320076 ], [ -84.612648, 44.321423 ], [ -84.612099, 44.320776 ], [ -84.611726, 44.317907 ], [ -84.609611, 44.308616 ], [ -84.607955, 44.306841 ], [ -84.606025, 44.305507 ], [ -84.595957, 44.305671 ], [ -84.59095, 44.305493 ], [ -84.580461, 44.304552 ], [ -84.574694, 44.304192 ], [ -84.571529, 44.304249 ], [ -84.558888, 44.305 ], [ -84.518144, 44.305479 ], [ -84.515262, 44.305571 ], [ -84.513066, 44.306272 ], [ -84.510526, 44.305298 ], [ -84.491181, 44.305252 ], [ -84.491716, 44.319561 ], [ -84.491469, 44.334583 ], [ -84.49158, 44.349114 ], [ -84.439167, 44.348886 ], [ -84.434999, 44.3489 ], [ -84.410232, 44.349047 ], [ -84.410172, 44.334465 ], [ -84.400171, 44.334513 ], [ -84.392908, 44.334211 ], [ -84.390473, 44.334813 ], [ -84.384332, 44.33432 ], [ -84.36956, 44.334081 ], [ -84.368631, 44.247072 ], [ -84.368237, 44.226983 ], [ -84.366324, 44.175508 ], [ -84.368039, 44.160538 ], [ -84.487295, 44.160491 ], [ -84.608104, 44.160482 ], [ -84.6087, 44.160484 ], [ -84.61006, 44.161502 ], [ -84.619234, 44.165988 ], [ -84.619824, 44.166718 ], [ -84.620025, 44.167803 ], [ -84.620267, 44.231513 ], [ -84.620509, 44.233163 ], [ -84.621061, 44.233873 ], [ -84.634266, 44.247725 ], [ -84.644945, 44.256797 ], [ -84.646904, 44.25865 ], [ -84.651401, 44.275217 ], [ -84.65157, 44.276655 ], [ -84.651828, 44.289613 ], [ -84.651874, 44.291209 ], [ -84.652125, 44.298443 ] ] ] } },
{ "type": "Feature", "properties": { "geoid": "26025003600", "county_name": "Calhoun County", "place_name": null, "state_name": "Michigan", "state_abbr": "MI", "is_rural": true, "dci_score": 93.2, "dci_quintile": 1.0, "is_cra_lmi": true, "income_level": "L", "is_persistent_poverty": false, "is_tribal_overlap": false, "tribal_area_name": null, "aian_pct": 0.0, "has_nmtc": false, "nmtc_projects": 0, "nmtc_total_usd": 0.0 }, "geometry": { "type": "Polygon", "coordinates": [ [ [ -84.80738, 42.261504 ], [ -84.787317, 42.261455 ], [ -84.785764, 42.260924 ], [ -84.78609, 42.277368 ], [ -84.77606, 42.268002 ], [ -84.773215, 42.266044 ], [ -84.768905, 42.264546 ], [ -84.76548, 42.264181 ], [ -84.756376, 42.264326 ], [ -84.749786, 42.264451 ], [ -84.748708, 42.264473 ], [ -84.746633, 42.264503 ], [ -84.746555, 42.261448 ], [ -84.746418, 42.254139 ], [ -84.752978, 42.254139 ], [ -84.753018, 42.246832 ], [ -84.756141, 42.247479 ], [ -84.756183, 42.246181 ], [ -84.758136, 42.2473 ], [ -84.762191, 42.24758 ], [ -84.768989, 42.247576 ], [ -84.770349, 42.248317 ], [ -84.775624, 42.248981 ], [ -84.780098, 42.250571 ], [ -84.782442, 42.251998 ], [ -84.787204, 42.252577 ], [ -84.791875, 42.253784 ], [ -84.793451, 42.254566 ], [ -84.797681, 42.255402 ], [ -84.798325, 42.256384 ], [ -84.80023, 42.256595 ], [ -84.801552, 42.257854 ], [ -84.805844, 42.259487 ], [ -84.80738, 42.261504 ] ] ] } },
{ "type": "Feature", "properties": { "geoid": "26025000600", "county_name": "Calhoun County", "place_name": "Monroe", "state_name": "Michigan", "state_abbr": "MI", "is_rural": false, "dci_score": 51.2, "dci_quintile": 5.0, "is_cra_lmi": true, "income_level": "M", "is_persistent_poverty": false, "is_tribal_overlap": false, "tribal_area_name": null, "aian_pct": 0.0, "has_nmtc": false, "nmtc_projects": 0, "nmtc_total_usd": 0.0 }, "geometry": { "type": "Polygon", "coordinates": [ [ [ -85.185391, 42.308187 ], [ -85.184918, 42.309337 ], [ -85.182213, 42.311845 ], [ -85.180527, 42.315739 ], [ -85.178848, 42.315359 ], [ -85.177916, 42.316018 ], [ -85.172105, 42.314193 ], [ -85.172048, 42.311779 ], [ -85.172044, 42.310612 ], [ -85.169909, 42.309503 ], [ -85.164284, 42.309517 ], [ -85.164174, 42.30459 ], [ -85.163959, 42.301704 ], [ -85.166177, 42.300949 ], [ -85.169594, 42.300234 ], [ -85.171447, 42.299872 ], [ -85.177024, 42.298711 ], [ -85.179707, 42.298526 ], [ -85.180437, 42.298477 ], [ -85.182539, 42.302703 ], [ -85.184195, 42.304658 ], [ -85.185315, 42.306425 ], [ -85.185391, 42.308187 ] ] ] } },
{ "type": "Feature", "properties": { "geoid": "26025003100", "county_name": "Calhoun County", "place_name": null, "state_name": "Michigan", "state_abbr": "MI", "is_rural": true, "dci_score": 81.3, "dci_quintile": 2.0, "is_cra_lmi": false, "income_level": "U", "is_persistent_poverty": false, "is_tribal_overlap": false, "tribal_area_name": null, "aian_pct": 0.0, "has_nmtc": false, "nmtc_projects": 0, "nmtc_total_usd": 0.0 }, "geometry": { "type": "Polygon", "coordinates": [ [ [ -84.826871, 42.159466 ], [ -84.819036, 42.159445 ], [ -84.809306, 42.159409 ], [ -84.802571, 42.159352 ], [ -84.750091, 42.159205 ], [ -84.749007, 42.159274 ], [ -84.718889, 42.158909 ], [ -84.711481, 42.159146 ], [ -84.711129, 42.150451 ], [ -84.710727, 42.127726 ], [ -84.710143, 42.09937 ], [ -84.710002, 42.092901 ], [ -84.709556, 42.070366 ], [ -84.772681, 42.071486 ], [ -84.796096, 42.071918 ], [ -84.807355, 42.072114 ], [ -84.826491, 42.072468 ], [ -84.826682, 42.130515 ], [ -84.826871, 42.159466 ] ] ] } },
{ "type": "Feature", "properties": { "geoid": "26001970500", "county_name": "Alcona County", "place_name": null, "state_name": "Michigan", "state_abbr": "MI", "is_rural": true, "dci_score": 60.7, "dci_quintile": 4.0, "is_cra_lmi": true, "income_level": "M", "is_persistent_poverty": false, "is_tribal_overlap": false, "tribal_area_name": null, "aian_pct": 0.0, "has_nmtc": false, "nmtc_projects": 0, "nmtc_total_usd": 0.0 }, "geometry": { "type": "Polygon", "coordinates": [ [ [ -83.888519, 44.769517 ], [ -83.888322, 44.794908 ], [ -83.888137, 44.795505 ], [ -83.888484, 44.856458 ], [ -83.802707, 44.856605 ], [ -83.800299, 44.856555 ], [ -83.787024, 44.856757 ], [ -83.766941, 44.856735 ], [ -83.607767, 44.858937 ], [ -83.607423, 44.852889 ], [ -83.608514, 44.849146 ], [ -83.606412, 44.845492 ], [ -83.606393, 44.818762 ], [ -83.602025, 44.814142 ], [ -83.600904, 44.812896 ], [ -83.598409, 44.811557 ], [ -83.593933, 44.810267 ], [ -83.588988, 44.807804 ], [ -83.589422, 44.806065 ], [ -83.584433, 44.792764 ], [ -83.581294, 44.789199 ], [ -83.576619, 44.772755 ], [ -83.575456, 44.770413 ], [ -83.568167, 44.758068 ], [ -83.56651, 44.756708 ], [ -83.564597, 44.75621 ], [ -83.555733, 44.755439 ], [ -83.549295, 44.752785 ], [ -83.547658, 44.752471 ], [ -83.545594, 44.752729 ], [ -83.540014, 44.756032 ], [ -83.538184, 44.756314 ], [ -83.526103, 44.756265 ], [ -83.52528, 44.683942 ], [ -83.529483, 44.683716 ], [ -83.53448, 44.683961 ], [ -83.544773, 44.683847 ], [ -83.546485, 44.683765 ], [ -83.560078, 44.681441 ], [ -83.57689, 44.681255 ], [ -83.579931, 44.679885 ], [ -83.591448, 44.679818 ], [ -83.596894, 44.682224 ], [ -83.600907, 44.683258 ], [ -83.602711, 44.683726 ], [ -83.604711, 44.683905 ], [ -83.605747, 44.683892 ], [ -83.606331, 44.683768 ], [ -83.607371, 44.683277 ], [ -83.607854, 44.683263 ], [ -83.626189, 44.683079 ], [ -83.624838, 44.628673 ], [ -83.626392, 44.625551 ], [ -83.627559, 44.62137 ], [ -83.627474, 44.617399 ], [ -83.62873, 44.612914 ], [ -83.628377, 44.60705 ], [ -83.626701, 44.601444 ], [ -83.626437, 44.598568 ], [ -83.627485, 44.595998 ], [ -83.627927, 44.594679 ], [ -83.626875, 44.590925 ], [ -83.625031, 44.590345 ], [ -83.624623, 44.588879 ], [ -83.620837, 44.589173 ], [ -83.610857, 44.588439 ], [ -83.607981, 44.589789 ], [ -83.588746, 44.589543 ], [ -83.589303, 44.58855 ], [ -83.597357, 44.583521 ], [ -83.598616, 44.5817 ], [ -83.598498, 44.580103 ], [ -83.59925, 44.578528 ], [ -83.59869, 44.576844 ], [ -83.594663, 44.575829 ], [ -83.592461, 44.576374 ], [ -83.590139, 44.57618 ], [ -83.586942, 44.574902 ], [ -83.586113, 44.573853 ], [ -83.586001, 44.572766 ], [ -83.587269, 44.570535 ], [ -83.58946, 44.56909 ], [ -83.591215, 44.566925 ], [ -83.594908, 44.564067 ], [ -83.596188, 44.559657 ], [ -83.595647, 44.557869 ], [ -83.593491, 44.554584 ], [ -83.593491, 44.554436 ], [ -83.594116, 44.553068 ], [ -83.591467, 44.548654 ], [ -83.59382, 44.546554 ], [ -83.600464, 44.54507 ], [ -83.602739, 44.543864 ], [ -83.603668, 44.542105 ], [ -83.603719, 44.540442 ], [ -83.603546, 44.540552 ], [ -83.583636, 44.539798 ], [ -83.583519, 44.511358 ], [ -83.584195, 44.511232 ], [ -83.604006, 44.511213 ], [ -83.645252, 44.510911 ], [ -83.664396, 44.510826 ], [ -83.665234, 44.510875 ], [ -83.695576, 44.510581 ], [ -83.766195, 44.509984 ], [ -83.886634, 44.508976 ], [ -83.886757, 44.523278 ], [ -83.887422, 44.595382 ], [ -83.88792, 44.659814 ], [ -83.888201, 44.682086 ], [ -83.888539, 44.721241 ], [ -83.888519, 44.769517 ] ] ] } },
{ "type": "Feature", "properties": { "geoid": "26133970501", "county_name": "Osceola County", "place_name": null, "state_name": "Michigan", "state_abbr": "MI", "is_rural": true, "dci_score": 81.5, "dci_quintile": 2.0, "is_cra_lmi": true, "income_level": "M", "is_persistent_poverty": false, "is_tribal_overlap": false, "tribal_area_name": null, "aian_pct": 0.0, "has_nmtc": false, "nmtc_projects": 0, "nmtc_total_usd": 0.0 }, "geometry": { "type": "Polygon", "coordinates": [ [ [ -85.44426, 43.856525 ], [ -85.443527, 43.858083 ], [ -85.442926, 43.85808 ], [ -85.442823, 43.865237 ], [ -85.443189, 43.872479 ], [ -85.403872, 43.872722 ], [ -85.395834, 43.872604 ], [ -85.392346, 43.872886 ], [ -85.382303, 43.875703 ], [ -85.348605, 43.885408 ], [ -85.343777, 43.886453 ], [ -85.325198, 43.889542 ], [ -85.313832, 43.891729 ], [ -85.306206, 43.894428 ], [ -85.306195, 43.893701 ], [ -85.306221, 43.889944 ], [ -85.306262, 43.888491 ], [ -85.306237, 43.887378 ], [ -85.306239, 43.887027 ], [ -85.306206, 43.87925 ], [ -85.305157, 43.882035 ], [ -85.301614, 43.882329 ], [ -85.29947, 43.883514 ], [ -85.293432, 43.883763 ], [ -85.288973, 43.885844 ], [ -85.287489, 43.887473 ], [ -85.285465, 43.886462 ], [ -85.282514, 43.887313 ], [ -85.281428, 43.888228 ], [ -85.280734, 43.890522 ], [ -85.278195, 43.891846 ], [ -85.275508, 43.891893 ], [ -85.273282, 43.890903 ], [ -85.26761, 43.891768 ], [ -85.261374, 43.894222 ], [ -85.259485, 43.89492 ], [ -85.25669, 43.893628 ], [ -85.256246, 43.892788 ], [ -85.256074, 43.880836 ], [ -85.255019, 43.879619 ], [ -85.252837, 43.878953 ], [ -85.249033, 43.878902 ], [ -85.247235, 43.87816 ], [ -85.24611, 43.876001 ], [ -85.246203, 43.857283 ], [ -85.286861, 43.857322 ], [ -85.287472, 43.855312 ], [ -85.286432, 43.852794 ], [ -85.287845, 43.850173 ], [ -85.286328, 43.8477 ], [ -85.28611, 43.835776 ], [ -85.266102, 43.835717 ], [ -85.266059, 43.814001 ], [ -85.290145, 43.814341 ], [ -85.300215, 43.814191 ], [ -85.324384, 43.814384 ], [ -85.334771, 43.814369 ], [ -85.374944, 43.814573 ], [ -85.404128, 43.814621 ], [ -85.411518, 43.814602 ], [ -85.443132, 43.81481 ], [ -85.442948, 43.843636 ], [ -85.444385, 43.843649 ], [ -85.44426, 43.856525 ] ] ] } },
{ "type": "Feature", "properties": { "geoid": "26087337500", "county_name": "Lapeer County", "place_name": null, "state_name": "Michigan", "state_abbr": "MI", "is_rural": true, "dci_score": 53.4, "dci_quintile": 5.0, "is_cra_lmi": true, "income_level": "M", "is_persistent_poverty": false, "is_tribal_overlap": false, "tribal_area_name": null, "aian_pct": 0.0, "has_nmtc": false, "nmtc_projects": 0, "nmtc_total_usd": 0.0 }, "geometry": { "type": "Polygon", "coordinates": [ [ [ -83.32262, 43.036138 ], [ -83.31948, 43.045075 ], [ -83.318569, 43.048789 ], [ -83.318625, 43.050765 ], [ -83.318655, 43.051543 ], [ -83.319369, 43.064088 ], [ -83.319273, 43.065254 ], [ -83.318673, 43.068547 ], [ -83.3143, 43.065434 ], [ -83.310982, 43.065479 ], [ -83.306084, 43.065695 ], [ -83.306285, 43.069159 ], [ -83.30131, 43.069267 ], [ -83.300799, 43.058544 ], [ -83.299864, 43.05857 ], [ -83.299823, 43.054734 ], [ -83.298059, 43.054766 ], [ -83.297958, 43.052927 ], [ -83.29483, 43.053014 ], [ -83.294731, 43.051205 ], [ -83.287393, 43.051338 ], [ -83.287341, 43.050379 ], [ -83.284834, 43.050208 ], [ -83.286119, 43.050175 ], [ -83.285894, 43.047207 ], [ -83.28466, 43.046305 ], [ -83.284586, 43.045492 ], [ -83.293333, 43.048936 ], [ -83.29717, 43.049877 ], [ -83.299902, 43.049904 ], [ -83.299435, 43.043769 ], [ -83.294247, 43.043877 ], [ -83.293829, 43.036607 ], [ -83.296816, 43.036566 ], [ -83.296953, 43.036534 ], [ -83.298729, 43.036559 ], [ -83.2986, 43.03421 ], [ -83.303431, 43.03413 ], [ -83.30276, 43.036499 ], [ -83.306386, 43.036367 ], [ -83.32074, 43.036185 ], [ -83.32262, 43.036138 ] ] ] } },
{ "type": "Feature", "properties": { "geoid": "26077000202", "county_name": "Kalamazoo County", "place_name": null, "state_name": "Michigan", "state_abbr": "MI", "is_rural": false, "dci_score": 96.2, "dci_quintile": 1.0, "is_cra_lmi": true, "income_level": "L", "is_persistent_poverty": false, "is_tribal_overlap": false, "tribal_area_name": null, "aian_pct": 0.0, "has_nmtc": false, "nmtc_projects": 0, "nmtc_total_usd": 0.0 }, "geometry": { "type": "Polygon", "coordinates": [ [ [ -85.585109, 42.307162 ], [ -85.583702, 42.307144 ], [ -85.583765, 42.310717 ], [ -85.579033, 42.310701 ], [ -85.576246, 42.310746 ], [ -85.575328, 42.31076 ], [ -85.575277, 42.31351 ], [ -85.576235, 42.313533 ], [ -85.576389, 42.313537 ], [ -85.576468, 42.316083 ], [ -85.576449, 42.316974 ], [ -85.575998, 42.316964 ], [ -85.575839, 42.317736 ], [ -85.573321, 42.317821 ], [ -85.571937, 42.313529 ], [ -85.572788, 42.309999 ], [ -85.572305, 42.306987 ], [ -85.571121, 42.303249 ], [ -85.573172, 42.300221 ], [ -85.571519, 42.29818 ], [ -85.572633, 42.29584 ], [ -85.584894, 42.295599 ], [ -85.585109, 42.30336 ], [ -85.585109, 42.307162 ] ] ] } },
{ "type": "Feature", "properties": { "geoid": "26069000400", "county_name": "Iosco County", "place_name": "Farmington Hills", "state_name": "Michigan", "state_abbr": "MI", "is_rural": true, "dci_score": 74.3, "dci_quintile": 3.0, "is_cra_lmi": true, "income_level": "M", "is_persistent_poverty": false, "is_tribal_overlap": false, "tribal_area_name": null, "aian_pct": 0.0, "has_nmtc": false, "nmtc_projects": 0, "nmtc_total_usd": 0.0 }, "geometry": { "type": "Polygon", "coordinates": [ [ [ -83.34694, 44.385434 ], [ -83.347299, 44.385379 ], [ -83.344409, 44.395906 ], [ -83.343749, 44.397591 ], [ -83.341231, 44.400832 ], [ -83.343398, 44.403881 ], [ -83.345267, 44.410047 ], [ -83.346761, 44.413817 ], [ -83.345797, 44.41977 ], [ -83.346442, 44.423457 ], [ -83.347026, 44.424902 ], [ -83.34713, 44.426332 ], [ -83.346529, 44.432801 ], [ -83.345852, 44.436798 ], [ -83.344977, 44.439461 ], [ -83.344663, 44.440449 ], [ -83.343797, 44.441823 ], [ -83.337091, 44.44872 ], [ -83.336096, 44.450286 ], [ -83.334887, 44.454495 ], [ -83.334224, 44.455782 ], [ -83.334001, 44.460904 ], [ -83.326369, 44.460778 ], [ -83.323496589815804, 44.460742202581699 ], [ -83.324583, 44.45607 ], [ -83.325926, 44.446487 ], [ -83.326824, 44.444411 ], [ -83.327171, 44.429234 ], [ -83.327047, 44.428545084148602 ], [ -83.326455873878899, 44.425260921609002 ], [ -83.325046567618102, 44.417431135944803 ], [ -83.324813027004595, 44.416133637311397 ], [ -83.324685395995303, 44.4154245483967 ], [ -83.324616, 44.415039 ], [ -83.321553, 44.409119 ], [ -83.320532, 44.406932 ], [ -83.320642443446204, 44.406691518302601 ], [ -83.321648, 44.404502 ], [ -83.324867, 44.396964 ], [ -83.325864, 44.395267 ], [ -83.32733, 44.388385 ], [ -83.331883369389004, 44.377120954579702 ], [ -83.336117, 44.378071 ], [ -83.337912, 44.377312 ], [ -83.341214, 44.373197 ], [ -83.342178, 44.373132 ], [ -83.343374, 44.374492 ], [ -83.342968, 44.375656 ], [ -83.345454, 44.376567 ], [ -83.346379, 44.3779 ], [ -83.345892, 44.379561 ], [ -83.343748, 44.380483 ], [ -83.344495, 44.382405 ], [ -83.34734, 44.383138 ], [ -83.34694, 44.385434 ] ] ] } },
{ "type": "Feature", "properties": { "geoid": "26073000600", "county_name": "Isabella County", "place_name": null, "state_name": "Michigan", "state_abbr": "MI", "is_rural": true, "dci_score": 61.3, "dci_quintile": 4.0, "is_cra_lmi": false, "income_level": "U", "is_persistent_poverty": false, "is_tribal_overlap": false, "tribal_area_name": null, "aian_pct": 0.0, "has_nmtc": false, "nmtc_projects": 0, "nmtc_total_usd": 0.0 }, "geometry": { "type": "Polygon", "coordinates": [ [ [ -84.767497, 43.589872 ], [ -84.765055, 43.589892 ], [ -84.765082, 43.593547 ], [ -84.762665, 43.593556 ], [ -84.762611, 43.595399 ], [ -84.762744, 43.597221 ], [ -84.754548, 43.597247 ], [ -84.747687, 43.597258 ], [ -84.747647, 43.593782 ], [ -84.747646, 43.592913 ], [ -84.747602, 43.589944 ], [ -84.747484, 43.582749 ], [ -84.755242, 43.582711 ], [ -84.757529, 43.582684 ], [ -84.758847, 43.582704 ], [ -84.76746, 43.582585 ], [ -84.767497, 43.589872 ] ] ] } },
{ "type": "Feature", "properties": { "geoid": "26073000800", "county_name": "Isabella County", "place_name": "Detroit", "state_name": "Michigan", "state_abbr": "MI", "is_rural": true, "dci_score": 61.3, "dci_quintile": 4.0, "is_cra_lmi": false, "income_level": "U", "is_persistent_poverty": false, "is_tribal_overlap": false, "tribal_area_name": null, "aian_pct": 0.0, "has_nmtc": false, "nmtc_projects": 0, "nmtc_total_usd": 0.0 }, "geometry": { "type": "Polygon", "coordinates": [ [ [ -84.787302, 43.553935 ], [ -84.78733, 43.568293 ], [ -84.787293, 43.573246 ], [ -84.787351, 43.574293 ], [ -84.787354, 43.575137 ], [ -84.787366, 43.577138 ], [ -84.787418, 43.582465 ], [ -84.780868, 43.582508 ], [ -84.777567, 43.582527 ], [ -84.775796, 43.575104 ], [ -84.775243, 43.573484 ], [ -84.774047, 43.572242 ], [ -84.767325, 43.569755 ], [ -84.747333, 43.562593 ], [ -84.727399, 43.555378 ], [ -84.727414, 43.553514 ], [ -84.732477, 43.553515 ], [ -84.742525, 43.553479 ], [ -84.770251, 43.553432 ], [ -84.779876, 43.553432 ], [ -84.783204, 43.553425 ], [ -84.785426, 43.553422 ], [ -84.787576, 43.553422 ], [ -84.787302, 43.553935 ] ] ] } },
{ "type": "Feature", "properties": { "geoid": "26121000402", "county_name": "Muskegon County", "place_name": "Detroit", "state_name": "Michigan", "state_abbr": "MI", "is_rural": true, "dci_score": 85.5, "dci_quintile": 2.0, "is_cra_lmi": true, "income_level": "M", "is_persistent_poverty": false, "is_tribal_overlap": false, "tribal_area_name": null, "aian_pct": 0.0, "has_nmtc": false, "nmtc_projects": 0, "nmtc_total_usd": 0.0 }, "geometry": { "type": "Polygon", "coordinates": [ [ [ -86.224603, 43.208511 ], [ -86.224561, 43.210343 ], [ -86.224452, 43.215852 ], [ -86.224382, 43.219459 ], [ -86.214841, 43.219459 ], [ -86.213759, 43.219468 ], [ -86.20943, 43.219488 ], [ -86.204808, 43.219502 ], [ -86.194542, 43.219625 ], [ -86.19452, 43.216115 ], [ -86.189529, 43.21602 ], [ -86.189757, 43.212344 ], [ -86.169713, 43.212454 ], [ -86.169774, 43.205213 ], [ -86.169379, 43.205013 ], [ -86.168165, 43.203918 ], [ -86.168455, 43.201864 ], [ -86.167706, 43.201353 ], [ -86.182014, 43.205033 ], [ -86.2052, 43.205013 ], [ -86.219406, 43.204929 ], [ -86.223382, 43.204833 ], [ -86.224689, 43.204841 ], [ -86.224603, 43.208511 ] ] ] } },
{ "type": "Feature", "properties": { "geoid": "26067032100", "county_name": "Ionia County", "place_name": "Detroit", "state_name": "Michigan", "state_abbr": "MI", "is_rural": true, "dci_score": 70.4, "dci_quintile": 3.0, "is_cra_lmi": true, "income_level": "M", "is_persistent_poverty": false, "is_tribal_overlap": false, "tribal_area_name": null, "aian_pct": 0.0, "has_nmtc": false, "nmtc_projects": 0, "nmtc_total_usd": 0.0 }, "geometry": { "type": "Polygon", "coordinates": [ [ [ -85.174356, 42.948949 ], [ -85.167054, 42.949148 ], [ -85.164108, 42.950835 ], [ -85.162889, 42.954233 ], [ -85.158002, 42.958073 ], [ -85.153609, 42.958622 ], [ -85.15167, 42.958513 ], [ -85.152124, 42.96375 ], [ -85.148248, 42.965504 ], [ -85.146421, 42.967378 ], [ -85.14195, 42.97153 ], [ -85.139863, 42.972528 ], [ -85.137995, 42.972966 ], [ -85.134145, 42.972963 ], [ -85.126264, 42.973025 ], [ -85.125224, 42.973294 ], [ -85.119766, 42.97707 ], [ -85.111098, 42.979028 ], [ -85.110996, 42.980088 ], [ -85.108256, 42.980068 ], [ -85.107633, 42.979388 ], [ -85.111092, 42.97874 ], [ -85.111028, 42.972753 ], [ -85.109496, 42.97275 ], [ -85.109455, 42.96948 ], [ -85.103842, 42.970373 ], [ -85.097611, 42.972327 ], [ -85.097348, 42.972768 ], [ -85.097415, 42.973877 ], [ -85.097967, 42.974289 ], [ -85.098217, 42.974597 ], [ -85.099386, 42.975486 ], [ -85.098039, 42.977156 ], [ -85.095792, 42.977226 ], [ -85.095793, 42.979308 ], [ -85.097813, 42.979334 ], [ -85.09796, 42.981631 ], [ -85.099883, 42.981459 ], [ -85.09677, 42.983103 ], [ -85.097711, 42.985294 ], [ -85.097746, 42.987348 ], [ -85.084783, 42.987358 ], [ -85.084657, 42.983727 ], [ -85.079918, 42.983722 ], [ -85.078263, 42.983765 ], [ -85.075871, 42.981729 ], [ -85.070184, 42.982184 ], [ -85.070257, 42.980591 ], [ -85.070334, 42.976709 ], [ -85.069302, 42.97227 ], [ -85.069306, 42.972056 ], [ -85.069404, 42.968436 ], [ -85.070336, 42.966801 ], [ -85.073662, 42.962911 ], [ -85.074113, 42.962396 ], [ -85.074327, 42.962111 ], [ -85.074546, 42.961732 ], [ -85.074651, 42.961423 ], [ -85.074791, 42.960917 ], [ -85.074758, 42.951138 ], [ -85.094533, 42.951104 ], [ -85.0945, 42.953816 ], [ -85.09453, 42.961674 ], [ -85.094266, 42.963097 ], [ -85.094384, 42.96307 ], [ -85.099945, 42.961095 ], [ -85.104291, 42.960038 ], [ -85.109656, 42.958394 ], [ -85.114401, 42.957604 ], [ -85.119345, 42.955876 ], [ -85.121233, 42.95551 ], [ -85.145932, 42.95542 ], [ -85.147594, 42.955095 ], [ -85.16593, 42.94702 ], [ -85.167141, 42.945731 ], [ -85.169399, 42.946109 ], [ -85.169701, 42.947751 ], [ -85.171257, 42.948526 ], [ -85.174356, 42.948949 ] ] ] } },
{ "type": "Feature", "properties": { "geoid": "26025002600", "county_name": "Calhoun County", "place_name": "Detroit", "state_name": "Michigan", "state_abbr": "MI", "is_rural": false, "dci_score": 90.6, "dci_quintile": 1.0, "is_cra_lmi": true, "income_level": "M", "is_persistent_poverty": false, "is_tribal_overlap": false, "tribal_area_name": null, "aian_pct": 0.0, "has_nmtc": false, "nmtc_projects": 0, "nmtc_total_usd": 0.0 }, "geometry": { "type": "Polygon", "coordinates": [ [ [ -85.29826, 42.360633 ], [ -85.297247, 42.36063 ], [ -85.295198, 42.358712 ], [ -85.291725, 42.358886 ], [ -85.290549, 42.357657 ], [ -85.289238, 42.358818 ], [ -85.289784, 42.359587 ], [ -85.288417, 42.358795 ], [ -85.288132, 42.35728 ], [ -85.289447, 42.355395 ], [ -85.284733, 42.35306 ], [ -85.283774, 42.350855 ], [ -85.281718, 42.350564 ], [ -85.28185, 42.351495 ], [ -85.27624, 42.351164 ], [ -85.275892, 42.350819 ], [ -85.279209, 42.348156 ], [ -85.277221, 42.346999 ], [ -85.275984, 42.346313 ], [ -85.274789, 42.345829 ], [ -85.265123, 42.343282 ], [ -85.262824, 42.342507 ], [ -85.255743, 42.339017 ], [ -85.255652, 42.333056 ], [ -85.263586, 42.333 ], [ -85.263528, 42.326529 ], [ -85.258819, 42.321139 ], [ -85.258228, 42.320697 ], [ -85.256354, 42.31982 ], [ -85.253305, 42.319373 ], [ -85.254596, 42.317505 ], [ -85.269001, 42.298518 ], [ -85.271501, 42.29465 ], [ -85.272678, 42.291021 ], [ -85.279448, 42.284926 ], [ -85.294514, 42.273309 ], [ -85.297223, 42.271728 ], [ -85.297227, 42.27272 ], [ -85.297235, 42.273136 ], [ -85.297776, 42.332815 ], [ -85.297686, 42.333877 ], [ -85.2979, 42.341367 ], [ -85.297915, 42.342525 ], [ -85.297926, 42.343315 ], [ -85.297968, 42.346468 ], [ -85.298016, 42.350727 ], [ -85.298022, 42.351714 ], [ -85.29826, 42.360633 ] ] ] } },
{ "type": "Feature", "properties": { "geoid": "26125141200", "county_name": "Oakland County", "place_name": "Detroit", "state_name": "Michigan", "state_abbr": "MI", "is_rural": false, "dci_score": 83.2, "dci_quintile": 2.0, "is_cra_lmi": true, "income_level": "L", "is_persistent_poverty": false, "is_tribal_overlap": false, "tribal_area_name": null, "aian_pct": 0.0, "has_nmtc": false, "nmtc_projects": 0, "nmtc_total_usd": 0.0 }, "geometry": { "type": "Polygon", "coordinates": [ [ [ -83.327402, 42.668598 ], [ -83.325784, 42.670839 ], [ -83.321527, 42.672249 ], [ -83.315127, 42.677382 ], [ -83.312942, 42.680555 ], [ -83.310836, 42.680349 ], [ -83.310557, 42.676918 ], [ -83.310388, 42.675874 ], [ -83.31055, 42.674988 ], [ -83.310364, 42.670157 ], [ -83.310053, 42.663901 ], [ -83.318492, 42.664883 ], [ -83.327054, 42.665417 ], [ -83.32732, 42.665368 ], [ -83.327402, 42.668598 ] ] ] } },
{ "type": "Feature", "properties": { "geoid": "26163536200", "county_name": "Wayne County", "place_name": "Livonia", "state_name": "Michigan", "state_abbr": "MI", "is_rural": false, "dci_score": 87.6, "dci_quintile": 2.0, "is_cra_lmi": true, "income_level": "M", "is_persistent_poverty": false, "is_tribal_overlap": false, "tribal_area_name": null, "aian_pct": 0.0, "has_nmtc": false, "nmtc_projects": 0, "nmtc_total_usd": 0.0 }, "geometry": { "type": "Polygon", "coordinates": [ [ [ -83.170129, 42.416656 ], [ -83.160324, 42.416932 ], [ -83.160113, 42.412146 ], [ -83.160004, 42.409707 ], [ -83.159824, 42.405324 ], [ -83.16189, 42.406414 ], [ -83.166002, 42.410647 ], [ -83.170004, 42.414418 ], [ -83.172061, 42.416641 ], [ -83.170129, 42.416656 ] ] ] } },
{ "type": "Feature", "properties": { "geoid": "26163504400", "county_name": "Wayne County", "place_name": null, "state_name": "Michigan", "state_abbr": "MI", "is_rural": false, "dci_score": 95.1, "dci_quintile": 1.0, "is_cra_lmi": true, "income_level": "L", "is_persistent_poverty": false, "is_tribal_overlap": false, "tribal_area_name": null, "aian_pct": 0.0, "has_nmtc": false, "nmtc_projects": 0, "nmtc_total_usd": 0.0 }, "geometry": { "type": "Polygon", "coordinates": [ [ [ -82.997504, 42.404909 ], [ -82.996448, 42.406515 ], [ -82.993413, 42.407272 ], [ -82.987563, 42.409304 ], [ -82.987447, 42.409122 ], [ -82.986957, 42.408349 ], [ -82.986384, 42.40739 ], [ -82.985189, 42.405482 ], [ -82.983111, 42.402201 ], [ -82.982159, 42.399484 ], [ -82.984402, 42.398821 ], [ -82.985244, 42.398103 ], [ -82.987766, 42.396638 ], [ -82.989321, 42.397179 ], [ -82.994762, 42.402745 ], [ -82.997245, 42.40471 ], [ -82.997504, 42.404909 ] ] ] } },
{ "type": "Feature", "properties": { "geoid": "26163523200", "county_name": "Wayne County", "place_name": "Highland Park", "state_name": "Michigan", "state_abbr": "MI", "is_rural": false, "dci_score": 97.3, "dci_quintile": 1.0, "is_cra_lmi": true, "income_level": "M", "is_persistent_poverty": false, "is_tribal_overlap": false, "tribal_area_name": null, "aian_pct": 0.0, "has_nmtc": false, "nmtc_projects": 0, "nmtc_total_usd": 0.0 }, "geometry": { "type": "Polygon", "coordinates": [ [ [ -83.110908, 42.318149 ], [ -83.104078, 42.320932 ], [ -83.101832, 42.317819 ], [ -83.099074, 42.313984 ], [ -83.097156, 42.311316 ], [ -83.100759, 42.309717 ], [ -83.104295, 42.307768 ], [ -83.107447, 42.312111 ], [ -83.109978, 42.315614 ], [ -83.109894, 42.316516 ], [ -83.110908, 42.318149 ] ] ] } },
{ "type": "Feature", "properties": { "geoid": "26163543500", "county_name": "Wayne County", "place_name": null, "state_name": "Michigan", "state_abbr": "MI", "is_rural": false, "dci_score": 93.0, "dci_quintile": 1.0, "is_cra_lmi": true, "income_level": "L", "is_persistent_poverty": false, "is_tribal_overlap": false, "tribal_area_name": null, "aian_pct": 0.0, "has_nmtc": false, "nmtc_projects": 0, "nmtc_total_usd": 0.0 }, "geometry": { "type": "Polygon", "coordinates": [ [ [ -83.257118, 42.407468 ], [ -83.249625, 42.407652 ], [ -83.242947, 42.407781 ], [ -83.24268, 42.400586 ], [ -83.256833, 42.40029 ], [ -83.257118, 42.407468 ] ] ] } },
{ "type": "Feature", "properties": { "geoid": "26163530900", "county_name": "Wayne County", "place_name": null, "state_name": "Michigan", "state_abbr": "MI", "is_rural": false, "dci_score": 94.0, "dci_quintile": 1.0, "is_cra_lmi": true, "income_level": "M", "is_persistent_poverty": false, "is_tribal_overlap": false, "tribal_area_name": null, "aian_pct": 0.0, "has_nmtc": false, "nmtc_projects": 0, "nmtc_total_usd": 0.0 }, "geometry": { "type": "Polygon", "coordinates": [ [ [ -83.134917, 42.380454 ], [ -83.131195, 42.381864 ], [ -83.126743, 42.383604 ], [ -83.125108, 42.381181 ], [ -83.124986, 42.381001 ], [ -83.123448, 42.378725 ], [ -83.122254, 42.37696 ], [ -83.121787, 42.376273 ], [ -83.117631, 42.37015 ], [ -83.12159, 42.368659 ], [ -83.125833, 42.367057 ], [ -83.13051, 42.373957 ], [ -83.133152, 42.377853 ], [ -83.134917, 42.380454 ] ] ] } },
{ "type": "Feature", "properties": { "geoid": "26163571600", "county_name": "Wayne County", "place_name": null, "state_name": "Michigan", "state_abbr": "MI", "is_rural": false, "dci_score": 65.9, "dci_quintile": 4.0, "is_cra_lmi": false, "income_level": "U", "is_persistent_poverty": false, "is_tribal_overlap": false, "tribal_area_name": null, "aian_pct": 0.0, "has_nmtc": false, "nmtc_projects": 0, "nmtc_total_usd": 0.0 }, "geometry": { "type": "Polygon", "coordinates": [ [ [ -83.273124, 42.341416 ], [ -83.264045, 42.341691 ], [ -83.253623, 42.341893 ], [ -83.252167, 42.342034 ], [ -83.252477, 42.340193 ], [ -83.258208, 42.339654 ], [ -83.259641, 42.338898 ], [ -83.260188, 42.338178 ], [ -83.261526, 42.336184 ], [ -83.261669, 42.327044 ], [ -83.26472, 42.327149 ], [ -83.268728, 42.327024 ], [ -83.271157, 42.326993 ], [ -83.2724, 42.327061 ], [ -83.272786, 42.33422 ], [ -83.272959, 42.337836 ], [ -83.273124, 42.341416 ] ] ] } },
{ "type": "Feature", "properties": { "geoid": "26163515700", "county_name": "Wayne County", "place_name": "Detroit", "state_name": "Michigan", "state_abbr": "MI", "is_rural": false, "dci_score": 84.2, "dci_quintile": 2.0, "is_cra_lmi": false, "income_level": "U", "is_persistent_poverty": false, "is_tribal_overlap": false, "tribal_area_name": null, "aian_pct": 0.0, "has_nmtc": false, "nmtc_projects": 0, "nmtc_total_usd": 0.0 }, "geometry": { "type": "Polygon", "coordinates": [ [ [ -83.00042, 42.347868 ], [ -82.994326, 42.351757 ], [ -82.994025, 42.351953 ], [ -82.989604, 42.3549 ], [ -82.988993, 42.355379 ], [ -82.984589, 42.358817 ], [ -82.978884, 42.363058 ], [ -82.973363, 42.355328 ], [ -82.97202, 42.353359 ], [ -82.977584, 42.350082 ], [ -82.998566, 42.342614 ], [ -83.002079, 42.347158 ], [ -83.00042, 42.347868 ] ] ] } },
{ "type": "Feature", "properties": { "geoid": "26163521100", "county_name": "Wayne County", "place_name": null, "state_name": "Michigan", "state_abbr": "MI", "is_rural": false, "dci_score": 94.3, "dci_quintile": 1.0, "is_cra_lmi": false, "income_level": "U", "is_persistent_poverty": false, "is_tribal_overlap": false, "tribal_area_name": null, "aian_pct": 0.0, "has_nmtc": true, "nmtc_projects": 2, "nmtc_total_usd": 33000000.0 }, "geometry": { "type": "Polygon", "coordinates": [ [ [ -83.092487, 42.32734 ], [ -83.086101, 42.328136 ], [ -83.080869, 42.327895 ], [ -83.074717, 42.326434 ], [ -83.076038, 42.32604 ], [ -83.073211, 42.321035 ], [ -83.073494, 42.3195 ], [ -83.077978, 42.317571 ], [ -83.075635, 42.314349 ], [ -83.073484720075996, 42.311030335560098 ], [ -83.078207, 42.308565 ], [ -83.078390786946599, 42.308416035843202 ], [ -83.080346, 42.311143 ], [ -83.081432, 42.312658 ], [ -83.082851, 42.314641 ], [ -83.084469, 42.316559 ], [ -83.089233, 42.322861 ], [ -83.089615, 42.323287 ], [ -83.091481, 42.325914 ], [ -83.092487, 42.32734 ] ] ] } },
{ "type": "Feature", "properties": { "geoid": "26163526000", "county_name": "Wayne County", "place_name": null, "state_name": "Michigan", "state_abbr": "MI", "is_rural": false, "dci_score": 92.8, "dci_quintile": 1.0, "is_cra_lmi": true, "income_level": "L", "is_persistent_poverty": false, "is_tribal_overlap": false, "tribal_area_name": null, "aian_pct": 0.0, "has_nmtc": false, "nmtc_projects": 0, "nmtc_total_usd": 0.0 }, "geometry": { "type": "Polygon", "coordinates": [ [ [ -83.15668, 42.328731 ], [ -83.150949, 42.330049 ], [ -83.145036, 42.331258 ], [ -83.138412, 42.332315 ], [ -83.137597, 42.331102 ], [ -83.132121, 42.32343 ], [ -83.131368, 42.322383 ], [ -83.135028, 42.321448 ], [ -83.137602, 42.321 ], [ -83.147038, 42.31963 ], [ -83.153209, 42.328087 ], [ -83.156551, 42.32724 ], [ -83.15668, 42.328731 ] ] ] } },
{ "type": "Feature", "properties": { "geoid": "26025001802", "county_name": "Calhoun County", "place_name": null, "state_name": "Michigan", "state_abbr": "MI", "is_rural": false, "dci_score": 59.5, "dci_quintile": 4.0, "is_cra_lmi": true, "income_level": "M", "is_persistent_poverty": false, "is_tribal_overlap": false, "tribal_area_name": null, "aian_pct": 0.0, "has_nmtc": false, "nmtc_projects": 0, "nmtc_total_usd": 0.0 }, "geometry": { "type": "Polygon", "coordinates": [ [ [ -85.218235, 42.264311 ], [ -85.208486, 42.263185 ], [ -85.198607, 42.262096 ], [ -85.194616, 42.26211 ], [ -85.188883, 42.263151 ], [ -85.186229, 42.26407 ], [ -85.178931, 42.268227 ], [ -85.179157, 42.266815 ], [ -85.179136, 42.26559 ], [ -85.181725, 42.258203 ], [ -85.183316, 42.254594 ], [ -85.18363, 42.253715 ], [ -85.186167, 42.246582 ], [ -85.186771, 42.246587 ], [ -85.198482, 42.246551 ], [ -85.21819, 42.246694 ], [ -85.218219, 42.250178 ], [ -85.21821, 42.264056 ], [ -85.218235, 42.264311 ] ] ] } },
{ "type": "Feature", "properties": { "geoid": "26143970402", "county_name": "Roscommon County", "place_name": null, "state_name": "Michigan", "state_abbr": "MI", "is_rural": true, "dci_score": 48.7, "dci_quintile": 5.0, "is_cra_lmi": false, "income_level": "U", "is_persistent_poverty": false, "is_tribal_overlap": false, "tribal_area_name": null, "aian_pct": 0.0, "has_nmtc": false, "nmtc_projects": 0, "nmtc_total_usd": 0.0 }, "geometry": { "type": "Polygon", "coordinates": [ [ [ -84.744719, 44.450292 ], [ -84.74467, 44.457537 ], [ -84.734606, 44.457596 ], [ -84.73463, 44.464783 ], [ -84.730041, 44.464887 ], [ -84.725721, 44.467833 ], [ -84.723911, 44.468287 ], [ -84.723052, 44.469615 ], [ -84.72493, 44.47182 ], [ -84.725768, 44.472504 ], [ -84.727462, 44.473547 ], [ -84.725587, 44.475274 ], [ -84.721232, 44.477984 ], [ -84.718364, 44.478717 ], [ -84.702333, 44.478643 ], [ -84.69318, 44.450199 ], [ -84.694185, 44.421293 ], [ -84.728275, 44.421291 ], [ -84.730002, 44.421914 ], [ -84.735241, 44.427952 ], [ -84.74092, 44.434956 ], [ -84.742945, 44.436551 ], [ -84.744738, 44.436929 ], [ -84.744719, 44.450292 ] ] ] } },
{ "type": "Feature", "properties": { "geoid": "26115831201", "county_name": "Monroe County", "place_name": null, "state_name": "Michigan", "state_abbr": "MI", "is_rural": true, "dci_score": 56.9, "dci_quintile": 4.0, "is_cra_lmi": true, "income_level": "L", "is_persistent_poverty": false, "is_tribal_overlap": false, "tribal_area_name": null, "aian_pct": 0.0, "has_nmtc": false, "nmtc_projects": 0, "nmtc_total_usd": 0.0 }, "geometry": { "type": "Polygon", "coordinates": [ [ [ -83.378922, 42.007057 ], [ -83.354093, 42.007409 ], [ -83.340423, 42.00753 ], [ -83.340059, 41.993217 ], [ -83.363897, 41.993003 ], [ -83.368935, 41.985666 ], [ -83.369868, 41.98805 ], [ -83.371282, 41.990038 ], [ -83.3731, 41.993713 ], [ -83.378758, 41.995914 ], [ -83.378922, 42.007057 ] ] ] } },
{ "type": "Feature", "properties": { "geoid": "26139024502", "county_name": "Ottawa County", "place_name": null, "state_name": "Michigan", "state_abbr": "MI", "is_rural": true, "dci_score": 8.2, "dci_quintile": 5.0, "is_cra_lmi": true, "income_level": "L", "is_persistent_poverty": false, "is_tribal_overlap": false, "tribal_area_name": null, "aian_pct": 0.0, "has_nmtc": false, "nmtc_projects": 0, "nmtc_total_usd": 0.0 }, "geometry": { "type": "Polygon", "coordinates": [ [ [ -85.904329, 42.972477 ], [ -85.898499, 42.972214 ], [ -85.887167, 42.972224 ], [ -85.87693, 42.972209 ], [ -85.8766, 42.966074 ], [ -85.876107, 42.95792 ], [ -85.88346, 42.957872 ], [ -85.888989, 42.957798 ], [ -85.888895, 42.954188 ], [ -85.888813, 42.950599 ], [ -85.892435, 42.95057 ], [ -85.893815, 42.950556 ], [ -85.903641, 42.950466 ], [ -85.90375, 42.954201 ], [ -85.903799, 42.955846 ], [ -85.903855, 42.957693 ], [ -85.904045, 42.963454 ], [ -85.904329, 42.972477 ] ] ] } },
{ "type": "Feature", "properties": { "geoid": "26139025101", "county_name": "Ottawa County", "place_name": null, "state_name": "Michigan", "state_abbr": "MI", "is_rural": true, "dci_score": 29.7, "dci_quintile": 5.0, "is_cra_lmi": true, "income_level": "M", "is_persistent_poverty": false, "is_tribal_overlap": false, "tribal_area_name": null, "aian_pct": 0.0, "has_nmtc": false, "nmtc_projects": 0, "nmtc_total_usd": 0.0 }, "geometry": { "type": "Polygon", "coordinates": [ [ [ -86.137517, 42.797626 ], [ -86.136395, 42.797514 ], [ -86.127073, 42.797549 ], [ -86.123654, 42.797666 ], [ -86.123654, 42.79871 ], [ -86.11118, 42.80418 ], [ -86.108911, 42.80472 ], [ -86.124442, 42.804865 ], [ -86.124484, 42.806674 ], [ -86.121802, 42.806682 ], [ -86.121782, 42.812136 ], [ -86.117423, 42.812127 ], [ -86.110004, 42.812163 ], [ -86.107635, 42.812156 ], [ -86.102858, 42.812086 ], [ -86.095668, 42.812038 ], [ -86.088556, 42.812038 ], [ -86.083263, 42.801062 ], [ -86.082476, 42.801454 ], [ -86.081636, 42.801326 ], [ -86.080528, 42.800641 ], [ -86.079106, 42.79912 ], [ -86.078609, 42.799005 ], [ -86.077847, 42.799019 ], [ -86.077844, 42.798868 ], [ -86.077644, 42.79044 ], [ -86.080716, 42.79043 ], [ -86.0806, 42.7832 ], [ -86.080832, 42.7832 ], [ -86.085432, 42.783177 ], [ -86.086634, 42.786652 ], [ -86.087539, 42.787851 ], [ -86.089659, 42.789302 ], [ -86.092524, 42.790405 ], [ -86.087725, 42.794049 ], [ -86.089563, 42.794037 ], [ -86.08962, 42.795856 ], [ -86.092395, 42.795829 ], [ -86.091774, 42.797326 ], [ -86.091713, 42.797476 ], [ -86.091905, 42.797551 ], [ -86.093195, 42.799652 ], [ -86.09522, 42.800985 ], [ -86.098483, 42.799885 ], [ -86.09945, 42.798476 ], [ -86.101361, 42.798043 ], [ -86.104208, 42.79899 ], [ -86.107313, 42.798907 ], [ -86.107373, 42.800567 ], [ -86.110397, 42.802546 ], [ -86.111724, 42.801721 ], [ -86.111158, 42.800418 ], [ -86.112333, 42.799806 ], [ -86.115884, 42.794833 ], [ -86.1201, 42.793459 ], [ -86.122325, 42.7929 ], [ -86.127456, 42.789738 ], [ -86.131217, 42.787371 ], [ -86.137512, 42.784935 ], [ -86.137517, 42.797626 ] ] ] } },
{ "type": "Feature", "properties": { "geoid": "26139022208", "county_name": "Ottawa County", "place_name": null, "state_name": "Michigan", "state_abbr": "MI", "is_rural": true, "dci_score": 29.7, "dci_quintile": 5.0, "is_cra_lmi": false, "income_level": "U", "is_persistent_poverty": false, "is_tribal_overlap": false, "tribal_area_name": null, "aian_pct": 0.0, "has_nmtc": false, "nmtc_projects": 0, "nmtc_total_usd": 0.0 }, "geometry": { "type": "Polygon", "coordinates": [ [ [ -86.134657, 42.826666 ], [ -86.117582, 42.826663 ], [ -86.112362, 42.826585 ], [ -86.107844, 42.826561 ], [ -86.107635, 42.812156 ], [ -86.110004, 42.812163 ], [ -86.117423, 42.812127 ], [ -86.121782, 42.812136 ], [ -86.130622, 42.822914 ], [ -86.133352, 42.826132 ], [ -86.134657, 42.826666 ] ] ] } },
{ "type": "Feature", "properties": { "geoid": "26147625001", "county_name": "St. Clair County", "place_name": null, "state_name": "Michigan", "state_abbr": "MI", "is_rural": true, "dci_score": 86.7, "dci_quintile": 2.0, "is_cra_lmi": true, "income_level": "M", "is_persistent_poverty": false, "is_tribal_overlap": false, "tribal_area_name": null, "aian_pct": 0.0, "has_nmtc": true, "nmtc_projects": 1, "nmtc_total_usd": 0.0 }, "geometry": { "type": "Polygon", "coordinates": [ [ [ -82.437264, 42.987352 ], [ -82.433901, 42.987435 ], [ -82.433961, 42.988623 ], [ -82.43089, 42.988702 ], [ -82.430977, 42.989899 ], [ -82.430243, 42.989926 ], [ -82.429252, 42.988583 ], [ -82.427696, 42.986519 ], [ -82.426744, 42.985311 ], [ -82.421071829487303, 42.985214623753897 ], [ -82.420485, 42.984191 ], [ -82.418149007595602, 42.982076671108402 ], [ -82.414183, 42.978487 ], [ -82.413474, 42.976887 ], [ -82.415149470532498, 42.971611552788403 ], [ -82.419309, 42.973056 ], [ -82.424357, 42.975627 ], [ -82.427463, 42.976368 ], [ -82.428181, 42.976658 ], [ -82.433557, 42.980895 ], [ -82.433579, 42.982004 ], [ -82.437148, 42.985929 ], [ -82.437264, 42.987352 ] ] ] } },
{ "type": "Feature", "properties": { "geoid": "26159010101", "county_name": "Van Buren County", "place_name": null, "state_name": "Michigan", "state_abbr": "MI", "is_rural": true, "dci_score": 89.2, "dci_quintile": 2.0, "is_cra_lmi": false, "income_level": "U", "is_persistent_poverty": false, "is_tribal_overlap": false, "tribal_area_name": null, "aian_pct": 0.0, "has_nmtc": false, "nmtc_projects": 0, "nmtc_total_usd": 0.0 }, "geometry": { "type": "Polygon", "coordinates": [ [ [ -85.994649, 42.418957 ], [ -85.973054, 42.419074 ], [ -85.95772, 42.419152 ], [ -85.957154, 42.418994 ], [ -85.956471, 42.419165 ], [ -85.922846, 42.419314 ], [ -85.912513, 42.419405 ], [ -85.899245, 42.419696 ], [ -85.894982, 42.419812 ], [ -85.891, 42.419858 ], [ -85.879614, 42.419998 ], [ -85.86279, 42.420169 ], [ -85.862476, 42.40448 ], [ -85.862385, 42.394621 ], [ -85.862612, 42.364619 ], [ -85.862559, 42.361052 ], [ -85.862334, 42.347972 ], [ -85.862001, 42.347564 ], [ -85.859733, 42.345551 ], [ -85.860032, 42.341886 ], [ -85.857536, 42.338211 ], [ -85.85232, 42.333988 ], [ -85.853039, 42.332143 ], [ -85.875039, 42.331992 ], [ -85.87886, 42.332096 ], [ -85.91771, 42.332223 ], [ -85.92659, 42.332244 ], [ -85.956618, 42.332217 ], [ -85.994094, 42.332115 ], [ -85.994301, 42.332128 ], [ -85.994354, 42.338486 ], [ -85.994649, 42.418957 ] ] ] } },
{ "type": "Feature", "properties": { "geoid": "26065005306", "county_name": "Ingham County", "place_name": null, "state_name": "Michigan", "state_abbr": "MI", "is_rural": false, "dci_score": 68.2, "dci_quintile": 4.0, "is_cra_lmi": false, "income_level": "U", "is_persistent_poverty": false, "is_tribal_overlap": false, "tribal_area_name": null, "aian_pct": 0.0, "has_nmtc": false, "nmtc_projects": 0, "nmtc_total_usd": 0.0 }, "geometry": { "type": "Polygon", "coordinates": [ [ [ -84.564661, 42.656954 ], [ -84.564314, 42.660074 ], [ -84.564061, 42.660908 ], [ -84.557281, 42.659871 ], [ -84.548703, 42.658536 ], [ -84.545616, 42.658476 ], [ -84.54299, 42.658797 ], [ -84.53776, 42.660216 ], [ -84.523543, 42.66421 ], [ -84.518997, 42.665489 ], [ -84.512481, 42.654687 ], [ -84.523521, 42.654708 ], [ -84.52839, 42.654745 ], [ -84.532608, 42.654758 ], [ -84.543125, 42.654824 ], [ -84.557604, 42.654829 ], [ -84.557973, 42.654826 ], [ -84.558884, 42.65483 ], [ -84.564955, 42.654854 ], [ -84.564661, 42.656954 ] ] ] } },
{ "type": "Feature", "properties": { "geoid": "26075001100", "county_name": "Jackson County", "place_name": "Kalamazoo", "state_name": "Michigan", "state_abbr": "MI", "is_rural": true, "dci_score": 75.0, "dci_quintile": 3.0, "is_cra_lmi": true, "income_level": "L", "is_persistent_poverty": false, "is_tribal_overlap": false, "tribal_area_name": null, "aian_pct": 0.0, "has_nmtc": false, "nmtc_projects": 0, "nmtc_total_usd": 0.0 }, "geometry": { "type": "Polygon", "coordinates": [ [ [ -84.405779, 42.24381 ], [ -84.401006, 42.243823 ], [ -84.400521, 42.24371 ], [ -84.400406, 42.242509 ], [ -84.392596, 42.233023 ], [ -84.396035, 42.23294 ], [ -84.400287, 42.23287 ], [ -84.403719, 42.232799 ], [ -84.405083, 42.232781 ], [ -84.405156, 42.235581 ], [ -84.405763, 42.240143 ], [ -84.405779, 42.24381 ] ] ] } },
{ "type": "Feature", "properties": { "geoid": "26077000201", "county_name": "Kalamazoo County", "place_name": null, "state_name": "Michigan", "state_abbr": "MI", "is_rural": false, "dci_score": 96.2, "dci_quintile": 1.0, "is_cra_lmi": false, "income_level": "U", "is_persistent_poverty": false, "is_tribal_overlap": false, "tribal_area_name": null, "aian_pct": 0.0, "has_nmtc": true, "nmtc_projects": 3, "nmtc_total_usd": 17728000.0 }, "geometry": { "type": "Polygon", "coordinates": [ [ [ -85.598208, 42.288745 ], [ -85.597021, 42.289567 ], [ -85.593621, 42.291521 ], [ -85.594923, 42.291625 ], [ -85.589843, 42.294797 ], [ -85.587414, 42.295474 ], [ -85.584894, 42.295599 ], [ -85.572633, 42.29584 ], [ -85.571924, 42.294786 ], [ -85.575778, 42.294478 ], [ -85.578998, 42.293039 ], [ -85.57627, 42.28969 ], [ -85.574516, 42.288551 ], [ -85.575878, 42.286566 ], [ -85.582985, 42.286185 ], [ -85.58295, 42.285088 ], [ -85.589564, 42.285114 ], [ -85.589564, 42.286189 ], [ -85.589571, 42.28874 ], [ -85.595278, 42.288747 ], [ -85.597424, 42.288746 ], [ -85.598208, 42.288745 ] ] ] } },
{ "type": "Feature", "properties": { "geoid": "26021002000", "county_name": "Berrien County", "place_name": "Kalamazoo", "state_name": "Michigan", "state_abbr": "MI", "is_rural": true, "dci_score": 94.5, "dci_quintile": 1.0, "is_cra_lmi": false, "income_level": "U", "is_persistent_poverty": false, "is_tribal_overlap": false, "tribal_area_name": null, "aian_pct": 0.0, "has_nmtc": false, "nmtc_projects": 0, "nmtc_total_usd": 0.0 }, "geometry": { "type": "Polygon", "coordinates": [ [ [ -86.455976, 42.094407 ], [ -86.446448, 42.094353 ], [ -86.444, 42.094351 ], [ -86.443977, 42.092638 ], [ -86.441551, 42.092535 ], [ -86.441565, 42.094357 ], [ -86.436678, 42.094296 ], [ -86.436971, 42.09208 ], [ -86.436459, 42.087076 ], [ -86.436596, 42.085982 ], [ -86.436487, 42.072587 ], [ -86.436468, 42.068186 ], [ -86.449043, 42.061772 ], [ -86.452012, 42.065131 ], [ -86.454457, 42.071255 ], [ -86.455427, 42.072216 ], [ -86.455922, 42.072598 ], [ -86.455932, 42.087069 ], [ -86.455965, 42.091657 ], [ -86.455976, 42.094407 ] ] ] } },
{ "type": "Feature", "properties": { "geoid": "26143970200", "county_name": "Roscommon County", "place_name": null, "state_name": "Michigan", "state_abbr": "MI", "is_rural": true, "dci_score": 65.6, "dci_quintile": 4.0, "is_cra_lmi": true, "income_level": "M", "is_persistent_poverty": false, "is_tribal_overlap": false, "tribal_area_name": null, "aian_pct": 0.0, "has_nmtc": false, "nmtc_projects": 0, "nmtc_total_usd": 0.0 }, "geometry": { "type": "Polygon", "coordinates": [ [ [ -84.447537, 44.358891 ], [ -84.44541, 44.361652 ], [ -84.441859, 44.362751 ], [ -84.436047, 44.362971 ], [ -84.435876, 44.363282 ], [ -84.431998, 44.362907 ], [ -84.43048, 44.363404 ], [ -84.420438, 44.363452 ], [ -84.410263, 44.363487 ], [ -84.390096, 44.363375 ], [ -84.380928, 44.36327 ], [ -84.36959, 44.359421 ], [ -84.36956, 44.334081 ], [ -84.384332, 44.33432 ], [ -84.390473, 44.334813 ], [ -84.392908, 44.334211 ], [ -84.400171, 44.334513 ], [ -84.410172, 44.334465 ], [ -84.410232, 44.349047 ], [ -84.434999, 44.3489 ], [ -84.439167, 44.348886 ], [ -84.438458, 44.350196 ], [ -84.438381, 44.351449 ], [ -84.440376, 44.353422 ], [ -84.4475, 44.356999 ], [ -84.447537, 44.358891 ] ] ] } },
{ "type": "Feature", "properties": { "geoid": "26161980101", "county_name": "Washtenaw County", "place_name": "Taylor", "state_name": "Michigan", "state_abbr": "MI", "is_rural": false, "dci_score": 45.1, "dci_quintile": 5.0, "is_cra_lmi": false, "income_level": "NA", "is_persistent_poverty": false, "is_tribal_overlap": false, "tribal_area_name": null, "aian_pct": 0.0, "has_nmtc": false, "nmtc_projects": 0, "nmtc_total_usd": 0.0 }, "geometry": { "type": "Polygon", "coordinates": [ [ [ -83.743142, 42.276181 ], [ -83.741964, 42.277852 ], [ -83.740735, 42.277857 ], [ -83.740862, 42.281191 ], [ -83.735513, 42.281354 ], [ -83.734248, 42.281366 ], [ -83.733487, 42.280831 ], [ -83.733338, 42.277428 ], [ -83.732606, 42.275939 ], [ -83.73308, 42.275515 ], [ -83.73316, 42.272151 ], [ -83.739388, 42.27192 ], [ -83.740633, 42.27189 ], [ -83.74064, 42.273303 ], [ -83.743125, 42.273679 ], [ -83.743142, 42.276181 ] ] ] } },
{ "type": "Feature", "properties": { "geoid": "26107960800", "county_name": "Mecosta County", "place_name": null, "state_name": "Michigan", "state_abbr": "MI", "is_rural": true, "dci_score": 61.1, "dci_quintile": 4.0, "is_cra_lmi": false, "income_level": "U", "is_persistent_poverty": false, "is_tribal_overlap": false, "tribal_area_name": null, "aian_pct": 0.0, "has_nmtc": false, "nmtc_projects": 0, "nmtc_total_usd": 0.0 }, "geometry": { "type": "Polygon", "coordinates": [ [ [ -85.562542, 43.540445 ], [ -85.542453, 43.540375 ], [ -85.542393, 43.547638 ], [ -85.537477, 43.547601 ], [ -85.532395, 43.554778 ], [ -85.526768, 43.559321 ], [ -85.522866, 43.561179 ], [ -85.52289, 43.562161 ], [ -85.520238, 43.562306 ], [ -85.512086, 43.566101 ], [ -85.511388, 43.567142 ], [ -85.511017, 43.57162 ], [ -85.503642, 43.579434 ], [ -85.498914, 43.583891 ], [ -85.497243, 43.587901 ], [ -85.482162, 43.603689 ], [ -85.481223, 43.606605 ], [ -85.480318, 43.605804 ], [ -85.47585, 43.605404 ], [ -85.463135, 43.60592 ], [ -85.463182, 43.602205 ], [ -85.443163, 43.60237 ], [ -85.443427, 43.630906 ], [ -85.443327, 43.63118 ], [ -85.433967, 43.631333 ], [ -85.433428, 43.631542 ], [ -85.433253, 43.641395 ], [ -85.384253, 43.641275 ], [ -85.384398, 43.623838 ], [ -85.384503, 43.62342 ], [ -85.385229, 43.622796 ], [ -85.386797, 43.621948 ], [ -85.38717, 43.621213 ], [ -85.3869, 43.620765 ], [ -85.384952, 43.619435 ], [ -85.384509, 43.618996 ], [ -85.384502, 43.616623 ], [ -85.383941, 43.591299 ], [ -85.375359, 43.59105 ], [ -85.363393, 43.591066 ], [ -85.363546, 43.554537 ], [ -85.393327, 43.554787 ], [ -85.393037, 43.554492 ], [ -85.392248, 43.542169 ], [ -85.392327, 43.52736 ], [ -85.392967, 43.511545 ], [ -85.39285, 43.490471 ], [ -85.382941, 43.490694 ], [ -85.382933, 43.468187 ], [ -85.402743, 43.468185 ], [ -85.442708, 43.468201 ], [ -85.462607, 43.46808 ], [ -85.562348, 43.46813 ], [ -85.562388, 43.468481 ], [ -85.562356, 43.489905 ], [ -85.562457, 43.51202 ], [ -85.562484, 43.526283 ], [ -85.562542, 43.540445 ] ] ] } },
{ "type": "Feature", "properties": { "geoid": "26149040200", "county_name": "St. Joseph County", "place_name": "East Lansing", "state_name": "Michigan", "state_abbr": "MI", "is_rural": true, "dci_score": 52.8, "dci_quintile": 5.0, "is_cra_lmi": true, "income_level": "M", "is_persistent_poverty": false, "is_tribal_overlap": false, "tribal_area_name": null, "aian_pct": 0.0, "has_nmtc": false, "nmtc_projects": 0, "nmtc_total_usd": 0.0 }, "geometry": { "type": "Polygon", "coordinates": [ [ [ -85.640287, 41.915725 ], [ -85.636935, 41.917316 ], [ -85.635904, 41.919271 ], [ -85.633967, 41.918938 ], [ -85.632048, 41.921503 ], [ -85.633342, 41.927403 ], [ -85.633618, 41.927405 ], [ -85.63369, 41.929096 ], [ -85.633681, 41.930453 ], [ -85.63609, 41.93347 ], [ -85.632518, 41.93957 ], [ -85.632918, 41.942639 ], [ -85.631214, 41.943745 ], [ -85.629171, 41.941113 ], [ -85.627126, 41.940417 ], [ -85.624948, 41.940508 ], [ -85.622229, 41.941955 ], [ -85.61603, 41.942175 ], [ -85.611739, 41.942033 ], [ -85.610269, 41.942298 ], [ -85.60536, 41.940941 ], [ -85.605484, 41.940144 ], [ -85.605454, 41.936902 ], [ -85.610092, 41.935451 ], [ -85.61436, 41.933417 ], [ -85.619801, 41.929305 ], [ -85.62012, 41.929066 ], [ -85.62059, 41.928631 ], [ -85.621465, 41.927678 ], [ -85.621685, 41.92737 ], [ -85.622748, 41.925604 ], [ -85.623418, 41.923022 ], [ -85.624027, 41.918145 ], [ -85.624608, 41.916371 ], [ -85.624565, 41.907104 ], [ -85.626266, 41.907149 ], [ -85.628052, 41.905539 ], [ -85.629694, 41.907023 ], [ -85.629568, 41.908633 ], [ -85.631008, 41.910312 ], [ -85.630757, 41.91186 ], [ -85.632279, 41.91196 ], [ -85.633738, 41.915143 ], [ -85.63469, 41.915028 ], [ -85.635995, 41.913144 ], [ -85.638425, 41.913152 ], [ -85.639279, 41.912296 ], [ -85.640287, 41.915725 ] ] ] } },
{ "type": "Feature", "properties": { "geoid": "26101000900", "county_name": "Manistee County", "place_name": null, "state_name": "Michigan", "state_abbr": "MI", "is_rural": true, "dci_score": 74.6, "dci_quintile": 3.0, "is_cra_lmi": false, "income_level": "U", "is_persistent_poverty": false, "is_tribal_overlap": false, "tribal_area_name": null, "aian_pct": 0.0, "has_nmtc": false, "nmtc_projects": 0, "nmtc_total_usd": 0.0 }, "geometry": { "type": "Polygon", "coordinates": [ [ [ -86.343127376072005, 44.250076966589901 ], [ -86.333182, 44.257084 ], [ -86.327287, 44.263057 ], [ -86.3268371228814, 44.263780346619697 ], [ -86.322513, 44.270733 ], [ -86.32011, 44.276538 ], [ -86.3190555402076, 44.2785183709981 ], [ -86.316025, 44.28421 ], [ -86.309223418443807, 44.2945614711495 ], [ -86.30933, 44.291217 ], [ -86.311653, 44.287525 ], [ -86.314863, 44.280488 ], [ -86.314392, 44.278083 ], [ -86.314961, 44.276386 ], [ -86.316343, 44.274673 ], [ -86.317075, 44.269822 ], [ -86.316239, 44.264862 ], [ -86.315892, 44.263602 ], [ -86.315896, 44.263236 ], [ -86.316035, 44.260262 ], [ -86.319575, 44.255088 ], [ -86.319832, 44.251746 ], [ -86.319404, 44.250506 ], [ -86.316412, 44.249993 ], [ -86.316176, 44.2457 ], [ -86.314398, 44.24562 ], [ -86.314493, 44.243857 ], [ -86.315993, 44.243889 ], [ -86.323936, 44.244114 ], [ -86.323707, 44.248352 ], [ -86.32689, 44.247873 ], [ -86.332473, 44.247612 ], [ -86.33782, 44.247165 ], [ -86.339357, 44.247628 ], [ -86.341034, 44.249085 ], [ -86.343127376072005, 44.250076966589901 ] ] ] } },
{ "type": "Feature", "properties": { "geoid": "26103000300", "county_name": "Marquette County", "place_name": "Hamtramck", "state_name": "Michigan", "state_abbr": "MI", "is_rural": true, "dci_score": 44.9, "dci_quintile": 5.0, "is_cra_lmi": false, "income_level": "U", "is_persistent_poverty": false, "is_tribal_overlap": false, "tribal_area_name": null, "aian_pct": 0.0, "has_nmtc": false, "nmtc_projects": 0, "nmtc_total_usd": 0.0 }, "geometry": { "type": "Polygon", "coordinates": [ [ [ -87.427005, 46.545997 ], [ -87.418131, 46.545892 ], [ -87.412284, 46.545844 ], [ -87.410538, 46.545831 ], [ -87.404016, 46.544853 ], [ -87.397566, 46.543925 ], [ -87.39285, 46.543213 ], [ -87.3911, 46.542789 ], [ -87.390432701600204, 46.542238866114701 ], [ -87.391652, 46.539132 ], [ -87.393027, 46.537875 ], [ -87.3931855773032, 46.537098335379198 ], [ -87.394491, 46.537013 ], [ -87.395285, 46.536915 ], [ -87.396559, 46.531602 ], [ -87.399028, 46.531634 ], [ -87.403681, 46.531674 ], [ -87.40366, 46.53852 ], [ -87.404683, 46.538815 ], [ -87.406563, 46.539949 ], [ -87.409783, 46.542092 ], [ -87.411629, 46.542627 ], [ -87.422561, 46.543733 ], [ -87.427171, 46.545429 ], [ -87.427005, 46.545997 ] ] ] } },
{ "type": "Feature", "properties": { "geoid": "26163534800", "county_name": "Wayne County", "place_name": "Detroit", "state_name": "Michigan", "state_abbr": "MI", "is_rural": false, "dci_score": 94.3, "dci_quintile": 1.0, "is_cra_lmi": true, "income_level": "L", "is_persistent_poverty": false, "is_tribal_overlap": false, "tribal_area_name": null, "aian_pct": 0.0, "has_nmtc": false, "nmtc_projects": 0, "nmtc_total_usd": 0.0 }, "geometry": { "type": "Polygon", "coordinates": [ [ [ -83.151426, 42.371367 ], [ -83.15072, 42.373468 ], [ -83.144971, 42.371153 ], [ -83.143197, 42.3693 ], [ -83.138751, 42.367398 ], [ -83.138592, 42.363977 ], [ -83.138393, 42.35937 ], [ -83.138258, 42.356328 ], [ -83.138182, 42.355511 ], [ -83.135703, 42.352072 ], [ -83.139997, 42.35207 ], [ -83.142798, 42.352014 ], [ -83.143905, 42.351992 ], [ -83.147736, 42.351916 ], [ -83.149623, 42.351877 ], [ -83.150059, 42.359114 ], [ -83.149617, 42.359123 ], [ -83.149913, 42.366343 ], [ -83.15122, 42.366316 ], [ -83.151426, 42.371367 ] ] ] } },
{ "type": "Feature", "properties": { "geoid": "26163527900", "county_name": "Wayne County", "place_name": "Detroit", "state_name": "Michigan", "state_abbr": "MI", "is_rural": false, "dci_score": 93.0, "dci_quintile": 1.0, "is_cra_lmi": true, "income_level": "L", "is_persistent_poverty": false, "is_tribal_overlap": false, "tribal_area_name": null, "aian_pct": 0.0, "has_nmtc": false, "nmtc_projects": 0, "nmtc_total_usd": 0.0 }, "geometry": { "type": "Polygon", "coordinates": [ [ [ -83.125659, 42.351882 ], [ -83.122661, 42.35183 ], [ -83.119351, 42.353074 ], [ -83.112482, 42.355685 ], [ -83.110799, 42.356125 ], [ -83.103828, 42.353533 ], [ -83.102094, 42.352653 ], [ -83.100549, 42.351644 ], [ -83.098991, 42.350137 ], [ -83.109434, 42.346607 ], [ -83.111164, 42.345771 ], [ -83.112929, 42.344702 ], [ -83.115125, 42.343028 ], [ -83.118361, 42.340323 ], [ -83.120643, 42.34351 ], [ -83.123377, 42.342421 ], [ -83.124861, 42.34448 ], [ -83.12976, 42.35196 ], [ -83.125659, 42.351882 ] ] ] } },
{ "type": "Feature", "properties": { "geoid": "26163519300", "county_name": "Wayne County", "place_name": null, "state_name": "Michigan", "state_abbr": "MI", "is_rural": false, "dci_score": 87.5, "dci_quintile": 2.0, "is_cra_lmi": true, "income_level": "M", "is_persistent_poverty": false, "is_tribal_overlap": false, "tribal_area_name": null, "aian_pct": 0.0, "has_nmtc": false, "nmtc_projects": 0, "nmtc_total_usd": 0.0 }, "geometry": { "type": "Polygon", "coordinates": [ [ [ -83.023962, 42.364836 ], [ -83.018738, 42.372728 ], [ -83.01324, 42.364348 ], [ -83.010434, 42.360109 ], [ -83.008858, 42.357718 ], [ -83.013347, 42.356097 ], [ -83.017474, 42.355026 ], [ -83.021613, 42.361291 ], [ -83.023962, 42.364836 ] ] ] } },
{ "type": "Feature", "properties": { "geoid": "26163982301", "county_name": "Wayne County", "place_name": "Detroit", "state_name": "Michigan", "state_abbr": "MI", "is_rural": false, "dci_score": 32.9, "dci_quintile": 5.0, "is_cra_lmi": false, "income_level": "NA", "is_persistent_poverty": false, "is_tribal_overlap": false, "tribal_area_name": null, "aian_pct": 0.0, "has_nmtc": false, "nmtc_projects": 0, "nmtc_total_usd": 0.0 }, "geometry": { "type": "Polygon", "coordinates": [ [ [ -83.201234, 42.112213 ], [ -83.189351, 42.125292 ], [ -83.188482, 42.126787 ], [ -83.197182, 42.126733 ], [ -83.188759, 42.135965 ], [ -83.185296, 42.135171 ], [ -83.186927, 42.130372 ], [ -83.185415, 42.130112 ], [ -83.185566, 42.127939 ], [ -83.17687, 42.12744 ], [ -83.17922, 42.112658 ], [ -83.193243, 42.112369 ], [ -83.201234, 42.112213 ] ] ] } },
{ "type": "Feature", "properties": { "geoid": "26163584802", "county_name": "Wayne County", "place_name": null, "state_name": "Michigan", "state_abbr": "MI", "is_rural": false, "dci_score": 81.1, "dci_quintile": 2.0, "is_cra_lmi": true, "income_level": "M", "is_persistent_poverty": false, "is_tribal_overlap": false, "tribal_area_name": null, "aian_pct": 0.0, "has_nmtc": false, "nmtc_projects": 0, "nmtc_total_usd": 0.0 }, "geometry": { "type": "Polygon", "coordinates": [ [ [ -83.306262, 42.188343 ], [ -83.298686, 42.188579 ], [ -83.296195, 42.189186 ], [ -83.295445, 42.189245 ], [ -83.295492, 42.191093 ], [ -83.295611, 42.196795 ], [ -83.287217, 42.197027 ], [ -83.286964, 42.189838 ], [ -83.286823, 42.182535 ], [ -83.295785, 42.18194 ], [ -83.296795, 42.181873 ], [ -83.306022, 42.181282 ], [ -83.306259, 42.18811 ], [ -83.306262, 42.188343 ] ] ] } },
{ "type": "Feature", "properties": { "geoid": "26125141001", "county_name": "Oakland County", "place_name": null, "state_name": "Michigan", "state_abbr": "MI", "is_rural": false, "dci_score": 82.6, "dci_quintile": 2.0, "is_cra_lmi": true, "income_level": "L", "is_persistent_poverty": false, "is_tribal_overlap": false, "tribal_area_name": null, "aian_pct": 0.0, "has_nmtc": false, "nmtc_projects": 0, "nmtc_total_usd": 0.0 }, "geometry": { "type": "Polygon", "coordinates": [ [ [ -83.296445, 42.699112 ], [ -83.29149, 42.69931 ], [ -83.291387, 42.695744 ], [ -83.286344, 42.69586 ], [ -83.286143, 42.685225 ], [ -83.280758, 42.68529 ], [ -83.26595, 42.685413 ], [ -83.26147, 42.685198 ], [ -83.261124, 42.677945 ], [ -83.260634, 42.670181 ], [ -83.258973, 42.66874 ], [ -83.261029, 42.667645 ], [ -83.26239, 42.669957 ], [ -83.269331, 42.674109 ], [ -83.270764, 42.674354 ], [ -83.280705, 42.674048 ], [ -83.293639, 42.673832 ], [ -83.294241, 42.67399 ], [ -83.295589, 42.67489 ], [ -83.296068, 42.685103 ], [ -83.296308, 42.689426 ], [ -83.293557, 42.688203 ], [ -83.293697, 42.691775 ], [ -83.291346, 42.691812 ], [ -83.291388, 42.693903 ], [ -83.296366, 42.693778 ], [ -83.296445, 42.699112 ] ] ] } },
{ "type": "Feature", "properties": { "geoid": "26163546201", "county_name": "Wayne County", "place_name": null, "state_name": "Michigan", "state_abbr": "MI", "is_rural": false, "dci_score": 61.4, "dci_quintile": 4.0, "is_cra_lmi": true, "income_level": "M", "is_persistent_poverty": false, "is_tribal_overlap": false, "tribal_area_name": null, "aian_pct": 0.0, "has_nmtc": false, "nmtc_projects": 0, "nmtc_total_usd": 0.0 }, "geometry": { "type": "Polygon", "coordinates": [ [ [ -83.265246, 42.357065 ], [ -83.26499, 42.357073 ], [ -83.264777, 42.355072 ], [ -83.262796, 42.354987 ], [ -83.256272, 42.349392 ], [ -83.254247, 42.347611 ], [ -83.253623, 42.341893 ], [ -83.264045, 42.341691 ], [ -83.26425, 42.342795 ], [ -83.264864, 42.34893 ], [ -83.265144, 42.35173 ], [ -83.265656, 42.357055 ], [ -83.265246, 42.357065 ] ] ] } },
{ "type": "Feature", "properties": { "geoid": "26163547000", "county_name": "Wayne County", "place_name": null, "state_name": "Michigan", "state_abbr": "MI", "is_rural": false, "dci_score": 97.3, "dci_quintile": 1.0, "is_cra_lmi": true, "income_level": "M", "is_persistent_poverty": false, "is_tribal_overlap": false, "tribal_area_name": null, "aian_pct": 0.0, "has_nmtc": false, "nmtc_projects": 0, "nmtc_total_usd": 0.0 }, "geometry": { "type": "Polygon", "coordinates": [ [ [ -83.246411, 42.378981 ], [ -83.238349, 42.378999 ], [ -83.236559, 42.378718 ], [ -83.236257, 42.371891 ], [ -83.236039, 42.364704 ], [ -83.240995, 42.364622 ], [ -83.245947, 42.364559 ], [ -83.246228, 42.371829 ], [ -83.246411, 42.378981 ] ] ] } },
{ "type": "Feature", "properties": { "geoid": "26163505800", "county_name": "Wayne County", "place_name": null, "state_name": "Michigan", "state_abbr": "MI", "is_rural": false, "dci_score": 98.8, "dci_quintile": 1.0, "is_cra_lmi": true, "income_level": "L", "is_persistent_poverty": false, "is_tribal_overlap": false, "tribal_area_name": null, "aian_pct": 0.0, "has_nmtc": true, "nmtc_projects": 1, "nmtc_total_usd": 8775000.0 }, "geometry": { "type": "Polygon", "coordinates": [ [ [ -83.042302, 42.390214 ], [ -83.042375, 42.393127 ], [ -83.042468, 42.397427 ], [ -83.038759, 42.401783 ], [ -83.037889, 42.401634 ], [ -83.038074, 42.404319 ], [ -83.040274, 42.406291 ], [ -83.038036, 42.409288 ], [ -83.038125, 42.411973 ], [ -83.038216, 42.415572 ], [ -83.038339, 42.419169 ], [ -83.023713, 42.419506 ], [ -83.023, 42.400953 ], [ -83.02269, 42.393428 ], [ -83.022681, 42.393224 ], [ -83.022395, 42.389468 ], [ -83.020176, 42.386277 ], [ -83.021752, 42.38583 ], [ -83.026359, 42.384908 ], [ -83.029624, 42.383702 ], [ -83.033876, 42.379279 ], [ -83.034676, 42.379867 ], [ -83.039167, 42.385984 ], [ -83.044356, 42.390181 ], [ -83.042302, 42.390214 ] ] ] } },
{ "type": "Feature", "properties": { "geoid": "26163524101", "county_name": "Wayne County", "place_name": null, "state_name": "Michigan", "state_abbr": "MI", "is_rural": false, "dci_score": 97.3, "dci_quintile": 1.0, "is_cra_lmi": true, "income_level": "M", "is_persistent_poverty": false, "is_tribal_overlap": false, "tribal_area_name": null, "aian_pct": 0.0, "has_nmtc": false, "nmtc_projects": 0, "nmtc_total_usd": 0.0 }, "geometry": { "type": "Polygon", "coordinates": [ [ [ -83.143851, 42.318659 ], [ -83.141639, 42.318909 ], [ -83.137882, 42.313904 ], [ -83.134594, 42.31648 ], [ -83.131582, 42.317021 ], [ -83.128734, 42.317368 ], [ -83.127584, 42.317154 ], [ -83.124314, 42.312636 ], [ -83.127468, 42.311336 ], [ -83.132564, 42.309262 ], [ -83.136039, 42.307853 ], [ -83.142438, 42.305252 ], [ -83.139717, 42.308662 ], [ -83.14078, 42.311008 ], [ -83.143448, 42.31469 ], [ -83.141954, 42.315205 ], [ -83.143851, 42.318659 ] ] ] } },
{ "type": "Feature", "properties": { "geoid": "26163584700", "county_name": "Wayne County", "place_name": null, "state_name": "Michigan", "state_abbr": "MI", "is_rural": false, "dci_score": 81.1, "dci_quintile": 2.0, "is_cra_lmi": false, "income_level": "U", "is_persistent_poverty": false, "is_tribal_overlap": false, "tribal_area_name": null, "aian_pct": 0.0, "has_nmtc": false, "nmtc_projects": 0, "nmtc_total_usd": 0.0 }, "geometry": { "type": "Polygon", "coordinates": [ [ [ -83.287217, 42.197027 ], [ -83.28232, 42.197163 ], [ -83.267756, 42.197569 ], [ -83.267575, 42.195815 ], [ -83.266966, 42.194333 ], [ -83.26674, 42.192883 ], [ -83.267371, 42.188837 ], [ -83.267242, 42.183466 ], [ -83.286823, 42.182535 ], [ -83.286964, 42.189838 ], [ -83.287217, 42.197027 ] ] ] } },
{ "type": "Feature", "properties": { "geoid": "26163535600", "county_name": "Wayne County", "place_name": null, "state_name": "Michigan", "state_abbr": "MI", "is_rural": false, "dci_score": 95.5, "dci_quintile": 1.0, "is_cra_lmi": false, "income_level": "U", "is_persistent_poverty": false, "is_tribal_overlap": false, "tribal_area_name": null, "aian_pct": 0.0, "has_nmtc": false, "nmtc_projects": 0, "nmtc_total_usd": 0.0 }, "geometry": { "type": "Polygon", "coordinates": [ [ [ -83.177496, 42.358547 ], [ -83.17629, 42.358573 ], [ -83.175049, 42.358596 ], [ -83.172626, 42.358643 ], [ -83.167727, 42.358734 ], [ -83.164097, 42.358716 ], [ -83.157963, 42.358887 ], [ -83.157525, 42.351716 ], [ -83.167393, 42.351499 ], [ -83.177184, 42.351284 ], [ -83.177496, 42.358547 ] ] ] } },
{ "type": "Feature", "properties": { "geoid": "26163579700", "county_name": "Wayne County", "place_name": null, "state_name": "Michigan", "state_abbr": "MI", "is_rural": false, "dci_score": 99.6, "dci_quintile": 1.0, "is_cra_lmi": true, "income_level": "M", "is_persistent_poverty": false, "is_tribal_overlap": false, "tribal_area_name": null, "aian_pct": 0.0, "has_nmtc": false, "nmtc_projects": 0, "nmtc_total_usd": 0.0 }, "geometry": { "type": "Polygon", "coordinates": [ [ [ -83.161052, 42.25496 ], [ -83.160859, 42.255192 ], [ -83.159662, 42.254326 ], [ -83.158826, 42.253839 ], [ -83.155754, 42.252213 ], [ -83.151102, 42.250409 ], [ -83.149132, 42.249639 ], [ -83.147266, 42.249143 ], [ -83.149326, 42.242497 ], [ -83.151837, 42.234642 ], [ -83.155203, 42.234228 ], [ -83.155671, 42.234233 ], [ -83.160933, 42.23623 ], [ -83.16124, 42.237234 ], [ -83.160493, 42.239454 ], [ -83.159052, 42.243155 ], [ -83.159522, 42.245019 ], [ -83.159075, 42.247934 ], [ -83.1583, 42.249144 ], [ -83.157763, 42.251525 ], [ -83.158936, 42.252988 ], [ -83.161635, 42.254253 ], [ -83.161052, 42.25496 ] ] ] } },
{ "type": "Feature", "properties": { "geoid": "26163578000", "county_name": "Wayne County", "place_name": null, "state_name": "Michigan", "state_abbr": "MI", "is_rural": false, "dci_score": 86.1, "dci_quintile": 2.0, "is_cra_lmi": false, "income_level": "U", "is_persistent_poverty": false, "is_tribal_overlap": false, "tribal_area_name": null, "aian_pct": 0.0, "has_nmtc": false, "nmtc_projects": 0, "nmtc_total_usd": 0.0 }, "geometry": { "type": "Polygon", "coordinates": [ [ [ -83.181483, 42.225337 ], [ -83.181086, 42.228869 ], [ -83.174227, 42.229048 ], [ -83.166863, 42.229267 ], [ -83.16484, 42.229292 ], [ -83.165286, 42.226563 ], [ -83.168872, 42.223324 ], [ -83.170636, 42.222874 ], [ -83.171144, 42.222536 ], [ -83.174433, 42.221199 ], [ -83.177009, 42.221335 ], [ -83.181011, 42.222903 ], [ -83.181464, 42.223071 ], [ -83.181483, 42.225337 ] ] ] } },
{ "type": "Feature", "properties": { "geoid": "26163532400", "county_name": "Wayne County", "place_name": null, "state_name": "Michigan", "state_abbr": "MI", "is_rural": false, "dci_score": 85.6, "dci_quintile": 2.0, "is_cra_lmi": true, "income_level": "L", "is_persistent_poverty": false, "is_tribal_overlap": false, "tribal_area_name": null, "aian_pct": 0.0, "has_nmtc": false, "nmtc_projects": 0, "nmtc_total_usd": 0.0 }, "geometry": { "type": "Polygon", "coordinates": [ [ [ -83.090225, 42.379716 ], [ -83.081738, 42.382815 ], [ -83.080593, 42.381113 ], [ -83.07794, 42.377169 ], [ -83.086363, 42.374053 ], [ -83.090225, 42.379716 ] ] ] } },
{ "type": "Feature", "properties": { "geoid": "26163552000", "county_name": "Wayne County", "place_name": null, "state_name": "Michigan", "state_abbr": "MI", "is_rural": false, "dci_score": 96.4, "dci_quintile": 1.0, "is_cra_lmi": true, "income_level": "M", "is_persistent_poverty": false, "is_tribal_overlap": false, "tribal_area_name": null, "aian_pct": 0.0, "has_nmtc": false, "nmtc_projects": 0, "nmtc_total_usd": 0.0 }, "geometry": { "type": "Polygon", "coordinates": [ [ [ -83.062927, 42.406834 ], [ -83.060696, 42.407651 ], [ -83.057071, 42.408981 ], [ -83.056917, 42.408752 ], [ -83.054023, 42.40444 ], [ -83.052675, 42.402435 ], [ -83.056316, 42.401095 ], [ -83.059842, 42.399806 ], [ -83.061642, 42.402369 ], [ -83.064284, 42.406334 ], [ -83.062927, 42.406834 ] ] ] } },
{ "type": "Feature", "properties": { "geoid": "26163546000", "county_name": "Wayne County", "place_name": null, "state_name": "Michigan", "state_abbr": "MI", "is_rural": false, "dci_score": 97.3, "dci_quintile": 1.0, "is_cra_lmi": true, "income_level": "L", "is_persistent_poverty": false, "is_tribal_overlap": false, "tribal_area_name": null, "aian_pct": 0.0, "has_nmtc": false, "nmtc_projects": 0, "nmtc_total_usd": 0.0 }, "geometry": { "type": "Polygon", "coordinates": [ [ [ -83.235953, 42.357573 ], [ -83.226212, 42.357709 ], [ -83.216581, 42.357845 ], [ -83.216446, 42.350616 ], [ -83.225932, 42.350473 ], [ -83.235652, 42.350334 ], [ -83.235953, 42.357573 ] ] ] } },
{ "type": "Feature", "properties": { "geoid": "26125140301", "county_name": "Oakland County", "place_name": null, "state_name": "Michigan", "state_abbr": "MI", "is_rural": false, "dci_score": 37.2, "dci_quintile": 5.0, "is_cra_lmi": false, "income_level": "U", "is_persistent_poverty": false, "is_tribal_overlap": false, "tribal_area_name": null, "aian_pct": 0.0, "has_nmtc": false, "nmtc_projects": 0, "nmtc_total_usd": 0.0 }, "geometry": { "type": "Polygon", "coordinates": [ [ [ -83.240709, 42.685692 ], [ -83.235829, 42.687069 ], [ -83.231195, 42.68741 ], [ -83.231167, 42.689072 ], [ -83.231144, 42.689131 ], [ -83.221974, 42.689857 ], [ -83.221709, 42.68546 ], [ -83.221593, 42.683177 ], [ -83.221139, 42.680559 ], [ -83.220994, 42.679076 ], [ -83.230693, 42.678805 ], [ -83.240115, 42.678535 ], [ -83.241204, 42.685283 ], [ -83.240709, 42.685692 ] ] ] } },
{ "type": "Feature", "properties": { "geoid": "26125194500", "county_name": "Oakland County", "place_name": null, "state_name": "Michigan", "state_abbr": "MI", "is_rural": false, "dci_score": 21.8, "dci_quintile": 5.0, "is_cra_lmi": true, "income_level": "M", "is_persistent_poverty": false, "is_tribal_overlap": false, "tribal_area_name": null, "aian_pct": 0.0, "has_nmtc": false, "nmtc_projects": 0, "nmtc_total_usd": 0.0 }, "geometry": { "type": "Polygon", "coordinates": [ [ [ -83.210376, 42.64421 ], [ -83.195551, 42.645221 ], [ -83.193163, 42.645003 ], [ -83.189241, 42.644153 ], [ -83.186347, 42.64361 ], [ -83.18148, 42.643847 ], [ -83.170839, 42.644508 ], [ -83.170568, 42.635045 ], [ -83.186386, 42.634631 ], [ -83.203076, 42.634204 ], [ -83.209891, 42.634009 ], [ -83.210077, 42.637907 ], [ -83.21026, 42.641674 ], [ -83.210376, 42.64421 ] ] ] } },
{ "type": "Feature", "properties": { "geoid": "26163518000", "county_name": "Wayne County", "place_name": null, "state_name": "Michigan", "state_abbr": "MI", "is_rural": false, "dci_score": 85.7, "dci_quintile": 2.0, "is_cra_lmi": false, "income_level": "U", "is_persistent_poverty": false, "is_tribal_overlap": false, "tribal_area_name": null, "aian_pct": 0.0, "has_nmtc": true, "nmtc_projects": 3, "nmtc_total_usd": 56401325.0 }, "geometry": { "type": "Polygon", "coordinates": [ [ [ -83.066768, 42.364598 ], [ -83.063257, 42.36611 ], [ -83.060086, 42.367338 ], [ -83.058144, 42.368369 ], [ -83.057919, 42.368497 ], [ -83.054365, 42.361004 ], [ -83.054241, 42.360835 ], [ -83.058689, 42.359204 ], [ -83.062088, 42.357591 ], [ -83.064287, 42.356785 ], [ -83.068815, 42.363601 ], [ -83.066768, 42.364598 ] ] ] } },
{ "type": "Feature", "properties": { "geoid": "26163543400", "county_name": "Wayne County", "place_name": "Ypsilanti", "state_name": "Michigan", "state_abbr": "MI", "is_rural": false, "dci_score": 93.0, "dci_quintile": 1.0, "is_cra_lmi": false, "income_level": "U", "is_persistent_poverty": false, "is_tribal_overlap": false, "tribal_area_name": null, "aian_pct": 0.0, "has_nmtc": false, "nmtc_projects": 0, "nmtc_total_usd": 0.0 }, "geometry": { "type": "Polygon", "coordinates": [ [ [ -83.242947, 42.407781 ], [ -83.237743, 42.407896 ], [ -83.236547, 42.408041 ], [ -83.232589, 42.406449 ], [ -83.232883, 42.406007 ], [ -83.232611, 42.400771 ], [ -83.232358, 42.395825 ], [ -83.237231, 42.395796 ], [ -83.237138, 42.393478 ], [ -83.240277, 42.39341 ], [ -83.240562, 42.40062 ], [ -83.24268, 42.400586 ], [ -83.242947, 42.407781 ] ] ] } },
{ "type": "Feature", "properties": { "geoid": "26099982200", "county_name": "Macomb County", "place_name": null, "state_name": "Michigan", "state_abbr": "MI", "is_rural": false, "dci_score": 91.0, "dci_quintile": 1.0, "is_cra_lmi": false, "income_level": "NA", "is_persistent_poverty": false, "is_tribal_overlap": false, "tribal_area_name": null, "aian_pct": 0.0, "has_nmtc": false, "nmtc_projects": 0, "nmtc_total_usd": 0.0 }, "geometry": { "type": "Polygon", "coordinates": [ [ [ -83.045536, 42.473811 ], [ -83.038954, 42.473932 ], [ -83.038893, 42.468804 ], [ -83.038071, 42.468808 ], [ -83.037805, 42.462726 ], [ -83.035066, 42.4628 ], [ -83.034847, 42.457049 ], [ -83.034701, 42.453074 ], [ -83.034672, 42.452218 ], [ -83.034519, 42.447936 ], [ -83.039417, 42.447874 ], [ -83.044282, 42.447765 ], [ -83.044663, 42.455256 ], [ -83.045055, 42.462497 ], [ -83.045382, 42.469782 ], [ -83.045536, 42.473811 ] ] ] } },
{ "type": "Feature", "properties": { "geoid": "26007000600", "county_name": "Alpena County", "place_name": "Ann Arbor", "state_name": "Michigan", "state_abbr": "MI", "is_rural": true, "dci_score": 70.5, "dci_quintile": 3.0, "is_cra_lmi": false, "income_level": "U", "is_persistent_poverty": false, "is_tribal_overlap": false, "tribal_area_name": null, "aian_pct": 0.0, "has_nmtc": false, "nmtc_projects": 0, "nmtc_total_usd": 0.0 }, "geometry": { "type": "Polygon", "coordinates": [ [ [ -83.534234, 45.134251 ], [ -83.512507, 45.13385 ], [ -83.494198, 45.133745 ], [ -83.493271, 45.127634 ], [ -83.491297, 45.119454 ], [ -83.487593, 45.116671 ], [ -83.485126, 45.114221 ], [ -83.474366, 45.107427 ], [ -83.471294, 45.104954 ], [ -83.463875, 45.099114 ], [ -83.459525, 45.096543 ], [ -83.459389, 45.09624 ], [ -83.45886, 45.090263 ], [ -83.457245, 45.08796 ], [ -83.456999, 45.087125 ], [ -83.456735, 45.08647 ], [ -83.455306, 45.083563 ], [ -83.452729, 45.078841 ], [ -83.448336, 45.074794 ], [ -83.451517, 45.072961 ], [ -83.456076, 45.06816 ], [ -83.458813, 45.065762 ], [ -83.461044, 45.065743 ], [ -83.46295, 45.066612 ], [ -83.466253, 45.068981 ], [ -83.467469, 45.069141 ], [ -83.469199, 45.06704 ], [ -83.47151, 45.067348 ], [ -83.474572, 45.069285 ], [ -83.476182, 45.070769 ], [ -83.475704, 45.073034 ], [ -83.477774, 45.075673 ], [ -83.482072, 45.076422 ], [ -83.483262, 45.077934 ], [ -83.486774, 45.080015 ], [ -83.491841, 45.083767 ], [ -83.493884, 45.090751 ], [ -83.494602, 45.092046 ], [ -83.495406, 45.092494 ], [ -83.502771, 45.092862 ], [ -83.504353, 45.093208 ], [ -83.50887, 45.097382 ], [ -83.508089, 45.100139 ], [ -83.51272, 45.102062 ], [ -83.51542, 45.103298 ], [ -83.522812, 45.106069 ], [ -83.526938, 45.10809 ], [ -83.529613, 45.109853 ], [ -83.532834, 45.110619 ], [ -83.533077, 45.131784 ], [ -83.534234, 45.134251 ] ] ] } },
{ "type": "Feature", "properties": { "geoid": "26163581800", "county_name": "Wayne County", "place_name": null, "state_name": "Michigan", "state_abbr": "MI", "is_rural": false, "dci_score": 48.6, "dci_quintile": 5.0, "is_cra_lmi": true, "income_level": "M", "is_persistent_poverty": false, "is_tribal_overlap": false, "tribal_area_name": null, "aian_pct": 0.0, "has_nmtc": false, "nmtc_projects": 0, "nmtc_total_usd": 0.0 }, "geometry": { "type": "Polygon", "coordinates": [ [ [ -83.205683, 42.202734 ], [ -83.204651, 42.204568 ], [ -83.202525, 42.206338 ], [ -83.194881, 42.212716 ], [ -83.193847, 42.212009 ], [ -83.193372, 42.206517 ], [ -83.193152, 42.199264 ], [ -83.19962, 42.199154 ], [ -83.202878, 42.199105 ], [ -83.205533, 42.199067 ], [ -83.205683, 42.202734 ] ] ] } },
{ "type": "Feature", "properties": { "geoid": "26163541200", "county_name": "Wayne County", "place_name": null, "state_name": "Michigan", "state_abbr": "MI", "is_rural": false, "dci_score": 95.8, "dci_quintile": 1.0, "is_cra_lmi": true, "income_level": "M", "is_persistent_poverty": false, "is_tribal_overlap": false, "tribal_area_name": null, "aian_pct": 0.0, "has_nmtc": false, "nmtc_projects": 0, "nmtc_total_usd": 0.0 }, "geometry": { "type": "Polygon", "coordinates": [ [ [ -83.258292, 42.42912 ], [ -83.249824, 42.429309 ], [ -83.2495, 42.424251 ], [ -83.2492, 42.418939 ], [ -83.248952, 42.414887 ], [ -83.253365, 42.414813 ], [ -83.257478, 42.414736 ], [ -83.257643, 42.416489 ], [ -83.258104, 42.421314 ], [ -83.258292, 42.42912 ] ] ] } },
{ "type": "Feature", "properties": { "geoid": "26163507200", "county_name": "Wayne County", "place_name": null, "state_name": "Michigan", "state_abbr": "MI", "is_rural": false, "dci_score": 96.4, "dci_quintile": 1.0, "is_cra_lmi": true, "income_level": "M", "is_persistent_poverty": false, "is_tribal_overlap": false, "tribal_area_name": null, "aian_pct": 0.0, "has_nmtc": false, "nmtc_projects": 0, "nmtc_total_usd": 0.0 }, "geometry": { "type": "Polygon", "coordinates": [ [ [ -83.082457, 42.423301 ], [ -83.068061, 42.423466 ], [ -83.067153, 42.423789 ], [ -83.063611, 42.418653 ], [ -83.08225, 42.418432 ], [ -83.082457, 42.423301 ] ] ] } },
{ "type": "Feature", "properties": { "geoid": "26163582000", "county_name": "Wayne County", "place_name": "Battle Creek", "state_name": "Michigan", "state_abbr": "MI", "is_rural": false, "dci_score": 48.6, "dci_quintile": 5.0, "is_cra_lmi": false, "income_level": "U", "is_persistent_poverty": false, "is_tribal_overlap": false, "tribal_area_name": null, "aian_pct": 0.0, "has_nmtc": false, "nmtc_projects": 0, "nmtc_total_usd": 0.0 }, "geometry": { "type": "Polygon", "coordinates": [ [ [ -83.193468, 42.197187 ], [ -83.193152, 42.199264 ], [ -83.184967, 42.199383 ], [ -83.18003, 42.199461 ], [ -83.179823, 42.192218 ], [ -83.179879, 42.191589 ], [ -83.179593, 42.185014 ], [ -83.189317, 42.184896 ], [ -83.189795, 42.184891 ], [ -83.19272, 42.188593 ], [ -83.193097, 42.189641 ], [ -83.193283, 42.192034 ], [ -83.193468, 42.197187 ] ] ] } },
{ "type": "Feature", "properties": { "geoid": "26163539000", "county_name": "Wayne County", "place_name": null, "state_name": "Michigan", "state_abbr": "MI", "is_rural": false, "dci_score": 85.8, "dci_quintile": 2.0, "is_cra_lmi": true, "income_level": "M", "is_persistent_poverty": false, "is_tribal_overlap": false, "tribal_area_name": null, "aian_pct": 0.0, "has_nmtc": false, "nmtc_projects": 0, "nmtc_total_usd": 0.0 }, "geometry": { "type": "Polygon", "coordinates": [ [ [ -83.161516, 42.445794 ], [ -83.151986, 42.446007 ], [ -83.150944, 42.446031 ], [ -83.147211, 42.446115 ], [ -83.14206, 42.446229 ], [ -83.141751, 42.438836 ], [ -83.150679, 42.438688 ], [ -83.150887, 42.438684 ], [ -83.161215, 42.438512 ], [ -83.161227, 42.438854 ], [ -83.161516, 42.445794 ] ] ] } },
{ "type": "Feature", "properties": { "geoid": "26163506600", "county_name": "Wayne County", "place_name": null, "state_name": "Michigan", "state_abbr": "MI", "is_rural": false, "dci_score": 99.6, "dci_quintile": 1.0, "is_cra_lmi": true, "income_level": "M", "is_persistent_poverty": false, "is_tribal_overlap": false, "tribal_area_name": null, "aian_pct": 0.0, "has_nmtc": false, "nmtc_projects": 0, "nmtc_total_usd": 0.0 }, "geometry": { "type": "Polygon", "coordinates": [ [ [ -83.058167, 42.440436 ], [ -83.05364, 42.440519 ], [ -83.049408, 42.440604 ], [ -83.047275, 42.440649 ], [ -83.039193, 42.440824 ], [ -83.038948, 42.433682 ], [ -83.047027, 42.43349 ], [ -83.047121, 42.433488 ], [ -83.05332, 42.433344 ], [ -83.057721, 42.433248 ], [ -83.057885, 42.435811 ], [ -83.058167, 42.440436 ] ] ] } },
{ "type": "Feature", "properties": { "geoid": "26163583500", "county_name": "Wayne County", "place_name": null, "state_name": "Michigan", "state_abbr": "MI", "is_rural": false, "dci_score": 81.1, "dci_quintile": 2.0, "is_cra_lmi": false, "income_level": "U", "is_persistent_poverty": false, "is_tribal_overlap": false, "tribal_area_name": null, "aian_pct": 0.0, "has_nmtc": false, "nmtc_projects": 0, "nmtc_total_usd": 0.0 }, "geometry": { "type": "Polygon", "coordinates": [ [ [ -83.250037, 42.248873 ], [ -83.242815, 42.249001 ], [ -83.236851, 42.249109 ], [ -83.230864, 42.249209 ], [ -83.230504, 42.242044 ], [ -83.243651, 42.2418 ], [ -83.249823, 42.241663 ], [ -83.250037, 42.248873 ] ] ] } },
{ "type": "Feature", "properties": { "geoid": "26163536600", "county_name": "Wayne County", "place_name": "Roseville", "state_name": "Michigan", "state_abbr": "MI", "is_rural": false, "dci_score": 99.3, "dci_quintile": 1.0, "is_cra_lmi": true, "income_level": "M", "is_persistent_poverty": false, "is_tribal_overlap": false, "tribal_area_name": null, "aian_pct": 0.0, "has_nmtc": false, "nmtc_projects": 0, "nmtc_total_usd": 0.0 }, "geometry": { "type": "Polygon", "coordinates": [ [ [ -83.169053, 42.395031 ], [ -83.163205, 42.395155 ], [ -83.162535, 42.395173 ], [ -83.15935, 42.39524 ], [ -83.150089, 42.395323 ], [ -83.148983, 42.395332 ], [ -83.148131, 42.391264 ], [ -83.149202, 42.389686 ], [ -83.149169, 42.386174 ], [ -83.14903, 42.38344 ], [ -83.153464, 42.385083 ], [ -83.158979, 42.385423 ], [ -83.165553, 42.385448 ], [ -83.168602, 42.385283 ], [ -83.168982, 42.393571 ], [ -83.169053, 42.395031 ] ] ] } },
{ "type": "Feature", "properties": { "geoid": "26163570200", "county_name": "Wayne County", "place_name": "Roseville", "state_name": "Michigan", "state_abbr": "MI", "is_rural": false, "dci_score": 98.9, "dci_quintile": 1.0, "is_cra_lmi": true, "income_level": "L", "is_persistent_poverty": false, "is_tribal_overlap": false, "tribal_area_name": null, "aian_pct": 0.0, "has_nmtc": false, "nmtc_projects": 0, "nmtc_total_usd": 0.0 }, "geometry": { "type": "Polygon", "coordinates": [ [ [ -83.310867, 42.311709 ], [ -83.30596, 42.311789 ], [ -83.301057, 42.311869 ], [ -83.300914, 42.308733 ], [ -83.300725, 42.304639 ], [ -83.300165, 42.292546 ], [ -83.309907, 42.290967 ], [ -83.310233, 42.297272 ], [ -83.310316, 42.299328 ], [ -83.310336, 42.299972 ], [ -83.310525, 42.304451 ], [ -83.310867, 42.311709 ] ] ] } },
{ "type": "Feature", "properties": { "geoid": "26163572800", "county_name": "Wayne County", "place_name": null, "state_name": "Michigan", "state_abbr": "MI", "is_rural": false, "dci_score": 89.2, "dci_quintile": 2.0, "is_cra_lmi": true, "income_level": "M", "is_persistent_poverty": false, "is_tribal_overlap": false, "tribal_area_name": null, "aian_pct": 0.0, "has_nmtc": false, "nmtc_projects": 0, "nmtc_total_usd": 0.0 }, "geometry": { "type": "Polygon", "coordinates": [ [ [ -83.251129, 42.28215 ], [ -83.241385, 42.28234 ], [ -83.231648, 42.282559 ], [ -83.231396, 42.277059 ], [ -83.231267, 42.273198 ], [ -83.231911, 42.269879 ], [ -83.240797, 42.269672 ], [ -83.250606, 42.269487 ], [ -83.250778, 42.273387 ], [ -83.250914, 42.276737 ], [ -83.251129, 42.28215 ] ] ] } },
{ "type": "Feature", "properties": { "geoid": "26099258600", "county_name": "Macomb County", "place_name": "Flint", "state_name": "Michigan", "state_abbr": "MI", "is_rural": false, "dci_score": 81.5, "dci_quintile": 2.0, "is_cra_lmi": true, "income_level": "L", "is_persistent_poverty": false, "is_tribal_overlap": false, "tribal_area_name": null, "aian_pct": 0.0, "has_nmtc": false, "nmtc_projects": 0, "nmtc_total_usd": 0.0 }, "geometry": { "type": "Polygon", "coordinates": [ [ [ -82.946792, 42.464844 ], [ -82.945796, 42.464877 ], [ -82.941657, 42.465002 ], [ -82.940197, 42.465045 ], [ -82.937489, 42.465123 ], [ -82.935349, 42.465193 ], [ -82.933063, 42.465256 ], [ -82.926894, 42.465456 ], [ -82.927, 42.465182 ], [ -82.931196, 42.460739 ], [ -82.931452, 42.460462 ], [ -82.93419, 42.457588 ], [ -82.941283, 42.45023 ], [ -82.942995, 42.450199 ], [ -82.943228, 42.453929 ], [ -82.943402, 42.457548 ], [ -82.946527, 42.457532 ], [ -82.946792, 42.464844 ] ] ] } },
{ "type": "Feature", "properties": { "geoid": "26099245100", "county_name": "Macomb County", "place_name": null, "state_name": "Michigan", "state_abbr": "MI", "is_rural": false, "dci_score": 77.9, "dci_quintile": 3.0, "is_cra_lmi": true, "income_level": "M", "is_persistent_poverty": false, "is_tribal_overlap": false, "tribal_area_name": null, "aian_pct": 0.0, "has_nmtc": false, "nmtc_projects": 0, "nmtc_total_usd": 0.0 }, "geometry": { "type": "Polygon", "coordinates": [ [ [ -82.892953, 42.598193 ], [ -82.889318, 42.602969 ], [ -82.882405, 42.61251 ], [ -82.882128, 42.612926 ], [ -82.879728, 42.612887 ], [ -82.869822, 42.612495 ], [ -82.87109, 42.610186 ], [ -82.87208, 42.608279 ], [ -82.872647, 42.607181 ], [ -82.874386, 42.603785 ], [ -82.877557, 42.597719 ], [ -82.8783, 42.596773 ], [ -82.880861, 42.597075 ], [ -82.89021, 42.597948 ], [ -82.892953, 42.598193 ] ] ] } },
{ "type": "Feature", "properties": { "geoid": "26099225600", "county_name": "Macomb County", "place_name": "Owosso", "state_name": "Michigan", "state_abbr": "MI", "is_rural": false, "dci_score": 52.1, "dci_quintile": 5.0, "is_cra_lmi": false, "income_level": "U", "is_persistent_poverty": false, "is_tribal_overlap": false, "tribal_area_name": null, "aian_pct": 0.0, "has_nmtc": false, "nmtc_projects": 0, "nmtc_total_usd": 0.0 }, "geometry": { "type": "Polygon", "coordinates": [ [ [ -83.093492, 42.671311 ], [ -83.092747, 42.671009 ], [ -83.085851, 42.66775 ], [ -83.086517, 42.666556 ], [ -83.085714, 42.663201 ], [ -83.08323, 42.66257 ], [ -83.084952, 42.662597 ], [ -83.085227, 42.661026 ], [ -83.082398, 42.660551 ], [ -83.082812, 42.659695 ], [ -83.080301, 42.657335 ], [ -83.077954, 42.656312 ], [ -83.074997, 42.657719 ], [ -83.073246, 42.656765 ], [ -83.072858, 42.646447 ], [ -83.072618, 42.639177 ], [ -83.072032, 42.627778 ], [ -83.071806, 42.624668 ], [ -83.091449, 42.624208 ], [ -83.091789, 42.63149 ], [ -83.091795, 42.631611 ], [ -83.092151, 42.638772 ], [ -83.092491, 42.646016 ], [ -83.092833, 42.653335 ], [ -83.09314, 42.660336 ], [ -83.093458, 42.66782 ], [ -83.093492, 42.671311 ] ] ] } },
{ "type": "Feature", "properties": { "geoid": "26099982300", "county_name": "Macomb County", "place_name": null, "state_name": "Michigan", "state_abbr": "MI", "is_rural": false, "dci_score": 61.4, "dci_quintile": 4.0, "is_cra_lmi": false, "income_level": "NA", "is_persistent_poverty": false, "is_tribal_overlap": false, "tribal_area_name": null, "aian_pct": 0.0, "has_nmtc": false, "nmtc_projects": 0, "nmtc_total_usd": 0.0 }, "geometry": { "type": "Polygon", "coordinates": [ [ [ -83.04711, 42.520689 ], [ -83.043929, 42.523589 ], [ -83.041227, 42.524669 ], [ -83.038166, 42.524463 ], [ -83.038193, 42.526443 ], [ -83.038465, 42.536412 ], [ -83.029343, 42.536643 ], [ -83.029104, 42.526756 ], [ -83.036356, 42.527038 ], [ -83.036328, 42.524386 ], [ -83.029003, 42.523792 ], [ -83.02892, 42.521126 ], [ -83.02872, 42.515225 ], [ -83.028326, 42.506565 ], [ -83.037436, 42.506152 ], [ -83.039533, 42.506036 ], [ -83.046345, 42.506142 ], [ -83.046718, 42.517376 ], [ -83.04711, 42.520689 ] ] ] } },
{ "type": "Feature", "properties": { "geoid": "26049011502", "county_name": "Genesee County", "place_name": null, "state_name": "Michigan", "state_abbr": "MI", "is_rural": false, "dci_score": 66.6, "dci_quintile": 4.0, "is_cra_lmi": false, "income_level": "U", "is_persistent_poverty": false, "is_tribal_overlap": false, "tribal_area_name": null, "aian_pct": 0.0, "has_nmtc": false, "nmtc_projects": 0, "nmtc_total_usd": 0.0 }, "geometry": { "type": "Polygon", "coordinates": [ [ [ -83.615936, 43.047501 ], [ -83.614625, 43.047339 ], [ -83.596196, 43.047922 ], [ -83.595669, 43.034117 ], [ -83.595708, 43.033641 ], [ -83.595364, 43.020492 ], [ -83.595346, 43.019431 ], [ -83.595125, 43.010968 ], [ -83.595079, 43.008684 ], [ -83.594871, 43.000037 ], [ -83.594802, 42.997449 ], [ -83.594767, 42.996832 ], [ -83.594392, 42.99012 ], [ -83.61433, 42.989691 ], [ -83.614523, 42.996998 ], [ -83.614862, 43.004137 ], [ -83.614999, 43.010532 ], [ -83.615107, 43.017619 ], [ -83.615261, 43.026307 ], [ -83.615411, 43.033046 ], [ -83.615936, 43.047501 ] ] ] } },
{ "type": "Feature", "properties": { "geoid": "26049001000", "county_name": "Genesee County", "place_name": null, "state_name": "Michigan", "state_abbr": "MI", "is_rural": false, "dci_score": 95.2, "dci_quintile": 1.0, "is_cra_lmi": true, "income_level": "M", "is_persistent_poverty": false, "is_tribal_overlap": false, "tribal_area_name": null, "aian_pct": 0.0, "has_nmtc": false, "nmtc_projects": 0, "nmtc_total_usd": 0.0 }, "geometry": { "type": "Polygon", "coordinates": [ [ [ -83.713471, 43.046317 ], [ -83.70465, 43.046385 ], [ -83.704601, 43.04398 ], [ -83.704498, 43.040126 ], [ -83.704443, 43.038724 ], [ -83.704404, 43.036146 ], [ -83.704167, 43.031827 ], [ -83.703677, 43.031247 ], [ -83.704215, 43.031019 ], [ -83.713045, 43.030658 ], [ -83.713234, 43.038622 ], [ -83.713471, 43.046317 ] ] ] } },
{ "type": "Feature", "properties": { "geoid": "26049002200", "county_name": "Genesee County", "place_name": null, "state_name": "Michigan", "state_abbr": "MI", "is_rural": false, "dci_score": 96.1, "dci_quintile": 1.0, "is_cra_lmi": true, "income_level": "L", "is_persistent_poverty": false, "is_tribal_overlap": false, "tribal_area_name": null, "aian_pct": 0.0, "has_nmtc": false, "nmtc_projects": 0, "nmtc_total_usd": 0.0 }, "geometry": { "type": "Polygon", "coordinates": [ [ [ -83.682608, 43.034661 ], [ -83.68096, 43.035283 ], [ -83.679771, 43.037374 ], [ -83.677091, 43.038798 ], [ -83.675964, 43.040087 ], [ -83.67554, 43.042904 ], [ -83.673233, 43.046249 ], [ -83.672931, 43.048417 ], [ -83.669333, 43.05325 ], [ -83.665215, 43.052006 ], [ -83.665216, 43.042936 ], [ -83.665215, 43.039754 ], [ -83.665219, 43.038278 ], [ -83.665175, 43.033174 ], [ -83.667831, 43.033122 ], [ -83.670234, 43.033064 ], [ -83.677041, 43.033344 ], [ -83.678316, 43.031115 ], [ -83.681755, 43.032554 ], [ -83.68268, 43.034142 ], [ -83.682608, 43.034661 ] ] ] } },
{ "type": "Feature", "properties": { "geoid": "26049012003", "county_name": "Genesee County", "place_name": null, "state_name": "Michigan", "state_abbr": "MI", "is_rural": false, "dci_score": 96.1, "dci_quintile": 1.0, "is_cra_lmi": false, "income_level": "U", "is_persistent_poverty": false, "is_tribal_overlap": false, "tribal_area_name": null, "aian_pct": 0.0, "has_nmtc": false, "nmtc_projects": 0, "nmtc_total_usd": 0.0 }, "geometry": { "type": "Polygon", "coordinates": [ [ [ -83.617455, 43.108119 ], [ -83.612615, 43.111178 ], [ -83.610139, 43.111451 ], [ -83.606504, 43.109276 ], [ -83.6045, 43.109936 ], [ -83.603014, 43.111611 ], [ -83.60021, 43.110743 ], [ -83.598922, 43.110809 ], [ -83.595696, 43.112557 ], [ -83.592294, 43.112187 ], [ -83.591227, 43.109807 ], [ -83.588309, 43.10693 ], [ -83.588287, 43.105049 ], [ -83.586147, 43.104649 ], [ -83.585894, 43.106064 ], [ -83.581579, 43.103931 ], [ -83.579644, 43.104149 ], [ -83.580752, 43.106214 ], [ -83.579658, 43.108566 ], [ -83.578524, 43.108591 ], [ -83.577845, 43.09165 ], [ -83.57868, 43.091575 ], [ -83.597485, 43.091837 ], [ -83.612216, 43.091563 ], [ -83.617083, 43.091493 ], [ -83.617232, 43.098105 ], [ -83.617238, 43.098339 ], [ -83.61738, 43.104561 ], [ -83.617455, 43.108119 ] ] ] } },
{ "type": "Feature", "properties": { "geoid": "26129950500", "county_name": "Ogemaw County", "place_name": null, "state_name": "Michigan", "state_abbr": "MI", "is_rural": true, "dci_score": 63.7, "dci_quintile": 4.0, "is_cra_lmi": false, "income_level": "U", "is_persistent_poverty": false, "is_tribal_overlap": false, "tribal_area_name": null, "aian_pct": 0.0, "has_nmtc": false, "nmtc_projects": 0, "nmtc_total_usd": 0.0 }, "geometry": { "type": "Polygon", "coordinates": [ [ [ -84.266953, 44.294996 ], [ -84.246766, 44.294666 ], [ -84.247046, 44.305909 ], [ -84.226084, 44.305733 ], [ -84.226088, 44.320207 ], [ -84.125731, 44.320229 ], [ -84.125654, 44.27697 ], [ -84.125666, 44.254704 ], [ -84.125645, 44.248094 ], [ -84.125647, 44.241562 ], [ -84.165614, 44.241315 ], [ -84.165586, 44.247021 ], [ -84.169133, 44.247901 ], [ -84.207943, 44.247554 ], [ -84.22066, 44.258756 ], [ -84.224796, 44.254632 ], [ -84.225445, 44.252843 ], [ -84.225553, 44.247476 ], [ -84.225539, 44.245697 ], [ -84.230775, 44.247575 ], [ -84.236442, 44.249487 ], [ -84.238705, 44.250518 ], [ -84.240691, 44.251615 ], [ -84.24613, 44.255518 ], [ -84.246368, 44.25605 ], [ -84.246218, 44.261837 ], [ -84.246256, 44.265833 ], [ -84.246262, 44.267371 ], [ -84.246264, 44.267884 ], [ -84.24627, 44.268515 ], [ -84.246335, 44.27626 ], [ -84.26012, 44.276804 ], [ -84.266795, 44.276849 ], [ -84.266953, 44.294996 ] ] ] } },
{ "type": "Feature", "properties": { "geoid": "26145001200", "county_name": "Saginaw County", "place_name": null, "state_name": "Michigan", "state_abbr": "MI", "is_rural": true, "dci_score": 90.7, "dci_quintile": 1.0, "is_cra_lmi": true, "income_level": "M", "is_persistent_poverty": false, "is_tribal_overlap": false, "tribal_area_name": null, "aian_pct": 0.0, "has_nmtc": false, "nmtc_projects": 0, "nmtc_total_usd": 0.0 }, "geometry": { "type": "Polygon", "coordinates": [ [ [ -83.995095, 43.400762 ], [ -83.995071, 43.40794 ], [ -83.985216, 43.407865 ], [ -83.982747, 43.407847 ], [ -83.976419, 43.407801 ], [ -83.979578, 43.405106 ], [ -83.976214, 43.402926 ], [ -83.973259, 43.405343 ], [ -83.971662, 43.405089 ], [ -83.96867, 43.402397 ], [ -83.965995, 43.401663 ], [ -83.964928, 43.394925 ], [ -83.964678, 43.389588 ], [ -83.965276, 43.387558 ], [ -83.967031, 43.386682 ], [ -83.970632, 43.385302 ], [ -83.976735, 43.384262 ], [ -83.98361, 43.385506 ], [ -83.991775, 43.390966 ], [ -83.994904, 43.39234 ], [ -83.995093, 43.398899 ], [ -83.995095, 43.400762 ] ] ] } },
{ "type": "Feature", "properties": { "geoid": "26145010401", "county_name": "Saginaw County", "place_name": null, "state_name": "Michigan", "state_abbr": "MI", "is_rural": true, "dci_score": 58.3, "dci_quintile": 4.0, "is_cra_lmi": true, "income_level": "M", "is_persistent_poverty": false, "is_tribal_overlap": false, "tribal_area_name": null, "aian_pct": 0.0, "has_nmtc": false, "nmtc_projects": 0, "nmtc_total_usd": 0.0 }, "geometry": { "type": "Polygon", "coordinates": [ [ [ -83.995217, 43.451069 ], [ -83.987236, 43.451008 ], [ -83.975564, 43.450998 ], [ -83.955747, 43.450945 ], [ -83.955612, 43.443694 ], [ -83.956262, 43.443697 ], [ -83.956928, 43.443691 ], [ -83.959737, 43.44371 ], [ -83.960421, 43.443695 ], [ -83.960855, 43.443681 ], [ -83.965598, 43.44367 ], [ -83.966941, 43.443676 ], [ -83.968235, 43.443681 ], [ -83.969984, 43.443684 ], [ -83.975445, 43.443708 ], [ -83.980986, 43.443796 ], [ -83.983291, 43.443814 ], [ -83.990207, 43.443834 ], [ -83.994211, 43.443832 ], [ -83.995197, 43.447022 ], [ -83.995217, 43.451069 ] ] ] } },
{ "type": "Feature", "properties": { "geoid": "26161405600", "county_name": "Washtenaw County", "place_name": "Pontiac", "state_name": "Michigan", "state_abbr": "MI", "is_rural": false, "dci_score": 43.5, "dci_quintile": 5.0, "is_cra_lmi": true, "income_level": "L", "is_persistent_poverty": false, "is_tribal_overlap": false, "tribal_area_name": null, "aian_pct": 0.0, "has_nmtc": false, "nmtc_projects": 0, "nmtc_total_usd": 0.0 }, "geometry": { "type": "Polygon", "coordinates": [ [ [ -83.739138, 42.237045 ], [ -83.729551, 42.237294 ], [ -83.724579, 42.237389 ], [ -83.720095, 42.2375 ], [ -83.713296, 42.237536 ], [ -83.709731, 42.236845 ], [ -83.707598, 42.236047 ], [ -83.699882, 42.232352 ], [ -83.695421, 42.230263 ], [ -83.69705, 42.230386 ], [ -83.699732, 42.230348 ], [ -83.700589, 42.230328 ], [ -83.701323, 42.230312 ], [ -83.712225, 42.230011 ], [ -83.713454, 42.229966 ], [ -83.719553, 42.229799 ], [ -83.738996, 42.229434 ], [ -83.739136, 42.236368 ], [ -83.739138, 42.237045 ] ] ] } },
{ "type": "Feature", "properties": { "geoid": "26069000900", "county_name": "Iosco County", "place_name": null, "state_name": "Michigan", "state_abbr": "MI", "is_rural": true, "dci_score": 76.1, "dci_quintile": 3.0, "is_cra_lmi": true, "income_level": "M", "is_persistent_poverty": false, "is_tribal_overlap": false, "tribal_area_name": null, "aian_pct": 0.0, "has_nmtc": false, "nmtc_projects": 0, "nmtc_total_usd": 0.0 }, "geometry": { "type": "Polygon", "coordinates": [ [ [ -83.805756, 44.466505 ], [ -83.792168, 44.466676 ], [ -83.791314, 44.46594 ], [ -83.786163, 44.46479 ], [ -83.774253, 44.459697 ], [ -83.772811, 44.458388 ], [ -83.772585, 44.456508 ], [ -83.769468, 44.456145 ], [ -83.764857, 44.454386 ], [ -83.761811, 44.453791 ], [ -83.758624, 44.453723 ], [ -83.752112, 44.452128 ], [ -83.735451, 44.449935 ], [ -83.732716, 44.450374 ], [ -83.730053, 44.451912 ], [ -83.727233, 44.452715 ], [ -83.69889, 44.453378 ], [ -83.696033, 44.453181 ], [ -83.68993, 44.451584 ], [ -83.688316, 44.451419 ], [ -83.687963, 44.450376 ], [ -83.683421, 44.447217 ], [ -83.678524, 44.442476 ], [ -83.673438, 44.438628 ], [ -83.671999, 44.438376 ], [ -83.666383, 44.438923 ], [ -83.664789, 44.438733 ], [ -83.651035, 44.435016 ], [ -83.648907, 44.434781 ], [ -83.644053, 44.434915 ], [ -83.636866, 44.434167 ], [ -83.6292, 44.431996 ], [ -83.624132, 44.431623 ], [ -83.624232, 44.424746 ], [ -83.624232, 44.424712 ], [ -83.623891, 44.40011 ], [ -83.623769, 44.3959 ], [ -83.62317, 44.395067 ], [ -83.615764, 44.388692 ], [ -83.612948, 44.385809 ], [ -83.611944, 44.38525 ], [ -83.60736, 44.384109 ], [ -83.606218, 44.383244 ], [ -83.60256, 44.375246 ], [ -83.602356, 44.373059 ], [ -83.605849, 44.366831 ], [ -83.606724, 44.364991 ], [ -83.606195, 44.362508 ], [ -83.604304, 44.359284 ], [ -83.606245, 44.357143 ], [ -83.607815, 44.356494 ], [ -83.616576, 44.35534 ], [ -83.621669, 44.349534 ], [ -83.624637, 44.345198 ], [ -83.624943, 44.34475 ], [ -83.625733, 44.343835 ], [ -83.631634, 44.342399 ], [ -83.635139, 44.340575 ], [ -83.633842, 44.337335 ], [ -83.628222, 44.332196 ], [ -83.630909, 44.332776 ], [ -83.638158, 44.329821 ], [ -83.644873, 44.329489 ], [ -83.651643, 44.329477 ], [ -83.65718, 44.331348 ], [ -83.659941, 44.333903 ], [ -83.66153, 44.334313 ], [ -83.661524, 44.332733 ], [ -83.664542, 44.330963 ], [ -83.664782, 44.328021 ], [ -83.666546, 44.328058 ], [ -83.666999, 44.327148 ], [ -83.669467, 44.326179 ], [ -83.67001, 44.324814 ], [ -83.671519, 44.323671 ], [ -83.671877, 44.322138 ], [ -83.675841, 44.32201 ], [ -83.679653, 44.31939 ], [ -83.684586, 44.319181 ], [ -83.684741, 44.318348 ], [ -83.68904, 44.318406 ], [ -83.692046, 44.319439 ], [ -83.692818, 44.320282 ], [ -83.692668, 44.321992 ], [ -83.689651, 44.32599 ], [ -83.687114, 44.327862 ], [ -83.684597, 44.328771 ], [ -83.680698, 44.331934 ], [ -83.680719, 44.333869 ], [ -83.683738, 44.336339 ], [ -83.684552, 44.339665 ], [ -83.686444, 44.341237 ], [ -83.689994, 44.342473 ], [ -83.69114, 44.34387 ], [ -83.690413, 44.345601 ], [ -83.688433, 44.348261 ], [ -83.688293, 44.35087 ], [ -83.689843, 44.354682 ], [ -83.690139, 44.360911 ], [ -83.691236, 44.363953 ], [ -83.692429, 44.365294 ], [ -83.717398, 44.364818 ], [ -83.719619, 44.364137 ], [ -83.729044, 44.362523 ], [ -83.731619, 44.362922 ], [ -83.734328, 44.364349 ], [ -83.764233, 44.363545 ], [ -83.773243, 44.363819 ], [ -83.804391, 44.363646 ], [ -83.80504, 44.406938 ], [ -83.805015, 44.411794 ], [ -83.805103, 44.448695 ], [ -83.804975, 44.449319 ], [ -83.805178, 44.452018 ], [ -83.804994, 44.457453 ], [ -83.805439, 44.45986 ], [ -83.805756, 44.466505 ] ] ] } },
{ "type": "Feature", "properties": { "geoid": "26081001104", "county_name": "Kent County", "place_name": null, "state_name": "Michigan", "state_abbr": "MI", "is_rural": false, "dci_score": 71.0, "dci_quintile": 3.0, "is_cra_lmi": false, "income_level": "U", "is_persistent_poverty": false, "is_tribal_overlap": false, "tribal_area_name": null, "aian_pct": 0.0, "has_nmtc": false, "nmtc_projects": 0, "nmtc_total_usd": 0.0 }, "geometry": { "type": "Polygon", "coordinates": [ [ [ -85.639837, 42.980843 ], [ -85.63004, 42.980824 ], [ -85.630037, 42.979458 ], [ -85.625161, 42.979456 ], [ -85.625161, 42.976306 ], [ -85.625529, 42.976208 ], [ -85.631131, 42.973823 ], [ -85.632803, 42.973403 ], [ -85.639765, 42.973351 ], [ -85.639774, 42.973541 ], [ -85.639818, 42.979081 ], [ -85.639837, 42.980843 ] ] ] } },
{ "type": "Feature", "properties": { "geoid": "26103002802", "county_name": "Marquette County", "place_name": null, "state_name": "Michigan", "state_abbr": "MI", "is_rural": true, "dci_score": 44.9, "dci_quintile": 5.0, "is_cra_lmi": true, "income_level": "M", "is_persistent_poverty": false, "is_tribal_overlap": false, "tribal_area_name": null, "aian_pct": 0.0, "has_nmtc": false, "nmtc_projects": 0, "nmtc_total_usd": 0.0 }, "geometry": { "type": "Polygon", "coordinates": [ [ [ -87.432358, 46.525748 ], [ -87.431611, 46.525456 ], [ -87.429296, 46.526074 ], [ -87.416672, 46.527057 ], [ -87.406458, 46.527196 ], [ -87.406361, 46.527196 ], [ -87.406137, 46.527197 ], [ -87.403298, 46.527472 ], [ -87.401208, 46.527682 ], [ -87.399028, 46.531634 ], [ -87.396559, 46.531602 ], [ -87.395285, 46.536915 ], [ -87.394491, 46.537013 ], [ -87.3931855773032, 46.537098335379198 ], [ -87.393985, 46.533183 ], [ -87.393442, 46.532175 ], [ -87.390953, 46.532705 ], [ -87.390787, 46.530493 ], [ -87.391448, 46.528238 ], [ -87.38929, 46.524472 ], [ -87.385523, 46.520477 ], [ -87.381349, 46.517292 ], [ -87.366767, 46.507303 ], [ -87.366181624732604, 46.506996587038898 ], [ -87.385299, 46.506329 ], [ -87.396923, 46.506236 ], [ -87.41263, 46.506165 ], [ -87.412795, 46.506802 ], [ -87.419113, 46.509017 ], [ -87.419494, 46.50936 ], [ -87.423737, 46.508829 ], [ -87.427092, 46.507567 ], [ -87.427088, 46.519784 ], [ -87.432325, 46.519732 ], [ -87.432358, 46.525748 ] ] ] } },
{ "type": "Feature", "properties": { "geoid": "26163589402", "county_name": "Wayne County", "place_name": null, "state_name": "Michigan", "state_abbr": "MI", "is_rural": true, "dci_score": 47.4, "dci_quintile": 5.0, "is_cra_lmi": false, "income_level": "U", "is_persistent_poverty": false, "is_tribal_overlap": false, "tribal_area_name": null, "aian_pct": 0.0, "has_nmtc": false, "nmtc_projects": 0, "nmtc_total_usd": 0.0 }, "geometry": { "type": "Polygon", "coordinates": [ [ [ -83.541044, 42.143907 ], [ -83.532573, 42.144083 ], [ -83.519875, 42.144185 ], [ -83.499896, 42.144443 ], [ -83.490175, 42.144623 ], [ -83.48213, 42.145158 ], [ -83.481194, 42.123395 ], [ -83.481091, 42.120752 ], [ -83.481023, 42.116149 ], [ -83.479457, 42.101429 ], [ -83.479117, 42.088829 ], [ -83.479967, 42.086879 ], [ -83.494488, 42.086517 ], [ -83.500167, 42.086374 ], [ -83.539396, 42.085598 ], [ -83.540224, 42.114825 ], [ -83.540449, 42.121855 ], [ -83.541044, 42.143907 ] ] ] } },
{ "type": "Feature", "properties": { "geoid": "26163583101", "county_name": "Wayne County", "place_name": null, "state_name": "Michigan", "state_abbr": "MI", "is_rural": false, "dci_score": 81.1, "dci_quintile": 2.0, "is_cra_lmi": true, "income_level": "M", "is_persistent_poverty": false, "is_tribal_overlap": false, "tribal_area_name": null, "aian_pct": 0.0, "has_nmtc": false, "nmtc_projects": 0, "nmtc_total_usd": 0.0 }, "geometry": { "type": "Polygon", "coordinates": [ [ [ -83.308999, 42.26823 ], [ -83.299065, 42.268462 ], [ -83.298024, 42.268486 ], [ -83.289535, 42.268685 ], [ -83.284711, 42.268788 ], [ -83.270483, 42.269131 ], [ -83.270134, 42.269141 ], [ -83.270384, 42.264621 ], [ -83.275008, 42.264504 ], [ -83.280199, 42.263898 ], [ -83.284347, 42.262954 ], [ -83.289402, 42.261122 ], [ -83.289411, 42.261638 ], [ -83.29573, 42.258834 ], [ -83.299059, 42.257189 ], [ -83.299134, 42.261587 ], [ -83.308751, 42.260989 ], [ -83.308999, 42.26823 ] ] ] } },
{ "type": "Feature", "properties": { "geoid": "26163518900", "county_name": "Wayne County", "place_name": null, "state_name": "Michigan", "state_abbr": "MI", "is_rural": false, "dci_score": 87.5, "dci_quintile": 2.0, "is_cra_lmi": true, "income_level": "L", "is_persistent_poverty": false, "is_tribal_overlap": false, "tribal_area_name": null, "aian_pct": 0.0, "has_nmtc": true, "nmtc_projects": 1, "nmtc_total_usd": 1400000.0 }, "geometry": { "type": "Polygon", "coordinates": [ [ [ -83.054365, 42.361004 ], [ -83.046634, 42.36358 ], [ -83.04051, 42.354371 ], [ -83.038258, 42.355211 ], [ -83.035866, 42.351596 ], [ -83.032046, 42.352495 ], [ -83.034858, 42.348569 ], [ -83.035904, 42.347216 ], [ -83.041344, 42.340161 ], [ -83.043501, 42.342537 ], [ -83.043799, 42.343593 ], [ -83.044414, 42.345931 ], [ -83.047821, 42.351218 ], [ -83.05144, 42.356632 ], [ -83.054241, 42.360835 ], [ -83.054365, 42.361004 ] ] ] } },
{ "type": "Feature", "properties": { "geoid": "26065000100", "county_name": "Ingham County", "place_name": null, "state_name": "Michigan", "state_abbr": "MI", "is_rural": false, "dci_score": 66.7, "dci_quintile": 4.0, "is_cra_lmi": true, "income_level": "L", "is_persistent_poverty": false, "is_tribal_overlap": false, "tribal_area_name": null, "aian_pct": 0.0, "has_nmtc": false, "nmtc_projects": 0, "nmtc_total_usd": 0.0 }, "geometry": { "type": "Polygon", "coordinates": [ [ [ -84.567363, 42.7639 ], [ -84.561557, 42.761419 ], [ -84.555538, 42.762312 ], [ -84.551791, 42.762136 ], [ -84.549589, 42.762799 ], [ -84.542767, 42.762761 ], [ -84.542796, 42.762179 ], [ -84.536366, 42.76222 ], [ -84.532446, 42.764365 ], [ -84.528817, 42.765838 ], [ -84.528427, 42.765018 ], [ -84.530505, 42.76054 ], [ -84.532314, 42.759366 ], [ -84.533754, 42.7585 ], [ -84.533346, 42.75543 ], [ -84.533377, 42.753712 ], [ -84.535819, 42.75373 ], [ -84.53874, 42.753727 ], [ -84.538754, 42.752896 ], [ -84.540832, 42.752912 ], [ -84.542875, 42.748177 ], [ -84.543637, 42.74995 ], [ -84.544587, 42.750829 ], [ -84.546043, 42.751634 ], [ -84.567369, 42.763149 ], [ -84.567363, 42.7639 ] ] ] } },
{ "type": "Feature", "properties": { "geoid": "26077001509", "county_name": "Kalamazoo County", "place_name": null, "state_name": "Michigan", "state_abbr": "MI", "is_rural": false, "dci_score": 63.8, "dci_quintile": 4.0, "is_cra_lmi": true, "income_level": "M", "is_persistent_poverty": false, "is_tribal_overlap": false, "tribal_area_name": null, "aian_pct": 0.0, "has_nmtc": false, "nmtc_projects": 0, "nmtc_total_usd": 0.0 }, "geometry": { "type": "Polygon", "coordinates": [ [ [ -85.648253, 42.280152 ], [ -85.648248, 42.281124 ], [ -85.648235, 42.282599 ], [ -85.648236, 42.284223 ], [ -85.64823, 42.285863 ], [ -85.647336, 42.285857 ], [ -85.645573, 42.286589 ], [ -85.639724, 42.28692 ], [ -85.636422, 42.285653 ], [ -85.634282, 42.28573 ], [ -85.631128, 42.2855 ], [ -85.62963, 42.286008 ], [ -85.628397, 42.288799 ], [ -85.628603, 42.288945 ], [ -85.626392, 42.289031 ], [ -85.626392, 42.288981 ], [ -85.622805, 42.286124 ], [ -85.621649, 42.28161 ], [ -85.626055, 42.280369 ], [ -85.629106, 42.279533 ], [ -85.633557, 42.278282 ], [ -85.638147, 42.277015 ], [ -85.642948, 42.277124 ], [ -85.647954, 42.27811 ], [ -85.648266, 42.278134 ], [ -85.648253, 42.280152 ] ] ] } },
{ "type": "Feature", "properties": { "geoid": "26161402601", "county_name": "Washtenaw County", "place_name": null, "state_name": "Michigan", "state_abbr": "MI", "is_rural": false, "dci_score": 33.7, "dci_quintile": 5.0, "is_cra_lmi": true, "income_level": "M", "is_persistent_poverty": false, "is_tribal_overlap": false, "tribal_area_name": null, "aian_pct": 0.0, "has_nmtc": false, "nmtc_projects": 0, "nmtc_total_usd": 0.0 }, "geometry": { "type": "Polygon", "coordinates": [ [ [ -83.712888, 42.301717 ], [ -83.712057, 42.302114 ], [ -83.711166, 42.302369 ], [ -83.707222, 42.302533 ], [ -83.704329, 42.302608 ], [ -83.701308, 42.302736 ], [ -83.69283, 42.305026 ], [ -83.692709, 42.304715 ], [ -83.692551, 42.299633 ], [ -83.692548, 42.299193 ], [ -83.692491, 42.296582 ], [ -83.692301, 42.288007 ], [ -83.693343, 42.287973 ], [ -83.693788, 42.287946 ], [ -83.694156, 42.287875 ], [ -83.694682, 42.28773 ], [ -83.694951, 42.287684 ], [ -83.695581, 42.287657 ], [ -83.695762, 42.28767 ], [ -83.698438, 42.287944 ], [ -83.699289, 42.288036 ], [ -83.699811, 42.288117 ], [ -83.700312, 42.28815 ], [ -83.700647, 42.288131 ], [ -83.701468, 42.287953 ], [ -83.703361, 42.287819 ], [ -83.705264, 42.292328 ], [ -83.704528, 42.295301 ], [ -83.706657, 42.295699 ], [ -83.710506, 42.296378 ], [ -83.712037, 42.295773 ], [ -83.712665, 42.300382 ], [ -83.714143, 42.300679 ], [ -83.712888, 42.301717 ] ] ] } },
{ "type": "Feature", "properties": { "geoid": "26161400300", "county_name": "Washtenaw County", "place_name": "Kalamazoo", "state_name": "Michigan", "state_abbr": "MI", "is_rural": false, "dci_score": 45.1, "dci_quintile": 5.0, "is_cra_lmi": false, "income_level": "NA", "is_persistent_poverty": false, "is_tribal_overlap": false, "tribal_area_name": null, "aian_pct": 0.0, "has_nmtc": false, "nmtc_projects": 0, "nmtc_total_usd": 0.0 }, "geometry": { "type": "Polygon", "coordinates": [ [ [ -83.739388, 42.27192 ], [ -83.73316, 42.272151 ], [ -83.73308, 42.275515 ], [ -83.732606, 42.275939 ], [ -83.733338, 42.277428 ], [ -83.731675, 42.27748 ], [ -83.724801, 42.275678 ], [ -83.723093, 42.275423 ], [ -83.724573, 42.273745 ], [ -83.724007, 42.271721 ], [ -83.725711, 42.270612 ], [ -83.729949, 42.270482 ], [ -83.731457, 42.269993 ], [ -83.733119, 42.269527 ], [ -83.733139, 42.270343 ], [ -83.735685, 42.270236 ], [ -83.737819, 42.270226 ], [ -83.739388, 42.27192 ] ] ] } },
{ "type": "Feature", "properties": { "geoid": "26161412600", "county_name": "Washtenaw County", "place_name": null, "state_name": "Michigan", "state_abbr": "MI", "is_rural": false, "dci_score": 62.7, "dci_quintile": 4.0, "is_cra_lmi": true, "income_level": "M", "is_persistent_poverty": false, "is_tribal_overlap": false, "tribal_area_name": null, "aian_pct": 0.0, "has_nmtc": false, "nmtc_projects": 0, "nmtc_total_usd": 0.0 }, "geometry": { "type": "Polygon", "coordinates": [ [ [ -83.601932, 42.228304 ], [ -83.600108, 42.231602 ], [ -83.598004, 42.230058 ], [ -83.596954, 42.228454 ], [ -83.595872, 42.225353 ], [ -83.591449, 42.22304 ], [ -83.582324, 42.221239 ], [ -83.578728, 42.220731 ], [ -83.57341, 42.221335 ], [ -83.572616, 42.221368 ], [ -83.567549, 42.216468 ], [ -83.567029, 42.216071 ], [ -83.562612, 42.214868 ], [ -83.558123, 42.213718 ], [ -83.557678, 42.206047 ], [ -83.568965, 42.206946 ], [ -83.573597, 42.213381 ], [ -83.582259, 42.217079 ], [ -83.596703, 42.217278 ], [ -83.601761, 42.217595 ], [ -83.601942, 42.225655 ], [ -83.601932, 42.228304 ] ] ] } },
{ "type": "Feature", "properties": { "geoid": "26159012001", "county_name": "Van Buren County", "place_name": null, "state_name": "Michigan", "state_abbr": "MI", "is_rural": true, "dci_score": 79.3, "dci_quintile": 3.0, "is_cra_lmi": false, "income_level": "U", "is_persistent_poverty": false, "is_tribal_overlap": false, "tribal_area_name": null, "aian_pct": 0.0, "has_nmtc": false, "nmtc_projects": 0, "nmtc_total_usd": 0.0 }, "geometry": { "type": "Polygon", "coordinates": [ [ [ -86.224097, 42.331459 ], [ -86.221322, 42.331467 ], [ -86.202347, 42.331756 ], [ -86.177574, 42.331844 ], [ -86.172121, 42.331792 ], [ -86.168322, 42.332011 ], [ -86.148276, 42.332084 ], [ -86.109431, 42.332236 ], [ -86.109282, 42.323321 ], [ -86.109113, 42.315162 ], [ -86.106841, 42.316061 ], [ -86.101071, 42.316138 ], [ -86.099572, 42.316161 ], [ -86.09132, 42.31621 ], [ -86.091322, 42.305779 ], [ -86.091563, 42.305366 ], [ -86.093986, 42.305155 ], [ -86.095991, 42.306166 ], [ -86.101056, 42.305621 ], [ -86.107748, 42.305615 ], [ -86.107687, 42.307017 ], [ -86.109036, 42.308084 ], [ -86.109001, 42.305294 ], [ -86.108881, 42.294527 ], [ -86.108605, 42.248383 ], [ -86.108585, 42.243948 ], [ -86.176532, 42.243527 ], [ -86.177249, 42.243513 ], [ -86.180123, 42.243466 ], [ -86.183014, 42.243433 ], [ -86.185159, 42.24339 ], [ -86.186126, 42.243384 ], [ -86.195908, 42.24334 ], [ -86.223563, 42.243379 ], [ -86.223596, 42.250698 ], [ -86.223557, 42.261103 ], [ -86.22354, 42.264931 ], [ -86.223583, 42.268185 ], [ -86.223601, 42.301135 ], [ -86.223727, 42.315571 ], [ -86.224097, 42.331459 ] ] ] } },
{ "type": "Feature", "properties": { "geoid": "26099240802", "county_name": "Macomb County", "place_name": null, "state_name": "Michigan", "state_abbr": "MI", "is_rural": false, "dci_score": 60.8, "dci_quintile": 4.0, "is_cra_lmi": true, "income_level": "M", "is_persistent_poverty": false, "is_tribal_overlap": false, "tribal_area_name": null, "aian_pct": 0.0, "has_nmtc": false, "nmtc_projects": 0, "nmtc_total_usd": 0.0 }, "geometry": { "type": "Polygon", "coordinates": [ [ [ -82.928731, 42.568606 ], [ -82.924622, 42.575159 ], [ -82.920571, 42.576269 ], [ -82.918968, 42.577827 ], [ -82.915661, 42.580091 ], [ -82.913388, 42.580362 ], [ -82.911762, 42.582208 ], [ -82.913325, 42.582855 ], [ -82.912984, 42.586002 ], [ -82.907988, 42.587468 ], [ -82.904077, 42.586872 ], [ -82.903749, 42.587843 ], [ -82.901168, 42.587451 ], [ -82.911268, 42.574057 ], [ -82.914976, 42.56929 ], [ -82.919989, 42.569147 ], [ -82.927444, 42.568643 ], [ -82.928731, 42.568606 ] ] ] } },
{ "type": "Feature", "properties": { "geoid": "26099242002", "county_name": "Macomb County", "place_name": null, "state_name": "Michigan", "state_abbr": "MI", "is_rural": false, "dci_score": 18.1, "dci_quintile": 5.0, "is_cra_lmi": false, "income_level": "U", "is_persistent_poverty": false, "is_tribal_overlap": false, "tribal_area_name": null, "aian_pct": 0.0, "has_nmtc": false, "nmtc_projects": 0, "nmtc_total_usd": 0.0 }, "geometry": { "type": "Polygon", "coordinates": [ [ [ -82.973317, 42.627811 ], [ -82.963025, 42.628013 ], [ -82.962972, 42.627384 ], [ -82.962994, 42.623264 ], [ -82.963, 42.619945 ], [ -82.973012, 42.619868 ], [ -82.973162, 42.623714 ], [ -82.973292, 42.627179 ], [ -82.973317, 42.627811 ] ] ] } },
{ "type": "Feature", "properties": { "geoid": "26099230501", "county_name": "Macomb County", "place_name": null, "state_name": "Michigan", "state_abbr": "MI", "is_rural": false, "dci_score": 35.1, "dci_quintile": 5.0, "is_cra_lmi": true, "income_level": "M", "is_persistent_poverty": false, "is_tribal_overlap": false, "tribal_area_name": null, "aian_pct": 0.0, "has_nmtc": false, "nmtc_projects": 0, "nmtc_total_usd": 0.0 }, "geometry": { "type": "Polygon", "coordinates": [ [ [ -83.051897, 42.625181 ], [ -83.044162, 42.62552 ], [ -83.042247, 42.624656 ], [ -83.041836, 42.620074 ], [ -83.038404, 42.620227 ], [ -83.036684, 42.616426 ], [ -83.032006, 42.617538 ], [ -83.032149, 42.620332 ], [ -83.029506, 42.620853 ], [ -83.030076, 42.619536 ], [ -83.026529, 42.617498 ], [ -83.025945, 42.615522 ], [ -83.026151, 42.614227 ], [ -83.027551, 42.61085 ], [ -83.025637, 42.610088 ], [ -83.026933, 42.609615 ], [ -83.025383, 42.607344 ], [ -83.024388, 42.60768 ], [ -83.020257, 42.603935 ], [ -83.023172, 42.602511 ], [ -83.026841, 42.600636 ], [ -83.028354, 42.599314 ], [ -83.029136, 42.598136 ], [ -83.03001, 42.595045 ], [ -83.030903, 42.595018 ], [ -83.030558, 42.598126 ], [ -83.031304, 42.601059 ], [ -83.031481, 42.601641 ], [ -83.031533, 42.608268 ], [ -83.038858, 42.608298 ], [ -83.041501, 42.608909 ], [ -83.042473, 42.609047 ], [ -83.051131, 42.608871 ], [ -83.051491, 42.61577 ], [ -83.051897, 42.625181 ] ] ] } },
{ "type": "Feature", "properties": { "geoid": "26099222104", "county_name": "Macomb County", "place_name": null, "state_name": "Michigan", "state_abbr": "MI", "is_rural": false, "dci_score": 32.4, "dci_quintile": 5.0, "is_cra_lmi": true, "income_level": "M", "is_persistent_poverty": false, "is_tribal_overlap": false, "tribal_area_name": null, "aian_pct": 0.0, "has_nmtc": false, "nmtc_projects": 0, "nmtc_total_usd": 0.0 }, "geometry": { "type": "Polygon", "coordinates": [ [ [ -82.820797, 42.683839 ], [ -82.818375, 42.684011 ], [ -82.818769, 42.689081 ], [ -82.81292, 42.689265 ], [ -82.812299, 42.689316 ], [ -82.797137, 42.689709 ], [ -82.797836, 42.689164 ], [ -82.807587, 42.682711 ], [ -82.814812, 42.678205 ], [ -82.814627, 42.68235 ], [ -82.820927, 42.681925 ], [ -82.820797, 42.683839 ] ] ] } },
{ "type": "Feature", "properties": { "geoid": "26163533800", "county_name": "Wayne County", "place_name": "Wixom", "state_name": "Michigan", "state_abbr": "MI", "is_rural": false, "dci_score": 94.3, "dci_quintile": 1.0, "is_cra_lmi": true, "income_level": "M", "is_persistent_poverty": false, "is_tribal_overlap": false, "tribal_area_name": null, "aian_pct": 0.0, "has_nmtc": false, "nmtc_projects": 0, "nmtc_total_usd": 0.0 }, "geometry": { "type": "Polygon", "coordinates": [ [ [ -83.138751, 42.367398 ], [ -83.131168, 42.36453 ], [ -83.122227, 42.361146 ], [ -83.124471, 42.360293 ], [ -83.130105, 42.358152 ], [ -83.125659, 42.351882 ], [ -83.12976, 42.35196 ], [ -83.135703, 42.352072 ], [ -83.138182, 42.355511 ], [ -83.138258, 42.356328 ], [ -83.138393, 42.35937 ], [ -83.138592, 42.363977 ], [ -83.138751, 42.367398 ] ] ] } },
{ "type": "Feature", "properties": { "geoid": "26163512800", "county_name": "Wayne County", "place_name": "Rochester Hills", "state_name": "Michigan", "state_abbr": "MI", "is_rural": false, "dci_score": 96.7, "dci_quintile": 1.0, "is_cra_lmi": true, "income_level": "L", "is_persistent_poverty": false, "is_tribal_overlap": false, "tribal_area_name": null, "aian_pct": 0.0, "has_nmtc": false, "nmtc_projects": 0, "nmtc_total_usd": 0.0 }, "geometry": { "type": "Polygon", "coordinates": [ [ [ -82.966659, 42.383756 ], [ -82.965192, 42.383836 ], [ -82.963066, 42.384343 ], [ -82.958788, 42.385386 ], [ -82.957212, 42.385765 ], [ -82.954271, 42.386263 ], [ -82.947699, 42.3873 ], [ -82.946644, 42.387469 ], [ -82.946876, 42.38699 ], [ -82.943911, 42.382418 ], [ -82.942567, 42.380674 ], [ -82.93891, 42.37514 ], [ -82.946696, 42.371917 ], [ -82.949209, 42.370953 ], [ -82.958905, 42.370001 ], [ -82.962535, 42.375569 ], [ -82.967843, 42.383696 ], [ -82.966659, 42.383756 ] ] ] } },
{ "type": "Feature", "properties": { "geoid": "26139024401", "county_name": "Ottawa County", "place_name": null, "state_name": "Michigan", "state_abbr": "MI", "is_rural": true, "dci_score": 8.2, "dci_quintile": 5.0, "is_cra_lmi": false, "income_level": "U", "is_persistent_poverty": false, "is_tribal_overlap": false, "tribal_area_name": null, "aian_pct": 0.0, "has_nmtc": false, "nmtc_projects": 0, "nmtc_total_usd": 0.0 }, "geometry": { "type": "Polygon", "coordinates": [ [ [ -85.944149, 42.972445 ], [ -85.934286, 42.97234 ], [ -85.924354, 42.97241 ], [ -85.924527, 42.979668 ], [ -85.904563, 42.979595 ], [ -85.90492, 42.990434 ], [ -85.889876, 42.990346 ], [ -85.884892, 42.986221 ], [ -85.884731, 42.979829 ], [ -85.885703, 42.978858 ], [ -85.889483, 42.978851 ], [ -85.89222, 42.978352 ], [ -85.895367, 42.976464 ], [ -85.89913, 42.976065 ], [ -85.901017, 42.97498 ], [ -85.903366, 42.974751 ], [ -85.906508, 42.972487 ], [ -85.910579, 42.971841 ], [ -85.91245, 42.969989 ], [ -85.911687, 42.968491 ], [ -85.912434, 42.966001 ], [ -85.911947, 42.961328 ], [ -85.913877, 42.959575 ], [ -85.913754, 42.9578 ], [ -85.911649, 42.956852 ], [ -85.90665, 42.956813 ], [ -85.903799, 42.955846 ], [ -85.90375, 42.954201 ], [ -85.903641, 42.950466 ], [ -85.903509, 42.945657 ], [ -85.903448, 42.943282 ], [ -85.910836, 42.943281 ], [ -85.942998, 42.943226 ], [ -85.943566, 42.957783 ], [ -85.944149, 42.972445 ] ] ] } },
{ "type": "Feature", "properties": { "geoid": "26163503200", "county_name": "Wayne County", "place_name": null, "state_name": "Michigan", "state_abbr": "MI", "is_rural": false, "dci_score": 98.9, "dci_quintile": 1.0, "is_cra_lmi": true, "income_level": "L", "is_persistent_poverty": false, "is_tribal_overlap": false, "tribal_area_name": null, "aian_pct": 0.0, "has_nmtc": false, "nmtc_projects": 0, "nmtc_total_usd": 0.0 }, "geometry": { "type": "Polygon", "coordinates": [ [ [ -83.005185, 42.448819 ], [ -83.002698, 42.448901 ], [ -82.994199, 42.449087 ], [ -82.985659, 42.44928 ], [ -82.985407, 42.442205 ], [ -82.993932, 42.441973 ], [ -83.004963, 42.441681 ], [ -83.005185, 42.448819 ] ] ] } },
{ "type": "Feature", "properties": { "geoid": "26163535300", "county_name": "Wayne County", "place_name": null, "state_name": "Michigan", "state_abbr": "MI", "is_rural": false, "dci_score": 95.9, "dci_quintile": 1.0, "is_cra_lmi": true, "income_level": "M", "is_persistent_poverty": false, "is_tribal_overlap": false, "tribal_area_name": null, "aian_pct": 0.0, "has_nmtc": false, "nmtc_projects": 0, "nmtc_total_usd": 0.0 }, "geometry": { "type": "Polygon", "coordinates": [ [ [ -83.198044, 42.379232 ], [ -83.192147, 42.379368 ], [ -83.188129, 42.380664 ], [ -83.183056, 42.382274 ], [ -83.183004, 42.380173 ], [ -83.183159, 42.37847 ], [ -83.182973, 42.372935 ], [ -83.182474, 42.365688 ], [ -83.190755, 42.365508 ], [ -83.197286, 42.365365 ], [ -83.197364, 42.367849 ], [ -83.19756, 42.37256 ], [ -83.197757, 42.377056 ], [ -83.197991, 42.378243 ], [ -83.198044, 42.379232 ] ] ] } },
{ "type": "Feature", "properties": { "geoid": "26143970100", "county_name": "Roscommon County", "place_name": null, "state_name": "Michigan", "state_abbr": "MI", "is_rural": true, "dci_score": 65.1, "dci_quintile": 4.0, "is_cra_lmi": true, "income_level": "M", "is_persistent_poverty": false, "is_tribal_overlap": false, "tribal_area_name": null, "aian_pct": 0.0, "has_nmtc": false, "nmtc_projects": 0, "nmtc_total_usd": 0.0 }, "geometry": { "type": "Polygon", "coordinates": [ [ [ -84.52827, 44.372528 ], [ -84.526366, 44.375088 ], [ -84.525577, 44.376937 ], [ -84.525194, 44.382492 ], [ -84.519654, 44.396798 ], [ -84.515515, 44.402007 ], [ -84.515112, 44.403008 ], [ -84.517663, 44.407141 ], [ -84.522859, 44.412599 ], [ -84.524498, 44.418216 ], [ -84.526063, 44.420451 ], [ -84.52735, 44.423387 ], [ -84.495016, 44.424 ], [ -84.491836, 44.42159 ], [ -84.484562, 44.421954 ], [ -84.48332, 44.421918 ], [ -84.481559, 44.423559 ], [ -84.482739, 44.43781 ], [ -84.481621, 44.437919 ], [ -84.471492, 44.437659 ], [ -84.471415, 44.451485 ], [ -84.471084, 44.452142 ], [ -84.461512, 44.45191 ], [ -84.461366, 44.458787 ], [ -84.451082, 44.458884 ], [ -84.451189, 44.459733 ], [ -84.451042, 44.509844 ], [ -84.449123, 44.509831 ], [ -84.370643, 44.507223 ], [ -84.369896, 44.420739 ], [ -84.369584, 44.360074 ], [ -84.36959, 44.359421 ], [ -84.380928, 44.36327 ], [ -84.390096, 44.363375 ], [ -84.410263, 44.363487 ], [ -84.420438, 44.363452 ], [ -84.43048, 44.363404 ], [ -84.431998, 44.362907 ], [ -84.435876, 44.363282 ], [ -84.436047, 44.362971 ], [ -84.441859, 44.362751 ], [ -84.44541, 44.361652 ], [ -84.447537, 44.358891 ], [ -84.4475, 44.356999 ], [ -84.440376, 44.353422 ], [ -84.438381, 44.351449 ], [ -84.438458, 44.350196 ], [ -84.439167, 44.348886 ], [ -84.49158, 44.349114 ], [ -84.49165, 44.356244 ], [ -84.510137, 44.356173 ], [ -84.511924, 44.356585 ], [ -84.518765, 44.360032 ], [ -84.520001, 44.361935 ], [ -84.520003, 44.365608 ], [ -84.520822, 44.36695 ], [ -84.527986, 44.371548 ], [ -84.52827, 44.372528 ] ] ] } },
{ "type": "Feature", "properties": { "geoid": "26163538900", "county_name": "Wayne County", "place_name": null, "state_name": "Michigan", "state_abbr": "MI", "is_rural": false, "dci_score": 85.8, "dci_quintile": 2.0, "is_cra_lmi": true, "income_level": "M", "is_persistent_poverty": false, "is_tribal_overlap": false, "tribal_area_name": null, "aian_pct": 0.0, "has_nmtc": false, "nmtc_projects": 0, "nmtc_total_usd": 0.0 }, "geometry": { "type": "Polygon", "coordinates": [ [ [ -83.161215, 42.438512 ], [ -83.150887, 42.438684 ], [ -83.150679, 42.438688 ], [ -83.141751, 42.438836 ], [ -83.141637, 42.435335 ], [ -83.141503, 42.431606 ], [ -83.146967, 42.431493 ], [ -83.150684, 42.431427 ], [ -83.151858, 42.431413 ], [ -83.156622, 42.431388 ], [ -83.160984, 42.431347 ], [ -83.161111, 42.435045 ], [ -83.161215, 42.438512 ] ] ] } },
{ "type": "Feature", "properties": { "geoid": "26163573702", "county_name": "Wayne County", "place_name": null, "state_name": "Michigan", "state_abbr": "MI", "is_rural": false, "dci_score": 95.5, "dci_quintile": 1.0, "is_cra_lmi": true, "income_level": "M", "is_persistent_poverty": false, "is_tribal_overlap": false, "tribal_area_name": null, "aian_pct": 0.0, "has_nmtc": false, "nmtc_projects": 0, "nmtc_total_usd": 0.0 }, "geometry": { "type": "Polygon", "coordinates": [ [ [ -83.17703, 42.347637 ], [ -83.172118, 42.347745 ], [ -83.171073, 42.347784 ], [ -83.170879, 42.34416 ], [ -83.167074, 42.344226 ], [ -83.166838, 42.33873 ], [ -83.166683, 42.335138 ], [ -83.166456, 42.329686 ], [ -83.170115, 42.329605 ], [ -83.176431, 42.334385 ], [ -83.176454, 42.334933 ], [ -83.176614, 42.338538 ], [ -83.176874, 42.343985 ], [ -83.17703, 42.347637 ] ] ] } },
{ "type": "Feature", "properties": { "geoid": "26073000701", "county_name": "Isabella County", "place_name": null, "state_name": "Michigan", "state_abbr": "MI", "is_rural": true, "dci_score": 61.3, "dci_quintile": 4.0, "is_cra_lmi": true, "income_level": "L", "is_persistent_poverty": false, "is_tribal_overlap": false, "tribal_area_name": null, "aian_pct": 0.0, "has_nmtc": true, "nmtc_projects": 1, "nmtc_total_usd": 0.0 }, "geometry": { "type": "Polygon", "coordinates": [ [ [ -84.775796, 43.575104 ], [ -84.773906, 43.574801 ], [ -84.767295, 43.57537 ], [ -84.766397, 43.575392 ], [ -84.755239, 43.57538 ], [ -84.747433, 43.575378 ], [ -84.747484, 43.582749 ], [ -84.747602, 43.589944 ], [ -84.747646, 43.592913 ], [ -84.747647, 43.593782 ], [ -84.747687, 43.597258 ], [ -84.739072, 43.597158 ], [ -84.738023, 43.597101 ], [ -84.72755, 43.59698 ], [ -84.727537, 43.594118 ], [ -84.727532, 43.593352 ], [ -84.72753, 43.592791 ], [ -84.727528, 43.592176 ], [ -84.727523, 43.591036 ], [ -84.727474, 43.582538 ], [ -84.727422, 43.568013 ], [ -84.727399, 43.55987 ], [ -84.727399, 43.555378 ], [ -84.747333, 43.562593 ], [ -84.767325, 43.569755 ], [ -84.774047, 43.572242 ], [ -84.775243, 43.573484 ], [ -84.775796, 43.575104 ] ] ] } },
{ "type": "Feature", "properties": { "geoid": "26161402201", "county_name": "Washtenaw County", "place_name": null, "state_name": "Michigan", "state_abbr": "MI", "is_rural": false, "dci_score": 33.7, "dci_quintile": 5.0, "is_cra_lmi": true, "income_level": "L", "is_persistent_poverty": false, "is_tribal_overlap": false, "tribal_area_name": null, "aian_pct": 0.0, "has_nmtc": false, "nmtc_projects": 0, "nmtc_total_usd": 0.0 }, "geometry": { "type": "Polygon", "coordinates": [ [ [ -83.732975, 42.287318 ], [ -83.73038, 42.289358 ], [ -83.72791, 42.29115 ], [ -83.72617, 42.291122 ], [ -83.725368, 42.290898 ], [ -83.7253, 42.292841 ], [ -83.728769, 42.292894 ], [ -83.729824, 42.294046 ], [ -83.728905, 42.294554 ], [ -83.725804, 42.296082 ], [ -83.723803, 42.29669 ], [ -83.723452, 42.296797 ], [ -83.722636, 42.297079 ], [ -83.721661, 42.297499 ], [ -83.72146, 42.297766 ], [ -83.72139, 42.297986 ], [ -83.721099, 42.297948 ], [ -83.720448, 42.297936 ], [ -83.716481, 42.299253 ], [ -83.714143, 42.300679 ], [ -83.712665, 42.300382 ], [ -83.712037, 42.295773 ], [ -83.712832, 42.295364 ], [ -83.719187, 42.294853 ], [ -83.718947, 42.293953 ], [ -83.718741, 42.292853 ], [ -83.719308, 42.28927 ], [ -83.718972, 42.287367 ], [ -83.713477, 42.28757 ], [ -83.712055, 42.28724 ], [ -83.711352, 42.28671 ], [ -83.710929, 42.283753 ], [ -83.708236, 42.281758 ], [ -83.700759, 42.277958 ], [ -83.698731, 42.277587 ], [ -83.698717, 42.275779 ], [ -83.698615, 42.275155 ], [ -83.699776, 42.274973 ], [ -83.70438, 42.276518 ], [ -83.708436, 42.279021 ], [ -83.710724, 42.281699 ], [ -83.712967, 42.282954 ], [ -83.714324, 42.283556 ], [ -83.717336, 42.284338 ], [ -83.720335, 42.283546 ], [ -83.721592, 42.28307 ], [ -83.723208, 42.283099 ], [ -83.725617, 42.283907 ], [ -83.725371, 42.28711 ], [ -83.72956, 42.287045 ], [ -83.732496, 42.28647 ], [ -83.732975, 42.287318 ] ] ] } },
{ "type": "Feature", "properties": { "geoid": "26035001301", "county_name": "Clare County", "place_name": null, "state_name": "Michigan", "state_abbr": "MI", "is_rural": true, "dci_score": 73.4, "dci_quintile": 3.0, "is_cra_lmi": true, "income_level": "M", "is_persistent_poverty": false, "is_tribal_overlap": false, "tribal_area_name": null, "aian_pct": 0.0, "has_nmtc": false, "nmtc_projects": 0, "nmtc_total_usd": 0.0 }, "geometry": { "type": "Polygon", "coordinates": [ [ [ -84.828158, 44.031278 ], [ -84.808117, 44.031498 ], [ -84.807492, 44.031488 ], [ -84.805376, 44.031511 ], [ -84.80465, 44.031662 ], [ -84.802222, 44.032483 ], [ -84.801396, 44.03254 ], [ -84.800405, 44.031774 ], [ -84.799584, 44.031548 ], [ -84.788099, 44.031591 ], [ -84.778876, 44.031614 ], [ -84.778894, 44.028279 ], [ -84.78081, 44.022971 ], [ -84.781164, 44.021091 ], [ -84.780908, 44.019109 ], [ -84.778713, 44.014801 ], [ -84.777504, 44.010368 ], [ -84.777446, 43.999758 ], [ -84.776768, 43.994605 ], [ -84.776637, 43.990734 ], [ -84.776674, 43.987722 ], [ -84.77665, 43.981702 ], [ -84.777437, 43.976084 ], [ -84.777228, 43.956078 ], [ -84.778984, 43.955792 ], [ -84.796044, 43.955296 ], [ -84.797564, 43.955661 ], [ -84.801388, 43.95872 ], [ -84.803864, 43.959198 ], [ -84.827993, 43.959123 ], [ -84.827845, 43.987552 ], [ -84.827952, 43.994853 ], [ -84.828078, 44.002148 ], [ -84.828055, 44.018616 ], [ -84.828158, 44.031278 ] ] ] } },
{ "type": "Feature", "properties": { "geoid": "26065003200", "county_name": "Ingham County", "place_name": "Detroit", "state_name": "Michigan", "state_abbr": "MI", "is_rural": false, "dci_score": 66.6, "dci_quintile": 4.0, "is_cra_lmi": true, "income_level": "L", "is_persistent_poverty": false, "is_tribal_overlap": false, "tribal_area_name": null, "aian_pct": 0.0, "has_nmtc": false, "nmtc_projects": 0, "nmtc_total_usd": 0.0 }, "geometry": { "type": "Polygon", "coordinates": [ [ [ -84.584264, 42.769736 ], [ -84.57223, 42.769738 ], [ -84.56735, 42.769746 ], [ -84.566969, 42.769752 ], [ -84.555738, 42.769715 ], [ -84.551732, 42.769711 ], [ -84.54272, 42.769649 ], [ -84.532474, 42.769683 ], [ -84.523019, 42.769611 ], [ -84.519484, 42.769696 ], [ -84.528817, 42.765838 ], [ -84.532446, 42.764365 ], [ -84.536366, 42.76222 ], [ -84.542796, 42.762179 ], [ -84.542767, 42.762761 ], [ -84.549589, 42.762799 ], [ -84.551791, 42.762136 ], [ -84.555538, 42.762312 ], [ -84.561557, 42.761419 ], [ -84.567363, 42.7639 ], [ -84.567369, 42.763149 ], [ -84.577265, 42.768524 ], [ -84.578954, 42.769206 ], [ -84.584264, 42.769736 ] ] ] } },
{ "type": "Feature", "properties": { "geoid": "26077002910", "county_name": "Kalamazoo County", "place_name": null, "state_name": "Michigan", "state_abbr": "MI", "is_rural": false, "dci_score": 30.1, "dci_quintile": 5.0, "is_cra_lmi": true, "income_level": "M", "is_persistent_poverty": false, "is_tribal_overlap": false, "tribal_area_name": null, "aian_pct": 0.0, "has_nmtc": false, "nmtc_projects": 0, "nmtc_total_usd": 0.0 }, "geometry": { "type": "Polygon", "coordinates": [ [ [ -85.741095, 42.246334 ], [ -85.73796, 42.249002 ], [ -85.720453, 42.259384 ], [ -85.688382, 42.278367 ], [ -85.687261, 42.278935 ], [ -85.682945, 42.280196 ], [ -85.677534, 42.280183 ], [ -85.677538, 42.275875 ], [ -85.677537, 42.259141 ], [ -85.677608, 42.245256 ], [ -85.706664, 42.245092 ], [ -85.718315, 42.244833 ], [ -85.742865, 42.244784 ], [ -85.741095, 42.246334 ] ] ] } },
{ "type": "Feature", "properties": { "geoid": "26145001500", "county_name": "Saginaw County", "place_name": null, "state_name": "Michigan", "state_abbr": "MI", "is_rural": true, "dci_score": 96.9, "dci_quintile": 1.0, "is_cra_lmi": true, "income_level": "M", "is_persistent_poverty": false, "is_tribal_overlap": false, "tribal_area_name": null, "aian_pct": 0.0, "has_nmtc": false, "nmtc_projects": 0, "nmtc_total_usd": 0.0 }, "geometry": { "type": "Polygon", "coordinates": [ [ [ -83.988826, 43.42892 ], [ -83.986567, 43.430729 ], [ -83.984333, 43.432491 ], [ -83.983215, 43.433031 ], [ -83.975319, 43.433007 ], [ -83.975302, 43.428953 ], [ -83.975316, 43.428059 ], [ -83.975321, 43.426186 ], [ -83.979535, 43.422798 ], [ -83.974446, 43.419435 ], [ -83.977677, 43.416928 ], [ -83.978644, 43.416192 ], [ -83.982721, 43.417681 ], [ -83.985092, 43.41855 ], [ -83.988876, 43.419936 ], [ -83.988826, 43.42892 ] ] ] } },
{ "type": "Feature", "properties": { "geoid": "26145001900", "county_name": "Saginaw County", "place_name": null, "state_name": "Michigan", "state_abbr": "MI", "is_rural": true, "dci_score": 91.8, "dci_quintile": 1.0, "is_cra_lmi": true, "income_level": "M", "is_persistent_poverty": false, "is_tribal_overlap": false, "tribal_area_name": null, "aian_pct": 0.0, "has_nmtc": false, "nmtc_projects": 0, "nmtc_total_usd": 0.0 }, "geometry": { "type": "Polygon", "coordinates": [ [ [ -83.960855, 43.443681 ], [ -83.960421, 43.443695 ], [ -83.959737, 43.44371 ], [ -83.956928, 43.443691 ], [ -83.956262, 43.443697 ], [ -83.955612, 43.443694 ], [ -83.949924, 43.443669 ], [ -83.938341, 43.443533 ], [ -83.938798, 43.442928 ], [ -83.940369, 43.437484 ], [ -83.940848, 43.436071 ], [ -83.947179, 43.437159 ], [ -83.948566, 43.436429 ], [ -83.953782, 43.436446 ], [ -83.960704, 43.436481 ], [ -83.960717, 43.437297 ], [ -83.960855, 43.443681 ] ] ] } },
{ "type": "Feature", "properties": { "geoid": "26065005402", "county_name": "Ingham County", "place_name": null, "state_name": "Michigan", "state_abbr": "MI", "is_rural": false, "dci_score": 36.6, "dci_quintile": 5.0, "is_cra_lmi": true, "income_level": "M", "is_persistent_poverty": false, "is_tribal_overlap": false, "tribal_area_name": null, "aian_pct": 0.0, "has_nmtc": false, "nmtc_projects": 0, "nmtc_total_usd": 0.0 }, "geometry": { "type": "Polygon", "coordinates": [ [ [ -84.528992, 42.645351 ], [ -84.523494, 42.64531 ], [ -84.52351, 42.647656 ], [ -84.523521, 42.654708 ], [ -84.512481, 42.654687 ], [ -84.503714, 42.640229 ], [ -84.508676, 42.640301 ], [ -84.508664, 42.638684 ], [ -84.512926, 42.63816 ], [ -84.514288, 42.639385 ], [ -84.513979, 42.636362 ], [ -84.523389, 42.63635 ], [ -84.523462, 42.640194 ], [ -84.528983, 42.640266 ], [ -84.528992, 42.645351 ] ] ] } },
{ "type": "Feature", "properties": { "geoid": "26075000100", "county_name": "Jackson County", "place_name": null, "state_name": "Michigan", "state_abbr": "MI", "is_rural": true, "dci_score": 84.4, "dci_quintile": 2.0, "is_cra_lmi": false, "income_level": "U", "is_persistent_poverty": false, "is_tribal_overlap": false, "tribal_area_name": null, "aian_pct": 0.0, "has_nmtc": false, "nmtc_projects": 0, "nmtc_total_usd": 0.0 }, "geometry": { "type": "Polygon", "coordinates": [ [ [ -84.433165, 42.254716 ], [ -84.433103, 42.261976 ], [ -84.433088, 42.269311 ], [ -84.432883, 42.270175 ], [ -84.429677, 42.27087 ], [ -84.429658, 42.26919 ], [ -84.425048, 42.269204 ], [ -84.416007, 42.26924 ], [ -84.417108, 42.265453 ], [ -84.417378, 42.260656 ], [ -84.416642, 42.258977 ], [ -84.416375, 42.258238 ], [ -84.416309, 42.252961 ], [ -84.416275, 42.252284 ], [ -84.418536, 42.25288 ], [ -84.423402, 42.253569 ], [ -84.426788, 42.253598 ], [ -84.433127, 42.252599 ], [ -84.434551, 42.252151 ], [ -84.433165, 42.254716 ] ] ] } },
{ "type": "Feature", "properties": { "geoid": "26075001000", "county_name": "Jackson County", "place_name": "Burton", "state_name": "Michigan", "state_abbr": "MI", "is_rural": true, "dci_score": 74.7, "dci_quintile": 3.0, "is_cra_lmi": true, "income_level": "L", "is_persistent_poverty": false, "is_tribal_overlap": false, "tribal_area_name": null, "aian_pct": 0.0, "has_nmtc": false, "nmtc_projects": 0, "nmtc_total_usd": 0.0 }, "geometry": { "type": "Polygon", "coordinates": [ [ [ -84.414735, 42.233273 ], [ -84.414734, 42.239065 ], [ -84.414765, 42.243774 ], [ -84.405779, 42.24381 ], [ -84.405763, 42.240143 ], [ -84.405156, 42.235581 ], [ -84.405083, 42.232781 ], [ -84.409848, 42.232814 ], [ -84.414952, 42.232805 ], [ -84.414735, 42.233273 ] ] ] } },
{ "type": "Feature", "properties": { "geoid": "26077002201", "county_name": "Kalamazoo County", "place_name": null, "state_name": "Michigan", "state_abbr": "MI", "is_rural": false, "dci_score": 59.1, "dci_quintile": 4.0, "is_cra_lmi": true, "income_level": "M", "is_persistent_poverty": false, "is_tribal_overlap": false, "tribal_area_name": null, "aian_pct": 0.0, "has_nmtc": false, "nmtc_projects": 0, "nmtc_total_usd": 0.0 }, "geometry": { "type": "Polygon", "coordinates": [ [ [ -85.530778, 42.285446 ], [ -85.530782, 42.285874 ], [ -85.530786, 42.288085 ], [ -85.530764, 42.289415 ], [ -85.528781, 42.289135 ], [ -85.524373, 42.289497 ], [ -85.515545, 42.288577 ], [ -85.511, 42.288391 ], [ -85.492438, 42.288387 ], [ -85.480091, 42.288403 ], [ -85.480079, 42.284809 ], [ -85.480148, 42.282626 ], [ -85.480339, 42.282139 ], [ -85.479836, 42.278714 ], [ -85.479772, 42.274267 ], [ -85.480412, 42.272984 ], [ -85.483268, 42.272625 ], [ -85.48564, 42.269968 ], [ -85.483577, 42.268366 ], [ -85.483038, 42.266704 ], [ -85.521644, 42.266629 ], [ -85.53081, 42.266706 ], [ -85.530778, 42.285446 ] ] ] } },
{ "type": "Feature", "properties": { "geoid": "26023951600", "county_name": "Branch County", "place_name": "Detroit", "state_name": "Michigan", "state_abbr": "MI", "is_rural": true, "dci_score": 67.9, "dci_quintile": 4.0, "is_cra_lmi": false, "income_level": "U", "is_persistent_poverty": false, "is_tribal_overlap": false, "tribal_area_name": null, "aian_pct": 0.0, "has_nmtc": false, "nmtc_projects": 0, "nmtc_total_usd": 0.0 }, "geometry": { "type": "Polygon", "coordinates": [ [ [ -85.051821, 41.927274 ], [ -85.049359, 41.927264 ], [ -85.043295, 41.938486 ], [ -85.041531, 41.942112 ], [ -85.040051, 41.942943 ], [ -85.038833, 41.943646 ], [ -85.037873, 41.944148 ], [ -85.036312, 41.944563 ], [ -85.033355, 41.944463 ], [ -85.030919, 41.9447 ], [ -85.028483, 41.945104 ], [ -85.019853, 41.943762 ], [ -85.018777, 41.948598 ], [ -85.017247, 41.95257 ], [ -85.014553, 41.952555 ], [ -85.014487, 41.947668 ], [ -85.010332, 41.947646 ], [ -85.010249, 41.942191 ], [ -85.000747, 41.94063 ], [ -85.001944, 41.936576 ], [ -85.002523, 41.934721 ], [ -85.004618, 41.932232 ], [ -85.000039, 41.93004 ], [ -84.994, 41.931367 ], [ -84.990665, 41.933064 ], [ -84.986371, 41.932138 ], [ -84.980597, 41.928613 ], [ -84.980846, 41.927736 ], [ -84.977419, 41.924429 ], [ -84.973255, 41.924223 ], [ -84.973901, 41.921557 ], [ -84.975568, 41.918389 ], [ -84.978227, 41.915523 ], [ -84.98691, 41.908493 ], [ -84.988277, 41.907143 ], [ -84.99027, 41.903981 ], [ -84.991001, 41.900729 ], [ -84.991019, 41.898203 ], [ -84.993201, 41.898228 ], [ -85.000296, 41.898361 ], [ -85.002318, 41.898878 ], [ -85.004289, 41.900366 ], [ -85.004963, 41.900027 ], [ -85.004863, 41.898197 ], [ -85.019573, 41.898236 ], [ -85.04867, 41.898248 ], [ -85.048992, 41.901819 ], [ -85.049178, 41.912806 ], [ -85.051735, 41.920968 ], [ -85.051821, 41.927274 ] ] ] } },
{ "type": "Feature", "properties": { "geoid": "26081013801", "county_name": "Kent County", "place_name": "Detroit", "state_name": "Michigan", "state_abbr": "MI", "is_rural": false, "dci_score": 34.0, "dci_quintile": 5.0, "is_cra_lmi": true, "income_level": "M", "is_persistent_poverty": false, "is_tribal_overlap": false, "tribal_area_name": null, "aian_pct": 0.0, "has_nmtc": false, "nmtc_projects": 0, "nmtc_total_usd": 0.0 }, "geometry": { "type": "Polygon", "coordinates": [ [ [ -85.734438, 42.91376 ], [ -85.724825, 42.913933 ], [ -85.724704, 42.906669 ], [ -85.724523, 42.899334 ], [ -85.734182, 42.899274 ], [ -85.734204, 42.900637 ], [ -85.73444, 42.906481 ], [ -85.734438, 42.91376 ] ] ] } },
{ "type": "Feature", "properties": { "geoid": "26163578600", "county_name": "Wayne County", "place_name": null, "state_name": "Michigan", "state_abbr": "MI", "is_rural": false, "dci_score": 85.7, "dci_quintile": 2.0, "is_cra_lmi": true, "income_level": "M", "is_persistent_poverty": false, "is_tribal_overlap": false, "tribal_area_name": null, "aian_pct": 0.0, "has_nmtc": false, "nmtc_projects": 0, "nmtc_total_usd": 0.0 }, "geometry": { "type": "Polygon", "coordinates": [ [ [ -83.200756, 42.275319 ], [ -83.193414, 42.283831 ], [ -83.188068, 42.281348 ], [ -83.186977, 42.280872 ], [ -83.185081, 42.280476 ], [ -83.183239, 42.280601 ], [ -83.17495, 42.282562 ], [ -83.16337, 42.285263 ], [ -83.162022, 42.282533 ], [ -83.160894, 42.281303 ], [ -83.15824, 42.278844 ], [ -83.161487, 42.274351 ], [ -83.165103, 42.270067 ], [ -83.169907, 42.264577 ], [ -83.171271, 42.264836 ], [ -83.17539, 42.265988 ], [ -83.181096, 42.269698 ], [ -83.184077, 42.2714 ], [ -83.184696, 42.270641 ], [ -83.190836, 42.27024 ], [ -83.191988, 42.27105 ], [ -83.195132, 42.272487 ], [ -83.20126, 42.274675 ], [ -83.200756, 42.275319 ] ] ] } },
{ "type": "Feature", "properties": { "geoid": "26025000700", "county_name": "Calhoun County", "place_name": null, "state_name": "Michigan", "state_abbr": "MI", "is_rural": false, "dci_score": 49.7, "dci_quintile": 5.0, "is_cra_lmi": true, "income_level": "M", "is_persistent_poverty": false, "is_tribal_overlap": false, "tribal_area_name": null, "aian_pct": 0.0, "has_nmtc": false, "nmtc_projects": 0, "nmtc_total_usd": 0.0 }, "geometry": { "type": "Polygon", "coordinates": [ [ [ -85.178942, 42.31832 ], [ -85.174708, 42.317894 ], [ -85.17451, 42.317486 ], [ -85.169724, 42.319065 ], [ -85.166671, 42.318135 ], [ -85.160184, 42.322265 ], [ -85.159137, 42.320503 ], [ -85.156277, 42.31942 ], [ -85.157702, 42.320352 ], [ -85.158362, 42.321947 ], [ -85.154453, 42.324268 ], [ -85.153659, 42.322898 ], [ -85.152221, 42.323411 ], [ -85.152742, 42.324435 ], [ -85.151252, 42.325085 ], [ -85.152355, 42.330433 ], [ -85.150941, 42.330595 ], [ -85.149457, 42.330786 ], [ -85.141061, 42.332121 ], [ -85.140826, 42.323804 ], [ -85.140904, 42.323519 ], [ -85.145514, 42.317295 ], [ -85.145491, 42.316256 ], [ -85.145314, 42.31026 ], [ -85.145326, 42.30968 ], [ -85.148739, 42.308772 ], [ -85.150533, 42.307931 ], [ -85.156692, 42.305075 ], [ -85.157764, 42.304571 ], [ -85.163959, 42.301704 ], [ -85.164174, 42.30459 ], [ -85.164284, 42.309517 ], [ -85.169909, 42.309503 ], [ -85.172044, 42.310612 ], [ -85.172048, 42.311779 ], [ -85.172105, 42.314193 ], [ -85.177916, 42.316018 ], [ -85.17764, 42.316431 ], [ -85.178942, 42.31832 ] ] ] } },
{ "type": "Feature", "properties": { "geoid": "26041970900", "county_name": "Delta County", "place_name": "Inkster", "state_name": "Michigan", "state_abbr": "MI", "is_rural": true, "dci_score": 89.1, "dci_quintile": 2.0, "is_cra_lmi": true, "income_level": "M", "is_persistent_poverty": false, "is_tribal_overlap": false, "tribal_area_name": null, "aian_pct": 0.0, "has_nmtc": false, "nmtc_projects": 0, "nmtc_total_usd": 0.0 }, "geometry": { "type": "Polygon", "coordinates": [ [ [ -87.092748, 45.711794 ], [ -87.08971, 45.713056 ], [ -87.084029, 45.714453 ], [ -87.081174, 45.715876 ], [ -87.079803, 45.715416 ], [ -87.077679, 45.716044 ], [ -87.073959, 45.717836 ], [ -87.070739, 45.720306 ], [ -87.067782, 45.724546 ], [ -87.066294, 45.727162 ], [ -87.061147, 45.735234 ], [ -87.061177, 45.742232 ], [ -87.061189, 45.744643 ], [ -87.061186, 45.748004 ], [ -87.071767, 45.748009 ], [ -87.074465, 45.748015 ], [ -87.074456, 45.749321 ], [ -87.071763, 45.749316 ], [ -87.071757, 45.755278 ], [ -87.069134, 45.76088 ], [ -87.069327, 45.771277 ], [ -87.06995, 45.773688 ], [ -87.062001, 45.774529 ], [ -87.06358, 45.775539 ], [ -87.056476001038305, 45.775642839009201 ], [ -87.056842, 45.77487 ], [ -87.058412, 45.77303 ], [ -87.0628, 45.772612 ], [ -87.063975, 45.76651 ], [ -87.064302, 45.758828 ], [ -87.062406, 45.753296 ], [ -87.05555, 45.751535 ], [ -87.055194, 45.748817 ], [ -87.052908, 45.747983 ], [ -87.046739, 45.746972 ], [ -87.04638, 45.74585 ], [ -87.040139, 45.744707 ], [ -87.037329, 45.743586 ], [ -87.0382, 45.741519 ], [ -87.044743, 45.739358 ], [ -87.048327, 45.737733 ], [ -87.048501693397, 45.737715544073197 ], [ -87.057444, 45.736822 ], [ -87.061721, 45.732821 ], [ -87.060894, 45.730092 ], [ -87.06263, 45.726778 ], [ -87.065377, 45.725567 ], [ -87.071129, 45.718591 ], [ -87.084432, 45.711805 ], [ -87.084706801219198, 45.709888642157097 ], [ -87.084811, 45.709162 ], [ -87.081686043946704, 45.707584589516102 ], [ -87.08253, 45.707439 ], [ -87.08936, 45.710163 ], [ -87.092282, 45.711451 ], [ -87.092748, 45.711794 ] ] ] } },
{ "type": "Feature", "properties": { "geoid": "26025001000", "county_name": "Calhoun County", "place_name": "Detroit", "state_name": "Michigan", "state_abbr": "MI", "is_rural": false, "dci_score": 88.5, "dci_quintile": 2.0, "is_cra_lmi": true, "income_level": "M", "is_persistent_poverty": false, "is_tribal_overlap": false, "tribal_area_name": null, "aian_pct": 0.0, "has_nmtc": false, "nmtc_projects": 0, "nmtc_total_usd": 0.0 }, "geometry": { "type": "Polygon", "coordinates": [ [ [ -85.210408, 42.362488 ], [ -85.180932, 42.362758 ], [ -85.180809, 42.355458 ], [ -85.180697, 42.34812 ], [ -85.180578, 42.340885 ], [ -85.18057, 42.339318 ], [ -85.180524, 42.337873 ], [ -85.180199, 42.336328 ], [ -85.18178, 42.334414 ], [ -85.1877, 42.33367 ], [ -85.195861, 42.3336 ], [ -85.195993, 42.333599 ], [ -85.209916, 42.333302 ], [ -85.210053, 42.340601 ], [ -85.210201, 42.348055 ], [ -85.210291, 42.355216 ], [ -85.210408, 42.362488 ] ] ] } },
{ "type": "Feature", "properties": { "geoid": "26103000700", "county_name": "Marquette County", "place_name": "Detroit", "state_name": "Michigan", "state_abbr": "MI", "is_rural": true, "dci_score": 44.9, "dci_quintile": 5.0, "is_cra_lmi": false, "income_level": "U", "is_persistent_poverty": false, "is_tribal_overlap": false, "tribal_area_name": null, "aian_pct": 0.0, "has_nmtc": false, "nmtc_projects": 0, "nmtc_total_usd": 0.0 }, "geometry": { "type": "Polygon", "coordinates": [ [ [ -87.471962, 46.577452 ], [ -87.46554, 46.576707 ], [ -87.46289, 46.576644 ], [ -87.458706, 46.577082 ], [ -87.450104, 46.576798 ], [ -87.447994, 46.575953 ], [ -87.443262, 46.572542 ], [ -87.441289, 46.571645 ], [ -87.440713, 46.571383 ], [ -87.439855, 46.571197 ], [ -87.438589, 46.571113 ], [ -87.438128, 46.57116 ], [ -87.437538, 46.571365 ], [ -87.436757, 46.571358 ], [ -87.436328, 46.571554 ], [ -87.432807, 46.572538 ], [ -87.426561, 46.57338 ], [ -87.42191, 46.57481 ], [ -87.421541, 46.574221 ], [ -87.420582, 46.573703 ], [ -87.406926, 46.571571 ], [ -87.405755, 46.56736 ], [ -87.40571, 46.56402 ], [ -87.412091, 46.564017 ], [ -87.411047, 46.560205 ], [ -87.411087, 46.556767 ], [ -87.412158, 46.556788 ], [ -87.412284, 46.545844 ], [ -87.418131, 46.545892 ], [ -87.41812, 46.547873 ], [ -87.422169, 46.547854 ], [ -87.426954, 46.548472 ], [ -87.426987, 46.549627 ], [ -87.426962, 46.551419 ], [ -87.431197, 46.551507 ], [ -87.430483, 46.552822 ], [ -87.42843, 46.553032 ], [ -87.42738, 46.55356 ], [ -87.427951, 46.555475 ], [ -87.427148, 46.556871 ], [ -87.427148, 46.557381 ], [ -87.426692, 46.558028 ], [ -87.426697, 46.558689 ], [ -87.426336, 46.559689 ], [ -87.426383, 46.560085 ], [ -87.426949, 46.561021 ], [ -87.426456, 46.561802 ], [ -87.426584, 46.562382 ], [ -87.427144, 46.562507 ], [ -87.427716, 46.562594 ], [ -87.428161, 46.562748 ], [ -87.428543, 46.562946 ], [ -87.428733, 46.563343 ], [ -87.42878, 46.563794 ], [ -87.428746, 46.564123 ], [ -87.431874, 46.564105 ], [ -87.437436, 46.564799 ], [ -87.446828, 46.564779 ], [ -87.44849, 46.564469 ], [ -87.44915, 46.564184 ], [ -87.457035, 46.559188 ], [ -87.457587, 46.558087 ], [ -87.458601, 46.560517 ], [ -87.462012, 46.565993 ], [ -87.467712, 46.569796 ], [ -87.46659, 46.573329 ], [ -87.469173, 46.573177 ], [ -87.470351, 46.576551 ], [ -87.471962, 46.577452 ] ] ] } },
{ "type": "Feature", "properties": { "geoid": "26071000400", "county_name": "Iron County", "place_name": "Detroit", "state_name": "Michigan", "state_abbr": "MI", "is_rural": true, "dci_score": 79.2, "dci_quintile": 3.0, "is_cra_lmi": false, "income_level": "U", "is_persistent_poverty": false, "is_tribal_overlap": false, "tribal_area_name": null, "aian_pct": 0.0, "has_nmtc": false, "nmtc_projects": 0, "nmtc_total_usd": 0.0 }, "geometry": { "type": "Polygon", "coordinates": [ [ [ -88.652402101382293, 45.987678951414999 ], [ -88.647908, 45.989837 ], [ -88.64066, 45.992147 ], [ -88.638135, 45.993679 ], [ -88.63698, 45.996818 ], [ -88.637131, 46.004659 ], [ -88.636108, 46.009095 ], [ -88.637141, 46.013378 ], [ -88.637077, 46.01865 ], [ -88.634626, 46.022599 ], [ -88.63646, 46.026518 ], [ -88.637231, 46.030446 ], [ -88.637457, 46.043393 ], [ -88.638386, 46.045753 ], [ -88.641843, 46.048744 ], [ -88.642611, 46.050572 ], [ -88.64276, 46.058356 ], [ -88.642768, 46.065501 ], [ -88.642796, 46.06913 ], [ -88.642822, 46.072688 ], [ -88.638685, 46.072853 ], [ -88.636633, 46.073683 ], [ -88.632385, 46.072735 ], [ -88.632496, 46.08092 ], [ -88.634339, 46.080913 ], [ -88.634806, 46.085832 ], [ -88.633467, 46.08584 ], [ -88.633489, 46.086762 ], [ -88.627284, 46.086796 ], [ -88.617024, 46.087204 ], [ -88.601206, 46.087221 ], [ -88.596619, 46.08724 ], [ -88.596273, 46.087273 ], [ -88.593449, 46.088817 ], [ -88.589934, 46.093824 ], [ -88.585802, 46.095679 ], [ -88.58561, 46.10586 ], [ -88.541163, 46.106156 ], [ -88.53396, 46.106624 ], [ -88.527115, 46.107659 ], [ -88.524587, 46.10767 ], [ -88.518711, 46.10637 ], [ -88.502304, 46.100378 ], [ -88.492256, 46.095527 ], [ -88.489792, 46.095003 ], [ -88.488043, 46.095218 ], [ -88.483485, 46.09734 ], [ -88.475619, 46.097024 ], [ -88.4527, 46.094336 ], [ -88.450133, 46.094228 ], [ -88.450224, 46.087767 ], [ -88.450532, 46.086662 ], [ -88.454082, 46.084599 ], [ -88.461624, 46.081499 ], [ -88.465266, 46.080813 ], [ -88.469982, 46.078116 ], [ -88.471947, 46.077594 ], [ -88.472325, 46.075901 ], [ -88.473965, 46.072833 ], [ -88.484994, 46.066208 ], [ -88.487212, 46.065955 ], [ -88.492061, 46.063164 ], [ -88.494156, 46.060382 ], [ -88.494408, 46.057525 ], [ -88.496822, 46.056432 ], [ -88.499571, 46.054142 ], [ -88.504114, 46.047898 ], [ -88.504362, 46.046137 ], [ -88.506152, 46.043071 ], [ -88.503814, 46.040648 ], [ -88.504988, 46.039159 ], [ -88.502772, 46.036772 ], [ -88.492158, 46.036607 ], [ -88.492359, 46.005002 ], [ -88.494348, 46.0035 ], [ -88.494541, 46.001222 ], [ -88.496556, 46.001149 ], [ -88.497795609189595, 45.999675951950103 ], [ -88.498765, 46.000393 ], [ -88.500133, 46.000457 ], [ -88.500779294362502, 46.001894324269699 ], [ -88.502388, 46.005472 ], [ -88.503185, 46.007244 ], [ -88.50471, 46.009485 ], [ -88.506476, 46.011114 ], [ -88.505946, 46.013385 ], [ -88.506205, 46.017134 ], [ -88.507188, 46.0183 ], [ -88.509516, 46.019169 ], [ -88.514601, 46.019926 ], [ -88.516999, 46.02003 ], [ -88.523131, 46.019518 ], [ -88.526673, 46.020822 ], [ -88.530147, 46.02049 ], [ -88.532414, 46.021212 ], [ -88.534196, 46.020886 ], [ -88.53353, 46.019932 ], [ -88.532546, 46.019021 ], [ -88.532897, 46.018097 ], [ -88.534876, 46.018104 ], [ -88.536268, 46.017688 ], [ -88.539011, 46.014791 ], [ -88.541078, 46.013763 ], [ -88.545077, 46.013405 ], [ -88.547247, 46.013796 ], [ -88.548589, 46.01318 ], [ -88.550756, 46.012896 ], [ -88.554987, 46.014977 ], [ -88.556711, 46.014838 ], [ -88.55854, 46.014245 ], [ -88.559658911651397, 46.0142617235744 ], [ -88.560681, 46.014277 ], [ -88.562065, 46.014927 ], [ -88.565485, 46.015708 ], [ -88.571553, 46.013811 ], [ -88.572995, 46.011799 ], [ -88.576234, 46.009763 ], [ -88.57854, 46.009757 ], [ -88.58067, 46.006975 ], [ -88.589, 46.005077 ], [ -88.589755, 46.005602 ], [ -88.590558, 46.007742 ], [ -88.590849, 46.009113 ], [ -88.592874, 46.01159 ], [ -88.593302, 46.014447 ], [ -88.59386, 46.015132 ], [ -88.595667, 46.015797 ], [ -88.598093, 46.017623 ], [ -88.60144, 46.017599 ], [ -88.603965, 46.016181 ], [ -88.60551, 46.013093 ], [ -88.607438, 46.010991 ], [ -88.606939, 46.008454 ], [ -88.608097, 46.007144 ], [ -88.610074, 46.005728 ], [ -88.611277, 46.005693 ], [ -88.612712, 46.004462 ], [ -88.611604, 46.003669 ], [ -88.611978, 46.001121 ], [ -88.611563, 45.99881 ], [ -88.613814, 45.997276 ], [ -88.614831, 45.995798 ], [ -88.614562, 45.994823 ], [ -88.615651, 45.994221 ], [ -88.615922, 45.993335 ], [ -88.614074, 45.992417 ], [ -88.613063, 45.990627 ], [ -88.614176, 45.988775 ], [ -88.616405, 45.9877 ], [ -88.62082, 45.988434 ], [ -88.623947, 45.988633 ], [ -88.625767, 45.987574 ], [ -88.626488, 45.987611 ], [ -88.627841, 45.98844 ], [ -88.634055, 45.987999 ], [ -88.634842, 45.987565 ], [ -88.634833, 45.985659 ], [ -88.635598, 45.985119 ], [ -88.6375, 45.98496 ], [ -88.64486, 45.986949 ], [ -88.64647, 45.98711 ], [ -88.64703, 45.988371 ], [ -88.647883, 45.988667 ], [ -88.649753, 45.988297 ], [ -88.651417, 45.987566 ], [ -88.652402101382293, 45.987678951414999 ] ] ] } },
{ "type": "Feature", "properties": { "geoid": "26115831800", "county_name": "Monroe County", "place_name": "Hamtramck", "state_name": "Michigan", "state_abbr": "MI", "is_rural": true, "dci_score": 76.4, "dci_quintile": 3.0, "is_cra_lmi": true, "income_level": "M", "is_persistent_poverty": false, "is_tribal_overlap": false, "tribal_area_name": null, "aian_pct": 0.0, "has_nmtc": false, "nmtc_projects": 0, "nmtc_total_usd": 0.0 }, "geometry": { "type": "Polygon", "coordinates": [ [ [ -83.396974, 41.897799 ], [ -83.392354, 41.902969 ], [ -83.391869, 41.903669 ], [ -83.388535, 41.907524 ], [ -83.383379, 41.913629 ], [ -83.381249, 41.913119 ], [ -83.380085, 41.912598 ], [ -83.375847, 41.908439 ], [ -83.375445, 41.906793 ], [ -83.370584, 41.903851 ], [ -83.363015, 41.900949 ], [ -83.354575, 41.900637 ], [ -83.347499, 41.895506 ], [ -83.335658472989095, 41.8920091948129 ], [ -83.335961, 41.889721 ], [ -83.3375, 41.888948 ], [ -83.338613, 41.886842 ], [ -83.34276, 41.879384 ], [ -83.344517, 41.879021 ], [ -83.346771, 41.876929 ], [ -83.348101590238201, 41.876594362524798 ], [ -83.350783, 41.87592 ], [ -83.352104268509606, 41.875998789469698 ], [ -83.353244, 41.882554 ], [ -83.353975, 41.883487 ], [ -83.354344, 41.883874 ], [ -83.358413, 41.885881 ], [ -83.364242, 41.887921 ], [ -83.366687, 41.889924 ], [ -83.367638, 41.89027 ], [ -83.37955, 41.89356 ], [ -83.382839, 41.890214 ], [ -83.388914, 41.89124 ], [ -83.39441, 41.893493 ], [ -83.396507, 41.893687 ], [ -83.396599, 41.894298 ], [ -83.399215, 41.895191 ], [ -83.396974, 41.897799 ] ] ] } },
{ "type": "Feature", "properties": { "geoid": "26125175100", "county_name": "Oakland County", "place_name": null, "state_name": "Michigan", "state_abbr": "MI", "is_rural": false, "dci_score": 41.8, "dci_quintile": 5.0, "is_cra_lmi": true, "income_level": "M", "is_persistent_poverty": false, "is_tribal_overlap": false, "tribal_area_name": null, "aian_pct": 0.0, "has_nmtc": false, "nmtc_projects": 0, "nmtc_total_usd": 0.0 }, "geometry": { "type": "Polygon", "coordinates": [ [ [ -83.111361, 42.468595 ], [ -83.109033, 42.468638 ], [ -83.104286, 42.468754 ], [ -83.09706, 42.468851 ], [ -83.091546, 42.468924 ], [ -83.084369, 42.469044 ], [ -83.084172, 42.465448 ], [ -83.083958, 42.461825 ], [ -83.091147, 42.461676 ], [ -83.096708, 42.461552 ], [ -83.104006, 42.461398 ], [ -83.106024, 42.461337 ], [ -83.110557, 42.461196 ], [ -83.111099, 42.46118 ], [ -83.111361, 42.468595 ] ] ] } },
{ "type": "Feature", "properties": { "geoid": "26123970300", "county_name": "Newaygo County", "place_name": null, "state_name": "Michigan", "state_abbr": "MI", "is_rural": true, "dci_score": 79.1, "dci_quintile": 3.0, "is_cra_lmi": false, "income_level": "U", "is_persistent_poverty": false, "is_tribal_overlap": false, "tribal_area_name": null, "aian_pct": 0.0, "has_nmtc": false, "nmtc_projects": 0, "nmtc_total_usd": 0.0 }, "geometry": { "type": "Polygon", "coordinates": [ [ [ -86.039706, 43.561429 ], [ -86.039639, 43.575706 ], [ -86.039633, 43.579537 ], [ -86.039542, 43.59755 ], [ -86.039246, 43.626814 ], [ -85.994642, 43.62665 ], [ -85.979526, 43.626025 ], [ -85.969484, 43.626054 ], [ -85.960193, 43.626333 ], [ -85.940361, 43.626135 ], [ -85.940426, 43.632055 ], [ -85.940173, 43.633354 ], [ -85.921025, 43.633592 ], [ -85.920046, 43.634119 ], [ -85.918681, 43.633404 ], [ -85.909972, 43.633778 ], [ -85.909641, 43.636665 ], [ -85.907325, 43.638271 ], [ -85.901692, 43.639406 ], [ -85.900392, 43.640229 ], [ -85.899478, 43.640449 ], [ -85.895777, 43.640578 ], [ -85.894926, 43.641143 ], [ -85.894106, 43.641316 ], [ -85.892423, 43.641172 ], [ -85.891506, 43.64079 ], [ -85.890061, 43.640432 ], [ -85.889287, 43.64054 ], [ -85.839459, 43.640653 ], [ -85.838663, 43.641406 ], [ -85.838149, 43.641687 ], [ -85.837358, 43.641533 ], [ -85.835416, 43.64134 ], [ -85.834502, 43.640963 ], [ -85.834214, 43.640378 ], [ -85.833582, 43.638855 ], [ -85.831255, 43.638919 ], [ -85.830164, 43.636555 ], [ -85.830966, 43.635834 ], [ -85.831099, 43.62648 ], [ -85.821375, 43.626534 ], [ -85.813529, 43.626393 ], [ -85.811602, 43.62687 ], [ -85.815529, 43.639223 ], [ -85.815836, 43.640604 ], [ -85.80098, 43.640549 ], [ -85.780937, 43.64055 ], [ -85.771124, 43.640781 ], [ -85.770813, 43.619717 ], [ -85.771094, 43.611273 ], [ -85.774632, 43.608437 ], [ -85.774826, 43.604986 ], [ -85.771075, 43.604975 ], [ -85.771569, 43.568661 ], [ -85.801686, 43.568253 ], [ -85.841192, 43.568283 ], [ -85.841135, 43.55386 ], [ -85.802875, 43.553741 ], [ -85.801771, 43.553781 ], [ -85.791925, 43.553809 ], [ -85.79192, 43.55095 ], [ -85.794193, 43.547999 ], [ -85.793549, 43.546473 ], [ -85.793858, 43.544054 ], [ -85.794311, 43.543539 ], [ -85.800033, 43.541813 ], [ -85.801681, 43.540865 ], [ -85.806199, 43.539459 ], [ -85.819037, 43.539286 ], [ -85.826046, 43.540553 ], [ -85.831158, 43.539241 ], [ -85.8599, 43.539008 ], [ -85.860505, 43.538927 ], [ -85.861213, 43.538072 ], [ -85.861052, 43.532468 ], [ -85.861397, 43.532069 ], [ -85.86219, 43.531835 ], [ -85.87095, 43.53191 ], [ -85.881092, 43.53202 ], [ -85.881105, 43.539249 ], [ -85.920083, 43.53944 ], [ -86.034392, 43.539632 ], [ -86.03964, 43.539751 ], [ -86.03978, 43.554182 ], [ -86.039706, 43.561429 ] ] ] } },
{ "type": "Feature", "properties": { "geoid": "26163514300", "county_name": "Wayne County", "place_name": null, "state_name": "Michigan", "state_abbr": "MI", "is_rural": false, "dci_score": 95.1, "dci_quintile": 1.0, "is_cra_lmi": true, "income_level": "L", "is_persistent_poverty": false, "is_tribal_overlap": false, "tribal_area_name": null, "aian_pct": 0.0, "has_nmtc": false, "nmtc_projects": 0, "nmtc_total_usd": 0.0 }, "geometry": { "type": "Polygon", "coordinates": [ [ [ -83.007085, 42.390326 ], [ -83.006248, 42.391544 ], [ -83.003352, 42.392073 ], [ -82.995926, 42.392393 ], [ -82.992398, 42.393465 ], [ -82.988185, 42.396326 ], [ -82.987766, 42.396638 ], [ -82.987362, 42.396422 ], [ -82.985132, 42.394309 ], [ -82.984923, 42.394144 ], [ -82.983889, 42.393305 ], [ -82.978777, 42.390215 ], [ -82.976029, 42.389288 ], [ -82.979307, 42.388896 ], [ -82.98385, 42.387266 ], [ -82.992503, 42.384004 ], [ -83.000349, 42.38087 ], [ -83.006937, 42.39023 ], [ -83.007085, 42.390326 ] ] ] } },
{ "type": "Feature", "properties": { "geoid": "26099262600", "county_name": "Macomb County", "place_name": null, "state_name": "Michigan", "state_abbr": "MI", "is_rural": false, "dci_score": 86.3, "dci_quintile": 2.0, "is_cra_lmi": true, "income_level": "M", "is_persistent_poverty": false, "is_tribal_overlap": false, "tribal_area_name": null, "aian_pct": 0.0, "has_nmtc": false, "nmtc_projects": 0, "nmtc_total_usd": 0.0 }, "geometry": { "type": "Polygon", "coordinates": [ [ [ -83.016183, 42.491717 ], [ -83.014421, 42.491744 ], [ -83.008238, 42.491933 ], [ -83.006579, 42.491961 ], [ -83.006318, 42.484966 ], [ -83.006306, 42.48467 ], [ -83.006124, 42.477885 ], [ -83.016042, 42.477657 ], [ -83.016134, 42.481275 ], [ -83.016156, 42.481797 ], [ -83.016135, 42.48936 ], [ -83.016183, 42.491717 ] ] ] } },
{ "type": "Feature", "properties": { "geoid": "26099255900", "county_name": "Macomb County", "place_name": null, "state_name": "Michigan", "state_abbr": "MI", "is_rural": false, "dci_score": 71.1, "dci_quintile": 3.0, "is_cra_lmi": true, "income_level": "M", "is_persistent_poverty": false, "is_tribal_overlap": false, "tribal_area_name": null, "aian_pct": 0.0, "has_nmtc": false, "nmtc_projects": 0, "nmtc_total_usd": 0.0 }, "geometry": { "type": "Polygon", "coordinates": [ [ [ -82.947872, 42.50184 ], [ -82.945005, 42.501922 ], [ -82.941184, 42.502045 ], [ -82.941016, 42.50205 ], [ -82.938041, 42.502152 ], [ -82.933614, 42.50227 ], [ -82.935486, 42.49934 ], [ -82.938805, 42.494264 ], [ -82.942585, 42.494667 ], [ -82.947694, 42.494569 ], [ -82.947872, 42.50184 ] ] ] } },
{ "type": "Feature", "properties": { "geoid": "26049003500", "county_name": "Genesee County", "place_name": null, "state_name": "Michigan", "state_abbr": "MI", "is_rural": false, "dci_score": 91.9, "dci_quintile": 1.0, "is_cra_lmi": true, "income_level": "M", "is_persistent_poverty": false, "is_tribal_overlap": false, "tribal_area_name": null, "aian_pct": 0.0, "has_nmtc": false, "nmtc_projects": 0, "nmtc_total_usd": 0.0 }, "geometry": { "type": "Polygon", "coordinates": [ [ [ -83.682652, 42.988868 ], [ -83.676082, 42.988955 ], [ -83.674522, 42.988988 ], [ -83.674173, 42.988992 ], [ -83.661089, 42.989087 ], [ -83.653414, 42.989162 ], [ -83.653166, 42.981949 ], [ -83.660898, 42.981865 ], [ -83.664522, 42.981818 ], [ -83.674337, 42.981682 ], [ -83.68231, 42.981534 ], [ -83.682584, 42.987789 ], [ -83.682652, 42.988868 ] ] ] } },
{ "type": "Feature", "properties": { "geoid": "26049010502", "county_name": "Genesee County", "place_name": null, "state_name": "Michigan", "state_abbr": "MI", "is_rural": false, "dci_score": 41.1, "dci_quintile": 5.0, "is_cra_lmi": false, "income_level": "U", "is_persistent_poverty": false, "is_tribal_overlap": false, "tribal_area_name": null, "aian_pct": 0.0, "has_nmtc": false, "nmtc_projects": 0, "nmtc_total_usd": 0.0 }, "geometry": { "type": "Polygon", "coordinates": [ [ [ -83.813354, 43.078278 ], [ -83.812236, 43.078365 ], [ -83.779437, 43.078676 ], [ -83.773204, 43.078704 ], [ -83.77317, 43.075091 ], [ -83.76291, 43.075238 ], [ -83.762658, 43.06065 ], [ -83.762019, 43.057803 ], [ -83.755054, 43.046076 ], [ -83.759081, 43.046032 ], [ -83.772805, 43.045935 ], [ -83.774086, 43.045924 ], [ -83.791557, 43.045711 ], [ -83.802692, 43.045931 ], [ -83.813085, 43.045585 ], [ -83.813016, 43.050871 ], [ -83.813181, 43.060183 ], [ -83.81325, 43.06736 ], [ -83.813308, 43.074653 ], [ -83.813354, 43.078278 ] ] ] } },
{ "type": "Feature", "properties": { "geoid": "26157000600", "county_name": "Tuscola County", "place_name": "Okemos", "state_name": "Michigan", "state_abbr": "MI", "is_rural": true, "dci_score": 74.9, "dci_quintile": 3.0, "is_cra_lmi": false, "income_level": "U", "is_persistent_poverty": false, "is_tribal_overlap": false, "tribal_area_name": null, "aian_pct": 0.0, "has_nmtc": false, "nmtc_projects": 0, "nmtc_total_usd": 0.0 }, "geometry": { "type": "Polygon", "coordinates": [ [ [ -83.463696, 43.494728 ], [ -83.462701, 43.494515 ], [ -83.461026, 43.494487 ], [ -83.422419, 43.494996 ], [ -83.412421, 43.495109 ], [ -83.4096, 43.495141 ], [ -83.407269, 43.495163 ], [ -83.407501, 43.495629 ], [ -83.407596, 43.497875 ], [ -83.40791, 43.509684 ], [ -83.397894, 43.509801 ], [ -83.395529, 43.509834 ], [ -83.388059, 43.509949 ], [ -83.386229, 43.50998 ], [ -83.368174, 43.510297 ], [ -83.377766, 43.503048 ], [ -83.378048, 43.502828 ], [ -83.378712, 43.502312 ], [ -83.387388, 43.495384 ], [ -83.3869, 43.489061 ], [ -83.389356, 43.489015 ], [ -83.394064, 43.483185 ], [ -83.39575, 43.481684 ], [ -83.400785, 43.47779 ], [ -83.406289, 43.473643 ], [ -83.415646, 43.46673 ], [ -83.417281, 43.466718 ], [ -83.462643, 43.46595 ], [ -83.463467, 43.46609 ], [ -83.463542, 43.480463 ], [ -83.463688, 43.491369 ], [ -83.463694, 43.494081 ], [ -83.463696, 43.494728 ] ] ] } },
{ "type": "Feature", "properties": { "geoid": "26025001100", "county_name": "Calhoun County", "place_name": null, "state_name": "Michigan", "state_abbr": "MI", "is_rural": false, "dci_score": 86.7, "dci_quintile": 2.0, "is_cra_lmi": true, "income_level": "M", "is_persistent_poverty": false, "is_tribal_overlap": false, "tribal_area_name": null, "aian_pct": 0.0, "has_nmtc": false, "nmtc_projects": 0, "nmtc_total_usd": 0.0 }, "geometry": { "type": "Polygon", "coordinates": [ [ [ -85.241968, 42.347934 ], [ -85.239895, 42.347249 ], [ -85.239626, 42.347817 ], [ -85.239714, 42.354031 ], [ -85.240738, 42.3573 ], [ -85.239809, 42.357519 ], [ -85.239446, 42.357565 ], [ -85.238197, 42.359167 ], [ -85.237591, 42.359651 ], [ -85.232704, 42.359605 ], [ -85.232414, 42.357314 ], [ -85.232113, 42.356255 ], [ -85.230425, 42.354835 ], [ -85.229859, 42.355033 ], [ -85.210291, 42.355216 ], [ -85.210201, 42.348055 ], [ -85.210053, 42.340601 ], [ -85.209916, 42.333302 ], [ -85.209838, 42.331103 ], [ -85.209788, 42.32926 ], [ -85.216304, 42.332054 ], [ -85.217404, 42.333373 ], [ -85.21942, 42.335135 ], [ -85.229397, 42.3366 ], [ -85.232673, 42.337787 ], [ -85.239344, 42.340333 ], [ -85.242524, 42.343028 ], [ -85.241968, 42.347934 ] ] ] } },
{ "type": "Feature", "properties": { "geoid": "26163578500", "county_name": "Wayne County", "place_name": null, "state_name": "Michigan", "state_abbr": "MI", "is_rural": false, "dci_score": 85.7, "dci_quintile": 2.0, "is_cra_lmi": false, "income_level": "U", "is_persistent_poverty": false, "is_tribal_overlap": false, "tribal_area_name": null, "aian_pct": 0.0, "has_nmtc": false, "nmtc_projects": 0, "nmtc_total_usd": 0.0 }, "geometry": { "type": "Polygon", "coordinates": [ [ [ -83.188207, 42.290117 ], [ -83.184205, 42.294949 ], [ -83.180472, 42.294262 ], [ -83.179101, 42.294385 ], [ -83.17421, 42.297479 ], [ -83.171303, 42.295323 ], [ -83.171239, 42.293002 ], [ -83.169133, 42.291609 ], [ -83.169744, 42.291441 ], [ -83.169676, 42.289644 ], [ -83.16892, 42.289463 ], [ -83.167074, 42.289571 ], [ -83.166852, 42.289148 ], [ -83.16337, 42.285263 ], [ -83.17495, 42.282562 ], [ -83.183239, 42.280601 ], [ -83.185081, 42.280476 ], [ -83.186977, 42.280872 ], [ -83.188068, 42.281348 ], [ -83.193414, 42.283831 ], [ -83.188207, 42.290117 ] ] ] } },
{ "type": "Feature", "properties": { "geoid": "26133970400", "county_name": "Osceola County", "place_name": null, "state_name": "Michigan", "state_abbr": "MI", "is_rural": true, "dci_score": 78.6, "dci_quintile": 3.0, "is_cra_lmi": true, "income_level": "M", "is_persistent_poverty": false, "is_tribal_overlap": false, "tribal_area_name": null, "aian_pct": 0.0, "has_nmtc": false, "nmtc_projects": 0, "nmtc_total_usd": 0.0 }, "geometry": { "type": "Polygon", "coordinates": [ [ [ -85.4044, 43.901369 ], [ -85.38472, 43.901361 ], [ -85.384578, 43.908311 ], [ -85.381983, 43.90891 ], [ -85.38145, 43.915693 ], [ -85.364584, 43.915632 ], [ -85.353348, 43.915716 ], [ -85.35071, 43.915568 ], [ -85.348398, 43.916165 ], [ -85.348032, 43.916158 ], [ -85.347491, 43.915939 ], [ -85.346861, 43.9155 ], [ -85.332398, 43.915295 ], [ -85.328494, 43.914335 ], [ -85.325181, 43.91511 ], [ -85.324637, 43.915229 ], [ -85.306344, 43.915072 ], [ -85.306707, 43.95107 ], [ -85.309683, 43.952251 ], [ -85.31091, 43.95401 ], [ -85.312939, 43.960387 ], [ -85.315442, 43.966773 ], [ -85.313783, 43.969021 ], [ -85.311941, 43.972699 ], [ -85.311749, 43.976743 ], [ -85.31298, 43.977779 ], [ -85.31298, 43.97976 ], [ -85.310162, 43.980272 ], [ -85.309126, 43.981059 ], [ -85.309734, 43.981971 ], [ -85.309253, 43.983787 ], [ -85.310884, 43.987219 ], [ -85.311079, 43.988903 ], [ -85.310066, 43.99055 ], [ -85.30994, 43.992632 ], [ -85.31232, 43.99411 ], [ -85.313035, 43.996023 ], [ -85.311714, 43.997256 ], [ -85.311373, 44.00013 ], [ -85.309765, 44.000405 ], [ -85.307415, 44.00218 ], [ -85.306611, 44.004344 ], [ -85.306428, 44.009796 ], [ -85.305171, 44.011444 ], [ -85.306485, 44.013951 ], [ -85.306749, 44.016963 ], [ -85.30663, 44.026655 ], [ -85.304824, 44.02716 ], [ -85.303484, 44.029285 ], [ -85.303556, 44.030598 ], [ -85.306571, 44.030631 ], [ -85.306526, 44.048847 ], [ -85.306513, 44.052999 ], [ -85.306446, 44.056228 ], [ -85.306483, 44.059516 ], [ -85.316192, 44.059539 ], [ -85.32573, 44.059118 ], [ -85.325724, 44.067171 ], [ -85.325561, 44.073386 ], [ -85.325556, 44.087879 ], [ -85.30626, 44.087954 ], [ -85.246401, 44.088135 ], [ -85.246485, 44.073835 ], [ -85.246803, 44.030369 ], [ -85.246428, 43.987117 ], [ -85.246725, 43.972686 ], [ -85.226729, 43.972783 ], [ -85.226691, 43.965576 ], [ -85.20666, 43.965441 ], [ -85.18788, 43.965421 ], [ -85.188423, 43.934005 ], [ -85.189567, 43.93578 ], [ -85.193506, 43.937259 ], [ -85.197719, 43.937587 ], [ -85.200968, 43.934759 ], [ -85.205576, 43.932605 ], [ -85.206761, 43.930617 ], [ -85.208174, 43.929351 ], [ -85.210902, 43.929014 ], [ -85.2116, 43.927011 ], [ -85.213229, 43.925828 ], [ -85.21505, 43.925028 ], [ -85.220121, 43.925003 ], [ -85.221557, 43.923487 ], [ -85.224643, 43.924363 ], [ -85.226589, 43.923171 ], [ -85.229707, 43.922404 ], [ -85.233862, 43.923661 ], [ -85.235518, 43.921783 ], [ -85.237682, 43.921189 ], [ -85.239329, 43.921929 ], [ -85.243053, 43.919892 ], [ -85.245697, 43.917906 ], [ -85.248304, 43.917471 ], [ -85.251531, 43.9149 ], [ -85.251168, 43.912061 ], [ -85.251947, 43.911019 ], [ -85.256111, 43.909841 ], [ -85.256569, 43.908357 ], [ -85.256019, 43.904604 ], [ -85.256665, 43.9019 ], [ -85.254861, 43.900896 ], [ -85.254522, 43.90059 ], [ -85.254536, 43.899806 ], [ -85.256608, 43.895765 ], [ -85.259485, 43.89492 ], [ -85.261374, 43.894222 ], [ -85.26761, 43.891768 ], [ -85.273282, 43.890903 ], [ -85.275508, 43.891893 ], [ -85.278195, 43.891846 ], [ -85.280734, 43.890522 ], [ -85.281428, 43.888228 ], [ -85.282514, 43.887313 ], [ -85.285465, 43.886462 ], [ -85.287489, 43.887473 ], [ -85.288973, 43.885844 ], [ -85.293432, 43.883763 ], [ -85.29947, 43.883514 ], [ -85.301614, 43.882329 ], [ -85.305157, 43.882035 ], [ -85.306206, 43.87925 ], [ -85.306239, 43.887027 ], [ -85.306237, 43.887378 ], [ -85.306262, 43.888491 ], [ -85.306221, 43.889944 ], [ -85.306195, 43.893701 ], [ -85.306206, 43.894428 ], [ -85.313832, 43.891729 ], [ -85.325198, 43.889542 ], [ -85.343777, 43.886453 ], [ -85.348605, 43.885408 ], [ -85.382303, 43.875703 ], [ -85.392346, 43.872886 ], [ -85.395834, 43.872604 ], [ -85.403872, 43.872722 ], [ -85.4044, 43.901369 ] ] ] } },
{ "type": "Feature", "properties": { "geoid": "26163554200", "county_name": "Wayne County", "place_name": null, "state_name": "Michigan", "state_abbr": "MI", "is_rural": false, "dci_score": 73.0, "dci_quintile": 3.0, "is_cra_lmi": true, "income_level": "M", "is_persistent_poverty": false, "is_tribal_overlap": false, "tribal_area_name": null, "aian_pct": 0.0, "has_nmtc": false, "nmtc_projects": 0, "nmtc_total_usd": 0.0 }, "geometry": { "type": "Polygon", "coordinates": [ [ [ -83.316745, 42.440052 ], [ -83.311868, 42.438091 ], [ -83.307976, 42.43653 ], [ -83.297157, 42.43218 ], [ -83.288138, 42.428548 ], [ -83.297036, 42.428367 ], [ -83.306721, 42.428016 ], [ -83.307922, 42.42797 ], [ -83.316223, 42.427609 ], [ -83.31653, 42.43478 ], [ -83.316745, 42.440052 ] ] ] } },
{ "type": "Feature", "properties": { "geoid": "26163504200", "county_name": "Wayne County", "place_name": null, "state_name": "Michigan", "state_abbr": "MI", "is_rural": false, "dci_score": 95.1, "dci_quintile": 1.0, "is_cra_lmi": true, "income_level": "M", "is_persistent_poverty": false, "is_tribal_overlap": false, "tribal_area_name": null, "aian_pct": 0.0, "has_nmtc": false, "nmtc_projects": 0, "nmtc_total_usd": 0.0 }, "geometry": { "type": "Polygon", "coordinates": [ [ [ -82.979356, 42.412158 ], [ -82.976536, 42.413137 ], [ -82.971097, 42.414994 ], [ -82.964589, 42.404663 ], [ -82.964298, 42.403822 ], [ -82.964937, 42.403611 ], [ -82.973106, 42.401595 ], [ -82.976331, 42.407385 ], [ -82.978149, 42.410256 ], [ -82.979356, 42.412158 ] ] ] } },
{ "type": "Feature", "properties": { "geoid": "26163573100", "county_name": "Wayne County", "place_name": null, "state_name": "Michigan", "state_abbr": "MI", "is_rural": false, "dci_score": 66.0, "dci_quintile": 4.0, "is_cra_lmi": false, "income_level": "U", "is_persistent_poverty": false, "is_tribal_overlap": false, "tribal_area_name": null, "aian_pct": 0.0, "has_nmtc": false, "nmtc_projects": 0, "nmtc_total_usd": 0.0 }, "geometry": { "type": "Polygon", "coordinates": [ [ [ -83.311164, 42.318902 ], [ -83.301397, 42.319095 ], [ -83.286771, 42.319474 ], [ -83.28638, 42.312186 ], [ -83.291108, 42.31205 ], [ -83.296792, 42.311946 ], [ -83.301057, 42.311869 ], [ -83.30596, 42.311789 ], [ -83.310867, 42.311709 ], [ -83.311088, 42.317113 ], [ -83.311164, 42.318902 ] ] ] } },
{ "type": "Feature", "properties": { "geoid": "26049000400", "county_name": "Genesee County", "place_name": null, "state_name": "Michigan", "state_abbr": "MI", "is_rural": false, "dci_score": 96.4, "dci_quintile": 1.0, "is_cra_lmi": true, "income_level": "L", "is_persistent_poverty": false, "is_tribal_overlap": false, "tribal_area_name": null, "aian_pct": 0.0, "has_nmtc": false, "nmtc_projects": 0, "nmtc_total_usd": 0.0 }, "geometry": { "type": "Polygon", "coordinates": [ [ [ -83.714073, 43.069386 ], [ -83.711561, 43.068697 ], [ -83.706214, 43.068707 ], [ -83.693949, 43.068787 ], [ -83.693829, 43.060974 ], [ -83.699815, 43.060973 ], [ -83.704741, 43.060963 ], [ -83.713947, 43.060928 ], [ -83.714127, 43.067101 ], [ -83.714073, 43.069386 ] ] ] } },
{ "type": "Feature", "properties": { "geoid": "26049001900", "county_name": "Genesee County", "place_name": null, "state_name": "Michigan", "state_abbr": "MI", "is_rural": false, "dci_score": 96.1, "dci_quintile": 1.0, "is_cra_lmi": true, "income_level": "L", "is_persistent_poverty": false, "is_tribal_overlap": false, "tribal_area_name": null, "aian_pct": 0.0, "has_nmtc": false, "nmtc_projects": 0, "nmtc_total_usd": 0.0 }, "geometry": { "type": "Polygon", "coordinates": [ [ [ -83.668889, 43.054077 ], [ -83.667763, 43.055679 ], [ -83.666471, 43.057025 ], [ -83.666564, 43.058627 ], [ -83.665561, 43.059808 ], [ -83.661923, 43.061189 ], [ -83.660446, 43.062584 ], [ -83.659612, 43.064744 ], [ -83.660364, 43.067698 ], [ -83.658504, 43.069213 ], [ -83.656008, 43.068392 ], [ -83.652631, 43.071332 ], [ -83.653294, 43.072351 ], [ -83.654675, 43.072433 ], [ -83.654498, 43.076361 ], [ -83.646168, 43.0764 ], [ -83.650955, 43.06964 ], [ -83.650811, 43.061701 ], [ -83.650705, 43.057406 ], [ -83.650736, 43.056911 ], [ -83.647518, 43.057268 ], [ -83.640687, 43.059003 ], [ -83.633999, 43.061091 ], [ -83.63202, 43.060534 ], [ -83.631009, 43.061521 ], [ -83.631138, 43.065629 ], [ -83.626273, 43.065693 ], [ -83.626284, 43.06202 ], [ -83.622741, 43.062049 ], [ -83.622557, 43.056747 ], [ -83.620654, 43.056558 ], [ -83.621067, 43.054699 ], [ -83.620781, 43.05177 ], [ -83.621457, 43.051213 ], [ -83.628335, 43.051123 ], [ -83.628579, 43.054399 ], [ -83.63078, 43.054322 ], [ -83.629745, 43.055321 ], [ -83.63214, 43.059972 ], [ -83.634664, 43.060044 ], [ -83.635935, 43.058587 ], [ -83.63728, 43.058424 ], [ -83.635968, 43.057521 ], [ -83.645657, 43.055822 ], [ -83.649719, 43.054132 ], [ -83.650458, 43.054397 ], [ -83.650519, 43.050862 ], [ -83.662985, 43.050641 ], [ -83.663391, 43.051109 ], [ -83.665215, 43.052006 ], [ -83.669333, 43.05325 ], [ -83.668889, 43.054077 ] ] ] } },
{ "type": "Feature", "properties": { "geoid": "26049003700", "county_name": "Genesee County", "place_name": null, "state_name": "Michigan", "state_abbr": "MI", "is_rural": false, "dci_score": 94.0, "dci_quintile": 1.0, "is_cra_lmi": false, "income_level": "U", "is_persistent_poverty": false, "is_tribal_overlap": false, "tribal_area_name": null, "aian_pct": 0.0, "has_nmtc": true, "nmtc_projects": 2, "nmtc_total_usd": 18850000.0 }, "geometry": { "type": "Polygon", "coordinates": [ [ [ -83.724308, 43.006902 ], [ -83.723251, 43.012118 ], [ -83.720262, 43.010776 ], [ -83.719694, 43.009296 ], [ -83.716568, 43.009288 ], [ -83.712761, 43.008543 ], [ -83.711868, 43.008654 ], [ -83.709403, 43.009668 ], [ -83.706856, 43.010893 ], [ -83.705803, 43.013591 ], [ -83.7039, 43.014367 ], [ -83.700546, 43.015927 ], [ -83.699264, 43.015322 ], [ -83.698042, 43.013216 ], [ -83.699662, 43.010012 ], [ -83.693574, 43.004446 ], [ -83.693786, 43.003054 ], [ -83.700267, 43.000976 ], [ -83.701502, 43.000351 ], [ -83.704329, 42.998443 ], [ -83.705818, 42.996971 ], [ -83.708602, 43.002186 ], [ -83.709252, 43.002922 ], [ -83.714638, 43.000514 ], [ -83.720092, 42.99806 ], [ -83.721599, 42.999884 ], [ -83.723078, 43.002807 ], [ -83.72437, 43.005727 ], [ -83.724308, 43.006902 ] ] ] } },
{ "type": "Feature", "properties": { "geoid": "26163547100", "county_name": "Wayne County", "place_name": null, "state_name": "Michigan", "state_abbr": "MI", "is_rural": false, "dci_score": 97.3, "dci_quintile": 1.0, "is_cra_lmi": true, "income_level": "M", "is_persistent_poverty": false, "is_tribal_overlap": false, "tribal_area_name": null, "aian_pct": 0.0, "has_nmtc": false, "nmtc_projects": 0, "nmtc_total_usd": 0.0 }, "geometry": { "type": "Polygon", "coordinates": [ [ [ -83.236653, 42.380462 ], [ -83.233185, 42.378558 ], [ -83.231853, 42.378223 ], [ -83.227126, 42.378028 ], [ -83.216931, 42.378803 ], [ -83.216873, 42.378245 ], [ -83.216585, 42.372257 ], [ -83.216769, 42.372255 ], [ -83.216568, 42.365259 ], [ -83.21718, 42.365197 ], [ -83.217929, 42.365053 ], [ -83.226336, 42.364887 ], [ -83.234822, 42.364726 ], [ -83.236039, 42.364704 ], [ -83.236257, 42.371891 ], [ -83.236559, 42.378718 ], [ -83.236653, 42.380462 ] ] ] } },
{ "type": "Feature", "properties": { "geoid": "26163509100", "county_name": "Wayne County", "place_name": null, "state_name": "Michigan", "state_abbr": "MI", "is_rural": false, "dci_score": 96.3, "dci_quintile": 1.0, "is_cra_lmi": true, "income_level": "M", "is_persistent_poverty": false, "is_tribal_overlap": false, "tribal_area_name": null, "aian_pct": 0.0, "has_nmtc": false, "nmtc_projects": 0, "nmtc_total_usd": 0.0 }, "geometry": { "type": "Polygon", "coordinates": [ [ [ -83.08775, 42.418235 ], [ -83.08225, 42.418432 ], [ -83.063611, 42.418653 ], [ -83.061487, 42.415521 ], [ -83.058779, 42.411507 ], [ -83.05856, 42.411185 ], [ -83.057071, 42.408981 ], [ -83.060696, 42.407651 ], [ -83.062927, 42.406834 ], [ -83.064284, 42.406334 ], [ -83.067627, 42.405105 ], [ -83.069218, 42.404518 ], [ -83.072477, 42.403296 ], [ -83.072743, 42.403177 ], [ -83.07402, 42.404957 ], [ -83.079546, 42.408656 ], [ -83.08148, 42.408189 ], [ -83.089417, 42.418161 ], [ -83.08775, 42.418235 ] ] ] } },
{ "type": "Feature", "properties": { "geoid": "26099256000", "county_name": "Macomb County", "place_name": null, "state_name": "Michigan", "state_abbr": "MI", "is_rural": false, "dci_score": 71.1, "dci_quintile": 3.0, "is_cra_lmi": true, "income_level": "M", "is_persistent_poverty": false, "is_tribal_overlap": false, "tribal_area_name": null, "aian_pct": 0.0, "has_nmtc": false, "nmtc_projects": 0, "nmtc_total_usd": 0.0 }, "geometry": { "type": "Polygon", "coordinates": [ [ [ -82.968236, 42.501514 ], [ -82.951548, 42.501776 ], [ -82.951049, 42.501792 ], [ -82.947872, 42.50184 ], [ -82.947694, 42.494569 ], [ -82.948433, 42.494527 ], [ -82.952077, 42.494109 ], [ -82.952685, 42.494075 ], [ -82.956179, 42.494024 ], [ -82.967755, 42.4938 ], [ -82.968236, 42.501514 ] ] ] } },
{ "type": "Feature", "properties": { "geoid": "26145000900", "county_name": "Saginaw County", "place_name": null, "state_name": "Michigan", "state_abbr": "MI", "is_rural": true, "dci_score": 97.1, "dci_quintile": 1.0, "is_cra_lmi": true, "income_level": "L", "is_persistent_poverty": false, "is_tribal_overlap": false, "tribal_area_name": null, "aian_pct": 0.0, "has_nmtc": false, "nmtc_projects": 0, "nmtc_total_usd": 0.0 }, "geometry": { "type": "Polygon", "coordinates": [ [ [ -83.935926, 43.414796 ], [ -83.929981, 43.414783 ], [ -83.921655, 43.414767 ], [ -83.917384, 43.414759 ], [ -83.906876, 43.414755 ], [ -83.906934, 43.407286 ], [ -83.907035, 43.400327 ], [ -83.911433, 43.400367 ], [ -83.912093, 43.400379 ], [ -83.927167, 43.400385 ], [ -83.9273, 43.401349 ], [ -83.927485, 43.401811 ], [ -83.93081, 43.407486 ], [ -83.93601, 43.407575 ], [ -83.935926, 43.414796 ] ] ] } },
{ "type": "Feature", "properties": { "geoid": "26163507500", "county_name": "Wayne County", "place_name": null, "state_name": "Michigan", "state_abbr": "MI", "is_rural": false, "dci_score": 91.7, "dci_quintile": 1.0, "is_cra_lmi": true, "income_level": "L", "is_persistent_poverty": false, "is_tribal_overlap": false, "tribal_area_name": null, "aian_pct": 0.0, "has_nmtc": false, "nmtc_projects": 0, "nmtc_total_usd": 0.0 }, "geometry": { "type": "Polygon", "coordinates": [ [ [ -83.094929, 42.446862 ], [ -83.0947, 42.446865 ], [ -83.090247, 42.446994 ], [ -83.088295, 42.447048 ], [ -83.083393, 42.447153 ], [ -83.083153, 42.446119 ], [ -83.078812, 42.440067 ], [ -83.081904, 42.440015 ], [ -83.08312, 42.440137 ], [ -83.087959, 42.439955 ], [ -83.095199, 42.439744 ], [ -83.094929, 42.446862 ] ] ] } },
{ "type": "Feature", "properties": { "geoid": "26161400100", "county_name": "Washtenaw County", "place_name": "Detroit", "state_name": "Michigan", "state_abbr": "MI", "is_rural": false, "dci_score": 45.1, "dci_quintile": 5.0, "is_cra_lmi": false, "income_level": "U", "is_persistent_poverty": false, "is_tribal_overlap": false, "tribal_area_name": null, "aian_pct": 0.0, "has_nmtc": false, "nmtc_projects": 0, "nmtc_total_usd": 0.0 }, "geometry": { "type": "Polygon", "coordinates": [ [ [ -83.752168, 42.281538 ], [ -83.75094, 42.281503 ], [ -83.750892, 42.282438 ], [ -83.749664, 42.283305 ], [ -83.74838, 42.283265 ], [ -83.745893, 42.283179 ], [ -83.74599, 42.28135 ], [ -83.743887, 42.281271 ], [ -83.740862, 42.281191 ], [ -83.740735, 42.277857 ], [ -83.741964, 42.277852 ], [ -83.744105, 42.277825 ], [ -83.750745, 42.278017 ], [ -83.751404, 42.279412 ], [ -83.751893, 42.280598 ], [ -83.752168, 42.281538 ] ] ] } },
{ "type": "Feature", "properties": { "geoid": "26081001000", "county_name": "Kent County", "place_name": null, "state_name": "Michigan", "state_abbr": "MI", "is_rural": false, "dci_score": 29.8, "dci_quintile": 5.0, "is_cra_lmi": false, "income_level": "U", "is_persistent_poverty": false, "is_tribal_overlap": false, "tribal_area_name": null, "aian_pct": 0.0, "has_nmtc": false, "nmtc_projects": 0, "nmtc_total_usd": 0.0 }, "geometry": { "type": "Polygon", "coordinates": [ [ [ -85.661472, 42.992723 ], [ -85.658995, 42.995905 ], [ -85.658808, 42.996154 ], [ -85.656564, 42.999036 ], [ -85.644848, 42.998971 ], [ -85.639896, 42.998964 ], [ -85.639877, 42.991734 ], [ -85.639873, 42.984424 ], [ -85.640972, 42.984432 ], [ -85.657119, 42.984527 ], [ -85.657152, 42.988601 ], [ -85.657173, 42.991664 ], [ -85.662179, 42.991818 ], [ -85.661472, 42.992723 ] ] ] } },
{ "type": "Feature", "properties": { "geoid": "26163506500", "county_name": "Wayne County", "place_name": null, "state_name": "Michigan", "state_abbr": "MI", "is_rural": false, "dci_score": 99.6, "dci_quintile": 1.0, "is_cra_lmi": true, "income_level": "M", "is_persistent_poverty": false, "is_tribal_overlap": false, "tribal_area_name": null, "aian_pct": 0.0, "has_nmtc": false, "nmtc_projects": 0, "nmtc_total_usd": 0.0 }, "geometry": { "type": "Polygon", "coordinates": [ [ [ -83.05332, 42.433344 ], [ -83.047121, 42.433488 ], [ -83.047027, 42.43349 ], [ -83.038948, 42.433682 ], [ -83.038639, 42.426403 ], [ -83.043482, 42.426289 ], [ -83.046782, 42.42622 ], [ -83.053025, 42.426091 ], [ -83.05332, 42.433344 ] ] ] } },
{ "type": "Feature", "properties": { "geoid": "26159010400", "county_name": "Van Buren County", "place_name": "Detroit", "state_name": "Michigan", "state_abbr": "MI", "is_rural": true, "dci_score": 67.5, "dci_quintile": 4.0, "is_cra_lmi": false, "income_level": "U", "is_persistent_poverty": false, "is_tribal_overlap": false, "tribal_area_name": null, "aian_pct": 0.0, "has_nmtc": false, "nmtc_projects": 0, "nmtc_total_usd": 0.0 }, "geometry": { "type": "Polygon", "coordinates": [ [ [ -86.293083, 42.372889 ], [ -86.289173920444497, 42.382700857589597 ], [ -86.289046533767504, 42.383020600361597 ], [ -86.284448, 42.394563 ], [ -86.283928, 42.398071 ], [ -86.275763, 42.398156 ], [ -86.274036, 42.399037 ], [ -86.274052, 42.401901 ], [ -86.271064, 42.401877 ], [ -86.271054, 42.40043 ], [ -86.269044, 42.39966 ], [ -86.262254, 42.399739 ], [ -86.259212, 42.399819 ], [ -86.25926, 42.396174 ], [ -86.259547, 42.394423 ], [ -86.259853, 42.392767 ], [ -86.260227, 42.390717 ], [ -86.261144, 42.38833 ], [ -86.261973, 42.387116 ], [ -86.264274, 42.384911 ], [ -86.27477, 42.379631 ], [ -86.278206, 42.37616 ], [ -86.279468, 42.374798 ], [ -86.28153, 42.372054 ], [ -86.283131, 42.368138 ], [ -86.283183, 42.371594 ], [ -86.288126, 42.374085 ], [ -86.290596, 42.374198 ], [ -86.290641, 42.372403 ], [ -86.293299268263596, 42.372111704860203 ], [ -86.293083, 42.372889 ] ] ] } },
{ "type": "Feature", "properties": { "geoid": "26081003700", "county_name": "Kent County", "place_name": "Taylor", "state_name": "Michigan", "state_abbr": "MI", "is_rural": false, "dci_score": 79.5, "dci_quintile": 3.0, "is_cra_lmi": true, "income_level": "L", "is_persistent_poverty": false, "is_tribal_overlap": false, "tribal_area_name": null, "aian_pct": 0.0, "has_nmtc": false, "nmtc_projects": 0, "nmtc_total_usd": 0.0 }, "geometry": { "type": "Polygon", "coordinates": [ [ [ -85.665806, 42.934752 ], [ -85.663296, 42.934733 ], [ -85.663412, 42.936632 ], [ -85.657691, 42.936479 ], [ -85.656187, 42.936501 ], [ -85.652417, 42.936111 ], [ -85.648722, 42.934919 ], [ -85.648108, 42.928227 ], [ -85.643309, 42.928164 ], [ -85.64324, 42.927263 ], [ -85.645563, 42.927302 ], [ -85.645458, 42.92555 ], [ -85.647928, 42.925586 ], [ -85.647843, 42.924512 ], [ -85.649646, 42.924527 ], [ -85.64979, 42.927342 ], [ -85.657948, 42.927394 ], [ -85.66537, 42.927487 ], [ -85.665612, 42.931188 ], [ -85.665806, 42.934752 ] ] ] } },
{ "type": "Feature", "properties": { "geoid": "26163580200", "county_name": "Wayne County", "place_name": null, "state_name": "Michigan", "state_abbr": "MI", "is_rural": false, "dci_score": 56.3, "dci_quintile": 4.0, "is_cra_lmi": false, "income_level": "U", "is_persistent_poverty": false, "is_tribal_overlap": false, "tribal_area_name": null, "aian_pct": 0.0, "has_nmtc": false, "nmtc_projects": 0, "nmtc_total_usd": 0.0 }, "geometry": { "type": "Polygon", "coordinates": [ [ [ -83.168872, 42.223324 ], [ -83.165286, 42.226563 ], [ -83.16484, 42.229292 ], [ -83.162758, 42.232806 ], [ -83.160789, 42.234215 ], [ -83.159282, 42.234382 ], [ -83.155671, 42.234233 ], [ -83.155203, 42.234228 ], [ -83.151837, 42.234642 ], [ -83.155265, 42.223821 ], [ -83.158363, 42.223644 ], [ -83.161428, 42.223337 ], [ -83.167908, 42.223248 ], [ -83.168872, 42.223324 ] ] ] } },
{ "type": "Feature", "properties": { "geoid": "26163533400", "county_name": "Wayne County", "place_name": null, "state_name": "Michigan", "state_abbr": "MI", "is_rural": false, "dci_score": 94.0, "dci_quintile": 1.0, "is_cra_lmi": true, "income_level": "L", "is_persistent_poverty": false, "is_tribal_overlap": false, "tribal_area_name": null, "aian_pct": 0.0, "has_nmtc": false, "nmtc_projects": 0, "nmtc_total_usd": 0.0 }, "geometry": { "type": "Polygon", "coordinates": [ [ [ -83.130597, 42.365261 ], [ -83.125833, 42.367057 ], [ -83.12159, 42.368659 ], [ -83.117631, 42.37015 ], [ -83.113428, 42.363957 ], [ -83.108843, 42.357133 ], [ -83.110799, 42.356125 ], [ -83.122227, 42.361146 ], [ -83.131168, 42.36453 ], [ -83.130597, 42.365261 ] ] ] } },
{ "type": "Feature", "properties": { "geoid": "26163516600", "county_name": "Wayne County", "place_name": "Detroit", "state_name": "Michigan", "state_abbr": "MI", "is_rural": false, "dci_score": 87.5, "dci_quintile": 2.0, "is_cra_lmi": true, "income_level": "L", "is_persistent_poverty": false, "is_tribal_overlap": false, "tribal_area_name": null, "aian_pct": 0.0, "has_nmtc": false, "nmtc_projects": 0, "nmtc_total_usd": 0.0 }, "geometry": { "type": "Polygon", "coordinates": [ [ [ -83.030395, 42.339035 ], [ -83.024947, 42.341379 ], [ -83.024763, 42.341458 ], [ -83.018466, 42.34417 ], [ -83.012107, 42.346926 ], [ -83.010052, 42.34366 ], [ -83.016355, 42.340949 ], [ -83.017884, 42.340292 ], [ -83.022647, 42.338245 ], [ -83.028269, 42.335819 ], [ -83.030395, 42.339035 ] ] ] } },
{ "type": "Feature", "properties": { "geoid": "26163542400", "county_name": "Wayne County", "place_name": null, "state_name": "Michigan", "state_abbr": "MI", "is_rural": false, "dci_score": 95.9, "dci_quintile": 1.0, "is_cra_lmi": true, "income_level": "M", "is_persistent_poverty": false, "is_tribal_overlap": false, "tribal_area_name": null, "aian_pct": 0.0, "has_nmtc": false, "nmtc_projects": 0, "nmtc_total_usd": 0.0 }, "geometry": { "type": "Polygon", "coordinates": [ [ [ -83.208225, 42.396637 ], [ -83.206386, 42.395894 ], [ -83.198365, 42.392657 ], [ -83.198342, 42.39175 ], [ -83.19817, 42.387052 ], [ -83.207865, 42.386868 ], [ -83.208105, 42.391664 ], [ -83.208225, 42.396637 ] ] ] } },
{ "type": "Feature", "properties": { "geoid": "26099262300", "county_name": "Macomb County", "place_name": null, "state_name": "Michigan", "state_abbr": "MI", "is_rural": false, "dci_score": 52.4, "dci_quintile": 5.0, "is_cra_lmi": false, "income_level": "U", "is_persistent_poverty": false, "is_tribal_overlap": false, "tribal_area_name": null, "aian_pct": 0.0, "has_nmtc": false, "nmtc_projects": 0, "nmtc_total_usd": 0.0 }, "geometry": { "type": "Polygon", "coordinates": [ [ [ -83.085625, 42.505205 ], [ -83.077901, 42.50542 ], [ -83.070474, 42.505624 ], [ -83.067531, 42.505684 ], [ -83.067196, 42.498391 ], [ -83.066932, 42.491037 ], [ -83.076663, 42.490798 ], [ -83.07911, 42.490133 ], [ -83.080978, 42.488887 ], [ -83.083521, 42.485555 ], [ -83.084836, 42.483849 ], [ -83.084846, 42.484132 ], [ -83.085122, 42.49076 ], [ -83.085356, 42.498046 ], [ -83.085482, 42.501613 ], [ -83.085625, 42.505205 ] ] ] } },
{ "type": "Feature", "properties": { "geoid": "26077000300", "county_name": "Kalamazoo County", "place_name": null, "state_name": "Michigan", "state_abbr": "MI", "is_rural": false, "dci_score": 96.2, "dci_quintile": 1.0, "is_cra_lmi": true, "income_level": "L", "is_persistent_poverty": false, "is_tribal_overlap": false, "tribal_area_name": null, "aian_pct": 0.0, "has_nmtc": false, "nmtc_projects": 0, "nmtc_total_usd": 0.0 }, "geometry": { "type": "Polygon", "coordinates": [ [ [ -85.60301, 42.310818 ], [ -85.601219, 42.310787 ], [ -85.601208, 42.312859 ], [ -85.599682, 42.313876 ], [ -85.601212, 42.313904 ], [ -85.601204, 42.318043 ], [ -85.596849, 42.318077 ], [ -85.596103, 42.311108 ], [ -85.59343, 42.310766 ], [ -85.590004, 42.310826 ], [ -85.583765, 42.310717 ], [ -85.583702, 42.307144 ], [ -85.585109, 42.307162 ], [ -85.585109, 42.30336 ], [ -85.584894, 42.295599 ], [ -85.587414, 42.295474 ], [ -85.589843, 42.294797 ], [ -85.589851, 42.294969 ], [ -85.592483, 42.295747 ], [ -85.593781, 42.297564 ], [ -85.594789, 42.297557 ], [ -85.5978, 42.297509 ], [ -85.599447, 42.297492 ], [ -85.60151, 42.301054 ], [ -85.602889, 42.303373 ], [ -85.60301, 42.310818 ] ] ] } },
{ "type": "Feature", "properties": { "geoid": "26085961200", "county_name": "Lake County", "place_name": null, "state_name": "Michigan", "state_abbr": "MI", "is_rural": true, "dci_score": 80.8, "dci_quintile": 3.0, "is_cra_lmi": true, "income_level": "M", "is_persistent_poverty": false, "is_tribal_overlap": false, "tribal_area_name": null, "aian_pct": 0.0, "has_nmtc": false, "nmtc_projects": 0, "nmtc_total_usd": 0.0 }, "geometry": { "type": "Polygon", "coordinates": [ [ [ -86.039464, 43.946096 ], [ -86.029434, 43.946253 ], [ -86.020748, 43.946366 ], [ -86.018537, 43.946241 ], [ -86.013135, 43.944393 ], [ -86.010424, 43.943897 ], [ -86.007494, 43.944089 ], [ -85.99806, 43.946271 ], [ -85.981368, 43.945893 ], [ -85.97435, 43.946871 ], [ -85.961311, 43.947024 ], [ -85.933924, 43.94519 ], [ -85.919905, 43.944844 ], [ -85.881243, 43.943748 ], [ -85.851497, 43.943655 ], [ -85.852083, 43.929653 ], [ -85.85132, 43.917533 ], [ -85.851439, 43.908143 ], [ -85.851494, 43.904727 ], [ -85.851479, 43.90343 ], [ -85.850841, 43.900894 ], [ -85.851522, 43.898963 ], [ -85.851741, 43.889875 ], [ -85.850711, 43.843861 ], [ -85.851126, 43.839647 ], [ -85.85052, 43.837737 ], [ -85.850272, 43.833166 ], [ -85.851977, 43.827097 ], [ -85.852068, 43.825951 ], [ -85.850363, 43.822405 ], [ -85.850195, 43.814099 ], [ -85.918819, 43.814636 ], [ -85.936622, 43.815046 ], [ -85.998133, 43.815109 ], [ -86.037884, 43.815611 ], [ -86.038266, 43.831864 ], [ -86.038711, 43.873428 ], [ -86.038716, 43.902548 ], [ -86.039241, 43.93795 ], [ -86.039464, 43.946096 ] ] ] } },
{ "type": "Feature", "properties": { "geoid": "26163511200", "county_name": "Wayne County", "place_name": null, "state_name": "Michigan", "state_abbr": "MI", "is_rural": false, "dci_score": 95.6, "dci_quintile": 1.0, "is_cra_lmi": true, "income_level": "L", "is_persistent_poverty": false, "is_tribal_overlap": false, "tribal_area_name": null, "aian_pct": 0.0, "has_nmtc": false, "nmtc_projects": 0, "nmtc_total_usd": 0.0 }, "geometry": { "type": "Polygon", "coordinates": [ [ [ -83.071535, 42.384476 ], [ -83.068331, 42.386431 ], [ -83.060281, 42.374425 ], [ -83.058956, 42.370728 ], [ -83.057919, 42.368497 ], [ -83.058144, 42.368369 ], [ -83.060086, 42.367338 ], [ -83.063257, 42.36611 ], [ -83.067528, 42.372498 ], [ -83.074765, 42.383261 ], [ -83.071535, 42.384476 ] ] ] } },
{ "type": "Feature", "properties": { "geoid": "26163577300", "county_name": "Wayne County", "place_name": null, "state_name": "Michigan", "state_abbr": "MI", "is_rural": false, "dci_score": 86.1, "dci_quintile": 2.0, "is_cra_lmi": false, "income_level": "U", "is_persistent_poverty": false, "is_tribal_overlap": false, "tribal_area_name": null, "aian_pct": 0.0, "has_nmtc": false, "nmtc_projects": 0, "nmtc_total_usd": 0.0 }, "geometry": { "type": "Polygon", "coordinates": [ [ [ -83.202683, 42.245926 ], [ -83.196851, 42.256031 ], [ -83.193296, 42.254954 ], [ -83.185235, 42.252466 ], [ -83.187913, 42.249823 ], [ -83.191325, 42.247036 ], [ -83.191607, 42.247039 ], [ -83.195682, 42.242642 ], [ -83.199385, 42.239445 ], [ -83.202189, 42.237035 ], [ -83.202269, 42.239706 ], [ -83.202161, 42.245889 ], [ -83.20283, 42.245728 ], [ -83.202683, 42.245926 ] ] ] } },
{ "type": "Feature", "properties": { "geoid": "26163506700", "county_name": "Wayne County", "place_name": null, "state_name": "Michigan", "state_abbr": "MI", "is_rural": false, "dci_score": 99.6, "dci_quintile": 1.0, "is_cra_lmi": false, "income_level": "U", "is_persistent_poverty": false, "is_tribal_overlap": false, "tribal_area_name": null, "aian_pct": 0.0, "has_nmtc": false, "nmtc_projects": 0, "nmtc_total_usd": 0.0 }, "geometry": { "type": "Polygon", "coordinates": [ [ [ -83.054057, 42.447507 ], [ -83.044282, 42.447765 ], [ -83.039417, 42.447874 ], [ -83.039193, 42.440824 ], [ -83.047275, 42.440649 ], [ -83.049408, 42.440604 ], [ -83.05364, 42.440519 ], [ -83.053688, 42.440727 ], [ -83.054057, 42.447507 ] ] ] } },
{ "type": "Feature", "properties": { "geoid": "26091061301", "county_name": "Lenawee County", "place_name": "Bay City", "state_name": "Michigan", "state_abbr": "MI", "is_rural": true, "dci_score": 83.7, "dci_quintile": 2.0, "is_cra_lmi": true, "income_level": "M", "is_persistent_poverty": false, "is_tribal_overlap": false, "tribal_area_name": null, "aian_pct": 0.0, "has_nmtc": false, "nmtc_projects": 0, "nmtc_total_usd": 0.0 }, "geometry": { "type": "Polygon", "coordinates": [ [ [ -84.030659, 41.9087 ], [ -84.029729, 41.909683 ], [ -84.027132, 41.908539 ], [ -84.024567, 41.909839 ], [ -84.02396, 41.911713 ], [ -84.019152, 41.914732 ], [ -84.019313, 41.916483 ], [ -84.014837, 41.918264 ], [ -84.012289, 41.917027 ], [ -84.010136, 41.917779 ], [ -84.010128, 41.914388 ], [ -84.010007, 41.912582 ], [ -84.009982, 41.909961 ], [ -84.009851, 41.905233 ], [ -84.007787, 41.905227 ], [ -84.004935, 41.904508 ], [ -84.004672, 41.897846 ], [ -84.004339, 41.890005 ], [ -84.014286, 41.889867 ], [ -84.017313, 41.889804 ], [ -84.021892, 41.889732 ], [ -84.024819, 41.892639 ], [ -84.029181, 41.89307 ], [ -84.029218, 41.893937 ], [ -84.02925, 41.896101 ], [ -84.026791, 41.896119 ], [ -84.026848, 41.897927 ], [ -84.028602, 41.897946 ], [ -84.027529, 41.899741 ], [ -84.026439, 41.901479 ], [ -84.033418, 41.903887 ], [ -84.030659, 41.9087 ] ] ] } },
{ "type": "Feature", "properties": { "geoid": "26161410700", "county_name": "Washtenaw County", "place_name": null, "state_name": "Michigan", "state_abbr": "MI", "is_rural": false, "dci_score": 59.0, "dci_quintile": 4.0, "is_cra_lmi": true, "income_level": "L", "is_persistent_poverty": false, "is_tribal_overlap": false, "tribal_area_name": null, "aian_pct": 0.0, "has_nmtc": false, "nmtc_projects": 0, "nmtc_total_usd": 0.0 }, "geometry": { "type": "Polygon", "coordinates": [ [ [ -83.623431, 42.238638 ], [ -83.618651, 42.24103 ], [ -83.617477, 42.241012 ], [ -83.611792, 42.241043 ], [ -83.611587, 42.238486 ], [ -83.609273, 42.237585 ], [ -83.606389, 42.238219 ], [ -83.604668, 42.236014 ], [ -83.607155, 42.23474 ], [ -83.614039, 42.233626 ], [ -83.617397, 42.233585 ], [ -83.61967, 42.233585 ], [ -83.621266, 42.233274 ], [ -83.623431, 42.238638 ] ] ] } },
{ "type": "Feature", "properties": { "geoid": "26163525900", "county_name": "Wayne County", "place_name": null, "state_name": "Michigan", "state_abbr": "MI", "is_rural": false, "dci_score": 92.8, "dci_quintile": 1.0, "is_cra_lmi": true, "income_level": "M", "is_persistent_poverty": false, "is_tribal_overlap": false, "tribal_area_name": null, "aian_pct": 0.0, "has_nmtc": true, "nmtc_projects": 1, "nmtc_total_usd": 15435000.0 }, "geometry": { "type": "Polygon", "coordinates": [ [ [ -83.121338, 42.332485 ], [ -83.111796, 42.336223 ], [ -83.110566, 42.336653 ], [ -83.103753, 42.338977 ], [ -83.101653, 42.335835 ], [ -83.100564, 42.334557 ], [ -83.102829, 42.331296 ], [ -83.10679, 42.325362 ], [ -83.115311, 42.324195 ], [ -83.116748, 42.326171 ], [ -83.120338, 42.331112 ], [ -83.121338, 42.332485 ] ] ] } },
{ "type": "Feature", "properties": { "geoid": "26163505600", "county_name": "Wayne County", "place_name": null, "state_name": "Michigan", "state_abbr": "MI", "is_rural": false, "dci_score": 99.6, "dci_quintile": 1.0, "is_cra_lmi": true, "income_level": "L", "is_persistent_poverty": false, "is_tribal_overlap": false, "tribal_area_name": null, "aian_pct": 0.0, "has_nmtc": true, "nmtc_projects": 1, "nmtc_total_usd": 0.0 }, "geometry": { "type": "Polygon", "coordinates": [ [ [ -83.023886, 42.424056 ], [ -83.016421, 42.434116 ], [ -83.014654, 42.43661 ], [ -83.005534, 42.448806 ], [ -83.005185, 42.448819 ], [ -83.004963, 42.441681 ], [ -83.004692, 42.434426 ], [ -83.004318, 42.427228 ], [ -83.004022, 42.419936 ], [ -83.004649, 42.419937 ], [ -83.007688, 42.419865 ], [ -83.013717, 42.419681 ], [ -83.019453, 42.419559 ], [ -83.023713, 42.419506 ], [ -83.023886, 42.424056 ] ] ] } },
{ "type": "Feature", "properties": { "geoid": "26161411200", "county_name": "Washtenaw County", "place_name": "Cadillac", "state_name": "Michigan", "state_abbr": "MI", "is_rural": false, "dci_score": 61.3, "dci_quintile": 4.0, "is_cra_lmi": true, "income_level": "L", "is_persistent_poverty": false, "is_tribal_overlap": false, "tribal_area_name": null, "aian_pct": 0.0, "has_nmtc": false, "nmtc_projects": 0, "nmtc_total_usd": 0.0 }, "geometry": { "type": "Polygon", "coordinates": [ [ [ -83.638612, 42.259303 ], [ -83.638609, 42.259632 ], [ -83.634742, 42.259729 ], [ -83.632224, 42.260062 ], [ -83.622467, 42.260387 ], [ -83.612922, 42.260653 ], [ -83.607447, 42.260823 ], [ -83.608701, 42.253374 ], [ -83.608707, 42.251425 ], [ -83.610254, 42.251133 ], [ -83.610208, 42.249573 ], [ -83.611102, 42.249555 ], [ -83.612816, 42.249234 ], [ -83.612206, 42.250522 ], [ -83.61471, 42.253319 ], [ -83.618006, 42.25502 ], [ -83.622162, 42.255659 ], [ -83.622334, 42.254442 ], [ -83.62712, 42.255671 ], [ -83.629541, 42.256068 ], [ -83.633196, 42.256585 ], [ -83.638641, 42.257505 ], [ -83.638612, 42.259303 ] ] ] } },
{ "type": "Feature", "properties": { "geoid": "26069000101", "county_name": "Iosco County", "place_name": null, "state_name": "Michigan", "state_abbr": "MI", "is_rural": true, "dci_score": 76.2, "dci_quintile": 3.0, "is_cra_lmi": true, "income_level": "M", "is_persistent_poverty": false, "is_tribal_overlap": false, "tribal_area_name": null, "aian_pct": 0.0, "has_nmtc": false, "nmtc_projects": 0, "nmtc_total_usd": 0.0 }, "geometry": { "type": "Polygon", "coordinates": [ [ [ -83.886634, 44.508976 ], [ -83.766195, 44.509984 ], [ -83.695576, 44.510581 ], [ -83.665234, 44.510875 ], [ -83.664396, 44.510826 ], [ -83.645252, 44.510911 ], [ -83.604006, 44.511213 ], [ -83.584195, 44.511232 ], [ -83.583519, 44.511358 ], [ -83.574145, 44.511268 ], [ -83.572352, 44.511311 ], [ -83.556606, 44.511328 ], [ -83.553086, 44.511511 ], [ -83.551838, 44.511365 ], [ -83.536262, 44.511417 ], [ -83.535423, 44.511538 ], [ -83.421653, 44.511673 ], [ -83.421302, 44.510104 ], [ -83.421139, 44.500297 ], [ -83.420853, 44.499304 ], [ -83.41929, 44.497908 ], [ -83.416882, 44.497331 ], [ -83.40508, 44.497399 ], [ -83.403771, 44.497291 ], [ -83.401351, 44.494476 ], [ -83.394561, 44.479314 ], [ -83.39405, 44.478586 ], [ -83.391695, 44.476869 ], [ -83.363808, 44.465361 ], [ -83.360686, 44.463899 ], [ -83.355303, 44.460378 ], [ -83.352593, 44.45784 ], [ -83.349705, 44.453972 ], [ -83.346595, 44.446792 ], [ -83.365147, 44.44688 ], [ -83.375339, 44.446946 ], [ -83.37397, 44.444766 ], [ -83.371614, 44.443956 ], [ -83.370152, 44.442404 ], [ -83.36517, 44.439886 ], [ -83.36426, 44.438396 ], [ -83.363278, 44.434899 ], [ -83.362217, 44.43339 ], [ -83.362929, 44.432106 ], [ -83.361592, 44.430654 ], [ -83.359635, 44.430863 ], [ -83.358629, 44.432174 ], [ -83.357231, 44.430917 ], [ -83.357981, 44.429665 ], [ -83.356868, 44.428981 ], [ -83.35537, 44.429425 ], [ -83.354918, 44.430968 ], [ -83.356122, 44.432424 ], [ -83.353798, 44.433396 ], [ -83.352491, 44.432729 ], [ -83.353297, 44.431153 ], [ -83.351665, 44.430402 ], [ -83.347707, 44.430522 ], [ -83.34777, 44.432648 ], [ -83.346529, 44.432801 ], [ -83.34713, 44.426332 ], [ -83.347026, 44.424902 ], [ -83.36026, 44.424877 ], [ -83.400929, 44.424979 ], [ -83.407272, 44.424988 ], [ -83.414975, 44.423989 ], [ -83.425849, 44.422925 ], [ -83.427402, 44.422938 ], [ -83.429473, 44.42352 ], [ -83.432287, 44.425138 ], [ -83.435694, 44.427004 ], [ -83.437344, 44.427373 ], [ -83.442376, 44.427407 ], [ -83.449941, 44.429974 ], [ -83.454853, 44.43318 ], [ -83.46487, 44.437398 ], [ -83.469098, 44.43816 ], [ -83.474222, 44.437931 ], [ -83.47628, 44.438906 ], [ -83.481757, 44.442767 ], [ -83.484544, 44.4435 ], [ -83.510025, 44.443511 ], [ -83.51442, 44.443663 ], [ -83.525808, 44.446062 ], [ -83.528234, 44.446245 ], [ -83.536255, 44.444783 ], [ -83.552653, 44.44435 ], [ -83.559167, 44.443075 ], [ -83.560903, 44.442343 ], [ -83.565544, 44.439215 ], [ -83.567316, 44.438582 ], [ -83.576329, 44.439214 ], [ -83.578845, 44.43916 ], [ -83.586818, 44.437705 ], [ -83.589465, 44.437588 ], [ -83.610109, 44.437457 ], [ -83.612337, 44.43724 ], [ -83.614468, 44.436236 ], [ -83.618942, 44.432459 ], [ -83.620498, 44.431776 ], [ -83.624132, 44.431623 ], [ -83.6292, 44.431996 ], [ -83.636866, 44.434167 ], [ -83.644053, 44.434915 ], [ -83.648907, 44.434781 ], [ -83.651035, 44.435016 ], [ -83.664789, 44.438733 ], [ -83.666383, 44.438923 ], [ -83.671999, 44.438376 ], [ -83.673438, 44.438628 ], [ -83.678524, 44.442476 ], [ -83.683421, 44.447217 ], [ -83.687963, 44.450376 ], [ -83.688316, 44.451419 ], [ -83.68993, 44.451584 ], [ -83.696033, 44.453181 ], [ -83.69889, 44.453378 ], [ -83.727233, 44.452715 ], [ -83.730053, 44.451912 ], [ -83.732716, 44.450374 ], [ -83.735451, 44.449935 ], [ -83.752112, 44.452128 ], [ -83.758624, 44.453723 ], [ -83.761811, 44.453791 ], [ -83.764857, 44.454386 ], [ -83.769468, 44.456145 ], [ -83.772585, 44.456508 ], [ -83.772811, 44.458388 ], [ -83.774253, 44.459697 ], [ -83.786163, 44.46479 ], [ -83.791314, 44.46594 ], [ -83.792168, 44.466676 ], [ -83.805756, 44.466505 ], [ -83.805439, 44.45986 ], [ -83.804994, 44.457453 ], [ -83.805178, 44.452018 ], [ -83.862486, 44.451417 ], [ -83.876773, 44.450821 ], [ -83.879753, 44.450257 ], [ -83.884918, 44.450777 ], [ -83.885178, 44.458169 ], [ -83.885239, 44.458568 ], [ -83.886634, 44.508976 ] ] ] } },
{ "type": "Feature", "properties": { "geoid": "26105950500", "county_name": "Mason County", "place_name": "Ann Arbor", "state_name": "Michigan", "state_abbr": "MI", "is_rural": true, "dci_score": 49.6, "dci_quintile": 5.0, "is_cra_lmi": false, "income_level": "U", "is_persistent_poverty": false, "is_tribal_overlap": false, "tribal_area_name": null, "aian_pct": 0.0, "has_nmtc": false, "nmtc_projects": 0, "nmtc_total_usd": 0.0 }, "geometry": { "type": "Polygon", "coordinates": [ [ [ -86.461008378772405, 43.955488053134196 ], [ -86.459237, 43.955513 ], [ -86.459303, 43.959597 ], [ -86.453513, 43.959646 ], [ -86.452074, 43.957626 ], [ -86.446445, 43.957679 ], [ -86.445032, 43.955603 ], [ -86.443615, 43.955629 ], [ -86.440786, 43.955642 ], [ -86.436503, 43.955695 ], [ -86.434106, 43.956032 ], [ -86.429345, 43.9561 ], [ -86.419172, 43.956302 ], [ -86.415094, 43.956129 ], [ -86.415652, 43.949949 ], [ -86.415751, 43.948901 ], [ -86.417214, 43.932384 ], [ -86.419389, 43.933392 ], [ -86.422171, 43.933694 ], [ -86.428775, 43.936603 ], [ -86.433916, 43.934737 ], [ -86.437335, 43.93488 ], [ -86.441633, 43.936051 ], [ -86.445683, 43.938337 ], [ -86.44944, 43.942664 ], [ -86.450418, 43.944535 ], [ -86.449655, 43.944973 ], [ -86.451357, 43.946525 ], [ -86.454446, 43.949802 ], [ -86.4554, 43.951151 ], [ -86.45658, 43.951848 ], [ -86.459340111626503, 43.952207836242401 ], [ -86.461001, 43.953987 ], [ -86.461008378772405, 43.955488053134196 ] ] ] } },
{ "type": "Feature", "properties": { "geoid": "26121001300", "county_name": "Muskegon County", "place_name": null, "state_name": "Michigan", "state_abbr": "MI", "is_rural": true, "dci_score": 85.0, "dci_quintile": 2.0, "is_cra_lmi": true, "income_level": "L", "is_persistent_poverty": false, "is_tribal_overlap": false, "tribal_area_name": null, "aian_pct": 0.0, "has_nmtc": false, "nmtc_projects": 0, "nmtc_total_usd": 0.0 }, "geometry": { "type": "Polygon", "coordinates": [ [ [ -86.239534, 43.210505 ], [ -86.239492, 43.212319 ], [ -86.239448, 43.215984 ], [ -86.23444, 43.215915 ], [ -86.225712, 43.21563 ], [ -86.224452, 43.215852 ], [ -86.224561, 43.210343 ], [ -86.224603, 43.208511 ], [ -86.224689, 43.204841 ], [ -86.230918, 43.204899 ], [ -86.239652, 43.204984 ], [ -86.239534, 43.210505 ] ] ] } },
{ "type": "Feature", "properties": { "geoid": "26125198100", "county_name": "Oakland County", "place_name": null, "state_name": "Michigan", "state_abbr": "MI", "is_rural": false, "dci_score": 42.9, "dci_quintile": 5.0, "is_cra_lmi": false, "income_level": "U", "is_persistent_poverty": false, "is_tribal_overlap": false, "tribal_area_name": null, "aian_pct": 0.0, "has_nmtc": false, "nmtc_projects": 0, "nmtc_total_usd": 0.0 }, "geometry": { "type": "Polygon", "coordinates": [ [ [ -83.107688, 42.549185 ], [ -83.09356, 42.549288 ], [ -83.088157, 42.549379 ], [ -83.087637, 42.543337 ], [ -83.087406, 42.540709 ], [ -83.087276, 42.539324 ], [ -83.086882, 42.534792 ], [ -83.097089, 42.534454 ], [ -83.107133, 42.534127 ], [ -83.107448, 42.541337 ], [ -83.107455, 42.541558 ], [ -83.107492, 42.54525 ], [ -83.107688, 42.549185 ] ] ] } },
{ "type": "Feature", "properties": { "geoid": "26085961300", "county_name": "Lake County", "place_name": "Charlotte", "state_name": "Michigan", "state_abbr": "MI", "is_rural": true, "dci_score": 67.2, "dci_quintile": 4.0, "is_cra_lmi": false, "income_level": "U", "is_persistent_poverty": false, "is_tribal_overlap": false, "tribal_area_name": null, "aian_pct": 0.0, "has_nmtc": false, "nmtc_projects": 0, "nmtc_total_usd": 0.0 }, "geometry": { "type": "Polygon", "coordinates": [ [ [ -85.851302, 43.948171 ], [ -85.850721, 43.950491 ], [ -85.849369, 43.953049 ], [ -85.844043, 43.958827 ], [ -85.842006, 43.963102 ], [ -85.841683, 43.965298 ], [ -85.841895, 43.98815 ], [ -85.842065, 43.992143 ], [ -85.84176, 43.995645 ], [ -85.840472, 43.998864 ], [ -85.837869, 44.002568 ], [ -85.837137, 44.004836 ], [ -85.837472, 44.007486 ], [ -85.840352, 44.011851 ], [ -85.842063, 44.015676 ], [ -85.842378, 44.017544 ], [ -85.842927, 44.060016 ], [ -85.842468, 44.063223 ], [ -85.841056, 44.067054 ], [ -85.836741, 44.074868 ], [ -85.823533, 44.099078 ], [ -85.822835, 44.100753 ], [ -85.8218, 44.105899 ], [ -85.821529, 44.112884 ], [ -85.821211, 44.115046 ], [ -85.820089, 44.117904 ], [ -85.819082, 44.119533 ], [ -85.803599, 44.140723 ], [ -85.803493, 44.140883 ], [ -85.801717, 44.144323 ], [ -85.800172, 44.14949 ], [ -85.799815, 44.153923 ], [ -85.799961, 44.164511 ], [ -85.763853, 44.164727 ], [ -85.763567, 44.164704 ], [ -85.760904, 44.1646 ], [ -85.698898, 44.164622 ], [ -85.683785, 44.164633 ], [ -85.612012, 44.164994 ], [ -85.606649, 44.165226 ], [ -85.577123, 44.164914 ], [ -85.564772, 44.164862 ], [ -85.564554, 44.164861 ], [ -85.563537, 44.074656 ], [ -85.563018, 44.068412 ], [ -85.563234, 44.053145 ], [ -85.562832, 44.002924 ], [ -85.562744, 43.988348 ], [ -85.562662, 43.973917 ], [ -85.562561, 43.965418 ], [ -85.562596, 43.962734 ], [ -85.562581, 43.962052 ], [ -85.562593, 43.959485 ], [ -85.562328, 43.916366 ], [ -85.671248, 43.916129 ], [ -85.673404, 43.915417 ], [ -85.676121, 43.915371 ], [ -85.67786, 43.91607 ], [ -85.679044, 43.915718 ], [ -85.682013, 43.916089 ], [ -85.682021, 43.916144 ], [ -85.701822, 43.916071 ], [ -85.706858, 43.916384 ], [ -85.707662, 43.91619 ], [ -85.722259, 43.915738 ], [ -85.793626, 43.915719 ], [ -85.796408, 43.915387 ], [ -85.801757, 43.915351 ], [ -85.801609, 43.944269 ], [ -85.851497, 43.943655 ], [ -85.851302, 43.948171 ] ] ] } },
{ "type": "Feature", "properties": { "geoid": "26125130000", "county_name": "Oakland County", "place_name": null, "state_name": "Michigan", "state_abbr": "MI", "is_rural": false, "dci_score": 21.4, "dci_quintile": 5.0, "is_cra_lmi": false, "income_level": "U", "is_persistent_poverty": false, "is_tribal_overlap": false, "tribal_area_name": null, "aian_pct": 0.0, "has_nmtc": false, "nmtc_projects": 0, "nmtc_total_usd": 0.0 }, "geometry": { "type": "Polygon", "coordinates": [ [ [ -83.498833, 42.700647 ], [ -83.446086, 42.701878 ], [ -83.445306, 42.687523 ], [ -83.444953, 42.68056 ], [ -83.444884, 42.680096 ], [ -83.444672, 42.673128 ], [ -83.444062, 42.660049 ], [ -83.448525, 42.659637 ], [ -83.457356, 42.657799 ], [ -83.462863, 42.657648 ], [ -83.470987, 42.656368 ], [ -83.473469, 42.656215 ], [ -83.477035, 42.655759 ], [ -83.491242, 42.650418 ], [ -83.493394, 42.649847 ], [ -83.493267, 42.656079 ], [ -83.489058, 42.667104 ], [ -83.488946, 42.667982 ], [ -83.488959, 42.668255 ], [ -83.489585, 42.678686 ], [ -83.490199, 42.693381 ], [ -83.498836, 42.693193 ], [ -83.497805, 42.694759 ], [ -83.497932, 42.696153 ], [ -83.496818, 42.696955 ], [ -83.499551, 42.699604 ], [ -83.498833, 42.700647 ] ] ] } },
{ "type": "Feature", "properties": { "geoid": "26163503300", "county_name": "Wayne County", "place_name": "Portage", "state_name": "Michigan", "state_abbr": "MI", "is_rural": false, "dci_score": 98.9, "dci_quintile": 1.0, "is_cra_lmi": true, "income_level": "L", "is_persistent_poverty": false, "is_tribal_overlap": false, "tribal_area_name": null, "aian_pct": 0.0, "has_nmtc": false, "nmtc_projects": 0, "nmtc_total_usd": 0.0 }, "geometry": { "type": "Polygon", "coordinates": [ [ [ -83.004963, 42.441681 ], [ -82.993932, 42.441973 ], [ -82.985407, 42.442205 ], [ -82.985125, 42.434917 ], [ -82.993634, 42.43473 ], [ -83.004692, 42.434426 ], [ -83.004963, 42.441681 ] ] ] } },
{ "type": "Feature", "properties": { "geoid": "26065980100", "county_name": "Ingham County", "place_name": null, "state_name": "Michigan", "state_abbr": "MI", "is_rural": false, "dci_score": 81.3, "dci_quintile": 2.0, "is_cra_lmi": false, "income_level": "NA", "is_persistent_poverty": false, "is_tribal_overlap": false, "tribal_area_name": null, "aian_pct": 0.0, "has_nmtc": false, "nmtc_projects": 0, "nmtc_total_usd": 0.0 }, "geometry": { "type": "Polygon", "coordinates": [ [ [ -84.538114, 42.718247 ], [ -84.538113, 42.719285 ], [ -84.522285, 42.719271 ], [ -84.522434, 42.724107 ], [ -84.522473, 42.724565 ], [ -84.519552, 42.724079 ], [ -84.51528, 42.724042 ], [ -84.510248, 42.726334 ], [ -84.510535, 42.727069 ], [ -84.510633, 42.729969 ], [ -84.508418, 42.729973 ], [ -84.508342, 42.733366 ], [ -84.503522, 42.73337 ], [ -84.503224, 42.731575 ], [ -84.50292, 42.731798 ], [ -84.498053, 42.731692 ], [ -84.498028, 42.729929 ], [ -84.499918, 42.729833 ], [ -84.501907, 42.72887 ], [ -84.503811, 42.730005 ], [ -84.505779, 42.730068 ], [ -84.507069, 42.728288 ], [ -84.508615, 42.727427 ], [ -84.509806, 42.726528 ], [ -84.508923, 42.72553 ], [ -84.504703, 42.722442 ], [ -84.504131, 42.721081 ], [ -84.504352, 42.719254 ], [ -84.504703, 42.719252 ], [ -84.509636, 42.719266 ], [ -84.509591, 42.714676 ], [ -84.513206, 42.714717 ], [ -84.513231, 42.713606 ], [ -84.517678, 42.71189 ], [ -84.51343, 42.711866 ], [ -84.51249, 42.71186 ], [ -84.512512, 42.711304 ], [ -84.509396, 42.709309 ], [ -84.509249, 42.708777 ], [ -84.509264, 42.708276 ], [ -84.50908, 42.707254 ], [ -84.509243, 42.706671 ], [ -84.509929, 42.706485 ], [ -84.510131, 42.705672 ], [ -84.510445, 42.705603 ], [ -84.510506, 42.704623 ], [ -84.513516, 42.704628 ], [ -84.514148, 42.706364 ], [ -84.518369, 42.70639 ], [ -84.518304, 42.704631 ], [ -84.520861, 42.704616 ], [ -84.52076, 42.706374 ], [ -84.523307, 42.70638 ], [ -84.523322, 42.704619 ], [ -84.528168, 42.704643 ], [ -84.526558, 42.703536 ], [ -84.525994, 42.697389 ], [ -84.52849, 42.697401 ], [ -84.528256, 42.693555 ], [ -84.529294, 42.690124 ], [ -84.533687, 42.69015 ], [ -84.537323, 42.701559 ], [ -84.533112, 42.701567 ], [ -84.532242, 42.704746 ], [ -84.530453, 42.711922 ], [ -84.531458, 42.715711 ], [ -84.535273, 42.717208 ], [ -84.535306, 42.715657 ], [ -84.538097, 42.715676 ], [ -84.538113, 42.718052 ], [ -84.538114, 42.718247 ] ] ] } },
{ "type": "Feature", "properties": { "geoid": "26049003100", "county_name": "Genesee County", "place_name": "Detroit", "state_name": "Michigan", "state_abbr": "MI", "is_rural": false, "dci_score": 93.9, "dci_quintile": 1.0, "is_cra_lmi": true, "income_level": "M", "is_persistent_poverty": false, "is_tribal_overlap": false, "tribal_area_name": null, "aian_pct": 0.0, "has_nmtc": false, "nmtc_projects": 0, "nmtc_total_usd": 0.0 }, "geometry": { "type": "Polygon", "coordinates": [ [ [ -83.655081, 43.025535 ], [ -83.635078, 43.026004 ], [ -83.634839, 43.018733 ], [ -83.634723, 43.013806 ], [ -83.634657, 43.011535 ], [ -83.63464, 43.010105 ], [ -83.634498, 43.004168 ], [ -83.644076, 43.003909 ], [ -83.644104, 43.003908 ], [ -83.654021, 43.003751 ], [ -83.654304, 43.01197 ], [ -83.654649, 43.018432 ], [ -83.655081, 43.025535 ] ] ] } },
{ "type": "Feature", "properties": { "geoid": "26155030800", "county_name": "Shiawassee County", "place_name": "Detroit", "state_name": "Michigan", "state_abbr": "MI", "is_rural": true, "dci_score": 70.1, "dci_quintile": 3.0, "is_cra_lmi": true, "income_level": "M", "is_persistent_poverty": false, "is_tribal_overlap": false, "tribal_area_name": null, "aian_pct": 0.0, "has_nmtc": false, "nmtc_projects": 0, "nmtc_total_usd": 0.0 }, "geometry": { "type": "Polygon", "coordinates": [ [ [ -84.18175, 42.993881 ], [ -84.170746, 42.992575 ], [ -84.170715, 42.994066 ], [ -84.170696, 42.994843 ], [ -84.164561, 42.994507 ], [ -84.162008, 42.993723 ], [ -84.159741, 42.991855 ], [ -84.157685, 42.993203 ], [ -84.156618, 42.994459 ], [ -84.156096, 42.994879 ], [ -84.15447, 42.996013 ], [ -84.152905, 42.994518 ], [ -84.152985, 42.986024 ], [ -84.153014, 42.983117 ], [ -84.157965, 42.983066 ], [ -84.162247, 42.983078 ], [ -84.167237, 42.983087 ], [ -84.17461, 42.983144 ], [ -84.174955, 42.981454 ], [ -84.176498, 42.9812 ], [ -84.176959, 42.981032 ], [ -84.177442, 42.980628 ], [ -84.177641, 42.980252 ], [ -84.177607, 42.979472 ], [ -84.177757, 42.979021 ], [ -84.178068, 42.97981 ], [ -84.179173, 42.980334 ], [ -84.177487, 42.98197 ], [ -84.177375, 42.982128 ], [ -84.177101, 42.982664 ], [ -84.177065, 42.982743 ], [ -84.177023, 42.982899 ], [ -84.176967, 42.983166 ], [ -84.181842, 42.98323 ], [ -84.18175, 42.993881 ] ] ] } },
{ "type": "Feature", "properties": { "geoid": "26161411900", "county_name": "Washtenaw County", "place_name": "Muskegon", "state_name": "Michigan", "state_abbr": "MI", "is_rural": false, "dci_score": 62.7, "dci_quintile": 4.0, "is_cra_lmi": true, "income_level": "M", "is_persistent_poverty": false, "is_tribal_overlap": false, "tribal_area_name": null, "aian_pct": 0.0, "has_nmtc": false, "nmtc_projects": 0, "nmtc_total_usd": 0.0 }, "geometry": { "type": "Polygon", "coordinates": [ [ [ -83.597929, 42.251566 ], [ -83.597301, 42.253553 ], [ -83.595267, 42.253514 ], [ -83.591354, 42.253624 ], [ -83.583236, 42.253716 ], [ -83.582004, 42.253732 ], [ -83.553906, 42.254248 ], [ -83.550449, 42.254015 ], [ -83.544046, 42.256132 ], [ -83.544295, 42.251534 ], [ -83.577122, 42.245945 ], [ -83.580291, 42.245173 ], [ -83.58297, 42.244378 ], [ -83.593035, 42.241942 ], [ -83.597429, 42.24188 ], [ -83.597363, 42.242212 ], [ -83.597646, 42.243388 ], [ -83.597799, 42.246148 ], [ -83.596565, 42.246168 ], [ -83.596672, 42.249826 ], [ -83.597915, 42.249819 ], [ -83.597929, 42.251566 ] ] ] } },
{ "type": "Feature", "properties": { "geoid": "26125171400", "county_name": "Oakland County", "place_name": null, "state_name": "Michigan", "state_abbr": "MI", "is_rural": false, "dci_score": 45.9, "dci_quintile": 5.0, "is_cra_lmi": true, "income_level": "M", "is_persistent_poverty": false, "is_tribal_overlap": false, "tribal_area_name": null, "aian_pct": 0.0, "has_nmtc": false, "nmtc_projects": 0, "nmtc_total_usd": 0.0 }, "geometry": { "type": "Polygon", "coordinates": [ [ [ -83.201628, 42.473849 ], [ -83.19711, 42.473929 ], [ -83.194767, 42.473966 ], [ -83.192404, 42.474013 ], [ -83.182567, 42.474217 ], [ -83.182246, 42.465807 ], [ -83.181987, 42.45979 ], [ -83.191716, 42.45959 ], [ -83.195901, 42.459482 ], [ -83.196412, 42.459469 ], [ -83.201, 42.459318 ], [ -83.201294, 42.463721 ], [ -83.201414, 42.466585 ], [ -83.201863, 42.473846 ], [ -83.201628, 42.473849 ] ] ] } },
{ "type": "Feature", "properties": { "geoid": "26125142200", "county_name": "Oakland County", "place_name": "East Lansing", "state_name": "Michigan", "state_abbr": "MI", "is_rural": false, "dci_score": 89.7, "dci_quintile": 2.0, "is_cra_lmi": true, "income_level": "L", "is_persistent_poverty": false, "is_tribal_overlap": false, "tribal_area_name": null, "aian_pct": 0.0, "has_nmtc": false, "nmtc_projects": 0, "nmtc_total_usd": 0.0 }, "geometry": { "type": "Polygon", "coordinates": [ [ [ -83.296799, 42.638024 ], [ -83.291322, 42.639062 ], [ -83.28262, 42.640575 ], [ -83.282081, 42.640757 ], [ -83.280285, 42.642172 ], [ -83.278354, 42.642974 ], [ -83.269374, 42.644275 ], [ -83.269145, 42.640977 ], [ -83.268852, 42.634748 ], [ -83.282291, 42.634382 ], [ -83.288572, 42.634201 ], [ -83.294005, 42.634582 ], [ -83.296203, 42.637504 ], [ -83.296799, 42.638024 ] ] ] } },
{ "type": "Feature", "properties": { "geoid": "26163571900", "county_name": "Wayne County", "place_name": "Lansing", "state_name": "Michigan", "state_abbr": "MI", "is_rural": false, "dci_score": 65.9, "dci_quintile": 4.0, "is_cra_lmi": false, "income_level": "U", "is_persistent_poverty": false, "is_tribal_overlap": false, "tribal_area_name": null, "aian_pct": 0.0, "has_nmtc": false, "nmtc_projects": 0, "nmtc_total_usd": 0.0 }, "geometry": { "type": "Polygon", "coordinates": [ [ [ -83.312825, 42.35518 ], [ -83.303894, 42.355842 ], [ -83.301843, 42.355959 ], [ -83.29427, 42.356377 ], [ -83.293572, 42.35127 ], [ -83.292776, 42.341028 ], [ -83.302547, 42.340832 ], [ -83.302963, 42.340824 ], [ -83.31218, 42.340636 ], [ -83.312283, 42.343065 ], [ -83.312563, 42.34941 ], [ -83.312632, 42.351003 ], [ -83.312825, 42.35518 ] ] ] } },
{ "type": "Feature", "properties": { "geoid": "26163506300", "county_name": "Wayne County", "place_name": null, "state_name": "Michigan", "state_abbr": "MI", "is_rural": false, "dci_score": 98.3, "dci_quintile": 1.0, "is_cra_lmi": true, "income_level": "M", "is_persistent_poverty": false, "is_tribal_overlap": false, "tribal_area_name": null, "aian_pct": 0.0, "has_nmtc": false, "nmtc_projects": 0, "nmtc_total_usd": 0.0 }, "geometry": { "type": "Polygon", "coordinates": [ [ [ -83.038948, 42.433682 ], [ -83.024257, 42.43397 ], [ -83.023984, 42.426735 ], [ -83.023886, 42.424056 ], [ -83.023713, 42.419506 ], [ -83.038339, 42.419169 ], [ -83.038639, 42.426403 ], [ -83.038948, 42.433682 ] ] ] } },
{ "type": "Feature", "properties": { "geoid": "26163537600", "county_name": "Wayne County", "place_name": null, "state_name": "Michigan", "state_abbr": "MI", "is_rural": false, "dci_score": 92.6, "dci_quintile": 1.0, "is_cra_lmi": true, "income_level": "L", "is_persistent_poverty": false, "is_tribal_overlap": false, "tribal_area_name": null, "aian_pct": 0.0, "has_nmtc": false, "nmtc_projects": 0, "nmtc_total_usd": 0.0 }, "geometry": { "type": "Polygon", "coordinates": [ [ [ -83.199316, 42.415983 ], [ -83.194447, 42.416214 ], [ -83.189555, 42.416459 ], [ -83.185175, 42.416525 ], [ -83.184846, 42.409195 ], [ -83.189233, 42.409055 ], [ -83.194184, 42.408897 ], [ -83.199017, 42.408753 ], [ -83.199316, 42.415983 ] ] ] } },
{ "type": "Feature", "properties": { "geoid": "26163500600", "county_name": "Wayne County", "place_name": null, "state_name": "Michigan", "state_abbr": "MI", "is_rural": false, "dci_score": 98.9, "dci_quintile": 1.0, "is_cra_lmi": true, "income_level": "M", "is_persistent_poverty": false, "is_tribal_overlap": false, "tribal_area_name": null, "aian_pct": 0.0, "has_nmtc": false, "nmtc_projects": 0, "nmtc_total_usd": 0.0 }, "geometry": { "type": "Polygon", "coordinates": [ [ [ -82.97528, 42.435133 ], [ -82.965472, 42.435423 ], [ -82.962031, 42.435521 ], [ -82.955776, 42.43558 ], [ -82.955372, 42.435468 ], [ -82.95368, 42.434779 ], [ -82.953192, 42.434404 ], [ -82.957252, 42.429101 ], [ -82.958859, 42.426931 ], [ -82.960423, 42.427233 ], [ -82.965268, 42.427181 ], [ -82.967719, 42.427154 ], [ -82.975075, 42.427041 ], [ -82.975107, 42.427884 ], [ -82.97528, 42.435133 ] ] ] } },
{ "type": "Feature", "properties": { "geoid": "26163545600", "county_name": "Wayne County", "place_name": null, "state_name": "Michigan", "state_abbr": "MI", "is_rural": false, "dci_score": 97.3, "dci_quintile": 1.0, "is_cra_lmi": true, "income_level": "M", "is_persistent_poverty": false, "is_tribal_overlap": false, "tribal_area_name": null, "aian_pct": 0.0, "has_nmtc": false, "nmtc_projects": 0, "nmtc_total_usd": 0.0 }, "geometry": { "type": "Polygon", "coordinates": [ [ [ -83.216045, 42.34337 ], [ -83.209795, 42.343473 ], [ -83.209241, 42.343482 ], [ -83.203642, 42.34357 ], [ -83.202402, 42.343586 ], [ -83.196288, 42.343665 ], [ -83.195983, 42.33824 ], [ -83.19591, 42.336439 ], [ -83.196135, 42.336435 ], [ -83.20211, 42.336353 ], [ -83.209507, 42.336268 ], [ -83.213658, 42.335784 ], [ -83.215415, 42.336135 ], [ -83.215937, 42.336128 ], [ -83.216231, 42.343366 ], [ -83.216045, 42.34337 ] ] ] } },
{ "type": "Feature", "properties": { "geoid": "26163544000", "county_name": "Wayne County", "place_name": null, "state_name": "Michigan", "state_abbr": "MI", "is_rural": false, "dci_score": 93.0, "dci_quintile": 1.0, "is_cra_lmi": true, "income_level": "M", "is_persistent_poverty": false, "is_tribal_overlap": false, "tribal_area_name": null, "aian_pct": 0.0, "has_nmtc": false, "nmtc_projects": 0, "nmtc_total_usd": 0.0 }, "geometry": { "type": "Polygon", "coordinates": [ [ [ -83.275208, 42.385468 ], [ -83.265226, 42.385792 ], [ -83.261314, 42.385788 ], [ -83.258782, 42.38569 ], [ -83.256192, 42.385616 ], [ -83.256142, 42.38381 ], [ -83.258386, 42.383546 ], [ -83.260626, 42.383276 ], [ -83.261105, 42.378875 ], [ -83.265965, 42.378755 ], [ -83.266667, 42.378793 ], [ -83.266663, 42.378604 ], [ -83.274999, 42.378433 ], [ -83.274988, 42.378607 ], [ -83.275208, 42.385468 ] ] ] } },
{ "type": "Feature", "properties": { "geoid": "26163566900", "county_name": "Wayne County", "place_name": null, "state_name": "Michigan", "state_abbr": "MI", "is_rural": false, "dci_score": 69.7, "dci_quintile": 3.0, "is_cra_lmi": true, "income_level": "M", "is_persistent_poverty": false, "is_tribal_overlap": false, "tribal_area_name": null, "aian_pct": 0.0, "has_nmtc": false, "nmtc_projects": 0, "nmtc_total_usd": 0.0 }, "geometry": { "type": "Polygon", "coordinates": [ [ [ -83.363194, 42.281928 ], [ -83.354754, 42.283378 ], [ -83.348659, 42.284375 ], [ -83.348199, 42.274689 ], [ -83.348095, 42.267463 ], [ -83.352877, 42.267367 ], [ -83.36257, 42.267132 ], [ -83.362918, 42.274348 ], [ -83.363194, 42.281928 ] ] ] } },
{ "type": "Feature", "properties": { "geoid": "26035000900", "county_name": "Clare County", "place_name": null, "state_name": "Michigan", "state_abbr": "MI", "is_rural": true, "dci_score": 73.4, "dci_quintile": 3.0, "is_cra_lmi": true, "income_level": "M", "is_persistent_poverty": false, "is_tribal_overlap": false, "tribal_area_name": null, "aian_pct": 0.0, "has_nmtc": false, "nmtc_projects": 0, "nmtc_total_usd": 0.0 }, "geometry": { "type": "Polygon", "coordinates": [ [ [ -84.808313, 44.056091 ], [ -84.808104, 44.057157 ], [ -84.807525, 44.05851 ], [ -84.805871, 44.060495 ], [ -84.790649, 44.07237 ], [ -84.789955, 44.073108 ], [ -84.791792, 44.0744 ], [ -84.787066, 44.074249 ], [ -84.747104, 44.074717 ], [ -84.728337, 44.075542 ], [ -84.708229, 44.075661 ], [ -84.706399, 44.032024 ], [ -84.728029, 44.031965 ], [ -84.778876, 44.031614 ], [ -84.788099, 44.031591 ], [ -84.799584, 44.031548 ], [ -84.800405, 44.031774 ], [ -84.801396, 44.03254 ], [ -84.802222, 44.032483 ], [ -84.80465, 44.031662 ], [ -84.805376, 44.031511 ], [ -84.807492, 44.031488 ], [ -84.808142, 44.033151 ], [ -84.808256, 44.04599 ], [ -84.808313, 44.056091 ] ] ] } },
{ "type": "Feature", "properties": { "geoid": "26163568800", "county_name": "Wayne County", "place_name": "Wixom", "state_name": "Michigan", "state_abbr": "MI", "is_rural": false, "dci_score": 73.3, "dci_quintile": 3.0, "is_cra_lmi": false, "income_level": "U", "is_persistent_poverty": false, "is_tribal_overlap": false, "tribal_area_name": null, "aian_pct": 0.0, "has_nmtc": false, "nmtc_projects": 0, "nmtc_total_usd": 0.0 }, "geometry": { "type": "Polygon", "coordinates": [ [ [ -83.400365, 42.338016 ], [ -83.400238, 42.338564 ], [ -83.399808, 42.338623 ], [ -83.389766, 42.338832 ], [ -83.384972, 42.338933 ], [ -83.384873, 42.33571 ], [ -83.386538, 42.331684 ], [ -83.389354, 42.331621 ], [ -83.394535, 42.331484 ], [ -83.399705, 42.331211 ], [ -83.400207, 42.332435 ], [ -83.400345, 42.335803 ], [ -83.400365, 42.338016 ] ] ] } },
{ "type": "Feature", "properties": { "geoid": "26149040600", "county_name": "St. Joseph County", "place_name": null, "state_name": "Michigan", "state_abbr": "MI", "is_rural": true, "dci_score": 64.5, "dci_quintile": 4.0, "is_cra_lmi": true, "income_level": "M", "is_persistent_poverty": false, "is_tribal_overlap": false, "tribal_area_name": null, "aian_pct": 0.0, "has_nmtc": true, "nmtc_projects": 1, "nmtc_total_usd": 16600000.0 }, "geometry": { "type": "Polygon", "coordinates": [ [ [ -85.447634, 41.796001 ], [ -85.442944, 41.796395 ], [ -85.436291, 41.797167 ], [ -85.433425, 41.797516 ], [ -85.43325, 41.797535 ], [ -85.432192, 41.79765 ], [ -85.43133, 41.797755 ], [ -85.428413, 41.798115 ], [ -85.416224, 41.79962 ], [ -85.415746, 41.797697 ], [ -85.415686, 41.79517 ], [ -85.415677, 41.793383 ], [ -85.418625, 41.793394 ], [ -85.418547, 41.788683 ], [ -85.416128, 41.788686 ], [ -85.416164, 41.787265 ], [ -85.416124, 41.785124 ], [ -85.416105, 41.784088 ], [ -85.416091, 41.781432 ], [ -85.418523, 41.78141 ], [ -85.418504, 41.774089 ], [ -85.418495, 41.768826 ], [ -85.418481, 41.766867 ], [ -85.420905, 41.766838 ], [ -85.421102, 41.766836 ], [ -85.423348, 41.766815 ], [ -85.428159, 41.766772 ], [ -85.428179, 41.774022 ], [ -85.42818, 41.774106 ], [ -85.428167, 41.777801 ], [ -85.428175, 41.778948 ], [ -85.428197, 41.781339 ], [ -85.447535, 41.781188 ], [ -85.447634, 41.796001 ] ] ] } },
{ "type": "Feature", "properties": { "geoid": "26003000300", "county_name": "Alger County", "place_name": null, "state_name": "Michigan", "state_abbr": "MI", "is_rural": true, "dci_score": 63.6, "dci_quintile": 4.0, "is_cra_lmi": false, "income_level": "U", "is_persistent_poverty": false, "is_tribal_overlap": false, "tribal_area_name": null, "aian_pct": 0.0, "has_nmtc": false, "nmtc_projects": 0, "nmtc_total_usd": 0.0 }, "geometry": { "type": "Polygon", "coordinates": [ [ [ -87.116245, 46.245857 ], [ -87.116125, 46.289525 ], [ -87.116248, 46.347553 ], [ -87.039265, 46.347617 ], [ -87.037979, 46.347756 ], [ -86.9956, 46.354628 ], [ -86.993744, 46.354731 ], [ -86.970777, 46.354829 ], [ -86.970609, 46.333069 ], [ -86.944176, 46.333121 ], [ -86.918344, 46.333041 ], [ -86.887012, 46.332932 ], [ -86.866289, 46.332846 ], [ -86.866291, 46.332134 ], [ -86.864191, 46.331914 ], [ -86.854486, 46.332256 ], [ -86.846571, 46.332542 ], [ -86.842301, 46.332348 ], [ -86.839722, 46.332523 ], [ -86.832973, 46.333779 ], [ -86.829696, 46.333552 ], [ -86.82607, 46.332866 ], [ -86.7832, 46.332831 ], [ -86.763899, 46.332838 ], [ -86.745942, 46.333004 ], [ -86.740397, 46.334141 ], [ -86.736653, 46.335999 ], [ -86.733606, 46.338908 ], [ -86.722741, 46.35368 ], [ -86.719645, 46.357166 ], [ -86.698585, 46.378162 ], [ -86.695209, 46.380624 ], [ -86.691724, 46.382001 ], [ -86.68525, 46.38303 ], [ -86.678788, 46.383337 ], [ -86.670731, 46.38507 ], [ -86.649909, 46.388613 ], [ -86.648405, 46.390451 ], [ -86.648381, 46.393267 ], [ -86.647163, 46.390674 ], [ -86.645736, 46.388971 ], [ -86.641986, 46.386434 ], [ -86.638594, 46.385024 ], [ -86.63605, 46.384463 ], [ -86.607504, 46.380193 ], [ -86.59878, 46.377878 ], [ -86.594103, 46.376891 ], [ -86.591968, 46.376673 ], [ -86.554662, 46.375734 ], [ -86.552824, 46.37539 ], [ -86.550268, 46.374543 ], [ -86.500039, 46.350429 ], [ -86.494522, 46.348763 ], [ -86.491682, 46.348333 ], [ -86.485868, 46.348118 ], [ -86.470001, 46.347997 ], [ -86.469876, 46.338427 ], [ -86.469269, 46.336484 ], [ -86.467766, 46.334215 ], [ -86.465847, 46.332522 ], [ -86.615397, 46.333263 ], [ -86.61527, 46.245785 ], [ -86.615601, 46.158691 ], [ -86.635407, 46.158618 ], [ -86.678179, 46.158562 ], [ -86.740594, 46.158723 ], [ -86.782267, 46.158802 ], [ -86.837152, 46.158592 ], [ -86.943923, 46.158911 ], [ -86.947432, 46.158814 ], [ -86.949936, 46.158881 ], [ -86.980147, 46.158994 ], [ -86.990797, 46.158879 ], [ -87.116138, 46.15905 ], [ -87.116466, 46.228481 ], [ -87.116245, 46.245857 ] ] ] } },
{ "type": "Feature", "properties": { "geoid": "26163573501", "county_name": "Wayne County", "place_name": null, "state_name": "Michigan", "state_abbr": "MI", "is_rural": false, "dci_score": 88.0, "dci_quintile": 2.0, "is_cra_lmi": true, "income_level": "M", "is_persistent_poverty": false, "is_tribal_overlap": false, "tribal_area_name": null, "aian_pct": 0.0, "has_nmtc": false, "nmtc_projects": 0, "nmtc_total_usd": 0.0 }, "geometry": { "type": "Polygon", "coordinates": [ [ [ -83.166456, 42.329686 ], [ -83.156737, 42.329925 ], [ -83.15668, 42.328731 ], [ -83.156551, 42.32724 ], [ -83.156513, 42.324535 ], [ -83.158324, 42.319003 ], [ -83.157667, 42.318075 ], [ -83.157521, 42.317859 ], [ -83.153074, 42.311769 ], [ -83.147191, 42.314134 ], [ -83.144632, 42.315068 ], [ -83.140838, 42.310881 ], [ -83.14078, 42.311008 ], [ -83.139717, 42.308662 ], [ -83.142438, 42.305252 ], [ -83.140403, 42.299054 ], [ -83.1407, 42.297036 ], [ -83.142641, 42.294415 ], [ -83.144473, 42.293584 ], [ -83.147468, 42.292539 ], [ -83.148823, 42.293202 ], [ -83.149763, 42.295566 ], [ -83.151079, 42.296233 ], [ -83.149225, 42.29871 ], [ -83.162632, 42.317166 ], [ -83.162683, 42.317236 ], [ -83.166171, 42.32245 ], [ -83.166255, 42.324981 ], [ -83.166456, 42.329686 ] ] ] } },
{ "type": "Feature", "properties": { "geoid": "26163540800", "county_name": "Wayne County", "place_name": null, "state_name": "Michigan", "state_abbr": "MI", "is_rural": false, "dci_score": 95.6, "dci_quintile": 1.0, "is_cra_lmi": true, "income_level": "M", "is_persistent_poverty": false, "is_tribal_overlap": false, "tribal_area_name": null, "aian_pct": 0.0, "has_nmtc": false, "nmtc_projects": 0, "nmtc_total_usd": 0.0 }, "geometry": { "type": "Polygon", "coordinates": [ [ [ -83.239423, 42.443918 ], [ -83.226042, 42.44421 ], [ -83.225608, 42.444219 ], [ -83.219806, 42.444346 ], [ -83.219631, 42.444349 ], [ -83.21954, 42.437237 ], [ -83.225717, 42.43711 ], [ -83.228125, 42.437112 ], [ -83.239136, 42.436772 ], [ -83.23928, 42.440332 ], [ -83.239423, 42.443918 ] ] ] } },
{ "type": "Feature", "properties": { "geoid": "26163583001", "county_name": "Wayne County", "place_name": null, "state_name": "Michigan", "state_abbr": "MI", "is_rural": false, "dci_score": 81.1, "dci_quintile": 2.0, "is_cra_lmi": false, "income_level": "U", "is_persistent_poverty": false, "is_tribal_overlap": false, "tribal_area_name": null, "aian_pct": 0.0, "has_nmtc": false, "nmtc_projects": 0, "nmtc_total_usd": 0.0 }, "geometry": { "type": "Polygon", "coordinates": [ [ [ -83.270134, 42.269141 ], [ -83.250606, 42.269487 ], [ -83.240797, 42.269672 ], [ -83.231911, 42.269879 ], [ -83.23168, 42.266101 ], [ -83.253019, 42.265387 ], [ -83.260441, 42.264224 ], [ -83.260382, 42.26299 ], [ -83.255937, 42.263012 ], [ -83.255729, 42.257893 ], [ -83.260238, 42.25679 ], [ -83.269974, 42.254383 ], [ -83.270384, 42.264621 ], [ -83.270134, 42.269141 ] ] ] } },
{ "type": "Feature", "properties": { "geoid": "26163524600", "county_name": "Wayne County", "place_name": null, "state_name": "Michigan", "state_abbr": "MI", "is_rural": false, "dci_score": 96.9, "dci_quintile": 1.0, "is_cra_lmi": true, "income_level": "L", "is_persistent_poverty": false, "is_tribal_overlap": false, "tribal_area_name": null, "aian_pct": 0.0, "has_nmtc": true, "nmtc_projects": 1, "nmtc_total_usd": 0.0 }, "geometry": { "type": "Polygon", "coordinates": [ [ [ -83.142629, 42.291215 ], [ -83.130908, 42.295724 ], [ -83.124815, 42.298023 ], [ -83.121279, 42.30065 ], [ -83.113988, 42.303705 ], [ -83.109165, 42.305626 ], [ -83.105763, 42.307 ], [ -83.104295, 42.307768 ], [ -83.100759, 42.309717 ], [ -83.097156, 42.311316 ], [ -83.091092, 42.313672 ], [ -83.085162, 42.316094 ], [ -83.084469, 42.316559 ], [ -83.082851, 42.314641 ], [ -83.081432, 42.312658 ], [ -83.082589, 42.310751 ], [ -83.085624, 42.308777 ], [ -83.091737, 42.303729 ], [ -83.097784, 42.301244 ], [ -83.101334, 42.297668 ], [ -83.113451, 42.292343 ], [ -83.111144, 42.289474 ], [ -83.114705, 42.290177 ], [ -83.116624, 42.290186 ], [ -83.119326, 42.289057 ], [ -83.119954, 42.287554 ], [ -83.118937, 42.282975 ], [ -83.117839, 42.281163 ], [ -83.118373, 42.279187 ], [ -83.121971, 42.279435 ], [ -83.12879, 42.280791 ], [ -83.13157, 42.281408 ], [ -83.135744, 42.282589 ], [ -83.13753, 42.282791 ], [ -83.137146, 42.28326 ], [ -83.139434, 42.2868 ], [ -83.142629, 42.291215 ] ] ] } },
{ "type": "Feature", "properties": { "geoid": "26115831700", "county_name": "Monroe County", "place_name": "Detroit", "state_name": "Michigan", "state_abbr": "MI", "is_rural": true, "dci_score": 64.0, "dci_quintile": 4.0, "is_cra_lmi": false, "income_level": "U", "is_persistent_poverty": false, "is_tribal_overlap": false, "tribal_area_name": null, "aian_pct": 0.0, "has_nmtc": false, "nmtc_projects": 0, "nmtc_total_usd": 0.0 }, "geometry": { "type": "Polygon", "coordinates": [ [ [ -83.386536, 41.92149 ], [ -83.385037, 41.924192 ], [ -83.377583, 41.937704 ], [ -83.377805, 41.938621 ], [ -83.376551, 41.938955 ], [ -83.374121, 41.939524 ], [ -83.373712, 41.939544 ], [ -83.371893, 41.939492 ], [ -83.367863, 41.946758 ], [ -83.367263, 41.945711 ], [ -83.363202, 41.944571 ], [ -83.359127, 41.942597 ], [ -83.35837, 41.941461 ], [ -83.356306, 41.941457 ], [ -83.353427, 41.940355 ], [ -83.353186, 41.938255 ], [ -83.353784, 41.937745 ], [ -83.352515, 41.936525 ], [ -83.34934, 41.935964 ], [ -83.346671, 41.934526 ], [ -83.343475, 41.934081 ], [ -83.340581, 41.93207 ], [ -83.340099, 41.930121 ], [ -83.337794, 41.926642 ], [ -83.336422, 41.925937 ], [ -83.329384, 41.925087 ], [ -83.327057, 41.923484 ], [ -83.326725628096895, 41.9239706034829 ], [ -83.32713, 41.922391 ], [ -83.325544, 41.92058 ], [ -83.327326, 41.916166 ], [ -83.331562, 41.91408 ], [ -83.333642, 41.907261 ], [ -83.333732748855795, 41.906574611500503 ], [ -83.335658472989095, 41.8920091948129 ], [ -83.347499, 41.895506 ], [ -83.354575, 41.900637 ], [ -83.363015, 41.900949 ], [ -83.370584, 41.903851 ], [ -83.375445, 41.906793 ], [ -83.375847, 41.908439 ], [ -83.380085, 41.912598 ], [ -83.381249, 41.913119 ], [ -83.383379, 41.913629 ], [ -83.382857, 41.914226 ], [ -83.385396, 41.91498 ], [ -83.389451, 41.916204 ], [ -83.386536, 41.92149 ] ] ] } },
{ "type": "Feature", "properties": { "geoid": "26021020500", "county_name": "Berrien County", "place_name": null, "state_name": "Michigan", "state_abbr": "MI", "is_rural": false, "dci_score": 45.8, "dci_quintile": 5.0, "is_cra_lmi": true, "income_level": "M", "is_persistent_poverty": false, "is_tribal_overlap": false, "tribal_area_name": null, "aian_pct": 0.0, "has_nmtc": false, "nmtc_projects": 0, "nmtc_total_usd": 0.0 }, "geometry": { "type": "Polygon", "coordinates": [ [ [ -86.267939, 41.841669 ], [ -86.26661, 41.845201 ], [ -86.264572, 41.843697 ], [ -86.263153, 41.843786 ], [ -86.262755, 41.845022 ], [ -86.261294, 41.845461 ], [ -86.259675, 41.843947 ], [ -86.258009, 41.843979 ], [ -86.256929, 41.845176 ], [ -86.256918, 41.847442 ], [ -86.256182, 41.849063 ], [ -86.257765, 41.850851 ], [ -86.256023, 41.851558 ], [ -86.253824, 41.850903 ], [ -86.252795, 41.852029 ], [ -86.250571, 41.852455 ], [ -86.249912, 41.854219 ], [ -86.251785, 41.855662 ], [ -86.250017, 41.856529 ], [ -86.250592, 41.858668 ], [ -86.247954, 41.857867 ], [ -86.245964, 41.859105 ], [ -86.243951, 41.861197 ], [ -86.243816, 41.863584 ], [ -86.242033, 41.864473 ], [ -86.24211, 41.865335 ], [ -86.240077, 41.865591 ], [ -86.236286, 41.870292 ], [ -86.22386, 41.870193 ], [ -86.224043, 41.862602 ], [ -86.230963, 41.855586 ], [ -86.244103, 41.842053 ], [ -86.24489, 41.841392 ], [ -86.245753, 41.839996 ], [ -86.248125, 41.838432 ], [ -86.248921, 41.837656 ], [ -86.249132, 41.827955 ], [ -86.257507, 41.827816 ], [ -86.258133, 41.827608 ], [ -86.26041, 41.829716 ], [ -86.261133, 41.830969 ], [ -86.261039, 41.832499 ], [ -86.260014, 41.835324 ], [ -86.260236, 41.836685 ], [ -86.261922, 41.837697 ], [ -86.266679, 41.838608 ], [ -86.267939, 41.841669 ] ] ] } },
{ "type": "Feature", "properties": { "geoid": "26021000300", "county_name": "Berrien County", "place_name": "Detroit", "state_name": "Michigan", "state_abbr": "MI", "is_rural": true, "dci_score": 94.5, "dci_quintile": 1.0, "is_cra_lmi": true, "income_level": "L", "is_persistent_poverty": false, "is_tribal_overlap": false, "tribal_area_name": null, "aian_pct": 0.0, "has_nmtc": false, "nmtc_projects": 0, "nmtc_total_usd": 0.0 }, "geometry": { "type": "Polygon", "coordinates": [ [ [ -86.452965, 42.119989 ], [ -86.448069, 42.124434 ], [ -86.448176, 42.125082 ], [ -86.447749, 42.125151 ], [ -86.447673, 42.125154 ], [ -86.445455, 42.125189 ], [ -86.445624, 42.127075 ], [ -86.443769, 42.126229 ], [ -86.442553, 42.128303 ], [ -86.442346, 42.131058 ], [ -86.43919, 42.133467 ], [ -86.437351, 42.134943 ], [ -86.435554, 42.133816 ], [ -86.436275, 42.136599 ], [ -86.432231, 42.134671 ], [ -86.431731, 42.134675 ], [ -86.431053, 42.134301 ], [ -86.430096, 42.13424 ], [ -86.428881, 42.13379 ], [ -86.42838, 42.133537 ], [ -86.428148, 42.133076 ], [ -86.427812, 42.132745 ], [ -86.42718, 42.132123 ], [ -86.421973, 42.131272 ], [ -86.417491, 42.13148 ], [ -86.417505, 42.129564 ], [ -86.417272, 42.129074 ], [ -86.413611, 42.129396 ], [ -86.414492, 42.128523 ], [ -86.416528, 42.126736 ], [ -86.417345, 42.126337 ], [ -86.417515, 42.126261 ], [ -86.421409, 42.124333 ], [ -86.422345, 42.123853 ], [ -86.42391, 42.12276 ], [ -86.424491, 42.122581 ], [ -86.4286, 42.12237 ], [ -86.429882, 42.122287 ], [ -86.431242, 42.12391 ], [ -86.432985, 42.123684 ], [ -86.432807, 42.125068 ], [ -86.437267, 42.12502 ], [ -86.438196, 42.124078 ], [ -86.439243, 42.124725 ], [ -86.441838, 42.12414 ], [ -86.441781, 42.123482 ], [ -86.437043, 42.123468 ], [ -86.43696, 42.117794 ], [ -86.436906, 42.115086 ], [ -86.43691, 42.113711 ], [ -86.436786, 42.106106 ], [ -86.436827, 42.101594 ], [ -86.438795, 42.101569 ], [ -86.443221, 42.1069 ], [ -86.443635, 42.108924 ], [ -86.445742, 42.112613 ], [ -86.448706, 42.116106 ], [ -86.449348, 42.117395 ], [ -86.450128, 42.120065 ], [ -86.452965, 42.119989 ] ] ] } },
{ "type": "Feature", "properties": { "geoid": "26129950901", "county_name": "Ogemaw County", "place_name": null, "state_name": "Michigan", "state_abbr": "MI", "is_rural": true, "dci_score": 67.0, "dci_quintile": 4.0, "is_cra_lmi": true, "income_level": "M", "is_persistent_poverty": false, "is_tribal_overlap": false, "tribal_area_name": null, "aian_pct": 0.0, "has_nmtc": false, "nmtc_projects": 0, "nmtc_total_usd": 0.0 }, "geometry": { "type": "Polygon", "coordinates": [ [ [ -84.075813, 44.200297 ], [ -84.06741, 44.214462 ], [ -84.065609, 44.216003 ], [ -84.065116, 44.219703 ], [ -84.044361, 44.219575 ], [ -84.025112, 44.219587 ], [ -84.005024, 44.219578 ], [ -84.004967, 44.205181 ], [ -84.025276, 44.205142 ], [ -84.025228, 44.19799 ], [ -84.025576, 44.197832 ], [ -84.030025, 44.197725 ], [ -84.030195, 44.194605 ], [ -84.031901, 44.191287 ], [ -84.035069, 44.187878 ], [ -84.035184, 44.183513 ], [ -84.045263, 44.183485 ], [ -84.04522, 44.17857 ], [ -84.060296, 44.178527 ], [ -84.059144, 44.180598 ], [ -84.055594, 44.183274 ], [ -84.065416, 44.183309 ], [ -84.071779, 44.186087 ], [ -84.072916, 44.187595 ], [ -84.075088, 44.193098 ], [ -84.075709, 44.19544 ], [ -84.076058, 44.198923 ], [ -84.075813, 44.200297 ] ] ] } },
{ "type": "Feature", "properties": { "geoid": "26081002600", "county_name": "Kent County", "place_name": null, "state_name": "Michigan", "state_abbr": "MI", "is_rural": false, "dci_score": 71.9, "dci_quintile": 3.0, "is_cra_lmi": true, "income_level": "M", "is_persistent_poverty": false, "is_tribal_overlap": false, "tribal_area_name": null, "aian_pct": 0.0, "has_nmtc": false, "nmtc_projects": 0, "nmtc_total_usd": 0.0 }, "geometry": { "type": "Polygon", "coordinates": [ [ [ -85.716611, 42.942207 ], [ -85.714899, 42.94438 ], [ -85.714524, 42.94479 ], [ -85.713112, 42.945964 ], [ -85.711008, 42.947432 ], [ -85.709917, 42.947776 ], [ -85.697081, 42.949611 ], [ -85.688476, 42.95248 ], [ -85.68645, 42.95356 ], [ -85.684084, 42.954745 ], [ -85.682317, 42.956126 ], [ -85.677501, 42.961718 ], [ -85.676968, 42.961262 ], [ -85.675155, 42.960642 ], [ -85.672084, 42.95933 ], [ -85.671652, 42.956167 ], [ -85.672104, 42.953576 ], [ -85.674735, 42.948818 ], [ -85.6778, 42.941603 ], [ -85.683643, 42.941666 ], [ -85.684781, 42.940799 ], [ -85.684842, 42.941676 ], [ -85.686924, 42.941716 ], [ -85.691838, 42.94182 ], [ -85.691747, 42.939057 ], [ -85.694366, 42.940192 ], [ -85.694837, 42.941851 ], [ -85.695142, 42.941841 ], [ -85.696002, 42.941874 ], [ -85.697484, 42.941894 ], [ -85.701507, 42.941947 ], [ -85.707084, 42.942021 ], [ -85.716141, 42.942175 ], [ -85.716418, 42.942194 ], [ -85.716611, 42.942207 ] ] ] } },
{ "type": "Feature", "properties": { "geoid": "26163533300", "county_name": "Wayne County", "place_name": "Detroit", "state_name": "Michigan", "state_abbr": "MI", "is_rural": false, "dci_score": 93.5, "dci_quintile": 1.0, "is_cra_lmi": false, "income_level": "U", "is_persistent_poverty": false, "is_tribal_overlap": false, "tribal_area_name": null, "aian_pct": 0.0, "has_nmtc": false, "nmtc_projects": 0, "nmtc_total_usd": 0.0 }, "geometry": { "type": "Polygon", "coordinates": [ [ [ -83.110161, 42.365184 ], [ -83.104635, 42.367284 ], [ -83.099947, 42.360302 ], [ -83.102401, 42.359526 ], [ -83.105565, 42.358351 ], [ -83.108843, 42.357133 ], [ -83.113428, 42.363957 ], [ -83.110161, 42.365184 ] ] ] } },
{ "type": "Feature", "properties": { "geoid": "26145001000", "county_name": "Saginaw County", "place_name": "Detroit", "state_name": "Michigan", "state_abbr": "MI", "is_rural": true, "dci_score": 97.1, "dci_quintile": 1.0, "is_cra_lmi": true, "income_level": "M", "is_persistent_poverty": false, "is_tribal_overlap": false, "tribal_area_name": null, "aian_pct": 0.0, "has_nmtc": false, "nmtc_projects": 0, "nmtc_total_usd": 0.0 }, "geometry": { "type": "Polygon", "coordinates": [ [ [ -83.950716, 43.407584 ], [ -83.936953, 43.407634 ], [ -83.93601, 43.407575 ], [ -83.93081, 43.407486 ], [ -83.927485, 43.401811 ], [ -83.9273, 43.401349 ], [ -83.927167, 43.400385 ], [ -83.926841, 43.393238 ], [ -83.928194, 43.393239 ], [ -83.928394, 43.39101 ], [ -83.923903, 43.390972 ], [ -83.923894, 43.386819 ], [ -83.925806, 43.386823 ], [ -83.92883, 43.386804 ], [ -83.933319, 43.389624 ], [ -83.929634, 43.393251 ], [ -83.935875, 43.393261 ], [ -83.939093, 43.393251 ], [ -83.95067, 43.400484 ], [ -83.950716, 43.407584 ] ] ] } },
{ "type": "Feature", "properties": { "geoid": "26147620000", "county_name": "St. Clair County", "place_name": null, "state_name": "Michigan", "state_abbr": "MI", "is_rural": true, "dci_score": 86.7, "dci_quintile": 2.0, "is_cra_lmi": true, "income_level": "M", "is_persistent_poverty": false, "is_tribal_overlap": false, "tribal_area_name": null, "aian_pct": 0.0, "has_nmtc": false, "nmtc_projects": 0, "nmtc_total_usd": 0.0 }, "geometry": { "type": "Polygon", "coordinates": [ [ [ -82.466516, 42.941147 ], [ -82.461292, 42.941212 ], [ -82.461357, 42.942565 ], [ -82.456382, 42.942713 ], [ -82.456421, 42.944329 ], [ -82.461439, 42.944184 ], [ -82.461698, 42.951683 ], [ -82.460413, 42.951708 ], [ -82.456746, 42.951642 ], [ -82.456761, 42.953321 ], [ -82.451796, 42.95359 ], [ -82.452157, 42.961434 ], [ -82.442169, 42.96067 ], [ -82.432803, 42.960098 ], [ -82.432151, 42.960113 ], [ -82.425766, 42.959729 ], [ -82.423527, 42.962208 ], [ -82.421739, 42.964902 ], [ -82.420925, 42.967259 ], [ -82.416461922817305, 42.967479117981703 ], [ -82.416737, 42.966613 ], [ -82.422923, 42.958995 ], [ -82.424034, 42.958552 ], [ -82.428603, 42.952001 ], [ -82.437193861137999, 42.945398099069202 ], [ -82.443144611627702, 42.9408243764451 ], [ -82.447142, 42.937752 ], [ -82.447645429023595, 42.937096497170202 ], [ -82.453697, 42.937085 ], [ -82.461118, 42.936859 ], [ -82.461197, 42.939255 ], [ -82.465094, 42.939276 ], [ -82.466516, 42.941147 ] ] ] } },
{ "type": "Feature", "properties": { "geoid": "26085961100", "county_name": "Lake County", "place_name": "Lincoln Park", "state_name": "Michigan", "state_abbr": "MI", "is_rural": true, "dci_score": 64.3, "dci_quintile": 4.0, "is_cra_lmi": true, "income_level": "M", "is_persistent_poverty": false, "is_tribal_overlap": false, "tribal_area_name": null, "aian_pct": 0.0, "has_nmtc": false, "nmtc_projects": 0, "nmtc_total_usd": 0.0 }, "geometry": { "type": "Polygon", "coordinates": [ [ [ -85.851497, 43.943655 ], [ -85.801609, 43.944269 ], [ -85.801757, 43.915351 ], [ -85.796408, 43.915387 ], [ -85.793626, 43.915719 ], [ -85.722259, 43.915738 ], [ -85.707662, 43.91619 ], [ -85.706858, 43.916384 ], [ -85.701822, 43.916071 ], [ -85.682021, 43.916144 ], [ -85.682013, 43.916089 ], [ -85.679044, 43.915718 ], [ -85.67786, 43.91607 ], [ -85.676121, 43.915371 ], [ -85.673404, 43.915417 ], [ -85.671248, 43.916129 ], [ -85.562328, 43.916366 ], [ -85.562319, 43.901901 ], [ -85.562507, 43.84442 ], [ -85.562433, 43.815483 ], [ -85.681516, 43.81553 ], [ -85.713499, 43.815572 ], [ -85.797777, 43.814246 ], [ -85.799358, 43.814325 ], [ -85.800327, 43.814231 ], [ -85.850195, 43.814099 ], [ -85.850363, 43.822405 ], [ -85.852068, 43.825951 ], [ -85.851977, 43.827097 ], [ -85.850272, 43.833166 ], [ -85.85052, 43.837737 ], [ -85.851126, 43.839647 ], [ -85.850711, 43.843861 ], [ -85.851741, 43.889875 ], [ -85.851522, 43.898963 ], [ -85.850841, 43.900894 ], [ -85.851479, 43.90343 ], [ -85.851494, 43.904727 ], [ -85.851439, 43.908143 ], [ -85.85132, 43.917533 ], [ -85.852083, 43.929653 ], [ -85.851497, 43.943655 ] ] ] } },
{ "type": "Feature", "properties": { "geoid": "26163506800", "county_name": "Wayne County", "place_name": "Detroit", "state_name": "Michigan", "state_abbr": "MI", "is_rural": false, "dci_score": 99.6, "dci_quintile": 1.0, "is_cra_lmi": true, "income_level": "M", "is_persistent_poverty": false, "is_tribal_overlap": false, "tribal_area_name": null, "aian_pct": 0.0, "has_nmtc": false, "nmtc_projects": 0, "nmtc_total_usd": 0.0 }, "geometry": { "type": "Polygon", "coordinates": [ [ [ -83.083393, 42.447153 ], [ -83.081037, 42.447055 ], [ -83.071046, 42.447175 ], [ -83.063877, 42.447258 ], [ -83.061678, 42.447318 ], [ -83.059862, 42.447366 ], [ -83.054057, 42.447507 ], [ -83.053688, 42.440727 ], [ -83.05364, 42.440519 ], [ -83.058167, 42.440436 ], [ -83.061363, 42.440371 ], [ -83.063555, 42.440328 ], [ -83.070639, 42.440207 ], [ -83.078812, 42.440067 ], [ -83.083153, 42.446119 ], [ -83.083393, 42.447153 ] ] ] } },
{ "type": "Feature", "properties": { "geoid": "26071000300", "county_name": "Iron County", "place_name": "Dearborn", "state_name": "Michigan", "state_abbr": "MI", "is_rural": true, "dci_score": 85.4, "dci_quintile": 2.0, "is_cra_lmi": false, "income_level": "U", "is_persistent_poverty": false, "is_tribal_overlap": false, "tribal_area_name": null, "aian_pct": 0.0, "has_nmtc": false, "nmtc_projects": 0, "nmtc_total_usd": 0.0 }, "geometry": { "type": "Polygon", "coordinates": [ [ [ -88.7313, 46.145259 ], [ -88.715696, 46.145221 ], [ -88.704773, 46.143445 ], [ -88.701379, 46.142234 ], [ -88.698975, 46.139578 ], [ -88.698255, 46.142889 ], [ -88.69203, 46.148948 ], [ -88.689773, 46.14748 ], [ -88.687455, 46.145331 ], [ -88.679423, 46.145281 ], [ -88.679552, 46.139512 ], [ -88.678818, 46.137355 ], [ -88.675568, 46.134571 ], [ -88.668255, 46.131345 ], [ -88.666035, 46.130852 ], [ -88.6378, 46.13076 ], [ -88.637692, 46.119925 ], [ -88.637681, 46.11905 ], [ -88.637539, 46.11858 ], [ -88.637036, 46.118189 ], [ -88.635049, 46.117365 ], [ -88.633668, 46.116657 ], [ -88.633195, 46.116229 ], [ -88.627408, 46.116412 ], [ -88.627142, 46.124153 ], [ -88.62459, 46.126558 ], [ -88.623933, 46.126947 ], [ -88.616804, 46.127412 ], [ -88.616146, 46.129152 ], [ -88.613163, 46.132334 ], [ -88.606519, 46.132281 ], [ -88.604871, 46.130556 ], [ -88.600526, 46.128453 ], [ -88.59595, 46.127032 ], [ -88.595859, 46.123242 ], [ -88.600638, 46.116282 ], [ -88.60732, 46.109148 ], [ -88.613623, 46.10567 ], [ -88.58561, 46.10586 ], [ -88.585802, 46.095679 ], [ -88.589934, 46.093824 ], [ -88.593449, 46.088817 ], [ -88.596273, 46.087273 ], [ -88.596619, 46.08724 ], [ -88.601206, 46.087221 ], [ -88.617024, 46.087204 ], [ -88.627284, 46.086796 ], [ -88.633489, 46.086762 ], [ -88.633467, 46.08584 ], [ -88.634806, 46.085832 ], [ -88.634339, 46.080913 ], [ -88.632496, 46.08092 ], [ -88.632385, 46.072735 ], [ -88.636633, 46.073683 ], [ -88.638685, 46.072853 ], [ -88.642822, 46.072688 ], [ -88.642877, 46.087244 ], [ -88.648014, 46.087254 ], [ -88.663738, 46.087319 ], [ -88.685833, 46.087254 ], [ -88.704912, 46.087266 ], [ -88.704975, 46.094318 ], [ -88.700175, 46.094493 ], [ -88.699845, 46.107762 ], [ -88.717893, 46.120306 ], [ -88.724261, 46.12376 ], [ -88.720834, 46.126466 ], [ -88.720833, 46.130714 ], [ -88.727254, 46.130691 ], [ -88.728285, 46.130942 ], [ -88.731399, 46.135792 ], [ -88.7313, 46.145259 ] ] ] } },
{ "type": "Feature", "properties": { "geoid": "26021002200", "county_name": "Berrien County", "place_name": "Westland", "state_name": "Michigan", "state_abbr": "MI", "is_rural": true, "dci_score": 94.5, "dci_quintile": 1.0, "is_cra_lmi": true, "income_level": "L", "is_persistent_poverty": false, "is_tribal_overlap": false, "tribal_area_name": null, "aian_pct": 0.0, "has_nmtc": false, "nmtc_projects": 0, "nmtc_total_usd": 0.0 }, "geometry": { "type": "Polygon", "coordinates": [ [ [ -86.441838, 42.12414 ], [ -86.439243, 42.124725 ], [ -86.438196, 42.124078 ], [ -86.437267, 42.12502 ], [ -86.432807, 42.125068 ], [ -86.432985, 42.123684 ], [ -86.431242, 42.12391 ], [ -86.429882, 42.122287 ], [ -86.4286, 42.12237 ], [ -86.424491, 42.122581 ], [ -86.42391, 42.12276 ], [ -86.422345, 42.123853 ], [ -86.421409, 42.124333 ], [ -86.417515, 42.126261 ], [ -86.417479, 42.119064 ], [ -86.41747, 42.115958 ], [ -86.407726, 42.115984 ], [ -86.39349, 42.115961 ], [ -86.398044, 42.10873 ], [ -86.402582, 42.101467 ], [ -86.417339, 42.101461 ], [ -86.417419, 42.108724 ], [ -86.426999, 42.10878 ], [ -86.426747, 42.105752 ], [ -86.431063, 42.104306 ], [ -86.432741, 42.105576 ], [ -86.436786, 42.106106 ], [ -86.43691, 42.113711 ], [ -86.436906, 42.115086 ], [ -86.43696, 42.117794 ], [ -86.437043, 42.123468 ], [ -86.441781, 42.123482 ], [ -86.441838, 42.12414 ] ] ] } },
{ "type": "Feature", "properties": { "geoid": "26163552801", "county_name": "Wayne County", "place_name": "Detroit", "state_name": "Michigan", "state_abbr": "MI", "is_rural": false, "dci_score": 96.4, "dci_quintile": 1.0, "is_cra_lmi": true, "income_level": "L", "is_persistent_poverty": false, "is_tribal_overlap": false, "tribal_area_name": null, "aian_pct": 0.0, "has_nmtc": false, "nmtc_projects": 0, "nmtc_total_usd": 0.0 }, "geometry": { "type": "Polygon", "coordinates": [ [ [ -83.058005, 42.392867 ], [ -83.055787, 42.393694 ], [ -83.05197, 42.395126 ], [ -83.04859, 42.396383 ], [ -83.046414, 42.393447 ], [ -83.051304, 42.386894 ], [ -83.055683, 42.381145 ], [ -83.061937, 42.39041 ], [ -83.058005, 42.392867 ] ] ] } },
{ "type": "Feature", "properties": { "geoid": "26163502600", "county_name": "Wayne County", "place_name": null, "state_name": "Michigan", "state_abbr": "MI", "is_rural": false, "dci_score": 95.4, "dci_quintile": 1.0, "is_cra_lmi": true, "income_level": "L", "is_persistent_poverty": false, "is_tribal_overlap": false, "tribal_area_name": null, "aian_pct": 0.0, "has_nmtc": false, "nmtc_projects": 0, "nmtc_total_usd": 0.0 }, "geometry": { "type": "Polygon", "coordinates": [ [ [ -82.987766, 42.396638 ], [ -82.985244, 42.398103 ], [ -82.984402, 42.398821 ], [ -82.982159, 42.399484 ], [ -82.973106, 42.401595 ], [ -82.964937, 42.403611 ], [ -82.964298, 42.403822 ], [ -82.960329, 42.405048 ], [ -82.960246, 42.404924 ], [ -82.958102, 42.401723 ], [ -82.957542, 42.401141 ], [ -82.954492, 42.397021 ], [ -82.960111, 42.394995 ], [ -82.964136, 42.393545 ], [ -82.967045, 42.3925 ], [ -82.968089, 42.392124 ], [ -82.976029, 42.389288 ], [ -82.978777, 42.390215 ], [ -82.983889, 42.393305 ], [ -82.984923, 42.394144 ], [ -82.985132, 42.394309 ], [ -82.987362, 42.396422 ], [ -82.987766, 42.396638 ] ] ] } },
{ "type": "Feature", "properties": { "geoid": "26081004600", "county_name": "Kent County", "place_name": "Mount Clemens", "state_name": "Michigan", "state_abbr": "MI", "is_rural": false, "dci_score": 54.6, "dci_quintile": 4.0, "is_cra_lmi": true, "income_level": "M", "is_persistent_poverty": false, "is_tribal_overlap": false, "tribal_area_name": null, "aian_pct": 0.0, "has_nmtc": false, "nmtc_projects": 0, "nmtc_total_usd": 0.0 }, "geometry": { "type": "Polygon", "coordinates": [ [ [ -85.647083, 42.912798 ], [ -85.628043, 42.912635 ], [ -85.627542, 42.910808 ], [ -85.627509, 42.910588 ], [ -85.627503, 42.910088 ], [ -85.62727, 42.90622 ], [ -85.627245, 42.905861 ], [ -85.627227, 42.905433 ], [ -85.626927, 42.901121 ], [ -85.62674, 42.898179 ], [ -85.6266, 42.895945 ], [ -85.626571, 42.895466 ], [ -85.626528, 42.895012 ], [ -85.626432, 42.89286 ], [ -85.626368, 42.89137 ], [ -85.626347, 42.890938 ], [ -85.626322, 42.890433 ], [ -85.626072, 42.8855 ], [ -85.625975, 42.883671 ], [ -85.634798, 42.88374 ], [ -85.645623, 42.883806 ], [ -85.645713, 42.885423 ], [ -85.64592, 42.891152 ], [ -85.642014, 42.891128 ], [ -85.642392, 42.891201 ], [ -85.641223, 42.895036 ], [ -85.645537, 42.898322 ], [ -85.646311, 42.898907 ], [ -85.64686, 42.908741 ], [ -85.646905, 42.909421 ], [ -85.647083, 42.912798 ] ] ] } },
{ "type": "Feature", "properties": { "geoid": "26107960600", "county_name": "Mecosta County", "place_name": null, "state_name": "Michigan", "state_abbr": "MI", "is_rural": true, "dci_score": 73.1, "dci_quintile": 3.0, "is_cra_lmi": false, "income_level": "U", "is_persistent_poverty": false, "is_tribal_overlap": false, "tribal_area_name": null, "aian_pct": 0.0, "has_nmtc": false, "nmtc_projects": 0, "nmtc_total_usd": 0.0 }, "geometry": { "type": "Polygon", "coordinates": [ [ [ -85.523435, 43.695546 ], [ -85.524032, 43.697488 ], [ -85.524133, 43.704325 ], [ -85.502621, 43.702295 ], [ -85.498846, 43.70217 ], [ -85.496261, 43.702052 ], [ -85.49099, 43.701947 ], [ -85.489996, 43.701978 ], [ -85.487047, 43.702048 ], [ -85.484012, 43.702064 ], [ -85.483961, 43.698328 ], [ -85.480458, 43.698362 ], [ -85.477416, 43.698402 ], [ -85.476426, 43.698665 ], [ -85.475578, 43.697625 ], [ -85.469423, 43.694365 ], [ -85.466798, 43.693426 ], [ -85.465834, 43.691512 ], [ -85.465241, 43.690361 ], [ -85.468378, 43.686005 ], [ -85.469418, 43.68531 ], [ -85.46976, 43.688165 ], [ -85.477302, 43.689167 ], [ -85.47734, 43.693097 ], [ -85.480367, 43.693083 ], [ -85.480326, 43.690442 ], [ -85.483748, 43.690413 ], [ -85.483514, 43.688898 ], [ -85.483493, 43.687564 ], [ -85.490374, 43.687789 ], [ -85.493749, 43.687651 ], [ -85.496251, 43.687564 ], [ -85.500231, 43.687657 ], [ -85.503924, 43.688036 ], [ -85.509969, 43.68858 ], [ -85.511364, 43.688479 ], [ -85.520391, 43.686978 ], [ -85.524956, 43.695687 ], [ -85.523435, 43.695546 ] ] ] } },
{ "type": "Feature", "properties": { "geoid": "26163531501", "county_name": "Wayne County", "place_name": null, "state_name": "Michigan", "state_abbr": "MI", "is_rural": false, "dci_score": 95.3, "dci_quintile": 1.0, "is_cra_lmi": true, "income_level": "L", "is_persistent_poverty": false, "is_tribal_overlap": false, "tribal_area_name": null, "aian_pct": 0.0, "has_nmtc": false, "nmtc_projects": 0, "nmtc_total_usd": 0.0 }, "geometry": { "type": "Polygon", "coordinates": [ [ [ -83.130873, 42.389743 ], [ -83.127442, 42.391012 ], [ -83.126061, 42.388954 ], [ -83.123353, 42.384929 ], [ -83.117928, 42.386933 ], [ -83.116209, 42.38448 ], [ -83.125108, 42.381181 ], [ -83.126743, 42.383604 ], [ -83.129479, 42.387677 ], [ -83.130873, 42.389743 ] ] ] } },
{ "type": "Feature", "properties": { "geoid": "26163501000", "county_name": "Wayne County", "place_name": null, "state_name": "Michigan", "state_abbr": "MI", "is_rural": false, "dci_score": 97.9, "dci_quintile": 1.0, "is_cra_lmi": true, "income_level": "M", "is_persistent_poverty": false, "is_tribal_overlap": false, "tribal_area_name": null, "aian_pct": 0.0, "has_nmtc": false, "nmtc_projects": 0, "nmtc_total_usd": 0.0 }, "geometry": { "type": "Polygon", "coordinates": [ [ [ -82.963458, 42.420815 ], [ -82.960496, 42.424759 ], [ -82.949022, 42.420032 ], [ -82.939229, 42.416057 ], [ -82.943396, 42.412935 ], [ -82.951793, 42.41641 ], [ -82.952274, 42.41661 ], [ -82.95748, 42.418765 ], [ -82.962416, 42.420801 ], [ -82.963458, 42.420815 ] ] ] } },
{ "type": "Feature", "properties": { "geoid": "26041970800", "county_name": "Delta County", "place_name": null, "state_name": "Michigan", "state_abbr": "MI", "is_rural": true, "dci_score": 31.8, "dci_quintile": 5.0, "is_cra_lmi": true, "income_level": "M", "is_persistent_poverty": false, "is_tribal_overlap": false, "tribal_area_name": null, "aian_pct": 0.0, "has_nmtc": false, "nmtc_projects": 0, "nmtc_total_usd": 0.0 }, "geometry": { "type": "Polygon", "coordinates": [ [ [ -87.100428, 45.739149 ], [ -87.09542, 45.739278 ], [ -87.094882, 45.739542 ], [ -87.089782, 45.745741 ], [ -87.087151, 45.748378 ], [ -87.089086, 45.751011 ], [ -87.088881, 45.752516 ], [ -87.089864, 45.75478 ], [ -87.090944, 45.764034 ], [ -87.091835, 45.765528 ], [ -87.090442, 45.766071 ], [ -87.094988, 45.768709 ], [ -87.080767, 45.770026 ], [ -87.083334, 45.775482 ], [ -87.083147, 45.784094 ], [ -87.08265, 45.786114 ], [ -87.080885, 45.789672 ], [ -87.080413, 45.789481 ], [ -87.073871, 45.779603 ], [ -87.070804, 45.776703 ], [ -87.070414, 45.775434 ], [ -87.06995, 45.773688 ], [ -87.069327, 45.771277 ], [ -87.069134, 45.76088 ], [ -87.071757, 45.755278 ], [ -87.071763, 45.749316 ], [ -87.074456, 45.749321 ], [ -87.074465, 45.748015 ], [ -87.071767, 45.748009 ], [ -87.071766, 45.745765 ], [ -87.07971, 45.745763 ], [ -87.079815, 45.735518 ], [ -87.100559, 45.735412 ], [ -87.100428, 45.739149 ] ] ] } },
{ "type": "Feature", "properties": { "geoid": "26015011301", "county_name": "Barry County", "place_name": null, "state_name": "Michigan", "state_abbr": "MI", "is_rural": true, "dci_score": 49.4, "dci_quintile": 5.0, "is_cra_lmi": false, "income_level": "U", "is_persistent_poverty": false, "is_tribal_overlap": false, "tribal_area_name": null, "aian_pct": 0.0, "has_nmtc": false, "nmtc_projects": 0, "nmtc_total_usd": 0.0 }, "geometry": { "type": "Polygon", "coordinates": [ [ [ -85.308159, 42.610012 ], [ -85.290278, 42.610079 ], [ -85.290475, 42.631853 ], [ -85.290506, 42.635868 ], [ -85.290577, 42.642275 ], [ -85.288997, 42.642289 ], [ -85.289063, 42.644136 ], [ -85.290597, 42.645013 ], [ -85.290614, 42.645915 ], [ -85.290701, 42.653089 ], [ -85.290706, 42.653886 ], [ -85.290707, 42.660841 ], [ -85.28476, 42.660817 ], [ -85.28474, 42.656324 ], [ -85.280235, 42.656326 ], [ -85.279318, 42.653605 ], [ -85.281617, 42.651762 ], [ -85.281598, 42.648664 ], [ -85.277214, 42.649011 ], [ -85.274674, 42.647624 ], [ -85.271132, 42.647059 ], [ -85.271241, 42.645542 ], [ -85.26669, 42.644671 ], [ -85.266848, 42.642741 ], [ -85.268733, 42.640945 ], [ -85.265661, 42.639632 ], [ -85.264766, 42.639834 ], [ -85.263269, 42.640472 ], [ -85.262186, 42.640374 ], [ -85.26193, 42.640059 ], [ -85.262423, 42.639228 ], [ -85.265652, 42.639213 ], [ -85.269008, 42.639212 ], [ -85.270821, 42.639842 ], [ -85.270887, 42.63892 ], [ -85.270838, 42.632047 ], [ -85.270372, 42.597405 ], [ -85.269143, 42.595703 ], [ -85.308026, 42.595528 ], [ -85.308159, 42.610012 ] ] ] } },
{ "type": "Feature", "properties": { "geoid": "26145000400", "county_name": "Saginaw County", "place_name": null, "state_name": "Michigan", "state_abbr": "MI", "is_rural": true, "dci_score": 99.4, "dci_quintile": 1.0, "is_cra_lmi": true, "income_level": "M", "is_persistent_poverty": false, "is_tribal_overlap": false, "tribal_area_name": null, "aian_pct": 0.0, "has_nmtc": true, "nmtc_projects": 1, "nmtc_total_usd": 9680000.0 }, "geometry": { "type": "Polygon", "coordinates": [ [ [ -83.943334, 43.429221 ], [ -83.940848, 43.436071 ], [ -83.940369, 43.437484 ], [ -83.937732, 43.436997 ], [ -83.932611, 43.436007 ], [ -83.926546, 43.435878 ], [ -83.923762, 43.435837 ], [ -83.919054, 43.434327 ], [ -83.915557, 43.433933 ], [ -83.913311, 43.429144 ], [ -83.915966, 43.429145 ], [ -83.920332, 43.42916 ], [ -83.924073, 43.429196 ], [ -83.926604, 43.429204 ], [ -83.931798, 43.429326 ], [ -83.935594, 43.427678 ], [ -83.941704, 43.428853 ], [ -83.943134, 43.426254 ], [ -83.944655, 43.426719 ], [ -83.943334, 43.429221 ] ] ] } },
{ "type": "Feature", "properties": { "geoid": "26147649000", "county_name": "St. Clair County", "place_name": null, "state_name": "Michigan", "state_abbr": "MI", "is_rural": true, "dci_score": 49.5, "dci_quintile": 5.0, "is_cra_lmi": true, "income_level": "M", "is_persistent_poverty": false, "is_tribal_overlap": false, "tribal_area_name": null, "aian_pct": 0.0, "has_nmtc": false, "nmtc_projects": 0, "nmtc_total_usd": 0.0 }, "geometry": { "type": "Polygon", "coordinates": [ [ [ -82.551475, 42.623287 ], [ -82.543018, 42.624074 ], [ -82.538342, 42.624287 ], [ -82.53681, 42.631231 ], [ -82.536179, 42.631215 ], [ -82.53229, 42.631569 ], [ -82.516111, 42.632906 ], [ -82.514755, 42.632894 ], [ -82.511558735611999, 42.632998175908803 ], [ -82.515623710407695, 42.622243705459098 ], [ -82.519504, 42.619689 ], [ -82.52092, 42.619028 ], [ -82.528452, 42.614962 ], [ -82.529064, 42.614388 ], [ -82.5309, 42.612263 ], [ -82.535657, 42.609031 ], [ -82.537266, 42.607521 ], [ -82.540518, 42.606363 ], [ -82.543514, 42.606157 ], [ -82.545854, 42.607193 ], [ -82.5503, 42.610321 ], [ -82.546763, 42.614477 ], [ -82.545685, 42.615072 ], [ -82.544319, 42.620554 ], [ -82.551073, 42.619804 ], [ -82.551475, 42.623287 ] ] ] } },
{ "type": "Feature", "properties": { "geoid": "26163501600", "county_name": "Wayne County", "place_name": null, "state_name": "Michigan", "state_abbr": "MI", "is_rural": false, "dci_score": 55.4, "dci_quintile": 4.0, "is_cra_lmi": true, "income_level": "M", "is_persistent_poverty": false, "is_tribal_overlap": false, "tribal_area_name": null, "aian_pct": 0.0, "has_nmtc": false, "nmtc_projects": 0, "nmtc_total_usd": 0.0 }, "geometry": { "type": "Polygon", "coordinates": [ [ [ -82.933005, 42.410924 ], [ -82.928181, 42.412699 ], [ -82.921742, 42.415034 ], [ -82.916684, 42.417009 ], [ -82.915035, 42.419007 ], [ -82.917355, 42.419945 ], [ -82.916327, 42.421354 ], [ -82.910427, 42.419023 ], [ -82.910651, 42.417117 ], [ -82.910933, 42.416099 ], [ -82.912557, 42.41239 ], [ -82.918582, 42.410204 ], [ -82.924942, 42.407851 ], [ -82.92983, 42.406075 ], [ -82.933005, 42.410924 ] ] ] } },
{ "type": "Feature", "properties": { "geoid": "26163520300", "county_name": "Wayne County", "place_name": null, "state_name": "Michigan", "state_abbr": "MI", "is_rural": false, "dci_score": 97.1, "dci_quintile": 1.0, "is_cra_lmi": false, "income_level": "U", "is_persistent_poverty": false, "is_tribal_overlap": false, "tribal_area_name": null, "aian_pct": 0.0, "has_nmtc": true, "nmtc_projects": 4, "nmtc_total_usd": 13664108.0 }, "geometry": { "type": "Polygon", "coordinates": [ [ [ -83.067619, 42.353027 ], [ -83.065376, 42.353738 ], [ -83.062994, 42.354743 ], [ -83.061463, 42.352707 ], [ -83.060017, 42.350577 ], [ -83.057877, 42.347381 ], [ -83.060133, 42.345788 ], [ -83.062973, 42.344886 ], [ -83.064417, 42.347418 ], [ -83.065162, 42.348718 ], [ -83.065778, 42.349797 ], [ -83.066498, 42.351062 ], [ -83.067619, 42.353027 ] ] ] } },
{ "type": "Feature", "properties": { "geoid": "26065006600", "county_name": "Ingham County", "place_name": null, "state_name": "Michigan", "state_abbr": "MI", "is_rural": false, "dci_score": 77.0, "dci_quintile": 3.0, "is_cra_lmi": true, "income_level": "L", "is_persistent_poverty": false, "is_tribal_overlap": false, "tribal_area_name": null, "aian_pct": 0.0, "has_nmtc": true, "nmtc_projects": 3, "nmtc_total_usd": 15245000.0 }, "geometry": { "type": "Polygon", "coordinates": [ [ [ -84.570807, 42.758709 ], [ -84.567343, 42.760027 ], [ -84.567369, 42.763149 ], [ -84.546043, 42.751634 ], [ -84.544587, 42.750829 ], [ -84.543637, 42.74995 ], [ -84.542875, 42.748177 ], [ -84.542831, 42.747411 ], [ -84.542799, 42.743879 ], [ -84.542759, 42.738348 ], [ -84.537823, 42.739158 ], [ -84.537904, 42.734739 ], [ -84.54105, 42.734738 ], [ -84.541126, 42.729925 ], [ -84.541169, 42.725533 ], [ -84.541182, 42.723158 ], [ -84.538099, 42.722421 ], [ -84.538113, 42.719285 ], [ -84.538114, 42.718247 ], [ -84.538681, 42.718463 ], [ -84.542076, 42.721224 ], [ -84.543876, 42.721638 ], [ -84.54552, 42.72053 ], [ -84.547756, 42.720353 ], [ -84.548997, 42.721112 ], [ -84.547393, 42.725043 ], [ -84.545801, 42.725769 ], [ -84.545779, 42.727475 ], [ -84.549793, 42.732556 ], [ -84.548897, 42.735591 ], [ -84.549088, 42.737276 ], [ -84.548761, 42.739071 ], [ -84.549374, 42.740915 ], [ -84.550182, 42.742799 ], [ -84.549744, 42.745473 ], [ -84.552582, 42.750304 ], [ -84.555292, 42.750162 ], [ -84.557824, 42.750949 ], [ -84.561514, 42.753865 ], [ -84.567586, 42.755694 ], [ -84.569734, 42.757346 ], [ -84.570807, 42.758709 ] ] ] } },
{ "type": "Feature", "properties": { "geoid": "26065002000", "county_name": "Ingham County", "place_name": "West Monroe", "state_name": "Michigan", "state_abbr": "MI", "is_rural": false, "dci_score": 76.0, "dci_quintile": 3.0, "is_cra_lmi": true, "income_level": "L", "is_persistent_poverty": false, "is_tribal_overlap": false, "tribal_area_name": null, "aian_pct": 0.0, "has_nmtc": false, "nmtc_projects": 0, "nmtc_total_usd": 0.0 }, "geometry": { "type": "Polygon", "coordinates": [ [ [ -84.556972, 42.714873 ], [ -84.555854, 42.716054 ], [ -84.556064, 42.717779 ], [ -84.554028, 42.719253 ], [ -84.553893, 42.723936 ], [ -84.55233, 42.724479 ], [ -84.550131, 42.724328 ], [ -84.547393, 42.725043 ], [ -84.548997, 42.721112 ], [ -84.547756, 42.720353 ], [ -84.54552, 42.72053 ], [ -84.543876, 42.721638 ], [ -84.542076, 42.721224 ], [ -84.538681, 42.718463 ], [ -84.538114, 42.718247 ], [ -84.538113, 42.718052 ], [ -84.538097, 42.715676 ], [ -84.538121, 42.711942 ], [ -84.541144, 42.711952 ], [ -84.541959, 42.711956 ], [ -84.544109, 42.711963 ], [ -84.547757, 42.711954 ], [ -84.549827, 42.711942 ], [ -84.552508, 42.711998 ], [ -84.556984, 42.712018 ], [ -84.556972, 42.714873 ] ] ] } },
{ "type": "Feature", "properties": { "geoid": "26163547200", "county_name": "Wayne County", "place_name": null, "state_name": "Michigan", "state_abbr": "MI", "is_rural": false, "dci_score": 97.3, "dci_quintile": 1.0, "is_cra_lmi": true, "income_level": "L", "is_persistent_poverty": false, "is_tribal_overlap": false, "tribal_area_name": null, "aian_pct": 0.0, "has_nmtc": false, "nmtc_projects": 0, "nmtc_total_usd": 0.0 }, "geometry": { "type": "Polygon", "coordinates": [ [ [ -83.216561, 42.364729 ], [ -83.216568, 42.365259 ], [ -83.214947, 42.365081 ], [ -83.209377, 42.365178 ], [ -83.202667, 42.365293 ], [ -83.197286, 42.365365 ], [ -83.197113, 42.360537 ], [ -83.196997, 42.358129 ], [ -83.196885, 42.355758 ], [ -83.196609, 42.35089 ], [ -83.203959, 42.350783 ], [ -83.209531, 42.350703 ], [ -83.216265, 42.350619 ], [ -83.216446, 42.350616 ], [ -83.216581, 42.357845 ], [ -83.216561, 42.364729 ] ] ] } },
{ "type": "Feature", "properties": { "geoid": "26075001200", "county_name": "Jackson County", "place_name": null, "state_name": "Michigan", "state_abbr": "MI", "is_rural": true, "dci_score": 76.2, "dci_quintile": 3.0, "is_cra_lmi": true, "income_level": "M", "is_persistent_poverty": false, "is_tribal_overlap": false, "tribal_area_name": null, "aian_pct": 0.0, "has_nmtc": false, "nmtc_projects": 0, "nmtc_total_usd": 0.0 }, "geometry": { "type": "Polygon", "coordinates": [ [ [ -84.400601, 42.247976 ], [ -84.392621, 42.245767 ], [ -84.392671, 42.247508 ], [ -84.393367, 42.24966 ], [ -84.379513, 42.252318 ], [ -84.378305, 42.252562 ], [ -84.378313, 42.254805 ], [ -84.3783, 42.25661 ], [ -84.375855, 42.256603 ], [ -84.375836, 42.259058 ], [ -84.374626, 42.259043 ], [ -84.37468, 42.253282 ], [ -84.374734, 42.247559 ], [ -84.37464, 42.240481 ], [ -84.37458, 42.239731 ], [ -84.364971, 42.235848 ], [ -84.362116, 42.234775 ], [ -84.360796, 42.234471 ], [ -84.358379, 42.233912 ], [ -84.36068, 42.231454 ], [ -84.362202, 42.229273 ], [ -84.363086, 42.223619 ], [ -84.364324, 42.222372 ], [ -84.364723, 42.222358 ], [ -84.364843, 42.224213 ], [ -84.364861, 42.225793 ], [ -84.364813, 42.22736 ], [ -84.366341, 42.228307 ], [ -84.367856, 42.227221 ], [ -84.371277, 42.226533 ], [ -84.372545, 42.228455 ], [ -84.374301, 42.229366 ], [ -84.37465, 42.225966 ], [ -84.389114, 42.22578 ], [ -84.392166, 42.232343 ], [ -84.392596, 42.233023 ], [ -84.400406, 42.242509 ], [ -84.400521, 42.24371 ], [ -84.400601, 42.247976 ] ] ] } },
{ "type": "Feature", "properties": { "geoid": "26077001511", "county_name": "Kalamazoo County", "place_name": null, "state_name": "Michigan", "state_abbr": "MI", "is_rural": false, "dci_score": 65.8, "dci_quintile": 4.0, "is_cra_lmi": true, "income_level": "L", "is_persistent_poverty": false, "is_tribal_overlap": false, "tribal_area_name": null, "aian_pct": 0.0, "has_nmtc": false, "nmtc_projects": 0, "nmtc_total_usd": 0.0 }, "geometry": { "type": "Polygon", "coordinates": [ [ [ -85.648289, 42.275398 ], [ -85.648282, 42.276142 ], [ -85.648276, 42.276706 ], [ -85.6369, 42.275393 ], [ -85.629875, 42.274511 ], [ -85.624998, 42.273879 ], [ -85.622122, 42.27382 ], [ -85.620268, 42.274005 ], [ -85.617459, 42.274797 ], [ -85.614663, 42.276486 ], [ -85.614206, 42.276304 ], [ -85.616486, 42.274615 ], [ -85.618285, 42.273725 ], [ -85.620691, 42.272925 ], [ -85.624747, 42.27232 ], [ -85.634271, 42.271372 ], [ -85.646048, 42.270115 ], [ -85.648317, 42.269702 ], [ -85.648289, 42.275398 ] ] ] } },
{ "type": "Feature", "properties": { "geoid": "26163575200", "county_name": "Wayne County", "place_name": null, "state_name": "Michigan", "state_abbr": "MI", "is_rural": false, "dci_score": 23.3, "dci_quintile": 5.0, "is_cra_lmi": false, "income_level": "U", "is_persistent_poverty": false, "is_tribal_overlap": false, "tribal_area_name": null, "aian_pct": 0.0, "has_nmtc": false, "nmtc_projects": 0, "nmtc_total_usd": 0.0 }, "geometry": { "type": "Polygon", "coordinates": [ [ [ -83.285648, 42.29497 ], [ -83.28086, 42.295783 ], [ -83.275983, 42.29662 ], [ -83.271509, 42.297755 ], [ -83.271331, 42.297806 ], [ -83.270978, 42.290796 ], [ -83.270779, 42.285368 ], [ -83.270634, 42.281736 ], [ -83.2711, 42.281723 ], [ -83.280355, 42.281521 ], [ -83.285158, 42.281416 ], [ -83.285625, 42.294505 ], [ -83.285648, 42.29497 ] ] ] } },
{ "type": "Feature", "properties": { "geoid": "26163501900", "county_name": "Wayne County", "place_name": "Lansing", "state_name": "Michigan", "state_abbr": "MI", "is_rural": false, "dci_score": 97.9, "dci_quintile": 1.0, "is_cra_lmi": true, "income_level": "L", "is_persistent_poverty": false, "is_tribal_overlap": false, "tribal_area_name": null, "aian_pct": 0.0, "has_nmtc": false, "nmtc_projects": 0, "nmtc_total_usd": 0.0 }, "geometry": { "type": "Polygon", "coordinates": [ [ [ -82.946729, 42.399875 ], [ -82.940957, 42.401992 ], [ -82.939851, 42.400309 ], [ -82.937721, 42.39705 ], [ -82.933431, 42.390501 ], [ -82.934634, 42.390079 ], [ -82.9361, 42.389596 ], [ -82.939416, 42.388771 ], [ -82.94348, 42.394938 ], [ -82.946729, 42.399875 ] ] ] } },
{ "type": "Feature", "properties": { "geoid": "26163500400", "county_name": "Wayne County", "place_name": "Lansing", "state_name": "Michigan", "state_abbr": "MI", "is_rural": false, "dci_score": 98.9, "dci_quintile": 1.0, "is_cra_lmi": true, "income_level": "L", "is_persistent_poverty": false, "is_tribal_overlap": false, "tribal_area_name": null, "aian_pct": 0.0, "has_nmtc": false, "nmtc_projects": 0, "nmtc_total_usd": 0.0 }, "geometry": { "type": "Polygon", "coordinates": [ [ [ -82.987381, 42.42037 ], [ -82.983069, 42.426929 ], [ -82.982549, 42.427715 ], [ -82.981674, 42.429044 ], [ -82.977696, 42.435077 ], [ -82.97528, 42.435133 ], [ -82.975107, 42.427884 ], [ -82.975075, 42.427041 ], [ -82.974821, 42.420658 ], [ -82.97974, 42.420545 ], [ -82.983607, 42.420453 ], [ -82.987381, 42.42037 ] ] ] } },
{ "type": "Feature", "properties": { "geoid": "26163541700", "county_name": "Wayne County", "place_name": "Jackson", "state_name": "Michigan", "state_abbr": "MI", "is_rural": false, "dci_score": 95.8, "dci_quintile": 1.0, "is_cra_lmi": true, "income_level": "L", "is_persistent_poverty": false, "is_tribal_overlap": false, "tribal_area_name": null, "aian_pct": 0.0, "has_nmtc": false, "nmtc_projects": 0, "nmtc_total_usd": 0.0 }, "geometry": { "type": "Polygon", "coordinates": [ [ [ -83.278639, 42.441474 ], [ -83.278263, 42.442868 ], [ -83.268509, 42.443156 ], [ -83.26847, 42.442995 ], [ -83.268156, 42.436251 ], [ -83.267857, 42.42917 ], [ -83.274117, 42.429022 ], [ -83.277561, 42.428939 ], [ -83.277964, 42.435164 ], [ -83.278958, 42.439756 ], [ -83.278639, 42.441474 ] ] ] } },
{ "type": "Feature", "properties": { "geoid": "26163531900", "county_name": "Wayne County", "place_name": null, "state_name": "Michigan", "state_abbr": "MI", "is_rural": false, "dci_score": 94.9, "dci_quintile": 1.0, "is_cra_lmi": true, "income_level": "M", "is_persistent_poverty": false, "is_tribal_overlap": false, "tribal_area_name": null, "aian_pct": 0.0, "has_nmtc": false, "nmtc_projects": 0, "nmtc_total_usd": 0.0 }, "geometry": { "type": "Polygon", "coordinates": [ [ [ -83.113195, 42.396299 ], [ -83.109779, 42.398337 ], [ -83.109048, 42.398585 ], [ -83.105906, 42.393101 ], [ -83.102278, 42.388084 ], [ -83.100401, 42.385317 ], [ -83.099555, 42.384482 ], [ -83.098701, 42.383864 ], [ -83.100505, 42.383209 ], [ -83.103428, 42.382091 ], [ -83.107317, 42.387799 ], [ -83.1102, 42.39196 ], [ -83.110695, 42.392677 ], [ -83.113195, 42.396299 ] ] ] } },
{ "type": "Feature", "properties": { "geoid": "26129950100", "county_name": "Ogemaw County", "place_name": null, "state_name": "Michigan", "state_abbr": "MI", "is_rural": true, "dci_score": 78.7, "dci_quintile": 3.0, "is_cra_lmi": true, "income_level": "M", "is_persistent_poverty": false, "is_tribal_overlap": false, "tribal_area_name": null, "aian_pct": 0.0, "has_nmtc": false, "nmtc_projects": 0, "nmtc_total_usd": 0.0 }, "geometry": { "type": "Polygon", "coordinates": [ [ [ -84.178463, 44.505238 ], [ -84.176643, 44.507652 ], [ -84.127992, 44.50812 ], [ -84.053101, 44.508354 ], [ -84.050603, 44.508533 ], [ -84.049969, 44.508652 ], [ -84.047541, 44.508439 ], [ -84.007246, 44.508861 ], [ -83.913145, 44.50899 ], [ -83.912463, 44.509065 ], [ -83.886634, 44.508976 ], [ -83.885239, 44.458568 ], [ -83.885178, 44.458169 ], [ -83.884918, 44.450777 ], [ -83.884044, 44.422097 ], [ -83.944368, 44.421808 ], [ -83.994553, 44.42159 ], [ -84.005715, 44.421614 ], [ -84.036922, 44.421484 ], [ -84.096048, 44.421634 ], [ -84.096175, 44.406913 ], [ -84.116353, 44.406948 ], [ -84.126521, 44.407085 ], [ -84.126613, 44.414259 ], [ -84.126701, 44.421539 ], [ -84.146932, 44.42133 ], [ -84.177057, 44.421139 ], [ -84.177419, 44.442517 ], [ -84.171111, 44.442842 ], [ -84.169023, 44.447199 ], [ -84.169064, 44.451099 ], [ -84.167437, 44.454066 ], [ -84.167911, 44.476719 ], [ -84.178287, 44.491661 ], [ -84.178463, 44.505238 ] ] ] } },
{ "type": "Feature", "properties": { "geoid": "26119910300", "county_name": "Montmorency County", "place_name": null, "state_name": "Michigan", "state_abbr": "MI", "is_rural": true, "dci_score": 73.7, "dci_quintile": 3.0, "is_cra_lmi": true, "income_level": "M", "is_persistent_poverty": false, "is_tribal_overlap": false, "tribal_area_name": null, "aian_pct": 0.0, "has_nmtc": false, "nmtc_projects": 0, "nmtc_total_usd": 0.0 }, "geometry": { "type": "Polygon", "coordinates": [ [ [ -84.140868, 44.887969 ], [ -84.135719, 44.891088 ], [ -84.132019, 44.895516 ], [ -84.13138, 44.898024 ], [ -84.129147, 44.899814 ], [ -84.126815, 44.900588 ], [ -84.120428, 44.901699 ], [ -84.110776, 44.901937 ], [ -84.109287, 44.907058 ], [ -84.109628, 44.908774 ], [ -84.114109, 44.912975 ], [ -84.115156, 44.913594 ], [ -84.12047, 44.915207 ], [ -84.12196, 44.916161 ], [ -84.123253, 44.919626 ], [ -84.124388, 44.925423 ], [ -84.124893, 44.926233 ], [ -84.128093, 44.927281 ], [ -84.129338, 44.92861 ], [ -84.131327, 44.934813 ], [ -84.130924, 44.937189 ], [ -84.128931, 44.94219 ], [ -84.126704, 44.947376 ], [ -84.123778, 44.950397 ], [ -84.12339, 44.952233 ], [ -84.12388, 44.969431 ], [ -84.124234, 44.970531 ], [ -84.126356, 44.971083 ], [ -84.13254, 44.971065 ], [ -84.132625, 44.988285 ], [ -84.132634, 44.989247 ], [ -84.132599, 45.000079 ], [ -84.121651, 45.000308 ], [ -84.11884, 45.000353 ], [ -84.093685, 45.000546 ], [ -84.093777, 45.007908 ], [ -84.063288, 45.008074 ], [ -84.063325, 45.029054 ], [ -84.062954, 45.043546 ], [ -84.062892, 45.056255 ], [ -84.06113, 45.057155 ], [ -84.057638, 45.058022 ], [ -83.961779, 45.05889 ], [ -83.920475, 45.059196 ], [ -83.916657, 45.060186 ], [ -83.910862, 45.061197 ], [ -83.907263, 45.061853 ], [ -83.904401, 45.063226 ], [ -83.902782, 45.063532 ], [ -83.900751, 45.063415 ], [ -83.900772, 45.061218 ], [ -83.899425, 45.061217 ], [ -83.899425, 45.059138 ], [ -83.895024, 45.059216 ], [ -83.889924, 45.059221 ], [ -83.88874, 45.059033 ], [ -83.887462, 45.058093 ], [ -83.885334, 45.058658 ], [ -83.882512, 45.059133 ], [ -83.88026, 45.059207 ], [ -83.880234, 45.030611 ], [ -83.890439, 45.03047 ], [ -83.889406, 44.972805 ], [ -83.889405, 44.972745 ], [ -83.888946, 44.949158 ], [ -83.888831, 44.943599 ], [ -83.888482, 44.856635 ], [ -84.010029, 44.855723 ], [ -84.131623, 44.854905 ], [ -84.131752, 44.872425 ], [ -84.131866, 44.886745 ], [ -84.136803, 44.887245 ], [ -84.138249, 44.888194 ], [ -84.140868, 44.887969 ] ] ] } },
{ "type": "Feature", "properties": { "geoid": "26163524300", "county_name": "Wayne County", "place_name": null, "state_name": "Michigan", "state_abbr": "MI", "is_rural": false, "dci_score": 97.3, "dci_quintile": 1.0, "is_cra_lmi": true, "income_level": "M", "is_persistent_poverty": false, "is_tribal_overlap": false, "tribal_area_name": null, "aian_pct": 0.0, "has_nmtc": false, "nmtc_projects": 0, "nmtc_total_usd": 0.0 }, "geometry": { "type": "Polygon", "coordinates": [ [ [ -83.142641, 42.294415 ], [ -83.1407, 42.297036 ], [ -83.140403, 42.299054 ], [ -83.142438, 42.305252 ], [ -83.136039, 42.307853 ], [ -83.134855, 42.306006 ], [ -83.136578, 42.305326 ], [ -83.136527, 42.30381 ], [ -83.13477, 42.301283 ], [ -83.128704, 42.303647 ], [ -83.128854, 42.303865 ], [ -83.123408, 42.306159 ], [ -83.120507, 42.307316 ], [ -83.120176, 42.306254 ], [ -83.125345, 42.298775 ], [ -83.124815, 42.298023 ], [ -83.130908, 42.295724 ], [ -83.142629, 42.291215 ], [ -83.144473, 42.293584 ], [ -83.142641, 42.294415 ] ] ] } },
{ "type": "Feature", "properties": { "geoid": "26049001500", "county_name": "Genesee County", "place_name": null, "state_name": "Michigan", "state_abbr": "MI", "is_rural": false, "dci_score": 94.9, "dci_quintile": 1.0, "is_cra_lmi": true, "income_level": "L", "is_persistent_poverty": false, "is_tribal_overlap": false, "tribal_area_name": null, "aian_pct": 0.0, "has_nmtc": true, "nmtc_projects": 1, "nmtc_total_usd": 15120000.0 }, "geometry": { "type": "Polygon", "coordinates": [ [ [ -83.713257, 43.019285 ], [ -83.712608, 43.020213 ], [ -83.71288, 43.024572 ], [ -83.712963, 43.028325 ], [ -83.709309, 43.027072 ], [ -83.707167, 43.024506 ], [ -83.705097, 43.025405 ], [ -83.704343, 43.024486 ], [ -83.701229, 43.020856 ], [ -83.696822, 43.015568 ], [ -83.696238, 43.015057 ], [ -83.698191, 43.014951 ], [ -83.699264, 43.015322 ], [ -83.700546, 43.015927 ], [ -83.7039, 43.014367 ], [ -83.705803, 43.013591 ], [ -83.706856, 43.010893 ], [ -83.709403, 43.009668 ], [ -83.714406, 43.015742 ], [ -83.713257, 43.019285 ] ] ] } },
{ "type": "Feature", "properties": { "geoid": "26087331500", "county_name": "Lapeer County", "place_name": null, "state_name": "Michigan", "state_abbr": "MI", "is_rural": true, "dci_score": 35.9, "dci_quintile": 5.0, "is_cra_lmi": true, "income_level": "M", "is_persistent_poverty": false, "is_tribal_overlap": false, "tribal_area_name": null, "aian_pct": 0.0, "has_nmtc": false, "nmtc_projects": 0, "nmtc_total_usd": 0.0 }, "geometry": { "type": "Polygon", "coordinates": [ [ [ -83.460005, 43.179648 ], [ -83.429185, 43.180283 ], [ -83.402308, 43.180884 ], [ -83.389884, 43.181052 ], [ -83.389443, 43.181557 ], [ -83.390214, 43.199764 ], [ -83.39082, 43.201481 ], [ -83.390336, 43.203002 ], [ -83.371263, 43.217854 ], [ -83.371838, 43.230364 ], [ -83.371519, 43.234736 ], [ -83.351709, 43.235193 ], [ -83.350029, 43.189049 ], [ -83.350064, 43.188823 ], [ -83.349416, 43.174156 ], [ -83.34894, 43.159844 ], [ -83.348205, 43.145361 ], [ -83.39834, 43.144339 ], [ -83.403041, 43.14412 ], [ -83.407261, 43.14401 ], [ -83.418425, 43.14392 ], [ -83.459661, 43.143377 ], [ -83.459875, 43.165767 ], [ -83.460005, 43.179648 ] ] ] } },
{ "type": "Feature", "properties": { "geoid": "26081002800", "county_name": "Kent County", "place_name": null, "state_name": "Michigan", "state_abbr": "MI", "is_rural": false, "dci_score": 76.4, "dci_quintile": 3.0, "is_cra_lmi": true, "income_level": "L", "is_persistent_poverty": false, "is_tribal_overlap": false, "tribal_area_name": null, "aian_pct": 0.0, "has_nmtc": false, "nmtc_projects": 0, "nmtc_total_usd": 0.0 }, "geometry": { "type": "Polygon", "coordinates": [ [ [ -85.6778, 42.941603 ], [ -85.674735, 42.948818 ], [ -85.672104, 42.953576 ], [ -85.671652, 42.956167 ], [ -85.668997, 42.956092 ], [ -85.668348, 42.956 ], [ -85.664038, 42.955876 ], [ -85.664009, 42.953057 ], [ -85.663992, 42.951559 ], [ -85.663976, 42.948654 ], [ -85.663904, 42.941412 ], [ -85.675727, 42.941808 ], [ -85.6778, 42.941603 ] ] ] } },
{ "type": "Feature", "properties": { "geoid": "26017286500", "county_name": "Bay County", "place_name": null, "state_name": "Michigan", "state_abbr": "MI", "is_rural": true, "dci_score": 77.1, "dci_quintile": 3.0, "is_cra_lmi": true, "income_level": "M", "is_persistent_poverty": false, "is_tribal_overlap": false, "tribal_area_name": null, "aian_pct": 0.0, "has_nmtc": true, "nmtc_projects": 2, "nmtc_total_usd": 1360000.0 }, "geometry": { "type": "Polygon", "coordinates": [ [ [ -83.898373, 43.582578 ], [ -83.898118, 43.586212 ], [ -83.896826, 43.589079 ], [ -83.893982, 43.596355 ], [ -83.891657, 43.603143 ], [ -83.889623, 43.605379 ], [ -83.884782, 43.609862 ], [ -83.874325, 43.612548 ], [ -83.872701, 43.613117 ], [ -83.871697, 43.613173 ], [ -83.857412, 43.612975 ], [ -83.85744, 43.608836 ], [ -83.857437, 43.608267 ], [ -83.861852, 43.605882 ], [ -83.862544, 43.605771 ], [ -83.866174, 43.605306 ], [ -83.867483, 43.604965 ], [ -83.870931, 43.603921 ], [ -83.87151, 43.603998 ], [ -83.882573, 43.603849 ], [ -83.881645, 43.602612 ], [ -83.882904, 43.601702 ], [ -83.883461, 43.597708 ], [ -83.88389, 43.594688 ], [ -83.882974, 43.593614 ], [ -83.884173, 43.592735 ], [ -83.884656, 43.589415 ], [ -83.885781, 43.589398 ], [ -83.889114, 43.5894 ], [ -83.892197, 43.588274 ], [ -83.897819, 43.57964 ], [ -83.899786, 43.579763 ], [ -83.898373, 43.582578 ] ] ] } },
{ "type": "Feature", "properties": { "geoid": "26095960200", "county_name": "Luce County", "place_name": null, "state_name": "Michigan", "state_abbr": "MI", "is_rural": true, "dci_score": 69.1, "dci_quintile": 4.0, "is_cra_lmi": false, "income_level": "U", "is_persistent_poverty": false, "is_tribal_overlap": false, "tribal_area_name": null, "aian_pct": 0.0, "has_nmtc": false, "nmtc_projects": 0, "nmtc_total_usd": 0.0 }, "geometry": { "type": "Polygon", "coordinates": [ [ [ -85.864767, 46.270779 ], [ -85.864568, 46.331702 ], [ -85.864932, 46.504758 ], [ -85.864549264065005, 46.690182461395402 ], [ -85.841057, 46.688896 ], [ -85.815746828590306, 46.684609608852 ], [ -85.796641198038202, 46.681373984550902 ], [ -85.794923, 46.681083 ], [ -85.792505713312295, 46.680880363990198 ], [ -85.751344548346196, 46.677429910939502 ], [ -85.750606, 46.677368 ], [ -85.738624097550996, 46.677297812292601 ], [ -85.714415, 46.677156 ], [ -85.700944932289403, 46.6781141441882 ], [ -85.668753, 46.680404 ], [ -85.6473865129595, 46.679658252534701 ], [ -85.624573, 46.678862 ], [ -85.617470464294897, 46.678054026466299 ], [ -85.587345, 46.674627 ], [ -85.580405148660205, 46.674491621652102 ], [ -85.566707947055903, 46.674224425074897 ], [ -85.545771, 46.673816 ], [ -85.523713, 46.674246 ], [ -85.500509, 46.676038 ], [ -85.480173, 46.680456 ], [ -85.446384, 46.691032 ], [ -85.429097, 46.69767 ], [ -85.406895, 46.702511 ], [ -85.384307, 46.710064 ], [ -85.37079, 46.714412 ], [ -85.364471, 46.717897 ], [ -85.363187, 46.71653 ], [ -85.344160630245796, 46.723999485692097 ], [ -85.32855, 46.730128 ], [ -85.310929, 46.737526 ], [ -85.290043, 46.744073 ], [ -85.280791462179195, 46.746667824533603 ], [ -85.2580407645831, 46.7530488251221 ], [ -85.25686, 46.75338 ], [ -85.256031083692406, 46.753481408544303 ], [ -85.238354, 46.755644 ], [ -85.237874980730197, 46.755678903294999 ], [ -85.239138, 46.658718 ], [ -85.250384, 46.658186 ], [ -85.265941, 46.658441 ], [ -85.266015, 46.654304 ], [ -85.276733, 46.65431 ], [ -85.276848, 46.650508 ], [ -85.287038, 46.650137 ], [ -85.287107, 46.646168 ], [ -85.307855, 46.646335 ], [ -85.308172, 46.641999 ], [ -85.323952, 46.642149 ], [ -85.324048, 46.599855 ], [ -85.313641, 46.599923 ], [ -85.313654, 46.59332 ], [ -85.270999, 46.593556 ], [ -85.271017, 46.586415 ], [ -85.291756, 46.586371 ], [ -85.29172, 46.564161 ], [ -85.34903, 46.563716 ], [ -85.353018, 46.562958 ], [ -85.355413, 46.561912 ], [ -85.423533, 46.515154 ], [ -85.424602, 46.514262 ], [ -85.426176, 46.511691 ], [ -85.426456, 46.510601 ], [ -85.426856, 46.473854 ], [ -85.427463, 46.472105 ], [ -85.436432, 46.464538 ], [ -85.441125, 46.461872 ], [ -85.453363, 46.45687 ], [ -85.45733, 46.456284 ], [ -85.460532, 46.455354 ], [ -85.468886, 46.450979 ], [ -85.47203, 46.448886 ], [ -85.474817, 46.445231 ], [ -85.476284, 46.443868 ], [ -85.484572, 46.439116 ], [ -85.501096, 46.434351 ], [ -85.508081, 46.43338 ], [ -85.509988, 46.431752 ], [ -85.510074, 46.418994 ], [ -85.538006, 46.419003 ], [ -85.546651, 46.419193 ], [ -85.552803, 46.418899 ], [ -85.562134, 46.418034 ], [ -85.565151, 46.418095 ], [ -85.573154, 46.418852 ], [ -85.584356, 46.418909 ], [ -85.586488, 46.419317 ], [ -85.590503, 46.421017 ], [ -85.592083, 46.42232 ], [ -85.594717, 46.425997 ], [ -85.614738, 46.425917 ], [ -85.617797, 46.426648 ], [ -85.618712, 46.427582 ], [ -85.639359, 46.45504 ], [ -85.640768, 46.454548 ], [ -85.68134, 46.444544 ], [ -85.684983, 46.440135 ], [ -85.688058, 46.433829 ], [ -85.688179, 46.431813 ], [ -85.687148, 46.366868 ], [ -85.685704, 46.36535 ], [ -85.68544, 46.364099 ], [ -85.687413, 46.36036 ], [ -85.687629, 46.339037 ], [ -85.68285, 46.338203 ], [ -85.68058, 46.336638 ], [ -85.676742, 46.331969 ], [ -85.660667, 46.312464 ], [ -85.657845, 46.310897 ], [ -85.654136, 46.310207 ], [ -85.614227, 46.310263 ], [ -85.551224, 46.310546 ], [ -85.539311, 46.310555 ], [ -85.532488, 46.311866 ], [ -85.529429, 46.311912 ], [ -85.524452, 46.31071 ], [ -85.521859, 46.30908 ], [ -85.51934, 46.306584 ], [ -85.515993, 46.304541 ], [ -85.513034, 46.303696 ], [ -85.510969, 46.303485 ], [ -85.488676, 46.303462 ], [ -85.484598, 46.303461 ], [ -85.482405, 46.303462 ], [ -85.239105, 46.303659 ], [ -85.237839, 46.24543 ], [ -85.361909, 46.245496 ], [ -85.363175, 46.245513 ], [ -85.572214, 46.245367 ], [ -85.601499, 46.245187 ], [ -85.613466, 46.244991 ], [ -85.865025, 46.244631 ], [ -85.864767, 46.270779 ] ] ] } },
{ "type": "Feature", "properties": { "geoid": "26163508000", "county_name": "Wayne County", "place_name": "Ecorse", "state_name": "Michigan", "state_abbr": "MI", "is_rural": false, "dci_score": 89.3, "dci_quintile": 2.0, "is_cra_lmi": true, "income_level": "L", "is_persistent_poverty": false, "is_tribal_overlap": false, "tribal_area_name": null, "aian_pct": 0.0, "has_nmtc": true, "nmtc_projects": 1, "nmtc_total_usd": 450000.0 }, "geometry": { "type": "Polygon", "coordinates": [ [ [ -83.124708, 42.446578 ], [ -83.117492, 42.446719 ], [ -83.11263, 42.446799 ], [ -83.112581, 42.446708 ], [ -83.107831, 42.441077 ], [ -83.106768, 42.439481 ], [ -83.100931, 42.432312 ], [ -83.102381, 42.432277 ], [ -83.114981, 42.432133 ], [ -83.119085, 42.438133 ], [ -83.119839, 42.439268 ], [ -83.124662, 42.446513 ], [ -83.124708, 42.446578 ] ] ] } },
{ "type": "Feature", "properties": { "geoid": "26049013600", "county_name": "Genesee County", "place_name": null, "state_name": "Michigan", "state_abbr": "MI", "is_rural": false, "dci_score": 94.0, "dci_quintile": 1.0, "is_cra_lmi": true, "income_level": "M", "is_persistent_poverty": false, "is_tribal_overlap": false, "tribal_area_name": null, "aian_pct": 0.0, "has_nmtc": false, "nmtc_projects": 0, "nmtc_total_usd": 0.0 }, "geometry": { "type": "Polygon", "coordinates": [ [ [ -83.693821, 43.043118 ], [ -83.687351, 43.043149 ], [ -83.687351, 43.035401 ], [ -83.683866, 43.035282 ], [ -83.682998, 43.034925 ], [ -83.682608, 43.034661 ], [ -83.68268, 43.034142 ], [ -83.681755, 43.032554 ], [ -83.683886, 43.030874 ], [ -83.684539, 43.0278 ], [ -83.687053, 43.023972 ], [ -83.688713, 43.023523 ], [ -83.693513, 43.023458 ], [ -83.693591, 43.030782 ], [ -83.693674, 43.035389 ], [ -83.693872, 43.039756 ], [ -83.693821, 43.043118 ] ] ] } },
{ "type": "Feature", "properties": { "geoid": "26075006001", "county_name": "Jackson County", "place_name": null, "state_name": "Michigan", "state_abbr": "MI", "is_rural": true, "dci_score": 71.9, "dci_quintile": 3.0, "is_cra_lmi": true, "income_level": "M", "is_persistent_poverty": false, "is_tribal_overlap": false, "tribal_area_name": null, "aian_pct": 0.0, "has_nmtc": false, "nmtc_projects": 0, "nmtc_total_usd": 0.0 }, "geometry": { "type": "Polygon", "coordinates": [ [ [ -84.364929, 42.255687 ], [ -84.364916, 42.276884 ], [ -84.321262, 42.27738 ], [ -84.314486, 42.277525 ], [ -84.308295, 42.279732 ], [ -84.308147, 42.279489 ], [ -84.306446, 42.277679 ], [ -84.303686, 42.277201 ], [ -84.304543, 42.271972 ], [ -84.30462, 42.268744 ], [ -84.305314, 42.267353 ], [ -84.305475, 42.266348 ], [ -84.304468, 42.264227 ], [ -84.305645, 42.259726 ], [ -84.30495, 42.259105 ], [ -84.304273, 42.255399 ], [ -84.304158, 42.250806 ], [ -84.310174, 42.250802 ], [ -84.313908, 42.249988 ], [ -84.315058, 42.250089 ], [ -84.323237, 42.250452 ], [ -84.323886, 42.250754 ], [ -84.326164, 42.252438 ], [ -84.328796, 42.253395 ], [ -84.330516, 42.253917 ], [ -84.333682, 42.253988 ], [ -84.334956, 42.254085 ], [ -84.338581, 42.255257 ], [ -84.338514, 42.248423 ], [ -84.337156, 42.245893 ], [ -84.337139, 42.244049 ], [ -84.346798, 42.244094 ], [ -84.346859, 42.243987 ], [ -84.346677, 42.240376 ], [ -84.346611, 42.238809 ], [ -84.348894, 42.239529 ], [ -84.354547, 42.239692 ], [ -84.355857, 42.239729 ], [ -84.357857, 42.239759 ], [ -84.358262, 42.239763 ], [ -84.362152, 42.240446 ], [ -84.364886, 42.240494 ], [ -84.364923, 42.247557 ], [ -84.364929, 42.255687 ] ] ] } },
{ "type": "Feature", "properties": { "geoid": "26057000600", "county_name": "Gratiot County", "place_name": null, "state_name": "Michigan", "state_abbr": "MI", "is_rural": true, "dci_score": 66.0, "dci_quintile": 4.0, "is_cra_lmi": false, "income_level": "U", "is_persistent_poverty": false, "is_tribal_overlap": false, "tribal_area_name": null, "aian_pct": 0.0, "has_nmtc": false, "nmtc_projects": 0, "nmtc_total_usd": 0.0 }, "geometry": { "type": "Polygon", "coordinates": [ [ [ -84.686026, 43.37229 ], [ -84.685981, 43.379056 ], [ -84.680693, 43.379039 ], [ -84.667107, 43.37899 ], [ -84.666789, 43.379025 ], [ -84.661846, 43.378982 ], [ -84.656998, 43.378958 ], [ -84.655916, 43.378952 ], [ -84.64518, 43.379096 ], [ -84.643627, 43.378915 ], [ -84.626984, 43.378875 ], [ -84.626672, 43.378868 ], [ -84.626636, 43.371365 ], [ -84.626647, 43.364066 ], [ -84.636472, 43.364116 ], [ -84.646362, 43.364131 ], [ -84.646509, 43.349673 ], [ -84.656547, 43.349717 ], [ -84.66657, 43.349762 ], [ -84.666569, 43.358446 ], [ -84.666567, 43.360657 ], [ -84.666559, 43.364254 ], [ -84.669066, 43.364262 ], [ -84.676285, 43.364343 ], [ -84.686064, 43.364346 ], [ -84.686026, 43.37229 ] ] ] } },
{ "type": "Feature", "properties": { "geoid": "26059051200", "county_name": "Hillsdale County", "place_name": null, "state_name": "Michigan", "state_abbr": "MI", "is_rural": true, "dci_score": 84.7, "dci_quintile": 2.0, "is_cra_lmi": false, "income_level": "U", "is_persistent_poverty": false, "is_tribal_overlap": false, "tribal_area_name": null, "aian_pct": 0.0, "has_nmtc": false, "nmtc_projects": 0, "nmtc_total_usd": 0.0 }, "geometry": { "type": "Polygon", "coordinates": [ [ [ -84.825337, 41.810954 ], [ -84.824782, 41.810948 ], [ -84.824023, 41.811238 ], [ -84.823675, 41.811228 ], [ -84.823071, 41.811021 ], [ -84.822795, 41.810973 ], [ -84.81131, 41.810913 ], [ -84.811182, 41.806784 ], [ -84.80663, 41.806561 ], [ -84.806369, 41.805864 ], [ -84.803608, 41.806958 ], [ -84.801311, 41.810612 ], [ -84.800102, 41.810903 ], [ -84.767155, 41.810788 ], [ -84.767404, 41.803098 ], [ -84.763521, 41.803138 ], [ -84.757308, 41.806887 ], [ -84.748052, 41.806916 ], [ -84.747771, 41.810662 ], [ -84.709059, 41.810571 ], [ -84.689329, 41.810674 ], [ -84.674858, 41.810732 ], [ -84.66991, 41.810747 ], [ -84.669321, 41.810746 ], [ -84.668219, 41.811771 ], [ -84.665244, 41.818058 ], [ -84.665177, 41.822104 ], [ -84.658122, 41.822087 ], [ -84.65403, 41.822413 ], [ -84.650639, 41.822188 ], [ -84.645494, 41.822183 ], [ -84.631305, 41.82223 ], [ -84.631272, 41.812538 ], [ -84.631422, 41.810944 ], [ -84.626593, 41.810936 ], [ -84.616678, 41.810963 ], [ -84.612197, 41.810961 ], [ -84.592489, 41.811067 ], [ -84.592561, 41.769789 ], [ -84.592499, 41.769615 ], [ -84.592154, 41.769278 ], [ -84.592078, 41.769135 ], [ -84.592122, 41.768853 ], [ -84.592263, 41.768681 ], [ -84.592458, 41.7685 ], [ -84.592522, 41.768392 ], [ -84.592492, 41.745675 ], [ -84.592462, 41.738443 ], [ -84.650423, 41.738369 ], [ -84.650491, 41.74559 ], [ -84.669709, 41.745566 ], [ -84.669673, 41.738295 ], [ -84.68894, 41.738267 ], [ -84.708619, 41.738208 ], [ -84.708903, 41.738124 ], [ -84.708815, 41.723531 ], [ -84.718519, 41.723438 ], [ -84.718445, 41.708103 ], [ -84.71022, 41.708118 ], [ -84.708647, 41.70841 ], [ -84.708710974698903, 41.699125452984603 ], [ -84.747530824296007, 41.698296749864802 ], [ -84.749955, 41.698245 ], [ -84.805972, 41.696118 ], [ -84.805996, 41.696118 ], [ -84.806008813451498, 41.702738477416197 ], [ -84.806018, 41.707485 ], [ -84.806042, 41.720544 ], [ -84.806065, 41.732909 ], [ -84.806074, 41.737603 ], [ -84.806134, 41.743115 ], [ -84.805883660690895, 41.760170986155401 ], [ -84.805883, 41.760216 ], [ -84.818873, 41.760059 ], [ -84.825129909657406, 41.759990721213597 ], [ -84.825192, 41.777946 ], [ -84.825217, 41.781274 ], [ -84.825337, 41.810954 ] ] ] } },
{ "type": "Feature", "properties": { "geoid": "26145000700", "county_name": "Saginaw County", "place_name": null, "state_name": "Michigan", "state_abbr": "MI", "is_rural": true, "dci_score": 99.2, "dci_quintile": 1.0, "is_cra_lmi": true, "income_level": "M", "is_persistent_poverty": false, "is_tribal_overlap": false, "tribal_area_name": null, "aian_pct": 0.0, "has_nmtc": false, "nmtc_projects": 0, "nmtc_total_usd": 0.0 }, "geometry": { "type": "Polygon", "coordinates": [ [ [ -83.935843, 43.421517 ], [ -83.935558, 43.421947 ], [ -83.934081, 43.42493 ], [ -83.935594, 43.427678 ], [ -83.931798, 43.429326 ], [ -83.926604, 43.429204 ], [ -83.924073, 43.429196 ], [ -83.924338, 43.421984 ], [ -83.925037, 43.421994 ], [ -83.923947, 43.420356 ], [ -83.922747, 43.418554 ], [ -83.917466, 43.418618 ], [ -83.917384, 43.414759 ], [ -83.921655, 43.414767 ], [ -83.929981, 43.414783 ], [ -83.935926, 43.414796 ], [ -83.935843, 43.421517 ] ] ] } },
{ "type": "Feature", "properties": { "geoid": "26065004403", "county_name": "Ingham County", "place_name": "Detroit", "state_name": "Michigan", "state_abbr": "MI", "is_rural": false, "dci_score": 44.6, "dci_quintile": 5.0, "is_cra_lmi": true, "income_level": "M", "is_persistent_poverty": false, "is_tribal_overlap": false, "tribal_area_name": null, "aian_pct": 0.0, "has_nmtc": false, "nmtc_projects": 0, "nmtc_total_usd": 0.0 }, "geometry": { "type": "Polygon", "coordinates": [ [ [ -84.504159, 42.726733 ], [ -84.502254, 42.727433 ], [ -84.498846, 42.728165 ], [ -84.499918, 42.729833 ], [ -84.498028, 42.729929 ], [ -84.494333, 42.7298 ], [ -84.493927, 42.729743 ], [ -84.493892, 42.725693 ], [ -84.493676, 42.725677 ], [ -84.491261, 42.725691 ], [ -84.491173, 42.724207 ], [ -84.49041, 42.722033 ], [ -84.490007, 42.720276 ], [ -84.492774, 42.720426 ], [ -84.493694, 42.720421 ], [ -84.50307, 42.720425 ], [ -84.504159, 42.726733 ] ] ] } },
{ "type": "Feature", "properties": { "geoid": "26081003500", "county_name": "Kent County", "place_name": "Westland", "state_name": "Michigan", "state_abbr": "MI", "is_rural": false, "dci_score": 73.2, "dci_quintile": 3.0, "is_cra_lmi": true, "income_level": "M", "is_persistent_poverty": false, "is_tribal_overlap": false, "tribal_area_name": null, "aian_pct": 0.0, "has_nmtc": false, "nmtc_projects": 0, "nmtc_total_usd": 0.0 }, "geometry": { "type": "Polygon", "coordinates": [ [ [ -85.64917, 42.941135 ], [ -85.639406, 42.941041 ], [ -85.634677, 42.941011 ], [ -85.634503, 42.938022 ], [ -85.63362, 42.934401 ], [ -85.633331, 42.930773 ], [ -85.633043, 42.927144 ], [ -85.633772, 42.927153 ], [ -85.637801, 42.927187 ], [ -85.638479, 42.927199 ], [ -85.64324, 42.927263 ], [ -85.643309, 42.928164 ], [ -85.648108, 42.928227 ], [ -85.648722, 42.934919 ], [ -85.64895, 42.938184 ], [ -85.64917, 42.941135 ] ] ] } },
{ "type": "Feature", "properties": { "geoid": "26125141700", "county_name": "Oakland County", "place_name": "Detroit", "state_name": "Michigan", "state_abbr": "MI", "is_rural": false, "dci_score": 89.7, "dci_quintile": 2.0, "is_cra_lmi": true, "income_level": "L", "is_persistent_poverty": false, "is_tribal_overlap": false, "tribal_area_name": null, "aian_pct": 0.0, "has_nmtc": false, "nmtc_projects": 0, "nmtc_total_usd": 0.0 }, "geometry": { "type": "Polygon", "coordinates": [ [ [ -83.311669, 42.652517 ], [ -83.307831, 42.655556 ], [ -83.305533, 42.656645 ], [ -83.305217, 42.656785 ], [ -83.30338, 42.657294 ], [ -83.299699, 42.657116 ], [ -83.296971, 42.656824 ], [ -83.294984, 42.656065 ], [ -83.294462, 42.656045 ], [ -83.294497, 42.648704 ], [ -83.294276, 42.644171 ], [ -83.296743, 42.64411 ], [ -83.297457, 42.643617 ], [ -83.298167, 42.644098 ], [ -83.298912, 42.643481 ], [ -83.301405, 42.641553 ], [ -83.30479, 42.644015 ], [ -83.303914, 42.644652 ], [ -83.30731, 42.646957 ], [ -83.311839, 42.651861 ], [ -83.311669, 42.652517 ] ] ] } },
{ "type": "Feature", "properties": { "geoid": "26035000200", "county_name": "Clare County", "place_name": null, "state_name": "Michigan", "state_abbr": "MI", "is_rural": true, "dci_score": 72.0, "dci_quintile": 3.0, "is_cra_lmi": true, "income_level": "M", "is_persistent_poverty": false, "is_tribal_overlap": false, "tribal_area_name": null, "aian_pct": 0.0, "has_nmtc": false, "nmtc_projects": 0, "nmtc_total_usd": 0.0 }, "geometry": { "type": "Polygon", "coordinates": [ [ [ -85.087871, 43.987243 ], [ -85.087846, 43.989697 ], [ -85.087632, 43.991339 ], [ -85.087602, 44.07366 ], [ -85.08742, 44.088047 ], [ -85.087403, 44.164242 ], [ -85.073622, 44.164008 ], [ -85.057952, 44.163705 ], [ -85.021022, 44.163186 ], [ -85.01748, 44.163241 ], [ -84.972504, 44.162475 ], [ -84.967927, 44.162409 ], [ -84.952179, 44.162091 ], [ -84.921776, 44.161763 ], [ -84.878936, 44.161412 ], [ -84.877207, 44.161643 ], [ -84.867516, 44.161402 ], [ -84.851705, 44.161375 ], [ -84.848282, 44.161367 ], [ -84.844866, 44.161443 ], [ -84.796683, 44.160992 ], [ -84.798881, 44.153448 ], [ -84.798998, 44.112091 ], [ -84.79939, 44.107156 ], [ -84.798745, 44.103661 ], [ -84.809069, 44.10371 ], [ -84.809209, 44.11097 ], [ -84.829234, 44.110818 ], [ -84.829168, 44.1036 ], [ -84.848111, 44.103447 ], [ -84.868804, 44.103487 ], [ -84.869055, 44.094102 ], [ -84.869517, 44.074287 ], [ -84.869532, 44.059805 ], [ -84.869372, 44.030942 ], [ -84.876682, 44.030949 ], [ -84.877796, 44.030366 ], [ -84.883106, 44.030934 ], [ -84.909425, 44.031059 ], [ -84.908966, 44.002099 ], [ -84.968208, 44.002455 ], [ -84.96828, 44.031186 ], [ -85.015958, 44.031413 ], [ -85.021982, 44.032314 ], [ -85.026182, 44.033534 ], [ -85.029707, 44.035006 ], [ -85.033619, 44.037361 ], [ -85.037152, 44.035558 ], [ -85.036912, 44.033702 ], [ -85.033543, 44.033623 ], [ -85.03338, 44.03243 ], [ -85.03815, 44.031227 ], [ -85.038031, 44.028997 ], [ -85.040215, 44.029535 ], [ -85.04028, 44.030838 ], [ -85.042665, 44.030498 ], [ -85.040095, 44.026736 ], [ -85.038655, 44.025557 ], [ -85.039057, 44.023156 ], [ -85.040647, 44.023359 ], [ -85.041659, 44.025963 ], [ -85.043774, 44.025694 ], [ -85.044697, 44.023203 ], [ -85.044194, 44.021464 ], [ -85.04584, 44.021579 ], [ -85.050907, 44.019363 ], [ -85.051916, 44.018088 ], [ -85.054129, 44.018259 ], [ -85.05355, 44.016223 ], [ -85.053985, 44.01457 ], [ -85.051055, 44.012451 ], [ -85.051278, 44.010929 ], [ -85.054248, 44.011551 ], [ -85.055584, 44.010833 ], [ -85.05928, 44.010481 ], [ -85.05963, 44.008995 ], [ -85.057477, 44.008079 ], [ -85.05554, 44.00884 ], [ -85.055525, 44.007757 ], [ -85.058907, 44.003897 ], [ -85.062677, 44.00287 ], [ -85.064705, 44.002985 ], [ -85.068219, 44.004313 ], [ -85.068949, 44.00269 ], [ -85.070913, 44.002783 ], [ -85.070925, 44.004832 ], [ -85.074374, 44.004401 ], [ -85.073613, 44.00256 ], [ -85.073019, 43.997866 ], [ -85.074111, 43.999452 ], [ -85.076249, 44.000143 ], [ -85.075506, 43.997812 ], [ -85.076702, 43.995615 ], [ -85.07486, 43.996017 ], [ -85.073479, 43.994463 ], [ -85.077415, 43.994078 ], [ -85.079642, 43.991966 ], [ -85.082589, 43.991478 ], [ -85.083524, 43.989244 ], [ -85.083501, 43.987309 ], [ -85.083811, 43.986282 ], [ -85.087877, 43.986801 ], [ -85.087871, 43.987243 ] ] ] } },
{ "type": "Feature", "properties": { "geoid": "26065003500", "county_name": "Ingham County", "place_name": null, "state_name": "Michigan", "state_abbr": "MI", "is_rural": false, "dci_score": 29.7, "dci_quintile": 5.0, "is_cra_lmi": true, "income_level": "M", "is_persistent_poverty": false, "is_tribal_overlap": false, "tribal_area_name": null, "aian_pct": 0.0, "has_nmtc": false, "nmtc_projects": 0, "nmtc_total_usd": 0.0 }, "geometry": { "type": "Polygon", "coordinates": [ [ [ -84.603115, 42.709327 ], [ -84.603112, 42.70942 ], [ -84.603038, 42.721578 ], [ -84.603011, 42.726578 ], [ -84.602942, 42.733902 ], [ -84.602893, 42.741109 ], [ -84.596252, 42.741064 ], [ -84.592337, 42.741077 ], [ -84.590486, 42.741099 ], [ -84.58753, 42.741092 ], [ -84.587588, 42.73387 ], [ -84.582155, 42.733859 ], [ -84.582153, 42.732036 ], [ -84.582162, 42.729741 ], [ -84.586866, 42.729363 ], [ -84.58687, 42.726629 ], [ -84.589447, 42.726614 ], [ -84.58948, 42.724607 ], [ -84.586665, 42.725296 ], [ -84.588226, 42.722911 ], [ -84.587984, 42.722276 ], [ -84.587972, 42.722144 ], [ -84.58724, 42.721334 ], [ -84.587202, 42.72128 ], [ -84.586458, 42.720312 ], [ -84.590781, 42.719646 ], [ -84.592769, 42.718386 ], [ -84.594559, 42.71505 ], [ -84.598498, 42.712187 ], [ -84.598597, 42.712098 ], [ -84.602187, 42.708932 ], [ -84.603122, 42.708499 ], [ -84.603115, 42.709327 ] ] ] } },
{ "type": "Feature", "properties": { "geoid": "26163574000", "county_name": "Wayne County", "place_name": "Romulus", "state_name": "Michigan", "state_abbr": "MI", "is_rural": false, "dci_score": 95.5, "dci_quintile": 1.0, "is_cra_lmi": true, "income_level": "M", "is_persistent_poverty": false, "is_tribal_overlap": false, "tribal_area_name": null, "aian_pct": 0.0, "has_nmtc": false, "nmtc_projects": 0, "nmtc_total_usd": 0.0 }, "geometry": { "type": "Polygon", "coordinates": [ [ [ -83.185932, 42.329279 ], [ -83.180866, 42.329392 ], [ -83.17622, 42.329221 ], [ -83.172599, 42.329294 ], [ -83.170996, 42.329427 ], [ -83.170115, 42.329605 ], [ -83.166456, 42.329686 ], [ -83.166255, 42.324981 ], [ -83.17236, 42.323214 ], [ -83.175947, 42.322167 ], [ -83.178621, 42.321393 ], [ -83.17942, 42.321162 ], [ -83.185471, 42.319409 ], [ -83.185703, 42.324562 ], [ -83.185814, 42.326908 ], [ -83.185932, 42.329279 ] ] ] } },
{ "type": "Feature", "properties": { "geoid": "26163570900", "county_name": "Wayne County", "place_name": "Detroit", "state_name": "Michigan", "state_abbr": "MI", "is_rural": false, "dci_score": 98.9, "dci_quintile": 1.0, "is_cra_lmi": true, "income_level": "M", "is_persistent_poverty": false, "is_tribal_overlap": false, "tribal_area_name": null, "aian_pct": 0.0, "has_nmtc": false, "nmtc_projects": 0, "nmtc_total_usd": 0.0 }, "geometry": { "type": "Polygon", "coordinates": [ [ [ -83.309907, 42.290967 ], [ -83.300165, 42.292546 ], [ -83.299789, 42.282921 ], [ -83.29952, 42.275678 ], [ -83.304422, 42.275584 ], [ -83.309311, 42.275505 ], [ -83.309564, 42.282731 ], [ -83.309907, 42.290967 ] ] ] } },
{ "type": "Feature", "properties": { "geoid": "26163573400", "county_name": "Wayne County", "place_name": "Detroit", "state_name": "Michigan", "state_abbr": "MI", "is_rural": false, "dci_score": 95.5, "dci_quintile": 1.0, "is_cra_lmi": true, "income_level": "M", "is_persistent_poverty": false, "is_tribal_overlap": false, "tribal_area_name": null, "aian_pct": 0.0, "has_nmtc": false, "nmtc_projects": 0, "nmtc_total_usd": 0.0 }, "geometry": { "type": "Polygon", "coordinates": [ [ [ -83.195592, 42.32919 ], [ -83.190302, 42.329237 ], [ -83.185932, 42.329279 ], [ -83.185814, 42.326908 ], [ -83.185703, 42.324562 ], [ -83.185471, 42.319409 ], [ -83.186794, 42.319026 ], [ -83.189694, 42.318187 ], [ -83.194929, 42.316427 ], [ -83.195052, 42.316855 ], [ -83.195297, 42.322165 ], [ -83.195403, 42.32455 ], [ -83.195592, 42.32919 ] ] ] } },
{ "type": "Feature", "properties": { "geoid": "26163524700", "county_name": "Wayne County", "place_name": null, "state_name": "Michigan", "state_abbr": "MI", "is_rural": false, "dci_score": 84.1, "dci_quintile": 2.0, "is_cra_lmi": true, "income_level": "M", "is_persistent_poverty": false, "is_tribal_overlap": false, "tribal_area_name": null, "aian_pct": 0.0, "has_nmtc": false, "nmtc_projects": 0, "nmtc_total_usd": 0.0 }, "geometry": { "type": "Polygon", "coordinates": [ [ [ -83.165103, 42.270067 ], [ -83.161487, 42.274351 ], [ -83.15824, 42.278844 ], [ -83.156295, 42.277136 ], [ -83.152109, 42.278904 ], [ -83.148043, 42.282982 ], [ -83.140368, 42.279466 ], [ -83.143534, 42.275735 ], [ -83.14804, 42.270438 ], [ -83.153033, 42.264401 ], [ -83.157478, 42.26648 ], [ -83.164864, 42.269926 ], [ -83.165103, 42.270067 ] ] ] } },
{ "type": "Feature", "properties": { "geoid": "26163521500", "county_name": "Wayne County", "place_name": null, "state_name": "Michigan", "state_abbr": "MI", "is_rural": false, "dci_score": 94.3, "dci_quintile": 1.0, "is_cra_lmi": true, "income_level": "M", "is_persistent_poverty": false, "is_tribal_overlap": false, "tribal_area_name": null, "aian_pct": 0.0, "has_nmtc": false, "nmtc_projects": 0, "nmtc_total_usd": 0.0 }, "geometry": { "type": "Polygon", "coordinates": [ [ [ -83.090548, 42.336304 ], [ -83.081028, 42.339295 ], [ -83.072857, 42.341862 ], [ -83.072578, 42.341949 ], [ -83.0711, 42.342409 ], [ -83.068078, 42.34336 ], [ -83.068015, 42.343224 ], [ -83.064999, 42.336639 ], [ -83.064266, 42.335438 ], [ -83.068662, 42.334477 ], [ -83.075463, 42.332742 ], [ -83.077168, 42.332529 ], [ -83.0823, 42.33293 ], [ -83.08397, 42.332621 ], [ -83.085186, 42.332029 ], [ -83.086491, 42.330169 ], [ -83.08774, 42.333766 ], [ -83.090548, 42.336304 ] ] ] } },
{ "type": "Feature", "properties": { "geoid": "26163544100", "county_name": "Wayne County", "place_name": null, "state_name": "Michigan", "state_abbr": "MI", "is_rural": false, "dci_score": 93.0, "dci_quintile": 1.0, "is_cra_lmi": true, "income_level": "L", "is_persistent_poverty": false, "is_tribal_overlap": false, "tribal_area_name": null, "aian_pct": 0.0, "has_nmtc": false, "nmtc_projects": 0, "nmtc_total_usd": 0.0 }, "geometry": { "type": "Polygon", "coordinates": [ [ [ -83.275725, 42.400096 ], [ -83.272117, 42.399955 ], [ -83.266676, 42.40024 ], [ -83.264371, 42.40025 ], [ -83.261758, 42.40026 ], [ -83.261519, 42.393034 ], [ -83.261314, 42.385788 ], [ -83.265226, 42.385792 ], [ -83.275208, 42.385468 ], [ -83.275725, 42.400096 ] ] ] } },
{ "type": "Feature", "properties": { "geoid": "26099268400", "county_name": "Macomb County", "place_name": "Detroit", "state_name": "Michigan", "state_abbr": "MI", "is_rural": false, "dci_score": 86.3, "dci_quintile": 2.0, "is_cra_lmi": true, "income_level": "L", "is_persistent_poverty": false, "is_tribal_overlap": false, "tribal_area_name": null, "aian_pct": 0.0, "has_nmtc": false, "nmtc_projects": 0, "nmtc_total_usd": 0.0 }, "geometry": { "type": "Polygon", "coordinates": [ [ [ -83.018819, 42.470371 ], [ -83.01584, 42.470442 ], [ -83.015993, 42.474036 ], [ -83.016042, 42.477657 ], [ -83.006124, 42.477885 ], [ -83.000646, 42.477996 ], [ -82.986758, 42.478269 ], [ -82.986458, 42.470787 ], [ -82.998375, 42.45477 ], [ -83.002698, 42.448901 ], [ -83.005185, 42.448819 ], [ -83.005534, 42.448806 ], [ -83.007274, 42.448725 ], [ -83.005363, 42.451375 ], [ -83.005459, 42.456263 ], [ -83.005565, 42.459815 ], [ -83.005677, 42.463439 ], [ -83.015719, 42.46336 ], [ -83.018598, 42.463288 ], [ -83.0187, 42.466387 ], [ -83.018819, 42.470371 ] ] ] } },
{ "type": "Feature", "properties": { "geoid": "26163584801", "county_name": "Wayne County", "place_name": null, "state_name": "Michigan", "state_abbr": "MI", "is_rural": false, "dci_score": 81.1, "dci_quintile": 2.0, "is_cra_lmi": true, "income_level": "L", "is_persistent_poverty": false, "is_tribal_overlap": false, "tribal_area_name": null, "aian_pct": 0.0, "has_nmtc": false, "nmtc_projects": 0, "nmtc_total_usd": 0.0 }, "geometry": { "type": "Polygon", "coordinates": [ [ [ -83.306535, 42.195973 ], [ -83.296848, 42.196748 ], [ -83.295611, 42.196795 ], [ -83.295492, 42.191093 ], [ -83.295445, 42.189245 ], [ -83.296195, 42.189186 ], [ -83.298686, 42.188579 ], [ -83.306262, 42.188343 ], [ -83.306438, 42.193242 ], [ -83.306535, 42.195973 ] ] ] } },
{ "type": "Feature", "properties": { "geoid": "26055551303", "county_name": "Grand Traverse County", "place_name": "Detroit", "state_name": "Michigan", "state_abbr": "MI", "is_rural": true, "dci_score": 29.6, "dci_quintile": 5.0, "is_cra_lmi": false, "income_level": "U", "is_persistent_poverty": false, "is_tribal_overlap": false, "tribal_area_name": null, "aian_pct": 0.0, "has_nmtc": false, "nmtc_projects": 0, "nmtc_total_usd": 0.0 }, "geometry": { "type": "Polygon", "coordinates": [ [ [ -85.605611, 44.73033 ], [ -85.605574, 44.732961 ], [ -85.60559, 44.733364 ], [ -85.605505, 44.744282 ], [ -85.600404, 44.74422 ], [ -85.59535, 44.744183 ], [ -85.595355, 44.743136 ], [ -85.595377, 44.739433 ], [ -85.59537, 44.736962 ], [ -85.595384, 44.733319 ], [ -85.592192, 44.733298 ], [ -85.590583, 44.73329 ], [ -85.585901, 44.733251 ], [ -85.575025, 44.733176 ], [ -85.575162, 44.71512 ], [ -85.584885, 44.715142 ], [ -85.590115, 44.715156 ], [ -85.595517, 44.715183 ], [ -85.605645, 44.715286 ], [ -85.605611, 44.73033 ] ] ] } },
{ "type": "Feature", "properties": { "geoid": "26163525700", "county_name": "Wayne County", "place_name": null, "state_name": "Michigan", "state_abbr": "MI", "is_rural": false, "dci_score": 92.8, "dci_quintile": 1.0, "is_cra_lmi": true, "income_level": "M", "is_persistent_poverty": false, "is_tribal_overlap": false, "tribal_area_name": null, "aian_pct": 0.0, "has_nmtc": false, "nmtc_projects": 0, "nmtc_total_usd": 0.0 }, "geometry": { "type": "Polygon", "coordinates": [ [ [ -83.137597, 42.331102 ], [ -83.131896, 42.331111 ], [ -83.127373, 42.331147 ], [ -83.120338, 42.331112 ], [ -83.116748, 42.326171 ], [ -83.115311, 42.324195 ], [ -83.121837, 42.323241 ], [ -83.128946, 42.322855 ], [ -83.131368, 42.322383 ], [ -83.132121, 42.32343 ], [ -83.137597, 42.331102 ] ] ] } },
{ "type": "Feature", "properties": { "geoid": "26049010501", "county_name": "Genesee County", "place_name": null, "state_name": "Michigan", "state_abbr": "MI", "is_rural": false, "dci_score": 95.3, "dci_quintile": 1.0, "is_cra_lmi": true, "income_level": "M", "is_persistent_poverty": false, "is_tribal_overlap": false, "tribal_area_name": null, "aian_pct": 0.0, "has_nmtc": false, "nmtc_projects": 0, "nmtc_total_usd": 0.0 }, "geometry": { "type": "Polygon", "coordinates": [ [ [ -83.76291, 43.075238 ], [ -83.743439, 43.075456 ], [ -83.733431, 43.075087 ], [ -83.733399, 43.067391 ], [ -83.733421, 43.063915 ], [ -83.733375, 43.06064 ], [ -83.737697, 43.060662 ], [ -83.737607, 43.057176 ], [ -83.733392, 43.057041 ], [ -83.733439, 43.053831 ], [ -83.733308, 43.050396 ], [ -83.733299, 43.046224 ], [ -83.755054, 43.046076 ], [ -83.762019, 43.057803 ], [ -83.762658, 43.06065 ], [ -83.76291, 43.075238 ] ] ] } },
{ "type": "Feature", "properties": { "geoid": "26081012703", "county_name": "Kent County", "place_name": null, "state_name": "Michigan", "state_abbr": "MI", "is_rural": false, "dci_score": 54.6, "dci_quintile": 4.0, "is_cra_lmi": false, "income_level": "U", "is_persistent_poverty": false, "is_tribal_overlap": false, "tribal_area_name": null, "aian_pct": 0.0, "has_nmtc": false, "nmtc_projects": 0, "nmtc_total_usd": 0.0 }, "geometry": { "type": "Polygon", "coordinates": [ [ [ -85.645146, 42.869316 ], [ -85.64178, 42.869292 ], [ -85.635062, 42.869251 ], [ -85.625317, 42.869168 ], [ -85.625105, 42.863424 ], [ -85.625088, 42.862656 ], [ -85.624998, 42.859122 ], [ -85.624868, 42.85468 ], [ -85.63703, 42.854765 ], [ -85.644626, 42.854819 ], [ -85.644788, 42.85806 ], [ -85.644926, 42.862072 ], [ -85.645146, 42.869316 ] ] ] } },
{ "type": "Feature", "properties": { "geoid": "26163507000", "county_name": "Wayne County", "place_name": null, "state_name": "Michigan", "state_abbr": "MI", "is_rural": false, "dci_score": 99.6, "dci_quintile": 1.0, "is_cra_lmi": true, "income_level": "L", "is_persistent_poverty": false, "is_tribal_overlap": false, "tribal_area_name": null, "aian_pct": 0.0, "has_nmtc": false, "nmtc_projects": 0, "nmtc_total_usd": 0.0 }, "geometry": { "type": "Polygon", "coordinates": [ [ [ -83.070214, 42.432973 ], [ -83.063117, 42.433129 ], [ -83.057721, 42.433248 ], [ -83.05332, 42.433344 ], [ -83.053025, 42.426091 ], [ -83.062706, 42.425901 ], [ -83.068614, 42.425834 ], [ -83.073673, 42.432929 ], [ -83.070214, 42.432973 ] ] ] } },
{ "type": "Feature", "properties": { "geoid": "26163537100", "county_name": "Wayne County", "place_name": null, "state_name": "Michigan", "state_abbr": "MI", "is_rural": false, "dci_score": 95.9, "dci_quintile": 1.0, "is_cra_lmi": true, "income_level": "M", "is_persistent_poverty": false, "is_tribal_overlap": false, "tribal_area_name": null, "aian_pct": 0.0, "has_nmtc": true, "nmtc_projects": 1, "nmtc_total_usd": 800000.0 }, "geometry": { "type": "Polygon", "coordinates": [ [ [ -83.184526, 42.401938 ], [ -83.179129, 42.40208 ], [ -83.169402, 42.402229 ], [ -83.169053, 42.395031 ], [ -83.168982, 42.393571 ], [ -83.176191, 42.393375 ], [ -83.178715, 42.392699 ], [ -83.1788, 42.394824 ], [ -83.184224, 42.394666 ], [ -83.184526, 42.401938 ] ] ] } },
{ "type": "Feature", "properties": { "geoid": "26145010304", "county_name": "Saginaw County", "place_name": null, "state_name": "Michigan", "state_abbr": "MI", "is_rural": true, "dci_score": 51.3, "dci_quintile": 5.0, "is_cra_lmi": true, "income_level": "M", "is_persistent_poverty": false, "is_tribal_overlap": false, "tribal_area_name": null, "aian_pct": 0.0, "has_nmtc": false, "nmtc_projects": 0, "nmtc_total_usd": 0.0 }, "geometry": { "type": "Polygon", "coordinates": [ [ [ -83.995227, 43.465428 ], [ -83.995088, 43.480279 ], [ -83.975489, 43.480049 ], [ -83.955876, 43.479824 ], [ -83.956086, 43.478662 ], [ -83.956164, 43.472309 ], [ -83.956218, 43.465747 ], [ -83.95619, 43.452206 ], [ -83.955747, 43.450945 ], [ -83.975564, 43.450998 ], [ -83.987236, 43.451008 ], [ -83.995217, 43.451069 ], [ -83.995227, 43.465428 ] ] ] } },
{ "type": "Feature", "properties": { "geoid": "26021000400", "county_name": "Berrien County", "place_name": "Bridgeport", "state_name": "Michigan", "state_abbr": "MI", "is_rural": true, "dci_score": 94.5, "dci_quintile": 1.0, "is_cra_lmi": true, "income_level": "L", "is_persistent_poverty": false, "is_tribal_overlap": false, "tribal_area_name": null, "aian_pct": 0.0, "has_nmtc": true, "nmtc_projects": 2, "nmtc_total_usd": 27930000.0 }, "geometry": { "type": "Polygon", "coordinates": [ [ [ -86.47331, 42.112925 ], [ -86.470277, 42.11394 ], [ -86.46758, 42.118338 ], [ -86.467245, 42.118822 ], [ -86.466982, 42.119411 ], [ -86.466801, 42.119564 ], [ -86.467, 42.120281 ], [ -86.464441, 42.122107 ], [ -86.464057, 42.123307 ], [ -86.463479, 42.124345 ], [ -86.459975, 42.124826 ], [ -86.459762, 42.123479 ], [ -86.45737, 42.123516 ], [ -86.450953, 42.128013 ], [ -86.45037, 42.125405 ], [ -86.448176, 42.125082 ], [ -86.448069, 42.124434 ], [ -86.452965, 42.119989 ], [ -86.450128, 42.120065 ], [ -86.449348, 42.117395 ], [ -86.448706, 42.116106 ], [ -86.445742, 42.112613 ], [ -86.443635, 42.108924 ], [ -86.456161, 42.108951 ], [ -86.456053, 42.101659 ], [ -86.461066, 42.101663 ], [ -86.467846, 42.101653 ], [ -86.466598, 42.104255 ], [ -86.466382, 42.107914 ], [ -86.466925, 42.108927 ], [ -86.47104, 42.111782 ], [ -86.47331, 42.112925 ] ] ] } },
{ "type": "Feature", "properties": { "geoid": "26163534300", "county_name": "Wayne County", "place_name": "Saginaw", "state_name": "Michigan", "state_abbr": "MI", "is_rural": false, "dci_score": 94.3, "dci_quintile": 1.0, "is_cra_lmi": true, "income_level": "M", "is_persistent_poverty": false, "is_tribal_overlap": false, "tribal_area_name": null, "aian_pct": 0.0, "has_nmtc": false, "nmtc_projects": 0, "nmtc_total_usd": 0.0 }, "geometry": { "type": "Polygon", "coordinates": [ [ [ -83.168452, 42.380491 ], [ -83.158688, 42.376678 ], [ -83.15763, 42.376253 ], [ -83.151142, 42.373635 ], [ -83.158569, 42.373505 ], [ -83.158459, 42.37129 ], [ -83.164482, 42.371133 ], [ -83.168085, 42.371041 ], [ -83.168155, 42.37323 ], [ -83.168452, 42.380491 ] ] ] } },
{ "type": "Feature", "properties": { "geoid": "26049012503", "county_name": "Genesee County", "place_name": null, "state_name": "Michigan", "state_abbr": "MI", "is_rural": false, "dci_score": 66.8, "dci_quintile": 4.0, "is_cra_lmi": false, "income_level": "U", "is_persistent_poverty": false, "is_tribal_overlap": false, "tribal_area_name": null, "aian_pct": 0.0, "has_nmtc": false, "nmtc_projects": 0, "nmtc_total_usd": 0.0 }, "geometry": { "type": "Polygon", "coordinates": [ [ [ -83.695102, 43.163406 ], [ -83.695222, 43.177911 ], [ -83.692121, 43.178374 ], [ -83.659998, 43.178867 ], [ -83.640165, 43.179189 ], [ -83.639808, 43.164534 ], [ -83.639539, 43.161446 ], [ -83.639239, 43.157995 ], [ -83.638273, 43.135467 ], [ -83.658019, 43.135064 ], [ -83.677791, 43.134652 ], [ -83.682926, 43.13457 ], [ -83.694581, 43.134327 ], [ -83.694728, 43.148752 ], [ -83.694735, 43.148985 ], [ -83.69484, 43.158526 ], [ -83.695281, 43.163389 ], [ -83.695102, 43.163406 ] ] ] } },
{ "type": "Feature", "properties": { "geoid": "26163559800", "county_name": "Wayne County", "place_name": null, "state_name": "Michigan", "state_abbr": "MI", "is_rural": false, "dci_score": 89.3, "dci_quintile": 2.0, "is_cra_lmi": true, "income_level": "L", "is_persistent_poverty": false, "is_tribal_overlap": false, "tribal_area_name": null, "aian_pct": 0.0, "has_nmtc": false, "nmtc_projects": 0, "nmtc_total_usd": 0.0 }, "geometry": { "type": "Polygon", "coordinates": [ [ [ -83.11271, 42.404828 ], [ -83.108837, 42.406352 ], [ -83.10815, 42.406726 ], [ -83.104457, 42.410063 ], [ -83.101051, 42.411427 ], [ -83.09556, 42.403299 ], [ -83.098984, 42.401966 ], [ -83.10456, 42.400012 ], [ -83.102507, 42.396952 ], [ -83.099634, 42.392652 ], [ -83.097727, 42.389843 ], [ -83.102278, 42.388084 ], [ -83.105906, 42.393101 ], [ -83.109048, 42.398585 ], [ -83.109119, 42.398749 ], [ -83.112089, 42.403031 ], [ -83.113309, 42.404673 ], [ -83.11271, 42.404828 ] ] ] } },
{ "type": "Feature", "properties": { "geoid": "26077000100", "county_name": "Kalamazoo County", "place_name": null, "state_name": "Michigan", "state_abbr": "MI", "is_rural": false, "dci_score": 59.1, "dci_quintile": 4.0, "is_cra_lmi": true, "income_level": "M", "is_persistent_poverty": false, "is_tribal_overlap": false, "tribal_area_name": null, "aian_pct": 0.0, "has_nmtc": false, "nmtc_projects": 0, "nmtc_total_usd": 0.0 }, "geometry": { "type": "Polygon", "coordinates": [ [ [ -85.573172, 42.300221 ], [ -85.571121, 42.303249 ], [ -85.569791, 42.30324 ], [ -85.569362, 42.300979 ], [ -85.564411, 42.303378 ], [ -85.560547, 42.305191 ], [ -85.560546, 42.303936 ], [ -85.56055, 42.303231 ], [ -85.555808, 42.303231 ], [ -85.555562, 42.300452 ], [ -85.555514, 42.295106 ], [ -85.553263, 42.294877 ], [ -85.553402, 42.293388 ], [ -85.555508, 42.293297 ], [ -85.555331, 42.291829 ], [ -85.555636, 42.291659 ], [ -85.555708, 42.290059 ], [ -85.555679, 42.287231 ], [ -85.559175, 42.288441 ], [ -85.558628, 42.290844 ], [ -85.56647, 42.293223 ], [ -85.568773, 42.293464 ], [ -85.571924, 42.294786 ], [ -85.572633, 42.29584 ], [ -85.571519, 42.29818 ], [ -85.573172, 42.300221 ] ] ] } },
{ "type": "Feature", "properties": { "geoid": "26081003100", "county_name": "Kent County", "place_name": "Flint", "state_name": "Michigan", "state_abbr": "MI", "is_rural": false, "dci_score": 79.5, "dci_quintile": 3.0, "is_cra_lmi": true, "income_level": "L", "is_persistent_poverty": false, "is_tribal_overlap": false, "tribal_area_name": null, "aian_pct": 0.0, "has_nmtc": false, "nmtc_projects": 0, "nmtc_total_usd": 0.0 }, "geometry": { "type": "Polygon", "coordinates": [ [ [ -85.663976, 42.948654 ], [ -85.659059, 42.948558 ], [ -85.656601, 42.94851 ], [ -85.649259, 42.948364 ], [ -85.649228, 42.945204 ], [ -85.649216, 42.944764 ], [ -85.64917, 42.941135 ], [ -85.658995, 42.941268 ], [ -85.661409, 42.941346 ], [ -85.663904, 42.941412 ], [ -85.663976, 42.948654 ] ] ] } },
{ "type": "Feature", "properties": { "geoid": "26163572900", "county_name": "Wayne County", "place_name": "Flint", "state_name": "Michigan", "state_abbr": "MI", "is_rural": false, "dci_score": 89.2, "dci_quintile": 2.0, "is_cra_lmi": true, "income_level": "M", "is_persistent_poverty": false, "is_tribal_overlap": false, "tribal_area_name": null, "aian_pct": 0.0, "has_nmtc": false, "nmtc_projects": 0, "nmtc_total_usd": 0.0 }, "geometry": { "type": "Polygon", "coordinates": [ [ [ -83.231267, 42.273198 ], [ -83.231396, 42.277059 ], [ -83.231648, 42.282559 ], [ -83.229099, 42.282598 ], [ -83.222636, 42.279479 ], [ -83.217991, 42.277326 ], [ -83.217729, 42.277222 ], [ -83.221627, 42.272534 ], [ -83.223882, 42.27078 ], [ -83.225394, 42.270161 ], [ -83.231911, 42.269879 ], [ -83.231267, 42.273198 ] ] ] } },
{ "type": "Feature", "properties": { "geoid": "26161410200", "county_name": "Washtenaw County", "place_name": null, "state_name": "Michigan", "state_abbr": "MI", "is_rural": false, "dci_score": 53.7, "dci_quintile": 5.0, "is_cra_lmi": false, "income_level": "U", "is_persistent_poverty": false, "is_tribal_overlap": false, "tribal_area_name": null, "aian_pct": 0.0, "has_nmtc": false, "nmtc_projects": 0, "nmtc_total_usd": 0.0 }, "geometry": { "type": "Polygon", "coordinates": [ [ [ -83.653324, 42.25235 ], [ -83.651193, 42.25235 ], [ -83.651181, 42.254556 ], [ -83.651153, 42.259656 ], [ -83.64601, 42.259715 ], [ -83.645358, 42.259582 ], [ -83.638609, 42.259632 ], [ -83.638612, 42.259303 ], [ -83.638641, 42.257505 ], [ -83.633196, 42.256585 ], [ -83.629541, 42.256068 ], [ -83.62938, 42.253109 ], [ -83.629192, 42.246308 ], [ -83.641403, 42.247813 ], [ -83.647591, 42.248624 ], [ -83.647651, 42.251498 ], [ -83.647688, 42.251746 ], [ -83.653034, 42.251094 ], [ -83.653324, 42.25235 ] ] ] } },
{ "type": "Feature", "properties": { "geoid": "26125160300", "county_name": "Oakland County", "place_name": null, "state_name": "Michigan", "state_abbr": "MI", "is_rural": false, "dci_score": 65.8, "dci_quintile": 4.0, "is_cra_lmi": true, "income_level": "L", "is_persistent_poverty": false, "is_tribal_overlap": false, "tribal_area_name": null, "aian_pct": 0.0, "has_nmtc": false, "nmtc_projects": 0, "nmtc_total_usd": 0.0 }, "geometry": { "type": "Polygon", "coordinates": [ [ [ -83.319076, 42.490585 ], [ -83.311759, 42.490752 ], [ -83.308517, 42.491163 ], [ -83.307089, 42.491471 ], [ -83.299648, 42.493452 ], [ -83.296615, 42.494228 ], [ -83.295338, 42.494356 ], [ -83.297723, 42.496164 ], [ -83.297204, 42.496445 ], [ -83.284785, 42.491557 ], [ -83.28463, 42.488618 ], [ -83.284778, 42.486457 ], [ -83.285103, 42.48547 ], [ -83.285687, 42.482663 ], [ -83.28558, 42.479531 ], [ -83.286178, 42.479987 ], [ -83.289525, 42.485259 ], [ -83.291236, 42.486105 ], [ -83.29235, 42.486253 ], [ -83.308833, 42.485827 ], [ -83.318878, 42.485548 ], [ -83.319076, 42.490585 ] ] ] } },
{ "type": "Feature", "properties": { "geoid": "26073000702", "county_name": "Isabella County", "place_name": null, "state_name": "Michigan", "state_abbr": "MI", "is_rural": true, "dci_score": 61.3, "dci_quintile": 4.0, "is_cra_lmi": false, "income_level": "NA", "is_persistent_poverty": false, "is_tribal_overlap": false, "tribal_area_name": null, "aian_pct": 0.0, "has_nmtc": false, "nmtc_projects": 0, "nmtc_total_usd": 0.0 }, "geometry": { "type": "Polygon", "coordinates": [ [ [ -84.76746, 43.582585 ], [ -84.758847, 43.582704 ], [ -84.757529, 43.582684 ], [ -84.755242, 43.582711 ], [ -84.747484, 43.582749 ], [ -84.747433, 43.575378 ], [ -84.755239, 43.57538 ], [ -84.766397, 43.575392 ], [ -84.767295, 43.57537 ], [ -84.767443, 43.576437 ], [ -84.76746, 43.582585 ] ] ] } },
{ "type": "Feature", "properties": { "geoid": "26163553000", "county_name": "Wayne County", "place_name": null, "state_name": "Michigan", "state_abbr": "MI", "is_rural": false, "dci_score": 89.3, "dci_quintile": 2.0, "is_cra_lmi": false, "income_level": "NA", "is_persistent_poverty": false, "is_tribal_overlap": false, "tribal_area_name": null, "aian_pct": 0.0, "has_nmtc": false, "nmtc_projects": 0, "nmtc_total_usd": 0.0 }, "geometry": { "type": "Polygon", "coordinates": [ [ [ -83.101812, 42.417828 ], [ -83.089417, 42.418161 ], [ -83.08148, 42.408189 ], [ -83.086534, 42.406676 ], [ -83.09556, 42.403299 ], [ -83.101051, 42.411427 ], [ -83.105293, 42.417749 ], [ -83.101812, 42.417828 ] ] ] } },
{ "type": "Feature", "properties": { "geoid": "26163521800", "county_name": "Wayne County", "place_name": null, "state_name": "Michigan", "state_abbr": "MI", "is_rural": false, "dci_score": 97.1, "dci_quintile": 1.0, "is_cra_lmi": true, "income_level": "L", "is_persistent_poverty": false, "is_tribal_overlap": false, "tribal_area_name": null, "aian_pct": 0.0, "has_nmtc": false, "nmtc_projects": 0, "nmtc_total_usd": 0.0 }, "geometry": { "type": "Polygon", "coordinates": [ [ [ -83.074668, 42.348629 ], [ -83.071052, 42.3498 ], [ -83.06919, 42.345922 ], [ -83.068078, 42.34336 ], [ -83.0711, 42.342409 ], [ -83.074668, 42.348629 ] ] ] } }
]
}
