{
"type": "FeatureCollection",
"name": "31",
"crs": { "type": "name", "properties": { "name": "urn:ogc:def:crs:OGC:1.3:CRS84" } },
"features": [
{ "type": "Feature", "properties": { "geoid": "31109000800", "county_name": "Lancaster County", "place_name": null, "state_name": "Nebraska", "state_abbr": "NE", "is_rural": false, "ui_invest_score": 1.0, "ui_invest_quintile": 1, "dci_score": 79.8, "dci_quintile": 3.0, "is_cra_lmi": true, "income_level": "M", "is_persistent_poverty": false, "is_tribal_overlap": false, "tribal_area_name": null, "aian_pct": 0.0134, "has_nmtc": false, "nmtc_projects": 0, "nmtc_total_usd": 0.0 }, "geometry": { "type": "Polygon", "coordinates": [ [ [ -96.682396, 40.815759 ], [ -96.682391, 40.816861 ], [ -96.68239, 40.817094 ], [ -96.682376, 40.820704 ], [ -96.682335, 40.823517 ], [ -96.678419, 40.823451 ], [ -96.677705, 40.823472 ], [ -96.672851, 40.823034 ], [ -96.670208, 40.823109 ], [ -96.670203, 40.820786 ], [ -96.668881, 40.820789 ], [ -96.668872, 40.815531 ], [ -96.670192, 40.814515 ], [ -96.669481, 40.813542 ], [ -96.672782, 40.813537 ], [ -96.680277, 40.813528 ], [ -96.682406, 40.813583 ], [ -96.682396, 40.815759 ] ] ] } },
{ "type": "Feature", "properties": { "geoid": "31111960200", "county_name": "Lincoln County", "place_name": null, "state_name": "Nebraska", "state_abbr": "NE", "is_rural": true, "ui_invest_score": 3.0, "ui_invest_quintile": 3, "dci_score": 61.4, "dci_quintile": 4.0, "is_cra_lmi": false, "income_level": "U", "is_persistent_poverty": false, "is_tribal_overlap": false, "tribal_area_name": null, "aian_pct": 0.0182, "has_nmtc": false, "nmtc_projects": 0, "nmtc_total_usd": 0.0 }, "geometry": { "type": "Polygon", "coordinates": [ [ [ -100.767411, 41.135079 ], [ -100.766963, 41.137025 ], [ -100.76618, 41.140285 ], [ -100.755086, 41.138745 ], [ -100.744146, 41.137324 ], [ -100.735548, 41.136428 ], [ -100.734094, 41.136665 ], [ -100.734125, 41.134682 ], [ -100.734126, 41.134507 ], [ -100.734135, 41.129165 ], [ -100.734128, 41.126132 ], [ -100.749682, 41.126175 ], [ -100.757983, 41.12618 ], [ -100.763966, 41.126156 ], [ -100.763986, 41.133402 ], [ -100.767793, 41.133398 ], [ -100.767411, 41.135079 ] ] ] } },
{ "type": "Feature", "properties": { "geoid": "31089974300", "county_name": "Holt County", "place_name": null, "state_name": "Nebraska", "state_abbr": "NE", "is_rural": true, "ui_invest_score": 3.0, "ui_invest_quintile": 3, "dci_score": 68.2, "dci_quintile": 4.0, "is_cra_lmi": false, "income_level": "U", "is_persistent_poverty": false, "is_tribal_overlap": false, "tribal_area_name": null, "aian_pct": 0.0, "has_nmtc": false, "nmtc_projects": 0, "nmtc_total_usd": 0.0 }, "geometry": { "type": "Polygon", "coordinates": [ [ [ -98.736228, 42.50839 ], [ -98.657647, 42.508474 ], [ -98.579182, 42.5085 ], [ -98.579221, 42.47953 ], [ -98.579258, 42.465083 ], [ -98.57932, 42.436063 ], [ -98.603652, 42.435974 ], [ -98.610993, 42.439266 ], [ -98.618512, 42.443173 ], [ -98.618475, 42.435976 ], [ -98.649817, 42.435936 ], [ -98.735879, 42.435771 ], [ -98.736228, 42.50839 ] ] ] } },
{ "type": "Feature", "properties": { "geoid": "31055005000", "county_name": "Douglas County", "place_name": null, "state_name": "Nebraska", "state_abbr": "NE", "is_rural": false, "ui_invest_score": 3.0, "ui_invest_quintile": 3, "dci_score": 92.2, "dci_quintile": 1.0, "is_cra_lmi": false, "income_level": "U", "is_persistent_poverty": false, "is_tribal_overlap": false, "tribal_area_name": null, "aian_pct": 0.0046, "has_nmtc": false, "nmtc_projects": 0, "nmtc_total_usd": 0.0 }, "geometry": { "type": "Polygon", "coordinates": [ [ [ -95.975061, 41.26392 ], [ -95.97506, 41.267941 ], [ -95.966456, 41.267932 ], [ -95.961519, 41.267978 ], [ -95.961548, 41.263831 ], [ -95.961618, 41.259743 ], [ -95.965782, 41.259735 ], [ -95.966436, 41.259669 ], [ -95.969015, 41.259636 ], [ -95.974558, 41.259655 ], [ -95.975076, 41.2613 ], [ -95.975061, 41.26392 ] ] ] } },
{ "type": "Feature", "properties": { "geoid": "31055005200", "county_name": "Douglas County", "place_name": null, "state_name": "Nebraska", "state_abbr": "NE", "is_rural": false, "ui_invest_score": 3.0, "ui_invest_quintile": 3, "dci_score": 83.9, "dci_quintile": 2.0, "is_cra_lmi": true, "income_level": "L", "is_persistent_poverty": false, "is_tribal_overlap": false, "tribal_area_name": null, "aian_pct": 0.0011, "has_nmtc": true, "nmtc_projects": 1, "nmtc_total_usd": 9866224.0 }, "geometry": { "type": "Polygon", "coordinates": [ [ [ -95.966112, 41.276445 ], [ -95.966091, 41.277733 ], [ -95.966068, 41.281393 ], [ -95.956562, 41.281453 ], [ -95.956566, 41.276478 ], [ -95.9566, 41.272853 ], [ -95.966109, 41.272809 ], [ -95.966108, 41.273129 ], [ -95.966112, 41.276445 ] ] ] } },
{ "type": "Feature", "properties": { "geoid": "31055005400", "county_name": "Douglas County", "place_name": null, "state_name": "Nebraska", "state_abbr": "NE", "is_rural": false, "ui_invest_score": 3.0, "ui_invest_quintile": 3, "dci_score": 79.7, "dci_quintile": 3.0, "is_cra_lmi": true, "income_level": "M", "is_persistent_poverty": false, "is_tribal_overlap": false, "tribal_area_name": null, "aian_pct": 0.0, "has_nmtc": false, "nmtc_projects": 0, "nmtc_total_usd": 0.0 }, "geometry": { "type": "Polygon", "coordinates": [ [ [ -95.983504, 41.28097 ], [ -95.983037, 41.281713 ], [ -95.983044, 41.283141 ], [ -95.980685, 41.283134 ], [ -95.980596, 41.283944 ], [ -95.980597, 41.288691 ], [ -95.972143, 41.288663 ], [ -95.972311, 41.28392 ], [ -95.972311, 41.281411 ], [ -95.975753, 41.281422 ], [ -95.975743, 41.277805 ], [ -95.975869, 41.277274 ], [ -95.976716, 41.27419 ], [ -95.977999, 41.274147 ], [ -95.977273, 41.273149 ], [ -95.983469, 41.273202 ], [ -95.983458, 41.277309 ], [ -95.983504, 41.28097 ] ] ] } },
{ "type": "Feature", "properties": { "geoid": "31055006101", "county_name": "Douglas County", "place_name": null, "state_name": "Nebraska", "state_abbr": "NE", "is_rural": false, "ui_invest_score": 3.0, "ui_invest_quintile": 3, "dci_score": 64.9, "dci_quintile": 4.0, "is_cra_lmi": true, "income_level": "L", "is_persistent_poverty": false, "is_tribal_overlap": false, "tribal_area_name": null, "aian_pct": 0.0, "has_nmtc": true, "nmtc_projects": 1, "nmtc_total_usd": 0.0 }, "geometry": { "type": "Polygon", "coordinates": [ [ [ -95.987805, 41.311142 ], [ -95.98542, 41.31216 ], [ -95.985392, 41.314868 ], [ -95.985184, 41.322248 ], [ -95.98033, 41.324662 ], [ -95.976003, 41.326054 ], [ -95.975672, 41.325956 ], [ -95.975778, 41.325624 ], [ -95.975762, 41.319387 ], [ -95.975763, 41.315756 ], [ -95.975767, 41.314857 ], [ -95.975776, 41.311275 ], [ -95.975776, 41.310316 ], [ -95.975792, 41.306659 ], [ -95.980583, 41.306715 ], [ -95.984839, 41.30672 ], [ -95.984855, 41.310392 ], [ -95.987791, 41.310356 ], [ -95.987805, 41.311142 ] ] ] } },
{ "type": "Feature", "properties": { "geoid": "31055006603", "county_name": "Douglas County", "place_name": null, "state_name": "Nebraska", "state_abbr": "NE", "is_rural": false, "ui_invest_score": 3.0, "ui_invest_quintile": 3, "dci_score": 61.0, "dci_quintile": 4.0, "is_cra_lmi": true, "income_level": "M", "is_persistent_poverty": false, "is_tribal_overlap": false, "tribal_area_name": null, "aian_pct": 0.0, "has_nmtc": false, "nmtc_projects": 0, "nmtc_total_usd": 0.0 }, "geometry": { "type": "Polygon", "coordinates": [ [ [ -96.047805, 41.285071 ], [ -96.042184, 41.285068 ], [ -96.03587, 41.285065 ], [ -96.028163, 41.28506 ], [ -96.0239, 41.285063 ], [ -96.023883, 41.281425 ], [ -96.023863, 41.277798 ], [ -96.03509, 41.277783 ], [ -96.037466, 41.27779 ], [ -96.04576, 41.277855 ], [ -96.047338, 41.280109 ], [ -96.047805, 41.285071 ] ] ] } },
{ "type": "Feature", "properties": { "geoid": "31055001900", "county_name": "Douglas County", "place_name": null, "state_name": "Nebraska", "state_abbr": "NE", "is_rural": false, "ui_invest_score": 1.0, "ui_invest_quintile": 1, "dci_score": 74.6, "dci_quintile": 3.0, "is_cra_lmi": true, "income_level": "M", "is_persistent_poverty": false, "is_tribal_overlap": false, "tribal_area_name": null, "aian_pct": 0.0072, "has_nmtc": true, "nmtc_projects": 1, "nmtc_total_usd": 1142366.0 }, "geometry": { "type": "Polygon", "coordinates": [ [ [ -95.947107, 41.25169 ], [ -95.947023, 41.252394 ], [ -95.947031, 41.253112 ], [ -95.946914, 41.256612 ], [ -95.946889, 41.259771 ], [ -95.942383, 41.25974 ], [ -95.942255, 41.254337 ], [ -95.942226, 41.248162 ], [ -95.944633, 41.24816 ], [ -95.947048, 41.248958 ], [ -95.947107, 41.25169 ] ] ] } },
{ "type": "Feature", "properties": { "geoid": "31053964200", "county_name": "Dodge County", "place_name": "Lincoln", "state_name": "Nebraska", "state_abbr": "NE", "is_rural": true, "ui_invest_score": 2.0, "ui_invest_quintile": 2, "dci_score": 52.0, "dci_quintile": 5.0, "is_cra_lmi": false, "income_level": "U", "is_persistent_poverty": false, "is_tribal_overlap": false, "tribal_area_name": null, "aian_pct": 0.0, "has_nmtc": false, "nmtc_projects": 0, "nmtc_total_usd": 0.0 }, "geometry": { "type": "Polygon", "coordinates": [ [ [ -96.510569, 41.439132 ], [ -96.507653, 41.439196 ], [ -96.499518, 41.438801 ], [ -96.498258, 41.438737 ], [ -96.490614, 41.438335 ], [ -96.487443, 41.43816 ], [ -96.483461, 41.438166 ], [ -96.483507, 41.433325 ], [ -96.483517, 41.432358 ], [ -96.483481, 41.427246 ], [ -96.4833, 41.423498 ], [ -96.482911, 41.422803 ], [ -96.482656, 41.422441 ], [ -96.482868, 41.422424 ], [ -96.482934, 41.422385 ], [ -96.483216, 41.422216 ], [ -96.487689, 41.425425 ], [ -96.492549, 41.427549 ], [ -96.499106, 41.429706 ], [ -96.508503, 41.432872 ], [ -96.510337, 41.435182 ], [ -96.510561, 41.436484 ], [ -96.510569, 41.439132 ] ] ] } },
{ "type": "Feature", "properties": { "geoid": "31001966000", "county_name": "Adams County", "place_name": null, "state_name": "Nebraska", "state_abbr": "NE", "is_rural": true, "ui_invest_score": 3.0, "ui_invest_quintile": 3, "dci_score": 50.8, "dci_quintile": 5.0, "is_cra_lmi": true, "income_level": "M", "is_persistent_poverty": false, "is_tribal_overlap": false, "tribal_area_name": null, "aian_pct": 0.0014, "has_nmtc": false, "nmtc_projects": 0, "nmtc_total_usd": 0.0 }, "geometry": { "type": "Polygon", "coordinates": [ [ [ -98.45894, 40.568103 ], [ -98.458722, 40.58481 ], [ -98.456492, 40.583894 ], [ -98.452354, 40.582782 ], [ -98.450043, 40.582534 ], [ -98.43808, 40.581986 ], [ -98.431032, 40.581926 ], [ -98.421107, 40.582488 ], [ -98.420774, 40.582469 ], [ -98.414776, 40.582753 ], [ -98.392456, 40.583621 ], [ -98.392469, 40.581567 ], [ -98.388716, 40.581605 ], [ -98.386235, 40.579571 ], [ -98.3835, 40.579617 ], [ -98.380476, 40.578047 ], [ -98.370157, 40.572772 ], [ -98.370199, 40.570365 ], [ -98.373875, 40.570217 ], [ -98.373839, 40.568036 ], [ -98.364337, 40.568017 ], [ -98.360183, 40.568002 ], [ -98.354487, 40.565065 ], [ -98.354516, 40.538949 ], [ -98.383046, 40.539021 ], [ -98.458983, 40.539009 ], [ -98.45894, 40.568103 ] ] ] } },
{ "type": "Feature", "properties": { "geoid": "31141965600", "county_name": "Platte County", "place_name": null, "state_name": "Nebraska", "state_abbr": "NE", "is_rural": true, "ui_invest_score": 3.0, "ui_invest_quintile": 3, "dci_score": 44.8, "dci_quintile": 5.0, "is_cra_lmi": false, "income_level": "U", "is_persistent_poverty": false, "is_tribal_overlap": false, "tribal_area_name": null, "aian_pct": 0.0036, "has_nmtc": false, "nmtc_projects": 0, "nmtc_total_usd": 0.0 }, "geometry": { "type": "Polygon", "coordinates": [ [ [ -97.368218, 41.438726 ], [ -97.360486, 41.438633 ], [ -97.358612, 41.43862 ], [ -97.349067, 41.438501 ], [ -97.349115, 41.43305 ], [ -97.349341, 41.428596 ], [ -97.34942, 41.42608 ], [ -97.349539, 41.422025 ], [ -97.368134, 41.422321 ], [ -97.368126, 41.424406 ], [ -97.368158, 41.427698 ], [ -97.36814, 41.433196 ], [ -97.368145, 41.433342 ], [ -97.368218, 41.438726 ] ] ] } },
{ "type": "Feature", "properties": { "geoid": "31109001003", "county_name": "Lancaster County", "place_name": "North Platte", "state_name": "Nebraska", "state_abbr": "NE", "is_rural": false, "ui_invest_score": 3.0, "ui_invest_quintile": 3, "dci_score": 42.2, "dci_quintile": 5.0, "is_cra_lmi": true, "income_level": "M", "is_persistent_poverty": false, "is_tribal_overlap": false, "tribal_area_name": null, "aian_pct": 0.0143, "has_nmtc": false, "nmtc_projects": 0, "nmtc_total_usd": 0.0 }, "geometry": { "type": "Polygon", "coordinates": [ [ [ -96.653725, 40.827957 ], [ -96.644136, 40.828019 ], [ -96.643933, 40.828018 ], [ -96.630448, 40.827933 ], [ -96.630457, 40.827 ], [ -96.633122, 40.824411 ], [ -96.634209, 40.821327 ], [ -96.635267, 40.820657 ], [ -96.644145, 40.820707 ], [ -96.646534, 40.820711 ], [ -96.653663, 40.820699 ], [ -96.653663, 40.820804 ], [ -96.653725, 40.827957 ] ] ] } },
{ "type": "Feature", "properties": { "geoid": "31055007473", "county_name": "Douglas County", "place_name": null, "state_name": "Nebraska", "state_abbr": "NE", "is_rural": false, "ui_invest_score": 2.0, "ui_invest_quintile": 2, "dci_score": 9.4, "dci_quintile": 5.0, "is_cra_lmi": true, "income_level": "M", "is_persistent_poverty": false, "is_tribal_overlap": false, "tribal_area_name": null, "aian_pct": 0.0, "has_nmtc": false, "nmtc_projects": 0, "nmtc_total_usd": 0.0 }, "geometry": { "type": "Polygon", "coordinates": [ [ [ -96.148509, 41.263084 ], [ -96.138757, 41.263108 ], [ -96.119614, 41.263124 ], [ -96.119574, 41.251828 ], [ -96.119575, 41.248635 ], [ -96.129073, 41.248612 ], [ -96.130398, 41.248608 ], [ -96.138622, 41.248593 ], [ -96.143703, 41.248579 ], [ -96.148236, 41.248569 ], [ -96.148237, 41.248638 ], [ -96.148315, 41.256061 ], [ -96.148368, 41.261616 ], [ -96.147751, 41.261938 ], [ -96.148509, 41.263084 ] ] ] } },
{ "type": "Feature", "properties": { "geoid": "31067964900", "county_name": "Gage County", "place_name": null, "state_name": "Nebraska", "state_abbr": "NE", "is_rural": true, "ui_invest_score": 3.0, "ui_invest_quintile": 3, "dci_score": 69.9, "dci_quintile": 3.0, "is_cra_lmi": false, "income_level": "U", "is_persistent_poverty": false, "is_tribal_overlap": false, "tribal_area_name": null, "aian_pct": 0.0, "has_nmtc": false, "nmtc_projects": 0, "nmtc_total_usd": 0.0 }, "geometry": { "type": "Polygon", "coordinates": [ [ [ -96.746831, 40.317566 ], [ -96.746362, 40.317391 ], [ -96.741734, 40.31732 ], [ -96.737445, 40.317461 ], [ -96.737458, 40.320754 ], [ -96.689315, 40.32063 ], [ -96.661669, 40.320569 ], [ -96.661582, 40.306063 ], [ -96.671005, 40.306119 ], [ -96.671443, 40.262675 ], [ -96.689957, 40.262691 ], [ -96.706556, 40.262704 ], [ -96.708925, 40.262707 ], [ -96.714093, 40.262811 ], [ -96.71713, 40.262765 ], [ -96.720279, 40.262744 ], [ -96.727794, 40.262759 ], [ -96.738588, 40.262755 ], [ -96.73855, 40.265823 ], [ -96.738548, 40.266867 ], [ -96.738505, 40.271681 ], [ -96.72781, 40.27161 ], [ -96.727857, 40.277292 ], [ -96.727816, 40.280532 ], [ -96.727773, 40.284579 ], [ -96.731373, 40.284569 ], [ -96.733926, 40.284594 ], [ -96.735901, 40.284596 ], [ -96.737235, 40.284599 ], [ -96.742433, 40.284624 ], [ -96.746779, 40.284636 ], [ -96.746831, 40.317566 ] ] ] } },
{ "type": "Feature", "properties": { "geoid": "31031955900", "county_name": "Cherry County", "place_name": null, "state_name": "Nebraska", "state_abbr": "NE", "is_rural": true, "ui_invest_score": 3.0, "ui_invest_quintile": 3, "dci_score": 53.9, "dci_quintile": 4.0, "is_cra_lmi": false, "income_level": "U", "is_persistent_poverty": false, "is_tribal_overlap": false, "tribal_area_name": null, "aian_pct": 0.0014, "has_nmtc": false, "nmtc_projects": 0, "nmtc_total_usd": 0.0 }, "geometry": { "type": "Polygon", "coordinates": [ [ [ -102.066623, 42.60619 ], [ -102.066503, 42.616359 ], [ -102.066627, 42.626286 ], [ -102.066428, 42.681823 ], [ -102.066316, 42.700602 ], [ -102.064311, 42.7012 ], [ -102.059433, 42.701654 ], [ -102.057915, 42.703051 ], [ -102.057582, 42.706447 ], [ -102.052835, 42.709514 ], [ -102.048888, 42.713395 ], [ -102.046949, 42.713947 ], [ -102.039342, 42.713832 ], [ -102.037752, 42.715913 ], [ -102.036441, 42.71634 ], [ -102.032189, 42.715215 ], [ -102.030593, 42.715323 ], [ -102.029349, 42.717388 ], [ -102.030402, 42.719467 ], [ -102.030448, 42.721148 ], [ -102.028834, 42.723609 ], [ -102.02701, 42.724264 ], [ -102.022232, 42.723492 ], [ -102.019481, 42.724221 ], [ -102.017614, 42.7273 ], [ -102.012268, 42.729416 ], [ -102.012107, 42.730511 ], [ -102.013912, 42.7347 ], [ -102.012617, 42.735396 ], [ -102.007581, 42.735454 ], [ -102.006576, 42.73463 ], [ -102.007033, 42.731877 ], [ -102.005211, 42.731233 ], [ -102.00354, 42.731933 ], [ -102.002878, 42.733613 ], [ -102.003931, 42.738367 ], [ -102.003195, 42.73962 ], [ -101.999158, 42.742287 ], [ -101.993514, 42.741719 ], [ -101.99038, 42.742452 ], [ -101.988935, 42.74217 ], [ -101.98582, 42.742982 ], [ -101.982976, 42.744325 ], [ -101.982784, 42.745629 ], [ -101.979904, 42.748034 ], [ -101.973911, 42.749999 ], [ -101.970295, 42.751498 ], [ -101.968126, 42.7538 ], [ -101.968149, 42.756315 ], [ -101.964493, 42.757084 ], [ -101.962817, 42.758295 ], [ -101.96256, 42.760833 ], [ -101.959021, 42.759715 ], [ -101.957367, 42.758062 ], [ -101.955994, 42.757969 ], [ -101.955016, 42.756362 ], [ -101.953735, 42.755896 ], [ -101.950981, 42.756272 ], [ -101.949442, 42.757311 ], [ -101.950242, 42.76088 ], [ -101.949785, 42.761839 ], [ -101.948047, 42.761702 ], [ -101.943611, 42.759439 ], [ -101.941005, 42.758982 ], [ -101.937562, 42.759874 ], [ -101.933034, 42.759805 ], [ -101.93232, 42.758913 ], [ -101.933189, 42.75665 ], [ -101.932382, 42.75521 ], [ -101.929312, 42.755233 ], [ -101.928164, 42.756102 ], [ -101.928381, 42.757724 ], [ -101.927388, 42.759142 ], [ -101.923882, 42.761496 ], [ -101.921927, 42.761724 ], [ -101.918391, 42.760581 ], [ -101.918917, 42.764398 ], [ -101.917987, 42.765038 ], [ -101.914048, 42.762431 ], [ -101.913614, 42.760717 ], [ -101.91439, 42.75882 ], [ -101.916594, 42.756306 ], [ -101.915322, 42.755551 ], [ -101.912996, 42.756099 ], [ -101.912034, 42.757036 ], [ -101.910235, 42.756762 ], [ -101.911694, 42.753173 ], [ -101.910299, 42.752761 ], [ -101.907661, 42.754429 ], [ -101.907413, 42.755709 ], [ -101.908497, 42.758315 ], [ -101.907535, 42.759687 ], [ -101.902727, 42.75932 ], [ -101.898288, 42.759387 ], [ -101.896365, 42.758335 ], [ -101.895465, 42.756507 ], [ -101.893883, 42.755979 ], [ -101.893107, 42.756962 ], [ -101.893722, 42.761283 ], [ -101.891179, 42.761876 ], [ -101.885848, 42.759245 ], [ -101.8843, 42.756934 ], [ -101.880488, 42.754692 ], [ -101.879156, 42.753389 ], [ -101.877915, 42.754257 ], [ -101.878813, 42.756657 ], [ -101.87757, 42.758371 ], [ -101.8746, 42.759578 ], [ -101.878, 42.762303 ], [ -101.876043, 42.764473 ], [ -101.875002, 42.765155 ], [ -101.871503, 42.765294 ], [ -101.867407, 42.763811 ], [ -101.865547, 42.765092 ], [ -101.863871, 42.76475 ], [ -101.862627, 42.761047 ], [ -101.86058, 42.761688 ], [ -101.858379, 42.763472 ], [ -101.857013, 42.761667 ], [ -101.856235, 42.758672 ], [ -101.852637, 42.760457 ], [ -101.851366, 42.762057 ], [ -101.848047, 42.76263 ], [ -101.845038, 42.762105 ], [ -101.843457, 42.763477 ], [ -101.843737, 42.765923 ], [ -101.841536, 42.768644 ], [ -101.837037, 42.767525 ], [ -101.833623, 42.768325 ], [ -101.831761, 42.765834 ], [ -101.827852, 42.766383 ], [ -101.827729, 42.768715 ], [ -101.829125, 42.769675 ], [ -101.828536, 42.771572 ], [ -101.827202, 42.771572 ], [ -101.824902, 42.770278 ], [ -101.824144, 42.769059 ], [ -101.819817, 42.767458 ], [ -101.818753, 42.768084 ], [ -101.818482, 42.769574 ], [ -101.81962, 42.771308 ], [ -101.822846, 42.7731 ], [ -101.821207, 42.774606 ], [ -101.818699, 42.774076 ], [ -101.815877, 42.771733 ], [ -101.814031, 42.7723 ], [ -101.813173, 42.775208 ], [ -101.811277, 42.77529 ], [ -101.808379, 42.772527 ], [ -101.806862, 42.772229 ], [ -101.808026, 42.7751 ], [ -101.806285, 42.77633 ], [ -101.801579, 42.777998 ], [ -101.800767, 42.779272 ], [ -101.799737, 42.782956 ], [ -101.798952, 42.783768 ], [ -101.797083, 42.782793 ], [ -101.796135, 42.780057 ], [ -101.79464, 42.778818 ], [ -101.792747, 42.778444 ], [ -101.791476, 42.779705 ], [ -101.791665, 42.781195 ], [ -101.789038, 42.781412 ], [ -101.78771, 42.779597 ], [ -101.789011, 42.777321 ], [ -101.79264, 42.776427 ], [ -101.79304, 42.774777 ], [ -101.792416, 42.772751 ], [ -101.789136, 42.772117 ], [ -101.789119, 42.774802 ], [ -101.787491, 42.776733 ], [ -101.785164, 42.777755 ], [ -101.781832, 42.777782 ], [ -101.779963, 42.778838 ], [ -101.780017, 42.780003 ], [ -101.783022, 42.781741 ], [ -101.781832, 42.782901 ], [ -101.778825, 42.78301 ], [ -101.776091, 42.783774 ], [ -101.775842, 42.78478 ], [ -101.776906, 42.787009 ], [ -101.781459, 42.787823 ], [ -101.782668, 42.790384 ], [ -101.781146, 42.791458 ], [ -101.777048, 42.792281 ], [ -101.778103, 42.793378 ], [ -101.781361, 42.794614 ], [ -101.782416, 42.796443 ], [ -101.779777, 42.79674 ], [ -101.776704, 42.795802 ], [ -101.775929, 42.794659 ], [ -101.773383, 42.794544 ], [ -101.77183, 42.796899 ], [ -101.770557, 42.796876 ], [ -101.767362, 42.794474 ], [ -101.76553, 42.794816 ], [ -101.762704, 42.796988 ], [ -101.761181, 42.798999 ], [ -101.757735, 42.799455 ], [ -101.754849, 42.797945 ], [ -101.752738, 42.798653 ], [ -101.751555, 42.801601 ], [ -101.753044, 42.802975 ], [ -101.751926, 42.803729 ], [ -101.750017, 42.803153 ], [ -101.749732, 42.801301 ], [ -101.748179, 42.800571 ], [ -101.743398, 42.800049 ], [ -101.741069, 42.799158 ], [ -101.740326, 42.800553 ], [ -101.74309, 42.803319 ], [ -101.742501, 42.804736 ], [ -101.740049, 42.804555 ], [ -101.737348, 42.805082 ], [ -101.730863, 42.808697 ], [ -101.731547, 42.810914 ], [ -101.726425, 42.81142 ], [ -101.721799, 42.811167 ], [ -101.719037, 42.812194 ], [ -101.715219, 42.811804 ], [ -101.711525, 42.809935 ], [ -101.710767, 42.810477 ], [ -101.711674, 42.81198 ], [ -101.709291, 42.812509 ], [ -101.708626, 42.810862 ], [ -101.705227, 42.812035 ], [ -101.706202, 42.812915 ], [ -101.703629, 42.813782 ], [ -101.698245, 42.812244 ], [ -101.695801, 42.813111 ], [ -101.693999, 42.8128 ], [ -101.693898, 42.814256 ], [ -101.69043, 42.812583 ], [ -101.688773, 42.812811 ], [ -101.683923, 42.812187 ], [ -101.684024, 42.81006 ], [ -101.682439, 42.8079 ], [ -101.679365, 42.805693 ], [ -101.679331, 42.804772 ], [ -101.67692, 42.80358 ], [ -101.670275, 42.804789 ], [ -101.66988, 42.807347 ], [ -101.668618, 42.809387 ], [ -101.667162, 42.809857 ], [ -101.665868, 42.811523 ], [ -101.664446, 42.81155 ], [ -101.659977, 42.808753 ], [ -101.658534, 42.808652 ], [ -101.656013, 42.81 ], [ -101.652257, 42.810467 ], [ -101.651546, 42.812241 ], [ -101.653943, 42.815905 ], [ -101.65336, 42.817564 ], [ -101.651058, 42.820733 ], [ -101.651342, 42.821722 ], [ -101.649825, 42.823611 ], [ -101.645849, 42.825827 ], [ -101.642803, 42.82579 ], [ -101.638725, 42.826512 ], [ -101.631704, 42.828859 ], [ -101.630677, 42.830669 ], [ -101.627102, 42.831455 ], [ -101.625837, 42.832504 ], [ -101.622931, 42.832192 ], [ -101.618975, 42.834309 ], [ -101.617555, 42.834429 ], [ -101.614249, 42.837887 ], [ -101.612252, 42.837637 ], [ -101.609179, 42.837342 ], [ -101.606856, 42.837661 ], [ -101.604426, 42.837249 ], [ -101.602621, 42.839002 ], [ -101.599314, 42.838689 ], [ -101.595845, 42.837674 ], [ -101.593429, 42.837661 ], [ -101.588544, 42.839148 ], [ -101.582225, 42.841882 ], [ -101.573418, 42.840395 ], [ -101.570352, 42.841642 ], [ -101.568008, 42.843714 ], [ -101.563349, 42.849223 ], [ -101.560522, 42.849847 ], [ -101.558902, 42.848373 ], [ -101.554196, 42.849236 ], [ -101.550864, 42.850225 ], [ -101.549059, 42.847172 ], [ -101.545873, 42.846966 ], [ -101.542761, 42.850842 ], [ -101.539721, 42.852993 ], [ -101.532845, 42.853471 ], [ -101.529446, 42.85217 ], [ -101.527426, 42.850457 ], [ -101.522446, 42.85129 ], [ -101.516443, 42.849319 ], [ -101.509654, 42.852697 ], [ -101.507371, 42.854481 ], [ -101.502576, 42.857521 ], [ -101.500426, 42.858244 ], [ -101.494365, 42.858006 ], [ -101.49095, 42.858115 ], [ -101.480635, 42.859557 ], [ -101.476597, 42.860404 ], [ -101.472436, 42.86024 ], [ -101.46849, 42.857754 ], [ -101.462017, 42.856225 ], [ -101.460045, 42.856615 ], [ -101.454142, 42.859938 ], [ -101.450251, 42.860078 ], [ -101.447793, 42.859184 ], [ -101.442999, 42.85851 ], [ -101.4332, 42.859143 ], [ -101.427853, 42.858766 ], [ -101.425561, 42.86082 ], [ -101.424434, 42.86406 ], [ -101.422012, 42.866903 ], [ -101.419579, 42.867356 ], [ -101.417158, 42.867102 ], [ -101.412797, 42.864846 ], [ -101.408006, 42.863865 ], [ -101.401859, 42.86476 ], [ -101.397487, 42.866342 ], [ -101.392683, 42.866457 ], [ -101.384368, 42.867879 ], [ -101.382226, 42.870401 ], [ -101.378756, 42.868869 ], [ -101.377349, 42.869347 ], [ -101.375822, 42.871271 ], [ -101.371117, 42.871378 ], [ -101.370055, 42.87248 ], [ -101.368244, 42.872593 ], [ -101.366495, 42.871489 ], [ -101.362278, 42.871944 ], [ -101.359751, 42.869759 ], [ -101.357908, 42.869941 ], [ -101.355877, 42.871272 ], [ -101.356002, 42.872926 ], [ -101.355064, 42.873637 ], [ -101.352129, 42.873381 ], [ -101.350098, 42.87416 ], [ -101.34994, 42.875944 ], [ -101.348318, 42.876794 ], [ -101.346725, 42.876701 ], [ -101.343606, 42.871258 ], [ -101.339555, 42.872019 ], [ -101.33819, 42.871776 ], [ -101.337022, 42.870249 ], [ -101.332907, 42.869785 ], [ -101.331778, 42.869148 ], [ -101.331765, 42.86725 ], [ -101.334367, 42.86559 ], [ -101.330982, 42.863918 ], [ -101.331128, 42.859643 ], [ -101.328061, 42.85521 ], [ -101.324995, 42.852608 ], [ -101.322632, 42.851267 ], [ -101.320973, 42.849329 ], [ -101.311933, 42.848904 ], [ -101.309968, 42.847895 ], [ -101.306212, 42.847006 ], [ -101.303398, 42.843449 ], [ -101.304526, 42.841072 ], [ -101.303517, 42.839373 ], [ -101.301478, 42.838387 ], [ -101.297475, 42.837916 ], [ -101.296747, 42.837329 ], [ -101.295859, 42.831815 ], [ -101.294955, 42.828993 ], [ -101.292261, 42.826736 ], [ -101.289619, 42.826139 ], [ -101.284349, 42.826072 ], [ -101.281946, 42.826681 ], [ -101.280181, 42.825993 ], [ -101.27888, 42.823842 ], [ -101.276438, 42.8214 ], [ -101.271579, 42.818055 ], [ -101.268035, 42.817776 ], [ -101.265412, 42.818252 ], [ -101.260489, 42.816024 ], [ -101.255517, 42.815068 ], [ -101.253838, 42.813694 ], [ -101.250659, 42.812679 ], [ -101.247954, 42.81238 ], [ -101.245525, 42.80987 ], [ -101.241918, 42.808968 ], [ -101.237756, 42.809108 ], [ -101.232891, 42.806499 ], [ -101.229102, 42.805586 ], [ -101.225569, 42.807367 ], [ -101.218651, 42.808619 ], [ -101.21394, 42.810641 ], [ -101.212274, 42.811746 ], [ -101.210276, 42.811784 ], [ -101.207217, 42.809243 ], [ -101.20742, 42.806527 ], [ -101.209311, 42.804771 ], [ -101.208921, 42.802586 ], [ -101.20466, 42.7992 ], [ -101.201751, 42.798874 ], [ -101.198382, 42.799681 ], [ -101.195536, 42.801508 ], [ -101.192305, 42.802623 ], [ -101.19026, 42.801919 ], [ -101.18835, 42.800348 ], [ -101.186826, 42.798404 ], [ -101.186872, 42.796334 ], [ -101.18787, 42.793782 ], [ -101.1864, 42.793041 ], [ -101.181145, 42.793718 ], [ -101.17765, 42.793854 ], [ -101.174698, 42.793447 ], [ -101.172802, 42.793854 ], [ -101.170093, 42.795452 ], [ -101.168914, 42.795371 ], [ -101.165989, 42.793705 ], [ -101.162495, 42.793529 ], [ -101.156549, 42.795966 ], [ -101.153637, 42.796251 ], [ -101.150752, 42.799244 ], [ -101.147447, 42.800206 ], [ -101.146188, 42.801682 ], [ -101.143025, 42.803341 ], [ -101.141293, 42.805501 ], [ -101.140431, 42.807357 ], [ -101.137188, 42.805675 ], [ -101.134116, 42.803433 ], [ -101.131818, 42.803043 ], [ -101.128588, 42.804025 ], [ -101.126603, 42.805136 ], [ -101.12424, 42.805095 ], [ -101.11937, 42.803436 ], [ -101.117366, 42.803477 ], [ -101.114793, 42.80456 ], [ -101.112328, 42.805048 ], [ -101.107777, 42.804506 ], [ -101.105501, 42.803612 ], [ -101.099894, 42.80372 ], [ -101.096562, 42.802908 ], [ -101.091957, 42.803341 ], [ -101.088571, 42.802312 ], [ -101.083077, 42.79736 ], [ -101.081916, 42.795986 ], [ -101.079483, 42.794538 ], [ -101.078914, 42.793982 ], [ -101.075252, 42.794229 ], [ -101.071628, 42.794917 ], [ -101.06747, 42.793752 ], [ -101.064442, 42.795318 ], [ -101.061497, 42.79621 ], [ -101.057535, 42.795672 ], [ -101.054279, 42.795675 ], [ -101.052265, 42.79516 ], [ -101.050054, 42.793415 ], [ -101.046417, 42.78994 ], [ -101.042525, 42.78941 ], [ -101.038109, 42.790014 ], [ -101.036271, 42.789547 ], [ -101.032821, 42.785263 ], [ -101.032652, 42.784987 ], [ -101.032438, 42.784637 ], [ -101.030826, 42.784258 ], [ -101.029648, 42.784339 ], [ -101.028313, 42.784643 ], [ -101.027677, 42.784913 ], [ -101.02735, 42.785214 ], [ -101.026899, 42.786425 ], [ -101.027522, 42.787684 ], [ -101.027894, 42.790756 ], [ -101.027547, 42.791567 ], [ -101.023838, 42.792027 ], [ -101.021098, 42.790227 ], [ -101.018628, 42.789825 ], [ -101.015238, 42.791041 ], [ -101.012287, 42.792777 ], [ -101.007755, 42.792227 ], [ -101.005534, 42.792315 ], [ -101.002188, 42.79159 ], [ -100.999406, 42.79172 ], [ -100.997616, 42.792657 ], [ -100.995788, 42.794957 ], [ -100.992375, 42.794768 ], [ -100.99098, 42.793766 ], [ -100.988837, 42.793563 ], [ -100.98398, 42.794629 ], [ -100.983219, 42.794822 ], [ -100.978657, 42.792673 ], [ -100.977328, 42.792519 ], [ -100.974118, 42.793413 ], [ -100.970231, 42.79344 ], [ -100.9687, 42.79386 ], [ -100.96683, 42.793263 ], [ -100.962725, 42.79106 ], [ -100.95794, 42.791349 ], [ -100.955994, 42.792611 ], [ -100.950315, 42.791927 ], [ -100.944399, 42.788141 ], [ -100.939817, 42.788671 ], [ -100.932645, 42.788602 ], [ -100.929729, 42.787368 ], [ -100.925631, 42.786945 ], [ -100.921037, 42.788008 ], [ -100.914909, 42.787305 ], [ -100.909819, 42.784106 ], [ -100.907725, 42.784862 ], [ -100.904642, 42.783611 ], [ -100.900309, 42.784687 ], [ -100.899669, 42.782768 ], [ -100.898, 42.781891 ], [ -100.896208, 42.781285 ], [ -100.893029, 42.780682 ], [ -100.889607, 42.780703 ], [ -100.887425, 42.779918 ], [ -100.884268, 42.78077 ], [ -100.883209, 42.782186 ], [ -100.881202, 42.781576 ], [ -100.878416, 42.781688 ], [ -100.874043, 42.780032 ], [ -100.868667, 42.779831 ], [ -100.865039, 42.778504 ], [ -100.864639, 42.777446 ], [ -100.862211, 42.778057 ], [ -100.861367, 42.776922 ], [ -100.859419, 42.777635 ], [ -100.856098, 42.77709 ], [ -100.854009, 42.778304 ], [ -100.850974, 42.777759 ], [ -100.845706, 42.775817 ], [ -100.843452, 42.775977 ], [ -100.83742, 42.772026 ], [ -100.831494, 42.773061 ], [ -100.827791, 42.774334 ], [ -100.825552, 42.773825 ], [ -100.822935, 42.775686 ], [ -100.818921, 42.77717 ], [ -100.81655, 42.777602 ], [ -100.812329, 42.777099 ], [ -100.807819, 42.778238 ], [ -100.802788, 42.780405 ], [ -100.799601, 42.781315 ], [ -100.795596, 42.781145 ], [ -100.791745, 42.779687 ], [ -100.788984, 42.780047 ], [ -100.786965, 42.782333 ], [ -100.78498, 42.783703 ], [ -100.783946, 42.784269 ], [ -100.782025, 42.786761 ], [ -100.779912, 42.787141 ], [ -100.777149, 42.786843 ], [ -100.774303, 42.787066 ], [ -100.771446, 42.786252 ], [ -100.768134, 42.786688 ], [ -100.765664, 42.787628 ], [ -100.762951, 42.789275 ], [ -100.758907, 42.787988 ], [ -100.754802, 42.78882 ], [ -100.751131, 42.787833 ], [ -100.748398, 42.788448 ], [ -100.747542, 42.788696 ], [ -100.744596, 42.791438 ], [ -100.742057, 42.79198 ], [ -100.737605, 42.791608 ], [ -100.735252, 42.790406 ], [ -100.727177, 42.79391 ], [ -100.723445, 42.793937 ], [ -100.721315, 42.794559 ], [ -100.720011, 42.796091 ], [ -100.714337, 42.799192 ], [ -100.713852, 42.802672 ], [ -100.714854, 42.80362 ], [ -100.714583, 42.805299 ], [ -100.711434, 42.80786 ], [ -100.707587, 42.807826 ], [ -100.70437, 42.808424 ], [ -100.703047, 42.808129 ], [ -100.697, 42.80902 ], [ -100.692853, 42.810164 ], [ -100.68968, 42.809782 ], [ -100.687354, 42.810191 ], [ -100.676709, 42.807528 ], [ -100.666488, 42.807503 ], [ -100.662567, 42.804981 ], [ -100.660523, 42.804126 ], [ -100.656513, 42.804667 ], [ -100.652138, 42.803962 ], [ -100.648689, 42.804305 ], [ -100.643911, 42.80362 ], [ -100.642692, 42.80259 ], [ -100.640471, 42.802482 ], [ -100.63787, 42.801344 ], [ -100.637171, 42.800042 ], [ -100.634814, 42.798345 ], [ -100.630579, 42.796341 ], [ -100.627107, 42.795565 ], [ -100.62285, 42.79613 ], [ -100.619088, 42.799532 ], [ -100.616902, 42.803222 ], [ -100.610796, 42.806613 ], [ -100.609306, 42.808672 ], [ -100.602284, 42.806434 ], [ -100.599148, 42.807398 ], [ -100.597333, 42.808726 ], [ -100.59606, 42.812545 ], [ -100.592739, 42.815205 ], [ -100.589477, 42.814875 ], [ -100.587337, 42.816229 ], [ -100.585739, 42.818234 ], [ -100.580213, 42.82013 ], [ -100.577532, 42.820428 ], [ -100.576145, 42.819587 ], [ -100.571247, 42.819832 ], [ -100.566778, 42.821945 ], [ -100.56331, 42.822459 ], [ -100.559355, 42.824003 ], [ -100.554616, 42.824825 ], [ -100.551882, 42.826311 ], [ -100.54719, 42.827065 ], [ -100.543865, 42.828071 ], [ -100.535538, 42.828824 ], [ -100.530007, 42.829738 ], [ -100.529356, 42.830675 ], [ -100.528475, 42.834622 ], [ -100.526877, 42.836735 ], [ -100.527631, 42.840578 ], [ -100.527448, 42.842344 ], [ -100.524074, 42.844359 ], [ -100.52071, 42.846 ], [ -100.520147, 42.847803 ], [ -100.521794, 42.851259 ], [ -100.521141, 42.852082 ], [ -100.516508, 42.852903 ], [ -100.511471, 42.855004 ], [ -100.509761, 42.854409 ], [ -100.510788, 42.851574 ], [ -100.508986, 42.851047 ], [ -100.506466, 42.852989 ], [ -100.505843, 42.854589 ], [ -100.502409, 42.858393 ], [ -100.497793, 42.859937 ], [ -100.496294, 42.860958 ], [ -100.495044, 42.862421 ], [ -100.494368, 42.864941 ], [ -100.495866, 42.867801 ], [ -100.49624, 42.870216 ], [ -100.491852, 42.873385 ], [ -100.490227, 42.877015 ], [ -100.49066, 42.880103 ], [ -100.491581, 42.881403 ], [ -100.491039, 42.883895 ], [ -100.488927, 42.888771 ], [ -100.488385, 42.891101 ], [ -100.485045, 42.897088 ], [ -100.484078, 42.898143 ], [ -100.480742, 42.901997 ], [ -100.477912, 42.903416 ], [ -100.475578, 42.903852 ], [ -100.466494, 42.901956 ], [ -100.464099, 42.902323 ], [ -100.463478, 42.905273 ], [ -100.461208, 42.90708 ], [ -100.456915, 42.907721 ], [ -100.452311, 42.909163 ], [ -100.451999, 42.905984 ], [ -100.45091, 42.905275 ], [ -100.44979, 42.905412 ], [ -100.446462, 42.907928 ], [ -100.43632, 42.90706 ], [ -100.430938, 42.906808 ], [ -100.426801, 42.907105 ], [ -100.421387, 42.904817 ], [ -100.41725, 42.90349 ], [ -100.413455, 42.904747 ], [ -100.410062, 42.909366 ], [ -100.409284, 42.909847 ], [ -100.403622, 42.909731 ], [ -100.40076, 42.909272 ], [ -100.397152, 42.90783 ], [ -100.394912, 42.907807 ], [ -100.391586, 42.909006 ], [ -100.387929, 42.909304 ], [ -100.386114, 42.908166 ], [ -100.384696, 42.905994 ], [ -100.385003, 42.904997 ], [ -100.383717, 42.9039 ], [ -100.377811, 42.90218 ], [ -100.372597, 42.902545 ], [ -100.36852, 42.904143 ], [ -100.364809, 42.902518 ], [ -100.362055, 42.901811 ], [ -100.35406, 42.901014 ], [ -100.343577, 42.902206 ], [ -100.339658, 42.903579 ], [ -100.337481, 42.905089 ], [ -100.334557, 42.905181 ], [ -100.330887, 42.903374 ], [ -100.329892, 42.900043 ], [ -100.323177, 42.900214 ], [ -100.322202, 42.899597 ], [ -100.321887, 42.896688 ], [ -100.322619, 42.89496 ], [ -100.323072, 42.894113 ], [ -100.323072, 42.893335 ], [ -100.322482, 42.892283 ], [ -100.321797, 42.89178 ], [ -100.321144, 42.891551 ], [ -100.317038, 42.890725 ], [ -100.313801, 42.890124 ], [ -100.310122, 42.890609 ], [ -100.305089, 42.893699 ], [ -100.303791, 42.893542 ], [ -100.299934, 42.890682 ], [ -100.297602, 42.890499 ], [ -100.290448, 42.891687 ], [ -100.286342, 42.891823 ], [ -100.28373, 42.891457 ], [ -100.277666, 42.888116 ], [ -100.272475, 42.883723 ], [ -100.267717, 42.883813 ], [ -100.265788, 42.883423 ], [ -100.265447, 42.882097 ], [ -100.267089, 42.877705 ], [ -100.266737, 42.874279 ], [ -100.263757, 42.872464 ], [ -100.261552, 42.872334 ], [ -100.259369, 42.87138 ], [ -100.259802, 42.868482 ], [ -100.258773, 42.86699 ], [ -100.246677, 42.866032 ], [ -100.245152, 42.865216 ], [ -100.242216, 42.862437 ], [ -100.23866, 42.861256 ], [ -100.237009, 42.859963 ], [ -100.235006, 42.859498 ], [ -100.232927, 42.857853 ], [ -100.230985, 42.857431 ], [ -100.227362, 42.858099 ], [ -100.219045, 42.856195 ], [ -100.217234, 42.854315 ], [ -100.214931, 42.854423 ], [ -100.214471, 42.853502 ], [ -100.216231, 42.852094 ], [ -100.212547, 42.847922 ], [ -100.208294, 42.847326 ], [ -100.20136, 42.847651 ], [ -100.198478, 42.846102 ], [ -100.198504, 42.824051 ], [ -100.198526, 42.810525 ], [ -100.198575, 42.781021 ], [ -100.18327, 42.781005 ], [ -100.183168, 42.616408 ], [ -100.183117, 42.555273 ], [ -100.183189, 42.536939 ], [ -100.183018, 42.534474 ], [ -100.183162, 42.505709 ], [ -100.183167, 42.433497 ], [ -100.167539, 42.433281 ], [ -100.167781, 42.165639 ], [ -100.167692, 42.165238 ], [ -100.167652, 42.158731 ], [ -100.167605, 42.085848 ], [ -100.267622, 42.086147 ], [ -100.28533, 42.086215 ], [ -100.353015, 42.086732 ], [ -100.354949, 42.086662 ], [ -100.365573, 42.086749 ], [ -100.368675, 42.08661 ], [ -100.375412, 42.086798 ], [ -100.636878, 42.087095 ], [ -100.656522, 42.087222 ], [ -100.673853, 42.087371 ], [ -100.695229, 42.087523 ], [ -100.811942, 42.088099 ], [ -100.846129, 42.088166 ], [ -100.869626, 42.088213 ], [ -100.875429, 42.088225 ], [ -100.888591, 42.089036 ], [ -101.36941, 42.092059 ], [ -101.375452, 42.091803 ], [ -101.412202, 42.092113 ], [ -101.426557, 42.092194 ], [ -101.470332, 42.092367 ], [ -101.640777, 42.093593 ], [ -101.727181, 42.093439 ], [ -101.855123, 42.094203 ], [ -101.875494, 42.094709 ], [ -102.006428, 42.096227 ], [ -102.009388, 42.096376 ], [ -102.04028, 42.096744 ], [ -102.039671, 42.183236 ], [ -102.039606, 42.237412 ], [ -102.03936, 42.238035 ], [ -102.039177, 42.25534 ], [ -102.039141, 42.269606 ], [ -102.03866, 42.364138 ], [ -102.038616, 42.370843 ], [ -102.038169, 42.443307 ], [ -102.066689, 42.443463 ], [ -102.066623, 42.60619 ] ] ] } },
{ "type": "Feature", "properties": { "geoid": "31047968500", "county_name": "Dawson County", "place_name": "O'Neill", "state_name": "Nebraska", "state_abbr": "NE", "is_rural": true, "ui_invest_score": 3.0, "ui_invest_quintile": 3, "dci_score": 76.6, "dci_quintile": 3.0, "is_cra_lmi": false, "income_level": "U", "is_persistent_poverty": false, "is_tribal_overlap": false, "tribal_area_name": null, "aian_pct": 0.0225, "has_nmtc": false, "nmtc_projects": 0, "nmtc_total_usd": 0.0 }, "geometry": { "type": "Polygon", "coordinates": [ [ [ -99.748977, 40.801014 ], [ -99.71056, 40.800881 ], [ -99.710866, 40.786604 ], [ -99.710908, 40.769172 ], [ -99.729814, 40.773309 ], [ -99.730136, 40.773378 ], [ -99.748955, 40.777476 ], [ -99.748875, 40.781982 ], [ -99.748831, 40.786689 ], [ -99.748902, 40.793739 ], [ -99.748906, 40.794191 ], [ -99.748969, 40.799999 ], [ -99.748977, 40.801014 ] ] ] } },
{ "type": "Feature", "properties": { "geoid": "31079000200", "county_name": "Hall County", "place_name": null, "state_name": "Nebraska", "state_abbr": "NE", "is_rural": false, "ui_invest_score": 3.0, "ui_invest_quintile": 3, "dci_score": 50.4, "dci_quintile": 5.0, "is_cra_lmi": true, "income_level": "M", "is_persistent_poverty": false, "is_tribal_overlap": false, "tribal_area_name": null, "aian_pct": 0.012, "has_nmtc": false, "nmtc_projects": 0, "nmtc_total_usd": 0.0 }, "geometry": { "type": "Polygon", "coordinates": [ [ [ -98.359707, 40.960341 ], [ -98.358538, 40.960345 ], [ -98.356048, 40.960314 ], [ -98.354695, 40.960302 ], [ -98.339827, 40.960161 ], [ -98.329806, 40.960068 ], [ -98.325501, 40.960022 ], [ -98.325045, 40.96002 ], [ -98.320689, 40.959972 ], [ -98.320568, 40.94667 ], [ -98.320545, 40.945443 ], [ -98.311014, 40.94534 ], [ -98.310031, 40.945327 ], [ -98.296734, 40.945037 ], [ -98.296727, 40.943649 ], [ -98.297705, 40.943249 ], [ -98.301473, 40.942188 ], [ -98.311005, 40.938548 ], [ -98.335098, 40.92946 ], [ -98.339876, 40.927713 ], [ -98.343243, 40.932427 ], [ -98.345745, 40.935911 ], [ -98.348827, 40.940227 ], [ -98.35258, 40.945759 ], [ -98.358851, 40.945844 ], [ -98.358928, 40.956295 ], [ -98.359707, 40.960341 ] ] ] } },
{ "type": "Feature", "properties": { "geoid": "31095963800", "county_name": "Jefferson County", "place_name": null, "state_name": "Nebraska", "state_abbr": "NE", "is_rural": true, "ui_invest_score": 3.0, "ui_invest_quintile": 3, "dci_score": 87.6, "dci_quintile": 2.0, "is_cra_lmi": true, "income_level": "M", "is_persistent_poverty": false, "is_tribal_overlap": false, "tribal_area_name": null, "aian_pct": 0.0018, "has_nmtc": true, "nmtc_projects": 1, "nmtc_total_usd": 67360100.0 }, "geometry": { "type": "Polygon", "coordinates": [ [ [ -97.201421, 40.138162 ], [ -97.198832, 40.141831 ], [ -97.20048, 40.146568 ], [ -97.19368, 40.14657 ], [ -97.190851, 40.143625 ], [ -97.18775, 40.14054 ], [ -97.171134, 40.140502 ], [ -97.1711, 40.134382 ], [ -97.170447, 40.131131 ], [ -97.169503, 40.125579 ], [ -97.170952, 40.121917 ], [ -97.171215, 40.11556 ], [ -97.17707, 40.119674 ], [ -97.178448, 40.121116 ], [ -97.1784, 40.123756 ], [ -97.179008, 40.125149 ], [ -97.181032, 40.126215 ], [ -97.181381, 40.127622 ], [ -97.18074, 40.129426 ], [ -97.181139, 40.130391 ], [ -97.18438, 40.13171 ], [ -97.185463, 40.131741 ], [ -97.187036, 40.130075 ], [ -97.188939, 40.130047 ], [ -97.191616, 40.131669 ], [ -97.193424, 40.13138 ], [ -97.198367, 40.131573 ], [ -97.199518, 40.132409 ], [ -97.199522, 40.134705 ], [ -97.201022, 40.136153 ], [ -97.201421, 40.138162 ] ] ] } },
{ "type": "Feature", "properties": { "geoid": "31109002002", "county_name": "Lancaster County", "place_name": null, "state_name": "Nebraska", "state_abbr": "NE", "is_rural": false, "ui_invest_score": 1.0, "ui_invest_quintile": 1, "dci_score": 70.2, "dci_quintile": 3.0, "is_cra_lmi": true, "income_level": "L", "is_persistent_poverty": false, "is_tribal_overlap": false, "tribal_area_name": null, "aian_pct": 0.0, "has_nmtc": false, "nmtc_projects": 0, "nmtc_total_usd": 0.0 }, "geometry": { "type": "Polygon", "coordinates": [ [ [ -96.708541, 40.803666 ], [ -96.708514, 40.806956 ], [ -96.708502, 40.809212 ], [ -96.707024, 40.809208 ], [ -96.702627, 40.809198 ], [ -96.702565, 40.809198 ], [ -96.702589, 40.805846 ], [ -96.702604, 40.803646 ], [ -96.702635, 40.799198 ], [ -96.7071, 40.799214 ], [ -96.708581, 40.79922 ], [ -96.708541, 40.803666 ] ] ] } },
{ "type": "Feature", "properties": { "geoid": "31109002001", "county_name": "Lancaster County", "place_name": "Omaha", "state_name": "Nebraska", "state_abbr": "NE", "is_rural": false, "ui_invest_score": 1.0, "ui_invest_quintile": 1, "dci_score": 70.2, "dci_quintile": 3.0, "is_cra_lmi": true, "income_level": "L", "is_persistent_poverty": false, "is_tribal_overlap": false, "tribal_area_name": null, "aian_pct": 0.0118, "has_nmtc": false, "nmtc_projects": 0, "nmtc_total_usd": 0.0 }, "geometry": { "type": "Polygon", "coordinates": [ [ [ -96.702604, 40.803646 ], [ -96.702589, 40.805846 ], [ -96.702565, 40.809198 ], [ -96.696769, 40.809176 ], [ -96.696788, 40.805821 ], [ -96.696805, 40.803629 ], [ -96.69684, 40.799179 ], [ -96.701399, 40.799194 ], [ -96.702635, 40.799198 ], [ -96.702604, 40.803646 ] ] ] } },
{ "type": "Feature", "properties": { "geoid": "31109003002", "county_name": "Lancaster County", "place_name": "Omaha", "state_name": "Nebraska", "state_abbr": "NE", "is_rural": false, "ui_invest_score": 3.0, "ui_invest_quintile": 3, "dci_score": 52.5, "dci_quintile": 5.0, "is_cra_lmi": true, "income_level": "M", "is_persistent_poverty": false, "is_tribal_overlap": false, "tribal_area_name": null, "aian_pct": 0.0061, "has_nmtc": false, "nmtc_projects": 0, "nmtc_total_usd": 0.0 }, "geometry": { "type": "Polygon", "coordinates": [ [ [ -96.713168, 40.855151 ], [ -96.710676, 40.855711 ], [ -96.707933, 40.857305 ], [ -96.701075, 40.857282 ], [ -96.701104, 40.850585 ], [ -96.701106, 40.850173 ], [ -96.701146, 40.847429 ], [ -96.701212, 40.842892 ], [ -96.701313, 40.83413 ], [ -96.70773, 40.831701 ], [ -96.712165, 40.828701 ], [ -96.71214, 40.833683 ], [ -96.712081, 40.842967 ], [ -96.712241, 40.850757 ], [ -96.713168, 40.855151 ] ] ] } },
{ "type": "Feature", "properties": { "geoid": "31055005700", "county_name": "Douglas County", "place_name": "Omaha", "state_name": "Nebraska", "state_abbr": "NE", "is_rural": false, "ui_invest_score": 3.0, "ui_invest_quintile": 3, "dci_score": 68.6, "dci_quintile": 4.0, "is_cra_lmi": true, "income_level": "M", "is_persistent_poverty": false, "is_tribal_overlap": false, "tribal_area_name": null, "aian_pct": 0.0011, "has_nmtc": false, "nmtc_projects": 0, "nmtc_total_usd": 0.0 }, "geometry": { "type": "Polygon", "coordinates": [ [ [ -96.014353, 41.288657 ], [ -96.014345, 41.28956 ], [ -96.013093, 41.291365 ], [ -96.014342, 41.292333 ], [ -96.014309, 41.292813 ], [ -96.014289, 41.295908 ], [ -96.009503, 41.295889 ], [ -96.009531, 41.292272 ], [ -96.004733, 41.292272 ], [ -96.000448, 41.292278 ], [ -95.999892, 41.292281 ], [ -95.999893, 41.295915 ], [ -95.995059, 41.295933 ], [ -95.995065, 41.292314 ], [ -95.995061, 41.288671 ], [ -95.995047, 41.285027 ], [ -95.995049, 41.283225 ], [ -96.004781, 41.283174 ], [ -96.004766, 41.284972 ], [ -96.014363, 41.285022 ], [ -96.014353, 41.288657 ] ] ] } },
{ "type": "Feature", "properties": { "geoid": "31055006302", "county_name": "Douglas County", "place_name": "Omaha", "state_name": "Nebraska", "state_abbr": "NE", "is_rural": false, "ui_invest_score": 1.0, "ui_invest_quintile": 1, "dci_score": 68.6, "dci_quintile": 4.0, "is_cra_lmi": true, "income_level": "M", "is_persistent_poverty": false, "is_tribal_overlap": false, "tribal_area_name": null, "aian_pct": 0.0002, "has_nmtc": false, "nmtc_projects": 0, "nmtc_total_usd": 0.0 }, "geometry": { "type": "Polygon", "coordinates": [ [ [ -96.014189, 41.303129 ], [ -96.011847, 41.303125 ], [ -96.011277, 41.304217 ], [ -96.005893, 41.305176 ], [ -96.004628, 41.30622 ], [ -96.004623, 41.306689 ], [ -96.004617, 41.310359 ], [ -95.990213, 41.310363 ], [ -95.987791, 41.310356 ], [ -95.984855, 41.310392 ], [ -95.984839, 41.30672 ], [ -95.985369, 41.306722 ], [ -95.985466, 41.299598 ], [ -95.990224, 41.299593 ], [ -95.995047, 41.299583 ], [ -96.004672, 41.29949 ], [ -96.014276, 41.299529 ], [ -96.014189, 41.303129 ] ] ] } },
{ "type": "Feature", "properties": { "geoid": "31055006806", "county_name": "Douglas County", "place_name": null, "state_name": "Nebraska", "state_abbr": "NE", "is_rural": false, "ui_invest_score": 1.0, "ui_invest_quintile": 1, "dci_score": 14.8, "dci_quintile": 5.0, "is_cra_lmi": false, "income_level": "U", "is_persistent_poverty": false, "is_tribal_overlap": false, "tribal_area_name": null, "aian_pct": 0.0, "has_nmtc": false, "nmtc_projects": 0, "nmtc_total_usd": 0.0 }, "geometry": { "type": "Polygon", "coordinates": [ [ [ -96.042581, 41.239677 ], [ -96.040803, 41.243243 ], [ -96.039363, 41.248799 ], [ -96.033476, 41.248787 ], [ -96.02393, 41.248778 ], [ -96.023927, 41.248531 ], [ -96.023945, 41.246928 ], [ -96.023902, 41.243349 ], [ -96.023928, 41.234511 ], [ -96.024384, 41.234422 ], [ -96.025753, 41.234296 ], [ -96.028835, 41.234261 ], [ -96.033496, 41.234279 ], [ -96.038825, 41.234273 ], [ -96.038805, 41.236609 ], [ -96.04145, 41.236609 ], [ -96.042581, 41.239677 ] ] ] } },
{ "type": "Feature", "properties": { "geoid": "31055004000", "county_name": "Douglas County", "place_name": "Omaha", "state_name": "Nebraska", "state_abbr": "NE", "is_rural": false, "ui_invest_score": 1.0, "ui_invest_quintile": 1, "dci_score": 78.3, "dci_quintile": 3.0, "is_cra_lmi": true, "income_level": "M", "is_persistent_poverty": false, "is_tribal_overlap": false, "tribal_area_name": null, "aian_pct": 0.0, "has_nmtc": false, "nmtc_projects": 0, "nmtc_total_usd": 0.0 }, "geometry": { "type": "Polygon", "coordinates": [ [ [ -95.961618, 41.259743 ], [ -95.956614, 41.259758 ], [ -95.946889, 41.259771 ], [ -95.946914, 41.256612 ], [ -95.947031, 41.253112 ], [ -95.947023, 41.252394 ], [ -95.953898, 41.252414 ], [ -95.961397, 41.252401 ], [ -95.961393, 41.25421 ], [ -95.961395, 41.256703 ], [ -95.961618, 41.259743 ] ] ] } },
{ "type": "Feature", "properties": { "geoid": "31055000700", "county_name": "Douglas County", "place_name": null, "state_name": "Nebraska", "state_abbr": "NE", "is_rural": false, "ui_invest_score": 1.0, "ui_invest_quintile": 1, "dci_score": 86.6, "dci_quintile": 2.0, "is_cra_lmi": true, "income_level": "L", "is_persistent_poverty": false, "is_tribal_overlap": false, "tribal_area_name": null, "aian_pct": 0.0, "has_nmtc": false, "nmtc_projects": 0, "nmtc_total_usd": 0.0 }, "geometry": { "type": "Polygon", "coordinates": [ [ [ -95.956553, 41.294134 ], [ -95.956556, 41.299571 ], [ -95.95195, 41.2996 ], [ -95.946954, 41.299619 ], [ -95.946987, 41.289207 ], [ -95.956558, 41.28915 ], [ -95.956553, 41.294134 ] ] ] } },
{ "type": "Feature", "properties": { "geoid": "31055001100", "county_name": "Douglas County", "place_name": null, "state_name": "Nebraska", "state_abbr": "NE", "is_rural": false, "ui_invest_score": 3.0, "ui_invest_quintile": 3, "dci_score": 86.9, "dci_quintile": 2.0, "is_cra_lmi": true, "income_level": "L", "is_persistent_poverty": false, "is_tribal_overlap": false, "tribal_area_name": null, "aian_pct": 0.0, "has_nmtc": true, "nmtc_projects": 1, "nmtc_total_usd": 4098624.0 }, "geometry": { "type": "Polygon", "coordinates": [ [ [ -95.9566, 41.272853 ], [ -95.956566, 41.276478 ], [ -95.956562, 41.281453 ], [ -95.956556, 41.288692 ], [ -95.956558, 41.28915 ], [ -95.946987, 41.289207 ], [ -95.946989, 41.288754 ], [ -95.947001, 41.285138 ], [ -95.947033, 41.276526 ], [ -95.947028, 41.27199 ], [ -95.947024, 41.267964 ], [ -95.956512, 41.267948 ], [ -95.956572, 41.268471 ], [ -95.9566, 41.272853 ] ] ] } },
{ "type": "Feature", "properties": { "geoid": "31055002100", "county_name": "Douglas County", "place_name": null, "state_name": "Nebraska", "state_abbr": "NE", "is_rural": false, "ui_invest_score": 1.0, "ui_invest_quintile": 1, "dci_score": 78.6, "dci_quintile": 3.0, "is_cra_lmi": true, "income_level": "L", "is_persistent_poverty": false, "is_tribal_overlap": false, "tribal_area_name": null, "aian_pct": 0.0182, "has_nmtc": false, "nmtc_projects": 0, "nmtc_total_usd": 0.0 }, "geometry": { "type": "Polygon", "coordinates": [ [ [ -95.937353, 41.238205 ], [ -95.937336, 41.24286 ], [ -95.937242, 41.24806 ], [ -95.934664, 41.248117 ], [ -95.93328, 41.249163 ], [ -95.930596, 41.249142 ], [ -95.930721, 41.242854 ], [ -95.930745, 41.23693 ], [ -95.932044, 41.236936 ], [ -95.937358, 41.23696 ], [ -95.937353, 41.238205 ] ] ] } },
{ "type": "Feature", "properties": { "geoid": "31055006606", "county_name": "Douglas County", "place_name": "Omaha", "state_name": "Nebraska", "state_abbr": "NE", "is_rural": false, "ui_invest_score": 3.0, "ui_invest_quintile": 3, "dci_score": 21.1, "dci_quintile": 5.0, "is_cra_lmi": true, "income_level": "M", "is_persistent_poverty": false, "is_tribal_overlap": false, "tribal_area_name": null, "aian_pct": 0.0, "has_nmtc": false, "nmtc_projects": 0, "nmtc_total_usd": 0.0 }, "geometry": { "type": "Polygon", "coordinates": [ [ [ -96.05261, 41.285067 ], [ -96.047805, 41.285071 ], [ -96.047338, 41.280109 ], [ -96.04576, 41.277855 ], [ -96.043508, 41.275566 ], [ -96.044105, 41.272385 ], [ -96.041068, 41.27056 ], [ -96.040332, 41.26871 ], [ -96.036291, 41.263302 ], [ -96.037589, 41.263305 ], [ -96.046011, 41.263301 ], [ -96.047713, 41.263437 ], [ -96.052533, 41.26334 ], [ -96.05257, 41.270559 ], [ -96.052592, 41.274184 ], [ -96.052613, 41.277798 ], [ -96.05261, 41.285067 ] ] ] } },
{ "type": "Feature", "properties": { "geoid": "31043010101", "county_name": "Dakota County", "place_name": null, "state_name": "Nebraska", "state_abbr": "NE", "is_rural": false, "ui_invest_score": 3.0, "ui_invest_quintile": 3, "dci_score": 60.6, "dci_quintile": 4.0, "is_cra_lmi": false, "income_level": "U", "is_persistent_poverty": false, "is_tribal_overlap": false, "tribal_area_name": null, "aian_pct": 0.0906, "has_nmtc": false, "nmtc_projects": 0, "nmtc_total_usd": 0.0 }, "geometry": { "type": "Polygon", "coordinates": [ [ [ -96.426717, 42.470969 ], [ -96.426376, 42.472417 ], [ -96.423602, 42.477333 ], [ -96.423693, 42.480092 ], [ -96.42364, 42.481034 ], [ -96.422925, 42.481923 ], [ -96.413143, 42.48188 ], [ -96.413127, 42.479081 ], [ -96.404112, 42.479021 ], [ -96.404191, 42.472669 ], [ -96.410883, 42.472703 ], [ -96.410855, 42.473634 ], [ -96.413936, 42.473642 ], [ -96.4171, 42.473681 ], [ -96.417113, 42.470801 ], [ -96.418608, 42.469186 ], [ -96.415561, 42.469158 ], [ -96.415532, 42.463527 ], [ -96.417143, 42.462596 ], [ -96.426726, 42.46248 ], [ -96.426717, 42.470969 ] ] ] } },
{ "type": "Feature", "properties": { "geoid": "31055005300", "county_name": "Douglas County", "place_name": null, "state_name": "Nebraska", "state_abbr": "NE", "is_rural": false, "ui_invest_score": 3.0, "ui_invest_quintile": 3, "dci_score": 84.0, "dci_quintile": 2.0, "is_cra_lmi": true, "income_level": "L", "is_persistent_poverty": false, "is_tribal_overlap": false, "tribal_area_name": null, "aian_pct": 0.0073, "has_nmtc": true, "nmtc_projects": 1, "nmtc_total_usd": 0.0 }, "geometry": { "type": "Polygon", "coordinates": [ [ [ -95.977999, 41.274147 ], [ -95.976716, 41.27419 ], [ -95.975869, 41.277274 ], [ -95.975743, 41.277805 ], [ -95.975753, 41.281422 ], [ -95.972311, 41.281411 ], [ -95.972311, 41.28392 ], [ -95.972143, 41.288663 ], [ -95.956556, 41.288692 ], [ -95.956562, 41.281453 ], [ -95.966068, 41.281393 ], [ -95.966091, 41.277733 ], [ -95.966112, 41.276445 ], [ -95.966108, 41.273129 ], [ -95.972689, 41.273156 ], [ -95.974894, 41.27316 ], [ -95.977242, 41.27216 ], [ -95.977273, 41.273149 ], [ -95.977999, 41.274147 ] ] ] } },
{ "type": "Feature", "properties": { "geoid": "31055006202", "county_name": "Douglas County", "place_name": "Fremont", "state_name": "Nebraska", "state_abbr": "NE", "is_rural": false, "ui_invest_score": 3.0, "ui_invest_quintile": 3, "dci_score": 78.8, "dci_quintile": 3.0, "is_cra_lmi": true, "income_level": "M", "is_persistent_poverty": false, "is_tribal_overlap": false, "tribal_area_name": null, "aian_pct": 0.0044, "has_nmtc": false, "nmtc_projects": 0, "nmtc_total_usd": 0.0 }, "geometry": { "type": "Polygon", "coordinates": [ [ [ -95.973329, 41.329225 ], [ -95.97332, 41.332891 ], [ -95.971181, 41.333278 ], [ -95.971517, 41.334469 ], [ -95.969653, 41.334767 ], [ -95.971933, 41.343468 ], [ -95.963797, 41.343152 ], [ -95.961702, 41.340861 ], [ -95.959595, 41.333427 ], [ -95.957767, 41.326916 ], [ -95.957065, 41.324409 ], [ -95.956646, 41.322917 ], [ -95.956532, 41.322146 ], [ -95.956544, 41.320675 ], [ -95.956525, 41.31757 ], [ -95.956551, 41.315755 ], [ -95.956555, 41.312127 ], [ -95.966103, 41.312134 ], [ -95.966085, 41.31576 ], [ -95.966129, 41.318804 ], [ -95.966042, 41.319378 ], [ -95.966154, 41.321175 ], [ -95.966698, 41.324596 ], [ -95.967587, 41.325945 ], [ -95.967412, 41.326922 ], [ -95.966866, 41.327292 ], [ -95.968957, 41.32796 ], [ -95.97333, 41.327425 ], [ -95.973329, 41.329225 ] ] ] } },
{ "type": "Feature", "properties": { "geoid": "31055007101", "county_name": "Douglas County", "place_name": null, "state_name": "Nebraska", "state_abbr": "NE", "is_rural": false, "ui_invest_score": 1.0, "ui_invest_quintile": 1, "dci_score": 65.9, "dci_quintile": 4.0, "is_cra_lmi": true, "income_level": "M", "is_persistent_poverty": false, "is_tribal_overlap": false, "tribal_area_name": null, "aian_pct": 0.0134, "has_nmtc": false, "nmtc_projects": 0, "nmtc_total_usd": 0.0 }, "geometry": { "type": "Polygon", "coordinates": [ [ [ -96.023859, 41.212496 ], [ -96.004672, 41.212458 ], [ -95.995562, 41.212505 ], [ -95.990772, 41.212536 ], [ -95.976391, 41.212599 ], [ -95.976809, 41.207699 ], [ -95.977885, 41.205615 ], [ -95.979128, 41.205457 ], [ -95.986555, 41.205312 ], [ -95.993761, 41.205273 ], [ -95.996169, 41.205262 ], [ -96.004681, 41.205214 ], [ -96.023769, 41.205283 ], [ -96.023776, 41.208904 ], [ -96.023859, 41.212496 ] ] ] } },
{ "type": "Feature", "properties": { "geoid": "31055002700", "county_name": "Douglas County", "place_name": null, "state_name": "Nebraska", "state_abbr": "NE", "is_rural": false, "ui_invest_score": 3.0, "ui_invest_quintile": 3, "dci_score": 74.1, "dci_quintile": 3.0, "is_cra_lmi": true, "income_level": "M", "is_persistent_poverty": false, "is_tribal_overlap": false, "tribal_area_name": null, "aian_pct": 0.0, "has_nmtc": false, "nmtc_projects": 0, "nmtc_total_usd": 0.0 }, "geometry": { "type": "Polygon", "coordinates": [ [ [ -95.947051, 41.212249 ], [ -95.941775, 41.212242 ], [ -95.941779, 41.212942 ], [ -95.933335, 41.212954 ], [ -95.929201, 41.212997 ], [ -95.92563, 41.212284 ], [ -95.924658887283201, 41.211477482658999 ], [ -95.924891, 41.211198 ], [ -95.924954718864996, 41.2109774346983 ], [ -95.927491, 41.202198 ], [ -95.927484878154303, 41.202171489675401 ], [ -95.930097, 41.202306 ], [ -95.933682, 41.202098 ], [ -95.93604, 41.202062 ], [ -95.936206, 41.203753 ], [ -95.941783, 41.203765 ], [ -95.943038, 41.205585 ], [ -95.947065, 41.205593 ], [ -95.947051, 41.212249 ] ] ] } },
{ "type": "Feature", "properties": { "geoid": "31055007445", "county_name": "Douglas County", "place_name": "Columbus", "state_name": "Nebraska", "state_abbr": "NE", "is_rural": false, "ui_invest_score": 1.0, "ui_invest_quintile": 1, "dci_score": 18.4, "dci_quintile": 5.0, "is_cra_lmi": false, "income_level": "U", "is_persistent_poverty": false, "is_tribal_overlap": false, "tribal_area_name": null, "aian_pct": 0.0, "has_nmtc": false, "nmtc_projects": 0, "nmtc_total_usd": 0.0 }, "geometry": { "type": "Polygon", "coordinates": [ [ [ -96.083765, 41.264442 ], [ -96.081391, 41.267524 ], [ -96.081325, 41.277789 ], [ -96.076132, 41.277804 ], [ -96.064634, 41.277796 ], [ -96.062148, 41.277784 ], [ -96.062132, 41.270568 ], [ -96.062117, 41.263385 ], [ -96.076194, 41.263373 ], [ -96.082473, 41.263404 ], [ -96.083765, 41.264442 ] ] ] } },
{ "type": "Feature", "properties": { "geoid": "31055001200", "county_name": "Douglas County", "place_name": null, "state_name": "Nebraska", "state_abbr": "NE", "is_rural": false, "ui_invest_score": 1.0, "ui_invest_quintile": 1, "dci_score": 88.3, "dci_quintile": 2.0, "is_cra_lmi": true, "income_level": "L", "is_persistent_poverty": false, "is_tribal_overlap": false, "tribal_area_name": null, "aian_pct": 0.0258, "has_nmtc": false, "nmtc_projects": 0, "nmtc_total_usd": 0.0 }, "geometry": { "type": "Polygon", "coordinates": [ [ [ -95.947033, 41.276526 ], [ -95.947001, 41.285138 ], [ -95.946989, 41.288754 ], [ -95.943792, 41.288755 ], [ -95.943797, 41.28785 ], [ -95.942177, 41.288763 ], [ -95.937367, 41.288749 ], [ -95.937395, 41.281504 ], [ -95.937436, 41.274264 ], [ -95.937098, 41.267949 ], [ -95.947024, 41.267964 ], [ -95.947028, 41.27199 ], [ -95.947033, 41.276526 ] ] ] } },
{ "type": "Feature", "properties": { "geoid": "31055002600", "county_name": "Douglas County", "place_name": null, "state_name": "Nebraska", "state_abbr": "NE", "is_rural": false, "ui_invest_score": 1.0, "ui_invest_quintile": 1, "dci_score": 74.1, "dci_quintile": 3.0, "is_cra_lmi": true, "income_level": "M", "is_persistent_poverty": false, "is_tribal_overlap": false, "tribal_area_name": null, "aian_pct": 0.0, "has_nmtc": false, "nmtc_projects": 0, "nmtc_total_usd": 0.0 }, "geometry": { "type": "Polygon", "coordinates": [ [ [ -95.947043, 41.218509 ], [ -95.947048, 41.219717 ], [ -95.942874, 41.219713 ], [ -95.941761, 41.219538 ], [ -95.94046, 41.219592 ], [ -95.938446, 41.220171 ], [ -95.936209, 41.219162 ], [ -95.933347, 41.214669 ], [ -95.933335, 41.212954 ], [ -95.941779, 41.212942 ], [ -95.941775, 41.212242 ], [ -95.947051, 41.212249 ], [ -95.947043, 41.218509 ] ] ] } },
{ "type": "Feature", "properties": { "geoid": "31055004200", "county_name": "Douglas County", "place_name": null, "state_name": "Nebraska", "state_abbr": "NE", "is_rural": false, "ui_invest_score": 3.0, "ui_invest_quintile": 3, "dci_score": 67.4, "dci_quintile": 4.0, "is_cra_lmi": true, "income_level": "M", "is_persistent_poverty": false, "is_tribal_overlap": false, "tribal_area_name": null, "aian_pct": 0.0309, "has_nmtc": false, "nmtc_projects": 0, "nmtc_total_usd": 0.0 }, "geometry": { "type": "Polygon", "coordinates": [ [ [ -95.966436, 41.259669 ], [ -95.965782, 41.259735 ], [ -95.961618, 41.259743 ], [ -95.961395, 41.256703 ], [ -95.961393, 41.25421 ], [ -95.961397, 41.252401 ], [ -95.961403, 41.248784 ], [ -95.962536, 41.24787 ], [ -95.9631, 41.248776 ], [ -95.966159, 41.24877 ], [ -95.966157, 41.25239 ], [ -95.966153, 41.254198 ], [ -95.966144, 41.256001 ], [ -95.966436, 41.259669 ] ] ] } },
{ "type": "Feature", "properties": { "geoid": "31055005100", "county_name": "Douglas County", "place_name": null, "state_name": "Nebraska", "state_abbr": "NE", "is_rural": false, "ui_invest_score": 1.0, "ui_invest_quintile": 1, "dci_score": 92.2, "dci_quintile": 1.0, "is_cra_lmi": true, "income_level": "M", "is_persistent_poverty": false, "is_tribal_overlap": false, "tribal_area_name": null, "aian_pct": 0.0095, "has_nmtc": false, "nmtc_projects": 0, "nmtc_total_usd": 0.0 }, "geometry": { "type": "Polygon", "coordinates": [ [ [ -95.967432, 41.269604 ], [ -95.966117, 41.270004 ], [ -95.966109, 41.272809 ], [ -95.9566, 41.272853 ], [ -95.956572, 41.268471 ], [ -95.956512, 41.267948 ], [ -95.956614, 41.259758 ], [ -95.961618, 41.259743 ], [ -95.961548, 41.263831 ], [ -95.961519, 41.267978 ], [ -95.966456, 41.267932 ], [ -95.966447, 41.268011 ], [ -95.967432, 41.269604 ] ] ] } },
{ "type": "Feature", "properties": { "geoid": "31109003202", "county_name": "Lancaster County", "place_name": null, "state_name": "Nebraska", "state_abbr": "NE", "is_rural": false, "ui_invest_score": 3.0, "ui_invest_quintile": 3, "dci_score": 21.0, "dci_quintile": 5.0, "is_cra_lmi": true, "income_level": "M", "is_persistent_poverty": false, "is_tribal_overlap": false, "tribal_area_name": null, "aian_pct": 0.0, "has_nmtc": false, "nmtc_projects": 0, "nmtc_total_usd": 0.0 }, "geometry": { "type": "Polygon", "coordinates": [ [ [ -96.815245, 40.846416 ], [ -96.815221, 40.850044 ], [ -96.815173, 40.857342 ], [ -96.805685, 40.857308 ], [ -96.805534, 40.857308 ], [ -96.796017, 40.857274 ], [ -96.795971, 40.864547 ], [ -96.795908, 40.871692 ], [ -96.795907, 40.871813 ], [ -96.787002, 40.8718 ], [ -96.787003, 40.871675 ], [ -96.787243, 40.852619 ], [ -96.787305, 40.846917 ], [ -96.787349, 40.842783 ], [ -96.79613, 40.842758 ], [ -96.797332, 40.842762 ], [ -96.805688, 40.842803 ], [ -96.815269, 40.842845 ], [ -96.815245, 40.846416 ] ] ] } },
{ "type": "Feature", "properties": { "geoid": "31109003103", "county_name": "Lancaster County", "place_name": "Lincoln", "state_name": "Nebraska", "state_abbr": "NE", "is_rural": false, "ui_invest_score": 3.0, "ui_invest_quintile": 3, "dci_score": 52.5, "dci_quintile": 5.0, "is_cra_lmi": true, "income_level": "M", "is_persistent_poverty": false, "is_tribal_overlap": false, "tribal_area_name": null, "aian_pct": 0.0, "has_nmtc": false, "nmtc_projects": 0, "nmtc_total_usd": 0.0 }, "geometry": { "type": "Polygon", "coordinates": [ [ [ -96.72097, 40.857832 ], [ -96.716086, 40.862207 ], [ -96.713168, 40.855151 ], [ -96.712241, 40.850757 ], [ -96.712081, 40.842967 ], [ -96.71214, 40.833683 ], [ -96.720401, 40.831928 ], [ -96.720356, 40.839414 ], [ -96.720335, 40.842825 ], [ -96.720225, 40.843207 ], [ -96.720338, 40.843387 ], [ -96.720167, 40.843523 ], [ -96.720332, 40.84406 ], [ -96.720311, 40.848449 ], [ -96.720264, 40.856626 ], [ -96.719805, 40.857149 ], [ -96.72097, 40.857832 ] ] ] } },
{ "type": "Feature", "properties": { "geoid": "31109000700", "county_name": "Lancaster County", "place_name": null, "state_name": "Nebraska", "state_abbr": "NE", "is_rural": false, "ui_invest_score": 1.0, "ui_invest_quintile": 1, "dci_score": 80.1, "dci_quintile": 3.0, "is_cra_lmi": true, "income_level": "M", "is_persistent_poverty": false, "is_tribal_overlap": false, "tribal_area_name": null, "aian_pct": 0.0044, "has_nmtc": false, "nmtc_projects": 0, "nmtc_total_usd": 0.0 }, "geometry": { "type": "Polygon", "coordinates": [ [ [ -96.695313, 40.824486 ], [ -96.687025, 40.824408 ], [ -96.685833, 40.823512 ], [ -96.682335, 40.823517 ], [ -96.682376, 40.820704 ], [ -96.68239, 40.817094 ], [ -96.682391, 40.816861 ], [ -96.682396, 40.815759 ], [ -96.69385, 40.815809 ], [ -96.692282, 40.818694 ], [ -96.692585, 40.820764 ], [ -96.693245, 40.821627 ], [ -96.696075, 40.823627 ], [ -96.695313, 40.824486 ] ] ] } },
{ "type": "Feature", "properties": { "geoid": "31109003500", "county_name": "Lancaster County", "place_name": null, "state_name": "Nebraska", "state_abbr": "NE", "is_rural": false, "ui_invest_score": 2.0, "ui_invest_quintile": 2, "dci_score": null, "dci_quintile": null, "is_cra_lmi": false, "income_level": "NA", "is_persistent_poverty": false, "is_tribal_overlap": false, "tribal_area_name": null, "aian_pct": 0.0, "has_nmtc": false, "nmtc_projects": 0, "nmtc_total_usd": 0.0 }, "geometry": { "type": "Polygon", "coordinates": [ [ [ -96.739818, 40.784496 ], [ -96.739816, 40.78458 ], [ -96.73872, 40.784628 ], [ -96.738015, 40.784766 ], [ -96.735756, 40.785532 ], [ -96.730335, 40.787463 ], [ -96.72756, 40.784571 ], [ -96.73026, 40.78456 ], [ -96.73032, 40.777551 ], [ -96.733954, 40.777587 ], [ -96.73584, 40.777607 ], [ -96.739868, 40.777649 ], [ -96.739818, 40.784496 ] ] ] } },
{ "type": "Feature", "properties": { "geoid": "31153010305", "county_name": "Sarpy County", "place_name": null, "state_name": "Nebraska", "state_abbr": "NE", "is_rural": false, "ui_invest_score": 2.0, "ui_invest_quintile": 2, "dci_score": 7.8, "dci_quintile": 5.0, "is_cra_lmi": true, "income_level": "M", "is_persistent_poverty": false, "is_tribal_overlap": false, "tribal_area_name": null, "aian_pct": 0.0, "has_nmtc": false, "nmtc_projects": 0, "nmtc_total_usd": 0.0 }, "geometry": { "type": "Polygon", "coordinates": [ [ [ -95.956675, 41.125691 ], [ -95.95628, 41.129262 ], [ -95.952963, 41.13097 ], [ -95.94739, 41.130979 ], [ -95.947375, 41.129158 ], [ -95.947047, 41.129188 ], [ -95.937638, 41.129346 ], [ -95.937839, 41.119478 ], [ -95.937795, 41.118523 ], [ -95.937868, 41.117934 ], [ -95.947303, 41.118556 ], [ -95.948906, 41.11882 ], [ -95.956318, 41.121546 ], [ -95.956217, 41.121673 ], [ -95.956608, 41.122238 ], [ -95.956675, 41.125691 ] ] ] } },
{ "type": "Feature", "properties": { "geoid": "31153010401", "county_name": "Sarpy County", "place_name": "Boys Town", "state_name": "Nebraska", "state_abbr": "NE", "is_rural": false, "ui_invest_score": 3.0, "ui_invest_quintile": 3, "dci_score": 46.3, "dci_quintile": 5.0, "is_cra_lmi": true, "income_level": "M", "is_persistent_poverty": false, "is_tribal_overlap": false, "tribal_area_name": null, "aian_pct": 0.0103, "has_nmtc": false, "nmtc_projects": 0, "nmtc_total_usd": 0.0 }, "geometry": { "type": "Polygon", "coordinates": [ [ [ -95.927388, 41.147509 ], [ -95.923621, 41.147527 ], [ -95.920675, 41.145993 ], [ -95.918985, 41.148743 ], [ -95.915472, 41.14853 ], [ -95.909522, 41.141687 ], [ -95.907806, 41.139127 ], [ -95.907395, 41.137622 ], [ -95.907419, 41.136535 ], [ -95.907399, 41.13343 ], [ -95.907655, 41.134966 ], [ -95.908531, 41.136106 ], [ -95.921548, 41.13638 ], [ -95.926351, 41.135479 ], [ -95.926504, 41.140186 ], [ -95.927388, 41.147509 ] ] ] } },
{ "type": "Feature", "properties": { "geoid": "31079000700", "county_name": "Hall County", "place_name": null, "state_name": "Nebraska", "state_abbr": "NE", "is_rural": false, "ui_invest_score": 1.0, "ui_invest_quintile": 1, "dci_score": 37.5, "dci_quintile": 5.0, "is_cra_lmi": true, "income_level": "M", "is_persistent_poverty": false, "is_tribal_overlap": false, "tribal_area_name": null, "aian_pct": 0.0076, "has_nmtc": false, "nmtc_projects": 0, "nmtc_total_usd": 0.0 }, "geometry": { "type": "Polygon", "coordinates": [ [ [ -98.383456, 40.931523 ], [ -98.36849, 40.931427 ], [ -98.358962, 40.931316 ], [ -98.358954, 40.930613 ], [ -98.358945, 40.926005 ], [ -98.358968, 40.92377 ], [ -98.358983, 40.920655 ], [ -98.358112, 40.919498 ], [ -98.364528, 40.916595 ], [ -98.383268, 40.908238 ], [ -98.38332, 40.917061 ], [ -98.383388, 40.924383 ], [ -98.383456, 40.931523 ] ] ] } },
{ "type": "Feature", "properties": { "geoid": "31055006102", "county_name": "Douglas County", "place_name": null, "state_name": "Nebraska", "state_abbr": "NE", "is_rural": false, "ui_invest_score": 3.0, "ui_invest_quintile": 3, "dci_score": 80.7, "dci_quintile": 3.0, "is_cra_lmi": true, "income_level": "L", "is_persistent_poverty": false, "is_tribal_overlap": false, "tribal_area_name": null, "aian_pct": 0.016, "has_nmtc": false, "nmtc_projects": 0, "nmtc_total_usd": 0.0 }, "geometry": { "type": "Polygon", "coordinates": [ [ [ -95.975776, 41.310316 ], [ -95.975776, 41.311275 ], [ -95.975767, 41.314857 ], [ -95.975763, 41.315756 ], [ -95.975762, 41.319387 ], [ -95.975778, 41.325624 ], [ -95.975672, 41.325956 ], [ -95.973327, 41.326009 ], [ -95.97333, 41.327425 ], [ -95.968957, 41.32796 ], [ -95.966866, 41.327292 ], [ -95.967412, 41.326922 ], [ -95.967587, 41.325945 ], [ -95.966698, 41.324596 ], [ -95.966154, 41.321175 ], [ -95.966042, 41.319378 ], [ -95.966129, 41.318804 ], [ -95.966085, 41.31576 ], [ -95.966103, 41.312134 ], [ -95.956555, 41.312127 ], [ -95.956561, 41.306676 ], [ -95.956516, 41.302934 ], [ -95.960361, 41.303548 ], [ -95.963827, 41.305123 ], [ -95.966198, 41.306288 ], [ -95.968758, 41.307239 ], [ -95.96996, 41.306662 ], [ -95.975792, 41.306659 ], [ -95.975776, 41.310316 ] ] ] } },
{ "type": "Feature", "properties": { "geoid": "31109003704", "county_name": "Lancaster County", "place_name": null, "state_name": "Nebraska", "state_abbr": "NE", "is_rural": false, "ui_invest_score": 3.0, "ui_invest_quintile": 3, "dci_score": 2.1, "dci_quintile": 5.0, "is_cra_lmi": true, "income_level": "M", "is_persistent_poverty": false, "is_tribal_overlap": false, "tribal_area_name": null, "aian_pct": 0.0038, "has_nmtc": false, "nmtc_projects": 0, "nmtc_total_usd": 0.0 }, "geometry": { "type": "Polygon", "coordinates": [ [ [ -96.682822, 40.768125 ], [ -96.672874, 40.76709 ], [ -96.669677, 40.76661 ], [ -96.667619, 40.765672 ], [ -96.663304, 40.762134 ], [ -96.662813, 40.761836 ], [ -96.653717, 40.758932 ], [ -96.645949, 40.756367 ], [ -96.644432, 40.754756 ], [ -96.644432, 40.754723 ], [ -96.646231, 40.755279 ], [ -96.6496, 40.755313 ], [ -96.652198, 40.755327 ], [ -96.656845, 40.755358 ], [ -96.663368, 40.755366 ], [ -96.676996, 40.755431 ], [ -96.677218, 40.755433 ], [ -96.682566, 40.755482 ], [ -96.68252, 40.763938 ], [ -96.682546, 40.76726 ], [ -96.682759, 40.767945 ], [ -96.682822, 40.768125 ] ] ] } },
{ "type": "Feature", "properties": { "geoid": "31055007001", "county_name": "Douglas County", "place_name": null, "state_name": "Nebraska", "state_abbr": "NE", "is_rural": false, "ui_invest_score": 2.0, "ui_invest_quintile": 2, "dci_score": 28.5, "dci_quintile": 5.0, "is_cra_lmi": true, "income_level": "M", "is_persistent_poverty": false, "is_tribal_overlap": false, "tribal_area_name": null, "aian_pct": 0.0216, "has_nmtc": false, "nmtc_projects": 0, "nmtc_total_usd": 0.0 }, "geometry": { "type": "Polygon", "coordinates": [ [ [ -96.023927, 41.248531 ], [ -96.02393, 41.248778 ], [ -96.021854, 41.248777 ], [ -96.020316, 41.248768 ], [ -96.015593, 41.248754 ], [ -96.014335, 41.248748 ], [ -96.014245, 41.245167 ], [ -96.009579, 41.24514 ], [ -96.009578, 41.237886 ], [ -96.004731, 41.23787 ], [ -96.004718, 41.230597 ], [ -96.004672, 41.226985 ], [ -96.004609, 41.223825 ], [ -96.023864, 41.223942 ], [ -96.023904, 41.227077 ], [ -96.023928, 41.234511 ], [ -96.023902, 41.243349 ], [ -96.023945, 41.246928 ], [ -96.023927, 41.248531 ] ] ] } },
{ "type": "Feature", "properties": { "geoid": "31111959900", "county_name": "Lincoln County", "place_name": null, "state_name": "Nebraska", "state_abbr": "NE", "is_rural": true, "ui_invest_score": 3.0, "ui_invest_quintile": 3, "dci_score": 61.4, "dci_quintile": 4.0, "is_cra_lmi": true, "income_level": "M", "is_persistent_poverty": false, "is_tribal_overlap": false, "tribal_area_name": null, "aian_pct": 0.0427, "has_nmtc": true, "nmtc_projects": 1, "nmtc_total_usd": 0.0 }, "geometry": { "type": "Polygon", "coordinates": [ [ [ -100.876118, 41.201611 ], [ -100.87642, 41.201954 ], [ -100.875427, 41.202353 ], [ -100.875427, 41.201954 ], [ -100.871848, 41.202234 ], [ -100.867325, 41.203283 ], [ -100.864624, 41.20356 ], [ -100.858993, 41.203552 ], [ -100.852317, 41.20462 ], [ -100.850588, 41.205077 ], [ -100.850366, 41.205136 ], [ -100.849137, 41.205134 ], [ -100.845995, 41.205128 ], [ -100.842045, 41.204544 ], [ -100.834276, 41.202699 ], [ -100.830875, 41.200814 ], [ -100.830074, 41.200762 ], [ -100.829923, 41.200669 ], [ -100.829275, 41.200513 ], [ -100.828696, 41.200519 ], [ -100.827995, 41.200397 ], [ -100.827083, 41.19953 ], [ -100.82629, 41.199183 ], [ -100.824559, 41.197829 ], [ -100.824523, 41.197805 ], [ -100.818549, 41.19406 ], [ -100.817549, 41.19313 ], [ -100.81645, 41.192109 ], [ -100.8108, 41.186976 ], [ -100.806899, 41.184838 ], [ -100.804022, 41.184632 ], [ -100.798571, 41.180953 ], [ -100.795859, 41.179773 ], [ -100.789432, 41.17629 ], [ -100.78523, 41.175305 ], [ -100.783789, 41.174494 ], [ -100.780686, 41.167221 ], [ -100.778901, 41.166237 ], [ -100.777123, 41.163277 ], [ -100.776239, 41.161638 ], [ -100.772336, 41.159166 ], [ -100.772185, 41.15832 ], [ -100.770128, 41.156306 ], [ -100.766134, 41.155504 ], [ -100.763744, 41.154428 ], [ -100.760537, 41.154042 ], [ -100.759244, 41.153916 ], [ -100.754386, 41.151954 ], [ -100.750184, 41.152133 ], [ -100.743575, 41.150063 ], [ -100.739481, 41.148364 ], [ -100.73116, 41.145687 ], [ -100.730163, 41.14544 ], [ -100.724496, 41.143159 ], [ -100.722943, 41.141883 ], [ -100.722313, 41.141366 ], [ -100.731524, 41.137343 ], [ -100.734094, 41.136665 ], [ -100.735548, 41.136428 ], [ -100.744146, 41.137324 ], [ -100.755086, 41.138745 ], [ -100.76618, 41.140285 ], [ -100.781709, 41.142463 ], [ -100.791542, 41.14371 ], [ -100.797448, 41.144505 ], [ -100.830264, 41.148785 ], [ -100.830254, 41.150265 ], [ -100.849264, 41.152841 ], [ -100.849222, 41.162406 ], [ -100.849209, 41.169697 ], [ -100.8492, 41.176959 ], [ -100.849156, 41.192283 ], [ -100.851625, 41.194769 ], [ -100.854984, 41.197175 ], [ -100.863196, 41.199805 ], [ -100.868372, 41.200134 ], [ -100.8781, 41.200357 ], [ -100.876118, 41.201611 ] ] ] } },
{ "type": "Feature", "properties": { "geoid": "31019969300", "county_name": "Buffalo County", "place_name": null, "state_name": "Nebraska", "state_abbr": "NE", "is_rural": true, "ui_invest_score": 2.0, "ui_invest_quintile": 2, "dci_score": 35.5, "dci_quintile": 5.0, "is_cra_lmi": true, "income_level": "M", "is_persistent_poverty": false, "is_tribal_overlap": false, "tribal_area_name": null, "aian_pct": 0.0104, "has_nmtc": false, "nmtc_projects": 0, "nmtc_total_usd": 0.0 }, "geometry": { "type": "Polygon", "coordinates": [ [ [ -99.072561, 40.697301 ], [ -99.069518, 40.697994 ], [ -99.0662, 40.699518 ], [ -99.065468, 40.700086 ], [ -99.064964, 40.700492 ], [ -99.064902, 40.702218 ], [ -99.064874, 40.706601 ], [ -99.064848, 40.713845 ], [ -99.058036, 40.71381 ], [ -99.050889, 40.713795 ], [ -99.04582, 40.713779 ], [ -99.02978, 40.713845 ], [ -99.026741, 40.713841 ], [ -99.026737, 40.707676 ], [ -98.988517, 40.716359 ], [ -98.988518, 40.715729 ], [ -98.988508, 40.713816 ], [ -98.988512, 40.710206 ], [ -98.988528, 40.699226 ], [ -98.989372, 40.699226 ], [ -98.998092, 40.699235 ], [ -98.998956, 40.699237 ], [ -99.007638, 40.699231 ], [ -99.008477, 40.69923 ], [ -99.013226, 40.699243 ], [ -99.018009, 40.69925 ], [ -99.030384, 40.699269 ], [ -99.036259, 40.699278 ], [ -99.054329, 40.699309 ], [ -99.061208, 40.698815 ], [ -99.061278, 40.697322 ], [ -99.067388, 40.697374 ], [ -99.071735, 40.696755 ], [ -99.072561, 40.697301 ] ] ] } },
{ "type": "Feature", "properties": { "geoid": "31109001700", "county_name": "Lancaster County", "place_name": null, "state_name": "Nebraska", "state_abbr": "NE", "is_rural": false, "ui_invest_score": 3.0, "ui_invest_quintile": 3, "dci_score": 47.5, "dci_quintile": 5.0, "is_cra_lmi": true, "income_level": "L", "is_persistent_poverty": false, "is_tribal_overlap": true, "tribal_area_name": "Ponca (NE) Trust Land", "aian_pct": 0.0, "has_nmtc": false, "nmtc_projects": 0, "nmtc_total_usd": 0.0 }, "geometry": { "type": "Polygon", "coordinates": [ [ [ -96.696805, 40.803629 ], [ -96.696788, 40.805821 ], [ -96.696769, 40.809176 ], [ -96.690663, 40.809158 ], [ -96.688949, 40.809007 ], [ -96.687831, 40.808073 ], [ -96.687255, 40.806397 ], [ -96.686434, 40.805575 ], [ -96.683465, 40.802909 ], [ -96.682258, 40.802424 ], [ -96.680079, 40.802009 ], [ -96.675385, 40.798839 ], [ -96.676283, 40.798814 ], [ -96.67661, 40.798853 ], [ -96.677802, 40.79898 ], [ -96.682352, 40.798943 ], [ -96.682491, 40.798943 ], [ -96.689279, 40.798962 ], [ -96.691778, 40.798989 ], [ -96.692364, 40.79913 ], [ -96.696654, 40.799135 ], [ -96.69684, 40.799179 ], [ -96.696805, 40.803629 ] ] ] } },
{ "type": "Feature", "properties": { "geoid": "31109002701", "county_name": "Lancaster County", "place_name": null, "state_name": "Nebraska", "state_abbr": "NE", "is_rural": false, "ui_invest_score": 2.0, "ui_invest_quintile": 2, "dci_score": 19.7, "dci_quintile": 5.0, "is_cra_lmi": true, "income_level": "M", "is_persistent_poverty": false, "is_tribal_overlap": false, "tribal_area_name": null, "aian_pct": 0.0171, "has_nmtc": false, "nmtc_projects": 0, "nmtc_total_usd": 0.0 }, "geometry": { "type": "Polygon", "coordinates": [ [ [ -96.66334, 40.773476 ], [ -96.66332, 40.777099 ], [ -96.654027, 40.777046 ], [ -96.644341, 40.776989 ], [ -96.64434, 40.772853 ], [ -96.644371, 40.769725 ], [ -96.653925, 40.769765 ], [ -96.655473, 40.769773 ], [ -96.657969, 40.769785 ], [ -96.66336, 40.769809 ], [ -96.66334, 40.773476 ] ] ] } },
{ "type": "Feature", "properties": { "geoid": "31109000202", "county_name": "Lancaster County", "place_name": "Grand Island", "state_name": "Nebraska", "state_abbr": "NE", "is_rural": false, "ui_invest_score": 2.0, "ui_invest_quintile": 2, "dci_score": 51.7, "dci_quintile": 5.0, "is_cra_lmi": true, "income_level": "L", "is_persistent_poverty": false, "is_tribal_overlap": false, "tribal_area_name": null, "aian_pct": 0.0133, "has_nmtc": false, "nmtc_projects": 0, "nmtc_total_usd": 0.0 }, "geometry": { "type": "Polygon", "coordinates": [ [ [ -96.653656, 40.838292 ], [ -96.653607, 40.841288 ], [ -96.653646, 40.846216 ], [ -96.653623, 40.851024 ], [ -96.652347, 40.851187 ], [ -96.645275, 40.851264 ], [ -96.644122, 40.851489 ], [ -96.644122, 40.851266 ], [ -96.644128, 40.8462 ], [ -96.644131, 40.842564 ], [ -96.644132, 40.84128 ], [ -96.644134, 40.835286 ], [ -96.653642, 40.835299 ], [ -96.653656, 40.838292 ] ] ] } },
{ "type": "Feature", "properties": { "geoid": "31109000400", "county_name": "Lancaster County", "place_name": "Fairbury", "state_name": "Nebraska", "state_abbr": "NE", "is_rural": false, "ui_invest_score": 2.0, "ui_invest_quintile": 2, "dci_score": 80.1, "dci_quintile": 3.0, "is_cra_lmi": true, "income_level": "M", "is_persistent_poverty": false, "is_tribal_overlap": false, "tribal_area_name": null, "aian_pct": 0.0166, "has_nmtc": false, "nmtc_projects": 0, "nmtc_total_usd": 0.0 }, "geometry": { "type": "Polygon", "coordinates": [ [ [ -96.698992, 40.827268 ], [ -96.696521, 40.828572 ], [ -96.682222, 40.836087 ], [ -96.672808, 40.841021 ], [ -96.67281, 40.838289 ], [ -96.67281, 40.837338 ], [ -96.672836, 40.831654 ], [ -96.672861, 40.828021 ], [ -96.672859, 40.827112 ], [ -96.672851, 40.823034 ], [ -96.677705, 40.823472 ], [ -96.678419, 40.823451 ], [ -96.682335, 40.823517 ], [ -96.685833, 40.823512 ], [ -96.687025, 40.824408 ], [ -96.695313, 40.824486 ], [ -96.696075, 40.823627 ], [ -96.697325, 40.82475 ], [ -96.698126, 40.825944 ], [ -96.698992, 40.827268 ] ] ] } },
{ "type": "Feature", "properties": { "geoid": "31109000300", "county_name": "Lancaster County", "place_name": null, "state_name": "Nebraska", "state_abbr": "NE", "is_rural": false, "ui_invest_score": 1.0, "ui_invest_quintile": 1, "dci_score": 51.7, "dci_quintile": 5.0, "is_cra_lmi": true, "income_level": "L", "is_persistent_poverty": false, "is_tribal_overlap": false, "tribal_area_name": null, "aian_pct": 0.01, "has_nmtc": false, "nmtc_projects": 0, "nmtc_total_usd": 0.0 }, "geometry": { "type": "Polygon", "coordinates": [ [ [ -96.67281, 40.838289 ], [ -96.672808, 40.841021 ], [ -96.658874, 40.84839 ], [ -96.653622, 40.85112 ], [ -96.653623, 40.851024 ], [ -96.653646, 40.846216 ], [ -96.653607, 40.841288 ], [ -96.653656, 40.838292 ], [ -96.653642, 40.835299 ], [ -96.657034, 40.835449 ], [ -96.658862, 40.836341 ], [ -96.660602, 40.837232 ], [ -96.67281, 40.837338 ], [ -96.67281, 40.838289 ] ] ] } },
{ "type": "Feature", "properties": { "geoid": "31013951300", "county_name": "Box Butte County", "place_name": "Lincoln", "state_name": "Nebraska", "state_abbr": "NE", "is_rural": true, "ui_invest_score": 3.0, "ui_invest_quintile": 3, "dci_score": 57.5, "dci_quintile": 4.0, "is_cra_lmi": false, "income_level": "U", "is_persistent_poverty": false, "is_tribal_overlap": false, "tribal_area_name": null, "aian_pct": 0.0431, "has_nmtc": true, "nmtc_projects": 1, "nmtc_total_usd": 8976000.0 }, "geometry": { "type": "Polygon", "coordinates": [ [ [ -102.939506, 42.016513 ], [ -102.936455, 42.02004 ], [ -102.933254, 42.023719 ], [ -102.916439, 42.043245 ], [ -102.914407, 42.045815 ], [ -102.905009, 42.060415 ], [ -102.899642, 42.068995 ], [ -102.898571, 42.071568 ], [ -102.898339, 42.074399 ], [ -102.897954, 42.087533 ], [ -102.898419, 42.094924 ], [ -102.898479, 42.09625 ], [ -102.898452, 42.096736 ], [ -102.898245, 42.103955 ], [ -102.898108, 42.103959 ], [ -102.894963, 42.104051 ], [ -102.888741, 42.104229 ], [ -102.880797, 42.104386 ], [ -102.875207, 42.104498 ], [ -102.864798, 42.104721 ], [ -102.858305, 42.104839 ], [ -102.858518, 42.098452 ], [ -102.858543, 42.097361 ], [ -102.856243, 42.097321 ], [ -102.853908, 42.096672 ], [ -102.852206, 42.095626 ], [ -102.848463, 42.09211 ], [ -102.845739, 42.09091 ], [ -102.842541, 42.090571 ], [ -102.742269, 42.092388 ], [ -102.735403, 42.092521 ], [ -102.731857, 42.092331 ], [ -102.702383, 42.092747 ], [ -102.7021, 42.051323 ], [ -102.698823, 42.026643 ], [ -102.697835, 42.004843 ], [ -102.750476, 42.003803 ], [ -102.777447, 42.002066 ], [ -102.827941, 42.000864 ], [ -102.828374, 42.001028 ], [ -102.862321, 42.000665 ], [ -102.877151, 42.000875 ], [ -102.886923, 42.001089 ], [ -102.926729, 42.001539 ], [ -102.93671, 42.001625 ], [ -102.952292, 42.001776 ], [ -102.939506, 42.016513 ] ] ] } },
{ "type": "Feature", "properties": { "geoid": "31055005901", "county_name": "Douglas County", "place_name": "Lincoln", "state_name": "Nebraska", "state_abbr": "NE", "is_rural": false, "ui_invest_score": 1.0, "ui_invest_quintile": 1, "dci_score": 80.2, "dci_quintile": 3.0, "is_cra_lmi": true, "income_level": "L", "is_persistent_poverty": false, "is_tribal_overlap": false, "tribal_area_name": null, "aian_pct": 0.0007, "has_nmtc": false, "nmtc_projects": 0, "nmtc_total_usd": 0.0 }, "geometry": { "type": "Polygon", "coordinates": [ [ [ -95.985466, 41.299598 ], [ -95.980208, 41.29954 ], [ -95.975822, 41.299568 ], [ -95.972185, 41.299556 ], [ -95.972166, 41.294106 ], [ -95.97216, 41.292292 ], [ -95.972143, 41.288663 ], [ -95.980597, 41.288691 ], [ -95.983029, 41.288693 ], [ -95.985455, 41.288701 ], [ -95.985499, 41.292396 ], [ -95.985466, 41.299598 ] ] ] } },
{ "type": "Feature", "properties": { "geoid": "31055006504", "county_name": "Douglas County", "place_name": "Lincoln", "state_name": "Nebraska", "state_abbr": "NE", "is_rural": false, "ui_invest_score": 3.0, "ui_invest_quintile": 3, "dci_score": 61.0, "dci_quintile": 4.0, "is_cra_lmi": false, "income_level": "U", "is_persistent_poverty": false, "is_tribal_overlap": false, "tribal_area_name": null, "aian_pct": 0.0, "has_nmtc": false, "nmtc_projects": 0, "nmtc_total_usd": 0.0 }, "geometry": { "type": "Polygon", "coordinates": [ [ [ -96.05314, 41.291153 ], [ -96.052587, 41.294806 ], [ -96.052569, 41.295469 ], [ -96.052615, 41.298361 ], [ -96.040426, 41.29821 ], [ -96.038249, 41.297523 ], [ -96.037159, 41.296424 ], [ -96.036532, 41.296634 ], [ -96.035142, 41.297617 ], [ -96.032693, 41.299124 ], [ -96.034224, 41.302119 ], [ -96.03356, 41.302745 ], [ -96.032362, 41.301879 ], [ -96.023886, 41.297645 ], [ -96.023833, 41.295906 ], [ -96.023909, 41.292328 ], [ -96.023904, 41.288688 ], [ -96.0239, 41.285063 ], [ -96.028163, 41.28506 ], [ -96.03587, 41.285065 ], [ -96.042184, 41.285068 ], [ -96.047805, 41.285071 ], [ -96.05261, 41.285067 ], [ -96.052617, 41.288287 ], [ -96.05314, 41.291153 ] ] ] } },
{ "type": "Feature", "properties": { "geoid": "31055007444", "county_name": "Douglas County", "place_name": null, "state_name": "Nebraska", "state_abbr": "NE", "is_rural": false, "ui_invest_score": 1.0, "ui_invest_quintile": 1, "dci_score": 9.5, "dci_quintile": 5.0, "is_cra_lmi": true, "income_level": "M", "is_persistent_poverty": false, "is_tribal_overlap": false, "tribal_area_name": null, "aian_pct": 0.0, "has_nmtc": false, "nmtc_projects": 0, "nmtc_total_usd": 0.0 }, "geometry": { "type": "Polygon", "coordinates": [ [ [ -96.100538, 41.271744 ], [ -96.100527, 41.27768 ], [ -96.09487, 41.277731 ], [ -96.091447, 41.277738 ], [ -96.088751, 41.277742 ], [ -96.08558, 41.27776 ], [ -96.081325, 41.277789 ], [ -96.081391, 41.267524 ], [ -96.083765, 41.264442 ], [ -96.082473, 41.263404 ], [ -96.085797, 41.263358 ], [ -96.090987, 41.263189 ], [ -96.100594, 41.26313 ], [ -96.100538, 41.271744 ] ] ] } },
{ "type": "Feature", "properties": { "geoid": "31055007312", "county_name": "Douglas County", "place_name": null, "state_name": "Nebraska", "state_abbr": "NE", "is_rural": false, "ui_invest_score": 3.0, "ui_invest_quintile": 3, "dci_score": 44.1, "dci_quintile": 5.0, "is_cra_lmi": true, "income_level": "M", "is_persistent_poverty": false, "is_tribal_overlap": false, "tribal_area_name": null, "aian_pct": 0.0, "has_nmtc": false, "nmtc_projects": 0, "nmtc_total_usd": 0.0 }, "geometry": { "type": "Polygon", "coordinates": [ [ [ -96.070629, 41.31392 ], [ -96.070127, 41.320422 ], [ -96.069232, 41.322211 ], [ -96.067787, 41.323799 ], [ -96.062728, 41.327239 ], [ -96.062108, 41.326836 ], [ -96.059012, 41.324819 ], [ -96.057308, 41.323648 ], [ -96.055261, 41.321453 ], [ -96.054831, 41.32084 ], [ -96.053442, 41.317996 ], [ -96.053031, 41.316887 ], [ -96.052223, 41.316624 ], [ -96.052478, 41.315173 ], [ -96.052547, 41.314765 ], [ -96.052586, 41.313233 ], [ -96.052588, 41.313142 ], [ -96.052632, 41.306689 ], [ -96.061401, 41.306683 ], [ -96.066995, 41.306673 ], [ -96.070941, 41.306667 ], [ -96.070629, 41.31392 ] ] ] } },
{ "type": "Feature", "properties": { "geoid": "31055000300", "county_name": "Douglas County", "place_name": null, "state_name": "Nebraska", "state_abbr": "NE", "is_rural": false, "ui_invest_score": 3.0, "ui_invest_quintile": 3, "dci_score": 86.5, "dci_quintile": 2.0, "is_cra_lmi": true, "income_level": "L", "is_persistent_poverty": false, "is_tribal_overlap": false, "tribal_area_name": null, "aian_pct": 0.0007, "has_nmtc": false, "nmtc_projects": 0, "nmtc_total_usd": 0.0 }, "geometry": { "type": "Polygon", "coordinates": [ [ [ -95.956555, 41.312127 ], [ -95.956551, 41.315755 ], [ -95.956525, 41.31757 ], [ -95.945381, 41.317573 ], [ -95.945413, 41.312087 ], [ -95.944898, 41.309349 ], [ -95.944821, 41.309039 ], [ -95.94374, 41.307084 ], [ -95.944241, 41.306565 ], [ -95.94694, 41.305021 ], [ -95.946928, 41.306659 ], [ -95.956561, 41.306676 ], [ -95.956555, 41.312127 ] ] ] } },
{ "type": "Feature", "properties": { "geoid": "31055001600", "county_name": "Douglas County", "place_name": null, "state_name": "Nebraska", "state_abbr": "NE", "is_rural": false, "ui_invest_score": 2.0, "ui_invest_quintile": 2, "dci_score": 86.6, "dci_quintile": 2.0, "is_cra_lmi": true, "income_level": "L", "is_persistent_poverty": false, "is_tribal_overlap": false, "tribal_area_name": null, "aian_pct": 0.002, "has_nmtc": true, "nmtc_projects": 1, "nmtc_total_usd": 0.0 }, "geometry": { "type": "Polygon", "coordinates": [ [ [ -95.956512, 41.267948 ], [ -95.947024, 41.267964 ], [ -95.937098, 41.267949 ], [ -95.935935, 41.26794 ], [ -95.935806, 41.264773 ], [ -95.93314, 41.264789 ], [ -95.933191, 41.25969 ], [ -95.942383, 41.25974 ], [ -95.946889, 41.259771 ], [ -95.956614, 41.259758 ], [ -95.956512, 41.267948 ] ] ] } },
{ "type": "Feature", "properties": { "geoid": "31055002000", "county_name": "Douglas County", "place_name": null, "state_name": "Nebraska", "state_abbr": "NE", "is_rural": false, "ui_invest_score": 3.0, "ui_invest_quintile": 3, "dci_score": 77.7, "dci_quintile": 3.0, "is_cra_lmi": true, "income_level": "M", "is_persistent_poverty": false, "is_tribal_overlap": false, "tribal_area_name": null, "aian_pct": 0.0, "has_nmtc": true, "nmtc_projects": 1, "nmtc_total_usd": 4754380.0 }, "geometry": { "type": "Polygon", "coordinates": [ [ [ -95.952249, 41.229578 ], [ -95.950634, 41.23551 ], [ -95.949077, 41.238697 ], [ -95.948429, 41.239741 ], [ -95.942245, 41.244668 ], [ -95.937237, 41.2495 ], [ -95.937242, 41.24806 ], [ -95.937336, 41.24286 ], [ -95.937353, 41.238205 ], [ -95.937358, 41.23696 ], [ -95.937363, 41.234377 ], [ -95.940208, 41.233311 ], [ -95.942259, 41.233017 ], [ -95.944147, 41.233014 ], [ -95.94415, 41.231806 ], [ -95.947043, 41.231816 ], [ -95.947038, 41.226202 ], [ -95.951997, 41.226304 ], [ -95.95396, 41.227133 ], [ -95.952249, 41.229578 ] ] ] } },
{ "type": "Feature", "properties": { "geoid": "31055002900", "county_name": "Douglas County", "place_name": null, "state_name": "Nebraska", "state_abbr": "NE", "is_rural": false, "ui_invest_score": 1.0, "ui_invest_quintile": 1, "dci_score": 71.2, "dci_quintile": 3.0, "is_cra_lmi": true, "income_level": "M", "is_persistent_poverty": false, "is_tribal_overlap": false, "tribal_area_name": null, "aian_pct": 0.0474, "has_nmtc": false, "nmtc_projects": 0, "nmtc_total_usd": 0.0 }, "geometry": { "type": "Polygon", "coordinates": [ [ [ -95.967366, 41.201835 ], [ -95.967333, 41.205399 ], [ -95.96003, 41.205494 ], [ -95.95322, 41.205595 ], [ -95.950468, 41.205621 ], [ -95.949383, 41.205602 ], [ -95.947065, 41.205593 ], [ -95.947041, 41.201879 ], [ -95.945907, 41.200413 ], [ -95.942303, 41.197022 ], [ -95.941988, 41.196536 ], [ -95.941005, 41.195068 ], [ -95.936841, 41.190974 ], [ -95.939751, 41.190988 ], [ -95.947933, 41.190953 ], [ -95.952828, 41.1909 ], [ -95.957693, 41.190876 ], [ -95.957707, 41.194548 ], [ -95.957708, 41.197561 ], [ -95.963287, 41.198162 ], [ -95.967386, 41.198141 ], [ -95.967366, 41.201835 ] ] ] } },
{ "type": "Feature", "properties": { "geoid": "31055003900", "county_name": "Douglas County", "place_name": null, "state_name": "Nebraska", "state_abbr": "NE", "is_rural": false, "ui_invest_score": 1.0, "ui_invest_quintile": 1, "dci_score": 65.6, "dci_quintile": 4.0, "is_cra_lmi": true, "income_level": "M", "is_persistent_poverty": false, "is_tribal_overlap": false, "tribal_area_name": null, "aian_pct": 0.0062, "has_nmtc": false, "nmtc_projects": 0, "nmtc_total_usd": 0.0 }, "geometry": { "type": "Polygon", "coordinates": [ [ [ -95.961397, 41.252401 ], [ -95.953898, 41.252414 ], [ -95.947023, 41.252394 ], [ -95.947107, 41.25169 ], [ -95.947048, 41.248958 ], [ -95.947706, 41.248808 ], [ -95.953917, 41.248808 ], [ -95.959854, 41.248787 ], [ -95.961403, 41.248784 ], [ -95.961397, 41.252401 ] ] ] } },
{ "type": "Feature", "properties": { "geoid": "31119960700", "county_name": "Madison County", "place_name": null, "state_name": "Nebraska", "state_abbr": "NE", "is_rural": true, "ui_invest_score": 3.0, "ui_invest_quintile": 3, "dci_score": 44.5, "dci_quintile": 5.0, "is_cra_lmi": true, "income_level": "M", "is_persistent_poverty": false, "is_tribal_overlap": false, "tribal_area_name": null, "aian_pct": 0.0268, "has_nmtc": true, "nmtc_projects": 1, "nmtc_total_usd": 10000000.0 }, "geometry": { "type": "Polygon", "coordinates": [ [ [ -97.426811, 42.090804 ], [ -97.387661, 42.090902 ], [ -97.368404, 42.090922 ], [ -97.368273, 42.077696 ], [ -97.374306, 42.075791 ], [ -97.378343, 42.074183 ], [ -97.381729, 42.072053 ], [ -97.395412, 42.062791 ], [ -97.396081, 42.062097 ], [ -97.400182, 42.055201 ], [ -97.402818, 42.050504 ], [ -97.403695, 42.047298 ], [ -97.405997, 42.038675 ], [ -97.40749, 42.036972 ], [ -97.408942, 42.036262 ], [ -97.409388, 42.037825 ], [ -97.409754, 42.038265 ], [ -97.410268, 42.038268 ], [ -97.410254, 42.036446 ], [ -97.416891, 42.036328 ], [ -97.418277, 42.040096 ], [ -97.421719, 42.040035 ], [ -97.421775, 42.039417 ], [ -97.426679, 42.03989 ], [ -97.426728, 42.043491 ], [ -97.42676, 42.047081 ], [ -97.426731, 42.061661 ], [ -97.426877, 42.084555 ], [ -97.426811, 42.090804 ] ] ] } },
{ "type": "Feature", "properties": { "geoid": "31157953700", "county_name": "Scotts Bluff County", "place_name": "Omaha", "state_name": "Nebraska", "state_abbr": "NE", "is_rural": true, "ui_invest_score": 3.0, "ui_invest_quintile": 3, "dci_score": 64.5, "dci_quintile": 4.0, "is_cra_lmi": true, "income_level": "M", "is_persistent_poverty": false, "is_tribal_overlap": false, "tribal_area_name": null, "aian_pct": 0.0588, "has_nmtc": true, "nmtc_projects": 1, "nmtc_total_usd": 9700000.0 }, "geometry": { "type": "Polygon", "coordinates": [ [ [ -103.662722, 41.859298 ], [ -103.662729, 41.859847 ], [ -103.661302, 41.859301 ], [ -103.655915, 41.859324 ], [ -103.655956, 41.862928 ], [ -103.656, 41.866625 ], [ -103.646295, 41.866755 ], [ -103.641581, 41.866815 ], [ -103.640705, 41.867449 ], [ -103.634009, 41.863732 ], [ -103.631464, 41.861281 ], [ -103.630378, 41.85965 ], [ -103.628067, 41.856121 ], [ -103.619058, 41.845593 ], [ -103.616612, 41.843476 ], [ -103.614512, 41.842493 ], [ -103.591564, 41.835367 ], [ -103.595886, 41.833669 ], [ -103.598857, 41.830976 ], [ -103.602114, 41.831899 ], [ -103.605373, 41.83527 ], [ -103.605939, 41.835946 ], [ -103.608444, 41.836676 ], [ -103.610188, 41.837061 ], [ -103.612503, 41.837357 ], [ -103.614422, 41.837468 ], [ -103.621233, 41.83706 ], [ -103.629599, 41.838852 ], [ -103.631877, 41.838389 ], [ -103.636234, 41.839022 ], [ -103.637176, 41.838915 ], [ -103.639831, 41.839191 ], [ -103.640893, 41.840358 ], [ -103.64041, 41.84139 ], [ -103.643138, 41.842659 ], [ -103.64584, 41.845021 ], [ -103.648846, 41.845756 ], [ -103.649152, 41.846162 ], [ -103.650157, 41.8464 ], [ -103.651962, 41.847224 ], [ -103.655805, 41.849512 ], [ -103.657925, 41.850337 ], [ -103.662649, 41.851646 ], [ -103.662796, 41.858964 ], [ -103.662722, 41.859298 ] ] ] } },
{ "type": "Feature", "properties": { "geoid": "31087962700", "county_name": "Hitchcock County", "place_name": "Omaha", "state_name": "Nebraska", "state_abbr": "NE", "is_rural": true, "ui_invest_score": 3.0, "ui_invest_quintile": 3, "dci_score": 63.9, "dci_quintile": 4.0, "is_cra_lmi": false, "income_level": "U", "is_persistent_poverty": false, "is_tribal_overlap": false, "tribal_area_name": null, "aian_pct": 0.0011, "has_nmtc": false, "nmtc_projects": 0, "nmtc_total_usd": 0.0 }, "geometry": { "type": "Polygon", "coordinates": [ [ [ -101.325268, 40.263418 ], [ -101.325225, 40.270969 ], [ -101.325184, 40.278584 ], [ -101.325279, 40.293077 ], [ -101.325235, 40.299878 ], [ -101.32522, 40.30768 ], [ -101.325042, 40.329456 ], [ -101.324542, 40.336518 ], [ -101.324016, 40.342945 ], [ -101.323353, 40.350553 ], [ -101.314639, 40.350581 ], [ -101.304704, 40.350528 ], [ -101.304637, 40.350528 ], [ -101.295761, 40.350572 ], [ -101.278396, 40.350657 ], [ -101.274611, 40.350843 ], [ -101.256456, 40.350703 ], [ -101.211014, 40.35089 ], [ -101.119579, 40.350791 ], [ -101.118924, 40.350895 ], [ -101.117054, 40.3509 ], [ -101.109188, 40.350875 ], [ -101.100496, 40.350884 ], [ -101.097929, 40.350867 ], [ -101.072102, 40.35065 ], [ -101.041357, 40.350692 ], [ -101.003786, 40.350544 ], [ -100.984967, 40.350553 ], [ -100.976116, 40.350478 ], [ -100.966892, 40.350381 ], [ -100.956071, 40.350037 ], [ -100.947228, 40.349977 ], [ -100.889683, 40.349457 ], [ -100.871782, 40.349397 ], [ -100.852956, 40.349475 ], [ -100.819887, 40.349375 ], [ -100.817381, 40.349351 ], [ -100.815152, 40.349532 ], [ -100.800024, 40.349421 ], [ -100.777376, 40.349466 ], [ -100.758435, 40.349507 ], [ -100.758864, 40.322065 ], [ -100.759677, 40.278758 ], [ -100.759837, 40.264405 ], [ -100.759838, 40.264335 ], [ -100.760678, 40.221547 ], [ -100.760733, 40.221155 ], [ -100.760578, 40.210706 ], [ -100.761019, 40.174924 ], [ -100.758729, 40.157954 ], [ -100.758497, 40.156303 ], [ -100.758564, 40.143698 ], [ -100.758633, 40.126911 ], [ -100.758843, 40.087171 ], [ -100.758843, 40.086579 ], [ -100.758831, 40.044245 ], [ -100.75883, 40.01547 ], [ -100.75883, 40.008994 ], [ -100.75883, 40.002302 ], [ -100.871047256419004, 40.002203352714403 ], [ -100.937427, 40.002145 ], [ -100.962267826122002, 40.002175549105303 ], [ -100.984844104147001, 40.002203313282401 ], [ -101.027686, 40.002256 ], [ -101.060317, 40.002307 ], [ -101.098029118811993, 40.002371108999199 ], [ -101.130907, 40.002427 ], [ -101.168704, 40.002547 ], [ -101.178805, 40.002468 ], [ -101.186891998514994, 40.002481866182002 ], [ -101.192219, 40.002491 ], [ -101.210263053318997, 40.002541618892501 ], [ -101.215033, 40.002555 ], [ -101.248673, 40.002543 ], [ -101.286555, 40.002559 ], [ -101.293991, 40.002559 ], [ -101.324036, 40.002696 ], [ -101.323841, 40.027782 ], [ -101.32381, 40.02797 ], [ -101.324068, 40.034189 ], [ -101.32391, 40.037744 ], [ -101.324581, 40.089356 ], [ -101.325263, 40.175633 ], [ -101.325258, 40.176341 ], [ -101.325025, 40.181624 ], [ -101.325084, 40.191235 ], [ -101.325059, 40.191618 ], [ -101.325334, 40.220136 ], [ -101.325268, 40.263418 ] ] ] } },
{ "type": "Feature", "properties": { "geoid": "31021963400", "county_name": "Burt County", "place_name": null, "state_name": "Nebraska", "state_abbr": "NE", "is_rural": true, "ui_invest_score": 3.0, "ui_invest_quintile": 3, "dci_score": 73.5, "dci_quintile": 3.0, "is_cra_lmi": false, "income_level": "U", "is_persistent_poverty": false, "is_tribal_overlap": true, "tribal_area_name": "Omaha Reservation", "aian_pct": 0.0245, "has_nmtc": false, "nmtc_projects": 0, "nmtc_total_usd": 0.0 }, "geometry": { "type": "Polygon", "coordinates": [ [ [ -96.555235, 42.002765 ], [ -96.555105, 42.003281 ], [ -96.554866, 42.015875 ], [ -96.506683, 42.016068 ], [ -96.503393, 42.015745 ], [ -96.501666, 42.016041 ], [ -96.501437, 42.016032 ], [ -96.482861, 42.016152 ], [ -96.482464, 42.01611 ], [ -96.472565, 42.016417 ], [ -96.463053, 42.016964 ], [ -96.460374, 42.017053 ], [ -96.42463, 42.016714 ], [ -96.385807, 42.016292 ], [ -96.376071, 42.016288 ], [ -96.347071, 42.015705 ], [ -96.309645, 42.015187 ], [ -96.309389, 42.046692 ], [ -96.272901379120697, 42.047281245329003 ], [ -96.272877, 42.047238 ], [ -96.271427, 42.044988 ], [ -96.268637, 42.042314 ], [ -96.263886, 42.039858 ], [ -96.262221642857099, 42.039323761904797 ], [ -96.261132, 42.038974 ], [ -96.256087, 42.03808 ], [ -96.254542, 42.039454 ], [ -96.246832, 42.041616 ], [ -96.238392, 42.041088 ], [ -96.232125, 42.039145 ], [ -96.225656, 42.035217 ], [ -96.223822, 42.033346 ], [ -96.221901, 42.029558 ], [ -96.22173, 42.026205 ], [ -96.223611, 42.022652 ], [ -96.227867, 42.018651 ], [ -96.237359167179605, 42.013179532455403 ], [ -96.238859, 42.012315 ], [ -96.241932, 42.006965 ], [ -96.24238, 42.002899 ], [ -96.242035, 42.000911 ], [ -96.240713, 41.999351 ], [ -96.236487, 41.996428 ], [ -96.231053134571994, 41.994802994007998 ], [ -96.229739, 41.99441 ], [ -96.225463, 41.994734 ], [ -96.223896, 41.995456 ], [ -96.221813, 41.997382 ], [ -96.217637, 42.003862 ], [ -96.215225, 42.006701 ], [ -96.207050267432095, 42.008995504897101 ], [ -96.206083, 42.009267 ], [ -96.194556, 42.008662 ], [ -96.188067, 42.006323 ], [ -96.184644, 42.002633 ], [ -96.183568, 41.999987 ], [ -96.183801, 41.99776 ], [ -96.184784, 41.99546 ], [ -96.189516, 41.989314 ], [ -96.192141, 41.984461 ], [ -96.191549, 41.982032 ], [ -96.190602, 41.980721 ], [ -96.186963818182903, 41.977949371518598 ], [ -96.186265, 41.977417 ], [ -96.184243, 41.976696 ], [ -96.177203, 41.976325 ], [ -96.174154, 41.976864 ], [ -96.168071, 41.978996 ], [ -96.16068, 41.980114 ], [ -96.156538, 41.980137 ], [ -96.141228, 41.978063 ], [ -96.132537, 41.974625 ], [ -96.129505, 41.971673 ], [ -96.1289, 41.969727 ], [ -96.129186, 41.965136 ], [ -96.133318, 41.955732 ], [ -96.135393, 41.952223 ], [ -96.137047125098903, 41.950773 ], [ -96.142597, 41.945908 ], [ -96.143603, 41.944512 ], [ -96.144583, 41.941544 ], [ -96.143493, 41.937387 ], [ -96.136613, 41.927167 ], [ -96.136133, 41.92353 ], [ -96.136743, 41.920826 ], [ -96.139653, 41.916838 ], [ -96.139864249421905, 41.916720001184302 ], [ -96.155241, 41.916813 ], [ -96.1558, 41.916682 ], [ -96.231475, 41.916649 ], [ -96.233031, 41.916407 ], [ -96.23561, 41.916682 ], [ -96.289836, 41.916194 ], [ -96.289829, 41.924049 ], [ -96.289835, 41.930679 ], [ -96.347197, 41.930246 ], [ -96.34726, 41.915776 ], [ -96.347294, 41.909345 ], [ -96.347308, 41.905423 ], [ -96.34733, 41.901291 ], [ -96.342607, 41.901315 ], [ -96.33756, 41.901357 ], [ -96.328346, 41.901442 ], [ -96.328319, 41.894096 ], [ -96.328268, 41.886922 ], [ -96.337559, 41.886863 ], [ -96.347354, 41.886789 ], [ -96.347324, 41.872254 ], [ -96.366581, 41.87238 ], [ -96.444329, 41.872431 ], [ -96.444336, 41.87821 ], [ -96.444344, 41.882809 ], [ -96.44434, 41.886953 ], [ -96.46333, 41.886818 ], [ -96.492982, 41.886903 ], [ -96.555225, 41.886915 ], [ -96.5552, 41.90138 ], [ -96.555182, 41.907245 ], [ -96.555155, 41.915868 ], [ -96.555158, 41.922891 ], [ -96.555159, 41.927622 ], [ -96.555156, 41.948097 ], [ -96.555159, 41.959299 ], [ -96.555159, 41.95937 ], [ -96.555235, 42.002765 ] ] ] } },
{ "type": "Feature", "properties": { "geoid": "31151960602", "county_name": "Saline County", "place_name": null, "state_name": "Nebraska", "state_abbr": "NE", "is_rural": true, "ui_invest_score": 3.0, "ui_invest_quintile": 3, "dci_score": 46.9, "dci_quintile": 5.0, "is_cra_lmi": true, "income_level": "M", "is_persistent_poverty": false, "is_tribal_overlap": false, "tribal_area_name": null, "aian_pct": 0.0036, "has_nmtc": false, "nmtc_projects": 0, "nmtc_total_usd": 0.0 }, "geometry": { "type": "Polygon", "coordinates": [ [ [ -97.027365, 40.632339 ], [ -97.027347, 40.63684 ], [ -97.027318, 40.646917 ], [ -97.027282, 40.654136 ], [ -97.027261, 40.664366 ], [ -97.027249, 40.668647 ], [ -97.027196, 40.679211 ], [ -97.027181, 40.681253 ], [ -97.027333, 40.684736 ], [ -97.027235, 40.685117 ], [ -97.027232, 40.686835 ], [ -97.02721, 40.690685 ], [ -97.02716, 40.698179 ], [ -97.025322, 40.698175 ], [ -97.018311, 40.698152 ], [ -97.013546, 40.698149 ], [ -97.010892, 40.698136 ], [ -96.997221, 40.698106 ], [ -96.99584, 40.69794 ], [ -96.950961, 40.697862 ], [ -96.944042, 40.698014 ], [ -96.913493, 40.697948 ], [ -96.913714, 40.658732 ], [ -96.92279, 40.649628 ], [ -96.924613, 40.648504 ], [ -96.926617, 40.647631 ], [ -96.932629, 40.645625 ], [ -96.941965, 40.642485 ], [ -96.943081, 40.641842 ], [ -96.948763, 40.635521 ], [ -96.95135, 40.633269 ], [ -96.957859, 40.629218 ], [ -96.965084, 40.626213 ], [ -96.965049, 40.621597 ], [ -96.956665, 40.621571 ], [ -96.956707, 40.615191 ], [ -96.951906, 40.615195 ], [ -96.951907, 40.610632 ], [ -96.95188, 40.609401 ], [ -96.951836, 40.607126 ], [ -96.942334, 40.60652 ], [ -96.941825, 40.59621 ], [ -96.951016, 40.59623 ], [ -96.952051, 40.59985 ], [ -96.959533, 40.599871 ], [ -96.960919, 40.596215 ], [ -96.970374, 40.596238 ], [ -96.972349, 40.596237 ], [ -96.989409, 40.596205 ], [ -96.994155, 40.596186 ], [ -96.995616, 40.596176 ], [ -96.998843, 40.596175 ], [ -97.003626, 40.596179 ], [ -97.008432, 40.596162 ], [ -97.013154, 40.596138 ], [ -97.016624, 40.596129 ], [ -97.027242, 40.596135 ], [ -97.027237, 40.607099 ], [ -97.027223, 40.610605 ], [ -97.0274, 40.62511 ], [ -97.027365, 40.632339 ] ] ] } },
{ "type": "Feature", "properties": { "geoid": "31055006605", "county_name": "Douglas County", "place_name": null, "state_name": "Nebraska", "state_abbr": "NE", "is_rural": false, "ui_invest_score": 3.0, "ui_invest_quintile": 3, "dci_score": 18.6, "dci_quintile": 5.0, "is_cra_lmi": false, "income_level": "U", "is_persistent_poverty": false, "is_tribal_overlap": false, "tribal_area_name": null, "aian_pct": 0.0, "has_nmtc": false, "nmtc_projects": 0, "nmtc_total_usd": 0.0 }, "geometry": { "type": "Polygon", "coordinates": [ [ [ -96.062148, 41.277784 ], [ -96.052613, 41.277798 ], [ -96.052592, 41.274184 ], [ -96.05257, 41.270559 ], [ -96.052533, 41.26334 ], [ -96.057313, 41.263354 ], [ -96.062117, 41.263385 ], [ -96.062132, 41.270568 ], [ -96.062148, 41.277784 ] ] ] } },
{ "type": "Feature", "properties": { "geoid": "31033954900", "county_name": "Cheyenne County", "place_name": null, "state_name": "Nebraska", "state_abbr": "NE", "is_rural": true, "ui_invest_score": 3.0, "ui_invest_quintile": 3, "dci_score": 73.2, "dci_quintile": 3.0, "is_cra_lmi": false, "income_level": "U", "is_persistent_poverty": false, "is_tribal_overlap": false, "tribal_area_name": null, "aian_pct": 0.0115, "has_nmtc": false, "nmtc_projects": 0, "nmtc_total_usd": 0.0 }, "geometry": { "type": "Polygon", "coordinates": [ [ [ -103.030851, 41.147425 ], [ -103.030767, 41.148577 ], [ -103.023204, 41.145948 ], [ -103.020151, 41.145278 ], [ -103.011792, 41.145235 ], [ -103.011708, 41.156727 ], [ -103.013756, 41.159223 ], [ -103.015235, 41.159414 ], [ -103.015001, 41.160652 ], [ -103.012378, 41.161504 ], [ -103.012028, 41.162844 ], [ -102.992718, 41.162625 ], [ -102.992719, 41.162252 ], [ -102.992552, 41.159752 ], [ -102.98831, 41.156079 ], [ -102.985924, 41.151776 ], [ -102.985739, 41.149263 ], [ -102.980733, 41.149413 ], [ -102.980557, 41.146118 ], [ -102.980138, 41.137967 ], [ -102.976453, 41.139449 ], [ -102.976227, 41.134294 ], [ -102.977348, 41.132182 ], [ -102.97665, 41.120944 ], [ -102.973451, 41.115693 ], [ -102.97221, 41.114525 ], [ -102.973581, 41.113114 ], [ -102.981202, 41.113192 ], [ -102.999999, 41.113466 ], [ -103.002652, 41.113666 ], [ -103.007474, 41.114717 ], [ -103.011152, 41.116257 ], [ -103.017466, 41.120576 ], [ -103.022286, 41.123525 ], [ -103.031296, 41.126033 ], [ -103.030851, 41.147425 ] ] ] } },
{ "type": "Feature", "properties": { "geoid": "31109001600", "county_name": "Lancaster County", "place_name": "Omaha", "state_name": "Nebraska", "state_abbr": "NE", "is_rural": false, "ui_invest_score": 1.0, "ui_invest_quintile": 1, "dci_score": 26.9, "dci_quintile": 5.0, "is_cra_lmi": false, "income_level": "U", "is_persistent_poverty": false, "is_tribal_overlap": false, "tribal_area_name": null, "aian_pct": 0.0, "has_nmtc": false, "nmtc_projects": 0, "nmtc_total_usd": 0.0 }, "geometry": { "type": "Polygon", "coordinates": [ [ [ -96.685994, 40.805976 ], [ -96.68245, 40.806209 ], [ -96.682413, 40.812419 ], [ -96.682407, 40.813471 ], [ -96.682406, 40.813583 ], [ -96.680277, 40.813528 ], [ -96.672782, 40.813537 ], [ -96.669481, 40.813542 ], [ -96.663319, 40.813535 ], [ -96.663253, 40.80619 ], [ -96.663267, 40.802564 ], [ -96.663282, 40.798943 ], [ -96.67285, 40.798941 ], [ -96.674546, 40.798974 ], [ -96.675385, 40.798839 ], [ -96.680079, 40.802009 ], [ -96.682258, 40.802424 ], [ -96.683465, 40.802909 ], [ -96.686434, 40.805575 ], [ -96.685994, 40.805976 ] ] ] } },
{ "type": "Feature", "properties": { "geoid": "31109000600", "county_name": "Lancaster County", "place_name": "Omaha", "state_name": "Nebraska", "state_abbr": "NE", "is_rural": false, "ui_invest_score": 2.0, "ui_invest_quintile": 2, "dci_score": null, "dci_quintile": null, "is_cra_lmi": false, "income_level": "NA", "is_persistent_poverty": false, "is_tribal_overlap": false, "tribal_area_name": null, "aian_pct": 0.0058, "has_nmtc": false, "nmtc_projects": 0, "nmtc_total_usd": 0.0 }, "geometry": { "type": "Polygon", "coordinates": [ [ [ -96.708428, 40.821712 ], [ -96.707181, 40.822934 ], [ -96.702163, 40.825625 ], [ -96.698992, 40.827268 ], [ -96.698126, 40.825944 ], [ -96.697325, 40.82475 ], [ -96.696075, 40.823627 ], [ -96.693245, 40.821627 ], [ -96.692585, 40.820764 ], [ -96.692282, 40.818694 ], [ -96.69385, 40.815809 ], [ -96.696732, 40.815823 ], [ -96.698174, 40.816929 ], [ -96.701134, 40.81693 ], [ -96.702569, 40.816939 ], [ -96.704516, 40.816968 ], [ -96.707123, 40.816901 ], [ -96.707489, 40.817737 ], [ -96.708517, 40.819299 ], [ -96.708428, 40.821712 ] ] ] } },
{ "type": "Feature", "properties": { "geoid": "31127968200", "county_name": "Nemaha County", "place_name": null, "state_name": "Nebraska", "state_abbr": "NE", "is_rural": true, "ui_invest_score": 3.0, "ui_invest_quintile": 3, "dci_score": 89.4, "dci_quintile": 2.0, "is_cra_lmi": false, "income_level": "U", "is_persistent_poverty": false, "is_tribal_overlap": false, "tribal_area_name": null, "aian_pct": 0.0008, "has_nmtc": false, "nmtc_projects": 0, "nmtc_total_usd": 0.0 }, "geometry": { "type": "Polygon", "coordinates": [ [ [ -95.895637, 40.407168 ], [ -95.891488, 40.407149 ], [ -95.888412, 40.407172 ], [ -95.885729, 40.407162 ], [ -95.876645, 40.407178 ], [ -95.857753, 40.407289 ], [ -95.853058, 40.407294 ], [ -95.848292, 40.407306 ], [ -95.838573, 40.407324 ], [ -95.838493, 40.413818 ], [ -95.834835, 40.412724 ], [ -95.834453, 40.409413 ], [ -95.831834, 40.406709 ], [ -95.832272, 40.405276 ], [ -95.831324, 40.404492 ], [ -95.829313, 40.405105 ], [ -95.827545, 40.404279 ], [ -95.82695, 40.402396 ], [ -95.825636, 40.401727 ], [ -95.81862, 40.396369 ], [ -95.817794, 40.394723 ], [ -95.815783, 40.393757 ], [ -95.813681, 40.393574 ], [ -95.813371, 40.392653 ], [ -95.781766, 40.392726 ], [ -95.781773, 40.378432 ], [ -95.781208, 40.378218 ], [ -95.762682, 40.378273 ], [ -95.762158, 40.371009 ], [ -95.743799, 40.371031 ], [ -95.743813, 40.364006 ], [ -95.735632, 40.363793 ], [ -95.734476, 40.360029 ], [ -95.734639, 40.357008 ], [ -95.734137, 40.3556 ], [ -95.735124, 40.35007 ], [ -95.734068, 40.349138 ], [ -95.734593, 40.349223 ], [ -95.74295, 40.34931 ], [ -95.747699, 40.349268 ], [ -95.757326, 40.349286 ], [ -95.762974, 40.349635 ], [ -95.765627, 40.349288 ], [ -95.781398, 40.349294 ], [ -95.784638, 40.349282 ], [ -95.812346, 40.349279 ], [ -95.822464, 40.349275 ], [ -95.839292, 40.349283 ], [ -95.880027, 40.349193 ], [ -95.895583, 40.349226 ], [ -95.895573, 40.352594 ], [ -95.895571, 40.356792 ], [ -95.895559, 40.385884 ], [ -95.895551, 40.392691 ], [ -95.895637, 40.407168 ] ] ] } },
{ "type": "Feature", "properties": { "geoid": "31145963300", "county_name": "Red Willow County", "place_name": null, "state_name": "Nebraska", "state_abbr": "NE", "is_rural": true, "ui_invest_score": 1.0, "ui_invest_quintile": 1, "dci_score": 54.4, "dci_quintile": 4.0, "is_cra_lmi": true, "income_level": "M", "is_persistent_poverty": false, "is_tribal_overlap": false, "tribal_area_name": null, "aian_pct": 0.0195, "has_nmtc": false, "nmtc_projects": 0, "nmtc_total_usd": 0.0 }, "geometry": { "type": "Polygon", "coordinates": [ [ [ -100.650074, 40.195747 ], [ -100.643796, 40.194975 ], [ -100.640613, 40.195481 ], [ -100.634159, 40.195794 ], [ -100.632801, 40.198745 ], [ -100.632697, 40.201785 ], [ -100.63253, 40.20688 ], [ -100.624248, 40.206693 ], [ -100.617409, 40.206568 ], [ -100.617461, 40.205546 ], [ -100.616103, 40.205524 ], [ -100.616144, 40.204507 ], [ -100.610838, 40.204399 ], [ -100.610743, 40.206238 ], [ -100.610937, 40.213358 ], [ -100.609692, 40.22039 ], [ -100.609929, 40.249262 ], [ -100.604835, 40.24924 ], [ -100.602593, 40.251242 ], [ -100.601144, 40.251785 ], [ -100.600625, 40.252414 ], [ -100.601008, 40.255551 ], [ -100.600437, 40.259361 ], [ -100.600978, 40.26322 ], [ -100.598534, 40.263933 ], [ -100.597459, 40.26576 ], [ -100.592427, 40.265813 ], [ -100.588357, 40.265753 ], [ -100.581832, 40.265672 ], [ -100.571796, 40.265578 ], [ -100.554145, 40.265347 ], [ -100.553853, 40.24888 ], [ -100.534961, 40.248757 ], [ -100.525616, 40.248766 ], [ -100.52515, 40.234697 ], [ -100.492559, 40.235157 ], [ -100.492554, 40.228137 ], [ -100.498222, 40.227682 ], [ -100.498261, 40.225111 ], [ -100.497303, 40.224854 ], [ -100.497007, 40.216505 ], [ -100.500145, 40.216215 ], [ -100.501636, 40.212952 ], [ -100.503551, 40.212903 ], [ -100.506241, 40.214492 ], [ -100.507932, 40.214337 ], [ -100.510285, 40.212586 ], [ -100.511929, 40.208903 ], [ -100.514914, 40.206731 ], [ -100.520853, 40.206367 ], [ -100.522971, 40.207443 ], [ -100.525476, 40.211013 ], [ -100.525744, 40.213576 ], [ -100.527444, 40.215635 ], [ -100.530517, 40.216231 ], [ -100.532398, 40.215591 ], [ -100.533682, 40.214356 ], [ -100.533773, 40.210009 ], [ -100.534221, 40.207515 ], [ -100.53267, 40.205982 ], [ -100.534552, 40.204244 ], [ -100.535715, 40.203809 ], [ -100.538907, 40.205388 ], [ -100.541741, 40.206006 ], [ -100.548157, 40.20571 ], [ -100.550813, 40.206259 ], [ -100.556959, 40.205779 ], [ -100.560183, 40.20507 ], [ -100.560959, 40.203399 ], [ -100.559347, 40.201729 ], [ -100.559197, 40.198572 ], [ -100.561674, 40.196536 ], [ -100.56236, 40.193515 ], [ -100.565106, 40.194568 ], [ -100.566627, 40.196444 ], [ -100.567881, 40.196741 ], [ -100.569909, 40.195208 ], [ -100.570833, 40.192142 ], [ -100.573166, 40.191604 ], [ -100.576292, 40.190288 ], [ -100.577246, 40.187383 ], [ -100.579394, 40.187611 ], [ -100.581215, 40.189418 ], [ -100.585063, 40.190423 ], [ -100.589925, 40.18786 ], [ -100.591416, 40.187447 ], [ -100.598158, 40.1874 ], [ -100.600633, 40.18669 ], [ -100.601379, 40.185797 ], [ -100.607971, 40.183873 ], [ -100.613878, 40.18474 ], [ -100.617997, 40.1873 ], [ -100.620757, 40.187156 ], [ -100.621745, 40.186424 ], [ -100.621835, 40.184709 ], [ -100.623023, 40.181563 ], [ -100.626059, 40.180066 ], [ -100.629601, 40.181805 ], [ -100.631384, 40.183367 ], [ -100.636004, 40.184863 ], [ -100.638688, 40.184907 ], [ -100.645663, 40.184049 ], [ -100.648391, 40.183147 ], [ -100.6503, 40.183493 ], [ -100.650074, 40.195747 ] ] ] } },
{ "type": "Feature", "properties": { "geoid": "31117957900", "county_name": "McPherson County", "place_name": null, "state_name": "Nebraska", "state_abbr": "NE", "is_rural": true, "ui_invest_score": 3.0, "ui_invest_quintile": 3, "dci_score": 51.4, "dci_quintile": 5.0, "is_cra_lmi": true, "income_level": "M", "is_persistent_poverty": false, "is_tribal_overlap": false, "tribal_area_name": null, "aian_pct": 0.0, "has_nmtc": false, "nmtc_projects": 0, "nmtc_total_usd": 0.0 }, "geometry": { "type": "Polygon", "coordinates": [ [ [ -101.407268, 41.409853 ], [ -101.407141, 41.438431 ], [ -101.406872, 41.49999 ], [ -101.406732, 41.539244 ], [ -101.406725, 41.554669 ], [ -101.406696, 41.56888 ], [ -101.406669, 41.579808 ], [ -101.406416, 41.610389 ], [ -101.406628, 41.612608 ], [ -101.406743, 41.656057 ], [ -101.406617, 41.713999 ], [ -101.406641, 41.72861 ], [ -101.406466, 41.7432 ], [ -101.375448, 41.743427 ], [ -101.373558, 41.743586 ], [ -101.174163, 41.742435 ], [ -101.12544, 41.742435 ], [ -100.943573, 41.739997 ], [ -100.858186, 41.740428 ], [ -100.842459, 41.740404 ], [ -100.74917, 41.740013 ], [ -100.744957, 41.739632 ], [ -100.711409, 41.739759 ], [ -100.712397, 41.680021 ], [ -100.71285, 41.652192 ], [ -100.7137, 41.566625 ], [ -100.713805, 41.538149 ], [ -100.713877, 41.509787 ], [ -100.713868, 41.472869 ], [ -100.713713, 41.443379 ], [ -100.71344, 41.421653 ], [ -100.713211, 41.393983 ], [ -100.713243, 41.393511 ], [ -100.772245, 41.3937 ], [ -100.811734, 41.393781 ], [ -100.848967, 41.393989 ], [ -100.868113, 41.39412 ], [ -100.87829, 41.394177 ], [ -100.887432, 41.394256 ], [ -100.906908, 41.394375 ], [ -100.944666, 41.394515 ], [ -100.944895, 41.394517 ], [ -101.021889, 41.394865 ], [ -101.097749, 41.395068 ], [ -101.155282, 41.395025 ], [ -101.174503, 41.39502 ], [ -101.175788, 41.395019 ], [ -101.249539, 41.394996 ], [ -101.250444, 41.394877 ], [ -101.269695, 41.394934 ], [ -101.366567, 41.395454 ], [ -101.387662, 41.395504 ], [ -101.40726, 41.395416 ], [ -101.407268, 41.409853 ] ] ] } },
{ "type": "Feature", "properties": { "geoid": "31101000100", "county_name": "Keith County", "place_name": null, "state_name": "Nebraska", "state_abbr": "NE", "is_rural": true, "ui_invest_score": 3.0, "ui_invest_quintile": 3, "dci_score": 62.3, "dci_quintile": 4.0, "is_cra_lmi": true, "income_level": "M", "is_persistent_poverty": false, "is_tribal_overlap": false, "tribal_area_name": null, "aian_pct": 0.0, "has_nmtc": false, "nmtc_projects": 0, "nmtc_total_usd": 0.0 }, "geometry": { "type": "Polygon", "coordinates": [ [ [ -101.729794, 41.131693 ], [ -101.72074, 41.132796 ], [ -101.720379, 41.131012 ], [ -101.719183, 41.131068 ], [ -101.715557, 41.131074 ], [ -101.715258, 41.129801 ], [ -101.714077, 41.129953 ], [ -101.713112, 41.125476 ], [ -101.716209, 41.125095 ], [ -101.717125, 41.124084 ], [ -101.72119, 41.123613 ], [ -101.72137, 41.124482 ], [ -101.728123, 41.123596 ], [ -101.7289, 41.127218 ], [ -101.729794, 41.131693 ] ] ] } },
{ "type": "Feature", "properties": { "geoid": "31001966100", "county_name": "Adams County", "place_name": null, "state_name": "Nebraska", "state_abbr": "NE", "is_rural": true, "ui_invest_score": 2.0, "ui_invest_quintile": 2, "dci_score": 51.4, "dci_quintile": 5.0, "is_cra_lmi": true, "income_level": "L", "is_persistent_poverty": false, "is_tribal_overlap": false, "tribal_area_name": null, "aian_pct": 0.0, "has_nmtc": false, "nmtc_projects": 0, "nmtc_total_usd": 0.0 }, "geometry": { "type": "Polygon", "coordinates": [ [ [ -98.392456, 40.583621 ], [ -98.383491, 40.583993 ], [ -98.373967, 40.584398 ], [ -98.363358, 40.584841 ], [ -98.363146, 40.584851 ], [ -98.34491, 40.585533 ], [ -98.335393, 40.585967 ], [ -98.335402, 40.582474 ], [ -98.326494, 40.582428 ], [ -98.326488, 40.575211 ], [ -98.326491, 40.573377 ], [ -98.326536, 40.567911 ], [ -98.326579, 40.551672 ], [ -98.325643, 40.550612 ], [ -98.318964, 40.547158 ], [ -98.317898, 40.543625 ], [ -98.318112, 40.539694 ], [ -98.317332, 40.539282 ], [ -98.318011, 40.538881 ], [ -98.354516, 40.538949 ], [ -98.354487, 40.565065 ], [ -98.360183, 40.568002 ], [ -98.364337, 40.568017 ], [ -98.373839, 40.568036 ], [ -98.373875, 40.570217 ], [ -98.370199, 40.570365 ], [ -98.370157, 40.572772 ], [ -98.380476, 40.578047 ], [ -98.3835, 40.579617 ], [ -98.386235, 40.579571 ], [ -98.388716, 40.581605 ], [ -98.392469, 40.581567 ], [ -98.392456, 40.583621 ] ] ] } },
{ "type": "Feature", "properties": { "geoid": "31055006301", "county_name": "Douglas County", "place_name": "Omaha", "state_name": "Nebraska", "state_abbr": "NE", "is_rural": false, "ui_invest_score": 3.0, "ui_invest_quintile": 3, "dci_score": 34.5, "dci_quintile": 5.0, "is_cra_lmi": true, "income_level": "M", "is_persistent_poverty": false, "is_tribal_overlap": false, "tribal_area_name": null, "aian_pct": 0.0, "has_nmtc": false, "nmtc_projects": 0, "nmtc_total_usd": 0.0 }, "geometry": { "type": "Polygon", "coordinates": [ [ [ -96.004672, 41.332083 ], [ -95.997817, 41.331852 ], [ -95.996957, 41.330587 ], [ -95.994722, 41.330191 ], [ -95.9951, 41.32824 ], [ -95.992382, 41.328193 ], [ -95.992574, 41.324764 ], [ -95.988853, 41.324827 ], [ -95.988792, 41.321297 ], [ -95.986216, 41.32173 ], [ -95.985184, 41.322248 ], [ -95.985392, 41.314868 ], [ -95.98542, 41.31216 ], [ -95.987805, 41.311142 ], [ -95.987791, 41.310356 ], [ -95.990213, 41.310363 ], [ -96.004617, 41.310359 ], [ -96.004622, 41.317625 ], [ -96.004648, 41.324832 ], [ -96.004672, 41.332083 ] ] ] } },
{ "type": "Feature", "properties": { "geoid": "31055006506", "county_name": "Douglas County", "place_name": "Omaha", "state_name": "Nebraska", "state_abbr": "NE", "is_rural": false, "ui_invest_score": 3.0, "ui_invest_quintile": 3, "dci_score": 68.6, "dci_quintile": 4.0, "is_cra_lmi": true, "income_level": "M", "is_persistent_poverty": false, "is_tribal_overlap": false, "tribal_area_name": null, "aian_pct": 0.0, "has_nmtc": false, "nmtc_projects": 0, "nmtc_total_usd": 0.0 }, "geometry": { "type": "Polygon", "coordinates": [ [ [ -96.023843, 41.312735 ], [ -96.023834, 41.319374 ], [ -96.019509, 41.317756 ], [ -96.014228, 41.317612 ], [ -96.012342, 41.317615 ], [ -96.004622, 41.317625 ], [ -96.004617, 41.310359 ], [ -96.004623, 41.306689 ], [ -96.004628, 41.30622 ], [ -96.005893, 41.305176 ], [ -96.011277, 41.304217 ], [ -96.011847, 41.303125 ], [ -96.012383, 41.306681 ], [ -96.013563, 41.306719 ], [ -96.023822, 41.306738 ], [ -96.023852, 41.310342 ], [ -96.023843, 41.312735 ] ] ] } },
{ "type": "Feature", "properties": { "geoid": "31055007459", "county_name": "Douglas County", "place_name": "Omaha", "state_name": "Nebraska", "state_abbr": "NE", "is_rural": false, "ui_invest_score": 3.0, "ui_invest_quintile": 3, "dci_score": 44.2, "dci_quintile": 5.0, "is_cra_lmi": true, "income_level": "M", "is_persistent_poverty": false, "is_tribal_overlap": false, "tribal_area_name": null, "aian_pct": 0.0205, "has_nmtc": false, "nmtc_projects": 0, "nmtc_total_usd": 0.0 }, "geometry": { "type": "Polygon", "coordinates": [ [ [ -96.043119, 41.200762 ], [ -96.043117, 41.200858 ], [ -96.043005, 41.205302 ], [ -96.043024, 41.208956 ], [ -96.043014, 41.21229 ], [ -96.043028, 41.212494 ], [ -96.023859, 41.212496 ], [ -96.023776, 41.208904 ], [ -96.023769, 41.205283 ], [ -96.023813, 41.202057 ], [ -96.023794, 41.199048 ], [ -96.031899, 41.199345 ], [ -96.038901, 41.199494 ], [ -96.043018, 41.198557 ], [ -96.043026, 41.200595 ], [ -96.043031, 41.200711 ], [ -96.043118, 41.200717 ], [ -96.043119, 41.200762 ] ] ] } },
{ "type": "Feature", "properties": { "geoid": "31055002500", "county_name": "Douglas County", "place_name": null, "state_name": "Nebraska", "state_abbr": "NE", "is_rural": false, "ui_invest_score": 3.0, "ui_invest_quintile": 3, "dci_score": 76.2, "dci_quintile": 3.0, "is_cra_lmi": true, "income_level": "M", "is_persistent_poverty": false, "is_tribal_overlap": false, "tribal_area_name": null, "aian_pct": 0.0656, "has_nmtc": false, "nmtc_projects": 0, "nmtc_total_usd": 0.0 }, "geometry": { "type": "Polygon", "coordinates": [ [ [ -95.947038, 41.226202 ], [ -95.94309, 41.226342 ], [ -95.942242, 41.226475 ], [ -95.941368, 41.226692 ], [ -95.937357, 41.228181 ], [ -95.933311, 41.229696 ], [ -95.933311, 41.229558 ], [ -95.932558, 41.229728 ], [ -95.924203, 41.230648 ], [ -95.910961926941098, 41.2315977356958 ], [ -95.912591, 41.226998 ], [ -95.915091, 41.222998 ], [ -95.924658887283201, 41.211477482658999 ], [ -95.92563, 41.212284 ], [ -95.929201, 41.212997 ], [ -95.933335, 41.212954 ], [ -95.933347, 41.214669 ], [ -95.936209, 41.219162 ], [ -95.938446, 41.220171 ], [ -95.94046, 41.219592 ], [ -95.941761, 41.219538 ], [ -95.942874, 41.219713 ], [ -95.947048, 41.219717 ], [ -95.947038, 41.226202 ] ] ] } },
{ "type": "Feature", "properties": { "geoid": "31055003200", "county_name": "Douglas County", "place_name": null, "state_name": "Nebraska", "state_abbr": "NE", "is_rural": false, "ui_invest_score": 1.0, "ui_invest_quintile": 1, "dci_score": 73.6, "dci_quintile": 3.0, "is_cra_lmi": true, "income_level": "M", "is_persistent_poverty": false, "is_tribal_overlap": false, "tribal_area_name": null, "aian_pct": 0.0682, "has_nmtc": false, "nmtc_projects": 0, "nmtc_total_usd": 0.0 }, "geometry": { "type": "Polygon", "coordinates": [ [ [ -95.957048, 41.222389 ], [ -95.954238, 41.226758 ], [ -95.954084, 41.226965 ], [ -95.95405, 41.22701 ], [ -95.95396, 41.227133 ], [ -95.951997, 41.226304 ], [ -95.947038, 41.226202 ], [ -95.947048, 41.219717 ], [ -95.947043, 41.218509 ], [ -95.947051, 41.212249 ], [ -95.947065, 41.205593 ], [ -95.949383, 41.205602 ], [ -95.950468, 41.205621 ], [ -95.951391, 41.208727 ], [ -95.953135, 41.212293 ], [ -95.956928, 41.219713 ], [ -95.957048, 41.222389 ] ] ] } },
{ "type": "Feature", "properties": { "geoid": "31055000800", "county_name": "Douglas County", "place_name": null, "state_name": "Nebraska", "state_abbr": "NE", "is_rural": false, "ui_invest_score": 1.0, "ui_invest_quintile": 1, "dci_score": 90.7, "dci_quintile": 1.0, "is_cra_lmi": true, "income_level": "M", "is_persistent_poverty": false, "is_tribal_overlap": false, "tribal_area_name": null, "aian_pct": 0.0495, "has_nmtc": false, "nmtc_projects": 0, "nmtc_total_usd": 0.0 }, "geometry": { "type": "Polygon", "coordinates": [ [ [ -95.946987, 41.289207 ], [ -95.946954, 41.299619 ], [ -95.94215, 41.29963 ], [ -95.939428, 41.299578 ], [ -95.937336, 41.299644 ], [ -95.932343, 41.299659 ], [ -95.932453, 41.285805 ], [ -95.932639, 41.28512 ], [ -95.935178, 41.285126 ], [ -95.935171, 41.288747 ], [ -95.937367, 41.288749 ], [ -95.942177, 41.288763 ], [ -95.943797, 41.28785 ], [ -95.943792, 41.288755 ], [ -95.946989, 41.288754 ], [ -95.946987, 41.289207 ] ] ] } },
{ "type": "Feature", "properties": { "geoid": "31055002200", "county_name": "Douglas County", "place_name": null, "state_name": "Nebraska", "state_abbr": "NE", "is_rural": false, "ui_invest_score": 1.0, "ui_invest_quintile": 1, "dci_score": 78.6, "dci_quintile": 3.0, "is_cra_lmi": true, "income_level": "M", "is_persistent_poverty": false, "is_tribal_overlap": false, "tribal_area_name": null, "aian_pct": 0.0055, "has_nmtc": false, "nmtc_projects": 0, "nmtc_total_usd": 0.0 }, "geometry": { "type": "Polygon", "coordinates": [ [ [ -95.930596, 41.249142 ], [ -95.929315, 41.249133 ], [ -95.92668, 41.249107 ], [ -95.924151, 41.249082 ], [ -95.92404, 41.248034 ], [ -95.916366469204704, 41.248300739262199 ], [ -95.913913818529096, 41.243222018166399 ], [ -95.922877, 41.24313 ], [ -95.924105, 41.242813 ], [ -95.926684, 41.242829 ], [ -95.930721, 41.242854 ], [ -95.930596, 41.249142 ] ] ] } },
{ "type": "Feature", "properties": { "geoid": "31055002400", "county_name": "Douglas County", "place_name": null, "state_name": "Nebraska", "state_abbr": "NE", "is_rural": false, "ui_invest_score": 1.0, "ui_invest_quintile": 1, "dci_score": 78.6, "dci_quintile": 3.0, "is_cra_lmi": true, "income_level": "M", "is_persistent_poverty": false, "is_tribal_overlap": false, "tribal_area_name": null, "aian_pct": 0.0172, "has_nmtc": true, "nmtc_projects": 1, "nmtc_total_usd": 0.0 }, "geometry": { "type": "Polygon", "coordinates": [ [ [ -95.947043, 41.231816 ], [ -95.94415, 41.231806 ], [ -95.944147, 41.233014 ], [ -95.942259, 41.233017 ], [ -95.940208, 41.233311 ], [ -95.937363, 41.234377 ], [ -95.937358, 41.23696 ], [ -95.932044, 41.236936 ], [ -95.930745, 41.23693 ], [ -95.926771, 41.236917 ], [ -95.925749, 41.234183 ], [ -95.924203, 41.230648 ], [ -95.932558, 41.229728 ], [ -95.933311, 41.229558 ], [ -95.933311, 41.229696 ], [ -95.937357, 41.228181 ], [ -95.941368, 41.226692 ], [ -95.942242, 41.226475 ], [ -95.94309, 41.226342 ], [ -95.947038, 41.226202 ], [ -95.947043, 41.231816 ] ] ] } },
{ "type": "Feature", "properties": { "geoid": "31055002800", "county_name": "Douglas County", "place_name": null, "state_name": "Nebraska", "state_abbr": "NE", "is_rural": false, "ui_invest_score": 3.0, "ui_invest_quintile": 3, "dci_score": 73.3, "dci_quintile": 3.0, "is_cra_lmi": true, "income_level": "M", "is_persistent_poverty": false, "is_tribal_overlap": false, "tribal_area_name": null, "aian_pct": 0.015, "has_nmtc": false, "nmtc_projects": 0, "nmtc_total_usd": 0.0 }, "geometry": { "type": "Polygon", "coordinates": [ [ [ -95.947065, 41.205593 ], [ -95.943038, 41.205585 ], [ -95.941783, 41.203765 ], [ -95.936206, 41.203753 ], [ -95.93604, 41.202062 ], [ -95.933682, 41.202098 ], [ -95.930097, 41.202306 ], [ -95.927484878154303, 41.202171489675401 ], [ -95.92599, 41.195698 ], [ -95.923311673237507, 41.191202237220203 ], [ -95.926062, 41.190984 ], [ -95.93346, 41.190982 ], [ -95.936841, 41.190974 ], [ -95.941005, 41.195068 ], [ -95.941988, 41.196536 ], [ -95.942303, 41.197022 ], [ -95.945907, 41.200413 ], [ -95.947041, 41.201879 ], [ -95.947065, 41.205593 ] ] ] } },
{ "type": "Feature", "properties": { "geoid": "31055004900", "county_name": "Douglas County", "place_name": null, "state_name": "Nebraska", "state_abbr": "NE", "is_rural": false, "ui_invest_score": 1.0, "ui_invest_quintile": 1, "dci_score": 58.7, "dci_quintile": 4.0, "is_cra_lmi": true, "income_level": "M", "is_persistent_poverty": false, "is_tribal_overlap": false, "tribal_area_name": null, "aian_pct": 0.0, "has_nmtc": false, "nmtc_projects": 0, "nmtc_total_usd": 0.0 }, "geometry": { "type": "Polygon", "coordinates": [ [ [ -95.985656, 41.266868 ], [ -95.985424, 41.273148 ], [ -95.983555, 41.273203 ], [ -95.983469, 41.273202 ], [ -95.977273, 41.273149 ], [ -95.977242, 41.27216 ], [ -95.974894, 41.27316 ], [ -95.972689, 41.273156 ], [ -95.966108, 41.273129 ], [ -95.966109, 41.272809 ], [ -95.966117, 41.270004 ], [ -95.967432, 41.269604 ], [ -95.966447, 41.268011 ], [ -95.966456, 41.267932 ], [ -95.97506, 41.267941 ], [ -95.975061, 41.26392 ], [ -95.975076, 41.2613 ], [ -95.974558, 41.259655 ], [ -95.975752, 41.259659 ], [ -95.980433, 41.259675 ], [ -95.985423, 41.259693 ], [ -95.985666, 41.263229 ], [ -95.985656, 41.266868 ] ] ] } },
{ "type": "Feature", "properties": { "geoid": "31109003402", "county_name": "Lancaster County", "place_name": null, "state_name": "Nebraska", "state_abbr": "NE", "is_rural": false, "ui_invest_score": 3.0, "ui_invest_quintile": 3, "dci_score": 48.1, "dci_quintile": 5.0, "is_cra_lmi": false, "income_level": "U", "is_persistent_poverty": false, "is_tribal_overlap": false, "tribal_area_name": null, "aian_pct": 0.0, "has_nmtc": false, "nmtc_projects": 0, "nmtc_total_usd": 0.0 }, "geometry": { "type": "Polygon", "coordinates": [ [ [ -96.753283, 40.809953 ], [ -96.735648, 40.811798 ], [ -96.733859, 40.812916 ], [ -96.733667, 40.813079 ], [ -96.733089, 40.813774 ], [ -96.723116, 40.813711 ], [ -96.723505, 40.807466 ], [ -96.724359, 40.80658 ], [ -96.724149, 40.804399 ], [ -96.72527, 40.802473 ], [ -96.723627, 40.799113 ], [ -96.723376, 40.797718 ], [ -96.72512, 40.788146 ], [ -96.72771, 40.788132 ], [ -96.730335, 40.787463 ], [ -96.735756, 40.785532 ], [ -96.738015, 40.784766 ], [ -96.73872, 40.784628 ], [ -96.739816, 40.78458 ], [ -96.749349, 40.784597 ], [ -96.749352, 40.786549 ], [ -96.74936, 40.791901 ], [ -96.749368, 40.79923 ], [ -96.748885, 40.800651 ], [ -96.748435, 40.801014 ], [ -96.744743, 40.802668 ], [ -96.748038, 40.803708 ], [ -96.749383, 40.804516 ], [ -96.750029, 40.805133 ], [ -96.753283, 40.809953 ] ] ] } },
{ "type": "Feature", "properties": { "geoid": "31055002300", "county_name": "Douglas County", "place_name": null, "state_name": "Nebraska", "state_abbr": "NE", "is_rural": false, "ui_invest_score": 3.0, "ui_invest_quintile": 3, "dci_score": 78.6, "dci_quintile": 3.0, "is_cra_lmi": true, "income_level": "M", "is_persistent_poverty": false, "is_tribal_overlap": false, "tribal_area_name": null, "aian_pct": 0.0068, "has_nmtc": false, "nmtc_projects": 0, "nmtc_total_usd": 0.0 }, "geometry": { "type": "Polygon", "coordinates": [ [ [ -95.930721, 41.242854 ], [ -95.926684, 41.242829 ], [ -95.924105, 41.242813 ], [ -95.922877, 41.24313 ], [ -95.913913818529096, 41.243222018166399 ], [ -95.911391, 41.237998 ], [ -95.910891, 41.233998 ], [ -95.910891, 41.23189 ], [ -95.910891, 41.231798 ], [ -95.910951827612806, 41.231626251446201 ], [ -95.910961926941098, 41.2315977356958 ], [ -95.924203, 41.230648 ], [ -95.925749, 41.234183 ], [ -95.926771, 41.236917 ], [ -95.930745, 41.23693 ], [ -95.930721, 41.242854 ] ] ] } },
{ "type": "Feature", "properties": { "geoid": "31055003300", "county_name": "Douglas County", "place_name": null, "state_name": "Nebraska", "state_abbr": "NE", "is_rural": false, "ui_invest_score": 3.0, "ui_invest_quintile": 3, "dci_score": 69.5, "dci_quintile": 4.0, "is_cra_lmi": true, "income_level": "L", "is_persistent_poverty": false, "is_tribal_overlap": false, "tribal_area_name": null, "aian_pct": 0.0574, "has_nmtc": true, "nmtc_projects": 1, "nmtc_total_usd": 24000000.0 }, "geometry": { "type": "Polygon", "coordinates": [ [ [ -95.957439, 41.228235 ], [ -95.956039, 41.229582 ], [ -95.954244, 41.235528 ], [ -95.954097, 41.236207 ], [ -95.953913, 41.239153 ], [ -95.953768, 41.24526 ], [ -95.953917, 41.248808 ], [ -95.947706, 41.248808 ], [ -95.947048, 41.248958 ], [ -95.944633, 41.24816 ], [ -95.942226, 41.248162 ], [ -95.940809, 41.248322 ], [ -95.940134, 41.250259 ], [ -95.93723, 41.250287 ], [ -95.937237, 41.2495 ], [ -95.942245, 41.244668 ], [ -95.948429, 41.239741 ], [ -95.949077, 41.238697 ], [ -95.950634, 41.23551 ], [ -95.952249, 41.229578 ], [ -95.95396, 41.227133 ], [ -95.95405, 41.22701 ], [ -95.954084, 41.226965 ], [ -95.956647, 41.227591 ], [ -95.960082, 41.227325 ], [ -95.957439, 41.228235 ] ] ] } },
{ "type": "Feature", "properties": { "geoid": "31173940200", "county_name": "Thurston County", "place_name": null, "state_name": "Nebraska", "state_abbr": "NE", "is_rural": true, "ui_invest_score": 3.0, "ui_invest_quintile": 3, "dci_score": 55.3, "dci_quintile": 4.0, "is_cra_lmi": false, "income_level": "U", "is_persistent_poverty": true, "is_tribal_overlap": true, "tribal_area_name": "Winnebago Reservation|Omaha Reservation", "aian_pct": 0.6792, "has_nmtc": true, "nmtc_projects": 5, "nmtc_total_usd": 15324290.0 }, "geometry": { "type": "Polygon", "coordinates": [ [ [ -96.823147, 42.188311 ], [ -96.823063, 42.191933 ], [ -96.823039, 42.19922 ], [ -96.822901, 42.208374 ], [ -96.823028, 42.220983 ], [ -96.822929, 42.22469 ], [ -96.82317, 42.235781 ], [ -96.822457, 42.250098 ], [ -96.822497, 42.264292 ], [ -96.79879, 42.26417 ], [ -96.798631, 42.26417 ], [ -96.793869, 42.264156 ], [ -96.784285, 42.264137 ], [ -96.760333, 42.264052 ], [ -96.750391, 42.26407 ], [ -96.726188, 42.264104 ], [ -96.726433, 42.271282 ], [ -96.726661, 42.278005 ], [ -96.721505, 42.278001 ], [ -96.628848, 42.27763 ], [ -96.589787, 42.277575 ], [ -96.550816, 42.277731 ], [ -96.521164, 42.277358 ], [ -96.484804, 42.276917 ], [ -96.356406067881593, 42.276493105625697 ], [ -96.356389, 42.27648 ], [ -96.34145, 42.269115 ], [ -96.336003, 42.264806 ], [ -96.331331, 42.25943 ], [ -96.328905, 42.254734 ], [ -96.327706, 42.249992 ], [ -96.328955, 42.241885 ], [ -96.330004, 42.240224 ], [ -96.325547980990805, 42.2361107997178 ], [ -96.322868, 42.233637 ], [ -96.322827, 42.231461 ], [ -96.323723, 42.229887 ], [ -96.3269695359499, 42.226647877123398 ], [ -96.332044, 42.221585 ], [ -96.336323, 42.218922 ], [ -96.339086, 42.218087 ], [ -96.345055, 42.21749 ], [ -96.356591, 42.215182 ], [ -96.356655108629994, 42.215136751715299 ], [ -96.358141, 42.214088 ], [ -96.35987, 42.210545 ], [ -96.359087, 42.207799 ], [ -96.351515, 42.200485 ], [ -96.349166, 42.197253 ], [ -96.348066, 42.194747 ], [ -96.347715524120304, 42.191329114932401 ], [ -96.348709, 42.19134 ], [ -96.370362, 42.191394 ], [ -96.376715, 42.190967 ], [ -96.385383, 42.191129 ], [ -96.390199, 42.191075 ], [ -96.400964, 42.191095 ], [ -96.400963, 42.191209 ], [ -96.401301, 42.191205 ], [ -96.40129, 42.191091 ], [ -96.404738, 42.191087 ], [ -96.414458, 42.191064 ], [ -96.41643, 42.190872 ], [ -96.416978, 42.191245 ], [ -96.419329, 42.191122 ], [ -96.443657, 42.191046 ], [ -96.462824, 42.191091 ], [ -96.477322, 42.19117 ], [ -96.479473, 42.191139 ], [ -96.482349, 42.191173 ], [ -96.501725, 42.191254 ], [ -96.550798, 42.191352 ], [ -96.554179, 42.191364 ], [ -96.553927, 42.162419 ], [ -96.553885, 42.161004 ], [ -96.560331, 42.160964 ], [ -96.589833, 42.160775 ], [ -96.628805, 42.160675 ], [ -96.746042, 42.160839 ], [ -96.82311, 42.160812 ], [ -96.823089, 42.163699 ], [ -96.823138, 42.170962 ], [ -96.823336, 42.177442 ], [ -96.823147, 42.188311 ] ] ] } },
{ "type": "Feature", "properties": { "geoid": "31109000500", "county_name": "Lancaster County", "place_name": null, "state_name": "Nebraska", "state_abbr": "NE", "is_rural": false, "ui_invest_score": 2.0, "ui_invest_quintile": 2, "dci_score": null, "dci_quintile": null, "is_cra_lmi": false, "income_level": "NA", "is_persistent_poverty": false, "is_tribal_overlap": false, "tribal_area_name": null, "aian_pct": 0.0029, "has_nmtc": true, "nmtc_projects": 6, "nmtc_total_usd": 49163500.0 }, "geometry": { "type": "Polygon", "coordinates": [ [ [ -96.722808, 40.816785 ], [ -96.718173, 40.821258 ], [ -96.717561, 40.824535 ], [ -96.716597, 40.825907 ], [ -96.712165, 40.828701 ], [ -96.70773, 40.831701 ], [ -96.701313, 40.83413 ], [ -96.700877, 40.83067 ], [ -96.698992, 40.827268 ], [ -96.702163, 40.825625 ], [ -96.707181, 40.822934 ], [ -96.708428, 40.821712 ], [ -96.708517, 40.819299 ], [ -96.707489, 40.817737 ], [ -96.707123, 40.816901 ], [ -96.708463, 40.81696 ], [ -96.708479, 40.813671 ], [ -96.713891, 40.813688 ], [ -96.723116, 40.813711 ], [ -96.722808, 40.816785 ] ] ] } },
{ "type": "Feature", "properties": { "geoid": "31109001800", "county_name": "Lancaster County", "place_name": null, "state_name": "Nebraska", "state_abbr": "NE", "is_rural": false, "ui_invest_score": 2.0, "ui_invest_quintile": 2, "dci_score": 43.1, "dci_quintile": 5.0, "is_cra_lmi": true, "income_level": "L", "is_persistent_poverty": false, "is_tribal_overlap": false, "tribal_area_name": null, "aian_pct": 0.0043, "has_nmtc": false, "nmtc_projects": 0, "nmtc_total_usd": 0.0 }, "geometry": { "type": "Polygon", "coordinates": [ [ [ -96.696732, 40.815823 ], [ -96.69385, 40.815809 ], [ -96.682396, 40.815759 ], [ -96.682406, 40.813583 ], [ -96.682407, 40.813471 ], [ -96.682413, 40.812419 ], [ -96.68245, 40.806209 ], [ -96.685994, 40.805976 ], [ -96.686434, 40.805575 ], [ -96.687255, 40.806397 ], [ -96.687831, 40.808073 ], [ -96.688949, 40.809007 ], [ -96.690663, 40.809158 ], [ -96.696769, 40.809176 ], [ -96.696732, 40.815823 ] ] ] } },
{ "type": "Feature", "properties": { "geoid": "31055000600", "county_name": "Douglas County", "place_name": null, "state_name": "Nebraska", "state_abbr": "NE", "is_rural": false, "ui_invest_score": 3.0, "ui_invest_quintile": 3, "dci_score": 88.8, "dci_quintile": 2.0, "is_cra_lmi": true, "income_level": "L", "is_persistent_poverty": false, "is_tribal_overlap": false, "tribal_area_name": null, "aian_pct": 0.0034, "has_nmtc": true, "nmtc_projects": 1, "nmtc_total_usd": 0.0 }, "geometry": { "type": "Polygon", "coordinates": [ [ [ -95.956561, 41.306676 ], [ -95.946928, 41.306659 ], [ -95.94694, 41.305021 ], [ -95.944241, 41.306565 ], [ -95.94374, 41.307084 ], [ -95.942765, 41.305745 ], [ -95.942438, 41.305011 ], [ -95.942166, 41.3043 ], [ -95.94215, 41.29963 ], [ -95.946954, 41.299619 ], [ -95.95195, 41.2996 ], [ -95.956556, 41.299571 ], [ -95.956516, 41.302934 ], [ -95.956561, 41.306676 ] ] ] } },
{ "type": "Feature", "properties": { "geoid": "31055006303", "county_name": "Douglas County", "place_name": null, "state_name": "Nebraska", "state_abbr": "NE", "is_rural": false, "ui_invest_score": 1.0, "ui_invest_quintile": 1, "dci_score": 68.6, "dci_quintile": 4.0, "is_cra_lmi": true, "income_level": "M", "is_persistent_poverty": false, "is_tribal_overlap": false, "tribal_area_name": null, "aian_pct": 0.0, "has_nmtc": false, "nmtc_projects": 0, "nmtc_total_usd": 0.0 }, "geometry": { "type": "Polygon", "coordinates": [ [ [ -96.014276, 41.299529 ], [ -96.004672, 41.29949 ], [ -95.995047, 41.299583 ], [ -95.995059, 41.295933 ], [ -95.999893, 41.295915 ], [ -95.999892, 41.292281 ], [ -96.000448, 41.292278 ], [ -96.004733, 41.292272 ], [ -96.009531, 41.292272 ], [ -96.009503, 41.295889 ], [ -96.014289, 41.295908 ], [ -96.014276, 41.299529 ] ] ] } },
{ "type": "Feature", "properties": { "geoid": "31153010302", "county_name": "Sarpy County", "place_name": "Omaha", "state_name": "Nebraska", "state_abbr": "NE", "is_rural": false, "ui_invest_score": 2.0, "ui_invest_quintile": 2, "dci_score": 62.8, "dci_quintile": 4.0, "is_cra_lmi": true, "income_level": "M", "is_persistent_poverty": false, "is_tribal_overlap": false, "tribal_area_name": null, "aian_pct": 0.0, "has_nmtc": false, "nmtc_projects": 0, "nmtc_total_usd": 0.0 }, "geometry": { "type": "Polygon", "coordinates": [ [ [ -95.927747, 41.112225 ], [ -95.92726, 41.113021 ], [ -95.926819, 41.113923 ], [ -95.926542, 41.114757 ], [ -95.926458, 41.117141 ], [ -95.926365, 41.133676 ], [ -95.926351, 41.135479 ], [ -95.921548, 41.13638 ], [ -95.908531, 41.136106 ], [ -95.907655, 41.134966 ], [ -95.907399, 41.13343 ], [ -95.904234, 41.133916 ], [ -95.905199, 41.13031 ], [ -95.90726, 41.127953 ], [ -95.907465, 41.121567 ], [ -95.902225, 41.118864 ], [ -95.899419, 41.118681 ], [ -95.899419, 41.118817 ], [ -95.890542, 41.118801 ], [ -95.890064, 41.118749 ], [ -95.890063, 41.118663 ], [ -95.878002, 41.118487 ], [ -95.877989, 41.118064 ], [ -95.878079, 41.111183 ], [ -95.889511, 41.111237 ], [ -95.891579, 41.107794 ], [ -95.893972, 41.106134 ], [ -95.902782, 41.103473 ], [ -95.905972, 41.10202 ], [ -95.909134, 41.099155 ], [ -95.910886, 41.10025 ], [ -95.911891, 41.100793 ], [ -95.91288, 41.101044 ], [ -95.914436, 41.101187 ], [ -95.915261, 41.101574 ], [ -95.925111, 41.110404 ], [ -95.926581, 41.111 ], [ -95.926635, 41.111022 ], [ -95.927914, 41.11159 ], [ -95.927747, 41.112225 ] ] ] } },
{ "type": "Feature", "properties": { "geoid": "31119961000", "county_name": "Madison County", "place_name": null, "state_name": "Nebraska", "state_abbr": "NE", "is_rural": true, "ui_invest_score": 1.0, "ui_invest_quintile": 1, "dci_score": 44.5, "dci_quintile": 5.0, "is_cra_lmi": true, "income_level": "M", "is_persistent_poverty": false, "is_tribal_overlap": false, "tribal_area_name": null, "aian_pct": 0.0108, "has_nmtc": false, "nmtc_projects": 0, "nmtc_total_usd": 0.0 }, "geometry": { "type": "Polygon", "coordinates": [ [ [ -97.419263, 42.036311 ], [ -97.416891, 42.036328 ], [ -97.410254, 42.036446 ], [ -97.410268, 42.038268 ], [ -97.409754, 42.038265 ], [ -97.409388, 42.037825 ], [ -97.408942, 42.036262 ], [ -97.408224, 42.035002 ], [ -97.407008, 42.034314 ], [ -97.40701, 42.030318 ], [ -97.407022, 42.026204 ], [ -97.407038, 42.021852 ], [ -97.406999, 42.018217 ], [ -97.416429, 42.018174 ], [ -97.419219, 42.018175 ], [ -97.419231, 42.021739 ], [ -97.419248, 42.025898 ], [ -97.419228, 42.02799 ], [ -97.419263, 42.036311 ] ] ] } },
{ "type": "Feature", "properties": { "geoid": "31079001100", "county_name": "Hall County", "place_name": null, "state_name": "Nebraska", "state_abbr": "NE", "is_rural": false, "ui_invest_score": 3.0, "ui_invest_quintile": 3, "dci_score": 50.4, "dci_quintile": 5.0, "is_cra_lmi": false, "income_level": "U", "is_persistent_poverty": false, "is_tribal_overlap": false, "tribal_area_name": null, "aian_pct": 0.0076, "has_nmtc": false, "nmtc_projects": 0, "nmtc_total_usd": 0.0 }, "geometry": { "type": "Polygon", "coordinates": [ [ [ -98.339813, 40.909344 ], [ -98.339717, 40.909344 ], [ -98.33971, 40.916645 ], [ -98.332585, 40.916504 ], [ -98.320657, 40.916426 ], [ -98.320093, 40.916419 ], [ -98.30705, 40.916175 ], [ -98.306383, 40.916128 ], [ -98.301807, 40.914026 ], [ -98.287883, 40.908522 ], [ -98.28255, 40.906368 ], [ -98.282448, 40.875012 ], [ -98.282565, 40.873548 ], [ -98.283346, 40.873258 ], [ -98.283902, 40.873053 ], [ -98.287663, 40.87292 ], [ -98.29315, 40.872379 ], [ -98.320675, 40.872293 ], [ -98.339331, 40.872707 ], [ -98.339532, 40.872713 ], [ -98.339636, 40.879983 ], [ -98.339773, 40.894951 ], [ -98.339792, 40.902104 ], [ -98.339813, 40.909344 ] ] ] } },
{ "type": "Feature", "properties": { "geoid": "31069952100", "county_name": "Garden County", "place_name": "South Sioux City", "state_name": "Nebraska", "state_abbr": "NE", "is_rural": true, "ui_invest_score": 3.0, "ui_invest_quintile": 3, "dci_score": 48.8, "dci_quintile": 5.0, "is_cra_lmi": true, "income_level": "M", "is_persistent_poverty": false, "is_tribal_overlap": false, "tribal_area_name": null, "aian_pct": 0.0022, "has_nmtc": false, "nmtc_projects": 0, "nmtc_total_usd": 0.0 }, "geometry": { "type": "Polygon", "coordinates": [ [ [ -102.678706, 41.814539 ], [ -102.677184, 41.990656 ], [ -102.677582, 42.005282 ], [ -102.638358, 42.005931 ], [ -102.61836, 42.00626 ], [ -102.586532, 42.00658 ], [ -102.585458, 42.00652 ], [ -102.554302, 42.007013 ], [ -102.48057, 42.007532 ], [ -102.250467, 42.008053 ], [ -102.249861, 42.008263 ], [ -102.239475, 42.008246 ], [ -102.06665, 42.009195 ], [ -102.067764, 41.742075 ], [ -101.985523, 41.74229 ], [ -101.984797, 41.579981 ], [ -101.985589, 41.578205 ], [ -101.985556, 41.57413 ], [ -101.98469, 41.566237 ], [ -101.984898, 41.562947 ], [ -101.984567, 41.395012 ], [ -101.987986, 41.394737 ], [ -101.998021, 41.394812 ], [ -102.000373, 41.394956 ], [ -102.035836, 41.395087 ], [ -102.055256, 41.395162 ], [ -102.055122, 41.380537 ], [ -102.055458, 41.29918 ], [ -102.055473, 41.294053 ], [ -102.055505, 41.235949 ], [ -102.055599, 41.221547 ], [ -102.093787, 41.221536 ], [ -102.227339, 41.221567 ], [ -102.246539, 41.22157 ], [ -102.265982, 41.221546 ], [ -102.379809, 41.221921 ], [ -102.399755, 41.221962 ], [ -102.418803, 41.221989 ], [ -102.443539, 41.221925 ], [ -102.465174, 41.221975 ], [ -102.610413, 41.221614 ], [ -102.610179, 41.289854 ], [ -102.609916, 41.291603 ], [ -102.610049, 41.29239 ], [ -102.610124, 41.30865 ], [ -102.609386, 41.395115 ], [ -102.636741, 41.395221 ], [ -102.636525, 41.438809 ], [ -102.636627, 41.500306 ], [ -102.63673, 41.506625 ], [ -102.637099, 41.592732 ], [ -102.637131, 41.59283 ], [ -102.636779, 41.610706 ], [ -102.636922, 41.612357 ], [ -102.637011, 41.699221 ], [ -102.637953, 41.713769 ], [ -102.636214, 41.728452 ], [ -102.635803, 41.742834 ], [ -102.664311, 41.74319 ], [ -102.669584, 41.757866 ], [ -102.673764, 41.772447 ], [ -102.676986, 41.786964 ], [ -102.678159, 41.800242 ], [ -102.678706, 41.814539 ] ] ] } },
{ "type": "Feature", "properties": { "geoid": "31181965100", "county_name": "Webster County", "place_name": null, "state_name": "Nebraska", "state_abbr": "NE", "is_rural": true, "ui_invest_score": 1.0, "ui_invest_quintile": 1, "dci_score": 58.8, "dci_quintile": 4.0, "is_cra_lmi": true, "income_level": "M", "is_persistent_poverty": false, "is_tribal_overlap": false, "tribal_area_name": null, "aian_pct": 0.015, "has_nmtc": false, "nmtc_projects": 0, "nmtc_total_usd": 0.0 }, "geometry": { "type": "Polygon", "coordinates": [ [ [ -98.726658, 40.10381 ], [ -98.726031, 40.118062 ], [ -98.726016, 40.125133 ], [ -98.726038, 40.155634 ], [ -98.726087, 40.169024 ], [ -98.726087, 40.169637 ], [ -98.726115, 40.176395 ], [ -98.714981, 40.176368 ], [ -98.707995, 40.176332 ], [ -98.697986, 40.176273 ], [ -98.689024, 40.176255 ], [ -98.688681, 40.169083 ], [ -98.688475, 40.161785 ], [ -98.66046, 40.161715 ], [ -98.650754, 40.161664 ], [ -98.613546, 40.161676 ], [ -98.594684, 40.161404 ], [ -98.594703, 40.168842 ], [ -98.556967, 40.168992 ], [ -98.556917, 40.161671 ], [ -98.519138, 40.161363 ], [ -98.519055, 40.146835 ], [ -98.500381, 40.146891 ], [ -98.396686, 40.147258 ], [ -98.381947, 40.147328 ], [ -98.339857, 40.147326 ], [ -98.33927, 40.147367 ], [ -98.273641, 40.14742 ], [ -98.273688, 40.140128 ], [ -98.273697, 40.133038 ], [ -98.273667, 40.089399 ], [ -98.274051, 40.061928 ], [ -98.273767, 40.003043 ], [ -98.274015, 40.002516 ], [ -98.391854006204497, 40.002410960565904 ], [ -98.415155914596497, 40.0023901896909 ], [ -98.490533, 40.002323 ], [ -98.499647064502895, 40.002326643383697 ], [ -98.504454984983099, 40.002328565369098 ], [ -98.523053, 40.002336 ], [ -98.543186, 40.002285 ], [ -98.560578, 40.002274 ], [ -98.575219, 40.00248 ], [ -98.593342, 40.002476 ], [ -98.613755, 40.0024 ], [ -98.616413999399398, 40.002409174065797 ], [ -98.64071, 40.002493 ], [ -98.652494, 40.002245 ], [ -98.653833, 40.002269 ], [ -98.669724, 40.00241 ], [ -98.672819, 40.002364 ], [ -98.690287, 40.002548 ], [ -98.691443, 40.002505 ], [ -98.693096, 40.002373 ], [ -98.710404, 40.00218 ], [ -98.726295, 40.002222 ], [ -98.7263734167054, 40.002222183766499 ], [ -98.726249, 40.017014 ], [ -98.726008, 40.022475 ], [ -98.725904, 40.071305 ], [ -98.726038, 40.089357 ], [ -98.726658, 40.10381 ] ] ] } },
{ "type": "Feature", "properties": { "geoid": "31055000400", "county_name": "Douglas County", "place_name": "Omaha", "state_name": "Nebraska", "state_abbr": "NE", "is_rural": false, "ui_invest_score": 1.0, "ui_invest_quintile": 1, "dci_score": 86.0, "dci_quintile": 2.0, "is_cra_lmi": true, "income_level": "L", "is_persistent_poverty": false, "is_tribal_overlap": false, "tribal_area_name": null, "aian_pct": 0.0093, "has_nmtc": false, "nmtc_projects": 0, "nmtc_total_usd": 0.0 }, "geometry": { "type": "Polygon", "coordinates": [ [ [ -95.945664, 41.324871 ], [ -95.94031, 41.327841 ], [ -95.939370692187694, 41.328951515747903 ], [ -95.939291, 41.328897 ], [ -95.926937707317094, 41.322811634146298 ], [ -95.927618, 41.320389 ], [ -95.92766, 41.306642 ], [ -95.927682, 41.304956 ], [ -95.930424, 41.304689 ], [ -95.931962, 41.303355 ], [ -95.932343, 41.299659 ], [ -95.937336, 41.299644 ], [ -95.939428, 41.299578 ], [ -95.94215, 41.29963 ], [ -95.942166, 41.3043 ], [ -95.942438, 41.305011 ], [ -95.942765, 41.305745 ], [ -95.94374, 41.307084 ], [ -95.944821, 41.309039 ], [ -95.944898, 41.309349 ], [ -95.945413, 41.312087 ], [ -95.945381, 41.317573 ], [ -95.945646, 41.320338 ], [ -95.945576, 41.321297 ], [ -95.945588, 41.323229 ], [ -95.945664, 41.324871 ] ] ] } },
{ "type": "Feature", "properties": { "geoid": "31055005902", "county_name": "Douglas County", "place_name": "Omaha", "state_name": "Nebraska", "state_abbr": "NE", "is_rural": false, "ui_invest_score": 1.0, "ui_invest_quintile": 1, "dci_score": 83.4, "dci_quintile": 2.0, "is_cra_lmi": true, "income_level": "L", "is_persistent_poverty": false, "is_tribal_overlap": false, "tribal_area_name": null, "aian_pct": 0.0005, "has_nmtc": false, "nmtc_projects": 0, "nmtc_total_usd": 0.0 }, "geometry": { "type": "Polygon", "coordinates": [ [ [ -95.972185, 41.299556 ], [ -95.969777, 41.299543 ], [ -95.963816, 41.299541 ], [ -95.956556, 41.299571 ], [ -95.956553, 41.294134 ], [ -95.956558, 41.28915 ], [ -95.956556, 41.288692 ], [ -95.972143, 41.288663 ], [ -95.97216, 41.292292 ], [ -95.972166, 41.294106 ], [ -95.972185, 41.299556 ] ] ] } },
{ "type": "Feature", "properties": { "geoid": "31153010402", "county_name": "Sarpy County", "place_name": "Omaha", "state_name": "Nebraska", "state_abbr": "NE", "is_rural": false, "ui_invest_score": 3.0, "ui_invest_quintile": 3, "dci_score": 46.3, "dci_quintile": 5.0, "is_cra_lmi": true, "income_level": "M", "is_persistent_poverty": false, "is_tribal_overlap": false, "tribal_area_name": null, "aian_pct": 0.0174, "has_nmtc": false, "nmtc_projects": 0, "nmtc_total_usd": 0.0 }, "geometry": { "type": "Polygon", "coordinates": [ [ [ -95.90726, 41.127953 ], [ -95.905199, 41.13031 ], [ -95.904234, 41.133916 ], [ -95.907399, 41.13343 ], [ -95.907419, 41.136535 ], [ -95.90032, 41.136495 ], [ -95.89643, 41.136482 ], [ -95.888338, 41.136447 ], [ -95.887133, 41.136468 ], [ -95.884235, 41.136737 ], [ -95.879190256159802, 41.138655284794702 ], [ -95.878888, 41.138098 ], [ -95.875026695987202, 41.133025306493003 ], [ -95.869969617771503, 41.126381693935102 ], [ -95.868688, 41.124698 ], [ -95.865888, 41.117898 ], [ -95.865875680666804, 41.117430202854003 ], [ -95.867669, 41.118109 ], [ -95.877989, 41.118064 ], [ -95.878002, 41.118487 ], [ -95.890063, 41.118663 ], [ -95.890064, 41.118749 ], [ -95.890542, 41.118801 ], [ -95.899419, 41.118817 ], [ -95.899419, 41.118681 ], [ -95.902225, 41.118864 ], [ -95.907465, 41.121567 ], [ -95.90726, 41.127953 ] ] ] } },
{ "type": "Feature", "properties": { "geoid": "31055003401", "county_name": "Douglas County", "place_name": null, "state_name": "Nebraska", "state_abbr": "NE", "is_rural": false, "ui_invest_score": 3.0, "ui_invest_quintile": 3, "dci_score": 65.1, "dci_quintile": 4.0, "is_cra_lmi": true, "income_level": "M", "is_persistent_poverty": false, "is_tribal_overlap": false, "tribal_area_name": null, "aian_pct": 0.008, "has_nmtc": false, "nmtc_projects": 0, "nmtc_total_usd": 0.0 }, "geometry": { "type": "Polygon", "coordinates": [ [ [ -95.975842, 41.241522 ], [ -95.969805, 41.241504 ], [ -95.967785, 41.237861 ], [ -95.966538, 41.235764 ], [ -95.966349, 41.234762 ], [ -95.965603, 41.233763 ], [ -95.964156, 41.230307 ], [ -95.96394, 41.229268 ], [ -95.962593, 41.226894 ], [ -95.975839, 41.224725 ], [ -95.975839, 41.226987 ], [ -95.975839, 41.231825 ], [ -95.975829, 41.23424 ], [ -95.975827, 41.235667 ], [ -95.97582, 41.238439 ], [ -95.975842, 41.241522 ] ] ] } },
{ "type": "Feature", "properties": { "geoid": "31019969600", "county_name": "Buffalo County", "place_name": "Omaha", "state_name": "Nebraska", "state_abbr": "NE", "is_rural": true, "ui_invest_score": 2.0, "ui_invest_quintile": 2, "dci_score": 19.3, "dci_quintile": 5.0, "is_cra_lmi": true, "income_level": "L", "is_persistent_poverty": false, "is_tribal_overlap": false, "tribal_area_name": null, "aian_pct": 0.0143, "has_nmtc": false, "nmtc_projects": 0, "nmtc_total_usd": 0.0 }, "geometry": { "type": "Polygon", "coordinates": [ [ [ -99.12317, 40.691979 ], [ -99.123158, 40.697991 ], [ -99.12217, 40.701262 ], [ -99.11964, 40.701956 ], [ -99.117475, 40.701606 ], [ -99.114904, 40.701566 ], [ -99.113684, 40.703053 ], [ -99.111648, 40.701614 ], [ -99.11057, 40.702062 ], [ -99.110206, 40.702188 ], [ -99.109734, 40.702167 ], [ -99.109552, 40.702027 ], [ -99.101389, 40.703577 ], [ -99.101208, 40.702128 ], [ -99.100967, 40.701703 ], [ -99.100744, 40.701728 ], [ -99.099128, 40.703543 ], [ -99.096227, 40.704674 ], [ -99.088367, 40.704578 ], [ -99.088459, 40.700533 ], [ -99.088461, 40.700411 ], [ -99.08854, 40.697719 ], [ -99.088635, 40.694651 ], [ -99.088645, 40.694346 ], [ -99.104594, 40.693055 ], [ -99.117981, 40.692012 ], [ -99.123187, 40.691669 ], [ -99.12317, 40.691979 ] ] ] } },
{ "type": "Feature", "properties": { "geoid": "31109002100", "county_name": "Lancaster County", "place_name": null, "state_name": "Nebraska", "state_abbr": "NE", "is_rural": false, "ui_invest_score": 3.0, "ui_invest_quintile": 3, "dci_score": 69.0, "dci_quintile": 4.0, "is_cra_lmi": true, "income_level": "M", "is_persistent_poverty": false, "is_tribal_overlap": false, "tribal_area_name": null, "aian_pct": 0.0193, "has_nmtc": false, "nmtc_projects": 0, "nmtc_total_usd": 0.0 }, "geometry": { "type": "Polygon", "coordinates": [ [ [ -96.724149, 40.804399 ], [ -96.724359, 40.80658 ], [ -96.723505, 40.807466 ], [ -96.723116, 40.813711 ], [ -96.713891, 40.813688 ], [ -96.708479, 40.813671 ], [ -96.708502, 40.809212 ], [ -96.708514, 40.806956 ], [ -96.708541, 40.803666 ], [ -96.708581, 40.79922 ], [ -96.714217, 40.799239 ], [ -96.716331, 40.798946 ], [ -96.717413, 40.798892 ], [ -96.723627, 40.799113 ], [ -96.72527, 40.802473 ], [ -96.724149, 40.804399 ] ] ] } },
{ "type": "Feature", "properties": { "geoid": "31109003104", "county_name": "Lancaster County", "place_name": null, "state_name": "Nebraska", "state_abbr": "NE", "is_rural": false, "ui_invest_score": 3.0, "ui_invest_quintile": 3, "dci_score": 52.5, "dci_quintile": 5.0, "is_cra_lmi": true, "income_level": "M", "is_persistent_poverty": false, "is_tribal_overlap": false, "tribal_area_name": null, "aian_pct": 0.0209, "has_nmtc": false, "nmtc_projects": 0, "nmtc_total_usd": 0.0 }, "geometry": { "type": "Polygon", "coordinates": [ [ [ -96.745845, 40.83182 ], [ -96.742946, 40.835753 ], [ -96.739726, 40.839133 ], [ -96.739452, 40.839389 ], [ -96.732825, 40.845989 ], [ -96.728741, 40.850069 ], [ -96.72097, 40.857832 ], [ -96.719805, 40.857149 ], [ -96.720264, 40.856626 ], [ -96.720311, 40.848449 ], [ -96.720332, 40.84406 ], [ -96.720167, 40.843523 ], [ -96.720338, 40.843387 ], [ -96.720225, 40.843207 ], [ -96.720335, 40.842825 ], [ -96.720356, 40.839414 ], [ -96.720401, 40.831928 ], [ -96.730462, 40.829793 ], [ -96.73197, 40.829674 ], [ -96.737459, 40.830079 ], [ -96.744768, 40.831195 ], [ -96.745845, 40.83182 ] ] ] } },
{ "type": "Feature", "properties": { "geoid": "31055006000", "county_name": "Douglas County", "place_name": null, "state_name": "Nebraska", "state_abbr": "NE", "is_rural": false, "ui_invest_score": 3.0, "ui_invest_quintile": 3, "dci_score": 81.9, "dci_quintile": 2.0, "is_cra_lmi": true, "income_level": "L", "is_persistent_poverty": false, "is_tribal_overlap": false, "tribal_area_name": null, "aian_pct": 0.0113, "has_nmtc": false, "nmtc_projects": 0, "nmtc_total_usd": 0.0 }, "geometry": { "type": "Polygon", "coordinates": [ [ [ -95.985369, 41.306722 ], [ -95.984839, 41.30672 ], [ -95.980583, 41.306715 ], [ -95.975792, 41.306659 ], [ -95.96996, 41.306662 ], [ -95.968758, 41.307239 ], [ -95.966198, 41.306288 ], [ -95.963827, 41.305123 ], [ -95.960361, 41.303548 ], [ -95.956516, 41.302934 ], [ -95.956556, 41.299571 ], [ -95.963816, 41.299541 ], [ -95.969777, 41.299543 ], [ -95.972185, 41.299556 ], [ -95.975822, 41.299568 ], [ -95.980208, 41.29954 ], [ -95.985466, 41.299598 ], [ -95.985369, 41.306722 ] ] ] } }
]
}
