{
"type": "FeatureCollection",
"name": "38",
"crs": { "type": "name", "properties": { "name": "urn:ogc:def:crs:OGC:1.3:CRS84" } },
"features": [
{ "type": "Feature", "properties": { "geoid": "38035010302", "county_name": "Grand Forks County", "place_name": null, "state_name": "North Dakota", "state_abbr": "ND", "is_rural": false, "dci_score": 46.8, "dci_quintile": 5.0, "is_cra_lmi": true, "income_level": "L", "is_persistent_poverty": false, "is_tribal_overlap": false, "tribal_area_name": null, "aian_pct": 0.0, "has_nmtc": false, "nmtc_projects": 0, "nmtc_total_usd": 0.0 }, "geometry": { "type": "Polygon", "coordinates": [ [ [ -97.087779, 47.925774 ], [ -97.077602, 47.925744 ], [ -97.076281, 47.924094 ], [ -97.077072, 47.921335 ], [ -97.074292, 47.919691 ], [ -97.076128, 47.918547 ], [ -97.084059, 47.918564 ], [ -97.085731, 47.918874 ], [ -97.087356, 47.91998 ], [ -97.087789, 47.921085 ], [ -97.087779, 47.925774 ] ] ] } },
{ "type": "Feature", "properties": { "geoid": "38085940800", "county_name": "Sioux County", "place_name": null, "state_name": "North Dakota", "state_abbr": "ND", "is_rural": true, "dci_score": 77.8, "dci_quintile": 3.0, "is_cra_lmi": true, "income_level": "M", "is_persistent_poverty": true, "is_tribal_overlap": true, "tribal_area_name": "Standing Rock Reservation", "aian_pct": 0.7418, "has_nmtc": false, "nmtc_projects": 0, "nmtc_total_usd": 0.0 }, "geometry": { "type": "Polygon", "coordinates": [ [ [ -101.998734331893004, 45.9445574366814 ], [ -101.998515, 46.002558 ], [ -101.998618, 46.003293 ], [ -101.998329, 46.031258 ], [ -101.998327, 46.053274 ], [ -101.99751, 46.052747 ], [ -101.996136, 46.056426 ], [ -101.995184, 46.056586 ], [ -101.994166, 46.055604 ], [ -101.992161, 46.051904 ], [ -101.992422, 46.051105 ], [ -101.99508, 46.051446 ], [ -101.995309, 46.050235 ], [ -101.993471, 46.049962 ], [ -101.991598, 46.047381 ], [ -101.986382, 46.048366 ], [ -101.982378, 46.047066 ], [ -101.979557, 46.047432 ], [ -101.978737, 46.048392 ], [ -101.975357, 46.047502 ], [ -101.973849, 46.04812 ], [ -101.974014, 46.049673 ], [ -101.972701, 46.049285 ], [ -101.970439, 46.051891 ], [ -101.971293, 46.053376 ], [ -101.969915, 46.054336 ], [ -101.970245, 46.056689 ], [ -101.969063, 46.056415 ], [ -101.967782, 46.054314 ], [ -101.96509, 46.053515 ], [ -101.965154, 46.049837 ], [ -101.966203, 46.048603 ], [ -101.962595, 46.049266 ], [ -101.962792, 46.051162 ], [ -101.958067, 46.050387 ], [ -101.956362, 46.051598 ], [ -101.956001, 46.053197 ], [ -101.957019, 46.054248 ], [ -101.954263, 46.055391 ], [ -101.953509, 46.057264 ], [ -101.950031, 46.057927 ], [ -101.94816, 46.059047 ], [ -101.946715, 46.058362 ], [ -101.945009, 46.060761 ], [ -101.947472, 46.061446 ], [ -101.949868, 46.062885 ], [ -101.948523, 46.06373 ], [ -101.944354, 46.063297 ], [ -101.943205, 46.065056 ], [ -101.941433, 46.065284 ], [ -101.938709, 46.063228 ], [ -101.937298, 46.063777 ], [ -101.939333, 46.06565 ], [ -101.93779, 46.066404 ], [ -101.934902, 46.065193 ], [ -101.933852, 46.063525 ], [ -101.930996, 46.062589 ], [ -101.934049, 46.062063 ], [ -101.932998, 46.060875 ], [ -101.928634, 46.059779 ], [ -101.926631, 46.057928 ], [ -101.926402, 46.056854 ], [ -101.922989, 46.055414 ], [ -101.922333, 46.054409 ], [ -101.919708, 46.055231 ], [ -101.922759, 46.05843 ], [ -101.923185, 46.060509 ], [ -101.919969, 46.059412 ], [ -101.918099, 46.060029 ], [ -101.914522, 46.058657 ], [ -101.914523, 46.057241 ], [ -101.916689, 46.056944 ], [ -101.913965, 46.055916 ], [ -101.912325, 46.053791 ], [ -101.909142, 46.055298 ], [ -101.907894, 46.057696 ], [ -101.910781, 46.057834 ], [ -101.910321, 46.060279 ], [ -101.911174, 46.061764 ], [ -101.910057, 46.062312 ], [ -101.906907, 46.061146 ], [ -101.905004, 46.059295 ], [ -101.90727, 46.058085 ], [ -101.903234, 46.055753 ], [ -101.90343, 46.058084 ], [ -101.902214, 46.059706 ], [ -101.898868, 46.058632 ], [ -101.900148, 46.057238 ], [ -101.899033, 46.056507 ], [ -101.894144, 46.056825 ], [ -101.894798, 46.059293 ], [ -101.892304, 46.059657 ], [ -101.893681, 46.060389 ], [ -101.892532, 46.062102 ], [ -101.890333, 46.061416 ], [ -101.888823, 46.061735 ], [ -101.888592, 46.063951 ], [ -101.893318, 46.06393 ], [ -101.895386, 46.063291 ], [ -101.897025, 46.065691 ], [ -101.89558, 46.066855 ], [ -101.895677, 46.068752 ], [ -101.894857, 46.069254 ], [ -101.891739, 46.068613 ], [ -101.88931, 46.068886 ], [ -101.887636, 46.068292 ], [ -101.888393, 46.06619 ], [ -101.886392, 46.064819 ], [ -101.884028, 46.065457 ], [ -101.882224, 46.063674 ], [ -101.880945, 46.063217 ], [ -101.881238, 46.06509 ], [ -101.884551, 46.06813 ], [ -101.884025, 46.06941 ], [ -101.882383, 46.069934 ], [ -101.876476, 46.068241 ], [ -101.87605, 46.066938 ], [ -101.877463, 46.065614 ], [ -101.873844, 46.063326 ], [ -101.872093, 46.063784 ], [ -101.87114, 46.063007 ], [ -101.869139, 46.063374 ], [ -101.870946, 46.064995 ], [ -101.866877, 46.0663 ], [ -101.86182, 46.064794 ], [ -101.858277, 46.066258 ], [ -101.854997, 46.068498 ], [ -101.854833, 46.069549 ], [ -101.856214, 46.071491 ], [ -101.852505, 46.072109 ], [ -101.849355, 46.073275 ], [ -101.848041, 46.072499 ], [ -101.846693, 46.069575 ], [ -101.846231, 46.06608 ], [ -101.844787, 46.065783 ], [ -101.844493, 46.067725 ], [ -101.843278, 46.067474 ], [ -101.84436, 46.064846 ], [ -101.848199, 46.06432 ], [ -101.8503, 46.064982 ], [ -101.849675, 46.062789 ], [ -101.845834, 46.060596 ], [ -101.843701, 46.061648 ], [ -101.843046, 46.063293 ], [ -101.841634, 46.063385 ], [ -101.84183, 46.062084 ], [ -101.840287, 46.059774 ], [ -101.843367, 46.057925 ], [ -101.840123, 46.057287 ], [ -101.842483, 46.056119 ], [ -101.84524, 46.057329 ], [ -101.846059, 46.054176 ], [ -101.842874, 46.051504 ], [ -101.843004, 46.049973 ], [ -101.847333, 46.049721 ], [ -101.846682, 46.051504 ], [ -101.848579, 46.051982 ], [ -101.849957, 46.047641 ], [ -101.852287, 46.047365 ], [ -101.856458, 46.048598 ], [ -101.860328, 46.048321 ], [ -101.856687, 46.046267 ], [ -101.851468, 46.04595 ], [ -101.848749, 46.044332 ], [ -101.845854, 46.04426 ], [ -101.845063, 46.041589 ], [ -101.847756, 46.041473 ], [ -101.847098, 46.040789 ], [ -101.843521, 46.040809 ], [ -101.842736, 46.037476 ], [ -101.840573, 46.038003 ], [ -101.841325, 46.033431 ], [ -101.842959, 46.032107 ], [ -101.841945, 46.03067 ], [ -101.842108, 46.029136 ], [ -101.838368, 46.029047 ], [ -101.839089, 46.031196 ], [ -101.83837, 46.033043 ], [ -101.83657, 46.032705 ], [ -101.837116, 46.031467 ], [ -101.835287, 46.031588 ], [ -101.835281, 46.033414 ], [ -101.833806, 46.033431 ], [ -101.833782, 46.031955 ], [ -101.83242, 46.031905 ], [ -101.830405, 46.033106 ], [ -101.830591, 46.03419 ], [ -101.82908, 46.035533 ], [ -101.829152, 46.037643 ], [ -101.828163, 46.037935 ], [ -101.825212, 46.037084 ], [ -101.822189, 46.035437 ], [ -101.82201, 46.033969 ], [ -101.817284, 46.030053 ], [ -101.813985, 46.027726 ], [ -101.811699, 46.027931 ], [ -101.813634, 46.029302 ], [ -101.81311, 46.030764 ], [ -101.814947, 46.030444 ], [ -101.814848, 46.031564 ], [ -101.809075, 46.031244 ], [ -101.807402, 46.030147 ], [ -101.805106, 46.03049 ], [ -101.802253, 46.027931 ], [ -101.803729, 46.025326 ], [ -101.80022, 46.024892 ], [ -101.799236, 46.024183 ], [ -101.798186, 46.025691 ], [ -101.800876, 46.026902 ], [ -101.798087, 46.028022 ], [ -101.797267, 46.029027 ], [ -101.79976, 46.029713 ], [ -101.797595, 46.031517 ], [ -101.79953, 46.031723 ], [ -101.799726, 46.032774 ], [ -101.795691, 46.035538 ], [ -101.793821, 46.036132 ], [ -101.79195, 46.035675 ], [ -101.791163, 46.034418 ], [ -101.787489, 46.035377 ], [ -101.785881, 46.037341 ], [ -101.784339, 46.037113 ], [ -101.782895, 46.038437 ], [ -101.782731, 46.037341 ], [ -101.784143, 46.035993 ], [ -101.782732, 46.035307 ], [ -101.78083, 46.035604 ], [ -101.779319, 46.038985 ], [ -101.778236, 46.039007 ], [ -101.77476, 46.036767 ], [ -101.771905, 46.037337 ], [ -101.771774, 46.036058 ], [ -101.773513, 46.035327 ], [ -101.773055, 46.034185 ], [ -101.771349, 46.034299 ], [ -101.769119, 46.033064 ], [ -101.767675, 46.03384 ], [ -101.766169, 46.030664 ], [ -101.762429, 46.03185 ], [ -101.762952, 46.033176 ], [ -101.765314, 46.033245 ], [ -101.767412, 46.035417 ], [ -101.766755, 46.03601 ], [ -101.761802, 46.035597 ], [ -101.756187, 46.040987 ], [ -101.756252, 46.042175 ], [ -101.754743, 46.041763 ], [ -101.75478, 46.037764 ], [ -101.752088, 46.038014 ], [ -101.7512, 46.041327 ], [ -101.749591, 46.041667 ], [ -101.748998, 46.040227 ], [ -101.749784, 46.038947 ], [ -101.749257, 46.037006 ], [ -101.749911, 46.035086 ], [ -101.748958, 46.033236 ], [ -101.749777, 46.032733 ], [ -101.754061, 46.0334 ], [ -101.756328, 46.031528 ], [ -101.758296, 46.03098 ], [ -101.75679, 46.028786 ], [ -101.752654, 46.030475 ], [ -101.752622, 46.029287 ], [ -101.750412, 46.028244 ], [ -101.746328, 46.028348 ], [ -101.74633, 46.029787 ], [ -101.744034, 46.030474 ], [ -101.743709, 46.032667 ], [ -101.741808, 46.034725 ], [ -101.739446, 46.03573 ], [ -101.739572, 46.036823 ], [ -101.737919, 46.037647 ], [ -101.737229, 46.036582 ], [ -101.733397, 46.035737 ], [ -101.728917, 46.036125 ], [ -101.727448, 46.035508 ], [ -101.72665, 46.033389 ], [ -101.727364, 46.032217 ], [ -101.725097, 46.031638 ], [ -101.722638, 46.028485 ], [ -101.720851, 46.029498 ], [ -101.719862, 46.028456 ], [ -101.717241, 46.02871 ], [ -101.715652, 46.02806 ], [ -101.717331, 46.026833 ], [ -101.717649, 46.025232 ], [ -101.719658, 46.023439 ], [ -101.716535, 46.023076 ], [ -101.713718, 46.021504 ], [ -101.71149, 46.022237 ], [ -101.71405, 46.024453 ], [ -101.713526, 46.026053 ], [ -101.710246, 46.025848 ], [ -101.705062, 46.022261 ], [ -101.701521, 46.025209 ], [ -101.700603, 46.026855 ], [ -101.698503, 46.026832 ], [ -101.699684, 46.025187 ], [ -101.697388, 46.024113 ], [ -101.697256, 46.022194 ], [ -101.699749, 46.022513 ], [ -101.698502, 46.021371 ], [ -101.69309, 46.019292 ], [ -101.689909, 46.020915 ], [ -101.689581, 46.022377 ], [ -101.687876, 46.022423 ], [ -101.685908, 46.019772 ], [ -101.686269, 46.018881 ], [ -101.689417, 46.019247 ], [ -101.688663, 46.017921 ], [ -101.686236, 46.016254 ], [ -101.685646, 46.013466 ], [ -101.682367, 46.012643 ], [ -101.681055, 46.013557 ], [ -101.685154, 46.016002 ], [ -101.683481, 46.016779 ], [ -101.681547, 46.016071 ], [ -101.677316, 46.015865 ], [ -101.675381, 46.016253 ], [ -101.675841, 46.014494 ], [ -101.678399, 46.011729 ], [ -101.674549, 46.012393 ], [ -101.671903, 46.012325 ], [ -101.671261, 46.013447 ], [ -101.666206, 46.013884 ], [ -101.663573, 46.015819 ], [ -101.662659, 46.01472 ], [ -101.664528, 46.011636 ], [ -101.660987, 46.011841 ], [ -101.659543, 46.012777 ], [ -101.657313, 46.012205 ], [ -101.656493, 46.012502 ], [ -101.657148, 46.01481 ], [ -101.659084, 46.013782 ], [ -101.660691, 46.014011 ], [ -101.660067, 46.015085 ], [ -101.655114, 46.01698 ], [ -101.652032, 46.014283 ], [ -101.645538, 46.015149 ], [ -101.6437, 46.017045 ], [ -101.643304, 46.020655 ], [ -101.646453, 46.021296 ], [ -101.646222, 46.023375 ], [ -101.650026, 46.023993 ], [ -101.646811, 46.02534 ], [ -101.644516, 46.023923 ], [ -101.643138, 46.024631 ], [ -101.646448, 46.027511 ], [ -101.645528, 46.029636 ], [ -101.643693, 46.028104 ], [ -101.642314, 46.029566 ], [ -101.637886, 46.028764 ], [ -101.635162, 46.030088 ], [ -101.635883, 46.031163 ], [ -101.637983, 46.031049 ], [ -101.638539, 46.032352 ], [ -101.635224, 46.034407 ], [ -101.635026, 46.035618 ], [ -101.638108, 46.037127 ], [ -101.637288, 46.037538 ], [ -101.631415, 46.037947 ], [ -101.631679, 46.036005 ], [ -101.624737, 46.036439 ], [ -101.624226, 46.036502 ], [ -101.622717, 46.037028 ], [ -101.621205, 46.035247 ], [ -101.622679, 46.033007 ], [ -101.620481, 46.032413 ], [ -101.619888, 46.030128 ], [ -101.616608, 46.030884 ], [ -101.615622, 46.028919 ], [ -101.617293, 46.026748 ], [ -101.615685, 46.025606 ], [ -101.614371, 46.023596 ], [ -101.611091, 46.024191 ], [ -101.610041, 46.023232 ], [ -101.611513, 46.01889 ], [ -101.609512, 46.018937 ], [ -101.603279, 46.016768 ], [ -101.603049, 46.015603 ], [ -101.600753, 46.014599 ], [ -101.60003, 46.013434 ], [ -101.598162, 46.014462 ], [ -101.60013, 46.01581 ], [ -101.599705, 46.01677 ], [ -101.595311, 46.017708 ], [ -101.594392, 46.017594 ], [ -101.593604, 46.015606 ], [ -101.595801, 46.014714 ], [ -101.593767, 46.01323 ], [ -101.592093, 46.010968 ], [ -101.591927, 46.009551 ], [ -101.588943, 46.009278 ], [ -101.588583, 46.010101 ], [ -101.590552, 46.012248 ], [ -101.590389, 46.013094 ], [ -101.587798, 46.013528 ], [ -101.585632, 46.011838 ], [ -101.586126, 46.014557 ], [ -101.588256, 46.015515 ], [ -101.588088, 46.01652 ], [ -101.585305, 46.016453 ], [ -101.58377, 46.015686 ], [ -101.581864, 46.017642 ], [ -101.5797, 46.018123 ], [ -101.57888, 46.019174 ], [ -101.579405, 46.020728 ], [ -101.574224, 46.022945 ], [ -101.576619, 46.024932 ], [ -101.574749, 46.025527 ], [ -101.57219, 46.023607 ], [ -101.571664, 46.021825 ], [ -101.570352, 46.021871 ], [ -101.569532, 46.023219 ], [ -101.567761, 46.023699 ], [ -101.568187, 46.019081 ], [ -101.566447, 46.017913 ], [ -101.563494, 46.017957 ], [ -101.563069, 46.016472 ], [ -101.564576, 46.016562 ], [ -101.565035, 46.015373 ], [ -101.567068, 46.014387 ], [ -101.564476, 46.013883 ], [ -101.561165, 46.012489 ], [ -101.559395, 46.010917 ], [ -101.55733, 46.011949 ], [ -101.554184, 46.009075 ], [ -101.554185, 46.006836 ], [ -101.551888, 46.01088 ], [ -101.550118, 46.011497 ], [ -101.548052, 46.010971 ], [ -101.546248, 46.01289 ], [ -101.54523, 46.015883 ], [ -101.548379, 46.015313 ], [ -101.550805, 46.016958 ], [ -101.547853, 46.018283 ], [ -101.542475, 46.0173 ], [ -101.542246, 46.016066 ], [ -101.535096, 46.01643 ], [ -101.533556, 46.013276 ], [ -101.531817, 46.014601 ], [ -101.528668, 46.015354 ], [ -101.527323, 46.016428 ], [ -101.527847, 46.018187 ], [ -101.530535, 46.020473 ], [ -101.533257, 46.020839 ], [ -101.531091, 46.022667 ], [ -101.531582, 46.025729 ], [ -101.534666, 46.024519 ], [ -101.535484, 46.028221 ], [ -101.536664, 46.029181 ], [ -101.535712, 46.030414 ], [ -101.534334, 46.030802 ], [ -101.529349, 46.028859 ], [ -101.523576, 46.028629 ], [ -101.517538, 46.030774 ], [ -101.516194, 46.030637 ], [ -101.516031, 46.029083 ], [ -101.518853, 46.028284 ], [ -101.519412, 46.025908 ], [ -101.517412, 46.025359 ], [ -101.511768, 46.026659 ], [ -101.512489, 46.027939 ], [ -101.509764, 46.030177 ], [ -101.508125, 46.028874 ], [ -101.508225, 46.027868 ], [ -101.510325, 46.027115 ], [ -101.509113, 46.025287 ], [ -101.507441, 46.024623 ], [ -101.504291, 46.025421 ], [ -101.502063, 46.023044 ], [ -101.500094, 46.023055 ], [ -101.496882, 46.023568 ], [ -101.499117, 46.026217 ], [ -101.496822, 46.027452 ], [ -101.495704, 46.025328 ], [ -101.492784, 46.025215 ], [ -101.491735, 46.026335 ], [ -101.493542, 46.027408 ], [ -101.490032, 46.028232 ], [ -101.485865, 46.027983 ], [ -101.485768, 46.029126 ], [ -101.487574, 46.03045 ], [ -101.490034, 46.029604 ], [ -101.492167, 46.030105 ], [ -101.492988, 46.031613 ], [ -101.495517, 46.033691 ], [ -101.494796, 46.034948 ], [ -101.492303, 46.035612 ], [ -101.491775, 46.032573 ], [ -101.489676, 46.032871 ], [ -101.490632, 46.037509 ], [ -101.484726, 46.036827 ], [ -101.483742, 46.037604 ], [ -101.485514, 46.037535 ], [ -101.487057, 46.038882 ], [ -101.487914, 46.042744 ], [ -101.489784, 46.042354 ], [ -101.489256, 46.03959 ], [ -101.490469, 46.038584 ], [ -101.493652, 46.038902 ], [ -101.49365, 46.036982 ], [ -101.496964, 46.037666 ], [ -101.49828, 46.04059 ], [ -101.497461, 46.041802 ], [ -101.491098, 46.043839 ], [ -101.48982, 46.045736 ], [ -101.486113, 46.046789 ], [ -101.484212, 46.04928 ], [ -101.486378, 46.049896 ], [ -101.490119, 46.04994 ], [ -101.489334, 46.051201 ], [ -101.486102, 46.051301 ], [ -101.484477, 46.052434 ], [ -101.478931, 46.052733 ], [ -101.478408, 46.055064 ], [ -101.47588, 46.054288 ], [ -101.47181, 46.054152 ], [ -101.473945, 46.055934 ], [ -101.474801, 46.059498 ], [ -101.471125, 46.059682 ], [ -101.467874, 46.057832 ], [ -101.468464, 46.055387 ], [ -101.46705, 46.050886 ], [ -101.466262, 46.05036 ], [ -101.460814, 46.050978 ], [ -101.458287, 46.049996 ], [ -101.455991, 46.052076 ], [ -101.45156, 46.051939 ], [ -101.44922, 46.05347 ], [ -101.445259, 46.054019 ], [ -101.444505, 46.056282 ], [ -101.442634, 46.055848 ], [ -101.441157, 46.054225 ], [ -101.437383, 46.055025 ], [ -101.432787, 46.053243 ], [ -101.430455, 46.053061 ], [ -101.431841, 46.054829 ], [ -101.431379, 46.056347 ], [ -101.428974, 46.057657 ], [ -101.42802, 46.060559 ], [ -101.425632, 46.060875 ], [ -101.423465, 46.059869 ], [ -101.420445, 46.059252 ], [ -101.41713, 46.060371 ], [ -101.414603, 46.058382 ], [ -101.412207, 46.059159 ], [ -101.411156, 46.060598 ], [ -101.412107, 46.062198 ], [ -101.415225, 46.064164 ], [ -101.412566, 46.066563 ], [ -101.409643, 46.066539 ], [ -101.407114, 46.070812 ], [ -101.403372, 46.071245 ], [ -101.401105, 46.07257 ], [ -101.398543, 46.072843 ], [ -101.397525, 46.073825 ], [ -101.39851, 46.075951 ], [ -101.397787, 46.077116 ], [ -101.393321, 46.07668 ], [ -101.388788, 46.079215 ], [ -101.386292, 46.07942 ], [ -101.381861, 46.077201 ], [ -101.374176, 46.076625 ], [ -101.370596, 46.075461 ], [ -101.368363, 46.075211 ], [ -101.366522, 46.07295 ], [ -101.366356, 46.070436 ], [ -101.364155, 46.069911 ], [ -101.36235, 46.070392 ], [ -101.361993, 46.074414 ], [ -101.360485, 46.076631 ], [ -101.35845, 46.077706 ], [ -101.356086, 46.077707 ], [ -101.355756, 46.076154 ], [ -101.354048, 46.074623 ], [ -101.351224, 46.074464 ], [ -101.347022, 46.076111 ], [ -101.347188, 46.077962 ], [ -101.346302, 46.079402 ], [ -101.339736, 46.081118 ], [ -101.337208, 46.081484 ], [ -101.334943, 46.082673 ], [ -101.33606, 46.084752 ], [ -101.342496, 46.085003 ], [ -101.344203, 46.085941 ], [ -101.343514, 46.089257 ], [ -101.336362, 46.09059 ], [ -101.331834, 46.091842 ], [ -101.327102, 46.090886 ], [ -101.325263, 46.091322 ], [ -101.323818, 46.09585 ], [ -101.322733, 46.097086 ], [ -101.320498, 46.095352 ], [ -101.316819, 46.094897 ], [ -101.313861, 46.092135 ], [ -101.312351, 46.09193 ], [ -101.311924, 46.09385 ], [ -101.313829, 46.096341 ], [ -101.319183, 46.099951 ], [ -101.316359, 46.101437 ], [ -101.313008, 46.101482 ], [ -101.310643, 46.103768 ], [ -101.30565, 46.104682 ], [ -101.303514, 46.105503 ], [ -101.299917, 46.104844 ], [ -101.299629, 46.106029 ], [ -101.300859, 46.10733 ], [ -101.301842, 46.109753 ], [ -101.298124, 46.111513 ], [ -101.297008, 46.112747 ], [ -101.297205, 46.114735 ], [ -101.294707, 46.11574 ], [ -101.295299, 46.116426 ], [ -101.29865, 46.117244 ], [ -101.296777, 46.118802 ], [ -101.298978, 46.120699 ], [ -101.301673, 46.120105 ], [ -101.304992, 46.121659 ], [ -101.305813, 46.123282 ], [ -101.311447, 46.125003 ], [ -101.311361, 46.125779 ], [ -101.308206, 46.127603 ], [ -101.30469, 46.127008 ], [ -101.303342, 46.127442 ], [ -101.301994, 46.129362 ], [ -101.302684, 46.132881 ], [ -101.299759, 46.132858 ], [ -101.297393, 46.130321 ], [ -101.297394, 46.127853 ], [ -101.296342, 46.127259 ], [ -101.293614, 46.127715 ], [ -101.292694, 46.129132 ], [ -101.294073, 46.131143 ], [ -101.292856, 46.133611 ], [ -101.285854, 46.135346 ], [ -101.282272, 46.134934 ], [ -101.281878, 46.13386 ], [ -101.282964, 46.130912 ], [ -101.281683, 46.129449 ], [ -101.277049, 46.129311 ], [ -101.275537, 46.129813 ], [ -101.274944, 46.131321 ], [ -101.275797, 46.134955 ], [ -101.27458, 46.13612 ], [ -101.271622, 46.135456 ], [ -101.267484, 46.130656 ], [ -101.26538, 46.130906 ], [ -101.26367, 46.132757 ], [ -101.264293, 46.134379 ], [ -101.261889, 46.138583 ], [ -101.259258, 46.140022 ], [ -101.25607, 46.139266 ], [ -101.253215, 46.13474 ], [ -101.252032, 46.134785 ], [ -101.250254, 46.136313 ], [ -101.249871, 46.139512 ], [ -101.250744, 46.141046 ], [ -101.247705, 46.142484 ], [ -101.245795, 46.139834 ], [ -101.243526, 46.138693 ], [ -101.241159, 46.138328 ], [ -101.239155, 46.139883 ], [ -101.238927, 46.142443 ], [ -101.237021, 46.143129 ], [ -101.233733, 46.141805 ], [ -101.232482, 46.140274 ], [ -101.228832, 46.137831 ], [ -101.228141, 46.137968 ], [ -101.227353, 46.138722 ], [ -101.227486, 46.140825 ], [ -101.2242, 46.143477 ], [ -101.220519, 46.144438 ], [ -101.219567, 46.145969 ], [ -101.223744, 46.14903 ], [ -101.223251, 46.150127 ], [ -101.220194, 46.150494 ], [ -101.216675, 46.149626 ], [ -101.21421, 46.151226 ], [ -101.213159, 46.152803 ], [ -101.213489, 46.15582 ], [ -101.21197, 46.156207 ], [ -101.200072, 46.152971 ], [ -101.199179, 46.151411 ], [ -101.1956, 46.147916 ], [ -101.193726, 46.147459 ], [ -101.190372, 46.147847 ], [ -101.190175, 46.149904 ], [ -101.192279, 46.151321 ], [ -101.19422, 46.153698 ], [ -101.195206, 46.156805 ], [ -101.196654, 46.158931 ], [ -101.195832, 46.161399 ], [ -101.19307, 46.162198 ], [ -101.190932, 46.162129 ], [ -101.188433, 46.162998 ], [ -101.18863, 46.165946 ], [ -101.189485, 46.166905 ], [ -101.191689, 46.16702 ], [ -101.193958, 46.168048 ], [ -101.194321, 46.170927 ], [ -101.192841, 46.171681 ], [ -101.192578, 46.174492 ], [ -101.195604, 46.175246 ], [ -101.195868, 46.176434 ], [ -101.193434, 46.178788 ], [ -101.191986, 46.181736 ], [ -101.193796, 46.182513 ], [ -101.196855, 46.181622 ], [ -101.198336, 46.182376 ], [ -101.198073, 46.18377 ], [ -101.193271, 46.187518 ], [ -101.191001, 46.191334 ], [ -101.187448, 46.192706 ], [ -101.182874, 46.193368 ], [ -101.17807, 46.194968 ], [ -101.176029, 46.195105 ], [ -101.174022, 46.194145 ], [ -101.173496, 46.192157 ], [ -101.170963, 46.191814 ], [ -101.169251, 46.195081 ], [ -101.165729, 46.196635 ], [ -101.165959, 46.197937 ], [ -101.169282, 46.199469 ], [ -101.16948, 46.200474 ], [ -101.167899, 46.202028 ], [ -101.163325, 46.200565 ], [ -101.161055, 46.200222 ], [ -101.158554, 46.198644 ], [ -101.15658, 46.198941 ], [ -101.154374, 46.20086 ], [ -101.150819, 46.200836 ], [ -101.147561, 46.201383 ], [ -101.143479, 46.203347 ], [ -101.142358, 46.204969 ], [ -101.14374, 46.206387 ], [ -101.143244, 46.209426 ], [ -101.140214, 46.210842 ], [ -101.13814, 46.210932 ], [ -101.131949, 46.214357 ], [ -101.130698, 46.214266 ], [ -101.126356, 46.211475 ], [ -101.124999, 46.211084 ], [ -101.123313, 46.212113 ], [ -101.122558, 46.213668 ], [ -101.120188, 46.214492 ], [ -101.115843, 46.214585 ], [ -101.114069, 46.217466 ], [ -101.114762, 46.218908 ], [ -101.114137, 46.219842 ], [ -101.110944, 46.221031 ], [ -101.109431, 46.222632 ], [ -101.106305, 46.224758 ], [ -101.101105, 46.227228 ], [ -101.10012, 46.2302 ], [ -101.102855, 46.233535 ], [ -101.103416, 46.235043 ], [ -101.102726, 46.236666 ], [ -101.105399, 46.242812 ], [ -101.10754, 46.242948 ], [ -101.111359, 46.24185 ], [ -101.113531, 46.240181 ], [ -101.114849, 46.240089 ], [ -101.116727, 46.241596 ], [ -101.116828, 46.243036 ], [ -101.116105, 46.24459 ], [ -101.112649, 46.247288 ], [ -101.106491, 46.249233 ], [ -101.105961, 46.250652 ], [ -101.107148, 46.252474 ], [ -101.106392, 46.255445 ], [ -101.103956, 46.257115 ], [ -101.100102, 46.257184 ], [ -101.09539, 46.25634 ], [ -101.093084, 46.256798 ], [ -101.091339, 46.258055 ], [ -101.090319, 46.260958 ], [ -101.090452, 46.262855 ], [ -101.089135, 46.26482 ], [ -101.088511, 46.26738 ], [ -101.089763, 46.268134 ], [ -101.095035, 46.26779 ], [ -101.097408, 46.268543 ], [ -101.098068, 46.270074 ], [ -101.096521, 46.27252 ], [ -101.095401, 46.273137 ], [ -101.089635, 46.274373 ], [ -101.087394, 46.275333 ], [ -101.08222, 46.275105 ], [ -101.080407, 46.273597 ], [ -101.078166, 46.273186 ], [ -101.075398, 46.274261 ], [ -101.073783, 46.274124 ], [ -101.070488, 46.271885 ], [ -101.066335, 46.270742 ], [ -101.060239, 46.271154 ], [ -101.058492, 46.270171 ], [ -101.055789, 46.270902 ], [ -101.054868, 46.272525 ], [ -101.054834, 46.277529 ], [ -101.049428, 46.280843 ], [ -101.044715, 46.282144 ], [ -101.040496, 46.281503 ], [ -101.038255, 46.280063 ], [ -101.037004, 46.276132 ], [ -101.033148, 46.275423 ], [ -101.029094, 46.276153 ], [ -101.023951, 46.278688 ], [ -101.025691, 46.284414 ], [ -101.025743, 46.284772 ], [ -101.026089, 46.287784 ], [ -101.025, 46.289566 ], [ -101.022856, 46.291325 ], [ -101.018634, 46.293815 ], [ -101.018698, 46.296397 ], [ -101.016882, 46.29955 ], [ -101.013355, 46.299115 ], [ -101.011806, 46.298177 ], [ -101.005774, 46.29646 ], [ -101.004653, 46.296482 ], [ -101.003565, 46.296939 ], [ -101.001683, 46.299498 ], [ -101.001086, 46.302605 ], [ -100.997361, 46.304204 ], [ -100.99723, 46.304661 ], [ -101.00053, 46.30551 ], [ -101.003356, 46.307154 ], [ -101.007478, 46.307613 ], [ -101.011667, 46.306267 ], [ -101.013282, 46.306496 ], [ -101.013941, 46.307525 ], [ -101.012916, 46.310427 ], [ -101.011563, 46.311957 ], [ -101.011957, 46.313237 ], [ -101.017032, 46.318198 ], [ -101.017361, 46.319615 ], [ -101.0135, 46.32215 ], [ -101.009969, 46.323406 ], [ -101.007462, 46.323725 ], [ -101.004692, 46.323381 ], [ -101.00367, 46.322557 ], [ -101.003112, 46.319746 ], [ -101.00041, 46.319354 ], [ -100.998036, 46.31803 ], [ -100.997045, 46.316453 ], [ -100.995296, 46.31554 ], [ -100.99124, 46.316068 ], [ -100.988966, 46.317577 ], [ -100.984415, 46.318904 ], [ -100.983393, 46.319658 ], [ -100.982768, 46.321464 ], [ -100.984388, 46.325074 ], [ -100.983467, 46.327954 ], [ -100.982511, 46.329029 ], [ -100.97951, 46.329693 ], [ -100.976703, 46.32606 ], [ -100.97403, 46.325512 ], [ -100.969315, 46.328759 ], [ -100.968261, 46.330176 ], [ -100.968624, 46.331479 ], [ -100.971925, 46.333626 ], [ -100.971069, 46.336323 ], [ -100.966021, 46.337421 ], [ -100.963448, 46.338382 ], [ -100.95807, 46.338794 ], [ -100.957543, 46.340051 ], [ -100.958345, 46.341958 ], [ -100.96035, 46.344873 ], [ -100.962033, 46.346289 ], [ -100.960813, 46.347684 ], [ -100.956293, 46.349056 ], [ -100.950551, 46.349605 ], [ -100.946029, 46.349149 ], [ -100.941508, 46.350018 ], [ -100.941542, 46.353743 ], [ -100.940585, 46.356119 ], [ -100.940948, 46.357971 ], [ -100.943028, 46.359159 ], [ -100.944877, 46.361353 ], [ -100.944415, 46.363455 ], [ -100.942699, 46.368277 ], [ -100.939794, 46.368986 ], [ -100.937021, 46.371133 ], [ -100.937549, 46.372573 ], [ -100.939727, 46.374997 ], [ -100.938998, 46.376542 ], [ -100.936621, 46.376839 ], [ -100.935399, 46.376199 ], [ -100.931734, 46.375742 ], [ -100.929059, 46.377821 ], [ -100.931436, 46.38093 ], [ -100.931007, 46.382187 ], [ -100.928266, 46.381775 ], [ -100.925426, 46.382346 ], [ -100.924105, 46.383694 ], [ -100.924435, 46.386597 ], [ -100.920697, 46.389325 ], [ -100.918687, 46.391852 ], [ -100.919446, 46.393246 ], [ -100.91895, 46.394983 ], [ -100.913565, 46.395828 ], [ -100.907982, 46.397426 ], [ -100.902961, 46.397333 ], [ -100.896918, 46.395663 ], [ -100.895431, 46.39596 ], [ -100.898269, 46.3998 ], [ -100.897904, 46.402588 ], [ -100.897011, 46.403365 ], [ -100.889808, 46.405144 ], [ -100.886965, 46.407931 ], [ -100.884552, 46.409096 ], [ -100.881942, 46.409528 ], [ -100.880026, 46.409001 ], [ -100.877883, 46.404384 ], [ -100.878317, 46.40091 ], [ -100.880632, 46.397759 ], [ -100.881395, 46.395131 ], [ -100.883082, 46.391978 ], [ -100.882721, 46.390241 ], [ -100.879353, 46.389462 ], [ -100.873708, 46.389664 ], [ -100.868721, 46.389438 ], [ -100.867006, 46.391541 ], [ -100.864959, 46.392867 ], [ -100.862681, 46.393394 ], [ -100.861856, 46.394857 ], [ -100.862388, 46.398559 ], [ -100.859053, 46.399818 ], [ -100.858362, 46.4024 ], [ -100.856975, 46.403269 ], [ -100.855224, 46.402584 ], [ -100.853636, 46.400437 ], [ -100.853699, 46.395432 ], [ -100.852674, 46.394404 ], [ -100.846827, 46.393583 ], [ -100.837049, 46.39098 ], [ -100.832623, 46.392718 ], [ -100.831137, 46.391941 ], [ -100.831862, 46.38865 ], [ -100.830112, 46.387942 ], [ -100.82311, 46.389011 ], [ -100.821238, 46.389042 ], [ -100.816963, 46.385611 ], [ -100.814873, 46.384701 ], [ -100.812973, 46.385751 ], [ -100.811263, 46.384701 ], [ -100.808032, 46.384701 ], [ -100.806702, 46.385611 ], [ -100.805942, 46.389256 ], [ -100.804087, 46.390137 ], [ -100.800388, 46.390707 ], [ -100.798073, 46.390285 ], [ -100.795269, 46.391026 ], [ -100.787546, 46.390601 ], [ -100.78493, 46.39027 ], [ -100.782486, 46.390841 ], [ -100.780934, 46.390337 ], [ -100.778126, 46.391479 ], [ -100.775352, 46.391158 ], [ -100.77403, 46.391707 ], [ -100.773467, 46.39438 ], [ -100.771352, 46.396048 ], [ -100.770723, 46.397487 ], [ -100.766429, 46.397943 ], [ -100.76458, 46.396937 ], [ -100.765539, 46.395063 ], [ -100.763492, 46.393919 ], [ -100.760287, 46.395701 ], [ -100.758569, 46.396225 ], [ -100.755001, 46.396178 ], [ -100.753185, 46.395651 ], [ -100.751603, 46.393137 ], [ -100.748744, 46.392838 ], [ -100.745741, 46.395262 ], [ -100.741881, 46.400497 ], [ -100.737291, 46.401551 ], [ -100.733982, 46.396136 ], [ -100.734543, 46.394833 ], [ -100.736028, 46.393849 ], [ -100.737248, 46.391198 ], [ -100.735266, 46.390285 ], [ -100.731269, 46.390149 ], [ -100.724731, 46.392551 ], [ -100.722088, 46.392049 ], [ -100.721261, 46.390084 ], [ -100.721853, 46.385216 ], [ -100.722809, 46.38303 ], [ -100.722808, 46.380804 ], [ -100.720504, 46.379745 ], [ -100.718345, 46.380325 ], [ -100.713546, 46.383679 ], [ -100.708543, 46.384807 ], [ -100.706859, 46.386362 ], [ -100.709867, 46.392829 ], [ -100.709066, 46.396883 ], [ -100.706714, 46.399092 ], [ -100.705554, 46.398777 ], [ -100.70353, 46.396435 ], [ -100.702205, 46.393995 ], [ -100.698143, 46.394045 ], [ -100.69385, 46.396683 ], [ -100.691922, 46.397927 ], [ -100.69081, 46.40101 ], [ -100.686469, 46.409737 ], [ -100.681858, 46.412235 ], [ -100.677494, 46.413273 ], [ -100.674554, 46.412637 ], [ -100.665897, 46.406321 ], [ -100.663718, 46.406425 ], [ -100.658344, 46.407924 ], [ -100.654678, 46.410966 ], [ -100.650978, 46.412041 ], [ -100.642439, 46.412429 ], [ -100.639197, 46.414357 ], [ -100.62818, 46.418088 ], [ -100.626984, 46.41901 ], [ -100.627486, 46.424095 ], [ -100.625301, 46.425794 ], [ -100.623801, 46.425594 ], [ -100.6207, 46.423594 ], [ -100.6192, 46.419794 ], [ -100.6154, 46.417494 ], [ -100.6123, 46.416994 ], [ -100.6094, 46.417094 ], [ -100.6065, 46.419394 ], [ -100.6079, 46.422294 ], [ -100.6131, 46.424394 ], [ -100.6136, 46.426594 ], [ -100.6113, 46.427394 ], [ -100.6059, 46.426094 ], [ -100.6027, 46.424194 ], [ -100.6008, 46.424794 ], [ -100.6015, 46.427594 ], [ -100.6002, 46.429294 ], [ -100.590199, 46.427894 ], [ -100.588199, 46.424594 ], [ -100.586599, 46.422994 ], [ -100.580799, 46.415994 ], [ -100.577999, 46.410894 ], [ -100.573599, 46.404294 ], [ -100.568599, 46.394794 ], [ -100.563599, 46.388094 ], [ -100.559399, 46.381694 ], [ -100.557599, 46.377694 ], [ -100.555699, 46.374694 ], [ -100.551199, 46.363494 ], [ -100.550299, 46.357594 ], [ -100.549699, 46.349094 ], [ -100.549499, 46.340693 ], [ -100.548599, 46.333293 ], [ -100.549199, 46.329293 ], [ -100.553299, 46.319394 ], [ -100.559099, 46.307994 ], [ -100.562199, 46.303994 ], [ -100.5667, 46.297194 ], [ -100.5699, 46.293394 ], [ -100.5752, 46.288794 ], [ -100.5804, 46.281394 ], [ -100.5816, 46.278594 ], [ -100.5815, 46.275894 ], [ -100.5798, 46.272294 ], [ -100.571263, 46.262317 ], [ -100.574666, 46.262025 ], [ -100.607227, 46.262285 ], [ -100.617435, 46.263414 ], [ -100.622726, 46.262333 ], [ -100.670643, 46.262192 ], [ -100.675777, 46.261847 ], [ -100.682426, 46.262094 ], [ -100.711555, 46.262033 ], [ -100.71152, 46.248378 ], [ -100.713303, 46.247533 ], [ -100.793882, 46.247428 ], [ -100.793898, 46.251005 ], [ -100.797672, 46.249174 ], [ -100.79728, 46.248031 ], [ -100.801512, 46.248489 ], [ -100.801281, 46.247735 ], [ -100.804081, 46.247735 ], [ -100.803225, 46.24641 ], [ -100.805531, 46.246227 ], [ -100.805037, 46.245038 ], [ -100.805729, 46.24273 ], [ -100.807441, 46.241999 ], [ -100.80899, 46.242525 ], [ -100.810472, 46.240216 ], [ -100.812415, 46.240903 ], [ -100.813568, 46.238914 ], [ -100.81719, 46.237977 ], [ -100.819298, 46.234023 ], [ -100.816103, 46.232881 ], [ -100.816037, 46.231738 ], [ -100.818441, 46.231875 ], [ -100.818935, 46.230824 ], [ -100.822129, 46.230229 ], [ -100.823282, 46.230663 ], [ -100.825718, 46.22984 ], [ -100.828024, 46.232034 ], [ -100.830658, 46.230891 ], [ -100.831811, 46.231165 ], [ -100.83089, 46.23409 ], [ -100.83257, 46.234296 ], [ -100.833919, 46.232741 ], [ -100.835632, 46.232215 ], [ -100.838793, 46.232694 ], [ -100.840934, 46.233585 ], [ -100.84347, 46.232853 ], [ -100.845084, 46.234155 ], [ -100.848147, 46.233674 ], [ -100.850849, 46.234496 ], [ -100.850089, 46.232645 ], [ -100.851142, 46.231411 ], [ -100.855194, 46.232255 ], [ -100.854863, 46.230335 ], [ -100.857957, 46.228597 ], [ -100.858286, 46.227797 ], [ -100.856474, 46.226952 ], [ -100.85891, 46.225923 ], [ -100.859073, 46.224346 ], [ -100.86062, 46.223842 ], [ -100.861412, 46.225556 ], [ -100.86375, 46.225555 ], [ -100.863025, 46.224732 ], [ -100.864735, 46.222652 ], [ -100.868299, 46.220662 ], [ -100.871877, 46.220134 ], [ -100.873653, 46.218694 ], [ -100.876233, 46.215419 ], [ -100.875887, 46.206592 ], [ -100.877151, 46.204652 ], [ -100.877179, 46.204582 ], [ -100.876437, 46.203205 ], [ -100.876409, 46.189602 ], [ -100.858127, 46.189584 ], [ -100.856767, 46.188485 ], [ -100.839899, 46.177128 ], [ -100.827944, 46.168349 ], [ -100.826389, 46.167605 ], [ -100.813177, 46.164666 ], [ -100.812587, 46.158833 ], [ -100.81352, 46.156356 ], [ -100.815353, 46.153324 ], [ -100.814149, 46.149554 ], [ -100.810046, 46.143856 ], [ -100.807503, 46.140877 ], [ -100.804922, 46.135784 ], [ -100.804002, 46.134775 ], [ -100.804976, 46.133585 ], [ -100.804165, 46.132199 ], [ -100.804372, 46.129299 ], [ -100.805239, 46.127482 ], [ -100.808053, 46.126111 ], [ -100.809191, 46.12415 ], [ -100.811274, 46.123436 ], [ -100.814646, 46.123278 ], [ -100.823953, 46.124897 ], [ -100.828461, 46.125387 ], [ -100.830496, 46.125257 ], [ -100.83092, 46.124423 ], [ -100.828847, 46.123927 ], [ -100.826553, 46.122241 ], [ -100.824558, 46.118494 ], [ -100.824827, 46.117004 ], [ -100.827316, 46.115142 ], [ -100.829336, 46.112215 ], [ -100.830296, 46.111576 ], [ -100.83419, 46.111714 ], [ -100.83532, 46.109865 ], [ -100.835434, 46.08936 ], [ -100.835164, 46.086989 ], [ -100.83857, 46.08698 ], [ -100.843894, 46.08815 ], [ -100.846472, 46.088262 ], [ -100.849121, 46.087753 ], [ -100.853796, 46.086149 ], [ -100.85828, 46.083001 ], [ -100.859715, 46.081231 ], [ -100.863811, 46.078941 ], [ -100.863173, 46.077249 ], [ -100.860923, 46.07456 ], [ -100.863988, 46.075117 ], [ -100.869984, 46.075709 ], [ -100.871071, 46.076346 ], [ -100.874359, 46.075684 ], [ -100.876865, 46.074484 ], [ -100.877554, 46.073534 ], [ -100.876646, 46.07132 ], [ -100.876679, 46.045025 ], [ -100.875874, 46.045022 ], [ -100.874571, 46.041221 ], [ -100.876781, 46.041829 ], [ -100.877488, 46.042183 ], [ -100.877851, 46.040127 ], [ -100.878279, 46.038641 ], [ -100.877691, 46.035807 ], [ -100.876755, 46.035394 ], [ -100.876151, 46.034787 ], [ -100.87401, 46.034506 ], [ -100.873386, 46.033943 ], [ -100.873091, 46.032226 ], [ -100.871944, 46.031553 ], [ -100.871879, 46.030875 ], [ -100.87345, 46.029691 ], [ -100.8744, 46.029789 ], [ -100.87541, 46.030353 ], [ -100.876733, 46.029996 ], [ -100.876728, 46.028663 ], [ -100.876157, 46.028515 ], [ -100.875869, 46.027624 ], [ -100.875407, 46.027394 ], [ -100.873998, 46.027508 ], [ -100.873472, 46.026937 ], [ -100.87393, 46.025931 ], [ -100.874488, 46.025611 ], [ -100.874618, 46.024399 ], [ -100.875407, 46.023966 ], [ -100.876708, 46.023772 ], [ -100.878328, 46.02374 ], [ -100.879118, 46.020472 ], [ -100.878201, 46.019603 ], [ -100.881089, 46.018303 ], [ -100.880762, 46.017137 ], [ -100.878696, 46.016976 ], [ -100.878236, 46.017684 ], [ -100.876694, 46.017797 ], [ -100.874489, 46.016584 ], [ -100.874523, 46.014985 ], [ -100.870305, 46.014981 ], [ -100.871472, 46.01468 ], [ -100.871752, 46.013434 ], [ -100.87458, 46.013577 ], [ -100.876686, 46.014609 ], [ -100.876806, 45.987213 ], [ -100.876824, 45.972876 ], [ -100.876823, 45.965644 ], [ -100.876847194107, 45.9438504852683 ], [ -100.890176, 45.943861 ], [ -100.935582, 45.943757 ], [ -100.938989, 45.943848 ], [ -100.959973045552005, 45.943826538856698 ], [ -100.964411, 45.943822 ], [ -100.976565, 45.943864 ], [ -100.977254586241997, 45.9438980783899 ], [ -100.980693, 45.944068 ], [ -101.079772618242998, 45.943881570234502 ], [ -101.101334, 45.943841 ], [ -101.106826, 45.943984 ], [ -101.142571, 45.943841 ], [ -101.146076, 45.943842 ], [ -101.163241, 45.943915 ], [ -101.171074, 45.943959 ], [ -101.175693, 45.943983 ], [ -101.179103, 45.943896 ], [ -101.203787, 45.943895 ], [ -101.205474846342995, 45.943905852169998 ], [ -101.224006, 45.944025 ], [ -101.271524, 45.944209 ], [ -101.287223, 45.944107 ], [ -101.313272, 45.944164 ], [ -101.333871, 45.944166 ], [ -101.333889162448997, 45.944165957213102 ], [ -101.365283, 45.944092 ], [ -101.37069, 45.944198 ], [ -101.373769, 45.944265 ], [ -101.41989, 45.943763 ], [ -101.451839848028996, 45.943841371149801 ], [ -101.557276, 45.9441 ], [ -101.562156, 45.944237 ], [ -101.575985162150005, 45.944248655951597 ], [ -101.628597, 45.944293 ], [ -101.657631, 45.944387 ], [ -101.680574, 45.944329 ], [ -101.681819, 45.944444 ], [ -101.700267239674005, 45.944378323555298 ], [ -101.708785, 45.944348 ], [ -101.721164914813002, 45.944211434992503 ], [ -101.72338, 45.944187 ], [ -101.730069, 45.944356 ], [ -101.758611, 45.944478 ], [ -101.764277, 45.944412 ], [ -101.765293, 45.944367 ], [ -101.766177, 45.944322 ], [ -101.790054, 45.944442 ], [ -101.794606, 45.944397 ], [ -101.824194228558, 45.944448645468597 ], [ -101.832991, 45.944464 ], [ -101.852642, 45.944457 ], [ -101.874437659164002, 45.944522012201297 ], [ -101.886838, 45.944559 ], [ -101.957439, 45.944484 ], [ -101.973749, 45.944456 ], [ -101.989501, 45.944472 ], [ -101.991336900947999, 45.944471316492603 ], [ -101.992187, 45.944471 ], [ -101.998703, 45.944557 ], [ -101.998734331893004, 45.9445574366814 ] ] ] } },
{ "type": "Feature", "properties": { "geoid": "38035010100", "county_name": "Grand Forks County", "place_name": null, "state_name": "North Dakota", "state_abbr": "ND", "is_rural": false, "dci_score": 46.6, "dci_quintile": 5.0, "is_cra_lmi": true, "income_level": "M", "is_persistent_poverty": false, "is_tribal_overlap": false, "tribal_area_name": null, "aian_pct": 0.0147, "has_nmtc": false, "nmtc_projects": 0, "nmtc_total_usd": 0.0 }, "geometry": { "type": "Polygon", "coordinates": [ [ [ -97.051596, 47.935889 ], [ -97.046439, 47.936076 ], [ -97.046447, 47.93716 ], [ -97.039659, 47.937163 ], [ -97.039457401515193, 47.940510386363599 ], [ -97.039154, 47.940479 ], [ -97.036054, 47.939379 ], [ -97.035554, 47.936579 ], [ -97.037354, 47.933279 ], [ -97.037336325471699, 47.9332447556014 ], [ -97.037296668633203, 47.933167920476897 ], [ -97.035754, 47.930179 ], [ -97.029654, 47.927578 ], [ -97.0285143705308, 47.926831015978202 ], [ -97.032527, 47.923658 ], [ -97.033531, 47.922875 ], [ -97.035755, 47.921606 ], [ -97.037703, 47.92046 ], [ -97.03824, 47.920056 ], [ -97.041442, 47.918873 ], [ -97.044892, 47.918483 ], [ -97.044992, 47.922245 ], [ -97.044975, 47.927331 ], [ -97.048276, 47.9312 ], [ -97.051164, 47.933104 ], [ -97.049098, 47.933105 ], [ -97.051596, 47.935889 ] ] ] } },
{ "type": "Feature", "properties": { "geoid": "38035010600", "county_name": "Grand Forks County", "place_name": null, "state_name": "North Dakota", "state_abbr": "ND", "is_rural": false, "dci_score": 34.3, "dci_quintile": 5.0, "is_cra_lmi": true, "income_level": "M", "is_persistent_poverty": false, "is_tribal_overlap": false, "tribal_area_name": null, "aian_pct": 0.0694, "has_nmtc": false, "nmtc_projects": 0, "nmtc_total_usd": 0.0 }, "geometry": { "type": "Polygon", "coordinates": [ [ [ -97.03824, 47.920056 ], [ -97.037703, 47.92046 ], [ -97.035755, 47.921606 ], [ -97.033531, 47.922875 ], [ -97.032527, 47.923658 ], [ -97.0285143705308, 47.926831015978202 ], [ -97.024653378414399, 47.924300281649799 ], [ -97.021616541911598, 47.922309750160501 ], [ -97.020846830292399, 47.921805233300901 ], [ -97.017754, 47.919778 ], [ -97.018054, 47.918078 ], [ -97.023754, 47.915878 ], [ -97.021331870832498, 47.914834621281699 ], [ -97.022362, 47.913689 ], [ -97.028794, 47.914022 ], [ -97.035707, 47.914039 ], [ -97.035664, 47.918459 ], [ -97.039355, 47.918967 ], [ -97.03824, 47.920056 ] ] ] } },
{ "type": "Feature", "properties": { "geoid": "38003968200", "county_name": "Barnes County", "place_name": null, "state_name": "North Dakota", "state_abbr": "ND", "is_rural": true, "dci_score": 56.2, "dci_quintile": 4.0, "is_cra_lmi": true, "income_level": "M", "is_persistent_poverty": false, "is_tribal_overlap": false, "tribal_area_name": null, "aian_pct": 0.0151, "has_nmtc": false, "nmtc_projects": 0, "nmtc_total_usd": 0.0 }, "geometry": { "type": "Polygon", "coordinates": [ [ [ -98.05949, 46.91369 ], [ -98.059424, 46.935299 ], [ -98.03154, 46.93507 ], [ -98.017887, 46.934893 ], [ -98.017372, 46.934397 ], [ -98.01636, 46.932796 ], [ -98.015099, 46.926977 ], [ -98.014908, 46.92245 ], [ -98.011638, 46.923126 ], [ -98.008997, 46.923222 ], [ -98.006401, 46.923484 ], [ -97.99592, 46.923473 ], [ -97.986047, 46.92368 ], [ -97.979835, 46.92351 ], [ -97.97706, 46.923215 ], [ -97.971928, 46.922603 ], [ -97.97037, 46.922272 ], [ -97.966954, 46.921098 ], [ -97.96495, 46.919299 ], [ -97.964578, 46.918078 ], [ -97.964605, 46.914985 ], [ -97.96973, 46.916406 ], [ -97.975744, 46.91647 ], [ -97.975736, 46.907947 ], [ -97.982236, 46.907786 ], [ -98.002218, 46.908754 ], [ -98.008083, 46.908827 ], [ -98.009386, 46.909962 ], [ -98.010036, 46.911084 ], [ -98.014355, 46.910598 ], [ -98.021396, 46.911563 ], [ -98.023655, 46.912077 ], [ -98.025611, 46.912374 ], [ -98.025814, 46.909741 ], [ -98.028327, 46.909843 ], [ -98.030078, 46.909043 ], [ -98.03201, 46.908708 ], [ -98.036186, 46.908311 ], [ -98.037946, 46.908031 ], [ -98.039931, 46.907653 ], [ -98.049676, 46.908173 ], [ -98.059511, 46.908348 ], [ -98.05949, 46.91369 ] ] ] } },
{ "type": "Feature", "properties": { "geoid": "38017000502", "county_name": "Cass County", "place_name": null, "state_name": "North Dakota", "state_abbr": "ND", "is_rural": false, "dci_score": 49.3, "dci_quintile": 5.0, "is_cra_lmi": true, "income_level": "L", "is_persistent_poverty": false, "is_tribal_overlap": false, "tribal_area_name": null, "aian_pct": 0.0237, "has_nmtc": false, "nmtc_projects": 0, "nmtc_total_usd": 0.0 }, "geometry": { "type": "Polygon", "coordinates": [ [ [ -96.815333, 46.8904 ], [ -96.811492, 46.890406 ], [ -96.809189, 46.890388 ], [ -96.804126, 46.890377 ], [ -96.802064, 46.890377 ], [ -96.798126, 46.890339 ], [ -96.79377, 46.890352 ], [ -96.793987, 46.881796 ], [ -96.796993, 46.882262 ], [ -96.798199, 46.883156 ], [ -96.801226, 46.883176 ], [ -96.801804, 46.883175 ], [ -96.805246, 46.884386 ], [ -96.806493, 46.884982 ], [ -96.812183, 46.887911 ], [ -96.815333, 46.8904 ] ] ] } },
{ "type": "Feature", "properties": { "geoid": "38085940900", "county_name": "Sioux County", "place_name": null, "state_name": "North Dakota", "state_abbr": "ND", "is_rural": true, "dci_score": 98.6, "dci_quintile": 1.0, "is_cra_lmi": true, "income_level": "L", "is_persistent_poverty": true, "is_tribal_overlap": true, "tribal_area_name": "Standing Rock Reservation", "aian_pct": 0.9112, "has_nmtc": true, "nmtc_projects": 1, "nmtc_total_usd": 0.0 }, "geometry": { "type": "Polygon", "coordinates": [ [ [ -100.881089, 46.018303 ], [ -100.878201, 46.019603 ], [ -100.879118, 46.020472 ], [ -100.878328, 46.02374 ], [ -100.876708, 46.023772 ], [ -100.875407, 46.023966 ], [ -100.874618, 46.024399 ], [ -100.874488, 46.025611 ], [ -100.87393, 46.025931 ], [ -100.873472, 46.026937 ], [ -100.873998, 46.027508 ], [ -100.875407, 46.027394 ], [ -100.875869, 46.027624 ], [ -100.876157, 46.028515 ], [ -100.876728, 46.028663 ], [ -100.876733, 46.029996 ], [ -100.87541, 46.030353 ], [ -100.8744, 46.029789 ], [ -100.87345, 46.029691 ], [ -100.871879, 46.030875 ], [ -100.871944, 46.031553 ], [ -100.873091, 46.032226 ], [ -100.873386, 46.033943 ], [ -100.87401, 46.034506 ], [ -100.876151, 46.034787 ], [ -100.876755, 46.035394 ], [ -100.877691, 46.035807 ], [ -100.878279, 46.038641 ], [ -100.877851, 46.040127 ], [ -100.877488, 46.042183 ], [ -100.876781, 46.041829 ], [ -100.874571, 46.041221 ], [ -100.875874, 46.045022 ], [ -100.876679, 46.045025 ], [ -100.876646, 46.07132 ], [ -100.877554, 46.073534 ], [ -100.876865, 46.074484 ], [ -100.874359, 46.075684 ], [ -100.871071, 46.076346 ], [ -100.869984, 46.075709 ], [ -100.863988, 46.075117 ], [ -100.860923, 46.07456 ], [ -100.863173, 46.077249 ], [ -100.863811, 46.078941 ], [ -100.859715, 46.081231 ], [ -100.85828, 46.083001 ], [ -100.853796, 46.086149 ], [ -100.849121, 46.087753 ], [ -100.846472, 46.088262 ], [ -100.843894, 46.08815 ], [ -100.83857, 46.08698 ], [ -100.835164, 46.086989 ], [ -100.835434, 46.08936 ], [ -100.83532, 46.109865 ], [ -100.83419, 46.111714 ], [ -100.830296, 46.111576 ], [ -100.829336, 46.112215 ], [ -100.827316, 46.115142 ], [ -100.824827, 46.117004 ], [ -100.824558, 46.118494 ], [ -100.826553, 46.122241 ], [ -100.828847, 46.123927 ], [ -100.83092, 46.124423 ], [ -100.830496, 46.125257 ], [ -100.828461, 46.125387 ], [ -100.823953, 46.124897 ], [ -100.814646, 46.123278 ], [ -100.811274, 46.123436 ], [ -100.809191, 46.12415 ], [ -100.808053, 46.126111 ], [ -100.805239, 46.127482 ], [ -100.804372, 46.129299 ], [ -100.804165, 46.132199 ], [ -100.804976, 46.133585 ], [ -100.804002, 46.134775 ], [ -100.804922, 46.135784 ], [ -100.807503, 46.140877 ], [ -100.810046, 46.143856 ], [ -100.814149, 46.149554 ], [ -100.815353, 46.153324 ], [ -100.81352, 46.156356 ], [ -100.812587, 46.158833 ], [ -100.813177, 46.164666 ], [ -100.826389, 46.167605 ], [ -100.827944, 46.168349 ], [ -100.839899, 46.177128 ], [ -100.856767, 46.188485 ], [ -100.858127, 46.189584 ], [ -100.876409, 46.189602 ], [ -100.876437, 46.203205 ], [ -100.877179, 46.204582 ], [ -100.877151, 46.204652 ], [ -100.875887, 46.206592 ], [ -100.876233, 46.215419 ], [ -100.873653, 46.218694 ], [ -100.871877, 46.220134 ], [ -100.868299, 46.220662 ], [ -100.864735, 46.222652 ], [ -100.863025, 46.224732 ], [ -100.86375, 46.225555 ], [ -100.861412, 46.225556 ], [ -100.86062, 46.223842 ], [ -100.859073, 46.224346 ], [ -100.85891, 46.225923 ], [ -100.856474, 46.226952 ], [ -100.858286, 46.227797 ], [ -100.857957, 46.228597 ], [ -100.854863, 46.230335 ], [ -100.855194, 46.232255 ], [ -100.851142, 46.231411 ], [ -100.850089, 46.232645 ], [ -100.850849, 46.234496 ], [ -100.848147, 46.233674 ], [ -100.845084, 46.234155 ], [ -100.84347, 46.232853 ], [ -100.840934, 46.233585 ], [ -100.838793, 46.232694 ], [ -100.835632, 46.232215 ], [ -100.833919, 46.232741 ], [ -100.83257, 46.234296 ], [ -100.83089, 46.23409 ], [ -100.831811, 46.231165 ], [ -100.830658, 46.230891 ], [ -100.828024, 46.232034 ], [ -100.825718, 46.22984 ], [ -100.823282, 46.230663 ], [ -100.822129, 46.230229 ], [ -100.818935, 46.230824 ], [ -100.818441, 46.231875 ], [ -100.816037, 46.231738 ], [ -100.816103, 46.232881 ], [ -100.819298, 46.234023 ], [ -100.81719, 46.237977 ], [ -100.813568, 46.238914 ], [ -100.812415, 46.240903 ], [ -100.810472, 46.240216 ], [ -100.80899, 46.242525 ], [ -100.807441, 46.241999 ], [ -100.805729, 46.24273 ], [ -100.805037, 46.245038 ], [ -100.805531, 46.246227 ], [ -100.803225, 46.24641 ], [ -100.804081, 46.247735 ], [ -100.801281, 46.247735 ], [ -100.801512, 46.248489 ], [ -100.79728, 46.248031 ], [ -100.797672, 46.249174 ], [ -100.793898, 46.251005 ], [ -100.793882, 46.247428 ], [ -100.713303, 46.247533 ], [ -100.71152, 46.248378 ], [ -100.711555, 46.262033 ], [ -100.682426, 46.262094 ], [ -100.675777, 46.261847 ], [ -100.670643, 46.262192 ], [ -100.622726, 46.262333 ], [ -100.617435, 46.263414 ], [ -100.607227, 46.262285 ], [ -100.574666, 46.262025 ], [ -100.571263, 46.262317 ], [ -100.5664, 46.256994 ], [ -100.5644, 46.255494 ], [ -100.5594, 46.250493 ], [ -100.5582, 46.249293 ], [ -100.557917, 46.245884 ], [ -100.5576, 46.243694 ], [ -100.5576, 46.241594 ], [ -100.5588, 46.236694 ], [ -100.56013, 46.233834 ], [ -100.564501, 46.226794 ], [ -100.569001, 46.218694 ], [ -100.5711, 46.215688 ], [ -100.574401, 46.210594 ], [ -100.576701, 46.207894 ], [ -100.581502, 46.204494 ], [ -100.584402, 46.202994 ], [ -100.587602, 46.199894 ], [ -100.593002, 46.195594 ], [ -100.597402, 46.189894 ], [ -100.608503, 46.177395 ], [ -100.611903, 46.173095 ], [ -100.615303, 46.169695 ], [ -100.618303, 46.165895 ], [ -100.619703, 46.163795 ], [ -100.625404, 46.153595 ], [ -100.626737, 46.151487 ], [ -100.628976, 46.146001 ], [ -100.629364, 46.143132 ], [ -100.629015, 46.134051 ], [ -100.627952, 46.129915 ], [ -100.626329, 46.126983 ], [ -100.623004, 46.123195 ], [ -100.618904, 46.119095 ], [ -100.616104, 46.115695 ], [ -100.614604, 46.112295 ], [ -100.614004, 46.109095 ], [ -100.613604, 46.099396 ], [ -100.613804, 46.097496 ], [ -100.616304, 46.091096 ], [ -100.617104, 46.087896 ], [ -100.617004, 46.082796 ], [ -100.616904, 46.081796 ], [ -100.614504, 46.071796 ], [ -100.611804, 46.065596 ], [ -100.608004, 46.059296 ], [ -100.604404, 46.054796 ], [ -100.600005, 46.049896 ], [ -100.595105, 46.045496 ], [ -100.591305, 46.042696 ], [ -100.588705, 46.039796 ], [ -100.582205, 46.033496 ], [ -100.579205, 46.030096 ], [ -100.574605, 46.026296 ], [ -100.567805, 46.016196 ], [ -100.565005, 46.012796 ], [ -100.560205, 46.008396 ], [ -100.555105, 46.005496 ], [ -100.550005, 46.003396 ], [ -100.543005, 46.001496 ], [ -100.539605, 46.000896 ], [ -100.533105, 46.000496 ], [ -100.53131, 45.999996 ], [ -100.52764, 45.996212 ], [ -100.521885, 45.98942 ], [ -100.516556, 45.982292 ], [ -100.513943, 45.977885 ], [ -100.511038, 45.973913 ], [ -100.50876, 45.970113 ], [ -100.507026, 45.966548 ], [ -100.506719, 45.961568 ], [ -100.507681, 45.955325 ], [ -100.508837, 45.952331 ], [ -100.511809, 45.947837 ], [ -100.511948993993002, 45.943653983847099 ], [ -100.627681, 45.943642 ], [ -100.628042082780993, 45.9436425929878 ], [ -100.649017953949993, 45.943677040591602 ], [ -100.65082, 45.94368 ], [ -100.708144375383, 45.943961527377098 ], [ -100.720865, 45.944024 ], [ -100.750407, 45.943649 ], [ -100.762072, 45.943803 ], [ -100.76211, 45.943767 ], [ -100.769751, 45.943766 ], [ -100.793764000834003, 45.943784943201798 ], [ -100.811078660017998, 45.943798602264501 ], [ -100.876847194107, 45.9438504852683 ], [ -100.876823, 45.965644 ], [ -100.876824, 45.972876 ], [ -100.876806, 45.987213 ], [ -100.876686, 46.014609 ], [ -100.87458, 46.013577 ], [ -100.871752, 46.013434 ], [ -100.871472, 46.01468 ], [ -100.870305, 46.014981 ], [ -100.874523, 46.014985 ], [ -100.874489, 46.016584 ], [ -100.876694, 46.017797 ], [ -100.878236, 46.017684 ], [ -100.878696, 46.016976 ], [ -100.880762, 46.017137 ], [ -100.881089, 46.018303 ] ] ] } },
{ "type": "Feature", "properties": { "geoid": "38093967401", "county_name": "Stutsman County", "place_name": null, "state_name": "North Dakota", "state_abbr": "ND", "is_rural": true, "dci_score": 75.0, "dci_quintile": 3.0, "is_cra_lmi": true, "income_level": "M", "is_persistent_poverty": false, "is_tribal_overlap": false, "tribal_area_name": null, "aian_pct": 0.0011, "has_nmtc": false, "nmtc_projects": 0, "nmtc_total_usd": 0.0 }, "geometry": { "type": "Polygon", "coordinates": [ [ [ -98.705919, 46.920785 ], [ -98.704504, 46.920849 ], [ -98.691906, 46.920897 ], [ -98.691863, 46.912446 ], [ -98.697508, 46.910795 ], [ -98.702353, 46.91279 ], [ -98.702501, 46.916041 ], [ -98.705767, 46.915995 ], [ -98.705919, 46.920785 ] ] ] } },
{ "type": "Feature", "properties": { "geoid": "38035010301", "county_name": "Grand Forks County", "place_name": null, "state_name": "North Dakota", "state_abbr": "ND", "is_rural": false, "dci_score": 46.8, "dci_quintile": 5.0, "is_cra_lmi": true, "income_level": "M", "is_persistent_poverty": false, "is_tribal_overlap": false, "tribal_area_name": null, "aian_pct": 0.0238, "has_nmtc": false, "nmtc_projects": 0, "nmtc_total_usd": 0.0 }, "geometry": { "type": "Polygon", "coordinates": [ [ [ -97.078822, 47.927808 ], [ -97.075398, 47.928699 ], [ -97.075921, 47.931074 ], [ -97.073204, 47.930358 ], [ -97.071477, 47.931779 ], [ -97.072437, 47.933025 ], [ -97.066623, 47.933077 ], [ -97.066601, 47.927454 ], [ -97.066392, 47.922272 ], [ -97.059655, 47.922257 ], [ -97.05966, 47.918516 ], [ -97.066248, 47.91853 ], [ -97.076128, 47.918547 ], [ -97.074292, 47.919691 ], [ -97.077072, 47.921335 ], [ -97.076281, 47.924094 ], [ -97.077602, 47.925744 ], [ -97.078822, 47.927808 ] ] ] } },
{ "type": "Feature", "properties": { "geoid": "38015010800", "county_name": "Burleigh County", "place_name": null, "state_name": "North Dakota", "state_abbr": "ND", "is_rural": false, "dci_score": 28.6, "dci_quintile": 5.0, "is_cra_lmi": true, "income_level": "M", "is_persistent_poverty": false, "is_tribal_overlap": false, "tribal_area_name": null, "aian_pct": 0.1188, "has_nmtc": true, "nmtc_projects": 1, "nmtc_total_usd": 0.0 }, "geometry": { "type": "Polygon", "coordinates": [ [ [ -100.778767, 46.794914 ], [ -100.778641, 46.802028 ], [ -100.778575, 46.804726 ], [ -100.762807, 46.804542 ], [ -100.757819, 46.804031 ], [ -100.752189, 46.802424 ], [ -100.752296, 46.794641 ], [ -100.752352, 46.787337 ], [ -100.757024, 46.787341 ], [ -100.763565, 46.7875 ], [ -100.76616, 46.786299 ], [ -100.766534, 46.783749 ], [ -100.767496, 46.782466 ], [ -100.769086, 46.783268 ], [ -100.77187, 46.783909 ], [ -100.773559, 46.783905 ], [ -100.77589, 46.783976 ], [ -100.777707, 46.784653 ], [ -100.778864, 46.786066 ], [ -100.778767, 46.794914 ] ] ] } },
{ "type": "Feature", "properties": { "geoid": "38035010804", "county_name": "Grand Forks County", "place_name": null, "state_name": "North Dakota", "state_abbr": "ND", "is_rural": false, "dci_score": 34.3, "dci_quintile": 5.0, "is_cra_lmi": true, "income_level": "M", "is_persistent_poverty": false, "is_tribal_overlap": false, "tribal_area_name": null, "aian_pct": 0.0038, "has_nmtc": false, "nmtc_projects": 0, "nmtc_total_usd": 0.0 }, "geometry": { "type": "Polygon", "coordinates": [ [ [ -97.109988, 47.903772 ], [ -97.109719, 47.903792 ], [ -97.100253, 47.903806 ], [ -97.094051, 47.903813 ], [ -97.093333, 47.903627 ], [ -97.081519, 47.903984 ], [ -97.077373, 47.903982 ], [ -97.066513, 47.903979 ], [ -97.06661, 47.896714 ], [ -97.066627, 47.894498 ], [ -97.066708, 47.889454 ], [ -97.088027, 47.889457 ], [ -97.109624, 47.88946 ], [ -97.109864, 47.88945 ], [ -97.109988, 47.903772 ] ] ] } },
{ "type": "Feature", "properties": { "geoid": "38015010200", "county_name": "Burleigh County", "place_name": null, "state_name": "North Dakota", "state_abbr": "ND", "is_rural": false, "dci_score": 58.8, "dci_quintile": 4.0, "is_cra_lmi": true, "income_level": "M", "is_persistent_poverty": false, "is_tribal_overlap": false, "tribal_area_name": null, "aian_pct": 0.0461, "has_nmtc": false, "nmtc_projects": 0, "nmtc_total_usd": 0.0 }, "geometry": { "type": "Polygon", "coordinates": [ [ [ -100.778559, 46.805349 ], [ -100.778533, 46.806404 ], [ -100.778488, 46.808482 ], [ -100.778444, 46.810567 ], [ -100.77838, 46.812643 ], [ -100.778356, 46.81397 ], [ -100.77837, 46.816553 ], [ -100.777428, 46.816535 ], [ -100.775727, 46.816465 ], [ -100.772374, 46.816483 ], [ -100.76781, 46.81648 ], [ -100.763276, 46.816478 ], [ -100.761107, 46.816445 ], [ -100.756875, 46.818626 ], [ -100.751997, 46.819206 ], [ -100.751987, 46.816459 ], [ -100.752062, 46.812824 ], [ -100.752089, 46.809108 ], [ -100.752085, 46.808155 ], [ -100.752189, 46.802424 ], [ -100.757819, 46.804031 ], [ -100.762807, 46.804542 ], [ -100.778575, 46.804726 ], [ -100.778559, 46.805349 ] ] ] } },
{ "type": "Feature", "properties": { "geoid": "38035011201", "county_name": "Grand Forks County", "place_name": "Grand Forks", "state_name": "North Dakota", "state_abbr": "ND", "is_rural": false, "dci_score": 34.3, "dci_quintile": 5.0, "is_cra_lmi": false, "income_level": "U", "is_persistent_poverty": false, "is_tribal_overlap": false, "tribal_area_name": null, "aian_pct": 0.0, "has_nmtc": false, "nmtc_projects": 0, "nmtc_total_usd": 0.0 }, "geometry": { "type": "Polygon", "coordinates": [ [ [ -97.045134, 47.889408 ], [ -97.045042, 47.896733 ], [ -97.045035, 47.898719 ], [ -97.044986, 47.903934 ], [ -97.035762, 47.903976 ], [ -97.035807, 47.899745 ], [ -97.035855, 47.896737 ], [ -97.035941, 47.889405 ], [ -97.035984, 47.885858 ], [ -97.045193, 47.885853 ], [ -97.045134, 47.889408 ] ] ] } },
{ "type": "Feature", "properties": { "geoid": "38101010702", "county_name": "Ward County", "place_name": null, "state_name": "North Dakota", "state_abbr": "ND", "is_rural": true, "dci_score": 52.9, "dci_quintile": 5.0, "is_cra_lmi": true, "income_level": "M", "is_persistent_poverty": false, "is_tribal_overlap": false, "tribal_area_name": null, "aian_pct": 0.0872, "has_nmtc": false, "nmtc_projects": 0, "nmtc_total_usd": 0.0 }, "geometry": { "type": "Polygon", "coordinates": [ [ [ -101.284989, 48.232656 ], [ -101.282791, 48.232691 ], [ -101.279589, 48.232646 ], [ -101.271868, 48.232618 ], [ -101.266896, 48.231617 ], [ -101.263719, 48.231507 ], [ -101.26117, 48.229717 ], [ -101.257576, 48.229128 ], [ -101.252792, 48.229154 ], [ -101.239978, 48.229151 ], [ -101.218005, 48.229217 ], [ -101.219782, 48.229046 ], [ -101.22074, 48.228812 ], [ -101.221401, 48.228614 ], [ -101.222324, 48.22823 ], [ -101.223363, 48.227638 ], [ -101.230949, 48.221439 ], [ -101.235281, 48.217902 ], [ -101.236086, 48.21724 ], [ -101.244958, 48.21002 ], [ -101.246492, 48.209365 ], [ -101.25183, 48.21361 ], [ -101.253661, 48.216344 ], [ -101.255083, 48.218046 ], [ -101.261462, 48.22211 ], [ -101.267714, 48.225469 ], [ -101.269102, 48.225952 ], [ -101.274937, 48.228709 ], [ -101.278565, 48.229938 ], [ -101.2822, 48.231183 ], [ -101.2848, 48.232399 ], [ -101.284989, 48.232656 ] ] ] } },
{ "type": "Feature", "properties": { "geoid": "38017000602", "county_name": "Cass County", "place_name": null, "state_name": "North Dakota", "state_abbr": "ND", "is_rural": false, "dci_score": 52.2, "dci_quintile": 5.0, "is_cra_lmi": true, "income_level": "L", "is_persistent_poverty": false, "is_tribal_overlap": false, "tribal_area_name": null, "aian_pct": 0.0719, "has_nmtc": true, "nmtc_projects": 1, "nmtc_total_usd": 7350000.0 }, "geometry": { "type": "Polygon", "coordinates": [ [ [ -96.819628, 46.875959 ], [ -96.819611, 46.876787 ], [ -96.819598, 46.883208 ], [ -96.801804, 46.883175 ], [ -96.801226, 46.883176 ], [ -96.798199, 46.883156 ], [ -96.796993, 46.882262 ], [ -96.793987, 46.881796 ], [ -96.794041, 46.877342 ], [ -96.794079, 46.875256 ], [ -96.794114, 46.87476 ], [ -96.794233, 46.873701 ], [ -96.798273, 46.873955 ], [ -96.806869, 46.874004 ], [ -96.806905, 46.869764 ], [ -96.808967, 46.869771 ], [ -96.819478, 46.869797 ], [ -96.819455, 46.874027 ], [ -96.819615, 46.875149 ], [ -96.819628, 46.875959 ] ] ] } },
{ "type": "Feature", "properties": { "geoid": "38035010801", "county_name": "Grand Forks County", "place_name": null, "state_name": "North Dakota", "state_abbr": "ND", "is_rural": false, "dci_score": 34.3, "dci_quintile": 5.0, "is_cra_lmi": false, "income_level": "U", "is_persistent_poverty": false, "is_tribal_overlap": false, "tribal_area_name": null, "aian_pct": 0.0122, "has_nmtc": false, "nmtc_projects": 0, "nmtc_total_usd": 0.0 }, "geometry": { "type": "Polygon", "coordinates": [ [ [ -97.109924, 47.907615 ], [ -97.109892, 47.911172 ], [ -97.109856, 47.91528 ], [ -97.108691, 47.917218 ], [ -97.106974, 47.918198 ], [ -97.105156, 47.91868 ], [ -97.093556, 47.91858 ], [ -97.093363, 47.918579 ], [ -97.084059, 47.918564 ], [ -97.076128, 47.918547 ], [ -97.066248, 47.91853 ], [ -97.05966, 47.918516 ], [ -97.055976, 47.918508 ], [ -97.055555, 47.915379 ], [ -97.055561, 47.911251 ], [ -97.055779, 47.903941 ], [ -97.066513, 47.903979 ], [ -97.077373, 47.903982 ], [ -97.081519, 47.903984 ], [ -97.093333, 47.903627 ], [ -97.094051, 47.903813 ], [ -97.100253, 47.903806 ], [ -97.109719, 47.903792 ], [ -97.109988, 47.903772 ], [ -97.109924, 47.907615 ] ] ] } },
{ "type": "Feature", "properties": { "geoid": "38053940100", "county_name": "McKenzie County", "place_name": null, "state_name": "North Dakota", "state_abbr": "ND", "is_rural": true, "dci_score": 86.2, "dci_quintile": 2.0, "is_cra_lmi": false, "income_level": "U", "is_persistent_poverty": false, "is_tribal_overlap": true, "tribal_area_name": "Fort Berthold Reservation", "aian_pct": 0.8449, "has_nmtc": false, "nmtc_projects": 0, "nmtc_total_usd": 0.0 }, "geometry": { "type": "Polygon", "coordinates": [ [ [ -102.785227, 47.963449 ], [ -102.784582, 47.977525 ], [ -102.784834, 47.998755 ], [ -102.78485, 47.998957 ], [ -102.77143, 47.998956 ], [ -102.76466, 47.998954 ], [ -102.761963, 47.998958 ], [ -102.754098, 47.999169 ], [ -102.751343, 47.999094 ], [ -102.552981, 47.998646 ], [ -102.551583, 47.996054 ], [ -102.551659, 47.991516 ], [ -102.555359, 47.984716 ], [ -102.559115, 47.979691 ], [ -102.56156, 47.974916 ], [ -102.563668, 47.971666 ], [ -102.565902, 47.969028 ], [ -102.573584, 47.961134 ], [ -102.578078, 47.956808 ], [ -102.580561, 47.954815 ], [ -102.583461, 47.952715 ], [ -102.591561, 47.947715 ], [ -102.597161, 47.945015 ], [ -102.605262, 47.941716 ], [ -102.610462, 47.939116 ], [ -102.612562, 47.937716 ], [ -102.61626, 47.934418 ], [ -102.621463, 47.928916 ], [ -102.625463, 47.926216 ], [ -102.627663, 47.923916 ], [ -102.630663, 47.919615 ], [ -102.632663, 47.917315 ], [ -102.639763, 47.910915 ], [ -102.644764, 47.906715 ], [ -102.647864, 47.901615 ], [ -102.649064, 47.896015 ], [ -102.648964, 47.891415 ], [ -102.649464, 47.888615 ], [ -102.649464, 47.883215 ], [ -102.649664, 47.882415 ], [ -102.654965, 47.875015 ], [ -102.654665, 47.870915 ], [ -102.656165, 47.861818 ], [ -102.654665, 47.851814 ], [ -102.653366, 47.847414 ], [ -102.652766, 47.844714 ], [ -102.650766, 47.838314 ], [ -102.650266, 47.835414 ], [ -102.648366, 47.829914 ], [ -102.646366, 47.826613 ], [ -102.642266, 47.823713 ], [ -102.642769, 47.804274 ], [ -102.642488, 47.764679 ], [ -102.642669, 47.698193 ], [ -102.642669, 47.674012 ], [ -102.726424, 47.674112 ], [ -102.72734, 47.674159 ], [ -102.759631, 47.674129 ], [ -102.760652, 47.67421 ], [ -102.784252, 47.6741 ], [ -102.784968, 47.761034 ], [ -102.784694, 47.829208 ], [ -102.784869, 47.832496 ], [ -102.78473, 47.84733 ], [ -102.784704, 47.862013 ], [ -102.784694, 47.866835 ], [ -102.785124, 47.934119 ], [ -102.785227, 47.963449 ] ] ] } },
{ "type": "Feature", "properties": { "geoid": "38101010902", "county_name": "Ward County", "place_name": null, "state_name": "North Dakota", "state_abbr": "ND", "is_rural": true, "dci_score": 71.1, "dci_quintile": 3.0, "is_cra_lmi": false, "income_level": "U", "is_persistent_poverty": false, "is_tribal_overlap": false, "tribal_area_name": null, "aian_pct": 0.0032, "has_nmtc": false, "nmtc_projects": 0, "nmtc_total_usd": 0.0 }, "geometry": { "type": "Polygon", "coordinates": [ [ [ -101.391844, 48.431541 ], [ -101.380801, 48.431619 ], [ -101.380806, 48.436638 ], [ -101.364544, 48.43679 ], [ -101.360974, 48.43689 ], [ -101.3546, 48.444227 ], [ -101.342637, 48.444216 ], [ -101.342655, 48.429623 ], [ -101.341828, 48.429592 ], [ -101.341733, 48.429008 ], [ -101.341287, 48.428391 ], [ -101.340502, 48.427451 ], [ -101.330046, 48.422569 ], [ -101.326444, 48.42088 ], [ -101.320686, 48.418194 ], [ -101.318952, 48.417481 ], [ -101.315928, 48.417366 ], [ -101.316981, 48.429421 ], [ -101.312947, 48.429114 ], [ -101.312083, 48.428806 ], [ -101.31187, 48.429587 ], [ -101.301655, 48.429575 ], [ -101.301638, 48.426677 ], [ -101.29934, 48.426706 ], [ -101.299335, 48.400722 ], [ -101.320955, 48.400798 ], [ -101.323713, 48.399844 ], [ -101.326447, 48.399842 ], [ -101.327822, 48.40079 ], [ -101.332195, 48.400766 ], [ -101.332211, 48.399146 ], [ -101.333439, 48.395518 ], [ -101.337789, 48.395518 ], [ -101.337791, 48.400754 ], [ -101.342702, 48.400958 ], [ -101.342734, 48.40606 ], [ -101.351368, 48.410057 ], [ -101.352794, 48.408724 ], [ -101.354142, 48.409344 ], [ -101.352749, 48.410685 ], [ -101.362644, 48.415261 ], [ -101.36451, 48.415257 ], [ -101.364481, 48.414304 ], [ -101.367529, 48.414304 ], [ -101.367515, 48.416656 ], [ -101.375192, 48.420296 ], [ -101.378103, 48.420671 ], [ -101.378127, 48.421606 ], [ -101.380834, 48.421582 ], [ -101.380858, 48.422509 ], [ -101.386273, 48.422486 ], [ -101.386338, 48.425234 ], [ -101.387637, 48.425221 ], [ -101.388954, 48.427022 ], [ -101.389019, 48.429702 ], [ -101.391805, 48.429664 ], [ -101.391844, 48.431541 ] ] ] } },
{ "type": "Feature", "properties": { "geoid": "38017000601", "county_name": "Cass County", "place_name": null, "state_name": "North Dakota", "state_abbr": "ND", "is_rural": false, "dci_score": 51.3, "dci_quintile": 5.0, "is_cra_lmi": true, "income_level": "M", "is_persistent_poverty": false, "is_tribal_overlap": false, "tribal_area_name": null, "aian_pct": 0.0266, "has_nmtc": false, "nmtc_projects": 0, "nmtc_total_usd": 0.0 }, "geometry": { "type": "Polygon", "coordinates": [ [ [ -96.841909, 46.868239 ], [ -96.840855, 46.876197 ], [ -96.840584, 46.878056 ], [ -96.839624, 46.88592 ], [ -96.839565, 46.890491 ], [ -96.839518, 46.896886 ], [ -96.821718, 46.890422 ], [ -96.815593, 46.890399 ], [ -96.815333, 46.8904 ], [ -96.812183, 46.887911 ], [ -96.806493, 46.884982 ], [ -96.805246, 46.884386 ], [ -96.801804, 46.883175 ], [ -96.819598, 46.883208 ], [ -96.819611, 46.876787 ], [ -96.819628, 46.875959 ], [ -96.819615, 46.875149 ], [ -96.819455, 46.874027 ], [ -96.819478, 46.869797 ], [ -96.819522, 46.865752 ], [ -96.819474, 46.861464 ], [ -96.830146, 46.861494 ], [ -96.841534, 46.861554 ], [ -96.841551, 46.861725 ], [ -96.841935, 46.865986 ], [ -96.841909, 46.868239 ] ] ] } },
{ "type": "Feature", "properties": { "geoid": "38017001003", "county_name": "Cass County", "place_name": null, "state_name": "North Dakota", "state_abbr": "ND", "is_rural": false, "dci_score": 61.8, "dci_quintile": 4.0, "is_cra_lmi": true, "income_level": "M", "is_persistent_poverty": false, "is_tribal_overlap": false, "tribal_area_name": null, "aian_pct": 0.1052, "has_nmtc": false, "nmtc_projects": 0, "nmtc_total_usd": 0.0 }, "geometry": { "type": "Polygon", "coordinates": [ [ [ -96.819917, 46.835719 ], [ -96.819878, 46.8385 ], [ -96.819811, 46.842559 ], [ -96.819741, 46.845932 ], [ -96.819692, 46.847232 ], [ -96.809143, 46.847379 ], [ -96.79877, 46.848467 ], [ -96.798831, 46.843633 ], [ -96.809826, 46.843294 ], [ -96.811378, 46.842742 ], [ -96.810868, 46.842052 ], [ -96.810573, 46.838368 ], [ -96.810545, 46.835818 ], [ -96.810461, 46.832687 ], [ -96.815433, 46.83263 ], [ -96.819979, 46.8326 ], [ -96.819917, 46.835719 ] ] ] } },
{ "type": "Feature", "properties": { "geoid": "38017000300", "county_name": "Cass County", "place_name": null, "state_name": "North Dakota", "state_abbr": "ND", "is_rural": false, "dci_score": 49.3, "dci_quintile": 5.0, "is_cra_lmi": false, "income_level": "U", "is_persistent_poverty": false, "is_tribal_overlap": false, "tribal_area_name": null, "aian_pct": 0.0007, "has_nmtc": true, "nmtc_projects": 1, "nmtc_total_usd": 0.0 }, "geometry": { "type": "Polygon", "coordinates": [ [ [ -96.861395, 46.954309 ], [ -96.861448, 46.963173 ], [ -96.86151, 46.977075 ], [ -96.840291, 46.976966 ], [ -96.8200784389891, 46.976819283450901 ], [ -96.820116990885694, 46.976706888599502 ], [ -96.821561, 46.972497 ], [ -96.823224, 46.970839 ], [ -96.821852, 46.969372 ], [ -96.819558, 46.967453 ], [ -96.818396, 46.967029 ], [ -96.815575, 46.966958 ], [ -96.81328, 46.966152 ], [ -96.812483, 46.964873 ], [ -96.809814, 46.9639 ], [ -96.807327, 46.964616 ], [ -96.806524, 46.967636 ], [ -96.804819, 46.967295 ], [ -96.803891, 46.965604 ], [ -96.801981, 46.964128 ], [ -96.801316, 46.965933 ], [ -96.80216, 46.967519 ], [ -96.800683, 46.968323 ], [ -96.794993, 46.965433 ], [ -96.798053, 46.962204 ], [ -96.79991, 46.959228 ], [ -96.803494, 46.958428 ], [ -96.803078, 46.95646 ], [ -96.799606, 46.954316 ], [ -96.798758, 46.952988 ], [ -96.798658652597197, 46.951919864893704 ], [ -96.798593, 46.951214 ], [ -96.799152, 46.949293 ], [ -96.800327, 46.948545 ], [ -96.800814330839899, 46.948548808838297 ], [ -96.802758, 46.948564 ], [ -96.803083742234307, 46.9483764929155 ], [ -96.804662, 46.947468 ], [ -96.802855, 46.946332 ], [ -96.798811782764503, 46.944840041032599 ], [ -96.798061, 46.944563 ], [ -96.795358, 46.946964 ], [ -96.792656, 46.946764 ], [ -96.791558, 46.944464 ], [ -96.792046774566501, 46.9412869653179 ], [ -96.792158, 46.940564 ], [ -96.790058, 46.937664 ], [ -96.791558, 46.934264 ], [ -96.791566828731803, 46.933836437131497 ], [ -96.797848, 46.933653 ], [ -96.797918, 46.919239 ], [ -96.797962, 46.912091 ], [ -96.797981, 46.909853 ], [ -96.798015, 46.904781 ], [ -96.787428, 46.904802 ], [ -96.787519, 46.901192 ], [ -96.788265, 46.90111 ], [ -96.798045, 46.901126 ], [ -96.798055, 46.897584 ], [ -96.798126, 46.890339 ], [ -96.802064, 46.890377 ], [ -96.804126, 46.890377 ], [ -96.809189, 46.890388 ], [ -96.811492, 46.890406 ], [ -96.815333, 46.8904 ], [ -96.815593, 46.890399 ], [ -96.821718, 46.890422 ], [ -96.839518, 46.896886 ], [ -96.861429, 46.904847 ], [ -96.861353, 46.912442 ], [ -96.861333, 46.919698 ], [ -96.861348, 46.934214 ], [ -96.861553, 46.948707 ], [ -96.861127, 46.948942 ], [ -96.861159, 46.950631 ], [ -96.861188, 46.951075 ], [ -96.861587, 46.951402 ], [ -96.861395, 46.954309 ] ] ] } },
{ "type": "Feature", "properties": { "geoid": "38017000903", "county_name": "Cass County", "place_name": null, "state_name": "North Dakota", "state_abbr": "ND", "is_rural": false, "dci_score": 61.8, "dci_quintile": 4.0, "is_cra_lmi": true, "income_level": "M", "is_persistent_poverty": false, "is_tribal_overlap": false, "tribal_area_name": null, "aian_pct": 0.0014, "has_nmtc": false, "nmtc_projects": 0, "nmtc_total_usd": 0.0 }, "geometry": { "type": "Polygon", "coordinates": [ [ [ -96.841534, 46.861554 ], [ -96.830146, 46.861494 ], [ -96.819474, 46.861464 ], [ -96.819647, 46.854226 ], [ -96.830224, 46.854295 ], [ -96.838061, 46.854319 ], [ -96.840992, 46.855402 ], [ -96.841534, 46.861554 ] ] ] } },
{ "type": "Feature", "properties": { "geoid": "38101010100", "county_name": "Ward County", "place_name": null, "state_name": "North Dakota", "state_abbr": "ND", "is_rural": true, "dci_score": 51.2, "dci_quintile": 5.0, "is_cra_lmi": false, "income_level": "U", "is_persistent_poverty": false, "is_tribal_overlap": false, "tribal_area_name": null, "aian_pct": 0.009, "has_nmtc": false, "nmtc_projects": 0, "nmtc_total_usd": 0.0 }, "geometry": { "type": "Polygon", "coordinates": [ [ [ -101.301749, 48.234942 ], [ -101.296038, 48.237503 ], [ -101.296031, 48.238236 ], [ -101.294134, 48.239679 ], [ -101.288421, 48.240101 ], [ -101.285092, 48.237319 ], [ -101.281724, 48.237473 ], [ -101.281926, 48.236249 ], [ -101.285591, 48.23537 ], [ -101.284614, 48.234152 ], [ -101.279589, 48.232646 ], [ -101.282791, 48.232691 ], [ -101.284989, 48.232656 ], [ -101.2848, 48.232399 ], [ -101.2822, 48.231183 ], [ -101.278565, 48.229938 ], [ -101.279031, 48.229323 ], [ -101.27936, 48.228779 ], [ -101.279845, 48.22548 ], [ -101.288511, 48.225516 ], [ -101.29602, 48.225523 ], [ -101.301425, 48.225535 ], [ -101.301421, 48.232311 ], [ -101.301449, 48.23379 ], [ -101.302257, 48.234839 ], [ -101.301749, 48.234942 ] ] ] } },
{ "type": "Feature", "properties": { "geoid": "38005940200", "county_name": "Benson County", "place_name": null, "state_name": "North Dakota", "state_abbr": "ND", "is_rural": true, "dci_score": 79.2, "dci_quintile": 3.0, "is_cra_lmi": true, "income_level": "M", "is_persistent_poverty": true, "is_tribal_overlap": true, "tribal_area_name": "Spirit Lake Reservation", "aian_pct": 0.7401, "has_nmtc": false, "nmtc_projects": 0, "nmtc_total_usd": 0.0 }, "geometry": { "type": "Polygon", "coordinates": [ [ [ -98.949302, 47.99363 ], [ -98.947105, 47.996586 ], [ -98.945395, 48.002194 ], [ -98.94524, 48.002699 ], [ -98.944798, 48.002799 ], [ -98.940782, 48.001655 ], [ -98.938198, 47.999999 ], [ -98.932949, 47.998484 ], [ -98.930069, 47.997103 ], [ -98.928345, 47.997115 ], [ -98.92659, 47.998413 ], [ -98.923497, 48.000199 ], [ -98.917497, 48.004099 ], [ -98.915997, 48.005799 ], [ -98.915897, 48.008599 ], [ -98.917997, 48.010599 ], [ -98.918797, 48.014399 ], [ -98.919697, 48.015299 ], [ -98.919997, 48.017999 ], [ -98.917497, 48.020899 ], [ -98.915797, 48.021399 ], [ -98.911797, 48.021499 ], [ -98.909555, 48.022379 ], [ -98.905497, 48.022799 ], [ -98.901197, 48.024999 ], [ -98.901197, 48.026899 ], [ -98.896724, 48.026731 ], [ -98.895572, 48.026424 ], [ -98.893096, 48.026399 ], [ -98.893796, 48.025399 ], [ -98.897596, 48.024099 ], [ -98.899096, 48.020499 ], [ -98.897996, 48.016799 ], [ -98.894096, 48.013499 ], [ -98.892996, 48.011799 ], [ -98.892896, 48.009299 ], [ -98.893596, 48.007799 ], [ -98.892296, 48.007699 ], [ -98.887195, 48.008199 ], [ -98.888896, 48.009499 ], [ -98.887696, 48.013899 ], [ -98.885496, 48.016499 ], [ -98.883196, 48.022699 ], [ -98.882898, 48.025248 ], [ -98.880793, 48.026065 ], [ -98.880127, 48.026835 ], [ -98.877488, 48.029541 ], [ -98.872495, 48.0322 ], [ -98.868295, 48.0339 ], [ -98.863495, 48.0374 ], [ -98.856795, 48.0404 ], [ -98.852795, 48.0416 ], [ -98.847794, 48.0441 ], [ -98.841894, 48.0454 ], [ -98.839294, 48.0472 ], [ -98.835394, 48.049 ], [ -98.831994, 48.0532 ], [ -98.826694, 48.0571 ], [ -98.826394, 48.0619 ], [ -98.825094, 48.0624 ], [ -98.814793, 48.061 ], [ -98.812293, 48.0604 ], [ -98.81132, 48.060347 ], [ -98.807593, 48.059801 ], [ -98.803893, 48.059901 ], [ -98.802593, 48.058601 ], [ -98.796792, 48.057001 ], [ -98.794792, 48.055601 ], [ -98.794892, 48.055001 ], [ -98.800892, 48.054701 ], [ -98.801992, 48.054 ], [ -98.802192, 48.0518 ], [ -98.801092, 48.0502 ], [ -98.801492, 48.0474 ], [ -98.799992, 48.0445 ], [ -98.796492, 48.0391 ], [ -98.792891, 48.0364 ], [ -98.791391, 48.0334 ], [ -98.788491, 48.0311 ], [ -98.785191, 48.0296 ], [ -98.786191, 48.0286 ], [ -98.786891, 48.0259 ], [ -98.78469, 48.017 ], [ -98.78439, 48.0132 ], [ -98.78739, 48.0111 ], [ -98.78759, 48.0081 ], [ -98.78689, 48.0069 ], [ -98.78329, 48.0055 ], [ -98.78279, 48.0044 ], [ -98.78319, 48.0016 ], [ -98.776489, 48.0006 ], [ -98.769215, 47.998686 ], [ -98.767489, 48.0 ], [ -98.768089, 48.0034 ], [ -98.769189, 48.0042 ], [ -98.768589, 48.0076 ], [ -98.768989, 48.0115 ], [ -98.768289, 48.0123 ], [ -98.76689, 48.0245 ], [ -98.76769, 48.0285 ], [ -98.76729, 48.0306 ], [ -98.76599, 48.0257 ], [ -98.765289, 48.0194 ], [ -98.766089, 48.0173 ], [ -98.765489, 48.015 ], [ -98.765589, 48.0119 ], [ -98.764889, 48.0093 ], [ -98.763689, 48.0076 ], [ -98.760189, 48.0059 ], [ -98.759289, 48.0048 ], [ -98.762289, 48.0028 ], [ -98.763589, 48.001 ], [ -98.762853, 47.998705 ], [ -98.761432, 47.997433 ], [ -98.753567, 47.99333 ], [ -98.752232, 47.99098 ], [ -98.752627, 47.989212 ], [ -98.751883, 47.985787 ], [ -98.75061, 47.982456 ], [ -98.753559, 47.977798 ], [ -98.757062, 47.976394 ], [ -98.75942, 47.973841 ], [ -98.759083, 47.972093 ], [ -98.760802, 47.971099 ], [ -98.761675, 47.971363 ], [ -98.761915, 47.973494 ], [ -98.765139, 47.975114 ], [ -98.768695, 47.975159 ], [ -98.777624, 47.973746 ], [ -98.780114, 47.972883 ], [ -98.784279, 47.969333 ], [ -98.784673, 47.96569 ], [ -98.787334, 47.964506 ], [ -98.788552, 47.961929 ], [ -98.792157, 47.958996 ], [ -98.797122, 47.956352 ], [ -98.797, 47.954605 ], [ -98.79456, 47.951614 ], [ -98.791592, 47.950631 ], [ -98.789911, 47.951008 ], [ -98.784797, 47.955035 ], [ -98.784337, 47.956312 ], [ -98.781458, 47.958686 ], [ -98.779815, 47.960777 ], [ -98.773015, 47.964327 ], [ -98.770938, 47.967543 ], [ -98.763796, 47.970688 ], [ -98.763029, 47.971689 ], [ -98.761777, 47.971184 ], [ -98.760736, 47.970912 ], [ -98.758276, 47.970671 ], [ -98.754163, 47.971081 ], [ -98.749487, 47.9732 ], [ -98.735687, 47.9803 ], [ -98.732587, 47.985 ], [ -98.728387, 47.9895 ], [ -98.726887, 47.9928 ], [ -98.725887, 47.9937 ], [ -98.723587, 47.9976 ], [ -98.722787, 47.9981 ], [ -98.720687, 47.9987 ], [ -98.713987, 47.9986 ], [ -98.709987, 48.0001 ], [ -98.706387, 48.0034 ], [ -98.698289, 48.003346 ], [ -98.697263, 48.003463 ], [ -98.696946, 48.003548 ], [ -98.693907, 48.003691 ], [ -98.689049, 48.002681 ], [ -98.683685, 48.001137 ], [ -98.678184, 48.000599 ], [ -98.672086, 48.0004 ], [ -98.670686, 47.9997 ], [ -98.670286, 47.9987 ], [ -98.667333, 47.995625 ], [ -98.666828, 47.994189 ], [ -98.663818, 47.992074 ], [ -98.665063, 47.990304 ], [ -98.664168, 47.987806 ], [ -98.665023, 47.985562 ], [ -98.669151, 47.982712 ], [ -98.670759, 47.980407 ], [ -98.670186, 47.9794 ], [ -98.665686, 47.9748 ], [ -98.665686, 47.9724 ], [ -98.664286, 47.9705 ], [ -98.664286, 47.9679 ], [ -98.663506, 47.964703 ], [ -98.660785, 47.961 ], [ -98.651803, 47.954127 ], [ -98.648185, 47.9517 ], [ -98.645485, 47.950799 ], [ -98.642585, 47.948199 ], [ -98.635284, 47.944699 ], [ -98.630784, 47.941699 ], [ -98.628284, 47.940599 ], [ -98.625984, 47.938499 ], [ -98.625684, 47.936799 ], [ -98.627884, 47.935999 ], [ -98.629184, 47.934399 ], [ -98.630484, 47.932799 ], [ -98.633284, 47.932299 ], [ -98.635284, 47.930599 ], [ -98.632984, 47.929199 ], [ -98.633184, 47.927899 ], [ -98.631684, 47.925999 ], [ -98.631784, 47.923499 ], [ -98.630584, 47.921499 ], [ -98.628084, 47.919999 ], [ -98.626884, 47.917199 ], [ -98.625384, 47.916399 ], [ -98.620156, 47.916423 ], [ -98.616797, 47.916439 ], [ -98.583259, 47.916561 ], [ -98.582357, 47.915106 ], [ -98.557961, 47.915088 ], [ -98.547399, 47.915064 ], [ -98.525555, 47.915056 ], [ -98.525546, 47.904217 ], [ -98.525568, 47.875266 ], [ -98.525516, 47.846276 ], [ -98.542513, 47.846263 ], [ -98.544075, 47.846221 ], [ -98.544788, 47.84739 ], [ -98.586963, 47.847469 ], [ -98.620733, 47.847509 ], [ -98.630132, 47.847445 ], [ -98.651969, 47.847368 ], [ -98.694755, 47.847531 ], [ -98.716453, 47.847543 ], [ -98.78078, 47.847592 ], [ -98.888649, 47.847352 ], [ -98.889079, 47.847404 ], [ -98.90925, 47.847336 ], [ -98.930966, 47.847155 ], [ -98.931217, 47.919753 ], [ -98.931255, 47.934674 ], [ -98.931357, 47.963676 ], [ -98.931495, 47.970821 ], [ -98.93239, 47.97165 ], [ -98.931556, 47.972577 ], [ -98.931028, 47.975786 ], [ -98.929464, 47.977657 ], [ -98.926314, 47.979622 ], [ -98.929336, 47.98066 ], [ -98.931344, 47.9807 ], [ -98.934684, 47.981274 ], [ -98.940222, 47.983282 ], [ -98.941891, 47.984246 ], [ -98.947546, 47.985127 ], [ -98.947326, 47.988813 ], [ -98.949193, 47.990175 ], [ -98.948711, 47.991478 ], [ -98.949302, 47.99363 ] ] ] } },
{ "type": "Feature", "properties": { "geoid": "38079941800", "county_name": "Rolette County", "place_name": "Grand Forks", "state_name": "North Dakota", "state_abbr": "ND", "is_rural": true, "dci_score": 88.4, "dci_quintile": 2.0, "is_cra_lmi": true, "income_level": "M", "is_persistent_poverty": true, "is_tribal_overlap": true, "tribal_area_name": "Turtle Mountain Reservation|Turtle Mountain Off-Reservation Trust Land", "aian_pct": 0.9515, "has_nmtc": true, "nmtc_projects": 1, "nmtc_total_usd": 12611804.0 }, "geometry": { "type": "Polygon", "coordinates": [ [ [ -99.920013, 48.834633 ], [ -99.920006, 48.849102 ], [ -99.919926, 48.86366 ], [ -99.919904, 48.878299 ], [ -99.919911, 48.885406 ], [ -99.919931, 48.892406 ], [ -99.91474, 48.892424 ], [ -99.90938, 48.892427 ], [ -99.887111, 48.892411 ], [ -99.85374, 48.892319 ], [ -99.850116, 48.892318 ], [ -99.848676, 48.892247 ], [ -99.844004, 48.892205 ], [ -99.810284, 48.892196 ], [ -99.788828, 48.892124 ], [ -99.770859, 48.892042 ], [ -99.769689, 48.89208 ], [ -99.766951, 48.89214 ], [ -99.756432, 48.891985 ], [ -99.755312, 48.892129 ], [ -99.744626, 48.892083 ], [ -99.733819, 48.892113 ], [ -99.722963, 48.892141 ], [ -99.690747, 48.892237 ], [ -99.679736, 48.892287 ], [ -99.67371, 48.892284 ], [ -99.659269, 48.892257 ], [ -99.657906, 48.892248 ], [ -99.657063, 48.892243 ], [ -99.657131, 48.848811 ], [ -99.657341, 48.81237 ], [ -99.657811, 48.809988 ], [ -99.657372, 48.80808 ], [ -99.657536, 48.805403 ], [ -99.744961, 48.805491 ], [ -99.755969, 48.805399 ], [ -99.76602, 48.805431 ], [ -99.766946, 48.805434 ], [ -99.781565, 48.80536 ], [ -99.788465, 48.805493 ], [ -99.804228, 48.805627 ], [ -99.810459, 48.805498 ], [ -99.832339, 48.805546 ], [ -99.837992, 48.805556 ], [ -99.853174, 48.805601 ], [ -99.85427, 48.805584 ], [ -99.859183, 48.805599 ], [ -99.86026, 48.805612 ], [ -99.86569, 48.805614 ], [ -99.870514, 48.805622 ], [ -99.876317, 48.805628 ], [ -99.920063, 48.805699 ], [ -99.920013, 48.834633 ] ] ] } },
{ "type": "Feature", "properties": { "geoid": "38061940300", "county_name": "Mountrail County", "place_name": "Grand Forks", "state_name": "North Dakota", "state_abbr": "ND", "is_rural": true, "dci_score": 93.2, "dci_quintile": 1.0, "is_cra_lmi": false, "income_level": "U", "is_persistent_poverty": false, "is_tribal_overlap": true, "tribal_area_name": "Fort Berthold Reservation", "aian_pct": 0.4903, "has_nmtc": false, "nmtc_projects": 0, "nmtc_total_usd": 0.0 }, "geometry": { "type": "Polygon", "coordinates": [ [ [ -102.315162, 47.914596 ], [ -102.313633, 47.917885 ], [ -102.311696, 47.919829 ], [ -102.309617, 47.924034 ], [ -102.310336, 47.925925 ], [ -102.307175, 47.928826 ], [ -102.307209, 47.930151 ], [ -102.299459, 47.931201 ], [ -102.300257, 47.934399 ], [ -102.300749, 47.936547 ], [ -102.300103, 47.937758 ], [ -102.296805, 47.940978 ], [ -102.291907, 47.94518 ], [ -102.291328, 47.947121 ], [ -102.294048, 47.946002 ], [ -102.294863, 47.94799 ], [ -102.294046, 47.951576 ], [ -102.291393, 47.953288 ], [ -102.289591, 47.953631 ], [ -102.285951, 47.955411 ], [ -102.286358, 47.958107 ], [ -102.285133, 47.958563 ], [ -102.284997, 47.960048 ], [ -102.287887, 47.95998 ], [ -102.286661, 47.962401 ], [ -102.288498, 47.961648 ], [ -102.289348, 47.96279 ], [ -102.287579, 47.963977 ], [ -102.288462, 47.965417 ], [ -102.291387, 47.965577 ], [ -102.291965, 47.966582 ], [ -102.288938, 47.966742 ], [ -102.289616, 47.969346 ], [ -102.286691, 47.969345 ], [ -102.286554, 47.971309 ], [ -102.285397, 47.971926 ], [ -102.281724, 47.971239 ], [ -102.280601, 47.972038 ], [ -102.279613, 47.974802 ], [ -102.277058, 47.973314 ], [ -102.274167, 47.975823 ], [ -102.275052, 47.976507 ], [ -102.274439, 47.978174 ], [ -102.269199, 47.979018 ], [ -102.268416, 47.980228 ], [ -102.270898, 47.981121 ], [ -102.271679, 47.982903 ], [ -102.268242, 47.984227 ], [ -102.266744, 47.985369 ], [ -102.268135, 47.989254 ], [ -102.265584, 47.988203 ], [ -102.264427, 47.988888 ], [ -102.260582, 47.989276 ], [ -102.261124, 47.991058 ], [ -102.262552, 47.992247 ], [ -102.261597, 47.993663 ], [ -102.259488, 47.993456 ], [ -102.258772, 47.994963 ], [ -102.2571, 47.995814 ], [ -102.252203, 47.995188 ], [ -102.251518, 47.998225 ], [ -102.24276, 47.999038 ], [ -102.187399, 47.998789 ], [ -102.12867, 47.998538 ], [ -102.064806, 47.998573 ], [ -102.000123, 47.998071 ], [ -101.88566, 47.998162 ], [ -101.875348, 47.99837 ], [ -101.871584, 47.998588 ], [ -101.871797, 47.934441 ], [ -101.871862, 47.847589 ], [ -101.89338, 47.847639 ], [ -101.957898, 47.847631 ], [ -102.000484, 47.847629 ], [ -102.118342, 47.847614 ], [ -102.118981, 47.847667 ], [ -102.128969, 47.84765 ], [ -102.134146, 47.847646 ], [ -102.13541, 47.847713 ], [ -102.257456, 47.847579 ], [ -102.282814, 47.847549 ], [ -102.287022, 47.853343 ], [ -102.292925, 47.856977 ], [ -102.29513, 47.860974 ], [ -102.295297, 47.864903 ], [ -102.29903, 47.869815 ], [ -102.302968, 47.869564 ], [ -102.303613, 47.870501 ], [ -102.301338, 47.872008 ], [ -102.301304, 47.873059 ], [ -102.298111, 47.87463 ], [ -102.298661, 47.875854 ], [ -102.303074, 47.877225 ], [ -102.307046, 47.881085 ], [ -102.307827, 47.882342 ], [ -102.307351, 47.885288 ], [ -102.308472, 47.887595 ], [ -102.307656, 47.891502 ], [ -102.303987, 47.896984 ], [ -102.30453, 47.898583 ], [ -102.306874, 47.898698 ], [ -102.307316, 47.899588 ], [ -102.305412, 47.901987 ], [ -102.303577, 47.906829 ], [ -102.304732, 47.907058 ], [ -102.30694, 47.905893 ], [ -102.306668, 47.907994 ], [ -102.307483, 47.90989 ], [ -102.311154, 47.907423 ], [ -102.311425, 47.90466 ], [ -102.314687, 47.906076 ], [ -102.313124, 47.906373 ], [ -102.315196, 47.9119 ], [ -102.315162, 47.914596 ] ] ] } },
{ "type": "Feature", "properties": { "geoid": "38101010602", "county_name": "Ward County", "place_name": null, "state_name": "North Dakota", "state_abbr": "ND", "is_rural": true, "dci_score": 52.9, "dci_quintile": 5.0, "is_cra_lmi": false, "income_level": "U", "is_persistent_poverty": false, "is_tribal_overlap": false, "tribal_area_name": null, "aian_pct": 0.0112, "has_nmtc": false, "nmtc_projects": 0, "nmtc_total_usd": 0.0 }, "geometry": { "type": "Polygon", "coordinates": [ [ [ -101.295913, 48.191664 ], [ -101.295894, 48.191867 ], [ -101.295865, 48.194707 ], [ -101.29586, 48.19656 ], [ -101.295918, 48.207715 ], [ -101.291237, 48.208045 ], [ -101.285057, 48.209463 ], [ -101.279549, 48.211061 ], [ -101.274307, 48.211472 ], [ -101.266273, 48.211763 ], [ -101.265648, 48.211785 ], [ -101.257853, 48.21188 ], [ -101.256262, 48.211654 ], [ -101.248546, 48.209176 ], [ -101.246492, 48.209365 ], [ -101.244958, 48.21002 ], [ -101.236086, 48.21724 ], [ -101.235281, 48.217902 ], [ -101.230949, 48.221439 ], [ -101.223363, 48.227638 ], [ -101.222324, 48.22823 ], [ -101.221401, 48.228614 ], [ -101.22074, 48.228812 ], [ -101.219782, 48.229046 ], [ -101.218005, 48.229217 ], [ -101.212126, 48.229227 ], [ -101.2121, 48.228973 ], [ -101.209425, 48.228985 ], [ -101.209441, 48.226874 ], [ -101.209451, 48.225583 ], [ -101.209473, 48.221956 ], [ -101.209509, 48.216915 ], [ -101.209521, 48.21486 ], [ -101.209544, 48.211069 ], [ -101.209658, 48.196579 ], [ -101.224818, 48.196512 ], [ -101.22931, 48.199786 ], [ -101.231024, 48.199144 ], [ -101.232562, 48.198961 ], [ -101.232699, 48.198504 ], [ -101.231194, 48.197751 ], [ -101.228632, 48.198072 ], [ -101.228462, 48.19725 ], [ -101.23106, 48.196535 ], [ -101.231502, 48.196244 ], [ -101.231876, 48.194873 ], [ -101.232183, 48.194416 ], [ -101.233264, 48.195412 ], [ -101.232462, 48.196366 ], [ -101.232663, 48.196588 ], [ -101.236413, 48.196521 ], [ -101.236553, 48.197509 ], [ -101.237442, 48.197665 ], [ -101.237628, 48.196958 ], [ -101.238411, 48.196857 ], [ -101.23946, 48.197963 ], [ -101.239658, 48.197328 ], [ -101.242367, 48.196929 ], [ -101.242687, 48.196382 ], [ -101.242607, 48.195587 ], [ -101.243798, 48.195519 ], [ -101.245441, 48.194625 ], [ -101.245751, 48.194924 ], [ -101.245783, 48.195917 ], [ -101.247424, 48.195688 ], [ -101.248653, 48.195139 ], [ -101.249439, 48.195139 ], [ -101.24985, 48.195801 ], [ -101.249133, 48.196464 ], [ -101.250032, 48.198714 ], [ -101.253005, 48.1985 ], [ -101.254476, 48.199092 ], [ -101.255912, 48.198021 ], [ -101.256635, 48.196323 ], [ -101.260801, 48.194529 ], [ -101.260017, 48.192966 ], [ -101.261361, 48.192473 ], [ -101.266305, 48.191036 ], [ -101.267638, 48.189962 ], [ -101.269483, 48.1901 ], [ -101.270506, 48.192431 ], [ -101.274169, 48.192214 ], [ -101.277372, 48.194672 ], [ -101.280242, 48.194238 ], [ -101.282565, 48.19497 ], [ -101.28441, 48.193919 ], [ -101.286734, 48.193737 ], [ -101.28629, 48.192504 ], [ -101.287726, 48.191727 ], [ -101.286428, 48.190585 ], [ -101.288513, 48.188461 ], [ -101.291724, 48.188895 ], [ -101.293411, 48.188329 ], [ -101.296308, 48.189178 ], [ -101.295913, 48.191664 ] ] ] } },
{ "type": "Feature", "properties": { "geoid": "38015011103", "county_name": "Burleigh County", "place_name": "Valley City", "state_name": "North Dakota", "state_abbr": "ND", "is_rural": false, "dci_score": 2.9, "dci_quintile": 5.0, "is_cra_lmi": true, "income_level": "M", "is_persistent_poverty": false, "is_tribal_overlap": false, "tribal_area_name": null, "aian_pct": 0.0378, "has_nmtc": false, "nmtc_projects": 0, "nmtc_total_usd": 0.0 }, "geometry": { "type": "Polygon", "coordinates": [ [ [ -100.838593, 46.827072 ], [ -100.839583, 46.830708 ], [ -100.839369, 46.83254 ], [ -100.836478, 46.836239 ], [ -100.836981, 46.837363 ], [ -100.835889, 46.837381 ], [ -100.834518, 46.834983 ], [ -100.833867, 46.834135 ], [ -100.833108, 46.833164 ], [ -100.832816, 46.832791 ], [ -100.832721, 46.83268 ], [ -100.830194, 46.832126 ], [ -100.82851, 46.830669 ], [ -100.824186, 46.829462 ], [ -100.818064, 46.830634 ], [ -100.817914, 46.838098 ], [ -100.806501, 46.837988 ], [ -100.806037, 46.837656 ], [ -100.798277, 46.838025 ], [ -100.797972, 46.84174 ], [ -100.793837, 46.841751 ], [ -100.793984, 46.832516 ], [ -100.793997, 46.831311 ], [ -100.80242, 46.831268 ], [ -100.804104, 46.8311 ], [ -100.805843, 46.830767 ], [ -100.815956, 46.827674 ], [ -100.833979, 46.821952 ], [ -100.834058, 46.822035 ], [ -100.834441, 46.82243 ], [ -100.839797, 46.826581 ], [ -100.838593, 46.827072 ] ] ] } },
{ "type": "Feature", "properties": { "geoid": "38079951700", "county_name": "Rolette County", "place_name": null, "state_name": "North Dakota", "state_abbr": "ND", "is_rural": true, "dci_score": 74.2, "dci_quintile": 3.0, "is_cra_lmi": true, "income_level": "M", "is_persistent_poverty": true, "is_tribal_overlap": true, "tribal_area_name": "Turtle Mountain Off-Reservation Trust Land|Turtle Mountain Reservation", "aian_pct": 0.7549, "has_nmtc": false, "nmtc_projects": 0, "nmtc_total_usd": 0.0 }, "geometry": { "type": "Polygon", "coordinates": [ [ [ -100.182978, 48.851441 ], [ -100.182841, 48.852382 ], [ -100.182791, 48.853997 ], [ -100.182817, 48.855506 ], [ -100.182762, 48.8571 ], [ -100.182758, 48.892773 ], [ -100.182828, 48.907059 ], [ -100.1827, 48.936705 ], [ -100.182589, 48.941894 ], [ -100.182915, 48.94319 ], [ -100.182781, 48.950351 ], [ -100.182411, 48.951879 ], [ -100.182416, 48.965043 ], [ -100.182616, 48.966762 ], [ -100.182606092555005, 48.999230156653603 ], [ -100.162007944569993, 48.999216275964002 ], [ -100.049625370960996, 48.999140543542403 ], [ -99.964983383488402, 48.999083504960097 ], [ -99.91378, 48.999049 ], [ -99.913705, 48.999049 ], [ -99.892920755421201, 48.999091589849499 ], [ -99.861488, 48.999156 ], [ -99.861454, 48.999202 ], [ -99.833118004805499, 48.999211048631899 ], [ -99.821461005674905, 48.999214771101997 ], [ -99.658835120159495, 48.999266702991797 ], [ -99.657606, 48.998547 ], [ -99.65713, 48.997834 ], [ -99.656993, 48.996638 ], [ -99.656994, 48.953982 ], [ -99.656997, 48.950188 ], [ -99.657023, 48.913513 ], [ -99.657036, 48.906725 ], [ -99.657163, 48.893296 ], [ -99.658287, 48.892534 ], [ -99.659269, 48.892257 ], [ -99.67371, 48.892284 ], [ -99.679736, 48.892287 ], [ -99.690747, 48.892237 ], [ -99.722963, 48.892141 ], [ -99.733819, 48.892113 ], [ -99.744626, 48.892083 ], [ -99.755312, 48.892129 ], [ -99.756432, 48.891985 ], [ -99.766951, 48.89214 ], [ -99.769689, 48.89208 ], [ -99.770859, 48.892042 ], [ -99.788828, 48.892124 ], [ -99.810284, 48.892196 ], [ -99.844004, 48.892205 ], [ -99.848676, 48.892247 ], [ -99.850116, 48.892318 ], [ -99.85374, 48.892319 ], [ -99.887111, 48.892411 ], [ -99.90938, 48.892427 ], [ -99.91474, 48.892424 ], [ -99.919931, 48.892406 ], [ -99.919911, 48.885406 ], [ -99.919904, 48.878299 ], [ -99.919926, 48.86366 ], [ -99.920006, 48.849102 ], [ -99.920013, 48.834633 ], [ -99.920063, 48.805699 ], [ -99.920122, 48.791234 ], [ -99.963984, 48.791237 ], [ -99.976049, 48.791239 ], [ -100.095461, 48.791361 ], [ -100.095445, 48.805849 ], [ -100.182947, 48.806181 ], [ -100.182978, 48.851441 ] ] ] } },
{ "type": "Feature", "properties": { "geoid": "38071957800", "county_name": "Ramsey County", "place_name": "Fargo", "state_name": "North Dakota", "state_abbr": "ND", "is_rural": true, "dci_score": 67.6, "dci_quintile": 4.0, "is_cra_lmi": false, "income_level": "U", "is_persistent_poverty": false, "is_tribal_overlap": true, "tribal_area_name": "Spirit Lake Reservation", "aian_pct": 0.0515, "has_nmtc": false, "nmtc_projects": 0, "nmtc_total_usd": 0.0 }, "geometry": { "type": "Polygon", "coordinates": [ [ [ -98.940842, 48.072733 ], [ -98.933664, 48.085427 ], [ -98.932032, 48.086123 ], [ -98.930019, 48.088259 ], [ -98.92953, 48.091734 ], [ -98.930231, 48.095338 ], [ -98.929398, 48.096154 ], [ -98.92437, 48.098428 ], [ -98.923556, 48.101782 ], [ -98.940739, 48.101955 ], [ -98.94073, 48.107827 ], [ -98.940688, 48.122341 ], [ -98.919312, 48.122357 ], [ -98.900381, 48.122335 ], [ -98.897651, 48.122327 ], [ -98.89767, 48.128932 ], [ -98.89767, 48.12921 ], [ -98.897671, 48.130185 ], [ -98.897712, 48.132856 ], [ -98.877362, 48.124263 ], [ -98.875971, 48.123689 ], [ -98.875986, 48.129532 ], [ -98.875992, 48.140703 ], [ -98.875423, 48.144869 ], [ -98.875966, 48.146197 ], [ -98.875972, 48.151307 ], [ -98.843553, 48.151315 ], [ -98.843525, 48.122356 ], [ -98.843523, 48.118089 ], [ -98.843523, 48.11795 ], [ -98.843524, 48.114821 ], [ -98.854276, 48.114791 ], [ -98.865235, 48.114856 ], [ -98.865197, 48.112148 ], [ -98.864996, 48.105965 ], [ -98.864218, 48.103433 ], [ -98.86587, 48.101409 ], [ -98.869217, 48.097583 ], [ -98.874097, 48.093011 ], [ -98.870214, 48.091737 ], [ -98.86745, 48.087299 ], [ -98.864862, 48.089476 ], [ -98.85716, 48.089425 ], [ -98.854335, 48.088085 ], [ -98.849139, 48.085814 ], [ -98.844071, 48.085774 ], [ -98.838906, 48.08579 ], [ -98.827947, 48.08565 ], [ -98.826231, 48.085282 ], [ -98.819395, 48.080959 ], [ -98.812522, 48.079259 ], [ -98.811289, 48.078212 ], [ -98.81132, 48.060347 ], [ -98.812293, 48.0604 ], [ -98.814793, 48.061 ], [ -98.825094, 48.0624 ], [ -98.826394, 48.0619 ], [ -98.826694, 48.0571 ], [ -98.831994, 48.0532 ], [ -98.835394, 48.049 ], [ -98.839294, 48.0472 ], [ -98.841894, 48.0454 ], [ -98.847794, 48.0441 ], [ -98.852795, 48.0416 ], [ -98.856795, 48.0404 ], [ -98.863495, 48.0374 ], [ -98.868295, 48.0339 ], [ -98.872495, 48.0322 ], [ -98.877488, 48.029541 ], [ -98.880127, 48.026835 ], [ -98.880793, 48.026065 ], [ -98.882898, 48.025248 ], [ -98.883196, 48.022699 ], [ -98.885496, 48.016499 ], [ -98.887696, 48.013899 ], [ -98.888896, 48.009499 ], [ -98.887195, 48.008199 ], [ -98.892296, 48.007699 ], [ -98.893596, 48.007799 ], [ -98.892896, 48.009299 ], [ -98.892996, 48.011799 ], [ -98.894096, 48.013499 ], [ -98.897996, 48.016799 ], [ -98.899096, 48.020499 ], [ -98.897596, 48.024099 ], [ -98.893796, 48.025399 ], [ -98.893096, 48.026399 ], [ -98.895572, 48.026424 ], [ -98.896724, 48.026731 ], [ -98.899435, 48.02792 ], [ -98.899505, 48.02956 ], [ -98.898565, 48.03035 ], [ -98.898095, 48.03425 ], [ -98.899095, 48.03773 ], [ -98.900465, 48.03853 ], [ -98.903645, 48.03894 ], [ -98.906875, 48.04022 ], [ -98.909995, 48.04226 ], [ -98.914255, 48.04429 ], [ -98.918355, 48.04682 ], [ -98.922165, 48.05133 ], [ -98.923125, 48.05157 ], [ -98.927732, 48.054551 ], [ -98.930855, 48.05545 ], [ -98.934135, 48.05725 ], [ -98.934435, 48.05837 ], [ -98.940832, 48.060457 ], [ -98.940842, 48.072733 ] ] ] } },
{ "type": "Feature", "properties": { "geoid": "38061940400", "county_name": "Mountrail County", "place_name": null, "state_name": "North Dakota", "state_abbr": "ND", "is_rural": true, "dci_score": 83.5, "dci_quintile": 2.0, "is_cra_lmi": false, "income_level": "U", "is_persistent_poverty": false, "is_tribal_overlap": true, "tribal_area_name": "Fort Berthold Reservation", "aian_pct": 0.6539, "has_nmtc": false, "nmtc_projects": 0, "nmtc_total_usd": 0.0 }, "geometry": { "type": "Polygon", "coordinates": [ [ [ -102.654665, 47.870915 ], [ -102.654965, 47.875015 ], [ -102.649664, 47.882415 ], [ -102.649464, 47.883215 ], [ -102.649464, 47.888615 ], [ -102.648964, 47.891415 ], [ -102.649064, 47.896015 ], [ -102.647864, 47.901615 ], [ -102.644764, 47.906715 ], [ -102.639763, 47.910915 ], [ -102.632663, 47.917315 ], [ -102.630663, 47.919615 ], [ -102.627663, 47.923916 ], [ -102.625463, 47.926216 ], [ -102.621463, 47.928916 ], [ -102.61626, 47.934418 ], [ -102.612562, 47.937716 ], [ -102.610462, 47.939116 ], [ -102.605262, 47.941716 ], [ -102.597161, 47.945015 ], [ -102.591561, 47.947715 ], [ -102.583461, 47.952715 ], [ -102.580561, 47.954815 ], [ -102.578078, 47.956808 ], [ -102.573584, 47.961134 ], [ -102.565902, 47.969028 ], [ -102.563668, 47.971666 ], [ -102.56156, 47.974916 ], [ -102.559115, 47.979691 ], [ -102.555359, 47.984716 ], [ -102.551659, 47.991516 ], [ -102.551583, 47.996054 ], [ -102.552981, 47.998646 ], [ -102.514242, 47.998601 ], [ -102.504282, 47.998636 ], [ -102.500334, 47.99865 ], [ -102.498618, 47.998759 ], [ -102.482684, 47.998699 ], [ -102.469842, 47.998679 ], [ -102.42056, 47.998749 ], [ -102.385965, 47.99873 ], [ -102.343475, 47.998572 ], [ -102.257069, 47.998472 ], [ -102.251024, 47.998895 ], [ -102.24276, 47.999038 ], [ -102.251518, 47.998225 ], [ -102.252203, 47.995188 ], [ -102.2571, 47.995814 ], [ -102.258772, 47.994963 ], [ -102.259488, 47.993456 ], [ -102.261597, 47.993663 ], [ -102.262552, 47.992247 ], [ -102.261124, 47.991058 ], [ -102.260582, 47.989276 ], [ -102.264427, 47.988888 ], [ -102.265584, 47.988203 ], [ -102.268135, 47.989254 ], [ -102.266744, 47.985369 ], [ -102.268242, 47.984227 ], [ -102.271679, 47.982903 ], [ -102.270898, 47.981121 ], [ -102.268416, 47.980228 ], [ -102.269199, 47.979018 ], [ -102.274439, 47.978174 ], [ -102.275052, 47.976507 ], [ -102.274167, 47.975823 ], [ -102.277058, 47.973314 ], [ -102.279613, 47.974802 ], [ -102.280601, 47.972038 ], [ -102.281724, 47.971239 ], [ -102.285397, 47.971926 ], [ -102.286554, 47.971309 ], [ -102.286691, 47.969345 ], [ -102.289616, 47.969346 ], [ -102.288938, 47.966742 ], [ -102.291965, 47.966582 ], [ -102.291387, 47.965577 ], [ -102.288462, 47.965417 ], [ -102.287579, 47.963977 ], [ -102.289348, 47.96279 ], [ -102.288498, 47.961648 ], [ -102.286661, 47.962401 ], [ -102.287887, 47.95998 ], [ -102.284997, 47.960048 ], [ -102.285133, 47.958563 ], [ -102.286358, 47.958107 ], [ -102.285951, 47.955411 ], [ -102.289591, 47.953631 ], [ -102.291393, 47.953288 ], [ -102.294046, 47.951576 ], [ -102.294863, 47.94799 ], [ -102.294048, 47.946002 ], [ -102.291328, 47.947121 ], [ -102.291907, 47.94518 ], [ -102.296805, 47.940978 ], [ -102.300103, 47.937758 ], [ -102.300749, 47.936547 ], [ -102.300257, 47.934399 ], [ -102.299459, 47.931201 ], [ -102.307209, 47.930151 ], [ -102.307175, 47.928826 ], [ -102.310336, 47.925925 ], [ -102.309617, 47.924034 ], [ -102.311696, 47.919829 ], [ -102.313633, 47.917885 ], [ -102.315162, 47.914596 ], [ -102.315196, 47.9119 ], [ -102.313124, 47.906373 ], [ -102.314687, 47.906076 ], [ -102.311425, 47.90466 ], [ -102.311154, 47.907423 ], [ -102.307483, 47.90989 ], [ -102.306668, 47.907994 ], [ -102.30694, 47.905893 ], [ -102.304732, 47.907058 ], [ -102.303577, 47.906829 ], [ -102.305412, 47.901987 ], [ -102.307316, 47.899588 ], [ -102.306874, 47.898698 ], [ -102.30453, 47.898583 ], [ -102.303987, 47.896984 ], [ -102.307656, 47.891502 ], [ -102.308472, 47.887595 ], [ -102.307351, 47.885288 ], [ -102.307827, 47.882342 ], [ -102.307046, 47.881085 ], [ -102.303074, 47.877225 ], [ -102.298661, 47.875854 ], [ -102.298111, 47.87463 ], [ -102.301304, 47.873059 ], [ -102.301338, 47.872008 ], [ -102.303613, 47.870501 ], [ -102.302968, 47.869564 ], [ -102.29903, 47.869815 ], [ -102.295297, 47.864903 ], [ -102.29513, 47.860974 ], [ -102.292925, 47.856977 ], [ -102.287022, 47.853343 ], [ -102.282814, 47.847549 ], [ -102.330149, 47.847606 ], [ -102.375455, 47.847661 ], [ -102.385647, 47.847772 ], [ -102.385704, 47.806181 ], [ -102.385758, 47.758008 ], [ -102.386458, 47.757409 ], [ -102.397158, 47.753209 ], [ -102.400058, 47.752409 ], [ -102.406359, 47.751409 ], [ -102.409859, 47.751409 ], [ -102.415359, 47.752009 ], [ -102.418159, 47.753009 ], [ -102.42266, 47.755509 ], [ -102.42936, 47.758309 ], [ -102.43306, 47.759309 ], [ -102.444761, 47.76031 ], [ -102.459461, 47.76091 ], [ -102.462962, 47.76151 ], [ -102.471062, 47.76411 ], [ -102.472962, 47.76491 ], [ -102.481662, 47.77001 ], [ -102.487863, 47.77471 ], [ -102.495463, 47.77881 ], [ -102.499063, 47.78001 ], [ -102.500663, 47.78001 ], [ -102.504063, 47.78111 ], [ -102.515263, 47.782911 ], [ -102.521864, 47.783411 ], [ -102.535464, 47.782611 ], [ -102.539364, 47.781711 ], [ -102.547764, 47.780411 ], [ -102.553265, 47.779911 ], [ -102.559765, 47.779811 ], [ -102.561965, 47.780111 ], [ -102.568065, 47.782411 ], [ -102.572065, 47.784311 ], [ -102.583565, 47.788912 ], [ -102.592265, 47.792812 ], [ -102.596565, 47.795112 ], [ -102.603565, 47.797612 ], [ -102.606466, 47.798312 ], [ -102.612166, 47.800512 ], [ -102.623166, 47.805513 ], [ -102.624466, 47.806413 ], [ -102.628466, 47.811913 ], [ -102.631166, 47.815013 ], [ -102.635266, 47.818413 ], [ -102.642266, 47.823713 ], [ -102.646366, 47.826613 ], [ -102.648366, 47.829914 ], [ -102.650266, 47.835414 ], [ -102.650766, 47.838314 ], [ -102.652766, 47.844714 ], [ -102.653366, 47.847414 ], [ -102.654665, 47.851814 ], [ -102.656165, 47.861818 ], [ -102.654665, 47.870915 ] ] ] } },
{ "type": "Feature", "properties": { "geoid": "38079951600", "county_name": "Rolette County", "place_name": null, "state_name": "North Dakota", "state_abbr": "ND", "is_rural": true, "dci_score": 93.2, "dci_quintile": 1.0, "is_cra_lmi": false, "income_level": "U", "is_persistent_poverty": true, "is_tribal_overlap": true, "tribal_area_name": "Turtle Mountain Reservation|Turtle Mountain Off-Reservation Trust Land", "aian_pct": 0.4655, "has_nmtc": false, "nmtc_projects": 0, "nmtc_total_usd": 0.0 }, "geometry": { "type": "Polygon", "coordinates": [ [ [ -99.658287, 48.892534 ], [ -99.657163, 48.893296 ], [ -99.657036, 48.906725 ], [ -99.657023, 48.913513 ], [ -99.656997, 48.950188 ], [ -99.656994, 48.953982 ], [ -99.656993, 48.996638 ], [ -99.65713, 48.997834 ], [ -99.657606, 48.998547 ], [ -99.658835120159495, 48.999266702991797 ], [ -99.657118187489502, 48.999267251265898 ], [ -99.525773917244294, 48.9993091938886 ], [ -99.525501, 48.921069 ], [ -99.525745, 48.920645 ], [ -99.525699, 48.89189 ], [ -99.525741, 48.805139 ], [ -99.657536, 48.805403 ], [ -99.657372, 48.80808 ], [ -99.657811, 48.809988 ], [ -99.657341, 48.81237 ], [ -99.657131, 48.848811 ], [ -99.657063, 48.892243 ], [ -99.657906, 48.892248 ], [ -99.659269, 48.892257 ], [ -99.658287, 48.892534 ] ] ] } },
{ "type": "Feature", "properties": { "geoid": "38005940100", "county_name": "Benson County", "place_name": null, "state_name": "North Dakota", "state_abbr": "ND", "is_rural": true, "dci_score": 90.7, "dci_quintile": 1.0, "is_cra_lmi": true, "income_level": "M", "is_persistent_poverty": true, "is_tribal_overlap": true, "tribal_area_name": "Spirit Lake Reservation", "aian_pct": 0.8136, "has_nmtc": true, "nmtc_projects": 1, "nmtc_total_usd": 500001.0 }, "geometry": { "type": "Polygon", "coordinates": [ [ [ -99.405008, 47.933602 ], [ -99.403154, 47.933565 ], [ -99.383425, 47.933587 ], [ -99.383563, 47.962583 ], [ -99.362289, 47.962599 ], [ -99.340425, 47.962569 ], [ -99.340488, 47.977006 ], [ -99.340527, 47.991553 ], [ -99.318841, 47.991516 ], [ -99.318944, 48.020999 ], [ -99.297225, 48.020975 ], [ -99.297064, 48.035062 ], [ -99.295915, 48.035498 ], [ -99.265579, 48.035459 ], [ -99.264697, 48.036151 ], [ -99.264663, 48.042552 ], [ -99.25955, 48.042875 ], [ -99.259493, 48.064334 ], [ -99.265058, 48.070814 ], [ -99.265136, 48.070905 ], [ -99.265551, 48.071396 ], [ -99.259926, 48.072171 ], [ -99.256001, 48.075825 ], [ -99.252862, 48.076852 ], [ -99.250287, 48.076692 ], [ -99.250859, 48.07885 ], [ -99.242457, 48.077085 ], [ -99.238263, 48.071491 ], [ -99.233836, 48.069733 ], [ -99.231159, 48.067012 ], [ -99.228015, 48.066509 ], [ -99.227483, 48.065657 ], [ -99.223772, 48.065662 ], [ -99.221921, 48.070556 ], [ -99.218977, 48.075324 ], [ -99.21313, 48.082235 ], [ -99.210244, 48.084974 ], [ -99.207945, 48.085632 ], [ -99.207044, 48.08463 ], [ -99.207433, 48.082008 ], [ -99.208999, 48.077486 ], [ -99.211048, 48.070958 ], [ -99.212883, 48.067747 ], [ -99.213472, 48.064459 ], [ -99.214588, 48.06114 ], [ -99.215164, 48.056821 ], [ -99.217547, 48.051624 ], [ -99.217207, 48.050987 ], [ -99.216397, 48.050517 ], [ -99.214689, 48.052006 ], [ -99.211517, 48.050479 ], [ -99.2117, 48.053385 ], [ -99.210629, 48.054788 ], [ -99.207596, 48.055797 ], [ -99.204551, 48.05464 ], [ -99.199347, 48.049414 ], [ -99.197498, 48.050447 ], [ -99.196961, 48.057631 ], [ -99.196469, 48.059738 ], [ -99.194383, 48.063832 ], [ -99.19291, 48.065703 ], [ -99.193115, 48.068719 ], [ -99.19166, 48.071095 ], [ -99.189458, 48.071761 ], [ -99.184801, 48.069855 ], [ -99.183111, 48.067707 ], [ -99.181196, 48.066354 ], [ -99.181293, 48.064238 ], [ -99.183184, 48.063506 ], [ -99.186657, 48.059885 ], [ -99.190272, 48.055282 ], [ -99.190157, 48.052787 ], [ -99.19135, 48.050193 ], [ -99.191335, 48.047296 ], [ -99.192138, 48.04532 ], [ -99.18976, 48.043562 ], [ -99.190889, 48.042368 ], [ -99.187097, 48.042616 ], [ -99.182031, 48.046278 ], [ -99.178529, 48.043203 ], [ -99.174054, 48.042482 ], [ -99.166792, 48.042189 ], [ -99.165992, 48.042869 ], [ -99.159183, 48.040815 ], [ -99.155824, 48.038932 ], [ -99.152414, 48.039413 ], [ -99.147147, 48.041665 ], [ -99.141912, 48.042306 ], [ -99.137849, 48.041549 ], [ -99.132703, 48.04237 ], [ -99.131307, 48.041524 ], [ -99.126774, 48.041201 ], [ -99.122916, 48.041407 ], [ -99.120222, 48.040129 ], [ -99.119607, 48.038027 ], [ -99.11674, 48.033892 ], [ -99.113741, 48.033413 ], [ -99.109601, 48.031949 ], [ -99.110517, 48.03443 ], [ -99.115264, 48.037596 ], [ -99.119706, 48.043281 ], [ -99.119835, 48.046357 ], [ -99.070524, 48.04691 ], [ -99.070403, 48.030716 ], [ -99.070351, 48.021955 ], [ -99.060211, 48.021977 ], [ -99.050461, 48.030626 ], [ -99.049847, 48.032793 ], [ -99.049758, 48.03817 ], [ -99.047911, 48.039845 ], [ -99.047564, 48.040056 ], [ -99.047224, 48.040263 ], [ -99.045193, 48.041447 ], [ -99.041905, 48.041966 ], [ -99.041423, 48.043561 ], [ -99.038561, 48.044826 ], [ -99.037335, 48.047068 ], [ -99.036844, 48.047403 ], [ -99.031961, 48.046784 ], [ -99.030306, 48.047246 ], [ -99.026981, 48.049298 ], [ -99.02506, 48.051315 ], [ -99.023584, 48.051301 ], [ -99.019288, 48.049679 ], [ -99.0157, 48.049621 ], [ -99.012397, 48.051197 ], [ -99.012669, 48.053404 ], [ -99.011351, 48.052293 ], [ -99.008458, 48.052266 ], [ -99.00613, 48.051219 ], [ -99.000845, 48.05284 ], [ -99.002135, 48.0511 ], [ -99.001214, 48.049993 ], [ -99.001927, 48.047796 ], [ -99.000832, 48.045871 ], [ -99.001865, 48.045348 ], [ -99.004288, 48.041931 ], [ -98.997302, 48.026998 ], [ -98.997202, 48.023298 ], [ -98.994701, 48.019998 ], [ -98.994001, 48.017998 ], [ -98.990801, 48.016898 ], [ -98.988201, 48.017398 ], [ -98.986001, 48.019398 ], [ -98.984301, 48.017598 ], [ -98.986601, 48.016998 ], [ -98.987801, 48.015798 ], [ -98.987401, 48.013998 ], [ -98.988601, 48.012998 ], [ -98.988201, 48.010298 ], [ -98.987001, 48.007298 ], [ -98.989401, 48.005798 ], [ -98.988601, 48.001798 ], [ -98.992807, 47.998395 ], [ -98.993534, 47.996524 ], [ -98.991649, 47.992814 ], [ -98.991253, 47.99026 ], [ -98.986104, 47.99271 ], [ -98.985437, 47.993824 ], [ -98.982603, 47.99571 ], [ -98.979087, 47.996901 ], [ -98.974399, 47.997305 ], [ -98.973497, 47.997874 ], [ -98.968438, 47.997483 ], [ -98.963998, 47.998487 ], [ -98.959599, 48.000598 ], [ -98.956699, 48.002398 ], [ -98.955399, 48.002899 ], [ -98.955599, 48.004599 ], [ -98.954299, 48.003199 ], [ -98.94524, 48.002699 ], [ -98.945395, 48.002194 ], [ -98.947105, 47.996586 ], [ -98.949302, 47.99363 ], [ -98.948711, 47.991478 ], [ -98.949193, 47.990175 ], [ -98.947326, 47.988813 ], [ -98.947546, 47.985127 ], [ -98.941891, 47.984246 ], [ -98.940222, 47.983282 ], [ -98.934684, 47.981274 ], [ -98.931344, 47.9807 ], [ -98.929336, 47.98066 ], [ -98.926314, 47.979622 ], [ -98.929464, 47.977657 ], [ -98.931028, 47.975786 ], [ -98.931556, 47.972577 ], [ -98.93239, 47.97165 ], [ -98.931495, 47.970821 ], [ -98.931357, 47.963676 ], [ -98.931255, 47.934674 ], [ -98.931217, 47.919753 ], [ -98.930966, 47.847155 ], [ -98.955768, 47.847007 ], [ -98.955408, 47.846597 ], [ -99.006588, 47.846533 ], [ -99.007314, 47.846426 ], [ -99.040115, 47.846619 ], [ -99.083004, 47.84677 ], [ -99.09384, 47.847136 ], [ -99.094072, 47.847509 ], [ -99.096233, 47.847549 ], [ -99.096657, 47.847101 ], [ -99.098946, 47.847299 ], [ -99.099152, 47.847559 ], [ -99.109185, 47.847429 ], [ -99.109382, 47.847405 ], [ -99.15137, 47.847257 ], [ -99.152876, 47.84748 ], [ -99.168578, 47.84743 ], [ -99.169983, 47.847419 ], [ -99.172939, 47.847401 ], [ -99.174595, 47.847384 ], [ -99.208344, 47.847246 ], [ -99.211362, 47.847029 ], [ -99.287765, 47.846832 ], [ -99.297202, 47.846834 ], [ -99.302362, 47.846698 ], [ -99.312933, 47.846735 ], [ -99.314223, 47.846896 ], [ -99.331662, 47.846914 ], [ -99.333103, 47.849767 ], [ -99.334461, 47.850316 ], [ -99.338943, 47.850155 ], [ -99.341526, 47.852097 ], [ -99.344752, 47.852621 ], [ -99.3455, 47.854609 ], [ -99.348081, 47.854449 ], [ -99.349202, 47.855591 ], [ -99.351886, 47.856047 ], [ -99.352023, 47.857144 ], [ -99.35002, 47.857762 ], [ -99.350293, 47.859911 ], [ -99.35284, 47.85943 ], [ -99.351041, 47.861305 ], [ -99.353964, 47.863886 ], [ -99.35556, 47.864228 ], [ -99.356952, 47.863405 ], [ -99.359431, 47.863518 ], [ -99.361949, 47.864701 ], [ -99.363643, 47.864979 ], [ -99.36402, 47.866784 ], [ -99.365788, 47.868566 ], [ -99.369762, 47.869091 ], [ -99.37153, 47.870575 ], [ -99.373873, 47.870666 ], [ -99.378129, 47.871764 ], [ -99.378196, 47.872952 ], [ -99.374521, 47.873133 ], [ -99.374952, 47.874002 ], [ -99.377481, 47.874323 ], [ -99.379418, 47.873684 ], [ -99.380878, 47.874119 ], [ -99.381451, 47.87706 ], [ -99.382712, 47.878371 ], [ -99.385061, 47.877921 ], [ -99.38704, 47.881653 ], [ -99.385039, 47.881617 ], [ -99.385179, 47.883086 ], [ -99.388074, 47.882769 ], [ -99.389027, 47.883581 ], [ -99.385908, 47.885857 ], [ -99.385397, 47.88725 ], [ -99.386574, 47.88937 ], [ -99.388599, 47.891327 ], [ -99.389229, 47.894137 ], [ -99.388576, 47.895321 ], [ -99.386155, 47.895665 ], [ -99.385848, 47.897264 ], [ -99.387204, 47.900236 ], [ -99.390025, 47.899804 ], [ -99.39033, 47.901267 ], [ -99.393556, 47.903576 ], [ -99.395799, 47.90456 ], [ -99.396441, 47.908262 ], [ -99.395118, 47.910774 ], [ -99.395086, 47.91324 ], [ -99.393456, 47.914541 ], [ -99.394852, 47.916917 ], [ -99.396349, 47.917602 ], [ -99.397373, 47.921084 ], [ -99.400126, 47.921703 ], [ -99.403373, 47.925477 ], [ -99.40495, 47.925649 ], [ -99.405008, 47.933602 ] ] ] } },
{ "type": "Feature", "properties": { "geoid": "38071957600", "county_name": "Ramsey County", "place_name": null, "state_name": "North Dakota", "state_abbr": "ND", "is_rural": true, "dci_score": 67.6, "dci_quintile": 4.0, "is_cra_lmi": false, "income_level": "U", "is_persistent_poverty": false, "is_tribal_overlap": false, "tribal_area_name": null, "aian_pct": 0.2405, "has_nmtc": false, "nmtc_projects": 0, "nmtc_total_usd": 0.0 }, "geometry": { "type": "Polygon", "coordinates": [ [ [ -98.874097, 48.093011 ], [ -98.869217, 48.097583 ], [ -98.86587, 48.101409 ], [ -98.864218, 48.103433 ], [ -98.864996, 48.105965 ], [ -98.865197, 48.112148 ], [ -98.865235, 48.114856 ], [ -98.854276, 48.114791 ], [ -98.843524, 48.114821 ], [ -98.843523, 48.11795 ], [ -98.832737, 48.11782 ], [ -98.83275, 48.115251 ], [ -98.832732, 48.107851 ], [ -98.81092, 48.107876 ], [ -98.811147, 48.10105 ], [ -98.811289, 48.078212 ], [ -98.812522, 48.079259 ], [ -98.819395, 48.080959 ], [ -98.826231, 48.085282 ], [ -98.827947, 48.08565 ], [ -98.838906, 48.08579 ], [ -98.844071, 48.085774 ], [ -98.849139, 48.085814 ], [ -98.854335, 48.088085 ], [ -98.85716, 48.089425 ], [ -98.864862, 48.089476 ], [ -98.86745, 48.087299 ], [ -98.870214, 48.091737 ], [ -98.874097, 48.093011 ] ] ] } },
{ "type": "Feature", "properties": { "geoid": "38035010806", "county_name": "Grand Forks County", "place_name": null, "state_name": "North Dakota", "state_abbr": "ND", "is_rural": false, "dci_score": 34.3, "dci_quintile": 5.0, "is_cra_lmi": true, "income_level": "M", "is_persistent_poverty": false, "is_tribal_overlap": false, "tribal_area_name": null, "aian_pct": 0.0032, "has_nmtc": false, "nmtc_projects": 0, "nmtc_total_usd": 0.0 }, "geometry": { "type": "Polygon", "coordinates": [ [ [ -97.05587, 47.896728 ], [ -97.055779, 47.903941 ], [ -97.051192, 47.903942 ], [ -97.044986, 47.903934 ], [ -97.045035, 47.898719 ], [ -97.045042, 47.896733 ], [ -97.045134, 47.889408 ], [ -97.045388, 47.889403 ], [ -97.052151, 47.889431 ], [ -97.055972, 47.889438 ], [ -97.05587, 47.896728 ] ] ] } },
{ "type": "Feature", "properties": { "geoid": "38017010106", "county_name": "Cass County", "place_name": null, "state_name": "North Dakota", "state_abbr": "ND", "is_rural": false, "dci_score": 61.8, "dci_quintile": 4.0, "is_cra_lmi": true, "income_level": "M", "is_persistent_poverty": false, "is_tribal_overlap": false, "tribal_area_name": null, "aian_pct": 0.024, "has_nmtc": false, "nmtc_projects": 0, "nmtc_total_usd": 0.0 }, "geometry": { "type": "Polygon", "coordinates": [ [ [ -96.861894, 46.866891 ], [ -96.856695, 46.866001 ], [ -96.850876, 46.866791 ], [ -96.848026, 46.866782 ], [ -96.844677, 46.86673 ], [ -96.841935, 46.865986 ], [ -96.841551, 46.861725 ], [ -96.841534, 46.861554 ], [ -96.840992, 46.855402 ], [ -96.840996, 46.854967 ], [ -96.841066, 46.84727 ], [ -96.851274, 46.847382 ], [ -96.861952, 46.847503 ], [ -96.861846, 46.854589 ], [ -96.861788, 46.861776 ], [ -96.861785, 46.861899 ], [ -96.861953, 46.8619 ], [ -96.861894, 46.866891 ] ] ] } },
{ "type": "Feature", "properties": { "geoid": "38017000802", "county_name": "Cass County", "place_name": "Jamestown", "state_name": "North Dakota", "state_abbr": "ND", "is_rural": false, "dci_score": 61.8, "dci_quintile": 4.0, "is_cra_lmi": true, "income_level": "M", "is_persistent_poverty": false, "is_tribal_overlap": false, "tribal_area_name": null, "aian_pct": 0.0165, "has_nmtc": false, "nmtc_projects": 0, "nmtc_total_usd": 0.0 }, "geometry": { "type": "Polygon", "coordinates": [ [ [ -96.819478, 46.869797 ], [ -96.808967, 46.869771 ], [ -96.806905, 46.869764 ], [ -96.806869, 46.874004 ], [ -96.798273, 46.873955 ], [ -96.798324, 46.869717 ], [ -96.798392, 46.865787 ], [ -96.798447, 46.861572 ], [ -96.808986, 46.861561 ], [ -96.809099, 46.861554 ], [ -96.819474, 46.861464 ], [ -96.819522, 46.865752 ], [ -96.819478, 46.869797 ] ] ] } }
]
}
