{
"type": "FeatureCollection",
"name": "53",
"crs": { "type": "name", "properties": { "name": "urn:ogc:def:crs:OGC:1.3:CRS84" } },
"features": [
{ "type": "Feature", "properties": { "geoid": "53003960500", "county_name": "Asotin County", "place_name": null, "state_name": "Washington", "state_abbr": "WA", "is_rural": true, "dci_score": 55.7, "dci_quintile": 4.0, "is_cra_lmi": true, "income_level": "M", "is_persistent_poverty": false, "is_tribal_overlap": false, "tribal_area_name": null, "aian_pct": 0.0, "has_nmtc": false, "nmtc_projects": 0, "nmtc_total_usd": 0.0 }, "geometry": { "type": "Polygon", "coordinates": [ [ [ -117.05936, 46.40209 ], [ -117.058654, 46.402801 ], [ -117.05864, 46.40363 ], [ -117.05863, 46.404202 ], [ -117.058636, 46.405978 ], [ -117.05864, 46.40725 ], [ -117.05865, 46.409959 ], [ -117.05864, 46.41268 ], [ -117.05079, 46.41269 ], [ -117.0392, 46.4127 ], [ -117.04032, 46.41087 ], [ -117.04203, 46.40656 ], [ -117.042021, 46.406006 ], [ -117.04215, 46.4039 ], [ -117.04426, 46.40364 ], [ -117.04426, 46.40056 ], [ -117.04428, 46.39697 ], [ -117.053387, 46.400628 ], [ -117.054696, 46.40119 ], [ -117.05503, 46.40133 ], [ -117.05527, 46.40142 ], [ -117.05537, 46.401446 ], [ -117.05905, 46.40172 ], [ -117.05936, 46.40209 ] ] ] } },
{ "type": "Feature", "properties": { "geoid": "53071920500", "county_name": "Walla Walla County", "place_name": null, "state_name": "Washington", "state_abbr": "WA", "is_rural": true, "dci_score": 56.8, "dci_quintile": 4.0, "is_cra_lmi": true, "income_level": "M", "is_persistent_poverty": false, "is_tribal_overlap": false, "tribal_area_name": null, "aian_pct": 0.0, "has_nmtc": false, "nmtc_projects": 0, "nmtc_total_usd": 0.0 }, "geometry": { "type": "Polygon", "coordinates": [ [ [ -118.376274, 46.071841 ], [ -118.374215, 46.072456 ], [ -118.369885, 46.073652 ], [ -118.356446, 46.074812 ], [ -118.35644, 46.077256 ], [ -118.351186, 46.077252 ], [ -118.351189, 46.07515 ], [ -118.342437, 46.079078 ], [ -118.340853, 46.080142 ], [ -118.340926, 46.082181 ], [ -118.335621, 46.085831 ], [ -118.332183, 46.085832 ], [ -118.331584, 46.086777 ], [ -118.325879, 46.086768 ], [ -118.327634, 46.085771 ], [ -118.331995, 46.083671 ], [ -118.334517, 46.081326 ], [ -118.332687, 46.080577 ], [ -118.331987, 46.079654 ], [ -118.325513, 46.08173 ], [ -118.325445, 46.07964 ], [ -118.330671, 46.07796 ], [ -118.333097, 46.075023 ], [ -118.333115, 46.073497 ], [ -118.337327, 46.069571 ], [ -118.339185, 46.067893 ], [ -118.340042, 46.067553 ], [ -118.349072, 46.063911 ], [ -118.354426, 46.061965 ], [ -118.35627, 46.064012 ], [ -118.356454, 46.067521 ], [ -118.362123, 46.067495 ], [ -118.362109, 46.068636 ], [ -118.369708, 46.06841 ], [ -118.369919, 46.071341 ], [ -118.374244, 46.071662 ], [ -118.375643, 46.071594 ], [ -118.378173, 46.071105 ], [ -118.376274, 46.071841 ] ] ] } },
{ "type": "Feature", "properties": { "geoid": "53065950900", "county_name": "Stevens County", "place_name": null, "state_name": "Washington", "state_abbr": "WA", "is_rural": true, "dci_score": 57.0, "dci_quintile": 4.0, "is_cra_lmi": true, "income_level": "M", "is_persistent_poverty": false, "is_tribal_overlap": true, "tribal_area_name": "Colville Reservation|Spokane Reservation", "aian_pct": 0.0, "has_nmtc": false, "nmtc_projects": 0, "nmtc_total_usd": 0.0 }, "geometry": { "type": "Polygon", "coordinates": [ [ [ -118.402407, 48.026382 ], [ -118.400807, 48.028682 ], [ -118.398907, 48.030282 ], [ -118.396607, 48.031682 ], [ -118.389406, 48.035282 ], [ -118.384006, 48.037082 ], [ -118.379706, 48.039383 ], [ -118.376106, 48.040716 ], [ -118.369461, 48.042615 ], [ -118.368266, 48.043288 ], [ -118.366286, 48.044404 ], [ -118.358905, 48.049427 ], [ -118.354417, 48.050119 ], [ -118.347077, 48.050492 ], [ -118.339475, 48.049761 ], [ -118.332403, 48.047455 ], [ -118.319558, 48.042668 ], [ -118.3161, 48.041648 ], [ -118.3107, 48.041172 ], [ -118.299764, 48.041525 ], [ -118.28332, 48.04073 ], [ -118.275476, 48.040567 ], [ -118.270405, 48.042898 ], [ -118.267202, 48.047059 ], [ -118.265648, 48.051281 ], [ -118.266654, 48.056729 ], [ -118.264472, 48.058277 ], [ -118.261284, 48.059327 ], [ -118.257892, 48.059778 ], [ -118.256038, 48.059317 ], [ -118.250098, 48.055084 ], [ -118.245198, 48.054684 ], [ -118.241398, 48.056184 ], [ -118.238198, 48.058184 ], [ -118.234398, 48.061785 ], [ -118.233198, 48.065285 ], [ -118.233598, 48.070385 ], [ -118.235298, 48.075485 ], [ -118.234998, 48.079085 ], [ -118.234098, 48.081185 ], [ -118.231298, 48.084785 ], [ -118.231098, 48.088285 ], [ -118.232199, 48.091985 ], [ -118.235099, 48.097986 ], [ -118.235699, 48.101086 ], [ -118.237499, 48.104786 ], [ -118.239399, 48.106286 ], [ -118.2432, 48.108286 ], [ -118.2477, 48.109486 ], [ -118.2511, 48.110786 ], [ -118.253588, 48.112979 ], [ -118.254681, 48.117361 ], [ -118.253683, 48.120049 ], [ -118.253582, 48.122837 ], [ -118.254392, 48.12853 ], [ -118.251103, 48.132745 ], [ -118.247606, 48.134658 ], [ -118.242603, 48.135476 ], [ -118.2333, 48.134687 ], [ -118.2301, 48.135187 ], [ -118.2253, 48.137187 ], [ -118.221199, 48.138087 ], [ -118.207499, 48.138287 ], [ -118.205698, 48.138587 ], [ -118.200498, 48.141187 ], [ -118.196498, 48.145287 ], [ -118.193998, 48.149188 ], [ -118.191298, 48.158588 ], [ -118.192299, 48.167088 ], [ -118.195999, 48.179088 ], [ -118.196599, 48.190589 ], [ -118.196199, 48.191489 ], [ -118.193199, 48.194789 ], [ -118.189199, 48.196189 ], [ -118.187899, 48.197089 ], [ -118.187599, 48.199089 ], [ -118.188099, 48.201589 ], [ -118.189399, 48.205189 ], [ -118.1895, 48.207589 ], [ -118.1918, 48.210389 ], [ -118.1949, 48.211889 ], [ -118.1949, 48.212489 ], [ -118.1907, 48.215889 ], [ -118.1881, 48.21749 ], [ -118.180299, 48.22149 ], [ -118.174199, 48.22539 ], [ -118.165299, 48.23039 ], [ -118.158298, 48.23509 ], [ -118.154498, 48.237891 ], [ -118.151598, 48.240691 ], [ -118.149313, 48.243425 ], [ -118.147998, 48.245391 ], [ -118.146398, 48.249891 ], [ -118.144593, 48.253402 ], [ -118.144097, 48.255445 ], [ -118.141477, 48.260155 ], [ -118.140002, 48.268327 ], [ -118.144129, 48.275134 ], [ -118.148458, 48.27801 ], [ -118.150754, 48.282253 ], [ -118.151811, 48.285761 ], [ -118.152283, 48.28985 ], [ -118.1545, 48.295892 ], [ -118.1563, 48.298692 ], [ -118.1587, 48.300992 ], [ -118.164901, 48.304492 ], [ -118.168901, 48.312392 ], [ -118.172848, 48.316181 ], [ -118.175602, 48.319492 ], [ -118.175969, 48.326357 ], [ -118.179402, 48.333293 ], [ -118.180202, 48.335693 ], [ -118.180002, 48.340793 ], [ -118.179402, 48.342593 ], [ -118.180103, 48.347993 ], [ -118.179603, 48.352893 ], [ -118.180203, 48.358293 ], [ -118.180203, 48.363694 ], [ -118.181203, 48.366894 ], [ -118.181903, 48.372894 ], [ -118.183203, 48.375194 ], [ -118.185804, 48.378194 ], [ -118.186904, 48.381994 ], [ -118.187604, 48.387394 ], [ -118.189704, 48.391494 ], [ -118.192858, 48.395023 ], [ -118.196105, 48.398794 ], [ -118.200505, 48.403394 ], [ -118.202605, 48.406794 ], [ -118.203505, 48.409694 ], [ -118.203134, 48.415412 ], [ -118.202444, 48.418722 ], [ -118.180465, 48.418263 ], [ -118.177137, 48.417599 ], [ -118.174071, 48.41976 ], [ -118.173132, 48.421712 ], [ -118.169753, 48.423243 ], [ -118.16724, 48.423943 ], [ -118.166498, 48.425506 ], [ -118.163705, 48.424968 ], [ -118.161702, 48.425598 ], [ -118.158323, 48.428093 ], [ -118.150938, 48.429944 ], [ -118.147716, 48.429976 ], [ -118.141172, 48.431537 ], [ -118.131671, 48.431182 ], [ -118.125781, 48.431628 ], [ -118.121542, 48.428471 ], [ -118.119498, 48.427825 ], [ -118.118427, 48.42833 ], [ -118.112573, 48.424999 ], [ -118.10906, 48.422187 ], [ -118.104965, 48.421191 ], [ -118.101634, 48.419004 ], [ -118.100085, 48.418845 ], [ -118.096369, 48.41736 ], [ -118.095536, 48.416478 ], [ -118.095576, 48.414734 ], [ -118.091761, 48.413293 ], [ -118.091513, 48.41105 ], [ -118.09043, 48.408826 ], [ -118.089912, 48.428168 ], [ -118.092643, 48.431222 ], [ -118.094134, 48.43172 ], [ -118.092053, 48.432866 ], [ -118.090675, 48.434484 ], [ -118.08655, 48.433971 ], [ -118.078231, 48.435506 ], [ -118.071107, 48.438205 ], [ -118.064403, 48.439241 ], [ -118.062037, 48.440169 ], [ -118.062109, 48.436711 ], [ -118.063292, 48.434758 ], [ -118.062451, 48.432997 ], [ -118.064532, 48.432575 ], [ -118.06727, 48.431816 ], [ -118.064832, 48.428434 ], [ -118.069845, 48.42768 ], [ -118.073039, 48.427543 ], [ -118.0755, 48.423744 ], [ -118.074596, 48.422985 ], [ -118.072354, 48.423342 ], [ -118.070567, 48.422766 ], [ -118.069704, 48.42072 ], [ -118.07243, 48.418744 ], [ -118.073212, 48.416521 ], [ -118.071461, 48.413845 ], [ -118.066646, 48.411981 ], [ -118.066578, 48.410172 ], [ -118.068773, 48.408762 ], [ -118.071109, 48.406249 ], [ -118.070392, 48.405107 ], [ -118.067217, 48.40279 ], [ -118.067369, 48.399561 ], [ -118.064732, 48.397679 ], [ -118.064266, 48.3946 ], [ -118.065501, 48.393495 ], [ -118.065134, 48.390161 ], [ -118.065726, 48.389695 ], [ -118.067446, 48.390449 ], [ -118.069595, 48.391969 ], [ -118.069908, 48.391615 ], [ -118.065372, 48.38727 ], [ -118.063872, 48.386707 ], [ -118.061988, 48.386014 ], [ -118.062566, 48.387373 ], [ -118.062188, 48.390366 ], [ -118.061228, 48.392948 ], [ -118.057866, 48.393405 ], [ -118.052616, 48.391371 ], [ -118.050729, 48.392125 ], [ -118.048842, 48.391943 ], [ -118.048774, 48.389977 ], [ -118.04741, 48.388461 ], [ -118.045162, 48.387391 ], [ -118.044898, 48.386395 ], [ -118.047146, 48.385087 ], [ -118.045003, 48.38388 ], [ -118.045666, 48.38219 ], [ -118.042734, 48.381842 ], [ -118.036457, 48.381977 ], [ -118.040165, 48.38328 ], [ -118.032782, 48.383753 ], [ -118.031329, 48.382862 ], [ -118.033133, 48.381635 ], [ -118.034162, 48.378052 ], [ -118.02865, 48.381886 ], [ -118.028112, 48.382865 ], [ -118.031512, 48.385254 ], [ -118.029708, 48.386267 ], [ -118.025979, 48.385459 ], [ -118.02242, 48.385338 ], [ -118.019972, 48.387141 ], [ -118.012966, 48.387098 ], [ -118.01012, 48.388728 ], [ -118.007215, 48.389616 ], [ -118.001959, 48.393074 ], [ -117.998988, 48.396809 ], [ -117.998992, 48.394864 ], [ -117.998115, 48.392351 ], [ -117.998403, 48.389253 ], [ -117.998057, 48.386872 ], [ -117.998066, 48.376358 ], [ -117.995247, 48.370585 ], [ -117.9941, 48.366813 ], [ -117.994992, 48.361381 ], [ -117.991009, 48.360121 ], [ -117.989883, 48.356422 ], [ -117.987057, 48.352798 ], [ -117.985949, 48.350734 ], [ -117.986056, 48.348757 ], [ -117.984262, 48.347247 ], [ -117.983574, 48.343993 ], [ -117.984739, 48.341637 ], [ -117.987133, 48.339499 ], [ -117.987569, 48.333972 ], [ -117.987154, 48.33199 ], [ -117.98741, 48.328903 ], [ -117.986768, 48.325086 ], [ -117.987227, 48.319925 ], [ -117.986949, 48.314703 ], [ -117.985584, 48.314523 ], [ -117.983354, 48.312785 ], [ -117.983205, 48.31098 ], [ -117.979316, 48.308149 ], [ -117.979427, 48.307259 ], [ -117.974628, 48.306118 ], [ -117.971064, 48.303411 ], [ -117.970094, 48.301752 ], [ -117.967604, 48.300283 ], [ -117.964317, 48.29921 ], [ -117.961793, 48.295719 ], [ -117.96087, 48.295305 ], [ -117.956093, 48.294801 ], [ -117.952893, 48.292145 ], [ -117.956648, 48.290324 ], [ -117.960033, 48.289285 ], [ -117.963954, 48.289043 ], [ -117.9636, 48.286865 ], [ -117.957953, 48.288352 ], [ -117.956093, 48.288484 ], [ -117.959589, 48.287113 ], [ -117.959949, 48.286382 ], [ -117.957969, 48.281936 ], [ -117.958305, 48.280398 ], [ -117.956522, 48.277221 ], [ -117.955734, 48.274164 ], [ -117.953692, 48.272527 ], [ -117.951919, 48.269811 ], [ -117.950602, 48.270921 ], [ -117.950068, 48.268552 ], [ -117.950463, 48.26692 ], [ -117.947937, 48.264456 ], [ -117.946854, 48.262065 ], [ -117.942273, 48.262936 ], [ -117.941469, 48.261371 ], [ -117.939671, 48.26298 ], [ -117.938666, 48.262059 ], [ -117.930122, 48.26532 ], [ -117.928546, 48.265139 ], [ -117.929759, 48.263886 ], [ -117.929454, 48.261744 ], [ -117.926475, 48.264882 ], [ -117.92278, 48.265642 ], [ -117.925416, 48.264115 ], [ -117.926492, 48.262109 ], [ -117.926078, 48.260261 ], [ -117.926875, 48.258779 ], [ -117.92598, 48.257801 ], [ -117.926186, 48.255107 ], [ -117.927086, 48.254073 ], [ -117.930323, 48.253699 ], [ -117.932985, 48.25535 ], [ -117.934989, 48.255061 ], [ -117.936447, 48.252882 ], [ -117.938264, 48.25171 ], [ -117.937613, 48.248834 ], [ -117.938397, 48.248211 ], [ -117.942511, 48.248175 ], [ -117.944238, 48.247478 ], [ -117.946816, 48.244902 ], [ -117.94812, 48.244379 ], [ -117.949872, 48.241675 ], [ -117.953256, 48.238945 ], [ -117.956368, 48.235967 ], [ -117.960039, 48.234708 ], [ -117.961313, 48.233055 ], [ -117.965464, 48.231858 ], [ -117.968136, 48.23016 ], [ -117.969571, 48.227829 ], [ -117.973093, 48.226594 ], [ -117.973844, 48.225771 ], [ -117.973844, 48.224514 ], [ -117.97523, 48.223329 ], [ -117.976098, 48.221657 ], [ -117.975141, 48.222137 ], [ -117.978176, 48.217645 ], [ -117.982536, 48.212396 ], [ -117.983965, 48.20779 ], [ -117.98401, 48.205042 ], [ -117.985627, 48.202589 ], [ -117.982186, 48.201077 ], [ -117.980383, 48.19842 ], [ -117.977274, 48.195121 ], [ -117.977659, 48.192144 ], [ -117.975377, 48.189441 ], [ -117.975539, 48.188478 ], [ -117.979164, 48.186008 ], [ -117.981724, 48.183552 ], [ -117.986471, 48.182222 ], [ -117.990383, 48.182169 ], [ -117.989243, 48.18195 ], [ -117.988278, 48.1795 ], [ -117.986877, 48.178873 ], [ -117.989419, 48.178305 ], [ -117.98672, 48.17747 ], [ -117.986565, 48.175754 ], [ -117.98807, 48.176548 ], [ -117.988161, 48.175111 ], [ -117.986409, 48.173442 ], [ -117.987283, 48.170837 ], [ -117.985823, 48.169778 ], [ -117.983926, 48.166592 ], [ -117.982428, 48.165437 ], [ -117.98171, 48.162489 ], [ -117.980042, 48.16125 ], [ -117.981997, 48.159299 ], [ -117.982686, 48.157488 ], [ -117.982867, 48.154209 ], [ -117.981781, 48.152467 ], [ -117.984043, 48.150653 ], [ -117.983472, 48.147672 ], [ -117.982044, 48.146021 ], [ -117.9834, 48.14297 ], [ -117.983626, 48.141066 ], [ -117.986319, 48.139321 ], [ -117.9871, 48.136705 ], [ -117.984255, 48.136792 ], [ -117.984234, 48.13581 ], [ -117.987035, 48.133828 ], [ -117.985217, 48.13043 ], [ -117.98993, 48.130186 ], [ -117.994748, 48.129162 ], [ -117.998333, 48.126518 ], [ -118.000165, 48.125995 ], [ -118.000386, 48.123869 ], [ -118.001931, 48.122798 ], [ -118.005222, 48.123263 ], [ -118.010314, 48.122862 ], [ -118.009919, 48.120194 ], [ -118.013072, 48.118283 ], [ -118.014485, 48.115867 ], [ -118.01849, 48.11543 ], [ -118.021078, 48.114938 ], [ -118.026703, 48.113049 ], [ -118.029983, 48.110503 ], [ -118.031358, 48.107187 ], [ -118.030561, 48.103709 ], [ -118.024709, 48.097223 ], [ -118.02246, 48.09443 ], [ -118.022241, 48.0923 ], [ -118.020116, 48.089248 ], [ -118.017558, 48.089744 ], [ -118.014885, 48.087554 ], [ -118.01731, 48.083145 ], [ -118.016254, 48.082139 ], [ -118.016495, 48.07958 ], [ -118.01578, 48.077752 ], [ -118.017199, 48.076968 ], [ -118.019601, 48.075514 ], [ -118.020353, 48.073983 ], [ -118.019675, 48.069367 ], [ -118.02179, 48.067608 ], [ -118.024381, 48.066557 ], [ -118.026019, 48.064866 ], [ -118.024351, 48.061964 ], [ -118.020364, 48.060066 ], [ -118.023262, 48.059838 ], [ -118.025045, 48.060847 ], [ -118.027352, 48.059622 ], [ -118.029399, 48.056824 ], [ -118.037784, 48.055569 ], [ -118.040137, 48.05445 ], [ -118.046478, 48.049972 ], [ -118.052034, 48.048944 ], [ -118.054453, 48.049882 ], [ -118.057418, 48.049722 ], [ -118.05881, 48.04821 ], [ -118.061986, 48.04723 ], [ -118.064099, 48.047253 ], [ -118.066313, 48.042683 ], [ -118.067438, 48.041746 ], [ -118.068425, 48.038227 ], [ -118.074898, 48.034387 ], [ -118.076568, 48.033861 ], [ -118.07851, 48.03441 ], [ -118.079531, 48.032581 ], [ -118.083141, 48.030341 ], [ -118.084537, 48.027896 ], [ -118.085593, 48.027462 ], [ -118.089614, 48.027826 ], [ -118.096971, 48.027207 ], [ -118.100616, 48.027228 ], [ -118.103717, 48.028096 ], [ -118.108759, 48.028002 ], [ -118.1092, 48.02558 ], [ -118.106711, 48.024347 ], [ -118.10674, 48.017309 ], [ -118.107724, 48.013104 ], [ -118.106357, 48.007392 ], [ -118.105164, 48.005952 ], [ -118.105317, 48.002109 ], [ -118.123582, 48.002173 ], [ -118.128654, 48.002575 ], [ -118.214362, 48.002956 ], [ -118.215572, 48.003528 ], [ -118.370833, 48.003514 ], [ -118.374832, 48.003288 ], [ -118.378505, 48.003482 ], [ -118.381505, 48.006182 ], [ -118.388706, 48.011682 ], [ -118.395906, 48.018182 ], [ -118.398907, 48.021282 ], [ -118.401107, 48.022882 ], [ -118.402407, 48.024982 ], [ -118.402407, 48.026382 ] ] ] } },
{ "type": "Feature", "properties": { "geoid": "53067010520", "county_name": "Thurston County", "place_name": null, "state_name": "Washington", "state_abbr": "WA", "is_rural": false, "dci_score": 42.8, "dci_quintile": 5.0, "is_cra_lmi": true, "income_level": "M", "is_persistent_poverty": false, "is_tribal_overlap": false, "tribal_area_name": null, "aian_pct": 0.0, "has_nmtc": false, "nmtc_projects": 0, "nmtc_total_usd": 0.0 }, "geometry": { "type": "Polygon", "coordinates": [ [ [ -122.931677, 47.039853 ], [ -122.925933, 47.044453 ], [ -122.925875, 47.046055 ], [ -122.913246, 47.045803 ], [ -122.911802, 47.044218 ], [ -122.90931, 47.04432 ], [ -122.909261, 47.043508 ], [ -122.909287, 47.043311 ], [ -122.909255, 47.037499 ], [ -122.90785, 47.028818 ], [ -122.904775, 47.025239 ], [ -122.90328, 47.023814 ], [ -122.905564, 47.022415 ], [ -122.90638, 47.021096 ], [ -122.908954, 47.021931 ], [ -122.912401, 47.025259 ], [ -122.914427, 47.025806 ], [ -122.923044, 47.025912 ], [ -122.926717, 47.026084 ], [ -122.930664, 47.027568 ], [ -122.94071, 47.032495 ], [ -122.931677, 47.039853 ] ] ] } },
{ "type": "Feature", "properties": { "geoid": "53077940003", "county_name": "Yakima County", "place_name": "Clarkston", "state_name": "Washington", "state_abbr": "WA", "is_rural": false, "dci_score": 83.7, "dci_quintile": 2.0, "is_cra_lmi": false, "income_level": "U", "is_persistent_poverty": false, "is_tribal_overlap": true, "tribal_area_name": "Yakama Nation Reservation", "aian_pct": 0.0, "has_nmtc": false, "nmtc_projects": 0, "nmtc_total_usd": 0.0 }, "geometry": { "type": "Polygon", "coordinates": [ [ [ -121.522324, 46.388224 ], [ -121.486715, 46.388119 ], [ -121.459437, 46.388466 ], [ -121.456542, 46.388627 ], [ -121.453632, 46.386612 ], [ -121.449114, 46.384892 ], [ -121.447235, 46.384729 ], [ -121.445709, 46.38802 ], [ -121.402672, 46.388044 ], [ -121.399817, 46.388627 ], [ -121.396555, 46.388235 ], [ -121.396124, 46.388627 ], [ -121.395755, 46.388773 ], [ -121.395492, 46.388915 ], [ -121.394668, 46.389428 ], [ -121.393759, 46.39004 ], [ -121.393734, 46.390204 ], [ -121.393858, 46.390541 ], [ -121.393857, 46.390766 ], [ -121.392984, 46.394238 ], [ -121.391507, 46.395275 ], [ -121.391725, 46.39716 ], [ -121.389936, 46.401439 ], [ -121.388574, 46.401935 ], [ -121.390874, 46.404994 ], [ -121.387352, 46.40853 ], [ -121.386557, 46.410601 ], [ -121.390321, 46.414795 ], [ -121.390871, 46.41615 ], [ -121.393192, 46.417187 ], [ -121.396778, 46.422538 ], [ -121.402034, 46.424768 ], [ -121.404714, 46.429105 ], [ -121.407298, 46.429903 ], [ -121.408216, 46.433314 ], [ -121.407676, 46.434598 ], [ -121.40805, 46.438778 ], [ -121.410054, 46.441857 ], [ -121.410705, 46.446119 ], [ -121.412321, 46.44699 ], [ -121.413597, 46.450658 ], [ -121.414644, 46.451424 ], [ -121.414816, 46.455079 ], [ -121.413293, 46.456889 ], [ -121.412381, 46.459805 ], [ -121.41558, 46.4598 ], [ -121.419147, 46.462575 ], [ -121.425371, 46.464085 ], [ -121.426148, 46.466843 ], [ -121.427726, 46.46801 ], [ -121.429745, 46.470985 ], [ -121.434425, 46.474351 ], [ -121.435856, 46.475907 ], [ -121.43657, 46.478213 ], [ -121.435138, 46.4804 ], [ -121.435076, 46.482221 ], [ -121.43198, 46.485011 ], [ -121.431796, 46.48666 ], [ -121.429875, 46.487679 ], [ -121.428512, 46.489563 ], [ -121.423393, 46.491423 ], [ -121.423242, 46.492743 ], [ -121.421727, 46.492249 ], [ -121.420004, 46.490425 ], [ -121.417388, 46.489732 ], [ -121.414105, 46.491205 ], [ -121.40685, 46.488206 ], [ -121.408376, 46.486692 ], [ -121.407047, 46.483759 ], [ -121.406041, 46.482932 ], [ -121.400434, 46.481428 ], [ -121.398262, 46.478952 ], [ -121.393553, 46.47528 ], [ -121.391162, 46.47434 ], [ -121.384395, 46.471662 ], [ -121.380435, 46.468122 ], [ -121.374388, 46.467679 ], [ -121.372032, 46.466322 ], [ -121.370959, 46.467289 ], [ -121.367037, 46.467971 ], [ -121.362685, 46.467978 ], [ -121.358053, 46.466943 ], [ -121.354399, 46.464841 ], [ -121.350132, 46.461291 ], [ -121.347758, 46.46178 ], [ -121.346603, 46.46127 ], [ -121.342197, 46.461981 ], [ -121.338715, 46.462127 ], [ -121.333983, 46.461594 ], [ -121.33279, 46.460009 ], [ -121.329459, 46.459552 ], [ -121.327198, 46.458498 ], [ -121.322467, 46.457864 ], [ -121.321808, 46.456115 ], [ -121.31897, 46.454721 ], [ -121.318144, 46.455152 ], [ -121.312285, 46.456121 ], [ -121.30953, 46.456136 ], [ -121.306861, 46.457159 ], [ -121.303399, 46.455392 ], [ -121.301212, 46.456586 ], [ -121.299231, 46.456472 ], [ -121.293988, 46.458552 ], [ -121.291408, 46.460179 ], [ -121.283161, 46.462842 ], [ -121.279511, 46.465099 ], [ -121.276893, 46.465719 ], [ -121.268973, 46.469256 ], [ -121.265289, 46.470137 ], [ -121.266746, 46.473838 ], [ -121.2679, 46.474357 ], [ -121.272463, 46.477099 ], [ -121.269939, 46.482182 ], [ -121.267836, 46.484282 ], [ -121.263995, 46.486067 ], [ -121.26178, 46.489344 ], [ -121.259631, 46.491301 ], [ -121.255896, 46.492219 ], [ -121.25421, 46.495832 ], [ -121.25119, 46.495675 ], [ -121.24652, 46.498566 ], [ -121.242427, 46.499839 ], [ -121.239994, 46.499839 ], [ -121.236867, 46.503147 ], [ -121.234107, 46.505066 ], [ -121.232128, 46.504276 ], [ -121.225331, 46.506122 ], [ -121.220997, 46.506383 ], [ -121.218959, 46.508676 ], [ -121.215203, 46.509244 ], [ -121.210555, 46.510607 ], [ -121.209313, 46.512557 ], [ -121.208617, 46.511688 ], [ -121.201732, 46.509839 ], [ -121.195205, 46.507142 ], [ -121.19643, 46.504908 ], [ -121.194615, 46.502687 ], [ -121.191768, 46.500767 ], [ -121.188691, 46.500211 ], [ -121.188786, 46.499509 ], [ -121.18695, 46.498781 ], [ -121.180603, 46.499062 ], [ -121.178426, 46.49984 ], [ -121.176435, 46.498444 ], [ -121.172507, 46.497898 ], [ -121.168668, 46.496345 ], [ -121.16261, 46.49297 ], [ -121.153552, 46.491551 ], [ -121.15019, 46.489033 ], [ -121.149752, 46.487782 ], [ -121.14526, 46.483026 ], [ -121.145761, 46.481457 ], [ -121.143879, 46.478498 ], [ -121.144039, 46.476889 ], [ -121.141768, 46.474322 ], [ -121.137882, 46.471159 ], [ -121.135119, 46.470802 ], [ -121.133745, 46.469801 ], [ -121.132265, 46.470276 ], [ -121.126187, 46.471028 ], [ -121.124896, 46.464885 ], [ -121.124672, 46.461889 ], [ -121.125722, 46.461173 ], [ -121.125771, 46.458653 ], [ -121.123605, 46.456792 ], [ -121.124562, 46.454729 ], [ -121.123666, 46.45024 ], [ -121.120128, 46.444887 ], [ -121.118953, 46.445063 ], [ -121.117549, 46.447352 ], [ -121.119517, 46.44931 ], [ -121.120312, 46.45262 ], [ -121.119467, 46.453663 ], [ -121.117517, 46.454349 ], [ -121.11507, 46.454145 ], [ -121.111863, 46.45474 ], [ -121.104954, 46.456982 ], [ -121.100294, 46.460412 ], [ -121.099104, 46.462812 ], [ -121.096294, 46.464092 ], [ -121.09517, 46.46391 ], [ -121.090937, 46.464757 ], [ -121.088986, 46.464552 ], [ -121.085051, 46.466472 ], [ -121.082736, 46.466679 ], [ -121.075823, 46.465354 ], [ -121.069837, 46.467388 ], [ -121.068646, 46.467434 ], [ -121.060246, 46.465788 ], [ -121.048109, 46.465878 ], [ -121.042123, 46.465283 ], [ -121.037724, 46.466219 ], [ -121.033061, 46.466241 ], [ -121.027636, 46.467336 ], [ -121.023767, 46.467311 ], [ -121.017281, 46.471308 ], [ -121.014435, 46.472587 ], [ -121.009473, 46.474024 ], [ -121.005997, 46.475759 ], [ -121.001673, 46.478523 ], [ -120.99718, 46.480206 ], [ -120.988868, 46.483923 ], [ -120.98642, 46.484359 ], [ -120.984833, 46.485433 ], [ -120.978053, 46.487332 ], [ -120.970577, 46.490008 ], [ -120.968691, 46.490489 ], [ -120.960685, 46.491496 ], [ -120.957476, 46.492204 ], [ -120.954531, 46.491816 ], [ -120.948807, 46.492799 ], [ -120.942785, 46.49545 ], [ -120.938715, 46.498307 ], [ -120.935855, 46.499843 ], [ -120.932168, 46.500958 ], [ -120.925018, 46.505688 ], [ -120.9228, 46.506213 ], [ -120.919689, 46.508018 ], [ -120.918471, 46.509433 ], [ -120.91651, 46.510645 ], [ -120.908201, 46.513637 ], [ -120.905717, 46.51631 ], [ -120.901083, 46.517017 ], [ -120.89446, 46.519757 ], [ -120.889162, 46.521171 ], [ -120.884903, 46.521673 ], [ -120.882242, 46.522402 ], [ -120.880619, 46.524024 ], [ -120.873528, 46.526597 ], [ -120.869271, 46.526427 ], [ -120.867284, 46.525377 ], [ -120.862781, 46.525379 ], [ -120.859436, 46.524855 ], [ -120.8597, 46.524078 ], [ -120.855197, 46.522914 ], [ -120.850795, 46.523076 ], [ -120.846955, 46.524722 ], [ -120.841835, 46.525468 ], [ -120.840004, 46.525752 ], [ -120.836499, 46.525098 ], [ -120.834045, 46.525228 ], [ -120.831396, 46.52436 ], [ -120.825802, 46.526074 ], [ -120.820173, 46.525504 ], [ -120.814019, 46.526611 ], [ -120.808321, 46.528726 ], [ -120.799779, 46.527949 ], [ -120.798422, 46.527057 ], [ -120.79478, 46.528062 ], [ -120.789781, 46.526507 ], [ -120.784815, 46.52694 ], [ -120.78147, 46.528608 ], [ -120.775974, 46.529863 ], [ -120.771438, 46.529313 ], [ -120.768028, 46.529951 ], [ -120.76677, 46.529334 ], [ -120.763096, 46.529126 ], [ -120.758923, 46.53013 ], [ -120.756143, 46.528986 ], [ -120.752164, 46.529167 ], [ -120.744678, 46.527509 ], [ -120.742896, 46.528404 ], [ -120.740458, 46.527395 ], [ -120.740086, 46.528515 ], [ -120.737633, 46.527783 ], [ -120.726346, 46.527802 ], [ -120.724229, 46.528507 ], [ -120.720109, 46.52901 ], [ -120.719047, 46.526999 ], [ -120.716962, 46.526667 ], [ -120.715119, 46.526702 ], [ -120.709416, 46.528552 ], [ -120.707468, 46.530643 ], [ -120.703683, 46.53015 ], [ -120.702593, 46.5306 ], [ -120.697558, 46.529872 ], [ -120.694431, 46.530804 ], [ -120.688627, 46.530078 ], [ -120.682791, 46.529879 ], [ -120.681513, 46.529545 ], [ -120.679311, 46.531404 ], [ -120.676369, 46.532325 ], [ -120.674084, 46.531921 ], [ -120.671786, 46.53241 ], [ -120.665617, 46.531391 ], [ -120.659844, 46.531188 ], [ -120.656357, 46.533402 ], [ -120.65541, 46.532749 ], [ -120.650045, 46.53349 ], [ -120.644465, 46.533492 ], [ -120.641243, 46.534247 ], [ -120.638748, 46.535728 ], [ -120.634838, 46.536635 ], [ -120.634534, 46.537734 ], [ -120.631346, 46.538984 ], [ -120.628053, 46.537783 ], [ -120.626242, 46.537447 ], [ -120.62551, 46.538607 ], [ -120.62232, 46.538612 ], [ -120.620468, 46.54059 ], [ -120.618767, 46.540973 ], [ -120.613147, 46.540041 ], [ -120.60954, 46.542099 ], [ -120.603592, 46.543688 ], [ -120.603209, 46.54566 ], [ -120.599643, 46.546572 ], [ -120.596414, 46.546157 ], [ -120.596633, 46.547255 ], [ -120.589656, 46.54882 ], [ -120.586957, 46.548797 ], [ -120.582913, 46.55056 ], [ -120.581178, 46.55038 ], [ -120.578006, 46.552177 ], [ -120.575702, 46.552628 ], [ -120.57243, 46.552177 ], [ -120.571258, 46.553061 ], [ -120.56674, 46.553749 ], [ -120.565206, 46.553311 ], [ -120.563579, 46.550334 ], [ -120.559705, 46.551681 ], [ -120.555384, 46.551597 ], [ -120.552786, 46.550879 ], [ -120.552072, 46.551163 ], [ -120.551074, 46.550503 ], [ -120.549175, 46.550557 ], [ -120.549173, 46.550433 ], [ -120.546477, 46.551058 ], [ -120.53829, 46.550518 ], [ -120.533928, 46.551188 ], [ -120.533304, 46.55135 ], [ -120.533101, 46.551349 ], [ -120.530279, 46.551458 ], [ -120.529636, 46.551792 ], [ -120.528273, 46.551645 ], [ -120.52817, 46.551625 ], [ -120.526004, 46.551856 ], [ -120.525869, 46.552353 ], [ -120.522971, 46.552522 ], [ -120.51991, 46.550724 ], [ -120.518137, 46.551604 ], [ -120.506975, 46.551048 ], [ -120.503383, 46.548347 ], [ -120.502178, 46.548542 ], [ -120.50153, 46.549122 ], [ -120.498881, 46.547225 ], [ -120.495203, 46.547531 ], [ -120.494446, 46.544837 ], [ -120.491831, 46.542422 ], [ -120.489671, 46.541338 ], [ -120.485352, 46.541112 ], [ -120.482294, 46.538904 ], [ -120.475358, 46.537232 ], [ -120.474554, 46.536426 ], [ -120.474157, 46.53523 ], [ -120.472579, 46.535205 ], [ -120.472345, 46.535143 ], [ -120.471491, 46.534917 ], [ -120.472409, 46.533312 ], [ -120.473274, 46.530849 ], [ -120.478006, 46.522825 ], [ -120.47847, 46.520953 ], [ -120.480589, 46.520888 ], [ -120.483163, 46.520679 ], [ -120.484138, 46.519181 ], [ -120.486709, 46.518399 ], [ -120.488886, 46.51592 ], [ -120.49109, 46.511225 ], [ -120.493121, 46.509542 ], [ -120.493026, 46.507665 ], [ -120.496452, 46.50727 ], [ -120.496394, 46.506049 ], [ -120.499725, 46.505446 ], [ -120.500176, 46.504528 ], [ -120.509751, 46.501177 ], [ -120.509211, 46.499492 ], [ -120.512983, 46.49897 ], [ -120.513977, 46.49762 ], [ -120.519369, 46.498343 ], [ -120.520725, 46.499072 ], [ -120.521752, 46.497858 ], [ -120.528071, 46.496889 ], [ -120.528436, 46.495035 ], [ -120.536311, 46.494408 ], [ -120.539786, 46.493329 ], [ -120.540506, 46.490874 ], [ -120.544373, 46.489003 ], [ -120.547319, 46.49103 ], [ -120.552802, 46.488965 ], [ -120.552696, 46.487455 ], [ -120.555035, 46.487135 ], [ -120.556384, 46.486146 ], [ -120.554618, 46.484017 ], [ -120.556096, 46.482424 ], [ -120.558633, 46.482399 ], [ -120.561363, 46.484462 ], [ -120.565417, 46.484901 ], [ -120.569963, 46.483912 ], [ -120.572923, 46.48155 ], [ -120.576911, 46.481965 ], [ -120.579675, 46.480564 ], [ -120.582016, 46.47828 ], [ -120.584401, 46.47792 ], [ -120.584585, 46.476416 ], [ -120.58832, 46.475794 ], [ -120.588126, 46.477395 ], [ -120.589961, 46.476445 ], [ -120.594998, 46.476275 ], [ -120.595719, 46.478512 ], [ -120.59764, 46.477601 ], [ -120.600068, 46.477919 ], [ -120.600234, 46.475171 ], [ -120.605129, 46.474124 ], [ -120.605101, 46.472511 ], [ -120.607478, 46.47186 ], [ -120.609162, 46.470675 ], [ -120.611478, 46.470531 ], [ -120.617411, 46.466758 ], [ -120.618344, 46.469653 ], [ -120.619731, 46.468691 ], [ -120.625164, 46.467962 ], [ -120.62723, 46.469981 ], [ -120.628302, 46.469128 ], [ -120.628334, 46.468928 ], [ -120.629912, 46.468511 ], [ -120.631209, 46.469432 ], [ -120.63612, 46.467284 ], [ -120.635746, 46.464842 ], [ -120.636791, 46.464314 ], [ -120.639695, 46.460925 ], [ -120.642126, 46.460067 ], [ -120.644976, 46.464391 ], [ -120.646021, 46.464941 ], [ -120.650717, 46.463841 ], [ -120.650917, 46.462242 ], [ -120.65462, 46.46222 ], [ -120.654523, 46.45941 ], [ -120.656672, 46.458542 ], [ -120.658557, 46.458703 ], [ -120.661566, 46.457652 ], [ -120.661865, 46.45539 ], [ -120.664775, 46.454591 ], [ -120.665106, 46.453495 ], [ -120.668446, 46.452376 ], [ -120.670232, 46.452902 ], [ -120.668941, 46.456443 ], [ -120.671289, 46.455301 ], [ -120.673702, 46.454936 ], [ -120.67628, 46.45674 ], [ -120.678595, 46.456489 ], [ -120.679256, 46.458774 ], [ -120.681273, 46.457952 ], [ -120.681802, 46.456101 ], [ -120.68048, 46.45505 ], [ -120.680612, 46.453725 ], [ -120.683753, 46.454547 ], [ -120.685472, 46.454319 ], [ -120.690729, 46.455393 ], [ -120.689076, 46.453245 ], [ -120.687423, 46.452423 ], [ -120.684646, 46.45224 ], [ -120.681935, 46.450571 ], [ -120.681638, 46.448904 ], [ -120.685696, 46.448411 ], [ -120.688876, 46.450273 ], [ -120.690614, 46.449605 ], [ -120.691391, 46.44796 ], [ -120.691369, 46.43348 ], [ -120.691349, 46.418818 ], [ -120.691323, 46.401089 ], [ -120.688089, 46.399541 ], [ -120.686302, 46.399273 ], [ -120.683891, 46.397514 ], [ -120.682008, 46.398108 ], [ -120.680291, 46.396554 ], [ -120.67788, 46.396531 ], [ -120.67306, 46.393263 ], [ -120.67055, 46.392325 ], [ -120.668073, 46.392485 ], [ -120.667346, 46.393399 ], [ -120.664182, 46.393028 ], [ -120.662644, 46.393985 ], [ -120.659577, 46.393089 ], [ -120.659923, 46.391556 ], [ -120.655377, 46.389695 ], [ -120.649259, 46.390563 ], [ -120.648877, 46.375296 ], [ -120.66981, 46.375215 ], [ -120.669764, 46.354378 ], [ -120.671474, 46.353444 ], [ -120.679811, 46.353437 ], [ -120.680542, 46.352878 ], [ -120.680252, 46.346218 ], [ -120.66679, 46.346159 ], [ -120.666401, 46.345318 ], [ -120.663561, 46.34526 ], [ -120.662732, 46.34312 ], [ -120.660088, 46.343588 ], [ -120.659954, 46.341059 ], [ -120.657211, 46.339787 ], [ -120.657672, 46.338798 ], [ -120.654699, 46.338669 ], [ -120.65526, 46.337189 ], [ -120.652764, 46.336713 ], [ -120.651869, 46.333001 ], [ -120.652833, 46.332197 ], [ -120.651455, 46.328747 ], [ -120.652991, 46.327641 ], [ -120.65256, 46.326618 ], [ -120.650778, 46.326983 ], [ -120.647216, 46.326205 ], [ -120.642997, 46.323164 ], [ -120.64138, 46.323552 ], [ -120.639106, 46.321655 ], [ -120.636599, 46.322293 ], [ -120.633996, 46.320487 ], [ -120.632592, 46.320534 ], [ -120.629887, 46.319022 ], [ -120.626637, 46.318991 ], [ -120.626796, 46.317649 ], [ -120.624125, 46.31833 ], [ -120.62139, 46.316429 ], [ -120.621915, 46.315603 ], [ -120.619902, 46.315532 ], [ -120.617324, 46.31379 ], [ -120.61419, 46.314471 ], [ -120.611877, 46.312706 ], [ -120.609006, 46.313295 ], [ -120.605936, 46.312925 ], [ -120.603725, 46.313447 ], [ -120.601215, 46.312322 ], [ -120.598013, 46.311746 ], [ -120.59514, 46.31094 ], [ -120.590222, 46.311412 ], [ -120.585899, 46.310834 ], [ -120.585206, 46.309943 ], [ -120.581974, 46.309166 ], [ -120.579172, 46.309806 ], [ -120.576435, 46.308961 ], [ -120.569742, 46.308916 ], [ -120.567401, 46.308436 ], [ -120.564136, 46.308619 ], [ -120.559487, 46.307773 ], [ -120.556717, 46.309738 ], [ -120.552167, 46.309852 ], [ -120.550551, 46.309029 ], [ -120.548474, 46.30912 ], [ -120.544055, 46.310285 ], [ -120.541352, 46.310079 ], [ -120.537296, 46.31042 ], [ -120.531855, 46.309779 ], [ -120.530634, 46.310418 ], [ -120.526018, 46.310623 ], [ -120.525391, 46.311536 ], [ -120.522927, 46.31184 ], [ -120.5227, 46.317204 ], [ -120.509457, 46.317395 ], [ -120.498881, 46.317977 ], [ -120.49417, 46.317966 ], [ -120.489125, 46.317018 ], [ -120.485976, 46.317121 ], [ -120.48055, 46.316793 ], [ -120.476056, 46.315638 ], [ -120.473064, 46.315242 ], [ -120.46571, 46.314924 ], [ -120.458928, 46.315552 ], [ -120.447738, 46.314515 ], [ -120.443893, 46.313434 ], [ -120.439315, 46.313053 ], [ -120.439079, 46.313017 ], [ -120.429571, 46.311338 ], [ -120.429075, 46.310036 ], [ -120.424098, 46.309715 ], [ -120.42096, 46.308947 ], [ -120.410617, 46.304589 ], [ -120.407672, 46.303739 ], [ -120.402179, 46.303286 ], [ -120.399987, 46.302683 ], [ -120.396899, 46.301159 ], [ -120.390673, 46.299516 ], [ -120.381391, 46.299633 ], [ -120.376518, 46.299806 ], [ -120.370748, 46.300316 ], [ -120.367167, 46.301425 ], [ -120.36102, 46.301589 ], [ -120.357645, 46.302335 ], [ -120.351925, 46.302069 ], [ -120.345852, 46.303671 ], [ -120.342637, 46.303401 ], [ -120.339091, 46.303859 ], [ -120.336378, 46.305651 ], [ -120.33551, 46.305445 ], [ -120.321622, 46.320225 ], [ -120.320763, 46.321631 ], [ -120.320376, 46.323059 ], [ -120.320507, 46.338699 ], [ -120.293707, 46.338606 ], [ -120.2937, 46.335118 ], [ -120.28323, 46.334698 ], [ -120.283077, 46.328465 ], [ -120.279585, 46.327719 ], [ -120.272681, 46.327504 ], [ -120.236313, 46.327741 ], [ -120.23104, 46.328372 ], [ -120.208855, 46.32852 ], [ -120.205836, 46.328909 ], [ -120.199832, 46.331111 ], [ -120.199544, 46.336954 ], [ -120.197594, 46.337657 ], [ -120.196186, 46.335635 ], [ -120.195113, 46.333021 ], [ -120.193806, 46.330486 ], [ -120.189551, 46.32747 ], [ -120.188331, 46.327356 ], [ -120.184406, 46.330874 ], [ -120.18091, 46.331947 ], [ -120.177388, 46.33093 ], [ -120.174314, 46.329731 ], [ -120.168578, 46.324498 ], [ -120.164028, 46.322487 ], [ -120.161457, 46.320704 ], [ -120.159678, 46.318168 ], [ -120.15193, 46.315241 ], [ -120.149787, 46.315857 ], [ -120.150511, 46.317982 ], [ -120.149224, 46.319467 ], [ -120.147147, 46.319146 ], [ -120.145235, 46.317683 ], [ -120.144709, 46.316632 ], [ -120.144679, 46.313022 ], [ -120.142537, 46.312085 ], [ -120.140954, 46.312244 ], [ -120.139072, 46.314984 ], [ -120.137126, 46.315646 ], [ -120.133535, 46.312926 ], [ -120.131789, 46.311051 ], [ -120.129783, 46.307098 ], [ -120.128664, 46.305658 ], [ -120.126158, 46.304585 ], [ -120.126158, 46.310274 ], [ -120.12458, 46.309248 ], [ -120.124842, 46.307488 ], [ -120.125776, 46.306163 ], [ -120.125759, 46.304449 ], [ -120.125101, 46.30349 ], [ -120.125395, 46.300314 ], [ -120.123546, 46.298008 ], [ -120.12202, 46.297546 ], [ -120.11846, 46.297854 ], [ -120.113761, 46.295752 ], [ -120.111451, 46.296714 ], [ -120.113432, 46.299501 ], [ -120.113347, 46.301643 ], [ -120.111606, 46.301419 ], [ -120.105746, 46.297544 ], [ -120.106053, 46.293544 ], [ -120.104725, 46.292428 ], [ -120.101923, 46.293191 ], [ -120.101523, 46.295713 ], [ -120.098616, 46.297078 ], [ -120.094996, 46.29536 ], [ -120.094796, 46.293314 ], [ -120.097974, 46.292319 ], [ -120.098081, 46.291257 ], [ -120.096456, 46.290214 ], [ -120.092207, 46.289043 ], [ -120.092884, 46.286578 ], [ -120.092499, 46.283688 ], [ -120.09288, 46.281481 ], [ -120.091865, 46.28022 ], [ -120.088352, 46.278666 ], [ -120.088117, 46.277643 ], [ -120.091927, 46.276843 ], [ -120.093782, 46.271739 ], [ -120.093966, 46.270148 ], [ -120.091426, 46.267934 ], [ -120.091117, 46.266361 ], [ -120.093642, 46.265115 ], [ -120.096007, 46.265267 ], [ -120.099051, 46.26622 ], [ -120.101992, 46.265299 ], [ -120.101417, 46.263477 ], [ -120.096752, 46.260368 ], [ -120.096332, 46.258075 ], [ -120.099021, 46.256421 ], [ -120.102026, 46.257446 ], [ -120.104057, 46.261234 ], [ -120.104229, 46.264795 ], [ -120.106797, 46.26613 ], [ -120.108937, 46.265913 ], [ -120.111494, 46.263894 ], [ -120.111084, 46.26102 ], [ -120.106674, 46.258998 ], [ -120.102522, 46.255064 ], [ -120.102745, 46.254022 ], [ -120.105382, 46.250625 ], [ -120.103101, 46.248595 ], [ -120.101351, 46.248097 ], [ -120.098011, 46.249852 ], [ -120.098446, 46.249852 ], [ -120.097084, 46.251641 ], [ -120.095734, 46.252829 ], [ -120.093265, 46.253378 ], [ -120.089049, 46.252465 ], [ -120.086381, 46.250775 ], [ -120.084174, 46.250198 ], [ -120.084885, 46.249852 ], [ -120.08289, 46.247697 ], [ -120.082827, 46.245075 ], [ -120.08376, 46.243681 ], [ -120.08322, 46.242682 ], [ -120.081768, 46.242692 ], [ -120.080688, 46.244025 ], [ -120.07929, 46.249852 ], [ -120.081804, 46.252535 ], [ -120.084636, 46.253357 ], [ -120.085196, 46.253974 ], [ -120.08444, 46.255619 ], [ -120.082365, 46.256008 ], [ -120.080949, 46.255757 ], [ -120.075842, 46.252308 ], [ -120.076124, 46.252129 ], [ -120.075633, 46.244922 ], [ -120.075254, 46.243549 ], [ -120.072358, 46.243713 ], [ -120.070182, 46.245823 ], [ -120.066795, 46.246974 ], [ -120.063378, 46.247245 ], [ -120.060629, 46.246977 ], [ -120.058779, 46.245609 ], [ -120.061018, 46.23925 ], [ -120.058606, 46.23793 ], [ -120.051789, 46.23769 ], [ -120.047763, 46.233699 ], [ -120.045584, 46.233604 ], [ -120.040538, 46.235844 ], [ -120.022396, 46.237845 ], [ -120.020372, 46.238908 ], [ -120.018245, 46.239308 ], [ -120.017079, 46.237183 ], [ -120.013009, 46.234632 ], [ -120.006766, 46.231624 ], [ -119.999508, 46.23093 ], [ -119.999614, 46.218579 ], [ -119.999681, 46.214899 ], [ -119.999964, 46.214559 ], [ -120.001768, 46.212983 ], [ -120.006986, 46.208396 ], [ -120.035502, 46.183531 ], [ -120.037778, 46.181174 ], [ -120.119085, 46.109199 ], [ -120.121317, 46.107148 ], [ -120.123062, 46.106476 ], [ -120.126156, 46.105285 ], [ -120.141244, 46.10084 ], [ -120.15317, 46.102184 ], [ -120.168458, 46.086204 ], [ -120.178508, 46.086331 ], [ -120.201808, 46.07697 ], [ -120.213452, 46.084041 ], [ -120.237904, 46.074978 ], [ -120.25116, 46.066651 ], [ -120.287038, 46.048249 ], [ -120.299769, 46.049991 ], [ -120.327925, 46.042235 ], [ -120.331072, 46.041487 ], [ -120.340253, 46.041423 ], [ -120.366419, 46.041626 ], [ -120.386767, 46.041533 ], [ -120.428326, 46.040169 ], [ -120.438807, 46.041061 ], [ -120.452284, 46.041485 ], [ -120.479835, 46.041502 ], [ -120.489951, 46.041739 ], [ -120.573122, 46.041542 ], [ -120.592958, 46.040764 ], [ -120.614293, 46.04096 ], [ -120.936324, 46.042089 ], [ -120.945868, 46.04237 ], [ -121.049581, 46.04287 ], [ -121.068709, 46.042173 ], [ -121.091203, 46.042944 ], [ -121.111719, 46.044207 ], [ -121.237262, 46.044705 ], [ -121.249951, 46.044638 ], [ -121.255719, 46.044887 ], [ -121.416885, 46.044683 ], [ -121.425528, 46.044399 ], [ -121.427194, 46.044351 ], [ -121.522321, 46.044006 ], [ -121.522324, 46.388224 ] ] ] } },
{ "type": "Feature", "properties": { "geoid": "53077001901", "county_name": "Yakima County", "place_name": null, "state_name": "Washington", "state_abbr": "WA", "is_rural": true, "dci_score": 47.4, "dci_quintile": 5.0, "is_cra_lmi": false, "income_level": "U", "is_persistent_poverty": false, "is_tribal_overlap": false, "tribal_area_name": null, "aian_pct": 0.0, "has_nmtc": false, "nmtc_projects": 0, "nmtc_total_usd": 0.0 }, "geometry": { "type": "Polygon", "coordinates": [ [ [ -119.905242, 46.272849 ], [ -119.894713, 46.272877 ], [ -119.894513, 46.273783 ], [ -119.894541, 46.277378 ], [ -119.894499, 46.279958 ], [ -119.884317, 46.280205 ], [ -119.884055, 46.269404 ], [ -119.889061, 46.269405 ], [ -119.889255, 46.265688 ], [ -119.889263, 46.263902 ], [ -119.889254, 46.262157 ], [ -119.889274, 46.258529 ], [ -119.891494, 46.25862 ], [ -119.891111, 46.257413 ], [ -119.883943, 46.25531 ], [ -119.883237, 46.25468 ], [ -119.88318, 46.25448 ], [ -119.882542, 46.252174 ], [ -119.880592, 46.251122 ], [ -119.883903, 46.251165 ], [ -119.883856, 46.243895 ], [ -119.899698, 46.243925 ], [ -119.901032, 46.243925 ], [ -119.904968, 46.243925 ], [ -119.904989, 46.251233 ], [ -119.905059, 46.261125 ], [ -119.905092, 46.266339 ], [ -119.905242, 46.272849 ] ] ] } },
{ "type": "Feature", "properties": { "geoid": "53033027100", "county_name": "King County", "place_name": null, "state_name": "Washington", "state_abbr": "WA", "is_rural": false, "dci_score": 61.0, "dci_quintile": 4.0, "is_cra_lmi": true, "income_level": "L", "is_persistent_poverty": false, "is_tribal_overlap": false, "tribal_area_name": null, "aian_pct": 0.0, "has_nmtc": false, "nmtc_projects": 0, "nmtc_total_usd": 0.0 }, "geometry": { "type": "Polygon", "coordinates": [ [ [ -122.310038, 47.491438 ], [ -122.309914, 47.492179 ], [ -122.310438, 47.495819 ], [ -122.302308, 47.495639 ], [ -122.304266, 47.497562 ], [ -122.304637, 47.499293 ], [ -122.299329, 47.500001 ], [ -122.297516, 47.498926 ], [ -122.296857, 47.497936 ], [ -122.296809, 47.497893 ], [ -122.296306, 47.497665 ], [ -122.295273, 47.497638 ], [ -122.292699, 47.492809 ], [ -122.290821, 47.488331 ], [ -122.287619, 47.48561 ], [ -122.291083, 47.484314 ], [ -122.295656, 47.484204 ], [ -122.297234, 47.48873 ], [ -122.302111, 47.488694 ], [ -122.31158, 47.488569 ], [ -122.310038, 47.491438 ] ] ] } },
{ "type": "Feature", "properties": { "geoid": "53033025803", "county_name": "King County", "place_name": "Walla Walla", "state_name": "Washington", "state_abbr": "WA", "is_rural": false, "dci_score": 14.9, "dci_quintile": 5.0, "is_cra_lmi": true, "income_level": "M", "is_persistent_poverty": false, "is_tribal_overlap": false, "tribal_area_name": null, "aian_pct": 0.0, "has_nmtc": false, "nmtc_projects": 0, "nmtc_total_usd": 0.0 }, "geometry": { "type": "Polygon", "coordinates": [ [ [ -122.186181, 47.44614 ], [ -122.185965, 47.456333 ], [ -122.180593, 47.456099 ], [ -122.173976, 47.456223 ], [ -122.174221, 47.452359 ], [ -122.169872, 47.452318 ], [ -122.168611, 47.450154 ], [ -122.16877, 47.445858 ], [ -122.170106, 47.446084 ], [ -122.171651, 47.446243 ], [ -122.174791, 47.445552 ], [ -122.181014, 47.445319 ], [ -122.183515, 47.445243 ], [ -122.186187, 47.44517 ], [ -122.186181, 47.44614 ] ] ] } },
{ "type": "Feature", "properties": { "geoid": "53033030006", "county_name": "King County", "place_name": null, "state_name": "Washington", "state_abbr": "WA", "is_rural": false, "dci_score": 76.3, "dci_quintile": 3.0, "is_cra_lmi": true, "income_level": "M", "is_persistent_poverty": false, "is_tribal_overlap": false, "tribal_area_name": null, "aian_pct": 0.0, "has_nmtc": false, "nmtc_projects": 0, "nmtc_total_usd": 0.0 }, "geometry": { "type": "Polygon", "coordinates": [ [ [ -122.313288, 47.32238 ], [ -122.313292, 47.325427 ], [ -122.31319, 47.326012 ], [ -122.312207, 47.329638 ], [ -122.297377, 47.329559 ], [ -122.295571, 47.329531 ], [ -122.29414, 47.32947 ], [ -122.295165, 47.321888 ], [ -122.297751, 47.315121 ], [ -122.303615, 47.315109 ], [ -122.313299, 47.315159 ], [ -122.313288, 47.32238 ] ] ] } },
{ "type": "Feature", "properties": { "geoid": "53037975402", "county_name": "Kittitas County", "place_name": null, "state_name": "Washington", "state_abbr": "WA", "is_rural": true, "dci_score": 42.4, "dci_quintile": 5.0, "is_cra_lmi": false, "income_level": "U", "is_persistent_poverty": false, "is_tribal_overlap": false, "tribal_area_name": null, "aian_pct": 0.0, "has_nmtc": false, "nmtc_projects": 0, "nmtc_total_usd": 0.0 }, "geometry": { "type": "Polygon", "coordinates": [ [ [ -120.544511, 46.980746 ], [ -120.544489, 46.98456 ], [ -120.544153, 46.988295 ], [ -120.544533, 46.995556 ], [ -120.539115, 46.995679 ], [ -120.539337, 46.999832 ], [ -120.537708, 46.999869 ], [ -120.533169, 47.002051 ], [ -120.5317, 47.002102 ], [ -120.531718, 47.000933 ], [ -120.529443, 47.000595 ], [ -120.526199, 47.00004 ], [ -120.518352, 46.998786 ], [ -120.507979, 46.997009 ], [ -120.497621, 46.995282 ], [ -120.497913, 46.990586 ], [ -120.498074, 46.970752 ], [ -120.498119, 46.962003 ], [ -120.502553, 46.959243 ], [ -120.508562, 46.958622 ], [ -120.512192, 46.958903 ], [ -120.51726, 46.958758 ], [ -120.528003, 46.95902 ], [ -120.530225, 46.958613 ], [ -120.532635, 46.962104 ], [ -120.537936, 46.969832 ], [ -120.545428, 46.980762 ], [ -120.544511, 46.980746 ] ] ] } },
{ "type": "Feature", "properties": { "geoid": "53035080102", "county_name": "Kitsap County", "place_name": null, "state_name": "Washington", "state_abbr": "WA", "is_rural": true, "dci_score": 75.9, "dci_quintile": 3.0, "is_cra_lmi": true, "income_level": "M", "is_persistent_poverty": false, "is_tribal_overlap": false, "tribal_area_name": null, "aian_pct": 0.0, "has_nmtc": false, "nmtc_projects": 0, "nmtc_total_usd": 0.0 }, "geometry": { "type": "Polygon", "coordinates": [ [ [ -122.649827, 47.58649 ], [ -122.646319, 47.586419 ], [ -122.642974, 47.588321 ], [ -122.640301, 47.588333 ], [ -122.640377, 47.588874 ], [ -122.640083, 47.595575 ], [ -122.639981, 47.597402 ], [ -122.639905, 47.599235 ], [ -122.639787, 47.60139 ], [ -122.639455, 47.606868 ], [ -122.637268, 47.606866 ], [ -122.634085, 47.606869 ], [ -122.62884, 47.606888 ], [ -122.629402, 47.59566 ], [ -122.629528, 47.588365 ], [ -122.631443, 47.582349 ], [ -122.632306, 47.579565 ], [ -122.641851, 47.581017 ], [ -122.646463, 47.583662 ], [ -122.648651, 47.584916 ], [ -122.65009, 47.586334 ], [ -122.649827, 47.58649 ] ] ] } },
{ "type": "Feature", "properties": { "geoid": "53061052905", "county_name": "Snohomish County", "place_name": null, "state_name": "Washington", "state_abbr": "WA", "is_rural": false, "dci_score": 22.1, "dci_quintile": 5.0, "is_cra_lmi": true, "income_level": "M", "is_persistent_poverty": false, "is_tribal_overlap": true, "tribal_area_name": "Tulalip Reservation", "aian_pct": 0.0, "has_nmtc": false, "nmtc_projects": 0, "nmtc_total_usd": 0.0 }, "geometry": { "type": "Polygon", "coordinates": [ [ [ -122.183819, 48.068141 ], [ -122.179523, 48.069789 ], [ -122.178976, 48.071235 ], [ -122.18047, 48.073747 ], [ -122.17896, 48.075635 ], [ -122.176034, 48.075596 ], [ -122.16553, 48.075477 ], [ -122.16675, 48.07418 ], [ -122.167673, 48.07187 ], [ -122.167684, 48.068345 ], [ -122.162293, 48.068299 ], [ -122.162249, 48.061195 ], [ -122.163387, 48.061175 ], [ -122.173062, 48.061262 ], [ -122.173285, 48.061259 ], [ -122.176923, 48.061295 ], [ -122.179775, 48.061248 ], [ -122.183944, 48.061294 ], [ -122.183819, 48.068141 ] ] ] } },
{ "type": "Feature", "properties": { "geoid": "53041972000", "county_name": "Lewis County", "place_name": null, "state_name": "Washington", "state_abbr": "WA", "is_rural": true, "dci_score": 62.8, "dci_quintile": 4.0, "is_cra_lmi": true, "income_level": "M", "is_persistent_poverty": false, "is_tribal_overlap": true, "tribal_area_name": "Yakama Nation Reservation", "aian_pct": 0.0, "has_nmtc": false, "nmtc_projects": 0, "nmtc_total_usd": 0.0 }, "geometry": { "type": "Polygon", "coordinates": [ [ [ -122.104345, 46.480052 ], [ -122.102845, 46.481747 ], [ -122.101169, 46.481966 ], [ -122.09594, 46.481232 ], [ -122.092477, 46.479939 ], [ -122.090135, 46.479881 ], [ -122.096542, 46.484311 ], [ -122.093658, 46.486939 ], [ -122.093424, 46.487937 ], [ -122.095151, 46.488455 ], [ -122.091189, 46.490454 ], [ -122.084946, 46.490186 ], [ -122.079317, 46.490518 ], [ -122.074979, 46.4913 ], [ -122.07366, 46.492727 ], [ -122.073421, 46.497056 ], [ -122.071297, 46.498999 ], [ -122.058729, 46.505058 ], [ -122.056923, 46.505583 ], [ -122.053879, 46.508649 ], [ -122.052608, 46.509201 ], [ -122.032137, 46.509374 ], [ -122.03171, 46.520754 ], [ -122.024867, 46.524606 ], [ -122.020618, 46.529377 ], [ -122.0216, 46.530456 ], [ -122.025005, 46.532556 ], [ -122.029208, 46.533068 ], [ -122.031475, 46.534392 ], [ -122.037632, 46.535677 ], [ -122.038233, 46.536519 ], [ -122.0422, 46.53838 ], [ -122.04449, 46.538813 ], [ -122.044498, 46.540694 ], [ -122.047111, 46.542967 ], [ -122.052851, 46.544426 ], [ -122.052747, 46.549292 ], [ -122.054497, 46.550405 ], [ -122.055644, 46.553822 ], [ -122.057524, 46.552315 ], [ -122.057271, 46.557626 ], [ -122.055039, 46.560469 ], [ -122.056357, 46.561996 ], [ -122.053566, 46.563223 ], [ -122.050101, 46.565617 ], [ -122.049178, 46.565414 ], [ -122.048439, 46.567399 ], [ -122.047158, 46.568094 ], [ -122.044723, 46.567213 ], [ -122.040368, 46.568671 ], [ -122.038945, 46.567794 ], [ -122.03858, 46.570345 ], [ -122.03195, 46.577419 ], [ -122.028936, 46.577387 ], [ -122.028041, 46.578474 ], [ -122.02602, 46.577619 ], [ -122.026749, 46.579783 ], [ -122.025654, 46.581588 ], [ -122.022869, 46.582479 ], [ -122.017001, 46.583436 ], [ -122.0166, 46.586522 ], [ -122.012686, 46.588669 ], [ -122.010996, 46.588371 ], [ -122.011859, 46.587297 ], [ -122.014511, 46.586818 ], [ -122.015241, 46.585859 ], [ -122.011893, 46.585743 ], [ -122.009937, 46.586245 ], [ -122.008247, 46.585672 ], [ -122.006984, 46.58798 ], [ -122.001209, 46.588297 ], [ -122.000207, 46.588847 ], [ -122.000541, 46.590973 ], [ -121.99882, 46.593854 ], [ -121.994807, 46.592736 ], [ -121.99272, 46.593788 ], [ -121.99345, 46.594611 ], [ -121.993291, 46.601559 ], [ -121.997207, 46.603706 ], [ -122.000458, 46.604756 ], [ -122.000734, 46.606904 ], [ -121.999199, 46.606105 ], [ -121.998704, 46.608505 ], [ -121.996848, 46.60974 ], [ -121.997415, 46.61246 ], [ -121.994197, 46.611867 ], [ -121.992938, 46.612485 ], [ -121.993469, 46.613696 ], [ -121.988329, 46.614339 ], [ -121.985179, 46.615414 ], [ -121.982456, 46.611918 ], [ -121.981062, 46.612033 ], [ -121.98027, 46.615622 ], [ -121.978446, 46.616285 ], [ -121.976189, 46.615943 ], [ -121.975562, 46.618755 ], [ -121.973174, 46.619692 ], [ -121.969391, 46.619602 ], [ -121.965776, 46.620403 ], [ -121.962027, 46.618918 ], [ -121.960467, 46.617592 ], [ -121.961596, 46.619329 ], [ -121.959672, 46.620518 ], [ -121.961497, 46.621364 ], [ -121.96027, 46.62189 ], [ -121.958877, 46.621341 ], [ -121.958047, 46.619741 ], [ -121.955858, 46.620679 ], [ -121.955127, 46.619147 ], [ -121.956288, 46.618804 ], [ -121.954265, 46.618965 ], [ -121.953071, 46.620953 ], [ -121.951112, 46.621404 ], [ -121.951277, 46.622826 ], [ -121.952742, 46.623854 ], [ -121.956956, 46.625244 ], [ -121.954729, 46.625705 ], [ -121.951675, 46.625342 ], [ -121.950753, 46.628223 ], [ -121.949095, 46.630527 ], [ -121.949892, 46.633316 ], [ -121.947769, 46.636447 ], [ -121.948326, 46.638591 ], [ -121.947754, 46.640728 ], [ -121.948627, 46.642581 ], [ -121.947977, 46.643688 ], [ -121.94814, 46.647004 ], [ -121.944856, 46.649142 ], [ -121.943403, 46.654126 ], [ -121.944244, 46.656295 ], [ -121.946185, 46.657958 ], [ -121.943732, 46.662414 ], [ -121.945724, 46.66076 ], [ -121.948433, 46.660388 ], [ -121.951916, 46.661275 ], [ -121.956186, 46.663267 ], [ -121.958462, 46.664947 ], [ -121.956939, 46.667279 ], [ -121.957902, 46.668467 ], [ -121.953785, 46.669062 ], [ -121.954349, 46.665885 ], [ -121.953519, 46.665177 ], [ -121.947443, 46.665177 ], [ -121.950033, 46.666868 ], [ -121.946912, 46.669017 ], [ -121.945286, 46.671874 ], [ -121.944184, 46.672099 ], [ -121.94222, 46.671962 ], [ -121.939143, 46.669774 ], [ -121.935065, 46.668316 ], [ -121.931311, 46.667666 ], [ -121.926428, 46.666155 ], [ -121.922162, 46.664154 ], [ -121.91381, 46.661039 ], [ -121.913198, 46.657185 ], [ -121.912597, 46.656403 ], [ -121.903117, 46.65398 ], [ -121.901529, 46.65525 ], [ -121.899487, 46.655527 ], [ -121.897281, 46.654087 ], [ -121.891279, 46.65249 ], [ -121.890057, 46.651366 ], [ -121.885165, 46.653357 ], [ -121.880947, 46.656625 ], [ -121.876207, 46.654589 ], [ -121.871059, 46.654356 ], [ -121.868316, 46.655172 ], [ -121.864446, 46.653757 ], [ -121.861739, 46.6517 ], [ -121.859907, 46.653386 ], [ -121.857288, 46.653629 ], [ -121.854365, 46.651161 ], [ -121.853799, 46.64931 ], [ -121.852139, 46.647733 ], [ -121.849218, 46.647186 ], [ -121.848354, 46.64602 ], [ -121.844768, 46.644581 ], [ -121.843904, 46.64241 ], [ -121.838129, 46.640675 ], [ -121.836603, 46.641772 ], [ -121.833849, 46.641955 ], [ -121.830346, 46.639976 ], [ -121.831555, 46.638537 ], [ -121.83095, 46.637073 ], [ -121.82575, 46.633915 ], [ -121.822558, 46.633392 ], [ -121.816616, 46.63347 ], [ -121.808413, 46.636931 ], [ -121.804832, 46.635295 ], [ -121.799789, 46.635413 ], [ -121.799624, 46.637503 ], [ -121.798201, 46.638504 ], [ -121.796242, 46.638386 ], [ -121.793559, 46.639589 ], [ -121.789212, 46.640047 ], [ -121.784206, 46.63889 ], [ -121.779883, 46.639127 ], [ -121.778593, 46.637996 ], [ -121.776772, 46.638064 ], [ -121.772172, 46.636322 ], [ -121.761701, 46.633455 ], [ -121.759083, 46.631465 ], [ -121.755696, 46.630699 ], [ -121.75314, 46.628368 ], [ -121.751466, 46.625515 ], [ -121.748726, 46.624477 ], [ -121.747047, 46.622391 ], [ -121.745824, 46.623019 ], [ -121.74352, 46.621344 ], [ -121.742878, 46.619941 ], [ -121.73995, 46.617595 ], [ -121.737698, 46.617003 ], [ -121.732755, 46.614802 ], [ -121.73026, 46.618523 ], [ -121.725153, 46.620605 ], [ -121.7229, 46.6244 ], [ -121.722204, 46.627498 ], [ -121.720746, 46.628277 ], [ -121.722708, 46.631052 ], [ -121.722796, 46.63209 ], [ -121.717831, 46.630849 ], [ -121.715177, 46.630941 ], [ -121.713071, 46.632661 ], [ -121.712004, 46.632322 ], [ -121.713544, 46.634571 ], [ -121.711879, 46.636217 ], [ -121.71126, 46.637911 ], [ -121.712756, 46.639431 ], [ -121.714436, 46.639602 ], [ -121.715625, 46.64156 ], [ -121.714622, 46.642934 ], [ -121.718056, 46.644351 ], [ -121.718202, 46.648987 ], [ -121.72037, 46.652305 ], [ -121.722632, 46.653949 ], [ -121.724276, 46.655785 ], [ -121.724635, 46.660964 ], [ -121.726868, 46.662357 ], [ -121.733244, 46.664471 ], [ -121.736972, 46.6648 ], [ -121.739118, 46.66629 ], [ -121.739669, 46.66788 ], [ -121.741885, 46.669048 ], [ -121.743703, 46.669238 ], [ -121.745791, 46.670845 ], [ -121.750973, 46.672775 ], [ -121.754153, 46.67495 ], [ -121.757785, 46.676313 ], [ -121.760238, 46.677806 ], [ -121.766078, 46.679651 ], [ -121.767423, 46.681376 ], [ -121.77168, 46.682447 ], [ -121.775368, 46.684521 ], [ -121.779616, 46.685745 ], [ -121.784653, 46.684935 ], [ -121.787976, 46.685501 ], [ -121.794067, 46.687302 ], [ -121.797127, 46.689656 ], [ -121.800426, 46.690798 ], [ -121.801408, 46.691384 ], [ -121.80666, 46.699124 ], [ -121.811427, 46.70245 ], [ -121.813651, 46.705713 ], [ -121.813803, 46.709548 ], [ -121.816467, 46.711213 ], [ -121.823063, 46.717518 ], [ -121.824251, 46.719438 ], [ -121.825824, 46.720759 ], [ -121.828751, 46.722283 ], [ -121.830412, 46.724577 ], [ -121.830747, 46.726722 ], [ -121.831761, 46.727367 ], [ -121.836163, 46.726318 ], [ -121.840535, 46.726687 ], [ -121.843298, 46.72597 ], [ -121.845853, 46.726373 ], [ -121.850514, 46.728413 ], [ -121.850809, 46.729291 ], [ -121.845075, 46.728406 ], [ -121.84189, 46.728455 ], [ -121.838354, 46.729548 ], [ -121.833273, 46.729569 ], [ -121.831764, 46.730246 ], [ -121.831683, 46.731434 ], [ -121.829833, 46.735202 ], [ -121.825917, 46.737981 ], [ -121.822419, 46.741938 ], [ -121.820685, 46.744919 ], [ -121.817399, 46.747287 ], [ -121.813801, 46.746989 ], [ -121.809934, 46.74782 ], [ -121.806187, 46.750476 ], [ -121.804241, 46.751112 ], [ -121.803389, 46.752945 ], [ -121.80532, 46.754914 ], [ -121.805399, 46.756129 ], [ -121.802667, 46.757817 ], [ -121.799418, 46.761006 ], [ -121.794794, 46.763264 ], [ -121.790568, 46.76418 ], [ -121.790441, 46.766571 ], [ -121.787702, 46.769819 ], [ -121.785157, 46.770957 ], [ -121.783943, 46.77246 ], [ -121.77637, 46.776586 ], [ -121.773063, 46.777098 ], [ -121.766836, 46.780495 ], [ -121.76068, 46.782248 ], [ -121.758799, 46.783571 ], [ -121.455218, 46.783797 ], [ -121.455027, 46.780602 ], [ -121.452512, 46.776676 ], [ -121.449632, 46.773841 ], [ -121.447775, 46.77311 ], [ -121.447567, 46.769926 ], [ -121.446814, 46.767751 ], [ -121.445412, 46.768202 ], [ -121.443201, 46.767619 ], [ -121.440581, 46.765245 ], [ -121.438645, 46.762561 ], [ -121.438461, 46.761202 ], [ -121.442136, 46.759431 ], [ -121.44151, 46.758264 ], [ -121.433664, 46.759206 ], [ -121.431661, 46.759006 ], [ -121.430637, 46.758145 ], [ -121.428664, 46.758184 ], [ -121.425288, 46.757426 ], [ -121.424281, 46.756629 ], [ -121.424939, 46.75384 ], [ -121.423829, 46.752332 ], [ -121.426172, 46.749446 ], [ -121.426428, 46.74802 ], [ -121.428918, 46.746177 ], [ -121.43051, 46.743876 ], [ -121.43117, 46.741887 ], [ -121.430734, 46.740608 ], [ -121.428968, 46.739223 ], [ -121.421378, 46.738008 ], [ -121.417111, 46.736209 ], [ -121.412434, 46.735559 ], [ -121.409864, 46.732765 ], [ -121.409203, 46.730217 ], [ -121.408028, 46.728262 ], [ -121.406014, 46.727394 ], [ -121.402316, 46.728242 ], [ -121.400063, 46.72731 ], [ -121.394868, 46.72686 ], [ -121.392808, 46.727642 ], [ -121.38702, 46.727248 ], [ -121.383327, 46.728488 ], [ -121.381333, 46.728431 ], [ -121.379091, 46.727197 ], [ -121.37449, 46.727256 ], [ -121.368838, 46.726169 ], [ -121.365167, 46.723771 ], [ -121.363356, 46.722979 ], [ -121.359621, 46.717984 ], [ -121.358282, 46.716756 ], [ -121.354738, 46.715303 ], [ -121.353182, 46.71195 ], [ -121.354322, 46.711283 ], [ -121.35813, 46.712181 ], [ -121.359967, 46.711926 ], [ -121.362469, 46.71079 ], [ -121.368705, 46.708877 ], [ -121.369295, 46.706848 ], [ -121.373433, 46.706166 ], [ -121.375866, 46.705276 ], [ -121.379784, 46.701764 ], [ -121.380229, 46.70094 ], [ -121.380204, 46.699174 ], [ -121.378225, 46.696265 ], [ -121.374495, 46.692868 ], [ -121.37504, 46.688857 ], [ -121.37668, 46.686486 ], [ -121.378671, 46.685953 ], [ -121.383194, 46.68596 ], [ -121.386687, 46.687259 ], [ -121.389407, 46.686941 ], [ -121.391957, 46.687423 ], [ -121.395189, 46.687227 ], [ -121.398949, 46.68808 ], [ -121.401088, 46.685843 ], [ -121.403661, 46.684565 ], [ -121.408811, 46.683479 ], [ -121.408349, 46.682801 ], [ -121.408905, 46.680559 ], [ -121.411469, 46.677328 ], [ -121.413217, 46.675868 ], [ -121.413162, 46.674496 ], [ -121.411773, 46.672405 ], [ -121.412276, 46.668415 ], [ -121.411532, 46.665641 ], [ -121.41464, 46.663116 ], [ -121.416468, 46.659521 ], [ -121.41679, 46.65502 ], [ -121.416519, 46.651923 ], [ -121.413741, 46.648714 ], [ -121.411926, 46.648214 ], [ -121.408333, 46.648438 ], [ -121.404963, 46.647409 ], [ -121.40289, 46.647294 ], [ -121.400729, 46.64614 ], [ -121.396031, 46.646415 ], [ -121.395189, 46.645825 ], [ -121.397114, 46.643543 ], [ -121.397979, 46.641794 ], [ -121.396145, 46.64018 ], [ -121.392271, 46.639935 ], [ -121.389275, 46.638707 ], [ -121.386383, 46.636041 ], [ -121.387234, 46.633157 ], [ -121.388857, 46.630931 ], [ -121.389602, 46.628737 ], [ -121.389185, 46.625655 ], [ -121.388148, 46.62482 ], [ -121.386818, 46.620832 ], [ -121.388311, 46.617935 ], [ -121.38962, 46.616705 ], [ -121.39594, 46.614523 ], [ -121.396483, 46.613225 ], [ -121.399681, 46.611894 ], [ -121.400529, 46.610987 ], [ -121.400982, 46.607758 ], [ -121.400712, 46.606641 ], [ -121.403513, 46.606391 ], [ -121.405523, 46.60526 ], [ -121.407589, 46.601475 ], [ -121.404814, 46.598253 ], [ -121.404745, 46.597193 ], [ -121.402321, 46.594258 ], [ -121.402541, 46.589507 ], [ -121.402947, 46.587886 ], [ -121.405199, 46.585035 ], [ -121.405711, 46.582344 ], [ -121.408591, 46.580957 ], [ -121.411573, 46.580901 ], [ -121.412993, 46.578632 ], [ -121.414653, 46.576512 ], [ -121.417207, 46.575832 ], [ -121.419256, 46.57655 ], [ -121.422223, 46.572529 ], [ -121.424601, 46.57001 ], [ -121.423154, 46.569275 ], [ -121.421478, 46.566821 ], [ -121.421462, 46.565175 ], [ -121.415966, 46.560693 ], [ -121.414473, 46.560295 ], [ -121.41271, 46.558668 ], [ -121.416471, 46.555377 ], [ -121.419402, 46.554133 ], [ -121.420834, 46.551264 ], [ -121.417214, 46.549261 ], [ -121.416646, 46.54824 ], [ -121.419838, 46.544749 ], [ -121.426868, 46.541227 ], [ -121.427438, 46.539999 ], [ -121.430083, 46.539162 ], [ -121.433926, 46.539334 ], [ -121.440111, 46.536012 ], [ -121.446167, 46.535295 ], [ -121.450966, 46.533894 ], [ -121.450613, 46.530635 ], [ -121.45236, 46.529193 ], [ -121.452594, 46.525726 ], [ -121.454633, 46.524078 ], [ -121.454569, 46.520409 ], [ -121.455981, 46.516728 ], [ -121.455625, 46.513266 ], [ -121.452324, 46.510443 ], [ -121.451712, 46.509017 ], [ -121.452556, 46.506564 ], [ -121.451068, 46.505965 ], [ -121.45014, 46.503526 ], [ -121.446875, 46.502534 ], [ -121.444486, 46.500923 ], [ -121.438565, 46.499952 ], [ -121.433225, 46.498365 ], [ -121.429978, 46.498392 ], [ -121.427297, 46.496987 ], [ -121.426377, 46.494956 ], [ -121.423242, 46.492743 ], [ -121.423393, 46.491423 ], [ -121.428512, 46.489563 ], [ -121.429875, 46.487679 ], [ -121.431796, 46.48666 ], [ -121.43198, 46.485011 ], [ -121.435076, 46.482221 ], [ -121.435138, 46.4804 ], [ -121.43657, 46.478213 ], [ -121.435856, 46.475907 ], [ -121.434425, 46.474351 ], [ -121.429745, 46.470985 ], [ -121.427726, 46.46801 ], [ -121.426148, 46.466843 ], [ -121.425371, 46.464085 ], [ -121.419147, 46.462575 ], [ -121.41558, 46.4598 ], [ -121.412381, 46.459805 ], [ -121.413293, 46.456889 ], [ -121.414816, 46.455079 ], [ -121.414644, 46.451424 ], [ -121.413597, 46.450658 ], [ -121.412321, 46.44699 ], [ -121.410705, 46.446119 ], [ -121.410054, 46.441857 ], [ -121.40805, 46.438778 ], [ -121.407676, 46.434598 ], [ -121.408216, 46.433314 ], [ -121.407298, 46.429903 ], [ -121.404714, 46.429105 ], [ -121.402034, 46.424768 ], [ -121.396778, 46.422538 ], [ -121.393192, 46.417187 ], [ -121.390871, 46.41615 ], [ -121.390321, 46.414795 ], [ -121.386557, 46.410601 ], [ -121.387352, 46.40853 ], [ -121.390874, 46.404994 ], [ -121.388574, 46.401935 ], [ -121.389936, 46.401439 ], [ -121.391725, 46.39716 ], [ -121.391507, 46.395275 ], [ -121.392984, 46.394238 ], [ -121.393857, 46.390766 ], [ -121.393858, 46.390541 ], [ -121.393734, 46.390204 ], [ -121.393759, 46.39004 ], [ -121.394668, 46.389428 ], [ -121.395492, 46.388915 ], [ -121.395755, 46.388773 ], [ -121.396124, 46.388627 ], [ -121.396555, 46.388235 ], [ -121.399817, 46.388627 ], [ -121.402672, 46.388044 ], [ -121.445709, 46.38802 ], [ -121.447235, 46.384729 ], [ -121.449114, 46.384892 ], [ -121.453632, 46.386612 ], [ -121.456542, 46.388627 ], [ -121.459437, 46.388466 ], [ -121.486715, 46.388119 ], [ -121.522324, 46.388224 ], [ -121.522324, 46.388627 ], [ -121.731313, 46.388627 ], [ -121.971418, 46.388626 ], [ -121.970912, 46.395106 ], [ -121.971971, 46.396934 ], [ -121.970451, 46.397369 ], [ -121.971047, 46.399106 ], [ -121.976931, 46.40347 ], [ -121.978255, 46.406875 ], [ -121.979776, 46.409411 ], [ -121.981761, 46.410828 ], [ -121.982423, 46.412245 ], [ -121.982329, 46.415899 ], [ -121.982962, 46.418135 ], [ -121.981906, 46.419322 ], [ -121.981583, 46.423725 ], [ -121.980362, 46.427339 ], [ -121.979908, 46.430406 ], [ -121.985598, 46.434124 ], [ -121.990686, 46.432573 ], [ -121.993012, 46.433155 ], [ -121.996609, 46.435379 ], [ -121.997621, 46.43661 ], [ -121.997595, 46.438393 ], [ -122.001999, 46.441608 ], [ -122.007454, 46.444622 ], [ -122.008699, 46.446709 ], [ -122.006014, 46.44816 ], [ -122.00642, 46.450025 ], [ -122.010341, 46.451935 ], [ -122.011961, 46.453263 ], [ -122.013325, 46.45611 ], [ -122.017396, 46.454737 ], [ -122.019649, 46.454634 ], [ -122.023949, 46.455482 ], [ -122.027832, 46.45757 ], [ -122.03039, 46.458216 ], [ -122.036896, 46.45639 ], [ -122.039076, 46.457237 ], [ -122.042731, 46.462043 ], [ -122.044754, 46.46373 ], [ -122.047197, 46.467205 ], [ -122.049968, 46.468776 ], [ -122.05264, 46.468839 ], [ -122.058999, 46.467374 ], [ -122.062607, 46.468116 ], [ -122.06268, 46.469727 ], [ -122.061024, 46.470528 ], [ -122.060338, 46.472085 ], [ -122.063676, 46.474051 ], [ -122.065044, 46.4738 ], [ -122.070224, 46.471311 ], [ -122.074225, 46.471051 ], [ -122.075687, 46.471643 ], [ -122.076786, 46.473344 ], [ -122.079979, 46.474582 ], [ -122.085864, 46.473952 ], [ -122.094631, 46.476338 ], [ -122.096998, 46.47604 ], [ -122.102692, 46.476899 ], [ -122.103899, 46.478328 ], [ -122.104345, 46.480052 ] ] ] } },
{ "type": "Feature", "properties": { "geoid": "53041971900", "county_name": "Lewis County", "place_name": null, "state_name": "Washington", "state_abbr": "WA", "is_rural": true, "dci_score": 44.2, "dci_quintile": 5.0, "is_cra_lmi": true, "income_level": "M", "is_persistent_poverty": false, "is_tribal_overlap": false, "tribal_area_name": null, "aian_pct": 0.0, "has_nmtc": false, "nmtc_projects": 0, "nmtc_total_usd": 0.0 }, "geometry": { "type": "Polygon", "coordinates": [ [ [ -122.388891, 46.532584 ], [ -122.384523, 46.533176 ], [ -122.378488, 46.535807 ], [ -122.371182, 46.54015 ], [ -122.366889, 46.54181 ], [ -122.363507, 46.542077 ], [ -122.357679, 46.541369 ], [ -122.353838, 46.542037 ], [ -122.349117, 46.544633 ], [ -122.34577, 46.545841 ], [ -122.342834, 46.54622 ], [ -122.338889, 46.545891 ], [ -122.332045, 46.544558 ], [ -122.329073, 46.544543 ], [ -122.324607, 46.545609 ], [ -122.306728, 46.553045 ], [ -122.304705, 46.553632 ], [ -122.30796, 46.553519 ], [ -122.306721, 46.554554 ], [ -122.305979, 46.557033 ], [ -122.304477, 46.558806 ], [ -122.312594, 46.56223 ], [ -122.315073, 46.563937 ], [ -122.315875, 46.567613 ], [ -122.314731, 46.57045 ], [ -122.31801, 46.571636 ], [ -122.324485, 46.572866 ], [ -122.326925, 46.574865 ], [ -122.332525, 46.575559 ], [ -122.334397, 46.57709 ], [ -122.334879, 46.579463 ], [ -122.336943, 46.578879 ], [ -122.3407, 46.581132 ], [ -122.340248, 46.583564 ], [ -122.340989, 46.584634 ], [ -122.342386, 46.584687 ], [ -122.344199, 46.583054 ], [ -122.347714, 46.583863 ], [ -122.349711, 46.585665 ], [ -122.35267, 46.586348 ], [ -122.35201, 46.585453 ], [ -122.354126, 46.582973 ], [ -122.355558, 46.582768 ], [ -122.355573, 46.584408 ], [ -122.35878, 46.587356 ], [ -122.359672, 46.586963 ], [ -122.360409, 46.590064 ], [ -122.359393, 46.593321 ], [ -122.362862, 46.596458 ], [ -122.365967, 46.598131 ], [ -122.367296, 46.600047 ], [ -122.367473, 46.602593 ], [ -122.370202, 46.605452 ], [ -122.371882, 46.605003 ], [ -122.373531, 46.608127 ], [ -122.375905, 46.609595 ], [ -122.376729, 46.611695 ], [ -122.378939, 46.613141 ], [ -122.380714, 46.613395 ], [ -122.375698, 46.615859 ], [ -122.374981, 46.617628 ], [ -122.373122, 46.618887 ], [ -122.372843, 46.620973 ], [ -122.371667, 46.621083 ], [ -122.367535, 46.623679 ], [ -122.365859, 46.624194 ], [ -122.363626, 46.624549 ], [ -122.360947, 46.624095 ], [ -122.357501, 46.624424 ], [ -122.355272, 46.626022 ], [ -122.349849, 46.626739 ], [ -122.347799, 46.62789 ], [ -122.346275, 46.633702 ], [ -122.343115, 46.635376 ], [ -122.341066, 46.635562 ], [ -122.339315, 46.638895 ], [ -122.338124, 46.638899 ], [ -122.334534, 46.641374 ], [ -122.331181, 46.642451 ], [ -122.330789, 46.643896 ], [ -122.329259, 46.644965 ], [ -122.32641, 46.645736 ], [ -122.325312, 46.646938 ], [ -122.325433, 46.647903 ], [ -122.327942, 46.650691 ], [ -122.326734, 46.651038 ], [ -122.323827, 46.649698 ], [ -122.317899, 46.648349 ], [ -122.316992, 46.646994 ], [ -122.314769, 46.646693 ], [ -122.315414, 46.648937 ], [ -122.312674, 46.65055 ], [ -122.312355, 46.649234 ], [ -122.307169, 46.649491 ], [ -122.307695, 46.647703 ], [ -122.308986, 46.646649 ], [ -122.307926, 46.644806 ], [ -122.308635, 46.64365 ], [ -122.303592, 46.643682 ], [ -122.299324, 46.64515 ], [ -122.297642, 46.644042 ], [ -122.297334, 46.642033 ], [ -122.294713, 46.642494 ], [ -122.292004, 46.641118 ], [ -122.290474, 46.642603 ], [ -122.288157, 46.642867 ], [ -122.286494, 46.641516 ], [ -122.285443, 46.639251 ], [ -122.283246, 46.637356 ], [ -122.283892, 46.635668 ], [ -122.285414, 46.635444 ], [ -122.287714, 46.63625 ], [ -122.287364, 46.634268 ], [ -122.288393, 46.633924 ], [ -122.286156, 46.630787 ], [ -122.286285, 46.629699 ], [ -122.288411, 46.627912 ], [ -122.284613, 46.628311 ], [ -122.281843, 46.626242 ], [ -122.279875, 46.626176 ], [ -122.274739, 46.624713 ], [ -122.272407, 46.624743 ], [ -122.269494, 46.622915 ], [ -122.266707, 46.622645 ], [ -122.265872, 46.621416 ], [ -122.261663, 46.61877 ], [ -122.253612, 46.618772 ], [ -122.252899, 46.616599 ], [ -122.250944, 46.616352 ], [ -122.246943, 46.613914 ], [ -122.244076, 46.61106 ], [ -122.240793, 46.6097 ], [ -122.23858, 46.607613 ], [ -122.235282, 46.605476 ], [ -122.235249, 46.603505 ], [ -122.233548, 46.601934 ], [ -122.235015, 46.597727 ], [ -122.239646, 46.592768 ], [ -122.24199, 46.588656 ], [ -122.24076, 46.58746 ], [ -122.237003, 46.586382 ], [ -122.229206, 46.585601 ], [ -122.226297, 46.586013 ], [ -122.224474, 46.585155 ], [ -122.222136, 46.585013 ], [ -122.212369, 46.587069 ], [ -122.209214, 46.588488 ], [ -122.207768, 46.591295 ], [ -122.201372, 46.589864 ], [ -122.198891, 46.590435 ], [ -122.195945, 46.590564 ], [ -122.19372, 46.589172 ], [ -122.190733, 46.589051 ], [ -122.189145, 46.589877 ], [ -122.188149, 46.588997 ], [ -122.18515, 46.589309 ], [ -122.183273, 46.588845 ], [ -122.179592, 46.589251 ], [ -122.173613, 46.592083 ], [ -122.173276, 46.5933 ], [ -122.170825, 46.593751 ], [ -122.169135, 46.595106 ], [ -122.167423, 46.595346 ], [ -122.165194, 46.596823 ], [ -122.160427, 46.597454 ], [ -122.157603, 46.599188 ], [ -122.156099, 46.601499 ], [ -122.152404, 46.603407 ], [ -122.143675, 46.60399 ], [ -122.142053, 46.605115 ], [ -122.138054, 46.606233 ], [ -122.136106, 46.606047 ], [ -122.130678, 46.606411 ], [ -122.127499, 46.607413 ], [ -122.123668, 46.607101 ], [ -122.126834, 46.608324 ], [ -122.132708, 46.607316 ], [ -122.134002, 46.609798 ], [ -122.138615, 46.610695 ], [ -122.141005, 46.609897 ], [ -122.143331, 46.607416 ], [ -122.144326, 46.60809 ], [ -122.148209, 46.608971 ], [ -122.148441, 46.612675 ], [ -122.149502, 46.613756 ], [ -122.148906, 46.617459 ], [ -122.147844, 46.618812 ], [ -122.149338, 46.618662 ], [ -122.145752, 46.622958 ], [ -122.145743, 46.626143 ], [ -122.143542, 46.630532 ], [ -122.13768, 46.635942 ], [ -122.133548, 46.638759 ], [ -122.129344, 46.643766 ], [ -122.128049, 46.644428 ], [ -122.125392, 46.647135 ], [ -122.121604, 46.648378 ], [ -122.119662, 46.64908 ], [ -122.116689, 46.651038 ], [ -122.115033, 46.654079 ], [ -122.111186, 46.658629 ], [ -122.111696, 46.661608 ], [ -122.113063, 46.664848 ], [ -122.114807, 46.667682 ], [ -122.114948, 46.668913 ], [ -122.11156, 46.667795 ], [ -122.108644, 46.66566 ], [ -122.107181, 46.665231 ], [ -122.104338, 46.66345 ], [ -122.104011, 46.660715 ], [ -122.10278, 46.658592 ], [ -122.101435, 46.657874 ], [ -122.099843, 46.655573 ], [ -122.097655, 46.654616 ], [ -122.097641, 46.652325 ], [ -122.095329, 46.649866 ], [ -122.094749, 46.645577 ], [ -122.093356, 46.6442 ], [ -122.090771, 46.644674 ], [ -122.089678, 46.641601 ], [ -122.087856, 46.639009 ], [ -122.082883, 46.635997 ], [ -122.081725, 46.633084 ], [ -122.078742, 46.630858 ], [ -122.074532, 46.630207 ], [ -122.064742, 46.625817 ], [ -122.059805, 46.62567 ], [ -122.057469, 46.624954 ], [ -122.054322, 46.622615 ], [ -122.051329, 46.622026 ], [ -122.050117, 46.621006 ], [ -122.044463, 46.61921 ], [ -122.043036, 46.620007 ], [ -122.039958, 46.619659 ], [ -122.037744, 46.618216 ], [ -122.034831, 46.61809 ], [ -122.032872, 46.620355 ], [ -122.027954, 46.620933 ], [ -122.02694, 46.619384 ], [ -122.022677, 46.618386 ], [ -122.015448, 46.615777 ], [ -122.014421, 46.614314 ], [ -122.008785, 46.611204 ], [ -122.004706, 46.61079 ], [ -122.003647, 46.60823 ], [ -122.000734, 46.606904 ], [ -122.000458, 46.604756 ], [ -121.997207, 46.603706 ], [ -121.993291, 46.601559 ], [ -121.99345, 46.594611 ], [ -121.99272, 46.593788 ], [ -121.994807, 46.592736 ], [ -121.99882, 46.593854 ], [ -122.000541, 46.590973 ], [ -122.000207, 46.588847 ], [ -122.001209, 46.588297 ], [ -122.006984, 46.58798 ], [ -122.008247, 46.585672 ], [ -122.009937, 46.586245 ], [ -122.011893, 46.585743 ], [ -122.015241, 46.585859 ], [ -122.014511, 46.586818 ], [ -122.011859, 46.587297 ], [ -122.010996, 46.588371 ], [ -122.012686, 46.588669 ], [ -122.0166, 46.586522 ], [ -122.017001, 46.583436 ], [ -122.022869, 46.582479 ], [ -122.025654, 46.581588 ], [ -122.026749, 46.579783 ], [ -122.02602, 46.577619 ], [ -122.028041, 46.578474 ], [ -122.028936, 46.577387 ], [ -122.03195, 46.577419 ], [ -122.03858, 46.570345 ], [ -122.038945, 46.567794 ], [ -122.040368, 46.568671 ], [ -122.044723, 46.567213 ], [ -122.047158, 46.568094 ], [ -122.048439, 46.567399 ], [ -122.049178, 46.565414 ], [ -122.050101, 46.565617 ], [ -122.053566, 46.563223 ], [ -122.056357, 46.561996 ], [ -122.055039, 46.560469 ], [ -122.057271, 46.557626 ], [ -122.057524, 46.552315 ], [ -122.055644, 46.553822 ], [ -122.054497, 46.550405 ], [ -122.052747, 46.549292 ], [ -122.052851, 46.544426 ], [ -122.047111, 46.542967 ], [ -122.044498, 46.540694 ], [ -122.04449, 46.538813 ], [ -122.0422, 46.53838 ], [ -122.038233, 46.536519 ], [ -122.037632, 46.535677 ], [ -122.031475, 46.534392 ], [ -122.029208, 46.533068 ], [ -122.025005, 46.532556 ], [ -122.0216, 46.530456 ], [ -122.020618, 46.529377 ], [ -122.024867, 46.524606 ], [ -122.03171, 46.520754 ], [ -122.032137, 46.509374 ], [ -122.052608, 46.509201 ], [ -122.053879, 46.508649 ], [ -122.056923, 46.505583 ], [ -122.058729, 46.505058 ], [ -122.071297, 46.498999 ], [ -122.073421, 46.497056 ], [ -122.07366, 46.492727 ], [ -122.074979, 46.4913 ], [ -122.079317, 46.490518 ], [ -122.084946, 46.490186 ], [ -122.091189, 46.490454 ], [ -122.095151, 46.488455 ], [ -122.093424, 46.487937 ], [ -122.093658, 46.486939 ], [ -122.096542, 46.484311 ], [ -122.090135, 46.479881 ], [ -122.092477, 46.479939 ], [ -122.09594, 46.481232 ], [ -122.101169, 46.481966 ], [ -122.102845, 46.481747 ], [ -122.104345, 46.480052 ], [ -122.103899, 46.478328 ], [ -122.102692, 46.476899 ], [ -122.096998, 46.47604 ], [ -122.094631, 46.476338 ], [ -122.085864, 46.473952 ], [ -122.079979, 46.474582 ], [ -122.076786, 46.473344 ], [ -122.075687, 46.471643 ], [ -122.074225, 46.471051 ], [ -122.070224, 46.471311 ], [ -122.065044, 46.4738 ], [ -122.063676, 46.474051 ], [ -122.060338, 46.472085 ], [ -122.061024, 46.470528 ], [ -122.06268, 46.469727 ], [ -122.062607, 46.468116 ], [ -122.058999, 46.467374 ], [ -122.05264, 46.468839 ], [ -122.049968, 46.468776 ], [ -122.047197, 46.467205 ], [ -122.044754, 46.46373 ], [ -122.042731, 46.462043 ], [ -122.039076, 46.457237 ], [ -122.036896, 46.45639 ], [ -122.03039, 46.458216 ], [ -122.027832, 46.45757 ], [ -122.023949, 46.455482 ], [ -122.019649, 46.454634 ], [ -122.017396, 46.454737 ], [ -122.013325, 46.45611 ], [ -122.011961, 46.453263 ], [ -122.010341, 46.451935 ], [ -122.00642, 46.450025 ], [ -122.006014, 46.44816 ], [ -122.008699, 46.446709 ], [ -122.007454, 46.444622 ], [ -122.001999, 46.441608 ], [ -121.997595, 46.438393 ], [ -121.997621, 46.43661 ], [ -121.996609, 46.435379 ], [ -121.993012, 46.433155 ], [ -121.990686, 46.432573 ], [ -121.985598, 46.434124 ], [ -121.979908, 46.430406 ], [ -121.980362, 46.427339 ], [ -121.981583, 46.423725 ], [ -121.981906, 46.419322 ], [ -121.982962, 46.418135 ], [ -121.982329, 46.415899 ], [ -121.982423, 46.412245 ], [ -121.981761, 46.410828 ], [ -121.979776, 46.409411 ], [ -121.978255, 46.406875 ], [ -121.976931, 46.40347 ], [ -121.971047, 46.399106 ], [ -121.970451, 46.397369 ], [ -121.971971, 46.396934 ], [ -121.970912, 46.395106 ], [ -121.971418, 46.388626 ], [ -121.989898, 46.388626 ], [ -121.989904, 46.387982 ], [ -122.03214, 46.38781 ], [ -122.114468, 46.388315 ], [ -122.114291, 46.38648 ], [ -122.24099, 46.385864 ], [ -122.240966, 46.385361 ], [ -122.290681, 46.385528 ], [ -122.287354, 46.387999 ], [ -122.285462, 46.388403 ], [ -122.282925, 46.388032 ], [ -122.27922, 46.389322 ], [ -122.277133, 46.389572 ], [ -122.26925, 46.393846 ], [ -122.267024, 46.39576 ], [ -122.263116, 46.399935 ], [ -122.259273, 46.402945 ], [ -122.25612, 46.404782 ], [ -122.252216, 46.406103 ], [ -122.250702, 46.405433 ], [ -122.242583, 46.405894 ], [ -122.241632, 46.406771 ], [ -122.239148, 46.407656 ], [ -122.238774, 46.403862 ], [ -122.237964, 46.402313 ], [ -122.2328, 46.403923 ], [ -122.228277, 46.40568 ], [ -122.226899, 46.407813 ], [ -122.226794, 46.409364 ], [ -122.229379, 46.412076 ], [ -122.228898, 46.413357 ], [ -122.227465, 46.413524 ], [ -122.22656, 46.414829 ], [ -122.228504, 46.414334 ], [ -122.235082, 46.418778 ], [ -122.236615, 46.419391 ], [ -122.234654, 46.421133 ], [ -122.230345, 46.4228 ], [ -122.232675, 46.423791 ], [ -122.23783, 46.423989 ], [ -122.238354, 46.426392 ], [ -122.236571, 46.433418 ], [ -122.234338, 46.44049 ], [ -122.233368, 46.441311 ], [ -122.232865, 46.444476 ], [ -122.234101, 46.44786 ], [ -122.235804, 46.448745 ], [ -122.237348, 46.455074 ], [ -122.238765, 46.457467 ], [ -122.241685, 46.458589 ], [ -122.241683, 46.458725 ], [ -122.244251, 46.467823 ], [ -122.244894, 46.468313 ], [ -122.251212, 46.467735 ], [ -122.251212, 46.465764 ], [ -122.262269, 46.466191 ], [ -122.266747, 46.467069 ], [ -122.276013, 46.469365 ], [ -122.281807, 46.471645 ], [ -122.291956, 46.47658 ], [ -122.304446, 46.481542 ], [ -122.311546, 46.484683 ], [ -122.320593, 46.487843 ], [ -122.324534, 46.489764 ], [ -122.333245, 46.495657 ], [ -122.335987, 46.498219 ], [ -122.336933, 46.499831 ], [ -122.341204, 46.499831 ], [ -122.354577, 46.512475 ], [ -122.358789, 46.515948 ], [ -122.361813, 46.517695 ], [ -122.367301, 46.52011 ], [ -122.368557, 46.521263 ], [ -122.376161, 46.522715 ], [ -122.388471, 46.525737 ], [ -122.38785, 46.532028 ], [ -122.388891, 46.532584 ] ] ] } },
{ "type": "Feature", "properties": { "geoid": "53053071409", "county_name": "Pierce County", "place_name": null, "state_name": "Washington", "state_abbr": "WA", "is_rural": false, "dci_score": 31.9, "dci_quintile": 5.0, "is_cra_lmi": true, "income_level": "M", "is_persistent_poverty": false, "is_tribal_overlap": false, "tribal_area_name": null, "aian_pct": 0.0, "has_nmtc": false, "nmtc_projects": 0, "nmtc_total_usd": 0.0 }, "geometry": { "type": "Polygon", "coordinates": [ [ [ -122.434811, 47.104512 ], [ -122.429252, 47.104461 ], [ -122.423797, 47.104417 ], [ -122.421747, 47.104372 ], [ -122.400013, 47.104111 ], [ -122.400086, 47.100547 ], [ -122.400119, 47.098619 ], [ -122.400155, 47.096873 ], [ -122.410754, 47.097003 ], [ -122.423867, 47.097162 ], [ -122.429162, 47.097265 ], [ -122.43214, 47.097336 ], [ -122.434938, 47.097297 ], [ -122.434811, 47.104512 ] ] ] } },
{ "type": "Feature", "properties": { "geoid": "53053061400", "county_name": "Pierce County", "place_name": null, "state_name": "Washington", "state_abbr": "WA", "is_rural": false, "dci_score": 69.5, "dci_quintile": 4.0, "is_cra_lmi": true, "income_level": "L", "is_persistent_poverty": false, "is_tribal_overlap": false, "tribal_area_name": null, "aian_pct": 0.0, "has_nmtc": true, "nmtc_projects": 1, "nmtc_total_usd": 2336301.0 }, "geometry": { "type": "Polygon", "coordinates": [ [ [ -122.454091, 47.255969 ], [ -122.448847, 47.256495 ], [ -122.448217, 47.25612 ], [ -122.448157, 47.256601 ], [ -122.445373, 47.256877 ], [ -122.444904, 47.254821 ], [ -122.4435, 47.248648 ], [ -122.442563, 47.244529 ], [ -122.448415, 47.243915 ], [ -122.451279, 47.243614 ], [ -122.452216, 47.247732 ], [ -122.452451, 47.248762 ], [ -122.453622, 47.253911 ], [ -122.454091, 47.255969 ] ] ] } },
{ "type": "Feature", "properties": { "geoid": "53053061300", "county_name": "Pierce County", "place_name": null, "state_name": "Washington", "state_abbr": "WA", "is_rural": false, "dci_score": 63.5, "dci_quintile": 4.0, "is_cra_lmi": true, "income_level": "M", "is_persistent_poverty": false, "is_tribal_overlap": false, "tribal_area_name": null, "aian_pct": 0.0, "has_nmtc": true, "nmtc_projects": 1, "nmtc_total_usd": 140000000.0 }, "geometry": { "type": "Polygon", "coordinates": [ [ [ -122.465956, 47.255451 ], [ -122.462922, 47.256094 ], [ -122.457658, 47.258757 ], [ -122.455024, 47.260082 ], [ -122.454091, 47.255969 ], [ -122.453622, 47.253911 ], [ -122.452451, 47.248762 ], [ -122.452216, 47.247732 ], [ -122.451279, 47.243614 ], [ -122.457007, 47.243008 ], [ -122.460307, 47.242667 ], [ -122.465597, 47.242684 ], [ -122.465564, 47.244789 ], [ -122.465606, 47.250084 ], [ -122.465956, 47.255451 ] ] ] } },
{ "type": "Feature", "properties": { "geoid": "53053061002", "county_name": "Pierce County", "place_name": null, "state_name": "Washington", "state_abbr": "WA", "is_rural": false, "dci_score": 21.3, "dci_quintile": 5.0, "is_cra_lmi": false, "income_level": "U", "is_persistent_poverty": false, "is_tribal_overlap": false, "tribal_area_name": null, "aian_pct": 0.0, "has_nmtc": false, "nmtc_projects": 0, "nmtc_total_usd": 0.0 }, "geometry": { "type": "Polygon", "coordinates": [ [ [ -122.536987, 47.249921 ], [ -122.531333, 47.249925 ], [ -122.531341, 47.258841 ], [ -122.529415, 47.258864 ], [ -122.526336, 47.258664 ], [ -122.518493, 47.258047 ], [ -122.515943, 47.25737 ], [ -122.515187, 47.256938 ], [ -122.513837, 47.255422 ], [ -122.512866, 47.25234 ], [ -122.505196, 47.243632 ], [ -122.505269, 47.242901 ], [ -122.52637, 47.242709 ], [ -122.534266, 47.242691 ], [ -122.535729, 47.242685 ], [ -122.537057, 47.242681 ], [ -122.536987, 47.249921 ] ] ] } },
{ "type": "Feature", "properties": { "geoid": "53053071704", "county_name": "Pierce County", "place_name": null, "state_name": "Washington", "state_abbr": "WA", "is_rural": false, "dci_score": 61.2, "dci_quintile": 4.0, "is_cra_lmi": true, "income_level": "L", "is_persistent_poverty": false, "is_tribal_overlap": false, "tribal_area_name": null, "aian_pct": 0.0, "has_nmtc": false, "nmtc_projects": 0, "nmtc_total_usd": 0.0 }, "geometry": { "type": "Polygon", "coordinates": [ [ [ -122.472476, 47.170205 ], [ -122.472011, 47.170203 ], [ -122.471707, 47.170203 ], [ -122.468392, 47.17019 ], [ -122.465649, 47.170179 ], [ -122.465819, 47.169607 ], [ -122.465938, 47.166808 ], [ -122.466169, 47.166015 ], [ -122.466739, 47.164984 ], [ -122.463299, 47.165022 ], [ -122.460677, 47.164971 ], [ -122.455372, 47.164893 ], [ -122.455439, 47.158546 ], [ -122.455413, 47.158385 ], [ -122.46059, 47.158589 ], [ -122.463476, 47.15903 ], [ -122.467762, 47.160069 ], [ -122.479616, 47.163121 ], [ -122.472476, 47.170205 ] ] ] } },
{ "type": "Feature", "properties": { "geoid": "53053071707", "county_name": "Pierce County", "place_name": null, "state_name": "Washington", "state_abbr": "WA", "is_rural": false, "dci_score": 60.2, "dci_quintile": 4.0, "is_cra_lmi": true, "income_level": "M", "is_persistent_poverty": false, "is_tribal_overlap": false, "tribal_area_name": null, "aian_pct": 0.0, "has_nmtc": false, "nmtc_projects": 0, "nmtc_total_usd": 0.0 }, "geometry": { "type": "Polygon", "coordinates": [ [ [ -122.455413, 47.158385 ], [ -122.446948, 47.158293 ], [ -122.438663, 47.158198 ], [ -122.434194, 47.158158 ], [ -122.431563, 47.158133 ], [ -122.43165, 47.151094 ], [ -122.442293, 47.151198 ], [ -122.447622, 47.15125 ], [ -122.45279, 47.1513 ], [ -122.452756, 47.157663 ], [ -122.452978, 47.157711 ], [ -122.455413, 47.158385 ] ] ] } },
{ "type": "Feature", "properties": { "geoid": "53015001501", "county_name": "Cowlitz County", "place_name": null, "state_name": "Washington", "state_abbr": "WA", "is_rural": true, "dci_score": 71.3, "dci_quintile": 3.0, "is_cra_lmi": false, "income_level": "U", "is_persistent_poverty": false, "is_tribal_overlap": false, "tribal_area_name": null, "aian_pct": 0.0, "has_nmtc": false, "nmtc_projects": 0, "nmtc_total_usd": 0.0 }, "geometry": { "type": "Polygon", "coordinates": [ [ [ -122.749706, 45.992508 ], [ -122.747602, 45.993187 ], [ -122.744359, 45.9966 ], [ -122.741457, 45.998682 ], [ -122.73953, 45.999235 ], [ -122.737045, 46.002416 ], [ -122.736088, 46.006348 ], [ -122.729913, 46.008546 ], [ -122.728398, 46.01021 ], [ -122.724238, 46.008457 ], [ -122.71952, 46.01016 ], [ -122.716277, 46.008676 ], [ -122.710782, 46.012786 ], [ -122.711697, 46.014739 ], [ -122.709823, 46.015793 ], [ -122.70789, 46.014232 ], [ -122.707898, 46.012692 ], [ -122.705859, 46.011003 ], [ -122.705163, 46.00893 ], [ -122.70253, 46.007623 ], [ -122.69991, 46.007068 ], [ -122.697608, 46.00927 ], [ -122.694171, 46.010453 ], [ -122.69156, 46.010173 ], [ -122.690352, 46.010849 ], [ -122.686048, 46.012034 ], [ -122.68436, 46.013537 ], [ -122.679088, 46.014937 ], [ -122.675812, 46.018448 ], [ -122.675858, 46.019339 ], [ -122.670796, 46.024635 ], [ -122.668371, 46.026173 ], [ -122.668123, 46.028436 ], [ -122.665377, 46.029327 ], [ -122.663257, 46.029003 ], [ -122.659154, 46.03103 ], [ -122.657637, 46.03321 ], [ -122.655116, 46.033868 ], [ -122.649867, 46.032073 ], [ -122.647998, 46.030537 ], [ -122.645265, 46.031199 ], [ -122.642861, 46.030445 ], [ -122.638276, 46.035343 ], [ -122.63752, 46.036245 ], [ -122.637515, 46.0365 ], [ -122.637592, 46.03668 ], [ -122.637849, 46.036824 ], [ -122.638185, 46.036869 ], [ -122.641938, 46.037194 ], [ -122.639935, 46.04041 ], [ -122.638571, 46.044397 ], [ -122.635581, 46.047174 ], [ -122.629567, 46.048346 ], [ -122.626288, 46.049642 ], [ -122.624335, 46.051313 ], [ -122.619149, 46.05228 ], [ -122.615294, 46.050091 ], [ -122.608527, 46.048 ], [ -122.603011, 46.047383 ], [ -122.600348, 46.048218 ], [ -122.59677, 46.048786 ], [ -122.594139, 46.051264 ], [ -122.591173, 46.053411 ], [ -122.589338, 46.053691 ], [ -122.586219, 46.053679 ], [ -122.584175, 46.052626 ], [ -122.581835, 46.053457 ], [ -122.577021, 46.051812 ], [ -122.574058, 46.051656 ], [ -122.571855, 46.052173 ], [ -122.570896, 46.051278 ], [ -122.571226, 46.049599 ], [ -122.569636, 46.04801 ], [ -122.567872, 46.048622 ], [ -122.5632, 46.048358 ], [ -122.560826, 46.048722 ], [ -122.557482, 46.04973 ], [ -122.55529, 46.053019 ], [ -122.556814, 46.056726 ], [ -122.556327, 46.057752 ], [ -122.553731, 46.057194 ], [ -122.55003, 46.057335 ], [ -122.545271, 46.055814 ], [ -122.543349, 46.054661 ], [ -122.537098, 46.055651 ], [ -122.533232, 46.059575 ], [ -122.529845, 46.060215 ], [ -122.52458, 46.062432 ], [ -122.521255, 46.062835 ], [ -122.519393, 46.064707 ], [ -122.521768, 46.068559 ], [ -122.51917, 46.068614 ], [ -122.51707, 46.066897 ], [ -122.515134, 46.067021 ], [ -122.513557, 46.070637 ], [ -122.511486, 46.07288 ], [ -122.507051, 46.073888 ], [ -122.505702, 46.071908 ], [ -122.504034, 46.070854 ], [ -122.498393, 46.069328 ], [ -122.497708, 46.068776 ], [ -122.496864, 46.06842 ], [ -122.496078, 46.068465 ], [ -122.495759, 46.068603 ], [ -122.494862, 46.06935 ], [ -122.493746, 46.06998 ], [ -122.49296, 46.071075 ], [ -122.492215, 46.071224 ], [ -122.491178, 46.071165 ], [ -122.489925, 46.070744 ], [ -122.488659, 46.070047 ], [ -122.487896, 46.069462 ], [ -122.486733, 46.068298 ], [ -122.483769, 46.0683 ], [ -122.48131, 46.070291 ], [ -122.479034, 46.07142 ], [ -122.476758, 46.0715 ], [ -122.474483, 46.073679 ], [ -122.472999, 46.072844 ], [ -122.470483, 46.071779 ], [ -122.468271, 46.071883 ], [ -122.467392, 46.071046 ], [ -122.462019, 46.070204 ], [ -122.458103, 46.071439 ], [ -122.455387, 46.070968 ], [ -122.45175, 46.073494 ], [ -122.447155, 46.073023 ], [ -122.440299, 46.071355 ], [ -122.437917, 46.071567 ], [ -122.434477, 46.076677 ], [ -122.431009, 46.078043 ], [ -122.430406, 46.080112 ], [ -122.426679, 46.081174 ], [ -122.422489, 46.085439 ], [ -122.42012, 46.087261 ], [ -122.419729, 46.0888 ], [ -122.4182, 46.08962 ], [ -122.415757, 46.089329 ], [ -122.408899, 46.089758 ], [ -122.408337, 46.091932 ], [ -122.405074, 46.092357 ], [ -122.401654, 46.094762 ], [ -122.396474, 46.096805 ], [ -122.396169, 46.097819 ], [ -122.393892, 46.098185 ], [ -122.393281, 46.099657 ], [ -122.391153, 46.100179 ], [ -122.388763, 46.09977 ], [ -122.387037, 46.101045 ], [ -122.38202, 46.102043 ], [ -122.381991, 46.102761 ], [ -122.378055, 46.102194 ], [ -122.375585, 46.102985 ], [ -122.372692, 46.102211 ], [ -122.369202, 46.102081 ], [ -122.36674, 46.102757 ], [ -122.366447, 46.103899 ], [ -122.361228, 46.105427 ], [ -122.357992, 46.109306 ], [ -122.35917, 46.112049 ], [ -122.357534, 46.114722 ], [ -122.358998, 46.116467 ], [ -122.357576, 46.118439 ], [ -122.357629, 46.119776 ], [ -122.359119, 46.121067 ], [ -122.349917, 46.123679 ], [ -122.347456, 46.123224 ], [ -122.345093, 46.122067 ], [ -122.342905, 46.123738 ], [ -122.33607, 46.124769 ], [ -122.331519, 46.12668 ], [ -122.32769, 46.128698 ], [ -122.327776, 46.13012 ], [ -122.326556, 46.133093 ], [ -122.324825, 46.134954 ], [ -122.32522, 46.136496 ], [ -122.324352, 46.138687 ], [ -122.324912, 46.140553 ], [ -122.323017, 46.141973 ], [ -122.31269, 46.144665 ], [ -122.304327, 46.144507 ], [ -122.300865, 46.1439 ], [ -122.2966, 46.144288 ], [ -122.290694, 46.142425 ], [ -122.286439, 46.141993 ], [ -122.281947, 46.141992 ], [ -122.280053, 46.141224 ], [ -122.279732, 46.139089 ], [ -122.278236, 46.138648 ], [ -122.273191, 46.139255 ], [ -122.27099, 46.138322 ], [ -122.268538, 46.138649 ], [ -122.265868, 46.137939 ], [ -122.263024, 46.137947 ], [ -122.260737, 46.140129 ], [ -122.260268, 46.141368 ], [ -122.257124, 46.141107 ], [ -122.25532, 46.141903 ], [ -122.249375, 46.141557 ], [ -122.246214, 46.142796 ], [ -122.246036, 46.128154 ], [ -122.245805, 46.063247 ], [ -122.245856, 46.053853 ], [ -122.248678, 46.053562 ], [ -122.25147, 46.054018 ], [ -122.251523, 46.055694 ], [ -122.255363, 46.056239 ], [ -122.25915, 46.057793 ], [ -122.26432, 46.058971 ], [ -122.269199, 46.059632 ], [ -122.274742, 46.058961 ], [ -122.277603, 46.057465 ], [ -122.280197, 46.054763 ], [ -122.281489, 46.053983 ], [ -122.283427, 46.051413 ], [ -122.287354, 46.049598 ], [ -122.288618, 46.049382 ], [ -122.292562, 46.049837 ], [ -122.294443, 46.049191 ], [ -122.295215, 46.047376 ], [ -122.29475, 46.045148 ], [ -122.294708, 46.037973 ], [ -122.297173, 46.035303 ], [ -122.301574, 46.033735 ], [ -122.303172, 46.032599 ], [ -122.305885, 46.029574 ], [ -122.311711, 46.028794 ], [ -122.312263, 46.026899 ], [ -122.315188, 46.021577 ], [ -122.313731, 46.019193 ], [ -122.313715, 46.016995 ], [ -122.317469, 46.012659 ], [ -122.318496, 46.011993 ], [ -122.319932, 46.011793 ], [ -122.322163, 46.012602 ], [ -122.325431, 46.01256 ], [ -122.328294, 46.011498 ], [ -122.328768, 46.010811 ], [ -122.32836, 46.009461 ], [ -122.32451, 46.007146 ], [ -122.323963, 46.005812 ], [ -122.325147, 46.003898 ], [ -122.325003, 45.999832 ], [ -122.322495, 45.996422 ], [ -122.316634, 45.993951 ], [ -122.314764, 45.991303 ], [ -122.315805, 45.98943 ], [ -122.317478, 45.98829 ], [ -122.31836, 45.985355 ], [ -122.319202, 45.984866 ], [ -122.323844, 45.98381 ], [ -122.325286, 45.982726 ], [ -122.325722, 45.978712 ], [ -122.324381, 45.976145 ], [ -122.326645, 45.972817 ], [ -122.328617, 45.97105 ], [ -122.330834, 45.968197 ], [ -122.332663, 45.965064 ], [ -122.336424, 45.962844 ], [ -122.339711, 45.961563 ], [ -122.343478, 45.959548 ], [ -122.347323, 45.95931 ], [ -122.350996, 45.958508 ], [ -122.352134, 45.958776 ], [ -122.356315, 45.95685 ], [ -122.361031, 45.958004 ], [ -122.363065, 45.959776 ], [ -122.363176, 45.962712 ], [ -122.366894, 45.962723 ], [ -122.368899, 45.961309 ], [ -122.372915, 45.960758 ], [ -122.37515, 45.960132 ], [ -122.379833, 45.961649 ], [ -122.382929, 45.964844 ], [ -122.385357, 45.965905 ], [ -122.389768, 45.966664 ], [ -122.394237, 45.96991 ], [ -122.398515, 45.972496 ], [ -122.402816, 45.972144 ], [ -122.40627, 45.97327 ], [ -122.410821, 45.973917 ], [ -122.413554, 45.973625 ], [ -122.41836, 45.974013 ], [ -122.418487, 45.976718 ], [ -122.422405, 45.977387 ], [ -122.426025, 45.977394 ], [ -122.428909, 45.976877 ], [ -122.43176, 45.975683 ], [ -122.435316, 45.975103 ], [ -122.439196, 45.976366 ], [ -122.442208, 45.975849 ], [ -122.444737, 45.97777 ], [ -122.444816, 45.981199 ], [ -122.446446, 45.983182 ], [ -122.452436, 45.984955 ], [ -122.462695, 45.986398 ], [ -122.46357, 45.986657 ], [ -122.468495, 45.987001 ], [ -122.470126, 45.986355 ], [ -122.4745, 45.987183 ], [ -122.477104, 45.988089 ], [ -122.478753, 45.987938 ], [ -122.483302, 45.986352 ], [ -122.484659, 45.983625 ], [ -122.485917, 45.983289 ], [ -122.489618, 45.983504 ], [ -122.493875, 45.986778 ], [ -122.497484, 45.986977 ], [ -122.498396, 45.98635 ], [ -122.498262, 45.984716 ], [ -122.496562, 45.98246 ], [ -122.496959, 45.980747 ], [ -122.501211, 45.980008 ], [ -122.506397, 45.980326 ], [ -122.50828, 45.981691 ], [ -122.508934, 45.984246 ], [ -122.510669, 45.984935 ], [ -122.513662, 45.984272 ], [ -122.515517, 45.983113 ], [ -122.51791, 45.982829 ], [ -122.52089, 45.984174 ], [ -122.521863, 45.984145 ], [ -122.523005, 45.984088 ], [ -122.527247, 45.981977 ], [ -122.534496, 45.979217 ], [ -122.534836, 45.976995 ], [ -122.531799, 45.974019 ], [ -122.532755, 45.972839 ], [ -122.536065, 45.97161 ], [ -122.538281, 45.970161 ], [ -122.542884, 45.968953 ], [ -122.54687, 45.966961 ], [ -122.549802, 45.962647 ], [ -122.554575, 45.959819 ], [ -122.55604, 45.956602 ], [ -122.557421, 45.953845 ], [ -122.560191, 45.952163 ], [ -122.56458, 45.951671 ], [ -122.56957, 45.95259 ], [ -122.572051, 45.952566 ], [ -122.578026, 45.954696 ], [ -122.580265, 45.954672 ], [ -122.583168, 45.953706 ], [ -122.585448, 45.952795 ], [ -122.590277, 45.948373 ], [ -122.601031, 45.944774 ], [ -122.604522, 45.941861 ], [ -122.606023, 45.939989 ], [ -122.610256, 45.938181 ], [ -122.613071, 45.936409 ], [ -122.61573, 45.935702 ], [ -122.620036, 45.936849 ], [ -122.627175, 45.935622 ], [ -122.630409, 45.935776 ], [ -122.638916, 45.937463 ], [ -122.641745, 45.938089 ], [ -122.643825, 45.937854 ], [ -122.64619, 45.937256 ], [ -122.647492, 45.93594 ], [ -122.651122, 45.934123 ], [ -122.653426, 45.932132 ], [ -122.654862, 45.928784 ], [ -122.656382, 45.927958 ], [ -122.657632, 45.928134 ], [ -122.659457, 45.929595 ], [ -122.660904, 45.932469 ], [ -122.669259, 45.936991 ], [ -122.674911, 45.937383 ], [ -122.676944, 45.938044 ], [ -122.681479, 45.938758 ], [ -122.683956, 45.939771 ], [ -122.689331, 45.941331 ], [ -122.693238, 45.941452 ], [ -122.694847, 45.940593 ], [ -122.694882, 45.937705 ], [ -122.692895, 45.936191 ], [ -122.688618, 45.934384 ], [ -122.687997, 45.932109 ], [ -122.68926, 45.929111 ], [ -122.690871, 45.928168 ], [ -122.693233, 45.92803 ], [ -122.696971, 45.92916 ], [ -122.699108, 45.930982 ], [ -122.704492, 45.930809 ], [ -122.706438, 45.93048 ], [ -122.709451, 45.930882 ], [ -122.707565, 45.932378 ], [ -122.704683, 45.933281 ], [ -122.708953, 45.933944 ], [ -122.704306, 45.937892 ], [ -122.702855, 45.93985 ], [ -122.699989, 45.941761 ], [ -122.700182, 45.943304 ], [ -122.703624, 45.94733 ], [ -122.70285, 45.947935 ], [ -122.703303, 45.951552 ], [ -122.699746, 45.953 ], [ -122.69792, 45.95476 ], [ -122.696666, 45.958365 ], [ -122.698279, 45.960395 ], [ -122.699603, 45.965772 ], [ -122.698527, 45.968109 ], [ -122.699301, 45.968714 ], [ -122.699492, 45.97388 ], [ -122.722019, 45.977471 ], [ -122.751121, 45.991178 ], [ -122.749706, 45.992508 ] ] ] } },
{ "type": "Feature", "properties": { "geoid": "53057952301", "county_name": "Skagit County", "place_name": "Olympia", "state_name": "Washington", "state_abbr": "WA", "is_rural": true, "dci_score": 60.0, "dci_quintile": 4.0, "is_cra_lmi": true, "income_level": "M", "is_persistent_poverty": false, "is_tribal_overlap": false, "tribal_area_name": null, "aian_pct": 0.0, "has_nmtc": false, "nmtc_projects": 0, "nmtc_total_usd": 0.0 }, "geometry": { "type": "Polygon", "coordinates": [ [ [ -122.313413, 48.431293 ], [ -122.313341, 48.435613 ], [ -122.313368, 48.442882 ], [ -122.29584, 48.44281 ], [ -122.292617, 48.442799 ], [ -122.291745, 48.440989 ], [ -122.29181, 48.435536 ], [ -122.291784, 48.428196 ], [ -122.295413, 48.428274 ], [ -122.29856, 48.428238 ], [ -122.302646, 48.428271 ], [ -122.313437, 48.428332 ], [ -122.313413, 48.431293 ] ] ] } },
{ "type": "Feature", "properties": { "geoid": "53021020402", "county_name": "Franklin County", "place_name": null, "state_name": "Washington", "state_abbr": "WA", "is_rural": false, "dci_score": 46.6, "dci_quintile": 5.0, "is_cra_lmi": true, "income_level": "M", "is_persistent_poverty": false, "is_tribal_overlap": false, "tribal_area_name": null, "aian_pct": 0.0, "has_nmtc": false, "nmtc_projects": 0, "nmtc_total_usd": 0.0 }, "geometry": { "type": "Polygon", "coordinates": [ [ [ -119.126475, 46.24716 ], [ -119.1266, 46.248805 ], [ -119.125685, 46.248729 ], [ -119.117039, 46.248592 ], [ -119.117185, 46.245601 ], [ -119.117209, 46.245121 ], [ -119.117383, 46.24151 ], [ -119.122618, 46.241505 ], [ -119.128835, 46.241499 ], [ -119.126475, 46.24716 ] ] ] } },
{ "type": "Feature", "properties": { "geoid": "53021020201", "county_name": "Franklin County", "place_name": null, "state_name": "Washington", "state_abbr": "WA", "is_rural": false, "dci_score": 46.6, "dci_quintile": 5.0, "is_cra_lmi": true, "income_level": "L", "is_persistent_poverty": false, "is_tribal_overlap": false, "tribal_area_name": null, "aian_pct": 0.0, "has_nmtc": false, "nmtc_projects": 0, "nmtc_total_usd": 0.0 }, "geometry": { "type": "Polygon", "coordinates": [ [ [ -119.107358, 46.234064 ], [ -119.102816, 46.234034 ], [ -119.095992, 46.233999 ], [ -119.094187, 46.234428 ], [ -119.092231, 46.230491 ], [ -119.100171, 46.228607 ], [ -119.101443, 46.228307 ], [ -119.103271, 46.227869 ], [ -119.107458, 46.227716 ], [ -119.107358, 46.234064 ] ] ] } },
{ "type": "Feature", "properties": { "geoid": "53021020103", "county_name": "Franklin County", "place_name": "Grandview", "state_name": "Washington", "state_abbr": "WA", "is_rural": false, "dci_score": 46.6, "dci_quintile": 5.0, "is_cra_lmi": true, "income_level": "M", "is_persistent_poverty": false, "is_tribal_overlap": false, "tribal_area_name": null, "aian_pct": 0.0, "has_nmtc": false, "nmtc_projects": 0, "nmtc_total_usd": 0.0 }, "geometry": { "type": "Polygon", "coordinates": [ [ [ -119.07594, 46.233818 ], [ -119.070739, 46.233765 ], [ -119.062887, 46.233818 ], [ -119.061611, 46.234442 ], [ -119.060198, 46.237944 ], [ -119.056755, 46.239574 ], [ -119.038654, 46.227058 ], [ -119.040315, 46.226396 ], [ -119.070797, 46.226523 ], [ -119.076076, 46.226552 ], [ -119.07594, 46.233818 ] ] ] } },
{ "type": "Feature", "properties": { "geoid": "53047970301", "county_name": "Okanogan County", "place_name": null, "state_name": "Washington", "state_abbr": "WA", "is_rural": true, "dci_score": 91.4, "dci_quintile": 1.0, "is_cra_lmi": true, "income_level": "M", "is_persistent_poverty": false, "is_tribal_overlap": false, "tribal_area_name": null, "aian_pct": 0.0, "has_nmtc": false, "nmtc_projects": 0, "nmtc_total_usd": 0.0 }, "geometry": { "type": "Polygon", "coordinates": [ [ [ -119.979266, 48.945257 ], [ -119.97724, 48.94738 ], [ -119.973835, 48.948599 ], [ -119.973733, 48.950793 ], [ -119.972141, 48.951915 ], [ -119.97055, 48.954018 ], [ -119.965931, 48.955995 ], [ -119.960737, 48.957704 ], [ -119.955829, 48.959732 ], [ -119.949266, 48.961381 ], [ -119.941999, 48.964215 ], [ -119.939431, 48.964263 ], [ -119.928694, 48.962443 ], [ -119.924968, 48.964493 ], [ -119.924677, 48.968921 ], [ -119.926382, 48.970882 ], [ -119.930389, 48.97202 ], [ -119.932812, 48.974062 ], [ -119.933035, 48.97602 ], [ -119.931288, 48.977503 ], [ -119.923575, 48.982768 ], [ -119.923356, 48.984394 ], [ -119.921558, 48.987619 ], [ -119.921727, 48.989372 ], [ -119.920544, 48.991524 ], [ -119.92039, 48.994386 ], [ -119.919261901541006, 49.000093140086797 ], [ -119.876195, 49.000448 ], [ -119.702016, 49.000269 ], [ -119.701702826423997, 49.000264683071002 ], [ -119.701218, 49.000258 ], [ -119.4577, 49.000261 ], [ -119.442094954048997, 49.000256698423001 ], [ -119.434334, 48.967731 ], [ -119.429336, 48.957075 ], [ -119.429044, 48.952157 ], [ -119.429419, 48.949527 ], [ -119.430735, 48.948153 ], [ -119.432244, 48.944097 ], [ -119.430985, 48.94194 ], [ -119.428806, 48.94197 ], [ -119.429948, 48.9397 ], [ -119.427093, 48.939023 ], [ -119.426258, 48.939016 ], [ -119.423841, 48.936921 ], [ -119.420194, 48.934475 ], [ -119.419808, 48.93349 ], [ -119.419572, 48.932889 ], [ -119.420205, 48.931273 ], [ -119.42147, 48.930847 ], [ -119.420328, 48.927221 ], [ -119.419144, 48.9247 ], [ -119.42047, 48.921194 ], [ -119.423207, 48.91788 ], [ -119.423654, 48.91768 ], [ -119.425963, 48.918111 ], [ -119.432521, 48.917891 ], [ -119.433632, 48.916269 ], [ -119.43493, 48.913061 ], [ -119.434433, 48.910476 ], [ -119.437435, 48.909922 ], [ -119.441159, 48.910991 ], [ -119.441939, 48.9106 ], [ -119.441861, 48.909444 ], [ -119.43817, 48.906498 ], [ -119.434216, 48.906071 ], [ -119.43215, 48.907638 ], [ -119.429449, 48.907439 ], [ -119.429656, 48.905224 ], [ -119.431881, 48.89861 ], [ -119.432414, 48.897857 ], [ -119.436456, 48.895074 ], [ -119.440637, 48.894218 ], [ -119.440935, 48.891675 ], [ -119.439083, 48.890548 ], [ -119.435916, 48.889953 ], [ -119.429761, 48.891452 ], [ -119.428471, 48.890272 ], [ -119.428019, 48.885196 ], [ -119.428854, 48.882447 ], [ -119.430001, 48.881242 ], [ -119.434038, 48.879743 ], [ -119.43662, 48.879694 ], [ -119.437688, 48.879054 ], [ -119.437725, 48.878291 ], [ -119.433945, 48.87461 ], [ -119.433814, 48.872826 ], [ -119.432577, 48.872186 ], [ -119.429776, 48.872781 ], [ -119.423657, 48.872202 ], [ -119.419289, 48.873218 ], [ -119.417314, 48.872859 ], [ -119.416523, 48.871377 ], [ -119.416738, 48.866452 ], [ -119.417992, 48.863973 ], [ -119.417083, 48.860649 ], [ -119.415995, 48.859332 ], [ -119.409315, 48.857084 ], [ -119.409675, 48.855167 ], [ -119.411244, 48.854335 ], [ -119.421264, 48.854321 ], [ -119.424656, 48.853061 ], [ -119.427226, 48.850925 ], [ -119.423515, 48.84836 ], [ -119.421819, 48.844106 ], [ -119.417747, 48.840901 ], [ -119.412313, 48.839244 ], [ -119.411908, 48.83675 ], [ -119.41273, 48.83228 ], [ -119.415539, 48.828714 ], [ -119.419642, 48.825945 ], [ -119.419831, 48.825367 ], [ -119.419797, 48.823826 ], [ -119.417989, 48.822645 ], [ -119.414558, 48.822385 ], [ -119.411847, 48.821483 ], [ -119.406209, 48.818975 ], [ -119.405493, 48.818327 ], [ -119.405752, 48.813281 ], [ -119.406762, 48.811553 ], [ -119.409599, 48.808795 ], [ -119.409683, 48.806943 ], [ -119.407871, 48.805922 ], [ -119.40366, 48.804789 ], [ -119.403158, 48.804234 ], [ -119.402716, 48.799239 ], [ -119.403019, 48.797797 ], [ -119.405119, 48.794919 ], [ -119.405358, 48.793829 ], [ -119.412723, 48.793611 ], [ -119.412713, 48.78267 ], [ -119.413431, 48.780349 ], [ -119.416743, 48.777043 ], [ -119.418224, 48.776248 ], [ -119.419768, 48.777837 ], [ -119.421107, 48.780673 ], [ -119.425029, 48.782114 ], [ -119.426998, 48.784548 ], [ -119.428513, 48.785255 ], [ -119.443477, 48.78528 ], [ -119.455767, 48.785829 ], [ -119.458833, 48.786677 ], [ -119.465185, 48.789354 ], [ -119.472863, 48.794399 ], [ -119.474556, 48.797212 ], [ -119.477485, 48.79981 ], [ -119.484711, 48.80334 ], [ -119.491342, 48.806928 ], [ -119.504501, 48.811919 ], [ -119.506096, 48.813167 ], [ -119.507092, 48.815256 ], [ -119.508957, 48.815966 ], [ -119.523585, 48.815964 ], [ -119.52686, 48.815516 ], [ -119.529997, 48.814242 ], [ -119.533967, 48.814157 ], [ -119.538575, 48.812835 ], [ -119.541637, 48.81159 ], [ -119.545176, 48.811011 ], [ -119.550294, 48.809488 ], [ -119.553374, 48.809398 ], [ -119.560942, 48.811746 ], [ -119.566281, 48.813059 ], [ -119.571674, 48.81541 ], [ -119.579132, 48.816276 ], [ -119.588492, 48.816054 ], [ -119.591529, 48.816225 ], [ -119.604118, 48.815514 ], [ -119.610399, 48.815999 ], [ -119.613673, 48.816896 ], [ -119.624897, 48.820762 ], [ -119.631317, 48.821427 ], [ -119.632275, 48.821935 ], [ -119.638019, 48.821882 ], [ -119.638344, 48.817675 ], [ -119.639021, 48.816271 ], [ -119.639072, 48.815253 ], [ -119.63872, 48.812897 ], [ -119.637046, 48.812373 ], [ -119.636867, 48.810144 ], [ -119.637261, 48.808865 ], [ -119.640365, 48.805318 ], [ -119.644599, 48.803231 ], [ -119.646417, 48.799302 ], [ -119.646171, 48.793584 ], [ -119.64707, 48.792356 ], [ -119.645942, 48.790338 ], [ -119.645943, 48.788633 ], [ -119.649366, 48.784263 ], [ -119.648049, 48.783611 ], [ -119.649203, 48.779959 ], [ -119.647771, 48.778588 ], [ -119.648935, 48.774944 ], [ -119.651523, 48.771124 ], [ -119.649601, 48.769423 ], [ -119.651661, 48.767225 ], [ -119.652494, 48.764686 ], [ -119.651784, 48.763731 ], [ -119.654272, 48.763781 ], [ -119.655218, 48.762914 ], [ -119.654827, 48.760458 ], [ -119.656936, 48.75663 ], [ -119.659449, 48.753981 ], [ -119.658671, 48.752802 ], [ -119.659699, 48.751888 ], [ -119.659899, 48.749695 ], [ -119.663133, 48.746998 ], [ -119.662975, 48.745241 ], [ -119.66744, 48.742597 ], [ -119.670146, 48.738716 ], [ -119.672229, 48.737731 ], [ -119.673364, 48.736006 ], [ -119.671955, 48.736452 ], [ -119.666545, 48.736608 ], [ -119.665453, 48.734205 ], [ -119.667604, 48.73102 ], [ -119.666998, 48.729414 ], [ -119.667966, 48.728934 ], [ -119.668365, 48.7269 ], [ -119.669995, 48.726097 ], [ -119.670522, 48.724087 ], [ -119.673994, 48.722216 ], [ -119.67437, 48.720579 ], [ -119.675719, 48.719693 ], [ -119.675687, 48.718128 ], [ -119.677436, 48.716577 ], [ -119.679777, 48.715523 ], [ -119.682365, 48.713016 ], [ -119.684733, 48.708083 ], [ -119.687914, 48.703556 ], [ -119.687972, 48.69983 ], [ -119.689816, 48.698456 ], [ -119.692703, 48.697902 ], [ -119.697838, 48.696324 ], [ -119.705766, 48.694878 ], [ -119.707945, 48.69337 ], [ -119.710937, 48.692768 ], [ -119.712113, 48.693531 ], [ -119.713708, 48.69273 ], [ -119.717083, 48.692569 ], [ -119.719713, 48.692921 ], [ -119.722975, 48.69216 ], [ -119.725473, 48.690877 ], [ -119.732735, 48.689013 ], [ -119.737788, 48.688228 ], [ -119.744946, 48.687769 ], [ -119.748625, 48.688608 ], [ -119.754986, 48.689514 ], [ -119.756916, 48.690234 ], [ -119.759263, 48.691964 ], [ -119.76404, 48.693705 ], [ -119.767093, 48.695974 ], [ -119.774882, 48.698615 ], [ -119.777176, 48.699826 ], [ -119.778729, 48.699897 ], [ -119.781203, 48.70134 ], [ -119.784413, 48.702371 ], [ -119.79016, 48.705645 ], [ -119.791354, 48.707232 ], [ -119.793122, 48.707196 ], [ -119.796886, 48.70843 ], [ -119.800877, 48.708215 ], [ -119.808544, 48.709808 ], [ -119.813348, 48.712142 ], [ -119.817415, 48.712487 ], [ -119.821011, 48.713319 ], [ -119.823991, 48.71451 ], [ -119.82557, 48.71567 ], [ -119.829384, 48.716634 ], [ -119.836927, 48.716953 ], [ -119.838369, 48.716387 ], [ -119.844537, 48.716565 ], [ -119.847449, 48.713777 ], [ -119.849438, 48.71273 ], [ -119.856787, 48.712306 ], [ -119.85824, 48.712479 ], [ -119.862214, 48.711446 ], [ -119.864275, 48.710432 ], [ -119.870663, 48.705839 ], [ -119.871323, 48.70381 ], [ -119.874279, 48.702191 ], [ -119.877338, 48.701627 ], [ -119.882309, 48.702084 ], [ -119.884611, 48.701686 ], [ -119.886514, 48.700122 ], [ -119.890103, 48.699878 ], [ -119.894827, 48.700244 ], [ -119.902721, 48.703407 ], [ -119.903146, 48.704613 ], [ -119.90619, 48.704825 ], [ -119.90698, 48.704861 ], [ -119.905481, 48.705601 ], [ -119.906086, 48.70836 ], [ -119.91495, 48.714956 ], [ -119.916831, 48.716256 ], [ -119.916593, 48.717921 ], [ -119.919512, 48.720986 ], [ -119.918325, 48.724079 ], [ -119.9179, 48.726631 ], [ -119.917088, 48.727515 ], [ -119.917593, 48.729815 ], [ -119.92079, 48.729686 ], [ -119.922776, 48.72792 ], [ -119.925486, 48.727711 ], [ -119.92807, 48.725904 ], [ -119.928871, 48.726661 ], [ -119.927915, 48.729793 ], [ -119.928361, 48.731152 ], [ -119.927741, 48.733783 ], [ -119.926365, 48.7354 ], [ -119.922833, 48.736146 ], [ -119.92104, 48.736933 ], [ -119.918879, 48.73929 ], [ -119.920098, 48.742004 ], [ -119.922132, 48.74222 ], [ -119.92211, 48.744186 ], [ -119.923356, 48.744926 ], [ -119.922995, 48.747324 ], [ -119.923715, 48.750668 ], [ -119.921777, 48.751462 ], [ -119.921752, 48.754939 ], [ -119.923203, 48.757042 ], [ -119.923824, 48.760627 ], [ -119.926339, 48.762981 ], [ -119.928563, 48.762423 ], [ -119.930047, 48.760815 ], [ -119.933072, 48.760716 ], [ -119.939235, 48.762523 ], [ -119.940722, 48.766019 ], [ -119.937122, 48.766902 ], [ -119.934912, 48.768659 ], [ -119.931477, 48.770579 ], [ -119.930799, 48.772425 ], [ -119.933138, 48.773338 ], [ -119.933344, 48.775031 ], [ -119.934902, 48.777526 ], [ -119.938961, 48.777606 ], [ -119.943772, 48.776582 ], [ -119.944634, 48.777635 ], [ -119.942902, 48.778897 ], [ -119.9417, 48.781212 ], [ -119.942856, 48.781723 ], [ -119.946136, 48.784815 ], [ -119.949388, 48.783933 ], [ -119.948509, 48.787172 ], [ -119.953192, 48.790167 ], [ -119.957338, 48.791928 ], [ -119.957276, 48.793941 ], [ -119.956385, 48.797003 ], [ -119.95453, 48.79845 ], [ -119.953918, 48.800391 ], [ -119.957518, 48.803197 ], [ -119.959493, 48.803483 ], [ -119.960033, 48.804525 ], [ -119.960128, 48.806319 ], [ -119.95848, 48.804887 ], [ -119.956979, 48.805508 ], [ -119.95477, 48.805275 ], [ -119.950484, 48.806032 ], [ -119.947816, 48.808253 ], [ -119.945508, 48.812003 ], [ -119.944276, 48.812406 ], [ -119.944223, 48.813857 ], [ -119.941086, 48.816428 ], [ -119.940154, 48.814485 ], [ -119.939365, 48.814909 ], [ -119.938425, 48.816625 ], [ -119.939458, 48.817816 ], [ -119.938603, 48.820739 ], [ -119.939133, 48.822084 ], [ -119.937861, 48.822332 ], [ -119.939097, 48.822568 ], [ -119.940538, 48.824844 ], [ -119.945323, 48.825932 ], [ -119.947287, 48.82583 ], [ -119.950816, 48.82703 ], [ -119.952052, 48.829143 ], [ -119.95081, 48.831535 ], [ -119.952055, 48.833054 ], [ -119.954642, 48.834968 ], [ -119.954816, 48.836548 ], [ -119.956946, 48.838201 ], [ -119.956858, 48.840261 ], [ -119.953294, 48.843397 ], [ -119.956106, 48.842715 ], [ -119.956648, 48.843736 ], [ -119.955059, 48.846926 ], [ -119.9541, 48.845784 ], [ -119.952365, 48.845781 ], [ -119.949537, 48.844142 ], [ -119.952164, 48.848343 ], [ -119.953177, 48.852235 ], [ -119.949963, 48.853831 ], [ -119.949553, 48.854885 ], [ -119.946933, 48.854503 ], [ -119.945055, 48.854913 ], [ -119.94802, 48.857829 ], [ -119.949613, 48.858711 ], [ -119.943401, 48.858954 ], [ -119.934819, 48.861271 ], [ -119.939615, 48.865919 ], [ -119.941588, 48.868693 ], [ -119.94262, 48.870932 ], [ -119.940648, 48.872344 ], [ -119.937681, 48.872978 ], [ -119.93575, 48.87569 ], [ -119.937278, 48.877704 ], [ -119.941014, 48.880783 ], [ -119.945819, 48.883106 ], [ -119.948975, 48.884168 ], [ -119.952277, 48.884314 ], [ -119.953834, 48.885222 ], [ -119.95389, 48.886602 ], [ -119.956905, 48.888265 ], [ -119.957742, 48.890599 ], [ -119.957315, 48.892632 ], [ -119.958273, 48.893912 ], [ -119.960659, 48.894688 ], [ -119.961842, 48.89611 ], [ -119.964141, 48.897196 ], [ -119.965833, 48.898649 ], [ -119.965691, 48.901554 ], [ -119.963004, 48.902773 ], [ -119.962723, 48.905961 ], [ -119.962979, 48.908501 ], [ -119.965254, 48.911734 ], [ -119.96518, 48.913183 ], [ -119.968383, 48.916163 ], [ -119.967414, 48.917584 ], [ -119.970853, 48.920148 ], [ -119.972521, 48.923605 ], [ -119.971627, 48.925608 ], [ -119.974838, 48.927769 ], [ -119.976283, 48.930828 ], [ -119.97495, 48.93215 ], [ -119.975004, 48.934179 ], [ -119.976651, 48.934324 ], [ -119.975041, 48.935598 ], [ -119.976722, 48.937026 ], [ -119.975121, 48.938717 ], [ -119.97786, 48.940885 ], [ -119.979774, 48.943855 ], [ -119.979266, 48.945257 ] ] ] } },
{ "type": "Feature", "properties": { "geoid": "53039950102", "county_name": "Klickitat County", "place_name": null, "state_name": "Washington", "state_abbr": "WA", "is_rural": true, "dci_score": 60.3, "dci_quintile": 4.0, "is_cra_lmi": false, "income_level": "U", "is_persistent_poverty": false, "is_tribal_overlap": true, "tribal_area_name": "Yakama Nation Off-Reservation Trust Land|Yakama Nation Reservation", "aian_pct": 0.0, "has_nmtc": false, "nmtc_projects": 0, "nmtc_total_usd": 0.0 }, "geometry": { "type": "Polygon", "coordinates": [ [ [ -121.130939, 45.93929 ], [ -121.126454, 45.941661 ], [ -121.123629, 45.941067 ], [ -121.121676, 45.938349 ], [ -121.116514, 45.93578 ], [ -121.114207, 45.935556 ], [ -121.112494, 45.938057 ], [ -121.11035, 45.93941 ], [ -121.109226, 45.941086 ], [ -121.110032, 45.945004 ], [ -121.109786, 45.948991 ], [ -121.108009, 45.950746 ], [ -121.107845, 45.95224 ], [ -121.105396, 45.953949 ], [ -121.104797, 45.955457 ], [ -121.105764, 45.958224 ], [ -121.105679, 45.96015 ], [ -121.101989, 45.962449 ], [ -121.100283, 45.966537 ], [ -121.100453, 45.967662 ], [ -121.102121, 45.969637 ], [ -121.103608, 45.969777 ], [ -121.10355, 45.972064 ], [ -121.102537, 45.972818 ], [ -121.103671, 45.974559 ], [ -121.107018, 45.975696 ], [ -121.10973, 45.976155 ], [ -121.111169, 45.97771 ], [ -121.116782, 45.97564 ], [ -121.120248, 45.975246 ], [ -121.123986, 45.976325 ], [ -121.125496, 45.978881 ], [ -121.125085, 45.980515 ], [ -121.12325, 45.983057 ], [ -121.123512, 45.98502 ], [ -121.126122, 45.986473 ], [ -121.125926, 45.986993 ], [ -121.11968, 45.98717 ], [ -121.083048, 45.990854 ], [ -121.080452, 45.990345 ], [ -121.07073, 45.989849 ], [ -121.063208, 45.991098 ], [ -121.056741, 45.9933 ], [ -121.053501, 45.994112 ], [ -121.047236, 45.994628 ], [ -121.042356, 45.996351 ], [ -121.039317, 45.996843 ], [ -121.035119, 45.9963 ], [ -121.032139, 45.997121 ], [ -121.02962, 45.993669 ], [ -121.027033, 45.992289 ], [ -121.024867, 45.992215 ], [ -121.022214, 45.992675 ], [ -121.020904, 45.993674 ], [ -121.017969, 45.993463 ], [ -121.013917, 45.994152 ], [ -121.009376, 45.995608 ], [ -121.007798, 45.994499 ], [ -121.005245, 45.99459 ], [ -121.003932, 45.99589 ], [ -121.001182, 45.997118 ], [ -120.986508, 45.999303 ], [ -120.979028, 46.003331 ], [ -120.976172, 46.001872 ], [ -120.966599, 46.001766 ], [ -120.959324, 46.004837 ], [ -120.957824, 46.004074 ], [ -120.953692, 46.004503 ], [ -120.951369, 46.003375 ], [ -120.930542, 46.003371 ], [ -120.926674, 46.005948 ], [ -120.920474, 46.006456 ], [ -120.915474, 46.008 ], [ -120.909243, 46.007368 ], [ -120.908736, 46.005424 ], [ -120.903084, 46.004318 ], [ -120.899735, 46.009064 ], [ -120.88729, 46.011828 ], [ -120.884002, 46.014939 ], [ -120.880531, 46.018991 ], [ -120.85437, 46.014114 ], [ -120.842658, 46.003048 ], [ -120.840326, 45.997621 ], [ -120.82336, 45.994139 ], [ -120.821871, 45.994725 ], [ -120.82157, 45.999846 ], [ -120.820227, 46.005258 ], [ -120.818139, 46.00876 ], [ -120.81058, 46.01094 ], [ -120.803995, 46.009253 ], [ -120.793403, 46.007582 ], [ -120.787677, 46.00485 ], [ -120.765, 46.001678 ], [ -120.751176, 46.003474 ], [ -120.745211, 46.004009 ], [ -120.744074, 46.004346 ], [ -120.739111, 46.00456 ], [ -120.727666, 46.003263 ], [ -120.70391, 45.999847 ], [ -120.697073, 45.997169 ], [ -120.688403, 45.996882 ], [ -120.676797, 45.995041 ], [ -120.674712, 45.994965 ], [ -120.671882, 45.994098 ], [ -120.67011, 45.993018 ], [ -120.666472, 45.991712 ], [ -120.662755, 45.991175 ], [ -120.657193, 45.988615 ], [ -120.655928, 45.98708 ], [ -120.653105, 45.985034 ], [ -120.653837, 45.981 ], [ -120.653176, 45.978293 ], [ -120.65284, 45.974265 ], [ -120.65373, 45.964161 ], [ -120.654095, 45.962628 ], [ -120.658902, 45.95554 ], [ -120.662043, 45.952263 ], [ -120.665369, 45.949827 ], [ -120.695662, 45.933009 ], [ -120.696918, 45.932135 ], [ -120.697705, 45.930857 ], [ -120.698655, 45.925631 ], [ -120.699984, 45.922886 ], [ -120.703999, 45.919104 ], [ -120.705935, 45.914507 ], [ -120.70814, 45.911929 ], [ -120.711347, 45.907998 ], [ -120.71198, 45.906498 ], [ -120.711905, 45.904163 ], [ -120.711214, 45.901 ], [ -120.712541, 45.899132 ], [ -120.714734, 45.898063 ], [ -120.719636, 45.897172 ], [ -120.722672, 45.895979 ], [ -120.733294, 45.888804 ], [ -120.735611, 45.887591 ], [ -120.747708, 45.883857 ], [ -120.749576, 45.882654 ], [ -120.750958, 45.878441 ], [ -120.755637, 45.8723 ], [ -120.758485, 45.870186 ], [ -120.766437, 45.865117 ], [ -120.771842, 45.860799 ], [ -120.775401, 45.858672 ], [ -120.783425, 45.854292 ], [ -120.792075, 45.848403 ], [ -120.794972, 45.844701 ], [ -120.798505, 45.842234 ], [ -120.801338, 45.836602 ], [ -120.803494, 45.828242 ], [ -120.803926, 45.82646 ], [ -120.805493, 45.826466 ], [ -120.809177, 45.823799 ], [ -120.811031, 45.823122 ], [ -120.822612, 45.822989 ], [ -120.832976, 45.82309 ], [ -120.834675, 45.82335 ], [ -120.83754, 45.824064 ], [ -120.838331, 45.819751 ], [ -120.843045, 45.818008 ], [ -120.843578, 45.817062 ], [ -120.841658, 45.817082 ], [ -120.843188, 45.81621 ], [ -120.843715, 45.809879 ], [ -120.843883, 45.799037 ], [ -120.84399, 45.795454 ], [ -120.844219, 45.780844 ], [ -120.823396, 45.780843 ], [ -120.822909, 45.777202 ], [ -120.82304, 45.746016 ], [ -120.822582, 45.743752 ], [ -120.821357, 45.740886 ], [ -120.816897, 45.734374 ], [ -120.815998, 45.732578 ], [ -120.81638, 45.730172 ], [ -120.815938, 45.728501 ], [ -120.813947, 45.726324 ], [ -120.814425, 45.721281 ], [ -120.813312, 45.720597 ], [ -120.810742, 45.72068 ], [ -120.808, 45.719953 ], [ -120.805274, 45.717042 ], [ -120.801237, 45.713293 ], [ -120.800796, 45.7114 ], [ -120.802101, 45.709648 ], [ -120.807715, 45.707942 ], [ -120.81197, 45.705997 ], [ -120.819137, 45.704128 ], [ -120.821651, 45.702651 ], [ -120.823608, 45.699939 ], [ -120.825084, 45.696917 ], [ -120.824005, 45.696206 ], [ -120.839583, 45.689813 ], [ -120.839594, 45.691338 ], [ -120.846154, 45.692816 ], [ -120.849043, 45.69606 ], [ -120.850669, 45.694452 ], [ -120.850137, 45.69705 ], [ -120.853775, 45.695193 ], [ -120.858262, 45.697223 ], [ -120.855381, 45.699044 ], [ -120.857495, 45.699372 ], [ -120.858175, 45.700728 ], [ -120.857884, 45.700752 ], [ -120.857213, 45.700842 ], [ -120.856801, 45.700975 ], [ -120.855864, 45.701599 ], [ -120.855062, 45.702272 ], [ -120.854339, 45.702993 ], [ -120.854237, 45.70328 ], [ -120.854263, 45.704311 ], [ -120.85433, 45.716016 ], [ -120.857191, 45.717318 ], [ -120.858977, 45.719038 ], [ -120.863884, 45.722466 ], [ -120.864762, 45.723643 ], [ -120.86452, 45.725143 ], [ -120.861669, 45.730643 ], [ -120.861786, 45.737136 ], [ -120.864247, 45.737147 ], [ -120.864204, 45.780849 ], [ -120.885011, 45.781025 ], [ -120.884886, 45.788408 ], [ -120.884793, 45.795573 ], [ -120.884499, 45.796804 ], [ -120.88767, 45.795579 ], [ -120.89534, 45.795635 ], [ -120.905823, 45.795706 ], [ -120.926248, 45.795778 ], [ -120.926449, 45.794934 ], [ -120.928686, 45.793247 ], [ -120.928374, 45.792093 ], [ -120.926644, 45.790533 ], [ -120.926706, 45.781272 ], [ -120.989487, 45.781689 ], [ -120.990029, 45.785776 ], [ -120.991339, 45.786731 ], [ -120.991917, 45.788329 ], [ -120.989648, 45.791167 ], [ -120.989344, 45.792506 ], [ -120.989621, 45.796162 ], [ -120.989713, 45.803044 ], [ -120.991773, 45.803411 ], [ -121.030928, 45.803296 ], [ -121.030831, 45.821097 ], [ -121.041448, 45.821073 ], [ -121.046572, 45.819949 ], [ -121.051568, 45.820184 ], [ -121.061419, 45.821772 ], [ -121.063179, 45.825074 ], [ -121.063932, 45.825829 ], [ -121.069171, 45.826385 ], [ -121.072123, 45.827065 ], [ -121.072957, 45.82673 ], [ -121.079921, 45.827065 ], [ -121.083033, 45.82685 ], [ -121.085677, 45.825062 ], [ -121.092154, 45.823331 ], [ -121.092732, 45.822052 ], [ -121.094932, 45.822405 ], [ -121.095166, 45.823469 ], [ -121.09798, 45.825362 ], [ -121.09352, 45.826094 ], [ -121.092169, 45.827959 ], [ -121.089219, 45.830368 ], [ -121.087791, 45.831024 ], [ -121.083358, 45.831071 ], [ -121.079508, 45.832858 ], [ -121.080068, 45.835065 ], [ -121.079673, 45.83617 ], [ -121.0778, 45.837351 ], [ -121.075525, 45.837674 ], [ -121.070884, 45.837035 ], [ -121.066313, 45.837217 ], [ -121.064657, 45.837656 ], [ -121.063515, 45.839214 ], [ -121.062986, 45.841313 ], [ -121.063323, 45.844587 ], [ -121.066654, 45.847383 ], [ -121.06726, 45.849526 ], [ -121.064951, 45.851451 ], [ -121.065047, 45.852764 ], [ -121.065742, 45.853493 ], [ -121.06939, 45.854788 ], [ -121.073659, 45.855718 ], [ -121.075475, 45.856534 ], [ -121.075996, 45.858925 ], [ -121.082555, 45.859167 ], [ -121.08654, 45.861086 ], [ -121.088573, 45.863214 ], [ -121.094671, 45.864035 ], [ -121.096426, 45.864933 ], [ -121.096948, 45.865738 ], [ -121.096469, 45.8677 ], [ -121.097077, 45.869571 ], [ -121.098085, 45.870374 ], [ -121.097962, 45.872824 ], [ -121.101746, 45.875497 ], [ -121.104148, 45.879649 ], [ -121.104957, 45.880331 ], [ -121.108045, 45.881083 ], [ -121.112222, 45.883032 ], [ -121.114514, 45.884677 ], [ -121.115312, 45.88793 ], [ -121.114887, 45.892419 ], [ -121.114247, 45.894759 ], [ -121.11056, 45.897631 ], [ -121.109096, 45.898036 ], [ -121.104662, 45.899227 ], [ -121.103164, 45.901261 ], [ -121.099889, 45.901702 ], [ -121.099573, 45.905733 ], [ -121.09711, 45.906445 ], [ -121.096357, 45.907246 ], [ -121.096104, 45.90964 ], [ -121.094429, 45.911919 ], [ -121.094184, 45.913546 ], [ -121.092343, 45.914016 ], [ -121.090495, 45.913657 ], [ -121.08949, 45.915595 ], [ -121.090666, 45.917429 ], [ -121.091252, 45.920187 ], [ -121.089598, 45.920256 ], [ -121.088427, 45.921766 ], [ -121.089106, 45.92413 ], [ -121.088206, 45.926392 ], [ -121.088804, 45.927214 ], [ -121.091019, 45.92848 ], [ -121.098793, 45.92622 ], [ -121.102274, 45.927181 ], [ -121.103954, 45.926616 ], [ -121.106212, 45.926839 ], [ -121.108608, 45.92449 ], [ -121.111507, 45.922805 ], [ -121.114078, 45.92231 ], [ -121.115753, 45.922989 ], [ -121.115668, 45.92402 ], [ -121.118693, 45.926297 ], [ -121.123592, 45.925672 ], [ -121.127601, 45.927442 ], [ -121.128194, 45.928338 ], [ -121.128989, 45.931225 ], [ -121.130778, 45.933575 ], [ -121.130273, 45.935139 ], [ -121.131123, 45.938691 ], [ -121.130939, 45.93929 ] ] ] } },
{ "type": "Feature", "properties": { "geoid": "53037975403", "county_name": "Kittitas County", "place_name": null, "state_name": "Washington", "state_abbr": "WA", "is_rural": true, "dci_score": 42.4, "dci_quintile": 5.0, "is_cra_lmi": false, "income_level": "U", "is_persistent_poverty": false, "is_tribal_overlap": false, "tribal_area_name": null, "aian_pct": 0.0, "has_nmtc": false, "nmtc_projects": 0, "nmtc_total_usd": 0.0 }, "geometry": { "type": "Polygon", "coordinates": [ [ [ -120.539499, 47.006119 ], [ -120.531885, 47.006259 ], [ -120.529752, 47.002718 ], [ -120.527816, 47.003844 ], [ -120.525431, 47.00688 ], [ -120.523188, 47.009511 ], [ -120.522229, 47.010581 ], [ -120.519362, 47.014122 ], [ -120.517166, 47.016978 ], [ -120.516303, 47.014413 ], [ -120.509245, 47.013552 ], [ -120.502397, 47.012039 ], [ -120.50293, 47.010179 ], [ -120.497291, 47.008891 ], [ -120.497294, 46.999709 ], [ -120.497621, 46.995282 ], [ -120.507979, 46.997009 ], [ -120.518352, 46.998786 ], [ -120.526199, 47.00004 ], [ -120.529443, 47.000595 ], [ -120.531718, 47.000933 ], [ -120.5317, 47.002102 ], [ -120.533169, 47.002051 ], [ -120.537708, 46.999869 ], [ -120.539337, 46.999832 ], [ -120.539499, 47.006119 ] ] ] } },
{ "type": "Feature", "properties": { "geoid": "53063004002", "county_name": "Spokane County", "place_name": "Burien", "state_name": "Washington", "state_abbr": "WA", "is_rural": false, "dci_score": 73.4, "dci_quintile": 3.0, "is_cra_lmi": true, "income_level": "M", "is_persistent_poverty": false, "is_tribal_overlap": false, "tribal_area_name": null, "aian_pct": 0.0, "has_nmtc": false, "nmtc_projects": 0, "nmtc_total_usd": 0.0 }, "geometry": { "type": "Polygon", "coordinates": [ [ [ -117.444067, 47.649113 ], [ -117.443789, 47.6498 ], [ -117.438512, 47.651016 ], [ -117.433232, 47.652003 ], [ -117.429545, 47.652603 ], [ -117.432262, 47.651709 ], [ -117.432362, 47.64724 ], [ -117.432363, 47.647212 ], [ -117.432324, 47.643572 ], [ -117.435202, 47.643568 ], [ -117.435203, 47.640592 ], [ -117.439445, 47.640539 ], [ -117.443187, 47.646116 ], [ -117.444067, 47.647783 ], [ -117.444067, 47.649113 ] ] ] } },
{ "type": "Feature", "properties": { "geoid": "53011041113", "county_name": "Clark County", "place_name": null, "state_name": "Washington", "state_abbr": "WA", "is_rural": false, "dci_score": 47.1, "dci_quintile": 5.0, "is_cra_lmi": true, "income_level": "M", "is_persistent_poverty": false, "is_tribal_overlap": false, "tribal_area_name": null, "aian_pct": 0.0, "has_nmtc": false, "nmtc_projects": 0, "nmtc_total_usd": 0.0 }, "geometry": { "type": "Polygon", "coordinates": [ [ [ -122.599333, 45.659027 ], [ -122.593168, 45.659059 ], [ -122.58882, 45.659083 ], [ -122.588781, 45.655836 ], [ -122.587085, 45.65349 ], [ -122.58361, 45.650947 ], [ -122.584498, 45.650432 ], [ -122.585997, 45.649819 ], [ -122.596114, 45.645645 ], [ -122.599177, 45.645017 ], [ -122.599157, 45.649251 ], [ -122.599333, 45.659027 ] ] ] } },
{ "type": "Feature", "properties": { "geoid": "53077940008", "county_name": "Yakima County", "place_name": "Renton", "state_name": "Washington", "state_abbr": "WA", "is_rural": true, "dci_score": 69.1, "dci_quintile": 4.0, "is_cra_lmi": true, "income_level": "M", "is_persistent_poverty": false, "is_tribal_overlap": true, "tribal_area_name": "Yakama Nation Reservation", "aian_pct": 0.0, "has_nmtc": false, "nmtc_projects": 0, "nmtc_total_usd": 0.0 }, "geometry": { "type": "Polygon", "coordinates": [ [ [ -120.43837, 46.462577 ], [ -120.417065, 46.462194 ], [ -120.417131, 46.455372 ], [ -120.413391, 46.453585 ], [ -120.411439, 46.451878 ], [ -120.406953, 46.454389 ], [ -120.402904, 46.45463 ], [ -120.401505, 46.4525 ], [ -120.403181, 46.450555 ], [ -120.400752, 46.44773 ], [ -120.412015, 46.447746 ], [ -120.415381, 46.447751 ], [ -120.418132, 46.449533 ], [ -120.419837, 46.44779 ], [ -120.4277, 46.44786 ], [ -120.429433, 46.447873 ], [ -120.438106, 46.447936 ], [ -120.438035, 46.456081 ], [ -120.43837, 46.462577 ] ] ] } },
{ "type": "Feature", "properties": { "geoid": "53033030203", "county_name": "King County", "place_name": null, "state_name": "Washington", "state_abbr": "WA", "is_rural": false, "dci_score": 76.3, "dci_quintile": 3.0, "is_cra_lmi": true, "income_level": "M", "is_persistent_poverty": false, "is_tribal_overlap": false, "tribal_area_name": null, "aian_pct": 0.0, "has_nmtc": false, "nmtc_projects": 0, "nmtc_total_usd": 0.0 }, "geometry": { "type": "Polygon", "coordinates": [ [ [ -122.334658, 47.322394 ], [ -122.334654, 47.325997 ], [ -122.329319, 47.326012 ], [ -122.330029, 47.325919 ], [ -122.326688, 47.322396 ], [ -122.324019, 47.322409 ], [ -122.32047, 47.322416 ], [ -122.313288, 47.32238 ], [ -122.313299, 47.315159 ], [ -122.313506, 47.315159 ], [ -122.321181, 47.315167 ], [ -122.323392, 47.315169 ], [ -122.334653, 47.315165 ], [ -122.334657, 47.317271 ], [ -122.334658, 47.322394 ] ] ] } },
{ "type": "Feature", "properties": { "geoid": "53033010101", "county_name": "King County", "place_name": null, "state_name": "Washington", "state_abbr": "WA", "is_rural": false, "dci_score": 66.7, "dci_quintile": 4.0, "is_cra_lmi": false, "income_level": "U", "is_persistent_poverty": false, "is_tribal_overlap": false, "tribal_area_name": null, "aian_pct": 0.0, "has_nmtc": false, "nmtc_projects": 0, "nmtc_total_usd": 0.0 }, "geometry": { "type": "Polygon", "coordinates": [ [ [ -122.296734, 47.571555 ], [ -122.296735, 47.571987 ], [ -122.292112, 47.573577 ], [ -122.290986, 47.57247 ], [ -122.290701, 47.569769 ], [ -122.289246, 47.567946 ], [ -122.288188, 47.564093 ], [ -122.280731, 47.564105 ], [ -122.280725, 47.56172 ], [ -122.281819, 47.560743 ], [ -122.287005, 47.560717 ], [ -122.291016, 47.560762 ], [ -122.293203, 47.560809 ], [ -122.296765, 47.566528 ], [ -122.296734, 47.571555 ] ] ] } },
{ "type": "Feature", "properties": { "geoid": "53021020300", "county_name": "Franklin County", "place_name": null, "state_name": "Washington", "state_abbr": "WA", "is_rural": false, "dci_score": 46.6, "dci_quintile": 5.0, "is_cra_lmi": true, "income_level": "M", "is_persistent_poverty": false, "is_tribal_overlap": false, "tribal_area_name": null, "aian_pct": 0.0, "has_nmtc": false, "nmtc_projects": 0, "nmtc_total_usd": 0.0 }, "geometry": { "type": "Polygon", "coordinates": [ [ [ -119.137732, 46.252522 ], [ -119.134623, 46.252174 ], [ -119.132502, 46.252442 ], [ -119.123536, 46.255424 ], [ -119.12118, 46.255927 ], [ -119.095498, 46.25573 ], [ -119.092732, 46.250106 ], [ -119.094797, 46.249711 ], [ -119.094924, 46.241268 ], [ -119.102031, 46.24135 ], [ -119.107206, 46.241406 ], [ -119.117383, 46.24151 ], [ -119.117209, 46.245121 ], [ -119.117185, 46.245601 ], [ -119.117039, 46.248592 ], [ -119.125685, 46.248729 ], [ -119.1266, 46.248805 ], [ -119.129951, 46.249336 ], [ -119.137679, 46.251686 ], [ -119.137732, 46.252522 ] ] ] } },
{ "type": "Feature", "properties": { "geoid": "53001950500", "county_name": "Adams County", "place_name": "Federal Way", "state_name": "Washington", "state_abbr": "WA", "is_rural": true, "dci_score": 63.9, "dci_quintile": 4.0, "is_cra_lmi": true, "income_level": "M", "is_persistent_poverty": false, "is_tribal_overlap": false, "tribal_area_name": null, "aian_pct": 0.0, "has_nmtc": true, "nmtc_projects": 1, "nmtc_total_usd": 0.0 }, "geometry": { "type": "Polygon", "coordinates": [ [ [ -119.190476, 46.799509 ], [ -119.190261, 46.800003 ], [ -119.187274, 46.802284 ], [ -119.186547, 46.803189 ], [ -119.186868, 46.804353 ], [ -119.190349, 46.809194 ], [ -119.189151, 46.81144 ], [ -119.187554, 46.81368 ], [ -119.186861, 46.814166 ], [ -119.180932, 46.817129 ], [ -119.180419, 46.818823 ], [ -119.18031, 46.82618 ], [ -119.179896, 46.826179 ], [ -119.17702, 46.82616 ], [ -119.17654, 46.82312 ], [ -119.17399, 46.82311 ], [ -119.16958, 46.82312 ], [ -119.16958, 46.82513 ], [ -119.16494, 46.82513 ], [ -119.16501, 46.82413 ], [ -119.15441, 46.82415 ], [ -119.15434, 46.82622 ], [ -119.13331, 46.8263 ], [ -119.13348, 46.82469 ], [ -119.1342, 46.81992 ], [ -119.13425, 46.79708 ], [ -119.17652, 46.79675 ], [ -119.19054, 46.79681 ], [ -119.190476, 46.799509 ] ] ] } },
{ "type": "Feature", "properties": { "geoid": "53075000900", "county_name": "Whitman County", "place_name": null, "state_name": "Washington", "state_abbr": "WA", "is_rural": true, "dci_score": 61.3, "dci_quintile": 4.0, "is_cra_lmi": false, "income_level": "U", "is_persistent_poverty": false, "is_tribal_overlap": true, "tribal_area_name": "Coeur d'Alene Reservation", "aian_pct": 0.0, "has_nmtc": true, "nmtc_projects": 1, "nmtc_total_usd": 2250000.0 }, "geometry": { "type": "Polygon", "coordinates": [ [ [ -118.005063, 46.843602 ], [ -118.004093, 46.845371 ], [ -118.004706, 46.847896 ], [ -118.00412, 46.848372 ], [ -117.999333, 46.849856 ], [ -117.995786, 46.851666 ], [ -117.992467, 46.854133 ], [ -117.988372, 46.858085 ], [ -117.988271, 46.860729 ], [ -117.987113, 46.862028 ], [ -117.983243, 46.862243 ], [ -117.976644, 46.863291 ], [ -117.972858, 46.866124 ], [ -117.970907, 46.867216 ], [ -117.967099, 46.914831 ], [ -117.959335, 46.914811 ], [ -117.959613, 46.929579 ], [ -117.959612, 46.931488 ], [ -117.960009, 47.0171 ], [ -117.959554, 47.060981 ], [ -117.959735, 47.072602 ], [ -117.960056, 47.119294 ], [ -117.95984, 47.122341 ], [ -117.960425, 47.221086 ], [ -117.96093, 47.260568 ], [ -117.83725, 47.26024 ], [ -117.83706, 47.26019 ], [ -117.83262, 47.26012 ], [ -117.823629, 47.26022 ], [ -117.749212, 47.260182 ], [ -117.686768, 47.259881 ], [ -117.68605, 47.25998 ], [ -117.67431, 47.25999 ], [ -117.665632, 47.259965 ], [ -117.572977, 47.259882 ], [ -117.563351, 47.259887 ], [ -117.499406, 47.259541 ], [ -117.493363, 47.259451 ], [ -117.4887, 47.259486 ], [ -117.473284, 47.259524 ], [ -117.32675, 47.259845 ], [ -117.225582, 47.259582 ], [ -117.220831, 47.259661 ], [ -117.21927, 47.25956 ], [ -117.21649, 47.25963 ], [ -117.215009, 47.25957 ], [ -117.21407, 47.25969 ], [ -117.193109, 47.259659 ], [ -117.172832, 47.259622 ], [ -117.17214, 47.259553 ], [ -117.088631, 47.259486 ], [ -117.067674, 47.259852 ], [ -117.064612, 47.259712 ], [ -117.040019, 47.259272 ], [ -117.03995127044, 47.240219110334102 ], [ -117.039899, 47.225515 ], [ -117.039888, 47.203282 ], [ -117.039871, 47.181858 ], [ -117.039836, 47.154734 ], [ -117.039824711566993, 47.133990021379901 ], [ -117.04452, 47.13295 ], [ -117.04759, 47.13354 ], [ -117.050495, 47.132091 ], [ -117.05504, 47.128148 ], [ -117.058087, 47.126145 ], [ -117.064232, 47.123773 ], [ -117.066567, 47.123235 ], [ -117.07241, 47.12324 ], [ -117.06443, 47.10855 ], [ -117.11502, 47.10873 ], [ -117.11988, 47.10925 ], [ -117.12165, 47.10877 ], [ -117.12784, 47.10874 ], [ -117.12788, 47.11745 ], [ -117.12748, 47.11917 ], [ -117.127999, 47.123592 ], [ -117.12962, 47.12652 ], [ -117.12914, 47.12752 ], [ -117.1299, 47.12913 ], [ -117.13253, 47.13121 ], [ -117.13448, 47.13491 ], [ -117.135, 47.13848 ], [ -117.134209, 47.141805 ], [ -117.13586, 47.14515 ], [ -117.138603, 47.148879 ], [ -117.138795, 47.159698 ], [ -117.17106, 47.16004 ], [ -117.17147, 47.17532 ], [ -117.17075, 47.17689 ], [ -117.1682, 47.17965 ], [ -117.17172, 47.18195 ], [ -117.17185, 47.19669 ], [ -117.18518, 47.19675 ], [ -117.18642, 47.19442 ], [ -117.18897, 47.19239 ], [ -117.18997, 47.19138 ], [ -117.193227, 47.190458 ], [ -117.19945, 47.19074 ], [ -117.20299, 47.19279 ], [ -117.20558, 47.19302 ], [ -117.20698, 47.19493 ], [ -117.20746, 47.19826 ], [ -117.20837, 47.19929 ], [ -117.21137, 47.20009 ], [ -117.21968, 47.19752 ], [ -117.22195, 47.19729 ], [ -117.22373, 47.19614 ], [ -117.22904, 47.1912 ], [ -117.23309, 47.18927 ], [ -117.23618, 47.18493 ], [ -117.2354, 47.18278 ], [ -117.23236, 47.182 ], [ -117.22869, 47.18198 ], [ -117.22567, 47.17985 ], [ -117.22547, 47.17899 ], [ -117.22542, 47.17104 ], [ -117.22412, 47.16802 ], [ -117.22482, 47.16649 ], [ -117.22709, 47.16731 ], [ -117.23588, 47.16731 ], [ -117.24009, 47.16751 ], [ -117.24492, 47.16709 ], [ -117.25718, 47.16729 ], [ -117.25877, 47.16816 ], [ -117.26203, 47.16799 ], [ -117.26404, 47.16723 ], [ -117.2682, 47.1669 ], [ -117.26846, 47.16196 ], [ -117.27081, 47.1628 ], [ -117.27563, 47.16371 ], [ -117.279, 47.16353 ], [ -117.28262, 47.16396 ], [ -117.28855, 47.16746 ], [ -117.30112, 47.16722 ], [ -117.30148, 47.16545 ], [ -117.30066, 47.1624 ], [ -117.30074, 47.15395 ], [ -117.30443, 47.15158 ], [ -117.31129, 47.14874 ], [ -117.31129, 47.14544 ], [ -117.30996, 47.14241 ], [ -117.31011, 47.14093 ], [ -117.31234, 47.13733 ], [ -117.31335, 47.13657 ], [ -117.31496, 47.13314 ], [ -117.31497, 47.12738 ], [ -117.31827, 47.12691 ], [ -117.3244, 47.12677 ], [ -117.33126, 47.12581 ], [ -117.33553, 47.12671 ], [ -117.34297, 47.12674 ], [ -117.34339, 47.13156 ], [ -117.3452, 47.13191 ], [ -117.34659, 47.13343 ], [ -117.34611, 47.13739 ], [ -117.34721, 47.13768 ], [ -117.364588, 47.137625 ], [ -117.36823, 47.13878 ], [ -117.37183, 47.13929 ], [ -117.37407, 47.13917 ], [ -117.37635, 47.1377 ], [ -117.3797, 47.13732 ], [ -117.3824, 47.13748 ], [ -117.39974, 47.13752 ], [ -117.40204, 47.13416 ], [ -117.40201, 47.1319 ], [ -117.40104, 47.13013 ], [ -117.40693, 47.13036 ], [ -117.410527, 47.12989 ], [ -117.41288, 47.13008 ], [ -117.443085, 47.130133 ], [ -117.44675, 47.12684 ], [ -117.44809, 47.12483 ], [ -117.45016, 47.123241 ], [ -117.45186, 47.12254 ], [ -117.455342, 47.12285 ], [ -117.45624, 47.12271 ], [ -117.45232, 47.12124 ], [ -117.45001, 47.119778 ], [ -117.44938, 47.11918 ], [ -117.4486, 47.1182 ], [ -117.44831, 47.11767 ], [ -117.44803, 47.11697 ], [ -117.44785, 47.11633 ], [ -117.4478, 47.11581 ], [ -117.44779, 47.11433 ], [ -117.447933, 47.112216 ], [ -117.448142, 47.108495 ], [ -117.44823, 47.105 ], [ -117.44728, 47.10336 ], [ -117.44617, 47.10253 ], [ -117.44248, 47.10107 ], [ -117.43929, 47.09984 ], [ -117.43726, 47.09817 ], [ -117.43568, 47.09544 ], [ -117.43347, 47.09393 ], [ -117.42594, 47.09374 ], [ -117.42619, 47.09106 ], [ -117.42519, 47.08778 ], [ -117.42542, 47.08463 ], [ -117.4269, 47.08203 ], [ -117.428885, 47.080512 ], [ -117.42905, 47.07299 ], [ -117.43006, 47.07175 ], [ -117.43119, 47.06999 ], [ -117.43205, 47.06978 ], [ -117.43211, 47.06866 ], [ -117.43345, 47.06783 ], [ -117.43395, 47.06689 ], [ -117.43505, 47.06608 ], [ -117.43561, 47.06525 ], [ -117.435662, 47.064161 ], [ -117.43507, 47.06094 ], [ -117.43675, 47.05704 ], [ -117.43614, 47.05381 ], [ -117.435015, 47.051527 ], [ -117.4356, 47.04975 ], [ -117.43742, 47.04944 ], [ -117.43828, 47.04585 ], [ -117.43811, 47.0436 ], [ -117.4395, 47.042031 ], [ -117.44282, 47.0377 ], [ -117.44527, 47.03739 ], [ -117.44653, 47.03593 ], [ -117.44693, 47.03181 ], [ -117.44997, 47.02743 ], [ -117.45041, 47.02602 ], [ -117.45322, 47.02483 ], [ -117.45523, 47.02248 ], [ -117.45799, 47.01791 ], [ -117.46207, 47.01584 ], [ -117.46526, 47.01376 ], [ -117.46712, 47.00978 ], [ -117.46217, 47.00611 ], [ -117.46065, 47.00215 ], [ -117.46076, 47.00081 ], [ -117.46208, 46.99946 ], [ -117.46679, 46.99658 ], [ -117.46773, 46.99493 ], [ -117.46778, 46.99063 ], [ -117.46852, 46.9892 ], [ -117.47366, 46.9838 ], [ -117.47484, 46.98211 ], [ -117.47976, 46.97757 ], [ -117.48329, 46.975 ], [ -117.48471, 46.97247 ], [ -117.48885, 46.96732 ], [ -117.4952, 46.96049 ], [ -117.49807, 46.9592 ], [ -117.50089, 46.95649 ], [ -117.5038, 46.95542 ], [ -117.504183, 46.953737 ], [ -117.50437, 46.95328 ], [ -117.500963, 46.95155 ], [ -117.49891, 46.9508 ], [ -117.49942, 46.94734 ], [ -117.49917, 46.9456 ], [ -117.4995, 46.942 ], [ -117.49748, 46.94001 ], [ -117.49848, 46.93413 ], [ -117.49682, 46.93194 ], [ -117.49711, 46.9284 ], [ -117.49661, 46.92454 ], [ -117.49563, 46.92183 ], [ -117.49542, 46.91842 ], [ -117.50552, 46.91769 ], [ -117.5081, 46.91778 ], [ -117.516, 46.91897 ], [ -117.522142, 46.921123 ], [ -117.52466, 46.92233 ], [ -117.52786, 46.92068 ], [ -117.53067, 46.92085 ], [ -117.53174, 46.9197 ], [ -117.53133, 46.91704 ], [ -117.53332, 46.91336 ], [ -117.53715, 46.9111 ], [ -117.54578, 46.90888 ], [ -117.54937, 46.90909 ], [ -117.55281, 46.90834 ], [ -117.55351, 46.90778 ], [ -117.55373, 46.90485 ], [ -117.55772, 46.90297 ], [ -117.55483, 46.90186 ], [ -117.554125, 46.899751 ], [ -117.55432, 46.89821 ], [ -117.55603, 46.89401 ], [ -117.57001, 46.88495 ], [ -117.57484, 46.88447 ], [ -117.57948, 46.88073 ], [ -117.58175, 46.87926 ], [ -117.58409, 46.87879 ], [ -117.58596, 46.87746 ], [ -117.58655, 46.87451 ], [ -117.5875, 46.87359 ], [ -117.58914, 46.8679 ], [ -117.58928, 46.86641 ], [ -117.5883, 46.86332 ], [ -117.5878, 46.85942 ], [ -117.588111, 46.856103 ], [ -117.590654, 46.855867 ], [ -117.592588, 46.854177 ], [ -117.597034, 46.854543 ], [ -117.600281, 46.853703 ], [ -117.606533, 46.852993 ], [ -117.612266, 46.852458 ], [ -117.617725, 46.84929 ], [ -117.620129, 46.84653 ], [ -117.622629, 46.844696 ], [ -117.626614, 46.844392 ], [ -117.630667, 46.84349 ], [ -117.633072, 46.845132 ], [ -117.637885, 46.845792 ], [ -117.652378, 46.850493 ], [ -117.655064, 46.850795 ], [ -117.660764, 46.852969 ], [ -117.676236, 46.861315 ], [ -117.681562, 46.864585 ], [ -117.684074, 46.864459 ], [ -117.690296, 46.863455 ], [ -117.69775, 46.860816 ], [ -117.700437, 46.860711 ], [ -117.701738, 46.861731 ], [ -117.709043, 46.862076 ], [ -117.725056, 46.864194 ], [ -117.728976, 46.864972 ], [ -117.73008, 46.865399 ], [ -117.731352, 46.865733 ], [ -117.734184, 46.866034 ], [ -117.756621, 46.86593 ], [ -117.760461, 46.865822 ], [ -117.764568, 46.864694 ], [ -117.768379, 46.862521 ], [ -117.770185, 46.862132 ], [ -117.780541, 46.862079 ], [ -117.785042, 46.859555 ], [ -117.79186, 46.857344 ], [ -117.797982, 46.856034 ], [ -117.801276, 46.856257 ], [ -117.804975, 46.857784 ], [ -117.807135, 46.857298 ], [ -117.817447, 46.856266 ], [ -117.82214, 46.854143 ], [ -117.825383, 46.853643 ], [ -117.826643, 46.854761 ], [ -117.828763, 46.853211 ], [ -117.831119, 46.852848 ], [ -117.83495, 46.853599 ], [ -117.83826, 46.856341 ], [ -117.841081, 46.857249 ], [ -117.842762, 46.857393 ], [ -117.845836, 46.855954 ], [ -117.847986, 46.856789 ], [ -117.850314, 46.858561 ], [ -117.851988, 46.858737 ], [ -117.854316, 46.85798 ], [ -117.856475, 46.857938 ], [ -117.858375, 46.859091 ], [ -117.858534, 46.86072 ], [ -117.860882, 46.863455 ], [ -117.861407, 46.865416 ], [ -117.862617, 46.86685 ], [ -117.865051, 46.867156 ], [ -117.866689, 46.868177 ], [ -117.869506, 46.868143 ], [ -117.875105, 46.868642 ], [ -117.876159, 46.869202 ], [ -117.878588, 46.868796 ], [ -117.882822, 46.867482 ], [ -117.888352, 46.866284 ], [ -117.890238, 46.864637 ], [ -117.892945, 46.863196 ], [ -117.893738, 46.860671 ], [ -117.895537, 46.85864 ], [ -117.895889, 46.855558 ], [ -117.898169, 46.853661 ], [ -117.902031, 46.853493 ], [ -117.906206, 46.852882 ], [ -117.907938, 46.852148 ], [ -117.911991, 46.849558 ], [ -117.918741, 46.847356 ], [ -117.919554, 46.845021 ], [ -117.918428, 46.841599 ], [ -117.919125, 46.840671 ], [ -117.922759, 46.840322 ], [ -117.927844, 46.8408 ], [ -117.930517, 46.840577 ], [ -117.932598, 46.839278 ], [ -117.934747, 46.836381 ], [ -117.945687, 46.836537 ], [ -117.953664, 46.833585 ], [ -117.95919, 46.834413 ], [ -117.960265, 46.834135 ], [ -117.961122, 46.832522 ], [ -117.964909, 46.831314 ], [ -117.964884, 46.829138 ], [ -117.966711, 46.82907 ], [ -117.968771, 46.830148 ], [ -117.97171, 46.830937 ], [ -117.97593, 46.830262 ], [ -117.979398, 46.828066 ], [ -117.980792, 46.827622 ], [ -117.986845, 46.827951 ], [ -117.990897, 46.826457 ], [ -117.991984, 46.826506 ], [ -117.994859, 46.824546 ], [ -117.997609, 46.824671 ], [ -117.997882, 46.823413 ], [ -117.999051, 46.82517 ], [ -117.998257, 46.827698 ], [ -117.996924, 46.82973 ], [ -117.992422, 46.831934 ], [ -117.992342, 46.833284 ], [ -117.993694, 46.835242 ], [ -117.991708, 46.836732 ], [ -117.991697, 46.837601 ], [ -117.992226, 46.838065 ], [ -117.997828, 46.837853 ], [ -118.003392, 46.838813 ], [ -118.004177, 46.840075 ], [ -118.005063, 46.843602 ] ] ] } },
{ "type": "Feature", "properties": { "geoid": "53005010902", "county_name": "Benton County", "place_name": null, "state_name": "Washington", "state_abbr": "WA", "is_rural": false, "dci_score": 78.2, "dci_quintile": 3.0, "is_cra_lmi": true, "income_level": "M", "is_persistent_poverty": false, "is_tribal_overlap": false, "tribal_area_name": null, "aian_pct": 0.0, "has_nmtc": false, "nmtc_projects": 0, "nmtc_total_usd": 0.0 }, "geometry": { "type": "Polygon", "coordinates": [ [ [ -119.214363, 46.210962 ], [ -119.210012, 46.211726 ], [ -119.199738, 46.216504 ], [ -119.191704, 46.218948 ], [ -119.19171, 46.218249 ], [ -119.191792, 46.212431 ], [ -119.186522, 46.212403 ], [ -119.179866, 46.212381 ], [ -119.180107, 46.206393 ], [ -119.180354, 46.196691 ], [ -119.186279, 46.19683 ], [ -119.19176, 46.196506 ], [ -119.193016, 46.197071 ], [ -119.193014, 46.198222 ], [ -119.190524, 46.199373 ], [ -119.190058, 46.200825 ], [ -119.19195, 46.202266 ], [ -119.201202, 46.205294 ], [ -119.20119, 46.206341 ], [ -119.201163, 46.20882 ], [ -119.213391, 46.208884 ], [ -119.214475, 46.208733 ], [ -119.214363, 46.210962 ] ] ] } },
{ "type": "Feature", "properties": { "geoid": "53011041331", "county_name": "Clark County", "place_name": null, "state_name": "Washington", "state_abbr": "WA", "is_rural": false, "dci_score": 17.4, "dci_quintile": 5.0, "is_cra_lmi": true, "income_level": "M", "is_persistent_poverty": false, "is_tribal_overlap": false, "tribal_area_name": null, "aian_pct": 0.0, "has_nmtc": false, "nmtc_projects": 0, "nmtc_total_usd": 0.0 }, "geometry": { "type": "Polygon", "coordinates": [ [ [ -122.558205, 45.650555 ], [ -122.557967, 45.651317 ], [ -122.557987, 45.657219 ], [ -122.54759, 45.65727 ], [ -122.54763, 45.653649 ], [ -122.547625, 45.650052 ], [ -122.544963, 45.650088 ], [ -122.544972, 45.64885 ], [ -122.544955, 45.642876 ], [ -122.545543, 45.642875 ], [ -122.551116, 45.642799 ], [ -122.554158, 45.642791 ], [ -122.557952, 45.642745 ], [ -122.558266, 45.650091 ], [ -122.558205, 45.650555 ] ] ] } },
{ "type": "Feature", "properties": { "geoid": "53033030700", "county_name": "King County", "place_name": null, "state_name": "Washington", "state_abbr": "WA", "is_rural": false, "dci_score": 61.4, "dci_quintile": 4.0, "is_cra_lmi": true, "income_level": "M", "is_persistent_poverty": false, "is_tribal_overlap": false, "tribal_area_name": null, "aian_pct": 0.0, "has_nmtc": false, "nmtc_projects": 0, "nmtc_total_usd": 0.0 }, "geometry": { "type": "Polygon", "coordinates": [ [ [ -122.228925, 47.293594 ], [ -122.228676, 47.303034 ], [ -122.226916, 47.302893 ], [ -122.225725, 47.302973 ], [ -122.222422, 47.303301 ], [ -122.218659, 47.30338 ], [ -122.213381, 47.303469 ], [ -122.213383, 47.302816 ], [ -122.213396, 47.294235 ], [ -122.212709, 47.293724 ], [ -122.21328, 47.293721 ], [ -122.2187, 47.293677 ], [ -122.218716, 47.29006 ], [ -122.221389, 47.290054 ], [ -122.228887, 47.290014 ], [ -122.228925, 47.293594 ] ] ] } },
{ "type": "Feature", "properties": { "geoid": "53033029408", "county_name": "King County", "place_name": null, "state_name": "Washington", "state_abbr": "WA", "is_rural": false, "dci_score": 58.4, "dci_quintile": 4.0, "is_cra_lmi": true, "income_level": "M", "is_persistent_poverty": false, "is_tribal_overlap": false, "tribal_area_name": null, "aian_pct": 0.0, "has_nmtc": false, "nmtc_projects": 0, "nmtc_total_usd": 0.0 }, "geometry": { "type": "Polygon", "coordinates": [ [ [ -122.198752, 47.401712 ], [ -122.197592, 47.402589 ], [ -122.18678, 47.402178 ], [ -122.186774, 47.400901 ], [ -122.18679, 47.386925 ], [ -122.191956, 47.38694 ], [ -122.197104, 47.386951 ], [ -122.197116, 47.390922 ], [ -122.193676, 47.394151 ], [ -122.195084, 47.39425 ], [ -122.197317, 47.395529 ], [ -122.195105, 47.39591 ], [ -122.195119, 47.39726 ], [ -122.197716, 47.398409 ], [ -122.197645, 47.401322 ], [ -122.198752, 47.401712 ] ] ] } },
{ "type": "Feature", "properties": { "geoid": "53033028403", "county_name": "King County", "place_name": null, "state_name": "Washington", "state_abbr": "WA", "is_rural": false, "dci_score": 65.3, "dci_quintile": 4.0, "is_cra_lmi": true, "income_level": "M", "is_persistent_poverty": false, "is_tribal_overlap": false, "tribal_area_name": null, "aian_pct": 0.0, "has_nmtc": true, "nmtc_projects": 1, "nmtc_total_usd": 8730000.0 }, "geometry": { "type": "Polygon", "coordinates": [ [ [ -122.296143, 47.445286 ], [ -122.291888, 47.44525 ], [ -122.289079, 47.445237 ], [ -122.286535, 47.445231 ], [ -122.281506, 47.445194 ], [ -122.275035, 47.445195 ], [ -122.272468, 47.44087 ], [ -122.271152, 47.436566 ], [ -122.2711, 47.434481 ], [ -122.271681, 47.434353 ], [ -122.281683, 47.434394 ], [ -122.286831, 47.434447 ], [ -122.295374, 47.434532 ], [ -122.296143, 47.445286 ] ] ] } },
{ "type": "Feature", "properties": { "geoid": "53033028000", "county_name": "King County", "place_name": null, "state_name": "Washington", "state_abbr": "WA", "is_rural": false, "dci_score": 58.9, "dci_quintile": 4.0, "is_cra_lmi": true, "income_level": "L", "is_persistent_poverty": false, "is_tribal_overlap": false, "tribal_area_name": null, "aian_pct": 0.0, "has_nmtc": false, "nmtc_projects": 0, "nmtc_total_usd": 0.0 }, "geometry": { "type": "Polygon", "coordinates": [ [ [ -122.333914, 47.463281 ], [ -122.333903, 47.464208 ], [ -122.333871, 47.466892 ], [ -122.333869, 47.46869 ], [ -122.333854, 47.472294 ], [ -122.323438, 47.472394 ], [ -122.319086, 47.47237 ], [ -122.315404, 47.474159 ], [ -122.312896, 47.474133 ], [ -122.312921, 47.472344 ], [ -122.312384, 47.470094 ], [ -122.312951, 47.466826 ], [ -122.317808, 47.467019 ], [ -122.319395, 47.466716 ], [ -122.318238, 47.459628 ], [ -122.323784, 47.459651 ], [ -122.333943, 47.459679 ], [ -122.333914, 47.463281 ] ] ] } },
{ "type": "Feature", "properties": { "geoid": "53033011401", "county_name": "King County", "place_name": null, "state_name": "Washington", "state_abbr": "WA", "is_rural": false, "dci_score": 43.8, "dci_quintile": 5.0, "is_cra_lmi": true, "income_level": "M", "is_persistent_poverty": false, "is_tribal_overlap": false, "tribal_area_name": null, "aian_pct": 0.0, "has_nmtc": false, "nmtc_projects": 0, "nmtc_total_usd": 0.0 }, "geometry": { "type": "Polygon", "coordinates": [ [ [ -122.371254, 47.526473 ], [ -122.371248, 47.528281 ], [ -122.368553, 47.52828 ], [ -122.36849, 47.533711 ], [ -122.360426, 47.53369 ], [ -122.360475, 47.533944 ], [ -122.361336, 47.536119 ], [ -122.361094, 47.537952 ], [ -122.358237, 47.537528 ], [ -122.357028, 47.534724 ], [ -122.355028, 47.534556 ], [ -122.355035, 47.533679 ], [ -122.355085, 47.524704 ], [ -122.359124, 47.524695 ], [ -122.371259, 47.524665 ], [ -122.371254, 47.526473 ] ] ] } },
{ "type": "Feature", "properties": { "geoid": "53033004302", "county_name": "King County", "place_name": null, "state_name": "Washington", "state_abbr": "WA", "is_rural": false, "dci_score": 58.7, "dci_quintile": 4.0, "is_cra_lmi": true, "income_level": "M", "is_persistent_poverty": false, "is_tribal_overlap": false, "tribal_area_name": null, "aian_pct": 0.0, "has_nmtc": true, "nmtc_projects": 1, "nmtc_total_usd": 1458824.0 }, "geometry": { "type": "Polygon", "coordinates": [ [ [ -122.306519, 47.663053 ], [ -122.306508, 47.664852 ], [ -122.306499, 47.666416 ], [ -122.306489, 47.668004 ], [ -122.303391, 47.668024 ], [ -122.30062, 47.668524 ], [ -122.300912, 47.661247 ], [ -122.302508, 47.661251 ], [ -122.304627, 47.661195 ], [ -122.30653, 47.661255 ], [ -122.306519, 47.663053 ] ] ] } },
{ "type": "Feature", "properties": { "geoid": "53015001000", "county_name": "Cowlitz County", "place_name": null, "state_name": "Washington", "state_abbr": "WA", "is_rural": true, "dci_score": 69.4, "dci_quintile": 4.0, "is_cra_lmi": false, "income_level": "NA", "is_persistent_poverty": false, "is_tribal_overlap": false, "tribal_area_name": null, "aian_pct": 0.0, "has_nmtc": true, "nmtc_projects": 1, "nmtc_total_usd": 1100000.0 }, "geometry": { "type": "Polygon", "coordinates": [ [ [ -122.922038, 46.146705 ], [ -122.922872, 46.148456 ], [ -122.921614, 46.149771 ], [ -122.920911, 46.150237 ], [ -122.918693, 46.150233 ], [ -122.913544, 46.150239 ], [ -122.913519, 46.149947 ], [ -122.913824, 46.147343 ], [ -122.912082, 46.147332 ], [ -122.905548, 46.146186 ], [ -122.906352, 46.144092 ], [ -122.904586, 46.143781 ], [ -122.905496, 46.14128 ], [ -122.909295, 46.141709 ], [ -122.912961, 46.142314 ], [ -122.912374, 46.144929 ], [ -122.914179, 46.145208 ], [ -122.916245, 46.145558 ], [ -122.917149, 46.143153 ], [ -122.923007, 46.144288 ], [ -122.922038, 46.146705 ] ] ] } },
{ "type": "Feature", "properties": { "geoid": "53035080200", "county_name": "Kitsap County", "place_name": null, "state_name": "Washington", "state_abbr": "WA", "is_rural": true, "dci_score": 75.9, "dci_quintile": 3.0, "is_cra_lmi": true, "income_level": "M", "is_persistent_poverty": false, "is_tribal_overlap": false, "tribal_area_name": null, "aian_pct": 0.0, "has_nmtc": false, "nmtc_projects": 0, "nmtc_total_usd": 0.0 }, "geometry": { "type": "Polygon", "coordinates": [ [ [ -122.629402, 47.59566 ], [ -122.62884, 47.606888 ], [ -122.623393, 47.606878 ], [ -122.62091, 47.606874 ], [ -122.612996, 47.606838 ], [ -122.613307, 47.595606 ], [ -122.613426, 47.590113 ], [ -122.613448, 47.589874 ], [ -122.613489, 47.588348 ], [ -122.615242, 47.588319 ], [ -122.616939, 47.588329 ], [ -122.618825, 47.588356 ], [ -122.621563, 47.588352 ], [ -122.629528, 47.588365 ], [ -122.629402, 47.59566 ] ] ] } },
{ "type": "Feature", "properties": { "geoid": "53061041808", "county_name": "Snohomish County", "place_name": null, "state_name": "Washington", "state_abbr": "WA", "is_rural": false, "dci_score": 38.5, "dci_quintile": 5.0, "is_cra_lmi": true, "income_level": "M", "is_persistent_poverty": false, "is_tribal_overlap": false, "tribal_area_name": null, "aian_pct": 0.0, "has_nmtc": false, "nmtc_projects": 0, "nmtc_total_usd": 0.0 }, "geometry": { "type": "Polygon", "coordinates": [ [ [ -122.238926, 47.89647 ], [ -122.233599, 47.896493 ], [ -122.233557, 47.896493 ], [ -122.23216, 47.896488 ], [ -122.229493, 47.896488 ], [ -122.228053, 47.896488 ], [ -122.22305, 47.89647 ], [ -122.216578, 47.896427 ], [ -122.218354, 47.894357 ], [ -122.219972, 47.892952 ], [ -122.221635, 47.891643 ], [ -122.228015, 47.886691 ], [ -122.234087, 47.881922 ], [ -122.238814, 47.881905 ], [ -122.238815, 47.885591 ], [ -122.238846, 47.889197 ], [ -122.238856, 47.890361 ], [ -122.238926, 47.89647 ] ] ] } },
{ "type": "Feature", "properties": { "geoid": "53009000900", "county_name": "Clallam County", "place_name": null, "state_name": "Washington", "state_abbr": "WA", "is_rural": true, "dci_score": 66.7, "dci_quintile": 4.0, "is_cra_lmi": false, "income_level": "U", "is_persistent_poverty": false, "is_tribal_overlap": false, "tribal_area_name": null, "aian_pct": 0.0, "has_nmtc": true, "nmtc_projects": 2, "nmtc_total_usd": 17135130.0 }, "geometry": { "type": "Polygon", "coordinates": [ [ [ -123.462382, 48.107986 ], [ -123.459535, 48.110041 ], [ -123.457302, 48.111777 ], [ -123.456137, 48.114039 ], [ -123.451423, 48.117979 ], [ -123.446786, 48.12068 ], [ -123.444932, 48.122473 ], [ -123.442967, 48.121664 ], [ -123.439224, 48.121574 ], [ -123.437869045791999, 48.1227903396694 ], [ -123.430093799662998, 48.1200071753996 ], [ -123.431909, 48.117985 ], [ -123.437185, 48.112208 ], [ -123.441219, 48.107773 ], [ -123.442386, 48.107236 ], [ -123.447893, 48.107978 ], [ -123.451324, 48.107885 ], [ -123.462659, 48.106757 ], [ -123.462382, 48.107986 ] ] ] } },
{ "type": "Feature", "properties": { "geoid": "53009001000", "county_name": "Clallam County", "place_name": "Bremerton", "state_name": "Washington", "state_abbr": "WA", "is_rural": true, "dci_score": 66.7, "dci_quintile": 4.0, "is_cra_lmi": false, "income_level": "U", "is_persistent_poverty": false, "is_tribal_overlap": false, "tribal_area_name": null, "aian_pct": 0.0, "has_nmtc": false, "nmtc_projects": 0, "nmtc_total_usd": 0.0 }, "geometry": { "type": "Polygon", "coordinates": [ [ [ -123.441219, 48.107773 ], [ -123.437185, 48.112208 ], [ -123.431909, 48.117985 ], [ -123.430093799662998, 48.1200071753996 ], [ -123.424668, 48.118065 ], [ -123.415504757058002, 48.116882510325297 ], [ -123.42551, 48.105756 ], [ -123.426036, 48.104562 ], [ -123.426791, 48.104677 ], [ -123.438253, 48.106471 ], [ -123.442386, 48.107236 ], [ -123.441219, 48.107773 ] ] ] } },
{ "type": "Feature", "properties": { "geoid": "53031950202", "county_name": "Jefferson County", "place_name": null, "state_name": "Washington", "state_abbr": "WA", "is_rural": true, "dci_score": 61.4, "dci_quintile": 4.0, "is_cra_lmi": false, "income_level": "U", "is_persistent_poverty": false, "is_tribal_overlap": false, "tribal_area_name": null, "aian_pct": 0.0, "has_nmtc": false, "nmtc_projects": 0, "nmtc_total_usd": 0.0 }, "geometry": { "type": "Polygon", "coordinates": [ [ [ -123.037561, 47.866898 ], [ -122.970076, 47.866897 ], [ -122.961245, 47.866676 ], [ -122.949167, 47.866822 ], [ -122.948586, 47.875381 ], [ -122.948179, 47.881391 ], [ -122.948857, 47.895294 ], [ -122.950679, 47.910419 ], [ -122.951253, 47.925138 ], [ -122.950866, 47.954296 ], [ -122.951495, 47.95429 ], [ -122.949521, 47.969296 ], [ -122.949871, 47.983689 ], [ -122.949166, 47.992635 ], [ -122.943217, 47.991881 ], [ -122.913656, 47.977767 ], [ -122.896224, 47.977132 ], [ -122.89636, 47.974754 ], [ -122.895748, 47.973891 ], [ -122.888992, 47.971573 ], [ -122.885835, 47.968951 ], [ -122.882047, 47.968971 ], [ -122.880945, 47.963848 ], [ -122.8826, 47.960877 ], [ -122.882603, 47.957151 ], [ -122.881377, 47.954394 ], [ -122.881712, 47.953088 ], [ -122.884202, 47.949386 ], [ -122.884591, 47.947757 ], [ -122.883841, 47.946074 ], [ -122.881852, 47.944679 ], [ -122.879426, 47.944081 ], [ -122.864715, 47.942291 ], [ -122.854476, 47.940989 ], [ -122.852204, 47.940224 ], [ -122.821747, 47.925902 ], [ -122.817521, 47.924073 ], [ -122.81291, 47.922732 ], [ -122.819811, 47.920365 ], [ -122.82162, 47.919514 ], [ -122.824841, 47.917037 ], [ -122.826369, 47.914916 ], [ -122.829993, 47.904505 ], [ -122.830872, 47.902902 ], [ -122.834243, 47.898548 ], [ -122.834368, 47.897777 ], [ -122.83278, 47.872103 ], [ -122.833147, 47.869916 ], [ -122.834613, 47.867821 ], [ -122.838453, 47.865614 ], [ -122.843358, 47.864879 ], [ -122.840728, 47.86243 ], [ -122.838427, 47.861846 ], [ -122.831804, 47.863194 ], [ -122.830293, 47.863074 ], [ -122.828425, 47.860696 ], [ -122.826326, 47.860277 ], [ -122.824194, 47.861558 ], [ -122.823511, 47.865418 ], [ -122.821677, 47.867815 ], [ -122.819608, 47.870497 ], [ -122.819481, 47.871091 ], [ -122.820244, 47.873577 ], [ -122.816149, 47.867729 ], [ -122.813399, 47.867686 ], [ -122.810336, 47.868371 ], [ -122.804195, 47.871504 ], [ -122.799891, 47.87095 ], [ -122.793423, 47.87139 ], [ -122.789182, 47.86998 ], [ -122.786463, 47.866671 ], [ -122.785344, 47.864477 ], [ -122.784731, 47.855904 ], [ -122.784353, 47.853803 ], [ -122.781053, 47.848898 ], [ -122.780696, 47.846923 ], [ -122.781749, 47.843673 ], [ -122.783395, 47.841073 ], [ -122.783628, 47.838946 ], [ -122.783518, 47.835284 ], [ -122.782875, 47.833265 ], [ -122.779061, 47.829583 ], [ -122.778088, 47.828044 ], [ -122.779612, 47.826158 ], [ -122.780188, 47.823932 ], [ -122.778395, 47.820791 ], [ -122.777179, 47.817477 ], [ -122.77509, 47.813053 ], [ -122.772744, 47.808855 ], [ -122.772509, 47.806286 ], [ -122.771588, 47.804259 ], [ -122.772547, 47.802913 ], [ -122.775374, 47.801092 ], [ -122.775254, 47.79952 ], [ -122.773205, 47.794571 ], [ -122.772803, 47.792321 ], [ -122.773947, 47.782631 ], [ -122.766017, 47.783203 ], [ -122.763781, 47.784026 ], [ -122.762151, 47.786666 ], [ -122.758042, 47.787683 ], [ -122.757492, 47.790079 ], [ -122.755996, 47.791499 ], [ -122.753586, 47.792139 ], [ -122.752004, 47.793686 ], [ -122.751941, 47.800918 ], [ -122.751428, 47.802066 ], [ -122.748975, 47.804126 ], [ -122.748695, 47.805564 ], [ -122.746101266642, 47.805511587455896 ], [ -122.748815, 47.801697 ], [ -122.743944, 47.793935 ], [ -122.749465, 47.788891 ], [ -122.748989, 47.783846 ], [ -122.749803, 47.781495 ], [ -122.747704, 47.777856 ], [ -122.747879, 47.775372 ], [ -122.750923, 47.774182 ], [ -122.751654, 47.772425 ], [ -122.750678, 47.769843 ], [ -122.750888, 47.767779 ], [ -122.753687, 47.766659 ], [ -122.754128, 47.763859 ], [ -122.757885, 47.757744 ], [ -122.7564, 47.751256 ], [ -122.758703, 47.748808 ], [ -122.759063, 47.746145 ], [ -122.765181, 47.744634 ], [ -122.772091, 47.739883 ], [ -122.776553, 47.734629 ], [ -122.779432, 47.729231 ], [ -122.783535, 47.722393 ], [ -122.782889, 47.718712 ], [ -122.780988, 47.713914 ], [ -122.782207, 47.707201 ], [ -122.783127, 47.703678 ], [ -122.779086, 47.700479 ], [ -122.772263, 47.694892 ], [ -122.772225, 47.691708 ], [ -122.784885, 47.687334 ], [ -122.801153, 47.685377 ], [ -122.809171, 47.682231 ], [ -122.81366, 47.682538 ], [ -122.819254, 47.685121 ], [ -122.829899, 47.689115 ], [ -122.833277, 47.692481 ], [ -122.829237, 47.69504 ], [ -122.827097, 47.699999 ], [ -122.827596, 47.705232 ], [ -122.824958, 47.710876 ], [ -122.820442, 47.712795 ], [ -122.817828, 47.713754 ], [ -122.81355, 47.715673 ], [ -122.812361, 47.719831 ], [ -122.815027, 47.725996 ], [ -122.808083, 47.732461 ], [ -122.807608, 47.737097 ], [ -122.810745, 47.743123 ], [ -122.809673, 47.747412 ], [ -122.800002, 47.758193 ], [ -122.799936, 47.762096 ], [ -122.797863, 47.765223 ], [ -122.795724, 47.770654 ], [ -122.797262, 47.773183 ], [ -122.795248, 47.777363 ], [ -122.789782, 47.790938 ], [ -122.788118, 47.80419 ], [ -122.789069, 47.806265 ], [ -122.796674, 47.810575 ], [ -122.797387, 47.816321 ], [ -122.797625, 47.825897 ], [ -122.802854, 47.828769 ], [ -122.806453, 47.832316 ], [ -122.809747, 47.840575 ], [ -122.816639, 47.840416 ], [ -122.82068, 47.838023 ], [ -122.82068, 47.827652 ], [ -122.825196, 47.821748 ], [ -122.82377, 47.819513 ], [ -122.823532, 47.817119 ], [ -122.819254, 47.811054 ], [ -122.815644, 47.810898 ], [ -122.815027, 47.807493 ], [ -122.821868, 47.789022 ], [ -122.827644, 47.784846 ], [ -122.841808, 47.779035 ], [ -122.846825, 47.77912 ], [ -122.85348, 47.780079 ], [ -122.855144, 47.782314 ], [ -122.851816, 47.785029 ], [ -122.850628, 47.796846 ], [ -122.8473, 47.800997 ], [ -122.852767, 47.80419 ], [ -122.857283, 47.80435 ], [ -122.858060556563998, 47.804383664568903 ], [ -122.864651, 47.804669 ], [ -122.867978, 47.798922 ], [ -122.868454, 47.791098 ], [ -122.86679, 47.788702 ], [ -122.866552, 47.782794 ], [ -122.865312629949003, 47.781127598184803 ], [ -122.864907995633004, 47.780583544890803 ], [ -122.866055, 47.780222 ], [ -122.87134, 47.780831 ], [ -122.873712, 47.780537 ], [ -122.875092, 47.781391 ], [ -122.876331, 47.782007 ], [ -122.876872, 47.784661 ], [ -122.878507, 47.786256 ], [ -122.880777, 47.789515 ], [ -122.882036, 47.79029 ], [ -122.884717, 47.794558 ], [ -122.889564, 47.797124 ], [ -122.892195, 47.797384 ], [ -122.894233, 47.79574 ], [ -122.898572, 47.793873 ], [ -122.899998, 47.791704 ], [ -122.902257, 47.795313 ], [ -122.904132, 47.793725 ], [ -122.906875, 47.794482 ], [ -122.909024, 47.793854 ], [ -122.910198, 47.795255 ], [ -122.914313, 47.794423 ], [ -122.917002, 47.79198 ], [ -122.915371, 47.790032 ], [ -122.916214, 47.786546 ], [ -122.916085, 47.781292 ], [ -122.915064, 47.778888 ], [ -122.915603, 47.776728 ], [ -122.913017, 47.774968 ], [ -122.915956, 47.77324 ], [ -122.913485, 47.772692 ], [ -122.917969, 47.770121 ], [ -122.918821, 47.772228 ], [ -122.921536, 47.773324 ], [ -122.925171, 47.77293 ], [ -122.928346, 47.774142 ], [ -122.93336, 47.776737 ], [ -122.936494, 47.776199 ], [ -122.940338, 47.776596 ], [ -122.943013, 47.77761 ], [ -122.94272, 47.779918 ], [ -122.947317, 47.779637 ], [ -122.949866, 47.779044 ], [ -122.955215, 47.780229 ], [ -122.957137, 47.779915 ], [ -122.958767, 47.781228 ], [ -122.960856, 47.781185 ], [ -122.96834, 47.7812 ], [ -122.968964, 47.782704 ], [ -122.974355, 47.78262 ], [ -122.975735, 47.784082 ], [ -122.980706, 47.784906 ], [ -122.980793, 47.785631 ], [ -122.983845, 47.787206 ], [ -122.984022, 47.787897 ], [ -122.980587, 47.786361 ], [ -122.975042, 47.785801 ], [ -122.973505, 47.784833 ], [ -122.97032, 47.785062 ], [ -122.96656, 47.783555 ], [ -122.959798, 47.784652 ], [ -122.964792, 47.785367 ], [ -122.968808, 47.787295 ], [ -122.971585, 47.787543 ], [ -122.974174, 47.788434 ], [ -122.976512, 47.790093 ], [ -122.978317, 47.79215 ], [ -122.976706, 47.795276 ], [ -122.970695, 47.798378 ], [ -122.968745, 47.800591 ], [ -122.976225, 47.800034 ], [ -122.974906, 47.803205 ], [ -122.974831, 47.806096 ], [ -122.972742, 47.808087 ], [ -122.970412, 47.808732 ], [ -122.964132, 47.808631 ], [ -122.968385, 47.81182 ], [ -122.967172, 47.814984 ], [ -122.964568, 47.816302 ], [ -122.970491, 47.817339 ], [ -122.972607, 47.818744 ], [ -122.971552, 47.822996 ], [ -122.975915, 47.821578 ], [ -122.97881, 47.823072 ], [ -122.979646, 47.82413 ], [ -122.981281, 47.833015 ], [ -122.981025, 47.836779 ], [ -122.981517, 47.838399 ], [ -122.983622, 47.840753 ], [ -122.984378, 47.842929 ], [ -122.984118, 47.844509 ], [ -122.984795, 47.848386 ], [ -122.986443, 47.849281 ], [ -122.989459, 47.85352 ], [ -122.995286, 47.854381 ], [ -123.001279, 47.852738 ], [ -123.006143, 47.854191 ], [ -123.008913, 47.857629 ], [ -123.011098, 47.859481 ], [ -123.015262, 47.860519 ], [ -123.020893, 47.8609 ], [ -123.031167, 47.866059 ], [ -123.033847, 47.866458 ], [ -123.037321, 47.865925 ], [ -123.037561, 47.866898 ] ] ] } },
{ "type": "Feature", "properties": { "geoid": "53039950200", "county_name": "Klickitat County", "place_name": null, "state_name": "Washington", "state_abbr": "WA", "is_rural": true, "dci_score": 49.6, "dci_quintile": 5.0, "is_cra_lmi": false, "income_level": "U", "is_persistent_poverty": false, "is_tribal_overlap": true, "tribal_area_name": "Yakama Nation Off-Reservation Trust Land|Yakama Nation Reservation", "aian_pct": 0.0, "has_nmtc": false, "nmtc_projects": 0, "nmtc_total_usd": 0.0 }, "geometry": { "type": "Polygon", "coordinates": [ [ [ -121.378107, 45.758685 ], [ -121.375574, 45.765931 ], [ -121.37578, 45.766906 ], [ -121.37442, 45.771117 ], [ -121.372816, 45.774568 ], [ -121.370006, 45.77821 ], [ -121.369464, 45.783846 ], [ -121.369702, 45.78717 ], [ -121.36739, 45.788685 ], [ -121.363581, 45.789057 ], [ -121.361589, 45.790393 ], [ -121.361205, 45.791099 ], [ -121.359028, 45.792787 ], [ -121.357263, 45.793617 ], [ -121.356668, 45.79422 ], [ -121.354466, 45.795682 ], [ -121.354615, 45.79636 ], [ -121.354004, 45.797152 ], [ -121.353341, 45.79754 ], [ -121.352437, 45.798561 ], [ -121.351089, 45.799351 ], [ -121.348806, 45.800146 ], [ -121.346829, 45.8001 ], [ -121.344164, 45.801096 ], [ -121.342757, 45.802391 ], [ -121.342111, 45.804676 ], [ -121.342543, 45.805915 ], [ -121.340363, 45.807747 ], [ -121.33978, 45.809506 ], [ -121.338175, 45.811081 ], [ -121.335605, 45.811941 ], [ -121.333566, 45.817135 ], [ -121.334673, 45.817128 ], [ -121.337817, 45.818663 ], [ -121.33916, 45.820385 ], [ -121.341314, 45.820893 ], [ -121.342894, 45.82329 ], [ -121.34264, 45.829552 ], [ -121.341614, 45.831536 ], [ -121.337234, 45.833316 ], [ -121.337164, 45.834301 ], [ -121.334357, 45.835866 ], [ -121.333162, 45.838854 ], [ -121.329922, 45.841441 ], [ -121.327161, 45.8429 ], [ -121.325091, 45.843434 ], [ -121.322975, 45.845013 ], [ -121.322172, 45.846892 ], [ -121.32207, 45.855052 ], [ -121.301643, 45.855361 ], [ -121.281167, 45.856129 ], [ -121.278294, 45.862265 ], [ -121.275734, 45.864081 ], [ -121.273251, 45.866956 ], [ -121.270738, 45.867433 ], [ -121.27007, 45.869299 ], [ -121.269778, 45.874313 ], [ -121.268793, 45.875307 ], [ -121.268961, 45.876569 ], [ -121.271884, 45.87855 ], [ -121.276285, 45.880248 ], [ -121.279888, 45.881328 ], [ -121.281675, 45.884664 ], [ -121.281284, 45.887043 ], [ -121.281797, 45.891479 ], [ -121.281225, 45.894668 ], [ -121.27964, 45.898535 ], [ -121.279135, 45.900864 ], [ -121.277071, 45.9044 ], [ -121.274762, 45.906394 ], [ -121.275532, 45.908532 ], [ -121.274242, 45.91279 ], [ -121.274738, 45.917363 ], [ -121.272727, 45.921274 ], [ -121.269099, 45.924293 ], [ -121.266948, 45.927755 ], [ -121.264228, 45.93054 ], [ -121.263524, 45.932016 ], [ -121.263035, 45.935877 ], [ -121.260129, 45.938659 ], [ -121.259521, 45.942117 ], [ -121.261337, 45.944231 ], [ -121.266469, 45.947427 ], [ -121.264673, 45.948703 ], [ -121.260708, 45.949435 ], [ -121.257706, 45.952005 ], [ -121.257048, 45.953875 ], [ -121.254331, 45.955911 ], [ -121.251187, 45.959048 ], [ -121.249555, 45.959703 ], [ -121.244561, 45.962914 ], [ -121.240959, 45.96422 ], [ -121.238654, 45.965992 ], [ -121.235388, 45.967064 ], [ -121.233082, 45.967233 ], [ -121.228814, 45.968748 ], [ -121.226554, 45.970681 ], [ -121.224572, 45.971508 ], [ -121.224443, 45.973478 ], [ -121.218256, 45.974925 ], [ -121.21651, 45.977099 ], [ -121.214684, 45.977969 ], [ -121.206467, 45.980245 ], [ -121.201422, 45.982186 ], [ -121.198586, 45.984492 ], [ -121.197385, 45.986663 ], [ -121.194597, 45.987566 ], [ -121.192098, 45.9871 ], [ -121.186811, 45.987437 ], [ -121.183302, 45.98617 ], [ -121.174842, 45.986341 ], [ -121.170853, 45.986042 ], [ -121.165196, 45.987221 ], [ -121.160808, 45.985845 ], [ -121.157156, 45.983976 ], [ -121.138747, 45.985849 ], [ -121.127427, 45.987753 ], [ -121.126181, 45.987994 ], [ -121.125926, 45.986993 ], [ -121.126122, 45.986473 ], [ -121.123512, 45.98502 ], [ -121.12325, 45.983057 ], [ -121.125085, 45.980515 ], [ -121.125496, 45.978881 ], [ -121.123986, 45.976325 ], [ -121.120248, 45.975246 ], [ -121.116782, 45.97564 ], [ -121.111169, 45.97771 ], [ -121.10973, 45.976155 ], [ -121.107018, 45.975696 ], [ -121.103671, 45.974559 ], [ -121.102537, 45.972818 ], [ -121.10355, 45.972064 ], [ -121.103608, 45.969777 ], [ -121.102121, 45.969637 ], [ -121.100453, 45.967662 ], [ -121.100283, 45.966537 ], [ -121.101989, 45.962449 ], [ -121.105679, 45.96015 ], [ -121.105764, 45.958224 ], [ -121.104797, 45.955457 ], [ -121.105396, 45.953949 ], [ -121.107845, 45.95224 ], [ -121.108009, 45.950746 ], [ -121.109786, 45.948991 ], [ -121.110032, 45.945004 ], [ -121.109226, 45.941086 ], [ -121.11035, 45.93941 ], [ -121.112494, 45.938057 ], [ -121.114207, 45.935556 ], [ -121.116514, 45.93578 ], [ -121.121676, 45.938349 ], [ -121.123629, 45.941067 ], [ -121.126454, 45.941661 ], [ -121.130939, 45.93929 ], [ -121.131123, 45.938691 ], [ -121.130273, 45.935139 ], [ -121.130778, 45.933575 ], [ -121.128989, 45.931225 ], [ -121.128194, 45.928338 ], [ -121.127601, 45.927442 ], [ -121.123592, 45.925672 ], [ -121.118693, 45.926297 ], [ -121.115668, 45.92402 ], [ -121.115753, 45.922989 ], [ -121.114078, 45.92231 ], [ -121.111507, 45.922805 ], [ -121.108608, 45.92449 ], [ -121.106212, 45.926839 ], [ -121.103954, 45.926616 ], [ -121.102274, 45.927181 ], [ -121.098793, 45.92622 ], [ -121.091019, 45.92848 ], [ -121.088804, 45.927214 ], [ -121.088206, 45.926392 ], [ -121.089106, 45.92413 ], [ -121.088427, 45.921766 ], [ -121.089598, 45.920256 ], [ -121.091252, 45.920187 ], [ -121.090666, 45.917429 ], [ -121.08949, 45.915595 ], [ -121.090495, 45.913657 ], [ -121.092343, 45.914016 ], [ -121.094184, 45.913546 ], [ -121.094429, 45.911919 ], [ -121.096104, 45.90964 ], [ -121.096357, 45.907246 ], [ -121.09711, 45.906445 ], [ -121.099573, 45.905733 ], [ -121.099889, 45.901702 ], [ -121.103164, 45.901261 ], [ -121.104662, 45.899227 ], [ -121.109096, 45.898036 ], [ -121.11056, 45.897631 ], [ -121.114247, 45.894759 ], [ -121.114887, 45.892419 ], [ -121.115312, 45.88793 ], [ -121.114514, 45.884677 ], [ -121.112222, 45.883032 ], [ -121.108045, 45.881083 ], [ -121.104957, 45.880331 ], [ -121.104148, 45.879649 ], [ -121.101746, 45.875497 ], [ -121.097962, 45.872824 ], [ -121.098085, 45.870374 ], [ -121.097077, 45.869571 ], [ -121.096469, 45.8677 ], [ -121.096948, 45.865738 ], [ -121.096426, 45.864933 ], [ -121.094671, 45.864035 ], [ -121.088573, 45.863214 ], [ -121.08654, 45.861086 ], [ -121.082555, 45.859167 ], [ -121.075996, 45.858925 ], [ -121.075475, 45.856534 ], [ -121.073659, 45.855718 ], [ -121.06939, 45.854788 ], [ -121.065742, 45.853493 ], [ -121.065047, 45.852764 ], [ -121.064951, 45.851451 ], [ -121.06726, 45.849526 ], [ -121.066654, 45.847383 ], [ -121.063323, 45.844587 ], [ -121.062986, 45.841313 ], [ -121.063515, 45.839214 ], [ -121.064657, 45.837656 ], [ -121.066313, 45.837217 ], [ -121.070884, 45.837035 ], [ -121.075525, 45.837674 ], [ -121.0778, 45.837351 ], [ -121.079673, 45.83617 ], [ -121.080068, 45.835065 ], [ -121.079508, 45.832858 ], [ -121.083358, 45.831071 ], [ -121.087791, 45.831024 ], [ -121.089219, 45.830368 ], [ -121.092169, 45.827959 ], [ -121.09352, 45.826094 ], [ -121.09798, 45.825362 ], [ -121.095166, 45.823469 ], [ -121.094932, 45.822405 ], [ -121.092732, 45.822052 ], [ -121.092154, 45.823331 ], [ -121.085677, 45.825062 ], [ -121.083033, 45.82685 ], [ -121.079921, 45.827065 ], [ -121.072957, 45.82673 ], [ -121.072123, 45.827065 ], [ -121.069171, 45.826385 ], [ -121.063932, 45.825829 ], [ -121.063179, 45.825074 ], [ -121.061419, 45.821772 ], [ -121.051568, 45.820184 ], [ -121.046572, 45.819949 ], [ -121.041448, 45.821073 ], [ -121.030831, 45.821097 ], [ -121.030928, 45.803296 ], [ -120.991773, 45.803411 ], [ -120.989713, 45.803044 ], [ -120.989621, 45.796162 ], [ -120.989344, 45.792506 ], [ -120.989648, 45.791167 ], [ -120.991917, 45.788329 ], [ -120.991339, 45.786731 ], [ -120.990029, 45.785776 ], [ -120.989487, 45.781689 ], [ -120.926706, 45.781272 ], [ -120.926644, 45.790533 ], [ -120.928374, 45.792093 ], [ -120.928686, 45.793247 ], [ -120.926449, 45.794934 ], [ -120.926248, 45.795778 ], [ -120.905823, 45.795706 ], [ -120.89534, 45.795635 ], [ -120.88767, 45.795579 ], [ -120.884499, 45.796804 ], [ -120.884793, 45.795573 ], [ -120.884886, 45.788408 ], [ -120.885011, 45.781025 ], [ -120.864204, 45.780849 ], [ -120.864247, 45.737147 ], [ -120.861786, 45.737136 ], [ -120.861669, 45.730643 ], [ -120.86452, 45.725143 ], [ -120.864762, 45.723643 ], [ -120.863884, 45.722466 ], [ -120.858977, 45.719038 ], [ -120.857191, 45.717318 ], [ -120.85433, 45.716016 ], [ -120.854263, 45.704311 ], [ -120.854237, 45.70328 ], [ -120.854339, 45.702993 ], [ -120.855062, 45.702272 ], [ -120.855864, 45.701599 ], [ -120.856801, 45.700975 ], [ -120.857213, 45.700842 ], [ -120.857884, 45.700752 ], [ -120.858175, 45.700728 ], [ -120.857495, 45.699372 ], [ -120.855381, 45.699044 ], [ -120.858262, 45.697223 ], [ -120.853775, 45.695193 ], [ -120.850137, 45.69705 ], [ -120.850669, 45.694452 ], [ -120.849043, 45.69606 ], [ -120.846154, 45.692816 ], [ -120.839594, 45.691338 ], [ -120.839583, 45.689813 ], [ -120.824005, 45.696206 ], [ -120.819463, 45.697696 ], [ -120.815348, 45.697926 ], [ -120.817779, 45.69619 ], [ -120.817842, 45.694987 ], [ -120.81669, 45.693004 ], [ -120.817133, 45.691769 ], [ -120.821486, 45.689113 ], [ -120.827025, 45.686393 ], [ -120.829215, 45.684943 ], [ -120.83042, 45.683501 ], [ -120.83591, 45.68235 ], [ -120.836854, 45.681366 ], [ -120.83736, 45.680047 ], [ -120.837035, 45.678919 ], [ -120.836141479114005, 45.675843487912701 ], [ -120.855674, 45.671545 ], [ -120.870042, 45.661242 ], [ -120.885616086083999, 45.650081578072303 ], [ -120.895575, 45.642945 ], [ -120.913476, 45.640045 ], [ -120.915795173153995, 45.641301218792002 ], [ -120.915876, 45.641345 ], [ -120.943977, 45.656445 ], [ -120.953077, 45.656745 ], [ -120.977978, 45.649345 ], [ -120.983478, 45.648344 ], [ -121.007449, 45.653217 ], [ -121.033582, 45.650998 ], [ -121.06437, 45.652549 ], [ -121.071453407882998, 45.650945131541903 ], [ -121.084933, 45.647893 ], [ -121.120064, 45.623134 ], [ -121.117052, 45.618117 ], [ -121.120085996729003, 45.6169088233693 ], [ -121.1222, 45.616067 ], [ -121.123239617734001, 45.615394920659099 ], [ -121.123793795051, 45.615036662893701 ], [ -121.129228277698004, 45.611523445105398 ], [ -121.131953, 45.609762 ], [ -121.139483, 45.611962 ], [ -121.140560367302996, 45.611236277123197 ], [ -121.145534, 45.607886 ], [ -121.167852, 45.606098 ], [ -121.170474994227007, 45.606154269123799 ], [ -121.183841, 45.606441 ], [ -121.196556, 45.616689 ], [ -121.196149220097993, 45.620631967092599 ], [ -121.195233, 45.629513 ], [ -121.196631142900998, 45.635045658976502 ], [ -121.200367, 45.649829 ], [ -121.204808148558996, 45.655998254444697 ], [ -121.215779, 45.671238 ], [ -121.251183, 45.67839 ], [ -121.287323, 45.687019 ], [ -121.294453886634997, 45.690718747654699 ], [ -121.312198, 45.699925 ], [ -121.33777, 45.704949 ], [ -121.351267011353997, 45.704236222535599 ], [ -121.351647, 45.710537 ], [ -121.350248, 45.7132 ], [ -121.351141, 45.717141 ], [ -121.350014, 45.718327 ], [ -121.350907, 45.720932 ], [ -121.352328, 45.721961 ], [ -121.352031, 45.723505 ], [ -121.353715, 45.726914 ], [ -121.355643, 45.728183 ], [ -121.356282, 45.730055 ], [ -121.357659, 45.730445 ], [ -121.356676, 45.731521 ], [ -121.356966, 45.7339 ], [ -121.358331, 45.734568 ], [ -121.360931, 45.738151 ], [ -121.362294, 45.738479 ], [ -121.364864, 45.740341 ], [ -121.365593, 45.742008 ], [ -121.367775, 45.744568 ], [ -121.368811, 45.744781 ], [ -121.37118, 45.74837 ], [ -121.372174, 45.749041 ], [ -121.373764, 45.752044 ], [ -121.376576, 45.755047 ], [ -121.378107, 45.758685 ] ] ] } },
{ "type": "Feature", "properties": { "geoid": "53047970800", "county_name": "Okanogan County", "place_name": null, "state_name": "Washington", "state_abbr": "WA", "is_rural": true, "dci_score": 75.1, "dci_quintile": 3.0, "is_cra_lmi": true, "income_level": "M", "is_persistent_poverty": false, "is_tribal_overlap": true, "tribal_area_name": "Colville Reservation", "aian_pct": 0.0, "has_nmtc": false, "nmtc_projects": 0, "nmtc_total_usd": 0.0 }, "geometry": { "type": "Polygon", "coordinates": [ [ [ -120.022058, 48.099717 ], [ -120.020707, 48.100544 ], [ -120.013318, 48.10013 ], [ -120.010682, 48.10146 ], [ -120.011563, 48.103473 ], [ -120.004527, 48.108791 ], [ -120.005557, 48.109625 ], [ -120.008921, 48.109923 ], [ -120.009182, 48.111777 ], [ -120.009719, 48.113563 ], [ -120.009168, 48.115246 ], [ -120.007036, 48.118199 ], [ -120.007074, 48.120841 ], [ -120.010386, 48.123934 ], [ -120.010416, 48.125831 ], [ -120.008613, 48.126822 ], [ -120.006034, 48.127155 ], [ -120.003539, 48.125389 ], [ -120.000845, 48.126002 ], [ -120.001342, 48.127887 ], [ -120.000909, 48.131269 ], [ -120.007115, 48.134314 ], [ -120.007261, 48.135641 ], [ -120.005523, 48.137115 ], [ -120.002306, 48.137387 ], [ -120.000293, 48.136581 ], [ -119.997608, 48.137164 ], [ -119.992219, 48.137046 ], [ -119.986021, 48.138452 ], [ -119.983605, 48.138245 ], [ -119.982853, 48.139034 ], [ -119.980707, 48.139051 ], [ -119.976795, 48.141635 ], [ -119.975617, 48.1438 ], [ -119.971277, 48.145835 ], [ -119.968913, 48.149881 ], [ -119.968997, 48.154266 ], [ -119.967557, 48.1559 ], [ -119.965521, 48.156552 ], [ -119.957728, 48.160606 ], [ -119.956893, 48.161499 ], [ -119.956631, 48.161982 ], [ -119.957041, 48.164333 ], [ -119.954117, 48.166713 ], [ -119.953462, 48.168511 ], [ -119.955791, 48.171492 ], [ -119.956021, 48.174885 ], [ -119.955382, 48.175894 ], [ -119.953473, 48.176661 ], [ -119.949237, 48.179463 ], [ -119.949393, 48.179945 ], [ -119.949655, 48.181184 ], [ -119.948869, 48.184769 ], [ -119.951067, 48.186874 ], [ -119.949715, 48.189099 ], [ -119.949142, 48.192218 ], [ -119.948151, 48.196647 ], [ -119.948455, 48.198007 ], [ -119.945357, 48.203302 ], [ -119.941577, 48.206772 ], [ -119.938601, 48.208768 ], [ -119.937986, 48.21005 ], [ -119.938478, 48.21192 ], [ -119.937838, 48.21511 ], [ -119.938134, 48.218185 ], [ -119.935805, 48.220674 ], [ -119.938996, 48.2253 ], [ -119.939767, 48.227103 ], [ -119.942335, 48.228879 ], [ -119.945519, 48.229651 ], [ -119.946838, 48.232514 ], [ -119.950099, 48.235121 ], [ -119.953131, 48.236781 ], [ -119.955257, 48.238418 ], [ -119.957909, 48.241887 ], [ -119.959101, 48.244294 ], [ -119.962001, 48.248285 ], [ -119.96389, 48.252486 ], [ -119.964382, 48.256703 ], [ -119.963163, 48.258524 ], [ -119.961367, 48.258398 ], [ -119.959744, 48.260318 ], [ -119.96048, 48.26111 ], [ -119.961584, 48.265011 ], [ -119.963376, 48.266704 ], [ -119.961847, 48.266832 ], [ -119.961503, 48.271848 ], [ -119.961968, 48.274362 ], [ -119.961447, 48.275428 ], [ -119.958118, 48.278872 ], [ -119.957011, 48.279078 ], [ -119.956301, 48.27993 ], [ -119.952949, 48.280707 ], [ -119.952333, 48.280456 ], [ -119.948124, 48.280205 ], [ -119.947713, 48.279954 ], [ -119.946999, 48.279064 ], [ -119.946384, 48.278318 ], [ -119.94263, 48.277147 ], [ -119.941824, 48.276537 ], [ -119.94054, 48.276633 ], [ -119.939147, 48.276138 ], [ -119.938302, 48.275186 ], [ -119.936558, 48.274702 ], [ -119.936799, 48.276556 ], [ -119.934438, 48.277726 ], [ -119.932694, 48.279033 ], [ -119.928768, 48.279021 ], [ -119.925475, 48.277994 ], [ -119.922533, 48.278312 ], [ -119.918289, 48.276796 ], [ -119.911993, 48.275155 ], [ -119.909803, 48.273306 ], [ -119.907685, 48.273566 ], [ -119.903006, 48.273129 ], [ -119.89899, 48.274143 ], [ -119.896305, 48.275287 ], [ -119.895082, 48.277623 ], [ -119.893322, 48.27803 ], [ -119.889339, 48.277391 ], [ -119.887028, 48.277706 ], [ -119.88625, 48.279034 ], [ -119.885211, 48.281484 ], [ -119.887615, 48.282383 ], [ -119.887626, 48.284864 ], [ -119.888927, 48.287655 ], [ -119.888837, 48.290644 ], [ -119.887102, 48.29294 ], [ -119.888538, 48.294996 ], [ -119.888365, 48.296755 ], [ -119.886754, 48.299449 ], [ -119.886615, 48.301253 ], [ -119.888667, 48.303309 ], [ -119.889007, 48.306142 ], [ -119.887291, 48.310046 ], [ -119.885566, 48.310944 ], [ -119.883739, 48.311898 ], [ -119.883588, 48.312105 ], [ -119.883537, 48.31257 ], [ -119.883681, 48.312854 ], [ -119.885429, 48.313299 ], [ -119.887885, 48.314833 ], [ -119.887867, 48.315948 ], [ -119.890154, 48.315785 ], [ -119.894039, 48.316922 ], [ -119.897136, 48.316418 ], [ -119.899785, 48.317034 ], [ -119.901749, 48.318198 ], [ -119.904123, 48.318425 ], [ -119.907707, 48.320911 ], [ -119.910808, 48.322576 ], [ -119.910727, 48.323468 ], [ -119.908855, 48.325213 ], [ -119.905017, 48.327338 ], [ -119.903949, 48.329027 ], [ -119.901483, 48.331176 ], [ -119.899882, 48.331831 ], [ -119.895144, 48.331472 ], [ -119.89586, 48.332982 ], [ -119.892658, 48.336272 ], [ -119.893949, 48.339385 ], [ -119.893674, 48.341514 ], [ -119.892127, 48.342635 ], [ -119.89197, 48.345543 ], [ -119.890752, 48.346525 ], [ -119.893501, 48.349474 ], [ -119.893837, 48.351345 ], [ -119.895345, 48.35298 ], [ -119.897582, 48.357195 ], [ -119.8981, 48.360084 ], [ -119.896176, 48.360703 ], [ -119.89161, 48.359101 ], [ -119.891611, 48.360288 ], [ -119.893658, 48.360973 ], [ -119.896359, 48.364938 ], [ -119.899259, 48.366776 ], [ -119.896331, 48.366371 ], [ -119.894536, 48.366887 ], [ -119.894392, 48.368284 ], [ -119.895554, 48.370552 ], [ -119.895778, 48.372224 ], [ -119.894788, 48.374054 ], [ -119.895965, 48.374814 ], [ -119.899022, 48.374796 ], [ -119.897483, 48.375407 ], [ -119.894589, 48.377889 ], [ -119.893622, 48.37979 ], [ -119.894838, 48.381946 ], [ -119.894427, 48.383793 ], [ -119.893022, 48.384924 ], [ -119.892444, 48.386582 ], [ -119.890154, 48.387806 ], [ -119.888467, 48.38772 ], [ -119.884978, 48.389427 ], [ -119.884459, 48.389534 ], [ -119.878943, 48.390427 ], [ -119.875837, 48.391964 ], [ -119.873919, 48.395288 ], [ -119.871766, 48.396084 ], [ -119.868076, 48.396034 ], [ -119.864923, 48.396937 ], [ -119.863816, 48.396247 ], [ -119.863923, 48.394434 ], [ -119.859931, 48.392811 ], [ -119.857187, 48.392317 ], [ -119.852434, 48.392469 ], [ -119.849484, 48.392246 ], [ -119.84648, 48.391426 ], [ -119.841097, 48.387576 ], [ -119.834439, 48.385601 ], [ -119.830434, 48.385184 ], [ -119.828541, 48.384616 ], [ -119.825292, 48.381681 ], [ -119.822275, 48.380801 ], [ -119.816381, 48.381071 ], [ -119.80302, 48.380275 ], [ -119.79883, 48.379147 ], [ -119.794113, 48.378482 ], [ -119.791469, 48.378596 ], [ -119.788034, 48.379739 ], [ -119.785621, 48.37995 ], [ -119.78096, 48.379238 ], [ -119.777284, 48.378281 ], [ -119.772796, 48.376589 ], [ -119.767489, 48.375387 ], [ -119.766672, 48.373874 ], [ -119.764436, 48.374149 ], [ -119.761527, 48.373079 ], [ -119.761281, 48.372638 ], [ -119.764498, 48.370813 ], [ -119.760084, 48.369996 ], [ -119.75812, 48.36837 ], [ -119.75719, 48.366316 ], [ -119.753406, 48.365057 ], [ -119.751648, 48.36378 ], [ -119.750992, 48.35984 ], [ -119.751328, 48.35855 ], [ -119.753884, 48.355229 ], [ -119.756875, 48.35378 ], [ -119.760565, 48.349435 ], [ -119.76212, 48.348232 ], [ -119.765056, 48.344926 ], [ -119.768857, 48.342982 ], [ -119.771231, 48.340981 ], [ -119.772074, 48.339503 ], [ -119.775372, 48.335472 ], [ -119.779017, 48.332493 ], [ -119.786533, 48.33163 ], [ -119.790592, 48.329978 ], [ -119.79225, 48.328803 ], [ -119.794084, 48.324273 ], [ -119.7949, 48.321279 ], [ -119.797135, 48.319119 ], [ -119.796147, 48.316046 ], [ -119.793479, 48.312508 ], [ -119.791163, 48.308543 ], [ -119.793545, 48.308226 ], [ -119.79355, 48.301119 ], [ -119.790693, 48.298634 ], [ -119.786333, 48.294098 ], [ -119.785324, 48.291628 ], [ -119.785754, 48.286821 ], [ -119.78834, 48.283993 ], [ -119.789609, 48.283736 ], [ -119.7908, 48.281266 ], [ -119.790121, 48.280046 ], [ -119.789879, 48.277211 ], [ -119.789071, 48.276772 ], [ -119.787081, 48.273743 ], [ -119.783749, 48.273587 ], [ -119.782531, 48.274584 ], [ -119.774184, 48.274782 ], [ -119.770773, 48.2744 ], [ -119.768775, 48.274758 ], [ -119.762899, 48.273552 ], [ -119.761521, 48.274964 ], [ -119.759744, 48.275588 ], [ -119.755313, 48.275261 ], [ -119.755296, 48.27353 ], [ -119.754283, 48.269476 ], [ -119.753345, 48.26845 ], [ -119.744962, 48.266094 ], [ -119.741309, 48.267176 ], [ -119.736415, 48.266971 ], [ -119.73545, 48.266061 ], [ -119.735965, 48.263895 ], [ -119.734144, 48.266978 ], [ -119.731948, 48.264279 ], [ -119.72963, 48.264145 ], [ -119.732224, 48.260197 ], [ -119.737016, 48.257634 ], [ -119.738906, 48.25612 ], [ -119.739175, 48.249871 ], [ -119.738076, 48.245718 ], [ -119.734257, 48.242127 ], [ -119.73351, 48.236631 ], [ -119.733678, 48.235388 ], [ -119.736809, 48.232165 ], [ -119.736742, 48.231528 ], [ -119.727076, 48.223109 ], [ -119.721498, 48.219176 ], [ -119.718755, 48.216084 ], [ -119.719163, 48.212422 ], [ -119.718089, 48.211695 ], [ -119.715901, 48.208698 ], [ -119.712628, 48.207813 ], [ -119.706708, 48.20665 ], [ -119.701168, 48.204092 ], [ -119.698537, 48.201368 ], [ -119.692055, 48.197242 ], [ -119.686309, 48.194416 ], [ -119.681463, 48.19138 ], [ -119.679757, 48.189418 ], [ -119.678846, 48.187145 ], [ -119.679826, 48.182201 ], [ -119.679278, 48.178347 ], [ -119.676448, 48.175625 ], [ -119.674781, 48.171179 ], [ -119.672754, 48.168461 ], [ -119.670866, 48.165215 ], [ -119.669321, 48.159872 ], [ -119.668633, 48.158507 ], [ -119.665646, 48.155659 ], [ -119.665236, 48.153421 ], [ -119.666277, 48.151032 ], [ -119.66695, 48.148011 ], [ -119.669474, 48.146748 ], [ -119.673121, 48.140151 ], [ -119.674894, 48.137105 ], [ -119.674932, 48.134516 ], [ -119.676802, 48.130968 ], [ -119.682372, 48.124912 ], [ -119.683278, 48.122191 ], [ -119.68281, 48.120019 ], [ -119.683135, 48.11742 ], [ -119.684871, 48.113992 ], [ -119.690689, 48.108448 ], [ -119.693151, 48.106363 ], [ -119.700413, 48.106487 ], [ -119.703536, 48.106175 ], [ -119.708585, 48.1045 ], [ -119.711315, 48.101124 ], [ -119.71334, 48.100207 ], [ -119.717127, 48.099945 ], [ -119.720152, 48.100955 ], [ -119.729755, 48.099531 ], [ -119.73462, 48.098354 ], [ -119.736301, 48.097619 ], [ -119.74062, 48.1004 ], [ -119.745441, 48.102214 ], [ -119.749852, 48.103057 ], [ -119.755007, 48.103119 ], [ -119.765762, 48.10469 ], [ -119.773439, 48.104467 ], [ -119.775291, 48.1039 ], [ -119.776341, 48.102814 ], [ -119.776422, 48.101441 ], [ -119.774037, 48.094245 ], [ -119.774596, 48.091958 ], [ -119.776798, 48.089013 ], [ -119.780828, 48.086963 ], [ -119.78338, 48.086377 ], [ -119.789876, 48.08572 ], [ -119.80271, 48.086274 ], [ -119.808441, 48.086855 ], [ -119.81093, 48.086719 ], [ -119.815983, 48.085237 ], [ -119.823163, 48.080964 ], [ -119.828146, 48.07926 ], [ -119.831982, 48.078791 ], [ -119.835258, 48.078787 ], [ -119.841206, 48.077621 ], [ -119.849826, 48.074803 ], [ -119.852364, 48.07361 ], [ -119.861149, 48.067464 ], [ -119.863698, 48.066102 ], [ -119.870426, 48.06356 ], [ -119.87845, 48.06087 ], [ -119.884017, 48.05908 ], [ -119.884997, 48.058669 ], [ -119.888565, 48.056986 ], [ -119.892513, 48.054139 ], [ -119.893432, 48.051419 ], [ -119.894425, 48.051222 ], [ -119.898324, 48.051857 ], [ -119.903011, 48.050334 ], [ -119.908932, 48.046558 ], [ -119.910682, 48.046243 ], [ -119.918546, 48.04771 ], [ -119.920919, 48.048326 ], [ -119.92603, 48.050856 ], [ -119.927426, 48.051968 ], [ -119.927674, 48.053381 ], [ -119.929485, 48.055595 ], [ -119.931736, 48.057322 ], [ -119.934756, 48.057479 ], [ -119.93681, 48.057082 ], [ -119.942262, 48.055102 ], [ -119.944795, 48.055712 ], [ -119.945505, 48.057047 ], [ -119.943046, 48.059049 ], [ -119.942922, 48.061367 ], [ -119.946732, 48.065261 ], [ -119.951732, 48.065987 ], [ -119.951283, 48.06795 ], [ -119.949361, 48.070225 ], [ -119.949992, 48.073059 ], [ -119.949412, 48.074835 ], [ -119.950443, 48.076073 ], [ -119.953036, 48.076594 ], [ -119.958805, 48.073154 ], [ -119.962183, 48.072967 ], [ -119.967856, 48.07492 ], [ -119.968761, 48.076529 ], [ -119.971738, 48.077897 ], [ -119.974489, 48.07767 ], [ -119.975588, 48.075805 ], [ -119.977532, 48.074619 ], [ -119.978873, 48.074591 ], [ -119.98353, 48.077346 ], [ -119.988855, 48.077717 ], [ -119.992373, 48.078384 ], [ -119.994925, 48.078147 ], [ -119.997685, 48.074527 ], [ -119.999167, 48.073797 ], [ -120.001379, 48.074047 ], [ -120.003043, 48.07467 ], [ -120.00887, 48.079422 ], [ -120.012194, 48.079541 ], [ -120.011644, 48.081361 ], [ -120.012117, 48.082698 ], [ -120.016752, 48.086088 ], [ -120.017462, 48.087853 ], [ -120.017932, 48.092984 ], [ -120.01874, 48.094612 ], [ -120.021317, 48.095523 ], [ -120.022396, 48.096461 ], [ -120.022058, 48.099717 ] ] ] } },
{ "type": "Feature", "properties": { "geoid": "53047940100", "county_name": "Okanogan County", "place_name": null, "state_name": "Washington", "state_abbr": "WA", "is_rural": true, "dci_score": 55.3, "dci_quintile": 4.0, "is_cra_lmi": false, "income_level": "U", "is_persistent_poverty": false, "is_tribal_overlap": true, "tribal_area_name": "Colville Reservation", "aian_pct": 0.0, "has_nmtc": true, "nmtc_projects": 1, "nmtc_total_usd": 12600000.0 }, "geometry": { "type": "Polygon", "coordinates": [ [ [ -119.150136, 48.4823 ], [ -119.062902, 48.482423 ], [ -119.060898, 48.482468 ], [ -119.005372, 48.482495 ], [ -119.001149, 48.482803 ], [ -118.876631, 48.481618 ], [ -118.871091, 48.481869 ], [ -118.86953, 48.481881 ], [ -118.86569, 48.481612 ], [ -118.843888, 48.481684 ], [ -118.844543, 48.396494 ], [ -118.845044, 48.309935 ], [ -118.845797, 48.30991 ], [ -118.845591, 48.183921 ], [ -118.845612, 48.050072 ], [ -118.845844, 47.985016 ], [ -118.845785, 47.963478 ], [ -118.851673, 47.963426 ], [ -118.85196, 47.957906 ], [ -118.869302, 47.956549 ], [ -118.877909, 47.95482 ], [ -118.885699, 47.95209 ], [ -118.89423, 47.949383 ], [ -118.900627, 47.947941 ], [ -118.909965, 47.946776 ], [ -118.913336, 47.94659 ], [ -118.923879, 47.945523 ], [ -118.9411, 47.94311 ], [ -118.950712, 47.941303 ], [ -118.957051, 47.940857 ], [ -118.965427, 47.941683 ], [ -118.973504, 47.943414 ], [ -118.978101, 47.945277 ], [ -118.981664, 47.947977 ], [ -118.982754, 47.949782 ], [ -118.982748, 47.953009 ], [ -118.98177, 47.957985 ], [ -118.982234, 47.962025 ], [ -118.982237, 47.962272 ], [ -118.982431, 47.969117 ], [ -118.981775, 47.969688 ], [ -118.978553, 47.973021 ], [ -118.971824, 47.977587 ], [ -118.965943, 47.982981 ], [ -118.963918, 47.985916 ], [ -118.960942, 47.992491 ], [ -118.961098, 47.995652 ], [ -118.961067, 47.997632 ], [ -118.960706, 47.9988 ], [ -118.96004, 47.999577 ], [ -118.958394, 48.000647 ], [ -118.956209, 48.002604 ], [ -118.954651, 48.004559 ], [ -118.952164, 48.009001 ], [ -118.952003, 48.011981 ], [ -118.951011, 48.014692 ], [ -118.950782, 48.018884 ], [ -118.952092, 48.020584 ], [ -118.957263, 48.024524 ], [ -118.967246, 48.029382 ], [ -118.971688, 48.03214 ], [ -118.975789, 48.035394 ], [ -118.978857, 48.036873 ], [ -118.993159, 48.039753 ], [ -118.998652, 48.04144 ], [ -119.00319, 48.043263 ], [ -119.004725, 48.044278 ], [ -119.008692, 48.049152 ], [ -119.01013, 48.051632 ], [ -119.01216, 48.056456 ], [ -119.014129, 48.062922 ], [ -119.015222, 48.0651 ], [ -119.01773, 48.067695 ], [ -119.018794, 48.069784 ], [ -119.019945, 48.074598 ], [ -119.022121, 48.080231 ], [ -119.022871, 48.084476 ], [ -119.022314, 48.089401 ], [ -119.022457, 48.09314 ], [ -119.023948, 48.099031 ], [ -119.02464, 48.103117 ], [ -119.026418, 48.107896 ], [ -119.029537, 48.114193 ], [ -119.031887, 48.11683 ], [ -119.034632, 48.118861 ], [ -119.039475, 48.12187 ], [ -119.045234, 48.126865 ], [ -119.049655, 48.130422 ], [ -119.052416, 48.133862 ], [ -119.055848, 48.136465 ], [ -119.058414, 48.137493 ], [ -119.070085, 48.140402 ], [ -119.074997, 48.140261 ], [ -119.078857, 48.13967 ], [ -119.086855, 48.137523 ], [ -119.08998, 48.137211 ], [ -119.098325, 48.137671 ], [ -119.101675, 48.138354 ], [ -119.105084, 48.139451 ], [ -119.110341, 48.142222 ], [ -119.114307, 48.144975 ], [ -119.110076, 48.147024 ], [ -119.104603, 48.147788 ], [ -119.102587, 48.147312 ], [ -119.099974, 48.147855 ], [ -119.100737, 48.148551 ], [ -119.099247, 48.150065 ], [ -119.10179, 48.154785 ], [ -119.101375, 48.157823 ], [ -119.102132, 48.162176 ], [ -119.102927, 48.162952 ], [ -119.11035, 48.168222 ], [ -119.114611, 48.169451 ], [ -119.117634, 48.169948 ], [ -119.119493, 48.171138 ], [ -119.119279, 48.17153 ], [ -119.11915, 48.173568 ], [ -119.120217, 48.174774 ], [ -119.120006, 48.176512 ], [ -119.117314, 48.180549 ], [ -119.119022, 48.183108 ], [ -119.116556, 48.184919 ], [ -119.115304, 48.187414 ], [ -119.115399, 48.191526 ], [ -119.11617, 48.192338 ], [ -119.113753, 48.193742 ], [ -119.111197, 48.196299 ], [ -119.111271, 48.197214 ], [ -119.109167, 48.200472 ], [ -119.108398, 48.202901 ], [ -119.105225, 48.204038 ], [ -119.099704, 48.203574 ], [ -119.102007, 48.207163 ], [ -119.10091, 48.211804 ], [ -119.098991, 48.212956 ], [ -119.097787, 48.215323 ], [ -119.098714, 48.217849 ], [ -119.10242, 48.2183 ], [ -119.104287, 48.220389 ], [ -119.105005, 48.222073 ], [ -119.108499, 48.22304 ], [ -119.108899, 48.223919 ], [ -119.108626, 48.226525 ], [ -119.107189, 48.228549 ], [ -119.104082, 48.231861 ], [ -119.102034, 48.23325 ], [ -119.105192, 48.235893 ], [ -119.106389, 48.237374 ], [ -119.111043, 48.237478 ], [ -119.113541, 48.237892 ], [ -119.114974, 48.237392 ], [ -119.116423, 48.238678 ], [ -119.120344, 48.23888 ], [ -119.118783, 48.241163 ], [ -119.114642, 48.240508 ], [ -119.114498, 48.241925 ], [ -119.109023, 48.241734 ], [ -119.108109, 48.243143 ], [ -119.105255, 48.242108 ], [ -119.103454, 48.243954 ], [ -119.097788, 48.24422 ], [ -119.094119, 48.249115 ], [ -119.093417, 48.251771 ], [ -119.09129, 48.25193 ], [ -119.090327, 48.25494 ], [ -119.087346, 48.253909 ], [ -119.087757, 48.255691 ], [ -119.087246, 48.259346 ], [ -119.083995, 48.25825 ], [ -119.08403, 48.260078 ], [ -119.082149, 48.261357 ], [ -119.084305, 48.262362 ], [ -119.081122, 48.26266 ], [ -119.083382, 48.263756 ], [ -119.081741, 48.266543 ], [ -119.084238, 48.265058 ], [ -119.085504, 48.265286 ], [ -119.083657, 48.266543 ], [ -119.088276, 48.268917 ], [ -119.090755, 48.270597 ], [ -119.093068, 48.273418 ], [ -119.093875, 48.277575 ], [ -119.089859, 48.283151 ], [ -119.089103, 48.285604 ], [ -119.089701, 48.288216 ], [ -119.089463, 48.290304 ], [ -119.088163, 48.292222 ], [ -119.081285, 48.298108 ], [ -119.080372, 48.300094 ], [ -119.078783, 48.307591 ], [ -119.077227, 48.310198 ], [ -119.074328, 48.313339 ], [ -119.073899, 48.316439 ], [ -119.074592, 48.321303 ], [ -119.076492, 48.325342 ], [ -119.076441, 48.32769 ], [ -119.07337, 48.331006 ], [ -119.070227, 48.333019 ], [ -119.067417, 48.335438 ], [ -119.063936, 48.339731 ], [ -119.062632, 48.341874 ], [ -119.05996, 48.344617 ], [ -119.054215, 48.353826 ], [ -119.058169, 48.358093 ], [ -119.058329, 48.364546 ], [ -119.059957, 48.36773 ], [ -119.060065, 48.371209 ], [ -119.080579, 48.377332 ], [ -119.083033, 48.380144 ], [ -119.085033, 48.380927 ], [ -119.09049, 48.381529 ], [ -119.092746, 48.38291 ], [ -119.094748, 48.385059 ], [ -119.096435, 48.385229 ], [ -119.098174, 48.387706 ], [ -119.098109, 48.388808 ], [ -119.100135, 48.390595 ], [ -119.100614, 48.392251 ], [ -119.104954, 48.396283 ], [ -119.106109, 48.397397 ], [ -119.105979, 48.399722 ], [ -119.106861, 48.400363 ], [ -119.106773, 48.402482 ], [ -119.110962, 48.404266 ], [ -119.111367, 48.413011 ], [ -119.110457, 48.414879 ], [ -119.110494, 48.425013 ], [ -119.109821, 48.427701 ], [ -119.110853, 48.429593 ], [ -119.111307, 48.430133 ], [ -119.107148, 48.433611 ], [ -119.104879, 48.437582 ], [ -119.100154, 48.441703 ], [ -119.09405, 48.446949 ], [ -119.091423, 48.447921 ], [ -119.088768, 48.448145 ], [ -119.086673, 48.449506 ], [ -119.083287, 48.450461 ], [ -119.08082, 48.449968 ], [ -119.079683, 48.4505 ], [ -119.076532, 48.450337 ], [ -119.076774, 48.451569 ], [ -119.078522, 48.45312 ], [ -119.080007, 48.456212 ], [ -119.080091, 48.458833 ], [ -119.078764, 48.46141 ], [ -119.079688, 48.463219 ], [ -119.08419, 48.464929 ], [ -119.085355, 48.469698 ], [ -119.08806, 48.47075 ], [ -119.090305, 48.474083 ], [ -119.093372, 48.473578 ], [ -119.09597, 48.474509 ], [ -119.101997, 48.474354 ], [ -119.104891, 48.475234 ], [ -119.107242, 48.475443 ], [ -119.111936, 48.477025 ], [ -119.113636, 48.478088 ], [ -119.117322, 48.478585 ], [ -119.122305, 48.480085 ], [ -119.125133, 48.479661 ], [ -119.128868, 48.478216 ], [ -119.135439, 48.479086 ], [ -119.14177, 48.481616 ], [ -119.148409, 48.481443 ], [ -119.149797, 48.482087 ], [ -119.150136, 48.4823 ] ] ] } },
{ "type": "Feature", "properties": { "geoid": "53063001800", "county_name": "Spokane County", "place_name": null, "state_name": "Washington", "state_abbr": "WA", "is_rural": false, "dci_score": 78.8, "dci_quintile": 3.0, "is_cra_lmi": false, "income_level": "U", "is_persistent_poverty": false, "is_tribal_overlap": false, "tribal_area_name": null, "aian_pct": 0.0, "has_nmtc": false, "nmtc_projects": 0, "nmtc_total_usd": 0.0 }, "geometry": { "type": "Polygon", "coordinates": [ [ [ -117.389811, 47.678867 ], [ -117.389124, 47.680391 ], [ -117.389118, 47.681422 ], [ -117.389109, 47.682449 ], [ -117.389087, 47.685534 ], [ -117.385992, 47.685651 ], [ -117.378987, 47.685488 ], [ -117.378987, 47.684258 ], [ -117.373437, 47.684256 ], [ -117.363481, 47.684143 ], [ -117.362872, 47.683131 ], [ -117.363886, 47.682803 ], [ -117.363662, 47.681579 ], [ -117.36373, 47.678297 ], [ -117.36882, 47.679474 ], [ -117.374599, 47.678548 ], [ -117.378961, 47.677159 ], [ -117.382666, 47.676088 ], [ -117.384819, 47.674908 ], [ -117.386894, 47.672947 ], [ -117.387547, 47.67177 ], [ -117.390376, 47.671723 ], [ -117.389811, 47.678867 ] ] ] } },
{ "type": "Feature", "properties": { "geoid": "53073000700", "county_name": "Whatcom County", "place_name": "Marysville", "state_name": "Washington", "state_abbr": "WA", "is_rural": false, "dci_score": 21.1, "dci_quintile": 5.0, "is_cra_lmi": true, "income_level": "M", "is_persistent_poverty": false, "is_tribal_overlap": false, "tribal_area_name": null, "aian_pct": 0.0, "has_nmtc": false, "nmtc_projects": 0, "nmtc_total_usd": 0.0 }, "geometry": { "type": "Polygon", "coordinates": [ [ [ -122.462576, 48.771373 ], [ -122.457643, 48.773198 ], [ -122.457656, 48.771102 ], [ -122.450979, 48.771103 ], [ -122.445334, 48.771099 ], [ -122.445327, 48.767444 ], [ -122.443183, 48.769046 ], [ -122.443525, 48.770589 ], [ -122.442695, 48.769694 ], [ -122.44112, 48.771496 ], [ -122.436924, 48.772169 ], [ -122.434361, 48.769818 ], [ -122.433019, 48.763012 ], [ -122.442587, 48.763017 ], [ -122.442681, 48.758656 ], [ -122.445253, 48.756439 ], [ -122.446697, 48.75644 ], [ -122.446682, 48.754862 ], [ -122.451256, 48.753643 ], [ -122.454663, 48.754869 ], [ -122.458913, 48.754822 ], [ -122.462068, 48.753967 ], [ -122.461684, 48.75508 ], [ -122.461569, 48.75643 ], [ -122.461591, 48.760476 ], [ -122.46158, 48.763016 ], [ -122.462269, 48.768359 ], [ -122.46339, 48.771065 ], [ -122.462576, 48.771373 ] ] ] } },
{ "type": "Feature", "properties": { "geoid": "53029970700", "county_name": "Island County", "place_name": null, "state_name": "Washington", "state_abbr": "WA", "is_rural": true, "dci_score": 36.8, "dci_quintile": 5.0, "is_cra_lmi": false, "income_level": "U", "is_persistent_poverty": false, "is_tribal_overlap": false, "tribal_area_name": null, "aian_pct": 0.0, "has_nmtc": false, "nmtc_projects": 0, "nmtc_total_usd": 0.0 }, "geometry": { "type": "Polygon", "coordinates": [ [ [ -122.666193, 48.284126 ], [ -122.65785, 48.286972 ], [ -122.657803, 48.291234 ], [ -122.657586, 48.293044 ], [ -122.657125, 48.293907 ], [ -122.652792, 48.298477 ], [ -122.646708, 48.303743 ], [ -122.643528, 48.306508 ], [ -122.643298, 48.30501 ], [ -122.643239, 48.301242 ], [ -122.643504, 48.291793 ], [ -122.64385, 48.291321 ], [ -122.643874, 48.289627 ], [ -122.648447, 48.288302 ], [ -122.647889960249003, 48.285938784811499 ], [ -122.656301, 48.283273 ], [ -122.662718, 48.277579 ], [ -122.662833440239993, 48.2769643981078 ], [ -122.664052, 48.278021 ], [ -122.666209, 48.282301 ], [ -122.666193, 48.284126 ] ] ] } },
{ "type": "Feature", "properties": { "geoid": "53075000500", "county_name": "Whitman County", "place_name": null, "state_name": "Washington", "state_abbr": "WA", "is_rural": true, "dci_score": 52.2, "dci_quintile": 5.0, "is_cra_lmi": true, "income_level": "M", "is_persistent_poverty": false, "is_tribal_overlap": false, "tribal_area_name": null, "aian_pct": 0.0, "has_nmtc": false, "nmtc_projects": 0, "nmtc_total_usd": 0.0 }, "geometry": { "type": "Polygon", "coordinates": [ [ [ -117.16701, 46.72655 ], [ -117.16534, 46.72708 ], [ -117.16002, 46.72952 ], [ -117.15951, 46.7301 ], [ -117.1591, 46.72997 ], [ -117.13907, 46.72871 ], [ -117.14224, 46.72663 ], [ -117.14406, 46.72388 ], [ -117.14436, 46.72164 ], [ -117.15029, 46.72186 ], [ -117.1623, 46.7214 ], [ -117.16299, 46.72154 ], [ -117.164232, 46.722236 ], [ -117.1648, 46.72331 ], [ -117.1655, 46.72461 ], [ -117.1678, 46.72635 ], [ -117.16701, 46.72655 ] ] ] } },
{ "type": "Feature", "properties": { "geoid": "53053061602", "county_name": "Pierce County", "place_name": null, "state_name": "Washington", "state_abbr": "WA", "is_rural": false, "dci_score": 84.9, "dci_quintile": 2.0, "is_cra_lmi": true, "income_level": "M", "is_persistent_poverty": false, "is_tribal_overlap": false, "tribal_area_name": null, "aian_pct": 0.0, "has_nmtc": false, "nmtc_projects": 0, "nmtc_total_usd": 0.0 }, "geometry": { "type": "Polygon", "coordinates": [ [ [ -122.4435, 47.248648 ], [ -122.437029, 47.249351 ], [ -122.436369, 47.249091 ], [ -122.437317, 47.247604 ], [ -122.436291, 47.243086 ], [ -122.434535, 47.243288 ], [ -122.43405, 47.240254 ], [ -122.432429, 47.23932 ], [ -122.431212, 47.233391 ], [ -122.436465, 47.23274 ], [ -122.440946, 47.231413 ], [ -122.440122, 47.233744 ], [ -122.440486, 47.235336 ], [ -122.441161, 47.238355 ], [ -122.442563, 47.244529 ], [ -122.4435, 47.248648 ] ] ] } },
{ "type": "Feature", "properties": { "geoid": "53053061700", "county_name": "Pierce County", "place_name": "Spanaway", "state_name": "Washington", "state_abbr": "WA", "is_rural": false, "dci_score": 66.0, "dci_quintile": 4.0, "is_cra_lmi": false, "income_level": "U", "is_persistent_poverty": false, "is_tribal_overlap": false, "tribal_area_name": null, "aian_pct": 0.0, "has_nmtc": false, "nmtc_projects": 0, "nmtc_total_usd": 0.0 }, "geometry": { "type": "Polygon", "coordinates": [ [ [ -122.476259, 47.242788 ], [ -122.471814, 47.242802 ], [ -122.465597, 47.242684 ], [ -122.460307, 47.242667 ], [ -122.457007, 47.243008 ], [ -122.451279, 47.243614 ], [ -122.448415, 47.243915 ], [ -122.442563, 47.244529 ], [ -122.441161, 47.238355 ], [ -122.440486, 47.235336 ], [ -122.445078, 47.23375 ], [ -122.459114, 47.233856 ], [ -122.459105, 47.233155 ], [ -122.463373, 47.233442 ], [ -122.465775, 47.234878 ], [ -122.475143, 47.235035 ], [ -122.477045, 47.239924 ], [ -122.476259, 47.242788 ] ] ] } },
{ "type": "Feature", "properties": { "geoid": "53053071705", "county_name": "Pierce County", "place_name": null, "state_name": "Washington", "state_abbr": "WA", "is_rural": false, "dci_score": 60.2, "dci_quintile": 4.0, "is_cra_lmi": true, "income_level": "M", "is_persistent_poverty": false, "is_tribal_overlap": false, "tribal_area_name": null, "aian_pct": 0.0, "has_nmtc": false, "nmtc_projects": 0, "nmtc_total_usd": 0.0 }, "geometry": { "type": "Polygon", "coordinates": [ [ [ -122.455439, 47.158546 ], [ -122.455372, 47.164893 ], [ -122.455212, 47.17019 ], [ -122.452576, 47.170181 ], [ -122.441987, 47.170095 ], [ -122.43713, 47.170069 ], [ -122.435417, 47.17006 ], [ -122.434079, 47.170051 ], [ -122.43142, 47.170033 ], [ -122.431452, 47.167826 ], [ -122.431458, 47.167157 ], [ -122.431563, 47.158133 ], [ -122.434194, 47.158158 ], [ -122.438663, 47.158198 ], [ -122.446948, 47.158293 ], [ -122.455413, 47.158385 ], [ -122.455439, 47.158546 ] ] ] } },
{ "type": "Feature", "properties": { "geoid": "53053062802", "county_name": "Pierce County", "place_name": "Tacoma", "state_name": "Washington", "state_abbr": "WA", "is_rural": false, "dci_score": 68.7, "dci_quintile": 4.0, "is_cra_lmi": false, "income_level": "U", "is_persistent_poverty": false, "is_tribal_overlap": false, "tribal_area_name": null, "aian_pct": 0.0, "has_nmtc": false, "nmtc_projects": 0, "nmtc_total_usd": 0.0 }, "geometry": { "type": "Polygon", "coordinates": [ [ [ -122.508772, 47.192006 ], [ -122.508669, 47.194352 ], [ -122.505233, 47.194336 ], [ -122.5052, 47.197477 ], [ -122.505989, 47.197477 ], [ -122.505968, 47.199283 ], [ -122.505229, 47.199276 ], [ -122.503375, 47.199272 ], [ -122.502083, 47.201204 ], [ -122.50209, 47.206525 ], [ -122.49701, 47.206513 ], [ -122.493218, 47.206232 ], [ -122.492179, 47.198981 ], [ -122.492292, 47.198539 ], [ -122.49277, 47.197425 ], [ -122.484996, 47.197375 ], [ -122.484921, 47.192418 ], [ -122.487161, 47.184714 ], [ -122.497524, 47.184709 ], [ -122.504982, 47.184697 ], [ -122.504994, 47.18546 ], [ -122.505077, 47.190536 ], [ -122.508779, 47.19057 ], [ -122.508772, 47.192006 ] ] ] } },
{ "type": "Feature", "properties": { "geoid": "53019940000", "county_name": "Ferry County", "place_name": "Tacoma", "state_name": "Washington", "state_abbr": "WA", "is_rural": true, "dci_score": 68.5, "dci_quintile": 4.0, "is_cra_lmi": false, "income_level": "U", "is_persistent_poverty": false, "is_tribal_overlap": true, "tribal_area_name": "Colville Reservation|Spokane Reservation", "aian_pct": 0.0, "has_nmtc": true, "nmtc_projects": 1, "nmtc_total_usd": 19000000.0 }, "geometry": { "type": "Polygon", "coordinates": [ [ [ -118.851673, 47.963426 ], [ -118.845785, 47.963478 ], [ -118.845844, 47.985016 ], [ -118.845612, 48.050072 ], [ -118.845591, 48.183921 ], [ -118.845797, 48.30991 ], [ -118.845044, 48.309935 ], [ -118.844543, 48.396494 ], [ -118.843888, 48.481684 ], [ -118.736351, 48.481538 ], [ -118.565785, 48.48137 ], [ -118.514276, 48.481433 ], [ -118.501606, 48.481225 ], [ -118.476609, 48.481608 ], [ -118.45535, 48.481454 ], [ -118.376117, 48.481272 ], [ -118.367855, 48.481557 ], [ -118.296022, 48.481382 ], [ -118.295117, 48.481531 ], [ -118.290953, 48.481361 ], [ -118.189206, 48.481597 ], [ -118.195206, 48.477996 ], [ -118.197107, 48.476496 ], [ -118.203307, 48.472796 ], [ -118.206507, 48.470296 ], [ -118.210507, 48.463996 ], [ -118.212207, 48.457695 ], [ -118.212607, 48.452895 ], [ -118.211807, 48.449995 ], [ -118.212007, 48.449995 ], [ -118.204806, 48.444895 ], [ -118.202906, 48.442195 ], [ -118.202706, 48.438795 ], [ -118.203506, 48.433895 ], [ -118.201406, 48.429795 ], [ -118.200406, 48.426295 ], [ -118.200706, 48.423295 ], [ -118.202444, 48.418722 ], [ -118.203134, 48.415412 ], [ -118.203505, 48.409694 ], [ -118.202605, 48.406794 ], [ -118.200505, 48.403394 ], [ -118.196105, 48.398794 ], [ -118.192858, 48.395023 ], [ -118.189704, 48.391494 ], [ -118.187604, 48.387394 ], [ -118.186904, 48.381994 ], [ -118.185804, 48.378194 ], [ -118.183203, 48.375194 ], [ -118.181903, 48.372894 ], [ -118.181203, 48.366894 ], [ -118.180203, 48.363694 ], [ -118.180203, 48.358293 ], [ -118.179603, 48.352893 ], [ -118.180103, 48.347993 ], [ -118.179402, 48.342593 ], [ -118.180002, 48.340793 ], [ -118.180202, 48.335693 ], [ -118.179402, 48.333293 ], [ -118.175969, 48.326357 ], [ -118.175602, 48.319492 ], [ -118.172848, 48.316181 ], [ -118.168901, 48.312392 ], [ -118.164901, 48.304492 ], [ -118.1587, 48.300992 ], [ -118.1563, 48.298692 ], [ -118.1545, 48.295892 ], [ -118.152283, 48.28985 ], [ -118.151811, 48.285761 ], [ -118.150754, 48.282253 ], [ -118.148458, 48.27801 ], [ -118.144129, 48.275134 ], [ -118.140002, 48.268327 ], [ -118.141477, 48.260155 ], [ -118.144097, 48.255445 ], [ -118.144593, 48.253402 ], [ -118.146398, 48.249891 ], [ -118.147998, 48.245391 ], [ -118.149313, 48.243425 ], [ -118.151598, 48.240691 ], [ -118.154498, 48.237891 ], [ -118.158298, 48.23509 ], [ -118.165299, 48.23039 ], [ -118.174199, 48.22539 ], [ -118.180299, 48.22149 ], [ -118.1881, 48.21749 ], [ -118.1907, 48.215889 ], [ -118.1949, 48.212489 ], [ -118.1949, 48.211889 ], [ -118.1918, 48.210389 ], [ -118.1895, 48.207589 ], [ -118.189399, 48.205189 ], [ -118.188099, 48.201589 ], [ -118.187599, 48.199089 ], [ -118.187899, 48.197089 ], [ -118.189199, 48.196189 ], [ -118.193199, 48.194789 ], [ -118.196199, 48.191489 ], [ -118.196599, 48.190589 ], [ -118.195999, 48.179088 ], [ -118.192299, 48.167088 ], [ -118.191298, 48.158588 ], [ -118.193998, 48.149188 ], [ -118.196498, 48.145287 ], [ -118.200498, 48.141187 ], [ -118.205698, 48.138587 ], [ -118.207499, 48.138287 ], [ -118.221199, 48.138087 ], [ -118.2253, 48.137187 ], [ -118.2301, 48.135187 ], [ -118.2333, 48.134687 ], [ -118.242603, 48.135476 ], [ -118.247606, 48.134658 ], [ -118.251103, 48.132745 ], [ -118.254392, 48.12853 ], [ -118.253582, 48.122837 ], [ -118.253683, 48.120049 ], [ -118.254681, 48.117361 ], [ -118.253588, 48.112979 ], [ -118.2511, 48.110786 ], [ -118.2477, 48.109486 ], [ -118.2432, 48.108286 ], [ -118.239399, 48.106286 ], [ -118.237499, 48.104786 ], [ -118.235699, 48.101086 ], [ -118.235099, 48.097986 ], [ -118.232199, 48.091985 ], [ -118.231098, 48.088285 ], [ -118.231298, 48.084785 ], [ -118.234098, 48.081185 ], [ -118.234998, 48.079085 ], [ -118.235298, 48.075485 ], [ -118.233598, 48.070385 ], [ -118.233198, 48.065285 ], [ -118.234398, 48.061785 ], [ -118.238198, 48.058184 ], [ -118.241398, 48.056184 ], [ -118.245198, 48.054684 ], [ -118.250098, 48.055084 ], [ -118.256038, 48.059317 ], [ -118.257892, 48.059778 ], [ -118.261284, 48.059327 ], [ -118.264472, 48.058277 ], [ -118.266654, 48.056729 ], [ -118.265648, 48.051281 ], [ -118.267202, 48.047059 ], [ -118.270405, 48.042898 ], [ -118.275476, 48.040567 ], [ -118.28332, 48.04073 ], [ -118.299764, 48.041525 ], [ -118.3107, 48.041172 ], [ -118.3161, 48.041648 ], [ -118.319558, 48.042668 ], [ -118.332403, 48.047455 ], [ -118.339475, 48.049761 ], [ -118.347077, 48.050492 ], [ -118.354417, 48.050119 ], [ -118.358905, 48.049427 ], [ -118.366286, 48.044404 ], [ -118.368266, 48.043288 ], [ -118.369461, 48.042615 ], [ -118.376106, 48.040716 ], [ -118.379706, 48.039383 ], [ -118.384006, 48.037082 ], [ -118.389406, 48.035282 ], [ -118.396607, 48.031682 ], [ -118.398907, 48.030282 ], [ -118.400807, 48.028682 ], [ -118.402407, 48.026382 ], [ -118.402407, 48.024982 ], [ -118.401107, 48.022882 ], [ -118.398907, 48.021282 ], [ -118.395906, 48.018182 ], [ -118.388706, 48.011682 ], [ -118.381505, 48.006182 ], [ -118.378505, 48.003482 ], [ -118.375354, 47.999882 ], [ -118.373905, 47.996207 ], [ -118.370645, 47.985569 ], [ -118.352143, 47.974758 ], [ -118.34874, 47.971782 ], [ -118.349623, 47.965618 ], [ -118.352379, 47.953586 ], [ -118.356089, 47.929317 ], [ -118.350183, 47.916294 ], [ -118.339996, 47.900178 ], [ -118.340938, 47.894316 ], [ -118.341241, 47.892431 ], [ -118.347453, 47.887012 ], [ -118.349911, 47.882572 ], [ -118.349538, 47.880207 ], [ -118.348062, 47.877049 ], [ -118.34817, 47.87488 ], [ -118.34905, 47.87393 ], [ -118.354075, 47.864926 ], [ -118.355671, 47.859814 ], [ -118.354983, 47.858584 ], [ -118.356447, 47.851776 ], [ -118.356906, 47.847656 ], [ -118.356226, 47.844175 ], [ -118.357065, 47.841599 ], [ -118.360376, 47.83839 ], [ -118.36815, 47.833 ], [ -118.371705, 47.832341 ], [ -118.374843, 47.833058 ], [ -118.377465, 47.832411 ], [ -118.380439, 47.831061 ], [ -118.383451, 47.830363 ], [ -118.392659, 47.830684 ], [ -118.398767, 47.831883 ], [ -118.401741, 47.832893 ], [ -118.405387, 47.833137 ], [ -118.41213, 47.834599 ], [ -118.416493, 47.835015 ], [ -118.418833, 47.83569 ], [ -118.424111, 47.838499 ], [ -118.433438, 47.839829 ], [ -118.43716, 47.841752 ], [ -118.44582, 47.845496 ], [ -118.450137, 47.848493 ], [ -118.452947, 47.850837 ], [ -118.456165, 47.854474 ], [ -118.457799, 47.859534 ], [ -118.456963, 47.864273 ], [ -118.457064, 47.869741 ], [ -118.456663, 47.871358 ], [ -118.456978, 47.874879 ], [ -118.458105, 47.877412 ], [ -118.459613, 47.878416 ], [ -118.46091, 47.880331 ], [ -118.464235, 47.881899 ], [ -118.465791, 47.882175 ], [ -118.466978, 47.882386 ], [ -118.475737, 47.87715 ], [ -118.478512, 47.876668 ], [ -118.484103, 47.876328 ], [ -118.485235, 47.875897 ], [ -118.490097, 47.875673 ], [ -118.496642, 47.873999 ], [ -118.501109, 47.873845 ], [ -118.507887, 47.875256 ], [ -118.531297, 47.874878 ], [ -118.53686, 47.876827 ], [ -118.53922, 47.877653 ], [ -118.542584, 47.880567 ], [ -118.54409, 47.883973 ], [ -118.543977, 47.888575 ], [ -118.542169, 47.892628 ], [ -118.534588, 47.901207 ], [ -118.532911, 47.906571 ], [ -118.532106, 47.910498 ], [ -118.533498, 47.914877 ], [ -118.536663, 47.917925 ], [ -118.541038, 47.92041 ], [ -118.548572, 47.922785 ], [ -118.553366, 47.924096 ], [ -118.556046, 47.925964 ], [ -118.56079, 47.927242 ], [ -118.563441, 47.927631 ], [ -118.570396, 47.932318 ], [ -118.572996, 47.93274 ], [ -118.577861, 47.932506 ], [ -118.584576, 47.932553 ], [ -118.593178, 47.930093 ], [ -118.59805, 47.929186 ], [ -118.604369, 47.930724 ], [ -118.607045, 47.931231 ], [ -118.608267, 47.929727 ], [ -118.610638, 47.928467 ], [ -118.613789, 47.928891 ], [ -118.624781, 47.927554 ], [ -118.634285, 47.929886 ], [ -118.637491, 47.929291 ], [ -118.639197, 47.927302 ], [ -118.641448, 47.92605 ], [ -118.644588, 47.925536 ], [ -118.647371, 47.925562 ], [ -118.649864, 47.925982 ], [ -118.651995, 47.927108 ], [ -118.657115, 47.932916 ], [ -118.660352, 47.936286 ], [ -118.661953, 47.937407 ], [ -118.666347, 47.938136 ], [ -118.673039, 47.939616 ], [ -118.677889, 47.941017 ], [ -118.688394, 47.942718 ], [ -118.690778, 47.942395 ], [ -118.6926, 47.94215 ], [ -118.697457, 47.940524 ], [ -118.703804, 47.936551 ], [ -118.707625, 47.933579 ], [ -118.709251, 47.929459 ], [ -118.711107, 47.919206 ], [ -118.710037, 47.909762 ], [ -118.710404, 47.905945 ], [ -118.711682, 47.903347 ], [ -118.714932, 47.90204 ], [ -118.730325, 47.900169 ], [ -118.735477, 47.900464 ], [ -118.740643, 47.901529 ], [ -118.745376, 47.903222 ], [ -118.751121, 47.905654 ], [ -118.755683, 47.908554 ], [ -118.761741, 47.910604 ], [ -118.76989, 47.912905 ], [ -118.783216, 47.915716 ], [ -118.795264, 47.916884 ], [ -118.802132, 47.917874 ], [ -118.808299, 47.919223 ], [ -118.811877, 47.920285 ], [ -118.819814, 47.92421 ], [ -118.823135, 47.926234 ], [ -118.826051, 47.929019 ], [ -118.829403, 47.933139 ], [ -118.830377, 47.935642 ], [ -118.830602, 47.938371 ], [ -118.833036, 47.950467 ], [ -118.834857, 47.95321 ], [ -118.837634, 47.954929 ], [ -118.84171, 47.956426 ], [ -118.846686, 47.957697 ], [ -118.85196, 47.957906 ], [ -118.851673, 47.963426 ] ] ] } },
{ "type": "Feature", "properties": { "geoid": "53063010401", "county_name": "Spokane County", "place_name": null, "state_name": "Washington", "state_abbr": "WA", "is_rural": false, "dci_score": 59.3, "dci_quintile": 4.0, "is_cra_lmi": true, "income_level": "M", "is_persistent_poverty": false, "is_tribal_overlap": true, "tribal_area_name": "Kalispel Off-Reservation Trust Land|Spokane Off-Reservation Trust Land|Kalispel Reservation", "aian_pct": 0.0, "has_nmtc": false, "nmtc_projects": 0, "nmtc_total_usd": 0.0 }, "geometry": { "type": "Polygon", "coordinates": [ [ [ -117.649486, 47.64294 ], [ -117.647202, 47.643905 ], [ -117.60371, 47.662904 ], [ -117.603745, 47.671909 ], [ -117.593181, 47.671947 ], [ -117.582315, 47.671873 ], [ -117.561082, 47.671948 ], [ -117.56098, 47.661128 ], [ -117.560952, 47.657591 ], [ -117.56095, 47.657401 ], [ -117.560899, 47.650108 ], [ -117.560882, 47.647661 ], [ -117.560873, 47.646431 ], [ -117.560862, 47.644853 ], [ -117.560849, 47.642963 ], [ -117.560916, 47.630028 ], [ -117.560919, 47.628357 ], [ -117.560957, 47.615014 ], [ -117.561217, 47.613826 ], [ -117.580637, 47.613825 ], [ -117.604061, 47.613868 ], [ -117.607582, 47.613888 ], [ -117.625683, 47.614016 ], [ -117.6256, 47.614191 ], [ -117.625484, 47.628368 ], [ -117.62541, 47.643006 ], [ -117.647213, 47.642939 ], [ -117.649486, 47.64294 ] ] ] } },
{ "type": "Feature", "properties": { "geoid": "53037975404", "county_name": "Kittitas County", "place_name": null, "state_name": "Washington", "state_abbr": "WA", "is_rural": true, "dci_score": 42.4, "dci_quintile": 5.0, "is_cra_lmi": false, "income_level": "U", "is_persistent_poverty": false, "is_tribal_overlap": false, "tribal_area_name": null, "aian_pct": 0.0, "has_nmtc": false, "nmtc_projects": 0, "nmtc_total_usd": 0.0 }, "geometry": { "type": "Polygon", "coordinates": [ [ [ -120.539735, 47.020773 ], [ -120.539732, 47.021249 ], [ -120.537948, 47.021245 ], [ -120.537128, 47.021248 ], [ -120.53446, 47.021253 ], [ -120.532176, 47.02125 ], [ -120.531718, 47.021238 ], [ -120.529162, 47.021219 ], [ -120.523902, 47.019472 ], [ -120.52236, 47.019008 ], [ -120.517378, 47.017449 ], [ -120.517166, 47.016978 ], [ -120.519362, 47.014122 ], [ -120.522229, 47.010581 ], [ -120.523188, 47.009511 ], [ -120.525431, 47.00688 ], [ -120.527816, 47.003844 ], [ -120.529752, 47.002718 ], [ -120.531885, 47.006259 ], [ -120.539499, 47.006119 ], [ -120.539684, 47.010348 ], [ -120.539757, 47.013996 ], [ -120.539735, 47.020773 ] ] ] } },
{ "type": "Feature", "properties": { "geoid": "53033005304", "county_name": "King County", "place_name": "Tacoma", "state_name": "Washington", "state_abbr": "WA", "is_rural": false, "dci_score": 58.7, "dci_quintile": 4.0, "is_cra_lmi": false, "income_level": "NA", "is_persistent_poverty": false, "is_tribal_overlap": false, "tribal_area_name": null, "aian_pct": 0.0, "has_nmtc": false, "nmtc_projects": 0, "nmtc_total_usd": 0.0 }, "geometry": { "type": "Polygon", "coordinates": [ [ [ -122.31782, 47.656887 ], [ -122.316696, 47.656874 ], [ -122.31556, 47.65686 ], [ -122.312055, 47.656817 ], [ -122.312087, 47.655336 ], [ -122.314443, 47.655366 ], [ -122.318339, 47.655373 ], [ -122.31782, 47.656887 ] ] ] } },
{ "type": "Feature", "properties": { "geoid": "53033005303", "county_name": "King County", "place_name": "Parkland", "state_name": "Washington", "state_abbr": "WA", "is_rural": false, "dci_score": 58.7, "dci_quintile": 4.0, "is_cra_lmi": false, "income_level": "NA", "is_persistent_poverty": false, "is_tribal_overlap": false, "tribal_area_name": null, "aian_pct": 0.0, "has_nmtc": false, "nmtc_projects": 0, "nmtc_total_usd": 0.0 }, "geometry": { "type": "Polygon", "coordinates": [ [ [ -122.318339, 47.655373 ], [ -122.314443, 47.655366 ], [ -122.312087, 47.655336 ], [ -122.312055, 47.656817 ], [ -122.311983, 47.661262 ], [ -122.310859, 47.661259 ], [ -122.309514, 47.661257 ], [ -122.308383, 47.661257 ], [ -122.30653, 47.661255 ], [ -122.304627, 47.661195 ], [ -122.302508, 47.661251 ], [ -122.300912, 47.661247 ], [ -122.292849, 47.661222 ], [ -122.290265, 47.658473 ], [ -122.28671, 47.658468 ], [ -122.286456, 47.656887 ], [ -122.286736, 47.64752 ], [ -122.300269, 47.647366 ], [ -122.304698, 47.647415 ], [ -122.310437, 47.64712 ], [ -122.313275, 47.647413 ], [ -122.320292, 47.652851 ], [ -122.318339, 47.655373 ] ] ] } },
{ "type": "Feature", "properties": { "geoid": "53007960803", "county_name": "Chelan County", "place_name": "Parkland", "state_name": "Washington", "state_abbr": "WA", "is_rural": true, "dci_score": 46.5, "dci_quintile": 5.0, "is_cra_lmi": false, "income_level": "U", "is_persistent_poverty": false, "is_tribal_overlap": false, "tribal_area_name": null, "aian_pct": 0.0, "has_nmtc": false, "nmtc_projects": 0, "nmtc_total_usd": 0.0 }, "geometry": { "type": "Polygon", "coordinates": [ [ [ -120.346195, 47.437054 ], [ -120.329877, 47.436871 ], [ -120.324891, 47.436823 ], [ -120.3248, 47.433508 ], [ -120.310406, 47.439042 ], [ -120.309683, 47.437248 ], [ -120.309461, 47.435104 ], [ -120.308941, 47.433267 ], [ -120.314336, 47.431458 ], [ -120.318873, 47.429814 ], [ -120.324663, 47.42983 ], [ -120.330001, 47.429811 ], [ -120.33224, 47.429811 ], [ -120.346232, 47.429813 ], [ -120.346195, 47.437054 ] ] ] } },
{ "type": "Feature", "properties": { "geoid": "53063000302", "county_name": "Spokane County", "place_name": null, "state_name": "Washington", "state_abbr": "WA", "is_rural": false, "dci_score": 61.0, "dci_quintile": 4.0, "is_cra_lmi": true, "income_level": "M", "is_persistent_poverty": false, "is_tribal_overlap": false, "tribal_area_name": null, "aian_pct": 0.0, "has_nmtc": false, "nmtc_projects": 0, "nmtc_total_usd": 0.0 }, "geometry": { "type": "Polygon", "coordinates": [ [ [ -117.395334, 47.715053 ], [ -117.390042, 47.715012 ], [ -117.387203, 47.714988 ], [ -117.387237, 47.707881 ], [ -117.387334, 47.707317 ], [ -117.386993, 47.700625 ], [ -117.389665, 47.700639 ], [ -117.39509, 47.700657 ], [ -117.395265, 47.707903 ], [ -117.395334, 47.715053 ] ] ] } },
{ "type": "Feature", "properties": { "geoid": "53063002501", "county_name": "Spokane County", "place_name": null, "state_name": "Washington", "state_abbr": "WA", "is_rural": false, "dci_score": 78.8, "dci_quintile": 3.0, "is_cra_lmi": true, "income_level": "M", "is_persistent_poverty": false, "is_tribal_overlap": false, "tribal_area_name": null, "aian_pct": 0.0, "has_nmtc": true, "nmtc_projects": 1, "nmtc_total_usd": 20680000.0 }, "geometry": { "type": "Polygon", "coordinates": [ [ [ -117.411181, 47.680801 ], [ -117.404318, 47.680785 ], [ -117.399742, 47.680385 ], [ -117.398238, 47.681414 ], [ -117.396698, 47.681416 ], [ -117.396561, 47.677531 ], [ -117.396551, 47.67375 ], [ -117.396548, 47.671665 ], [ -117.396545, 47.670624 ], [ -117.411141, 47.670612 ], [ -117.41114, 47.673898 ], [ -117.41114, 47.674995 ], [ -117.411147, 47.677188 ], [ -117.411181, 47.680801 ] ] ] } },
{ "type": "Feature", "properties": { "geoid": "53063000202", "county_name": "Spokane County", "place_name": null, "state_name": "Washington", "state_abbr": "WA", "is_rural": false, "dci_score": 29.3, "dci_quintile": 5.0, "is_cra_lmi": true, "income_level": "M", "is_persistent_poverty": false, "is_tribal_overlap": false, "tribal_area_name": null, "aian_pct": 0.0, "has_nmtc": false, "nmtc_projects": 0, "nmtc_total_usd": 0.0 }, "geometry": { "type": "Polygon", "coordinates": [ [ [ -117.378848, 47.704202 ], [ -117.373458, 47.704169 ], [ -117.373436, 47.705972 ], [ -117.368112, 47.705937 ], [ -117.363291, 47.706047 ], [ -117.363346, 47.700517 ], [ -117.364818, 47.70052 ], [ -117.368057, 47.700519 ], [ -117.378894, 47.700578 ], [ -117.378848, 47.704202 ] ] ] } },
{ "type": "Feature", "properties": { "geoid": "53077002004", "county_name": "Yakima County", "place_name": null, "state_name": "Washington", "state_abbr": "WA", "is_rural": true, "dci_score": 76.4, "dci_quintile": 3.0, "is_cra_lmi": false, "income_level": "U", "is_persistent_poverty": false, "is_tribal_overlap": false, "tribal_area_name": null, "aian_pct": 0.0, "has_nmtc": false, "nmtc_projects": 0, "nmtc_total_usd": 0.0 }, "geometry": { "type": "Polygon", "coordinates": [ [ [ -120.041034, 46.338423 ], [ -120.016632, 46.338323 ], [ -120.014696, 46.338309 ], [ -120.009535, 46.338268 ], [ -120.009482, 46.345509 ], [ -119.999018, 46.345462 ], [ -119.999108, 46.339092 ], [ -119.999124, 46.335496 ], [ -119.999246, 46.330941 ], [ -120.006114, 46.330994 ], [ -120.009519, 46.33102 ], [ -120.023325, 46.331128 ], [ -120.041048, 46.331213 ], [ -120.041034, 46.338423 ] ] ] } },
{ "type": "Feature", "properties": { "geoid": "53077001504", "county_name": "Yakima County", "place_name": null, "state_name": "Washington", "state_abbr": "WA", "is_rural": false, "dci_score": 80.1, "dci_quintile": 3.0, "is_cra_lmi": true, "income_level": "M", "is_persistent_poverty": false, "is_tribal_overlap": false, "tribal_area_name": null, "aian_pct": 0.0, "has_nmtc": false, "nmtc_projects": 0, "nmtc_total_usd": 0.0 }, "geometry": { "type": "Polygon", "coordinates": [ [ [ -120.500963, 46.602009 ], [ -120.496332, 46.603077 ], [ -120.493624, 46.6037 ], [ -120.488103, 46.603688 ], [ -120.488136, 46.599404 ], [ -120.493897, 46.598076 ], [ -120.500058, 46.596648 ], [ -120.501852, 46.600403 ], [ -120.500963, 46.602009 ] ] ] } },
{ "type": "Feature", "properties": { "geoid": "53005011701", "county_name": "Benton County", "place_name": null, "state_name": "Washington", "state_abbr": "WA", "is_rural": true, "dci_score": 57.1, "dci_quintile": 4.0, "is_cra_lmi": true, "income_level": "M", "is_persistent_poverty": false, "is_tribal_overlap": false, "tribal_area_name": null, "aian_pct": 0.0, "has_nmtc": false, "nmtc_projects": 0, "nmtc_total_usd": 0.0 }, "geometry": { "type": "Polygon", "coordinates": [ [ [ -119.81045, 46.229072 ], [ -119.789488, 46.22897 ], [ -119.737128, 46.228773 ], [ -119.737039, 46.223749 ], [ -119.729663, 46.223871 ], [ -119.729243, 46.223609 ], [ -119.727098, 46.2237 ], [ -119.726417, 46.222549 ], [ -119.729341, 46.219414 ], [ -119.729307, 46.217865 ], [ -119.757816, 46.212575 ], [ -119.760489, 46.211938 ], [ -119.764839, 46.210255 ], [ -119.767925, 46.208544 ], [ -119.777044, 46.201756 ], [ -119.780417, 46.200006 ], [ -119.791901, 46.197205 ], [ -119.792456, 46.197071 ], [ -119.809724, 46.193058 ], [ -119.809727, 46.200629 ], [ -119.81045, 46.229072 ] ] ] } },
{ "type": "Feature", "properties": { "geoid": "53005011202", "county_name": "Benton County", "place_name": null, "state_name": "Washington", "state_abbr": "WA", "is_rural": false, "dci_score": 82.0, "dci_quintile": 2.0, "is_cra_lmi": true, "income_level": "L", "is_persistent_poverty": false, "is_tribal_overlap": false, "tribal_area_name": null, "aian_pct": 0.0, "has_nmtc": false, "nmtc_projects": 0, "nmtc_total_usd": 0.0 }, "geometry": { "type": "Polygon", "coordinates": [ [ [ -119.137891, 46.201498 ], [ -119.133613, 46.201339 ], [ -119.133531, 46.20379 ], [ -119.127442, 46.203509 ], [ -119.127407, 46.207314 ], [ -119.126737, 46.207586 ], [ -119.123097, 46.206993 ], [ -119.117011, 46.202998 ], [ -119.117054, 46.198211 ], [ -119.127488, 46.198404 ], [ -119.137917, 46.198595 ], [ -119.137891, 46.201498 ] ] ] } },
{ "type": "Feature", "properties": { "geoid": "53027000201", "county_name": "Grays Harbor County", "place_name": null, "state_name": "Washington", "state_abbr": "WA", "is_rural": true, "dci_score": 61.5, "dci_quintile": 4.0, "is_cra_lmi": true, "income_level": "M", "is_persistent_poverty": false, "is_tribal_overlap": false, "tribal_area_name": null, "aian_pct": 0.0, "has_nmtc": false, "nmtc_projects": 0, "nmtc_total_usd": 0.0 }, "geometry": { "type": "Polygon", "coordinates": [ [ [ -124.174503, 46.941623 ], [ -124.171161, 46.958443 ], [ -124.170948771621994, 46.962180312718502 ], [ -124.169149490278997, 46.993865411180401 ], [ -124.169113, 46.994508 ], [ -124.170515555251995, 47.017477559145199 ], [ -124.162606, 47.017375 ], [ -124.158613, 47.017278 ], [ -124.155114, 47.017263 ], [ -124.153309, 47.017239 ], [ -124.149453221355003, 47.016648788729199 ], [ -124.147933783587007, 47.012952663429097 ], [ -124.146669, 47.009876 ], [ -124.143665, 47.007017 ], [ -124.139234, 47.002929 ], [ -124.137444, 46.999151 ], [ -124.139733, 46.98837 ], [ -124.138339861085001, 46.974084993136302 ], [ -124.138035, 46.970959 ], [ -124.135565, 46.965158 ], [ -124.130897, 46.964905 ], [ -124.132632, 46.961428 ], [ -124.128325, 46.950785 ], [ -124.127443, 46.945514 ], [ -124.119362, 46.944378 ], [ -124.112491, 46.947559 ], [ -124.109655, 46.947236 ], [ -124.106032, 46.944621 ], [ -124.106243, 46.937551 ], [ -124.10997, 46.935846 ], [ -124.120123, 46.938889 ], [ -124.127141, 46.941904 ], [ -124.135541, 46.943547 ], [ -124.139089, 46.942107 ], [ -124.139436808639999, 46.941813007480803 ], [ -124.141267, 46.940266 ], [ -124.151876, 46.936955 ], [ -124.152162, 46.932045 ], [ -124.158624, 46.929439 ], [ -124.173877, 46.927235 ], [ -124.174789, 46.931113 ], [ -124.174503, 46.941623 ] ] ] } },
{ "type": "Feature", "properties": { "geoid": "53075000100", "county_name": "Whitman County", "place_name": "Mount Vernon", "state_name": "Washington", "state_abbr": "WA", "is_rural": true, "dci_score": 52.2, "dci_quintile": 5.0, "is_cra_lmi": true, "income_level": "L", "is_persistent_poverty": false, "is_tribal_overlap": false, "tribal_area_name": null, "aian_pct": 0.0, "has_nmtc": false, "nmtc_projects": 0, "nmtc_total_usd": 0.0 }, "geometry": { "type": "Polygon", "coordinates": [ [ [ -117.17961, 46.73238 ], [ -117.175136, 46.736457 ], [ -117.1728, 46.73977 ], [ -117.16795, 46.73811 ], [ -117.16029, 46.73592 ], [ -117.15951, 46.7354 ], [ -117.15873, 46.7326 ], [ -117.15951, 46.7301 ], [ -117.16002, 46.72952 ], [ -117.16534, 46.72708 ], [ -117.16701, 46.72655 ], [ -117.1678, 46.72635 ], [ -117.174905, 46.729907 ], [ -117.177685, 46.729974 ], [ -117.18033, 46.73135 ], [ -117.17961, 46.73238 ] ] ] } },
{ "type": "Feature", "properties": { "geoid": "53053061501", "county_name": "Pierce County", "place_name": "Pasco", "state_name": "Washington", "state_abbr": "WA", "is_rural": false, "dci_score": 80.1, "dci_quintile": 3.0, "is_cra_lmi": true, "income_level": "M", "is_persistent_poverty": false, "is_tribal_overlap": false, "tribal_area_name": null, "aian_pct": 0.0, "has_nmtc": false, "nmtc_projects": 0, "nmtc_total_usd": 0.0 }, "geometry": { "type": "Polygon", "coordinates": [ [ [ -122.455024, 47.260082 ], [ -122.448443, 47.263427 ], [ -122.447024, 47.264134 ], [ -122.446477, 47.264412 ], [ -122.443224, 47.260861 ], [ -122.444549, 47.260442 ], [ -122.443937, 47.257175 ], [ -122.445373, 47.256877 ], [ -122.448157, 47.256601 ], [ -122.448217, 47.25612 ], [ -122.448847, 47.256495 ], [ -122.454091, 47.255969 ], [ -122.455024, 47.260082 ] ] ] } },
{ "type": "Feature", "properties": { "geoid": "53033000403", "county_name": "King County", "place_name": "Pasco", "state_name": "Washington", "state_abbr": "WA", "is_rural": false, "dci_score": 38.0, "dci_quintile": 5.0, "is_cra_lmi": true, "income_level": "M", "is_persistent_poverty": false, "is_tribal_overlap": false, "tribal_area_name": null, "aian_pct": 0.0, "has_nmtc": false, "nmtc_projects": 0, "nmtc_total_usd": 0.0 }, "geometry": { "type": "Polygon", "coordinates": [ [ [ -122.360931, 47.734139 ], [ -122.355572, 47.734129 ], [ -122.355569, 47.732312 ], [ -122.355559, 47.728739 ], [ -122.350574, 47.727855 ], [ -122.347726, 47.727768 ], [ -122.347677, 47.726909 ], [ -122.348143, 47.723217 ], [ -122.350363, 47.723221 ], [ -122.355548, 47.723232 ], [ -122.355552, 47.725048 ], [ -122.360948, 47.725075 ], [ -122.360931, 47.734139 ] ] ] } },
{ "type": "Feature", "properties": { "geoid": "53053062902", "county_name": "Pierce County", "place_name": "Pasco", "state_name": "Washington", "state_abbr": "WA", "is_rural": false, "dci_score": 69.4, "dci_quintile": 4.0, "is_cra_lmi": false, "income_level": "U", "is_persistent_poverty": false, "is_tribal_overlap": false, "tribal_area_name": null, "aian_pct": 0.0, "has_nmtc": false, "nmtc_projects": 0, "nmtc_total_usd": 0.0 }, "geometry": { "type": "Polygon", "coordinates": [ [ [ -122.484921, 47.192418 ], [ -122.484996, 47.197375 ], [ -122.482384, 47.197452 ], [ -122.482414, 47.199243 ], [ -122.482424, 47.206204 ], [ -122.479623, 47.206211 ], [ -122.476256, 47.206499 ], [ -122.47364, 47.206441 ], [ -122.473603, 47.199226 ], [ -122.47374, 47.191974 ], [ -122.47377, 47.19018 ], [ -122.469823, 47.190143 ], [ -122.47133, 47.186607 ], [ -122.47383, 47.186502 ], [ -122.473894, 47.18479 ], [ -122.483674, 47.184748 ], [ -122.487161, 47.184714 ], [ -122.484921, 47.192418 ] ] ] } },
{ "type": "Feature", "properties": { "geoid": "53053062501", "county_name": "Pierce County", "place_name": null, "state_name": "Washington", "state_abbr": "WA", "is_rural": false, "dci_score": 60.2, "dci_quintile": 4.0, "is_cra_lmi": false, "income_level": "U", "is_persistent_poverty": false, "is_tribal_overlap": false, "tribal_area_name": null, "aian_pct": 0.0, "has_nmtc": false, "nmtc_projects": 0, "nmtc_total_usd": 0.0 }, "geometry": { "type": "Polygon", "coordinates": [ [ [ -122.463275, 47.222992 ], [ -122.453607, 47.223171 ], [ -122.452271, 47.223144 ], [ -122.447764, 47.223111 ], [ -122.446275, 47.223098 ], [ -122.44479, 47.223088 ], [ -122.44195, 47.223068 ], [ -122.441897, 47.21517 ], [ -122.441873, 47.21364 ], [ -122.447909, 47.213702 ], [ -122.451006, 47.213707 ], [ -122.452429, 47.213738 ], [ -122.458265, 47.213819 ], [ -122.462442, 47.213876 ], [ -122.463296, 47.221001 ], [ -122.463275, 47.222992 ] ] ] } },
{ "type": "Feature", "properties": { "geoid": "53057951501", "county_name": "Skagit County", "place_name": null, "state_name": "Washington", "state_abbr": "WA", "is_rural": true, "dci_score": 49.5, "dci_quintile": 5.0, "is_cra_lmi": true, "income_level": "M", "is_persistent_poverty": false, "is_tribal_overlap": false, "tribal_area_name": null, "aian_pct": 0.0, "has_nmtc": false, "nmtc_projects": 0, "nmtc_total_usd": 0.0 }, "geometry": { "type": "Polygon", "coordinates": [ [ [ -122.252759, 48.502871 ], [ -122.244793, 48.505893 ], [ -122.244069, 48.506518 ], [ -122.24397, 48.509034 ], [ -122.243565, 48.510349 ], [ -122.233978, 48.510494 ], [ -122.232568, 48.51049 ], [ -122.223415, 48.51049 ], [ -122.221236, 48.510919 ], [ -122.210446, 48.515947 ], [ -122.202289, 48.510338 ], [ -122.204849, 48.509548 ], [ -122.204675, 48.508332 ], [ -122.203839, 48.507698 ], [ -122.20994, 48.504698 ], [ -122.210088, 48.504618 ], [ -122.212982, 48.503204 ], [ -122.22005, 48.503242 ], [ -122.22589, 48.503266 ], [ -122.232645, 48.503295 ], [ -122.239902, 48.503327 ], [ -122.241211, 48.503228 ], [ -122.250862, 48.503025 ], [ -122.252759, 48.502871 ] ] ] } },
{ "type": "Feature", "properties": { "geoid": "53061051401", "county_name": "Snohomish County", "place_name": null, "state_name": "Washington", "state_abbr": "WA", "is_rural": false, "dci_score": 54.5, "dci_quintile": 4.0, "is_cra_lmi": true, "income_level": "M", "is_persistent_poverty": false, "is_tribal_overlap": false, "tribal_area_name": null, "aian_pct": 0.0, "has_nmtc": false, "nmtc_projects": 0, "nmtc_total_usd": 0.0 }, "geometry": { "type": "Polygon", "coordinates": [ [ [ -122.331612, 47.799652 ], [ -122.329727, 47.802325 ], [ -122.326653, 47.806843 ], [ -122.32559, 47.808315 ], [ -122.321378, 47.814032 ], [ -122.319831, 47.815829 ], [ -122.315183, 47.821214 ], [ -122.311071, 47.8212 ], [ -122.312598, 47.819329 ], [ -122.308684, 47.819306 ], [ -122.308672, 47.817489 ], [ -122.308659, 47.815673 ], [ -122.308656, 47.813838 ], [ -122.308633, 47.810224 ], [ -122.313292, 47.810253 ], [ -122.313279, 47.807481 ], [ -122.314392, 47.806668 ], [ -122.317076, 47.806683 ], [ -122.328697, 47.802019 ], [ -122.329839, 47.800564 ], [ -122.329969, 47.799625 ], [ -122.330141, 47.799627 ], [ -122.331612, 47.799652 ] ] ] } },
{ "type": "Feature", "properties": { "geoid": "53061052807", "county_name": "Snohomish County", "place_name": null, "state_name": "Washington", "state_abbr": "WA", "is_rural": false, "dci_score": 45.3, "dci_quintile": 5.0, "is_cra_lmi": false, "income_level": "U", "is_persistent_poverty": false, "is_tribal_overlap": true, "tribal_area_name": "Tulalip Reservation|Tulalip Off-Reservation Trust Land", "aian_pct": 0.0, "has_nmtc": false, "nmtc_projects": 0, "nmtc_total_usd": 0.0 }, "geometry": { "type": "Polygon", "coordinates": [ [ [ -122.18415, 48.110892 ], [ -122.175444, 48.111012 ], [ -122.173328, 48.11104 ], [ -122.17333, 48.109151 ], [ -122.167946, 48.110006 ], [ -122.165603, 48.108006 ], [ -122.165806, 48.106495 ], [ -122.165641, 48.105504 ], [ -122.163578, 48.105098 ], [ -122.16224, 48.104868 ], [ -122.162225, 48.104065 ], [ -122.154267, 48.103724 ], [ -122.153989, 48.101023 ], [ -122.156877, 48.099499 ], [ -122.156583, 48.092218 ], [ -122.161291, 48.092525 ], [ -122.162432, 48.092531 ], [ -122.162314, 48.09433 ], [ -122.165277, 48.094141 ], [ -122.165697, 48.095679 ], [ -122.165235, 48.096119 ], [ -122.166247, 48.097226 ], [ -122.169149, 48.097592 ], [ -122.174397, 48.097591 ], [ -122.175246, 48.099944 ], [ -122.17556, 48.09995 ], [ -122.176537, 48.099946 ], [ -122.179146, 48.09999 ], [ -122.183966, 48.100107 ], [ -122.183995, 48.103801 ], [ -122.184081, 48.106914 ], [ -122.184094, 48.107269 ], [ -122.18415, 48.110892 ] ] ] } },
{ "type": "Feature", "properties": { "geoid": "53073001203", "county_name": "Whatcom County", "place_name": "Ellensburg", "state_name": "Washington", "state_abbr": "WA", "is_rural": false, "dci_score": 53.6, "dci_quintile": 5.0, "is_cra_lmi": true, "income_level": "M", "is_persistent_poverty": false, "is_tribal_overlap": false, "tribal_area_name": null, "aian_pct": 0.0, "has_nmtc": false, "nmtc_projects": 0, "nmtc_total_usd": 0.0 }, "geometry": { "type": "Polygon", "coordinates": [ [ [ -122.502231, 48.720901 ], [ -122.490364, 48.720906 ], [ -122.490354, 48.726413 ], [ -122.485327, 48.726416 ], [ -122.486206, 48.723835 ], [ -122.486195, 48.720904 ], [ -122.486298, 48.714812 ], [ -122.487057, 48.714977 ], [ -122.491021, 48.715969 ], [ -122.495879, 48.715977 ], [ -122.498777, 48.717397 ], [ -122.502214, 48.717657 ], [ -122.50222, 48.720131 ], [ -122.502231, 48.720901 ] ] ] } },
{ "type": "Feature", "properties": { "geoid": "53053063502", "county_name": "Pierce County", "place_name": null, "state_name": "Washington", "state_abbr": "WA", "is_rural": false, "dci_score": 60.2, "dci_quintile": 4.0, "is_cra_lmi": true, "income_level": "M", "is_persistent_poverty": false, "is_tribal_overlap": false, "tribal_area_name": null, "aian_pct": 0.0, "has_nmtc": false, "nmtc_projects": 0, "nmtc_total_usd": 0.0 }, "geometry": { "type": "Polygon", "coordinates": [ [ [ -122.463209, 47.181047 ], [ -122.455211, 47.181008 ], [ -122.441962, 47.181013 ], [ -122.441979, 47.17374 ], [ -122.441987, 47.170095 ], [ -122.452576, 47.170181 ], [ -122.455212, 47.17019 ], [ -122.46308, 47.170177 ], [ -122.463119, 47.173794 ], [ -122.463169, 47.179203 ], [ -122.463172, 47.179374 ], [ -122.463202, 47.180766 ], [ -122.463209, 47.181047 ] ] ] } },
{ "type": "Feature", "properties": { "geoid": "53053061900", "county_name": "Pierce County", "place_name": null, "state_name": "Washington", "state_abbr": "WA", "is_rural": false, "dci_score": 60.2, "dci_quintile": 4.0, "is_cra_lmi": true, "income_level": "M", "is_persistent_poverty": false, "is_tribal_overlap": false, "tribal_area_name": null, "aian_pct": 0.0, "has_nmtc": false, "nmtc_projects": 0, "nmtc_total_usd": 0.0 }, "geometry": { "type": "Polygon", "coordinates": [ [ [ -122.440946, 47.231413 ], [ -122.436465, 47.23274 ], [ -122.431212, 47.233391 ], [ -122.429167, 47.231403 ], [ -122.428974, 47.230712 ], [ -122.428724, 47.229012 ], [ -122.427008, 47.227431 ], [ -122.427104, 47.224365 ], [ -122.426121, 47.223116 ], [ -122.428768, 47.222814 ], [ -122.434039, 47.223091 ], [ -122.440634, 47.223069 ], [ -122.440655, 47.228006 ], [ -122.441196, 47.230416 ], [ -122.440946, 47.231413 ] ] ] } },
{ "type": "Feature", "properties": { "geoid": "53021020403", "county_name": "Franklin County", "place_name": "Spokane", "state_name": "Washington", "state_abbr": "WA", "is_rural": false, "dci_score": 46.6, "dci_quintile": 5.0, "is_cra_lmi": true, "income_level": "M", "is_persistent_poverty": false, "is_tribal_overlap": false, "tribal_area_name": null, "aian_pct": 0.0, "has_nmtc": false, "nmtc_projects": 0, "nmtc_total_usd": 0.0 }, "geometry": { "type": "Polygon", "coordinates": [ [ [ -119.117449, 46.234122 ], [ -119.117383, 46.24151 ], [ -119.107206, 46.241406 ], [ -119.107358, 46.234064 ], [ -119.107458, 46.227716 ], [ -119.11194, 46.227842 ], [ -119.117638, 46.229451 ], [ -119.117449, 46.234122 ] ] ] } },
{ "type": "Feature", "properties": { "geoid": "53005011201", "county_name": "Benton County", "place_name": null, "state_name": "Washington", "state_abbr": "WA", "is_rural": false, "dci_score": 82.0, "dci_quintile": 2.0, "is_cra_lmi": true, "income_level": "M", "is_persistent_poverty": false, "is_tribal_overlap": false, "tribal_area_name": null, "aian_pct": 0.0, "has_nmtc": false, "nmtc_projects": 0, "nmtc_total_usd": 0.0 }, "geometry": { "type": "Polygon", "coordinates": [ [ [ -119.148382, 46.205807 ], [ -119.148355, 46.209416 ], [ -119.14045, 46.209366 ], [ -119.14043, 46.213212 ], [ -119.139379, 46.213054 ], [ -119.130647, 46.210111 ], [ -119.126737, 46.207586 ], [ -119.127407, 46.207314 ], [ -119.127442, 46.203509 ], [ -119.133531, 46.20379 ], [ -119.133613, 46.201339 ], [ -119.137891, 46.201498 ], [ -119.137885, 46.20218 ], [ -119.148381, 46.202183 ], [ -119.148382, 46.205807 ] ] ] } },
{ "type": "Feature", "properties": { "geoid": "53067012223", "county_name": "Thurston County", "place_name": null, "state_name": "Washington", "state_abbr": "WA", "is_rural": false, "dci_score": 41.1, "dci_quintile": 5.0, "is_cra_lmi": true, "income_level": "M", "is_persistent_poverty": false, "is_tribal_overlap": false, "tribal_area_name": null, "aian_pct": 0.0, "has_nmtc": false, "nmtc_projects": 0, "nmtc_total_usd": 0.0 }, "geometry": { "type": "Polygon", "coordinates": [ [ [ -122.86427, 47.058309 ], [ -122.864152, 47.059727 ], [ -122.863953, 47.060943 ], [ -122.860742, 47.064061 ], [ -122.857033, 47.068723 ], [ -122.855708, 47.069837 ], [ -122.849605, 47.068758 ], [ -122.844286, 47.068696 ], [ -122.839092, 47.068692 ], [ -122.839109, 47.057775 ], [ -122.839181, 47.045523 ], [ -122.841829, 47.045208 ], [ -122.844323, 47.04439 ], [ -122.844422, 47.047251 ], [ -122.848691, 47.046982 ], [ -122.851843, 47.046763 ], [ -122.859111, 47.046312 ], [ -122.859105, 47.048951 ], [ -122.859098, 47.050802 ], [ -122.863039, 47.050798 ], [ -122.86284, 47.052431 ], [ -122.863427, 47.054412 ], [ -122.863465, 47.054518 ], [ -122.863964, 47.056237 ], [ -122.864211, 47.057632 ], [ -122.86427, 47.058309 ] ] ] } },
{ "type": "Feature", "properties": { "geoid": "53019970200", "county_name": "Ferry County", "place_name": "Vancouver", "state_name": "Washington", "state_abbr": "WA", "is_rural": true, "dci_score": 81.3, "dci_quintile": 2.0, "is_cra_lmi": false, "income_level": "U", "is_persistent_poverty": false, "is_tribal_overlap": true, "tribal_area_name": "Colville Reservation", "aian_pct": 0.0, "has_nmtc": false, "nmtc_projects": 0, "nmtc_total_usd": 0.0 }, "geometry": { "type": "Polygon", "coordinates": [ [ [ -118.869642, 48.640781 ], [ -118.869633, 48.653826 ], [ -118.837006, 48.653869 ], [ -118.837008, 48.682733 ], [ -118.83696, 48.791523 ], [ -118.836927, 48.799373 ], [ -118.836999, 48.812712 ], [ -118.836942, 48.827107 ], [ -118.833927, 48.826191 ], [ -118.829266, 48.825734 ], [ -118.826783, 48.82627 ], [ -118.825266, 48.825714 ], [ -118.8251, 48.82334 ], [ -118.822822, 48.822899 ], [ -118.823144, 48.819676 ], [ -118.821524, 48.820011 ], [ -118.817388, 48.817464 ], [ -118.816027, 48.815541 ], [ -118.813386, 48.810303 ], [ -118.811636, 48.808375 ], [ -118.808165, 48.807239 ], [ -118.808364, 48.805359 ], [ -118.806805, 48.804236 ], [ -118.802045, 48.802263 ], [ -118.799571, 48.800626 ], [ -118.797921, 48.800609 ], [ -118.794617, 48.799018 ], [ -118.792571, 48.796149 ], [ -118.784187, 48.792566 ], [ -118.781847, 48.792471 ], [ -118.77989, 48.791231 ], [ -118.776654, 48.791068 ], [ -118.771417, 48.788968 ], [ -118.769906, 48.787399 ], [ -118.767309, 48.786775 ], [ -118.763894, 48.785128 ], [ -118.760635, 48.784662 ], [ -118.756779, 48.782721 ], [ -118.754878, 48.779958 ], [ -118.751797, 48.780168 ], [ -118.750142, 48.778865 ], [ -118.74745, 48.77782 ], [ -118.745207, 48.775065 ], [ -118.745503, 48.773922 ], [ -118.742691, 48.76899 ], [ -118.739111, 48.766334 ], [ -118.739274, 48.764373 ], [ -118.737409, 48.761097 ], [ -118.736365, 48.760036 ], [ -118.734899, 48.756674 ], [ -118.737716, 48.754514 ], [ -118.736836, 48.754151 ], [ -118.735596, 48.754439 ], [ -118.72996, 48.753379 ], [ -118.727213, 48.750595 ], [ -118.724723, 48.750748 ], [ -118.72348, 48.751012 ], [ -118.722689, 48.752395 ], [ -118.721108, 48.749718 ], [ -118.719825, 48.749634 ], [ -118.71611, 48.74661 ], [ -118.713603, 48.745462 ], [ -118.715408, 48.746611 ], [ -118.716802, 48.749429 ], [ -118.716442, 48.750942 ], [ -118.716431, 48.757417 ], [ -118.715614, 48.758956 ], [ -118.712017, 48.762046 ], [ -118.710432, 48.762906 ], [ -118.709121, 48.764851 ], [ -118.709052, 48.766167 ], [ -118.706815, 48.769698 ], [ -118.705617, 48.774161 ], [ -118.706259, 48.775366 ], [ -118.708595, 48.775675 ], [ -118.707367, 48.778212 ], [ -118.705615, 48.779128 ], [ -118.70231, 48.779901 ], [ -118.700185, 48.782323 ], [ -118.689003, 48.777222 ], [ -118.684249, 48.776043 ], [ -118.681296, 48.77641 ], [ -118.677015, 48.775368 ], [ -118.671391, 48.774732 ], [ -118.669674, 48.774054 ], [ -118.66827, 48.774483 ], [ -118.662831, 48.777298 ], [ -118.659121, 48.777491 ], [ -118.656151, 48.777132 ], [ -118.652808, 48.77462 ], [ -118.65069, 48.773519 ], [ -118.648361, 48.77337 ], [ -118.646929, 48.773757 ], [ -118.642581, 48.776434 ], [ -118.632041, 48.77894 ], [ -118.623267, 48.784079 ], [ -118.616884, 48.788021 ], [ -118.615988, 48.78914 ], [ -118.615729, 48.790852 ], [ -118.616835, 48.793118 ], [ -118.617206, 48.794523 ], [ -118.617031, 48.795462 ], [ -118.616237, 48.796654 ], [ -118.615478, 48.797278 ], [ -118.607931, 48.801836 ], [ -118.607824, 48.800706 ], [ -118.605717, 48.793385 ], [ -118.602159, 48.792335 ], [ -118.599655, 48.789291 ], [ -118.596721, 48.788075 ], [ -118.586168, 48.785175 ], [ -118.581785, 48.781921 ], [ -118.578483, 48.781817 ], [ -118.568908, 48.780146 ], [ -118.565241, 48.780207 ], [ -118.557359, 48.781742 ], [ -118.550795, 48.78376 ], [ -118.547385, 48.784138 ], [ -118.545028, 48.784888 ], [ -118.539991, 48.785299 ], [ -118.534076, 48.782989 ], [ -118.527951, 48.785461 ], [ -118.524997, 48.78609 ], [ -118.521967, 48.7878 ], [ -118.520181, 48.789456 ], [ -118.516562, 48.79116 ], [ -118.515232, 48.793007 ], [ -118.512808, 48.794048 ], [ -118.510501, 48.793356 ], [ -118.504235, 48.794121 ], [ -118.50318, 48.794647 ], [ -118.49985, 48.794732 ], [ -118.4919, 48.795488 ], [ -118.487177, 48.795211 ], [ -118.47715, 48.79352 ], [ -118.474468, 48.79141 ], [ -118.469636, 48.789169 ], [ -118.467926, 48.787876 ], [ -118.466688, 48.785694 ], [ -118.464886, 48.783819 ], [ -118.463117, 48.781072 ], [ -118.461084, 48.779115 ], [ -118.458949, 48.775047 ], [ -118.456592, 48.773063 ], [ -118.453979, 48.772208 ], [ -118.447882, 48.772488 ], [ -118.4438, 48.771584 ], [ -118.442036, 48.770542 ], [ -118.437545, 48.767203 ], [ -118.435305, 48.764165 ], [ -118.432104, 48.761615 ], [ -118.426423, 48.75866 ], [ -118.424386, 48.758985 ], [ -118.418952, 48.759065 ], [ -118.426084, 48.757553 ], [ -118.429026, 48.755576 ], [ -118.429712, 48.752516 ], [ -118.431189, 48.749826 ], [ -118.431036, 48.747876 ], [ -118.43283, 48.747101 ], [ -118.433706, 48.744154 ], [ -118.435645, 48.741882 ], [ -118.435269, 48.740904 ], [ -118.434773, 48.739484 ], [ -118.438063, 48.736372 ], [ -118.439418, 48.734545 ], [ -118.439575, 48.731878 ], [ -118.436441, 48.730455 ], [ -118.435875, 48.729047 ], [ -118.43683, 48.728474 ], [ -118.434616, 48.726323 ], [ -118.434267, 48.723198 ], [ -118.435942, 48.72194 ], [ -118.436241, 48.72022 ], [ -118.437345, 48.719048 ], [ -118.441805, 48.716663 ], [ -118.442949, 48.716454 ], [ -118.444266, 48.713749 ], [ -118.443186, 48.711727 ], [ -118.44198, 48.710551 ], [ -118.442736, 48.709213 ], [ -118.442428, 48.705912 ], [ -118.445151, 48.703607 ], [ -118.445072, 48.701913 ], [ -118.441789, 48.701765 ], [ -118.437095, 48.700546 ], [ -118.436809, 48.699557 ], [ -118.438255, 48.696455 ], [ -118.438354, 48.693194 ], [ -118.4375, 48.691962 ], [ -118.438654, 48.689532 ], [ -118.441794, 48.686663 ], [ -118.443548, 48.68567 ], [ -118.444099, 48.68383 ], [ -118.442913, 48.681454 ], [ -118.443403, 48.67809 ], [ -118.442722, 48.67473 ], [ -118.441793, 48.673847 ], [ -118.441734, 48.673804 ], [ -118.441386, 48.672862 ], [ -118.437578, 48.669472 ], [ -118.436996, 48.666418 ], [ -118.438495, 48.665376 ], [ -118.438437, 48.663439 ], [ -118.440266, 48.661707 ], [ -118.439656, 48.659806 ], [ -118.440497, 48.657446 ], [ -118.44013, 48.655201 ], [ -118.440936, 48.652541 ], [ -118.440665, 48.650592 ], [ -118.439499, 48.650997 ], [ -118.440071, 48.644873 ], [ -118.43853, 48.642189 ], [ -118.436779, 48.640651 ], [ -118.438615, 48.638516 ], [ -118.438689, 48.637003 ], [ -118.440036, 48.63661 ], [ -118.441185, 48.633216 ], [ -118.442498, 48.632618 ], [ -118.445091, 48.632793 ], [ -118.444065, 48.631344 ], [ -118.446628, 48.632067 ], [ -118.4436, 48.629204 ], [ -118.443308, 48.62606 ], [ -118.444867, 48.624057 ], [ -118.443495, 48.618479 ], [ -118.444399, 48.615406 ], [ -118.444061, 48.611519 ], [ -118.447546, 48.610198 ], [ -118.450126, 48.610376 ], [ -118.453975, 48.611371 ], [ -118.459297, 48.612205 ], [ -118.461808, 48.613306 ], [ -118.464604, 48.613121 ], [ -118.466966, 48.610746 ], [ -118.466867, 48.609298 ], [ -118.464021, 48.606986 ], [ -118.459883, 48.606513 ], [ -118.458035, 48.605851 ], [ -118.458176, 48.604844 ], [ -118.464822, 48.604343 ], [ -118.471466, 48.604938 ], [ -118.477508, 48.607138 ], [ -118.481363, 48.606984 ], [ -118.485466, 48.605589 ], [ -118.490766, 48.605169 ], [ -118.494075, 48.604611 ], [ -118.498674, 48.604309 ], [ -118.501447, 48.603495 ], [ -118.504169, 48.60329 ], [ -118.507717, 48.603963 ], [ -118.513338, 48.603019 ], [ -118.513791, 48.601679 ], [ -118.515566, 48.599875 ], [ -118.514768, 48.598977 ], [ -118.509766, 48.597289 ], [ -118.510688, 48.596283 ], [ -118.51299, 48.59538 ], [ -118.516081, 48.595381 ], [ -118.519484, 48.59634 ], [ -118.521973, 48.595378 ], [ -118.524878, 48.596766 ], [ -118.526904, 48.596834 ], [ -118.5294, 48.598554 ], [ -118.535454, 48.601295 ], [ -118.537504, 48.603484 ], [ -118.537268, 48.606062 ], [ -118.538119, 48.607246 ], [ -118.542866, 48.610819 ], [ -118.547402, 48.612521 ], [ -118.551885, 48.612834 ], [ -118.554161, 48.613826 ], [ -118.562794, 48.613959 ], [ -118.566103, 48.612225 ], [ -118.566476, 48.614505 ], [ -118.567582, 48.615353 ], [ -118.571427, 48.614333 ], [ -118.572882, 48.612983 ], [ -118.574664, 48.612452 ], [ -118.57726, 48.613338 ], [ -118.585029, 48.612301 ], [ -118.588424, 48.610991 ], [ -118.59239, 48.608096 ], [ -118.60237, 48.604345 ], [ -118.608421, 48.603249 ], [ -118.610587, 48.601963 ], [ -118.614244, 48.601752 ], [ -118.617476, 48.601043 ], [ -118.621007, 48.599534 ], [ -118.624392, 48.599209 ], [ -118.627904, 48.598136 ], [ -118.631891, 48.595919 ], [ -118.633185, 48.595937 ], [ -118.64418, 48.597346 ], [ -118.643933, 48.5955 ], [ -118.641573, 48.594082 ], [ -118.634594, 48.591051 ], [ -118.628937, 48.585725 ], [ -118.62546, 48.58435 ], [ -118.622863, 48.581949 ], [ -118.620941, 48.580833 ], [ -118.617717, 48.579944 ], [ -118.609066, 48.578979 ], [ -118.603879, 48.57868 ], [ -118.597947, 48.577674 ], [ -118.594371, 48.577475 ], [ -118.583883, 48.574365 ], [ -118.582565, 48.573763 ], [ -118.579969, 48.570006 ], [ -118.580197, 48.566459 ], [ -118.581697, 48.56173 ], [ -118.582562, 48.560512 ], [ -118.5834, 48.555421 ], [ -118.584813, 48.553952 ], [ -118.585709, 48.549348 ], [ -118.584746, 48.548412 ], [ -118.584973, 48.545706 ], [ -118.584223, 48.544207 ], [ -118.582112, 48.542846 ], [ -118.58024, 48.542425 ], [ -118.577781, 48.543305 ], [ -118.575796, 48.541116 ], [ -118.574364, 48.540988 ], [ -118.572849, 48.542101 ], [ -118.567974, 48.540955 ], [ -118.563406, 48.539052 ], [ -118.562051, 48.536663 ], [ -118.558405, 48.534728 ], [ -118.557364, 48.533696 ], [ -118.554481, 48.53411 ], [ -118.55114, 48.53296 ], [ -118.550282, 48.531504 ], [ -118.550052, 48.528206 ], [ -118.550797, 48.527639 ], [ -118.552639, 48.523488 ], [ -118.550626, 48.522433 ], [ -118.546744, 48.521908 ], [ -118.545532, 48.519238 ], [ -118.54288, 48.519163 ], [ -118.542217, 48.517868 ], [ -118.539946, 48.516681 ], [ -118.541018, 48.515041 ], [ -118.536406, 48.511451 ], [ -118.536331, 48.508535 ], [ -118.534817, 48.507642 ], [ -118.535502, 48.504997 ], [ -118.53481, 48.502933 ], [ -118.536042, 48.502666 ], [ -118.534915, 48.501347 ], [ -118.533642, 48.501343 ], [ -118.533049, 48.5034 ], [ -118.531786, 48.503374 ], [ -118.530364, 48.499255 ], [ -118.532073, 48.498981 ], [ -118.530314, 48.496599 ], [ -118.530004, 48.49451 ], [ -118.52548, 48.493514 ], [ -118.522824, 48.493327 ], [ -118.518736, 48.491649 ], [ -118.517516, 48.490675 ], [ -118.516624, 48.48852 ], [ -118.516738, 48.486638 ], [ -118.515282, 48.484146 ], [ -118.5156, 48.482693 ], [ -118.514276, 48.481433 ], [ -118.565785, 48.48137 ], [ -118.736351, 48.481538 ], [ -118.843888, 48.481684 ], [ -118.86569, 48.481612 ], [ -118.86953, 48.481881 ], [ -118.869852, 48.637043 ], [ -118.869642, 48.640781 ] ] ] } },
{ "type": "Feature", "properties": { "geoid": "53031950702", "county_name": "Jefferson County", "place_name": null, "state_name": "Washington", "state_abbr": "WA", "is_rural": true, "dci_score": 62.4, "dci_quintile": 4.0, "is_cra_lmi": false, "income_level": "U", "is_persistent_poverty": false, "is_tribal_overlap": true, "tribal_area_name": "Quinault Reservation|Hoh Indian Reservation|Hoh Off-Reservation Trust Land", "aian_pct": 0.0, "has_nmtc": true, "nmtc_projects": 1, "nmtc_total_usd": 8536000.0 }, "geometry": { "type": "MultiPolygon", "coordinates": [ [ [ [ -124.491153, 47.674079 ], [ -124.485092, 47.67752 ], [ -124.480653, 47.679802 ], [ -124.479863, 47.67712 ], [ -124.480932, 47.674559 ], [ -124.483785, 47.672079 ], [ -124.489013, 47.671679 ], [ -124.49246, 47.672079 ], [ -124.491153, 47.674079 ] ] ], [ [ [ -124.509303, 47.79885 ], [ -124.508735, 47.79911 ], [ -124.507698, 47.79929 ], [ -124.507153, 47.799173 ], [ -124.506384, 47.798612 ], [ -124.505562, 47.798029 ], [ -124.504788, 47.797603 ], [ -124.504342, 47.797366 ], [ -124.504365, 47.796941 ], [ -124.505985, 47.797067 ], [ -124.506806, 47.797477 ], [ -124.507253, 47.797605 ], [ -124.508051, 47.797461 ], [ -124.508166, 47.797688 ], [ -124.50819, 47.797885 ], [ -124.508896, 47.797966 ], [ -124.509281, 47.798316 ], [ -124.509303, 47.79885 ] ] ], [ [ [ -124.610763100886999, 47.880607016574601 ], [ -124.579218, 47.880696 ], [ -124.565581, 47.881473 ], [ -124.544699, 47.881638 ], [ -124.438456, 47.88313 ], [ -124.416505, 47.881948 ], [ -124.272732, 47.881557 ], [ -124.270285, 47.881612 ], [ -123.925999, 47.881372 ], [ -123.79868, 47.881497 ], [ -123.696662, 47.88108 ], [ -123.505917, 47.88108 ], [ -123.505917, 47.866897 ], [ -123.467657, 47.866918 ], [ -123.292314, 47.8669 ], [ -123.157405, 47.866875 ], [ -123.151634, 47.866878 ], [ -123.037561, 47.866898 ], [ -123.037321, 47.865925 ], [ -123.033847, 47.866458 ], [ -123.031167, 47.866059 ], [ -123.020893, 47.8609 ], [ -123.015262, 47.860519 ], [ -123.011098, 47.859481 ], [ -123.008913, 47.857629 ], [ -123.006143, 47.854191 ], [ -123.001279, 47.852738 ], [ -122.995286, 47.854381 ], [ -122.989459, 47.85352 ], [ -122.986443, 47.849281 ], [ -122.984795, 47.848386 ], [ -122.984118, 47.844509 ], [ -122.984378, 47.842929 ], [ -122.983622, 47.840753 ], [ -122.981517, 47.838399 ], [ -122.981025, 47.836779 ], [ -122.981281, 47.833015 ], [ -122.979646, 47.82413 ], [ -122.97881, 47.823072 ], [ -122.975915, 47.821578 ], [ -122.971552, 47.822996 ], [ -122.972607, 47.818744 ], [ -122.970491, 47.817339 ], [ -122.964568, 47.816302 ], [ -122.967172, 47.814984 ], [ -122.968385, 47.81182 ], [ -122.964132, 47.808631 ], [ -122.970412, 47.808732 ], [ -122.972742, 47.808087 ], [ -122.974831, 47.806096 ], [ -122.974906, 47.803205 ], [ -122.976225, 47.800034 ], [ -122.968745, 47.800591 ], [ -122.970695, 47.798378 ], [ -122.976706, 47.795276 ], [ -122.978317, 47.79215 ], [ -122.976512, 47.790093 ], [ -122.974174, 47.788434 ], [ -122.971585, 47.787543 ], [ -122.968808, 47.787295 ], [ -122.964792, 47.785367 ], [ -122.959798, 47.784652 ], [ -122.96656, 47.783555 ], [ -122.97032, 47.785062 ], [ -122.973505, 47.784833 ], [ -122.975042, 47.785801 ], [ -122.980587, 47.786361 ], [ -122.984022, 47.787897 ], [ -122.983845, 47.787206 ], [ -122.980793, 47.785631 ], [ -122.980706, 47.784906 ], [ -122.975735, 47.784082 ], [ -122.974355, 47.78262 ], [ -122.968964, 47.782704 ], [ -122.96834, 47.7812 ], [ -122.960856, 47.781185 ], [ -122.958767, 47.781228 ], [ -122.957137, 47.779915 ], [ -122.955215, 47.780229 ], [ -122.949866, 47.779044 ], [ -122.947317, 47.779637 ], [ -122.94272, 47.779918 ], [ -122.943013, 47.77761 ], [ -122.940338, 47.776596 ], [ -122.936494, 47.776199 ], [ -122.93336, 47.776737 ], [ -122.928346, 47.774142 ], [ -122.925171, 47.77293 ], [ -122.921536, 47.773324 ], [ -122.918821, 47.772228 ], [ -122.917969, 47.770121 ], [ -122.913485, 47.772692 ], [ -122.915956, 47.77324 ], [ -122.913017, 47.774968 ], [ -122.915603, 47.776728 ], [ -122.915064, 47.778888 ], [ -122.916085, 47.781292 ], [ -122.916214, 47.786546 ], [ -122.915371, 47.790032 ], [ -122.917002, 47.79198 ], [ -122.914313, 47.794423 ], [ -122.910198, 47.795255 ], [ -122.909024, 47.793854 ], [ -122.906875, 47.794482 ], [ -122.904132, 47.793725 ], [ -122.902257, 47.795313 ], [ -122.899998, 47.791704 ], [ -122.898572, 47.793873 ], [ -122.894233, 47.79574 ], [ -122.892195, 47.797384 ], [ -122.889564, 47.797124 ], [ -122.884717, 47.794558 ], [ -122.882036, 47.79029 ], [ -122.880777, 47.789515 ], [ -122.878507, 47.786256 ], [ -122.876872, 47.784661 ], [ -122.876331, 47.782007 ], [ -122.875092, 47.781391 ], [ -122.873712, 47.780537 ], [ -122.87134, 47.780831 ], [ -122.866055, 47.780222 ], [ -122.864907995633004, 47.780583544890803 ], [ -122.864651, 47.780238 ], [ -122.866315, 47.777204 ], [ -122.863462, 47.768578 ], [ -122.854906, 47.763146 ], [ -122.849819, 47.760751 ], [ -122.848489, 47.751801 ], [ -122.850865, 47.749724 ], [ -122.852529, 47.745728 ], [ -122.851137, 47.738545 ], [ -122.853004, 47.736298 ], [ -122.857045, 47.736138 ], [ -122.861561, 47.744769 ], [ -122.867503, 47.74445 ], [ -122.871306, 47.743491 ], [ -122.872019, 47.740614 ], [ -122.872308219852002, 47.736039455268099 ], [ -122.872494, 47.733101 ], [ -122.87279951424, 47.732361496231 ], [ -122.873585197221004, 47.730459733723698 ], [ -122.873683, 47.730223 ], [ -122.87701, 47.730383 ], [ -122.879387, 47.732142 ], [ -122.882714, 47.731183 ], [ -122.883665, 47.723029 ], [ -122.883887148534001, 47.720039497645097 ], [ -122.884378, 47.713434 ], [ -122.88714, 47.709891 ], [ -122.889607, 47.705918 ], [ -122.88723, 47.701919 ], [ -122.878199, 47.690081 ], [ -122.880813, 47.686241 ], [ -122.885221, 47.683761 ], [ -122.890723355608003, 47.6817007764989 ], [ -122.896975, 47.67936 ], [ -122.897227567876001, 47.678999929836102 ], [ -122.901016, 47.673599 ], [ -122.903940643409001, 47.672166601497302 ], [ -122.906245, 47.671038 ], [ -122.908859, 47.664956 ], [ -122.90363, 47.664476 ], [ -122.902860917702, 47.662403103100303 ], [ -122.902442, 47.661274 ], [ -122.905532, 47.658873 ], [ -122.901371, 47.653904 ], [ -122.901464815462006, 47.6530664742574 ], [ -122.901675913942, 47.651181919110201 ], [ -122.901729, 47.650708 ], [ -122.902601376483005, 47.648827454313 ], [ -122.903748131707999, 47.646355441786497 ], [ -122.904106, 47.645584 ], [ -122.913339898074, 47.645999072136398 ], [ -122.918366, 47.646225 ], [ -122.921787, 47.649863 ], [ -122.926743600804002, 47.650892128486198 ], [ -122.927398, 47.651028 ], [ -122.927409560819996, 47.650849147314503 ], [ -122.927636, 47.647346 ], [ -122.935004, 47.644303 ], [ -122.935240774939999, 47.6432393392233 ], [ -122.93643, 47.637897 ], [ -122.942134, 47.635815 ], [ -122.941736003266996, 47.632326034956201 ], [ -122.941659, 47.631651 ], [ -122.954494, 47.627006 ], [ -122.954501704771999, 47.626982618043698 ], [ -122.955444, 47.624123 ], [ -122.958925547163005, 47.622439541078201 ], [ -122.966378, 47.618836 ], [ -122.972557, 47.614029 ], [ -122.981589, 47.613068 ], [ -122.983015, 47.608581 ], [ -122.981893656671005, 47.606691387083401 ], [ -122.9826, 47.6067 ], [ -122.996094, 47.606825 ], [ -123.367025, 47.607458 ], [ -123.37701, 47.606908 ], [ -123.37701, 47.604615 ], [ -123.49542, 47.604615 ], [ -123.505917, 47.604615 ], [ -123.505923, 47.51959 ], [ -123.505917, 47.517716 ], [ -123.532106, 47.517717 ], [ -123.63264, 47.517716 ], [ -123.957135, 47.517972 ], [ -124.04674, 47.518525 ], [ -124.046627, 47.525796 ], [ -124.046504, 47.53367 ], [ -124.060797, 47.533706 ], [ -124.111345, 47.533898 ], [ -124.179278, 47.533611 ], [ -124.179722, 47.533617 ], [ -124.28146, 47.533674 ], [ -124.301834, 47.533238 ], [ -124.310324, 47.533678 ], [ -124.327967, 47.533591 ], [ -124.334332, 47.533618 ], [ -124.351086, 47.533529 ], [ -124.354854444713993, 47.5335351706387 ], [ -124.358075054089994, 47.546507738286202 ], [ -124.358378, 47.547728 ], [ -124.358649081221998, 47.548927732283303 ], [ -124.359712469130997, 47.553634 ], [ -124.361763038163005, 47.562709264778803 ], [ -124.366221, 47.582439 ], [ -124.371746, 47.599575 ], [ -124.374927, 47.603891 ], [ -124.382215, 47.632302 ], [ -124.395983, 47.665534 ], [ -124.412106, 47.691199 ], [ -124.419620612862005, 47.722779269384702 ], [ -124.420219, 47.725294 ], [ -124.425195, 47.738434 ], [ -124.430514953911995, 47.746203657975201 ], [ -124.430546, 47.746249 ], [ -124.430718631708999, 47.746343394594 ], [ -124.440632, 47.751764 ], [ -124.447382, 47.755454 ], [ -124.450242, 47.758468 ], [ -124.451281, 47.763175 ], [ -124.453927, 47.765334 ], [ -124.456748, 47.766181 ], [ -124.458922, 47.764942 ], [ -124.462249, 47.764681 ], [ -124.464631, 47.766612 ], [ -124.46856, 47.768254 ], [ -124.471687, 47.766907 ], [ -124.474674, 47.766556 ], [ -124.480041, 47.7673 ], [ -124.479996, 47.769025 ], [ -124.47657, 47.769671 ], [ -124.473575, 47.770236 ], [ -124.471866, 47.772058 ], [ -124.474337, 47.775606 ], [ -124.479031, 47.782642 ], [ -124.481445, 47.78867 ], [ -124.482154, 47.797454 ], [ -124.484557, 47.80834 ], [ -124.489737, 47.816988 ], [ -124.497987, 47.822605 ], [ -124.50668, 47.82391 ], [ -124.51278, 47.822518 ], [ -124.519391, 47.826846 ], [ -124.522586, 47.83212 ], [ -124.532867, 47.833438 ], [ -124.541015, 47.834121 ], [ -124.539927, 47.836967 ], [ -124.539559, 47.841905 ], [ -124.54469, 47.845202 ], [ -124.550052, 47.845408 ], [ -124.55084, 47.84952 ], [ -124.552771, 47.851741 ], [ -124.558, 47.853655 ], [ -124.558254, 47.855979 ], [ -124.559034, 47.863085 ], [ -124.562363, 47.866216 ], [ -124.566146, 47.867625 ], [ -124.56903, 47.865665 ], [ -124.573367, 47.866667 ], [ -124.575547, 47.868994 ], [ -124.579886, 47.874563 ], [ -124.588172, 47.877878 ], [ -124.59661, 47.878614 ], [ -124.599129, 47.875106 ], [ -124.603215, 47.871346 ], [ -124.604823, 47.87279 ], [ -124.610527, 47.871674 ], [ -124.608675, 47.875238 ], [ -124.609538, 47.879996 ], [ -124.610763100886999, 47.880607016574601 ] ] ] ] } },
{ "type": "Feature", "properties": { "geoid": "53057952500", "county_name": "Skagit County", "place_name": "Wapato", "state_name": "Washington", "state_abbr": "WA", "is_rural": true, "dci_score": 58.4, "dci_quintile": 4.0, "is_cra_lmi": true, "income_level": "M", "is_persistent_poverty": false, "is_tribal_overlap": false, "tribal_area_name": null, "aian_pct": 0.0, "has_nmtc": false, "nmtc_projects": 0, "nmtc_total_usd": 0.0 }, "geometry": { "type": "Polygon", "coordinates": [ [ [ -122.353323, 48.410204 ], [ -122.352869, 48.413681 ], [ -122.352871, 48.413867 ], [ -122.350221, 48.413439 ], [ -122.346992, 48.413684 ], [ -122.343873, 48.414815 ], [ -122.341761, 48.416188 ], [ -122.33977, 48.421474 ], [ -122.340306, 48.426046 ], [ -122.342368, 48.427834 ], [ -122.341586, 48.428883 ], [ -122.340724, 48.429344 ], [ -122.340425, 48.428773 ], [ -122.338708, 48.426354 ], [ -122.339069, 48.427756 ], [ -122.336834, 48.428417 ], [ -122.335329, 48.428516 ], [ -122.330806, 48.428468 ], [ -122.330644, 48.421131 ], [ -122.329687, 48.421124 ], [ -122.329797, 48.41568 ], [ -122.331705, 48.417174 ], [ -122.33307, 48.417485 ], [ -122.335205, 48.417466 ], [ -122.335344, 48.413878 ], [ -122.335976, 48.406625 ], [ -122.344938, 48.406513 ], [ -122.347494, 48.406499 ], [ -122.347676, 48.410165 ], [ -122.351747, 48.410202 ], [ -122.352886, 48.410198 ], [ -122.353323, 48.410204 ] ] ] } },
{ "type": "Feature", "properties": { "geoid": "53063000400", "county_name": "Spokane County", "place_name": null, "state_name": "Washington", "state_abbr": "WA", "is_rural": false, "dci_score": 59.0, "dci_quintile": 4.0, "is_cra_lmi": true, "income_level": "M", "is_persistent_poverty": false, "is_tribal_overlap": false, "tribal_area_name": null, "aian_pct": 0.0, "has_nmtc": false, "nmtc_projects": 0, "nmtc_total_usd": 0.0 }, "geometry": { "type": "Polygon", "coordinates": [ [ [ -117.411301, 47.71509 ], [ -117.405898, 47.715091 ], [ -117.400625, 47.715093 ], [ -117.395334, 47.715053 ], [ -117.395265, 47.707903 ], [ -117.39509, 47.700657 ], [ -117.403237, 47.700673 ], [ -117.411234, 47.700719 ], [ -117.411301, 47.71509 ] ] ] } },
{ "type": "Feature", "properties": { "geoid": "53065941000", "county_name": "Stevens County", "place_name": null, "state_name": "Washington", "state_abbr": "WA", "is_rural": true, "dci_score": 86.4, "dci_quintile": 2.0, "is_cra_lmi": true, "income_level": "M", "is_persistent_poverty": false, "is_tribal_overlap": true, "tribal_area_name": "Spokane Reservation|Colville Reservation", "aian_pct": 0.0, "has_nmtc": false, "nmtc_projects": 0, "nmtc_total_usd": 0.0 }, "geometry": { "type": "Polygon", "coordinates": [ [ [ -118.378505, 48.003482 ], [ -118.374832, 48.003288 ], [ -118.370833, 48.003514 ], [ -118.215572, 48.003528 ], [ -118.214362, 48.002956 ], [ -118.128654, 48.002575 ], [ -118.123582, 48.002173 ], [ -118.105317, 48.002109 ], [ -118.080416, 48.002031 ], [ -118.004134, 48.001855 ], [ -118.002828, 48.002176 ], [ -118.001116, 48.002599 ], [ -117.922912, 48.002405 ], [ -117.913627, 48.002531 ], [ -117.904997, 48.002709 ], [ -117.889261, 48.00248 ], [ -117.887812, 48.002381 ], [ -117.886659, 48.002303 ], [ -117.883834, 48.002131 ], [ -117.871563, 48.001932 ], [ -117.865222, 48.002029 ], [ -117.731366, 48.00184 ], [ -117.72762, 48.000224 ], [ -117.726461, 47.999361 ], [ -117.725568, 47.996953 ], [ -117.726972, 47.994929 ], [ -117.729169, 47.993206 ], [ -117.730648, 47.993425 ], [ -117.738064, 47.990422 ], [ -117.743253, 47.991544 ], [ -117.745925, 47.991306 ], [ -117.750633, 47.99313 ], [ -117.754744, 47.992815 ], [ -117.756544, 47.990797 ], [ -117.75649, 47.987408 ], [ -117.757872, 47.986487 ], [ -117.759019, 47.983416 ], [ -117.757879, 47.9795 ], [ -117.760579, 47.975036 ], [ -117.763062, 47.97439 ], [ -117.766012, 47.972883 ], [ -117.768937, 47.972127 ], [ -117.770532, 47.969605 ], [ -117.775296, 47.966003 ], [ -117.775264, 47.964034 ], [ -117.777709, 47.958885 ], [ -117.777841, 47.956987 ], [ -117.780774, 47.954536 ], [ -117.779885, 47.952797 ], [ -117.780817, 47.950236 ], [ -117.783504, 47.949096 ], [ -117.78379, 47.947588 ], [ -117.785342, 47.945822 ], [ -117.781801, 47.942284 ], [ -117.777638, 47.940812 ], [ -117.776776, 47.937769 ], [ -117.778385, 47.936354 ], [ -117.779202, 47.934034 ], [ -117.778518, 47.932175 ], [ -117.779767, 47.930727 ], [ -117.77959, 47.927755 ], [ -117.78048, 47.926488 ], [ -117.783516, 47.9256 ], [ -117.783166, 47.924355 ], [ -117.785435, 47.923769 ], [ -117.787663, 47.921894 ], [ -117.789328, 47.92191 ], [ -117.793057, 47.920688 ], [ -117.793547, 47.919443 ], [ -117.797268, 47.918752 ], [ -117.799953, 47.916131 ], [ -117.803576, 47.914848 ], [ -117.804539, 47.91306 ], [ -117.808773, 47.910164 ], [ -117.808063, 47.908892 ], [ -117.809328, 47.907444 ], [ -117.815332, 47.906999 ], [ -117.815576, 47.908041 ], [ -117.818995, 47.909259 ], [ -117.821002, 47.910762 ], [ -117.825031, 47.909598 ], [ -117.826949, 47.910218 ], [ -117.830611, 47.909208 ], [ -117.834803, 47.907063 ], [ -117.836614, 47.906997 ], [ -117.83721, 47.908225 ], [ -117.839087, 47.908537 ], [ -117.84296, 47.90688 ], [ -117.844421, 47.906967 ], [ -117.846769, 47.906193 ], [ -117.847348, 47.904888 ], [ -117.849444, 47.904783 ], [ -117.850234, 47.90362 ], [ -117.852485, 47.902533 ], [ -117.853519, 47.900043 ], [ -117.853092, 47.89752 ], [ -117.851631, 47.895442 ], [ -117.853269, 47.894465 ], [ -117.853258, 47.890812 ], [ -117.854213, 47.890231 ], [ -117.855639, 47.890213 ], [ -117.853028, 47.887812 ], [ -117.853647, 47.886709 ], [ -117.852267, 47.884522 ], [ -117.850856, 47.884149 ], [ -117.851906, 47.882476 ], [ -117.850935, 47.881067 ], [ -117.852328, 47.879898 ], [ -117.852678, 47.878543 ], [ -117.851144, 47.877452 ], [ -117.851894, 47.876174 ], [ -117.849668, 47.87427 ], [ -117.849887, 47.872082 ], [ -117.852934, 47.870293 ], [ -117.854856, 47.867955 ], [ -117.854977, 47.866634 ], [ -117.856754, 47.866232 ], [ -117.857991, 47.864559 ], [ -117.858266, 47.861638 ], [ -117.858884, 47.860566 ], [ -117.858295, 47.858658 ], [ -117.860258, 47.8566 ], [ -117.859408, 47.854204 ], [ -117.86322, 47.852606 ], [ -117.864961, 47.850049 ], [ -117.864341, 47.849201 ], [ -117.865383, 47.848249 ], [ -117.866195, 47.84582 ], [ -117.866782, 47.845061 ], [ -117.870199, 47.845497 ], [ -117.876187, 47.847411 ], [ -117.880451, 47.847739 ], [ -117.883236, 47.846079 ], [ -117.884085, 47.844419 ], [ -117.883836, 47.842203 ], [ -117.884921, 47.839625 ], [ -117.886306, 47.838335 ], [ -117.895209, 47.836286 ], [ -117.899218, 47.835804 ], [ -117.901602, 47.83593 ], [ -117.90519, 47.836947 ], [ -117.907203, 47.835267 ], [ -117.912904, 47.835218 ], [ -117.91443, 47.833615 ], [ -117.917095, 47.832559 ], [ -117.917243, 47.832402 ], [ -117.918712, 47.829009 ], [ -117.920497, 47.82828 ], [ -117.920861, 47.827662 ], [ -117.926237, 47.825287 ], [ -117.932249, 47.82358 ], [ -117.935279, 47.823208 ], [ -117.938739, 47.825238 ], [ -117.942095, 47.825484 ], [ -117.948278, 47.827126 ], [ -117.951832, 47.8277 ], [ -117.956856, 47.828081 ], [ -117.962727, 47.830109 ], [ -117.96609, 47.832234 ], [ -117.97056, 47.833117 ], [ -117.973466, 47.833286 ], [ -117.979658, 47.834428 ], [ -117.983606, 47.834366 ], [ -117.989057, 47.834682 ], [ -117.990074, 47.8344 ], [ -117.994694, 47.832193 ], [ -118.004212, 47.823248 ], [ -118.008149, 47.817316 ], [ -118.009799, 47.813478 ], [ -118.010265, 47.809699 ], [ -118.011891, 47.806841 ], [ -118.013403, 47.805582 ], [ -118.016214, 47.804531 ], [ -118.024259, 47.802129 ], [ -118.031533, 47.80384 ], [ -118.035954, 47.802716 ], [ -118.0387, 47.801029 ], [ -118.040383, 47.79941 ], [ -118.044313, 47.796865 ], [ -118.04619, 47.79517 ], [ -118.046342, 47.792884 ], [ -118.048153, 47.792295 ], [ -118.052589, 47.797944 ], [ -118.053761, 47.798806 ], [ -118.05624, 47.799252 ], [ -118.060111, 47.797416 ], [ -118.063481, 47.797288 ], [ -118.067632, 47.799422 ], [ -118.069781, 47.800178 ], [ -118.075468, 47.799448 ], [ -118.078182, 47.800062 ], [ -118.081064, 47.803739 ], [ -118.081586, 47.805764 ], [ -118.083621, 47.809551 ], [ -118.090054, 47.814852 ], [ -118.096234, 47.821191 ], [ -118.099259, 47.823624 ], [ -118.0992, 47.824933 ], [ -118.097065, 47.82715 ], [ -118.097131, 47.828449 ], [ -118.105484, 47.830391 ], [ -118.107781, 47.832514 ], [ -118.112842, 47.832805 ], [ -118.117812, 47.832631 ], [ -118.119245, 47.833518 ], [ -118.119558, 47.834626 ], [ -118.118898, 47.836813 ], [ -118.120036, 47.839662 ], [ -118.118556, 47.843492 ], [ -118.118941, 47.846373 ], [ -118.120617, 47.851883 ], [ -118.12295, 47.856402 ], [ -118.122895, 47.857271 ], [ -118.126125, 47.861902 ], [ -118.130378, 47.865567 ], [ -118.133899, 47.869729 ], [ -118.137964, 47.875369 ], [ -118.141476, 47.882128 ], [ -118.143769, 47.884711 ], [ -118.148586, 47.886668 ], [ -118.152491, 47.887181 ], [ -118.154384, 47.886592 ], [ -118.156187, 47.884287 ], [ -118.158398, 47.883903 ], [ -118.160586, 47.885102 ], [ -118.161548, 47.886735 ], [ -118.16246, 47.889828 ], [ -118.161812, 47.892925 ], [ -118.159618, 47.895176 ], [ -118.160206, 47.89721 ], [ -118.162402, 47.898699 ], [ -118.163399, 47.900176 ], [ -118.166825, 47.902767 ], [ -118.168346, 47.903112 ], [ -118.17736, 47.901397 ], [ -118.178509, 47.901986 ], [ -118.178691, 47.904261 ], [ -118.176613, 47.910455 ], [ -118.17731, 47.911774 ], [ -118.181766, 47.914874 ], [ -118.184794, 47.916287 ], [ -118.188442, 47.919829 ], [ -118.189464, 47.924741 ], [ -118.190236, 47.926274 ], [ -118.193692, 47.92784 ], [ -118.198507, 47.927996 ], [ -118.200031, 47.928384 ], [ -118.201113, 47.930887 ], [ -118.20225, 47.935429 ], [ -118.206244, 47.942247 ], [ -118.208947, 47.944546 ], [ -118.210614, 47.94523 ], [ -118.215537, 47.945289 ], [ -118.218033, 47.944722 ], [ -118.221417, 47.942707 ], [ -118.223949, 47.941679 ], [ -118.229552, 47.94023 ], [ -118.23285, 47.939981 ], [ -118.237827, 47.940122 ], [ -118.240451, 47.941198 ], [ -118.242868, 47.943213 ], [ -118.246103, 47.943604 ], [ -118.251093, 47.942878 ], [ -118.255379, 47.94101 ], [ -118.259238, 47.93759 ], [ -118.259978, 47.934782 ], [ -118.260867, 47.934166 ], [ -118.262689, 47.933614 ], [ -118.267156, 47.934019 ], [ -118.269999, 47.933716 ], [ -118.271863, 47.932685 ], [ -118.272553, 47.93051 ], [ -118.27407, 47.928923 ], [ -118.277901, 47.926696 ], [ -118.285764, 47.923335 ], [ -118.289937, 47.921318 ], [ -118.293779, 47.918961 ], [ -118.29926, 47.916736 ], [ -118.30332, 47.915461 ], [ -118.305814, 47.913731 ], [ -118.313759, 47.910205 ], [ -118.315636, 47.909975 ], [ -118.317163, 47.908775 ], [ -118.319195, 47.904354 ], [ -118.321129, 47.900766 ], [ -118.320021, 47.897324 ], [ -118.321711, 47.896289 ], [ -118.326722, 47.896349 ], [ -118.332562, 47.894193 ], [ -118.334491, 47.893794 ], [ -118.340938, 47.894316 ], [ -118.339996, 47.900178 ], [ -118.350183, 47.916294 ], [ -118.356089, 47.929317 ], [ -118.352379, 47.953586 ], [ -118.349623, 47.965618 ], [ -118.34874, 47.971782 ], [ -118.352143, 47.974758 ], [ -118.370645, 47.985569 ], [ -118.373905, 47.996207 ], [ -118.375354, 47.999882 ], [ -118.378505, 48.003482 ] ] ] } },
{ "type": "Feature", "properties": { "geoid": "53033009100", "county_name": "King County", "place_name": null, "state_name": "Washington", "state_abbr": "WA", "is_rural": false, "dci_score": 90.0, "dci_quintile": 2.0, "is_cra_lmi": true, "income_level": "L", "is_persistent_poverty": false, "is_tribal_overlap": false, "tribal_area_name": null, "aian_pct": 0.0, "has_nmtc": true, "nmtc_projects": 3, "nmtc_total_usd": 8825000.0 }, "geometry": { "type": "Polygon", "coordinates": [ [ [ -122.327669, 47.599193 ], [ -122.323752, 47.599187 ], [ -122.321162, 47.599186 ], [ -122.324244, 47.601705 ], [ -122.322449, 47.601702 ], [ -122.320739, 47.601699 ], [ -122.316783, 47.601692 ], [ -122.317194, 47.600264 ], [ -122.317257, 47.595819 ], [ -122.320482, 47.595828 ], [ -122.323766, 47.595831 ], [ -122.327718, 47.59581 ], [ -122.327669, 47.599193 ] ] ] } },
{ "type": "Feature", "properties": { "geoid": "53035080300", "county_name": "Kitsap County", "place_name": null, "state_name": "Washington", "state_abbr": "WA", "is_rural": true, "dci_score": 75.9, "dci_quintile": 3.0, "is_cra_lmi": true, "income_level": "M", "is_persistent_poverty": false, "is_tribal_overlap": false, "tribal_area_name": null, "aian_pct": 0.0, "has_nmtc": false, "nmtc_projects": 0, "nmtc_total_usd": 0.0 }, "geometry": { "type": "Polygon", "coordinates": [ [ [ -122.631443, 47.582349 ], [ -122.629528, 47.588365 ], [ -122.621563, 47.588352 ], [ -122.618825, 47.588356 ], [ -122.616939, 47.588329 ], [ -122.615242, 47.588319 ], [ -122.613489, 47.588348 ], [ -122.61359, 47.5838 ], [ -122.613828, 47.573896 ], [ -122.619627, 47.573987 ], [ -122.623251, 47.573897 ], [ -122.624006, 47.574941 ], [ -122.628357, 47.578323 ], [ -122.632306, 47.579565 ], [ -122.631443, 47.582349 ] ] ] } },
{ "type": "Feature", "properties": { "geoid": "53041970900", "county_name": "Lewis County", "place_name": null, "state_name": "Washington", "state_abbr": "WA", "is_rural": true, "dci_score": 51.3, "dci_quintile": 5.0, "is_cra_lmi": false, "income_level": "U", "is_persistent_poverty": false, "is_tribal_overlap": false, "tribal_area_name": null, "aian_pct": 0.0, "has_nmtc": false, "nmtc_projects": 0, "nmtc_total_usd": 0.0 }, "geometry": { "type": "Polygon", "coordinates": [ [ [ -122.986243, 46.655602 ], [ -122.985381, 46.657854 ], [ -122.978492, 46.660441 ], [ -122.978326, 46.660489 ], [ -122.969833, 46.661455 ], [ -122.969651, 46.659969 ], [ -122.964804, 46.659751 ], [ -122.962108, 46.661511 ], [ -122.961265, 46.662062 ], [ -122.958801, 46.660282 ], [ -122.954674, 46.657303 ], [ -122.960909, 46.65324 ], [ -122.959427, 46.652158 ], [ -122.957275, 46.647725 ], [ -122.959024, 46.646008 ], [ -122.970168, 46.65138 ], [ -122.971634, 46.652106 ], [ -122.972456, 46.652596 ], [ -122.975257, 46.654812 ], [ -122.976135, 46.653353 ], [ -122.977495, 46.652094 ], [ -122.978385, 46.65159 ], [ -122.981235, 46.650177 ], [ -122.981686, 46.651269 ], [ -122.980943, 46.652058 ], [ -122.986015, 46.653903 ], [ -122.986243, 46.655602 ] ] ] } },
{ "type": "Feature", "properties": { "geoid": "53053073114", "county_name": "Pierce County", "place_name": null, "state_name": "Washington", "state_abbr": "WA", "is_rural": false, "dci_score": 26.5, "dci_quintile": 5.0, "is_cra_lmi": false, "income_level": "U", "is_persistent_poverty": false, "is_tribal_overlap": false, "tribal_area_name": null, "aian_pct": 0.0, "has_nmtc": false, "nmtc_projects": 0, "nmtc_total_usd": 0.0 }, "geometry": { "type": "Polygon", "coordinates": [ [ [ -122.39634, 47.053312 ], [ -122.379386, 47.053165 ], [ -122.376701, 47.053112 ], [ -122.368628, 47.052974 ], [ -122.368594, 47.045819 ], [ -122.368395, 47.038479 ], [ -122.368291, 47.038466 ], [ -122.361315, 47.038207 ], [ -122.361691, 47.037848 ], [ -122.361609, 47.037294 ], [ -122.357756, 47.033554 ], [ -122.35787, 47.020198 ], [ -122.368372, 47.020288 ], [ -122.369506, 47.020319 ], [ -122.372133, 47.023621 ], [ -122.389845, 47.023743 ], [ -122.389986, 47.031547 ], [ -122.379435, 47.031533 ], [ -122.379415, 47.027531 ], [ -122.375311, 47.027578 ], [ -122.375842, 47.028203 ], [ -122.379038, 47.032116 ], [ -122.389929, 47.032152 ], [ -122.3901, 47.038698 ], [ -122.384333, 47.038612 ], [ -122.387313, 47.042299 ], [ -122.390499, 47.04584 ], [ -122.397761, 47.053121 ], [ -122.39634, 47.053312 ] ] ] } },
{ "type": "Feature", "properties": { "geoid": "53053061601", "county_name": "Pierce County", "place_name": null, "state_name": "Washington", "state_abbr": "WA", "is_rural": false, "dci_score": 84.9, "dci_quintile": 2.0, "is_cra_lmi": true, "income_level": "M", "is_persistent_poverty": false, "is_tribal_overlap": false, "tribal_area_name": null, "aian_pct": 0.0, "has_nmtc": true, "nmtc_projects": 1, "nmtc_total_usd": 1500000.0 }, "geometry": { "type": "Polygon", "coordinates": [ [ [ -122.445373, 47.256877 ], [ -122.443937, 47.257175 ], [ -122.444549, 47.260442 ], [ -122.443224, 47.260861 ], [ -122.440765, 47.258489 ], [ -122.441332, 47.261177 ], [ -122.439265, 47.260443 ], [ -122.435972, 47.255513 ], [ -122.435473, 47.253716 ], [ -122.434611, 47.249931 ], [ -122.436369, 47.249091 ], [ -122.437029, 47.249351 ], [ -122.4435, 47.248648 ], [ -122.444904, 47.254821 ], [ -122.445373, 47.256877 ] ] ] } },
{ "type": "Feature", "properties": { "geoid": "53061041809", "county_name": "Snohomish County", "place_name": null, "state_name": "Washington", "state_abbr": "WA", "is_rural": false, "dci_score": 82.5, "dci_quintile": 2.0, "is_cra_lmi": true, "income_level": "M", "is_persistent_poverty": false, "is_tribal_overlap": false, "tribal_area_name": null, "aian_pct": 0.0, "has_nmtc": false, "nmtc_projects": 0, "nmtc_total_usd": 0.0 }, "geometry": { "type": "Polygon", "coordinates": [ [ [ -122.25184, 47.896448 ], [ -122.247778, 47.896448 ], [ -122.246838, 47.89645 ], [ -122.238926, 47.89647 ], [ -122.238856, 47.890361 ], [ -122.238846, 47.889197 ], [ -122.238815, 47.885591 ], [ -122.247382, 47.885594 ], [ -122.247027, 47.886785 ], [ -122.246574, 47.889211 ], [ -122.249199, 47.891513 ], [ -122.25054, 47.891537 ], [ -122.251827, 47.890734 ], [ -122.257239, 47.890694 ], [ -122.25184, 47.896448 ] ] ] } },
{ "type": "Feature", "properties": { "geoid": "53019970100", "county_name": "Ferry County", "place_name": null, "state_name": "Washington", "state_abbr": "WA", "is_rural": true, "dci_score": 45.3, "dci_quintile": 5.0, "is_cra_lmi": false, "income_level": "U", "is_persistent_poverty": false, "is_tribal_overlap": true, "tribal_area_name": "Colville Reservation", "aian_pct": 0.0, "has_nmtc": false, "nmtc_projects": 0, "nmtc_total_usd": 0.0 }, "geometry": { "type": "Polygon", "coordinates": [ [ [ -118.83684, 48.935025 ], [ -118.836614034806004, 49.0003077591428 ], [ -118.503734044183005, 49.000359308799098 ], [ -118.498763044301995, 49.0003600786061 ], [ -118.370421047844005, 49.000379953593999 ], [ -118.364682047827003, 49.0003808423332 ], [ -118.224605051495999, 49.000402534598301 ], [ -118.222570051234996, 49.000402849737597 ], [ -118.197375052458995, 49.000406751424599 ], [ -118.19483, 48.996927 ], [ -118.197462, 48.993834 ], [ -118.199712, 48.993603 ], [ -118.203812, 48.994704 ], [ -118.207713, 48.99704 ], [ -118.20993, 48.997456 ], [ -118.215164, 48.997762 ], [ -118.219955, 48.997409 ], [ -118.219029, 48.994964 ], [ -118.216119, 48.993708 ], [ -118.211126, 48.990267 ], [ -118.207002, 48.989709 ], [ -118.206051, 48.988733 ], [ -118.205901, 48.987433 ], [ -118.210032, 48.985628 ], [ -118.21459, 48.986022 ], [ -118.216172, 48.984239 ], [ -118.216728, 48.981075 ], [ -118.215901, 48.977539 ], [ -118.217789, 48.97347 ], [ -118.22166, 48.970502 ], [ -118.219885, 48.968348 ], [ -118.216903, 48.967674 ], [ -118.214171, 48.96841 ], [ -118.211222, 48.966985 ], [ -118.20724, 48.963082 ], [ -118.208363, 48.961222 ], [ -118.209987, 48.960772 ], [ -118.211301, 48.959259 ], [ -118.210493, 48.957603 ], [ -118.211217, 48.956391 ], [ -118.214629, 48.953276 ], [ -118.21581, 48.951109 ], [ -118.219093, 48.942554 ], [ -118.220831, 48.940777 ], [ -118.220597, 48.939099 ], [ -118.221669, 48.937098 ], [ -118.219986, 48.934028 ], [ -118.217835, 48.928753 ], [ -118.21527, 48.925596 ], [ -118.211781, 48.922383 ], [ -118.205722, 48.918678 ], [ -118.204765, 48.916879 ], [ -118.20117, 48.914818 ], [ -118.199057, 48.91506 ], [ -118.196927, 48.914451 ], [ -118.195953, 48.913262 ], [ -118.197641, 48.911764 ], [ -118.200144, 48.907619 ], [ -118.200834, 48.904219 ], [ -118.203162, 48.901526 ], [ -118.209491, 48.899831 ], [ -118.210255, 48.89846 ], [ -118.209307, 48.897906 ], [ -118.209322, 48.895208 ], [ -118.212006, 48.890602 ], [ -118.214483, 48.888161 ], [ -118.214116, 48.88673 ], [ -118.212494, 48.885595 ], [ -118.212874, 48.881872 ], [ -118.213805, 48.880183 ], [ -118.213637, 48.877973 ], [ -118.212747, 48.876076 ], [ -118.210213, 48.873678 ], [ -118.210112, 48.872291 ], [ -118.206988, 48.87035 ], [ -118.20588, 48.870537 ], [ -118.202854, 48.869556 ], [ -118.198481, 48.86727 ], [ -118.201139, 48.860635 ], [ -118.201436, 48.857592 ], [ -118.198802, 48.855042 ], [ -118.196583, 48.85411 ], [ -118.194214, 48.851544 ], [ -118.193815, 48.848781 ], [ -118.196074, 48.842546 ], [ -118.195508, 48.840725 ], [ -118.189884, 48.83873 ], [ -118.186627, 48.838099 ], [ -118.182142, 48.83833 ], [ -118.179317, 48.837639 ], [ -118.178562, 48.835204 ], [ -118.177532, 48.834222 ], [ -118.176461, 48.831678 ], [ -118.174758, 48.830044 ], [ -118.171063, 48.828031 ], [ -118.170524, 48.825552 ], [ -118.167985, 48.818105 ], [ -118.166251, 48.814601 ], [ -118.162449, 48.811239 ], [ -118.160923, 48.808958 ], [ -118.160634, 48.805695 ], [ -118.159763, 48.804713 ], [ -118.159864, 48.801248 ], [ -118.158777, 48.800013 ], [ -118.160855, 48.794865 ], [ -118.160217, 48.793318 ], [ -118.157404, 48.790971 ], [ -118.154368, 48.789841 ], [ -118.148062, 48.788144 ], [ -118.146155, 48.785961 ], [ -118.145254, 48.780867 ], [ -118.143214, 48.779287 ], [ -118.14192, 48.77905 ], [ -118.138534, 48.779767 ], [ -118.135793, 48.783002 ], [ -118.134083, 48.78379 ], [ -118.1297, 48.784885 ], [ -118.126827, 48.786189 ], [ -118.125724, 48.785414 ], [ -118.124634, 48.783178 ], [ -118.121999, 48.779258 ], [ -118.122352, 48.776302 ], [ -118.123627, 48.774465 ], [ -118.124806, 48.774667 ], [ -118.127518, 48.776938 ], [ -118.131002, 48.777653 ], [ -118.13277, 48.776935 ], [ -118.134624, 48.774079 ], [ -118.133987, 48.771595 ], [ -118.133866, 48.7682 ], [ -118.133246, 48.766363 ], [ -118.130679, 48.764927 ], [ -118.127039, 48.765143 ], [ -118.125382, 48.763926 ], [ -118.125353, 48.76161 ], [ -118.12674, 48.760742 ], [ -118.131355, 48.760483 ], [ -118.133029, 48.759679 ], [ -118.13364, 48.757412 ], [ -118.132297, 48.756274 ], [ -118.129374, 48.755069 ], [ -118.126105, 48.753724 ], [ -118.123562, 48.751695 ], [ -118.122313, 48.749903 ], [ -118.122666, 48.74581 ], [ -118.124274, 48.745212 ], [ -118.128564, 48.745367 ], [ -118.129966, 48.744668 ], [ -118.128755, 48.739926 ], [ -118.124839, 48.736705 ], [ -118.118446, 48.737638 ], [ -118.118003, 48.73723 ], [ -118.117852, 48.734453 ], [ -118.120956, 48.731487 ], [ -118.126104, 48.72775 ], [ -118.125825, 48.724675 ], [ -118.122516, 48.721249 ], [ -118.120079, 48.719968 ], [ -118.119345, 48.718869 ], [ -118.119761, 48.715774 ], [ -118.120655, 48.712966 ], [ -118.120388, 48.711389 ], [ -118.118204, 48.708343 ], [ -118.120186, 48.70519 ], [ -118.120956, 48.70227 ], [ -118.119408, 48.69616 ], [ -118.116947, 48.692624 ], [ -118.114257, 48.683903 ], [ -118.115468, 48.680352 ], [ -118.1185, 48.679327 ], [ -118.117326, 48.677136 ], [ -118.117363, 48.674736 ], [ -118.116388, 48.674003 ], [ -118.111806, 48.674039 ], [ -118.110199, 48.671325 ], [ -118.110008, 48.66825 ], [ -118.109128, 48.667023 ], [ -118.108718, 48.662274 ], [ -118.10615, 48.657635 ], [ -118.10496, 48.653503 ], [ -118.104523, 48.646024 ], [ -118.105152, 48.643701 ], [ -118.10713, 48.640927 ], [ -118.114535, 48.638651 ], [ -118.116142, 48.636588 ], [ -118.116383, 48.631505 ], [ -118.117085, 48.630639 ], [ -118.119839, 48.630654 ], [ -118.120069, 48.629327 ], [ -118.11892, 48.628357 ], [ -118.118116, 48.625956 ], [ -118.117942, 48.623132 ], [ -118.120533, 48.619762 ], [ -118.123062, 48.618566 ], [ -118.125449, 48.615985 ], [ -118.126103, 48.613757 ], [ -118.127011, 48.612987 ], [ -118.127223, 48.61181 ], [ -118.126103, 48.609957 ], [ -118.127647, 48.609457 ], [ -118.128445, 48.604818 ], [ -118.127216, 48.600677 ], [ -118.127445, 48.59755 ], [ -118.127029, 48.593322 ], [ -118.12755, 48.590481 ], [ -118.125528, 48.585731 ], [ -118.125445, 48.584515 ], [ -118.128618, 48.579878 ], [ -118.133496, 48.574735 ], [ -118.134877, 48.572884 ], [ -118.136476, 48.569697 ], [ -118.137924, 48.565532 ], [ -118.138619, 48.561674 ], [ -118.13848, 48.558599 ], [ -118.139788, 48.554186 ], [ -118.140246, 48.551289 ], [ -118.143102, 48.548226 ], [ -118.14344, 48.546176 ], [ -118.142026, 48.540806 ], [ -118.142297, 48.536905 ], [ -118.141909, 48.53521 ], [ -118.139926, 48.531434 ], [ -118.141923, 48.52669 ], [ -118.147049, 48.521657 ], [ -118.148249, 48.521014 ], [ -118.151464, 48.520337 ], [ -118.156723, 48.520584 ], [ -118.16339, 48.522359 ], [ -118.169149, 48.52322 ], [ -118.170715, 48.523087 ], [ -118.174874, 48.521318 ], [ -118.177308, 48.517969 ], [ -118.179119, 48.516801 ], [ -118.178747, 48.514857 ], [ -118.179641, 48.512494 ], [ -118.181268, 48.506426 ], [ -118.181124, 48.504068 ], [ -118.180906, 48.499697 ], [ -118.183306, 48.495297 ], [ -118.189206, 48.481597 ], [ -118.290953, 48.481361 ], [ -118.295117, 48.481531 ], [ -118.296022, 48.481382 ], [ -118.367855, 48.481557 ], [ -118.376117, 48.481272 ], [ -118.45535, 48.481454 ], [ -118.476609, 48.481608 ], [ -118.501606, 48.481225 ], [ -118.514276, 48.481433 ], [ -118.5156, 48.482693 ], [ -118.515282, 48.484146 ], [ -118.516738, 48.486638 ], [ -118.516624, 48.48852 ], [ -118.517516, 48.490675 ], [ -118.518736, 48.491649 ], [ -118.522824, 48.493327 ], [ -118.52548, 48.493514 ], [ -118.530004, 48.49451 ], [ -118.530314, 48.496599 ], [ -118.532073, 48.498981 ], [ -118.530364, 48.499255 ], [ -118.531786, 48.503374 ], [ -118.533049, 48.5034 ], [ -118.533642, 48.501343 ], [ -118.534915, 48.501347 ], [ -118.536042, 48.502666 ], [ -118.53481, 48.502933 ], [ -118.535502, 48.504997 ], [ -118.534817, 48.507642 ], [ -118.536331, 48.508535 ], [ -118.536406, 48.511451 ], [ -118.541018, 48.515041 ], [ -118.539946, 48.516681 ], [ -118.542217, 48.517868 ], [ -118.54288, 48.519163 ], [ -118.545532, 48.519238 ], [ -118.546744, 48.521908 ], [ -118.550626, 48.522433 ], [ -118.552639, 48.523488 ], [ -118.550797, 48.527639 ], [ -118.550052, 48.528206 ], [ -118.550282, 48.531504 ], [ -118.55114, 48.53296 ], [ -118.554481, 48.53411 ], [ -118.557364, 48.533696 ], [ -118.558405, 48.534728 ], [ -118.562051, 48.536663 ], [ -118.563406, 48.539052 ], [ -118.567974, 48.540955 ], [ -118.572849, 48.542101 ], [ -118.574364, 48.540988 ], [ -118.575796, 48.541116 ], [ -118.577781, 48.543305 ], [ -118.58024, 48.542425 ], [ -118.582112, 48.542846 ], [ -118.584223, 48.544207 ], [ -118.584973, 48.545706 ], [ -118.584746, 48.548412 ], [ -118.585709, 48.549348 ], [ -118.584813, 48.553952 ], [ -118.5834, 48.555421 ], [ -118.582562, 48.560512 ], [ -118.581697, 48.56173 ], [ -118.580197, 48.566459 ], [ -118.579969, 48.570006 ], [ -118.582565, 48.573763 ], [ -118.583883, 48.574365 ], [ -118.594371, 48.577475 ], [ -118.597947, 48.577674 ], [ -118.603879, 48.57868 ], [ -118.609066, 48.578979 ], [ -118.617717, 48.579944 ], [ -118.620941, 48.580833 ], [ -118.622863, 48.581949 ], [ -118.62546, 48.58435 ], [ -118.628937, 48.585725 ], [ -118.634594, 48.591051 ], [ -118.641573, 48.594082 ], [ -118.643933, 48.5955 ], [ -118.64418, 48.597346 ], [ -118.633185, 48.595937 ], [ -118.631891, 48.595919 ], [ -118.627904, 48.598136 ], [ -118.624392, 48.599209 ], [ -118.621007, 48.599534 ], [ -118.617476, 48.601043 ], [ -118.614244, 48.601752 ], [ -118.610587, 48.601963 ], [ -118.608421, 48.603249 ], [ -118.60237, 48.604345 ], [ -118.59239, 48.608096 ], [ -118.588424, 48.610991 ], [ -118.585029, 48.612301 ], [ -118.57726, 48.613338 ], [ -118.574664, 48.612452 ], [ -118.572882, 48.612983 ], [ -118.571427, 48.614333 ], [ -118.567582, 48.615353 ], [ -118.566476, 48.614505 ], [ -118.566103, 48.612225 ], [ -118.562794, 48.613959 ], [ -118.554161, 48.613826 ], [ -118.551885, 48.612834 ], [ -118.547402, 48.612521 ], [ -118.542866, 48.610819 ], [ -118.538119, 48.607246 ], [ -118.537268, 48.606062 ], [ -118.537504, 48.603484 ], [ -118.535454, 48.601295 ], [ -118.5294, 48.598554 ], [ -118.526904, 48.596834 ], [ -118.524878, 48.596766 ], [ -118.521973, 48.595378 ], [ -118.519484, 48.59634 ], [ -118.516081, 48.595381 ], [ -118.51299, 48.59538 ], [ -118.510688, 48.596283 ], [ -118.509766, 48.597289 ], [ -118.514768, 48.598977 ], [ -118.515566, 48.599875 ], [ -118.513791, 48.601679 ], [ -118.513338, 48.603019 ], [ -118.507717, 48.603963 ], [ -118.504169, 48.60329 ], [ -118.501447, 48.603495 ], [ -118.498674, 48.604309 ], [ -118.494075, 48.604611 ], [ -118.490766, 48.605169 ], [ -118.485466, 48.605589 ], [ -118.481363, 48.606984 ], [ -118.477508, 48.607138 ], [ -118.471466, 48.604938 ], [ -118.464822, 48.604343 ], [ -118.458176, 48.604844 ], [ -118.458035, 48.605851 ], [ -118.459883, 48.606513 ], [ -118.464021, 48.606986 ], [ -118.466867, 48.609298 ], [ -118.466966, 48.610746 ], [ -118.464604, 48.613121 ], [ -118.461808, 48.613306 ], [ -118.459297, 48.612205 ], [ -118.453975, 48.611371 ], [ -118.450126, 48.610376 ], [ -118.447546, 48.610198 ], [ -118.444061, 48.611519 ], [ -118.444399, 48.615406 ], [ -118.443495, 48.618479 ], [ -118.444867, 48.624057 ], [ -118.443308, 48.62606 ], [ -118.4436, 48.629204 ], [ -118.446628, 48.632067 ], [ -118.444065, 48.631344 ], [ -118.445091, 48.632793 ], [ -118.442498, 48.632618 ], [ -118.441185, 48.633216 ], [ -118.440036, 48.63661 ], [ -118.438689, 48.637003 ], [ -118.438615, 48.638516 ], [ -118.436779, 48.640651 ], [ -118.43853, 48.642189 ], [ -118.440071, 48.644873 ], [ -118.439499, 48.650997 ], [ -118.440665, 48.650592 ], [ -118.440936, 48.652541 ], [ -118.44013, 48.655201 ], [ -118.440497, 48.657446 ], [ -118.439656, 48.659806 ], [ -118.440266, 48.661707 ], [ -118.438437, 48.663439 ], [ -118.438495, 48.665376 ], [ -118.436996, 48.666418 ], [ -118.437578, 48.669472 ], [ -118.441386, 48.672862 ], [ -118.441734, 48.673804 ], [ -118.441793, 48.673847 ], [ -118.442722, 48.67473 ], [ -118.443403, 48.67809 ], [ -118.442913, 48.681454 ], [ -118.444099, 48.68383 ], [ -118.443548, 48.68567 ], [ -118.441794, 48.686663 ], [ -118.438654, 48.689532 ], [ -118.4375, 48.691962 ], [ -118.438354, 48.693194 ], [ -118.438255, 48.696455 ], [ -118.436809, 48.699557 ], [ -118.437095, 48.700546 ], [ -118.441789, 48.701765 ], [ -118.445072, 48.701913 ], [ -118.445151, 48.703607 ], [ -118.442428, 48.705912 ], [ -118.442736, 48.709213 ], [ -118.44198, 48.710551 ], [ -118.443186, 48.711727 ], [ -118.444266, 48.713749 ], [ -118.442949, 48.716454 ], [ -118.441805, 48.716663 ], [ -118.437345, 48.719048 ], [ -118.436241, 48.72022 ], [ -118.435942, 48.72194 ], [ -118.434267, 48.723198 ], [ -118.434616, 48.726323 ], [ -118.43683, 48.728474 ], [ -118.435875, 48.729047 ], [ -118.436441, 48.730455 ], [ -118.439575, 48.731878 ], [ -118.439418, 48.734545 ], [ -118.438063, 48.736372 ], [ -118.434773, 48.739484 ], [ -118.435269, 48.740904 ], [ -118.435645, 48.741882 ], [ -118.433706, 48.744154 ], [ -118.43283, 48.747101 ], [ -118.431036, 48.747876 ], [ -118.431189, 48.749826 ], [ -118.429712, 48.752516 ], [ -118.429026, 48.755576 ], [ -118.426084, 48.757553 ], [ -118.418952, 48.759065 ], [ -118.424386, 48.758985 ], [ -118.426423, 48.75866 ], [ -118.432104, 48.761615 ], [ -118.435305, 48.764165 ], [ -118.437545, 48.767203 ], [ -118.442036, 48.770542 ], [ -118.4438, 48.771584 ], [ -118.447882, 48.772488 ], [ -118.453979, 48.772208 ], [ -118.456592, 48.773063 ], [ -118.458949, 48.775047 ], [ -118.461084, 48.779115 ], [ -118.463117, 48.781072 ], [ -118.464886, 48.783819 ], [ -118.466688, 48.785694 ], [ -118.467926, 48.787876 ], [ -118.469636, 48.789169 ], [ -118.474468, 48.79141 ], [ -118.47715, 48.79352 ], [ -118.487177, 48.795211 ], [ -118.4919, 48.795488 ], [ -118.49985, 48.794732 ], [ -118.50318, 48.794647 ], [ -118.504235, 48.794121 ], [ -118.510501, 48.793356 ], [ -118.512808, 48.794048 ], [ -118.515232, 48.793007 ], [ -118.516562, 48.79116 ], [ -118.520181, 48.789456 ], [ -118.521967, 48.7878 ], [ -118.524997, 48.78609 ], [ -118.527951, 48.785461 ], [ -118.534076, 48.782989 ], [ -118.539991, 48.785299 ], [ -118.545028, 48.784888 ], [ -118.547385, 48.784138 ], [ -118.550795, 48.78376 ], [ -118.557359, 48.781742 ], [ -118.565241, 48.780207 ], [ -118.568908, 48.780146 ], [ -118.578483, 48.781817 ], [ -118.581785, 48.781921 ], [ -118.586168, 48.785175 ], [ -118.596721, 48.788075 ], [ -118.599655, 48.789291 ], [ -118.602159, 48.792335 ], [ -118.605717, 48.793385 ], [ -118.607824, 48.800706 ], [ -118.607931, 48.801836 ], [ -118.615478, 48.797278 ], [ -118.616237, 48.796654 ], [ -118.617031, 48.795462 ], [ -118.617206, 48.794523 ], [ -118.616835, 48.793118 ], [ -118.615729, 48.790852 ], [ -118.615988, 48.78914 ], [ -118.616884, 48.788021 ], [ -118.623267, 48.784079 ], [ -118.632041, 48.77894 ], [ -118.642581, 48.776434 ], [ -118.646929, 48.773757 ], [ -118.648361, 48.77337 ], [ -118.65069, 48.773519 ], [ -118.652808, 48.77462 ], [ -118.656151, 48.777132 ], [ -118.659121, 48.777491 ], [ -118.662831, 48.777298 ], [ -118.66827, 48.774483 ], [ -118.669674, 48.774054 ], [ -118.671391, 48.774732 ], [ -118.677015, 48.775368 ], [ -118.681296, 48.77641 ], [ -118.684249, 48.776043 ], [ -118.689003, 48.777222 ], [ -118.700185, 48.782323 ], [ -118.70231, 48.779901 ], [ -118.705615, 48.779128 ], [ -118.707367, 48.778212 ], [ -118.708595, 48.775675 ], [ -118.706259, 48.775366 ], [ -118.705617, 48.774161 ], [ -118.706815, 48.769698 ], [ -118.709052, 48.766167 ], [ -118.709121, 48.764851 ], [ -118.710432, 48.762906 ], [ -118.712017, 48.762046 ], [ -118.715614, 48.758956 ], [ -118.716431, 48.757417 ], [ -118.716442, 48.750942 ], [ -118.716802, 48.749429 ], [ -118.715408, 48.746611 ], [ -118.713603, 48.745462 ], [ -118.71611, 48.74661 ], [ -118.719825, 48.749634 ], [ -118.721108, 48.749718 ], [ -118.722689, 48.752395 ], [ -118.72348, 48.751012 ], [ -118.724723, 48.750748 ], [ -118.727213, 48.750595 ], [ -118.72996, 48.753379 ], [ -118.735596, 48.754439 ], [ -118.736836, 48.754151 ], [ -118.737716, 48.754514 ], [ -118.734899, 48.756674 ], [ -118.736365, 48.760036 ], [ -118.737409, 48.761097 ], [ -118.739274, 48.764373 ], [ -118.739111, 48.766334 ], [ -118.742691, 48.76899 ], [ -118.745503, 48.773922 ], [ -118.745207, 48.775065 ], [ -118.74745, 48.77782 ], [ -118.750142, 48.778865 ], [ -118.751797, 48.780168 ], [ -118.754878, 48.779958 ], [ -118.756779, 48.782721 ], [ -118.760635, 48.784662 ], [ -118.763894, 48.785128 ], [ -118.767309, 48.786775 ], [ -118.769906, 48.787399 ], [ -118.771417, 48.788968 ], [ -118.776654, 48.791068 ], [ -118.77989, 48.791231 ], [ -118.781847, 48.792471 ], [ -118.784187, 48.792566 ], [ -118.792571, 48.796149 ], [ -118.794617, 48.799018 ], [ -118.797921, 48.800609 ], [ -118.799571, 48.800626 ], [ -118.802045, 48.802263 ], [ -118.806805, 48.804236 ], [ -118.808364, 48.805359 ], [ -118.808165, 48.807239 ], [ -118.811636, 48.808375 ], [ -118.813386, 48.810303 ], [ -118.816027, 48.815541 ], [ -118.817388, 48.817464 ], [ -118.821524, 48.820011 ], [ -118.823144, 48.819676 ], [ -118.822822, 48.822899 ], [ -118.8251, 48.82334 ], [ -118.825266, 48.825714 ], [ -118.826783, 48.82627 ], [ -118.829266, 48.825734 ], [ -118.833927, 48.826191 ], [ -118.836942, 48.827107 ], [ -118.83684, 48.935025 ] ] ] } },
{ "type": "Feature", "properties": { "geoid": "53077001503", "county_name": "Yakima County", "place_name": null, "state_name": "Washington", "state_abbr": "WA", "is_rural": false, "dci_score": 80.1, "dci_quintile": 3.0, "is_cra_lmi": true, "income_level": "M", "is_persistent_poverty": false, "is_tribal_overlap": false, "tribal_area_name": null, "aian_pct": 0.0, "has_nmtc": false, "nmtc_projects": 0, "nmtc_total_usd": 0.0 }, "geometry": { "type": "Polygon", "coordinates": [ [ [ -120.508023, 46.596488 ], [ -120.505562, 46.595001 ], [ -120.504081, 46.592935 ], [ -120.501869, 46.593449 ], [ -120.498841, 46.594175 ], [ -120.500058, 46.596648 ], [ -120.493897, 46.598076 ], [ -120.488136, 46.599404 ], [ -120.48749, 46.59958 ], [ -120.482868, 46.599591 ], [ -120.481094, 46.59957 ], [ -120.475588, 46.592401 ], [ -120.472868, 46.585023 ], [ -120.488128, 46.585114 ], [ -120.493386, 46.585153 ], [ -120.495796, 46.585913 ], [ -120.499291, 46.585936 ], [ -120.501472, 46.585504 ], [ -120.507032, 46.592799 ], [ -120.507407, 46.595047 ], [ -120.509111, 46.598734 ], [ -120.508023, 46.596488 ] ] ] } },
{ "type": "Feature", "properties": { "geoid": "53025010903", "county_name": "Grant County", "place_name": "Federal Way", "state_name": "Washington", "state_abbr": "WA", "is_rural": true, "dci_score": 59.9, "dci_quintile": 4.0, "is_cra_lmi": true, "income_level": "M", "is_persistent_poverty": false, "is_tribal_overlap": false, "tribal_area_name": null, "aian_pct": 0.0, "has_nmtc": false, "nmtc_projects": 0, "nmtc_total_usd": 0.0 }, "geometry": { "type": "Polygon", "coordinates": [ [ [ -119.323586, 47.161849 ], [ -119.32172, 47.160595 ], [ -119.312394, 47.160581 ], [ -119.299365, 47.1605 ], [ -119.299361, 47.162746 ], [ -119.283548, 47.1511 ], [ -119.283435, 47.151023 ], [ -119.283255, 47.150899 ], [ -119.280915, 47.149164 ], [ -119.276314, 47.145787 ], [ -119.271571, 47.14225 ], [ -119.268846, 47.14148 ], [ -119.273249, 47.139257 ], [ -119.277399, 47.134175 ], [ -119.278399, 47.134054 ], [ -119.278328, 47.136718 ], [ -119.27832, 47.138507 ], [ -119.281917, 47.138423 ], [ -119.294215, 47.138424 ], [ -119.299516, 47.138443 ], [ -119.30883, 47.138531 ], [ -119.309637, 47.140653 ], [ -119.310709, 47.141324 ], [ -119.311924, 47.143896 ], [ -119.310787, 47.145776 ], [ -119.323763, 47.161011 ], [ -119.323586, 47.161849 ] ] ] } },
{ "type": "Feature", "properties": { "geoid": "53007960203", "county_name": "Chelan County", "place_name": null, "state_name": "Washington", "state_abbr": "WA", "is_rural": true, "dci_score": 18.6, "dci_quintile": 5.0, "is_cra_lmi": false, "income_level": "U", "is_persistent_poverty": false, "is_tribal_overlap": false, "tribal_area_name": null, "aian_pct": 0.0, "has_nmtc": false, "nmtc_projects": 0, "nmtc_total_usd": 0.0 }, "geometry": { "type": "Polygon", "coordinates": [ [ [ -121.178928, 47.901116 ], [ -121.177232, 47.904212 ], [ -121.177347, 47.905458 ], [ -121.173262, 47.908779 ], [ -121.171369, 47.912177 ], [ -121.171361, 47.913296 ], [ -121.173682, 47.91535 ], [ -121.178755, 47.916999 ], [ -121.179513, 47.918781 ], [ -121.17899, 47.919543 ], [ -121.173592, 47.923254 ], [ -121.170487, 47.924403 ], [ -121.172743, 47.92967 ], [ -121.172786, 47.933696 ], [ -121.171138, 47.936424 ], [ -121.166414, 47.938163 ], [ -121.163307, 47.942936 ], [ -121.16218, 47.944079 ], [ -121.161868, 47.948294 ], [ -121.162728, 47.950694 ], [ -121.164968, 47.954505 ], [ -121.165089, 47.95621 ], [ -121.162364, 47.958397 ], [ -121.15827, 47.959505 ], [ -121.157507, 47.960866 ], [ -121.155759, 47.961883 ], [ -121.153234, 47.964176 ], [ -121.152613, 47.967265 ], [ -121.148446, 47.970695 ], [ -121.148757, 47.97825 ], [ -121.147141, 47.981477 ], [ -121.140729, 47.983509 ], [ -121.140026, 47.983416 ], [ -121.135938, 47.982834 ], [ -121.134545, 47.98538 ], [ -121.130572, 47.986796 ], [ -121.128146, 47.989992 ], [ -121.124808, 47.99372 ], [ -121.121295, 47.996281 ], [ -121.118183, 47.997103 ], [ -121.117995, 48.001535 ], [ -121.118975, 48.00314 ], [ -121.117934, 48.006283 ], [ -121.123022, 48.008685 ], [ -121.125183, 48.010299 ], [ -121.125943, 48.012369 ], [ -121.128509, 48.01384 ], [ -121.129221, 48.019826 ], [ -121.131099, 48.021623 ], [ -121.133944, 48.021837 ], [ -121.136012, 48.02396 ], [ -121.139118, 48.025283 ], [ -121.14739, 48.029466 ], [ -121.148581, 48.030571 ], [ -121.148968, 48.034156 ], [ -121.150622, 48.036711 ], [ -121.15326, 48.039693 ], [ -121.153225, 48.04074 ], [ -121.150275, 48.042016 ], [ -121.144208, 48.042325 ], [ -121.137271, 48.044317 ], [ -121.133085, 48.044177 ], [ -121.130519, 48.04518 ], [ -121.128206, 48.048128 ], [ -121.121968, 48.050969 ], [ -121.120429, 48.052293 ], [ -121.117513, 48.056968 ], [ -121.115976, 48.057963 ], [ -121.109845, 48.05668 ], [ -121.105197, 48.057769 ], [ -121.101766, 48.061762 ], [ -121.101596, 48.062671 ], [ -121.097029, 48.064401 ], [ -121.090144, 48.064942 ], [ -121.084619, 48.061932 ], [ -121.083045, 48.061557 ], [ -121.07542, 48.065278 ], [ -121.072085, 48.067682 ], [ -121.064593, 48.070147 ], [ -121.057602, 48.070443 ], [ -121.05411, 48.070005 ], [ -121.048632, 48.070219 ], [ -121.04246, 48.072872 ], [ -121.041247, 48.072698 ], [ -121.037725, 48.075055 ], [ -121.036217, 48.076838 ], [ -121.034109, 48.077615 ], [ -121.03012, 48.078145 ], [ -121.025157, 48.078168 ], [ -121.015942, 48.074795 ], [ -121.011161, 48.079177 ], [ -121.0067, 48.080176 ], [ -121.004667, 48.081426 ], [ -121.002473, 48.08473 ], [ -120.998822, 48.088259 ], [ -120.999362, 48.089718 ], [ -120.995529, 48.089172 ], [ -120.993004, 48.089933 ], [ -120.987333, 48.093863 ], [ -120.984757, 48.093266 ], [ -120.981311, 48.094379 ], [ -120.98045, 48.095189 ], [ -120.980398, 48.098102 ], [ -120.977786, 48.101132 ], [ -120.972208, 48.104048 ], [ -120.971396, 48.106158 ], [ -120.972481, 48.108534 ], [ -120.971237, 48.109185 ], [ -120.968851, 48.108831 ], [ -120.963741, 48.109721 ], [ -120.960126, 48.108433 ], [ -120.956161, 48.108072 ], [ -120.954732, 48.108684 ], [ -120.952948, 48.111284 ], [ -120.948756, 48.112093 ], [ -120.9471, 48.113327 ], [ -120.946311, 48.11518 ], [ -120.949059, 48.115678 ], [ -120.952628, 48.117223 ], [ -120.953442, 48.119012 ], [ -120.955391, 48.120264 ], [ -120.956733, 48.122641 ], [ -120.955723, 48.125207 ], [ -120.958285, 48.129202 ], [ -120.963129, 48.13141 ], [ -120.965216, 48.133962 ], [ -120.963844, 48.135629 ], [ -120.964383, 48.138071 ], [ -120.965619, 48.140333 ], [ -120.964417, 48.142983 ], [ -120.960329, 48.145518 ], [ -120.955953, 48.147699 ], [ -120.955566, 48.151981 ], [ -120.953973, 48.153087 ], [ -120.951384, 48.153646 ], [ -120.948421, 48.155032 ], [ -120.943526, 48.155465 ], [ -120.938275, 48.155068 ], [ -120.936641, 48.156017 ], [ -120.933216, 48.156771 ], [ -120.934253, 48.159503 ], [ -120.931944, 48.16162 ], [ -120.927037, 48.161139 ], [ -120.923392, 48.160407 ], [ -120.921444, 48.160769 ], [ -120.917484, 48.159664 ], [ -120.915243, 48.159683 ], [ -120.912756, 48.161739 ], [ -120.907425, 48.163184 ], [ -120.904585, 48.164634 ], [ -120.897182, 48.166103 ], [ -120.895117, 48.166108 ], [ -120.889433, 48.165356 ], [ -120.886027, 48.168079 ], [ -120.881745, 48.169644 ], [ -120.880904, 48.173856 ], [ -120.88109, 48.176397 ], [ -120.880194, 48.177058 ], [ -120.873994, 48.179493 ], [ -120.868855, 48.18041 ], [ -120.864231, 48.180537 ], [ -120.862996, 48.179328 ], [ -120.85984, 48.179166 ], [ -120.859016, 48.177847 ], [ -120.859039, 48.173029 ], [ -120.858331, 48.171022 ], [ -120.852206, 48.166315 ], [ -120.850174, 48.162704 ], [ -120.849433, 48.160512 ], [ -120.84621, 48.157199 ], [ -120.84323, 48.155419 ], [ -120.839071, 48.154009 ], [ -120.836322, 48.154089 ], [ -120.830496, 48.151642 ], [ -120.82785, 48.152075 ], [ -120.825464, 48.150963 ], [ -120.822747, 48.15041 ], [ -120.816913, 48.148379 ], [ -120.815194, 48.145227 ], [ -120.808866, 48.137366 ], [ -120.80638, 48.135732 ], [ -120.807755, 48.13332 ], [ -120.809755, 48.131777 ], [ -120.811687, 48.128127 ], [ -120.811395, 48.126618 ], [ -120.80808, 48.122917 ], [ -120.802133, 48.119944 ], [ -120.799067, 48.117204 ], [ -120.798977, 48.114388 ], [ -120.794925, 48.111925 ], [ -120.793725, 48.108623 ], [ -120.79361, 48.104788 ], [ -120.792469, 48.102698 ], [ -120.789189, 48.100975 ], [ -120.78526, 48.100493 ], [ -120.779022, 48.10049 ], [ -120.777385, 48.098862 ], [ -120.771487, 48.096502 ], [ -120.764085, 48.08718 ], [ -120.760731, 48.084791 ], [ -120.755473, 48.083259 ], [ -120.751209, 48.081338 ], [ -120.751209, 48.080346 ], [ -120.749206, 48.078743 ], [ -120.749217, 48.076681 ], [ -120.747745, 48.073821 ], [ -120.747669, 48.072288 ], [ -120.748673, 48.068794 ], [ -120.748486, 48.063483 ], [ -120.747461, 48.060046 ], [ -120.747666, 48.05764 ], [ -120.745473, 48.052812 ], [ -120.743932, 48.051628 ], [ -120.743427, 48.049501 ], [ -120.741697, 48.047987 ], [ -120.742102, 48.046344 ], [ -120.741494, 48.043445 ], [ -120.735206, 48.039695 ], [ -120.731455, 48.039234 ], [ -120.730559, 48.038613 ], [ -120.729799, 48.035345 ], [ -120.730299, 48.033894 ], [ -120.72905, 48.032069 ], [ -120.7269, 48.024505 ], [ -120.727198, 48.02283 ], [ -120.726083, 48.020868 ], [ -120.723731, 48.019096 ], [ -120.720942, 48.018428 ], [ -120.720709, 48.017216 ], [ -120.718587, 48.01534 ], [ -120.716179, 48.014971 ], [ -120.712786, 48.013186 ], [ -120.712359, 48.010521 ], [ -120.710136, 48.007546 ], [ -120.704803, 48.005361 ], [ -120.700521, 48.003998 ], [ -120.696371, 48.00075 ], [ -120.692113, 47.999849 ], [ -120.690366, 47.996675 ], [ -120.688884, 47.996415 ], [ -120.685531, 47.997086 ], [ -120.682314, 47.996768 ], [ -120.6806, 47.995011 ], [ -120.680266, 47.992612 ], [ -120.676939, 47.990578 ], [ -120.676452, 47.987662 ], [ -120.673769, 47.985999 ], [ -120.672838, 47.983269 ], [ -120.670611, 47.981599 ], [ -120.668112, 47.981475 ], [ -120.667791, 47.978825 ], [ -120.666588, 47.977994 ], [ -120.666902, 47.975225 ], [ -120.666442, 47.971803 ], [ -120.666927, 47.9705 ], [ -120.669841, 47.969072 ], [ -120.674355, 47.9678 ], [ -120.674549, 47.965071 ], [ -120.674099, 47.964226 ], [ -120.669268, 47.962197 ], [ -120.668101, 47.961334 ], [ -120.667389, 47.957895 ], [ -120.667454, 47.954788 ], [ -120.666228, 47.953683 ], [ -120.661944, 47.95242 ], [ -120.659554, 47.952327 ], [ -120.657508, 47.952606 ], [ -120.652261, 47.954512 ], [ -120.649669, 47.956326 ], [ -120.642041, 47.960619 ], [ -120.638915, 47.961547 ], [ -120.637145, 47.959628 ], [ -120.636851, 47.956737 ], [ -120.634553, 47.953263 ], [ -120.632057, 47.950924 ], [ -120.631455, 47.947702 ], [ -120.632019, 47.945401 ], [ -120.63672, 47.942738 ], [ -120.638207, 47.939827 ], [ -120.639331, 47.939829 ], [ -120.646342, 47.944584 ], [ -120.650439, 47.944921 ], [ -120.653634, 47.944275 ], [ -120.65776, 47.941787 ], [ -120.65941, 47.939383 ], [ -120.658435, 47.93629 ], [ -120.6602, 47.932775 ], [ -120.6589, 47.92585 ], [ -120.6574, 47.922644 ], [ -120.653262, 47.921372 ], [ -120.6477, 47.920517 ], [ -120.644808, 47.918547 ], [ -120.642291, 47.911644 ], [ -120.640032, 47.909917 ], [ -120.638492, 47.907789 ], [ -120.638483, 47.905197 ], [ -120.636601, 47.902432 ], [ -120.630317, 47.900874 ], [ -120.628926, 47.899873 ], [ -120.628536, 47.89724 ], [ -120.632122, 47.89468 ], [ -120.632186, 47.893883 ], [ -120.628758, 47.894109 ], [ -120.626205, 47.893251 ], [ -120.625195, 47.888049 ], [ -120.623999, 47.886183 ], [ -120.624708, 47.882092 ], [ -120.624021, 47.880363 ], [ -120.621171, 47.878503 ], [ -120.620587, 47.87556 ], [ -120.616483, 47.869128 ], [ -120.60916, 47.859197 ], [ -120.608517, 47.856934 ], [ -120.607931, 47.851526 ], [ -120.607801, 47.847169 ], [ -120.60775, 47.846071 ], [ -120.607056, 47.844098 ], [ -120.605395, 47.841587 ], [ -120.60429, 47.840334 ], [ -120.605349, 47.840041 ], [ -120.605224, 47.835891 ], [ -120.604889, 47.835163 ], [ -120.604441, 47.834731 ], [ -120.604298, 47.834368 ], [ -120.604377, 47.833524 ], [ -120.60412, 47.833284 ], [ -120.603755, 47.832521 ], [ -120.60313, 47.832157 ], [ -120.602485, 47.831587 ], [ -120.601012, 47.828225 ], [ -120.599777, 47.827777 ], [ -120.598829, 47.82458 ], [ -120.596728, 47.82235 ], [ -120.595866, 47.819317 ], [ -120.594909, 47.818334 ], [ -120.594871, 47.816552 ], [ -120.593378, 47.813029 ], [ -120.592697, 47.809559 ], [ -120.593865, 47.807685 ], [ -120.594828, 47.808227 ], [ -120.594838, 47.810324 ], [ -120.596885, 47.814029 ], [ -120.598339, 47.814357 ], [ -120.600946, 47.816346 ], [ -120.605342, 47.81893 ], [ -120.608084, 47.820031 ], [ -120.609937, 47.819539 ], [ -120.610935, 47.816707 ], [ -120.613427, 47.816552 ], [ -120.615302, 47.818193 ], [ -120.616445, 47.818342 ], [ -120.619392, 47.820797 ], [ -120.620491, 47.822773 ], [ -120.620219, 47.824603 ], [ -120.62319, 47.823935 ], [ -120.625647, 47.821917 ], [ -120.630419, 47.820395 ], [ -120.634409, 47.820199 ], [ -120.637998, 47.81679 ], [ -120.638288, 47.815105 ], [ -120.635696, 47.812172 ], [ -120.632536, 47.809983 ], [ -120.632777, 47.805587 ], [ -120.6311, 47.800003 ], [ -120.631157, 47.798493 ], [ -120.628404, 47.795812 ], [ -120.626718, 47.793154 ], [ -120.628256, 47.790832 ], [ -120.628894, 47.788186 ], [ -120.628991, 47.783578 ], [ -120.630222, 47.781341 ], [ -120.629365, 47.778468 ], [ -120.62958, 47.776999 ], [ -120.632426, 47.775959 ], [ -120.635239, 47.776076 ], [ -120.63971, 47.774664 ], [ -120.64304, 47.771209 ], [ -120.6449, 47.770246 ], [ -120.648167, 47.770218 ], [ -120.651269, 47.770667 ], [ -120.653271, 47.769585 ], [ -120.653875, 47.766302 ], [ -120.656319, 47.76502 ], [ -120.656349, 47.764399 ], [ -120.660746, 47.765127 ], [ -120.66521, 47.768061 ], [ -120.668021, 47.774827 ], [ -120.668046, 47.78102 ], [ -120.665678, 47.784909 ], [ -120.661854, 47.79237 ], [ -120.662569, 47.794619 ], [ -120.663702, 47.795435 ], [ -120.671669, 47.799625 ], [ -120.673341, 47.800213 ], [ -120.686436, 47.802443 ], [ -120.695591, 47.803637 ], [ -120.712792, 47.803564 ], [ -120.714323, 47.79245 ], [ -120.714032, 47.791425 ], [ -120.710817, 47.787608 ], [ -120.710557, 47.784206 ], [ -120.711346, 47.779443 ], [ -120.711853, 47.778192 ], [ -120.712922, 47.776943 ], [ -120.739417, 47.756563 ], [ -120.738056, 47.754273 ], [ -120.737479, 47.751738 ], [ -120.737782, 47.741177 ], [ -120.739157, 47.731228 ], [ -120.738955, 47.72937 ], [ -120.736793, 47.72661 ], [ -120.736942, 47.721646 ], [ -120.741431, 47.712135 ], [ -120.743307, 47.705511 ], [ -120.745101, 47.70137 ], [ -120.745862, 47.697742 ], [ -120.743946, 47.695162 ], [ -120.740563, 47.693079 ], [ -120.737354, 47.689665 ], [ -120.735074, 47.683726 ], [ -120.734242, 47.675857 ], [ -120.73636, 47.667295 ], [ -120.735967, 47.664519 ], [ -120.731431, 47.662102 ], [ -120.729316, 47.659733 ], [ -120.729703, 47.656605 ], [ -120.728932, 47.654465 ], [ -120.724901, 47.651806 ], [ -120.723785, 47.649394 ], [ -120.723424, 47.645354 ], [ -120.720907, 47.642489 ], [ -120.720005, 47.639874 ], [ -120.720927, 47.638621 ], [ -120.724552, 47.636591 ], [ -120.726065, 47.633192 ], [ -120.727835, 47.630933 ], [ -120.72655, 47.627547 ], [ -120.725652, 47.626314 ], [ -120.723691, 47.618171 ], [ -120.720514, 47.615649 ], [ -120.719289, 47.613893 ], [ -120.71814, 47.609954 ], [ -120.716584, 47.607179 ], [ -120.715411, 47.603115 ], [ -120.715267, 47.601114 ], [ -120.713826, 47.599799 ], [ -120.713288, 47.595991 ], [ -120.711967, 47.593354 ], [ -120.710595, 47.592004 ], [ -120.708214, 47.588178 ], [ -120.704964, 47.5854 ], [ -120.70096, 47.584087 ], [ -120.701163, 47.583052 ], [ -120.703372, 47.581463 ], [ -120.705995, 47.578519 ], [ -120.709999, 47.577681 ], [ -120.716765, 47.576835 ], [ -120.723115, 47.575013 ], [ -120.724635, 47.575106 ], [ -120.728361, 47.573192 ], [ -120.733471, 47.574449 ], [ -120.739615, 47.573513 ], [ -120.74278, 47.574707 ], [ -120.741024, 47.577425 ], [ -120.744018, 47.579932 ], [ -120.748451, 47.580317 ], [ -120.749969, 47.582125 ], [ -120.752032, 47.583185 ], [ -120.754531, 47.583351 ], [ -120.755923, 47.58422 ], [ -120.758198, 47.5883 ], [ -120.762332, 47.590708 ], [ -120.763627, 47.587909 ], [ -120.767617, 47.587568 ], [ -120.772621, 47.587762 ], [ -120.775979, 47.586346 ], [ -120.779331, 47.588888 ], [ -120.780244, 47.587168 ], [ -120.782484, 47.586358 ], [ -120.785548, 47.586153 ], [ -120.791401, 47.584634 ], [ -120.796656, 47.582361 ], [ -120.79879, 47.580648 ], [ -120.799898, 47.578915 ], [ -120.801369, 47.579785 ], [ -120.802017, 47.581403 ], [ -120.803615, 47.582435 ], [ -120.804412, 47.584238 ], [ -120.811738, 47.589547 ], [ -120.812629, 47.592156 ], [ -120.815794, 47.596458 ], [ -120.815903, 47.59844 ], [ -120.819853, 47.601135 ], [ -120.822522, 47.603523 ], [ -120.828646, 47.604577 ], [ -120.831131, 47.606201 ], [ -120.83554, 47.606689 ], [ -120.84076, 47.608388 ], [ -120.843885, 47.608804 ], [ -120.845738, 47.607898 ], [ -120.850068, 47.607709 ], [ -120.85273, 47.608421 ], [ -120.857019, 47.608762 ], [ -120.860585, 47.607516 ], [ -120.871769, 47.607584 ], [ -120.872923, 47.608051 ], [ -120.876739, 47.607987 ], [ -120.878462, 47.608991 ], [ -120.880419, 47.60864 ], [ -120.884238, 47.606965 ], [ -120.888372, 47.607077 ], [ -120.899879, 47.61078 ], [ -120.907033, 47.610578 ], [ -120.911066, 47.609544 ], [ -120.916097, 47.608841 ], [ -120.917008, 47.607579 ], [ -120.921124, 47.607522 ], [ -120.92057, 47.608786 ], [ -120.923127, 47.608504 ], [ -120.926028, 47.60888 ], [ -120.929482, 47.608601 ], [ -120.93266, 47.610048 ], [ -120.934317, 47.609115 ], [ -120.936943, 47.611214 ], [ -120.938394, 47.611262 ], [ -120.94095, 47.610049 ], [ -120.941364, 47.612148 ], [ -120.94247, 47.611682 ], [ -120.945371, 47.612198 ], [ -120.950138, 47.614717 ], [ -120.953455, 47.61523 ], [ -120.955459, 47.616818 ], [ -120.95615, 47.618828 ], [ -120.955874, 47.62065 ], [ -120.959468, 47.623499 ], [ -120.963477, 47.624384 ], [ -120.962321, 47.627927 ], [ -120.966804, 47.629698 ], [ -120.968942, 47.631329 ], [ -120.970527, 47.631047 ], [ -120.977423, 47.631465 ], [ -120.981286, 47.632631 ], [ -120.983492, 47.631977 ], [ -120.986596, 47.632909 ], [ -120.989836, 47.631229 ], [ -120.993697, 47.63099 ], [ -120.996936, 47.62922 ], [ -120.999212, 47.62917 ], [ -121.002099, 47.627493 ], [ -121.006789, 47.626378 ], [ -121.008306, 47.626516 ], [ -121.010099, 47.625445 ], [ -121.011987, 47.622788 ], [ -121.014615, 47.620593 ], [ -121.018278, 47.619378 ], [ -121.021457, 47.617372 ], [ -121.023188, 47.613587 ], [ -121.024501, 47.612143 ], [ -121.024571, 47.610461 ], [ -121.026299, 47.609524 ], [ -121.027267, 47.607939 ], [ -121.029754, 47.60705 ], [ -121.031483, 47.604529 ], [ -121.032451, 47.60168 ], [ -121.034456, 47.599577 ], [ -121.035699, 47.599391 ], [ -121.038117, 47.597386 ], [ -121.038532, 47.596169 ], [ -121.042056, 47.592666 ], [ -121.043507, 47.590423 ], [ -121.043162, 47.589491 ], [ -121.044061, 47.586734 ], [ -121.047099, 47.584447 ], [ -121.047929, 47.581132 ], [ -121.051865, 47.579498 ], [ -121.051451, 47.577673 ], [ -121.053108, 47.576275 ], [ -121.05449, 47.573563 ], [ -121.054214, 47.570436 ], [ -121.052696, 47.569173 ], [ -121.052282, 47.565018 ], [ -121.049452, 47.562261 ], [ -121.050559, 47.554321 ], [ -121.048624, 47.552728 ], [ -121.045936, 47.54946 ], [ -121.044901, 47.547454 ], [ -121.041865, 47.546237 ], [ -121.041521, 47.543806 ], [ -121.044972, 47.5404 ], [ -121.053176, 47.538129 ], [ -121.054104, 47.538137 ], [ -121.058949, 47.542291 ], [ -121.060626, 47.542055 ], [ -121.059961, 47.543479 ], [ -121.061165, 47.545657 ], [ -121.064752, 47.547148 ], [ -121.065678, 47.548476 ], [ -121.070934, 47.550953 ], [ -121.07523, 47.551101 ], [ -121.076422, 47.553924 ], [ -121.077707, 47.555389 ], [ -121.078698, 47.55926 ], [ -121.081637, 47.561174 ], [ -121.081761, 47.561923 ], [ -121.087799, 47.56653 ], [ -121.090105, 47.569836 ], [ -121.089236, 47.572105 ], [ -121.085877, 47.574049 ], [ -121.087374, 47.5744 ], [ -121.088227, 47.57658 ], [ -121.089664, 47.577337 ], [ -121.091074, 47.579207 ], [ -121.090681, 47.58099 ], [ -121.092252, 47.581751 ], [ -121.092106, 47.585154 ], [ -121.094192, 47.586835 ], [ -121.096206, 47.589397 ], [ -121.100247, 47.59049 ], [ -121.103526, 47.589531 ], [ -121.105073, 47.589866 ], [ -121.107996, 47.592261 ], [ -121.11038, 47.592567 ], [ -121.110715, 47.59474 ], [ -121.113569, 47.597288 ], [ -121.111102, 47.599781 ], [ -121.111381, 47.601621 ], [ -121.113196, 47.603477 ], [ -121.11564, 47.604197 ], [ -121.120104, 47.61159 ], [ -121.119931, 47.615746 ], [ -121.113738, 47.618 ], [ -121.113123, 47.618782 ], [ -121.113704, 47.621555 ], [ -121.11602, 47.624131 ], [ -121.117507, 47.624834 ], [ -121.118762, 47.626971 ], [ -121.120136, 47.627382 ], [ -121.124607, 47.627334 ], [ -121.126773, 47.631426 ], [ -121.127837, 47.632425 ], [ -121.1268, 47.634057 ], [ -121.126593, 47.638439 ], [ -121.128686, 47.639834 ], [ -121.131324, 47.644472 ], [ -121.133697, 47.645605 ], [ -121.132523, 47.648235 ], [ -121.13273, 47.649802 ], [ -121.131593, 47.650972 ], [ -121.130995, 47.654242 ], [ -121.131884, 47.655664 ], [ -121.128569, 47.655702 ], [ -121.125635, 47.657159 ], [ -121.124681, 47.659203 ], [ -121.124815, 47.661335 ], [ -121.123179, 47.663326 ], [ -121.123518, 47.664591 ], [ -121.125536, 47.666733 ], [ -121.127403, 47.671205 ], [ -121.12929, 47.673255 ], [ -121.128824, 47.676181 ], [ -121.126574, 47.677372 ], [ -121.126502, 47.678306 ], [ -121.123679, 47.680208 ], [ -121.122742, 47.683906 ], [ -121.121584, 47.685213 ], [ -121.118953, 47.685315 ], [ -121.114119, 47.686992 ], [ -121.112618, 47.686628 ], [ -121.109172, 47.688828 ], [ -121.105513, 47.688815 ], [ -121.099259, 47.692654 ], [ -121.094118, 47.695402 ], [ -121.091064, 47.698749 ], [ -121.09143, 47.70132 ], [ -121.090288, 47.702834 ], [ -121.088296, 47.703141 ], [ -121.084425, 47.702227 ], [ -121.079371, 47.701964 ], [ -121.077076, 47.703658 ], [ -121.074993, 47.703783 ], [ -121.068958, 47.706245 ], [ -121.067117, 47.706272 ], [ -121.065945, 47.709279 ], [ -121.066005, 47.713603 ], [ -121.069642, 47.717651 ], [ -121.073123, 47.719159 ], [ -121.078259, 47.72001 ], [ -121.083632, 47.722741 ], [ -121.086312, 47.727536 ], [ -121.087367, 47.728497 ], [ -121.08478, 47.72991 ], [ -121.084945, 47.732297 ], [ -121.08185, 47.734154 ], [ -121.080769, 47.737028 ], [ -121.078995, 47.73919 ], [ -121.081632, 47.742566 ], [ -121.082819, 47.743402 ], [ -121.086331, 47.744286 ], [ -121.089709, 47.746098 ], [ -121.092642, 47.753091 ], [ -121.092908, 47.755806 ], [ -121.094018, 47.758184 ], [ -121.099185, 47.758992 ], [ -121.100961, 47.757315 ], [ -121.10646, 47.756806 ], [ -121.109409, 47.757204 ], [ -121.110858, 47.758417 ], [ -121.110505, 47.761597 ], [ -121.107703, 47.766683 ], [ -121.109215, 47.76676 ], [ -121.11391, 47.770248 ], [ -121.11428, 47.771689 ], [ -121.119483, 47.775839 ], [ -121.118698, 47.778013 ], [ -121.119179, 47.779933 ], [ -121.120697, 47.782604 ], [ -121.120312, 47.784278 ], [ -121.116425, 47.786844 ], [ -121.11171, 47.787758 ], [ -121.109402, 47.789722 ], [ -121.109354, 47.792769 ], [ -121.105162, 47.795695 ], [ -121.099885, 47.79713 ], [ -121.097588, 47.798467 ], [ -121.094647, 47.799391 ], [ -121.092571, 47.800725 ], [ -121.092381, 47.805129 ], [ -121.089219, 47.805908 ], [ -121.084699, 47.807707 ], [ -121.08418, 47.809804 ], [ -121.082752, 47.811803 ], [ -121.081739, 47.816012 ], [ -121.078958, 47.818368 ], [ -121.074509, 47.822836 ], [ -121.073363, 47.82497 ], [ -121.070685, 47.826616 ], [ -121.070871, 47.830183 ], [ -121.073165, 47.830458 ], [ -121.07668, 47.831641 ], [ -121.078032, 47.833557 ], [ -121.080222, 47.834123 ], [ -121.08574, 47.832751 ], [ -121.095808, 47.832692 ], [ -121.098072, 47.831267 ], [ -121.100909, 47.830908 ], [ -121.106932, 47.828974 ], [ -121.111886, 47.82946 ], [ -121.118806, 47.830998 ], [ -121.121238, 47.832715 ], [ -121.121276, 47.836626 ], [ -121.123717, 47.838397 ], [ -121.130479, 47.838885 ], [ -121.133412, 47.839746 ], [ -121.134343, 47.843044 ], [ -121.136919, 47.843402 ], [ -121.139245, 47.842934 ], [ -121.146904, 47.843459 ], [ -121.149819, 47.844002 ], [ -121.153512, 47.845312 ], [ -121.153899, 47.846707 ], [ -121.15323, 47.851046 ], [ -121.15206, 47.852972 ], [ -121.148483, 47.85596 ], [ -121.147229, 47.857533 ], [ -121.14754, 47.858993 ], [ -121.14992, 47.86182 ], [ -121.152056, 47.866759 ], [ -121.152322, 47.868955 ], [ -121.157015, 47.874223 ], [ -121.158264, 47.876644 ], [ -121.157285, 47.882281 ], [ -121.15882, 47.88191 ], [ -121.162945, 47.87942 ], [ -121.166796, 47.879586 ], [ -121.167952, 47.881872 ], [ -121.169545, 47.883153 ], [ -121.171573, 47.883541 ], [ -121.175355, 47.885878 ], [ -121.176185, 47.888791 ], [ -121.176304, 47.891985 ], [ -121.176961, 47.893975 ], [ -121.17666, 47.895355 ], [ -121.178638, 47.896104 ], [ -121.180776, 47.898769 ], [ -121.178928, 47.901116 ] ] ] } },
{ "type": "Feature", "properties": { "geoid": "53033011802", "county_name": "King County", "place_name": "Seattle", "state_name": "Washington", "state_abbr": "WA", "is_rural": false, "dci_score": 39.2, "dci_quintile": 5.0, "is_cra_lmi": true, "income_level": "L", "is_persistent_poverty": false, "is_tribal_overlap": false, "tribal_area_name": null, "aian_pct": 0.0, "has_nmtc": true, "nmtc_projects": 1, "nmtc_total_usd": 5250000.0 }, "geometry": { "type": "Polygon", "coordinates": [ [ [ -122.27431, 47.522349 ], [ -122.269988, 47.523305 ], [ -122.266334, 47.523296 ], [ -122.264557, 47.523291 ], [ -122.259305, 47.523304 ], [ -122.249087, 47.524407 ], [ -122.246099, 47.522571 ], [ -122.240322, 47.519865 ], [ -122.25234, 47.512093 ], [ -122.254674, 47.513897 ], [ -122.25468, 47.513343 ], [ -122.259344, 47.513369 ], [ -122.264249, 47.513317 ], [ -122.269614, 47.516847 ], [ -122.270023, 47.517149 ], [ -122.270882, 47.518051 ], [ -122.271506, 47.519046 ], [ -122.272343, 47.519965 ], [ -122.274327, 47.521504 ], [ -122.27431, 47.522349 ] ] ] } },
{ "type": "Feature", "properties": { "geoid": "53053062502", "county_name": "Pierce County", "place_name": null, "state_name": "Washington", "state_abbr": "WA", "is_rural": false, "dci_score": 55.8, "dci_quintile": 4.0, "is_cra_lmi": true, "income_level": "M", "is_persistent_poverty": false, "is_tribal_overlap": false, "tribal_area_name": null, "aian_pct": 0.0, "has_nmtc": false, "nmtc_projects": 0, "nmtc_total_usd": 0.0 }, "geometry": { "type": "Polygon", "coordinates": [ [ [ -122.462442, 47.213876 ], [ -122.458265, 47.213819 ], [ -122.452429, 47.213738 ], [ -122.451006, 47.213707 ], [ -122.447909, 47.213702 ], [ -122.441873, 47.21364 ], [ -122.441826, 47.206402 ], [ -122.449751, 47.206436 ], [ -122.451072, 47.206435 ], [ -122.452344, 47.206448 ], [ -122.461477, 47.206565 ], [ -122.462442, 47.213876 ] ] ] } },
{ "type": "Feature", "properties": { "geoid": "53057952404", "county_name": "Skagit County", "place_name": null, "state_name": "Washington", "state_abbr": "WA", "is_rural": true, "dci_score": 35.9, "dci_quintile": 5.0, "is_cra_lmi": true, "income_level": "M", "is_persistent_poverty": false, "is_tribal_overlap": false, "tribal_area_name": null, "aian_pct": 0.0, "has_nmtc": false, "nmtc_projects": 0, "nmtc_total_usd": 0.0 }, "geometry": { "type": "Polygon", "coordinates": [ [ [ -122.313331, 48.420992 ], [ -122.305708, 48.420963 ], [ -122.305788, 48.417068 ], [ -122.305423, 48.413592 ], [ -122.313304, 48.413654 ], [ -122.313331, 48.420992 ] ] ] } },
{ "type": "Feature", "properties": { "geoid": "53061041906", "county_name": "Snohomish County", "place_name": null, "state_name": "Washington", "state_abbr": "WA", "is_rural": false, "dci_score": 81.9, "dci_quintile": 2.0, "is_cra_lmi": true, "income_level": "L", "is_persistent_poverty": false, "is_tribal_overlap": false, "tribal_area_name": null, "aian_pct": 0.0, "has_nmtc": false, "nmtc_projects": 0, "nmtc_total_usd": 0.0 }, "geometry": { "type": "Polygon", "coordinates": [ [ [ -122.271949, 47.922109 ], [ -122.262433, 47.922263 ], [ -122.260699, 47.922499 ], [ -122.258179, 47.922853 ], [ -122.246283, 47.923516 ], [ -122.240437, 47.923495 ], [ -122.240495, 47.921848 ], [ -122.244545, 47.921818 ], [ -122.249901, 47.921781 ], [ -122.249851, 47.917316 ], [ -122.250308, 47.914439 ], [ -122.257961, 47.914669 ], [ -122.257951, 47.907431 ], [ -122.260017, 47.907453 ], [ -122.26472, 47.907487 ], [ -122.266052, 47.907495 ], [ -122.271199, 47.907529 ], [ -122.271618, 47.909248 ], [ -122.271658, 47.911639 ], [ -122.271671, 47.915654 ], [ -122.271949, 47.922109 ] ] ] } },
{ "type": "Feature", "properties": { "geoid": "53025010700", "county_name": "Grant County", "place_name": null, "state_name": "Washington", "state_abbr": "WA", "is_rural": true, "dci_score": 45.9, "dci_quintile": 5.0, "is_cra_lmi": false, "income_level": "U", "is_persistent_poverty": false, "is_tribal_overlap": false, "tribal_area_name": null, "aian_pct": 0.0, "has_nmtc": false, "nmtc_projects": 0, "nmtc_total_usd": 0.0 }, "geometry": { "type": "Polygon", "coordinates": [ [ [ -120.042266, 47.076253 ], [ -120.040466, 47.081253 ], [ -120.038466, 47.085153 ], [ -120.037666, 47.087453 ], [ -120.034466, 47.093553 ], [ -120.027566, 47.105253 ], [ -120.026066, 47.106853 ], [ -120.018866, 47.110353 ], [ -120.011966, 47.111853 ], [ -120.010266, 47.113553 ], [ -120.009066, 47.117253 ], [ -120.002065, 47.126153 ], [ -120.001465, 47.127553 ], [ -119.999963, 47.136734 ], [ -120.000577, 47.143622 ], [ -120.001065, 47.145477 ], [ -119.992653, 47.147665 ], [ -119.988611, 47.14769 ], [ -119.985261, 47.148686 ], [ -119.984144, 47.148463 ], [ -119.98182, 47.149819 ], [ -119.978324, 47.149971 ], [ -119.975185, 47.151305 ], [ -119.973055, 47.149247 ], [ -119.969061, 47.149072 ], [ -119.96739, 47.149574 ], [ -119.96473, 47.149121 ], [ -119.959402, 47.149083 ], [ -119.953504, 47.149488 ], [ -119.951655, 47.149077 ], [ -119.949063, 47.150421 ], [ -119.945717, 47.150156 ], [ -119.944995, 47.150707 ], [ -119.941981, 47.150568 ], [ -119.93961, 47.152775 ], [ -119.937416, 47.151508 ], [ -119.9331, 47.153351 ], [ -119.929893, 47.153316 ], [ -119.928643, 47.148554 ], [ -119.924004, 47.148135 ], [ -119.921819, 47.149566 ], [ -119.922321, 47.151462 ], [ -119.917866, 47.154773 ], [ -119.918602, 47.156692 ], [ -119.918299, 47.161147 ], [ -119.91771, 47.16155 ], [ -119.914362, 47.160193 ], [ -119.886394, 47.16008 ], [ -119.875275, 47.161288 ], [ -119.853451, 47.1613 ], [ -119.853503, 47.119138 ], [ -119.852262, 47.117716 ], [ -119.849197, 47.113114 ], [ -119.844741, 47.109319 ], [ -119.837718, 47.105766 ], [ -119.83116, 47.103892 ], [ -119.829763, 47.103065 ], [ -119.829359, 47.102555 ], [ -119.826057, 47.103182 ], [ -119.620872, 47.103771 ], [ -119.557537, 47.10388 ], [ -119.363503, 47.103919 ], [ -119.345056, 47.103936 ], [ -119.345063, 47.102113 ], [ -119.336965, 47.102077 ], [ -119.337104, 47.094556 ], [ -119.337, 47.094241 ], [ -119.336165, 47.093193 ], [ -119.336031, 47.092962 ], [ -119.335928, 47.091969 ], [ -119.335569, 47.091156 ], [ -119.332731, 47.087901 ], [ -119.332424, 47.084866 ], [ -119.334615, 47.08179 ], [ -119.333731, 47.080002 ], [ -119.335445, 47.076507 ], [ -119.337195, 47.074464 ], [ -119.336535, 47.071616 ], [ -119.334992, 47.068762 ], [ -119.335482, 47.066619 ], [ -119.332719, 47.066095 ], [ -119.330231, 47.06391 ], [ -119.329156, 47.061557 ], [ -119.326847, 47.061362 ], [ -119.323511, 47.062189 ], [ -119.319619, 47.061561 ], [ -119.316502, 47.063563 ], [ -119.310307, 47.06377 ], [ -119.305979, 47.065133 ], [ -119.301669, 47.066078 ], [ -119.298942, 47.066271 ], [ -119.290806, 47.068097 ], [ -119.287545, 47.068625 ], [ -119.28486, 47.069616 ], [ -119.279217, 47.070796 ], [ -119.278819, 47.072476 ], [ -119.278717, 47.085575 ], [ -119.21526, 47.071221 ], [ -119.21521, 47.07509 ], [ -119.214983, 47.096086 ], [ -119.113457, 47.087106 ], [ -119.1076, 47.079323 ], [ -119.106533, 47.077376 ], [ -119.107888, 47.07075 ], [ -119.107203, 47.066447 ], [ -119.105983, 47.064187 ], [ -119.103607, 47.061355 ], [ -119.094584, 47.054705 ], [ -119.092998, 47.053078 ], [ -119.08998, 47.045507 ], [ -119.091925, 47.045455 ], [ -119.094507, 47.043924 ], [ -119.091619, 47.043327 ], [ -119.091891, 47.041885 ], [ -119.095035, 47.041253 ], [ -119.100713, 47.039113 ], [ -119.103617, 47.039403 ], [ -119.104669, 47.040214 ], [ -119.104414, 47.04289 ], [ -119.107672, 47.043772 ], [ -119.110832, 47.04275 ], [ -119.112178, 47.041291 ], [ -119.112729, 47.03884 ], [ -119.114765, 47.036393 ], [ -119.116601, 47.035679 ], [ -119.116848, 47.033836 ], [ -119.114961, 47.031836 ], [ -119.116082, 47.029839 ], [ -119.118382, 47.028949 ], [ -119.122557, 47.025734 ], [ -119.124762, 47.024636 ], [ -119.126458, 47.024522 ], [ -119.128432, 47.022933 ], [ -119.133941, 47.023435 ], [ -119.137037, 47.022367 ], [ -119.136469, 47.02173 ], [ -119.131842, 47.021547 ], [ -119.130103, 47.020773 ], [ -119.129945, 47.017971 ], [ -119.132857, 47.017325 ], [ -119.135766, 47.01856 ], [ -119.136969, 47.018265 ], [ -119.136915, 47.016038 ], [ -119.134448, 47.013103 ], [ -119.134955, 47.01199 ], [ -119.137081, 47.010406 ], [ -119.141685, 47.007952 ], [ -119.143297, 47.007607 ], [ -119.144963, 47.008956 ], [ -119.149397, 47.008497 ], [ -119.150419, 47.00371 ], [ -119.148168, 47.000995 ], [ -119.149443, 47.000255 ], [ -119.155094, 47.00035 ], [ -119.155878, 46.998814 ], [ -119.159318, 46.994987 ], [ -119.161908, 46.992964 ], [ -119.163664, 46.992471 ], [ -119.166261, 46.990618 ], [ -119.169484, 46.991842 ], [ -119.172741, 46.993935 ], [ -119.175782, 46.992413 ], [ -119.18133, 46.991298 ], [ -119.185439, 46.991562 ], [ -119.186675, 46.992246 ], [ -119.187669, 46.99445 ], [ -119.190445, 46.994279 ], [ -119.193529, 46.992934 ], [ -119.199213, 46.992255 ], [ -119.205559, 46.990289 ], [ -119.208988, 46.988582 ], [ -119.211241, 46.988579 ], [ -119.217615, 46.990324 ], [ -119.220241, 46.990483 ], [ -119.226701, 46.990027 ], [ -119.232241, 46.988905 ], [ -119.23783, 46.98827 ], [ -119.239223, 46.988128 ], [ -119.2427, 46.987055 ], [ -119.24825, 46.986104 ], [ -119.251129, 46.986558 ], [ -119.266996, 46.985405 ], [ -119.275681, 46.985378 ], [ -119.281975, 46.984841 ], [ -119.282823, 46.984848 ], [ -119.29199, 46.983697 ], [ -119.344051, 46.983027 ], [ -119.353513, 46.983735 ], [ -119.356311, 46.982622 ], [ -119.35793, 46.983115 ], [ -119.362048, 46.982345 ], [ -119.36539, 46.982969 ], [ -119.368377, 46.981372 ], [ -119.371421, 46.980586 ], [ -119.37324, 46.981188 ], [ -119.377001, 46.981003 ], [ -119.378549, 46.980181 ], [ -119.381297, 46.980215 ], [ -119.384481, 46.979325 ], [ -119.385421, 46.980065 ], [ -119.388204, 46.980081 ], [ -119.388579, 46.981765 ], [ -119.392586, 46.981125 ], [ -119.395902, 46.981597 ], [ -119.400598, 46.981742 ], [ -119.408499, 46.97932 ], [ -119.411351, 46.979551 ], [ -119.418779, 46.97772 ], [ -119.422104, 46.975681 ], [ -119.424981, 46.975358 ], [ -119.444213, 46.970943 ], [ -119.446446, 46.969942 ], [ -119.447138, 46.968607 ], [ -119.448941, 46.968299 ], [ -119.452759, 46.969237 ], [ -119.462694, 46.968814 ], [ -119.469433, 46.96459 ], [ -119.481133, 46.965106 ], [ -119.486907, 46.964676 ], [ -119.489068, 46.965955 ], [ -119.491759, 46.965857 ], [ -119.492937, 46.966698 ], [ -119.502827, 46.965691 ], [ -119.504859, 46.964075 ], [ -119.510481, 46.962778 ], [ -119.51187, 46.960818 ], [ -119.541766, 46.960959 ], [ -119.556047, 46.962906 ], [ -119.557649, 46.962996 ], [ -119.563179, 46.963077 ], [ -119.578673, 46.964643 ], [ -119.580485, 46.965189 ], [ -119.599571, 46.971835 ], [ -119.601014, 46.972055 ], [ -119.612528, 46.97213 ], [ -119.614544, 46.972443 ], [ -119.625787, 46.975546 ], [ -119.660196, 46.97777 ], [ -119.669725, 46.977599 ], [ -119.673733, 46.978514 ], [ -119.677285, 46.979979 ], [ -119.684417, 46.981432 ], [ -119.687681, 46.982945 ], [ -119.690237, 46.98308 ], [ -119.698111, 46.984519 ], [ -119.701491, 46.986123 ], [ -119.703173, 46.986394 ], [ -119.710997, 46.986385 ], [ -119.7162, 46.987368 ], [ -119.717914, 46.987463 ], [ -119.729473, 46.986655 ], [ -119.741299, 46.986419 ], [ -119.744889, 46.987036 ], [ -119.749955, 46.986617 ], [ -119.751152, 46.986439 ], [ -119.760496, 46.986385 ], [ -119.780326, 46.986345 ], [ -119.782009, 46.987285 ], [ -119.782278, 46.990622 ], [ -119.784344, 46.991439 ], [ -119.792243, 46.992323 ], [ -119.794373, 46.992879 ], [ -119.812963, 47.000655 ], [ -119.814577, 47.00086 ], [ -119.876962, 47.000883 ], [ -119.876804, 47.01539 ], [ -119.940687, 47.01491 ], [ -119.940373, 47.024242 ], [ -119.939557, 47.026054 ], [ -119.953015, 47.01028 ], [ -119.954907, 47.008675 ], [ -119.958917, 47.006999 ], [ -119.967012, 47.005609 ], [ -119.971366, 47.003957 ], [ -119.973586, 47.001439 ], [ -119.974006, 46.999065 ], [ -119.973371, 46.997155 ], [ -119.970386, 46.992738 ], [ -119.969569, 46.990883 ], [ -119.967163, 46.982859 ], [ -119.969169, 46.981633 ], [ -119.974103, 46.980289 ], [ -119.978554, 46.980392 ], [ -119.979743, 46.980798 ], [ -119.990526, 46.977275 ], [ -119.992858, 46.98052 ], [ -119.994914, 46.985026 ], [ -119.996837, 46.986972 ], [ -119.998179, 46.989704 ], [ -120.001122, 46.993641 ], [ -120.002143, 46.99732 ], [ -120.002465, 47.001153 ], [ -120.001265, 47.005353 ], [ -120.001365, 47.008153 ], [ -120.001865, 47.010153 ], [ -120.005065, 47.014553 ], [ -120.005765, 47.016253 ], [ -120.005865, 47.021153 ], [ -120.006265, 47.024953 ], [ -120.007265, 47.028553 ], [ -120.007265, 47.033653 ], [ -120.009265, 47.037253 ], [ -120.011165, 47.039353 ], [ -120.020865, 47.046353 ], [ -120.024666, 47.048653 ], [ -120.032966, 47.054253 ], [ -120.037566, 47.058853 ], [ -120.038966, 47.060853 ], [ -120.041866, 47.067053 ], [ -120.042866, 47.073453 ], [ -120.042266, 47.076253 ] ] ] } },
{ "type": "Feature", "properties": { "geoid": "53033004402", "county_name": "King County", "place_name": null, "state_name": "Washington", "state_abbr": "WA", "is_rural": false, "dci_score": 58.7, "dci_quintile": 4.0, "is_cra_lmi": false, "income_level": "NA", "is_persistent_poverty": false, "is_tribal_overlap": false, "tribal_area_name": null, "aian_pct": 0.0, "has_nmtc": false, "nmtc_projects": 0, "nmtc_total_usd": 0.0 }, "geometry": { "type": "Polygon", "coordinates": [ [ [ -122.317365, 47.668575 ], [ -122.317365, 47.672013 ], [ -122.314173, 47.671251 ], [ -122.312031, 47.67075 ], [ -122.311883, 47.668517 ], [ -122.311918, 47.666426 ], [ -122.311939, 47.664891 ], [ -122.31524, 47.664916 ], [ -122.317405, 47.664936 ], [ -122.317365, 47.668575 ] ] ] } },
{ "type": "Feature", "properties": { "geoid": "53033005307", "county_name": "King County", "place_name": null, "state_name": "Washington", "state_abbr": "WA", "is_rural": false, "dci_score": 58.7, "dci_quintile": 4.0, "is_cra_lmi": false, "income_level": "NA", "is_persistent_poverty": false, "is_tribal_overlap": false, "tribal_area_name": null, "aian_pct": 0.0, "has_nmtc": false, "nmtc_projects": 0, "nmtc_total_usd": 0.0 }, "geometry": { "type": "Polygon", "coordinates": [ [ [ -122.310803, 47.664882 ], [ -122.309477, 47.664874 ], [ -122.308329, 47.664865 ], [ -122.306508, 47.664852 ], [ -122.306519, 47.663053 ], [ -122.30653, 47.661255 ], [ -122.308383, 47.661257 ], [ -122.309514, 47.661257 ], [ -122.310859, 47.661259 ], [ -122.310803, 47.664882 ] ] ] } },
{ "type": "Feature", "properties": { "geoid": "53063013002", "county_name": "Spokane County", "place_name": null, "state_name": "Washington", "state_abbr": "WA", "is_rural": false, "dci_score": 15.2, "dci_quintile": 5.0, "is_cra_lmi": true, "income_level": "M", "is_persistent_poverty": false, "is_tribal_overlap": false, "tribal_area_name": null, "aian_pct": 0.0, "has_nmtc": false, "nmtc_projects": 0, "nmtc_total_usd": 0.0 }, "geometry": { "type": "Polygon", "coordinates": [ [ [ -117.196623, 47.669279 ], [ -117.179988, 47.666008 ], [ -117.17508, 47.665687 ], [ -117.175065, 47.656933 ], [ -117.177774, 47.656941 ], [ -117.1859, 47.656967 ], [ -117.185905, 47.653352 ], [ -117.187, 47.653305 ], [ -117.196609, 47.65337 ], [ -117.196593, 47.657025 ], [ -117.196584, 47.660657 ], [ -117.196623, 47.669279 ] ] ] } },
{ "type": "Feature", "properties": { "geoid": "53033000404", "county_name": "King County", "place_name": null, "state_name": "Washington", "state_abbr": "WA", "is_rural": false, "dci_score": 41.8, "dci_quintile": 5.0, "is_cra_lmi": true, "income_level": "L", "is_persistent_poverty": false, "is_tribal_overlap": false, "tribal_area_name": null, "aian_pct": 0.0, "has_nmtc": false, "nmtc_projects": 0, "nmtc_total_usd": 0.0 }, "geometry": { "type": "Polygon", "coordinates": [ [ [ -122.355572, 47.734129 ], [ -122.345211, 47.734127 ], [ -122.34509, 47.733362 ], [ -122.345064, 47.731037 ], [ -122.345038, 47.728676 ], [ -122.344978, 47.723237 ], [ -122.348143, 47.723217 ], [ -122.347677, 47.726909 ], [ -122.347726, 47.727768 ], [ -122.350574, 47.727855 ], [ -122.355559, 47.728739 ], [ -122.355569, 47.732312 ], [ -122.355572, 47.734129 ] ] ] } },
{ "type": "Feature", "properties": { "geoid": "53021020202", "county_name": "Franklin County", "place_name": null, "state_name": "Washington", "state_abbr": "WA", "is_rural": false, "dci_score": 46.6, "dci_quintile": 5.0, "is_cra_lmi": true, "income_level": "M", "is_persistent_poverty": false, "is_tribal_overlap": false, "tribal_area_name": null, "aian_pct": 0.0, "has_nmtc": false, "nmtc_projects": 0, "nmtc_total_usd": 0.0 }, "geometry": { "type": "Polygon", "coordinates": [ [ [ -119.107206, 46.241406 ], [ -119.102031, 46.24135 ], [ -119.094924, 46.241268 ], [ -119.094797, 46.249711 ], [ -119.092732, 46.250106 ], [ -119.083889, 46.232471 ], [ -119.092231, 46.230491 ], [ -119.094187, 46.234428 ], [ -119.095992, 46.233999 ], [ -119.102816, 46.234034 ], [ -119.107358, 46.234064 ], [ -119.107206, 46.241406 ] ] ] } },
{ "type": "Feature", "properties": { "geoid": "53063002503", "county_name": "Spokane County", "place_name": null, "state_name": "Washington", "state_abbr": "WA", "is_rural": false, "dci_score": 78.4, "dci_quintile": 3.0, "is_cra_lmi": false, "income_level": "NA", "is_persistent_poverty": false, "is_tribal_overlap": false, "tribal_area_name": null, "aian_pct": 0.0, "has_nmtc": true, "nmtc_projects": 1, "nmtc_total_usd": 0.0 }, "geometry": { "type": "Polygon", "coordinates": [ [ [ -117.411141, 47.670612 ], [ -117.396545, 47.670624 ], [ -117.396531, 47.661823 ], [ -117.395929, 47.660053 ], [ -117.398109, 47.65961 ], [ -117.404092, 47.664438 ], [ -117.40591, 47.665183 ], [ -117.406855, 47.664947 ], [ -117.408739, 47.663401 ], [ -117.411151, 47.662759 ], [ -117.411141, 47.670612 ] ] ] } },
{ "type": "Feature", "properties": { "geoid": "53061052402", "county_name": "Snohomish County", "place_name": null, "state_name": "Washington", "state_abbr": "WA", "is_rural": false, "dci_score": 9.5, "dci_quintile": 5.0, "is_cra_lmi": false, "income_level": "U", "is_persistent_poverty": false, "is_tribal_overlap": false, "tribal_area_name": null, "aian_pct": 0.0, "has_nmtc": false, "nmtc_projects": 0, "nmtc_total_usd": 0.0 }, "geometry": { "type": "Polygon", "coordinates": [ [ [ -122.09835, 47.916063 ], [ -122.097961, 47.923034 ], [ -122.097913, 47.92384 ], [ -122.097177, 47.923992 ], [ -122.085453, 47.924102 ], [ -122.080321, 47.924205 ], [ -122.079532, 47.923117 ], [ -122.080996, 47.922021 ], [ -122.082662, 47.918748 ], [ -122.083697, 47.917734 ], [ -122.083433, 47.91298 ], [ -122.081488, 47.911039 ], [ -122.082215, 47.909612 ], [ -122.078706, 47.906564 ], [ -122.079657, 47.903518 ], [ -122.08275, 47.904467 ], [ -122.084869, 47.902462 ], [ -122.090551, 47.904714 ], [ -122.090147, 47.906019 ], [ -122.094925, 47.910187 ], [ -122.09867, 47.910634 ], [ -122.09835, 47.916063 ] ] ] } },
{ "type": "Feature", "properties": { "geoid": "53071920701", "county_name": "Walla Walla County", "place_name": null, "state_name": "Washington", "state_abbr": "WA", "is_rural": true, "dci_score": 56.8, "dci_quintile": 4.0, "is_cra_lmi": true, "income_level": "M", "is_persistent_poverty": false, "is_tribal_overlap": false, "tribal_area_name": null, "aian_pct": 0.0, "has_nmtc": false, "nmtc_projects": 0, "nmtc_total_usd": 0.0 }, "geometry": { "type": "Polygon", "coordinates": [ [ [ -118.336896, 46.067349 ], [ -118.334729, 46.069078 ], [ -118.330788, 46.067959 ], [ -118.328012, 46.068381 ], [ -118.326808, 46.068739 ], [ -118.323376, 46.069256 ], [ -118.323396, 46.064033 ], [ -118.325103, 46.064034 ], [ -118.325118, 46.062142 ], [ -118.325171, 46.059407 ], [ -118.325192, 46.05761 ], [ -118.325068, 46.056776 ], [ -118.325193, 46.053395 ], [ -118.325224, 46.050022 ], [ -118.325991, 46.049998 ], [ -118.3277, 46.049479 ], [ -118.335613, 46.049401 ], [ -118.335614, 46.05071 ], [ -118.335607, 46.05101 ], [ -118.335614, 46.054832 ], [ -118.335615, 46.056342 ], [ -118.335601, 46.058494 ], [ -118.333879, 46.058501 ], [ -118.335309, 46.061715 ], [ -118.335544, 46.062053 ], [ -118.339714, 46.067159 ], [ -118.336896, 46.067349 ] ] ] } },
{ "type": "Feature", "properties": { "geoid": "53011041207", "county_name": "Clark County", "place_name": null, "state_name": "Washington", "state_abbr": "WA", "is_rural": false, "dci_score": 27.8, "dci_quintile": 5.0, "is_cra_lmi": true, "income_level": "M", "is_persistent_poverty": false, "is_tribal_overlap": false, "tribal_area_name": null, "aian_pct": 0.0, "has_nmtc": false, "nmtc_projects": 0, "nmtc_total_usd": 0.0 }, "geometry": { "type": "Polygon", "coordinates": [ [ [ -122.575633, 45.621536 ], [ -122.575136, 45.621431 ], [ -122.573254, 45.621032 ], [ -122.562786, 45.62099 ], [ -122.558944, 45.621023 ], [ -122.557757, 45.618409 ], [ -122.554226, 45.614601 ], [ -122.556146, 45.614336 ], [ -122.561286, 45.614386 ], [ -122.571265, 45.614457 ], [ -122.571235, 45.616053 ], [ -122.574977, 45.616024 ], [ -122.574982, 45.61804 ], [ -122.575606, 45.619382 ], [ -122.575601, 45.61974 ], [ -122.575633, 45.621536 ] ] ] } },
{ "type": "Feature", "properties": { "geoid": "53053072908", "county_name": "Pierce County", "place_name": null, "state_name": "Washington", "state_abbr": "WA", "is_rural": false, "dci_score": 81.4, "dci_quintile": 2.0, "is_cra_lmi": true, "income_level": "L", "is_persistent_poverty": false, "is_tribal_overlap": false, "tribal_area_name": null, "aian_pct": 0.0, "has_nmtc": false, "nmtc_projects": 0, "nmtc_total_usd": 0.0 }, "geometry": { "type": "Polygon", "coordinates": [ [ [ -122.638347, 47.087355 ], [ -122.632889, 47.089065 ], [ -122.63281, 47.089472 ], [ -122.63443, 47.089593 ], [ -122.636957, 47.08961 ], [ -122.629975, 47.091337 ], [ -122.623549, 47.092386 ], [ -122.620876, 47.093419 ], [ -122.618811, 47.094305 ], [ -122.616816, 47.09522 ], [ -122.606483, 47.100258 ], [ -122.598824, 47.102404 ], [ -122.593448, 47.102891 ], [ -122.588309, 47.104101 ], [ -122.587189, 47.102295 ], [ -122.586738, 47.101608 ], [ -122.586959, 47.098605 ], [ -122.58639, 47.091663 ], [ -122.587208, 47.090048 ], [ -122.593906, 47.08288 ], [ -122.595266, 47.079275 ], [ -122.603018, 47.08079 ], [ -122.6063, 47.081947 ], [ -122.606541, 47.081372 ], [ -122.614397, 47.083473 ], [ -122.622528, 47.087026 ], [ -122.625583, 47.087791 ], [ -122.626671, 47.086899 ], [ -122.627824, 47.086665 ], [ -122.628083, 47.082732 ], [ -122.630233, 47.081262 ], [ -122.633692, 47.080492 ], [ -122.636208, 47.082125 ], [ -122.636183, 47.086687 ], [ -122.638347, 47.087355 ] ] ] } },
{ "type": "Feature", "properties": { "geoid": "53057952303", "county_name": "Skagit County", "place_name": "Pasco", "state_name": "Washington", "state_abbr": "WA", "is_rural": true, "dci_score": 56.4, "dci_quintile": 4.0, "is_cra_lmi": false, "income_level": "U", "is_persistent_poverty": false, "is_tribal_overlap": false, "tribal_area_name": null, "aian_pct": 0.0, "has_nmtc": false, "nmtc_projects": 0, "nmtc_total_usd": 0.0 }, "geometry": { "type": "Polygon", "coordinates": [ [ [ -122.330806, 48.428468 ], [ -122.314957, 48.428332 ], [ -122.313437, 48.428332 ], [ -122.302646, 48.428271 ], [ -122.29856, 48.428238 ], [ -122.29799, 48.425972 ], [ -122.295212, 48.424746 ], [ -122.29525, 48.420957 ], [ -122.305708, 48.420963 ], [ -122.313331, 48.420992 ], [ -122.314717, 48.421002 ], [ -122.318837, 48.421034 ], [ -122.329687, 48.421124 ], [ -122.330644, 48.421131 ], [ -122.330806, 48.428468 ] ] ] } },
{ "type": "Feature", "properties": { "geoid": "53047970302", "county_name": "Okanogan County", "place_name": null, "state_name": "Washington", "state_abbr": "WA", "is_rural": true, "dci_score": 88.5, "dci_quintile": 2.0, "is_cra_lmi": true, "income_level": "M", "is_persistent_poverty": false, "is_tribal_overlap": false, "tribal_area_name": null, "aian_pct": 0.0, "has_nmtc": false, "nmtc_projects": 0, "nmtc_total_usd": 0.0 }, "geometry": { "type": "Polygon", "coordinates": [ [ [ -119.442094954048997, 49.000256698423001 ], [ -119.428678, 49.000253 ], [ -119.180728023772005, 49.000290438741203 ], [ -119.182514, 48.997672 ], [ -119.184001, 48.993926 ], [ -119.185936, 48.992879 ], [ -119.186144, 48.990593 ], [ -119.187727, 48.988548 ], [ -119.188659, 48.985488 ], [ -119.189812, 48.984497 ], [ -119.189274, 48.983483 ], [ -119.190666, 48.981903 ], [ -119.194256, 48.980642 ], [ -119.195138, 48.978136 ], [ -119.196512, 48.977687 ], [ -119.195229, 48.976135 ], [ -119.197965, 48.973341 ], [ -119.196147, 48.973628 ], [ -119.193537, 48.974977 ], [ -119.19109, 48.976877 ], [ -119.188487, 48.978149 ], [ -119.181822, 48.979689 ], [ -119.180257, 48.979171 ], [ -119.17423, 48.978595 ], [ -119.171382, 48.977304 ], [ -119.170729, 48.97525 ], [ -119.16818, 48.973472 ], [ -119.165793, 48.972487 ], [ -119.160806, 48.969438 ], [ -119.157556, 48.969052 ], [ -119.153642, 48.966597 ], [ -119.152143, 48.964839 ], [ -119.148237, 48.962018 ], [ -119.145332, 48.958622 ], [ -119.144484, 48.956617 ], [ -119.14285, 48.955173 ], [ -119.142678, 48.953786 ], [ -119.143906, 48.95134 ], [ -119.142172, 48.948385 ], [ -119.142061, 48.946553 ], [ -119.143896, 48.945633 ], [ -119.143524, 48.944933 ], [ -119.140677, 48.942692 ], [ -119.135798, 48.941096 ], [ -119.131736, 48.940078 ], [ -119.1291, 48.93727 ], [ -119.129078, 48.934545 ], [ -119.131705, 48.931617 ], [ -119.135373, 48.929171 ], [ -119.138312, 48.928089 ], [ -119.145402, 48.928052 ], [ -119.148917, 48.926494 ], [ -119.15414, 48.925885 ], [ -119.156243, 48.92608 ], [ -119.159516, 48.925328 ], [ -119.166509, 48.921002 ], [ -119.170799, 48.917228 ], [ -119.172455, 48.916855 ], [ -119.176609, 48.916937 ], [ -119.184767, 48.914674 ], [ -119.190572, 48.913369 ], [ -119.198327, 48.914076 ], [ -119.206219, 48.913065 ], [ -119.208662, 48.913888 ], [ -119.213446, 48.91438 ], [ -119.216245, 48.913983 ], [ -119.221546, 48.911333 ], [ -119.225675, 48.910728 ], [ -119.232045, 48.908886 ], [ -119.230741, 48.907213 ], [ -119.232425, 48.905305 ], [ -119.235784, 48.904026 ], [ -119.237274, 48.901889 ], [ -119.236002, 48.899796 ], [ -119.233746, 48.893719 ], [ -119.231222, 48.890674 ], [ -119.227169, 48.888426 ], [ -119.225907, 48.886022 ], [ -119.224514, 48.884906 ], [ -119.218759, 48.88415 ], [ -119.215701, 48.881881 ], [ -119.214963, 48.879466 ], [ -119.215375, 48.876613 ], [ -119.216864, 48.873614 ], [ -119.21611, 48.870449 ], [ -119.217063, 48.866515 ], [ -119.215016, 48.862826 ], [ -119.214952, 48.856707 ], [ -119.215091, 48.852609 ], [ -119.216956, 48.850089 ], [ -119.219899, 48.847742 ], [ -119.222344, 48.846535 ], [ -119.224255, 48.844029 ], [ -119.230918, 48.837704 ], [ -119.232099, 48.835785 ], [ -119.232106, 48.829496 ], [ -119.233776, 48.828984 ], [ -119.237319, 48.82376 ], [ -119.237335, 48.82249 ], [ -119.237154, 48.821248 ], [ -119.235491, 48.820793 ], [ -119.238654, 48.820075 ], [ -119.244016, 48.820331 ], [ -119.249608, 48.818217 ], [ -119.251199, 48.817091 ], [ -119.253227, 48.814714 ], [ -119.254521, 48.814094 ], [ -119.261591, 48.81412 ], [ -119.264581, 48.812591 ], [ -119.264608, 48.802067 ], [ -119.26485, 48.800975 ], [ -119.266782, 48.799744 ], [ -119.270085, 48.799604 ], [ -119.291311, 48.79967 ], [ -119.293244, 48.799527 ], [ -119.301915, 48.797463 ], [ -119.303203, 48.796759 ], [ -119.30566, 48.793181 ], [ -119.305269, 48.79135 ], [ -119.30869, 48.790092 ], [ -119.309783, 48.78721 ], [ -119.313744, 48.785398 ], [ -119.315023, 48.782933 ], [ -119.314257, 48.78089 ], [ -119.314455, 48.776935 ], [ -119.317334, 48.775446 ], [ -119.317694, 48.774326 ], [ -119.316817, 48.772154 ], [ -119.317022, 48.767837 ], [ -119.321421, 48.763648 ], [ -119.326039, 48.76058 ], [ -119.327957, 48.758838 ], [ -119.328982, 48.759351 ], [ -119.334401, 48.759943 ], [ -119.339335, 48.757197 ], [ -119.341285, 48.755106 ], [ -119.343412, 48.751401 ], [ -119.349187, 48.750653 ], [ -119.350927, 48.751221 ], [ -119.353646, 48.751066 ], [ -119.355793, 48.750176 ], [ -119.359398, 48.747188 ], [ -119.363151, 48.746057 ], [ -119.366321, 48.747458 ], [ -119.371251, 48.746466 ], [ -119.37617, 48.746797 ], [ -119.376835, 48.747836 ], [ -119.379145, 48.74723 ], [ -119.38172, 48.748149 ], [ -119.383138, 48.749856 ], [ -119.382891, 48.750814 ], [ -119.384557, 48.751887 ], [ -119.388186, 48.751496 ], [ -119.392126, 48.752045 ], [ -119.394563, 48.752984 ], [ -119.398486, 48.751939 ], [ -119.405356, 48.751688 ], [ -119.407442, 48.75285 ], [ -119.408566, 48.754095 ], [ -119.408444, 48.758641 ], [ -119.411864, 48.761497 ], [ -119.409931, 48.762228 ], [ -119.407816, 48.764376 ], [ -119.406705, 48.76794 ], [ -119.407681, 48.770799 ], [ -119.409722, 48.772187 ], [ -119.410043, 48.773292 ], [ -119.406378, 48.775312 ], [ -119.404768, 48.778071 ], [ -119.405587, 48.780132 ], [ -119.405347, 48.783361 ], [ -119.402967, 48.787064 ], [ -119.402748, 48.789305 ], [ -119.404369, 48.791525 ], [ -119.405358, 48.793829 ], [ -119.405119, 48.794919 ], [ -119.403019, 48.797797 ], [ -119.402716, 48.799239 ], [ -119.403158, 48.804234 ], [ -119.40366, 48.804789 ], [ -119.407871, 48.805922 ], [ -119.409683, 48.806943 ], [ -119.409599, 48.808795 ], [ -119.406762, 48.811553 ], [ -119.405752, 48.813281 ], [ -119.405493, 48.818327 ], [ -119.406209, 48.818975 ], [ -119.411847, 48.821483 ], [ -119.414558, 48.822385 ], [ -119.417989, 48.822645 ], [ -119.419797, 48.823826 ], [ -119.419831, 48.825367 ], [ -119.419642, 48.825945 ], [ -119.415539, 48.828714 ], [ -119.41273, 48.83228 ], [ -119.411908, 48.83675 ], [ -119.412313, 48.839244 ], [ -119.417747, 48.840901 ], [ -119.421819, 48.844106 ], [ -119.423515, 48.84836 ], [ -119.427226, 48.850925 ], [ -119.424656, 48.853061 ], [ -119.421264, 48.854321 ], [ -119.411244, 48.854335 ], [ -119.409675, 48.855167 ], [ -119.409315, 48.857084 ], [ -119.415995, 48.859332 ], [ -119.417083, 48.860649 ], [ -119.417992, 48.863973 ], [ -119.416738, 48.866452 ], [ -119.416523, 48.871377 ], [ -119.417314, 48.872859 ], [ -119.419289, 48.873218 ], [ -119.423657, 48.872202 ], [ -119.429776, 48.872781 ], [ -119.432577, 48.872186 ], [ -119.433814, 48.872826 ], [ -119.433945, 48.87461 ], [ -119.437725, 48.878291 ], [ -119.437688, 48.879054 ], [ -119.43662, 48.879694 ], [ -119.434038, 48.879743 ], [ -119.430001, 48.881242 ], [ -119.428854, 48.882447 ], [ -119.428019, 48.885196 ], [ -119.428471, 48.890272 ], [ -119.429761, 48.891452 ], [ -119.435916, 48.889953 ], [ -119.439083, 48.890548 ], [ -119.440935, 48.891675 ], [ -119.440637, 48.894218 ], [ -119.436456, 48.895074 ], [ -119.432414, 48.897857 ], [ -119.431881, 48.89861 ], [ -119.429656, 48.905224 ], [ -119.429449, 48.907439 ], [ -119.43215, 48.907638 ], [ -119.434216, 48.906071 ], [ -119.43817, 48.906498 ], [ -119.441861, 48.909444 ], [ -119.441939, 48.9106 ], [ -119.441159, 48.910991 ], [ -119.437435, 48.909922 ], [ -119.434433, 48.910476 ], [ -119.43493, 48.913061 ], [ -119.433632, 48.916269 ], [ -119.432521, 48.917891 ], [ -119.425963, 48.918111 ], [ -119.423654, 48.91768 ], [ -119.423207, 48.91788 ], [ -119.42047, 48.921194 ], [ -119.419144, 48.9247 ], [ -119.420328, 48.927221 ], [ -119.42147, 48.930847 ], [ -119.420205, 48.931273 ], [ -119.419572, 48.932889 ], [ -119.419808, 48.93349 ], [ -119.420194, 48.934475 ], [ -119.423841, 48.936921 ], [ -119.426258, 48.939016 ], [ -119.427093, 48.939023 ], [ -119.429948, 48.9397 ], [ -119.428806, 48.94197 ], [ -119.430985, 48.94194 ], [ -119.432244, 48.944097 ], [ -119.430735, 48.948153 ], [ -119.429419, 48.949527 ], [ -119.429044, 48.952157 ], [ -119.429336, 48.957075 ], [ -119.434334, 48.967731 ], [ -119.442094954048997, 49.000256698423001 ] ] ] } },
{ "type": "Feature", "properties": { "geoid": "53017950102", "county_name": "Douglas County", "place_name": "Othello", "state_name": "Washington", "state_abbr": "WA", "is_rural": true, "dci_score": 54.4, "dci_quintile": 4.0, "is_cra_lmi": true, "income_level": "M", "is_persistent_poverty": false, "is_tribal_overlap": true, "tribal_area_name": "Colville Reservation", "aian_pct": 0.0, "has_nmtc": false, "nmtc_projects": 0, "nmtc_total_usd": 0.0 }, "geometry": { "type": "Polygon", "coordinates": [ [ [ -119.877881, 47.829511 ], [ -119.876861, 47.830126 ], [ -119.862942, 47.830062 ], [ -119.86092, 47.830277 ], [ -119.861578, 47.830794 ], [ -119.862363, 47.843817 ], [ -119.858382, 47.8454 ], [ -119.857998, 47.847459 ], [ -119.856671, 47.848422 ], [ -119.856585, 47.857716 ], [ -119.857101, 47.858397 ], [ -119.856559, 47.861482 ], [ -119.856598, 47.865371 ], [ -119.85607, 47.866104 ], [ -119.851358, 47.866179 ], [ -119.851381, 47.869821 ], [ -119.846018, 47.869824 ], [ -119.846036, 47.873349 ], [ -119.835126, 47.873332 ], [ -119.835304, 47.88863 ], [ -119.834353, 47.890762 ], [ -119.832358, 47.892189 ], [ -119.825132, 47.895405 ], [ -119.824255, 47.89653 ], [ -119.824434, 47.902284 ], [ -119.805691, 47.902486 ], [ -119.801172, 47.901788 ], [ -119.797465, 47.902535 ], [ -119.739435, 47.902674 ], [ -119.738326, 47.90235 ], [ -119.737535, 47.901413 ], [ -119.734856, 47.892839 ], [ -119.735168, 47.890996 ], [ -119.734608, 47.889275 ], [ -119.731785, 47.885247 ], [ -119.730539, 47.884457 ], [ -119.727874, 47.88395 ], [ -119.723359, 47.884349 ], [ -119.717331, 47.884417 ], [ -119.7079, 47.883878 ], [ -119.706359, 47.882915 ], [ -119.704542, 47.885451 ], [ -119.705048, 47.888294 ], [ -119.705106, 47.89362 ], [ -119.704037, 47.897785 ], [ -119.702054, 47.901205 ], [ -119.700408, 47.902704 ], [ -119.695911, 47.906325 ], [ -119.69206, 47.912301 ], [ -119.691011, 47.915141 ], [ -119.686235, 47.919012 ], [ -119.684274, 47.92129 ], [ -119.680603, 47.924747 ], [ -119.678888, 47.929054 ], [ -119.675457, 47.93308 ], [ -119.674362, 47.936763 ], [ -119.671062, 47.939857 ], [ -119.665875, 47.94304 ], [ -119.663493, 47.947142 ], [ -119.661776, 47.955134 ], [ -119.659789, 47.959044 ], [ -119.65941, 47.960675 ], [ -119.655299, 47.965177 ], [ -119.652995, 47.968875 ], [ -119.653621, 47.97355 ], [ -119.653247, 47.975025 ], [ -119.648838, 47.983788 ], [ -119.648512, 47.986203 ], [ -119.650559, 47.991052 ], [ -119.653284, 47.990934 ], [ -119.668612, 47.997506 ], [ -119.674039, 47.999792 ], [ -119.676214, 48.001005 ], [ -119.676752, 48.001201 ], [ -119.67935, 48.002777 ], [ -119.681634, 48.004607 ], [ -119.68475, 48.007103 ], [ -119.685602, 48.007785 ], [ -119.688094, 48.011995 ], [ -119.689609, 48.014555 ], [ -119.695227, 48.024049 ], [ -119.690796, 48.024941 ], [ -119.690104, 48.024058 ], [ -119.688115, 48.022328 ], [ -119.684564, 48.019783 ], [ -119.674168, 48.014206 ], [ -119.668861, 48.010811 ], [ -119.664668, 48.008283 ], [ -119.658403, 48.002565 ], [ -119.654819, 48.001045 ], [ -119.651765, 48.000008 ], [ -119.647205, 47.998884 ], [ -119.637826, 47.996947 ], [ -119.633379, 47.996397 ], [ -119.628378, 47.99631 ], [ -119.624058, 47.996771 ], [ -119.620724, 47.996782 ], [ -119.615522, 47.99903 ], [ -119.614447, 48.000089 ], [ -119.61138, 48.004735 ], [ -119.610316, 48.006817 ], [ -119.607546, 48.010704 ], [ -119.604223, 48.013896 ], [ -119.601661, 48.015563 ], [ -119.599087, 48.017879 ], [ -119.595103, 48.020856 ], [ -119.590835, 48.023424 ], [ -119.583222, 48.027005 ], [ -119.578427, 48.028804 ], [ -119.570922, 48.031976 ], [ -119.5644, 48.035474 ], [ -119.559619, 48.039064 ], [ -119.554697, 48.04437 ], [ -119.550871, 48.046621 ], [ -119.549838, 48.046835 ], [ -119.545807, 48.049735 ], [ -119.539032, 48.052789 ], [ -119.530386, 48.054018 ], [ -119.524131, 48.057043 ], [ -119.52003, 48.060258 ], [ -119.517571, 48.062615 ], [ -119.516516, 48.066842 ], [ -119.516601, 48.06961 ], [ -119.515911, 48.071728 ], [ -119.516111, 48.074784 ], [ -119.513356, 48.076756 ], [ -119.509368, 48.07901 ], [ -119.507232, 48.079612 ], [ -119.500994, 48.082429 ], [ -119.499309, 48.082702 ], [ -119.495286, 48.082518 ], [ -119.492786, 48.081999 ], [ -119.486468, 48.079332 ], [ -119.484172, 48.0787 ], [ -119.472847, 48.078195 ], [ -119.4703, 48.078632 ], [ -119.466896, 48.08029 ], [ -119.460731, 48.080075 ], [ -119.456956, 48.078911 ], [ -119.449876, 48.078141 ], [ -119.445149, 48.079203 ], [ -119.440732, 48.078667 ], [ -119.436257, 48.076688 ], [ -119.433937, 48.074872 ], [ -119.430534, 48.07084 ], [ -119.429823, 48.070448 ], [ -119.427564, 48.066885 ], [ -119.423252, 48.062562 ], [ -119.41797, 48.059162 ], [ -119.412394, 48.056218 ], [ -119.408809, 48.05474 ], [ -119.406358, 48.053125 ], [ -119.405864, 48.052031 ], [ -119.402233, 48.050418 ], [ -119.396215, 48.04982 ], [ -119.391922, 48.050064 ], [ -119.385831, 48.051142 ], [ -119.379002, 48.051643 ], [ -119.370477, 48.052669 ], [ -119.366691, 48.052798 ], [ -119.360007, 48.052295 ], [ -119.355788, 48.051669 ], [ -119.34823, 48.050017 ], [ -119.343523, 48.049432 ], [ -119.341229, 48.049847 ], [ -119.338581, 48.050923 ], [ -119.335145, 48.053335 ], [ -119.333111, 48.056036 ], [ -119.330434, 48.062393 ], [ -119.330239, 48.063956 ], [ -119.327934, 48.070274 ], [ -119.328078, 48.075316 ], [ -119.328802, 48.079357 ], [ -119.32973, 48.080706 ], [ -119.329611, 48.084201 ], [ -119.328286, 48.090657 ], [ -119.327521, 48.096656 ], [ -119.32469, 48.100129 ], [ -119.317135, 48.106023 ], [ -119.312317, 48.108899 ], [ -119.307295, 48.111782 ], [ -119.303186, 48.113342 ], [ -119.298585, 48.115485 ], [ -119.292075, 48.114973 ], [ -119.288563, 48.113989 ], [ -119.269423, 48.104561 ], [ -119.266695, 48.104079 ], [ -119.262995, 48.102606 ], [ -119.260161, 48.10211 ], [ -119.254392, 48.102234 ], [ -119.252553, 48.102586 ], [ -119.246895, 48.104689 ], [ -119.237567, 48.109389 ], [ -119.234682, 48.112351 ], [ -119.233006, 48.113294 ], [ -119.221892, 48.116502 ], [ -119.220035, 48.116484 ], [ -119.215301, 48.115313 ], [ -119.213842, 48.115463 ], [ -119.211656, 48.116219 ], [ -119.20837, 48.11812 ], [ -119.200186, 48.125197 ], [ -119.195895, 48.126715 ], [ -119.192322, 48.128559 ], [ -119.189187, 48.129358 ], [ -119.1871, 48.129313 ], [ -119.182488, 48.128168 ], [ -119.179346, 48.12789 ], [ -119.177023, 48.128286 ], [ -119.172819, 48.130547 ], [ -119.170252, 48.132507 ], [ -119.16543, 48.13724 ], [ -119.160109, 48.140845 ], [ -119.155775, 48.143252 ], [ -119.153728, 48.144973 ], [ -119.150983, 48.146067 ], [ -119.144007, 48.14715 ], [ -119.141284, 48.147856 ], [ -119.13531, 48.150749 ], [ -119.130963, 48.151187 ], [ -119.126521, 48.150555 ], [ -119.123772, 48.149709 ], [ -119.119682, 48.147896 ], [ -119.114307, 48.144975 ], [ -119.110341, 48.142222 ], [ -119.105084, 48.139451 ], [ -119.101675, 48.138354 ], [ -119.098325, 48.137671 ], [ -119.08998, 48.137211 ], [ -119.086855, 48.137523 ], [ -119.078857, 48.13967 ], [ -119.074997, 48.140261 ], [ -119.070085, 48.140402 ], [ -119.058414, 48.137493 ], [ -119.055848, 48.136465 ], [ -119.052416, 48.133862 ], [ -119.049655, 48.130422 ], [ -119.045234, 48.126865 ], [ -119.039475, 48.12187 ], [ -119.034632, 48.118861 ], [ -119.031887, 48.11683 ], [ -119.029537, 48.114193 ], [ -119.026418, 48.107896 ], [ -119.02464, 48.103117 ], [ -119.023948, 48.099031 ], [ -119.022457, 48.09314 ], [ -119.022314, 48.089401 ], [ -119.022871, 48.084476 ], [ -119.022121, 48.080231 ], [ -119.019945, 48.074598 ], [ -119.018794, 48.069784 ], [ -119.01773, 48.067695 ], [ -119.015222, 48.0651 ], [ -119.014129, 48.062922 ], [ -119.01216, 48.056456 ], [ -119.01013, 48.051632 ], [ -119.008692, 48.049152 ], [ -119.004725, 48.044278 ], [ -119.00319, 48.043263 ], [ -118.998652, 48.04144 ], [ -118.993159, 48.039753 ], [ -118.978857, 48.036873 ], [ -118.975789, 48.035394 ], [ -118.971688, 48.03214 ], [ -118.967246, 48.029382 ], [ -118.957263, 48.024524 ], [ -118.952092, 48.020584 ], [ -118.950782, 48.018884 ], [ -118.951011, 48.014692 ], [ -118.952003, 48.011981 ], [ -118.952164, 48.009001 ], [ -118.954651, 48.004559 ], [ -118.956209, 48.002604 ], [ -118.958394, 48.000647 ], [ -118.96004, 47.999577 ], [ -118.960706, 47.9988 ], [ -118.961067, 47.997632 ], [ -118.961098, 47.995652 ], [ -118.960942, 47.992491 ], [ -118.963918, 47.985916 ], [ -118.965943, 47.982981 ], [ -118.971824, 47.977587 ], [ -118.978553, 47.973021 ], [ -118.981775, 47.969688 ], [ -118.982431, 47.969117 ], [ -118.982237, 47.962272 ], [ -118.982234, 47.962025 ], [ -118.984014, 47.962046 ], [ -118.98936, 47.962111 ], [ -118.990796, 47.96213 ], [ -119.013807, 47.962083 ], [ -119.103873, 47.961763 ], [ -119.103966, 47.946693 ], [ -119.125581, 47.946803 ], [ -119.125904, 47.917301 ], [ -119.1474, 47.917388 ], [ -119.147399, 47.90265 ], [ -119.190552, 47.902465 ], [ -119.190631, 47.887812 ], [ -119.212225, 47.887708 ], [ -119.212172, 47.873081 ], [ -119.212324, 47.858376 ], [ -119.21225, 47.835793 ], [ -119.214798, 47.834749 ], [ -119.216419, 47.835387 ], [ -119.218379, 47.835016 ], [ -119.219886, 47.836481 ], [ -119.222492, 47.837646 ], [ -119.226376, 47.842435 ], [ -119.231217, 47.844797 ], [ -119.234276, 47.844777 ], [ -119.236203, 47.844083 ], [ -119.245551, 47.844072 ], [ -119.247339, 47.845387 ], [ -119.250326, 47.84507 ], [ -119.251968, 47.844046 ], [ -119.266153, 47.844033 ], [ -119.284438, 47.844173 ], [ -119.286277, 47.844026 ], [ -119.309219, 47.84422 ], [ -119.312514, 47.843447 ], [ -119.31584, 47.844258 ], [ -119.373169, 47.844446 ], [ -119.405529, 47.84453 ], [ -119.469769, 47.844458 ], [ -119.470088, 47.84083 ], [ -119.489905, 47.840805 ], [ -119.493779, 47.842378 ], [ -119.493378, 47.844144 ], [ -119.512419, 47.844467 ], [ -119.513337, 47.743164 ], [ -119.529504, 47.743061 ], [ -119.534553, 47.739472 ], [ -119.534796, 47.728496 ], [ -119.534907, 47.685172 ], [ -119.570681, 47.68503 ], [ -119.571642, 47.685592 ], [ -119.573569, 47.684955 ], [ -119.578136, 47.684989 ], [ -119.595442, 47.684999 ], [ -119.596986, 47.686481 ], [ -119.599334, 47.684942 ], [ -119.602047, 47.685398 ], [ -119.604775, 47.68909 ], [ -119.60483, 47.693244 ], [ -119.606204, 47.694932 ], [ -119.610439, 47.697113 ], [ -119.610472, 47.698193 ], [ -119.61503, 47.698607 ], [ -119.617772, 47.698132 ], [ -119.621134, 47.700281 ], [ -119.626683, 47.700442 ], [ -119.628329, 47.698989 ], [ -119.627295, 47.698536 ], [ -119.627249, 47.696742 ], [ -119.624233, 47.690576 ], [ -119.624831, 47.687215 ], [ -119.627702, 47.684538 ], [ -119.62981, 47.685713 ], [ -119.637381, 47.688826 ], [ -119.642152, 47.686006 ], [ -119.642297, 47.713894 ], [ -119.671953, 47.713809 ], [ -119.675715, 47.714641 ], [ -119.679342, 47.713823 ], [ -119.685383, 47.713833 ], [ -119.742494, 47.713969 ], [ -119.744396, 47.713791 ], [ -119.751559, 47.714063 ], [ -119.760204, 47.714005 ], [ -119.762958, 47.712332 ], [ -119.767667, 47.711355 ], [ -119.770452, 47.711169 ], [ -119.770996, 47.709965 ], [ -119.774511, 47.707613 ], [ -119.776982, 47.70682 ], [ -119.780367, 47.706782 ], [ -119.783906, 47.707508 ], [ -119.78883, 47.709161 ], [ -119.791507, 47.710688 ], [ -119.792129, 47.713229 ], [ -119.790058, 47.713236 ], [ -119.793303, 47.716785 ], [ -119.791561, 47.719285 ], [ -119.792212, 47.720009 ], [ -119.792209, 47.735723 ], [ -119.792034, 47.757449 ], [ -119.813596, 47.757504 ], [ -119.813445, 47.786646 ], [ -119.813497, 47.801072 ], [ -119.830632, 47.800938 ], [ -119.835102, 47.801041 ], [ -119.840221, 47.801237 ], [ -119.845267, 47.80112 ], [ -119.849913, 47.797623 ], [ -119.850493, 47.796188 ], [ -119.853992, 47.795222 ], [ -119.855419, 47.794094 ], [ -119.856318, 47.791405 ], [ -119.856231, 47.786621 ], [ -119.877, 47.786586 ], [ -119.877789, 47.786835 ], [ -119.877825, 47.815828 ], [ -119.87786, 47.823117 ], [ -119.877881, 47.829511 ] ] ] } },
{ "type": "Feature", "properties": { "geoid": "53047970500", "county_name": "Okanogan County", "place_name": null, "state_name": "Washington", "state_abbr": "WA", "is_rural": true, "dci_score": 66.5, "dci_quintile": 4.0, "is_cra_lmi": true, "income_level": "M", "is_persistent_poverty": false, "is_tribal_overlap": true, "tribal_area_name": "Colville Reservation", "aian_pct": 0.0, "has_nmtc": false, "nmtc_projects": 0, "nmtc_total_usd": 0.0 }, "geometry": { "type": "Polygon", "coordinates": [ [ [ -119.961886, 48.583285 ], [ -119.961075, 48.584828 ], [ -119.958252, 48.588193 ], [ -119.954859, 48.590221 ], [ -119.950641, 48.59216 ], [ -119.94678, 48.594974 ], [ -119.943021, 48.598943 ], [ -119.94089, 48.599723 ], [ -119.935697, 48.600298 ], [ -119.933492, 48.601055 ], [ -119.932397, 48.604985 ], [ -119.924433, 48.608609 ], [ -119.921978, 48.611905 ], [ -119.918991, 48.617129 ], [ -119.916895, 48.620162 ], [ -119.914163, 48.622364 ], [ -119.916612, 48.624181 ], [ -119.919098, 48.627683 ], [ -119.923957, 48.633679 ], [ -119.925562, 48.636135 ], [ -119.92301, 48.640276 ], [ -119.923343, 48.64411 ], [ -119.928466, 48.645758 ], [ -119.9334, 48.64705 ], [ -119.935532, 48.649294 ], [ -119.936348, 48.651122 ], [ -119.938852, 48.65481 ], [ -119.939174, 48.659237 ], [ -119.940099, 48.665666 ], [ -119.942258, 48.670417 ], [ -119.93831, 48.673383 ], [ -119.935651, 48.674939 ], [ -119.929658, 48.677717 ], [ -119.929112, 48.678297 ], [ -119.930779, 48.679833 ], [ -119.9308, 48.681011 ], [ -119.929789, 48.68253 ], [ -119.925912, 48.686875 ], [ -119.921188, 48.694004 ], [ -119.919294, 48.69617 ], [ -119.912736, 48.700314 ], [ -119.90619, 48.704825 ], [ -119.903146, 48.704613 ], [ -119.902721, 48.703407 ], [ -119.894827, 48.700244 ], [ -119.890103, 48.699878 ], [ -119.886514, 48.700122 ], [ -119.884611, 48.701686 ], [ -119.882309, 48.702084 ], [ -119.877338, 48.701627 ], [ -119.874279, 48.702191 ], [ -119.871323, 48.70381 ], [ -119.870663, 48.705839 ], [ -119.864275, 48.710432 ], [ -119.862214, 48.711446 ], [ -119.85824, 48.712479 ], [ -119.856787, 48.712306 ], [ -119.849438, 48.71273 ], [ -119.847449, 48.713777 ], [ -119.844537, 48.716565 ], [ -119.838369, 48.716387 ], [ -119.836927, 48.716953 ], [ -119.829384, 48.716634 ], [ -119.82557, 48.71567 ], [ -119.823991, 48.71451 ], [ -119.821011, 48.713319 ], [ -119.817415, 48.712487 ], [ -119.813348, 48.712142 ], [ -119.808544, 48.709808 ], [ -119.800877, 48.708215 ], [ -119.796886, 48.70843 ], [ -119.793122, 48.707196 ], [ -119.791354, 48.707232 ], [ -119.79016, 48.705645 ], [ -119.784413, 48.702371 ], [ -119.781203, 48.70134 ], [ -119.778729, 48.699897 ], [ -119.777176, 48.699826 ], [ -119.774882, 48.698615 ], [ -119.767093, 48.695974 ], [ -119.76404, 48.693705 ], [ -119.759263, 48.691964 ], [ -119.756916, 48.690234 ], [ -119.754986, 48.689514 ], [ -119.748625, 48.688608 ], [ -119.744946, 48.687769 ], [ -119.737788, 48.688228 ], [ -119.732735, 48.689013 ], [ -119.725473, 48.690877 ], [ -119.722975, 48.69216 ], [ -119.719713, 48.692921 ], [ -119.717083, 48.692569 ], [ -119.713708, 48.69273 ], [ -119.712113, 48.693531 ], [ -119.710937, 48.692768 ], [ -119.707945, 48.69337 ], [ -119.705766, 48.694878 ], [ -119.697838, 48.696324 ], [ -119.692703, 48.697902 ], [ -119.689816, 48.698456 ], [ -119.687972, 48.69983 ], [ -119.689055, 48.696108 ], [ -119.689304, 48.693025 ], [ -119.688446, 48.687811 ], [ -119.687206, 48.685201 ], [ -119.687861, 48.684026 ], [ -119.686733, 48.681908 ], [ -119.683579, 48.678514 ], [ -119.685941, 48.674682 ], [ -119.688018, 48.672838 ], [ -119.689941, 48.670113 ], [ -119.693066, 48.667152 ], [ -119.695744, 48.661009 ], [ -119.696046, 48.659745 ], [ -119.697152, 48.643893 ], [ -119.698272, 48.639905 ], [ -119.701518, 48.632838 ], [ -119.702346, 48.629982 ], [ -119.706067, 48.625227 ], [ -119.705733, 48.622016 ], [ -119.708038, 48.618922 ], [ -119.70587, 48.618754 ], [ -119.705491, 48.617155 ], [ -119.7038, 48.615988 ], [ -119.698884, 48.615976 ], [ -119.696673, 48.614753 ], [ -119.694086, 48.61533 ], [ -119.684237, 48.611354 ], [ -119.681021, 48.612914 ], [ -119.681068, 48.611143 ], [ -119.680246, 48.609983 ], [ -119.677575, 48.60949 ], [ -119.668275, 48.609298 ], [ -119.661204, 48.608309 ], [ -119.657416, 48.606877 ], [ -119.654504, 48.606625 ], [ -119.651097, 48.605515 ], [ -119.641038, 48.605384 ], [ -119.63879, 48.604979 ], [ -119.63591, 48.602733 ], [ -119.631937, 48.601754 ], [ -119.629912, 48.599699 ], [ -119.627689, 48.599819 ], [ -119.62175, 48.601966 ], [ -119.620751, 48.601775 ], [ -119.61544, 48.597297 ], [ -119.6144, 48.596849 ], [ -119.601503, 48.596166 ], [ -119.598711, 48.596412 ], [ -119.596411, 48.595854 ], [ -119.593678, 48.594471 ], [ -119.588955, 48.596504 ], [ -119.586413, 48.597398 ], [ -119.58359, 48.596225 ], [ -119.582657, 48.594532 ], [ -119.582176, 48.594218 ], [ -119.581698, 48.594135 ], [ -119.580284, 48.594309 ], [ -119.572398, 48.593438 ], [ -119.571166, 48.593394 ], [ -119.566362, 48.593298 ], [ -119.561841, 48.592134 ], [ -119.557425, 48.588999 ], [ -119.553107, 48.587188 ], [ -119.548481, 48.586191 ], [ -119.544558, 48.584547 ], [ -119.543456, 48.583193 ], [ -119.54316, 48.580747 ], [ -119.536725, 48.576792 ], [ -119.533714, 48.575431 ], [ -119.527883, 48.581764 ], [ -119.522992, 48.587058 ], [ -119.516635, 48.594746 ], [ -119.516125, 48.595818 ], [ -119.516091, 48.600331 ], [ -119.513111, 48.606884 ], [ -119.508662, 48.612743 ], [ -119.506191, 48.615066 ], [ -119.482212, 48.633804 ], [ -119.479505, 48.636581 ], [ -119.46987, 48.649802 ], [ -119.464613, 48.645083 ], [ -119.458295, 48.641435 ], [ -119.459106, 48.638387 ], [ -119.458406, 48.634937 ], [ -119.458828, 48.633634 ], [ -119.462592, 48.631567 ], [ -119.464467, 48.628912 ], [ -119.468591, 48.626404 ], [ -119.469665, 48.624796 ], [ -119.470966, 48.623237 ], [ -119.471096, 48.620272 ], [ -119.468943, 48.615181 ], [ -119.469565, 48.612559 ], [ -119.471625, 48.611076 ], [ -119.473887, 48.610405 ], [ -119.474504, 48.612111 ], [ -119.476178, 48.612491 ], [ -119.47698, 48.611815 ], [ -119.477528, 48.60677 ], [ -119.480233, 48.602872 ], [ -119.482948, 48.601296 ], [ -119.483699, 48.596927 ], [ -119.483616, 48.592185 ], [ -119.488118, 48.58947 ], [ -119.489947, 48.587642 ], [ -119.492118, 48.583214 ], [ -119.491905, 48.582771 ], [ -119.491584, 48.582102 ], [ -119.48313, 48.576407 ], [ -119.48123, 48.573777 ], [ -119.480287, 48.571645 ], [ -119.481084, 48.569505 ], [ -119.483948, 48.566893 ], [ -119.488465, 48.565111 ], [ -119.489342, 48.563415 ], [ -119.487358, 48.561204 ], [ -119.486749, 48.561717 ], [ -119.482278, 48.561762 ], [ -119.477224, 48.562608 ], [ -119.476341, 48.563338 ], [ -119.472762, 48.564413 ], [ -119.469162, 48.56306 ], [ -119.46577, 48.562188 ], [ -119.464788, 48.560572 ], [ -119.465016, 48.559271 ], [ -119.463459, 48.557856 ], [ -119.46077, 48.557332 ], [ -119.460499, 48.556327 ], [ -119.457293, 48.555046 ], [ -119.457295, 48.55393 ], [ -119.455564, 48.552966 ], [ -119.449831, 48.55319 ], [ -119.446888, 48.553846 ], [ -119.445481, 48.553417 ], [ -119.44396, 48.554333 ], [ -119.441222, 48.554012 ], [ -119.433017, 48.554114 ], [ -119.429846, 48.554513 ], [ -119.424992, 48.553932 ], [ -119.423492, 48.556141 ], [ -119.421852, 48.556769 ], [ -119.419099, 48.556494 ], [ -119.415866, 48.555268 ], [ -119.409349, 48.550936 ], [ -119.396446, 48.547212 ], [ -119.39455, 48.544777 ], [ -119.394312, 48.542114 ], [ -119.389631, 48.540642 ], [ -119.386588, 48.540709 ], [ -119.383046, 48.540023 ], [ -119.376018, 48.53792 ], [ -119.372659, 48.534109 ], [ -119.370322, 48.532362 ], [ -119.365973, 48.531573 ], [ -119.362375, 48.529288 ], [ -119.357208, 48.529353 ], [ -119.355154, 48.531281 ], [ -119.350016, 48.531277 ], [ -119.347566, 48.5318 ], [ -119.340669, 48.530051 ], [ -119.336689, 48.528044 ], [ -119.333808, 48.525427 ], [ -119.329721, 48.522239 ], [ -119.331172, 48.520498 ], [ -119.332591, 48.516861 ], [ -119.332664, 48.510254 ], [ -119.335867, 48.507385 ], [ -119.338818, 48.503167 ], [ -119.340822, 48.503164 ], [ -119.341077, 48.502307 ], [ -119.343036, 48.501806 ], [ -119.343405, 48.499983 ], [ -119.344605, 48.498277 ], [ -119.349981, 48.496919 ], [ -119.351114, 48.495686 ], [ -119.349323, 48.494345 ], [ -119.349567, 48.492156 ], [ -119.351086, 48.4904 ], [ -119.352399, 48.487334 ], [ -119.351419, 48.484419 ], [ -119.347671, 48.481816 ], [ -119.403157, 48.481109 ], [ -119.478904, 48.480895 ], [ -119.481889, 48.480896 ], [ -119.483033, 48.478829 ], [ -119.482968, 48.476648 ], [ -119.483778, 48.473111 ], [ -119.479405, 48.4685 ], [ -119.473637, 48.465136 ], [ -119.470391, 48.461661 ], [ -119.469663, 48.460426 ], [ -119.469306, 48.457161 ], [ -119.470305, 48.454145 ], [ -119.469322, 48.4494 ], [ -119.469466, 48.44302 ], [ -119.471941, 48.441926 ], [ -119.474975, 48.446111 ], [ -119.477358, 48.447123 ], [ -119.478944, 48.445644 ], [ -119.480003, 48.445661 ], [ -119.480366, 48.445632 ], [ -119.484217, 48.445682 ], [ -119.484257, 48.449244 ], [ -119.484298, 48.452907 ], [ -119.493433, 48.452989 ], [ -119.494487, 48.45165 ], [ -119.496464, 48.452946 ], [ -119.499738, 48.453493 ], [ -119.501576, 48.452952 ], [ -119.516262, 48.453066 ], [ -119.523017, 48.453121 ], [ -119.536083, 48.453229 ], [ -119.538116, 48.452058 ], [ -119.542543, 48.452393 ], [ -119.54429, 48.453235 ], [ -119.549013, 48.453259 ], [ -119.559756, 48.453076 ], [ -119.562909, 48.451323 ], [ -119.56617, 48.450546 ], [ -119.570738, 48.451006 ], [ -119.571198, 48.406257 ], [ -119.571278, 48.396562 ], [ -119.571303, 48.395518 ], [ -119.575612, 48.395377 ], [ -119.579545, 48.394343 ], [ -119.58198, 48.391701 ], [ -119.58577, 48.391528 ], [ -119.587696, 48.392296 ], [ -119.592626, 48.391436 ], [ -119.598185, 48.389946 ], [ -119.601404, 48.390941 ], [ -119.604144, 48.393513 ], [ -119.607988, 48.395128 ], [ -119.61109, 48.396905 ], [ -119.613564, 48.399396 ], [ -119.615005, 48.400169 ], [ -119.618696, 48.403194 ], [ -119.621488, 48.404967 ], [ -119.625489, 48.406979 ], [ -119.62663, 48.40595 ], [ -119.630438, 48.397023 ], [ -119.630785, 48.393053 ], [ -119.630634, 48.390125 ], [ -119.631103, 48.388931 ], [ -119.632423, 48.385738 ], [ -119.63371, 48.384302 ], [ -119.636959, 48.382958 ], [ -119.638876, 48.381447 ], [ -119.639592, 48.378497 ], [ -119.637836, 48.370918 ], [ -119.637721, 48.368123 ], [ -119.635312, 48.364443 ], [ -119.633315, 48.362934 ], [ -119.629951, 48.358369 ], [ -119.629918, 48.348305 ], [ -119.635107, 48.348265 ], [ -119.635622, 48.346977 ], [ -119.63787, 48.34609 ], [ -119.637562, 48.344033 ], [ -119.637493, 48.337924 ], [ -119.639395, 48.334439 ], [ -119.642453, 48.330084 ], [ -119.645392, 48.329432 ], [ -119.652782, 48.327089 ], [ -119.655485, 48.327091 ], [ -119.65961, 48.326298 ], [ -119.662074, 48.326173 ], [ -119.668237, 48.32487 ], [ -119.668079, 48.323028 ], [ -119.671451, 48.323005 ], [ -119.673332, 48.321877 ], [ -119.673474, 48.320011 ], [ -119.674975, 48.318208 ], [ -119.681552, 48.314817 ], [ -119.686977, 48.313884 ], [ -119.689749, 48.312523 ], [ -119.690742, 48.313834 ], [ -119.697669, 48.312873 ], [ -119.69878, 48.313007 ], [ -119.70341, 48.311266 ], [ -119.712029, 48.311763 ], [ -119.713203, 48.312543 ], [ -119.715725, 48.312421 ], [ -119.717755, 48.312851 ], [ -119.720664, 48.317102 ], [ -119.722034, 48.317305 ], [ -119.725889, 48.319202 ], [ -119.72751, 48.320873 ], [ -119.727841, 48.322773 ], [ -119.732957, 48.326557 ], [ -119.734059, 48.326926 ], [ -119.743637, 48.32838 ], [ -119.745521, 48.330387 ], [ -119.748515, 48.330981 ], [ -119.749941, 48.333145 ], [ -119.751931, 48.332936 ], [ -119.758018, 48.335217 ], [ -119.759798, 48.335318 ], [ -119.759768, 48.33746 ], [ -119.761631, 48.337989 ], [ -119.76523, 48.337762 ], [ -119.764392, 48.337141 ], [ -119.773847, 48.335945 ], [ -119.775372, 48.335472 ], [ -119.772074, 48.339503 ], [ -119.771231, 48.340981 ], [ -119.768857, 48.342982 ], [ -119.765056, 48.344926 ], [ -119.76212, 48.348232 ], [ -119.760565, 48.349435 ], [ -119.756875, 48.35378 ], [ -119.753884, 48.355229 ], [ -119.751328, 48.35855 ], [ -119.750992, 48.35984 ], [ -119.751648, 48.36378 ], [ -119.753406, 48.365057 ], [ -119.75719, 48.366316 ], [ -119.75812, 48.36837 ], [ -119.760084, 48.369996 ], [ -119.764498, 48.370813 ], [ -119.761281, 48.372638 ], [ -119.761527, 48.373079 ], [ -119.764436, 48.374149 ], [ -119.766672, 48.373874 ], [ -119.767489, 48.375387 ], [ -119.772796, 48.376589 ], [ -119.777284, 48.378281 ], [ -119.78096, 48.379238 ], [ -119.785621, 48.37995 ], [ -119.788034, 48.379739 ], [ -119.791469, 48.378596 ], [ -119.794113, 48.378482 ], [ -119.79883, 48.379147 ], [ -119.80302, 48.380275 ], [ -119.816381, 48.381071 ], [ -119.822275, 48.380801 ], [ -119.825292, 48.381681 ], [ -119.828541, 48.384616 ], [ -119.830434, 48.385184 ], [ -119.834439, 48.385601 ], [ -119.841097, 48.387576 ], [ -119.84648, 48.391426 ], [ -119.849484, 48.392246 ], [ -119.852434, 48.392469 ], [ -119.857187, 48.392317 ], [ -119.859931, 48.392811 ], [ -119.863923, 48.394434 ], [ -119.863816, 48.396247 ], [ -119.864923, 48.396937 ], [ -119.868076, 48.396034 ], [ -119.871766, 48.396084 ], [ -119.873919, 48.395288 ], [ -119.875837, 48.391964 ], [ -119.878943, 48.390427 ], [ -119.884459, 48.389534 ], [ -119.884978, 48.389427 ], [ -119.885716, 48.390085 ], [ -119.888219, 48.389612 ], [ -119.890106, 48.390443 ], [ -119.890723, 48.3923 ], [ -119.892582, 48.391978 ], [ -119.895633, 48.392248 ], [ -119.899561, 48.393868 ], [ -119.901169, 48.396556 ], [ -119.901229, 48.398846 ], [ -119.90011, 48.39974 ], [ -119.899117, 48.402195 ], [ -119.90031, 48.404895 ], [ -119.89835, 48.408616 ], [ -119.899543, 48.409887 ], [ -119.899391, 48.412914 ], [ -119.89808, 48.414206 ], [ -119.898021, 48.416508 ], [ -119.899483, 48.418019 ], [ -119.900441, 48.420053 ], [ -119.898974, 48.425292 ], [ -119.896674, 48.424882 ], [ -119.895492, 48.42534 ], [ -119.895821, 48.426425 ], [ -119.894619, 48.428753 ], [ -119.89152, 48.430672 ], [ -119.888136, 48.431393 ], [ -119.88593, 48.431196 ], [ -119.884684, 48.432848 ], [ -119.880314, 48.434957 ], [ -119.878433, 48.436224 ], [ -119.876286, 48.43611 ], [ -119.873473, 48.435256 ], [ -119.871721, 48.437155 ], [ -119.869144, 48.437539 ], [ -119.867167, 48.437058 ], [ -119.865432, 48.435806 ], [ -119.863746, 48.435438 ], [ -119.861682, 48.436492 ], [ -119.858146, 48.436939 ], [ -119.85582, 48.43615 ], [ -119.854076, 48.436377 ], [ -119.852244, 48.437788 ], [ -119.850511, 48.43756 ], [ -119.847501, 48.435974 ], [ -119.845008, 48.436707 ], [ -119.845171, 48.438553 ], [ -119.848009, 48.440939 ], [ -119.851219, 48.445702 ], [ -119.853624, 48.450226 ], [ -119.85574, 48.451265 ], [ -119.859781, 48.451856 ], [ -119.860476, 48.453043 ], [ -119.862567, 48.455206 ], [ -119.865123, 48.455261 ], [ -119.867363, 48.456134 ], [ -119.867432, 48.457434 ], [ -119.866164, 48.458947 ], [ -119.86275, 48.461508 ], [ -119.862383, 48.467941 ], [ -119.862852, 48.473738 ], [ -119.867715, 48.478487 ], [ -119.868552, 48.481086 ], [ -119.868702, 48.486048 ], [ -119.871347, 48.490156 ], [ -119.87331, 48.49435 ], [ -119.872539, 48.49738 ], [ -119.891346, 48.498988 ], [ -119.897282, 48.50101 ], [ -119.898414, 48.501594 ], [ -119.900504, 48.504769 ], [ -119.902217, 48.506627 ], [ -119.908452, 48.510282 ], [ -119.91266, 48.51349 ], [ -119.915561, 48.515282 ], [ -119.918789, 48.516745 ], [ -119.922578, 48.517628 ], [ -119.928943, 48.518205 ], [ -119.930309, 48.5191 ], [ -119.934138, 48.52292 ], [ -119.936394, 48.524747 ], [ -119.941418, 48.527359 ], [ -119.942809, 48.528531 ], [ -119.945361, 48.531306 ], [ -119.946531, 48.533615 ], [ -119.947135, 48.537064 ], [ -119.948745, 48.538774 ], [ -119.950755, 48.539874 ], [ -119.950447, 48.540643 ], [ -119.94992, 48.542582 ], [ -119.950869, 48.543767 ], [ -119.950956, 48.546221 ], [ -119.951788, 48.548863 ], [ -119.956581, 48.553785 ], [ -119.956543, 48.555401 ], [ -119.955487, 48.560817 ], [ -119.956119, 48.56236 ], [ -119.95776, 48.563693 ], [ -119.956819, 48.567806 ], [ -119.956476, 48.570873 ], [ -119.957061, 48.57229 ], [ -119.960276, 48.575366 ], [ -119.959566, 48.575779 ], [ -119.960061, 48.577622 ], [ -119.962391, 48.579405 ], [ -119.961886, 48.583285 ] ] ] } },
{ "type": "Feature", "properties": { "geoid": "53063003000", "county_name": "Spokane County", "place_name": null, "state_name": "Washington", "state_abbr": "WA", "is_rural": false, "dci_score": 78.4, "dci_quintile": 3.0, "is_cra_lmi": true, "income_level": "M", "is_persistent_poverty": false, "is_tribal_overlap": false, "tribal_area_name": null, "aian_pct": 0.0, "has_nmtc": false, "nmtc_projects": 0, "nmtc_total_usd": 0.0 }, "geometry": { "type": "Polygon", "coordinates": [ [ [ -117.392197, 47.652883 ], [ -117.3897, 47.653717 ], [ -117.381919, 47.653995 ], [ -117.36835, 47.654047 ], [ -117.360346, 47.653996 ], [ -117.360369, 47.646141 ], [ -117.371299, 47.646453 ], [ -117.37513, 47.647505 ], [ -117.38016, 47.648837 ], [ -117.383463, 47.650561 ], [ -117.390611, 47.652897 ], [ -117.392197, 47.652883 ] ] ] } },
{ "type": "Feature", "properties": { "geoid": "53063011900", "county_name": "Spokane County", "place_name": null, "state_name": "Washington", "state_abbr": "WA", "is_rural": false, "dci_score": 25.8, "dci_quintile": 5.0, "is_cra_lmi": true, "income_level": "M", "is_persistent_poverty": false, "is_tribal_overlap": false, "tribal_area_name": null, "aian_pct": 0.0, "has_nmtc": false, "nmtc_projects": 0, "nmtc_total_usd": 0.0 }, "geometry": { "type": "Polygon", "coordinates": [ [ [ -117.26128, 47.671631 ], [ -117.261254, 47.674926 ], [ -117.248257, 47.673856 ], [ -117.239581, 47.673996 ], [ -117.239683, 47.671646 ], [ -117.239728, 47.664372 ], [ -117.239783, 47.657063 ], [ -117.250582, 47.657054 ], [ -117.261342, 47.657039 ], [ -117.26128, 47.671631 ] ] ] } },
{ "type": "Feature", "properties": { "geoid": "53063002000", "county_name": "Spokane County", "place_name": null, "state_name": "Washington", "state_abbr": "WA", "is_rural": false, "dci_score": 55.0, "dci_quintile": 4.0, "is_cra_lmi": true, "income_level": "L", "is_persistent_poverty": false, "is_tribal_overlap": false, "tribal_area_name": null, "aian_pct": 0.0, "has_nmtc": false, "nmtc_projects": 0, "nmtc_total_usd": 0.0 }, "geometry": { "type": "Polygon", "coordinates": [ [ [ -117.437017, 47.676747 ], [ -117.436785, 47.684875 ], [ -117.436452, 47.685326 ], [ -117.434883, 47.687096 ], [ -117.436286, 47.688821 ], [ -117.43641, 47.689376 ], [ -117.427121, 47.689043 ], [ -117.426651, 47.68871 ], [ -117.426637, 47.683994 ], [ -117.426642, 47.683091 ], [ -117.42667, 47.676745 ], [ -117.426678, 47.674938 ], [ -117.42669, 47.670219 ], [ -117.426655, 47.668063 ], [ -117.43122, 47.668027 ], [ -117.436983, 47.668013 ], [ -117.436992, 47.669922 ], [ -117.437013, 47.675841 ], [ -117.437017, 47.676747 ] ] ] } },
{ "type": "Feature", "properties": { "geoid": "53033005305", "county_name": "King County", "place_name": "Kennewick", "state_name": "Washington", "state_abbr": "WA", "is_rural": false, "dci_score": 58.7, "dci_quintile": 4.0, "is_cra_lmi": false, "income_level": "NA", "is_persistent_poverty": false, "is_tribal_overlap": false, "tribal_area_name": null, "aian_pct": 0.0, "has_nmtc": false, "nmtc_projects": 0, "nmtc_total_usd": 0.0 }, "geometry": { "type": "Polygon", "coordinates": [ [ [ -122.317804, 47.657512 ], [ -122.317753, 47.659454 ], [ -122.31764, 47.661297 ], [ -122.315444, 47.661283 ], [ -122.311983, 47.661262 ], [ -122.312055, 47.656817 ], [ -122.31556, 47.65686 ], [ -122.316696, 47.656874 ], [ -122.31782, 47.656887 ], [ -122.317804, 47.657512 ] ] ] } },
{ "type": "Feature", "properties": { "geoid": "53053072312", "county_name": "Pierce County", "place_name": null, "state_name": "Washington", "state_abbr": "WA", "is_rural": false, "dci_score": 42.1, "dci_quintile": 5.0, "is_cra_lmi": false, "income_level": "U", "is_persistent_poverty": false, "is_tribal_overlap": false, "tribal_area_name": null, "aian_pct": 0.0, "has_nmtc": false, "nmtc_projects": 0, "nmtc_total_usd": 0.0 }, "geometry": { "type": "Polygon", "coordinates": [ [ [ -122.537141, 47.213601 ], [ -122.53397, 47.213391 ], [ -122.531059, 47.211488 ], [ -122.526583, 47.210206 ], [ -122.521532, 47.20915 ], [ -122.517534, 47.206618 ], [ -122.516016, 47.206446 ], [ -122.51328, 47.206472 ], [ -122.505385, 47.206514 ], [ -122.50209, 47.206525 ], [ -122.502083, 47.201204 ], [ -122.503375, 47.199272 ], [ -122.505229, 47.199276 ], [ -122.505968, 47.199283 ], [ -122.508671, 47.199245 ], [ -122.513249, 47.199206 ], [ -122.521274, 47.199166 ], [ -122.522842, 47.198239 ], [ -122.524068, 47.198778 ], [ -122.525906, 47.199063 ], [ -122.527505, 47.19928 ], [ -122.531342, 47.200094 ], [ -122.533107, 47.202377 ], [ -122.534536, 47.206217 ], [ -122.534653, 47.210379 ], [ -122.537141, 47.213601 ] ] ] } },
{ "type": "Feature", "properties": { "geoid": "53077002005", "county_name": "Yakima County", "place_name": null, "state_name": "Washington", "state_abbr": "WA", "is_rural": true, "dci_score": 76.4, "dci_quintile": 3.0, "is_cra_lmi": true, "income_level": "M", "is_persistent_poverty": false, "is_tribal_overlap": false, "tribal_area_name": null, "aian_pct": 0.0, "has_nmtc": false, "nmtc_projects": 0, "nmtc_total_usd": 0.0 }, "geometry": { "type": "Polygon", "coordinates": [ [ [ -120.014744, 46.316536 ], [ -119.99927, 46.316458 ], [ -119.984796, 46.316892 ], [ -119.983312, 46.316942 ], [ -119.979135, 46.317075 ], [ -119.978875, 46.314699 ], [ -119.978053, 46.313277 ], [ -119.978534, 46.312609 ], [ -119.978168, 46.302346 ], [ -119.986001, 46.302206 ], [ -119.999041, 46.301979 ], [ -120.004321, 46.302004 ], [ -120.009587, 46.302017 ], [ -120.014757, 46.302028 ], [ -120.014744, 46.316536 ] ] ] } },
{ "type": "Feature", "properties": { "geoid": "53011041313", "county_name": "Clark County", "place_name": null, "state_name": "Washington", "state_abbr": "WA", "is_rural": false, "dci_score": 17.7, "dci_quintile": 5.0, "is_cra_lmi": true, "income_level": "M", "is_persistent_poverty": false, "is_tribal_overlap": false, "tribal_area_name": null, "aian_pct": 0.0, "has_nmtc": false, "nmtc_projects": 0, "nmtc_total_usd": 0.0 }, "geometry": { "type": "Polygon", "coordinates": [ [ [ -122.572589, 45.659779 ], [ -122.570519, 45.660926 ], [ -122.568467, 45.661841 ], [ -122.566332, 45.662875 ], [ -122.561921, 45.664724 ], [ -122.561375, 45.664944 ], [ -122.557983, 45.65965 ], [ -122.55798, 45.65852 ], [ -122.557987, 45.657219 ], [ -122.557967, 45.651317 ], [ -122.558205, 45.650555 ], [ -122.558266, 45.650091 ], [ -122.557952, 45.642745 ], [ -122.56126, 45.642441 ], [ -122.56314, 45.642057 ], [ -122.566615, 45.651198 ], [ -122.567425, 45.652894 ], [ -122.568282, 45.654215 ], [ -122.573066, 45.659473 ], [ -122.572589, 45.659779 ] ] ] } },
{ "type": "Feature", "properties": { "geoid": "53053063401", "county_name": "Pierce County", "place_name": null, "state_name": "Washington", "state_abbr": "WA", "is_rural": false, "dci_score": 55.5, "dci_quintile": 4.0, "is_cra_lmi": true, "income_level": "M", "is_persistent_poverty": false, "is_tribal_overlap": false, "tribal_area_name": null, "aian_pct": 0.0, "has_nmtc": false, "nmtc_projects": 0, "nmtc_total_usd": 0.0 }, "geometry": { "type": "Polygon", "coordinates": [ [ [ -122.441953, 47.184623 ], [ -122.441887, 47.191917 ], [ -122.43661, 47.19188 ], [ -122.434031, 47.191847 ], [ -122.42608, 47.191884 ], [ -122.423228, 47.191885 ], [ -122.421206, 47.19181 ], [ -122.42096, 47.1918 ], [ -122.420981, 47.180889 ], [ -122.431405, 47.18094 ], [ -122.434072, 47.180961 ], [ -122.436698, 47.180969 ], [ -122.441962, 47.181013 ], [ -122.441953, 47.184623 ] ] ] } },
{ "type": "Feature", "properties": { "geoid": "53033025302", "county_name": "King County", "place_name": null, "state_name": "Washington", "state_abbr": "WA", "is_rural": false, "dci_score": 47.5, "dci_quintile": 5.0, "is_cra_lmi": true, "income_level": "L", "is_persistent_poverty": false, "is_tribal_overlap": false, "tribal_area_name": null, "aian_pct": 0.0, "has_nmtc": false, "nmtc_projects": 0, "nmtc_total_usd": 0.0 }, "geometry": { "type": "Polygon", "coordinates": [ [ [ -122.235294, 47.509513 ], [ -122.219822, 47.509801 ], [ -122.235699, 47.517769 ], [ -122.225394, 47.521368 ], [ -122.207649, 47.506096 ], [ -122.203395, 47.502943 ], [ -122.199768, 47.503027 ], [ -122.19939, 47.501935 ], [ -122.202136, 47.499947 ], [ -122.205707, 47.498439 ], [ -122.206679, 47.497443 ], [ -122.207462, 47.492064 ], [ -122.204483, 47.492088 ], [ -122.204544, 47.484028 ], [ -122.205224, 47.483495 ], [ -122.20542, 47.483059 ], [ -122.20544, 47.479685 ], [ -122.205451, 47.478982 ], [ -122.200973, 47.480125 ], [ -122.203064, 47.478433 ], [ -122.204632, 47.471553 ], [ -122.205431, 47.470629 ], [ -122.206423, 47.46988 ], [ -122.208877, 47.468863 ], [ -122.217909, 47.467935 ], [ -122.218043, 47.474612 ], [ -122.218853, 47.475431 ], [ -122.221134, 47.475054 ], [ -122.222765, 47.47496 ], [ -122.222587, 47.47638 ], [ -122.220958, 47.47881 ], [ -122.218989, 47.479636 ], [ -122.217096, 47.479747 ], [ -122.217191, 47.481346 ], [ -122.217167, 47.48261 ], [ -122.217487, 47.485018 ], [ -122.21786, 47.490599 ], [ -122.219305, 47.494683 ], [ -122.21946, 47.495251 ], [ -122.220139, 47.497727 ], [ -122.220258, 47.498155 ], [ -122.221491, 47.500773 ], [ -122.227412, 47.504365 ], [ -122.234446, 47.50812 ], [ -122.237053, 47.509524 ], [ -122.235294, 47.509513 ] ] ] } },
{ "type": "Feature", "properties": { "geoid": "53021020401", "county_name": "Franklin County", "place_name": "Vancouver", "state_name": "Washington", "state_abbr": "WA", "is_rural": false, "dci_score": 46.6, "dci_quintile": 5.0, "is_cra_lmi": true, "income_level": "M", "is_persistent_poverty": false, "is_tribal_overlap": false, "tribal_area_name": null, "aian_pct": 0.0, "has_nmtc": false, "nmtc_projects": 0, "nmtc_total_usd": 0.0 }, "geometry": { "type": "Polygon", "coordinates": [ [ [ -119.135432, 46.225795 ], [ -119.133702, 46.229961 ], [ -119.13317, 46.230805 ], [ -119.131152, 46.232202 ], [ -119.128069, 46.23243 ], [ -119.122815, 46.230974 ], [ -119.117638, 46.229451 ], [ -119.11194, 46.227842 ], [ -119.107458, 46.227716 ], [ -119.103271, 46.227869 ], [ -119.101443, 46.228307 ], [ -119.10102, 46.227453 ], [ -119.101097, 46.224073 ], [ -119.103065, 46.221323 ], [ -119.104502, 46.218488 ], [ -119.113237, 46.221564 ], [ -119.11982, 46.223301 ], [ -119.125749, 46.224475 ], [ -119.135239, 46.225777 ], [ -119.135432, 46.225795 ] ] ] } },
{ "type": "Feature", "properties": { "geoid": "53061052809", "county_name": "Snohomish County", "place_name": null, "state_name": "Washington", "state_abbr": "WA", "is_rural": false, "dci_score": 22.2, "dci_quintile": 5.0, "is_cra_lmi": false, "income_level": "U", "is_persistent_poverty": false, "is_tribal_overlap": false, "tribal_area_name": null, "aian_pct": 0.0, "has_nmtc": false, "nmtc_projects": 0, "nmtc_total_usd": 0.0 }, "geometry": { "type": "Polygon", "coordinates": [ [ [ -122.162432, 48.092531 ], [ -122.161291, 48.092525 ], [ -122.156583, 48.092218 ], [ -122.15323, 48.092007 ], [ -122.151307, 48.091885 ], [ -122.150062, 48.091896 ], [ -122.140546, 48.091959 ], [ -122.140089, 48.084894 ], [ -122.150384, 48.085292 ], [ -122.154647, 48.085463 ], [ -122.162239, 48.085735 ], [ -122.162347, 48.092255 ], [ -122.162432, 48.092531 ] ] ] } },
{ "type": "Feature", "properties": { "geoid": "53033030007", "county_name": "King County", "place_name": null, "state_name": "Washington", "state_abbr": "WA", "is_rural": false, "dci_score": 76.3, "dci_quintile": 3.0, "is_cra_lmi": true, "income_level": "L", "is_persistent_poverty": false, "is_tribal_overlap": false, "tribal_area_name": null, "aian_pct": 0.0, "has_nmtc": false, "nmtc_projects": 0, "nmtc_total_usd": 0.0 }, "geometry": { "type": "Polygon", "coordinates": [ [ [ -122.312586, 47.349611 ], [ -122.31231, 47.351754 ], [ -122.312178, 47.352265 ], [ -122.311721, 47.353665 ], [ -122.311347, 47.354448 ], [ -122.309524, 47.357943 ], [ -122.304713, 47.357942 ], [ -122.304349, 47.356825 ], [ -122.301957, 47.354552 ], [ -122.302296, 47.352288 ], [ -122.304733, 47.350655 ], [ -122.30708, 47.350047 ], [ -122.307857, 47.348173 ], [ -122.309539, 47.348161 ], [ -122.312542, 47.347578 ], [ -122.312586, 47.349611 ] ] ] } },
{ "type": "Feature", "properties": { "geoid": "53047970400", "county_name": "Okanogan County", "place_name": null, "state_name": "Washington", "state_abbr": "WA", "is_rural": true, "dci_score": 80.1, "dci_quintile": 3.0, "is_cra_lmi": false, "income_level": "U", "is_persistent_poverty": false, "is_tribal_overlap": false, "tribal_area_name": null, "aian_pct": 0.0, "has_nmtc": false, "nmtc_projects": 0, "nmtc_total_usd": 0.0 }, "geometry": { "type": "Polygon", "coordinates": [ [ [ -119.708038, 48.618922 ], [ -119.705733, 48.622016 ], [ -119.706067, 48.625227 ], [ -119.702346, 48.629982 ], [ -119.701518, 48.632838 ], [ -119.698272, 48.639905 ], [ -119.697152, 48.643893 ], [ -119.696046, 48.659745 ], [ -119.695744, 48.661009 ], [ -119.693066, 48.667152 ], [ -119.689941, 48.670113 ], [ -119.688018, 48.672838 ], [ -119.685941, 48.674682 ], [ -119.683579, 48.678514 ], [ -119.686733, 48.681908 ], [ -119.687861, 48.684026 ], [ -119.687206, 48.685201 ], [ -119.688446, 48.687811 ], [ -119.689304, 48.693025 ], [ -119.689055, 48.696108 ], [ -119.687972, 48.69983 ], [ -119.687914, 48.703556 ], [ -119.684733, 48.708083 ], [ -119.682365, 48.713016 ], [ -119.679777, 48.715523 ], [ -119.677436, 48.716577 ], [ -119.675687, 48.718128 ], [ -119.675719, 48.719693 ], [ -119.67437, 48.720579 ], [ -119.673994, 48.722216 ], [ -119.670522, 48.724087 ], [ -119.669995, 48.726097 ], [ -119.668365, 48.7269 ], [ -119.667966, 48.728934 ], [ -119.666998, 48.729414 ], [ -119.667604, 48.73102 ], [ -119.665453, 48.734205 ], [ -119.666545, 48.736608 ], [ -119.671955, 48.736452 ], [ -119.673364, 48.736006 ], [ -119.672229, 48.737731 ], [ -119.670146, 48.738716 ], [ -119.66744, 48.742597 ], [ -119.662975, 48.745241 ], [ -119.663133, 48.746998 ], [ -119.659899, 48.749695 ], [ -119.659699, 48.751888 ], [ -119.658671, 48.752802 ], [ -119.659449, 48.753981 ], [ -119.656936, 48.75663 ], [ -119.654827, 48.760458 ], [ -119.655218, 48.762914 ], [ -119.654272, 48.763781 ], [ -119.651784, 48.763731 ], [ -119.652494, 48.764686 ], [ -119.651661, 48.767225 ], [ -119.649601, 48.769423 ], [ -119.651523, 48.771124 ], [ -119.648935, 48.774944 ], [ -119.647771, 48.778588 ], [ -119.649203, 48.779959 ], [ -119.648049, 48.783611 ], [ -119.649366, 48.784263 ], [ -119.645943, 48.788633 ], [ -119.645942, 48.790338 ], [ -119.64707, 48.792356 ], [ -119.646171, 48.793584 ], [ -119.646417, 48.799302 ], [ -119.644599, 48.803231 ], [ -119.640365, 48.805318 ], [ -119.637261, 48.808865 ], [ -119.636867, 48.810144 ], [ -119.637046, 48.812373 ], [ -119.63872, 48.812897 ], [ -119.639072, 48.815253 ], [ -119.639021, 48.816271 ], [ -119.638344, 48.817675 ], [ -119.638019, 48.821882 ], [ -119.632275, 48.821935 ], [ -119.631317, 48.821427 ], [ -119.624897, 48.820762 ], [ -119.613673, 48.816896 ], [ -119.610399, 48.815999 ], [ -119.604118, 48.815514 ], [ -119.591529, 48.816225 ], [ -119.588492, 48.816054 ], [ -119.579132, 48.816276 ], [ -119.571674, 48.81541 ], [ -119.566281, 48.813059 ], [ -119.560942, 48.811746 ], [ -119.553374, 48.809398 ], [ -119.550294, 48.809488 ], [ -119.545176, 48.811011 ], [ -119.541637, 48.81159 ], [ -119.538575, 48.812835 ], [ -119.533967, 48.814157 ], [ -119.529997, 48.814242 ], [ -119.52686, 48.815516 ], [ -119.523585, 48.815964 ], [ -119.508957, 48.815966 ], [ -119.507092, 48.815256 ], [ -119.506096, 48.813167 ], [ -119.504501, 48.811919 ], [ -119.491342, 48.806928 ], [ -119.484711, 48.80334 ], [ -119.477485, 48.79981 ], [ -119.474556, 48.797212 ], [ -119.472863, 48.794399 ], [ -119.465185, 48.789354 ], [ -119.458833, 48.786677 ], [ -119.455767, 48.785829 ], [ -119.443477, 48.78528 ], [ -119.428513, 48.785255 ], [ -119.426998, 48.784548 ], [ -119.425029, 48.782114 ], [ -119.421107, 48.780673 ], [ -119.419768, 48.777837 ], [ -119.418224, 48.776248 ], [ -119.416743, 48.777043 ], [ -119.413431, 48.780349 ], [ -119.412713, 48.78267 ], [ -119.412723, 48.793611 ], [ -119.405358, 48.793829 ], [ -119.404369, 48.791525 ], [ -119.402748, 48.789305 ], [ -119.402967, 48.787064 ], [ -119.405347, 48.783361 ], [ -119.405587, 48.780132 ], [ -119.404768, 48.778071 ], [ -119.406378, 48.775312 ], [ -119.410043, 48.773292 ], [ -119.409722, 48.772187 ], [ -119.407681, 48.770799 ], [ -119.406705, 48.76794 ], [ -119.407816, 48.764376 ], [ -119.409931, 48.762228 ], [ -119.411864, 48.761497 ], [ -119.408444, 48.758641 ], [ -119.408566, 48.754095 ], [ -119.407442, 48.75285 ], [ -119.405356, 48.751688 ], [ -119.398486, 48.751939 ], [ -119.394563, 48.752984 ], [ -119.392126, 48.752045 ], [ -119.388186, 48.751496 ], [ -119.384557, 48.751887 ], [ -119.382891, 48.750814 ], [ -119.383138, 48.749856 ], [ -119.38172, 48.748149 ], [ -119.379145, 48.74723 ], [ -119.376835, 48.747836 ], [ -119.37617, 48.746797 ], [ -119.371251, 48.746466 ], [ -119.366321, 48.747458 ], [ -119.363151, 48.746057 ], [ -119.359398, 48.747188 ], [ -119.355793, 48.750176 ], [ -119.353646, 48.751066 ], [ -119.350927, 48.751221 ], [ -119.349187, 48.750653 ], [ -119.343412, 48.751401 ], [ -119.341285, 48.755106 ], [ -119.339335, 48.757197 ], [ -119.334401, 48.759943 ], [ -119.328982, 48.759351 ], [ -119.327957, 48.758838 ], [ -119.332495, 48.754571 ], [ -119.337546, 48.752082 ], [ -119.344441, 48.742647 ], [ -119.345734, 48.741114 ], [ -119.368387, 48.723238 ], [ -119.373883, 48.72056 ], [ -119.367112, 48.720151 ], [ -119.363274, 48.721038 ], [ -119.360516, 48.722652 ], [ -119.358204, 48.722675 ], [ -119.354713, 48.724168 ], [ -119.350943, 48.724165 ], [ -119.347351, 48.72294 ], [ -119.344479, 48.723619 ], [ -119.340221, 48.723841 ], [ -119.333773, 48.725661 ], [ -119.330373, 48.723604 ], [ -119.330342, 48.722155 ], [ -119.328623, 48.721976 ], [ -119.327558, 48.720822 ], [ -119.325906, 48.720557 ], [ -119.324223, 48.718612 ], [ -119.320975, 48.718451 ], [ -119.315517, 48.717459 ], [ -119.313021, 48.716202 ], [ -119.309777, 48.712908 ], [ -119.307996, 48.712266 ], [ -119.305187, 48.710207 ], [ -119.30396, 48.7072 ], [ -119.302544, 48.706698 ], [ -119.298574, 48.703524 ], [ -119.295232, 48.701908 ], [ -119.285649, 48.698892 ], [ -119.284151, 48.696993 ], [ -119.283973, 48.69441 ], [ -119.281488, 48.693059 ], [ -119.280795, 48.690994 ], [ -119.277925, 48.68864 ], [ -119.276354, 48.68533 ], [ -119.278083, 48.68196 ], [ -119.280079, 48.680254 ], [ -119.279923, 48.679569 ], [ -119.278439, 48.679808 ], [ -119.27819, 48.678756 ], [ -119.27522, 48.678049 ], [ -119.276015, 48.676387 ], [ -119.277306, 48.675506 ], [ -119.276523, 48.673737 ], [ -119.27779, 48.672428 ], [ -119.275861, 48.671783 ], [ -119.277692, 48.669281 ], [ -119.277688, 48.663981 ], [ -119.274108, 48.66351 ], [ -119.271584, 48.661653 ], [ -119.27747, 48.659282 ], [ -119.283843, 48.658602 ], [ -119.287431, 48.657141 ], [ -119.294556, 48.654805 ], [ -119.301772, 48.653225 ], [ -119.315667, 48.656387 ], [ -119.318765, 48.656551 ], [ -119.329434, 48.658432 ], [ -119.330041, 48.656859 ], [ -119.330023, 48.654083 ], [ -119.327965, 48.652285 ], [ -119.326907, 48.649309 ], [ -119.326434, 48.648795 ], [ -119.320319, 48.645581 ], [ -119.318127, 48.643241 ], [ -119.313667, 48.641831 ], [ -119.306179, 48.639049 ], [ -119.307638, 48.638434 ], [ -119.310685, 48.638575 ], [ -119.313315, 48.638099 ], [ -119.316662, 48.638945 ], [ -119.31737, 48.636916 ], [ -119.318485, 48.636442 ], [ -119.320782, 48.637682 ], [ -119.324312, 48.636337 ], [ -119.327282, 48.633887 ], [ -119.331711, 48.632193 ], [ -119.330834, 48.628185 ], [ -119.329675, 48.626703 ], [ -119.327831, 48.622447 ], [ -119.330154, 48.616499 ], [ -119.334466, 48.611502 ], [ -119.336245, 48.608058 ], [ -119.337714, 48.607565 ], [ -119.346439, 48.607519 ], [ -119.351148, 48.608166 ], [ -119.356078, 48.606852 ], [ -119.362713, 48.607459 ], [ -119.367625, 48.607251 ], [ -119.371249, 48.607537 ], [ -119.373062, 48.607098 ], [ -119.377249, 48.606958 ], [ -119.380897, 48.601561 ], [ -119.387938, 48.599177 ], [ -119.388792, 48.597733 ], [ -119.387763, 48.594897 ], [ -119.389605, 48.592078 ], [ -119.389412, 48.589399 ], [ -119.39032, 48.587356 ], [ -119.391038, 48.582447 ], [ -119.391206, 48.577503 ], [ -119.391613, 48.575136 ], [ -119.392532, 48.574038 ], [ -119.394321, 48.572541 ], [ -119.397631, 48.572812 ], [ -119.403325, 48.570614 ], [ -119.405117, 48.568741 ], [ -119.406631, 48.568016 ], [ -119.407743, 48.565042 ], [ -119.408762, 48.563844 ], [ -119.412804, 48.562002 ], [ -119.417716, 48.561682 ], [ -119.421745, 48.561993 ], [ -119.425762, 48.561168 ], [ -119.427845, 48.557964 ], [ -119.427365, 48.556807 ], [ -119.423242, 48.557548 ], [ -119.418807, 48.556826 ], [ -119.415866, 48.555268 ], [ -119.419099, 48.556494 ], [ -119.421852, 48.556769 ], [ -119.423492, 48.556141 ], [ -119.424992, 48.553932 ], [ -119.429846, 48.554513 ], [ -119.433017, 48.554114 ], [ -119.441222, 48.554012 ], [ -119.44396, 48.554333 ], [ -119.445481, 48.553417 ], [ -119.446888, 48.553846 ], [ -119.449831, 48.55319 ], [ -119.455564, 48.552966 ], [ -119.457295, 48.55393 ], [ -119.457293, 48.555046 ], [ -119.460499, 48.556327 ], [ -119.46077, 48.557332 ], [ -119.463459, 48.557856 ], [ -119.465016, 48.559271 ], [ -119.464788, 48.560572 ], [ -119.46577, 48.562188 ], [ -119.469162, 48.56306 ], [ -119.472762, 48.564413 ], [ -119.476341, 48.563338 ], [ -119.477224, 48.562608 ], [ -119.482278, 48.561762 ], [ -119.486749, 48.561717 ], [ -119.487358, 48.561204 ], [ -119.489342, 48.563415 ], [ -119.488465, 48.565111 ], [ -119.483948, 48.566893 ], [ -119.481084, 48.569505 ], [ -119.480287, 48.571645 ], [ -119.48123, 48.573777 ], [ -119.48313, 48.576407 ], [ -119.491584, 48.582102 ], [ -119.491905, 48.582771 ], [ -119.492118, 48.583214 ], [ -119.489947, 48.587642 ], [ -119.488118, 48.58947 ], [ -119.483616, 48.592185 ], [ -119.483699, 48.596927 ], [ -119.482948, 48.601296 ], [ -119.480233, 48.602872 ], [ -119.477528, 48.60677 ], [ -119.47698, 48.611815 ], [ -119.476178, 48.612491 ], [ -119.474504, 48.612111 ], [ -119.473887, 48.610405 ], [ -119.471625, 48.611076 ], [ -119.469565, 48.612559 ], [ -119.468943, 48.615181 ], [ -119.471096, 48.620272 ], [ -119.470966, 48.623237 ], [ -119.469665, 48.624796 ], [ -119.468591, 48.626404 ], [ -119.464467, 48.628912 ], [ -119.462592, 48.631567 ], [ -119.458828, 48.633634 ], [ -119.458406, 48.634937 ], [ -119.459106, 48.638387 ], [ -119.458295, 48.641435 ], [ -119.464613, 48.645083 ], [ -119.46987, 48.649802 ], [ -119.479505, 48.636581 ], [ -119.482212, 48.633804 ], [ -119.506191, 48.615066 ], [ -119.508662, 48.612743 ], [ -119.513111, 48.606884 ], [ -119.516091, 48.600331 ], [ -119.516125, 48.595818 ], [ -119.516635, 48.594746 ], [ -119.522992, 48.587058 ], [ -119.527883, 48.581764 ], [ -119.533714, 48.575431 ], [ -119.536725, 48.576792 ], [ -119.54316, 48.580747 ], [ -119.543456, 48.583193 ], [ -119.544558, 48.584547 ], [ -119.548481, 48.586191 ], [ -119.553107, 48.587188 ], [ -119.557425, 48.588999 ], [ -119.561841, 48.592134 ], [ -119.566362, 48.593298 ], [ -119.571166, 48.593394 ], [ -119.572398, 48.593438 ], [ -119.580284, 48.594309 ], [ -119.581698, 48.594135 ], [ -119.582176, 48.594218 ], [ -119.582657, 48.594532 ], [ -119.58359, 48.596225 ], [ -119.586413, 48.597398 ], [ -119.588955, 48.596504 ], [ -119.593678, 48.594471 ], [ -119.596411, 48.595854 ], [ -119.598711, 48.596412 ], [ -119.601503, 48.596166 ], [ -119.6144, 48.596849 ], [ -119.61544, 48.597297 ], [ -119.620751, 48.601775 ], [ -119.62175, 48.601966 ], [ -119.627689, 48.599819 ], [ -119.629912, 48.599699 ], [ -119.631937, 48.601754 ], [ -119.63591, 48.602733 ], [ -119.63879, 48.604979 ], [ -119.641038, 48.605384 ], [ -119.651097, 48.605515 ], [ -119.654504, 48.606625 ], [ -119.657416, 48.606877 ], [ -119.661204, 48.608309 ], [ -119.668275, 48.609298 ], [ -119.677575, 48.60949 ], [ -119.680246, 48.609983 ], [ -119.681068, 48.611143 ], [ -119.681021, 48.612914 ], [ -119.684237, 48.611354 ], [ -119.694086, 48.61533 ], [ -119.696673, 48.614753 ], [ -119.698884, 48.615976 ], [ -119.7038, 48.615988 ], [ -119.705491, 48.617155 ], [ -119.70587, 48.618754 ], [ -119.708038, 48.618922 ] ] ] } },
{ "type": "Feature", "properties": { "geoid": "53063003200", "county_name": "Spokane County", "place_name": null, "state_name": "Washington", "state_abbr": "WA", "is_rural": false, "dci_score": 74.8, "dci_quintile": 3.0, "is_cra_lmi": true, "income_level": "M", "is_persistent_poverty": false, "is_tribal_overlap": false, "tribal_area_name": null, "aian_pct": 0.0, "has_nmtc": false, "nmtc_projects": 0, "nmtc_total_usd": 0.0 }, "geometry": { "type": "Polygon", "coordinates": [ [ [ -117.426502, 47.652715 ], [ -117.422022, 47.652741 ], [ -117.421014, 47.652764 ], [ -117.417966, 47.652766 ], [ -117.411254, 47.652674 ], [ -117.40312, 47.652214 ], [ -117.403321, 47.645892 ], [ -117.40583, 47.645892 ], [ -117.40691, 47.645668 ], [ -117.407036, 47.645745 ], [ -117.410828, 47.644814 ], [ -117.412413, 47.646165 ], [ -117.415863, 47.645975 ], [ -117.421863, 47.64743 ], [ -117.423901, 47.646308 ], [ -117.42555, 47.645269 ], [ -117.426392, 47.647276 ], [ -117.426502, 47.652715 ] ] ] } },
{ "type": "Feature", "properties": { "geoid": "53011041111", "county_name": "Clark County", "place_name": null, "state_name": "Washington", "state_abbr": "WA", "is_rural": false, "dci_score": 49.0, "dci_quintile": 5.0, "is_cra_lmi": true, "income_level": "L", "is_persistent_poverty": false, "is_tribal_overlap": false, "tribal_area_name": null, "aian_pct": 0.0, "has_nmtc": false, "nmtc_projects": 0, "nmtc_total_usd": 0.0 }, "geometry": { "type": "Polygon", "coordinates": [ [ [ -122.616828, 45.647985 ], [ -122.611419, 45.647989 ], [ -122.604721, 45.648134 ], [ -122.601547, 45.648643 ], [ -122.599157, 45.649251 ], [ -122.599177, 45.645017 ], [ -122.604972, 45.644091 ], [ -122.60502, 45.644088 ], [ -122.606157, 45.643905 ], [ -122.61361, 45.641972 ], [ -122.61665, 45.641218 ], [ -122.616821, 45.645185 ], [ -122.616828, 45.647985 ] ] ] } },
{ "type": "Feature", "properties": { "geoid": "53053063200", "county_name": "Pierce County", "place_name": null, "state_name": "Washington", "state_abbr": "WA", "is_rural": false, "dci_score": 55.5, "dci_quintile": 4.0, "is_cra_lmi": true, "income_level": "M", "is_persistent_poverty": false, "is_tribal_overlap": false, "tribal_area_name": null, "aian_pct": 0.0, "has_nmtc": false, "nmtc_projects": 0, "nmtc_total_usd": 0.0 }, "geometry": { "type": "Polygon", "coordinates": [ [ [ -122.441835, 47.19919 ], [ -122.441841, 47.200471 ], [ -122.441826, 47.206402 ], [ -122.436448, 47.206387 ], [ -122.432652, 47.206367 ], [ -122.423777, 47.206326 ], [ -122.423578, 47.204657 ], [ -122.422973, 47.202691 ], [ -122.422222, 47.200795 ], [ -122.4222, 47.199046 ], [ -122.422107, 47.194067 ], [ -122.421206, 47.19181 ], [ -122.423228, 47.191885 ], [ -122.42608, 47.191884 ], [ -122.434031, 47.191847 ], [ -122.43661, 47.19188 ], [ -122.441887, 47.191917 ], [ -122.441835, 47.19919 ] ] ] } },
{ "type": "Feature", "properties": { "geoid": "53073000301", "county_name": "Whatcom County", "place_name": null, "state_name": "Washington", "state_abbr": "WA", "is_rural": false, "dci_score": 53.6, "dci_quintile": 5.0, "is_cra_lmi": false, "income_level": "U", "is_persistent_poverty": false, "is_tribal_overlap": false, "tribal_area_name": null, "aian_pct": 0.0, "has_nmtc": false, "nmtc_projects": 0, "nmtc_total_usd": 0.0 }, "geometry": { "type": "Polygon", "coordinates": [ [ [ -122.52974, 48.771109 ], [ -122.526206, 48.77025 ], [ -122.521625, 48.768351 ], [ -122.519578, 48.768312 ], [ -122.520219, 48.768672 ], [ -122.520093, 48.77684 ], [ -122.520004, 48.781539 ], [ -122.518741, 48.782436 ], [ -122.518717, 48.784235 ], [ -122.519235, 48.786053 ], [ -122.516811, 48.787891 ], [ -122.513059, 48.78712 ], [ -122.505961, 48.784909 ], [ -122.502821, 48.783147 ], [ -122.497198, 48.775615 ], [ -122.495326, 48.773346 ], [ -122.495178, 48.773161 ], [ -122.496408, 48.772095 ], [ -122.49897, 48.76682 ], [ -122.508299, 48.76249 ], [ -122.508, 48.760632 ], [ -122.512597810529002, 48.757560691631902 ], [ -122.513311083895999, 48.7588148389585 ], [ -122.514493, 48.760893 ], [ -122.514152, 48.763196 ], [ -122.528203, 48.768428 ], [ -122.530349352884997, 48.770602594370203 ], [ -122.52974, 48.771109 ] ] ] } },
{ "type": "Feature", "properties": { "geoid": "53033030308", "county_name": "King County", "place_name": null, "state_name": "Washington", "state_abbr": "WA", "is_rural": false, "dci_score": 32.8, "dci_quintile": 5.0, "is_cra_lmi": true, "income_level": "M", "is_persistent_poverty": false, "is_tribal_overlap": false, "tribal_area_name": null, "aian_pct": 0.0, "has_nmtc": false, "nmtc_projects": 0, "nmtc_total_usd": 0.0 }, "geometry": { "type": "Polygon", "coordinates": [ [ [ -122.360949, 47.315173 ], [ -122.348846, 47.315181 ], [ -122.34483, 47.315178 ], [ -122.343745, 47.315046 ], [ -122.34164, 47.314909 ], [ -122.340511, 47.311827 ], [ -122.3423, 47.306203 ], [ -122.34562, 47.305741 ], [ -122.347527, 47.303615 ], [ -122.348988, 47.299387 ], [ -122.350839, 47.298675 ], [ -122.352037, 47.300042 ], [ -122.353948, 47.300666 ], [ -122.360899, 47.300689 ], [ -122.360911, 47.302469 ], [ -122.360916, 47.304352 ], [ -122.360929, 47.30841 ], [ -122.360936, 47.310087 ], [ -122.360949, 47.315173 ] ] ] } },
{ "type": "Feature", "properties": { "geoid": "53061051701", "county_name": "Snohomish County", "place_name": null, "state_name": "Washington", "state_abbr": "WA", "is_rural": false, "dci_score": 57.4, "dci_quintile": 4.0, "is_cra_lmi": true, "income_level": "M", "is_persistent_poverty": false, "is_tribal_overlap": false, "tribal_area_name": null, "aian_pct": 0.0, "has_nmtc": false, "nmtc_projects": 0, "nmtc_total_usd": 0.0 }, "geometry": { "type": "Polygon", "coordinates": [ [ [ -122.314118, 47.822327 ], [ -122.308913, 47.828354 ], [ -122.307279, 47.83023 ], [ -122.302649, 47.835606 ], [ -122.299553, 47.839167 ], [ -122.296262, 47.842988 ], [ -122.29463, 47.84659 ], [ -122.292544, 47.846726 ], [ -122.292519, 47.842815 ], [ -122.292499, 47.83554 ], [ -122.292481, 47.834024 ], [ -122.29242, 47.824925 ], [ -122.292382, 47.82099 ], [ -122.29785, 47.821034 ], [ -122.30656, 47.82148 ], [ -122.311071, 47.8212 ], [ -122.315183, 47.821214 ], [ -122.314118, 47.822327 ] ] ] } },
{ "type": "Feature", "properties": { "geoid": "53061040300", "county_name": "Snohomish County", "place_name": null, "state_name": "Washington", "state_abbr": "WA", "is_rural": false, "dci_score": 77.2, "dci_quintile": 3.0, "is_cra_lmi": false, "income_level": "U", "is_persistent_poverty": false, "is_tribal_overlap": false, "tribal_area_name": null, "aian_pct": 0.0, "has_nmtc": false, "nmtc_projects": 0, "nmtc_total_usd": 0.0 }, "geometry": { "type": "Polygon", "coordinates": [ [ [ -122.20671, 47.999035 ], [ -122.205306, 47.99902 ], [ -122.205263, 48.000333 ], [ -122.201034, 48.000287 ], [ -122.2011, 47.997658 ], [ -122.196853, 47.997638 ], [ -122.194668, 47.997584 ], [ -122.194705, 47.996267 ], [ -122.191975, 47.996233 ], [ -122.192074, 47.992281 ], [ -122.192137, 47.989651 ], [ -122.201312, 47.989761 ], [ -122.202737, 47.989777 ], [ -122.206948, 47.989826 ], [ -122.20671, 47.999035 ] ] ] } },
{ "type": "Feature", "properties": { "geoid": "53049950301", "county_name": "Pacific County", "place_name": null, "state_name": "Washington", "state_abbr": "WA", "is_rural": true, "dci_score": 72.8, "dci_quintile": 3.0, "is_cra_lmi": false, "income_level": "U", "is_persistent_poverty": false, "is_tribal_overlap": true, "tribal_area_name": "Shoalwater Bay Indian Reservation|Shoalwater Bay Off-Reservation Trust Land", "aian_pct": 0.0, "has_nmtc": true, "nmtc_projects": 2, "nmtc_total_usd": 32976494.0 }, "geometry": { "type": "MultiPolygon", "coordinates": [ [ [ [ -123.960642, 46.636364 ], [ -123.958549985084005, 46.636833670193397 ], [ -123.956896, 46.637205 ], [ -123.952749, 46.636328 ], [ -123.950847, 46.631758 ], [ -123.944192, 46.627025 ], [ -123.936111, 46.627025 ], [ -123.936349, 46.633064 ], [ -123.940616, 46.640862 ], [ -123.933165, 46.645989 ], [ -123.921913, 46.650262 ], [ -123.920916, 46.653576 ], [ -123.920662, 46.668142 ], [ -123.923269, 46.672708 ], [ -123.915596, 46.678649 ], [ -123.904239, 46.679081 ], [ -123.895601, 46.683672 ], [ -123.864902, 46.698685 ], [ -123.860379781123001, 46.699978636361301 ], [ -123.851356, 46.70256 ], [ -123.839613, 46.701513 ], [ -123.836556105699003, 46.701954458849997 ], [ -123.831865, 46.698729 ], [ -123.828202, 46.695192 ], [ -123.82439, 46.692483 ], [ -123.820859, 46.688769 ], [ -123.81806, 46.684175 ], [ -123.817728, 46.679457 ], [ -123.817215, 46.676341 ], [ -123.813791, 46.671532 ], [ -123.812514, 46.670071 ], [ -123.811192, 46.668361 ], [ -123.809396, 46.667145 ], [ -123.816075, 46.663343 ], [ -123.815388, 46.662155 ], [ -123.814576, 46.661356 ], [ -123.816433, 46.659566 ], [ -123.814733, 46.658393 ], [ -123.813003, 46.658324 ], [ -123.811149, 46.656789 ], [ -123.809996, 46.653214 ], [ -123.810401, 46.650092 ], [ -123.813122, 46.648581 ], [ -123.81678, 46.64765 ], [ -123.823829, 46.64474 ], [ -123.824207, 46.642891 ], [ -123.821864, 46.640149 ], [ -123.821442, 46.636768 ], [ -123.820229, 46.635105 ], [ -123.817059, 46.635495 ], [ -123.813492, 46.6376 ], [ -123.810518, 46.638361 ], [ -123.802124, 46.638697 ], [ -123.800166, 46.639314 ], [ -123.799864, 46.65232 ], [ -123.794818, 46.653485 ], [ -123.791996, 46.654673 ], [ -123.786584, 46.657964 ], [ -123.782268, 46.658808 ], [ -123.778017, 46.661093 ], [ -123.777352, 46.663058 ], [ -123.778614, 46.663144 ], [ -123.777987, 46.664246 ], [ -123.774952, 46.665039 ], [ -123.768851, 46.665203 ], [ -123.76738, 46.666823 ], [ -123.764371, 46.66719 ], [ -123.761885, 46.669028 ], [ -123.75827, 46.670453 ], [ -123.756978, 46.670665 ], [ -123.752074, 46.671169 ], [ -123.750987, 46.671621 ], [ -123.748532, 46.674744 ], [ -123.748285, 46.673507 ], [ -123.745794, 46.673509 ], [ -123.745591, 46.67228 ], [ -123.739074, 46.672303 ], [ -123.73902, 46.67117 ], [ -123.739222, 46.669169 ], [ -123.732082, 46.664486 ], [ -123.730553, 46.65862 ], [ -123.732757, 46.658038 ], [ -123.731079, 46.656882 ], [ -123.732721, 46.655673 ], [ -123.73106, 46.655696 ], [ -123.73159, 46.653776 ], [ -123.729133, 46.652794 ], [ -123.725647, 46.652864 ], [ -123.724949, 46.651721 ], [ -123.728333, 46.649206 ], [ -123.725975, 46.646258 ], [ -123.727036, 46.645709 ], [ -123.730057, 46.645891 ], [ -123.730885, 46.644565 ], [ -123.734702, 46.644563 ], [ -123.732742, 46.641821 ], [ -123.732973, 46.640381 ], [ -123.730783, 46.640542 ], [ -123.731677, 46.638233 ], [ -123.733203, 46.637935 ], [ -123.736588, 46.63846 ], [ -123.73974, 46.638047 ], [ -123.738908, 46.635281 ], [ -123.734659, 46.632792 ], [ -123.732037, 46.631901 ], [ -123.729911, 46.628748 ], [ -123.725596, 46.626692 ], [ -123.722611, 46.62811 ], [ -123.717502, 46.629163 ], [ -123.7163, 46.630188 ], [ -123.710832, 46.628136 ], [ -123.708775, 46.628662 ], [ -123.705457, 46.627886 ], [ -123.7035, 46.629121 ], [ -123.700348, 46.628573 ], [ -123.69703, 46.628893 ], [ -123.694906, 46.627567 ], [ -123.695238, 46.625944 ], [ -123.693148, 46.625234 ], [ -123.69295, 46.624102 ], [ -123.694177, 46.622479 ], [ -123.692585, 46.616925 ], [ -123.694176, 46.614822 ], [ -123.69756, 46.613336 ], [ -123.696995, 46.611279 ], [ -123.700312, 46.61105 ], [ -123.70333, 46.609701 ], [ -123.703628, 46.607643 ], [ -123.704722, 46.606318 ], [ -123.708536, 46.605403 ], [ -123.710625, 46.605791 ], [ -123.71215, 46.604693 ], [ -123.714372, 46.605401 ], [ -123.716023, 46.604734 ], [ -123.717357, 46.604418 ], [ -123.719016, 46.605789 ], [ -123.721171, 46.604485 ], [ -123.725979, 46.603981 ], [ -123.728334, 46.604643 ], [ -123.731589, 46.610402 ], [ -123.732916, 46.610516 ], [ -123.732815, 46.608779 ], [ -123.733842, 46.607955 ], [ -123.736396, 46.607977 ], [ -123.738385, 46.60729 ], [ -123.738914, 46.605393 ], [ -123.73626, 46.604388 ], [ -123.737684, 46.602491 ], [ -123.741763, 46.602397 ], [ -123.741894, 46.600957 ], [ -123.7473, 46.600886 ], [ -123.74899, 46.600336 ], [ -123.749124, 46.601685 ], [ -123.750717, 46.602141 ], [ -123.755372, 46.602167 ], [ -123.754577, 46.601184 ], [ -123.755873, 46.599218 ], [ -123.753253, 46.597846 ], [ -123.754647, 46.596635 ], [ -123.753621, 46.594943 ], [ -123.753591, 46.59268 ], [ -123.750273, 46.591581 ], [ -123.75057, 46.589913 ], [ -123.74901, 46.58877 ], [ -123.749904, 46.587444 ], [ -123.748776, 46.586736 ], [ -123.748874, 46.58525 ], [ -123.740382, 46.58066 ], [ -123.741707, 46.57906 ], [ -123.740843, 46.577483 ], [ -123.741472, 46.576065 ], [ -123.746507, 46.572726 ], [ -123.749986, 46.571969 ], [ -123.751991, 46.570347 ], [ -123.751794, 46.568267 ], [ -123.753388, 46.565205 ], [ -123.752793, 46.564039 ], [ -123.753621, 46.562647 ], [ -123.753194, 46.560085 ], [ -123.747252, 46.557822 ], [ -123.745429, 46.557594 ], [ -123.742047, 46.55579 ], [ -123.736977, 46.55465 ], [ -123.730381, 46.551315 ], [ -123.729287, 46.550288 ], [ -123.72849, 46.548916 ], [ -123.728455, 46.546174 ], [ -123.730077, 46.543773 ], [ -123.728617, 46.540619 ], [ -123.728175, 46.537543 ], [ -123.732359, 46.539223 ], [ -123.735206, 46.537485 ], [ -123.738121, 46.537415 ], [ -123.736993, 46.535747 ], [ -123.737886, 46.534558 ], [ -123.742324, 46.533687 ], [ -123.747551, 46.528679 ], [ -123.749979, 46.527337 ], [ -123.752603, 46.525775 ], [ -123.754561, 46.521822 ], [ -123.7589, 46.520293 ], [ -123.764, 46.519861 ], [ -123.766118, 46.521027 ], [ -123.769463, 46.520343 ], [ -123.772509, 46.52087 ], [ -123.773106, 46.51991 ], [ -123.778571, 46.517694 ], [ -123.778935, 46.516918 ], [ -123.782512, 46.515409 ], [ -123.784698, 46.513947 ], [ -123.785792, 46.51237 ], [ -123.790824, 46.511914 ], [ -123.791851, 46.510291 ], [ -123.797513, 46.509103 ], [ -123.799499, 46.509424 ], [ -123.802545, 46.508921 ], [ -123.805525, 46.512144 ], [ -123.805988, 46.515642 ], [ -123.806848, 46.516076 ], [ -123.81304, 46.516236 ], [ -123.816252, 46.516922 ], [ -123.817708, 46.517927 ], [ -123.820225, 46.517973 ], [ -123.822112, 46.51939 ], [ -123.823636, 46.519413 ], [ -123.825656, 46.522521 ], [ -123.8292, 46.523778 ], [ -123.831352, 46.523983 ], [ -123.837082, 46.525468 ], [ -123.837514, 46.526611 ], [ -123.8395, 46.526359 ], [ -123.844269, 46.526792 ], [ -123.844072, 46.528484 ], [ -123.845595, 46.528941 ], [ -123.849933, 46.528344 ], [ -123.856822, 46.529187 ], [ -123.860366, 46.530765 ], [ -123.867423, 46.528204 ], [ -123.869227, 46.528575 ], [ -123.873508, 46.526103 ], [ -123.875527, 46.523625 ], [ -123.878007, 46.523039 ], [ -123.879431, 46.521744 ], [ -123.879168, 46.519251 ], [ -123.879799, 46.518397 ], [ -123.878542, 46.516997 ], [ -123.879106, 46.51606 ], [ -123.885927, 46.513308 ], [ -123.888578, 46.515196 ], [ -123.89346, 46.5134 ], [ -123.895535924477002, 46.514105861353201 ], [ -123.895137, 46.518498 ], [ -123.896703, 46.522665 ], [ -123.897242, 46.52848 ], [ -123.897663137099997, 46.531511808142497 ], [ -123.898131, 46.53488 ], [ -123.894254, 46.537028 ], [ -123.893292, 46.53961 ], [ -123.895705, 46.542571 ], [ -123.894579, 46.547268 ], [ -123.896181, 46.550254 ], [ -123.903321, 46.55191 ], [ -123.908125, 46.553306 ], [ -123.916902, 46.562633 ], [ -123.920247, 46.567343 ], [ -123.922566, 46.570177 ], [ -123.922332, 46.577057 ], [ -123.928861, 46.588875 ], [ -123.939139, 46.596326 ], [ -123.953699, 46.605148 ], [ -123.954449860788998, 46.606304320129603 ], [ -123.959175, 46.613581 ], [ -123.959113572546002, 46.6169580978328 ], [ -123.958923100403993, 46.627429686964902 ], [ -123.958914, 46.62793 ], [ -123.960642, 46.636364 ] ] ], [ [ [ -124.098343031599995, 46.794066996836101 ], [ -124.081647, 46.794241 ], [ -124.079337, 46.794148 ], [ -124.077657, 46.794161 ], [ -124.018146, 46.792785 ], [ -123.997399, 46.793266 ], [ -123.965339, 46.793013 ], [ -123.915181, 46.792641 ], [ -123.897052, 46.792495 ], [ -123.886622, 46.792893 ], [ -123.877006, 46.791857 ], [ -123.856488, 46.790916 ], [ -123.856513, 46.791574 ], [ -123.852203, 46.791656 ], [ -123.855137, 46.787322 ], [ -123.859194, 46.783367 ], [ -123.861821, 46.781537 ], [ -123.867375, 46.778883 ], [ -123.869901, 46.776779 ], [ -123.871198, 46.776298 ], [ -123.87253, 46.777121 ], [ -123.874129, 46.779223 ], [ -123.875361, 46.779816 ], [ -123.878856, 46.779452 ], [ -123.884581, 46.777192 ], [ -123.888941, 46.775046 ], [ -123.893189, 46.775557 ], [ -123.898613, 46.774975 ], [ -123.901463, 46.773595 ], [ -123.906507, 46.769046 ], [ -123.907709, 46.766943 ], [ -123.907169, 46.763949 ], [ -123.90496, 46.761642 ], [ -123.899848, 46.757896 ], [ -123.897722, 46.756631 ], [ -123.893938, 46.755282 ], [ -123.889324, 46.754092 ], [ -123.888317, 46.753006 ], [ -123.887473584812994, 46.749722126976998 ], [ -123.88876, 46.750383 ], [ -123.893054, 46.750204 ], [ -123.898641, 46.750205 ], [ -123.910716, 46.746715 ], [ -123.916371, 46.741322 ], [ -123.918806, 46.738829 ], [ -123.917671, 46.734644 ], [ -123.915131, 46.733237 ], [ -123.91285, 46.730647 ], [ -123.912105, 46.728199 ], [ -123.91351, 46.72668 ], [ -123.916874, 46.726739 ], [ -123.920896292568003, 46.7262572744945 ], [ -123.921407018452001, 46.726196107963098 ], [ -123.929073, 46.725278 ], [ -123.948683, 46.725369 ], [ -123.968564, 46.736106 ], [ -123.974994, 46.733391 ], [ -123.979655, 46.724658 ], [ -123.978647823350997, 46.722265003813597 ], [ -123.975157, 46.713971 ], [ -123.968510087794996, 46.706909409195397 ], [ -123.966886, 46.705184 ], [ -123.973663, 46.703353 ], [ -123.987521, 46.707507 ], [ -123.994242, 46.707929 ], [ -123.998854, 46.705958 ], [ -124.002342, 46.707447 ], [ -124.005764, 46.710335 ], [ -124.004843, 46.712321 ], [ -124.006554, 46.7139 ], [ -124.016411903990999, 46.718926314010503 ], [ -124.017084, 46.719269 ], [ -124.017981682408006, 46.719154655998203 ], [ -124.029127, 46.717735 ], [ -124.037281225616994, 46.722054758983298 ], [ -124.037814, 46.722337 ], [ -124.043474, 46.724142 ], [ -124.047357, 46.725315 ], [ -124.056139, 46.729107 ], [ -124.063117, 46.733664 ], [ -124.080983, 46.735003 ], [ -124.092176, 46.741624 ], [ -124.096515, 46.746202 ], [ -124.095041, 46.756812 ], [ -124.096655, 46.784374 ], [ -124.098343031599995, 46.794066996836101 ] ] ] ] } },
{ "type": "Feature", "properties": { "geoid": "53033026801", "county_name": "King County", "place_name": "Auburn", "state_name": "Washington", "state_abbr": "WA", "is_rural": false, "dci_score": 54.5, "dci_quintile": 4.0, "is_cra_lmi": true, "income_level": "L", "is_persistent_poverty": false, "is_tribal_overlap": false, "tribal_area_name": null, "aian_pct": 0.0, "has_nmtc": false, "nmtc_projects": 0, "nmtc_total_usd": 0.0 }, "geometry": { "type": "Polygon", "coordinates": [ [ [ -122.355108, 47.507113 ], [ -122.355102, 47.508557 ], [ -122.35511, 47.511865 ], [ -122.347641, 47.511973 ], [ -122.345047, 47.512011 ], [ -122.333953, 47.512159 ], [ -122.333624, 47.510381 ], [ -122.333631, 47.506766 ], [ -122.333654, 47.503154 ], [ -122.333698, 47.499488 ], [ -122.339065, 47.49939 ], [ -122.339148, 47.506673 ], [ -122.34466, 47.506581 ], [ -122.347319, 47.506539 ], [ -122.347087, 47.502921 ], [ -122.353791, 47.502803 ], [ -122.355145, 47.50278 ], [ -122.355108, 47.507113 ] ] ] } },
{ "type": "Feature", "properties": { "geoid": "53033011001", "county_name": "King County", "place_name": null, "state_name": "Washington", "state_abbr": "WA", "is_rural": false, "dci_score": 39.9, "dci_quintile": 5.0, "is_cra_lmi": true, "income_level": "M", "is_persistent_poverty": false, "is_tribal_overlap": false, "tribal_area_name": null, "aian_pct": 0.0, "has_nmtc": true, "nmtc_projects": 2, "nmtc_total_usd": 11070000.0 }, "geometry": { "type": "Polygon", "coordinates": [ [ [ -122.292775, 47.544287 ], [ -122.292596, 47.546163 ], [ -122.285432, 47.546048 ], [ -122.282828, 47.540674 ], [ -122.28094, 47.537047 ], [ -122.280656, 47.536131 ], [ -122.280327, 47.535209 ], [ -122.27882, 47.533255 ], [ -122.278305, 47.531541 ], [ -122.283647, 47.531532 ], [ -122.288471, 47.531683 ], [ -122.289183, 47.533058 ], [ -122.290006, 47.534434 ], [ -122.290922, 47.53522 ], [ -122.289959, 47.535453 ], [ -122.290194, 47.540152 ], [ -122.291868, 47.542541 ], [ -122.29279, 47.54265 ], [ -122.292775, 47.544287 ] ] ] } },
{ "type": "Feature", "properties": { "geoid": "53053063501", "county_name": "Pierce County", "place_name": "Kent", "state_name": "Washington", "state_abbr": "WA", "is_rural": false, "dci_score": 56.2, "dci_quintile": 4.0, "is_cra_lmi": false, "income_level": "U", "is_persistent_poverty": false, "is_tribal_overlap": false, "tribal_area_name": null, "aian_pct": 0.0, "has_nmtc": false, "nmtc_projects": 0, "nmtc_total_usd": 0.0 }, "geometry": { "type": "Polygon", "coordinates": [ [ [ -122.463794, 47.184692 ], [ -122.462277, 47.190793 ], [ -122.459146, 47.191942 ], [ -122.452499, 47.191925 ], [ -122.441887, 47.191917 ], [ -122.441953, 47.184623 ], [ -122.441962, 47.181013 ], [ -122.455211, 47.181008 ], [ -122.463209, 47.181047 ], [ -122.463232, 47.182851 ], [ -122.463183, 47.184666 ], [ -122.463794, 47.184692 ] ] ] } },
{ "type": "Feature", "properties": { "geoid": "53021020102", "county_name": "Franklin County", "place_name": null, "state_name": "Washington", "state_abbr": "WA", "is_rural": false, "dci_score": 46.6, "dci_quintile": 5.0, "is_cra_lmi": true, "income_level": "M", "is_persistent_poverty": false, "is_tribal_overlap": false, "tribal_area_name": null, "aian_pct": 0.0, "has_nmtc": false, "nmtc_projects": 0, "nmtc_total_usd": 0.0 }, "geometry": { "type": "Polygon", "coordinates": [ [ [ -119.104839, 46.277862 ], [ -119.10543, 46.279178 ], [ -119.104303, 46.28051 ], [ -119.09748, 46.284674 ], [ -119.096005, 46.285101 ], [ -119.093399, 46.285173 ], [ -119.085837, 46.285158 ], [ -119.059558, 46.28522 ], [ -119.01618, 46.254043 ], [ -119.04306, 46.242112 ], [ -119.044864, 46.241402 ], [ -119.051892, 46.241528 ], [ -119.056755, 46.239574 ], [ -119.060198, 46.237944 ], [ -119.061611, 46.234442 ], [ -119.062887, 46.233818 ], [ -119.070739, 46.233765 ], [ -119.07594, 46.233818 ], [ -119.078101, 46.233851 ], [ -119.079998, 46.233394 ], [ -119.083889, 46.232471 ], [ -119.092732, 46.250106 ], [ -119.095498, 46.25573 ], [ -119.106366, 46.277884 ], [ -119.104839, 46.277862 ] ] ] } },
{ "type": "Feature", "properties": { "geoid": "53053071416", "county_name": "Pierce County", "place_name": null, "state_name": "Washington", "state_abbr": "WA", "is_rural": false, "dci_score": 31.6, "dci_quintile": 5.0, "is_cra_lmi": true, "income_level": "M", "is_persistent_poverty": false, "is_tribal_overlap": false, "tribal_area_name": null, "aian_pct": 0.0, "has_nmtc": false, "nmtc_projects": 0, "nmtc_total_usd": 0.0 }, "geometry": { "type": "Polygon", "coordinates": [ [ [ -122.436252, 47.084618 ], [ -122.435084, 47.085306 ], [ -122.434938, 47.097297 ], [ -122.43214, 47.097336 ], [ -122.429162, 47.097265 ], [ -122.428923, 47.096229 ], [ -122.428695, 47.095083 ], [ -122.428232, 47.092907 ], [ -122.428013, 47.082627 ], [ -122.421563, 47.082521 ], [ -122.421751, 47.073728 ], [ -122.418664, 47.071419 ], [ -122.414265, 47.067958 ], [ -122.432589, 47.067963 ], [ -122.432358, 47.07903 ], [ -122.433636, 47.079041 ], [ -122.433519, 47.082517 ], [ -122.435101, 47.084195 ], [ -122.436252, 47.084618 ] ] ] } },
{ "type": "Feature", "properties": { "geoid": "53057951101", "county_name": "Skagit County", "place_name": "SeaTac", "state_name": "Washington", "state_abbr": "WA", "is_rural": true, "dci_score": 56.5, "dci_quintile": 4.0, "is_cra_lmi": true, "income_level": "M", "is_persistent_poverty": false, "is_tribal_overlap": false, "tribal_area_name": null, "aian_pct": 0.0, "has_nmtc": false, "nmtc_projects": 0, "nmtc_total_usd": 0.0 }, "geometry": { "type": "Polygon", "coordinates": [ [ [ -121.887586, 48.51294 ], [ -121.881177, 48.517574 ], [ -121.880348, 48.519066 ], [ -121.881005, 48.521088 ], [ -121.879704, 48.521624 ], [ -121.879628, 48.523909 ], [ -121.882581, 48.526987 ], [ -121.883248, 48.529045 ], [ -121.884916, 48.530915 ], [ -121.884121, 48.532691 ], [ -121.886551, 48.532181 ], [ -121.886555, 48.533728 ], [ -121.885216, 48.535605 ], [ -121.883803, 48.539348 ], [ -121.879246, 48.546147 ], [ -121.875016, 48.547748 ], [ -121.87192, 48.548219 ], [ -121.870094, 48.549657 ], [ -121.86704, 48.55013 ], [ -121.858133, 48.553847 ], [ -121.854752, 48.553921 ], [ -121.84804, 48.555588 ], [ -121.846549, 48.556178 ], [ -121.838052, 48.560611 ], [ -121.836421, 48.561 ], [ -121.831853, 48.560749 ], [ -121.827758, 48.560897 ], [ -121.820231, 48.561749 ], [ -121.815112, 48.562558 ], [ -121.810514, 48.564861 ], [ -121.803121, 48.567275 ], [ -121.797909, 48.56719 ], [ -121.791739, 48.567974 ], [ -121.784609, 48.570767 ], [ -121.780512, 48.572899 ], [ -121.779631, 48.573959 ], [ -121.777105, 48.578886 ], [ -121.774592, 48.581917 ], [ -121.774224, 48.583589 ], [ -121.774818, 48.586524 ], [ -121.774095, 48.589133 ], [ -121.770169, 48.594435 ], [ -121.769073, 48.597942 ], [ -121.766094, 48.599788 ], [ -121.764488, 48.601646 ], [ -121.757263, 48.606531 ], [ -121.756049, 48.608135 ], [ -121.753154, 48.614776 ], [ -121.751935, 48.616628 ], [ -121.749443, 48.618856 ], [ -121.747686, 48.621098 ], [ -121.743848, 48.620988 ], [ -121.739675, 48.62359 ], [ -121.740028, 48.624965 ], [ -121.738641, 48.62884 ], [ -121.740421, 48.633122 ], [ -121.740442, 48.634302 ], [ -121.738601, 48.636268 ], [ -121.736071, 48.637123 ], [ -121.734013, 48.640059 ], [ -121.730479, 48.642164 ], [ -121.729717, 48.64348 ], [ -121.688456, 48.643117 ], [ -121.454862, 48.642318 ], [ -120.908358, 48.640901 ], [ -120.908357, 48.657003 ], [ -120.751904, 48.657002 ], [ -120.750624, 48.653724 ], [ -120.752611, 48.6523 ], [ -120.752893, 48.649378 ], [ -120.754256, 48.647524 ], [ -120.757608, 48.644561 ], [ -120.759465, 48.6441 ], [ -120.766398, 48.644364 ], [ -120.771692, 48.642627 ], [ -120.773297, 48.641 ], [ -120.774077, 48.637559 ], [ -120.777481, 48.635322 ], [ -120.780602, 48.630287 ], [ -120.782302, 48.628597 ], [ -120.787146, 48.626262 ], [ -120.788307, 48.625115 ], [ -120.787522, 48.622472 ], [ -120.782437, 48.61394 ], [ -120.782115, 48.612733 ], [ -120.783959, 48.611126 ], [ -120.785309, 48.60829 ], [ -120.785312, 48.605164 ], [ -120.783659, 48.601864 ], [ -120.779561, 48.598598 ], [ -120.778584, 48.59737 ], [ -120.774041, 48.594426 ], [ -120.773832, 48.59308 ], [ -120.769139, 48.589931 ], [ -120.765858, 48.589011 ], [ -120.76466, 48.586256 ], [ -120.760458, 48.582761 ], [ -120.753858, 48.580556 ], [ -120.745479, 48.579522 ], [ -120.74413, 48.578843 ], [ -120.741581, 48.578878 ], [ -120.735226, 48.580686 ], [ -120.73066, 48.582304 ], [ -120.729309, 48.58523 ], [ -120.727522, 48.585717 ], [ -120.724382, 48.588948 ], [ -120.722585, 48.596143 ], [ -120.719212, 48.596432 ], [ -120.717201, 48.595072 ], [ -120.714992, 48.594556 ], [ -120.715466, 48.593664 ], [ -120.712243, 48.591419 ], [ -120.706485, 48.590759 ], [ -120.70399, 48.589149 ], [ -120.701905, 48.586922 ], [ -120.700121, 48.58378 ], [ -120.697412, 48.581191 ], [ -120.695058, 48.579762 ], [ -120.692801, 48.577513 ], [ -120.688515, 48.575705 ], [ -120.688732, 48.572852 ], [ -120.686731, 48.570891 ], [ -120.686097, 48.566496 ], [ -120.6881, 48.562952 ], [ -120.692935, 48.560695 ], [ -120.696369, 48.559518 ], [ -120.699194, 48.559688 ], [ -120.700496, 48.559021 ], [ -120.700992, 48.556623 ], [ -120.70033, 48.555759 ], [ -120.701977, 48.551074 ], [ -120.704543, 48.549169 ], [ -120.705459, 48.547728 ], [ -120.705239, 48.546086 ], [ -120.708676, 48.541802 ], [ -120.707407, 48.53809 ], [ -120.707465, 48.536835 ], [ -120.705083, 48.535978 ], [ -120.703893, 48.533655 ], [ -120.702069, 48.531589 ], [ -120.70359, 48.530325 ], [ -120.703052, 48.527795 ], [ -120.703556, 48.526401 ], [ -120.705343, 48.526188 ], [ -120.709482, 48.52334 ], [ -120.715399, 48.52327 ], [ -120.718353, 48.522733 ], [ -120.724967, 48.519828 ], [ -120.730866, 48.517863 ], [ -120.734615, 48.517732 ], [ -120.741843, 48.51811 ], [ -120.746549, 48.517404 ], [ -120.750213, 48.515539 ], [ -120.751908, 48.512899 ], [ -120.755197, 48.511592 ], [ -120.758222, 48.511395 ], [ -120.765627, 48.508873 ], [ -120.774389, 48.507987 ], [ -120.778554, 48.508309 ], [ -120.787932, 48.5071 ], [ -120.791857, 48.507537 ], [ -120.801827, 48.510453 ], [ -120.804117, 48.512222 ], [ -120.813907, 48.517512 ], [ -120.816787, 48.519604 ], [ -120.8176, 48.522148 ], [ -120.816344, 48.523432 ], [ -120.810197, 48.527604 ], [ -120.809312, 48.528626 ], [ -120.810399, 48.530583 ], [ -120.816362, 48.535224 ], [ -120.817048, 48.537737 ], [ -120.824337, 48.540209 ], [ -120.826491, 48.541992 ], [ -120.823947, 48.54503 ], [ -120.826367, 48.54652 ], [ -120.830786, 48.547706 ], [ -120.833853, 48.548031 ], [ -120.837101, 48.549156 ], [ -120.838635, 48.550836 ], [ -120.842275, 48.550086 ], [ -120.844655, 48.550552 ], [ -120.84729, 48.549147 ], [ -120.850896, 48.54842 ], [ -120.853864, 48.549065 ], [ -120.857427, 48.547676 ], [ -120.860727, 48.544213 ], [ -120.860873, 48.54206 ], [ -120.857722, 48.537406 ], [ -120.857943, 48.535671 ], [ -120.861463, 48.533529 ], [ -120.861949, 48.530879 ], [ -120.863213, 48.530074 ], [ -120.871826, 48.531053 ], [ -120.873386, 48.532003 ], [ -120.874753, 48.534185 ], [ -120.876731, 48.535497 ], [ -120.881666, 48.536702 ], [ -120.885401, 48.538187 ], [ -120.889985, 48.535924 ], [ -120.894321, 48.535876 ], [ -120.898102, 48.532796 ], [ -120.899683, 48.532582 ], [ -120.902106, 48.533777 ], [ -120.90396, 48.533401 ], [ -120.904292, 48.530117 ], [ -120.902577, 48.527271 ], [ -120.90313, 48.524758 ], [ -120.904596, 48.523653 ], [ -120.922747, 48.525211 ], [ -120.926956, 48.526007 ], [ -120.935325, 48.529311 ], [ -120.94069, 48.530022 ], [ -120.949064, 48.530001 ], [ -120.950502, 48.529581 ], [ -120.950839, 48.526453 ], [ -120.954294, 48.522369 ], [ -120.952221, 48.518117 ], [ -120.950039, 48.515276 ], [ -120.950981, 48.513696 ], [ -120.950579, 48.511964 ], [ -120.94894, 48.510217 ], [ -120.948706, 48.508211 ], [ -120.949469, 48.506129 ], [ -120.948871, 48.505106 ], [ -120.951068, 48.499637 ], [ -120.951949, 48.499206 ], [ -120.955479, 48.500272 ], [ -120.959947, 48.500015 ], [ -120.963795, 48.498574 ], [ -120.966606, 48.498878 ], [ -120.968826, 48.500107 ], [ -120.971797, 48.499529 ], [ -120.974251, 48.499946 ], [ -120.975294, 48.499286 ], [ -120.976936, 48.500066 ], [ -120.979631, 48.498973 ], [ -120.982402, 48.499505 ], [ -120.985227, 48.4978 ], [ -120.99063, 48.498952 ], [ -120.99293, 48.499045 ], [ -120.997137, 48.497036 ], [ -120.998113, 48.495039 ], [ -121.001089, 48.494203 ], [ -121.01559, 48.49431 ], [ -121.023629, 48.495442 ], [ -121.036234, 48.495297 ], [ -121.039077, 48.491888 ], [ -121.042575, 48.490585 ], [ -121.049714, 48.485399 ], [ -121.052761, 48.482013 ], [ -121.05394, 48.479392 ], [ -121.056534, 48.47637 ], [ -121.056748, 48.47141 ], [ -121.060039, 48.467187 ], [ -121.060558, 48.462669 ], [ -121.063231, 48.459792 ], [ -121.061261, 48.45821 ], [ -121.060828, 48.455158 ], [ -121.058876, 48.452432 ], [ -121.056147, 48.451567 ], [ -121.055537, 48.450175 ], [ -121.047645, 48.447176 ], [ -121.045075, 48.447938 ], [ -121.040994, 48.445737 ], [ -121.040369, 48.442062 ], [ -121.038266, 48.438075 ], [ -121.038825, 48.435329 ], [ -121.03713, 48.433027 ], [ -121.037679, 48.432081 ], [ -121.044667, 48.435544 ], [ -121.055433, 48.436176 ], [ -121.057907, 48.436744 ], [ -121.060721, 48.436 ], [ -121.063885, 48.437025 ], [ -121.067429, 48.438857 ], [ -121.067447, 48.440022 ], [ -121.069237, 48.441334 ], [ -121.077219, 48.443474 ], [ -121.079436, 48.442702 ], [ -121.083968, 48.442777 ], [ -121.084777, 48.442323 ], [ -121.088705, 48.442644 ], [ -121.094975, 48.441722 ], [ -121.097071, 48.442189 ], [ -121.103625, 48.440489 ], [ -121.106467, 48.438911 ], [ -121.11255, 48.439349 ], [ -121.113834, 48.439883 ], [ -121.124204, 48.442211 ], [ -121.126225, 48.44246 ], [ -121.131357, 48.44437 ], [ -121.135897, 48.44492 ], [ -121.136693, 48.448528 ], [ -121.141468, 48.452001 ], [ -121.141937, 48.453192 ], [ -121.145294, 48.454245 ], [ -121.146806, 48.456275 ], [ -121.151388, 48.459471 ], [ -121.151978, 48.461604 ], [ -121.154178, 48.462076 ], [ -121.156891, 48.463536 ], [ -121.160848, 48.462893 ], [ -121.163882, 48.463139 ], [ -121.164903, 48.462139 ], [ -121.167105, 48.461787 ], [ -121.170881, 48.463188 ], [ -121.173725, 48.461996 ], [ -121.177212, 48.461277 ], [ -121.179518, 48.462187 ], [ -121.185026, 48.462377 ], [ -121.187136, 48.46124 ], [ -121.188917, 48.462002 ], [ -121.191175, 48.461295 ], [ -121.193399, 48.462167 ], [ -121.196763, 48.461689 ], [ -121.198972, 48.462245 ], [ -121.199012, 48.463231 ], [ -121.201652, 48.462935 ], [ -121.203103, 48.461263 ], [ -121.210489, 48.464815 ], [ -121.211865, 48.46458 ], [ -121.216578, 48.466234 ], [ -121.21793, 48.468766 ], [ -121.21953, 48.470339 ], [ -121.224466, 48.470691 ], [ -121.227482, 48.474202 ], [ -121.229843, 48.4758 ], [ -121.22993, 48.477403 ], [ -121.234639, 48.479321 ], [ -121.235004, 48.481061 ], [ -121.234241, 48.482897 ], [ -121.236443, 48.483959 ], [ -121.237406, 48.483593 ], [ -121.239796, 48.485261 ], [ -121.239362, 48.486396 ], [ -121.240902, 48.487467 ], [ -121.241614, 48.489935 ], [ -121.242881, 48.490116 ], [ -121.242978, 48.491796 ], [ -121.245407, 48.49373 ], [ -121.245402, 48.494761 ], [ -121.247496, 48.494913 ], [ -121.246184, 48.495795 ], [ -121.246127, 48.497373 ], [ -121.248493, 48.49893 ], [ -121.248842, 48.5002 ], [ -121.252525, 48.503306 ], [ -121.255556, 48.503801 ], [ -121.255558, 48.506438 ], [ -121.258662, 48.506494 ], [ -121.258639, 48.508788 ], [ -121.262058, 48.51198 ], [ -121.26155, 48.514032 ], [ -121.258682, 48.515466 ], [ -121.260057, 48.51751 ], [ -121.263864, 48.51869 ], [ -121.265842, 48.52002 ], [ -121.266646, 48.518704 ], [ -121.268211, 48.518867 ], [ -121.272011, 48.524041 ], [ -121.269391, 48.526785 ], [ -121.269955, 48.527774 ], [ -121.273141, 48.528654 ], [ -121.275624, 48.527781 ], [ -121.277593, 48.527983 ], [ -121.278016, 48.529449 ], [ -121.280441, 48.530508 ], [ -121.286363, 48.534462 ], [ -121.290505, 48.533847 ], [ -121.294308, 48.534462 ], [ -121.296409, 48.533886 ], [ -121.298041, 48.534488 ], [ -121.302013, 48.533038 ], [ -121.305299, 48.53292 ], [ -121.310221, 48.531896 ], [ -121.315147, 48.530194 ], [ -121.316459, 48.530554 ], [ -121.320896, 48.53026 ], [ -121.331012, 48.530271 ], [ -121.33569, 48.530573 ], [ -121.33945, 48.52901 ], [ -121.340845, 48.527922 ], [ -121.340473, 48.526032 ], [ -121.344649, 48.522885 ], [ -121.346894, 48.521888 ], [ -121.35074, 48.521454 ], [ -121.353455, 48.518297 ], [ -121.361835, 48.516981 ], [ -121.364466, 48.517742 ], [ -121.368117, 48.517705 ], [ -121.370844, 48.518819 ], [ -121.375503, 48.522089 ], [ -121.377567, 48.522384 ], [ -121.381533, 48.52161 ], [ -121.383439, 48.523028 ], [ -121.386983, 48.523689 ], [ -121.388603, 48.525913 ], [ -121.392922, 48.528352 ], [ -121.396372, 48.528088 ], [ -121.400135, 48.526674 ], [ -121.401724, 48.526755 ], [ -121.403714, 48.527969 ], [ -121.408211, 48.527133 ], [ -121.411635, 48.528042 ], [ -121.414669, 48.526612 ], [ -121.417676, 48.52594 ], [ -121.419199, 48.523659 ], [ -121.420698, 48.522966 ], [ -121.426041, 48.522576 ], [ -121.427312, 48.521322 ], [ -121.429601, 48.520934 ], [ -121.430317, 48.524239 ], [ -121.431577, 48.522268 ], [ -121.433416, 48.521428 ], [ -121.437817, 48.520959 ], [ -121.438769, 48.521172 ], [ -121.441833, 48.525122 ], [ -121.443127, 48.525711 ], [ -121.448449, 48.526522 ], [ -121.449963, 48.526411 ], [ -121.455973, 48.524361 ], [ -121.460784, 48.52179 ], [ -121.463274, 48.519355 ], [ -121.466182, 48.512752 ], [ -121.468985, 48.505388 ], [ -121.471536, 48.50318 ], [ -121.47603, 48.502342 ], [ -121.484005, 48.504474 ], [ -121.491159, 48.50348 ], [ -121.494733, 48.500095 ], [ -121.499442, 48.499791 ], [ -121.504716, 48.500921 ], [ -121.508629, 48.499304 ], [ -121.514936, 48.499407 ], [ -121.518519, 48.501959 ], [ -121.519618, 48.501908 ], [ -121.524326, 48.500734 ], [ -121.526552, 48.49968 ], [ -121.52823, 48.497351 ], [ -121.531511, 48.496161 ], [ -121.539033, 48.494406 ], [ -121.55388, 48.490587 ], [ -121.557738, 48.488429 ], [ -121.56073, 48.487911 ], [ -121.563063, 48.488612 ], [ -121.567287, 48.49081 ], [ -121.568552, 48.489665 ], [ -121.569121, 48.48737 ], [ -121.571765, 48.487036 ], [ -121.572688, 48.484768 ], [ -121.574379, 48.48347 ], [ -121.578999, 48.482006 ], [ -121.581078, 48.482465 ], [ -121.583712, 48.484245 ], [ -121.586377, 48.487493 ], [ -121.588592, 48.487797 ], [ -121.589712, 48.487504 ], [ -121.593218, 48.484856 ], [ -121.596837, 48.483134 ], [ -121.599719, 48.482418 ], [ -121.605109, 48.481781 ], [ -121.609475, 48.481827 ], [ -121.616187, 48.482416 ], [ -121.619889, 48.483566 ], [ -121.618608, 48.485405 ], [ -121.618697, 48.487946 ], [ -121.626663, 48.48876 ], [ -121.62799, 48.489118 ], [ -121.638591, 48.493527 ], [ -121.643388, 48.496125 ], [ -121.64568, 48.497979 ], [ -121.64971, 48.502957 ], [ -121.660182, 48.509967 ], [ -121.662325, 48.510983 ], [ -121.667792, 48.512401 ], [ -121.676084, 48.515173 ], [ -121.6798, 48.514665 ], [ -121.682529, 48.514932 ], [ -121.686017, 48.516176 ], [ -121.706896, 48.51896 ], [ -121.707656, 48.519189 ], [ -121.711649, 48.521684 ], [ -121.71803, 48.528919 ], [ -121.720433, 48.53086 ], [ -121.7235, 48.53253 ], [ -121.7269, 48.53367 ], [ -121.733946, 48.535067 ], [ -121.738432, 48.535909 ], [ -121.738009, 48.537544 ], [ -121.743004, 48.539756 ], [ -121.745032, 48.541617 ], [ -121.744477, 48.542469 ], [ -121.742472, 48.543653 ], [ -121.74204, 48.544403 ], [ -121.744436, 48.545169 ], [ -121.749886, 48.545777 ], [ -121.764688, 48.544643 ], [ -121.76526, 48.542964 ], [ -121.764507, 48.541807 ], [ -121.763017, 48.540066 ], [ -121.761858, 48.539812 ], [ -121.761015, 48.540205 ], [ -121.758998, 48.53994 ], [ -121.75896, 48.538479 ], [ -121.765933, 48.5385 ], [ -121.76617, 48.537688 ], [ -121.775723, 48.538729 ], [ -121.780211, 48.539602 ], [ -121.776271, 48.538377 ], [ -121.766034, 48.536951 ], [ -121.766098, 48.531433 ], [ -121.766084, 48.529021 ], [ -121.766921, 48.52754 ], [ -121.771391, 48.524666 ], [ -121.773281, 48.526257 ], [ -121.777881, 48.52812 ], [ -121.780485, 48.529973 ], [ -121.785072, 48.53495 ], [ -121.788158, 48.54012 ], [ -121.791624, 48.542102 ], [ -121.797072, 48.542214 ], [ -121.802755, 48.540073 ], [ -121.805091, 48.538804 ], [ -121.806711, 48.53606 ], [ -121.811077, 48.533884 ], [ -121.817451, 48.532202 ], [ -121.823626, 48.53224 ], [ -121.825721, 48.533032 ], [ -121.829659, 48.535976 ], [ -121.833269, 48.538234 ], [ -121.836698, 48.539422 ], [ -121.843605, 48.539717 ], [ -121.847136, 48.538782 ], [ -121.849777, 48.537615 ], [ -121.852093, 48.535204 ], [ -121.851494, 48.532193 ], [ -121.850126, 48.531569 ], [ -121.845317, 48.532487 ], [ -121.839495, 48.532411 ], [ -121.836921, 48.531433 ], [ -121.836376, 48.530491 ], [ -121.838834, 48.528242 ], [ -121.845623, 48.524539 ], [ -121.848111, 48.521888 ], [ -121.844398, 48.522346 ], [ -121.842433, 48.523159 ], [ -121.840905, 48.522882 ], [ -121.840141, 48.52154 ], [ -121.842691, 48.519835 ], [ -121.848529, 48.517325 ], [ -121.851164, 48.516874 ], [ -121.855914, 48.516795 ], [ -121.860138, 48.517463 ], [ -121.863342, 48.517526 ], [ -121.867831, 48.519074 ], [ -121.870557, 48.519285 ], [ -121.874384, 48.518561 ], [ -121.877761, 48.516555 ], [ -121.880632, 48.512629 ], [ -121.881935, 48.512236 ], [ -121.883752, 48.513091 ], [ -121.886526, 48.512125 ], [ -121.887586, 48.51294 ] ] ] } },
{ "type": "Feature", "properties": { "geoid": "53027000300", "county_name": "Grays Harbor County", "place_name": "Burien", "state_name": "Washington", "state_abbr": "WA", "is_rural": true, "dci_score": 80.4, "dci_quintile": 3.0, "is_cra_lmi": false, "income_level": "U", "is_persistent_poverty": false, "is_tribal_overlap": true, "tribal_area_name": "Quinault Reservation", "aian_pct": 0.0, "has_nmtc": false, "nmtc_projects": 0, "nmtc_total_usd": 0.0 }, "geometry": { "type": "Polygon", "coordinates": [ [ [ -124.082917, 47.274339 ], [ -124.054069, 47.298486 ], [ -124.019295, 47.328941 ], [ -124.012718, 47.335181 ], [ -124.001315, 47.343822 ], [ -123.998362, 47.345899 ], [ -123.971607, 47.365236 ], [ -123.941143, 47.392097 ], [ -123.929333, 47.403683 ], [ -123.90592, 47.422672 ], [ -123.901911, 47.426153 ], [ -123.900089, 47.427748 ], [ -123.895027, 47.432354 ], [ -123.869232, 47.455852 ], [ -123.866151, 47.456155 ], [ -123.864625, 47.458262 ], [ -123.86293, 47.461921 ], [ -123.86086, 47.461971 ], [ -123.853284, 47.465655 ], [ -123.851998, 47.465463 ], [ -123.847625, 47.468997 ], [ -123.847027, 47.470593 ], [ -123.845417, 47.469837 ], [ -123.843064, 47.470858 ], [ -123.841325, 47.472602 ], [ -123.837678, 47.474084 ], [ -123.836747, 47.473152 ], [ -123.834264, 47.473498 ], [ -123.832978, 47.474848 ], [ -123.831879, 47.477464 ], [ -123.832308, 47.478583 ], [ -123.831135, 47.480234 ], [ -123.832787, 47.482943 ], [ -123.83562, 47.484906 ], [ -123.839177, 47.48521 ], [ -123.841149, 47.488876 ], [ -123.845382, 47.490394 ], [ -123.843061, 47.493598 ], [ -123.844868, 47.496274 ], [ -123.848713, 47.498001 ], [ -123.853932, 47.496008 ], [ -123.854999, 47.495031 ], [ -123.860971, 47.493762 ], [ -123.863202, 47.491528 ], [ -123.865323, 47.492268 ], [ -123.868541, 47.490204 ], [ -123.86879, 47.487906 ], [ -123.871022, 47.487241 ], [ -123.873649, 47.484601 ], [ -123.877486, 47.483044 ], [ -123.881314, 47.482234 ], [ -123.88404, 47.482158 ], [ -123.886372, 47.480898 ], [ -123.886842, 47.479889 ], [ -123.890531, 47.480011 ], [ -123.89269, 47.481092 ], [ -123.89291, 47.480154 ], [ -123.895573, 47.478587 ], [ -123.898121, 47.47924 ], [ -123.898437, 47.478187 ], [ -123.903261, 47.474711 ], [ -123.908504, 47.472914 ], [ -123.911231, 47.47128 ], [ -123.912573, 47.469699 ], [ -123.933262, 47.474553 ], [ -123.946074, 47.473003 ], [ -123.947797, 47.473566 ], [ -123.949187, 47.474408 ], [ -123.949412, 47.475685 ], [ -123.951649, 47.476809 ], [ -123.954913, 47.480244 ], [ -123.958673, 47.480241 ], [ -123.961382, 47.482862 ], [ -123.964683, 47.484194 ], [ -123.962231, 47.484015 ], [ -123.953118, 47.486029 ], [ -123.95144, 47.488517 ], [ -123.950252, 47.488862 ], [ -123.948261, 47.486296 ], [ -123.94472, 47.486643 ], [ -123.943404, 47.487851 ], [ -123.940715, 47.488421 ], [ -123.937408, 47.489935 ], [ -123.937242, 47.491399 ], [ -123.938619, 47.492763 ], [ -123.934206, 47.493411 ], [ -123.933016, 47.492611 ], [ -123.931751, 47.489432 ], [ -123.922848, 47.489632 ], [ -123.919798, 47.490661 ], [ -123.917375, 47.492626 ], [ -123.915082, 47.493397 ], [ -123.913238, 47.494918 ], [ -123.913628, 47.496675 ], [ -123.911477, 47.498278 ], [ -123.909704, 47.500698 ], [ -123.906462, 47.506585 ], [ -123.903539, 47.509318 ], [ -123.903791, 47.510902 ], [ -123.904944, 47.511921 ], [ -123.909112, 47.513167 ], [ -123.913346, 47.513332 ], [ -123.918988, 47.515012 ], [ -123.923198, 47.515188 ], [ -123.928922, 47.514585 ], [ -123.931759, 47.513528 ], [ -123.933307, 47.514377 ], [ -123.93761, 47.51488 ], [ -123.93958, 47.514324 ], [ -123.94629, 47.514575 ], [ -123.954875, 47.513096 ], [ -123.956018, 47.513334 ], [ -123.957756, 47.515296 ], [ -123.957135, 47.517972 ], [ -123.63264, 47.517716 ], [ -123.532106, 47.517717 ], [ -123.536067, 47.513487 ], [ -123.541433, 47.510614 ], [ -123.544554, 47.505349 ], [ -123.542476, 47.503208 ], [ -123.540107, 47.502274 ], [ -123.540607, 47.501179 ], [ -123.537726, 47.499824 ], [ -123.534404, 47.496245 ], [ -123.533782, 47.492978 ], [ -123.530792, 47.489964 ], [ -123.528755, 47.489906 ], [ -123.523938, 47.485905 ], [ -123.526141, 47.484244 ], [ -123.525064, 47.477987 ], [ -123.523903, 47.475198 ], [ -123.525939, 47.474015 ], [ -123.526771, 47.471793 ], [ -123.526191, 47.469172 ], [ -123.528933, 47.467932 ], [ -123.529557, 47.46675 ], [ -123.528147, 47.463198 ], [ -123.531595, 47.461198 ], [ -123.532053, 47.458213 ], [ -123.529811, 47.457368 ], [ -123.530393, 47.456129 ], [ -123.535072, 47.452706 ], [ -123.536872, 47.453228 ], [ -123.540361, 47.45309 ], [ -123.543025, 47.453919 ], [ -123.546298, 47.452941 ], [ -123.545106, 47.451237 ], [ -123.548376, 47.45123 ], [ -123.550901, 47.449405 ], [ -123.550499, 47.448008 ], [ -123.554107, 47.444778 ], [ -123.558293, 47.445918 ], [ -123.559875, 47.444134 ], [ -123.559837, 47.440049 ], [ -123.561498, 47.436725 ], [ -123.563611, 47.436728 ], [ -123.568816, 47.434673 ], [ -123.572016, 47.43553 ], [ -123.573827, 47.435175 ], [ -123.572083, 47.433172 ], [ -123.57315, 47.430432 ], [ -123.573371, 47.423183 ], [ -123.57695, 47.415269 ], [ -123.584453, 47.408226 ], [ -123.59134, 47.400659 ], [ -123.594305, 47.395929 ], [ -123.598527, 47.390054 ], [ -123.602404, 47.386452 ], [ -123.60651, 47.384262 ], [ -123.608228, 47.381535 ], [ -123.610412, 47.379396 ], [ -123.610295, 47.378483 ], [ -123.607035, 47.377888 ], [ -123.607224, 47.376133 ], [ -123.612377, 47.374616 ], [ -123.614249, 47.375659 ], [ -123.614237, 47.377108 ], [ -123.617555, 47.377598 ], [ -123.620482, 47.380534 ], [ -123.624502, 47.379666 ], [ -123.626408, 47.378684 ], [ -123.627839, 47.374911 ], [ -123.630171, 47.373148 ], [ -123.630173, 47.371663 ], [ -123.631575, 47.370036 ], [ -123.637324, 47.366566 ], [ -123.637948, 47.363198 ], [ -123.639691, 47.361334 ], [ -123.636476, 47.359116 ], [ -123.636031, 47.357661 ], [ -123.636866, 47.355645 ], [ -123.640758, 47.356172 ], [ -123.639992, 47.352451 ], [ -123.637521, 47.352263 ], [ -123.634832, 47.351229 ], [ -123.635319, 47.34989 ], [ -123.639788, 47.348966 ], [ -123.641935, 47.347024 ], [ -123.645266, 47.345988 ], [ -123.645204, 47.344997 ], [ -123.644343, 47.343339 ], [ -123.641457, 47.342365 ], [ -123.640348, 47.338948 ], [ -123.641105, 47.33812 ], [ -123.644718, 47.337047 ], [ -123.645959, 47.335488 ], [ -123.649111, 47.335227 ], [ -123.65277, 47.335521 ], [ -123.655187, 47.335139 ], [ -123.655885, 47.33405 ], [ -123.65527, 47.332272 ], [ -123.65392, 47.331825 ], [ -123.652042, 47.333861 ], [ -123.649683, 47.334216 ], [ -123.650147, 47.332067 ], [ -123.647589, 47.328285 ], [ -123.644945, 47.329163 ], [ -123.642825, 47.328824 ], [ -123.642803, 47.328221 ], [ -123.645641, 47.325821 ], [ -123.643012, 47.325161 ], [ -123.641691, 47.322046 ], [ -123.642531, 47.320718 ], [ -123.641026, 47.319017 ], [ -123.641157, 47.315633 ], [ -123.63948, 47.314707 ], [ -123.638576, 47.313011 ], [ -123.641062, 47.311242 ], [ -123.64204, 47.309869 ], [ -123.644661, 47.308496 ], [ -123.645231, 47.306522 ], [ -123.646902, 47.304515 ], [ -123.649409, 47.303646 ], [ -123.653231, 47.299751 ], [ -123.652808, 47.297373 ], [ -123.651656, 47.29535 ], [ -123.652642, 47.294112 ], [ -123.652597, 47.291147 ], [ -123.651714, 47.290612 ], [ -123.650061, 47.291918 ], [ -123.64665, 47.29182 ], [ -123.645405, 47.290833 ], [ -123.645328, 47.289065 ], [ -123.647004, 47.28686 ], [ -123.653083, 47.287572 ], [ -123.655962, 47.286071 ], [ -123.659526, 47.28615 ], [ -123.660644, 47.285419 ], [ -123.660069, 47.28396 ], [ -123.655551, 47.281727 ], [ -123.650707, 47.280072 ], [ -123.649951, 47.278614 ], [ -123.652446, 47.276724 ], [ -123.653347, 47.273646 ], [ -123.651988, 47.270698 ], [ -123.652978, 47.26779 ], [ -123.654523, 47.266872 ], [ -123.658781, 47.266929 ], [ -123.659307, 47.266215 ], [ -123.655967, 47.263373 ], [ -123.654955, 47.261943 ], [ -123.652929, 47.261262 ], [ -123.65132, 47.262391 ], [ -123.651331, 47.263462 ], [ -123.648971, 47.264105 ], [ -123.645379, 47.263554 ], [ -123.642863, 47.261989 ], [ -123.641531, 47.260377 ], [ -123.641126, 47.257711 ], [ -123.643702, 47.257607 ], [ -123.647193, 47.258415 ], [ -123.650026, 47.25718 ], [ -123.650989, 47.255249 ], [ -123.650136, 47.250799 ], [ -123.648222, 47.249352 ], [ -123.645718, 47.248867 ], [ -123.645337, 47.246246 ], [ -123.646269, 47.245409 ], [ -123.649085, 47.244785 ], [ -123.650169, 47.244023 ], [ -123.650713, 47.242284 ], [ -123.648403, 47.239616 ], [ -123.644066, 47.239023 ], [ -123.638944, 47.236046 ], [ -123.635251, 47.234537 ], [ -123.635492, 47.233137 ], [ -123.637286, 47.231624 ], [ -123.637637, 47.228428 ], [ -123.639292, 47.22728 ], [ -123.639754, 47.224155 ], [ -123.638875, 47.22233 ], [ -123.640736, 47.224551 ], [ -123.645464, 47.227616 ], [ -123.64838, 47.230771 ], [ -123.648915, 47.233216 ], [ -123.650155, 47.235434 ], [ -123.654616, 47.238658 ], [ -123.653607, 47.242863 ], [ -123.654412, 47.243297 ], [ -123.657668, 47.242224 ], [ -123.660251, 47.243184 ], [ -123.664212, 47.242568 ], [ -123.666998, 47.239986 ], [ -123.671798, 47.23665 ], [ -123.671732, 47.234639 ], [ -123.674149, 47.230251 ], [ -123.674451, 47.227805 ], [ -123.676499, 47.222823 ], [ -123.675325, 47.220606 ], [ -123.673682, 47.219714 ], [ -123.671702, 47.2204 ], [ -123.670898, 47.219463 ], [ -123.668616, 47.219714 ], [ -123.664657, 47.221427 ], [ -123.66355, 47.221427 ], [ -123.662544, 47.220787 ], [ -123.661976, 47.217244 ], [ -123.6605, 47.216672 ], [ -123.656206, 47.216945 ], [ -123.650236, 47.21539 ], [ -123.647756, 47.212509 ], [ -123.648227, 47.211069 ], [ -123.652054, 47.206705 ], [ -123.655744, 47.204558 ], [ -123.653902, 47.20129 ], [ -123.654003, 47.200421 ], [ -123.656419, 47.197588 ], [ -123.652765, 47.194113 ], [ -123.649212, 47.19322 ], [ -123.648308, 47.191712 ], [ -123.650462, 47.179645 ], [ -123.652006, 47.176925 ], [ -123.649527, 47.173862 ], [ -123.649662, 47.173062 ], [ -123.653416, 47.172789 ], [ -123.656903, 47.171213 ], [ -123.66039, 47.16806 ], [ -123.662536, 47.16502 ], [ -123.658985, 47.164151 ], [ -123.65664, 47.162459 ], [ -123.655669, 47.160059 ], [ -123.657849, 47.15814 ], [ -123.659993, 47.158666 ], [ -123.665187, 47.157776 ], [ -123.668169, 47.156542 ], [ -123.670951, 47.153068 ], [ -123.676245, 47.151881 ], [ -123.677787, 47.150601 ], [ -123.677821, 47.148978 ], [ -123.6804, 47.146784 ], [ -123.683584, 47.145139 ], [ -123.685259, 47.142922 ], [ -123.686933, 47.137345 ], [ -123.690384, 47.135174 ], [ -123.69236, 47.134465 ], [ -123.692594, 47.132888 ], [ -123.694137, 47.130769 ], [ -123.693859, 47.127545 ], [ -123.695607, 47.125307 ], [ -123.696077, 47.122533 ], [ -123.69554, 47.118693 ], [ -123.697749, 47.115791 ], [ -123.700996, 47.112888 ], [ -123.704276, 47.107745 ], [ -123.703572, 47.106282 ], [ -123.704107, 47.104408 ], [ -123.706985, 47.10251 ], [ -123.70668, 47.100724 ], [ -123.708451, 47.098936 ], [ -123.710815, 47.093163 ], [ -123.720163, 47.085733 ], [ -123.725215, 47.08429 ], [ -123.724142, 47.082347 ], [ -123.724407, 47.078119 ], [ -123.726379, 47.075078 ], [ -123.727514, 47.071352 ], [ -123.727578, 47.067467 ], [ -123.72674, 47.065479 ], [ -123.727072, 47.061982 ], [ -123.725733, 47.060018 ], [ -123.721148, 47.056019 ], [ -123.720945, 47.051494 ], [ -123.719105, 47.049689 ], [ -123.717966, 47.046535 ], [ -123.719971, 47.043906 ], [ -123.718229, 47.039038 ], [ -123.721036, 47.035815 ], [ -123.719096, 47.034604 ], [ -123.717191, 47.034764 ], [ -123.713747, 47.033188 ], [ -123.711438, 47.029166 ], [ -123.709298, 47.028206 ], [ -123.707392, 47.025715 ], [ -123.701813, 47.024183 ], [ -123.699525, 47.025415 ], [ -123.696702, 47.024454 ], [ -123.696755, 47.020329 ], [ -123.69662, 47.019674 ], [ -123.696876, 47.018953 ], [ -123.696851, 47.015999 ], [ -123.696598, 47.015515 ], [ -123.695704, 47.014519 ], [ -123.691954, 47.011888 ], [ -123.689591, 47.007228 ], [ -123.686252, 47.004473 ], [ -123.689228, 47.005205 ], [ -123.691314, 47.005111 ], [ -123.693433, 47.006313 ], [ -123.698057, 47.006866 ], [ -123.699353, 47.009175 ], [ -123.703583, 47.010688 ], [ -123.706571, 47.011209 ], [ -123.706638, 47.012613 ], [ -123.710518, 47.013695 ], [ -123.713948, 47.013971 ], [ -123.716441, 47.01562 ], [ -123.718617, 47.015994 ], [ -123.720151, 47.018009 ], [ -123.722535, 47.018811 ], [ -123.725283, 47.016319 ], [ -123.728842, 47.016055 ], [ -123.732958, 47.015212 ], [ -123.734558, 47.015857 ], [ -123.736092, 47.014716 ], [ -123.736528, 47.014004 ], [ -123.740304, 47.014368 ], [ -123.743046, 47.016356 ], [ -123.745653, 47.017063 ], [ -123.748426, 47.016124 ], [ -123.758838, 47.014893 ], [ -123.761883, 47.014815 ], [ -123.765569, 47.01702 ], [ -123.76936, 47.01803 ], [ -123.772534, 47.015543 ], [ -123.772932, 47.014335 ], [ -123.776086, 47.011218 ], [ -123.782588, 47.008501 ], [ -123.784509, 47.006544 ], [ -123.788596, 47.004123 ], [ -123.790097, 47.004166 ], [ -123.793796, 47.003097 ], [ -123.796913, 47.000852 ], [ -123.797796, 46.999487 ], [ -123.800448, 46.99847 ], [ -123.802109, 46.998758 ], [ -123.803711, 47.000071 ], [ -123.807296, 47.000433 ], [ -123.810194, 47.001617 ], [ -123.8138, 47.003113 ], [ -123.81396, 47.004008 ], [ -123.812175, 47.003948 ], [ -123.808866, 47.002969 ], [ -123.805584, 47.004998 ], [ -123.808568, 47.00495 ], [ -123.809334, 47.005467 ], [ -123.813584, 47.010683 ], [ -123.813037, 47.015434 ], [ -123.813332, 47.017717 ], [ -123.815838, 47.021767 ], [ -123.815759, 47.023882 ], [ -123.814646, 47.026248 ], [ -123.811229, 47.026956 ], [ -123.810066, 47.028494 ], [ -123.810127, 47.032898 ], [ -123.808406, 47.033918 ], [ -123.805806, 47.03256 ], [ -123.802656, 47.032469 ], [ -123.801845, 47.032921 ], [ -123.80521, 47.036519 ], [ -123.804198, 47.038803 ], [ -123.801068, 47.039072 ], [ -123.798091, 47.038405 ], [ -123.795593, 47.036933 ], [ -123.793735, 47.037895 ], [ -123.794281, 47.039124 ], [ -123.791686, 47.041734 ], [ -123.791993, 47.043387 ], [ -123.794781, 47.045896 ], [ -123.794641, 47.048975 ], [ -123.795597, 47.050035 ], [ -123.798605, 47.050792 ], [ -123.801592, 47.049799 ], [ -123.807854, 47.051492 ], [ -123.81176, 47.051658 ], [ -123.818455, 47.052691 ], [ -123.813041, 47.053414 ], [ -123.810508, 47.054732 ], [ -123.806884, 47.057653 ], [ -123.802097, 47.059173 ], [ -123.800596, 47.060582 ], [ -123.795908, 47.066329 ], [ -123.792865, 47.071041 ], [ -123.792192, 47.073079 ], [ -123.794108, 47.074129 ], [ -123.795489, 47.072813 ], [ -123.796638, 47.070767 ], [ -123.797457, 47.068282 ], [ -123.800292, 47.066335 ], [ -123.803286, 47.064635 ], [ -123.80547, 47.062496 ], [ -123.81544, 47.058053 ], [ -123.818984, 47.057334 ], [ -123.825746, 47.058858 ], [ -123.828098, 47.05877 ], [ -123.830674, 47.056674 ], [ -123.832793, 47.056038 ], [ -123.835867, 47.056481 ], [ -123.837672, 47.054868 ], [ -123.840039, 47.053825 ], [ -123.842303, 47.05377 ], [ -123.842101, 47.052251 ], [ -123.843619, 47.053386 ], [ -123.850257, 47.054162 ], [ -123.853313, 47.052181 ], [ -123.858569, 47.051532 ], [ -123.862944, 47.052155 ], [ -123.86271, 47.051091 ], [ -123.863003, 47.050675 ], [ -123.874151, 47.051062 ], [ -123.874476, 47.055342 ], [ -123.872404, 47.057377 ], [ -123.871871, 47.059229 ], [ -123.869632, 47.060464 ], [ -123.8695, 47.062384 ], [ -123.867829, 47.063527 ], [ -123.868434, 47.066224 ], [ -123.868222, 47.068259 ], [ -123.872329, 47.066143 ], [ -123.871923, 47.064921 ], [ -123.874312, 47.062676 ], [ -123.875811, 47.06047 ], [ -123.879843, 47.057242 ], [ -123.890997, 47.050796 ], [ -123.893646, 47.050402 ], [ -123.89814, 47.050414 ], [ -123.899458, 47.048363 ], [ -123.901552, 47.048594 ], [ -123.901593, 47.047048 ], [ -123.903608, 47.046648 ], [ -123.903385, 47.043505 ], [ -123.904293, 47.042068 ], [ -123.906171, 47.04124 ], [ -123.905257, 47.039945 ], [ -123.905491, 47.038228 ], [ -123.90745, 47.036309 ], [ -123.91293, 47.035104 ], [ -123.919788, 47.032182 ], [ -123.922022, 47.030953 ], [ -123.926972, 47.03365 ], [ -123.936367, 47.036412 ], [ -123.943767, 47.038369 ], [ -123.947256, 47.038978 ], [ -123.95241, 47.036276 ], [ -123.955962, 47.033826 ], [ -123.958168, 47.033529 ], [ -123.963032, 47.030912 ], [ -123.964751, 47.028659 ], [ -123.964182, 47.026739 ], [ -123.965418, 47.024248 ], [ -123.965216, 47.021757 ], [ -123.966018, 47.021277 ], [ -123.973269, 47.020886 ], [ -123.975273, 47.01908 ], [ -123.980017, 47.017158 ], [ -123.981587, 47.015649 ], [ -123.979546, 47.012976 ], [ -123.979979, 47.011056 ], [ -123.978341, 47.009937 ], [ -123.97717, 47.008086 ], [ -123.975265, 47.007424 ], [ -123.971857, 47.007219 ], [ -123.972178, 47.004841 ], [ -123.973975, 47.002986 ], [ -123.976761, 47.001403 ], [ -123.975358, 46.998419 ], [ -123.972775, 46.99645 ], [ -123.971587, 46.994515 ], [ -123.971425, 46.991816 ], [ -123.970237, 46.990528 ], [ -123.973856, 46.987773 ], [ -123.980021, 46.989604 ], [ -123.988165, 46.989664 ], [ -123.992779, 46.990557 ], [ -123.998535, 46.99299 ], [ -124.000612, 46.995546 ], [ -124.000616, 47.001708 ], [ -124.001785, 47.004308 ], [ -124.005394517708993, 47.003280722561598 ], [ -124.005248, 47.003915 ], [ -124.010589, 47.007844 ], [ -124.013798, 47.008842 ], [ -124.015686, 47.008101 ], [ -124.017102, 47.008552 ], [ -124.018146, 47.009436 ], [ -124.018329, 47.010965 ], [ -124.017035, 47.011717 ], [ -124.016999, 47.014848 ], [ -124.026345, 47.030187 ], [ -124.031897, 47.030629 ], [ -124.039575, 47.032475 ], [ -124.044079, 47.034159 ], [ -124.047183, 47.036122 ], [ -124.050394, 47.038925 ], [ -124.053619, 47.040092 ], [ -124.054534, 47.040994 ], [ -124.060177289345006, 47.043157020979898 ], [ -124.059002, 47.044697 ], [ -124.050505, 47.047754 ], [ -124.044053, 47.052655 ], [ -124.042975, 47.051368 ], [ -124.040983, 47.05231 ], [ -124.039554, 47.054383 ], [ -124.037946, 47.059522 ], [ -124.03874, 47.061788 ], [ -124.04065, 47.062095 ], [ -124.041502, 47.061004 ], [ -124.044279, 47.060543 ], [ -124.04643, 47.062101 ], [ -124.046517, 47.066709 ], [ -124.050298, 47.066671 ], [ -124.052802, 47.067845 ], [ -124.05183, 47.070237 ], [ -124.053773, 47.07191 ], [ -124.059048, 47.071603 ], [ -124.064571, 47.073533 ], [ -124.066691, 47.075387 ], [ -124.065511, 47.077965 ], [ -124.06682, 47.079775 ], [ -124.065407, 47.082068 ], [ -124.063504, 47.08345 ], [ -124.062338, 47.08612 ], [ -124.059851, 47.085809 ], [ -124.060045, 47.08418 ], [ -124.060944, 47.082271 ], [ -124.063793, 47.081111 ], [ -124.062446, 47.080153 ], [ -124.060204, 47.080587 ], [ -124.05716, 47.083171 ], [ -124.05814, 47.086818 ], [ -124.061529, 47.089523 ], [ -124.062083, 47.092243 ], [ -124.05936, 47.093971 ], [ -124.059609, 47.096922 ], [ -124.057601, 47.099719 ], [ -124.055528, 47.100619 ], [ -124.05156, 47.101293 ], [ -124.047246, 47.101463 ], [ -124.043816, 47.102186 ], [ -124.037621, 47.105438 ], [ -124.037467, 47.107199 ], [ -124.043917, 47.114188 ], [ -124.046262, 47.117435 ], [ -124.046606, 47.120929 ], [ -124.043593, 47.120616 ], [ -124.040828, 47.120962 ], [ -124.039317, 47.122321 ], [ -124.038352, 47.124757 ], [ -124.038822, 47.127811 ], [ -124.041859, 47.131059 ], [ -124.040677, 47.131585 ], [ -124.037961, 47.130976 ], [ -124.035943, 47.132061 ], [ -124.030943, 47.132395 ], [ -124.027793, 47.130885 ], [ -124.024048, 47.130051 ], [ -124.019602, 47.13238 ], [ -124.021916, 47.133401 ], [ -124.026947, 47.13427 ], [ -124.029308, 47.137665 ], [ -124.029515, 47.141637 ], [ -124.027608, 47.144318 ], [ -124.02141, 47.143669 ], [ -124.01714, 47.144638 ], [ -124.012524, 47.146787 ], [ -124.015489, 47.147973 ], [ -124.016991, 47.150518 ], [ -124.016128, 47.152844 ], [ -124.017623, 47.154407 ], [ -124.017669, 47.15681 ], [ -124.011019, 47.156577 ], [ -124.005863, 47.157863 ], [ -124.002475, 47.160116 ], [ -124.001975, 47.161416 ], [ -124.000104, 47.16198 ], [ -124.001151, 47.163285 ], [ -123.999681, 47.164975 ], [ -124.000769, 47.166708 ], [ -124.005088, 47.16817 ], [ -124.006469, 47.170403 ], [ -124.006107, 47.172424 ], [ -124.006562, 47.173694 ], [ -124.009747, 47.174501 ], [ -124.009808, 47.177069 ], [ -124.01197, 47.179285 ], [ -124.012114, 47.180657 ], [ -124.011566, 47.181052 ], [ -124.013504, 47.182215 ], [ -124.016706, 47.182809 ], [ -124.021256, 47.183204 ], [ -124.02088, 47.187883 ], [ -124.019037, 47.200897 ], [ -124.021683, 47.213222 ], [ -124.020589, 47.215589 ], [ -124.012409, 47.22544 ], [ -124.01439, 47.226011 ], [ -124.01986, 47.225153 ], [ -124.017039, 47.226239 ], [ -124.017369, 47.227386 ], [ -124.015854, 47.228746 ], [ -124.016336, 47.229837 ], [ -124.019331, 47.230727 ], [ -124.021544, 47.232247 ], [ -124.021455, 47.233267 ], [ -124.020182, 47.234013 ], [ -124.016405, 47.234313 ], [ -124.014348, 47.238245 ], [ -124.015624, 47.242837 ], [ -124.01336, 47.244426 ], [ -124.015541, 47.246226 ], [ -124.016071, 47.247845 ], [ -124.018609, 47.24722 ], [ -124.021033, 47.247391 ], [ -124.024142, 47.248374 ], [ -124.024702, 47.250252 ], [ -124.022792, 47.250915 ], [ -124.023678, 47.252193 ], [ -124.022034, 47.25245 ], [ -124.021445, 47.253766 ], [ -124.018212, 47.256376 ], [ -124.018357, 47.257133 ], [ -124.016527, 47.258109 ], [ -124.017662, 47.259261 ], [ -124.019814, 47.258839 ], [ -124.021626, 47.259674 ], [ -124.02276, 47.261841 ], [ -124.025983, 47.262691 ], [ -124.028478, 47.262146 ], [ -124.031314, 47.263946 ], [ -124.030171, 47.268278 ], [ -124.031083, 47.269492 ], [ -124.031282, 47.274109 ], [ -124.033195, 47.275983 ], [ -124.030473, 47.278565 ], [ -124.031883, 47.28076 ], [ -124.031779, 47.28517 ], [ -124.032686, 47.285651 ], [ -124.033525, 47.285925 ], [ -124.054173, 47.286422 ], [ -124.059656, 47.285699 ], [ -124.075339, 47.278225 ], [ -124.075842, 47.275734 ], [ -124.078696, 47.274477 ], [ -124.082917, 47.274339 ] ] ] } },
{ "type": "Feature", "properties": { "geoid": "53077002900", "county_name": "Yakima County", "place_name": null, "state_name": "Washington", "state_abbr": "WA", "is_rural": false, "dci_score": 60.8, "dci_quintile": 4.0, "is_cra_lmi": false, "income_level": "U", "is_persistent_poverty": false, "is_tribal_overlap": false, "tribal_area_name": null, "aian_pct": 0.0, "has_nmtc": false, "nmtc_projects": 0, "nmtc_total_usd": 0.0 }, "geometry": { "type": "Polygon", "coordinates": [ [ [ -120.979233, 46.670319 ], [ -120.976612, 46.670588 ], [ -120.972771, 46.670294 ], [ -120.970295, 46.672592 ], [ -120.970168, 46.674013 ], [ -120.968974, 46.67528 ], [ -120.966377, 46.676536 ], [ -120.963732, 46.677031 ], [ -120.961127, 46.67888 ], [ -120.957573, 46.680427 ], [ -120.954036, 46.683301 ], [ -120.951861, 46.683554 ], [ -120.949797, 46.682967 ], [ -120.942449, 46.682874 ], [ -120.939055, 46.68385 ], [ -120.93774, 46.685496 ], [ -120.933595, 46.687064 ], [ -120.925243, 46.689115 ], [ -120.921991, 46.690606 ], [ -120.92152, 46.692388 ], [ -120.922994, 46.693485 ], [ -120.923026, 46.694697 ], [ -120.919534, 46.696161 ], [ -120.916911, 46.696265 ], [ -120.913827, 46.695129 ], [ -120.913342, 46.693889 ], [ -120.908034, 46.692424 ], [ -120.904344, 46.692818 ], [ -120.900756, 46.694517 ], [ -120.897135, 46.697883 ], [ -120.898815, 46.699539 ], [ -120.899212, 46.702572 ], [ -120.897601, 46.703647 ], [ -120.893631, 46.702598 ], [ -120.890744, 46.704187 ], [ -120.887379, 46.70492 ], [ -120.885633, 46.705846 ], [ -120.88481, 46.707091 ], [ -120.885742, 46.708457 ], [ -120.883682, 46.71082 ], [ -120.883045, 46.712402 ], [ -120.88195, 46.712656 ], [ -120.879742, 46.711805 ], [ -120.877853, 46.71199 ], [ -120.87529, 46.711142 ], [ -120.872516, 46.711582 ], [ -120.870453, 46.713316 ], [ -120.867312, 46.714256 ], [ -120.865655, 46.715518 ], [ -120.862793, 46.71627 ], [ -120.861007, 46.715722 ], [ -120.858767, 46.716491 ], [ -120.851965, 46.716779 ], [ -120.84983, 46.719077 ], [ -120.846617, 46.720992 ], [ -120.840756, 46.720676 ], [ -120.837598, 46.719793 ], [ -120.835086, 46.718324 ], [ -120.832805, 46.718374 ], [ -120.823883, 46.720174 ], [ -120.820294, 46.718199 ], [ -120.817248, 46.717509 ], [ -120.815789, 46.718984 ], [ -120.814912, 46.722178 ], [ -120.814481, 46.722762 ], [ -120.813684, 46.723678 ], [ -120.813006, 46.724315 ], [ -120.811164, 46.726256 ], [ -120.808691, 46.727758 ], [ -120.803842, 46.729589 ], [ -120.801226, 46.729699 ], [ -120.799766, 46.730516 ], [ -120.79656, 46.730685 ], [ -120.795267, 46.732264 ], [ -120.793138, 46.73273 ], [ -120.788948, 46.736519 ], [ -120.789785, 46.738318 ], [ -120.786417, 46.741284 ], [ -120.786208, 46.743751 ], [ -120.787028, 46.746537 ], [ -120.782026, 46.747367 ], [ -120.779983, 46.748246 ], [ -120.773897, 46.746873 ], [ -120.77002, 46.746565 ], [ -120.764868, 46.744462 ], [ -120.762604, 46.742635 ], [ -120.760116, 46.741779 ], [ -120.756526, 46.742621 ], [ -120.754068, 46.742628 ], [ -120.751363, 46.740773 ], [ -120.750938, 46.739451 ], [ -120.744094, 46.735962 ], [ -120.742752, 46.735606 ], [ -120.733169, 46.733339 ], [ -120.731175, 46.733427 ], [ -120.726748, 46.732946 ], [ -120.725309, 46.731242 ], [ -120.724904, 46.731069 ], [ -120.722486, 46.730434 ], [ -120.721317, 46.730593 ], [ -120.717806, 46.729395 ], [ -120.714632, 46.729023 ], [ -120.709225, 46.729375 ], [ -120.707949, 46.728174 ], [ -120.706774, 46.727231 ], [ -120.706249, 46.726809 ], [ -120.705866, 46.726277 ], [ -120.704949, 46.725603 ], [ -120.703131, 46.725043 ], [ -120.701751, 46.724468 ], [ -120.699904, 46.724028 ], [ -120.690371, 46.724097 ], [ -120.684619, 46.72048 ], [ -120.684611, 46.718714 ], [ -120.682381, 46.717466 ], [ -120.680964, 46.7149 ], [ -120.67989, 46.714914 ], [ -120.679524, 46.715272 ], [ -120.6796, 46.715646 ], [ -120.679297, 46.715396 ], [ -120.678618, 46.714571 ], [ -120.675965, 46.713455 ], [ -120.670776, 46.709134 ], [ -120.664775, 46.706846 ], [ -120.662146, 46.702968 ], [ -120.660583, 46.701649 ], [ -120.660768, 46.700384 ], [ -120.657581, 46.699276 ], [ -120.654324, 46.694998 ], [ -120.653862, 46.693797 ], [ -120.654432, 46.687589 ], [ -120.655192, 46.685175 ], [ -120.653569, 46.683417 ], [ -120.651914, 46.680717 ], [ -120.648656, 46.678854 ], [ -120.648385, 46.673896 ], [ -120.647265, 46.670173 ], [ -120.643257, 46.6676 ], [ -120.642032, 46.666239 ], [ -120.642541, 46.66538 ], [ -120.637275, 46.664017 ], [ -120.634618, 46.662019 ], [ -120.630542, 46.660494 ], [ -120.627828, 46.657145 ], [ -120.62747, 46.656112 ], [ -120.62361, 46.652786 ], [ -120.621215, 46.652522 ], [ -120.617525, 46.65087 ], [ -120.615196, 46.643213 ], [ -120.614798, 46.643726 ], [ -120.609965, 46.638927 ], [ -120.610009, 46.638459 ], [ -120.609967, 46.638137 ], [ -120.604768, 46.636656 ], [ -120.599252, 46.636538 ], [ -120.59748, 46.635106 ], [ -120.594424, 46.633933 ], [ -120.592863, 46.631786 ], [ -120.591014, 46.631375 ], [ -120.587946, 46.631768 ], [ -120.583946, 46.629951 ], [ -120.581587, 46.627709 ], [ -120.583707, 46.626346 ], [ -120.586555, 46.620808 ], [ -120.588591, 46.619151 ], [ -120.59041, 46.618551 ], [ -120.593616, 46.618338 ], [ -120.591699, 46.617598 ], [ -120.592154, 46.616562 ], [ -120.59242, 46.615441 ], [ -120.592789, 46.613601 ], [ -120.593861, 46.614471 ], [ -120.596009, 46.614651 ], [ -120.59645, 46.614261 ], [ -120.596477, 46.612865 ], [ -120.596515, 46.61107 ], [ -120.601427, 46.611069 ], [ -120.601715, 46.613733 ], [ -120.601738, 46.614625 ], [ -120.60943, 46.614711 ], [ -120.60958, 46.612666 ], [ -120.614994, 46.612477 ], [ -120.615441, 46.613278 ], [ -120.621378, 46.613977 ], [ -120.625356, 46.613251 ], [ -120.623564, 46.611826 ], [ -120.629098, 46.610208 ], [ -120.628437, 46.60905 ], [ -120.630031, 46.607857 ], [ -120.634214, 46.608025 ], [ -120.635579, 46.606847 ], [ -120.637679, 46.605947 ], [ -120.644078, 46.607481 ], [ -120.64398, 46.609347 ], [ -120.64598, 46.610147 ], [ -120.644008, 46.611232 ], [ -120.64498, 46.612847 ], [ -120.648405, 46.614903 ], [ -120.650269, 46.614528 ], [ -120.653182, 46.617089 ], [ -120.657074, 46.617051 ], [ -120.657315, 46.617192 ], [ -120.662389, 46.616865 ], [ -120.662985, 46.618032 ], [ -120.667084, 46.61782 ], [ -120.669897, 46.621141 ], [ -120.671107, 46.622918 ], [ -120.670547, 46.626936 ], [ -120.672158, 46.627606 ], [ -120.673345, 46.626849 ], [ -120.67777, 46.628122 ], [ -120.683509, 46.627787 ], [ -120.6837, 46.629723 ], [ -120.687131, 46.628374 ], [ -120.688755, 46.629093 ], [ -120.688493, 46.630732 ], [ -120.690244, 46.631182 ], [ -120.692441, 46.629915 ], [ -120.693317, 46.630288 ], [ -120.692998, 46.634478 ], [ -120.694837, 46.634055 ], [ -120.697114, 46.631434 ], [ -120.698762, 46.63258 ], [ -120.700067, 46.632371 ], [ -120.700124, 46.634017 ], [ -120.699161, 46.634916 ], [ -120.699256, 46.636633 ], [ -120.700785, 46.636583 ], [ -120.704367, 46.634904 ], [ -120.705602, 46.63718 ], [ -120.70971, 46.637942 ], [ -120.707705, 46.640958 ], [ -120.709935, 46.642093 ], [ -120.713278, 46.640968 ], [ -120.714871, 46.641549 ], [ -120.713495, 46.643326 ], [ -120.715716, 46.643463 ], [ -120.718463, 46.642097 ], [ -120.717453, 46.645201 ], [ -120.719731, 46.645699 ], [ -120.723544, 46.644793 ], [ -120.722335, 46.64674 ], [ -120.727114, 46.647874 ], [ -120.728635, 46.648724 ], [ -120.73261, 46.649599 ], [ -120.740671, 46.651784 ], [ -120.746494, 46.653185 ], [ -120.749848, 46.654527 ], [ -120.751587, 46.655643 ], [ -120.755545, 46.65582 ], [ -120.755966, 46.657274 ], [ -120.75293, 46.658835 ], [ -120.750657, 46.658821 ], [ -120.751225, 46.659775 ], [ -120.754199, 46.660318 ], [ -120.757796, 46.65983 ], [ -120.762206, 46.661068 ], [ -120.771048, 46.662447 ], [ -120.776158, 46.662427 ], [ -120.782192, 46.663436 ], [ -120.783241, 46.664048 ], [ -120.786766, 46.663944 ], [ -120.79057, 46.66445 ], [ -120.793998, 46.664475 ], [ -120.799569, 46.66369 ], [ -120.803763, 46.663712 ], [ -120.806812, 46.664951 ], [ -120.810551, 46.664788 ], [ -120.813535, 46.665888 ], [ -120.816751, 46.666243 ], [ -120.818719, 46.666075 ], [ -120.820934, 46.664492 ], [ -120.824391, 46.665074 ], [ -120.828855, 46.663614 ], [ -120.831094, 46.663742 ], [ -120.83612, 46.663224 ], [ -120.840816, 46.66022 ], [ -120.841714, 46.657231 ], [ -120.844052, 46.655027 ], [ -120.846019, 46.651158 ], [ -120.849974, 46.646833 ], [ -120.854211, 46.643715 ], [ -120.855543, 46.642315 ], [ -120.85904, 46.640376 ], [ -120.86098, 46.639729 ], [ -120.863729, 46.638018 ], [ -120.865309, 46.636524 ], [ -120.868767, 46.634186 ], [ -120.869447, 46.630507 ], [ -120.870345, 46.629431 ], [ -120.873102, 46.62807 ], [ -120.876589, 46.62515 ], [ -120.877822, 46.623384 ], [ -120.880478, 46.621644 ], [ -120.884633, 46.62134 ], [ -120.887783, 46.621457 ], [ -120.893392, 46.623702 ], [ -120.931978, 46.641577 ], [ -120.953797, 46.651716 ], [ -120.956984, 46.653199 ], [ -120.966152, 46.659771 ], [ -120.967648, 46.663548 ], [ -120.980093, 46.668667 ], [ -120.979233, 46.670319 ] ] ] } },
{ "type": "Feature", "properties": { "geoid": "53053061200", "county_name": "Pierce County", "place_name": null, "state_name": "Washington", "state_abbr": "WA", "is_rural": false, "dci_score": 59.6, "dci_quintile": 4.0, "is_cra_lmi": false, "income_level": "U", "is_persistent_poverty": false, "is_tribal_overlap": false, "tribal_area_name": null, "aian_pct": 0.0, "has_nmtc": true, "nmtc_projects": 1, "nmtc_total_usd": 0.0 }, "geometry": { "type": "Polygon", "coordinates": [ [ [ -122.483639, 47.255268 ], [ -122.473611, 47.255406 ], [ -122.471359, 47.25544 ], [ -122.468328, 47.255443 ], [ -122.465956, 47.255451 ], [ -122.465606, 47.250084 ], [ -122.465564, 47.244789 ], [ -122.465597, 47.242684 ], [ -122.471814, 47.242802 ], [ -122.476259, 47.242788 ], [ -122.482735, 47.242757 ], [ -122.483626, 47.246497 ], [ -122.483646, 47.251743 ], [ -122.483639, 47.255268 ] ] ] } },
{ "type": "Feature", "properties": { "geoid": "53053071806", "county_name": "Pierce County", "place_name": null, "state_name": "Washington", "state_abbr": "WA", "is_rural": false, "dci_score": 79.2, "dci_quintile": 3.0, "is_cra_lmi": true, "income_level": "L", "is_persistent_poverty": false, "is_tribal_overlap": false, "tribal_area_name": null, "aian_pct": 0.0, "has_nmtc": false, "nmtc_projects": 0, "nmtc_total_usd": 0.0 }, "geometry": { "type": "Polygon", "coordinates": [ [ [ -122.525904, 47.137486 ], [ -122.504424, 47.150049 ], [ -122.504422, 47.149291 ], [ -122.49523, 47.154713 ], [ -122.495608, 47.152088 ], [ -122.496862, 47.142789 ], [ -122.497093, 47.141302 ], [ -122.497423, 47.139182 ], [ -122.504563, 47.139172 ], [ -122.505287, 47.139167 ], [ -122.509959, 47.139162 ], [ -122.514913, 47.141436 ], [ -122.521687, 47.138723 ], [ -122.525205, 47.136608 ], [ -122.525904, 47.137486 ] ] ] } },
{ "type": "Feature", "properties": { "geoid": "53049950200", "county_name": "Pacific County", "place_name": "Seattle", "state_name": "Washington", "state_abbr": "WA", "is_rural": true, "dci_score": 71.2, "dci_quintile": 3.0, "is_cra_lmi": false, "income_level": "U", "is_persistent_poverty": false, "is_tribal_overlap": false, "tribal_area_name": null, "aian_pct": 0.0, "has_nmtc": false, "nmtc_projects": 0, "nmtc_total_usd": 0.0 }, "geometry": { "type": "Polygon", "coordinates": [ [ [ -123.907709, 46.766943 ], [ -123.906507, 46.769046 ], [ -123.901463, 46.773595 ], [ -123.898613, 46.774975 ], [ -123.893189, 46.775557 ], [ -123.888941, 46.775046 ], [ -123.884581, 46.777192 ], [ -123.878856, 46.779452 ], [ -123.875361, 46.779816 ], [ -123.874129, 46.779223 ], [ -123.87253, 46.777121 ], [ -123.871198, 46.776298 ], [ -123.869901, 46.776779 ], [ -123.867375, 46.778883 ], [ -123.861821, 46.781537 ], [ -123.859194, 46.783367 ], [ -123.855137, 46.787322 ], [ -123.852203, 46.791656 ], [ -123.798395, 46.792582 ], [ -123.739578, 46.79276 ], [ -123.73473, 46.792678 ], [ -123.715712, 46.793234 ], [ -123.705473, 46.793063 ], [ -123.695043, 46.79339 ], [ -123.65282, 46.793221 ], [ -123.632045, 46.793561 ], [ -123.611001, 46.793169 ], [ -123.5882, 46.793686 ], [ -123.53228, 46.794028 ], [ -123.482929, 46.792879 ], [ -123.453703, 46.792761 ], [ -123.432569, 46.792562 ], [ -123.37095, 46.792129 ], [ -123.372706, 46.734687 ], [ -123.370445, 46.734721 ], [ -123.368972, 46.711277 ], [ -123.372517, 46.711343 ], [ -123.378884, 46.708513 ], [ -123.3846, 46.70831 ], [ -123.393007, 46.708702 ], [ -123.396894, 46.70955 ], [ -123.402511, 46.708913 ], [ -123.403474, 46.709553 ], [ -123.407063, 46.709005 ], [ -123.409723, 46.706743 ], [ -123.411417, 46.706675 ], [ -123.413113, 46.704778 ], [ -123.413943, 46.706013 ], [ -123.417698, 46.705465 ], [ -123.418928, 46.706379 ], [ -123.420755, 46.705717 ], [ -123.421719, 46.706471 ], [ -123.423878, 46.706106 ], [ -123.425141, 46.707249 ], [ -123.428929, 46.707592 ], [ -123.429926, 46.706038 ], [ -123.431354, 46.707569 ], [ -123.433946, 46.708255 ], [ -123.438632, 46.707615 ], [ -123.439629, 46.706084 ], [ -123.444281, 46.705032 ], [ -123.447935, 46.705238 ], [ -123.451823, 46.704437 ], [ -123.452786, 46.703728 ], [ -123.45797, 46.703476 ], [ -123.468836, 46.705371 ], [ -123.470597, 46.706422 ], [ -123.475251, 46.707335 ], [ -123.477779, 46.711631 ], [ -123.477049, 46.713026 ], [ -123.478413, 46.714511 ], [ -123.478081, 46.715106 ], [ -123.475156, 46.715084 ], [ -123.473895, 46.717873 ], [ -123.478052, 46.7205 ], [ -123.47955, 46.724294 ], [ -123.48314, 46.725047 ], [ -123.483804, 46.724109 ], [ -123.488226, 46.723925 ], [ -123.488161, 46.725799 ], [ -123.490621, 46.726278 ], [ -123.495207, 46.725339 ], [ -123.497734, 46.726274 ], [ -123.501911, 46.725748 ], [ -123.50181, 46.726936 ], [ -123.503738, 46.727669 ], [ -123.503903, 46.728971 ], [ -123.506561, 46.730321 ], [ -123.509951, 46.730642 ], [ -123.510582, 46.732083 ], [ -123.514139, 46.731878 ], [ -123.514969, 46.732427 ], [ -123.515564, 46.736199 ], [ -123.514298, 46.740062 ], [ -123.516425, 46.740977 ], [ -123.517221, 46.743217 ], [ -123.515091, 46.745022 ], [ -123.513426, 46.747581 ], [ -123.514453, 46.750659 ], [ -123.512856, 46.751527 ], [ -123.513884, 46.754568 ], [ -123.511222, 46.75619 ], [ -123.511851, 46.758864 ], [ -123.515647, 46.757418 ], [ -123.520398, 46.754009 ], [ -123.521955, 46.753566 ], [ -123.522539, 46.75127 ], [ -123.525712, 46.748653 ], [ -123.526349, 46.747275 ], [ -123.529404, 46.747017 ], [ -123.530796, 46.745661 ], [ -123.531736, 46.746014 ], [ -123.536285, 46.745185 ], [ -123.538474, 46.744264 ], [ -123.539297, 46.741987 ], [ -123.541045, 46.740875 ], [ -123.541056, 46.73891 ], [ -123.53692, 46.734831 ], [ -123.537454, 46.733381 ], [ -123.54045, 46.736018 ], [ -123.542862, 46.736354 ], [ -123.543862, 46.735125 ], [ -123.545358, 46.735232 ], [ -123.545572, 46.733071 ], [ -123.549542, 46.732414 ], [ -123.554229, 46.732506 ], [ -123.560812, 46.73198 ], [ -123.562773, 46.730609 ], [ -123.566662, 46.729694 ], [ -123.569355, 46.727957 ], [ -123.572978, 46.726883 ], [ -123.579358, 46.723133 ], [ -123.584443, 46.722035 ], [ -123.585706, 46.721418 ], [ -123.587798, 46.71856 ], [ -123.587995, 46.715194 ], [ -123.593213, 46.714216 ], [ -123.601685, 46.710556 ], [ -123.601783, 46.70907 ], [ -123.605802, 46.70628 ], [ -123.607596, 46.705914 ], [ -123.608525, 46.704588 ], [ -123.61095, 46.704815 ], [ -123.611282, 46.703558 ], [ -123.612909, 46.702574 ], [ -123.615463, 46.698688 ], [ -123.617487, 46.696355 ], [ -123.617552, 46.694618 ], [ -123.620806, 46.693359 ], [ -123.624161, 46.692969 ], [ -123.628576, 46.694912 ], [ -123.630271, 46.694685 ], [ -123.631498, 46.696811 ], [ -123.634554, 46.69711 ], [ -123.637476, 46.69798 ], [ -123.638872, 46.697135 ], [ -123.640201, 46.697912 ], [ -123.64648, 46.696589 ], [ -123.652528, 46.69442 ], [ -123.65233, 46.692088 ], [ -123.654258, 46.690923 ], [ -123.654292, 46.689483 ], [ -123.655821, 46.687746 ], [ -123.655589, 46.686055 ], [ -123.656752, 46.685758 ], [ -123.659842, 46.683176 ], [ -123.659411, 46.681644 ], [ -123.660673, 46.68089 ], [ -123.660418, 46.678928 ], [ -123.662733, 46.678993 ], [ -123.666048, 46.680987 ], [ -123.668564, 46.677744 ], [ -123.670458, 46.677283 ], [ -123.672531, 46.676047 ], [ -123.674059, 46.676207 ], [ -123.67884, 46.67799 ], [ -123.682626, 46.677762 ], [ -123.684552, 46.677145 ], [ -123.680962, 46.67559 ], [ -123.677842, 46.671339 ], [ -123.676307, 46.670699 ], [ -123.67034, 46.671315 ], [ -123.669258, 46.671281 ], [ -123.667759, 46.668688 ], [ -123.668722, 46.667643 ], [ -123.672177, 46.66763 ], [ -123.673854, 46.664795 ], [ -123.676521, 46.665043 ], [ -123.675815, 46.660982 ], [ -123.677761, 46.66081 ], [ -123.676874, 46.658725 ], [ -123.67862, 46.658048 ], [ -123.680292, 46.656121 ], [ -123.676361, 46.652384 ], [ -123.676099, 46.651115 ], [ -123.680262, 46.652409 ], [ -123.682356, 46.653702 ], [ -123.684437, 46.652148 ], [ -123.691966, 46.651272 ], [ -123.693731, 46.651644 ], [ -123.693939, 46.650336 ], [ -123.695407, 46.64987 ], [ -123.696727, 46.64952 ], [ -123.697164, 46.649568 ], [ -123.697842, 46.649901 ], [ -123.700179, 46.652888 ], [ -123.70013, 46.654004 ], [ -123.699863, 46.656285 ], [ -123.701501, 46.658545 ], [ -123.703166, 46.659231 ], [ -123.705279, 46.659688 ], [ -123.707677, 46.658977 ], [ -123.711101, 46.656703 ], [ -123.713937, 46.657048 ], [ -123.716445, 46.656897 ], [ -123.724096, 46.657854 ], [ -123.729696, 46.657517 ], [ -123.730553, 46.65862 ], [ -123.732082, 46.664486 ], [ -123.739222, 46.669169 ], [ -123.73902, 46.67117 ], [ -123.739074, 46.672303 ], [ -123.745591, 46.67228 ], [ -123.745794, 46.673509 ], [ -123.748285, 46.673507 ], [ -123.748532, 46.674744 ], [ -123.750987, 46.671621 ], [ -123.752074, 46.671169 ], [ -123.756978, 46.670665 ], [ -123.75827, 46.670453 ], [ -123.761885, 46.669028 ], [ -123.764371, 46.66719 ], [ -123.76738, 46.666823 ], [ -123.768851, 46.665203 ], [ -123.774952, 46.665039 ], [ -123.777987, 46.664246 ], [ -123.775889, 46.665343 ], [ -123.782064, 46.66674 ], [ -123.782461, 46.668751 ], [ -123.778192, 46.669579 ], [ -123.777188, 46.669856 ], [ -123.77801, 46.672453 ], [ -123.77664, 46.674989 ], [ -123.778188, 46.676372 ], [ -123.778202, 46.677981 ], [ -123.780636, 46.67816 ], [ -123.782608, 46.677169 ], [ -123.788956, 46.672804 ], [ -123.790454, 46.671112 ], [ -123.792592, 46.66857 ], [ -123.796211, 46.666514 ], [ -123.801002, 46.664988 ], [ -123.806827, 46.665406 ], [ -123.809396, 46.667145 ], [ -123.811192, 46.668361 ], [ -123.812514, 46.670071 ], [ -123.813791, 46.671532 ], [ -123.817215, 46.676341 ], [ -123.817728, 46.679457 ], [ -123.81806, 46.684175 ], [ -123.820859, 46.688769 ], [ -123.82439, 46.692483 ], [ -123.828202, 46.695192 ], [ -123.831865, 46.698729 ], [ -123.836556105699003, 46.701954458849997 ], [ -123.833007, 46.702467 ], [ -123.829124, 46.704772 ], [ -123.82924, 46.708985 ], [ -123.829356, 46.713356 ], [ -123.83347, 46.718322 ], [ -123.840251, 46.718203 ], [ -123.847089, 46.718561 ], [ -123.848725, 46.719898 ], [ -123.854855, 46.725354 ], [ -123.862149, 46.727749 ], [ -123.870782, 46.728327 ], [ -123.87668, 46.730657 ], [ -123.879697032457003, 46.734979903566803 ], [ -123.887139, 46.745643 ], [ -123.885301, 46.748606 ], [ -123.887473584812994, 46.749722126976998 ], [ -123.888317, 46.753006 ], [ -123.889324, 46.754092 ], [ -123.893938, 46.755282 ], [ -123.897722, 46.756631 ], [ -123.899848, 46.757896 ], [ -123.90496, 46.761642 ], [ -123.907169, 46.763949 ], [ -123.907709, 46.766943 ] ] ] } },
{ "type": "Feature", "properties": { "geoid": "53033030501", "county_name": "King County", "place_name": null, "state_name": "Washington", "state_abbr": "WA", "is_rural": false, "dci_score": 54.6, "dci_quintile": 4.0, "is_cra_lmi": true, "income_level": "L", "is_persistent_poverty": false, "is_tribal_overlap": false, "tribal_area_name": null, "aian_pct": 0.0, "has_nmtc": true, "nmtc_projects": 1, "nmtc_total_usd": 0.0 }, "geometry": { "type": "Polygon", "coordinates": [ [ [ -122.254136, 47.307155 ], [ -122.253919, 47.308032 ], [ -122.253046, 47.310945 ], [ -122.249982, 47.315822 ], [ -122.249802, 47.33142 ], [ -122.249573, 47.332455 ], [ -122.248791, 47.334757 ], [ -122.247389, 47.336311 ], [ -122.247126, 47.337037 ], [ -122.249735, 47.340529 ], [ -122.249745, 47.344888 ], [ -122.249683, 47.347127 ], [ -122.249484, 47.353653 ], [ -122.243441, 47.353651 ], [ -122.238766, 47.353652 ], [ -122.229173, 47.353769 ], [ -122.227682, 47.351792 ], [ -122.222553, 47.346779 ], [ -122.222316, 47.340198 ], [ -122.222294, 47.334603 ], [ -122.222086, 47.333876 ], [ -122.22163, 47.3326 ], [ -122.221551, 47.326445 ], [ -122.22152, 47.320862 ], [ -122.221757, 47.317403 ], [ -122.223342, 47.315674 ], [ -122.226143, 47.312124 ], [ -122.227688, 47.309101 ], [ -122.228576, 47.307383 ], [ -122.228676, 47.303034 ], [ -122.233116, 47.303504 ], [ -122.252545, 47.302201 ], [ -122.256552, 47.302833 ], [ -122.254136, 47.307155 ] ] ] } },
{ "type": "Feature", "properties": { "geoid": "53049950802", "county_name": "Pacific County", "place_name": null, "state_name": "Washington", "state_abbr": "WA", "is_rural": true, "dci_score": 73.2, "dci_quintile": 3.0, "is_cra_lmi": false, "income_level": "U", "is_persistent_poverty": false, "is_tribal_overlap": false, "tribal_area_name": null, "aian_pct": 0.0, "has_nmtc": false, "nmtc_projects": 0, "nmtc_total_usd": 0.0 }, "geometry": { "type": "Polygon", "coordinates": [ [ [ -124.058545832147004, 46.5127358795474 ], [ -124.053911, 46.51224 ], [ -124.029895, 46.511888 ], [ -124.029014, 46.508687 ], [ -124.027758546252002, 46.508286098803097 ], [ -124.028348, 46.505098 ], [ -124.031737, 46.496375 ], [ -124.030959077681999, 46.491821052296601 ], [ -124.032984, 46.490278 ], [ -124.033935, 46.489851 ], [ -124.033839, 46.491504 ], [ -124.050008, 46.491498 ], [ -124.050302, 46.483024 ], [ -124.05101, 46.479806 ], [ -124.051905, 46.486241 ], [ -124.052757, 46.489297 ], [ -124.054546, 46.490963 ], [ -124.057033511811994, 46.491344955132803 ], [ -124.057024, 46.493338 ], [ -124.058545832147004, 46.5127358795474 ] ] ] } },
{ "type": "Feature", "properties": { "geoid": "53033001201", "county_name": "King County", "place_name": null, "state_name": "Washington", "state_abbr": "WA", "is_rural": false, "dci_score": 54.8, "dci_quintile": 4.0, "is_cra_lmi": true, "income_level": "M", "is_persistent_poverty": false, "is_tribal_overlap": false, "tribal_area_name": null, "aian_pct": 0.0, "has_nmtc": false, "nmtc_projects": 0, "nmtc_total_usd": 0.0 }, "geometry": { "type": "Polygon", "coordinates": [ [ [ -122.334058, 47.712289 ], [ -122.326051, 47.712245 ], [ -122.323383, 47.712231 ], [ -122.31791, 47.712198 ], [ -122.317853, 47.708559 ], [ -122.320563, 47.708576 ], [ -122.323277, 47.708592 ], [ -122.32315, 47.703139 ], [ -122.328527, 47.703178 ], [ -122.328481, 47.701362 ], [ -122.330538, 47.701445 ], [ -122.330551, 47.70319 ], [ -122.333904, 47.703218 ], [ -122.333963, 47.706848 ], [ -122.333998, 47.708643 ], [ -122.334058, 47.712289 ] ] ] } },
{ "type": "Feature", "properties": { "geoid": "53035080101", "county_name": "Kitsap County", "place_name": null, "state_name": "Washington", "state_abbr": "WA", "is_rural": true, "dci_score": 75.9, "dci_quintile": 3.0, "is_cra_lmi": true, "income_level": "M", "is_persistent_poverty": false, "is_tribal_overlap": false, "tribal_area_name": null, "aian_pct": 0.0, "has_nmtc": false, "nmtc_projects": 0, "nmtc_total_usd": 0.0 }, "geometry": { "type": "Polygon", "coordinates": [ [ [ -122.661769, 47.600371 ], [ -122.659321, 47.601696 ], [ -122.654535, 47.601714 ], [ -122.652256, 47.603591 ], [ -122.65212, 47.606841 ], [ -122.65002, 47.60685 ], [ -122.639455, 47.606868 ], [ -122.639787, 47.60139 ], [ -122.639905, 47.599235 ], [ -122.639981, 47.597402 ], [ -122.640083, 47.595575 ], [ -122.640377, 47.588874 ], [ -122.640301, 47.588333 ], [ -122.642974, 47.588321 ], [ -122.646319, 47.586419 ], [ -122.649827, 47.58649 ], [ -122.65009, 47.586334 ], [ -122.652421, 47.588818 ], [ -122.653764, 47.589954 ], [ -122.655532, 47.591779 ], [ -122.658156, 47.595604 ], [ -122.659336, 47.597326 ], [ -122.660153, 47.598517 ], [ -122.661769, 47.600371 ] ] ] } },
{ "type": "Feature", "properties": { "geoid": "53035081000", "county_name": "Kitsap County", "place_name": null, "state_name": "Washington", "state_abbr": "WA", "is_rural": true, "dci_score": 44.1, "dci_quintile": 5.0, "is_cra_lmi": true, "income_level": "M", "is_persistent_poverty": false, "is_tribal_overlap": false, "tribal_area_name": null, "aian_pct": 0.0, "has_nmtc": false, "nmtc_projects": 0, "nmtc_total_usd": 0.0 }, "geometry": { "type": "Polygon", "coordinates": [ [ [ -122.684271, 47.569598 ], [ -122.681826, 47.569643 ], [ -122.675539, 47.568177 ], [ -122.667685, 47.568373 ], [ -122.667767, 47.565557 ], [ -122.664731, 47.565508 ], [ -122.664711, 47.567395 ], [ -122.662495, 47.567342 ], [ -122.662032, 47.556423 ], [ -122.65949, 47.556463 ], [ -122.655383, 47.556445 ], [ -122.655228751733006, 47.554465124135902 ], [ -122.657061834917997, 47.553617472623898 ], [ -122.668049244485999, 47.548536691561203 ], [ -122.672285, 47.546578 ], [ -122.675974, 47.541942 ], [ -122.675969035853996, 47.541850963964798 ], [ -122.679673, 47.541857 ], [ -122.680716, 47.543119 ], [ -122.679667, 47.54443 ], [ -122.679642, 47.545486 ], [ -122.679101, 47.547509 ], [ -122.678573, 47.550826 ], [ -122.679575, 47.55386 ], [ -122.677983, 47.558198 ], [ -122.671987, 47.558032 ], [ -122.675197, 47.561988 ], [ -122.683204, 47.567763 ], [ -122.684271, 47.569598 ] ] ] } },
{ "type": "Feature", "properties": { "geoid": "53061041904", "county_name": "Snohomish County", "place_name": "Seattle", "state_name": "Washington", "state_abbr": "WA", "is_rural": false, "dci_score": 77.5, "dci_quintile": 3.0, "is_cra_lmi": true, "income_level": "M", "is_persistent_poverty": false, "is_tribal_overlap": false, "tribal_area_name": null, "aian_pct": 0.0, "has_nmtc": true, "nmtc_projects": 1, "nmtc_total_usd": 100000.0 }, "geometry": { "type": "Polygon", "coordinates": [ [ [ -122.247825, 47.916371 ], [ -122.244785, 47.916398 ], [ -122.244482, 47.91852 ], [ -122.244545, 47.921818 ], [ -122.240495, 47.921848 ], [ -122.240437, 47.923495 ], [ -122.233727, 47.923414 ], [ -122.227018, 47.923051 ], [ -122.228046, 47.921932 ], [ -122.232483, 47.917177 ], [ -122.233138, 47.916475 ], [ -122.241676, 47.907332 ], [ -122.24664, 47.907337 ], [ -122.24379, 47.909232 ], [ -122.245721, 47.909777 ], [ -122.245645, 47.914971 ], [ -122.247786, 47.914952 ], [ -122.247825, 47.916371 ] ] ] } },
{ "type": "Feature", "properties": { "geoid": "53061051936", "county_name": "Snohomish County", "place_name": null, "state_name": "Washington", "state_abbr": "WA", "is_rural": false, "dci_score": 7.9, "dci_quintile": 5.0, "is_cra_lmi": false, "income_level": "U", "is_persistent_poverty": false, "is_tribal_overlap": false, "tribal_area_name": null, "aian_pct": 0.0, "has_nmtc": false, "nmtc_projects": 0, "nmtc_total_usd": 0.0 }, "geometry": { "type": "Polygon", "coordinates": [ [ [ -122.207565, 47.812973 ], [ -122.207491, 47.816668 ], [ -122.207469, 47.820258 ], [ -122.195998, 47.820063 ], [ -122.194513, 47.816856 ], [ -122.194618, 47.816434 ], [ -122.193918, 47.813621 ], [ -122.192234, 47.812931 ], [ -122.194264, 47.811617 ], [ -122.196838, 47.811985 ], [ -122.199738, 47.811409 ], [ -122.202556, 47.809496 ], [ -122.207689, 47.809412 ], [ -122.207565, 47.812973 ] ] ] } },
{ "type": "Feature", "properties": { "geoid": "53033029604", "county_name": "King County", "place_name": null, "state_name": "Washington", "state_abbr": "WA", "is_rural": false, "dci_score": 36.0, "dci_quintile": 5.0, "is_cra_lmi": true, "income_level": "M", "is_persistent_poverty": false, "is_tribal_overlap": false, "tribal_area_name": null, "aian_pct": 0.0, "has_nmtc": false, "nmtc_projects": 0, "nmtc_total_usd": 0.0 }, "geometry": { "type": "Polygon", "coordinates": [ [ [ -122.196933, 47.35595 ], [ -122.189802, 47.356336 ], [ -122.187971, 47.357054 ], [ -122.187002, 47.358106 ], [ -122.186779, 47.359786 ], [ -122.176115, 47.359767 ], [ -122.176121, 47.36315 ], [ -122.17371, 47.362188 ], [ -122.168676, 47.358706 ], [ -122.165478, 47.358022 ], [ -122.165523, 47.351872 ], [ -122.166955, 47.352076 ], [ -122.169761, 47.353955 ], [ -122.17613, 47.352878 ], [ -122.176138, 47.348914 ], [ -122.176145, 47.347094 ], [ -122.18412, 47.347114 ], [ -122.188035, 47.346559 ], [ -122.191884, 47.346579 ], [ -122.191811, 47.34914 ], [ -122.196779, 47.349745 ], [ -122.197115, 47.350819 ], [ -122.196933, 47.35595 ] ] ] } },
{ "type": "Feature", "properties": { "geoid": "53011041800", "county_name": "Clark County", "place_name": null, "state_name": "Washington", "state_abbr": "WA", "is_rural": false, "dci_score": 54.5, "dci_quintile": 4.0, "is_cra_lmi": true, "income_level": "M", "is_persistent_poverty": false, "is_tribal_overlap": false, "tribal_area_name": null, "aian_pct": 0.0, "has_nmtc": false, "nmtc_projects": 0, "nmtc_total_usd": 0.0 }, "geometry": { "type": "Polygon", "coordinates": [ [ [ -122.661705, 45.645055 ], [ -122.661608, 45.649818 ], [ -122.65852, 45.64974 ], [ -122.655545, 45.650632 ], [ -122.650411, 45.650659 ], [ -122.649452, 45.650526 ], [ -122.647067, 45.649702 ], [ -122.641967, 45.646819 ], [ -122.642313, 45.646372 ], [ -122.643789, 45.645027 ], [ -122.647692, 45.641719 ], [ -122.651537, 45.64043 ], [ -122.653892, 45.639631 ], [ -122.654275, 45.639233 ], [ -122.65819, 45.639812 ], [ -122.661742, 45.638676 ], [ -122.661705, 45.645055 ] ] ] } },
{ "type": "Feature", "properties": { "geoid": "53011040509", "county_name": "Clark County", "place_name": null, "state_name": "Washington", "state_abbr": "WA", "is_rural": false, "dci_score": 20.7, "dci_quintile": 5.0, "is_cra_lmi": false, "income_level": "U", "is_persistent_poverty": false, "is_tribal_overlap": false, "tribal_area_name": null, "aian_pct": 0.0, "has_nmtc": false, "nmtc_projects": 0, "nmtc_total_usd": 0.0 }, "geometry": { "type": "Polygon", "coordinates": [ [ [ -122.370593, 45.588603 ], [ -122.366689, 45.588201 ], [ -122.36236, 45.588929 ], [ -122.35635, 45.587758 ], [ -122.354065, 45.586058 ], [ -122.354196, 45.585459 ], [ -122.353828, 45.582317 ], [ -122.348706, 45.58239 ], [ -122.341521, 45.581275 ], [ -122.341567, 45.579737 ], [ -122.346633, 45.58053 ], [ -122.346701, 45.578431 ], [ -122.351045, 45.578507 ], [ -122.3538, 45.577831 ], [ -122.352802, 45.569441 ], [ -122.372189242990999, 45.5740234392524 ], [ -122.371159, 45.577341 ], [ -122.369146, 45.581717 ], [ -122.368167, 45.583651 ], [ -122.367342, 45.585327 ], [ -122.369492, 45.58484 ], [ -122.372399, 45.58737 ], [ -122.370593, 45.588603 ] ] ] } },
{ "type": "Feature", "properties": { "geoid": "53011041005", "county_name": "Clark County", "place_name": null, "state_name": "Washington", "state_abbr": "WA", "is_rural": false, "dci_score": 57.6, "dci_quintile": 4.0, "is_cra_lmi": true, "income_level": "M", "is_persistent_poverty": false, "is_tribal_overlap": false, "tribal_area_name": null, "aian_pct": 0.0, "has_nmtc": true, "nmtc_projects": 1, "nmtc_total_usd": 2663699.0 }, "geometry": { "type": "Polygon", "coordinates": [ [ [ -122.772681206097005, 45.698003021468402 ], [ -122.772511, 45.699637 ], [ -122.762189526428003, 45.728576737557297 ], [ -122.760108, 45.734413 ], [ -122.760974137952999, 45.7503749615244 ], [ -122.761451, 45.759163 ], [ -122.769532, 45.780583 ], [ -122.770646061359997, 45.781839945615197 ], [ -122.769139, 45.783359 ], [ -122.76772, 45.782903 ], [ -122.761569, 45.785726 ], [ -122.757719, 45.785104 ], [ -122.754196, 45.786513 ], [ -122.752543, 45.785069 ], [ -122.756466, 45.783106 ], [ -122.758631, 45.783003 ], [ -122.757683, 45.781532 ], [ -122.759425, 45.780403 ], [ -122.76232, 45.779581 ], [ -122.760752, 45.778543 ], [ -122.75822, 45.777972 ], [ -122.756498, 45.780603 ], [ -122.753385, 45.78254 ], [ -122.753755, 45.781075 ], [ -122.751401, 45.782314 ], [ -122.748717, 45.782019 ], [ -122.748415, 45.777726 ], [ -122.744321, 45.776537 ], [ -122.745469, 45.772003 ], [ -122.746285, 45.76286 ], [ -122.746163, 45.760183 ], [ -122.744094, 45.753473 ], [ -122.742608, 45.75034 ], [ -122.736859, 45.738883 ], [ -122.734909, 45.733896 ], [ -122.734503, 45.73268 ], [ -122.731617, 45.724992 ], [ -122.729958, 45.721748 ], [ -122.725103, 45.712846 ], [ -122.716319, 45.702574 ], [ -122.713433, 45.699354 ], [ -122.708228, 45.695331 ], [ -122.706078, 45.693052 ], [ -122.704762, 45.689602 ], [ -122.703619, 45.687785 ], [ -122.694384, 45.680769 ], [ -122.692943, 45.67865 ], [ -122.692761, 45.678199 ], [ -122.691789, 45.67248 ], [ -122.691561, 45.670843 ], [ -122.688201, 45.65009 ], [ -122.687128, 45.640367 ], [ -122.686684, 45.633649 ], [ -122.686423, 45.631074 ], [ -122.68659, 45.629432 ], [ -122.688124, 45.627458 ], [ -122.691185090199994, 45.624839841596902 ], [ -122.691381583242006, 45.624951731877303 ], [ -122.713309, 45.637438 ], [ -122.738109, 45.644138 ], [ -122.743540245465994, 45.646885215713702 ], [ -122.762414110308995, 45.656431935411803 ], [ -122.76381, 45.657138 ], [ -122.774511, 45.680437 ], [ -122.772681206097005, 45.698003021468402 ] ] ] } },
{ "type": "Feature", "properties": { "geoid": "53045960900", "county_name": "Mason County", "place_name": "Kelso", "state_name": "Washington", "state_abbr": "WA", "is_rural": true, "dci_score": 80.5, "dci_quintile": 3.0, "is_cra_lmi": true, "income_level": "M", "is_persistent_poverty": false, "is_tribal_overlap": false, "tribal_area_name": null, "aian_pct": 0.0, "has_nmtc": false, "nmtc_projects": 0, "nmtc_total_usd": 0.0 }, "geometry": { "type": "Polygon", "coordinates": [ [ [ -123.128454, 47.210174 ], [ -123.124503, 47.20935 ], [ -123.124068, 47.210448 ], [ -123.119357, 47.21264 ], [ -123.11752, 47.21343 ], [ -123.113492, 47.211891 ], [ -123.111161, 47.212297 ], [ -123.107959, 47.211313 ], [ -123.107843, 47.21148 ], [ -123.101933, 47.209387 ], [ -123.100792, 47.20924 ], [ -123.09953, 47.209255 ], [ -123.098476, 47.206995 ], [ -123.095949, 47.205511 ], [ -123.081564, 47.205772 ], [ -123.078887, 47.205061 ], [ -123.07907, 47.20453 ], [ -123.081673, 47.204328 ], [ -123.081715, 47.200759 ], [ -123.084972, 47.200759 ], [ -123.085047, 47.197288 ], [ -123.086974, 47.197797 ], [ -123.087149, 47.197814 ], [ -123.091354, 47.199384 ], [ -123.09248, 47.199499 ], [ -123.093138, 47.198976 ], [ -123.096428, 47.19712 ], [ -123.098236, 47.195209 ], [ -123.098919, 47.192895 ], [ -123.099335, 47.19102 ], [ -123.102922, 47.190374 ], [ -123.104494, 47.191759 ], [ -123.104642, 47.190601 ], [ -123.107522, 47.189993 ], [ -123.109276, 47.187435 ], [ -123.11602, 47.191417 ], [ -123.1246, 47.197289 ], [ -123.126143, 47.199179 ], [ -123.126762, 47.200554 ], [ -123.127852, 47.206742 ], [ -123.128454, 47.210174 ] ] ] } },
{ "type": "Feature", "properties": { "geoid": "53045960100", "county_name": "Mason County", "place_name": null, "state_name": "Washington", "state_abbr": "WA", "is_rural": true, "dci_score": 92.0, "dci_quintile": 1.0, "is_cra_lmi": false, "income_level": "U", "is_persistent_poverty": false, "is_tribal_overlap": true, "tribal_area_name": "Skokomish Reservation", "aian_pct": 0.0, "has_nmtc": false, "nmtc_projects": 0, "nmtc_total_usd": 0.0 }, "geometry": { "type": "Polygon", "coordinates": [ [ [ -123.505917, 47.604615 ], [ -123.49542, 47.604615 ], [ -123.37701, 47.604615 ], [ -123.37701, 47.606908 ], [ -123.367025, 47.607458 ], [ -122.996094, 47.606825 ], [ -123.037884, 47.573004 ], [ -123.068128, 47.563531 ], [ -123.087685, 47.528012 ], [ -123.129907, 47.481167 ], [ -123.130805, 47.467617 ], [ -123.146489, 47.441826 ], [ -123.14881, 47.437819 ], [ -123.178606, 47.418333 ], [ -123.181721, 47.406163 ], [ -123.184017, 47.408436 ], [ -123.187316, 47.409775 ], [ -123.189996, 47.411355 ], [ -123.201048, 47.421421 ], [ -123.202142, 47.422038 ], [ -123.207907, 47.423153 ], [ -123.211682, 47.423764 ], [ -123.220808, 47.423958 ], [ -123.222434, 47.422473 ], [ -123.222201, 47.421694 ], [ -123.224173, 47.418509 ], [ -123.226783, 47.416113 ], [ -123.228576, 47.415492 ], [ -123.232266, 47.415736 ], [ -123.232745, 47.414827 ], [ -123.234844, 47.414845 ], [ -123.23856, 47.413885 ], [ -123.243139, 47.414806 ], [ -123.24599, 47.415056 ], [ -123.248996, 47.415879 ], [ -123.251929, 47.415386 ], [ -123.254526, 47.415946 ], [ -123.256695, 47.417471 ], [ -123.259121, 47.41834 ], [ -123.262339, 47.420151 ], [ -123.267416, 47.421383 ], [ -123.277441, 47.421985 ], [ -123.283109, 47.422161 ], [ -123.286204, 47.423149 ], [ -123.29314, 47.42203 ], [ -123.299145, 47.422037 ], [ -123.303085, 47.42331 ], [ -123.306998, 47.4221 ], [ -123.30463, 47.418981 ], [ -123.306548, 47.416491 ], [ -123.308331, 47.415417 ], [ -123.310145, 47.415524 ], [ -123.317241, 47.410416 ], [ -123.317089, 47.411965 ], [ -123.318449, 47.412892 ], [ -123.319338, 47.412199 ], [ -123.31928, 47.408483 ], [ -123.32111, 47.405535 ], [ -123.318941, 47.405285 ], [ -123.316133, 47.407187 ], [ -123.315216, 47.409277 ], [ -123.312619, 47.410017 ], [ -123.310803, 47.409968 ], [ -123.308735, 47.409042 ], [ -123.309251, 47.407772 ], [ -123.311247, 47.407983 ], [ -123.313561, 47.40709 ], [ -123.314733, 47.405944 ], [ -123.310599, 47.403468 ], [ -123.310734, 47.40214 ], [ -123.309327, 47.400754 ], [ -123.310061, 47.398439 ], [ -123.309384, 47.395966 ], [ -123.310296, 47.393809 ], [ -123.308365, 47.392208 ], [ -123.304304, 47.391072 ], [ -123.303633, 47.390021 ], [ -123.305788, 47.386762 ], [ -123.309092, 47.385844 ], [ -123.312028, 47.383776 ], [ -123.311977, 47.382152 ], [ -123.31442, 47.381119 ], [ -123.312046, 47.378246 ], [ -123.306018, 47.378092 ], [ -123.302381, 47.379851 ], [ -123.300576, 47.379339 ], [ -123.2968, 47.379731 ], [ -123.292012, 47.381705 ], [ -123.290667, 47.379531 ], [ -123.28911, 47.378522 ], [ -123.288219, 47.376523 ], [ -123.285538, 47.376934 ], [ -123.284014, 47.376488 ], [ -123.283428, 47.374339 ], [ -123.28345, 47.371433 ], [ -123.282436, 47.370022 ], [ -123.27992, 47.368089 ], [ -123.282101, 47.365678 ], [ -123.283007, 47.361922 ], [ -123.285996, 47.356846 ], [ -123.288897, 47.354878 ], [ -123.29039, 47.353121 ], [ -123.29405, 47.351897 ], [ -123.296998, 47.34683 ], [ -123.29875, 47.342599 ], [ -123.300685, 47.340735 ], [ -123.300673, 47.339113 ], [ -123.302289, 47.338098 ], [ -123.305435, 47.339163 ], [ -123.305458, 47.337971 ], [ -123.30375, 47.336938 ], [ -123.30377, 47.335957 ], [ -123.305914, 47.333626 ], [ -123.30444, 47.332257 ], [ -123.307495, 47.33248 ], [ -123.309442, 47.334015 ], [ -123.311101, 47.332255 ], [ -123.314807, 47.330186 ], [ -123.316711, 47.328146 ], [ -123.316065, 47.325121 ], [ -123.313222, 47.325049 ], [ -123.311507, 47.324333 ], [ -123.308763, 47.322288 ], [ -123.308758, 47.319243 ], [ -123.312617, 47.317218 ], [ -123.316757, 47.314611 ], [ -123.317484, 47.312543 ], [ -123.320641, 47.311194 ], [ -123.322294, 47.307105 ], [ -123.322522, 47.304195 ], [ -123.324103, 47.300909 ], [ -123.326046, 47.298661 ], [ -123.329462, 47.296597 ], [ -123.332175, 47.290979 ], [ -123.331675, 47.287196 ], [ -123.333255, 47.283729 ], [ -123.334664, 47.282516 ], [ -123.335499, 47.280573 ], [ -123.338989, 47.277827 ], [ -123.340326, 47.274832 ], [ -123.341735, 47.273734 ], [ -123.342068, 47.272408 ], [ -123.339983, 47.271138 ], [ -123.333632, 47.269866 ], [ -123.331313, 47.268734 ], [ -123.32509, 47.264086 ], [ -123.323811, 47.262291 ], [ -123.3229, 47.25831 ], [ -123.322036, 47.257332 ], [ -123.323313, 47.257196 ], [ -123.326371, 47.255129 ], [ -123.328744, 47.254336 ], [ -123.329197, 47.253144 ], [ -123.327343, 47.25155 ], [ -123.326468, 47.250042 ], [ -123.326887, 47.248131 ], [ -123.323566, 47.243376 ], [ -123.321278, 47.242228 ], [ -123.327374, 47.239996 ], [ -123.330862, 47.237745 ], [ -123.33645, 47.234585 ], [ -123.345069, 47.234814 ], [ -123.352147, 47.235937 ], [ -123.359917, 47.238367 ], [ -123.367921, 47.24017 ], [ -123.36983, 47.239257 ], [ -123.369757, 47.236704 ], [ -123.371465, 47.235772 ], [ -123.388651, 47.237085 ], [ -123.392628, 47.23607 ], [ -123.40601, 47.238234 ], [ -123.407897, 47.238137 ], [ -123.408738, 47.237804 ], [ -123.420464, 47.228131 ], [ -123.49035, 47.227828 ], [ -123.490763, 47.227894 ], [ -123.490805, 47.258208 ], [ -123.505021, 47.258535 ], [ -123.505287, 47.329354 ], [ -123.505067, 47.344069 ], [ -123.505917, 47.517716 ], [ -123.505923, 47.51959 ], [ -123.505917, 47.604615 ] ] ] } },
{ "type": "Feature", "properties": { "geoid": "53063011702", "county_name": "Spokane County", "place_name": "Bremerton", "state_name": "Washington", "state_abbr": "WA", "is_rural": false, "dci_score": 30.6, "dci_quintile": 5.0, "is_cra_lmi": true, "income_level": "M", "is_persistent_poverty": false, "is_tribal_overlap": false, "tribal_area_name": null, "aian_pct": 0.0, "has_nmtc": false, "nmtc_projects": 0, "nmtc_total_usd": 0.0 }, "geometry": { "type": "Polygon", "coordinates": [ [ [ -117.272002, 47.678794 ], [ -117.268677, 47.680003 ], [ -117.266867, 47.678996 ], [ -117.26123, 47.677882 ], [ -117.26125, 47.680583 ], [ -117.261212, 47.685422 ], [ -117.26234, 47.685189 ], [ -117.263801, 47.688673 ], [ -117.253637, 47.691296 ], [ -117.250571, 47.692885 ], [ -117.24859, 47.694094 ], [ -117.246488, 47.695018 ], [ -117.245088, 47.69769 ], [ -117.243609, 47.69769 ], [ -117.237345, 47.69341 ], [ -117.234811, 47.691599 ], [ -117.232677, 47.690447 ], [ -117.224138, 47.686273 ], [ -117.220819, 47.681572 ], [ -117.218168, 47.680197 ], [ -117.214217, 47.679128 ], [ -117.20985, 47.67885 ], [ -117.206721, 47.67828 ], [ -117.201307, 47.674887 ], [ -117.196541, 47.672504 ], [ -117.196623, 47.669279 ], [ -117.218999, 47.673792 ], [ -117.220803, 47.67388 ], [ -117.223529, 47.67413 ], [ -117.224902, 47.674175 ], [ -117.225552, 47.674184 ], [ -117.228915, 47.674138 ], [ -117.234358, 47.674055 ], [ -117.239581, 47.673996 ], [ -117.248257, 47.673856 ], [ -117.261254, 47.674926 ], [ -117.266468, 47.675135 ], [ -117.266648, 47.676967 ], [ -117.272012, 47.676917 ], [ -117.272002, 47.678794 ] ] ] } },
{ "type": "Feature", "properties": { "geoid": "53063012300", "county_name": "Spokane County", "place_name": null, "state_name": "Washington", "state_abbr": "WA", "is_rural": false, "dci_score": 56.9, "dci_quintile": 4.0, "is_cra_lmi": false, "income_level": "U", "is_persistent_poverty": false, "is_tribal_overlap": false, "tribal_area_name": null, "aian_pct": 0.0, "has_nmtc": false, "nmtc_projects": 0, "nmtc_total_usd": 0.0 }, "geometry": { "type": "Polygon", "coordinates": [ [ [ -117.346986, 47.649975 ], [ -117.346984, 47.653267 ], [ -117.346984, 47.653967 ], [ -117.34698, 47.657264 ], [ -117.314837, 47.65697 ], [ -117.30411, 47.65686 ], [ -117.304134, 47.651071 ], [ -117.304136, 47.649674 ], [ -117.304154, 47.646875 ], [ -117.304159, 47.64597 ], [ -117.304179, 47.644507 ], [ -117.304341, 47.629893 ], [ -117.304341, 47.627893 ], [ -117.309565, 47.627891 ], [ -117.309608, 47.635159 ], [ -117.314941, 47.635188 ], [ -117.314879, 47.639957 ], [ -117.314928, 47.639971 ], [ -117.314925, 47.640796 ], [ -117.319879, 47.641174 ], [ -117.320912, 47.640068 ], [ -117.323583, 47.641209 ], [ -117.32406, 47.642869 ], [ -117.333644, 47.642627 ], [ -117.336327, 47.641788 ], [ -117.336321, 47.642624 ], [ -117.336314, 47.644462 ], [ -117.346852, 47.644536 ], [ -117.346985, 47.646469 ], [ -117.346986, 47.649975 ] ] ] } },
{ "type": "Feature", "properties": { "geoid": "53063012000", "county_name": "Spokane County", "place_name": null, "state_name": "Washington", "state_abbr": "WA", "is_rural": false, "dci_score": 26.0, "dci_quintile": 5.0, "is_cra_lmi": false, "income_level": "U", "is_persistent_poverty": false, "is_tribal_overlap": false, "tribal_area_name": null, "aian_pct": 0.0, "has_nmtc": false, "nmtc_projects": 0, "nmtc_total_usd": 0.0 }, "geometry": { "type": "Polygon", "coordinates": [ [ [ -117.282821, 47.664238 ], [ -117.282776, 47.673725 ], [ -117.272011, 47.675098 ], [ -117.271988, 47.674929 ], [ -117.266468, 47.675135 ], [ -117.261254, 47.674926 ], [ -117.26128, 47.671631 ], [ -117.261342, 47.657039 ], [ -117.269403, 47.657021 ], [ -117.2721, 47.657013 ], [ -117.281364, 47.656992 ], [ -117.282849, 47.656989 ], [ -117.282821, 47.664238 ] ] ] } },
{ "type": "Feature", "properties": { "geoid": "53067011200", "county_name": "Thurston County", "place_name": null, "state_name": "Washington", "state_abbr": "WA", "is_rural": false, "dci_score": 27.1, "dci_quintile": 5.0, "is_cra_lmi": true, "income_level": "M", "is_persistent_poverty": false, "is_tribal_overlap": false, "tribal_area_name": null, "aian_pct": 0.0, "has_nmtc": false, "nmtc_projects": 0, "nmtc_total_usd": 0.0 }, "geometry": { "type": "Polygon", "coordinates": [ [ [ -122.846963, 47.041735 ], [ -122.844343, 47.041831 ], [ -122.844323, 47.04439 ], [ -122.841829, 47.045208 ], [ -122.839181, 47.045523 ], [ -122.839174, 47.045365 ], [ -122.82449, 47.046626 ], [ -122.823202, 47.046957 ], [ -122.820368, 47.047917 ], [ -122.80838, 47.056132 ], [ -122.807227, 47.05666 ], [ -122.802011, 47.057739 ], [ -122.79708, 47.058572 ], [ -122.796605, 47.057161 ], [ -122.796561, 47.054087 ], [ -122.79656, 47.054074 ], [ -122.796531, 47.053819 ], [ -122.796372, 47.053237 ], [ -122.796364, 47.052991 ], [ -122.796406, 47.05282 ], [ -122.796541, 47.05252 ], [ -122.796601, 47.052307 ], [ -122.796586, 47.050421 ], [ -122.791303, 47.051428 ], [ -122.791285, 47.046801 ], [ -122.791288, 47.045011 ], [ -122.791279, 47.04093 ], [ -122.792604, 47.040737 ], [ -122.795463, 47.039466 ], [ -122.797501, 47.038479 ], [ -122.797832, 47.038348 ], [ -122.799424, 47.037857 ], [ -122.800597, 47.037645 ], [ -122.810463, 47.035922 ], [ -122.817946, 47.0347 ], [ -122.817947, 47.033801 ], [ -122.823269, 47.033789 ], [ -122.828519, 47.034223 ], [ -122.830559, 47.034226 ], [ -122.833765, 47.034232 ], [ -122.838944, 47.034265 ], [ -122.839, 47.034265 ], [ -122.84419, 47.034097 ], [ -122.844599, 47.032472 ], [ -122.846901, 47.032464 ], [ -122.846963, 47.041735 ] ] ] } },
{ "type": "Feature", "properties": { "geoid": "53073001000", "county_name": "Whatcom County", "place_name": null, "state_name": "Washington", "state_abbr": "WA", "is_rural": false, "dci_score": 53.6, "dci_quintile": 5.0, "is_cra_lmi": true, "income_level": "M", "is_persistent_poverty": false, "is_tribal_overlap": false, "tribal_area_name": null, "aian_pct": 0.0, "has_nmtc": false, "nmtc_projects": 0, "nmtc_total_usd": 0.0 }, "geometry": { "type": "Polygon", "coordinates": [ [ [ -122.490882, 48.733588 ], [ -122.4883, 48.736715 ], [ -122.487237, 48.739037 ], [ -122.489184, 48.740266 ], [ -122.484869, 48.743185 ], [ -122.481609, 48.745342 ], [ -122.477091, 48.748407 ], [ -122.472959, 48.745718 ], [ -122.471776, 48.745015 ], [ -122.471851, 48.741012 ], [ -122.467397, 48.738115 ], [ -122.467397, 48.738009 ], [ -122.467378, 48.734245 ], [ -122.468839, 48.731916 ], [ -122.469869, 48.733641 ], [ -122.475403, 48.731823 ], [ -122.477796, 48.73083 ], [ -122.481528, 48.72908 ], [ -122.484584, 48.726532 ], [ -122.485327, 48.726416 ], [ -122.490354, 48.726413 ], [ -122.490335, 48.72843 ], [ -122.488526, 48.730967 ], [ -122.490105, 48.731111 ], [ -122.490882, 48.733588 ] ] ] } },
{ "type": "Feature", "properties": { "geoid": "53077000100", "county_name": "Yakima County", "place_name": null, "state_name": "Washington", "state_abbr": "WA", "is_rural": false, "dci_score": 80.1, "dci_quintile": 3.0, "is_cra_lmi": true, "income_level": "L", "is_persistent_poverty": false, "is_tribal_overlap": false, "tribal_area_name": null, "aian_pct": 0.0, "has_nmtc": true, "nmtc_projects": 1, "nmtc_total_usd": 2000000.0 }, "geometry": { "type": "Polygon", "coordinates": [ [ [ -120.519942, 46.604599 ], [ -120.516545, 46.60541 ], [ -120.512039, 46.606441 ], [ -120.515825, 46.614338 ], [ -120.51401, 46.614336 ], [ -120.510177, 46.614336 ], [ -120.507656, 46.608835 ], [ -120.507036, 46.607593 ], [ -120.505774, 46.605107 ], [ -120.493859, 46.607871 ], [ -120.493533, 46.606598 ], [ -120.494065, 46.605003 ], [ -120.487515, 46.605106 ], [ -120.488103, 46.603688 ], [ -120.493624, 46.6037 ], [ -120.496332, 46.603077 ], [ -120.500963, 46.602009 ], [ -120.501852, 46.600403 ], [ -120.500058, 46.596648 ], [ -120.498841, 46.594175 ], [ -120.501869, 46.593449 ], [ -120.504081, 46.592935 ], [ -120.505562, 46.595001 ], [ -120.508023, 46.596488 ], [ -120.509111, 46.598734 ], [ -120.517375, 46.596798 ], [ -120.517973, 46.598068 ], [ -120.518606, 46.599358 ], [ -120.519312, 46.5998 ], [ -120.519909, 46.600707 ], [ -120.519685, 46.601937 ], [ -120.520214, 46.603456 ], [ -120.519942, 46.604599 ] ] ] } },
{ "type": "Feature", "properties": { "geoid": "53077002701", "county_name": "Yakima County", "place_name": null, "state_name": "Washington", "state_abbr": "WA", "is_rural": true, "dci_score": 62.6, "dci_quintile": 4.0, "is_cra_lmi": true, "income_level": "M", "is_persistent_poverty": false, "is_tribal_overlap": true, "tribal_area_name": "Yakama Nation Reservation", "aian_pct": 0.0, "has_nmtc": false, "nmtc_projects": 0, "nmtc_total_usd": 0.0 }, "geometry": { "type": "Polygon", "coordinates": [ [ [ -120.327925, 46.042235 ], [ -120.299769, 46.049991 ], [ -120.287038, 46.048249 ], [ -120.25116, 46.066651 ], [ -120.237904, 46.074978 ], [ -120.213452, 46.084041 ], [ -120.201808, 46.07697 ], [ -120.178508, 46.086331 ], [ -120.168458, 46.086204 ], [ -120.15317, 46.102184 ], [ -120.141244, 46.10084 ], [ -120.126156, 46.105285 ], [ -120.123062, 46.106476 ], [ -120.121317, 46.107148 ], [ -120.119085, 46.109199 ], [ -120.037778, 46.181174 ], [ -120.035502, 46.183531 ], [ -120.006986, 46.208396 ], [ -120.001768, 46.212983 ], [ -119.999964, 46.214559 ], [ -119.999681, 46.214899 ], [ -119.999614, 46.218579 ], [ -119.999508, 46.23093 ], [ -119.995781, 46.229695 ], [ -119.994267, 46.229629 ], [ -119.99198, 46.232793 ], [ -119.988963, 46.235388 ], [ -119.987194, 46.235957 ], [ -119.980551, 46.236136 ], [ -119.976257, 46.235027 ], [ -119.971714, 46.232995 ], [ -119.968948, 46.231739 ], [ -119.962132, 46.227376 ], [ -119.955854, 46.224513 ], [ -119.950346, 46.223902 ], [ -119.941031, 46.224028 ], [ -119.935432, 46.223431 ], [ -119.927918, 46.221292 ], [ -119.924985, 46.221069 ], [ -119.923108, 46.22 ], [ -119.921229, 46.217926 ], [ -119.916952, 46.216216 ], [ -119.915574, 46.21576 ], [ -119.911675, 46.215484 ], [ -119.903019, 46.21562 ], [ -119.899887, 46.214766 ], [ -119.895551, 46.212913 ], [ -119.891489, 46.212358 ], [ -119.885708, 46.209262 ], [ -119.882088, 46.205756 ], [ -119.876148, 46.200617 ], [ -119.871712, 46.198258 ], [ -119.868045, 46.196031 ], [ -119.866656, 46.195366 ], [ -119.866698, 46.187059 ], [ -119.865595, 46.127152 ], [ -119.865829, 46.040858 ], [ -119.990051, 46.040974 ], [ -120.031535, 46.041065 ], [ -120.14613, 46.041482 ], [ -120.147254, 46.041437 ], [ -120.165026, 46.041423 ], [ -120.167567, 46.041319 ], [ -120.176714, 46.04148 ], [ -120.331072, 46.041487 ], [ -120.327925, 46.042235 ] ] ] } },
{ "type": "Feature", "properties": { "geoid": "53009000800", "county_name": "Clallam County", "place_name": null, "state_name": "Washington", "state_abbr": "WA", "is_rural": true, "dci_score": 64.2, "dci_quintile": 4.0, "is_cra_lmi": false, "income_level": "U", "is_persistent_poverty": false, "is_tribal_overlap": false, "tribal_area_name": null, "aian_pct": 0.0, "has_nmtc": false, "nmtc_projects": 0, "nmtc_total_usd": 0.0 }, "geometry": { "type": "Polygon", "coordinates": [ [ [ -123.475464, 48.11796 ], [ -123.47055, 48.12341 ], [ -123.468987, 48.125145 ], [ -123.466624, 48.127743 ], [ -123.468607, 48.128566 ], [ -123.467822, 48.12943 ], [ -123.469531, 48.130242 ], [ -123.462123, 48.128192 ], [ -123.451104, 48.123727 ], [ -123.447604, 48.123595 ], [ -123.444932, 48.122473 ], [ -123.446786, 48.12068 ], [ -123.451423, 48.117979 ], [ -123.456137, 48.114039 ], [ -123.457302, 48.111777 ], [ -123.459535, 48.110041 ], [ -123.462382, 48.107986 ], [ -123.462659, 48.106757 ], [ -123.465164, 48.106501 ], [ -123.466092, 48.10642 ], [ -123.46833, 48.1062 ], [ -123.470156, 48.106022 ], [ -123.473847, 48.105653 ], [ -123.47382, 48.107244 ], [ -123.473633, 48.11251 ], [ -123.472396, 48.112311 ], [ -123.469308, 48.115768 ], [ -123.474323, 48.117739 ], [ -123.475464, 48.11796 ] ] ] } },
{ "type": "Feature", "properties": { "geoid": "53027000900", "county_name": "Grays Harbor County", "place_name": null, "state_name": "Washington", "state_abbr": "WA", "is_rural": true, "dci_score": 80.4, "dci_quintile": 3.0, "is_cra_lmi": true, "income_level": "M", "is_persistent_poverty": false, "is_tribal_overlap": false, "tribal_area_name": null, "aian_pct": 0.0, "has_nmtc": false, "nmtc_projects": 0, "nmtc_total_usd": 0.0 }, "geometry": { "type": "Polygon", "coordinates": [ [ [ -123.877685363726997, 46.941266991855898 ], [ -123.870212, 46.943166 ], [ -123.860498062735999, 46.947318974396701 ], [ -123.859539, 46.947729 ], [ -123.851273243147006, 46.951658290619903 ], [ -123.850546, 46.952004 ], [ -123.8389, 46.953951 ], [ -123.841121337206999, 46.956667698519198 ], [ -123.841453790905007, 46.957074289858703 ], [ -123.831164, 46.960292 ], [ -123.822389, 46.962943 ], [ -123.819082, 46.965809 ], [ -123.808787, 46.972229 ], [ -123.807147, 46.972988 ], [ -123.796807, 46.975952 ], [ -123.78915, 46.977521 ], [ -123.784331, 46.977947 ], [ -123.781891, 46.976513 ], [ -123.78131, 46.976045 ], [ -123.778455, 46.968772 ], [ -123.776394, 46.963921 ], [ -123.775441, 46.962992 ], [ -123.774278, 46.961859 ], [ -123.769889, 46.957838 ], [ -123.763127, 46.957494 ], [ -123.763025, 46.955393 ], [ -123.764885, 46.950628 ], [ -123.762631, 46.949008 ], [ -123.76163, 46.948337 ], [ -123.760231, 46.947398 ], [ -123.755563, 46.944343 ], [ -123.752278, 46.943259 ], [ -123.748155, 46.942778 ], [ -123.745569, 46.941813 ], [ -123.743614, 46.940288 ], [ -123.740843, 46.939307 ], [ -123.735518, 46.936435 ], [ -123.733998, 46.934406 ], [ -123.730582, 46.933899 ], [ -123.731383, 46.932778 ], [ -123.733918, 46.932045 ], [ -123.734084, 46.930948 ], [ -123.738285, 46.928066 ], [ -123.740418, 46.925643 ], [ -123.740484, 46.92482 ], [ -123.737513, 46.922901 ], [ -123.738743, 46.921192 ], [ -123.737866, 46.917275 ], [ -123.740105, 46.914101 ], [ -123.740853, 46.914258 ], [ -123.73981, 46.917142 ], [ -123.741117, 46.919292 ], [ -123.745321, 46.92003 ], [ -123.748149, 46.921653 ], [ -123.750206, 46.921816 ], [ -123.75512, 46.923837 ], [ -123.758441, 46.925813 ], [ -123.760834, 46.926275 ], [ -123.764831, 46.925147 ], [ -123.767857, 46.925823 ], [ -123.771675, 46.927272 ], [ -123.777504, 46.928333 ], [ -123.779033, 46.927889 ], [ -123.782052, 46.928778 ], [ -123.78652, 46.929081 ], [ -123.788689, 46.930376 ], [ -123.791075, 46.930568 ], [ -123.792596, 46.932247 ], [ -123.79499, 46.933114 ], [ -123.795679, 46.932516 ], [ -123.798441, 46.936587 ], [ -123.803093, 46.939944 ], [ -123.80649, 46.941654 ], [ -123.812335, 46.941786 ], [ -123.815252, 46.944215 ], [ -123.81526, 46.943859 ], [ -123.817662, 46.944947 ], [ -123.820057, 46.947147 ], [ -123.818326, 46.948093 ], [ -123.820638, 46.948138 ], [ -123.820618, 46.949182 ], [ -123.824078, 46.949439 ], [ -123.824968, 46.948159 ], [ -123.826377, 46.946526 ], [ -123.8318, 46.948527 ], [ -123.838234, 46.947409 ], [ -123.84673, 46.943773 ], [ -123.849088, 46.943411 ], [ -123.852881, 46.943428 ], [ -123.860567, 46.943444 ], [ -123.867028, 46.943376 ], [ -123.871961, 46.941443 ], [ -123.877685363726997, 46.941266991855898 ] ] ] } },
{ "type": "Feature", "properties": { "geoid": "53033026300", "county_name": "King County", "place_name": null, "state_name": "Washington", "state_abbr": "WA", "is_rural": false, "dci_score": 54.3, "dci_quintile": 4.0, "is_cra_lmi": true, "income_level": "M", "is_persistent_poverty": false, "is_tribal_overlap": false, "tribal_area_name": null, "aian_pct": 0.0, "has_nmtc": true, "nmtc_projects": 1, "nmtc_total_usd": 1920284.0 }, "geometry": { "type": "Polygon", "coordinates": [ [ [ -122.308347, 47.524281 ], [ -122.301598, 47.524267 ], [ -122.300501, 47.524453 ], [ -122.29365, 47.52446 ], [ -122.291372, 47.524462 ], [ -122.291283, 47.519301 ], [ -122.29134, 47.510146 ], [ -122.282967, 47.509953 ], [ -122.278235, 47.509852 ], [ -122.278229, 47.507991 ], [ -122.276241, 47.507231 ], [ -122.275411, 47.509784 ], [ -122.270069, 47.509663 ], [ -122.270157, 47.504896 ], [ -122.270202, 47.502629 ], [ -122.270264, 47.501468 ], [ -122.270327, 47.500303 ], [ -122.270294, 47.496354 ], [ -122.270302, 47.495543 ], [ -122.271056, 47.495655 ], [ -122.268018, 47.493049 ], [ -122.264954, 47.488628 ], [ -122.265321, 47.48809 ], [ -122.267835, 47.489244 ], [ -122.270075, 47.488694 ], [ -122.27335, 47.491444 ], [ -122.280192, 47.490224 ], [ -122.281292, 47.496996 ], [ -122.281142, 47.498357 ], [ -122.282565, 47.500338 ], [ -122.288246, 47.500711 ], [ -122.291252, 47.500527 ], [ -122.294562, 47.500214 ], [ -122.296783, 47.500864 ], [ -122.297524, 47.502165 ], [ -122.29633, 47.504317 ], [ -122.29321, 47.506318 ], [ -122.292357, 47.508366 ], [ -122.293712, 47.510166 ], [ -122.299407, 47.512149 ], [ -122.30415, 47.512935 ], [ -122.304974, 47.5137 ], [ -122.306218, 47.518758 ], [ -122.308347, 47.524281 ] ] ] } },
{ "type": "Feature", "properties": { "geoid": "53033029004", "county_name": "King County", "place_name": null, "state_name": "Washington", "state_abbr": "WA", "is_rural": false, "dci_score": 81.8, "dci_quintile": 2.0, "is_cra_lmi": true, "income_level": "L", "is_persistent_poverty": false, "is_tribal_overlap": false, "tribal_area_name": null, "aian_pct": 0.0, "has_nmtc": false, "nmtc_projects": 0, "nmtc_total_usd": 0.0 }, "geometry": { "type": "Polygon", "coordinates": [ [ [ -122.307899, 47.37956 ], [ -122.300616, 47.379451 ], [ -122.300599, 47.381147 ], [ -122.297511, 47.382589 ], [ -122.2986, 47.386518 ], [ -122.296543, 47.386522 ], [ -122.29722, 47.389033 ], [ -122.295921, 47.38901 ], [ -122.295195, 47.392031 ], [ -122.295137, 47.392312 ], [ -122.297191, 47.392464 ], [ -122.29879, 47.39374 ], [ -122.298848, 47.39553 ], [ -122.297001, 47.395157 ], [ -122.293332, 47.392457 ], [ -122.292762, 47.392202 ], [ -122.291873, 47.391859 ], [ -122.291051, 47.391664 ], [ -122.29043, 47.384157 ], [ -122.291926, 47.376896 ], [ -122.292222, 47.37573 ], [ -122.293761, 47.36973 ], [ -122.296277, 47.369662 ], [ -122.299024, 47.368662 ], [ -122.303848, 47.368703 ], [ -122.300675, 47.374788 ], [ -122.302557, 47.374809 ], [ -122.302557, 47.3759 ], [ -122.307822, 47.375981 ], [ -122.307861, 47.37778 ], [ -122.307899, 47.37956 ] ] ] } },
{ "type": "Feature", "properties": { "geoid": "53033028402", "county_name": "King County", "place_name": null, "state_name": "Washington", "state_abbr": "WA", "is_rural": false, "dci_score": 65.1, "dci_quintile": 4.0, "is_cra_lmi": true, "income_level": "M", "is_persistent_poverty": false, "is_tribal_overlap": false, "tribal_area_name": null, "aian_pct": 0.0, "has_nmtc": false, "nmtc_projects": 0, "nmtc_total_usd": 0.0 }, "geometry": { "type": "Polygon", "coordinates": [ [ [ -122.328959, 47.443562 ], [ -122.32805, 47.44518 ], [ -122.321578, 47.44519 ], [ -122.321453, 47.44519 ], [ -122.318391, 47.445402 ], [ -122.318238, 47.459628 ], [ -122.319395, 47.466716 ], [ -122.317808, 47.467019 ], [ -122.312951, 47.466826 ], [ -122.307196, 47.466774 ], [ -122.305093, 47.465414 ], [ -122.299585, 47.465129 ], [ -122.294563, 47.46355 ], [ -122.291843, 47.463502 ], [ -122.289725, 47.463443 ], [ -122.291581, 47.459652 ], [ -122.286734, 47.459637 ], [ -122.28604, 47.459495 ], [ -122.28124, 47.456275 ], [ -122.280655, 47.4546 ], [ -122.27992, 47.452844 ], [ -122.278792, 47.451172 ], [ -122.275543, 47.446369 ], [ -122.275035, 47.445195 ], [ -122.281506, 47.445194 ], [ -122.286535, 47.445231 ], [ -122.289079, 47.445237 ], [ -122.291888, 47.44525 ], [ -122.296143, 47.445286 ], [ -122.295374, 47.434532 ], [ -122.313823, 47.434658 ], [ -122.314647, 47.43482 ], [ -122.3228, 47.439221 ], [ -122.324093, 47.439895 ], [ -122.328534, 47.442443 ], [ -122.328959, 47.443562 ] ] ] } },
{ "type": "Feature", "properties": { "geoid": "53033027600", "county_name": "King County", "place_name": null, "state_name": "Washington", "state_abbr": "WA", "is_rural": false, "dci_score": 44.7, "dci_quintile": 5.0, "is_cra_lmi": true, "income_level": "M", "is_persistent_poverty": false, "is_tribal_overlap": false, "tribal_area_name": null, "aian_pct": 0.0, "has_nmtc": true, "nmtc_projects": 1, "nmtc_total_usd": 3750000.0 }, "geometry": { "type": "Polygon", "coordinates": [ [ [ -122.370275370048006, 47.457444930043003 ], [ -122.368036, 47.459221 ], [ -122.370206, 47.467764 ], [ -122.36878, 47.472745 ], [ -122.364145, 47.477185 ], [ -122.363925359926, 47.477516219420501 ], [ -122.361543556699999, 47.481108002427298 ], [ -122.361336, 47.481421 ], [ -122.361649, 47.485275 ], [ -122.362659522960001, 47.486161003543003 ], [ -122.364910049399001, 47.488134213928298 ], [ -122.362167, 47.489725 ], [ -122.358236, 47.49022 ], [ -122.355237, 47.487321 ], [ -122.349993, 47.48843 ], [ -122.349644, 47.486613 ], [ -122.348602, 47.483867 ], [ -122.348469, 47.482937 ], [ -122.348281, 47.481163 ], [ -122.347843, 47.477606 ], [ -122.347178, 47.472178 ], [ -122.351646, 47.472179 ], [ -122.352601, 47.472248 ], [ -122.358377, 47.471436 ], [ -122.360648, 47.471347 ], [ -122.360793, 47.466736 ], [ -122.363018, 47.46645 ], [ -122.363593, 47.463081 ], [ -122.367163, 47.463389 ], [ -122.366644, 47.459929 ], [ -122.367212, 47.45787 ], [ -122.368868, 47.456997 ], [ -122.370275370048006, 47.457444930043003 ] ] ] } },
{ "type": "Feature", "properties": { "geoid": "53033023603", "county_name": "King County", "place_name": null, "state_name": "Washington", "state_abbr": "WA", "is_rural": false, "dci_score": 33.7, "dci_quintile": 5.0, "is_cra_lmi": false, "income_level": "U", "is_persistent_poverty": false, "is_tribal_overlap": false, "tribal_area_name": null, "aian_pct": 0.0, "has_nmtc": false, "nmtc_projects": 0, "nmtc_total_usd": 0.0 }, "geometry": { "type": "Polygon", "coordinates": [ [ [ -122.159295, 47.617181 ], [ -122.15897, 47.61718 ], [ -122.158994, 47.619664 ], [ -122.158974, 47.622497 ], [ -122.159061, 47.623237 ], [ -122.143101, 47.626513 ], [ -122.143087, 47.620986 ], [ -122.143067, 47.617037 ], [ -122.142879, 47.609854 ], [ -122.146133, 47.609881 ], [ -122.153527, 47.609929 ], [ -122.159184, 47.610144 ], [ -122.159295, 47.617181 ] ] ] } },
{ "type": "Feature", "properties": { "geoid": "53033008600", "county_name": "King County", "place_name": null, "state_name": "Washington", "state_abbr": "WA", "is_rural": false, "dci_score": 25.7, "dci_quintile": 5.0, "is_cra_lmi": false, "income_level": "U", "is_persistent_poverty": false, "is_tribal_overlap": false, "tribal_area_name": null, "aian_pct": 0.0, "has_nmtc": true, "nmtc_projects": 2, "nmtc_total_usd": 1000000.0 }, "geometry": { "type": "Polygon", "coordinates": [ [ [ -122.320762, 47.611167 ], [ -122.316786, 47.612891 ], [ -122.312782, 47.61291 ], [ -122.312833, 47.610377 ], [ -122.312862, 47.606185 ], [ -122.312879, 47.601685 ], [ -122.316783, 47.601692 ], [ -122.320739, 47.601699 ], [ -122.320746, 47.604269 ], [ -122.320751, 47.606211 ], [ -122.320754, 47.607217 ], [ -122.32076, 47.608098 ], [ -122.32076, 47.610182 ], [ -122.320762, 47.611167 ] ] ] } },
{ "type": "Feature", "properties": { "geoid": "53053062300", "county_name": "Pierce County", "place_name": null, "state_name": "Washington", "state_abbr": "WA", "is_rural": false, "dci_score": 54.4, "dci_quintile": 4.0, "is_cra_lmi": false, "income_level": "U", "is_persistent_poverty": false, "is_tribal_overlap": true, "tribal_area_name": "Puyallup Reservation", "aian_pct": 0.0, "has_nmtc": true, "nmtc_projects": 1, "nmtc_total_usd": 0.0 }, "geometry": { "type": "Polygon", "coordinates": [ [ [ -122.427272, 47.218395 ], [ -122.425354, 47.221473 ], [ -122.426121, 47.223116 ], [ -122.42365, 47.222971 ], [ -122.420813, 47.223108 ], [ -122.417276, 47.223115 ], [ -122.416305, 47.223109 ], [ -122.41634, 47.220893 ], [ -122.407699, 47.220875 ], [ -122.407661, 47.217502 ], [ -122.407653, 47.217214 ], [ -122.407698, 47.213536 ], [ -122.40789, 47.210813 ], [ -122.404184, 47.206253 ], [ -122.404518, 47.20625 ], [ -122.407975, 47.206237 ], [ -122.423777, 47.206326 ], [ -122.424085, 47.208592 ], [ -122.424911, 47.20994 ], [ -122.426245, 47.211758 ], [ -122.426326, 47.212262 ], [ -122.426208, 47.21362 ], [ -122.426445, 47.217064 ], [ -122.427272, 47.218395 ] ] ] } },
{ "type": "Feature", "properties": { "geoid": "53053073407", "county_name": "Pierce County", "place_name": null, "state_name": "Washington", "state_abbr": "WA", "is_rural": false, "dci_score": 25.3, "dci_quintile": 5.0, "is_cra_lmi": true, "income_level": "M", "is_persistent_poverty": false, "is_tribal_overlap": true, "tribal_area_name": "Puyallup Reservation", "aian_pct": 0.0, "has_nmtc": false, "nmtc_projects": 0, "nmtc_total_usd": 0.0 }, "geometry": { "type": "Polygon", "coordinates": [ [ [ -122.313905, 47.203826 ], [ -122.313455, 47.204865 ], [ -122.312899, 47.205526 ], [ -122.309899, 47.204682 ], [ -122.311002, 47.204263 ], [ -122.30512, 47.20318 ], [ -122.296714, 47.20311 ], [ -122.293902, 47.202659 ], [ -122.289937, 47.201141 ], [ -122.287008, 47.198848 ], [ -122.284403, 47.19516 ], [ -122.282901, 47.194094 ], [ -122.282407, 47.193298 ], [ -122.282611, 47.190152 ], [ -122.283297, 47.190318 ], [ -122.293706, 47.190441 ], [ -122.302692, 47.190392 ], [ -122.302074, 47.191866 ], [ -122.302035, 47.197003 ], [ -122.308188, 47.197226 ], [ -122.308159, 47.195087 ], [ -122.313808, 47.196071 ], [ -122.313892, 47.202101 ], [ -122.313905, 47.203826 ] ] ] } },
{ "type": "Feature", "properties": { "geoid": "53053073405", "county_name": "Pierce County", "place_name": null, "state_name": "Washington", "state_abbr": "WA", "is_rural": false, "dci_score": 18.6, "dci_quintile": 5.0, "is_cra_lmi": true, "income_level": "M", "is_persistent_poverty": false, "is_tribal_overlap": false, "tribal_area_name": null, "aian_pct": 0.0, "has_nmtc": false, "nmtc_projects": 0, "nmtc_total_usd": 0.0 }, "geometry": { "type": "Polygon", "coordinates": [ [ [ -122.296699, 47.17659 ], [ -122.296449, 47.177376 ], [ -122.295415, 47.178717 ], [ -122.293549, 47.179749 ], [ -122.287289, 47.180551 ], [ -122.285207, 47.181319 ], [ -122.283274, 47.183209 ], [ -122.282835, 47.186192 ], [ -122.282611, 47.190152 ], [ -122.277395, 47.189276 ], [ -122.277328, 47.186143 ], [ -122.27729, 47.180875 ], [ -122.266876, 47.180795 ], [ -122.266851, 47.177777 ], [ -122.266871, 47.173557 ], [ -122.271875, 47.1735 ], [ -122.272096, 47.16969 ], [ -122.279953, 47.169716 ], [ -122.28553, 47.16974 ], [ -122.292148, 47.169822 ], [ -122.293489, 47.169796 ], [ -122.29655, 47.169847 ], [ -122.296699, 47.17659 ] ] ] } },
{ "type": "Feature", "properties": { "geoid": "53061040200", "county_name": "Snohomish County", "place_name": "Port Angeles", "state_name": "Washington", "state_abbr": "WA", "is_rural": false, "dci_score": 77.2, "dci_quintile": 3.0, "is_cra_lmi": true, "income_level": "M", "is_persistent_poverty": false, "is_tribal_overlap": false, "tribal_area_name": null, "aian_pct": 0.0, "has_nmtc": false, "nmtc_projects": 0, "nmtc_total_usd": 0.0 }, "geometry": { "type": "Polygon", "coordinates": [ [ [ -122.201034, 48.000287 ], [ -122.201017, 48.001591 ], [ -122.20029, 48.003499 ], [ -122.194701, 48.007928 ], [ -122.190346, 48.011349 ], [ -122.188731, 48.01297 ], [ -122.187466, 48.017084 ], [ -122.181854, 48.01409 ], [ -122.177149, 48.002305 ], [ -122.180547, 47.995215 ], [ -122.180025, 47.993096 ], [ -122.181307, 47.992115 ], [ -122.189266, 47.992252 ], [ -122.192074, 47.992281 ], [ -122.191975, 47.996233 ], [ -122.194705, 47.996267 ], [ -122.194668, 47.997584 ], [ -122.196853, 47.997638 ], [ -122.2011, 47.997658 ], [ -122.201034, 48.000287 ] ] ] } },
{ "type": "Feature", "properties": { "geoid": "53041970300", "county_name": "Lewis County", "place_name": "Port Angeles", "state_name": "Washington", "state_abbr": "WA", "is_rural": true, "dci_score": 69.9, "dci_quintile": 3.0, "is_cra_lmi": false, "income_level": "U", "is_persistent_poverty": false, "is_tribal_overlap": false, "tribal_area_name": null, "aian_pct": 0.0, "has_nmtc": true, "nmtc_projects": 2, "nmtc_total_usd": 36090000.0 }, "geometry": { "type": "Polygon", "coordinates": [ [ [ -123.033053, 46.764525 ], [ -123.004261, 46.764486 ], [ -122.993009, 46.764534 ], [ -122.992469, 46.76453 ], [ -122.992278, 46.764528 ], [ -122.982212, 46.747944 ], [ -122.975878, 46.738804 ], [ -122.975099, 46.735659 ], [ -122.975096, 46.735457 ], [ -122.975093, 46.735041 ], [ -122.975186, 46.733833 ], [ -122.975666, 46.732064 ], [ -122.976432, 46.729859 ], [ -122.976901, 46.727237 ], [ -122.976515, 46.721193 ], [ -122.979811, 46.719722 ], [ -122.987265, 46.718709 ], [ -122.992195, 46.717171 ], [ -122.999827, 46.717106 ], [ -123.001061, 46.716097 ], [ -123.001807, 46.715993 ], [ -123.007695, 46.717734 ], [ -123.010084, 46.718932 ], [ -123.0138, 46.722902 ], [ -123.016415, 46.725882 ], [ -123.017638, 46.728681 ], [ -123.016696, 46.730401 ], [ -123.020187, 46.735373 ], [ -123.020428, 46.735868 ], [ -123.020677, 46.736565 ], [ -123.019416, 46.742766 ], [ -123.014233, 46.744118 ], [ -123.006922, 46.745207 ], [ -123.006047, 46.746013 ], [ -123.006633, 46.747265 ], [ -123.010108, 46.748196 ], [ -123.014357, 46.747554 ], [ -123.017161, 46.748127 ], [ -123.020848, 46.750424 ], [ -123.024554, 46.75071 ], [ -123.027811, 46.749968 ], [ -123.028942, 46.750679 ], [ -123.028781, 46.755626 ], [ -123.02792, 46.7571 ], [ -123.029054, 46.760714 ], [ -123.029956, 46.761911 ], [ -123.032452, 46.764201 ], [ -123.033053, 46.764525 ] ] ] } },
{ "type": "Feature", "properties": { "geoid": "53041971200", "county_name": "Lewis County", "place_name": null, "state_name": "Washington", "state_abbr": "WA", "is_rural": true, "dci_score": 66.7, "dci_quintile": 4.0, "is_cra_lmi": false, "income_level": "U", "is_persistent_poverty": false, "is_tribal_overlap": false, "tribal_area_name": null, "aian_pct": 0.0, "has_nmtc": false, "nmtc_projects": 0, "nmtc_total_usd": 0.0 }, "geometry": { "type": "Polygon", "coordinates": [ [ [ -122.839851, 46.57602 ], [ -122.82954, 46.576113 ], [ -122.825656, 46.576101 ], [ -122.820888, 46.575231 ], [ -122.813972, 46.574501 ], [ -122.806826, 46.575924 ], [ -122.788054, 46.57611 ], [ -122.783401, 46.577222 ], [ -122.7784, 46.575388 ], [ -122.769431, 46.575227 ], [ -122.761787, 46.573759 ], [ -122.755262, 46.574191 ], [ -122.753358, 46.573986 ], [ -122.748656, 46.572688 ], [ -122.74377, 46.572073 ], [ -122.741053, 46.571218 ], [ -122.734971, 46.571658 ], [ -122.73084, 46.572277 ], [ -122.724973, 46.575434 ], [ -122.719519, 46.575631 ], [ -122.719418, 46.57095 ], [ -122.719418, 46.570862 ], [ -122.719605, 46.561136 ], [ -122.667478, 46.561122 ], [ -122.667484, 46.553426 ], [ -122.662443, 46.549695 ], [ -122.662319, 46.546478 ], [ -122.656977, 46.546434 ], [ -122.657278, 46.531903 ], [ -122.646923, 46.531872 ], [ -122.642843, 46.531964 ], [ -122.636772, 46.532529 ], [ -122.627181, 46.531521 ], [ -122.622892, 46.531723 ], [ -122.615751, 46.533024 ], [ -122.613667, 46.533056 ], [ -122.612121, 46.532602 ], [ -122.603473, 46.528517 ], [ -122.595571, 46.525329 ], [ -122.584403, 46.519705 ], [ -122.583115, 46.518528 ], [ -122.580273, 46.514771 ], [ -122.577703, 46.513394 ], [ -122.574529, 46.513498 ], [ -122.565908, 46.515988 ], [ -122.572358, 46.509228 ], [ -122.576163, 46.506096 ], [ -122.580839, 46.504072 ], [ -122.584598, 46.503186 ], [ -122.588331, 46.503105 ], [ -122.588203, 46.502584 ], [ -122.592459, 46.502635 ], [ -122.596548, 46.503118 ], [ -122.602689, 46.506454 ], [ -122.607144, 46.506475 ], [ -122.608311, 46.507272 ], [ -122.612401, 46.508404 ], [ -122.614107, 46.509739 ], [ -122.615722, 46.509929 ], [ -122.620284, 46.508199 ], [ -122.623196, 46.507617 ], [ -122.627576, 46.508027 ], [ -122.631359, 46.509755 ], [ -122.633183, 46.511083 ], [ -122.633435, 46.512262 ], [ -122.636362, 46.513995 ], [ -122.638783, 46.516231 ], [ -122.64016, 46.51608 ], [ -122.643068, 46.514886 ], [ -122.644267, 46.513267 ], [ -122.643779, 46.506032 ], [ -122.643975, 46.504562 ], [ -122.646104, 46.499585 ], [ -122.644266, 46.497433 ], [ -122.644557, 46.496546 ], [ -122.645534, 46.49592 ], [ -122.650128, 46.495069 ], [ -122.658217, 46.497092 ], [ -122.659992, 46.497105 ], [ -122.66438, 46.498428 ], [ -122.671249, 46.502823 ], [ -122.675523, 46.5081 ], [ -122.678311, 46.509329 ], [ -122.679901, 46.509242 ], [ -122.681957, 46.507793 ], [ -122.682793, 46.505624 ], [ -122.682606, 46.504111 ], [ -122.678439, 46.501762 ], [ -122.677765, 46.499829 ], [ -122.67935, 46.49605 ], [ -122.681245, 46.494654 ], [ -122.683337, 46.494125 ], [ -122.689098, 46.494094 ], [ -122.692878, 46.492885 ], [ -122.698703, 46.490576 ], [ -122.700789, 46.489253 ], [ -122.706552, 46.487499 ], [ -122.712561, 46.486294 ], [ -122.716194, 46.486478 ], [ -122.720827, 46.486059 ], [ -122.730887, 46.483194 ], [ -122.740604, 46.482801 ], [ -122.74267, 46.482296 ], [ -122.741896, 46.48012 ], [ -122.739517, 46.477732 ], [ -122.736565, 46.475653 ], [ -122.735016, 46.47119 ], [ -122.735762, 46.469077 ], [ -122.737164, 46.467193 ], [ -122.740369, 46.466224 ], [ -122.745926, 46.467066 ], [ -122.748321, 46.466063 ], [ -122.749576, 46.464661 ], [ -122.750286, 46.461587 ], [ -122.754775, 46.461212 ], [ -122.756512, 46.460549 ], [ -122.757973, 46.458751 ], [ -122.761099, 46.457383 ], [ -122.766331, 46.457221 ], [ -122.767454, 46.456869 ], [ -122.770356, 46.459406 ], [ -122.774565, 46.460569 ], [ -122.776445, 46.460294 ], [ -122.77763, 46.458863 ], [ -122.779408, 46.458263 ], [ -122.785497, 46.459396 ], [ -122.787594, 46.460323 ], [ -122.790129, 46.463947 ], [ -122.793982, 46.464695 ], [ -122.798852, 46.46393 ], [ -122.802766, 46.461471 ], [ -122.807251, 46.457975 ], [ -122.808708, 46.456414 ], [ -122.812473, 46.462107 ], [ -122.808102, 46.46383 ], [ -122.811941, 46.468619 ], [ -122.821535, 46.465886 ], [ -122.822857, 46.466237 ], [ -122.825209, 46.469338 ], [ -122.817066, 46.476266 ], [ -122.815017, 46.479135 ], [ -122.814768, 46.482183 ], [ -122.815213, 46.484622 ], [ -122.815018, 46.491598 ], [ -122.815242, 46.492617 ], [ -122.818359, 46.498989 ], [ -122.818567, 46.500403 ], [ -122.817131, 46.508041 ], [ -122.814321, 46.514036 ], [ -122.812459, 46.519861 ], [ -122.812439, 46.521101 ], [ -122.815862, 46.525056 ], [ -122.820637, 46.526302 ], [ -122.821374, 46.526971 ], [ -122.822372, 46.539675 ], [ -122.822466, 46.544087 ], [ -122.823463, 46.552136 ], [ -122.824456, 46.553032 ], [ -122.832973, 46.557564 ], [ -122.834449, 46.558756 ], [ -122.834769, 46.563657 ], [ -122.837185, 46.567246 ], [ -122.838814, 46.571189 ], [ -122.839851, 46.57602 ] ] ] } },
{ "type": "Feature", "properties": { "geoid": "53035090300", "county_name": "Kitsap County", "place_name": null, "state_name": "Washington", "state_abbr": "WA", "is_rural": true, "dci_score": 31.0, "dci_quintile": 5.0, "is_cra_lmi": true, "income_level": "M", "is_persistent_poverty": false, "is_tribal_overlap": false, "tribal_area_name": null, "aian_pct": 0.0, "has_nmtc": false, "nmtc_projects": 0, "nmtc_total_usd": 0.0 }, "geometry": { "type": "Polygon", "coordinates": [ [ [ -122.746159507463005, 47.721413633307499 ], [ -122.738386, 47.733835 ], [ -122.738523, 47.73659 ], [ -122.735488581137005, 47.737159882693298 ], [ -122.733012, 47.737625 ], [ -122.726012, 47.746272 ], [ -122.722686, 47.748827 ], [ -122.722669167617994, 47.748895761469299 ], [ -122.721654870172998, 47.7530392381517 ], [ -122.719712, 47.760976 ], [ -122.714786, 47.767512 ], [ -122.707462, 47.769343 ], [ -122.704810789201005, 47.771917836554799 ], [ -122.703182, 47.771335 ], [ -122.7027, 47.770239 ], [ -122.699962, 47.769895 ], [ -122.691993, 47.766629 ], [ -122.691785, 47.764332 ], [ -122.691668, 47.745682 ], [ -122.692064, 47.744446 ], [ -122.69198, 47.733982 ], [ -122.694056, 47.733958 ], [ -122.694124, 47.726327 ], [ -122.694158, 47.711403 ], [ -122.694172541986006, 47.710879015041598 ], [ -122.694373, 47.703656 ], [ -122.694413, 47.703522 ], [ -122.694357, 47.70295 ], [ -122.694367, 47.701196 ], [ -122.692236, 47.701174 ], [ -122.692388, 47.695601 ], [ -122.700134, 47.695497 ], [ -122.700126, 47.691973 ], [ -122.702766, 47.691841 ], [ -122.703188, 47.687718 ], [ -122.703311, 47.679453 ], [ -122.705082, 47.679526 ], [ -122.709308, 47.679172 ], [ -122.719507, 47.676886 ], [ -122.724499, 47.677063 ], [ -122.724475, 47.680946 ], [ -122.729651, 47.684334 ], [ -122.734584, 47.689909 ], [ -122.735125, 47.693906 ], [ -122.737197, 47.703254 ], [ -122.738193, 47.705071 ], [ -122.743066, 47.713211 ], [ -122.743425, 47.714608 ], [ -122.740789, 47.718152 ], [ -122.740699, 47.719264 ], [ -122.743388, 47.719519 ], [ -122.743764, 47.721234 ], [ -122.746159507463005, 47.721413633307499 ] ] ] } },
{ "type": "Feature", "properties": { "geoid": "53031950603", "county_name": "Jefferson County", "place_name": null, "state_name": "Washington", "state_abbr": "WA", "is_rural": true, "dci_score": 70.2, "dci_quintile": 3.0, "is_cra_lmi": true, "income_level": "M", "is_persistent_poverty": false, "is_tribal_overlap": false, "tribal_area_name": null, "aian_pct": 0.0, "has_nmtc": false, "nmtc_projects": 0, "nmtc_total_usd": 0.0 }, "geometry": { "type": "Polygon", "coordinates": [ [ [ -122.813799, 48.100529 ], [ -122.809612, 48.10352 ], [ -122.807746, 48.106349 ], [ -122.804393, 48.109554 ], [ -122.799558, 48.111498 ], [ -122.792303, 48.113571 ], [ -122.790428, 48.113685 ], [ -122.788745, 48.1137 ], [ -122.785329, 48.115527 ], [ -122.783151, 48.11761 ], [ -122.781461, 48.120065 ], [ -122.780396, 48.12115 ], [ -122.777883, 48.121812 ], [ -122.777955, 48.115193 ], [ -122.777279, 48.113778 ], [ -122.776258, 48.113809 ], [ -122.77483, 48.11435 ], [ -122.768465, 48.116601 ], [ -122.765551, 48.113475 ], [ -122.757392, 48.116863 ], [ -122.754203517823001, 48.114978517822898 ], [ -122.77187, 48.108144 ], [ -122.773876756129994, 48.1075276775764 ], [ -122.781205, 48.105277 ], [ -122.792058758568004, 48.0981326267787 ], [ -122.793055, 48.097552 ], [ -122.796818, 48.09628 ], [ -122.798883, 48.096819 ], [ -122.80318, 48.097488 ], [ -122.808398, 48.099075 ], [ -122.811076, 48.098797 ], [ -122.81281, 48.10005 ], [ -122.813799, 48.100529 ] ] ] } },
{ "type": "Feature", "properties": { "geoid": "53041971501", "county_name": "Lewis County", "place_name": null, "state_name": "Washington", "state_abbr": "WA", "is_rural": true, "dci_score": 30.4, "dci_quintile": 5.0, "is_cra_lmi": false, "income_level": "U", "is_persistent_poverty": false, "is_tribal_overlap": false, "tribal_area_name": null, "aian_pct": 0.0, "has_nmtc": false, "nmtc_projects": 0, "nmtc_total_usd": 0.0 }, "geometry": { "type": "Polygon", "coordinates": [ [ [ -122.964346, 46.497257 ], [ -122.96438, 46.498562 ], [ -122.957817, 46.50026 ], [ -122.953592, 46.501771 ], [ -122.957357, 46.50413 ], [ -122.959646, 46.506713 ], [ -122.96026, 46.509432 ], [ -122.96141, 46.510377 ], [ -122.964316, 46.510639 ], [ -122.937358, 46.510817 ], [ -122.94016, 46.51317 ], [ -122.939283, 46.513632 ], [ -122.939076, 46.516998 ], [ -122.938149, 46.517962 ], [ -122.928755, 46.517934 ], [ -122.928524, 46.532453 ], [ -122.918026, 46.532495 ], [ -122.907527, 46.532536 ], [ -122.907493, 46.517978 ], [ -122.906392, 46.517827 ], [ -122.907506, 46.515718 ], [ -122.907587, 46.494579 ], [ -122.917399, 46.494537 ], [ -122.917432, 46.48941 ], [ -122.919133, 46.486383 ], [ -122.919644, 46.485528 ], [ -122.914447, 46.484081 ], [ -122.910351, 46.482929 ], [ -122.911386, 46.479884 ], [ -122.913741, 46.477499 ], [ -122.919176, 46.474024 ], [ -122.92368, 46.472077 ], [ -122.926265, 46.470065 ], [ -122.929143, 46.469507 ], [ -122.93129, 46.468285 ], [ -122.937119, 46.467304 ], [ -122.938641, 46.464785 ], [ -122.939919, 46.459692 ], [ -122.941831, 46.458253 ], [ -122.945639, 46.456617 ], [ -122.95024, 46.456592 ], [ -122.955493, 46.457745 ], [ -122.95736, 46.456151 ], [ -122.957285, 46.457963 ], [ -122.955584, 46.461031 ], [ -122.9588, 46.463234 ], [ -122.956574, 46.466489 ], [ -122.952097, 46.477067 ], [ -122.953629, 46.478912 ], [ -122.955354, 46.478031 ], [ -122.959908, 46.478163 ], [ -122.960056, 46.489053 ], [ -122.960035, 46.496246 ], [ -122.965838, 46.496503 ], [ -122.964346, 46.497257 ] ] ] } },
{ "type": "Feature", "properties": { "geoid": "53021020801", "county_name": "Franklin County", "place_name": null, "state_name": "Washington", "state_abbr": "WA", "is_rural": true, "dci_score": 62.5, "dci_quintile": 4.0, "is_cra_lmi": false, "income_level": "U", "is_persistent_poverty": false, "is_tribal_overlap": false, "tribal_area_name": null, "aian_pct": 0.0, "has_nmtc": false, "nmtc_projects": 0, "nmtc_total_usd": 0.0 }, "geometry": { "type": "Polygon", "coordinates": [ [ [ -119.456993, 46.67623 ], [ -119.45319, 46.679243 ], [ -119.369165, 46.678179 ], [ -119.369429, 46.737695 ], [ -119.24388, 46.73829 ], [ -119.195581, 46.738214 ], [ -119.17647, 46.73804 ], [ -119.112376, 46.737868 ], [ -119.080797, 46.737761 ], [ -119.05897, 46.731121 ], [ -119.047013, 46.728785 ], [ -119.028703, 46.723098 ], [ -119.022937, 46.72087 ], [ -119.017395, 46.717694 ], [ -119.01283, 46.713853 ], [ -119.009407, 46.709486 ], [ -119.005983, 46.702105 ], [ -119.005864, 46.700892 ], [ -119.006327, 46.642598 ], [ -119.006363, 46.596396 ], [ -119.006847, 46.591752 ], [ -119.005664, 46.589521 ], [ -119.002492, 46.586581 ], [ -119.001736, 46.585196 ], [ -119.002131, 46.583844 ], [ -119.004, 46.581153 ], [ -119.004038, 46.574064 ], [ -119.006481, 46.573772 ], [ -119.00027, 46.566496 ], [ -118.999307, 46.564889 ], [ -118.999403, 46.562045 ], [ -118.999762, 46.559799 ], [ -118.99985, 46.556854 ], [ -119.003132, 46.551856 ], [ -119.007146, 46.546773 ], [ -119.007963, 46.547043 ], [ -119.091112, 46.547141 ], [ -119.111178, 46.547232 ], [ -119.147346, 46.547855 ], [ -119.151659, 46.549276 ], [ -119.153123, 46.549335 ], [ -119.158245, 46.548027 ], [ -119.181638, 46.548322 ], [ -119.182946, 46.54848 ], [ -119.187219, 46.550291 ], [ -119.188884, 46.550022 ], [ -119.192709, 46.548553 ], [ -119.193836, 46.548448 ], [ -119.216306, 46.54863 ], [ -119.231655, 46.549269 ], [ -119.236514, 46.545713 ], [ -119.237398, 46.544744 ], [ -119.24108, 46.542377 ], [ -119.241912, 46.542195 ], [ -119.257861, 46.542164 ], [ -119.277503, 46.538951 ], [ -119.281523, 46.53584 ], [ -119.281441, 46.535305 ], [ -119.277527, 46.530113 ], [ -119.276703, 46.52795 ], [ -119.276993, 46.526343 ], [ -119.286991, 46.530979 ], [ -119.291654, 46.53283 ], [ -119.300431, 46.536684 ], [ -119.303956, 46.53849 ], [ -119.305233, 46.539361 ], [ -119.309, 46.544097 ], [ -119.310804, 46.546857 ], [ -119.315918, 46.553172 ], [ -119.322341, 46.559644 ], [ -119.326732, 46.563247 ], [ -119.32975, 46.565277 ], [ -119.332372, 46.566481 ], [ -119.346851, 46.571499 ], [ -119.354106, 46.574806 ], [ -119.362078, 46.579078 ], [ -119.364956, 46.580936 ], [ -119.367361, 46.582656 ], [ -119.368666, 46.584274 ], [ -119.371621, 46.586451 ], [ -119.373157, 46.588369 ], [ -119.379043, 46.59384 ], [ -119.397952, 46.608343 ], [ -119.404012, 46.614079 ], [ -119.405294, 46.616039 ], [ -119.406816, 46.619676 ], [ -119.408007, 46.626773 ], [ -119.408082, 46.630942 ], [ -119.407311, 46.635435 ], [ -119.407135, 46.640428 ], [ -119.407412, 46.642473 ], [ -119.408777, 46.646881 ], [ -119.413046, 46.652631 ], [ -119.416925, 46.655619 ], [ -119.419843, 46.657002 ], [ -119.424936, 46.658452 ], [ -119.433264, 46.660516 ], [ -119.44293, 46.664252 ], [ -119.447935, 46.666626 ], [ -119.455993, 46.671033 ], [ -119.457459, 46.673096 ], [ -119.456993, 46.67623 ] ] ] } },
{ "type": "Feature", "properties": { "geoid": "53067010801", "county_name": "Thurston County", "place_name": null, "state_name": "Washington", "state_abbr": "WA", "is_rural": false, "dci_score": 26.0, "dci_quintile": 5.0, "is_cra_lmi": true, "income_level": "M", "is_persistent_poverty": false, "is_tribal_overlap": false, "tribal_area_name": null, "aian_pct": 0.0, "has_nmtc": false, "nmtc_projects": 0, "nmtc_total_usd": 0.0 }, "geometry": { "type": "Polygon", "coordinates": [ [ [ -122.93551, 46.960038 ], [ -122.932441, 46.970467 ], [ -122.931221, 46.974688 ], [ -122.930027, 46.977078 ], [ -122.91748, 46.992249 ], [ -122.917354, 46.9924 ], [ -122.915513, 46.994626 ], [ -122.912276, 46.999983 ], [ -122.908784, 46.999956 ], [ -122.907588, 46.997184 ], [ -122.907629, 46.99154 ], [ -122.907678, 46.986922 ], [ -122.907258, 46.985527 ], [ -122.906527, 46.984491 ], [ -122.896006, 46.975582 ], [ -122.889153, 46.969884 ], [ -122.882855, 46.963537 ], [ -122.887485, 46.960783 ], [ -122.889284, 46.96017 ], [ -122.891016, 46.959916 ], [ -122.910435, 46.960039 ], [ -122.913171, 46.960045 ], [ -122.913213, 46.966907 ], [ -122.928993, 46.967266 ], [ -122.929054, 46.952784 ], [ -122.937654, 46.952747 ], [ -122.93551, 46.960038 ] ] ] } },
{ "type": "Feature", "properties": { "geoid": "53067011625", "county_name": "Thurston County", "place_name": null, "state_name": "Washington", "state_abbr": "WA", "is_rural": false, "dci_score": 27.3, "dci_quintile": 5.0, "is_cra_lmi": true, "income_level": "M", "is_persistent_poverty": false, "is_tribal_overlap": false, "tribal_area_name": null, "aian_pct": 0.0, "has_nmtc": false, "nmtc_projects": 0, "nmtc_total_usd": 0.0 }, "geometry": { "type": "Polygon", "coordinates": [ [ [ -122.823157, 47.007084 ], [ -122.809486, 47.00705 ], [ -122.808197, 47.007079 ], [ -122.807277, 47.001052 ], [ -122.80727, 46.999804 ], [ -122.807295, 46.99619 ], [ -122.823169, 46.996238 ], [ -122.823157, 47.007084 ] ] ] } },
{ "type": "Feature", "properties": { "geoid": "53001950303", "county_name": "Adams County", "place_name": null, "state_name": "Washington", "state_abbr": "WA", "is_rural": true, "dci_score": 63.9, "dci_quintile": 4.0, "is_cra_lmi": true, "income_level": "M", "is_persistent_poverty": false, "is_tribal_overlap": false, "tribal_area_name": null, "aian_pct": 0.0, "has_nmtc": false, "nmtc_projects": 0, "nmtc_total_usd": 0.0 }, "geometry": { "type": "Polygon", "coordinates": [ [ [ -119.369377, 46.795591 ], [ -119.369216, 46.80997 ], [ -119.369142, 46.820035 ], [ -119.35047, 46.81202 ], [ -119.34864, 46.81137 ], [ -119.34411, 46.81028 ], [ -119.33916, 46.80988 ], [ -119.32473, 46.80986 ], [ -119.30869, 46.81052 ], [ -119.25204, 46.81019 ], [ -119.25004, 46.81028 ], [ -119.24458, 46.81115 ], [ -119.2312, 46.81411 ], [ -119.22677, 46.8147 ], [ -119.2225, 46.81473 ], [ -119.21837, 46.81417 ], [ -119.2076, 46.81153 ], [ -119.20478, 46.81138 ], [ -119.189151, 46.81144 ], [ -119.190349, 46.809194 ], [ -119.186868, 46.804353 ], [ -119.186547, 46.803189 ], [ -119.187274, 46.802284 ], [ -119.190261, 46.800003 ], [ -119.190476, 46.799509 ], [ -119.19054, 46.79681 ], [ -119.17652, 46.79675 ], [ -119.17644, 46.774471 ], [ -119.17647, 46.73804 ], [ -119.195581, 46.738214 ], [ -119.24388, 46.73829 ], [ -119.369429, 46.737695 ], [ -119.369377, 46.795591 ] ] ] } },
{ "type": "Feature", "properties": { "geoid": "53063003601", "county_name": "Spokane County", "place_name": null, "state_name": "Washington", "state_abbr": "WA", "is_rural": false, "dci_score": 35.4, "dci_quintile": 5.0, "is_cra_lmi": true, "income_level": "M", "is_persistent_poverty": false, "is_tribal_overlap": false, "tribal_area_name": null, "aian_pct": 0.0, "has_nmtc": false, "nmtc_projects": 0, "nmtc_total_usd": 0.0 }, "geometry": { "type": "Polygon", "coordinates": [ [ [ -117.478328, 47.680863 ], [ -117.474841, 47.679652 ], [ -117.474911, 47.681886 ], [ -117.471785, 47.680443 ], [ -117.462693, 47.680465 ], [ -117.457337, 47.680943 ], [ -117.452447, 47.680245 ], [ -117.4491, 47.678471 ], [ -117.447832, 47.676191 ], [ -117.449247, 47.672914 ], [ -117.453429, 47.672531 ], [ -117.45759, 47.674702 ], [ -117.459835, 47.674039 ], [ -117.460435, 47.671576 ], [ -117.463036, 47.66736 ], [ -117.462938, 47.666054 ], [ -117.46084, 47.665147 ], [ -117.457543, 47.664638 ], [ -117.454745, 47.662827 ], [ -117.454848, 47.661421 ], [ -117.456356, 47.660106 ], [ -117.455393, 47.656953 ], [ -117.452527, 47.656904 ], [ -117.449038, 47.659317 ], [ -117.442132, 47.658957 ], [ -117.436975, 47.660846 ], [ -117.43526, 47.660756 ], [ -117.432908, 47.660413 ], [ -117.433037, 47.657049 ], [ -117.434481, 47.656609 ], [ -117.435699, 47.656582 ], [ -117.438309, 47.657152 ], [ -117.444604, 47.657421 ], [ -117.446962, 47.65747 ], [ -117.452721, 47.655756 ], [ -117.454155, 47.654598 ], [ -117.458046, 47.655502 ], [ -117.46106, 47.657185 ], [ -117.461802, 47.657222 ], [ -117.464343, 47.657024 ], [ -117.464823, 47.657029 ], [ -117.466068, 47.660057 ], [ -117.468774, 47.663588 ], [ -117.469103, 47.66585 ], [ -117.469778, 47.667178 ], [ -117.474157, 47.670342 ], [ -117.476442, 47.673088 ], [ -117.480472, 47.680537 ], [ -117.478328, 47.680863 ] ] ] } },
{ "type": "Feature", "properties": { "geoid": "53009002400", "county_name": "Clallam County", "place_name": null, "state_name": "Washington", "state_abbr": "WA", "is_rural": true, "dci_score": 70.2, "dci_quintile": 3.0, "is_cra_lmi": false, "income_level": "U", "is_persistent_poverty": false, "is_tribal_overlap": true, "tribal_area_name": "Makah Indian Reservation|Quileute Reservation|Lower Elwha Reservation", "aian_pct": 0.0, "has_nmtc": true, "nmtc_projects": 2, "nmtc_total_usd": 14700000.0 }, "geometry": { "type": "MultiPolygon", "coordinates": [ [ [ [ -124.652237, 47.910033 ], [ -124.648806, 47.909965 ], [ -124.645704, 47.907375 ], [ -124.645922539726001, 47.904449506024903 ], [ -124.645942, 47.904189 ], [ -124.65164, 47.905282 ], [ -124.652554, 47.908772 ], [ -124.652237, 47.910033 ] ] ], [ [ [ -124.732755385025001, 48.165328947686803 ], [ -124.731746, 48.169997 ], [ -124.724843, 48.172448 ], [ -124.719849220043002, 48.177399098076798 ], [ -124.71911, 48.178132 ], [ -124.714479, 48.181113 ], [ -124.709988, 48.181372 ], [ -124.704153, 48.184422 ], [ -124.696111, 48.198599 ], [ -124.6909, 48.212617 ], [ -124.690389, 48.219745 ], [ -124.692444, 48.22392 ], [ -124.698899, 48.228026 ], [ -124.699091, 48.232027 ], [ -124.705031, 48.238774 ], [ -124.70592, 48.239894 ], [ -124.699842, 48.24391 ], [ -124.699745, 48.247245 ], [ -124.691458, 48.250309 ], [ -124.684677, 48.255228 ], [ -124.680877, 48.26535 ], [ -124.680808433395995, 48.275166589793599 ], [ -124.680133, 48.275161 ], [ -124.679332, 48.275262 ], [ -124.675695, 48.275155 ], [ -124.639393, 48.274918 ], [ -124.572471, 48.275003 ], [ -124.557495, 48.275023 ], [ -124.557443, 48.347447 ], [ -124.552492, 48.347434 ], [ -124.552487, 48.354679 ], [ -124.547872532347, 48.354838057578903 ], [ -124.547542637315999, 48.354583703574697 ], [ -124.546259, 48.353594 ], [ -124.538821, 48.349893 ], [ -124.525453, 48.349022 ], [ -124.510582, 48.343236 ], [ -124.500881, 48.338051 ], [ -124.495064, 48.336914 ], [ -124.49036, 48.332278 ], [ -124.485809, 48.332464 ], [ -124.4756, 48.328024 ], [ -124.457209, 48.319034 ], [ -124.450511, 48.31765 ], [ -124.446291, 48.315852 ], [ -124.444151, 48.312216 ], [ -124.435833, 48.306683 ], [ -124.42787, 48.306069 ], [ -124.414007, 48.300887 ], [ -124.407071, 48.296415 ], [ -124.395593, 48.288772 ], [ -124.386917, 48.285693 ], [ -124.380874, 48.284699 ], [ -124.370691, 48.285286 ], [ -124.361351, 48.287582 ], [ -124.358538, 48.28735 ], [ -124.35075, 48.283965 ], [ -124.345039, 48.280592 ], [ -124.342412, 48.277695 ], [ -124.339043, 48.27597 ], [ -124.331479, 48.274923 ], [ -124.314093, 48.271506 ], [ -124.303405852593002, 48.269170085730998 ], [ -124.299146, 48.268239 ], [ -124.298916, 48.265908 ], [ -124.300797, 48.263914 ], [ -124.300205, 48.261803 ], [ -124.296063207619994, 48.258779366896199 ], [ -124.295886, 48.25865 ], [ -124.288257, 48.257467 ], [ -124.284275, 48.257969 ], [ -124.281821, 48.257687 ], [ -124.278892, 48.254959 ], [ -124.272268, 48.253988 ], [ -124.272030749728998, 48.2540065476691 ], [ -124.264849, 48.254568 ], [ -124.257011, 48.257444 ], [ -124.255109, 48.258972 ], [ -124.252267, 48.261004 ], [ -124.251076959143006, 48.264242457755103 ], [ -124.250882, 48.264773 ], [ -124.243313, 48.262487 ], [ -124.238582, 48.262471 ], [ -124.231912, 48.258386 ], [ -124.22753, 48.257241 ], [ -124.222848, 48.256764 ], [ -124.222437, 48.255317 ], [ -124.217873, 48.253294 ], [ -124.199304, 48.247687 ], [ -124.192692, 48.246316 ], [ -124.175714, 48.239101 ], [ -124.167617, 48.236772 ], [ -124.149581, 48.229905 ], [ -124.14129, 48.227413 ], [ -124.130691, 48.220645 ], [ -124.126347, 48.219667 ], [ -124.11764, 48.220805 ], [ -124.111875, 48.219976 ], [ -124.101773, 48.216883 ], [ -124.102831, 48.214133 ], [ -124.105967, 48.212482 ], [ -124.104534, 48.20905 ], [ -124.106884, 48.205405 ], [ -124.109993, 48.203142 ], [ -124.107747, 48.200097 ], [ -124.092146, 48.196691 ], [ -124.086958, 48.194033 ], [ -124.075228, 48.19073 ], [ -124.074613119939997, 48.190434674507301 ], [ -124.068142162995997, 48.1873266886195 ], [ -124.066092, 48.186342 ], [ -124.06195, 48.187091 ], [ -124.060672, 48.185671 ], [ -124.061369, 48.182909 ], [ -124.050734, 48.177747 ], [ -124.048956192491005, 48.177420255422 ], [ -124.038223254293996, 48.175447640646397 ], [ -124.032115, 48.174325 ], [ -124.024804, 48.174782 ], [ -124.023644, 48.172628 ], [ -124.016320227207004, 48.171313672923702 ], [ -124.013118, 48.170739 ], [ -124.005608, 48.172383 ], [ -123.998535, 48.17209 ], [ -123.997356, 48.16869 ], [ -123.988075, 48.167115 ], [ -123.981032, 48.164761 ], [ -123.973566, 48.164346 ], [ -123.955347, 48.165455 ], [ -123.949467, 48.165021 ], [ -123.947098062568998, 48.166035141331903 ], [ -123.946192, 48.16476 ], [ -123.944187, 48.163769 ], [ -123.942205, 48.158126 ], [ -123.940615, 48.156735 ], [ -123.939152, 48.153229 ], [ -123.935673, 48.147643 ], [ -123.934914, 48.145058 ], [ -123.935283, 48.142977 ], [ -123.936459, 48.141267 ], [ -123.935711, 48.137863 ], [ -123.936403, 48.137363 ], [ -123.938525, 48.132109 ], [ -123.938223, 48.130521 ], [ -123.936522, 48.126628 ], [ -123.936602, 48.124711 ], [ -123.938146, 48.123475 ], [ -123.936927, 48.123008 ], [ -123.936282, 48.121574 ], [ -123.938451, 48.118911 ], [ -123.940978, 48.117172 ], [ -123.941769, 48.113688 ], [ -123.940705, 48.112351 ], [ -123.942735, 48.111246 ], [ -123.943202, 48.108966 ], [ -123.944421, 48.106608 ], [ -123.945639, 48.105601 ], [ -123.942782, 48.103778 ], [ -123.939699, 48.103458 ], [ -123.937339, 48.101679 ], [ -123.93601, 48.099916 ], [ -123.930319, 48.098584 ], [ -123.929053, 48.098542 ], [ -123.921817, 48.097175 ], [ -123.926569, 48.097431 ], [ -123.944386, 48.08714 ], [ -123.960878, 48.077611 ], [ -123.95726, 48.077005 ], [ -123.954711, 48.075599 ], [ -123.962503, 48.071794 ], [ -123.966601, 48.071618 ], [ -123.975005, 48.069946 ], [ -123.978572, 48.070071 ], [ -123.986696, 48.069092 ], [ -123.995778, 48.066898 ], [ -123.997035, 48.065978 ], [ -123.997262, 48.064799 ], [ -123.995324, 48.062115 ], [ -123.992029, 48.060426 ], [ -123.988881, 48.057539 ], [ -123.989724, 48.055098 ], [ -123.98898, 48.053347 ], [ -123.983778, 48.050552 ], [ -123.978673, 48.049763 ], [ -123.974887, 48.047976 ], [ -123.972091, 48.048368 ], [ -123.9704, 48.046298 ], [ -123.967179, 48.046962 ], [ -123.965318, 48.046721 ], [ -123.963078, 48.042559 ], [ -123.955444, 48.03858 ], [ -123.953592, 48.034617 ], [ -123.948295, 48.032866 ], [ -123.942798, 48.03028 ], [ -123.94221, 48.027855 ], [ -123.938244, 48.022683 ], [ -123.937458, 48.019922 ], [ -123.936542, 48.019237 ], [ -123.937037, 48.016462 ], [ -123.935684, 48.014844 ], [ -123.935059, 48.012546 ], [ -123.936628, 48.011517 ], [ -123.937381, 48.008654 ], [ -123.938644, 48.008162 ], [ -123.938602, 48.006332 ], [ -123.942087, 48.001629 ], [ -123.941147, 48.000251 ], [ -123.942602, 47.999011 ], [ -123.941961, 47.997158 ], [ -123.949398, 47.989629 ], [ -123.952551, 47.984695 ], [ -123.955194, 47.98416 ], [ -123.958549, 47.982243 ], [ -123.959724, 47.980749 ], [ -123.960016, 47.978272 ], [ -123.961903, 47.976636 ], [ -123.962783, 47.974722 ], [ -123.964292, 47.97376 ], [ -123.9658, 47.970099 ], [ -123.96949, 47.968156 ], [ -123.972215, 47.965532 ], [ -123.974605, 47.964293 ], [ -123.978416, 47.957755 ], [ -123.97833, 47.954207 ], [ -123.975226, 47.952546 ], [ -123.971984, 47.951937 ], [ -123.971294, 47.952756 ], [ -123.973611, 47.95537 ], [ -123.971025, 47.954137 ], [ -123.969119, 47.95231 ], [ -123.967723, 47.949842 ], [ -123.968811, 47.949339 ], [ -123.971227, 47.949978 ], [ -123.972553, 47.949269 ], [ -123.977043, 47.949154 ], [ -123.982521, 47.95194 ], [ -123.984256, 47.951939 ], [ -123.987218, 47.95468 ], [ -123.987356, 47.956325 ], [ -123.988685, 47.958633 ], [ -123.992123, 47.959568 ], [ -123.993862, 47.96336 ], [ -123.993591, 47.964549 ], [ -123.995804, 47.966307 ], [ -123.997612, 47.969734 ], [ -124.001141, 47.970528 ], [ -124.003811, 47.970452 ], [ -124.006708, 47.971586 ], [ -124.009227, 47.973349 ], [ -124.012704, 47.97738 ], [ -124.013001, 47.980159 ], [ -124.015462, 47.982878 ], [ -124.022759, 47.982458 ], [ -124.022905, 47.983729 ], [ -124.020362, 47.984051 ], [ -124.019178, 47.985036 ], [ -124.0197, 47.987179 ], [ -124.021817, 47.988198 ], [ -124.025145, 47.988774 ], [ -124.02217, 47.990332 ], [ -124.025951, 47.98987 ], [ -124.028889, 47.98773 ], [ -124.028554, 47.986293 ], [ -124.030149, 47.984097 ], [ -124.029437, 47.982718 ], [ -124.030026, 47.979901 ], [ -124.029398, 47.976888 ], [ -124.029274, 47.973362 ], [ -124.025922, 47.967053 ], [ -124.028439, 47.964997 ], [ -124.028901, 47.963842 ], [ -124.031711, 47.964239 ], [ -124.035737, 47.964068 ], [ -124.04077, 47.962718 ], [ -124.043789, 47.961309 ], [ -124.048109, 47.959988 ], [ -124.049493, 47.958351 ], [ -124.0518, 47.958438 ], [ -124.054436, 47.95728 ], [ -124.060032, 47.9565 ], [ -124.064091, 47.955252 ], [ -124.065649, 47.956407 ], [ -124.067307, 47.956167 ], [ -124.068797, 47.954768 ], [ -124.070003, 47.95535 ], [ -124.076562, 47.951735 ], [ -124.07896, 47.952036 ], [ -124.08314, 47.950382 ], [ -124.088126, 47.951392 ], [ -124.092366, 47.951734 ], [ -124.09543, 47.950396 ], [ -124.10068, 47.951088 ], [ -124.100789, 47.950272 ], [ -124.104736, 47.950923 ], [ -124.105409, 47.950048 ], [ -124.109715, 47.950065 ], [ -124.112425, 47.948064 ], [ -124.113412, 47.948396 ], [ -124.118131, 47.94719 ], [ -124.12161, 47.947282 ], [ -124.126936, 47.944647 ], [ -124.13195, 47.945713 ], [ -124.134641, 47.943896 ], [ -124.136785, 47.944784 ], [ -124.138795, 47.943887 ], [ -124.140066, 47.946605 ], [ -124.14165, 47.946751 ], [ -124.14464, 47.944202 ], [ -124.147454, 47.943463 ], [ -124.154641, 47.942554 ], [ -124.160175, 47.942327 ], [ -124.162587, 47.941178 ], [ -124.168613, 47.942089 ], [ -124.17148, 47.944804 ], [ -124.176978, 47.945404 ], [ -124.177285, 47.947156 ], [ -124.183418, 47.94752 ], [ -124.185022, 47.949101 ], [ -124.189935, 47.949149 ], [ -124.194783, 47.949814 ], [ -124.20188, 47.951571 ], [ -124.204034, 47.952907 ], [ -124.206365, 47.953471 ], [ -124.211793, 47.952267 ], [ -124.219802, 47.954486 ], [ -124.221352, 47.956035 ], [ -124.223689, 47.956406 ], [ -124.227904, 47.958147 ], [ -124.230082, 47.95622 ], [ -124.231742, 47.956751 ], [ -124.234274, 47.955703 ], [ -124.234638, 47.954651 ], [ -124.239778, 47.955293 ], [ -124.241248, 47.954719 ], [ -124.244449, 47.952048 ], [ -124.245292, 47.951962 ], [ -124.249286, 47.953683 ], [ -124.249667, 47.956103 ], [ -124.254038, 47.958705 ], [ -124.258193, 47.96041 ], [ -124.259616, 47.964002 ], [ -124.260479, 47.964191 ], [ -124.263205, 47.963711 ], [ -124.267554, 47.962178 ], [ -124.271835, 47.961951 ], [ -124.276701, 47.962576 ], [ -124.280634, 47.963486 ], [ -124.286358, 47.962756 ], [ -124.287877, 47.96354 ], [ -124.294029, 47.963195 ], [ -124.293944, 47.96397 ], [ -124.297291, 47.964039 ], [ -124.300266, 47.964695 ], [ -124.30238, 47.965965 ], [ -124.307585, 47.965804 ], [ -124.32989, 47.966497 ], [ -124.334623, 47.966146 ], [ -124.335653, 47.967324 ], [ -124.332713, 47.970016 ], [ -124.333074, 47.971209 ], [ -124.336852, 47.971193 ], [ -124.341293, 47.971857 ], [ -124.343216, 47.971508 ], [ -124.348937, 47.971655 ], [ -124.355291, 47.970388 ], [ -124.357225, 47.970454 ], [ -124.362309, 47.969699 ], [ -124.365867, 47.970691 ], [ -124.368117, 47.970565 ], [ -124.369756, 47.972687 ], [ -124.37292, 47.974869 ], [ -124.374478, 47.975153 ], [ -124.380606, 47.974837 ], [ -124.390729, 47.972134 ], [ -124.395995, 47.970357 ], [ -124.396827, 47.970141 ], [ -124.403635, 47.970194 ], [ -124.403698, 47.968478 ], [ -124.403478, 47.96747 ], [ -124.405465, 47.967349 ], [ -124.406922, 47.967123 ], [ -124.417722, 47.964254 ], [ -124.425945, 47.962611 ], [ -124.42835, 47.9627 ], [ -124.434787, 47.964165 ], [ -124.439461, 47.96392 ], [ -124.441186, 47.963467 ], [ -124.445021, 47.961027 ], [ -124.448406, 47.956925 ], [ -124.450667, 47.955038 ], [ -124.453352, 47.953989 ], [ -124.458677, 47.953346 ], [ -124.460659, 47.952417 ], [ -124.461944, 47.950351 ], [ -124.462707, 47.942909 ], [ -124.463372, 47.94053 ], [ -124.4707, 47.936293 ], [ -124.476333, 47.933699 ], [ -124.481707, 47.930875 ], [ -124.481307, 47.926339 ], [ -124.477871, 47.925244 ], [ -124.476144, 47.922948 ], [ -124.472927, 47.92567 ], [ -124.471026, 47.926338 ], [ -124.46751, 47.925857 ], [ -124.45742, 47.922085 ], [ -124.456763, 47.922462 ], [ -124.457648, 47.927962 ], [ -124.455721, 47.930398 ], [ -124.453764, 47.931035 ], [ -124.449354, 47.931288 ], [ -124.444612, 47.934461 ], [ -124.441886, 47.933723 ], [ -124.43956, 47.930453 ], [ -124.43494, 47.928077 ], [ -124.432687, 47.927967 ], [ -124.428717, 47.92887 ], [ -124.426319, 47.928657 ], [ -124.418034, 47.925732 ], [ -124.412193, 47.924774 ], [ -124.409928, 47.925778 ], [ -124.409113, 47.927438 ], [ -124.409708, 47.928568 ], [ -124.40924, 47.930798 ], [ -124.407446, 47.932542 ], [ -124.406698, 47.932966 ], [ -124.396448, 47.936272 ], [ -124.395902, 47.935273 ], [ -124.391979, 47.935273 ], [ -124.389515, 47.935501 ], [ -124.386455, 47.93486 ], [ -124.381423, 47.935292 ], [ -124.377956, 47.93385 ], [ -124.375526, 47.929804 ], [ -124.373766, 47.929259 ], [ -124.368719, 47.929364 ], [ -124.363428, 47.929746 ], [ -124.366786, 47.931636 ], [ -124.368567, 47.934039 ], [ -124.366894, 47.934639 ], [ -124.366137, 47.932787 ], [ -124.363201, 47.932248 ], [ -124.358155, 47.932852 ], [ -124.356625, 47.932487 ], [ -124.350029, 47.932992 ], [ -124.347104, 47.932148 ], [ -124.343773, 47.932926 ], [ -124.339693, 47.933155 ], [ -124.337142, 47.932676 ], [ -124.335578, 47.931442 ], [ -124.331023, 47.934322 ], [ -124.329153, 47.935899 ], [ -124.327317, 47.935123 ], [ -124.323542, 47.935626 ], [ -124.321672, 47.934141 ], [ -124.316911, 47.93373 ], [ -124.310163, 47.930839 ], [ -124.303832, 47.932515 ], [ -124.300833, 47.931844 ], [ -124.296168, 47.929834 ], [ -124.291337, 47.928717 ], [ -124.289171, 47.9276 ], [ -124.288005, 47.926148 ], [ -124.286339, 47.92101 ], [ -124.285006, 47.91833 ], [ -124.279175, 47.914867 ], [ -124.273178, 47.91174 ], [ -124.267863, 47.909314 ], [ -124.265, 47.908496 ], [ -124.263691, 47.909014 ], [ -124.259551, 47.90753 ], [ -124.258499, 47.906237 ], [ -124.258384, 47.901443 ], [ -124.258982, 47.900392 ], [ -124.261879, 47.897877 ], [ -124.265851, 47.897537 ], [ -124.272552, 47.896059 ], [ -124.274839, 47.894108 ], [ -124.269739, 47.891816 ], [ -124.268464, 47.890017 ], [ -124.269291, 47.886693 ], [ -124.270279, 47.88607 ], [ -124.271076, 47.882813 ], [ -124.272732, 47.881557 ], [ -124.416505, 47.881948 ], [ -124.438456, 47.88313 ], [ -124.544699, 47.881638 ], [ -124.565581, 47.881473 ], [ -124.579218, 47.880696 ], [ -124.610763100886999, 47.880607016574601 ], [ -124.625512, 47.887963 ], [ -124.630153, 47.892467 ], [ -124.629823086152996, 47.895789018400201 ], [ -124.629706, 47.896968 ], [ -124.633107, 47.90387 ], [ -124.641426, 47.907853 ], [ -124.641496, 47.911551 ], [ -124.638808, 47.919165 ], [ -124.639344938478004, 47.920474 ], [ -124.645442, 47.935338 ], [ -124.651966, 47.943177 ], [ -124.656469, 47.945774 ], [ -124.661628, 47.946554 ], [ -124.662334, 47.951451 ], [ -124.661866, 47.954355 ], [ -124.667523, 47.958115 ], [ -124.663331, 47.959777 ], [ -124.663767, 47.963427 ], [ -124.667808, 47.964859 ], [ -124.672427, 47.964414 ], [ -124.676178, 47.967032 ], [ -124.67174, 47.967507 ], [ -124.671373, 47.969156 ], [ -124.674595, 47.973147 ], [ -124.671356, 47.976456 ], [ -124.67083, 47.982366 ], [ -124.673512, 47.989362 ], [ -124.677982, 47.992325 ], [ -124.677466, 47.996062 ], [ -124.679692, 48.000655 ], [ -124.67744, 48.009255 ], [ -124.679024, 48.015697 ], [ -124.680966555992001, 48.018701525608002 ], [ -124.682344, 48.020832 ], [ -124.680539, 48.024367 ], [ -124.682546, 48.02791 ], [ -124.682157, 48.035987 ], [ -124.685393, 48.049238 ], [ -124.688359, 48.054927 ], [ -124.691124, 48.056089 ], [ -124.693676, 48.058697 ], [ -124.694526, 48.061836 ], [ -124.692246, 48.064143 ], [ -124.693886, 48.066946 ], [ -124.696542, 48.069274 ], [ -124.695114, 48.087096 ], [ -124.688602, 48.092466 ], [ -124.687987583172003, 48.095000213578501 ], [ -124.687101, 48.098657 ], [ -124.691273, 48.100254 ], [ -124.692752, 48.104704 ], [ -124.691806, 48.108212 ], [ -124.695088, 48.114878 ], [ -124.698499, 48.119785 ], [ -124.704909, 48.123265 ], [ -124.711382, 48.125575 ], [ -124.708799, 48.127139 ], [ -124.707317, 48.131561 ], [ -124.71677, 48.142638 ], [ -124.721725, 48.153185 ], [ -124.731703, 48.160402 ], [ -124.733174, 48.163393 ], [ -124.732755385025001, 48.165328947686803 ] ] ], [ [ [ -124.754801, 48.158851 ], [ -124.754236, 48.159502 ], [ -124.754801, 48.160461 ], [ -124.753825, 48.16118 ], [ -124.752747, 48.160837 ], [ -124.751412, 48.160563 ], [ -124.751001, 48.15981 ], [ -124.750179, 48.159296 ], [ -124.748996, 48.157811 ], [ -124.746602, 48.156498 ], [ -124.745468, 48.155539 ], [ -124.746312, 48.154969 ], [ -124.746585, 48.154569 ], [ -124.748621, 48.154882 ], [ -124.749974, 48.155802 ], [ -124.751349, 48.157362 ], [ -124.753209, 48.158234 ], [ -124.754596, 48.158337 ], [ -124.754801, 48.158851 ] ] ], [ [ [ -124.762658, 48.177242 ], [ -124.760809, 48.177071 ], [ -124.758652, 48.176249 ], [ -124.757266, 48.175872 ], [ -124.755674, 48.175564 ], [ -124.754997, 48.175027 ], [ -124.755212, 48.174194 ], [ -124.75567, 48.173761 ], [ -124.757677, 48.174092 ], [ -124.758344, 48.174948 ], [ -124.759885, 48.175461 ], [ -124.76235, 48.175598 ], [ -124.763068, 48.176283 ], [ -124.762658, 48.177242 ] ] ] ] } },
{ "type": "Feature", "properties": { "geoid": "53009002302", "county_name": "Clallam County", "place_name": null, "state_name": "Washington", "state_abbr": "WA", "is_rural": true, "dci_score": 52.2, "dci_quintile": 5.0, "is_cra_lmi": false, "income_level": "U", "is_persistent_poverty": false, "is_tribal_overlap": true, "tribal_area_name": "Jamestown S'Klallam Off-Reservation Trust Land|Jamestown S'Klallam Reservation", "aian_pct": 0.0, "has_nmtc": false, "nmtc_projects": 0, "nmtc_total_usd": 0.0 }, "geometry": { "type": "Polygon", "coordinates": [ [ [ -123.153997, 48.068129 ], [ -123.151281, 48.070154 ], [ -123.15128, 48.070684 ], [ -123.151164, 48.070684 ], [ -123.151727, 48.073131 ], [ -123.149181, 48.073568 ], [ -123.150724, 48.076261 ], [ -123.142458, 48.075165 ], [ -123.140366, 48.07484 ], [ -123.134893, 48.073942 ], [ -123.134915, 48.072539 ], [ -123.134949, 48.066763 ], [ -123.134952, 48.062613 ], [ -123.13497, 48.057857 ], [ -123.13499, 48.053428 ], [ -123.131387, 48.054186 ], [ -123.126643, 48.0542 ], [ -123.124102, 48.054302 ], [ -123.123846, 48.057373 ], [ -123.119374, 48.057807 ], [ -123.11856, 48.0578 ], [ -123.107802, 48.057803 ], [ -123.102409, 48.057655 ], [ -123.102387, 48.057608 ], [ -123.102413, 48.050545 ], [ -123.092397, 48.050499 ], [ -123.092998, 48.053735 ], [ -123.091756, 48.057756 ], [ -123.090109, 48.059035 ], [ -123.083895, 48.058642 ], [ -123.083091, 48.059389 ], [ -123.081066, 48.058569 ], [ -123.082791, 48.061831 ], [ -123.0769, 48.059114 ], [ -123.074901, 48.0586 ], [ -123.070636, 48.058424 ], [ -123.068494, 48.05947 ], [ -123.065141, 48.059312 ], [ -123.064671, 48.057751 ], [ -123.061509, 48.057673 ], [ -123.058569, 48.060577 ], [ -123.057784, 48.061362 ], [ -123.057121, 48.062634 ], [ -123.051175, 48.058635 ], [ -123.05011, 48.056067 ], [ -123.048318, 48.054709 ], [ -123.043819, 48.052667 ], [ -123.040183, 48.050284 ], [ -123.035687, 48.047214 ], [ -123.031254271359998, 48.045571610575003 ], [ -123.028937879593002, 48.042967787804201 ], [ -123.02694, 48.040722 ], [ -123.02019, 48.036264 ], [ -123.020631, 48.032712 ], [ -123.013508, 48.026563 ], [ -123.009684911931004, 48.025472333839403 ], [ -123.008527, 48.025142 ], [ -123.00707, 48.023187 ], [ -122.999818, 48.022704 ], [ -122.999265901483994, 48.022957852314804 ], [ -123.000499, 48.022144 ], [ -123.000203, 48.016187 ], [ -123.001009, 48.013544 ], [ -123.00223, 48.012922 ], [ -123.002962, 48.004764 ], [ -122.98944, 47.999807 ], [ -122.98299, 47.99704 ], [ -122.961282, 47.994175 ], [ -122.949166, 47.992635 ], [ -122.949871, 47.983689 ], [ -122.949521, 47.969296 ], [ -122.951495, 47.95429 ], [ -122.950866, 47.954296 ], [ -122.951253, 47.925138 ], [ -122.950679, 47.910419 ], [ -122.948857, 47.895294 ], [ -122.948179, 47.881391 ], [ -122.948586, 47.875381 ], [ -122.949167, 47.866822 ], [ -122.961245, 47.866676 ], [ -122.970076, 47.866897 ], [ -123.037561, 47.866898 ], [ -123.151634, 47.866878 ], [ -123.150988, 47.868314 ], [ -123.148101, 47.869975 ], [ -123.147007, 47.871669 ], [ -123.1424, 47.873384 ], [ -123.141567, 47.875019 ], [ -123.139014, 47.876285 ], [ -123.138507, 47.877272 ], [ -123.13399, 47.87834 ], [ -123.129919, 47.880674 ], [ -123.130007, 47.881574 ], [ -123.12778, 47.882955 ], [ -123.127655, 47.885549 ], [ -123.124785, 47.887408 ], [ -123.121443, 47.888452 ], [ -123.120808, 47.889434 ], [ -123.118802, 47.88955 ], [ -123.117507, 47.890961 ], [ -123.115664, 47.890989 ], [ -123.113108, 47.895191 ], [ -123.111934, 47.896091 ], [ -123.11223, 47.898373 ], [ -123.110975, 47.899953 ], [ -123.111606, 47.902487 ], [ -123.108549, 47.904232 ], [ -123.106789, 47.90697 ], [ -123.107296, 47.908653 ], [ -123.102861, 47.911672 ], [ -123.102813, 47.912632 ], [ -123.099968, 47.915452 ], [ -123.098124, 47.91548 ], [ -123.096028, 47.917734 ], [ -123.097164, 47.919253 ], [ -123.095867, 47.919956 ], [ -123.096162, 47.922183 ], [ -123.095576, 47.924525 ], [ -123.093056, 47.927032 ], [ -123.093604, 47.928748 ], [ -123.092684, 47.932243 ], [ -123.091346, 47.933312 ], [ -123.090972, 47.935929 ], [ -123.089128, 47.937734 ], [ -123.091896, 47.938951 ], [ -123.092648, 47.941424 ], [ -123.094412, 47.941511 ], [ -123.098103, 47.944412 ], [ -123.098774, 47.946945 ], [ -123.102131, 47.948436 ], [ -123.103342, 47.951793 ], [ -123.106576, 47.952888 ], [ -123.105394, 47.955149 ], [ -123.106767, 47.956431 ], [ -123.10538, 47.958077 ], [ -123.106728, 47.958878 ], [ -123.103773, 47.960239 ], [ -123.103276, 47.962219 ], [ -123.10531, 47.962569 ], [ -123.105499, 47.963908 ], [ -123.107002, 47.963852 ], [ -123.107047, 47.969189 ], [ -123.105586, 47.970297 ], [ -123.105898, 47.971734 ], [ -123.108228, 47.974125 ], [ -123.111856, 47.975758 ], [ -123.109465, 47.978737 ], [ -123.109214, 47.980256 ], [ -123.106984, 47.98137 ], [ -123.10699, 47.988067 ], [ -123.105758, 47.990218 ], [ -123.105556, 47.992203 ], [ -123.107321, 47.992746 ], [ -123.108146, 47.991868 ], [ -123.111739, 47.990451 ], [ -123.113562, 47.991098 ], [ -123.114479, 47.993269 ], [ -123.117299, 47.993597 ], [ -123.118779, 47.99454 ], [ -123.118551, 47.99562 ], [ -123.12453, 48.000151 ], [ -123.125824, 48.002586 ], [ -123.129881, 48.004036 ], [ -123.128122, 48.005647 ], [ -123.127678, 48.00772 ], [ -123.130449, 48.007294 ], [ -123.135972, 48.00988 ], [ -123.134882, 48.012556 ], [ -123.130604, 48.015444 ], [ -123.134493, 48.017322 ], [ -123.13443, 48.0225 ], [ -123.136611, 48.024475 ], [ -123.137876, 48.027322 ], [ -123.138667, 48.029039 ], [ -123.142256, 48.029661 ], [ -123.143629, 48.030791 ], [ -123.14348, 48.032469 ], [ -123.146889, 48.033222 ], [ -123.148801, 48.035027 ], [ -123.148294, 48.036025 ], [ -123.146592, 48.036496 ], [ -123.146793, 48.041581 ], [ -123.148591, 48.042788 ], [ -123.147788, 48.044823 ], [ -123.145398, 48.046758 ], [ -123.144873, 48.047942 ], [ -123.145871, 48.049483 ], [ -123.146285, 48.052846 ], [ -123.148156, 48.055293 ], [ -123.148694, 48.05752 ], [ -123.153977, 48.06152 ], [ -123.154205, 48.062831 ], [ -123.151708, 48.064772 ], [ -123.154227, 48.066456 ], [ -123.153997, 48.068129 ] ] ] } },
{ "type": "Feature", "properties": { "geoid": "53033030204", "county_name": "King County", "place_name": null, "state_name": "Washington", "state_abbr": "WA", "is_rural": false, "dci_score": 76.3, "dci_quintile": 3.0, "is_cra_lmi": true, "income_level": "M", "is_persistent_poverty": false, "is_tribal_overlap": false, "tribal_area_name": null, "aian_pct": 0.0, "has_nmtc": false, "nmtc_projects": 0, "nmtc_total_usd": 0.0 }, "geometry": { "type": "Polygon", "coordinates": [ [ [ -122.334605, 47.330809 ], [ -122.333195, 47.331703 ], [ -122.331912, 47.331815 ], [ -122.329274, 47.331736 ], [ -122.32567, 47.331398 ], [ -122.323956, 47.330082 ], [ -122.321007, 47.333985 ], [ -122.317838, 47.335386 ], [ -122.314692, 47.336576 ], [ -122.313341, 47.336118 ], [ -122.312131, 47.335832 ], [ -122.312036, 47.330735 ], [ -122.312207, 47.329638 ], [ -122.31319, 47.326012 ], [ -122.313292, 47.325427 ], [ -122.313288, 47.32238 ], [ -122.32047, 47.322416 ], [ -122.324019, 47.322409 ], [ -122.326688, 47.322396 ], [ -122.330029, 47.325919 ], [ -122.329319, 47.326012 ], [ -122.334654, 47.325997 ], [ -122.334605, 47.330809 ] ] ] } },
{ "type": "Feature", "properties": { "geoid": "53033000101", "county_name": "King County", "place_name": null, "state_name": "Washington", "state_abbr": "WA", "is_rural": false, "dci_score": 53.5, "dci_quintile": 5.0, "is_cra_lmi": true, "income_level": "L", "is_persistent_poverty": false, "is_tribal_overlap": false, "tribal_area_name": null, "aian_pct": 0.0, "has_nmtc": false, "nmtc_projects": 0, "nmtc_total_usd": 0.0 }, "geometry": { "type": "Polygon", "coordinates": [ [ [ -122.29652, 47.733784 ], [ -122.292435, 47.733751 ], [ -122.289753, 47.733732 ], [ -122.289608, 47.728277 ], [ -122.28956, 47.726448 ], [ -122.296406, 47.726509 ], [ -122.296527, 47.730149 ], [ -122.29652, 47.733784 ] ] ] } },
{ "type": "Feature", "properties": { "geoid": "53033005306", "county_name": "King County", "place_name": null, "state_name": "Washington", "state_abbr": "WA", "is_rural": false, "dci_score": 58.7, "dci_quintile": 4.0, "is_cra_lmi": false, "income_level": "U", "is_persistent_poverty": false, "is_tribal_overlap": false, "tribal_area_name": null, "aian_pct": 0.0, "has_nmtc": false, "nmtc_projects": 0, "nmtc_total_usd": 0.0 }, "geometry": { "type": "Polygon", "coordinates": [ [ [ -122.317405, 47.664936 ], [ -122.31524, 47.664916 ], [ -122.311939, 47.664891 ], [ -122.310803, 47.664882 ], [ -122.310859, 47.661259 ], [ -122.311983, 47.661262 ], [ -122.315444, 47.661283 ], [ -122.31764, 47.661297 ], [ -122.317405, 47.664936 ] ] ] } },
{ "type": "Feature", "properties": { "geoid": "53033029701", "county_name": "King County", "place_name": null, "state_name": "Washington", "state_abbr": "WA", "is_rural": false, "dci_score": 57.3, "dci_quintile": 4.0, "is_cra_lmi": true, "income_level": "L", "is_persistent_poverty": false, "is_tribal_overlap": false, "tribal_area_name": null, "aian_pct": 0.0, "has_nmtc": false, "nmtc_projects": 0, "nmtc_total_usd": 0.0 }, "geometry": { "type": "Polygon", "coordinates": [ [ [ -122.245309, 47.374252 ], [ -122.247297, 47.375945 ], [ -122.247389, 47.377372 ], [ -122.247458, 47.381361 ], [ -122.244439, 47.381414 ], [ -122.237403, 47.381538 ], [ -122.232963, 47.38161 ], [ -122.232927, 47.379769 ], [ -122.231054, 47.379799 ], [ -122.22709, 47.381263 ], [ -122.226021, 47.382282 ], [ -122.221694, 47.382651 ], [ -122.219716, 47.381607 ], [ -122.215547, 47.378463 ], [ -122.214572, 47.377402 ], [ -122.212497, 47.375764 ], [ -122.210633, 47.374338 ], [ -122.207175, 47.369106 ], [ -122.204721, 47.365583 ], [ -122.202239, 47.365275 ], [ -122.20219, 47.362585 ], [ -122.20815, 47.362587 ], [ -122.20955, 47.363494 ], [ -122.209524, 47.368249 ], [ -122.212979, 47.371582 ], [ -122.220732, 47.371595 ], [ -122.221477, 47.372504 ], [ -122.223404, 47.372465 ], [ -122.221897, 47.369791 ], [ -122.221892, 47.369344 ], [ -122.225116, 47.370152 ], [ -122.229974, 47.370104 ], [ -122.235855, 47.370051 ], [ -122.240009, 47.369964 ], [ -122.239895, 47.369037 ], [ -122.241696, 47.368673 ], [ -122.247836, 47.371088 ], [ -122.245309, 47.374252 ] ] ] } },
{ "type": "Feature", "properties": { "geoid": "53033025401", "county_name": "King County", "place_name": "Spokane", "state_name": "Washington", "state_abbr": "WA", "is_rural": false, "dci_score": 43.8, "dci_quintile": 5.0, "is_cra_lmi": true, "income_level": "L", "is_persistent_poverty": false, "is_tribal_overlap": false, "tribal_area_name": null, "aian_pct": 0.0, "has_nmtc": false, "nmtc_projects": 0, "nmtc_total_usd": 0.0 }, "geometry": { "type": "Polygon", "coordinates": [ [ [ -122.190965, 47.498076 ], [ -122.191002, 47.503083 ], [ -122.1856, 47.503107 ], [ -122.178603, 47.503093 ], [ -122.177467, 47.503092 ], [ -122.175313, 47.503092 ], [ -122.175256, 47.501271 ], [ -122.17502, 47.492179 ], [ -122.174882, 47.488564 ], [ -122.177944, 47.488535 ], [ -122.178639, 47.488341 ], [ -122.178341, 47.490037 ], [ -122.181628, 47.491705 ], [ -122.181635, 47.496788 ], [ -122.190294, 47.497222 ], [ -122.191188, 47.497597 ], [ -122.190965, 47.498076 ] ] ] } },
{ "type": "Feature", "properties": { "geoid": "53033029505", "county_name": "King County", "place_name": null, "state_name": "Washington", "state_abbr": "WA", "is_rural": false, "dci_score": 37.8, "dci_quintile": 5.0, "is_cra_lmi": true, "income_level": "L", "is_persistent_poverty": false, "is_tribal_overlap": false, "tribal_area_name": null, "aian_pct": 0.0, "has_nmtc": false, "nmtc_projects": 0, "nmtc_total_usd": 0.0 }, "geometry": { "type": "Polygon", "coordinates": [ [ [ -122.215394, 47.379601 ], [ -122.215358, 47.386809 ], [ -122.207419, 47.38695 ], [ -122.202229, 47.386957 ], [ -122.202303, 47.383345 ], [ -122.202352, 47.379743 ], [ -122.202426, 47.372563 ], [ -122.20801, 47.3728 ], [ -122.210633, 47.374338 ], [ -122.212497, 47.375764 ], [ -122.214572, 47.377402 ], [ -122.215547, 47.378463 ], [ -122.215394, 47.379601 ] ] ] } },
{ "type": "Feature", "properties": { "geoid": "53033026003", "county_name": "King County", "place_name": null, "state_name": "Washington", "state_abbr": "WA", "is_rural": false, "dci_score": 48.9, "dci_quintile": 5.0, "is_cra_lmi": true, "income_level": "L", "is_persistent_poverty": false, "is_tribal_overlap": false, "tribal_area_name": null, "aian_pct": 0.0, "has_nmtc": false, "nmtc_projects": 0, "nmtc_total_usd": 0.0 }, "geometry": { "type": "Polygon", "coordinates": [ [ [ -122.251346, 47.480318 ], [ -122.249113, 47.482455 ], [ -122.248969, 47.483012 ], [ -122.24559, 47.482058 ], [ -122.242793, 47.481274 ], [ -122.235263, 47.480839 ], [ -122.23381, 47.480315 ], [ -122.233355, 47.480707 ], [ -122.232731, 47.482506 ], [ -122.231168, 47.482707 ], [ -122.230718, 47.482654 ], [ -122.227568, 47.482166 ], [ -122.227652, 47.481694 ], [ -122.218989, 47.479636 ], [ -122.220958, 47.47881 ], [ -122.222587, 47.47638 ], [ -122.222765, 47.47496 ], [ -122.223954, 47.475033 ], [ -122.227823, 47.475812 ], [ -122.231093, 47.47654 ], [ -122.23523, 47.478919 ], [ -122.237599, 47.479189 ], [ -122.241722, 47.478473 ], [ -122.248625, 47.475198 ], [ -122.249997, 47.476548 ], [ -122.251673, 47.479438 ], [ -122.251346, 47.480318 ] ] ] } },
{ "type": "Feature", "properties": { "geoid": "53033030008", "county_name": "King County", "place_name": null, "state_name": "Washington", "state_abbr": "WA", "is_rural": false, "dci_score": 76.7, "dci_quintile": 3.0, "is_cra_lmi": true, "income_level": "L", "is_persistent_poverty": false, "is_tribal_overlap": false, "tribal_area_name": null, "aian_pct": 0.0, "has_nmtc": false, "nmtc_projects": 0, "nmtc_total_usd": 0.0 }, "geometry": { "type": "Polygon", "coordinates": [ [ [ -122.312542, 47.347578 ], [ -122.309539, 47.348161 ], [ -122.307857, 47.348173 ], [ -122.30708, 47.350047 ], [ -122.304733, 47.350655 ], [ -122.302296, 47.352288 ], [ -122.301957, 47.354552 ], [ -122.304349, 47.356825 ], [ -122.304713, 47.357942 ], [ -122.296731, 47.357844 ], [ -122.296756, 47.354821 ], [ -122.295998, 47.352175 ], [ -122.294133, 47.348455 ], [ -122.293258, 47.346178 ], [ -122.292973, 47.343324 ], [ -122.301269, 47.343396 ], [ -122.30737, 47.343415 ], [ -122.312399, 47.343425 ], [ -122.312542, 47.347578 ] ] ] } },
{ "type": "Feature", "properties": { "geoid": "53033029805", "county_name": "King County", "place_name": null, "state_name": "Washington", "state_abbr": "WA", "is_rural": false, "dci_score": 45.7, "dci_quintile": 5.0, "is_cra_lmi": true, "income_level": "M", "is_persistent_poverty": false, "is_tribal_overlap": false, "tribal_area_name": null, "aian_pct": 0.0, "has_nmtc": false, "nmtc_projects": 0, "nmtc_total_usd": 0.0 }, "geometry": { "type": "Polygon", "coordinates": [ [ [ -122.292973, 47.343324 ], [ -122.292019, 47.343326 ], [ -122.291933, 47.343326 ], [ -122.28501, 47.343346 ], [ -122.276579, 47.343377 ], [ -122.276088, 47.343377 ], [ -122.270804, 47.343385 ], [ -122.26594, 47.343417 ], [ -122.266091, 47.345234 ], [ -122.265517, 47.345234 ], [ -122.265485, 47.347055 ], [ -122.249683, 47.347127 ], [ -122.249745, 47.344888 ], [ -122.249735, 47.340529 ], [ -122.251338, 47.340394 ], [ -122.252948, 47.340203 ], [ -122.253816, 47.335871 ], [ -122.255455, 47.336831 ], [ -122.270804, 47.336704 ], [ -122.270814, 47.334899 ], [ -122.283601, 47.334886 ], [ -122.286786, 47.334903 ], [ -122.292727, 47.334902 ], [ -122.29364, 47.334878 ], [ -122.292973, 47.343324 ] ] ] } },
{ "type": "Feature", "properties": { "geoid": "53077002103", "county_name": "Yakima County", "place_name": null, "state_name": "Washington", "state_abbr": "WA", "is_rural": true, "dci_score": 42.8, "dci_quintile": 5.0, "is_cra_lmi": true, "income_level": "M", "is_persistent_poverty": false, "is_tribal_overlap": true, "tribal_area_name": "Yakama Nation Reservation", "aian_pct": 0.0, "has_nmtc": false, "nmtc_projects": 0, "nmtc_total_usd": 0.0 }, "geometry": { "type": "Polygon", "coordinates": [ [ [ -120.197594, 46.337657 ], [ -120.196117, 46.338031 ], [ -120.195038, 46.338998 ], [ -120.192421, 46.340539 ], [ -120.188861, 46.3373 ], [ -120.182484, 46.344585 ], [ -120.179327, 46.345464 ], [ -120.177606, 46.34585 ], [ -120.175057, 46.346388 ], [ -120.167576, 46.346564 ], [ -120.125644, 46.346126 ], [ -120.041046, 46.345631 ], [ -120.041034, 46.338423 ], [ -120.041048, 46.331213 ], [ -120.041051, 46.329384 ], [ -120.041055, 46.327833 ], [ -120.041058, 46.327467 ], [ -120.041089, 46.323885 ], [ -120.041103, 46.322087 ], [ -120.041123, 46.31661 ], [ -120.041081, 46.313783 ], [ -120.041282, 46.31311 ], [ -120.04377, 46.313033 ], [ -120.049205, 46.313032 ], [ -120.048282, 46.31154 ], [ -120.045896, 46.309822 ], [ -120.04539, 46.309598 ], [ -120.044415, 46.309359 ], [ -120.030552, 46.309358 ], [ -120.029344, 46.309347 ], [ -120.028012, 46.309336 ], [ -120.025406, 46.309318 ], [ -120.025463, 46.306472 ], [ -120.025414, 46.305866 ], [ -120.025415, 46.303934 ], [ -120.025427, 46.302072 ], [ -120.04104, 46.302154 ], [ -120.041136, 46.298545 ], [ -120.041302, 46.291564 ], [ -120.041456, 46.258553 ], [ -120.065878, 46.258755 ], [ -120.075842, 46.252308 ], [ -120.080949, 46.255757 ], [ -120.082365, 46.256008 ], [ -120.08444, 46.255619 ], [ -120.085196, 46.253974 ], [ -120.084636, 46.253357 ], [ -120.081804, 46.252535 ], [ -120.07929, 46.249852 ], [ -120.080688, 46.244025 ], [ -120.081768, 46.242692 ], [ -120.08322, 46.242682 ], [ -120.08376, 46.243681 ], [ -120.082827, 46.245075 ], [ -120.08289, 46.247697 ], [ -120.084885, 46.249852 ], [ -120.084174, 46.250198 ], [ -120.086381, 46.250775 ], [ -120.089049, 46.252465 ], [ -120.093265, 46.253378 ], [ -120.095734, 46.252829 ], [ -120.097084, 46.251641 ], [ -120.098446, 46.249852 ], [ -120.098011, 46.249852 ], [ -120.101351, 46.248097 ], [ -120.103101, 46.248595 ], [ -120.105382, 46.250625 ], [ -120.102745, 46.254022 ], [ -120.102522, 46.255064 ], [ -120.106674, 46.258998 ], [ -120.111084, 46.26102 ], [ -120.111494, 46.263894 ], [ -120.108937, 46.265913 ], [ -120.106797, 46.26613 ], [ -120.104229, 46.264795 ], [ -120.104057, 46.261234 ], [ -120.102026, 46.257446 ], [ -120.099021, 46.256421 ], [ -120.096332, 46.258075 ], [ -120.096752, 46.260368 ], [ -120.101417, 46.263477 ], [ -120.101992, 46.265299 ], [ -120.099051, 46.26622 ], [ -120.096007, 46.265267 ], [ -120.093642, 46.265115 ], [ -120.091117, 46.266361 ], [ -120.091426, 46.267934 ], [ -120.093966, 46.270148 ], [ -120.093782, 46.271739 ], [ -120.091927, 46.276843 ], [ -120.088117, 46.277643 ], [ -120.088352, 46.278666 ], [ -120.091865, 46.28022 ], [ -120.09288, 46.281481 ], [ -120.092499, 46.283688 ], [ -120.092884, 46.286578 ], [ -120.092207, 46.289043 ], [ -120.096456, 46.290214 ], [ -120.098081, 46.291257 ], [ -120.097974, 46.292319 ], [ -120.094796, 46.293314 ], [ -120.094996, 46.29536 ], [ -120.098616, 46.297078 ], [ -120.101523, 46.295713 ], [ -120.101923, 46.293191 ], [ -120.104725, 46.292428 ], [ -120.106053, 46.293544 ], [ -120.105746, 46.297544 ], [ -120.111606, 46.301419 ], [ -120.113347, 46.301643 ], [ -120.113432, 46.299501 ], [ -120.111451, 46.296714 ], [ -120.113761, 46.295752 ], [ -120.11846, 46.297854 ], [ -120.12202, 46.297546 ], [ -120.123546, 46.298008 ], [ -120.125395, 46.300314 ], [ -120.125101, 46.30349 ], [ -120.125759, 46.304449 ], [ -120.125776, 46.306163 ], [ -120.124842, 46.307488 ], [ -120.12458, 46.309248 ], [ -120.126158, 46.310274 ], [ -120.126158, 46.304585 ], [ -120.128664, 46.305658 ], [ -120.129783, 46.307098 ], [ -120.131789, 46.311051 ], [ -120.133535, 46.312926 ], [ -120.137126, 46.315646 ], [ -120.139072, 46.314984 ], [ -120.140954, 46.312244 ], [ -120.142537, 46.312085 ], [ -120.144679, 46.313022 ], [ -120.144709, 46.316632 ], [ -120.145235, 46.317683 ], [ -120.147147, 46.319146 ], [ -120.149224, 46.319467 ], [ -120.150511, 46.317982 ], [ -120.149787, 46.315857 ], [ -120.15193, 46.315241 ], [ -120.159678, 46.318168 ], [ -120.161457, 46.320704 ], [ -120.164028, 46.322487 ], [ -120.168578, 46.324498 ], [ -120.174314, 46.329731 ], [ -120.177388, 46.33093 ], [ -120.18091, 46.331947 ], [ -120.184406, 46.330874 ], [ -120.188331, 46.327356 ], [ -120.189551, 46.32747 ], [ -120.193806, 46.330486 ], [ -120.195113, 46.333021 ], [ -120.196186, 46.335635 ], [ -120.197594, 46.337657 ] ] ] } },
{ "type": "Feature", "properties": { "geoid": "53045960201", "county_name": "Mason County", "place_name": "Bellingham", "state_name": "Washington", "state_abbr": "WA", "is_rural": true, "dci_score": 92.5, "dci_quintile": 1.0, "is_cra_lmi": true, "income_level": "M", "is_persistent_poverty": false, "is_tribal_overlap": true, "tribal_area_name": "Skokomish Reservation", "aian_pct": 0.0, "has_nmtc": false, "nmtc_projects": 0, "nmtc_total_usd": 0.0 }, "geometry": { "type": "Polygon", "coordinates": [ [ [ -123.220808, 47.423958 ], [ -123.211682, 47.423764 ], [ -123.207907, 47.423153 ], [ -123.202142, 47.422038 ], [ -123.201048, 47.421421 ], [ -123.189996, 47.411355 ], [ -123.187316, 47.409775 ], [ -123.184017, 47.408436 ], [ -123.181721, 47.406163 ], [ -123.178606, 47.418333 ], [ -123.14881, 47.437819 ], [ -123.146489, 47.441826 ], [ -123.130805, 47.467617 ], [ -123.129907, 47.481167 ], [ -123.087685, 47.528012 ], [ -123.068128, 47.563531 ], [ -123.037884, 47.573004 ], [ -122.996094, 47.606825 ], [ -122.9826, 47.6067 ], [ -122.981893656671005, 47.606691387083401 ], [ -122.981589, 47.606178 ], [ -122.98254, 47.602973 ], [ -122.988157, 47.598345 ], [ -122.996088, 47.58999 ], [ -123.000604, 47.5847 ], [ -123.004169, 47.583417 ], [ -123.006308, 47.576523 ], [ -123.009881, 47.571395 ], [ -123.015815, 47.564496 ], [ -123.021519, 47.560166 ], [ -123.021995, 47.556477 ], [ -123.027529, 47.554978 ], [ -123.030076, 47.552788 ], [ -123.025298, 47.548539 ], [ -123.030851, 47.539991 ], [ -123.040058, 47.538509 ], [ -123.043386, 47.533374 ], [ -123.048615, 47.529202 ], [ -123.046476, 47.523745 ], [ -123.051467, 47.519893 ], [ -123.056221, 47.509458 ], [ -123.053213, 47.507091 ], [ -123.057409, 47.500788 ], [ -123.066916, 47.494847 ], [ -123.07571, 47.48762 ], [ -123.074284, 47.486174 ], [ -123.07571, 47.482159 ], [ -123.081397, 47.481505 ], [ -123.08807, 47.476376 ], [ -123.088862, 47.47306 ], [ -123.092073, 47.471645 ], [ -123.101305, 47.463387 ], [ -123.105849, 47.461498 ], [ -123.109538, 47.46165 ], [ -123.112816, 47.463481 ], [ -123.114356, 47.463311 ], [ -123.114598, 47.462262 ], [ -123.111282, 47.458923 ], [ -123.113327, 47.457263 ], [ -123.110601, 47.454942 ], [ -123.112986, 47.452814 ], [ -123.111711, 47.45047 ], [ -123.113821, 47.448331 ], [ -123.114479, 47.44533 ], [ -123.116037, 47.444076 ], [ -123.116707, 47.441614 ], [ -123.121073, 47.439317 ], [ -123.120562, 47.434059 ], [ -123.124016, 47.432602 ], [ -123.124758, 47.429585 ], [ -123.130311, 47.421328 ], [ -123.13135, 47.417017 ], [ -123.135236, 47.411062 ], [ -123.136324963931003, 47.410095500198203 ], [ -123.138615, 47.408063 ], [ -123.13899, 47.406524 ], [ -123.141463, 47.403627 ], [ -123.142749104825, 47.3977469129754 ], [ -123.143686717397003, 47.393460136803299 ], [ -123.1444, 47.390199 ], [ -123.145394, 47.387194 ], [ -123.149629, 47.379417 ], [ -123.147249, 47.377441 ], [ -123.14749, 47.375232 ], [ -123.150784, 47.373427 ], [ -123.150595, 47.373889 ], [ -123.155226, 47.373909 ], [ -123.153317, 47.375512 ], [ -123.155158, 47.37673 ], [ -123.158499, 47.376784 ], [ -123.162347, 47.378116 ], [ -123.16444, 47.377786 ], [ -123.170178, 47.375749 ], [ -123.174228, 47.376074 ], [ -123.177217, 47.376921 ], [ -123.180592, 47.376805 ], [ -123.181169, 47.380061 ], [ -123.187631, 47.385371 ], [ -123.188727, 47.388047 ], [ -123.200883, 47.387803 ], [ -123.213113, 47.387838 ], [ -123.211544, 47.389593 ], [ -123.209306, 47.390344 ], [ -123.2065, 47.389674 ], [ -123.204408, 47.390722 ], [ -123.204677, 47.395211 ], [ -123.203915, 47.396904 ], [ -123.20155, 47.398429 ], [ -123.203275, 47.401386 ], [ -123.206992, 47.400426 ], [ -123.208185, 47.40064 ], [ -123.208798, 47.402438 ], [ -123.204749, 47.405361 ], [ -123.205226, 47.407214 ], [ -123.207685, 47.410269 ], [ -123.209331, 47.41063 ], [ -123.210623, 47.412598 ], [ -123.212131, 47.412879 ], [ -123.215411, 47.416315 ], [ -123.217692, 47.416958 ], [ -123.217252, 47.41942 ], [ -123.219746, 47.422036 ], [ -123.222434, 47.422473 ], [ -123.220808, 47.423958 ] ] ] } },
{ "type": "Feature", "properties": { "geoid": "53053071603", "county_name": "Pierce County", "place_name": null, "state_name": "Washington", "state_abbr": "WA", "is_rural": false, "dci_score": 56.1, "dci_quintile": 4.0, "is_cra_lmi": true, "income_level": "M", "is_persistent_poverty": false, "is_tribal_overlap": false, "tribal_area_name": null, "aian_pct": 0.0, "has_nmtc": true, "nmtc_projects": 1, "nmtc_total_usd": 0.0 }, "geometry": { "type": "Polygon", "coordinates": [ [ [ -122.431458, 47.167157 ], [ -122.431452, 47.167826 ], [ -122.43142, 47.170033 ], [ -122.426226, 47.170045 ], [ -122.424882, 47.170087 ], [ -122.420966, 47.170098 ], [ -122.415531, 47.170117 ], [ -122.414009, 47.168969 ], [ -122.40805, 47.168927 ], [ -122.399981, 47.168905 ], [ -122.400054, 47.162209 ], [ -122.405368, 47.162249 ], [ -122.404916, 47.160753 ], [ -122.402647, 47.158744 ], [ -122.404473, 47.158904 ], [ -122.415427, 47.158956 ], [ -122.426153, 47.158251 ], [ -122.427795, 47.158145 ], [ -122.431563, 47.158133 ], [ -122.431458, 47.167157 ] ] ] } },
{ "type": "Feature", "properties": { "geoid": "53061041813", "county_name": "Snohomish County", "place_name": null, "state_name": "Washington", "state_abbr": "WA", "is_rural": false, "dci_score": 60.4, "dci_quintile": 4.0, "is_cra_lmi": true, "income_level": "M", "is_persistent_poverty": false, "is_tribal_overlap": false, "tribal_area_name": null, "aian_pct": 0.0, "has_nmtc": false, "nmtc_projects": 0, "nmtc_total_usd": 0.0 }, "geometry": { "type": "Polygon", "coordinates": [ [ [ -122.248455, 47.900091 ], [ -122.244625, 47.904189 ], [ -122.244095, 47.904096 ], [ -122.229295, 47.907999 ], [ -122.228234, 47.908284 ], [ -122.22823, 47.907396 ], [ -122.228217, 47.90672 ], [ -122.228153, 47.903767 ], [ -122.228132, 47.902811 ], [ -122.228087, 47.900749 ], [ -122.228073, 47.900099 ], [ -122.232178, 47.900085 ], [ -122.232675, 47.900084 ], [ -122.232534, 47.897344 ], [ -122.233557, 47.896493 ], [ -122.233599, 47.896493 ], [ -122.238926, 47.89647 ], [ -122.246838, 47.89645 ], [ -122.247778, 47.896448 ], [ -122.25184, 47.896448 ], [ -122.248455, 47.900091 ] ] ] } },
{ "type": "Feature", "properties": { "geoid": "53073010102", "county_name": "Whatcom County", "place_name": null, "state_name": "Washington", "state_abbr": "WA", "is_rural": true, "dci_score": 52.8, "dci_quintile": 5.0, "is_cra_lmi": true, "income_level": "M", "is_persistent_poverty": false, "is_tribal_overlap": false, "tribal_area_name": null, "aian_pct": 0.0, "has_nmtc": false, "nmtc_projects": 0, "nmtc_total_usd": 0.0 }, "geometry": { "type": "Polygon", "coordinates": [ [ [ -122.211507, 48.972493 ], [ -122.199588, 48.976343 ], [ -122.193788, 48.978892 ], [ -122.190471, 48.979264 ], [ -122.188145, 48.981456 ], [ -122.185258, 48.983379 ], [ -122.182581, 48.984446 ], [ -122.177374, 48.984479 ], [ -122.175848, 48.98659 ], [ -122.170608, 48.988402 ], [ -122.166764, 48.989557 ], [ -122.16544, 48.989954 ], [ -122.158959, 48.991902 ], [ -122.154545, 48.993042 ], [ -122.151551, 48.994263 ], [ -122.148202, 48.996124 ], [ -122.147916, 48.996285 ], [ -122.144961, 48.997813 ], [ -122.144875, 48.99787 ], [ -122.141913, 48.999846 ], [ -122.141286, 49.000034 ], [ -122.136939676566996, 49.002233925631202 ], [ -122.136637429784997, 49.002233236844397 ], [ -122.098357, 49.002146 ], [ -122.070431139305995, 49.0017640865712 ], [ -121.988623515284999, 49.000645287385801 ], [ -121.971534665489003, 49.000411580668903 ], [ -121.949474196604996, 49.000109882203603 ], [ -121.949681, 48.992352 ], [ -121.949693, 48.991907 ], [ -121.953714, 48.991946 ], [ -121.954268, 48.935765 ], [ -121.954542, 48.931454 ], [ -121.954307, 48.927423 ], [ -121.954148, 48.904635 ], [ -121.960339, 48.904615 ], [ -121.960601, 48.89754 ], [ -121.960708, 48.891936 ], [ -121.966196, 48.893224 ], [ -121.980409, 48.899926 ], [ -121.984539, 48.900628 ], [ -121.989457, 48.902896 ], [ -121.991871, 48.904688 ], [ -121.995035, 48.904013 ], [ -121.997748, 48.906084 ], [ -121.998812, 48.908771 ], [ -122.00524, 48.913129 ], [ -122.007111, 48.916278 ], [ -122.010401, 48.917858 ], [ -122.01154, 48.919345 ], [ -122.014733, 48.920985 ], [ -122.017032, 48.921588 ], [ -122.021193, 48.921894 ], [ -122.020954, 48.921174 ], [ -122.026564, 48.921752 ], [ -122.029857, 48.924642 ], [ -122.040113, 48.924198 ], [ -122.044853, 48.924568 ], [ -122.048695, 48.924017 ], [ -122.050382, 48.923215 ], [ -122.051972, 48.921382 ], [ -122.054434, 48.920574 ], [ -122.056638, 48.918781 ], [ -122.059315, 48.918187 ], [ -122.06185, 48.920631 ], [ -122.064161, 48.919457 ], [ -122.064679, 48.918033 ], [ -122.067184, 48.916567 ], [ -122.071418, 48.916138 ], [ -122.079195, 48.912023 ], [ -122.081401, 48.915153 ], [ -122.081423, 48.916836 ], [ -122.076624, 48.919344 ], [ -122.073816, 48.919177 ], [ -122.072001, 48.921246 ], [ -122.074298, 48.922074 ], [ -122.075256, 48.923767 ], [ -122.0763, 48.924063 ], [ -122.086187, 48.924183 ], [ -122.098532, 48.919707 ], [ -122.100048, 48.918247 ], [ -122.102734, 48.916988 ], [ -122.110793, 48.916968 ], [ -122.115448, 48.916968 ], [ -122.120806, 48.915828 ], [ -122.125386, 48.917093 ], [ -122.13873, 48.924056 ], [ -122.143383, 48.930341 ], [ -122.143484, 48.93397 ], [ -122.14601, 48.935723 ], [ -122.147319, 48.93815 ], [ -122.157537, 48.957319 ], [ -122.159426, 48.960775 ], [ -122.162979, 48.967297 ], [ -122.164984, 48.970112 ], [ -122.16531, 48.970368 ], [ -122.168386, 48.971533 ], [ -122.175701, 48.975496 ], [ -122.175897, 48.975658 ], [ -122.179355, 48.976816 ], [ -122.183366, 48.974914 ], [ -122.187619, 48.973694 ], [ -122.193281, 48.973933 ], [ -122.204957, 48.971453 ], [ -122.211282, 48.968486 ], [ -122.211507, 48.972493 ] ] ] } },
{ "type": "Feature", "properties": { "geoid": "53073000302", "county_name": "Whatcom County", "place_name": null, "state_name": "Washington", "state_abbr": "WA", "is_rural": false, "dci_score": 40.8, "dci_quintile": 5.0, "is_cra_lmi": true, "income_level": "M", "is_persistent_poverty": false, "is_tribal_overlap": false, "tribal_area_name": null, "aian_pct": 0.0, "has_nmtc": false, "nmtc_projects": 0, "nmtc_total_usd": 0.0 }, "geometry": { "type": "Polygon", "coordinates": [ [ [ -122.51611, 48.788437 ], [ -122.514343, 48.789547 ], [ -122.512695, 48.789749 ], [ -122.496982, 48.789757 ], [ -122.486072, 48.789761 ], [ -122.486101, 48.782862 ], [ -122.486061, 48.776335 ], [ -122.486775, 48.776329 ], [ -122.495178, 48.773161 ], [ -122.495326, 48.773346 ], [ -122.497198, 48.775615 ], [ -122.502821, 48.783147 ], [ -122.505961, 48.784909 ], [ -122.513059, 48.78712 ], [ -122.516811, 48.787891 ], [ -122.51611, 48.788437 ] ] ] } },
{ "type": "Feature", "properties": { "geoid": "53025011102", "county_name": "Grant County", "place_name": "Oak Harbor", "state_name": "Washington", "state_abbr": "WA", "is_rural": true, "dci_score": 59.9, "dci_quintile": 4.0, "is_cra_lmi": true, "income_level": "M", "is_persistent_poverty": false, "is_tribal_overlap": false, "tribal_area_name": null, "aian_pct": 0.0, "has_nmtc": false, "nmtc_projects": 0, "nmtc_total_usd": 0.0 }, "geometry": { "type": "Polygon", "coordinates": [ [ [ -119.321493, 47.110164 ], [ -119.321213, 47.110684 ], [ -119.310315, 47.118652 ], [ -119.3097, 47.120449 ], [ -119.307644, 47.12174 ], [ -119.302334, 47.124087 ], [ -119.295354, 47.126376 ], [ -119.288933, 47.128914 ], [ -119.283356, 47.131358 ], [ -119.279754, 47.133891 ], [ -119.278399, 47.134054 ], [ -119.278245, 47.132137 ], [ -119.277778, 47.131616 ], [ -119.274632, 47.132553 ], [ -119.271726, 47.132008 ], [ -119.269961, 47.130523 ], [ -119.26763, 47.12115 ], [ -119.274372, 47.121552 ], [ -119.27445, 47.126342 ], [ -119.27583, 47.126613 ], [ -119.277735, 47.125654 ], [ -119.281768, 47.120575 ], [ -119.287948, 47.113907 ], [ -119.294348, 47.117361 ], [ -119.295012, 47.117886 ], [ -119.298258, 47.113853 ], [ -119.300089, 47.112395 ], [ -119.316272, 47.101098 ], [ -119.321634, 47.102329 ], [ -119.321493, 47.110164 ] ] ] } },
{ "type": "Feature", "properties": { "geoid": "53003960600", "county_name": "Asotin County", "place_name": null, "state_name": "Washington", "state_abbr": "WA", "is_rural": true, "dci_score": 55.7, "dci_quintile": 4.0, "is_cra_lmi": false, "income_level": "U", "is_persistent_poverty": false, "is_tribal_overlap": false, "tribal_area_name": null, "aian_pct": 0.0, "has_nmtc": false, "nmtc_projects": 0, "nmtc_total_usd": 0.0 }, "geometry": { "type": "Polygon", "coordinates": [ [ [ -117.0826, 46.39641 ], [ -117.08008, 46.40125 ], [ -117.07547, 46.40154 ], [ -117.073985, 46.400952 ], [ -117.072261, 46.399744 ], [ -117.06938, 46.39933 ], [ -117.06907, 46.40124 ], [ -117.06907, 46.40724 ], [ -117.06387, 46.40726 ], [ -117.05997, 46.40725 ], [ -117.05864, 46.40725 ], [ -117.058636, 46.405978 ], [ -117.05863, 46.404202 ], [ -117.05864, 46.40363 ], [ -117.058654, 46.402801 ], [ -117.05936, 46.40209 ], [ -117.05905, 46.40172 ], [ -117.05537, 46.401446 ], [ -117.05527, 46.40142 ], [ -117.05503, 46.40133 ], [ -117.054696, 46.40119 ], [ -117.053387, 46.400628 ], [ -117.04428, 46.39697 ], [ -117.043655, 46.396778 ], [ -117.041498143178003, 46.395944754627202 ], [ -117.041737, 46.395195 ], [ -117.04195, 46.39216 ], [ -117.046915, 46.379577 ], [ -117.049474, 46.37682 ], [ -117.051775, 46.375641 ], [ -117.053054705810993, 46.374694762207398 ], [ -117.056265, 46.37468 ], [ -117.05588, 46.37509 ], [ -117.05588, 46.37819 ], [ -117.05651, 46.3816 ], [ -117.05804, 46.38508 ], [ -117.05825, 46.38673 ], [ -117.062603, 46.386767 ], [ -117.065152, 46.388534 ], [ -117.06653, 46.38904 ], [ -117.07249, 46.38923 ], [ -117.07539, 46.38847 ], [ -117.08267, 46.38893 ], [ -117.0826, 46.39641 ] ] ] } },
{ "type": "Feature", "properties": { "geoid": "53075000400", "county_name": "Whitman County", "place_name": "Pullman", "state_name": "Washington", "state_abbr": "WA", "is_rural": true, "dci_score": 41.1, "dci_quintile": 5.0, "is_cra_lmi": false, "income_level": "U", "is_persistent_poverty": false, "is_tribal_overlap": false, "tribal_area_name": null, "aian_pct": 0.0, "has_nmtc": false, "nmtc_projects": 0, "nmtc_total_usd": 0.0 }, "geometry": { "type": "Polygon", "coordinates": [ [ [ -117.204338, 46.705811 ], [ -117.2037, 46.70765 ], [ -117.203196, 46.708387 ], [ -117.20059, 46.71063 ], [ -117.1984, 46.711604 ], [ -117.19631, 46.71212 ], [ -117.193951, 46.712331 ], [ -117.192942, 46.712295 ], [ -117.186, 46.7121 ], [ -117.18389, 46.71283 ], [ -117.18244, 46.71467 ], [ -117.182705, 46.716534 ], [ -117.18455, 46.72088 ], [ -117.18582, 46.72505 ], [ -117.18578, 46.7254 ], [ -117.18094, 46.73068 ], [ -117.18033, 46.73135 ], [ -117.177685, 46.729974 ], [ -117.174905, 46.729907 ], [ -117.1678, 46.72635 ], [ -117.1655, 46.72461 ], [ -117.1648, 46.72331 ], [ -117.164232, 46.722236 ], [ -117.16299, 46.72154 ], [ -117.1623, 46.7214 ], [ -117.15029, 46.72186 ], [ -117.14436, 46.72164 ], [ -117.13616, 46.72121 ], [ -117.1339, 46.7214 ], [ -117.123035, 46.725426 ], [ -117.122594, 46.725594 ], [ -117.11883, 46.72704 ], [ -117.11357, 46.72803 ], [ -117.10684, 46.72792 ], [ -117.10253, 46.72835 ], [ -117.09154, 46.73061 ], [ -117.08296, 46.73318 ], [ -117.07783, 46.73419 ], [ -117.07405, 46.73553 ], [ -117.06904, 46.73796 ], [ -117.06743, 46.73827 ], [ -117.05631, 46.73898 ], [ -117.05414, 46.73839 ], [ -117.04772, 46.73421 ], [ -117.04383, 46.73276 ], [ -117.039518188132007, 46.732401170767098 ], [ -117.039479171740993, 46.721943235832001 ], [ -117.039466647821001, 46.718586330096798 ], [ -117.039406009211007, 46.702332785110698 ], [ -117.039398, 46.700186 ], [ -117.039492539362996, 46.6422947069318 ], [ -117.039499416845004, 46.638083272701202 ], [ -117.039527622107997, 46.620811745524399 ], [ -117.039527695754003, 46.620766648397399 ], [ -117.04123, 46.62053 ], [ -117.04855, 46.62079 ], [ -117.05449, 46.62209 ], [ -117.05913, 46.62219 ], [ -117.06543, 46.62147 ], [ -117.07172, 46.61955 ], [ -117.0736, 46.61952 ], [ -117.07782, 46.61843 ], [ -117.0804, 46.61677 ], [ -117.08294, 46.61679 ], [ -117.08451, 46.61296 ], [ -117.08743, 46.60969 ], [ -117.08952, 46.60936 ], [ -117.09311, 46.60722 ], [ -117.09461, 46.60701 ], [ -117.09688, 46.6077 ], [ -117.09667, 46.61269 ], [ -117.0961, 46.6151 ], [ -117.09816, 46.61811 ], [ -117.10116, 46.61863 ], [ -117.10164, 46.61934 ], [ -117.101, 46.62342 ], [ -117.10188, 46.6243 ], [ -117.10234, 46.62434 ], [ -117.10613, 46.62433 ], [ -117.11225, 46.62723 ], [ -117.11816, 46.62804 ], [ -117.12307, 46.62945 ], [ -117.12848, 46.63163 ], [ -117.13822, 46.63156 ], [ -117.13871, 46.62956 ], [ -117.13911, 46.62935 ], [ -117.141474, 46.628507 ], [ -117.14996, 46.62543 ], [ -117.15481, 46.62447 ], [ -117.155788, 46.624197 ], [ -117.16358, 46.62286 ], [ -117.16622, 46.62209 ], [ -117.16793, 46.62336 ], [ -117.16882, 46.6242 ], [ -117.168878, 46.624262 ], [ -117.17305, 46.628613 ], [ -117.17372, 46.629674 ], [ -117.174667, 46.633679 ], [ -117.177877, 46.638147 ], [ -117.184057, 46.641794 ], [ -117.186857, 46.644549 ], [ -117.187565, 46.646678 ], [ -117.187245, 46.650484 ], [ -117.18815, 46.65262 ], [ -117.18996, 46.65422 ], [ -117.1908, 46.6559 ], [ -117.19114, 46.65887 ], [ -117.1918, 46.66044 ], [ -117.19303, 46.66168 ], [ -117.1978, 46.66525 ], [ -117.19869, 46.66641 ], [ -117.19863, 46.66893 ], [ -117.194831, 46.675363 ], [ -117.19444, 46.676901 ], [ -117.195256, 46.67978 ], [ -117.203382, 46.689469 ], [ -117.204066, 46.690691 ], [ -117.204286, 46.69206 ], [ -117.20387, 46.69963 ], [ -117.204338, 46.705811 ] ] ] } },
{ "type": "Feature", "properties": { "geoid": "53025010100", "county_name": "Grant County", "place_name": null, "state_name": "Washington", "state_abbr": "WA", "is_rural": true, "dci_score": 55.7, "dci_quintile": 4.0, "is_cra_lmi": false, "income_level": "U", "is_persistent_poverty": false, "is_tribal_overlap": true, "tribal_area_name": "Colville Reservation", "aian_pct": 0.0, "has_nmtc": false, "nmtc_projects": 0, "nmtc_total_usd": 0.0 }, "geometry": { "type": "Polygon", "coordinates": [ [ [ -119.557805, 47.441139 ], [ -119.533618, 47.441205 ], [ -119.533354, 47.470013 ], [ -119.533086, 47.518958 ], [ -119.532889, 47.527756 ], [ -119.511691, 47.527633 ], [ -119.512092, 47.54204 ], [ -119.490467, 47.54202 ], [ -119.490098, 47.556541 ], [ -119.469174, 47.556606 ], [ -119.469099, 47.57076 ], [ -119.447682, 47.570455 ], [ -119.4478, 47.584899 ], [ -119.426839, 47.584777 ], [ -119.426769, 47.599063 ], [ -119.405319, 47.599012 ], [ -119.405196, 47.612636 ], [ -119.341767, 47.612388 ], [ -119.341485, 47.626748 ], [ -119.320304, 47.626797 ], [ -119.320144, 47.670232 ], [ -119.298843, 47.670403 ], [ -119.298649, 47.728328 ], [ -119.277238, 47.728238 ], [ -119.277167, 47.742603 ], [ -119.255783, 47.742514 ], [ -119.255862, 47.771687 ], [ -119.234166, 47.771981 ], [ -119.2339, 47.800662 ], [ -119.21241, 47.800695 ], [ -119.212292, 47.809201 ], [ -119.21225, 47.835793 ], [ -119.212324, 47.858376 ], [ -119.212172, 47.873081 ], [ -119.212225, 47.887708 ], [ -119.190631, 47.887812 ], [ -119.190552, 47.902465 ], [ -119.147399, 47.90265 ], [ -119.1474, 47.917388 ], [ -119.125904, 47.917301 ], [ -119.125581, 47.946803 ], [ -119.103966, 47.946693 ], [ -119.103873, 47.961763 ], [ -119.013807, 47.962083 ], [ -118.990796, 47.96213 ], [ -118.98936, 47.962111 ], [ -118.984014, 47.962046 ], [ -118.982234, 47.962025 ], [ -118.98177, 47.957985 ], [ -118.982748, 47.953009 ], [ -118.982754, 47.949782 ], [ -118.981664, 47.947977 ], [ -118.978101, 47.945277 ], [ -118.973504, 47.943414 ], [ -118.972823, 47.940997 ], [ -118.973956, 47.932805 ], [ -118.973955, 47.930557 ], [ -118.974051, 47.910825 ], [ -118.974154, 47.903629 ], [ -118.974564, 47.866291 ], [ -118.974953, 47.830843 ], [ -118.975099, 47.830384 ], [ -118.975693, 47.723504 ], [ -118.975814, 47.722356 ], [ -118.975847, 47.713627 ], [ -118.976751, 47.647446 ], [ -118.976921, 47.645362 ], [ -118.97767, 47.553366 ], [ -118.977693, 47.509056 ], [ -118.979643, 47.507569 ], [ -118.991021, 47.506446 ], [ -118.995341, 47.505106 ], [ -119.000965, 47.504697 ], [ -119.003026, 47.503916 ], [ -119.004008, 47.501454 ], [ -119.006832, 47.49873 ], [ -119.011778, 47.496089 ], [ -119.021521, 47.495424 ], [ -119.024831, 47.494273 ], [ -119.028563, 47.491642 ], [ -119.028757, 47.490403 ], [ -119.032383, 47.487777 ], [ -119.033879, 47.489647 ], [ -119.035262, 47.490317 ], [ -119.041848, 47.490773 ], [ -119.04235, 47.489473 ], [ -119.044527, 47.48716 ], [ -119.044317, 47.485597 ], [ -119.045124, 47.483655 ], [ -119.044483, 47.481118 ], [ -119.048562, 47.480066 ], [ -119.053258, 47.4766 ], [ -119.053066, 47.478287 ], [ -119.058456, 47.480891 ], [ -119.061329, 47.48043 ], [ -119.065104, 47.480343 ], [ -119.069462, 47.479489 ], [ -119.071218, 47.480246 ], [ -119.106827, 47.480067 ], [ -119.106858, 47.510476 ], [ -119.10919, 47.510672 ], [ -119.110111, 47.508144 ], [ -119.113151, 47.505719 ], [ -119.11391, 47.503618 ], [ -119.11318, 47.501392 ], [ -119.115812, 47.498684 ], [ -119.119297, 47.497108 ], [ -119.123675, 47.49704 ], [ -119.126253, 47.495105 ], [ -119.125636, 47.493036 ], [ -119.125738, 47.490278 ], [ -119.126341, 47.488635 ], [ -119.128996, 47.487177 ], [ -119.130089, 47.48595 ], [ -119.134865, 47.483089 ], [ -119.139202, 47.481265 ], [ -119.140393, 47.479116 ], [ -119.141647, 47.478793 ], [ -119.143283, 47.476436 ], [ -119.143405, 47.475399 ], [ -119.148163, 47.472692 ], [ -119.149005, 47.470691 ], [ -119.154247, 47.46885 ], [ -119.157013, 47.468489 ], [ -119.159997, 47.468846 ], [ -119.162092, 47.467903 ], [ -119.164429, 47.466138 ], [ -119.164187, 47.465195 ], [ -119.16701, 47.462815 ], [ -119.167795, 47.461154 ], [ -119.169882, 47.459081 ], [ -119.169979, 47.458264 ], [ -119.172122, 47.456345 ], [ -119.177208, 47.455227 ], [ -119.180126, 47.453209 ], [ -119.185203, 47.450243 ], [ -119.18838, 47.44913 ], [ -119.189941, 47.449053 ], [ -119.196108, 47.445795 ], [ -119.197159, 47.445614 ], [ -119.199834, 47.443399 ], [ -119.20305, 47.442406 ], [ -119.206605, 47.437974 ], [ -119.207768, 47.435556 ], [ -119.209868, 47.432852 ], [ -119.218335, 47.432617 ], [ -119.224353, 47.431935 ], [ -119.256037, 47.425579 ], [ -119.26082, 47.424946 ], [ -119.263559, 47.425265 ], [ -119.271547, 47.427197 ], [ -119.277038, 47.427497 ], [ -119.27691, 47.436363 ], [ -119.280858, 47.435389 ], [ -119.286976, 47.43494 ], [ -119.293434, 47.432672 ], [ -119.307439, 47.430956 ], [ -119.313135, 47.431488 ], [ -119.314566, 47.43242 ], [ -119.319431, 47.431822 ], [ -119.322865, 47.431817 ], [ -119.346906, 47.432661 ], [ -119.349613, 47.43283 ], [ -119.353324, 47.434277 ], [ -119.357858, 47.434878 ], [ -119.361088, 47.433018 ], [ -119.366137, 47.430767 ], [ -119.369746, 47.428134 ], [ -119.368172, 47.426009 ], [ -119.367802, 47.423803 ], [ -119.369255, 47.422503 ], [ -119.371952, 47.421437 ], [ -119.373284, 47.421206 ], [ -119.375813, 47.420843 ], [ -119.378212, 47.420923 ], [ -119.378996, 47.420661 ], [ -119.398287, 47.412067 ], [ -119.404298, 47.409424 ], [ -119.404557, 47.409205 ], [ -119.404558, 47.407429 ], [ -119.405111, 47.406977 ], [ -119.425923, 47.396505 ], [ -119.428895, 47.395644 ], [ -119.433781, 47.395721 ], [ -119.444238, 47.397207 ], [ -119.44738, 47.398818 ], [ -119.454785, 47.399958 ], [ -119.459849, 47.401213 ], [ -119.462717, 47.402413 ], [ -119.468974, 47.401544 ], [ -119.469718, 47.401429 ], [ -119.479943, 47.402429 ], [ -119.483546, 47.403864 ], [ -119.484076, 47.408881 ], [ -119.484083, 47.40904 ], [ -119.484367, 47.410098 ], [ -119.484408, 47.410581 ], [ -119.484148, 47.4125 ], [ -119.484395, 47.413882 ], [ -119.491465, 47.42338 ], [ -119.499748, 47.425098 ], [ -119.506826, 47.42462 ], [ -119.510459, 47.421884 ], [ -119.513238, 47.421519 ], [ -119.515671, 47.420281 ], [ -119.518112, 47.417858 ], [ -119.520318, 47.41753 ], [ -119.524332, 47.418381 ], [ -119.528218, 47.418015 ], [ -119.531562, 47.418405 ], [ -119.530865, 47.425995 ], [ -119.533079, 47.426802 ], [ -119.541026, 47.429017 ], [ -119.543659, 47.430771 ], [ -119.543901, 47.431819 ], [ -119.546567, 47.434972 ], [ -119.547536, 47.437148 ], [ -119.549136, 47.438344 ], [ -119.556086, 47.438536 ], [ -119.557805, 47.441139 ] ] ] } },
{ "type": "Feature", "properties": { "geoid": "53011041600", "county_name": "Clark County", "place_name": null, "state_name": "Washington", "state_abbr": "WA", "is_rural": false, "dci_score": 49.0, "dci_quintile": 5.0, "is_cra_lmi": true, "income_level": "M", "is_persistent_poverty": false, "is_tribal_overlap": false, "tribal_area_name": null, "aian_pct": 0.0, "has_nmtc": false, "nmtc_projects": 0, "nmtc_total_usd": 0.0 }, "geometry": { "type": "Polygon", "coordinates": [ [ [ -122.636061, 45.646189 ], [ -122.628699, 45.647098 ], [ -122.628847, 45.645919 ], [ -122.616821, 45.645185 ], [ -122.61665, 45.641218 ], [ -122.61361, 45.641972 ], [ -122.606157, 45.643905 ], [ -122.60502, 45.644088 ], [ -122.604914, 45.636431 ], [ -122.604847, 45.632561 ], [ -122.614343, 45.632593 ], [ -122.614353, 45.632084 ], [ -122.61387, 45.630555 ], [ -122.613624, 45.628719 ], [ -122.621754, 45.628695 ], [ -122.621826, 45.629887 ], [ -122.623217, 45.632223 ], [ -122.618108, 45.632861 ], [ -122.624076, 45.634761 ], [ -122.624377, 45.635237 ], [ -122.628018, 45.637743 ], [ -122.628012, 45.638715 ], [ -122.630756, 45.640193 ], [ -122.63335, 45.643173 ], [ -122.633138, 45.644227 ], [ -122.639569, 45.646335 ], [ -122.636061, 45.646189 ] ] ] } },
{ "type": "Feature", "properties": { "geoid": "53011041700", "county_name": "Clark County", "place_name": null, "state_name": "Washington", "state_abbr": "WA", "is_rural": false, "dci_score": 49.0, "dci_quintile": 5.0, "is_cra_lmi": true, "income_level": "M", "is_persistent_poverty": false, "is_tribal_overlap": false, "tribal_area_name": null, "aian_pct": 0.0, "has_nmtc": false, "nmtc_projects": 0, "nmtc_total_usd": 0.0 }, "geometry": { "type": "Polygon", "coordinates": [ [ [ -122.653892, 45.639631 ], [ -122.651537, 45.64043 ], [ -122.647692, 45.641719 ], [ -122.643789, 45.645027 ], [ -122.642313, 45.646372 ], [ -122.641967, 45.646819 ], [ -122.639569, 45.646335 ], [ -122.633138, 45.644227 ], [ -122.63335, 45.643173 ], [ -122.630756, 45.640193 ], [ -122.628012, 45.638715 ], [ -122.628018, 45.637743 ], [ -122.629188, 45.637391 ], [ -122.640195, 45.637898 ], [ -122.64182, 45.638033 ], [ -122.652561, 45.63889 ], [ -122.654275, 45.639233 ], [ -122.653892, 45.639631 ] ] ] } },
{ "type": "Feature", "properties": { "geoid": "53033027200", "county_name": "King County", "place_name": null, "state_name": "Washington", "state_abbr": "WA", "is_rural": false, "dci_score": 61.0, "dci_quintile": 4.0, "is_cra_lmi": true, "income_level": "M", "is_persistent_poverty": false, "is_tribal_overlap": false, "tribal_area_name": null, "aian_pct": 0.0, "has_nmtc": false, "nmtc_projects": 0, "nmtc_total_usd": 0.0 }, "geometry": { "type": "Polygon", "coordinates": [ [ [ -122.29522, 47.498494 ], [ -122.294562, 47.500214 ], [ -122.291252, 47.500527 ], [ -122.288246, 47.500711 ], [ -122.282565, 47.500338 ], [ -122.281142, 47.498357 ], [ -122.281292, 47.496996 ], [ -122.280192, 47.490224 ], [ -122.27335, 47.491444 ], [ -122.270075, 47.488694 ], [ -122.267835, 47.489244 ], [ -122.265321, 47.48809 ], [ -122.272216, 47.482236 ], [ -122.27274, 47.48097 ], [ -122.272662, 47.479586 ], [ -122.26974, 47.474052 ], [ -122.284393, 47.474228 ], [ -122.283997, 47.474955 ], [ -122.283641, 47.476022 ], [ -122.283629, 47.476971 ], [ -122.28425, 47.478842 ], [ -122.286688, 47.484464 ], [ -122.287619, 47.48561 ], [ -122.290821, 47.488331 ], [ -122.292699, 47.492809 ], [ -122.295273, 47.497638 ], [ -122.29522, 47.498494 ] ] ] } },
{ "type": "Feature", "properties": { "geoid": "53033026700", "county_name": "King County", "place_name": null, "state_name": "Washington", "state_abbr": "WA", "is_rural": false, "dci_score": 54.3, "dci_quintile": 4.0, "is_cra_lmi": true, "income_level": "M", "is_persistent_poverty": false, "is_tribal_overlap": false, "tribal_area_name": null, "aian_pct": 0.0, "has_nmtc": false, "nmtc_projects": 0, "nmtc_total_usd": 0.0 }, "geometry": { "type": "Polygon", "coordinates": [ [ [ -122.3738, 47.500834 ], [ -122.371413, 47.502778 ], [ -122.370561, 47.503866 ], [ -122.370877, 47.508199 ], [ -122.365817, 47.508209 ], [ -122.360464, 47.50858 ], [ -122.355102, 47.508557 ], [ -122.355108, 47.507113 ], [ -122.355145, 47.50278 ], [ -122.355193, 47.499577 ], [ -122.355046, 47.49914 ], [ -122.350255, 47.495315 ], [ -122.349957, 47.493857 ], [ -122.349978, 47.490241 ], [ -122.349993, 47.48843 ], [ -122.355237, 47.487321 ], [ -122.358236, 47.49022 ], [ -122.362167, 47.489725 ], [ -122.364910049399001, 47.488134213928298 ], [ -122.365236, 47.48842 ], [ -122.368542, 47.492341 ], [ -122.375652, 47.496434 ], [ -122.3738, 47.500834 ] ] ] } },
{ "type": "Feature", "properties": { "geoid": "53033026500", "county_name": "King County", "place_name": null, "state_name": "Washington", "state_abbr": "WA", "is_rural": false, "dci_score": 51.6, "dci_quintile": 5.0, "is_cra_lmi": true, "income_level": "L", "is_persistent_poverty": false, "is_tribal_overlap": false, "tribal_area_name": null, "aian_pct": 0.0, "has_nmtc": true, "nmtc_projects": 4, "nmtc_total_usd": 11001176.0 }, "geometry": { "type": "Polygon", "coordinates": [ [ [ -122.355167, 47.51738 ], [ -122.345426, 47.517302 ], [ -122.340134, 47.517277 ], [ -122.339442, 47.518546 ], [ -122.336303, 47.521242 ], [ -122.336194, 47.520252 ], [ -122.3315, 47.520955 ], [ -122.329696, 47.516629 ], [ -122.328184, 47.513994 ], [ -122.325648, 47.509142 ], [ -122.324916, 47.50763 ], [ -122.324759, 47.502714 ], [ -122.326864, 47.502049 ], [ -122.328039, 47.503097 ], [ -122.333654, 47.503154 ], [ -122.333631, 47.506766 ], [ -122.333624, 47.510381 ], [ -122.333953, 47.512159 ], [ -122.345047, 47.512011 ], [ -122.347641, 47.511973 ], [ -122.35511, 47.511865 ], [ -122.355167, 47.51738 ] ] ] } },
{ "type": "Feature", "properties": { "geoid": "53033026400", "county_name": "King County", "place_name": "Tacoma", "state_name": "Washington", "state_abbr": "WA", "is_rural": false, "dci_score": 64.5, "dci_quintile": 4.0, "is_cra_lmi": true, "income_level": "L", "is_persistent_poverty": false, "is_tribal_overlap": false, "tribal_area_name": null, "aian_pct": 0.0, "has_nmtc": true, "nmtc_projects": 1, "nmtc_total_usd": 9174481.0 }, "geometry": { "type": "Polygon", "coordinates": [ [ [ -122.330906, 47.520902 ], [ -122.325876, 47.52092 ], [ -122.325879, 47.518691 ], [ -122.323154, 47.518686 ], [ -122.318131, 47.518727 ], [ -122.317578, 47.520107 ], [ -122.317656, 47.522222 ], [ -122.309671, 47.522145 ], [ -122.309972, 47.524754 ], [ -122.311887, 47.526583 ], [ -122.314898, 47.527369 ], [ -122.317554, 47.52821 ], [ -122.317576, 47.529436 ], [ -122.315336, 47.529978 ], [ -122.309571, 47.526756 ], [ -122.308347, 47.524281 ], [ -122.306218, 47.518758 ], [ -122.304974, 47.5137 ], [ -122.30415, 47.512935 ], [ -122.299407, 47.512149 ], [ -122.293712, 47.510166 ], [ -122.292357, 47.508366 ], [ -122.29321, 47.506318 ], [ -122.29633, 47.504317 ], [ -122.297524, 47.502165 ], [ -122.296783, 47.500864 ], [ -122.294562, 47.500214 ], [ -122.29522, 47.498494 ], [ -122.295273, 47.497638 ], [ -122.296306, 47.497665 ], [ -122.296809, 47.497893 ], [ -122.296857, 47.497936 ], [ -122.297516, 47.498926 ], [ -122.299329, 47.500001 ], [ -122.304637, 47.499293 ], [ -122.304266, 47.497562 ], [ -122.302308, 47.495639 ], [ -122.310438, 47.495819 ], [ -122.312715, 47.499429 ], [ -122.314087, 47.50173 ], [ -122.315269, 47.502577 ], [ -122.317081, 47.503004 ], [ -122.323148, 47.503049 ], [ -122.324759, 47.502714 ], [ -122.324916, 47.50763 ], [ -122.325648, 47.509142 ], [ -122.328184, 47.513994 ], [ -122.329696, 47.516629 ], [ -122.3315, 47.520955 ], [ -122.330906, 47.520902 ] ] ] } },
{ "type": "Feature", "properties": { "geoid": "53033026200", "county_name": "King County", "place_name": "Tacoma", "state_name": "Washington", "state_abbr": "WA", "is_rural": false, "dci_score": 62.9, "dci_quintile": 4.0, "is_cra_lmi": true, "income_level": "M", "is_persistent_poverty": false, "is_tribal_overlap": false, "tribal_area_name": null, "aian_pct": 0.0, "has_nmtc": true, "nmtc_projects": 1, "nmtc_total_usd": 10670000.0 }, "geometry": { "type": "Polygon", "coordinates": [ [ [ -122.27274, 47.48097 ], [ -122.272216, 47.482236 ], [ -122.265321, 47.48809 ], [ -122.264954, 47.488628 ], [ -122.264726, 47.488246 ], [ -122.263121, 47.486503 ], [ -122.259227, 47.48416 ], [ -122.257793, 47.482983 ], [ -122.25206, 47.476018 ], [ -122.25113, 47.4758 ], [ -122.250643, 47.475588 ], [ -122.248625, 47.475198 ], [ -122.241722, 47.478473 ], [ -122.237599, 47.479189 ], [ -122.23523, 47.478919 ], [ -122.231093, 47.47654 ], [ -122.227823, 47.475812 ], [ -122.223954, 47.475033 ], [ -122.222765, 47.47496 ], [ -122.221134, 47.475054 ], [ -122.218853, 47.475431 ], [ -122.218043, 47.474612 ], [ -122.217909, 47.467935 ], [ -122.217825, 47.462012 ], [ -122.217063, 47.459004 ], [ -122.215433, 47.452827 ], [ -122.215294, 47.450743 ], [ -122.217459, 47.441169 ], [ -122.219887, 47.441122 ], [ -122.240985, 47.441196 ], [ -122.245629, 47.441233 ], [ -122.249923, 47.44142 ], [ -122.251226, 47.441853 ], [ -122.253326, 47.441306 ], [ -122.262746, 47.44162 ], [ -122.265159, 47.442961 ], [ -122.267165, 47.443598 ], [ -122.268169, 47.443836 ], [ -122.267881, 47.445102 ], [ -122.267044, 47.447824 ], [ -122.264539, 47.454338 ], [ -122.264011, 47.456265 ], [ -122.263919, 47.460899 ], [ -122.265166, 47.46287 ], [ -122.267225, 47.465794 ], [ -122.268272, 47.468981 ], [ -122.26974, 47.474052 ], [ -122.272662, 47.479586 ], [ -122.27274, 47.48097 ] ] ] } },
{ "type": "Feature", "properties": { "geoid": "53033030901", "county_name": "King County", "place_name": "Parkland", "state_name": "Washington", "state_abbr": "WA", "is_rural": false, "dci_score": 36.2, "dci_quintile": 5.0, "is_cra_lmi": true, "income_level": "M", "is_persistent_poverty": false, "is_tribal_overlap": false, "tribal_area_name": null, "aian_pct": 0.0, "has_nmtc": false, "nmtc_projects": 0, "nmtc_total_usd": 0.0 }, "geometry": { "type": "Polygon", "coordinates": [ [ [ -122.261944, 47.268319 ], [ -122.261071, 47.272603 ], [ -122.260473, 47.274187 ], [ -122.259964, 47.275536 ], [ -122.259286, 47.278461 ], [ -122.25917, 47.279157 ], [ -122.259305, 47.284141 ], [ -122.258785, 47.288001 ], [ -122.259746, 47.293495 ], [ -122.248278, 47.293579 ], [ -122.240393, 47.293638 ], [ -122.245729, 47.285582 ], [ -122.246205, 47.28449 ], [ -122.246449, 47.279092 ], [ -122.247188, 47.279092 ], [ -122.247215, 47.27417 ], [ -122.247229, 47.272927 ], [ -122.250022, 47.272902 ], [ -122.250178, 47.266405 ], [ -122.254387, 47.266495 ], [ -122.257537, 47.266531 ], [ -122.258724, 47.264789 ], [ -122.262935, 47.26534 ], [ -122.261944, 47.268319 ] ] ] } },
{ "type": "Feature", "properties": { "geoid": "53033030801", "county_name": "King County", "place_name": null, "state_name": "Washington", "state_abbr": "WA", "is_rural": false, "dci_score": 61.0, "dci_quintile": 4.0, "is_cra_lmi": true, "income_level": "L", "is_persistent_poverty": false, "is_tribal_overlap": false, "tribal_area_name": null, "aian_pct": 0.0, "has_nmtc": false, "nmtc_projects": 0, "nmtc_total_usd": 0.0 }, "geometry": { "type": "Polygon", "coordinates": [ [ [ -122.260482, 47.29742 ], [ -122.260335, 47.297927 ], [ -122.256552, 47.302833 ], [ -122.252545, 47.302201 ], [ -122.233116, 47.303504 ], [ -122.228676, 47.303034 ], [ -122.228925, 47.293594 ], [ -122.228887, 47.290014 ], [ -122.221389, 47.290054 ], [ -122.221341, 47.282802 ], [ -122.213355, 47.282833 ], [ -122.213406, 47.276838 ], [ -122.209448, 47.27586 ], [ -122.208054, 47.275922 ], [ -122.208081, 47.27492 ], [ -122.2095, 47.274654 ], [ -122.213377, 47.274618 ], [ -122.214562, 47.274608 ], [ -122.216852, 47.274199 ], [ -122.217909, 47.27358 ], [ -122.218627, 47.272537 ], [ -122.220806, 47.27106 ], [ -122.221659, 47.270743 ], [ -122.223162, 47.270413 ], [ -122.224293, 47.269177 ], [ -122.22572, 47.268165 ], [ -122.226156, 47.266934 ], [ -122.229982, 47.265887 ], [ -122.230031, 47.26673 ], [ -122.23013, 47.268298 ], [ -122.230358, 47.271933 ], [ -122.236833, 47.271897 ], [ -122.236788, 47.275482 ], [ -122.239444, 47.275484 ], [ -122.239422, 47.279126 ], [ -122.246449, 47.279092 ], [ -122.246205, 47.28449 ], [ -122.245729, 47.285582 ], [ -122.240393, 47.293638 ], [ -122.248278, 47.293579 ], [ -122.259746, 47.293495 ], [ -122.260482, 47.296249 ], [ -122.260482, 47.29742 ] ] ] } },
{ "type": "Feature", "properties": { "geoid": "53061041905", "county_name": "Snohomish County", "place_name": "Tacoma", "state_name": "Washington", "state_abbr": "WA", "is_rural": false, "dci_score": 82.5, "dci_quintile": 2.0, "is_cra_lmi": false, "income_level": "U", "is_persistent_poverty": false, "is_tribal_overlap": false, "tribal_area_name": null, "aian_pct": 0.0, "has_nmtc": false, "nmtc_projects": 0, "nmtc_total_usd": 0.0 }, "geometry": { "type": "Polygon", "coordinates": [ [ [ -122.271199, 47.907529 ], [ -122.266052, 47.907495 ], [ -122.26472, 47.907487 ], [ -122.260017, 47.907453 ], [ -122.257951, 47.907431 ], [ -122.252606, 47.90737 ], [ -122.24664, 47.907337 ], [ -122.241676, 47.907332 ], [ -122.244625, 47.904189 ], [ -122.248455, 47.900091 ], [ -122.25184, 47.896448 ], [ -122.257239, 47.890694 ], [ -122.258412, 47.889419 ], [ -122.259387, 47.890767 ], [ -122.263507, 47.8965 ], [ -122.270166, 47.905709 ], [ -122.271199, 47.907529 ] ] ] } },
{ "type": "Feature", "properties": { "geoid": "53015000502", "county_name": "Cowlitz County", "place_name": null, "state_name": "Washington", "state_abbr": "WA", "is_rural": true, "dci_score": 68.5, "dci_quintile": 4.0, "is_cra_lmi": true, "income_level": "L", "is_persistent_poverty": false, "is_tribal_overlap": false, "tribal_area_name": null, "aian_pct": 0.0, "has_nmtc": false, "nmtc_projects": 0, "nmtc_total_usd": 0.0 }, "geometry": { "type": "Polygon", "coordinates": [ [ [ -122.971763, 46.131773 ], [ -122.962304, 46.132708 ], [ -122.962078, 46.132107 ], [ -122.960902, 46.127878 ], [ -122.957642, 46.126434 ], [ -122.952484, 46.124127 ], [ -122.948752, 46.12243 ], [ -122.946372, 46.121218 ], [ -122.949687, 46.117588 ], [ -122.954142, 46.117374 ], [ -122.95612, 46.118606 ], [ -122.962683, 46.122618 ], [ -122.971672, 46.128101 ], [ -122.971763, 46.131773 ] ] ] } },
{ "type": "Feature", "properties": { "geoid": "53061052903", "county_name": "Snohomish County", "place_name": null, "state_name": "Washington", "state_abbr": "WA", "is_rural": false, "dci_score": 22.1, "dci_quintile": 5.0, "is_cra_lmi": true, "income_level": "L", "is_persistent_poverty": false, "is_tribal_overlap": true, "tribal_area_name": "Tulalip Reservation", "aian_pct": 0.0, "has_nmtc": false, "nmtc_projects": 0, "nmtc_total_usd": 0.0 }, "geometry": { "type": "Polygon", "coordinates": [ [ [ -122.184107, 48.051901 ], [ -122.183944, 48.061294 ], [ -122.179775, 48.061248 ], [ -122.176923, 48.061295 ], [ -122.173285, 48.061259 ], [ -122.173062, 48.061262 ], [ -122.163387, 48.061175 ], [ -122.162249, 48.061195 ], [ -122.156929, 48.06102 ], [ -122.156916, 48.060144 ], [ -122.158997, 48.05968 ], [ -122.158382, 48.057509 ], [ -122.160875, 48.055926 ], [ -122.160485, 48.054843 ], [ -122.16434, 48.051842 ], [ -122.163741, 48.051437 ], [ -122.163173, 48.049735 ], [ -122.165594, 48.046405 ], [ -122.16342, 48.045139 ], [ -122.16644, 48.042907 ], [ -122.164768, 48.041701 ], [ -122.166809, 48.040054 ], [ -122.167289, 48.039181 ], [ -122.17111, 48.037346 ], [ -122.173172, 48.037705 ], [ -122.175219, 48.043676 ], [ -122.179194, 48.046344 ], [ -122.181812, 48.047047 ], [ -122.182575, 48.047051 ], [ -122.184125, 48.049214 ], [ -122.184107, 48.051901 ] ] ] } },
{ "type": "Feature", "properties": { "geoid": "53033008500", "county_name": "King County", "place_name": null, "state_name": "Washington", "state_abbr": "WA", "is_rural": false, "dci_score": 92.7, "dci_quintile": 1.0, "is_cra_lmi": false, "income_level": "U", "is_persistent_poverty": false, "is_tribal_overlap": false, "tribal_area_name": null, "aian_pct": 0.0, "has_nmtc": false, "nmtc_projects": 0, "nmtc_total_usd": 0.0 }, "geometry": { "type": "Polygon", "coordinates": [ [ [ -122.329604, 47.606482 ], [ -122.32671, 47.607694 ], [ -122.324489, 47.608623 ], [ -122.323378, 47.609087 ], [ -122.322726, 47.608373 ], [ -122.32076, 47.608098 ], [ -122.320754, 47.607217 ], [ -122.320751, 47.606211 ], [ -122.320746, 47.604269 ], [ -122.320739, 47.601699 ], [ -122.322449, 47.601702 ], [ -122.324244, 47.601705 ], [ -122.32484, 47.601706 ], [ -122.327658, 47.601715 ], [ -122.327885, 47.602271 ], [ -122.329189, 47.603696 ], [ -122.331148, 47.605837 ], [ -122.329604, 47.606482 ] ] ] } },
{ "type": "Feature", "properties": { "geoid": "53015002100", "county_name": "Cowlitz County", "place_name": null, "state_name": "Washington", "state_abbr": "WA", "is_rural": true, "dci_score": 68.6, "dci_quintile": 4.0, "is_cra_lmi": false, "income_level": "U", "is_persistent_poverty": false, "is_tribal_overlap": false, "tribal_area_name": null, "aian_pct": 0.0, "has_nmtc": false, "nmtc_projects": 0, "nmtc_total_usd": 0.0 }, "geometry": { "type": "Polygon", "coordinates": [ [ [ -122.941121, 46.127233 ], [ -122.940466, 46.128918 ], [ -122.93766, 46.135947 ], [ -122.933523, 46.146318 ], [ -122.93324, 46.147334 ], [ -122.930565, 46.14716 ], [ -122.923521, 46.148132 ], [ -122.922872, 46.148456 ], [ -122.922038, 46.146705 ], [ -122.923007, 46.144288 ], [ -122.917149, 46.143153 ], [ -122.916245, 46.145558 ], [ -122.914179, 46.145208 ], [ -122.914373, 46.144538 ], [ -122.914766, 46.142675 ], [ -122.916502, 46.139859 ], [ -122.917213, 46.137381 ], [ -122.919579, 46.132797 ], [ -122.920871, 46.127726 ], [ -122.920383, 46.123596 ], [ -122.917915, 46.120503 ], [ -122.914755, 46.118367 ], [ -122.911129, 46.117145 ], [ -122.911825, 46.115642 ], [ -122.912025, 46.115106 ], [ -122.914067, 46.115779 ], [ -122.926494, 46.123141 ], [ -122.928124, 46.123742 ], [ -122.930822, 46.124384 ], [ -122.929811, 46.126935 ], [ -122.936529, 46.128214 ], [ -122.937507, 46.125739 ], [ -122.941509, 46.12662 ], [ -122.941121, 46.127233 ] ] ] } },
{ "type": "Feature", "properties": { "geoid": "53015000601", "county_name": "Cowlitz County", "place_name": null, "state_name": "Washington", "state_abbr": "WA", "is_rural": true, "dci_score": 68.5, "dci_quintile": 4.0, "is_cra_lmi": true, "income_level": "M", "is_persistent_poverty": false, "is_tribal_overlap": false, "tribal_area_name": null, "aian_pct": 0.0, "has_nmtc": false, "nmtc_projects": 0, "nmtc_total_usd": 0.0 }, "geometry": { "type": "Polygon", "coordinates": [ [ [ -122.971706, 46.138175 ], [ -122.971448, 46.146449 ], [ -122.96975, 46.147842 ], [ -122.969369, 46.148016 ], [ -122.968434, 46.148376 ], [ -122.96216, 46.147523 ], [ -122.962188, 46.145104 ], [ -122.962228, 46.141742 ], [ -122.962289, 46.136395 ], [ -122.962304, 46.132708 ], [ -122.971763, 46.131773 ], [ -122.971706, 46.138175 ] ] ] } },
{ "type": "Feature", "properties": { "geoid": "53061053509", "county_name": "Snohomish County", "place_name": null, "state_name": "Washington", "state_abbr": "WA", "is_rural": false, "dci_score": 32.7, "dci_quintile": 5.0, "is_cra_lmi": true, "income_level": "M", "is_persistent_poverty": false, "is_tribal_overlap": true, "tribal_area_name": "Stillaguamish Off-Reservation Trust Land", "aian_pct": 0.0, "has_nmtc": true, "nmtc_projects": 2, "nmtc_total_usd": 15719500.0 }, "geometry": { "type": "Polygon", "coordinates": [ [ [ -122.191286, 48.167061 ], [ -122.190519, 48.167024 ], [ -122.182883, 48.167008 ], [ -122.180169, 48.166992 ], [ -122.179953, 48.166991 ], [ -122.174225, 48.166959 ], [ -122.167341, 48.166865 ], [ -122.166929, 48.167295 ], [ -122.167024, 48.175029 ], [ -122.167016, 48.176581 ], [ -122.157641, 48.176815 ], [ -122.152831, 48.176917 ], [ -122.150772, 48.177445 ], [ -122.149734, 48.178095 ], [ -122.149247, 48.177897 ], [ -122.146672, 48.177891 ], [ -122.146669, 48.180427 ], [ -122.146791, 48.180708 ], [ -122.145924, 48.180913 ], [ -122.140459, 48.180894 ], [ -122.140775, 48.171003 ], [ -122.140508, 48.169458 ], [ -122.140524, 48.15788 ], [ -122.140567, 48.151893 ], [ -122.151733, 48.152084 ], [ -122.153902, 48.152076 ], [ -122.166953, 48.152219 ], [ -122.172305, 48.152312 ], [ -122.173454, 48.152336 ], [ -122.173692, 48.152342 ], [ -122.173986, 48.152344 ], [ -122.182981, 48.152494 ], [ -122.188682, 48.152378 ], [ -122.190617, 48.163285 ], [ -122.191286, 48.167061 ] ] ] } },
{ "type": "Feature", "properties": { "geoid": "53061051500", "county_name": "Snohomish County", "place_name": null, "state_name": "Washington", "state_abbr": "WA", "is_rural": false, "dci_score": 54.1, "dci_quintile": 4.0, "is_cra_lmi": true, "income_level": "M", "is_persistent_poverty": false, "is_tribal_overlap": false, "tribal_area_name": null, "aian_pct": 0.0, "has_nmtc": false, "nmtc_projects": 0, "nmtc_total_usd": 0.0 }, "geometry": { "type": "Polygon", "coordinates": [ [ [ -122.337757, 47.831541 ], [ -122.336677, 47.831291 ], [ -122.334808, 47.83113 ], [ -122.331613, 47.830345 ], [ -122.330592, 47.831088 ], [ -122.329896, 47.829023 ], [ -122.328109, 47.828995 ], [ -122.326918, 47.830874 ], [ -122.325084, 47.828553 ], [ -122.31968, 47.828487 ], [ -122.308913, 47.828354 ], [ -122.314118, 47.822327 ], [ -122.315183, 47.821214 ], [ -122.319831, 47.815829 ], [ -122.321378, 47.814032 ], [ -122.32559, 47.808315 ], [ -122.326653, 47.806843 ], [ -122.330155, 47.806882 ], [ -122.330215, 47.810531 ], [ -122.335791, 47.810567 ], [ -122.335803, 47.812365 ], [ -122.335876, 47.818731 ], [ -122.337075, 47.818733 ], [ -122.337244, 47.821444 ], [ -122.335901, 47.821439 ], [ -122.335902, 47.821805 ], [ -122.335928, 47.825919 ], [ -122.337592, 47.827661 ], [ -122.337757, 47.831541 ] ] ] } },
{ "type": "Feature", "properties": { "geoid": "53035092801", "county_name": "Kitsap County", "place_name": null, "state_name": "Washington", "state_abbr": "WA", "is_rural": true, "dci_score": 17.9, "dci_quintile": 5.0, "is_cra_lmi": true, "income_level": "M", "is_persistent_poverty": false, "is_tribal_overlap": false, "tribal_area_name": null, "aian_pct": 0.0, "has_nmtc": false, "nmtc_projects": 0, "nmtc_total_usd": 0.0 }, "geometry": { "type": "Polygon", "coordinates": [ [ [ -122.645585, 47.501249 ], [ -122.642491, 47.50435 ], [ -122.640805, 47.504935 ], [ -122.626135, 47.504904 ], [ -122.624537, 47.504896 ], [ -122.620694, 47.504876 ], [ -122.616006, 47.504848 ], [ -122.610064, 47.504823 ], [ -122.605434, 47.504832 ], [ -122.599446, 47.504877 ], [ -122.594715, 47.504905 ], [ -122.594754, 47.502539 ], [ -122.594025, 47.49946 ], [ -122.594593, 47.498546 ], [ -122.594537, 47.48485 ], [ -122.596543, 47.483121 ], [ -122.593518, 47.482762 ], [ -122.592083, 47.47807 ], [ -122.591839, 47.471272 ], [ -122.592889, 47.468801 ], [ -122.596616, 47.46881 ], [ -122.599787, 47.468722 ], [ -122.609814, 47.468594 ], [ -122.624115, 47.468662 ], [ -122.624391, 47.474519 ], [ -122.625152, 47.477108 ], [ -122.626229, 47.479219 ], [ -122.630539, 47.484786 ], [ -122.635714, 47.4912 ], [ -122.640304, 47.495839 ], [ -122.642636, 47.498164 ], [ -122.645196, 47.500768 ], [ -122.645585, 47.501249 ] ] ] } },
{ "type": "Feature", "properties": { "geoid": "53041971000", "county_name": "Lewis County", "place_name": null, "state_name": "Washington", "state_abbr": "WA", "is_rural": true, "dci_score": 51.3, "dci_quintile": 5.0, "is_cra_lmi": false, "income_level": "U", "is_persistent_poverty": false, "is_tribal_overlap": false, "tribal_area_name": null, "aian_pct": 0.0, "has_nmtc": false, "nmtc_projects": 0, "nmtc_total_usd": 0.0 }, "geometry": { "type": "Polygon", "coordinates": [ [ [ -122.981235, 46.650177 ], [ -122.978385, 46.65159 ], [ -122.977495, 46.652094 ], [ -122.976135, 46.653353 ], [ -122.975257, 46.654812 ], [ -122.972456, 46.652596 ], [ -122.971634, 46.652106 ], [ -122.970168, 46.65138 ], [ -122.959024, 46.646008 ], [ -122.957275, 46.647725 ], [ -122.959427, 46.652158 ], [ -122.960909, 46.65324 ], [ -122.954674, 46.657303 ], [ -122.954201, 46.65788 ], [ -122.950118, 46.655936 ], [ -122.950165, 46.655024 ], [ -122.950525, 46.652631 ], [ -122.946908, 46.650987 ], [ -122.941668, 46.648609 ], [ -122.938248, 46.647549 ], [ -122.938141, 46.647512 ], [ -122.936847, 46.646935 ], [ -122.934008, 46.645143 ], [ -122.931939, 46.643818 ], [ -122.926814, 46.63946 ], [ -122.923956, 46.63609 ], [ -122.922479, 46.634751 ], [ -122.917352, 46.632152 ], [ -122.91143, 46.630234 ], [ -122.920504, 46.630567 ], [ -122.930237, 46.630116 ], [ -122.934218, 46.627506 ], [ -122.933379, 46.626172 ], [ -122.934664, 46.624798 ], [ -122.934396, 46.61973 ], [ -122.938085, 46.619753 ], [ -122.942928, 46.620763 ], [ -122.944743, 46.619864 ], [ -122.948298, 46.621549 ], [ -122.951433, 46.62264 ], [ -122.950043, 46.623755 ], [ -122.947994, 46.624195 ], [ -122.949341, 46.624646 ], [ -122.953303, 46.623766 ], [ -122.956076, 46.624069 ], [ -122.957368, 46.6256 ], [ -122.956628, 46.628041 ], [ -122.958991, 46.629536 ], [ -122.963169, 46.630843 ], [ -122.964278, 46.630726 ], [ -122.966787, 46.631987 ], [ -122.967745, 46.63378 ], [ -122.966786, 46.63468 ], [ -122.96494, 46.635056 ], [ -122.966503, 46.637117 ], [ -122.964688, 46.63757 ], [ -122.966632, 46.637999 ], [ -122.968494, 46.639714 ], [ -122.970382, 46.640658 ], [ -122.970997, 46.643831 ], [ -122.9727, 46.643984 ], [ -122.97261, 46.642994 ], [ -122.974112, 46.642446 ], [ -122.976094, 46.642851 ], [ -122.976217, 46.645245 ], [ -122.978448, 46.645893 ], [ -122.976676, 46.646577 ], [ -122.97736, 46.648035 ], [ -122.980947, 46.647586 ], [ -122.981235, 46.650177 ] ] ] } },
{ "type": "Feature", "properties": { "geoid": "53033030314", "county_name": "King County", "place_name": null, "state_name": "Washington", "state_abbr": "WA", "is_rural": false, "dci_score": 76.3, "dci_quintile": 3.0, "is_cra_lmi": true, "income_level": "L", "is_persistent_poverty": false, "is_tribal_overlap": false, "tribal_area_name": null, "aian_pct": 0.0, "has_nmtc": true, "nmtc_projects": 1, "nmtc_total_usd": 0.0 }, "geometry": { "type": "Polygon", "coordinates": [ [ [ -122.334653, 47.315165 ], [ -122.323392, 47.315169 ], [ -122.321181, 47.315167 ], [ -122.313506, 47.315159 ], [ -122.313521, 47.306109 ], [ -122.313534, 47.303134 ], [ -122.313636, 47.300679 ], [ -122.323743, 47.300672 ], [ -122.328903, 47.299813 ], [ -122.32927, 47.300469 ], [ -122.330492, 47.301593 ], [ -122.332386, 47.303134 ], [ -122.333895, 47.304726 ], [ -122.334549, 47.306192 ], [ -122.334635, 47.308157 ], [ -122.334653, 47.315165 ] ] ] } },
{ "type": "Feature", "properties": { "geoid": "53033029407", "county_name": "King County", "place_name": null, "state_name": "Washington", "state_abbr": "WA", "is_rural": false, "dci_score": 58.4, "dci_quintile": 4.0, "is_cra_lmi": true, "income_level": "L", "is_persistent_poverty": false, "is_tribal_overlap": false, "tribal_area_name": null, "aian_pct": 0.0, "has_nmtc": false, "nmtc_projects": 0, "nmtc_total_usd": 0.0 }, "geometry": { "type": "Polygon", "coordinates": [ [ [ -122.207385, 47.400764 ], [ -122.207383, 47.401476 ], [ -122.205243, 47.401476 ], [ -122.19988, 47.401178 ], [ -122.198752, 47.401712 ], [ -122.197645, 47.401322 ], [ -122.197716, 47.398409 ], [ -122.195119, 47.39726 ], [ -122.195105, 47.39591 ], [ -122.197317, 47.395529 ], [ -122.195084, 47.39425 ], [ -122.193676, 47.394151 ], [ -122.197116, 47.390922 ], [ -122.197104, 47.386951 ], [ -122.202229, 47.386957 ], [ -122.207419, 47.38695 ], [ -122.207385, 47.400764 ] ] ] } },
{ "type": "Feature", "properties": { "geoid": "53033029203", "county_name": "King County", "place_name": "Airway Heights", "state_name": "Washington", "state_abbr": "WA", "is_rural": false, "dci_score": 67.0, "dci_quintile": 4.0, "is_cra_lmi": true, "income_level": "M", "is_persistent_poverty": false, "is_tribal_overlap": false, "tribal_area_name": null, "aian_pct": 0.0, "has_nmtc": false, "nmtc_projects": 0, "nmtc_total_usd": 0.0 }, "geometry": { "type": "Polygon", "coordinates": [ [ [ -122.244309, 47.385433 ], [ -122.243408, 47.387398 ], [ -122.242269, 47.388713 ], [ -122.237313, 47.392189 ], [ -122.228044, 47.398412 ], [ -122.228072, 47.394644 ], [ -122.230812, 47.391301 ], [ -122.231109, 47.386651 ], [ -122.215358, 47.386809 ], [ -122.215394, 47.379601 ], [ -122.215547, 47.378463 ], [ -122.219716, 47.381607 ], [ -122.221694, 47.382651 ], [ -122.226021, 47.382282 ], [ -122.22709, 47.381263 ], [ -122.231054, 47.379799 ], [ -122.232927, 47.379769 ], [ -122.232963, 47.38161 ], [ -122.237403, 47.381538 ], [ -122.244439, 47.381414 ], [ -122.244309, 47.385433 ] ] ] } },
{ "type": "Feature", "properties": { "geoid": "53035092300", "county_name": "Kitsap County", "place_name": null, "state_name": "Washington", "state_abbr": "WA", "is_rural": true, "dci_score": 49.5, "dci_quintile": 5.0, "is_cra_lmi": true, "income_level": "M", "is_persistent_poverty": false, "is_tribal_overlap": false, "tribal_area_name": null, "aian_pct": 0.0, "has_nmtc": false, "nmtc_projects": 0, "nmtc_total_usd": 0.0 }, "geometry": { "type": "Polygon", "coordinates": [ [ [ -122.646939, 47.503257 ], [ -122.644491, 47.5048 ], [ -122.644883, 47.507534 ], [ -122.641073, 47.51224 ], [ -122.638962, 47.514667 ], [ -122.638561, 47.515852 ], [ -122.640555, 47.518279 ], [ -122.639346, 47.52338 ], [ -122.638245, 47.52454 ], [ -122.637201, 47.526921 ], [ -122.637162, 47.528255 ], [ -122.633791, 47.529284 ], [ -122.630357, 47.539852 ], [ -122.627332, 47.542235 ], [ -122.626871, 47.541756 ], [ -122.627954, 47.539022 ], [ -122.626597, 47.534367 ], [ -122.625037, 47.533993 ], [ -122.617724, 47.53403 ], [ -122.611663, 47.534031 ], [ -122.609634, 47.533972 ], [ -122.609728, 47.521536 ], [ -122.609737, 47.519413 ], [ -122.610064, 47.504823 ], [ -122.616006, 47.504848 ], [ -122.620694, 47.504876 ], [ -122.624537, 47.504896 ], [ -122.626135, 47.504904 ], [ -122.640805, 47.504935 ], [ -122.642491, 47.50435 ], [ -122.645585, 47.501249 ], [ -122.646939, 47.503257 ] ] ] } },
{ "type": "Feature", "properties": { "geoid": "53033028802", "county_name": "King County", "place_name": null, "state_name": "Washington", "state_abbr": "WA", "is_rural": false, "dci_score": 57.2, "dci_quintile": 4.0, "is_cra_lmi": true, "income_level": "M", "is_persistent_poverty": false, "is_tribal_overlap": false, "tribal_area_name": null, "aian_pct": 0.0, "has_nmtc": false, "nmtc_projects": 0, "nmtc_total_usd": 0.0 }, "geometry": { "type": "Polygon", "coordinates": [ [ [ -122.297829, 47.411796 ], [ -122.297187, 47.415471 ], [ -122.296708, 47.419075 ], [ -122.296241, 47.422695 ], [ -122.29522, 47.430963 ], [ -122.295374, 47.434532 ], [ -122.286831, 47.434447 ], [ -122.281683, 47.434394 ], [ -122.271681, 47.434353 ], [ -122.2711, 47.434481 ], [ -122.270697, 47.434317 ], [ -122.270268, 47.434315 ], [ -122.270847, 47.432894 ], [ -122.272057, 47.431291 ], [ -122.285885, 47.421689 ], [ -122.288658, 47.418843 ], [ -122.28952, 47.417446 ], [ -122.290264, 47.415448 ], [ -122.292183, 47.408186 ], [ -122.292639, 47.408188 ], [ -122.298321, 47.408234 ], [ -122.297829, 47.411796 ] ] ] } },
{ "type": "Feature", "properties": { "geoid": "53033028200", "county_name": "King County", "place_name": null, "state_name": "Washington", "state_abbr": "WA", "is_rural": false, "dci_score": 64.2, "dci_quintile": 4.0, "is_cra_lmi": true, "income_level": "L", "is_persistent_poverty": false, "is_tribal_overlap": false, "tribal_area_name": null, "aian_pct": 0.0, "has_nmtc": false, "nmtc_projects": 0, "nmtc_total_usd": 0.0 }, "geometry": { "type": "Polygon", "coordinates": [ [ [ -122.289725, 47.463443 ], [ -122.288875, 47.465142 ], [ -122.288108, 47.466962 ], [ -122.287152, 47.468786 ], [ -122.285295, 47.472434 ], [ -122.284393, 47.474228 ], [ -122.26974, 47.474052 ], [ -122.268272, 47.468981 ], [ -122.267225, 47.465794 ], [ -122.265166, 47.46287 ], [ -122.263919, 47.460899 ], [ -122.264011, 47.456265 ], [ -122.264216, 47.456345 ], [ -122.265205, 47.456734 ], [ -122.267733, 47.457114 ], [ -122.267689, 47.458376 ], [ -122.269044, 47.458723 ], [ -122.270729, 47.459594 ], [ -122.281177, 47.459637 ], [ -122.28604, 47.459495 ], [ -122.286734, 47.459637 ], [ -122.291581, 47.459652 ], [ -122.289725, 47.463443 ] ] ] } },
{ "type": "Feature", "properties": { "geoid": "53033011700", "county_name": "King County", "place_name": "Ellensburg", "state_name": "Washington", "state_abbr": "WA", "is_rural": false, "dci_score": 42.1, "dci_quintile": 5.0, "is_cra_lmi": true, "income_level": "M", "is_persistent_poverty": false, "is_tribal_overlap": false, "tribal_area_name": null, "aian_pct": 0.0, "has_nmtc": false, "nmtc_projects": 0, "nmtc_total_usd": 0.0 }, "geometry": { "type": "Polygon", "coordinates": [ [ [ -122.293727, 47.53049 ], [ -122.294595, 47.533112 ], [ -122.289183, 47.533058 ], [ -122.288471, 47.531683 ], [ -122.283647, 47.531532 ], [ -122.278305, 47.531541 ], [ -122.278083, 47.528902 ], [ -122.276943, 47.526117 ], [ -122.276405, 47.52331 ], [ -122.274327, 47.521504 ], [ -122.272343, 47.519965 ], [ -122.271506, 47.519046 ], [ -122.270882, 47.518051 ], [ -122.270023, 47.517149 ], [ -122.270069, 47.509663 ], [ -122.275411, 47.509784 ], [ -122.276241, 47.507231 ], [ -122.278229, 47.507991 ], [ -122.278235, 47.509852 ], [ -122.282967, 47.509953 ], [ -122.29134, 47.510146 ], [ -122.291283, 47.519301 ], [ -122.291372, 47.524462 ], [ -122.29365, 47.52446 ], [ -122.296187, 47.52996 ], [ -122.293727, 47.53049 ] ] ] } },
{ "type": "Feature", "properties": { "geoid": "53033011002", "county_name": "King County", "place_name": null, "state_name": "Washington", "state_abbr": "WA", "is_rural": false, "dci_score": 81.8, "dci_quintile": 2.0, "is_cra_lmi": true, "income_level": "L", "is_persistent_poverty": false, "is_tribal_overlap": false, "tribal_area_name": null, "aian_pct": 0.0, "has_nmtc": false, "nmtc_projects": 0, "nmtc_total_usd": 0.0 }, "geometry": { "type": "Polygon", "coordinates": [ [ [ -122.312022, 47.548419 ], [ -122.311133, 47.548884 ], [ -122.305946, 47.54652 ], [ -122.302341, 47.546424 ], [ -122.300334, 47.54637 ], [ -122.292596, 47.546163 ], [ -122.292775, 47.544287 ], [ -122.29279, 47.54265 ], [ -122.291868, 47.542541 ], [ -122.290194, 47.540152 ], [ -122.289959, 47.535453 ], [ -122.290922, 47.53522 ], [ -122.290006, 47.534434 ], [ -122.289183, 47.533058 ], [ -122.294595, 47.533112 ], [ -122.293727, 47.53049 ], [ -122.296187, 47.52996 ], [ -122.29782, 47.533266 ], [ -122.299241, 47.534851 ], [ -122.314014, 47.547434 ], [ -122.312022, 47.548419 ] ] ] } },
{ "type": "Feature", "properties": { "geoid": "53033009200", "county_name": "King County", "place_name": null, "state_name": "Washington", "state_abbr": "WA", "is_rural": false, "dci_score": 98.5, "dci_quintile": 1.0, "is_cra_lmi": true, "income_level": "L", "is_persistent_poverty": false, "is_tribal_overlap": false, "tribal_area_name": null, "aian_pct": 0.0, "has_nmtc": true, "nmtc_projects": 2, "nmtc_total_usd": 15374500.0 }, "geometry": { "type": "Polygon", "coordinates": [ [ [ -122.341170040240996, 47.6021701537044 ], [ -122.336584, 47.601716 ], [ -122.32899, 47.601732 ], [ -122.327658, 47.601715 ], [ -122.32484, 47.601706 ], [ -122.324244, 47.601705 ], [ -122.321162, 47.599186 ], [ -122.323752, 47.599187 ], [ -122.327669, 47.599193 ], [ -122.328989, 47.599195 ], [ -122.339570996202994, 47.59922 ], [ -122.341170040240996, 47.6021701537044 ] ] ] } },
{ "type": "Feature", "properties": { "geoid": "53033009000", "county_name": "King County", "place_name": null, "state_name": "Washington", "state_abbr": "WA", "is_rural": false, "dci_score": 45.3, "dci_quintile": 5.0, "is_cra_lmi": true, "income_level": "L", "is_persistent_poverty": false, "is_tribal_overlap": false, "tribal_area_name": null, "aian_pct": 0.0, "has_nmtc": true, "nmtc_projects": 3, "nmtc_total_usd": 11710000.0 }, "geometry": { "type": "Polygon", "coordinates": [ [ [ -122.317194, 47.600264 ], [ -122.316783, 47.601692 ], [ -122.312879, 47.601685 ], [ -122.308961, 47.601676 ], [ -122.306354, 47.601672 ], [ -122.303741, 47.601667 ], [ -122.302335, 47.601665 ], [ -122.302231, 47.597876 ], [ -122.302214, 47.593403 ], [ -122.302502, 47.591891 ], [ -122.305967, 47.592092 ], [ -122.306184, 47.59589 ], [ -122.308959, 47.59587 ], [ -122.317257, 47.595819 ], [ -122.317194, 47.600264 ] ] ] } },
{ "type": "Feature", "properties": { "geoid": "53073000600", "county_name": "Whatcom County", "place_name": null, "state_name": "Washington", "state_abbr": "WA", "is_rural": false, "dci_score": 53.6, "dci_quintile": 5.0, "is_cra_lmi": true, "income_level": "L", "is_persistent_poverty": false, "is_tribal_overlap": false, "tribal_area_name": null, "aian_pct": 0.0, "has_nmtc": true, "nmtc_projects": 1, "nmtc_total_usd": 3500000.0 }, "geometry": { "type": "Polygon", "coordinates": [ [ [ -122.494395067778996, 48.745613357339401 ], [ -122.490488, 48.747887 ], [ -122.490452814567007, 48.749197758491199 ], [ -122.485441, 48.751398 ], [ -122.482424, 48.754922 ], [ -122.480078, 48.755788 ], [ -122.478323, 48.755954 ], [ -122.476763, 48.754139 ], [ -122.475082, 48.753915 ], [ -122.475094, 48.755136 ], [ -122.472185, 48.755132 ], [ -122.472049, 48.751801 ], [ -122.474064, 48.750431 ], [ -122.475596, 48.749419 ], [ -122.477091, 48.748407 ], [ -122.481609, 48.745342 ], [ -122.484869, 48.743185 ], [ -122.485386, 48.743457 ], [ -122.489192, 48.742333 ], [ -122.489301, 48.742342 ], [ -122.493857, 48.745166 ], [ -122.494395067778996, 48.745613357339401 ] ] ] } },
{ "type": "Feature", "properties": { "geoid": "53077001902", "county_name": "Yakima County", "place_name": null, "state_name": "Washington", "state_abbr": "WA", "is_rural": true, "dci_score": 47.4, "dci_quintile": 5.0, "is_cra_lmi": true, "income_level": "M", "is_persistent_poverty": false, "is_tribal_overlap": false, "tribal_area_name": null, "aian_pct": 0.0, "has_nmtc": false, "nmtc_projects": 0, "nmtc_total_usd": 0.0 }, "geometry": { "type": "Polygon", "coordinates": [ [ [ -119.936655, 46.25889 ], [ -119.93132, 46.258544 ], [ -119.915615, 46.258555 ], [ -119.915653, 46.261274 ], [ -119.908526, 46.261167 ], [ -119.905059, 46.261125 ], [ -119.904989, 46.251233 ], [ -119.904968, 46.243925 ], [ -119.904962, 46.243074 ], [ -119.904954, 46.236575 ], [ -119.912896, 46.236586 ], [ -119.915512, 46.236576 ], [ -119.915503, 46.237514 ], [ -119.91551, 46.241066 ], [ -119.915507, 46.247507 ], [ -119.917338, 46.244958 ], [ -119.920001, 46.243855 ], [ -119.923055, 46.243828 ], [ -119.923487, 46.243825 ], [ -119.926008, 46.240847 ], [ -119.93001, 46.242121 ], [ -119.930056, 46.243737 ], [ -119.931903, 46.245694 ], [ -119.936611, 46.246647 ], [ -119.936653, 46.255746 ], [ -119.936658, 46.258482 ], [ -119.936655, 46.25889 ] ] ] } },
{ "type": "Feature", "properties": { "geoid": "53077000600", "county_name": "Yakima County", "place_name": null, "state_name": "Washington", "state_abbr": "WA", "is_rural": false, "dci_score": 79.7, "dci_quintile": 3.0, "is_cra_lmi": true, "income_level": "M", "is_persistent_poverty": false, "is_tribal_overlap": false, "tribal_area_name": null, "aian_pct": 0.0, "has_nmtc": false, "nmtc_projects": 0, "nmtc_total_usd": 0.0 }, "geometry": { "type": "Polygon", "coordinates": [ [ [ -120.53051, 46.607068 ], [ -120.530463, 46.612573 ], [ -120.519895, 46.612566 ], [ -120.519895, 46.614349 ], [ -120.515825, 46.614338 ], [ -120.512039, 46.606441 ], [ -120.516545, 46.60541 ], [ -120.519942, 46.604599 ], [ -120.520214, 46.603456 ], [ -120.519685, 46.601937 ], [ -120.519909, 46.600707 ], [ -120.530413, 46.600706 ], [ -120.530473, 46.603438 ], [ -120.53051, 46.607068 ] ] ] } },
{ "type": "Feature", "properties": { "geoid": "53029970200", "county_name": "Island County", "place_name": null, "state_name": "Washington", "state_abbr": "WA", "is_rural": true, "dci_score": 36.8, "dci_quintile": 5.0, "is_cra_lmi": true, "income_level": "M", "is_persistent_poverty": false, "is_tribal_overlap": false, "tribal_area_name": null, "aian_pct": 0.0, "has_nmtc": false, "nmtc_projects": 0, "nmtc_total_usd": 0.0 }, "geometry": { "type": "MultiPolygon", "coordinates": [ [ [ [ -122.71226, 48.310683 ], [ -122.708097650675001, 48.314379564527101 ], [ -122.707077, 48.315286 ], [ -122.702659, 48.32173 ], [ -122.700264, 48.327479 ], [ -122.694885, 48.329694 ], [ -122.690301, 48.33511 ], [ -122.687199, 48.341287 ], [ -122.682818, 48.343738 ], [ -122.673731, 48.354683 ], [ -122.668411, 48.364709 ], [ -122.666850366662004, 48.369240796033402 ], [ -122.666640071668994, 48.369851454533098 ], [ -122.660768, 48.370172 ], [ -122.658051, 48.362175 ], [ -122.652871, 48.355423 ], [ -122.652768, 48.354759 ], [ -122.636653, 48.354763 ], [ -122.636678, 48.358499 ], [ -122.635434, 48.35832 ], [ -122.617254, 48.358056 ], [ -122.613876, 48.356871 ], [ -122.612453, 48.35461 ], [ -122.612629, 48.348 ], [ -122.618696, 48.347473 ], [ -122.625688, 48.347401 ], [ -122.636729, 48.347523 ], [ -122.636659, 48.337414 ], [ -122.636456, 48.336829 ], [ -122.63591, 48.336322 ], [ -122.631653, 48.333743 ], [ -122.63126, 48.333236 ], [ -122.631031, 48.332942 ], [ -122.630442, 48.332887 ], [ -122.630435, 48.331933 ], [ -122.630244, 48.3311 ], [ -122.629694, 48.329438 ], [ -122.629545, 48.328986 ], [ -122.638946, 48.326413 ], [ -122.64208, 48.325897 ], [ -122.644807, 48.32591 ], [ -122.647552, 48.325923 ], [ -122.654411, 48.325871 ], [ -122.660962, 48.325884 ], [ -122.67391, 48.325846 ], [ -122.674457, 48.325566 ], [ -122.689956, 48.326113 ], [ -122.690615, 48.325935 ], [ -122.691199, 48.322072 ], [ -122.691225, 48.311466 ], [ -122.700866, 48.31142 ], [ -122.702068, 48.310471 ], [ -122.703202, 48.307865 ], [ -122.716481874544002, 48.308061187299401 ], [ -122.71226, 48.310683 ] ] ], [ [ [ -122.845032, 48.318618 ], [ -122.844484, 48.319852 ], [ -122.842532, 48.321315 ], [ -122.841744, 48.321384 ], [ -122.840545, 48.320493 ], [ -122.839056, 48.319927 ], [ -122.83818, 48.319671 ], [ -122.838206, 48.319085 ], [ -122.839071, 48.31878 ], [ -122.840954, 48.317385 ], [ -122.842016, 48.316905 ], [ -122.843798, 48.317064 ], [ -122.844517, 48.316973 ], [ -122.845271, 48.317316 ], [ -122.845032, 48.318618 ] ] ] ] } },
{ "type": "Feature", "properties": { "geoid": "53063001400", "county_name": "Spokane County", "place_name": null, "state_name": "Washington", "state_abbr": "WA", "is_rural": false, "dci_score": 78.9, "dci_quintile": 3.0, "is_cra_lmi": true, "income_level": "M", "is_persistent_poverty": false, "is_tribal_overlap": false, "tribal_area_name": null, "aian_pct": 0.0, "has_nmtc": false, "nmtc_projects": 0, "nmtc_total_usd": 0.0 }, "geometry": { "type": "Polygon", "coordinates": [ [ [ -117.411234, 47.700719 ], [ -117.403237, 47.700673 ], [ -117.39509, 47.700657 ], [ -117.395133, 47.693087 ], [ -117.395147, 47.690803 ], [ -117.395183, 47.686236 ], [ -117.396609, 47.684049 ], [ -117.396698, 47.681416 ], [ -117.398238, 47.681414 ], [ -117.399742, 47.680385 ], [ -117.404318, 47.680785 ], [ -117.411181, 47.680801 ], [ -117.411177, 47.683687 ], [ -117.411171, 47.686226 ], [ -117.411179, 47.688232 ], [ -117.411187, 47.690793 ], [ -117.411234, 47.700719 ] ] ] } },
{ "type": "Feature", "properties": { "geoid": "53065950700", "county_name": "Stevens County", "place_name": null, "state_name": "Washington", "state_abbr": "WA", "is_rural": true, "dci_score": 68.6, "dci_quintile": 4.0, "is_cra_lmi": true, "income_level": "M", "is_persistent_poverty": false, "is_tribal_overlap": false, "tribal_area_name": null, "aian_pct": 0.0, "has_nmtc": false, "nmtc_projects": 0, "nmtc_total_usd": 0.0 }, "geometry": { "type": "Polygon", "coordinates": [ [ [ -117.775052, 48.29362 ], [ -117.772869, 48.294932 ], [ -117.752251, 48.295102 ], [ -117.753374, 48.297451 ], [ -117.729294, 48.289337 ], [ -117.725, 48.28789 ], [ -117.723373, 48.287337 ], [ -117.720911, 48.286497 ], [ -117.720543, 48.286371 ], [ -117.718093, 48.286432 ], [ -117.718722, 48.287768 ], [ -117.718968, 48.288695 ], [ -117.719458, 48.290108 ], [ -117.715374, 48.2902 ], [ -117.715434, 48.295669 ], [ -117.704915, 48.295587 ], [ -117.704686, 48.300793 ], [ -117.701923, 48.303346 ], [ -117.701841, 48.305525 ], [ -117.69943, 48.306365 ], [ -117.694227, 48.303418 ], [ -117.694202, 48.298054 ], [ -117.692879, 48.295579 ], [ -117.693649, 48.292935 ], [ -117.692153, 48.292224 ], [ -117.692233, 48.288462 ], [ -117.690473, 48.28722 ], [ -117.686421, 48.28653 ], [ -117.691976, 48.284027 ], [ -117.693431, 48.282279 ], [ -117.693932, 48.27885 ], [ -117.700822, 48.273715 ], [ -117.701951, 48.273668 ], [ -117.704653, 48.273653 ], [ -117.707618, 48.273635 ], [ -117.707584, 48.271951 ], [ -117.708149, 48.270119 ], [ -117.7144, 48.266635 ], [ -117.714408, 48.264935 ], [ -117.711581, 48.262336 ], [ -117.71227, 48.262298 ], [ -117.715337, 48.260508 ], [ -117.720671, 48.25912 ], [ -117.735151, 48.259049 ], [ -117.736753, 48.259355 ], [ -117.739177, 48.261153 ], [ -117.741188, 48.267207 ], [ -117.741453, 48.269022 ], [ -117.740675, 48.271364 ], [ -117.741104, 48.272768 ], [ -117.741747, 48.273063 ], [ -117.741917, 48.273141 ], [ -117.742263, 48.273261 ], [ -117.742501, 48.273371 ], [ -117.742637, 48.273456 ], [ -117.743785, 48.275257 ], [ -117.750921, 48.279262 ], [ -117.754242, 48.279917 ], [ -117.756039, 48.281349 ], [ -117.759696, 48.280879 ], [ -117.76295, 48.281424 ], [ -117.766393, 48.280509 ], [ -117.768242, 48.280724 ], [ -117.768159, 48.281909 ], [ -117.770393, 48.282238 ], [ -117.768618, 48.283247 ], [ -117.768557, 48.286466 ], [ -117.766939, 48.28646 ], [ -117.766592, 48.287886 ], [ -117.769518, 48.288117 ], [ -117.769862, 48.289368 ], [ -117.77158, 48.289111 ], [ -117.770756, 48.291288 ], [ -117.773172, 48.292161 ], [ -117.775052, 48.29362 ] ] ] } },
{ "type": "Feature", "properties": { "geoid": "53065950300", "county_name": "Stevens County", "place_name": null, "state_name": "Washington", "state_abbr": "WA", "is_rural": true, "dci_score": 66.9, "dci_quintile": 4.0, "is_cra_lmi": true, "income_level": "M", "is_persistent_poverty": false, "is_tribal_overlap": false, "tribal_area_name": null, "aian_pct": 0.0, "has_nmtc": false, "nmtc_projects": 0, "nmtc_total_usd": 0.0 }, "geometry": { "type": "Polygon", "coordinates": [ [ [ -117.930517, 48.557827 ], [ -117.925185, 48.558029 ], [ -117.925174, 48.561708 ], [ -117.925086, 48.56222 ], [ -117.919551, 48.561323 ], [ -117.917791, 48.561343 ], [ -117.916533, 48.561116 ], [ -117.914347, 48.560614 ], [ -117.914441, 48.561257 ], [ -117.915961, 48.562633 ], [ -117.916685, 48.564148 ], [ -117.916943, 48.56465 ], [ -117.909966, 48.5623 ], [ -117.896533, 48.55781 ], [ -117.881788, 48.555765 ], [ -117.881992, 48.555001 ], [ -117.882062, 48.550903 ], [ -117.882075, 48.547222 ], [ -117.886587, 48.546846 ], [ -117.888062, 48.54722 ], [ -117.888822, 48.547469 ], [ -117.892163, 48.546858 ], [ -117.890932, 48.541274 ], [ -117.893701, 48.541258 ], [ -117.907186, 48.541156 ], [ -117.907213, 48.54337 ], [ -117.910457, 48.543358 ], [ -117.912274, 48.544399 ], [ -117.913299, 48.544308 ], [ -117.913812, 48.54536 ], [ -117.91383, 48.546899 ], [ -117.915485, 48.550778 ], [ -117.915918, 48.55135 ], [ -117.916361, 48.551745 ], [ -117.918629, 48.553267 ], [ -117.922579, 48.550594 ], [ -117.925473, 48.550583 ], [ -117.930517, 48.557827 ] ] ] } },
{ "type": "Feature", "properties": { "geoid": "53009001800", "county_name": "Clallam County", "place_name": null, "state_name": "Washington", "state_abbr": "WA", "is_rural": true, "dci_score": 55.9, "dci_quintile": 4.0, "is_cra_lmi": false, "income_level": "U", "is_persistent_poverty": false, "is_tribal_overlap": true, "tribal_area_name": "Jamestown S'Klallam Off-Reservation Trust Land", "aian_pct": 0.0, "has_nmtc": false, "nmtc_projects": 0, "nmtc_total_usd": 0.0 }, "geometry": { "type": "Polygon", "coordinates": [ [ [ -123.303536, 48.002148 ], [ -123.303994, 48.00319 ], [ -123.302669, 48.006201 ], [ -123.302792, 48.007736 ], [ -123.302047, 48.010671 ], [ -123.300592, 48.012727 ], [ -123.300771, 48.013813 ], [ -123.297959, 48.015738 ], [ -123.296127, 48.019171 ], [ -123.295848, 48.020729 ], [ -123.296461, 48.022906 ], [ -123.294972, 48.025232 ], [ -123.292911, 48.027145 ], [ -123.293278, 48.028166 ], [ -123.291504, 48.028664 ], [ -123.292378, 48.030858 ], [ -123.291568, 48.032076 ], [ -123.292671, 48.032641 ], [ -123.292056, 48.037062 ], [ -123.291139, 48.040561 ], [ -123.291907, 48.042925 ], [ -123.290973, 48.04644 ], [ -123.292575, 48.04909 ], [ -123.291748, 48.049808 ], [ -123.293654, 48.051245 ], [ -123.292598, 48.052419 ], [ -123.293684, 48.059061 ], [ -123.292202, 48.06041 ], [ -123.291702, 48.06228 ], [ -123.290556, 48.063316 ], [ -123.29234, 48.064562 ], [ -123.289688, 48.066108 ], [ -123.288844, 48.067967 ], [ -123.28643, 48.068564 ], [ -123.285999, 48.069937 ], [ -123.28413, 48.070001 ], [ -123.281632, 48.073614 ], [ -123.28195, 48.074947 ], [ -123.280583, 48.075155 ], [ -123.280434, 48.078386 ], [ -123.279467, 48.08042 ], [ -123.281176, 48.08228 ], [ -123.282199, 48.082116 ], [ -123.283787, 48.083482 ], [ -123.282451, 48.085209 ], [ -123.283227, 48.089043 ], [ -123.282914, 48.091729 ], [ -123.280348, 48.094336 ], [ -123.23664, 48.089363 ], [ -123.230292, 48.088652 ], [ -123.200034, 48.083899 ], [ -123.182889, 48.081144 ], [ -123.176875, 48.080222 ], [ -123.17294, 48.07954 ], [ -123.160898, 48.077713 ], [ -123.156645, 48.077041 ], [ -123.150724, 48.076261 ], [ -123.149181, 48.073568 ], [ -123.151727, 48.073131 ], [ -123.151164, 48.070684 ], [ -123.15128, 48.070684 ], [ -123.151281, 48.070154 ], [ -123.153997, 48.068129 ], [ -123.154227, 48.066456 ], [ -123.151708, 48.064772 ], [ -123.154205, 48.062831 ], [ -123.153977, 48.06152 ], [ -123.148694, 48.05752 ], [ -123.148156, 48.055293 ], [ -123.146285, 48.052846 ], [ -123.145871, 48.049483 ], [ -123.144873, 48.047942 ], [ -123.145398, 48.046758 ], [ -123.147788, 48.044823 ], [ -123.148591, 48.042788 ], [ -123.146793, 48.041581 ], [ -123.146592, 48.036496 ], [ -123.148294, 48.036025 ], [ -123.148801, 48.035027 ], [ -123.146889, 48.033222 ], [ -123.14348, 48.032469 ], [ -123.143629, 48.030791 ], [ -123.142256, 48.029661 ], [ -123.138667, 48.029039 ], [ -123.137876, 48.027322 ], [ -123.136611, 48.024475 ], [ -123.13443, 48.0225 ], [ -123.134493, 48.017322 ], [ -123.130604, 48.015444 ], [ -123.134882, 48.012556 ], [ -123.135972, 48.00988 ], [ -123.130449, 48.007294 ], [ -123.127678, 48.00772 ], [ -123.128122, 48.005647 ], [ -123.129881, 48.004036 ], [ -123.125824, 48.002586 ], [ -123.12453, 48.000151 ], [ -123.118551, 47.99562 ], [ -123.118779, 47.99454 ], [ -123.117299, 47.993597 ], [ -123.114479, 47.993269 ], [ -123.113562, 47.991098 ], [ -123.111739, 47.990451 ], [ -123.108146, 47.991868 ], [ -123.107321, 47.992746 ], [ -123.105556, 47.992203 ], [ -123.105758, 47.990218 ], [ -123.10699, 47.988067 ], [ -123.106984, 47.98137 ], [ -123.109214, 47.980256 ], [ -123.109465, 47.978737 ], [ -123.111856, 47.975758 ], [ -123.108228, 47.974125 ], [ -123.105898, 47.971734 ], [ -123.105586, 47.970297 ], [ -123.107047, 47.969189 ], [ -123.107002, 47.963852 ], [ -123.105499, 47.963908 ], [ -123.10531, 47.962569 ], [ -123.103276, 47.962219 ], [ -123.103773, 47.960239 ], [ -123.106728, 47.958878 ], [ -123.10538, 47.958077 ], [ -123.106767, 47.956431 ], [ -123.105394, 47.955149 ], [ -123.106576, 47.952888 ], [ -123.103342, 47.951793 ], [ -123.102131, 47.948436 ], [ -123.098774, 47.946945 ], [ -123.098103, 47.944412 ], [ -123.094412, 47.941511 ], [ -123.092648, 47.941424 ], [ -123.091896, 47.938951 ], [ -123.089128, 47.937734 ], [ -123.090972, 47.935929 ], [ -123.091346, 47.933312 ], [ -123.092684, 47.932243 ], [ -123.093604, 47.928748 ], [ -123.093056, 47.927032 ], [ -123.095576, 47.924525 ], [ -123.096162, 47.922183 ], [ -123.095867, 47.919956 ], [ -123.097164, 47.919253 ], [ -123.096028, 47.917734 ], [ -123.098124, 47.91548 ], [ -123.099968, 47.915452 ], [ -123.102813, 47.912632 ], [ -123.102861, 47.911672 ], [ -123.107296, 47.908653 ], [ -123.106789, 47.90697 ], [ -123.108549, 47.904232 ], [ -123.111606, 47.902487 ], [ -123.110975, 47.899953 ], [ -123.11223, 47.898373 ], [ -123.111934, 47.896091 ], [ -123.113108, 47.895191 ], [ -123.115664, 47.890989 ], [ -123.117507, 47.890961 ], [ -123.118802, 47.88955 ], [ -123.120808, 47.889434 ], [ -123.121443, 47.888452 ], [ -123.124785, 47.887408 ], [ -123.127655, 47.885549 ], [ -123.12778, 47.882955 ], [ -123.130007, 47.881574 ], [ -123.129919, 47.880674 ], [ -123.13399, 47.87834 ], [ -123.138507, 47.877272 ], [ -123.139014, 47.876285 ], [ -123.141567, 47.875019 ], [ -123.1424, 47.873384 ], [ -123.147007, 47.871669 ], [ -123.148101, 47.869975 ], [ -123.150988, 47.868314 ], [ -123.151634, 47.866878 ], [ -123.157405, 47.866875 ], [ -123.157376, 47.871159 ], [ -123.159542, 47.875862 ], [ -123.159982, 47.880961 ], [ -123.163243, 47.882821 ], [ -123.166769, 47.885434 ], [ -123.168407, 47.887321 ], [ -123.171742, 47.888693 ], [ -123.174947, 47.89101 ], [ -123.177164, 47.893912 ], [ -123.183023, 47.893886 ], [ -123.188677, 47.89485 ], [ -123.191232, 47.897078 ], [ -123.192315, 47.899295 ], [ -123.194773, 47.901971 ], [ -123.196726, 47.905082 ], [ -123.201703, 47.908475 ], [ -123.203238, 47.910883 ], [ -123.203968, 47.91422 ], [ -123.206907, 47.917904 ], [ -123.211669, 47.920594 ], [ -123.213914, 47.922921 ], [ -123.216979, 47.924785 ], [ -123.228135, 47.924785 ], [ -123.228318, 47.954483 ], [ -123.230545, 47.954483 ], [ -123.230602, 47.968572 ], [ -123.254317, 47.968571 ], [ -123.254165, 48.000028 ], [ -123.29715, 48.000083 ], [ -123.304584, 48.000082 ], [ -123.303536, 48.002148 ] ] ] } },
{ "type": "Feature", "properties": { "geoid": "53009940000", "county_name": "Clallam County", "place_name": null, "state_name": "Washington", "state_abbr": "WA", "is_rural": true, "dci_score": null, "dci_quintile": null, "is_cra_lmi": false, "income_level": "U", "is_persistent_poverty": false, "is_tribal_overlap": true, "tribal_area_name": "Makah Indian Reservation", "aian_pct": 0.0, "has_nmtc": true, "nmtc_projects": 1, "nmtc_total_usd": 5166828.0 }, "geometry": { "type": "MultiPolygon", "coordinates": [ [ [ [ -124.602208, 48.38693 ], [ -124.600341920128997, 48.386000885898802 ], [ -124.599356, 48.38551 ], [ -124.595078, 48.38109 ], [ -124.592939, 48.377933 ], [ -124.594320969696994, 48.377933 ], [ -124.595219799065006, 48.377933 ], [ -124.596742, 48.377933 ], [ -124.598424625785, 48.377221070345001 ], [ -124.599356, 48.376827 ], [ -124.601258, 48.380458 ], [ -124.599832, 48.381879 ], [ -124.601673003122002, 48.385792681299399 ], [ -124.602208, 48.38693 ] ] ], [ [ [ -124.731748477953005, 48.3812214647754 ], [ -124.729752932477993, 48.382839159428997 ], [ -124.727006844629997, 48.385065283406398 ], [ -124.725839, 48.386012 ], [ -124.716947, 48.389776 ], [ -124.706462, 48.386084 ], [ -124.703772, 48.387079 ], [ -124.699416, 48.388052 ], [ -124.694428, 48.387562 ], [ -124.691418, 48.390159 ], [ -124.686356, 48.389519 ], [ -124.681733, 48.389811 ], [ -124.676262, 48.391371 ], [ -124.668761, 48.388461 ], [ -124.66353, 48.388351 ], [ -124.659414, 48.390887 ], [ -124.658027588652004, 48.3908429655446 ], [ -124.653243, 48.390691 ], [ -124.652708369338001, 48.390614781109797 ], [ -124.652257096542002, 48.390550446020001 ], [ -124.643960190551994, 48.389367608948703 ], [ -124.635721, 48.388193 ], [ -124.637434138079001, 48.386946444511501 ], [ -124.639389, 48.385524 ], [ -124.639027354543003, 48.3851308672374 ], [ -124.634084906251999, 48.379758095891397 ], [ -124.633473220737997, 48.379093152889901 ], [ -124.631108, 48.376522 ], [ -124.629066, 48.372249 ], [ -124.628607391035004, 48.3719738221724 ], [ -124.621698, 48.367828 ], [ -124.61029, 48.366723 ], [ -124.600834112746, 48.369999784050201 ], [ -124.599356, 48.370512 ], [ -124.596054793025999, 48.371695733267302 ], [ -124.594443550888002, 48.372273485869599 ], [ -124.590885111511994, 48.373549456477399 ], [ -124.590733, 48.373604 ], [ -124.589294129741006, 48.372799441507702 ], [ -124.586448, 48.371208 ], [ -124.584169, 48.371892 ], [ -124.584019500737995, 48.3718529825031 ], [ -124.578010271599993, 48.370284646472797 ], [ -124.57682, 48.369974 ], [ -124.572864, 48.366228 ], [ -124.565448952118004, 48.367792710963997 ], [ -124.565177246624003, 48.367850045801603 ], [ -124.564841, 48.367921 ], [ -124.556475375687995, 48.361470978499703 ], [ -124.555558705411997, 48.360764212002898 ], [ -124.555309855442999, 48.360572344953901 ], [ -124.547872532347, 48.354838057578903 ], [ -124.552487, 48.354679 ], [ -124.552492, 48.347434 ], [ -124.557443, 48.347447 ], [ -124.557495, 48.275023 ], [ -124.572471, 48.275003 ], [ -124.639393, 48.274918 ], [ -124.675695, 48.275155 ], [ -124.679332, 48.275262 ], [ -124.680133, 48.275161 ], [ -124.680808433395995, 48.275166589793599 ], [ -124.680794, 48.277233 ], [ -124.683906304711002, 48.282926841808703 ], [ -124.684337069175996, 48.283714908835798 ], [ -124.685077020234999, 48.2850686208482 ], [ -124.686347, 48.287392 ], [ -124.684443, 48.290964 ], [ -124.683962389829006, 48.292439997114101 ], [ -124.683388, 48.294204 ], [ -124.683030058265999, 48.294697154617602 ], [ -124.680889, 48.297647 ], [ -124.679395034316002, 48.296828424491999 ], [ -124.676349309382999, 48.295159607153998 ], [ -124.676319, 48.295143 ], [ -124.669265, 48.296353 ], [ -124.665908, 48.299324 ], [ -124.662068, 48.31045 ], [ -124.664005, 48.320277 ], [ -124.659855, 48.325027 ], [ -124.65894, 48.331057 ], [ -124.659959937999005, 48.331999242398801 ], [ -124.668531359564, 48.339917720603502 ], [ -124.670072, 48.341341 ], [ -124.675478731249996, 48.3425214939993 ], [ -124.676365, 48.342715 ], [ -124.681118, 48.341451 ], [ -124.683495, 48.33845 ], [ -124.684362165636003, 48.338516896226501 ], [ -124.687682, 48.338773 ], [ -124.694551887757001, 48.343363394201702 ], [ -124.695994, 48.344327 ], [ -124.696703, 48.349748 ], [ -124.698994983087005, 48.350586212817603 ], [ -124.699161245702001, 48.350647017566203 ], [ -124.703744, 48.352323 ], [ -124.707477, 48.35458 ], [ -124.706607, 48.359333 ], [ -124.712466097822002, 48.365001941249197 ], [ -124.713817, 48.366309 ], [ -124.725812671610996, 48.3706621433819 ], [ -124.727022, 48.371101 ], [ -124.727261, 48.374645 ], [ -124.730863, 48.3762 ], [ -124.731828, 48.381157 ], [ -124.731748477953005, 48.3812214647754 ] ] ], [ [ [ -124.744816, 48.393244 ], [ -124.739515, 48.393831 ], [ -124.737211, 48.395611 ], [ -124.732932, 48.392928 ], [ -124.732219, 48.390876 ], [ -124.734596, 48.38914 ], [ -124.742105, 48.391017 ], [ -124.74648, 48.39135 ], [ -124.744816, 48.393244 ] ] ] ] } },
{ "type": "Feature", "properties": { "geoid": "53027001100", "county_name": "Grays Harbor County", "place_name": "Seattle", "state_name": "Washington", "state_abbr": "WA", "is_rural": true, "dci_score": 91.4, "dci_quintile": 1.0, "is_cra_lmi": false, "income_level": "U", "is_persistent_poverty": false, "is_tribal_overlap": false, "tribal_area_name": null, "aian_pct": 0.0, "has_nmtc": false, "nmtc_projects": 0, "nmtc_total_usd": 0.0 }, "geometry": { "type": "Polygon", "coordinates": [ [ [ -123.852182, 46.980565 ], [ -123.851353, 46.984267 ], [ -123.845, 46.986608 ], [ -123.83565, 46.990576 ], [ -123.82802, 46.994892 ], [ -123.820415, 47.000198 ], [ -123.818961, 47.001247 ], [ -123.813374, 47.001236 ], [ -123.810986, 47.001523 ], [ -123.810194, 47.001617 ], [ -123.807296, 47.000433 ], [ -123.803711, 47.000071 ], [ -123.802109, 46.998758 ], [ -123.801798, 46.997816 ], [ -123.804064, 46.994787 ], [ -123.803707, 46.994788 ], [ -123.806551, 46.991246 ], [ -123.811742, 46.989959 ], [ -123.812436, 46.988007 ], [ -123.814344, 46.988034 ], [ -123.814321, 46.986082 ], [ -123.814262, 46.98508 ], [ -123.811411, 46.981587 ], [ -123.814733, 46.979691 ], [ -123.818739, 46.980034 ], [ -123.819961, 46.97943 ], [ -123.820799, 46.980203 ], [ -123.821065, 46.978857 ], [ -123.824667, 46.976999 ], [ -123.826825, 46.97893 ], [ -123.827551, 46.978928 ], [ -123.831159, 46.978955 ], [ -123.836226, 46.978957 ], [ -123.836263, 46.976905 ], [ -123.838914, 46.977679 ], [ -123.843624, 46.97764 ], [ -123.845933, 46.976942 ], [ -123.85222, 46.976939 ], [ -123.852182, 46.980565 ] ] ] } },
{ "type": "Feature", "properties": { "geoid": "53043960400", "county_name": "Lincoln County", "place_name": null, "state_name": "Washington", "state_abbr": "WA", "is_rural": true, "dci_score": 62.6, "dci_quintile": 4.0, "is_cra_lmi": false, "income_level": "U", "is_persistent_poverty": false, "is_tribal_overlap": false, "tribal_area_name": null, "aian_pct": 0.0, "has_nmtc": false, "nmtc_projects": 0, "nmtc_total_usd": 0.0 }, "geometry": { "type": "Polygon", "coordinates": [ [ [ -118.978798, 47.36316 ], [ -118.9792, 47.363695 ], [ -118.979275, 47.36417 ], [ -118.979234, 47.365898 ], [ -118.978822, 47.404392 ], [ -118.978717, 47.414874 ], [ -118.977875, 47.460965 ], [ -118.97792, 47.461083 ], [ -118.977651, 47.508555 ], [ -118.975357, 47.509578 ], [ -118.935373, 47.509387 ], [ -118.913968, 47.509166 ], [ -118.870978, 47.508767 ], [ -118.870633, 47.494123 ], [ -118.861228, 47.49403 ], [ -118.855382, 47.493555 ], [ -118.851269, 47.493834 ], [ -118.784828, 47.494154 ], [ -118.784953, 47.508804 ], [ -118.735615, 47.508589 ], [ -118.729219, 47.506009 ], [ -118.722763, 47.506 ], [ -118.719961, 47.507987 ], [ -118.718656, 47.508332 ], [ -118.590825, 47.508011 ], [ -118.588814, 47.507879 ], [ -118.58578, 47.507213 ], [ -118.571213, 47.502964 ], [ -118.56854, 47.502369 ], [ -118.563672, 47.502196 ], [ -118.560477, 47.502519 ], [ -118.554654, 47.504707 ], [ -118.550814, 47.507692 ], [ -118.548824, 47.508269 ], [ -118.540272, 47.508177 ], [ -118.538456, 47.511025 ], [ -118.535732, 47.511776 ], [ -118.533814, 47.516249 ], [ -118.528787, 47.518442 ], [ -118.52828, 47.519676 ], [ -118.525108, 47.521937 ], [ -118.518278, 47.524149 ], [ -118.510795, 47.528202 ], [ -118.505666, 47.529242 ], [ -118.5058, 47.530103 ], [ -118.501098, 47.531132 ], [ -118.49397, 47.533197 ], [ -118.490731, 47.534403 ], [ -118.488429, 47.535947 ], [ -118.484425, 47.537614 ], [ -118.481164, 47.539921 ], [ -118.478201, 47.54104 ], [ -118.476252, 47.542661 ], [ -118.472581, 47.541905 ], [ -118.472925, 47.543115 ], [ -118.470906, 47.544348 ], [ -118.468731, 47.549326 ], [ -118.462338, 47.553184 ], [ -118.459994, 47.557979 ], [ -118.456768, 47.557688 ], [ -118.446752, 47.558657 ], [ -118.439777, 47.558301 ], [ -118.43684, 47.556884 ], [ -118.434443, 47.55725 ], [ -118.432452, 47.559055 ], [ -118.423403, 47.559717 ], [ -118.42077, 47.560379 ], [ -118.419284, 47.561567 ], [ -118.411646, 47.563101 ], [ -118.41466, 47.56365 ], [ -118.419485, 47.565429 ], [ -118.417032, 47.568942 ], [ -118.414946, 47.566369 ], [ -118.413029, 47.565008 ], [ -118.409023, 47.564094 ], [ -118.405694, 47.56405 ], [ -118.400416, 47.564464 ], [ -118.39606, 47.563926 ], [ -118.38542, 47.557409 ], [ -118.380025, 47.552017 ], [ -118.379403, 47.552674 ], [ -118.379238, 47.55668 ], [ -118.376817, 47.559662 ], [ -118.371313, 47.563353 ], [ -118.369259, 47.563482 ], [ -118.363322, 47.561918 ], [ -118.357165, 47.55965 ], [ -118.35157, 47.556205 ], [ -118.350314, 47.555784 ], [ -118.343374, 47.555 ], [ -118.33553, 47.555392 ], [ -118.335283, 47.552115 ], [ -118.334466, 47.551428 ], [ -118.324068, 47.550889 ], [ -118.282003, 47.550757 ], [ -118.280719, 47.550235 ], [ -118.274374, 47.557282 ], [ -118.273468, 47.560011 ], [ -118.272475, 47.560212 ], [ -118.262925, 47.563798 ], [ -118.250405, 47.567341 ], [ -118.242314, 47.569406 ], [ -118.234903, 47.571086 ], [ -118.234151, 47.570662 ], [ -118.230059, 47.565196 ], [ -118.229512, 47.557941 ], [ -118.207796, 47.557924 ], [ -118.202339, 47.559032 ], [ -118.200681, 47.558651 ], [ -118.175507, 47.561366 ], [ -118.18235, 47.552951 ], [ -118.175206, 47.552776 ], [ -118.173702, 47.552035 ], [ -118.164732, 47.544592 ], [ -118.154621, 47.53166 ], [ -118.152536, 47.531079 ], [ -118.135231, 47.531231 ], [ -118.132514, 47.530233 ], [ -118.132608, 47.528141 ], [ -118.105246, 47.523871 ], [ -118.104223, 47.52779 ], [ -118.103596, 47.528576 ], [ -118.100687, 47.52972 ], [ -118.099642, 47.530945 ], [ -118.095775, 47.530551 ], [ -118.092791, 47.530706 ], [ -118.079716, 47.530597 ], [ -118.078858, 47.530751 ], [ -118.077208, 47.532719 ], [ -118.076494, 47.535771 ], [ -118.077818, 47.540301 ], [ -118.074914, 47.543941 ], [ -118.073239, 47.544805 ], [ -118.066108, 47.545995 ], [ -118.062281, 47.547254 ], [ -118.060763, 47.548564 ], [ -118.056084, 47.551538 ], [ -118.055173, 47.551784 ], [ -118.053142, 47.551843 ], [ -118.037327, 47.55172 ], [ -118.024991, 47.555554 ], [ -118.021242, 47.555645 ], [ -118.019116, 47.554514 ], [ -118.01826, 47.552757 ], [ -118.01662, 47.551527 ], [ -117.972222, 47.550881 ], [ -117.972689, 47.573039 ], [ -117.978413, 47.580056 ], [ -117.948802, 47.579462 ], [ -117.905747, 47.579619 ], [ -117.903152, 47.579031 ], [ -117.901017, 47.576955 ], [ -117.894706, 47.577097 ], [ -117.893365, 47.577399 ], [ -117.89015, 47.579386 ], [ -117.88128, 47.579881 ], [ -117.880381, 47.578719 ], [ -117.87625, 47.578495 ], [ -117.87494, 47.579886 ], [ -117.85822, 47.579983 ], [ -117.847334, 47.579763 ], [ -117.821915, 47.57986 ], [ -117.822123, 47.55133 ], [ -117.822849, 47.420556 ], [ -117.822963, 47.409427 ], [ -117.823629, 47.26022 ], [ -117.83262, 47.26012 ], [ -117.83706, 47.26019 ], [ -117.83725, 47.26024 ], [ -117.96093, 47.260568 ], [ -118.070536, 47.260168 ], [ -118.079321, 47.260257 ], [ -118.086298, 47.260646 ], [ -118.107433, 47.260957 ], [ -118.14191, 47.26106 ], [ -118.144219, 47.261167 ], [ -118.208804, 47.261176 ], [ -118.230357, 47.261147 ], [ -118.251954, 47.261223 ], [ -118.273313, 47.2612 ], [ -118.294872, 47.261189 ], [ -118.320256, 47.260794 ], [ -118.321524, 47.260884 ], [ -118.444745, 47.260835 ], [ -118.557293, 47.2611 ], [ -118.979777, 47.261709 ], [ -118.978798, 47.36316 ] ] ] } },
{ "type": "Feature", "properties": { "geoid": "53045940000", "county_name": "Mason County", "place_name": null, "state_name": "Washington", "state_abbr": "WA", "is_rural": true, "dci_score": 80.9, "dci_quintile": 3.0, "is_cra_lmi": true, "income_level": "M", "is_persistent_poverty": false, "is_tribal_overlap": true, "tribal_area_name": "Skokomish Reservation|Skokomish Off-Reservation Trust Land", "aian_pct": 0.0, "has_nmtc": false, "nmtc_projects": 0, "nmtc_total_usd": 0.0 }, "geometry": { "type": "Polygon", "coordinates": [ [ [ -123.186278, 47.359588 ], [ -123.180905, 47.359543 ], [ -123.180879, 47.362944 ], [ -123.170138, 47.36287 ], [ -123.170114, 47.366724 ], [ -123.16476, 47.366663 ], [ -123.164758, 47.373877 ], [ -123.155226, 47.373909 ], [ -123.150595, 47.373889 ], [ -123.150784, 47.373427 ], [ -123.157851, 47.371076 ], [ -123.158402, 47.367489 ], [ -123.156651, 47.365536 ], [ -123.155411, 47.361142 ], [ -123.157284, 47.360149 ], [ -123.15958, 47.354391 ], [ -123.156081655324002, 47.351041689722202 ], [ -123.155167, 47.350166 ], [ -123.145864, 47.346208 ], [ -123.140404, 47.341796 ], [ -123.131382, 47.341687 ], [ -123.127917, 47.339727 ], [ -123.127556, 47.338159 ], [ -123.123099, 47.337802 ], [ -123.119328, 47.339784 ], [ -123.118486788322997, 47.340489211748597 ], [ -123.117792, 47.339342 ], [ -123.114348, 47.336875 ], [ -123.114442, 47.336681 ], [ -123.116348, 47.334183 ], [ -123.116439, 47.331919 ], [ -123.119001, 47.328905 ], [ -123.121277, 47.327498 ], [ -123.124351, 47.328047 ], [ -123.128109, 47.329406 ], [ -123.132299, 47.328286 ], [ -123.133261, 47.327592 ], [ -123.134437, 47.326092 ], [ -123.134748, 47.323937 ], [ -123.137803, 47.322435 ], [ -123.140283, 47.318603 ], [ -123.142033, 47.317409 ], [ -123.142394, 47.314628 ], [ -123.140014, 47.313506 ], [ -123.141285, 47.309973 ], [ -123.144375, 47.310203 ], [ -123.148772, 47.30745 ], [ -123.150085, 47.307482 ], [ -123.153415, 47.306227 ], [ -123.157254, 47.309718 ], [ -123.165528, 47.307299 ], [ -123.169912, 47.307256 ], [ -123.175123, 47.309454 ], [ -123.176803, 47.309938 ], [ -123.179915, 47.311147 ], [ -123.181468, 47.312872 ], [ -123.185322, 47.315304 ], [ -123.185705, 47.346246 ], [ -123.186278, 47.359588 ] ] ] } },
{ "type": "Feature", "properties": { "geoid": "53063014500", "county_name": "Spokane County", "place_name": null, "state_name": "Washington", "state_abbr": "WA", "is_rural": false, "dci_score": 78.4, "dci_quintile": 3.0, "is_cra_lmi": true, "income_level": "M", "is_persistent_poverty": false, "is_tribal_overlap": false, "tribal_area_name": null, "aian_pct": 0.0, "has_nmtc": false, "nmtc_projects": 0, "nmtc_total_usd": 0.0 }, "geometry": { "type": "Polygon", "coordinates": [ [ [ -117.411221, 47.653121 ], [ -117.41106, 47.660185 ], [ -117.41114, 47.661079 ], [ -117.411151, 47.662759 ], [ -117.408739, 47.663401 ], [ -117.406855, 47.664947 ], [ -117.40591, 47.665183 ], [ -117.404092, 47.664438 ], [ -117.398109, 47.65961 ], [ -117.395929, 47.660053 ], [ -117.393254, 47.662082 ], [ -117.390726, 47.666625 ], [ -117.389117, 47.665472 ], [ -117.381192, 47.665502 ], [ -117.376697, 47.665522 ], [ -117.376687, 47.667578 ], [ -117.369183, 47.667605 ], [ -117.368293, 47.668959 ], [ -117.368276, 47.671878 ], [ -117.363781, 47.671851 ], [ -117.36373, 47.678297 ], [ -117.359094, 47.676985 ], [ -117.355456, 47.67637 ], [ -117.350764, 47.676052 ], [ -117.346698, 47.676373 ], [ -117.346834, 47.66734 ], [ -117.34698, 47.657264 ], [ -117.346984, 47.653967 ], [ -117.353384, 47.653965 ], [ -117.360346, 47.653996 ], [ -117.36835, 47.654047 ], [ -117.381919, 47.653995 ], [ -117.3897, 47.653717 ], [ -117.392197, 47.652883 ], [ -117.393721, 47.652471 ], [ -117.39524, 47.652279 ], [ -117.399568, 47.652198 ], [ -117.40312, 47.652214 ], [ -117.411254, 47.652674 ], [ -117.411221, 47.653121 ] ] ] } },
{ "type": "Feature", "properties": { "geoid": "53063014002", "county_name": "Spokane County", "place_name": null, "state_name": "Washington", "state_abbr": "WA", "is_rural": true, "dci_score": 57.7, "dci_quintile": 4.0, "is_cra_lmi": false, "income_level": "U", "is_persistent_poverty": false, "is_tribal_overlap": false, "tribal_area_name": null, "aian_pct": 0.0, "has_nmtc": false, "nmtc_projects": 0, "nmtc_total_usd": 0.0 }, "geometry": { "type": "Polygon", "coordinates": [ [ [ -117.645543, 47.467702 ], [ -117.639766, 47.469357 ], [ -117.634224, 47.470484 ], [ -117.632734, 47.471871 ], [ -117.633274, 47.47332 ], [ -117.629598, 47.476944 ], [ -117.624053, 47.480546 ], [ -117.621104, 47.48402 ], [ -117.619534, 47.483861 ], [ -117.61691, 47.486672 ], [ -117.618958, 47.490386 ], [ -117.618434, 47.494814 ], [ -117.620219, 47.497711 ], [ -117.623016, 47.500019 ], [ -117.639768, 47.500328 ], [ -117.639663, 47.528977 ], [ -117.636479, 47.536262 ], [ -117.6344, 47.539123 ], [ -117.628894, 47.536469 ], [ -117.625296, 47.536392 ], [ -117.623679, 47.535602 ], [ -117.622873, 47.532905 ], [ -117.62073, 47.532479 ], [ -117.617302, 47.530378 ], [ -117.612272, 47.530443 ], [ -117.604434, 47.529007 ], [ -117.603093, 47.527827 ], [ -117.599994, 47.5238 ], [ -117.597574, 47.519331 ], [ -117.593601, 47.516454 ], [ -117.591717, 47.513894 ], [ -117.587911, 47.512324 ], [ -117.586333, 47.510791 ], [ -117.586076, 47.50763 ], [ -117.584853, 47.506935 ], [ -117.583525, 47.507294 ], [ -117.575514, 47.507344 ], [ -117.57018, 47.507354 ], [ -117.569908, 47.513673 ], [ -117.564642, 47.513716 ], [ -117.564614, 47.507389 ], [ -117.561753, 47.507406 ], [ -117.55077, 47.507387 ], [ -117.550741, 47.507004 ], [ -117.540542, 47.508925 ], [ -117.542749, 47.507429 ], [ -117.543274, 47.5055 ], [ -117.54167, 47.504966 ], [ -117.535461, 47.505586 ], [ -117.533704, 47.506607 ], [ -117.529083, 47.507687 ], [ -117.528011, 47.507522 ], [ -117.530065, 47.505313 ], [ -117.532295, 47.504338 ], [ -117.538521, 47.502972 ], [ -117.540856, 47.501907 ], [ -117.547786, 47.496938 ], [ -117.551397, 47.495583 ], [ -117.556579, 47.494244 ], [ -117.560473, 47.492969 ], [ -117.562777, 47.491835 ], [ -117.573046, 47.485309 ], [ -117.574267, 47.486014 ], [ -117.566951, 47.492322 ], [ -117.56721, 47.492911 ], [ -117.564839, 47.494844 ], [ -117.56223, 47.497452 ], [ -117.560288, 47.49963 ], [ -117.562226, 47.498859 ], [ -117.564675, 47.500099 ], [ -117.575502, 47.500069 ], [ -117.586452, 47.500316 ], [ -117.586548, 47.496416 ], [ -117.586471, 47.492768 ], [ -117.586312, 47.486441 ], [ -117.586322, 47.485608 ], [ -117.586192, 47.479441 ], [ -117.584933, 47.478416 ], [ -117.607614, 47.465351 ], [ -117.607619, 47.468124 ], [ -117.607622, 47.47225 ], [ -117.611061, 47.471694 ], [ -117.627986, 47.469259 ], [ -117.644946, 47.465298 ], [ -117.645543, 47.467702 ] ] ] } },
{ "type": "Feature", "properties": { "geoid": "53063000500", "county_name": "Spokane County", "place_name": null, "state_name": "Washington", "state_abbr": "WA", "is_rural": false, "dci_score": 43.6, "dci_quintile": 5.0, "is_cra_lmi": true, "income_level": "M", "is_persistent_poverty": false, "is_tribal_overlap": false, "tribal_area_name": null, "aian_pct": 0.0, "has_nmtc": false, "nmtc_projects": 0, "nmtc_total_usd": 0.0 }, "geometry": { "type": "Polygon", "coordinates": [ [ [ -117.425909, 47.710951 ], [ -117.425386, 47.715199 ], [ -117.416606, 47.715097 ], [ -117.412555, 47.715093 ], [ -117.411301, 47.71509 ], [ -117.411234, 47.700719 ], [ -117.416566, 47.700714 ], [ -117.425876, 47.700738 ], [ -117.425902, 47.708013 ], [ -117.425909, 47.710951 ] ] ] } },
{ "type": "Feature", "properties": { "geoid": "53051970100", "county_name": "Pend Oreille County", "place_name": "Seattle", "state_name": "Washington", "state_abbr": "WA", "is_rural": true, "dci_score": 73.8, "dci_quintile": 3.0, "is_cra_lmi": false, "income_level": "U", "is_persistent_poverty": false, "is_tribal_overlap": false, "tribal_area_name": null, "aian_pct": 0.0, "has_nmtc": false, "nmtc_projects": 0, "nmtc_total_usd": 0.0 }, "geometry": { "type": "Polygon", "coordinates": [ [ [ -117.629421, 48.742634 ], [ -117.59591, 48.742904 ], [ -117.563811, 48.742961 ], [ -117.564018, 48.758244 ], [ -117.563958, 48.786118 ], [ -117.563858, 48.836671 ], [ -117.498496, 48.8369 ], [ -117.498957, 48.923159 ], [ -117.430377, 48.923168 ], [ -117.429968, 49.000364483364798 ], [ -117.299790896782, 49.000013256112098 ], [ -117.268192, 48.999928 ], [ -117.268247, 48.999818 ], [ -117.126075, 48.998888 ], [ -117.032351, 48.999188 ], [ -117.032107, 48.874926 ], [ -117.032384622080002, 48.846665293066799 ], [ -117.033335, 48.749921 ], [ -117.033671, 48.656902 ], [ -117.033708861375999, 48.655338 ], [ -117.034358, 48.628523 ], [ -117.034499, 48.620769 ], [ -117.034595208840003, 48.608212499635002 ], [ -117.034896539076001, 48.568884998962197 ], [ -117.035425, 48.499914 ], [ -117.035382699710993, 48.478823982550999 ], [ -117.038128, 48.479538 ], [ -117.040187, 48.481926 ], [ -117.042815, 48.482303 ], [ -117.048967, 48.481493 ], [ -117.050724, 48.485037 ], [ -117.056134, 48.487311 ], [ -117.056995, 48.488418 ], [ -117.055682, 48.490838 ], [ -117.054739, 48.497069 ], [ -117.055154, 48.498685 ], [ -117.054104, 48.503234 ], [ -117.053454, 48.504295 ], [ -117.053314, 48.507331 ], [ -117.056783, 48.511047 ], [ -117.057108, 48.513325 ], [ -117.06069, 48.514867 ], [ -117.063423, 48.514855 ], [ -117.069565, 48.515692 ], [ -117.066661, 48.516622 ], [ -117.066284, 48.518381 ], [ -117.067055, 48.520421 ], [ -117.06814, 48.521169 ], [ -117.074998, 48.521896 ], [ -117.074259, 48.523919 ], [ -117.072617, 48.523945 ], [ -117.073954, 48.525024 ], [ -117.07597, 48.524875 ], [ -117.077993, 48.523649 ], [ -117.079267, 48.524264 ], [ -117.081185, 48.522807 ], [ -117.0852, 48.522003 ], [ -117.085436, 48.523141 ], [ -117.088606, 48.523396 ], [ -117.088715, 48.524317 ], [ -117.091372, 48.52396 ], [ -117.093429, 48.524283 ], [ -117.089779, 48.521651 ], [ -117.087897, 48.521749 ], [ -117.087898, 48.520711 ], [ -117.089483, 48.520547 ], [ -117.091337, 48.521623 ], [ -117.093494, 48.52176 ], [ -117.095887, 48.522063 ], [ -117.09713, 48.522833 ], [ -117.096902, 48.522065 ], [ -117.091899, 48.520384 ], [ -117.09122, 48.518249 ], [ -117.092029, 48.519552 ], [ -117.095049, 48.520314 ], [ -117.096814, 48.520205 ], [ -117.102383, 48.522874 ], [ -117.105168, 48.523359 ], [ -117.108293, 48.521841 ], [ -117.110815, 48.521384 ], [ -117.114959, 48.519424 ], [ -117.116339, 48.517226 ], [ -117.117574, 48.513758 ], [ -117.118625, 48.514323 ], [ -117.123119, 48.513898 ], [ -117.124473, 48.514897 ], [ -117.124772, 48.516705 ], [ -117.12641, 48.517367 ], [ -117.129491, 48.51629 ], [ -117.130651, 48.517441 ], [ -117.133035, 48.518191 ], [ -117.134819, 48.516082 ], [ -117.134688, 48.510209 ], [ -117.135572, 48.509796 ], [ -117.139066, 48.509073 ], [ -117.139211, 48.510616 ], [ -117.140298, 48.511215 ], [ -117.141584, 48.50942 ], [ -117.143453, 48.509172 ], [ -117.144031, 48.509922 ], [ -117.146698, 48.505086 ], [ -117.148849, 48.503904 ], [ -117.145831, 48.504308 ], [ -117.145022, 48.504972 ], [ -117.145347, 48.504032 ], [ -117.147609, 48.502536 ], [ -117.148727, 48.500539 ], [ -117.151816, 48.498709 ], [ -117.154349, 48.496175 ], [ -117.157438, 48.495426 ], [ -117.160416, 48.496361 ], [ -117.166686, 48.497842 ], [ -117.169495, 48.497953 ], [ -117.171268, 48.499578 ], [ -117.173852, 48.499807 ], [ -117.175511, 48.500905 ], [ -117.177173, 48.500956 ], [ -117.180297, 48.499763 ], [ -117.185177, 48.500003 ], [ -117.191066, 48.499666 ], [ -117.195381, 48.500381 ], [ -117.197552, 48.499963 ], [ -117.210864, 48.502715 ], [ -117.214362, 48.501467 ], [ -117.216492, 48.501337 ], [ -117.218999, 48.501916 ], [ -117.221205, 48.499275 ], [ -117.225626, 48.500346 ], [ -117.227682, 48.501207 ], [ -117.232251, 48.501148 ], [ -117.237437, 48.503161 ], [ -117.240663, 48.504071 ], [ -117.241603, 48.504937 ], [ -117.244681, 48.503668 ], [ -117.246802, 48.504346 ], [ -117.24963, 48.502696 ], [ -117.251059, 48.503207 ], [ -117.252895, 48.501344 ], [ -117.254266, 48.497392 ], [ -117.25651, 48.496704 ], [ -117.257095, 48.495457 ], [ -117.256772, 48.49336 ], [ -117.258828, 48.489897 ], [ -117.259587, 48.489581 ], [ -117.262489, 48.489939 ], [ -117.266291, 48.489771 ], [ -117.266567, 48.491573 ], [ -117.265984, 48.495908 ], [ -117.266415, 48.49825 ], [ -117.268096, 48.502004 ], [ -117.276934, 48.513178 ], [ -117.280769, 48.516464 ], [ -117.282914, 48.517719 ], [ -117.288211, 48.519347 ], [ -117.292005, 48.521155 ], [ -117.297189, 48.524663 ], [ -117.299779, 48.525796 ], [ -117.301901, 48.527748 ], [ -117.302819, 48.529606 ], [ -117.302704, 48.531381 ], [ -117.300936, 48.53634 ], [ -117.301586, 48.539383 ], [ -117.304622, 48.542524 ], [ -117.310065, 48.545768 ], [ -117.316688, 48.548219 ], [ -117.325895, 48.549848 ], [ -117.329551, 48.55067 ], [ -117.333835, 48.552941 ], [ -117.337079, 48.554071 ], [ -117.340687, 48.554725 ], [ -117.343589, 48.557099 ], [ -117.3471, 48.558878 ], [ -117.347804, 48.560741 ], [ -117.348128, 48.564973 ], [ -117.347843, 48.569327 ], [ -117.348881, 48.570921 ], [ -117.349349, 48.573593 ], [ -117.34819, 48.580576 ], [ -117.346222, 48.587227 ], [ -117.346402, 48.589136 ], [ -117.349012, 48.594266 ], [ -117.351676, 48.597197 ], [ -117.356092, 48.600678 ], [ -117.357729, 48.602632 ], [ -117.358786, 48.605771 ], [ -117.359325, 48.612679 ], [ -117.357681, 48.616827 ], [ -117.35833, 48.619203 ], [ -117.360758, 48.621614 ], [ -117.364673, 48.631276 ], [ -117.365658, 48.634856 ], [ -117.367318, 48.639099 ], [ -117.369031, 48.644782 ], [ -117.370701, 48.647036 ], [ -117.369854, 48.649815 ], [ -117.369995, 48.651411 ], [ -117.373148, 48.658837 ], [ -117.375444, 48.662714 ], [ -117.376377, 48.663569 ], [ -117.377217, 48.6663 ], [ -117.376828, 48.668534 ], [ -117.378267, 48.67186 ], [ -117.379578, 48.67373 ], [ -117.38398, 48.677707 ], [ -117.388419, 48.680116 ], [ -117.391788, 48.681299 ], [ -117.394916, 48.683305 ], [ -117.393975, 48.686919 ], [ -117.39882, 48.689787 ], [ -117.400382, 48.690008 ], [ -117.402734, 48.691961 ], [ -117.405451, 48.69171 ], [ -117.407473, 48.690432 ], [ -117.408755, 48.69323 ], [ -117.413949, 48.692874 ], [ -117.416575, 48.691865 ], [ -117.418986, 48.690265 ], [ -117.420354, 48.688504 ], [ -117.420412, 48.68619 ], [ -117.421303, 48.68542 ], [ -117.422469, 48.685888 ], [ -117.426288, 48.689053 ], [ -117.428213, 48.688757 ], [ -117.429102, 48.681843 ], [ -117.431342, 48.680579 ], [ -117.431557, 48.68331 ], [ -117.432438, 48.682495 ], [ -117.433279, 48.680075 ], [ -117.434207, 48.679673 ], [ -117.439575, 48.680892 ], [ -117.447499, 48.681567 ], [ -117.450101, 48.682485 ], [ -117.451912, 48.684226 ], [ -117.453587, 48.684362 ], [ -117.452671, 48.681012 ], [ -117.454627, 48.678654 ], [ -117.456126, 48.672473 ], [ -117.459102, 48.671843 ], [ -117.466974, 48.673942 ], [ -117.46845, 48.673954 ], [ -117.470452, 48.67278 ], [ -117.476016, 48.665419 ], [ -117.476564, 48.658694 ], [ -117.477937, 48.657387 ], [ -117.48847, 48.651838 ], [ -117.490844, 48.651609 ], [ -117.495406, 48.653775 ], [ -117.497368, 48.653872 ], [ -117.499952, 48.652767 ], [ -117.499975, 48.656187 ], [ -117.563932, 48.656204 ], [ -117.567648, 48.656041 ], [ -117.607207, 48.656131 ], [ -117.608791, 48.655952 ], [ -117.629241, 48.655852 ], [ -117.629421, 48.742634 ] ] ] } },
{ "type": "Feature", "properties": { "geoid": "53051970400", "county_name": "Pend Oreille County", "place_name": null, "state_name": "Washington", "state_abbr": "WA", "is_rural": true, "dci_score": 58.2, "dci_quintile": 4.0, "is_cra_lmi": false, "income_level": "U", "is_persistent_poverty": false, "is_tribal_overlap": false, "tribal_area_name": null, "aian_pct": 0.0, "has_nmtc": false, "nmtc_projects": 0, "nmtc_total_usd": 0.0 }, "geometry": { "type": "Polygon", "coordinates": [ [ [ -117.502248, 48.203829 ], [ -117.499771, 48.202778 ], [ -117.499664, 48.199967 ], [ -117.496894, 48.201875 ], [ -117.496802, 48.202599 ], [ -117.501456, 48.204576 ], [ -117.501933, 48.206318 ], [ -117.500484, 48.207889 ], [ -117.495765, 48.209074 ], [ -117.492499, 48.210558 ], [ -117.490394, 48.210619 ], [ -117.488266, 48.212263 ], [ -117.490481, 48.211362 ], [ -117.492982, 48.211565 ], [ -117.494845, 48.210852 ], [ -117.498686, 48.21066 ], [ -117.497602, 48.212299 ], [ -117.495578, 48.213886 ], [ -117.494684, 48.215839 ], [ -117.489532, 48.218209 ], [ -117.48589, 48.221557 ], [ -117.482723, 48.222476 ], [ -117.480249, 48.222671 ], [ -117.477288, 48.222108 ], [ -117.474895, 48.222225 ], [ -117.467982, 48.223536 ], [ -117.465131, 48.22519 ], [ -117.463612, 48.227516 ], [ -117.463631, 48.229992 ], [ -117.459507, 48.231103 ], [ -117.456824, 48.233323 ], [ -117.452143, 48.234819 ], [ -117.447151, 48.238161 ], [ -117.44525, 48.238746 ], [ -117.440159, 48.244084 ], [ -117.438622, 48.245281 ], [ -117.435515, 48.245685 ], [ -117.435185, 48.247127 ], [ -117.433892, 48.247466 ], [ -117.430577, 48.250444 ], [ -117.427227, 48.25247 ], [ -117.426036, 48.253678 ], [ -117.424474, 48.256548 ], [ -117.423194, 48.257895 ], [ -117.421076, 48.258525 ], [ -117.421279, 48.260169 ], [ -117.422777, 48.261444 ], [ -117.420789, 48.260728 ], [ -117.419205, 48.259356 ], [ -117.416955, 48.258326 ], [ -117.412864, 48.257459 ], [ -117.40542, 48.258782 ], [ -117.400993, 48.258256 ], [ -117.399962, 48.257163 ], [ -117.396514, 48.257253 ], [ -117.394172, 48.25556 ], [ -117.392532, 48.256051 ], [ -117.391607, 48.257655 ], [ -117.387285, 48.259447 ], [ -117.382405, 48.259047 ], [ -117.380371, 48.259677 ], [ -117.376152, 48.258831 ], [ -117.374028, 48.257809 ], [ -117.372552, 48.259135 ], [ -117.367576, 48.259251 ], [ -117.366415, 48.260753 ], [ -117.362781, 48.256903 ], [ -117.358518, 48.25442 ], [ -117.355702, 48.252051 ], [ -117.354038, 48.248885 ], [ -117.350621, 48.246639 ], [ -117.348941, 48.244987 ], [ -117.341365, 48.245127 ], [ -117.337609, 48.247956 ], [ -117.336342, 48.248184 ], [ -117.332873, 48.247034 ], [ -117.326684, 48.24667 ], [ -117.324469, 48.247042 ], [ -117.318631, 48.24883 ], [ -117.31579, 48.248727 ], [ -117.308762, 48.245429 ], [ -117.305472, 48.244777 ], [ -117.284356, 48.244795 ], [ -117.273248, 48.244849 ], [ -117.270803, 48.245529 ], [ -117.26731, 48.247578 ], [ -117.262834, 48.248361 ], [ -117.245033, 48.248609 ], [ -117.241153, 48.249843 ], [ -117.235591, 48.244182 ], [ -117.232767, 48.24494 ], [ -117.228495, 48.241805 ], [ -117.222869, 48.238496 ], [ -117.213649, 48.235394 ], [ -117.209423, 48.234692 ], [ -117.210053, 48.232518 ], [ -117.209519, 48.230863 ], [ -117.210493, 48.22897 ], [ -117.217415, 48.227504 ], [ -117.219247, 48.226008 ], [ -117.218506, 48.224173 ], [ -117.21972, 48.220328 ], [ -117.222987, 48.217313 ], [ -117.224246, 48.215591 ], [ -117.22506, 48.212992 ], [ -117.224273, 48.210419 ], [ -117.225486, 48.206262 ], [ -117.223761, 48.20368 ], [ -117.225055, 48.201336 ], [ -117.225008, 48.197977 ], [ -117.225807, 48.195721 ], [ -117.225179, 48.193173 ], [ -117.225609, 48.187919 ], [ -117.226982, 48.186875 ], [ -117.228202, 48.182637 ], [ -117.222437, 48.180893 ], [ -117.220948, 48.179098 ], [ -117.216218, 48.177437 ], [ -117.214273, 48.177623 ], [ -117.21277, 48.17682 ], [ -117.209498, 48.176293 ], [ -117.204535, 48.176589 ], [ -117.200462, 48.174867 ], [ -117.199533, 48.17366 ], [ -117.196137, 48.167078 ], [ -117.191447, 48.165334 ], [ -117.181468, 48.163871 ], [ -117.177196, 48.162516 ], [ -117.172235, 48.163332 ], [ -117.164638, 48.163298 ], [ -117.163325, 48.16303 ], [ -117.16061, 48.161183 ], [ -117.15032, 48.159716 ], [ -117.146517, 48.159599 ], [ -117.133218, 48.159621 ], [ -117.118978, 48.157655 ], [ -117.118136, 48.153952 ], [ -117.117218, 48.153774 ], [ -117.114468, 48.155163 ], [ -117.112698, 48.15496 ], [ -117.110592, 48.152043 ], [ -117.114482, 48.150258 ], [ -117.119741, 48.148604 ], [ -117.122681, 48.1482 ], [ -117.133983, 48.147639 ], [ -117.143228, 48.145033 ], [ -117.162504, 48.145119 ], [ -117.164243, 48.144821 ], [ -117.167508, 48.142779 ], [ -117.176935, 48.137513 ], [ -117.177554, 48.136778 ], [ -117.181297, 48.139162 ], [ -117.182689, 48.139406 ], [ -117.184638, 48.138456 ], [ -117.187773, 48.140581 ], [ -117.19, 48.138722 ], [ -117.19034, 48.136884 ], [ -117.193474, 48.135971 ], [ -117.196521, 48.136502 ], [ -117.199461, 48.134295 ], [ -117.201047, 48.133842 ], [ -117.204446, 48.136035 ], [ -117.205851, 48.136109 ], [ -117.209214, 48.134682 ], [ -117.214297, 48.133071 ], [ -117.230039, 48.133071 ], [ -117.239544, 48.129518 ], [ -117.240608, 48.128627 ], [ -117.24076, 48.118829 ], [ -117.241559, 48.118566 ], [ -117.251477, 48.118559 ], [ -117.251308, 48.09986 ], [ -117.243829, 48.10406 ], [ -117.239446, 48.103929 ], [ -117.234812, 48.102565 ], [ -117.230234, 48.09984 ], [ -117.224313, 48.097872 ], [ -117.218958, 48.095552 ], [ -117.21897, 48.092585 ], [ -117.220082, 48.09129 ], [ -117.222754, 48.089841 ], [ -117.223483, 48.088201 ], [ -117.222032, 48.085971 ], [ -117.223334, 48.084196 ], [ -117.224006, 48.080829 ], [ -117.228716, 48.077048 ], [ -117.231961, 48.075385 ], [ -117.233817, 48.074918 ], [ -117.237337, 48.072945 ], [ -117.240872, 48.069949 ], [ -117.242845, 48.067876 ], [ -117.242588, 48.066287 ], [ -117.240616, 48.06457 ], [ -117.238498, 48.061674 ], [ -117.238494, 48.05936 ], [ -117.239687, 48.054535 ], [ -117.240048, 48.051011 ], [ -117.239596, 48.046721 ], [ -117.240129, 48.046041 ], [ -117.306571, 48.046336 ], [ -117.343806, 48.046596 ], [ -117.393054, 48.046899 ], [ -117.424744, 48.04708 ], [ -117.436903, 48.047206 ], [ -117.436993, 48.047207 ], [ -117.43682, 48.076545 ], [ -117.436989, 48.077362 ], [ -117.437338, 48.101787 ], [ -117.437374, 48.104511 ], [ -117.437629, 48.134688 ], [ -117.502371, 48.134708 ], [ -117.502122, 48.173168 ], [ -117.502461, 48.194711 ], [ -117.502248, 48.203829 ] ] ] } },
{ "type": "Feature", "properties": { "geoid": "53027001200", "county_name": "Grays Harbor County", "place_name": null, "state_name": "Washington", "state_abbr": "WA", "is_rural": true, "dci_score": 91.4, "dci_quintile": 1.0, "is_cra_lmi": true, "income_level": "M", "is_persistent_poverty": false, "is_tribal_overlap": false, "tribal_area_name": null, "aian_pct": 0.0, "has_nmtc": true, "nmtc_projects": 1, "nmtc_total_usd": 2941176.0 }, "geometry": { "type": "Polygon", "coordinates": [ [ [ -123.85222, 46.976939 ], [ -123.845933, 46.976942 ], [ -123.843624, 46.97764 ], [ -123.838914, 46.977679 ], [ -123.836263, 46.976905 ], [ -123.836226, 46.978957 ], [ -123.831159, 46.978955 ], [ -123.827551, 46.978928 ], [ -123.826825, 46.97893 ], [ -123.824667, 46.976999 ], [ -123.823821, 46.976201 ], [ -123.826124, 46.975035 ], [ -123.82959, 46.973252 ], [ -123.824386, 46.968478 ], [ -123.823518, 46.967709 ], [ -123.81602, 46.97113 ], [ -123.815109, 46.971807 ], [ -123.811481, 46.973386 ], [ -123.808787, 46.972229 ], [ -123.819082, 46.965809 ], [ -123.822389, 46.962943 ], [ -123.831164, 46.960292 ], [ -123.841453790905007, 46.957074289858703 ], [ -123.844604, 46.960927 ], [ -123.852119228101998, 46.964373876810697 ], [ -123.852205, 46.974238 ], [ -123.852215, 46.976045 ], [ -123.85222, 46.976939 ] ] ] } },
{ "type": "Feature", "properties": { "geoid": "53027940000", "county_name": "Grays Harbor County", "place_name": "Wenatchee", "state_name": "Washington", "state_abbr": "WA", "is_rural": true, "dci_score": null, "dci_quintile": null, "is_cra_lmi": false, "income_level": "U", "is_persistent_poverty": false, "is_tribal_overlap": true, "tribal_area_name": "Quinault Reservation", "aian_pct": 0.0, "has_nmtc": true, "nmtc_projects": 1, "nmtc_total_usd": 3100000.0 }, "geometry": { "type": "Polygon", "coordinates": [ [ [ -124.354854444713993, 47.5335351706387 ], [ -124.351086, 47.533529 ], [ -124.334332, 47.533618 ], [ -124.327967, 47.533591 ], [ -124.310324, 47.533678 ], [ -124.301834, 47.533238 ], [ -124.28146, 47.533674 ], [ -124.179722, 47.533617 ], [ -124.179278, 47.533611 ], [ -124.111345, 47.533898 ], [ -124.060797, 47.533706 ], [ -124.046504, 47.53367 ], [ -124.046627, 47.525796 ], [ -124.04674, 47.518525 ], [ -123.957135, 47.517972 ], [ -123.957756, 47.515296 ], [ -123.956018, 47.513334 ], [ -123.954875, 47.513096 ], [ -123.94629, 47.514575 ], [ -123.93958, 47.514324 ], [ -123.93761, 47.51488 ], [ -123.933307, 47.514377 ], [ -123.931759, 47.513528 ], [ -123.928922, 47.514585 ], [ -123.923198, 47.515188 ], [ -123.918988, 47.515012 ], [ -123.913346, 47.513332 ], [ -123.909112, 47.513167 ], [ -123.904944, 47.511921 ], [ -123.903791, 47.510902 ], [ -123.903539, 47.509318 ], [ -123.906462, 47.506585 ], [ -123.909704, 47.500698 ], [ -123.911477, 47.498278 ], [ -123.913628, 47.496675 ], [ -123.913238, 47.494918 ], [ -123.915082, 47.493397 ], [ -123.917375, 47.492626 ], [ -123.919798, 47.490661 ], [ -123.922848, 47.489632 ], [ -123.931751, 47.489432 ], [ -123.933016, 47.492611 ], [ -123.934206, 47.493411 ], [ -123.938619, 47.492763 ], [ -123.937242, 47.491399 ], [ -123.937408, 47.489935 ], [ -123.940715, 47.488421 ], [ -123.943404, 47.487851 ], [ -123.94472, 47.486643 ], [ -123.948261, 47.486296 ], [ -123.950252, 47.488862 ], [ -123.95144, 47.488517 ], [ -123.953118, 47.486029 ], [ -123.962231, 47.484015 ], [ -123.964683, 47.484194 ], [ -123.961382, 47.482862 ], [ -123.958673, 47.480241 ], [ -123.954913, 47.480244 ], [ -123.951649, 47.476809 ], [ -123.949412, 47.475685 ], [ -123.949187, 47.474408 ], [ -123.947797, 47.473566 ], [ -123.946074, 47.473003 ], [ -123.933262, 47.474553 ], [ -123.912573, 47.469699 ], [ -123.911231, 47.47128 ], [ -123.908504, 47.472914 ], [ -123.903261, 47.474711 ], [ -123.898437, 47.478187 ], [ -123.898121, 47.47924 ], [ -123.895573, 47.478587 ], [ -123.89291, 47.480154 ], [ -123.89269, 47.481092 ], [ -123.890531, 47.480011 ], [ -123.886842, 47.479889 ], [ -123.886372, 47.480898 ], [ -123.88404, 47.482158 ], [ -123.881314, 47.482234 ], [ -123.877486, 47.483044 ], [ -123.873649, 47.484601 ], [ -123.871022, 47.487241 ], [ -123.86879, 47.487906 ], [ -123.868541, 47.490204 ], [ -123.865323, 47.492268 ], [ -123.863202, 47.491528 ], [ -123.860971, 47.493762 ], [ -123.854999, 47.495031 ], [ -123.853932, 47.496008 ], [ -123.848713, 47.498001 ], [ -123.844868, 47.496274 ], [ -123.843061, 47.493598 ], [ -123.845382, 47.490394 ], [ -123.841149, 47.488876 ], [ -123.839177, 47.48521 ], [ -123.83562, 47.484906 ], [ -123.832787, 47.482943 ], [ -123.831135, 47.480234 ], [ -123.832308, 47.478583 ], [ -123.831879, 47.477464 ], [ -123.832978, 47.474848 ], [ -123.834264, 47.473498 ], [ -123.836747, 47.473152 ], [ -123.837678, 47.474084 ], [ -123.841325, 47.472602 ], [ -123.843064, 47.470858 ], [ -123.845417, 47.469837 ], [ -123.847027, 47.470593 ], [ -123.847625, 47.468997 ], [ -123.851998, 47.465463 ], [ -123.853284, 47.465655 ], [ -123.86086, 47.461971 ], [ -123.86293, 47.461921 ], [ -123.864625, 47.458262 ], [ -123.866151, 47.456155 ], [ -123.869232, 47.455852 ], [ -123.895027, 47.432354 ], [ -123.900089, 47.427748 ], [ -123.901911, 47.426153 ], [ -123.90592, 47.422672 ], [ -123.929333, 47.403683 ], [ -123.941143, 47.392097 ], [ -123.971607, 47.365236 ], [ -123.998362, 47.345899 ], [ -124.001315, 47.343822 ], [ -124.012718, 47.335181 ], [ -124.019295, 47.328941 ], [ -124.054069, 47.298486 ], [ -124.082917, 47.274339 ], [ -124.1092, 47.249807 ], [ -124.114795, 47.245201 ], [ -124.164192, 47.244279 ], [ -124.179035, 47.244917 ], [ -124.185749, 47.244856 ], [ -124.202211, 47.244741 ], [ -124.218149, 47.244698 ], [ -124.219511455746996, 47.244696612928202 ], [ -124.220589234453001, 47.247422842570202 ], [ -124.221525749668004, 47.249791747732203 ], [ -124.236146644811001, 47.286775144725198 ], [ -124.236349, 47.287287 ], [ -124.242991, 47.293958 ], [ -124.246438977809007, 47.296524322018598 ], [ -124.252154, 47.300778 ], [ -124.257452, 47.304059 ], [ -124.271193, 47.305025 ], [ -124.274407, 47.30189 ], [ -124.278799950190006, 47.303979926402597 ], [ -124.279437, 47.304283 ], [ -124.278097, 47.306377 ], [ -124.286369, 47.325162 ], [ -124.293288, 47.339309 ], [ -124.299173021054003, 47.347312805493097 ], [ -124.299837338795001, 47.348216297586198 ], [ -124.299943, 47.34836 ], [ -124.307509, 47.352268 ], [ -124.314855, 47.353775 ], [ -124.319379, 47.355559 ], [ -124.319626, 47.359633 ], [ -124.324091, 47.367602 ], [ -124.324317, 47.378696 ], [ -124.32665, 47.388759 ], [ -124.330162, 47.40014 ], [ -124.33636, 47.405081 ], [ -124.337842, 47.411947 ], [ -124.336724, 47.415996 ], [ -124.337552, 47.432983 ], [ -124.339504, 47.437718 ], [ -124.339154, 47.446489 ], [ -124.339715, 47.453525 ], [ -124.341068, 47.45891 ], [ -124.341939, 47.461201 ], [ -124.343611, 47.461649 ], [ -124.3444, 47.461691 ], [ -124.345661, 47.462096 ], [ -124.346324, 47.462928 ], [ -124.346008, 47.463397 ], [ -124.344498, 47.463536 ], [ -124.342768, 47.464144 ], [ -124.342128, 47.466724 ], [ -124.343162186821004, 47.474344935321902 ], [ -124.345155, 47.48903 ], [ -124.345571717531996, 47.490991476827197 ], [ -124.345751784108003, 47.491839044758798 ], [ -124.351525594704995, 47.519016196709302 ], [ -124.352843068716993, 47.525217507060503 ], [ -124.353161, 47.526714 ], [ -124.354854444713993, 47.5335351706387 ] ] ] } },
{ "type": "Feature", "properties": { "geoid": "53053062801", "county_name": "Pierce County", "place_name": null, "state_name": "Washington", "state_abbr": "WA", "is_rural": false, "dci_score": 61.7, "dci_quintile": 4.0, "is_cra_lmi": true, "income_level": "L", "is_persistent_poverty": false, "is_tribal_overlap": false, "tribal_area_name": null, "aian_pct": 0.0, "has_nmtc": false, "nmtc_projects": 0, "nmtc_total_usd": 0.0 }, "geometry": { "type": "Polygon", "coordinates": [ [ [ -122.505304, 47.206893 ], [ -122.505257, 47.209441 ], [ -122.50524, 47.213799 ], [ -122.505204, 47.217436 ], [ -122.505152, 47.22107 ], [ -122.50515, 47.228418 ], [ -122.505107, 47.232 ], [ -122.505028, 47.239712 ], [ -122.505269, 47.242901 ], [ -122.505196, 47.243632 ], [ -122.504546, 47.242931 ], [ -122.499163, 47.23626 ], [ -122.498189, 47.235607 ], [ -122.495151, 47.234868 ], [ -122.486583, 47.235009 ], [ -122.482425, 47.235515 ], [ -122.475143, 47.235035 ], [ -122.47432, 47.233797 ], [ -122.478338, 47.233061 ], [ -122.483652, 47.231234 ], [ -122.48607, 47.231255 ], [ -122.48609, 47.22924 ], [ -122.489711, 47.229237 ], [ -122.489718, 47.227262 ], [ -122.493362, 47.223701 ], [ -122.493903, 47.21384 ], [ -122.494177, 47.212893 ], [ -122.494383, 47.209631 ], [ -122.493218, 47.206232 ], [ -122.49701, 47.206513 ], [ -122.50209, 47.206525 ], [ -122.505385, 47.206514 ], [ -122.505304, 47.206893 ] ] ] } },
{ "type": "Feature", "properties": { "geoid": "53053940006", "county_name": "Pierce County", "place_name": null, "state_name": "Washington", "state_abbr": "WA", "is_rural": false, "dci_score": 54.4, "dci_quintile": 4.0, "is_cra_lmi": true, "income_level": "L", "is_persistent_poverty": false, "is_tribal_overlap": true, "tribal_area_name": "Puyallup Reservation", "aian_pct": 0.0, "has_nmtc": false, "nmtc_projects": 0, "nmtc_total_usd": 0.0 }, "geometry": { "type": "Polygon", "coordinates": [ [ [ -122.407698, 47.213536 ], [ -122.407653, 47.217214 ], [ -122.407661, 47.217502 ], [ -122.407699, 47.220875 ], [ -122.407676, 47.223055 ], [ -122.4077, 47.224543 ], [ -122.401901, 47.224707 ], [ -122.401999, 47.223097 ], [ -122.39431, 47.223055 ], [ -122.394904, 47.221995 ], [ -122.395153, 47.221025 ], [ -122.39469, 47.219955 ], [ -122.394793, 47.219243 ], [ -122.394476, 47.217882 ], [ -122.394596, 47.215682 ], [ -122.394478, 47.214883 ], [ -122.394221, 47.213139 ], [ -122.394339, 47.211132 ], [ -122.394487, 47.210948 ], [ -122.395688, 47.209456 ], [ -122.395708, 47.206384 ], [ -122.404184, 47.206253 ], [ -122.40789, 47.210813 ], [ -122.407698, 47.213536 ] ] ] } },
{ "type": "Feature", "properties": { "geoid": "53053071703", "county_name": "Pierce County", "place_name": "Spokane", "state_name": "Washington", "state_abbr": "WA", "is_rural": false, "dci_score": 60.2, "dci_quintile": 4.0, "is_cra_lmi": true, "income_level": "M", "is_persistent_poverty": false, "is_tribal_overlap": false, "tribal_area_name": null, "aian_pct": 0.0, "has_nmtc": false, "nmtc_projects": 0, "nmtc_total_usd": 0.0 }, "geometry": { "type": "Polygon", "coordinates": [ [ [ -122.472476, 47.170205 ], [ -122.466873, 47.175822 ], [ -122.465837, 47.177421 ], [ -122.464814, 47.181045 ], [ -122.463794, 47.184692 ], [ -122.463183, 47.184666 ], [ -122.463232, 47.182851 ], [ -122.463209, 47.181047 ], [ -122.463202, 47.180766 ], [ -122.463172, 47.179374 ], [ -122.463169, 47.179203 ], [ -122.463119, 47.173794 ], [ -122.46308, 47.170177 ], [ -122.455212, 47.17019 ], [ -122.455372, 47.164893 ], [ -122.460677, 47.164971 ], [ -122.463299, 47.165022 ], [ -122.466739, 47.164984 ], [ -122.466169, 47.166015 ], [ -122.465938, 47.166808 ], [ -122.465819, 47.169607 ], [ -122.465649, 47.170179 ], [ -122.468392, 47.17019 ], [ -122.471707, 47.170203 ], [ -122.472011, 47.170203 ], [ -122.472476, 47.170205 ] ] ] } },
{ "type": "Feature", "properties": { "geoid": "53053072106", "county_name": "Pierce County", "place_name": "Spokane", "state_name": "Washington", "state_abbr": "WA", "is_rural": false, "dci_score": 61.4, "dci_quintile": 4.0, "is_cra_lmi": true, "income_level": "M", "is_persistent_poverty": false, "is_tribal_overlap": false, "tribal_area_name": null, "aian_pct": 0.0, "has_nmtc": false, "nmtc_projects": 0, "nmtc_total_usd": 0.0 }, "geometry": { "type": "Polygon", "coordinates": [ [ [ -122.55309, 47.180335 ], [ -122.553079, 47.183498 ], [ -122.552765, 47.18513 ], [ -122.548692, 47.187497 ], [ -122.547586, 47.188702 ], [ -122.546853, 47.188859 ], [ -122.538034, 47.190212 ], [ -122.536981, 47.190196 ], [ -122.532746, 47.191207 ], [ -122.531809, 47.192844 ], [ -122.526854, 47.197286 ], [ -122.526973, 47.197936 ], [ -122.526657, 47.197961 ], [ -122.52535, 47.198313 ], [ -122.522842, 47.198239 ], [ -122.521849, 47.197252 ], [ -122.521152, 47.195521 ], [ -122.518725, 47.192156 ], [ -122.518477, 47.189333 ], [ -122.518377, 47.186428 ], [ -122.520321, 47.186057 ], [ -122.523715, 47.183519 ], [ -122.527421, 47.179654 ], [ -122.527556, 47.176436 ], [ -122.533038, 47.177731 ], [ -122.535641, 47.17776 ], [ -122.537001, 47.177853 ], [ -122.541028, 47.179639 ], [ -122.547669, 47.179862 ], [ -122.551384, 47.179532 ], [ -122.553323, 47.179236 ], [ -122.55309, 47.180335 ] ] ] } },
{ "type": "Feature", "properties": { "geoid": "53053062600", "county_name": "Pierce County", "place_name": "Spokane", "state_name": "Washington", "state_abbr": "WA", "is_rural": false, "dci_score": 69.4, "dci_quintile": 4.0, "is_cra_lmi": true, "income_level": "M", "is_persistent_poverty": false, "is_tribal_overlap": false, "tribal_area_name": null, "aian_pct": 0.0, "has_nmtc": false, "nmtc_projects": 0, "nmtc_total_usd": 0.0 }, "geometry": { "type": "Polygon", "coordinates": [ [ [ -122.494177, 47.212893 ], [ -122.493903, 47.21384 ], [ -122.493362, 47.223701 ], [ -122.489718, 47.227262 ], [ -122.489711, 47.229237 ], [ -122.48609, 47.22924 ], [ -122.48607, 47.231255 ], [ -122.483652, 47.231234 ], [ -122.478338, 47.233061 ], [ -122.47432, 47.233797 ], [ -122.475143, 47.235035 ], [ -122.465775, 47.234878 ], [ -122.463373, 47.233442 ], [ -122.459105, 47.233155 ], [ -122.459114, 47.233856 ], [ -122.445078, 47.23375 ], [ -122.440486, 47.235336 ], [ -122.440122, 47.233744 ], [ -122.440946, 47.231413 ], [ -122.443165, 47.230767 ], [ -122.448129, 47.230084 ], [ -122.450897, 47.230256 ], [ -122.458844, 47.230897 ], [ -122.461352, 47.230052 ], [ -122.462918, 47.228439 ], [ -122.463275, 47.222992 ], [ -122.463296, 47.221001 ], [ -122.462442, 47.213876 ], [ -122.461477, 47.206565 ], [ -122.463856, 47.206452 ], [ -122.466183, 47.208805 ], [ -122.47369, 47.208728 ], [ -122.473698, 47.210739 ], [ -122.473727, 47.213745 ], [ -122.473714, 47.214845 ], [ -122.473627, 47.218686 ], [ -122.479184, 47.218682 ], [ -122.483378, 47.218681 ], [ -122.483382, 47.214882 ], [ -122.483635, 47.213758 ], [ -122.482682, 47.211692 ], [ -122.482424, 47.206204 ], [ -122.482414, 47.199243 ], [ -122.482384, 47.197452 ], [ -122.484996, 47.197375 ], [ -122.49277, 47.197425 ], [ -122.492292, 47.198539 ], [ -122.492179, 47.198981 ], [ -122.493218, 47.206232 ], [ -122.494383, 47.209631 ], [ -122.494177, 47.212893 ] ] ] } },
{ "type": "Feature", "properties": { "geoid": "53053071408", "county_name": "Pierce County", "place_name": null, "state_name": "Washington", "state_abbr": "WA", "is_rural": false, "dci_score": 47.2, "dci_quintile": 5.0, "is_cra_lmi": false, "income_level": "U", "is_persistent_poverty": false, "is_tribal_overlap": false, "tribal_area_name": null, "aian_pct": 0.0, "has_nmtc": false, "nmtc_projects": 0, "nmtc_total_usd": 0.0 }, "geometry": { "type": "Polygon", "coordinates": [ [ [ -122.434852, 47.119506 ], [ -122.432976, 47.119054 ], [ -122.429084, 47.119008 ], [ -122.429092, 47.117943 ], [ -122.415926, 47.114363 ], [ -122.415779, 47.114262 ], [ -122.415778, 47.111551 ], [ -122.407213, 47.111435 ], [ -122.406609, 47.111432 ], [ -122.404763, 47.111353 ], [ -122.399932, 47.108858 ], [ -122.400013, 47.104111 ], [ -122.421747, 47.104372 ], [ -122.423797, 47.104417 ], [ -122.429252, 47.104461 ], [ -122.434811, 47.104512 ], [ -122.434731, 47.111809 ], [ -122.434852, 47.119506 ] ] ] } },
{ "type": "Feature", "properties": { "geoid": "53053071901", "county_name": "Pierce County", "place_name": null, "state_name": "Washington", "state_abbr": "WA", "is_rural": false, "dci_score": 79.2, "dci_quintile": 3.0, "is_cra_lmi": true, "income_level": "M", "is_persistent_poverty": false, "is_tribal_overlap": false, "tribal_area_name": null, "aian_pct": 0.0, "has_nmtc": false, "nmtc_projects": 0, "nmtc_total_usd": 0.0 }, "geometry": { "type": "Polygon", "coordinates": [ [ [ -122.526602, 47.140936 ], [ -122.524829, 47.142425 ], [ -122.522843, 47.150611 ], [ -122.524444, 47.155834 ], [ -122.521251, 47.155828 ], [ -122.520689, 47.156111 ], [ -122.520602, 47.16173 ], [ -122.520662, 47.165138 ], [ -122.526042, 47.165082 ], [ -122.526295, 47.176058 ], [ -122.526267, 47.176433 ], [ -122.523626, 47.176449 ], [ -122.518092, 47.176481 ], [ -122.518361, 47.171582 ], [ -122.51559, 47.169813 ], [ -122.510062, 47.166673 ], [ -122.506098, 47.163186 ], [ -122.504612, 47.159431 ], [ -122.504564, 47.15851 ], [ -122.504436, 47.15225 ], [ -122.504424, 47.150049 ], [ -122.525904, 47.137486 ], [ -122.526602, 47.140936 ] ] ] } },
{ "type": "Feature", "properties": { "geoid": "53053071805", "county_name": "Pierce County", "place_name": null, "state_name": "Washington", "state_abbr": "WA", "is_rural": false, "dci_score": 79.2, "dci_quintile": 3.0, "is_cra_lmi": true, "income_level": "M", "is_persistent_poverty": false, "is_tribal_overlap": false, "tribal_area_name": null, "aian_pct": 0.0, "has_nmtc": false, "nmtc_projects": 0, "nmtc_total_usd": 0.0 }, "geometry": { "type": "Polygon", "coordinates": [ [ [ -122.50753, 47.16662 ], [ -122.499527, 47.16662 ], [ -122.494174, 47.166595 ], [ -122.493448, 47.166638 ], [ -122.494517, 47.159433 ], [ -122.49523, 47.154713 ], [ -122.504422, 47.149291 ], [ -122.504424, 47.150049 ], [ -122.504436, 47.15225 ], [ -122.504564, 47.15851 ], [ -122.504612, 47.159431 ], [ -122.506098, 47.163186 ], [ -122.510062, 47.166673 ], [ -122.50753, 47.16662 ] ] ] } },
{ "type": "Feature", "properties": { "geoid": "53053072903", "county_name": "Pierce County", "place_name": null, "state_name": "Washington", "state_abbr": "WA", "is_rural": false, "dci_score": 81.2, "dci_quintile": 2.0, "is_cra_lmi": true, "income_level": "M", "is_persistent_poverty": false, "is_tribal_overlap": false, "tribal_area_name": null, "aian_pct": 0.0, "has_nmtc": false, "nmtc_projects": 0, "nmtc_total_usd": 0.0 }, "geometry": { "type": "Polygon", "coordinates": [ [ [ -122.643479782675996, 47.135174062991801 ], [ -122.636169, 47.135574 ], [ -122.635554074183005, 47.1362016790127 ], [ -122.632842, 47.13897 ], [ -122.627739495162004, 47.141201147870497 ], [ -122.626187, 47.14188 ], [ -122.621908, 47.147861 ], [ -122.616917, 47.156913 ], [ -122.616819257209997, 47.157223158573203 ], [ -122.616246, 47.157244 ], [ -122.602989, 47.157163 ], [ -122.602986, 47.159541 ], [ -122.593093, 47.159442 ], [ -122.5896, 47.159408 ], [ -122.58975, 47.15595 ], [ -122.579078, 47.155985 ], [ -122.579075, 47.152369 ], [ -122.576414, 47.15235 ], [ -122.576414, 47.148718 ], [ -122.568471, 47.148675 ], [ -122.568481, 47.146649 ], [ -122.568473, 47.145941 ], [ -122.568522, 47.139464 ], [ -122.563202, 47.139434 ], [ -122.563897, 47.137622 ], [ -122.566611, 47.130554 ], [ -122.568151, 47.126544 ], [ -122.570354, 47.12494 ], [ -122.564532, 47.120939 ], [ -122.560624, 47.119265 ], [ -122.557964, 47.119279 ], [ -122.556885, 47.118417 ], [ -122.562003, 47.115659 ], [ -122.57066, 47.110592 ], [ -122.579654, 47.107858 ], [ -122.585131, 47.105064 ], [ -122.588309, 47.104101 ], [ -122.593448, 47.102891 ], [ -122.598824, 47.102404 ], [ -122.606483, 47.100258 ], [ -122.616816, 47.09522 ], [ -122.618811, 47.094305 ], [ -122.620876, 47.093419 ], [ -122.623549, 47.092386 ], [ -122.624136, 47.093481 ], [ -122.62518, 47.093896 ], [ -122.6233, 47.096116 ], [ -122.623032, 47.096622 ], [ -122.622535, 47.09774 ], [ -122.622504, 47.108285 ], [ -122.62249, 47.11158 ], [ -122.623163, 47.113094 ], [ -122.624298, 47.114828 ], [ -122.624555, 47.115462 ], [ -122.624957, 47.115476 ], [ -122.632888, 47.115506 ], [ -122.635924, 47.116488 ], [ -122.637646, 47.124823 ], [ -122.643124, 47.124727 ], [ -122.643375, 47.1263 ], [ -122.643479782675996, 47.135174062991801 ] ] ] } },
{ "type": "Feature", "properties": { "geoid": "53037975103", "county_name": "Kittitas County", "place_name": null, "state_name": "Washington", "state_abbr": "WA", "is_rural": true, "dci_score": 48.8, "dci_quintile": 5.0, "is_cra_lmi": true, "income_level": "M", "is_persistent_poverty": false, "is_tribal_overlap": false, "tribal_area_name": null, "aian_pct": 0.0, "has_nmtc": false, "nmtc_projects": 0, "nmtc_total_usd": 0.0 }, "geometry": { "type": "Polygon", "coordinates": [ [ [ -120.964355, 47.203167 ], [ -120.961353, 47.20381 ], [ -120.950727, 47.203912 ], [ -120.946271, 47.203955 ], [ -120.915542, 47.197776 ], [ -120.912228, 47.197106 ], [ -120.895952, 47.197591 ], [ -120.898418, 47.197004 ], [ -120.899556, 47.195688 ], [ -120.899649, 47.187976 ], [ -120.900286, 47.187017 ], [ -120.901207, 47.185643 ], [ -120.902177, 47.184047 ], [ -120.902907, 47.183366 ], [ -120.905269, 47.184446 ], [ -120.910439, 47.185922 ], [ -120.92853, 47.189707 ], [ -120.93784, 47.191636 ], [ -120.949102, 47.192933 ], [ -120.949195, 47.193794 ], [ -120.945664, 47.194814 ], [ -120.944914, 47.197059 ], [ -120.947135, 47.198051 ], [ -120.952707, 47.199502 ], [ -120.955462, 47.200906 ], [ -120.96272, 47.20244 ], [ -120.964355, 47.203167 ] ] ] } },
{ "type": "Feature", "properties": { "geoid": "53037975102", "county_name": "Kittitas County", "place_name": null, "state_name": "Washington", "state_abbr": "WA", "is_rural": true, "dci_score": 48.8, "dci_quintile": 5.0, "is_cra_lmi": false, "income_level": "NA", "is_persistent_poverty": false, "is_tribal_overlap": false, "tribal_area_name": null, "aian_pct": 0.0, "has_nmtc": false, "nmtc_projects": 0, "nmtc_total_usd": 0.0 }, "geometry": { "type": "Polygon", "coordinates": [ [ [ -121.052088, 47.183719 ], [ -121.04641, 47.185278 ], [ -121.043149, 47.185854 ], [ -121.041542, 47.183721 ], [ -121.040034, 47.182818 ], [ -121.037868, 47.182334 ], [ -121.014893, 47.183812 ], [ -121.004216, 47.184547 ], [ -120.998431, 47.184933 ], [ -120.993868, 47.185491 ], [ -120.991288, 47.186103 ], [ -120.963168, 47.194736 ], [ -120.962459, 47.194863 ], [ -120.961632, 47.194949 ], [ -120.960267, 47.195012 ], [ -120.959343, 47.194942 ], [ -120.958299, 47.19476 ], [ -120.954887, 47.19365 ], [ -120.949429, 47.192969 ], [ -120.949102, 47.192933 ], [ -120.93784, 47.191636 ], [ -120.92853, 47.189707 ], [ -120.910439, 47.185922 ], [ -120.905269, 47.184446 ], [ -120.902907, 47.183366 ], [ -120.896711, 47.180237 ], [ -120.898105, 47.179443 ], [ -120.901761, 47.179608 ], [ -120.904989, 47.181653 ], [ -120.905386, 47.18192 ], [ -120.905683, 47.182188 ], [ -120.90598, 47.182402 ], [ -120.906375, 47.182455 ], [ -120.906868, 47.182345 ], [ -120.907109, 47.182311 ], [ -120.91059, 47.183083 ], [ -120.913871, 47.183181 ], [ -120.918313, 47.184824 ], [ -120.923949, 47.180281 ], [ -120.930197, 47.182597 ], [ -120.934068, 47.182991 ], [ -120.93721, 47.182825 ], [ -120.935305, 47.177937 ], [ -120.935151, 47.174876 ], [ -120.938716, 47.171482 ], [ -120.938982, 47.17045 ], [ -120.941802, 47.169603 ], [ -120.94831, 47.168502 ], [ -120.952236, 47.168158 ], [ -120.96967, 47.168176 ], [ -120.972883, 47.168298 ], [ -120.974907, 47.169045 ], [ -120.979558, 47.167955 ], [ -120.980804, 47.166108 ], [ -120.98241, 47.167372 ], [ -120.987131, 47.167152 ], [ -121.006807, 47.165713 ], [ -121.009207, 47.165068 ], [ -121.017016, 47.166007 ], [ -121.020052, 47.168313 ], [ -121.021816, 47.167473 ], [ -121.02179, 47.170759 ], [ -121.02019, 47.173224 ], [ -121.019978, 47.174884 ], [ -121.023053, 47.175158 ], [ -121.024634, 47.176232 ], [ -121.027016, 47.176924 ], [ -121.030485, 47.174853 ], [ -121.037472, 47.174274 ], [ -121.039428, 47.176322 ], [ -121.041235, 47.177233 ], [ -121.043931, 47.177186 ], [ -121.048437, 47.17839 ], [ -121.050057, 47.180494 ], [ -121.052765, 47.181604 ], [ -121.052088, 47.183719 ] ] ] } },
{ "type": "Feature", "properties": { "geoid": "53037975600", "county_name": "Kittitas County", "place_name": "Sunnyside", "state_name": "Washington", "state_abbr": "WA", "is_rural": true, "dci_score": 42.4, "dci_quintile": 5.0, "is_cra_lmi": false, "income_level": "U", "is_persistent_poverty": false, "is_tribal_overlap": false, "tribal_area_name": null, "aian_pct": 0.0, "has_nmtc": false, "nmtc_projects": 0, "nmtc_total_usd": 0.0 }, "geometry": { "type": "Polygon", "coordinates": [ [ [ -120.578842, 46.995967 ], [ -120.572275, 46.990601 ], [ -120.575795, 47.000166 ], [ -120.575756, 47.000618 ], [ -120.573341, 46.999656 ], [ -120.571456, 46.999469 ], [ -120.56878, 46.999464 ], [ -120.567427, 46.999461 ], [ -120.566093, 46.99946 ], [ -120.562116, 46.999312 ], [ -120.558291, 46.996286 ], [ -120.55601, 46.996332 ], [ -120.555675, 46.999525 ], [ -120.552913, 46.999534 ], [ -120.546963, 46.999673 ], [ -120.547245, 47.005243 ], [ -120.547201, 47.005413 ], [ -120.547208, 47.006077 ], [ -120.539499, 47.006119 ], [ -120.539337, 46.999832 ], [ -120.539115, 46.995679 ], [ -120.544533, 46.995556 ], [ -120.544153, 46.988295 ], [ -120.544489, 46.98456 ], [ -120.544511, 46.980746 ], [ -120.545428, 46.980762 ], [ -120.537936, 46.969832 ], [ -120.532635, 46.962104 ], [ -120.538637, 46.960675 ], [ -120.543421, 46.960436 ], [ -120.547478, 46.962632 ], [ -120.55064, 46.963178 ], [ -120.553231, 46.964277 ], [ -120.554364, 46.966259 ], [ -120.554751, 46.970361 ], [ -120.558792, 46.97238 ], [ -120.558446, 46.975931 ], [ -120.559373, 46.977245 ], [ -120.565115, 46.977154 ], [ -120.56721, 46.97786 ], [ -120.570134, 46.981322 ], [ -120.568942, 46.984304 ], [ -120.571295, 46.986893 ], [ -120.57697, 46.987608 ], [ -120.57735, 46.990881 ], [ -120.580539, 46.994094 ], [ -120.578842, 46.995967 ] ] ] } },
{ "type": "Feature", "properties": { "geoid": "53025011401", "county_name": "Grant County", "place_name": null, "state_name": "Washington", "state_abbr": "WA", "is_rural": true, "dci_score": 70.2, "dci_quintile": 3.0, "is_cra_lmi": false, "income_level": "U", "is_persistent_poverty": false, "is_tribal_overlap": false, "tribal_area_name": null, "aian_pct": 0.0, "has_nmtc": false, "nmtc_projects": 0, "nmtc_total_usd": 0.0 }, "geometry": { "type": "Polygon", "coordinates": [ [ [ -119.6017, 46.867464 ], [ -119.599827, 46.870637 ], [ -119.596322, 46.87358 ], [ -119.594488, 46.874103 ], [ -119.589656, 46.874531 ], [ -119.587686, 46.876955 ], [ -119.583743, 46.876424 ], [ -119.5808, 46.875042 ], [ -119.579358, 46.872992 ], [ -119.568798, 46.869584 ], [ -119.562009, 46.869355 ], [ -119.554283, 46.869624 ], [ -119.550185, 46.869355 ], [ -119.544131, 46.86812 ], [ -119.543315, 46.8674 ], [ -119.541323, 46.86858 ], [ -119.535279, 46.866961 ], [ -119.534313, 46.865766 ], [ -119.52958, 46.865638 ], [ -119.528549, 46.864602 ], [ -119.524864, 46.863691 ], [ -119.523226, 46.86278 ], [ -119.520068, 46.862099 ], [ -119.51691, 46.86201 ], [ -119.513073, 46.862738 ], [ -119.512256, 46.863555 ], [ -119.513582, 46.865973 ], [ -119.512644, 46.868523 ], [ -119.510758, 46.867404 ], [ -119.509206, 46.868549 ], [ -119.50321, 46.868387 ], [ -119.559747, 46.881061 ], [ -119.559777, 46.889293 ], [ -119.559879, 46.910774 ], [ -119.559451, 46.912751 ], [ -119.558093, 46.915365 ], [ -119.557965, 46.935677 ], [ -119.559438, 46.93687 ], [ -119.562248, 46.937666 ], [ -119.562606, 46.938913 ], [ -119.561927, 46.941665 ], [ -119.557983, 46.944239 ], [ -119.557837, 46.945007 ], [ -119.557649, 46.962996 ], [ -119.556047, 46.962906 ], [ -119.541766, 46.960959 ], [ -119.51187, 46.960818 ], [ -119.510481, 46.962778 ], [ -119.504859, 46.964075 ], [ -119.502827, 46.965691 ], [ -119.492937, 46.966698 ], [ -119.491759, 46.965857 ], [ -119.489068, 46.965955 ], [ -119.486907, 46.964676 ], [ -119.481133, 46.965106 ], [ -119.469433, 46.96459 ], [ -119.462694, 46.968814 ], [ -119.452759, 46.969237 ], [ -119.448941, 46.968299 ], [ -119.447138, 46.968607 ], [ -119.446446, 46.969942 ], [ -119.444213, 46.970943 ], [ -119.424981, 46.975358 ], [ -119.422104, 46.975681 ], [ -119.418779, 46.97772 ], [ -119.411351, 46.979551 ], [ -119.408499, 46.97932 ], [ -119.400598, 46.981742 ], [ -119.395902, 46.981597 ], [ -119.392586, 46.981125 ], [ -119.388579, 46.981765 ], [ -119.388204, 46.980081 ], [ -119.385421, 46.980065 ], [ -119.384481, 46.979325 ], [ -119.381297, 46.980215 ], [ -119.378549, 46.980181 ], [ -119.377001, 46.981003 ], [ -119.37324, 46.981188 ], [ -119.371421, 46.980586 ], [ -119.368377, 46.981372 ], [ -119.36539, 46.982969 ], [ -119.362048, 46.982345 ], [ -119.35793, 46.983115 ], [ -119.356311, 46.982622 ], [ -119.353513, 46.983735 ], [ -119.344051, 46.983027 ], [ -119.29199, 46.983697 ], [ -119.282823, 46.984848 ], [ -119.281975, 46.984841 ], [ -119.275681, 46.985378 ], [ -119.266996, 46.985405 ], [ -119.265151, 46.979295 ], [ -119.263397, 46.978538 ], [ -119.260516, 46.974978 ], [ -119.261182, 46.973404 ], [ -119.259823, 46.970198 ], [ -119.260025, 46.96877 ], [ -119.262988, 46.964224 ], [ -119.262858, 46.963099 ], [ -119.25836, 46.958734 ], [ -119.258855, 46.953482 ], [ -119.255635, 46.949451 ], [ -119.251628, 46.947768 ], [ -119.248806, 46.947855 ], [ -119.247035, 46.947291 ], [ -119.244903, 46.945608 ], [ -119.242916, 46.941151 ], [ -119.243196, 46.936413 ], [ -119.241774, 46.931451 ], [ -119.240579, 46.930053 ], [ -119.237508, 46.924263 ], [ -119.239025, 46.921066 ], [ -119.239072, 46.918971 ], [ -119.240158, 46.916826 ], [ -119.242109, 46.915838 ], [ -119.24202, 46.914478 ], [ -119.239379, 46.913931 ], [ -119.237352, 46.912226 ], [ -119.28092, 46.912522 ], [ -119.368662, 46.912562 ], [ -119.36892, 46.872539 ], [ -119.368567, 46.868734 ], [ -119.369142, 46.820035 ], [ -119.432, 46.847051 ], [ -119.453402, 46.855882 ], [ -119.453446, 46.850233 ], [ -119.4539, 46.848648 ], [ -119.453561, 46.845171 ], [ -119.454088, 46.822573 ], [ -119.455764, 46.8233 ], [ -119.457674, 46.825279 ], [ -119.459799, 46.82649 ], [ -119.464268, 46.830975 ], [ -119.468536, 46.833331 ], [ -119.470835, 46.834165 ], [ -119.469293, 46.836558 ], [ -119.519128, 46.853512 ], [ -119.526108, 46.85729 ], [ -119.52987, 46.859667 ], [ -119.534366, 46.860993 ], [ -119.539129, 46.86289 ], [ -119.541727, 46.863188 ], [ -119.544025, 46.862731 ], [ -119.545857, 46.861519 ], [ -119.550554, 46.861017 ], [ -119.552853, 46.86152 ], [ -119.556883, 46.86152 ], [ -119.561047, 46.860926 ], [ -119.563378, 46.859487 ], [ -119.567341, 46.858755 ], [ -119.571937, 46.85743 ], [ -119.575801, 46.857132 ], [ -119.582529, 46.857588 ], [ -119.586759, 46.857381 ], [ -119.58919, 46.858615 ], [ -119.593719, 46.8569 ], [ -119.597016, 46.854797 ], [ -119.596366, 46.8564 ], [ -119.598652, 46.860972 ], [ -119.600081, 46.862276 ], [ -119.601473, 46.86527 ], [ -119.6017, 46.867464 ] ] ] } },
{ "type": "Feature", "properties": { "geoid": "53011041112", "county_name": "Clark County", "place_name": null, "state_name": "Washington", "state_abbr": "WA", "is_rural": false, "dci_score": 49.0, "dci_quintile": 5.0, "is_cra_lmi": false, "income_level": "U", "is_persistent_poverty": false, "is_tribal_overlap": false, "tribal_area_name": null, "aian_pct": 0.0, "has_nmtc": true, "nmtc_projects": 1, "nmtc_total_usd": 4600000.0 }, "geometry": { "type": "Polygon", "coordinates": [ [ [ -122.616853, 45.656212 ], [ -122.614561, 45.656448 ], [ -122.614471, 45.658993 ], [ -122.614376, 45.664245 ], [ -122.604587, 45.664289 ], [ -122.602189, 45.664304 ], [ -122.59937, 45.66432 ], [ -122.599333, 45.659027 ], [ -122.599157, 45.649251 ], [ -122.601547, 45.648643 ], [ -122.604721, 45.648134 ], [ -122.611419, 45.647989 ], [ -122.616828, 45.647985 ], [ -122.61683, 45.649261 ], [ -122.616865, 45.653568 ], [ -122.616853, 45.656212 ] ] ] } },
{ "type": "Feature", "properties": { "geoid": "53011042700", "county_name": "Clark County", "place_name": "Yakima", "state_name": "Washington", "state_abbr": "WA", "is_rural": false, "dci_score": 49.0, "dci_quintile": 5.0, "is_cra_lmi": true, "income_level": "M", "is_persistent_poverty": false, "is_tribal_overlap": false, "tribal_area_name": null, "aian_pct": 0.0, "has_nmtc": false, "nmtc_projects": 0, "nmtc_total_usd": 0.0 }, "geometry": { "type": "Polygon", "coordinates": [ [ [ -122.64182, 45.638033 ], [ -122.640195, 45.637898 ], [ -122.629188, 45.637391 ], [ -122.628018, 45.637743 ], [ -122.624377, 45.635237 ], [ -122.624076, 45.634761 ], [ -122.618108, 45.632861 ], [ -122.623217, 45.632223 ], [ -122.621826, 45.629887 ], [ -122.624758, 45.630058 ], [ -122.629134, 45.630058 ], [ -122.640658, 45.630108 ], [ -122.640676, 45.632173 ], [ -122.641814, 45.635868 ], [ -122.64182, 45.638033 ] ] ] } },
{ "type": "Feature", "properties": { "geoid": "53067010510", "county_name": "Thurston County", "place_name": "Prosser", "state_name": "Washington", "state_abbr": "WA", "is_rural": false, "dci_score": 42.9, "dci_quintile": 5.0, "is_cra_lmi": true, "income_level": "M", "is_persistent_poverty": false, "is_tribal_overlap": false, "tribal_area_name": null, "aian_pct": 0.0, "has_nmtc": false, "nmtc_projects": 0, "nmtc_total_usd": 0.0 }, "geometry": { "type": "Polygon", "coordinates": [ [ [ -122.960348, 47.04705 ], [ -122.941179, 47.047092 ], [ -122.937364, 47.04696 ], [ -122.934567, 47.046203 ], [ -122.925875, 47.046055 ], [ -122.925933, 47.044453 ], [ -122.931677, 47.039853 ], [ -122.94071, 47.032495 ], [ -122.949332, 47.036753 ], [ -122.960551, 47.040314 ], [ -122.960348, 47.04705 ] ] ] } },
{ "type": "Feature", "properties": { "geoid": "53053940002", "county_name": "Pierce County", "place_name": "Kennewick", "state_name": "Washington", "state_abbr": "WA", "is_rural": false, "dci_score": 37.3, "dci_quintile": 5.0, "is_cra_lmi": false, "income_level": "U", "is_persistent_poverty": false, "is_tribal_overlap": true, "tribal_area_name": "Puyallup Reservation", "aian_pct": 0.0, "has_nmtc": false, "nmtc_projects": 0, "nmtc_total_usd": 0.0 }, "geometry": { "type": "Polygon", "coordinates": [ [ [ -122.402881, 47.253074 ], [ -122.40078, 47.253713 ], [ -122.399301, 47.253729 ], [ -122.384284, 47.253694 ], [ -122.382049, 47.254092 ], [ -122.379262, 47.253708 ], [ -122.362776, 47.253471 ], [ -122.360687, 47.253654 ], [ -122.359401, 47.253655 ], [ -122.356716, 47.253667 ], [ -122.356851, 47.254916 ], [ -122.357603, 47.255705 ], [ -122.358919, 47.256486 ], [ -122.359707, 47.256943 ], [ -122.359099, 47.257452 ], [ -122.357332, 47.258983 ], [ -122.356571, 47.258522 ], [ -122.355823, 47.268099 ], [ -122.355718, 47.271675 ], [ -122.355733, 47.273489 ], [ -122.356235, 47.275442 ], [ -122.357828, 47.275715 ], [ -122.357939, 47.279023 ], [ -122.355684, 47.277466 ], [ -122.347359, 47.271644 ], [ -122.336992, 47.264582 ], [ -122.335874, 47.26382 ], [ -122.33483, 47.26311 ], [ -122.33492, 47.257594 ], [ -122.336282, 47.257589 ], [ -122.334993, 47.248583 ], [ -122.335554, 47.246231 ], [ -122.336337, 47.244775 ], [ -122.336057, 47.243891 ], [ -122.335861, 47.243266 ], [ -122.335737, 47.242847 ], [ -122.335704, 47.242598 ], [ -122.336327, 47.242604 ], [ -122.336823, 47.242599 ], [ -122.338561, 47.241753 ], [ -122.342639, 47.241081 ], [ -122.347032, 47.240967 ], [ -122.349375, 47.240907 ], [ -122.351954, 47.240844 ], [ -122.357009, 47.240724 ], [ -122.357114, 47.236809 ], [ -122.35699, 47.235357 ], [ -122.357009, 47.232601 ], [ -122.357033, 47.229927 ], [ -122.357051, 47.226479 ], [ -122.357033, 47.22244 ], [ -122.362285, 47.224665 ], [ -122.376542, 47.230068 ], [ -122.392031, 47.236189 ], [ -122.393402, 47.236951 ], [ -122.39427, 47.237748 ], [ -122.397369, 47.23976 ], [ -122.399634, 47.240445 ], [ -122.399631, 47.240991 ], [ -122.398523, 47.24139 ], [ -122.398605, 47.243208 ], [ -122.399603, 47.243562 ], [ -122.400678, 47.244708 ], [ -122.400664, 47.247217 ], [ -122.401151, 47.250614 ], [ -122.402881, 47.253074 ] ] ] } },
{ "type": "Feature", "properties": { "geoid": "53053072907", "county_name": "Pierce County", "place_name": null, "state_name": "Washington", "state_abbr": "WA", "is_rural": false, "dci_score": 81.5, "dci_quintile": 2.0, "is_cra_lmi": true, "income_level": "L", "is_persistent_poverty": false, "is_tribal_overlap": false, "tribal_area_name": null, "aian_pct": 0.0, "has_nmtc": false, "nmtc_projects": 0, "nmtc_total_usd": 0.0 }, "geometry": { "type": "Polygon", "coordinates": [ [ [ -122.588309, 47.104101 ], [ -122.585131, 47.105064 ], [ -122.579654, 47.107858 ], [ -122.57066, 47.110592 ], [ -122.562003, 47.115659 ], [ -122.556885, 47.118417 ], [ -122.546419, 47.124808 ], [ -122.542938, 47.126246 ], [ -122.542868, 47.120419 ], [ -122.541464, 47.119364 ], [ -122.540136, 47.119373 ], [ -122.540156, 47.121169 ], [ -122.538832, 47.121183 ], [ -122.538811, 47.119382 ], [ -122.513396, 47.119506 ], [ -122.504868, 47.119506 ], [ -122.500152, 47.119508 ], [ -122.500523, 47.116822 ], [ -122.50397, 47.093051 ], [ -122.505312, 47.090571 ], [ -122.511815, 47.090739 ], [ -122.528636, 47.093859 ], [ -122.539169, 47.096051 ], [ -122.543142, 47.097581 ], [ -122.550705, 47.100374 ], [ -122.555294, 47.103033 ], [ -122.558286, 47.101181 ], [ -122.561226, 47.098719 ], [ -122.568833, 47.092106 ], [ -122.576311, 47.090395 ], [ -122.581143, 47.090588 ], [ -122.587208, 47.090048 ], [ -122.58639, 47.091663 ], [ -122.586959, 47.098605 ], [ -122.586738, 47.101608 ], [ -122.587189, 47.102295 ], [ -122.588309, 47.104101 ] ] ] } },
{ "type": "Feature", "properties": { "geoid": "53033026102", "county_name": "King County", "place_name": null, "state_name": "Washington", "state_abbr": "WA", "is_rural": false, "dci_score": 53.5, "dci_quintile": 5.0, "is_cra_lmi": true, "income_level": "M", "is_persistent_poverty": false, "is_tribal_overlap": false, "tribal_area_name": null, "aian_pct": 0.0, "has_nmtc": false, "nmtc_projects": 0, "nmtc_total_usd": 0.0 }, "geometry": { "type": "Polygon", "coordinates": [ [ [ -122.259529, 47.501306 ], [ -122.259515, 47.502537 ], [ -122.250814, 47.502831 ], [ -122.249635, 47.499343 ], [ -122.248725, 47.497784 ], [ -122.248189, 47.497412 ], [ -122.242579, 47.496364 ], [ -122.240581, 47.494208 ], [ -122.239762, 47.491063 ], [ -122.235035, 47.488291 ], [ -122.248544, 47.488449 ], [ -122.250369, 47.488456 ], [ -122.251312, 47.489925 ], [ -122.254397, 47.491413 ], [ -122.256138, 47.493406 ], [ -122.257315, 47.494503 ], [ -122.259643, 47.495601 ], [ -122.259529, 47.501306 ] ] ] } },
{ "type": "Feature", "properties": { "geoid": "53033025402", "county_name": "King County", "place_name": null, "state_name": "Washington", "state_abbr": "WA", "is_rural": false, "dci_score": 43.8, "dci_quintile": 5.0, "is_cra_lmi": true, "income_level": "M", "is_persistent_poverty": false, "is_tribal_overlap": false, "tribal_area_name": null, "aian_pct": 0.0, "has_nmtc": false, "nmtc_projects": 0, "nmtc_total_usd": 0.0 }, "geometry": { "type": "Polygon", "coordinates": [ [ [ -122.193819, 47.487313 ], [ -122.192411, 47.490459 ], [ -122.190688, 47.490988 ], [ -122.190857, 47.492981 ], [ -122.191949, 47.494998 ], [ -122.191188, 47.497597 ], [ -122.190294, 47.497222 ], [ -122.181635, 47.496788 ], [ -122.181628, 47.491705 ], [ -122.178341, 47.490037 ], [ -122.178639, 47.488341 ], [ -122.179916, 47.487503 ], [ -122.185595, 47.486156 ], [ -122.190314, 47.485023 ], [ -122.191476, 47.484947 ], [ -122.192863, 47.485156 ], [ -122.194719, 47.486116 ], [ -122.193819, 47.487313 ] ] ] } },
{ "type": "Feature", "properties": { "geoid": "53033027902", "county_name": "King County", "place_name": null, "state_name": "Washington", "state_abbr": "WA", "is_rural": false, "dci_score": 43.0, "dci_quintile": 5.0, "is_cra_lmi": true, "income_level": "M", "is_persistent_poverty": false, "is_tribal_overlap": false, "tribal_area_name": null, "aian_pct": 0.0, "has_nmtc": false, "nmtc_projects": 0, "nmtc_total_usd": 0.0 }, "geometry": { "type": "Polygon", "coordinates": [ [ [ -122.352601, 47.472248 ], [ -122.351646, 47.472179 ], [ -122.347178, 47.472178 ], [ -122.339178, 47.472277 ], [ -122.333854, 47.472294 ], [ -122.333869, 47.46869 ], [ -122.333871, 47.466892 ], [ -122.333903, 47.464208 ], [ -122.333914, 47.463281 ], [ -122.333943, 47.459679 ], [ -122.339234, 47.459719 ], [ -122.344535, 47.459756 ], [ -122.344525, 47.464996 ], [ -122.344523, 47.465857 ], [ -122.345032, 47.46678 ], [ -122.352658, 47.466707 ], [ -122.352601, 47.472248 ] ] ] } },
{ "type": "Feature", "properties": { "geoid": "53033005202", "county_name": "King County", "place_name": "Ocean Shores", "state_name": "Washington", "state_abbr": "WA", "is_rural": false, "dci_score": 58.7, "dci_quintile": 4.0, "is_cra_lmi": false, "income_level": "U", "is_persistent_poverty": false, "is_tribal_overlap": false, "tribal_area_name": null, "aian_pct": 0.0, "has_nmtc": false, "nmtc_projects": 0, "nmtc_total_usd": 0.0 }, "geometry": { "type": "Polygon", "coordinates": [ [ [ -122.322412, 47.655911 ], [ -122.322323, 47.659448 ], [ -122.322161, 47.66133 ], [ -122.31764, 47.661297 ], [ -122.317753, 47.659454 ], [ -122.317804, 47.657512 ], [ -122.31782, 47.656887 ], [ -122.318339, 47.655373 ], [ -122.320292, 47.652851 ], [ -122.322376, 47.652929 ], [ -122.322412, 47.655911 ] ] ] } },
{ "type": "Feature", "properties": { "geoid": "53063011104", "county_name": "Spokane County", "place_name": null, "state_name": "Washington", "state_abbr": "WA", "is_rural": false, "dci_score": 18.6, "dci_quintile": 5.0, "is_cra_lmi": true, "income_level": "L", "is_persistent_poverty": false, "is_tribal_overlap": false, "tribal_area_name": null, "aian_pct": 0.0, "has_nmtc": false, "nmtc_projects": 0, "nmtc_total_usd": 0.0 }, "geometry": { "type": "Polygon", "coordinates": [ [ [ -117.407872, 47.724931 ], [ -117.405985, 47.724906 ], [ -117.402345, 47.723424 ], [ -117.395345, 47.723437 ], [ -117.395334, 47.715053 ], [ -117.400625, 47.715093 ], [ -117.400623, 47.718422 ], [ -117.401586, 47.719525 ], [ -117.402303, 47.721017 ], [ -117.405242, 47.720246 ], [ -117.407831, 47.720247 ], [ -117.407846, 47.72277 ], [ -117.407872, 47.724931 ] ] ] } },
{ "type": "Feature", "properties": { "geoid": "53015980000", "county_name": "Cowlitz County", "place_name": null, "state_name": "Washington", "state_abbr": "WA", "is_rural": true, "dci_score": 68.5, "dci_quintile": 4.0, "is_cra_lmi": true, "income_level": "L", "is_persistent_poverty": false, "is_tribal_overlap": false, "tribal_area_name": null, "aian_pct": 0.0, "has_nmtc": false, "nmtc_projects": 0, "nmtc_total_usd": 0.0 }, "geometry": { "type": "Polygon", "coordinates": [ [ [ -123.022885224801996, 46.139440503111103 ], [ -123.020161, 46.141399 ], [ -123.015763, 46.144488 ], [ -123.011258, 46.147629 ], [ -123.010552, 46.148314 ], [ -123.004129, 46.147046 ], [ -123.003271, 46.14707 ], [ -123.001859, 46.147283 ], [ -123.000487, 46.14787 ], [ -122.999447, 46.148338 ], [ -122.997837, 46.148478 ], [ -122.995629, 46.147576 ], [ -122.992243, 46.147589 ], [ -122.987631, 46.148781 ], [ -122.971411, 46.148436 ], [ -122.969369, 46.148016 ], [ -122.96975, 46.147842 ], [ -122.971448, 46.146449 ], [ -122.971706, 46.138175 ], [ -122.971763, 46.131773 ], [ -122.971672, 46.128101 ], [ -122.962683, 46.122618 ], [ -122.95612, 46.118606 ], [ -122.954142, 46.117374 ], [ -122.949687, 46.117588 ], [ -122.946372, 46.121218 ], [ -122.941544, 46.126581 ], [ -122.941509, 46.12662 ], [ -122.937507, 46.125739 ], [ -122.936529, 46.128214 ], [ -122.929811, 46.126935 ], [ -122.930822, 46.124384 ], [ -122.928124, 46.123742 ], [ -122.926494, 46.123141 ], [ -122.914067, 46.115779 ], [ -122.912025, 46.115106 ], [ -122.911825, 46.115642 ], [ -122.911129, 46.117145 ], [ -122.899463, 46.114552 ], [ -122.896873, 46.113457 ], [ -122.894351, 46.11172 ], [ -122.891719, 46.106901 ], [ -122.886091, 46.106559 ], [ -122.879063, 46.106906 ], [ -122.874649, 46.099288 ], [ -122.870526, 46.091187 ], [ -122.867282, 46.08335 ], [ -122.866243, 46.079335 ], [ -122.868038, 46.069349 ], [ -122.867471, 46.065249 ], [ -122.871488, 46.065066 ], [ -122.86978, 46.062959 ], [ -122.869992, 46.057611 ], [ -122.873928, 46.054286 ], [ -122.876219, 46.051566 ], [ -122.876219, 46.049801 ], [ -122.877677, 46.048059 ], [ -122.881327583220994, 46.045973871566297 ], [ -122.883075012860004, 46.0539089971682 ], [ -122.884478, 46.06028 ], [ -122.885933339971999, 46.062017871987798 ], [ -122.902954826569001, 46.082343820088397 ], [ -122.904119, 46.083734 ], [ -122.930461538263998, 46.093217619654602 ], [ -122.937415175284997, 46.095721009725096 ], [ -122.939676274918, 46.096535031848099 ], [ -122.962681, 46.104817 ], [ -122.966694913214994, 46.107618972629702 ], [ -123.004233, 46.133823 ], [ -123.009436, 46.136043 ], [ -123.022147, 46.13911 ], [ -123.022885224801996, 46.139440503111103 ] ] ] } },
{ "type": "Feature", "properties": { "geoid": "53063003602", "county_name": "Spokane County", "place_name": null, "state_name": "Washington", "state_abbr": "WA", "is_rural": false, "dci_score": 77.2, "dci_quintile": 3.0, "is_cra_lmi": true, "income_level": "M", "is_persistent_poverty": false, "is_tribal_overlap": false, "tribal_area_name": null, "aian_pct": 0.0, "has_nmtc": false, "nmtc_projects": 0, "nmtc_total_usd": 0.0 }, "geometry": { "type": "Polygon", "coordinates": [ [ [ -117.452721, 47.655756 ], [ -117.446962, 47.65747 ], [ -117.444604, 47.657421 ], [ -117.438309, 47.657152 ], [ -117.435699, 47.656582 ], [ -117.434481, 47.656609 ], [ -117.433037, 47.657049 ], [ -117.432472, 47.652473 ], [ -117.433232, 47.652003 ], [ -117.438512, 47.651016 ], [ -117.443789, 47.6498 ], [ -117.446531, 47.648825 ], [ -117.449408, 47.652424 ], [ -117.451524, 47.653984 ], [ -117.454155, 47.654598 ], [ -117.452721, 47.655756 ] ] ] } },
{ "type": "Feature", "properties": { "geoid": "53075000602", "county_name": "Whitman County", "place_name": "Pullman", "state_name": "Washington", "state_abbr": "WA", "is_rural": true, "dci_score": 52.2, "dci_quintile": 5.0, "is_cra_lmi": true, "income_level": "M", "is_persistent_poverty": false, "is_tribal_overlap": false, "tribal_area_name": null, "aian_pct": 0.0, "has_nmtc": false, "nmtc_projects": 0, "nmtc_total_usd": 0.0 }, "geometry": { "type": "Polygon", "coordinates": [ [ [ -117.17043, 46.75325 ], [ -117.16895, 46.75995 ], [ -117.168766, 46.760741 ], [ -117.16768, 46.76452 ], [ -117.16613, 46.76745 ], [ -117.16271, 46.77155 ], [ -117.15948, 46.77415 ], [ -117.15252, 46.77906 ], [ -117.15115, 46.78059 ], [ -117.14994, 46.78353 ], [ -117.14833, 46.78593 ], [ -117.14724, 46.79091 ], [ -117.14625, 46.79258 ], [ -117.14493, 46.79339 ], [ -117.13704, 46.79709 ], [ -117.13296, 46.79909 ], [ -117.13087, 46.80048 ], [ -117.12586, 46.80475 ], [ -117.12163, 46.80935 ], [ -117.1177, 46.81211 ], [ -117.11707, 46.81349 ], [ -117.11684, 46.82024 ], [ -117.116496, 46.82237 ], [ -117.11468, 46.82722 ], [ -117.11209, 46.82693 ], [ -117.10998, 46.82769 ], [ -117.102346, 46.826041 ], [ -117.09956, 46.825278 ], [ -117.093674, 46.822309 ], [ -117.08956, 46.82026 ], [ -117.08674, 46.8184 ], [ -117.08435, 46.8177 ], [ -117.07808, 46.8168 ], [ -117.07395, 46.81582 ], [ -117.06712, 46.81294 ], [ -117.06579, 46.81209 ], [ -117.06424, 46.81491 ], [ -117.04044, 46.81505 ], [ -117.039817590392005, 46.816073359605298 ], [ -117.039828, 46.815443 ], [ -117.039534342831999, 46.736731269207397 ], [ -117.039518193852999, 46.7324027043434 ], [ -117.039518188132007, 46.732401170767098 ], [ -117.04383, 46.73276 ], [ -117.04772, 46.73421 ], [ -117.05414, 46.73839 ], [ -117.05631, 46.73898 ], [ -117.06743, 46.73827 ], [ -117.06904, 46.73796 ], [ -117.07405, 46.73553 ], [ -117.07783, 46.73419 ], [ -117.08296, 46.73318 ], [ -117.09154, 46.73061 ], [ -117.10253, 46.72835 ], [ -117.10684, 46.72792 ], [ -117.11357, 46.72803 ], [ -117.11883, 46.72704 ], [ -117.122594, 46.725594 ], [ -117.123035, 46.725426 ], [ -117.1339, 46.7214 ], [ -117.13616, 46.72121 ], [ -117.14436, 46.72164 ], [ -117.14406, 46.72388 ], [ -117.14224, 46.72663 ], [ -117.13907, 46.72871 ], [ -117.1591, 46.72997 ], [ -117.15951, 46.7301 ], [ -117.15873, 46.7326 ], [ -117.15951, 46.7354 ], [ -117.15769, 46.73607 ], [ -117.1559, 46.7374 ], [ -117.15538, 46.73963 ], [ -117.159493, 46.740324 ], [ -117.15687, 46.74264 ], [ -117.15515, 46.74308 ], [ -117.15663, 46.74404 ], [ -117.16119, 46.74406 ], [ -117.16343, 46.7436 ], [ -117.16636, 46.74402 ], [ -117.16777, 46.74517 ], [ -117.1701, 46.74986 ], [ -117.17159, 46.75044 ], [ -117.17043, 46.75325 ] ] ] } },
{ "type": "Feature", "properties": { "geoid": "53077940007", "county_name": "Yakima County", "place_name": "Tacoma", "state_name": "Washington", "state_abbr": "WA", "is_rural": true, "dci_score": 69.1, "dci_quintile": 4.0, "is_cra_lmi": true, "income_level": "M", "is_persistent_poverty": false, "is_tribal_overlap": true, "tribal_area_name": "Yakama Nation Reservation", "aian_pct": 0.0, "has_nmtc": false, "nmtc_projects": 0, "nmtc_total_usd": 0.0 }, "geometry": { "type": "Polygon", "coordinates": [ [ [ -120.438106, 46.447936 ], [ -120.429433, 46.447873 ], [ -120.4277, 46.44786 ], [ -120.419837, 46.44779 ], [ -120.418132, 46.449533 ], [ -120.415381, 46.447751 ], [ -120.412015, 46.447746 ], [ -120.400752, 46.44773 ], [ -120.401119, 46.445213 ], [ -120.402311, 46.443451 ], [ -120.40086, 46.441186 ], [ -120.398976, 46.441183 ], [ -120.395871, 46.440173 ], [ -120.392998, 46.438637 ], [ -120.392679, 46.436578 ], [ -120.393553, 46.435495 ], [ -120.392574, 46.434319 ], [ -120.390373, 46.433831 ], [ -120.391109, 46.433331 ], [ -120.3943, 46.433287 ], [ -120.417397, 46.433392 ], [ -120.427708, 46.433784 ], [ -120.438147, 46.433986 ], [ -120.438106, 46.447936 ] ] ] } },
{ "type": "Feature", "properties": { "geoid": "53039950103", "county_name": "Klickitat County", "place_name": null, "state_name": "Washington", "state_abbr": "WA", "is_rural": true, "dci_score": 77.6, "dci_quintile": 3.0, "is_cra_lmi": true, "income_level": "M", "is_persistent_poverty": false, "is_tribal_overlap": true, "tribal_area_name": "Yakama Nation Off-Reservation Trust Land", "aian_pct": 0.0, "has_nmtc": false, "nmtc_projects": 0, "nmtc_total_usd": 0.0 }, "geometry": { "type": "Polygon", "coordinates": [ [ [ -120.84399, 45.795454 ], [ -120.843883, 45.799037 ], [ -120.843715, 45.809879 ], [ -120.843188, 45.81621 ], [ -120.841658, 45.817082 ], [ -120.843578, 45.817062 ], [ -120.843045, 45.818008 ], [ -120.838331, 45.819751 ], [ -120.83754, 45.824064 ], [ -120.834675, 45.82335 ], [ -120.832976, 45.82309 ], [ -120.822612, 45.822989 ], [ -120.811031, 45.823122 ], [ -120.809177, 45.823799 ], [ -120.805493, 45.826466 ], [ -120.803926, 45.82646 ], [ -120.803494, 45.828242 ], [ -120.801338, 45.836602 ], [ -120.798505, 45.842234 ], [ -120.794972, 45.844701 ], [ -120.792075, 45.848403 ], [ -120.783425, 45.854292 ], [ -120.775401, 45.858672 ], [ -120.771842, 45.860799 ], [ -120.766437, 45.865117 ], [ -120.758485, 45.870186 ], [ -120.755637, 45.8723 ], [ -120.750958, 45.878441 ], [ -120.749576, 45.882654 ], [ -120.747708, 45.883857 ], [ -120.735611, 45.887591 ], [ -120.733294, 45.888804 ], [ -120.722672, 45.895979 ], [ -120.719636, 45.897172 ], [ -120.714734, 45.898063 ], [ -120.712541, 45.899132 ], [ -120.711214, 45.901 ], [ -120.711905, 45.904163 ], [ -120.71198, 45.906498 ], [ -120.711347, 45.907998 ], [ -120.70814, 45.911929 ], [ -120.706959, 45.910905 ], [ -120.709017, 45.909533 ], [ -120.710273, 45.906354 ], [ -120.709432, 45.905474 ], [ -120.709109, 45.902938 ], [ -120.708041, 45.902169 ], [ -120.709272, 45.897577 ], [ -120.705258, 45.894616 ], [ -120.704322, 45.890879 ], [ -120.706656, 45.888313 ], [ -120.706864, 45.886446 ], [ -120.708921, 45.884579 ], [ -120.70666, 45.885249 ], [ -120.702958, 45.884539 ], [ -120.702289, 45.88351 ], [ -120.700551, 45.88327 ], [ -120.698034, 45.882025 ], [ -120.696205, 45.882257 ], [ -120.680295, 45.882201 ], [ -120.679626, 45.883937 ], [ -120.677381, 45.88388 ], [ -120.675697, 45.883108 ], [ -120.666626, 45.88609 ], [ -120.661968, 45.888784 ], [ -120.661121, 45.889735 ], [ -120.659195, 45.890232 ], [ -120.658927, 45.891086 ], [ -120.656524, 45.89134 ], [ -120.656575, 45.892859 ], [ -120.652087, 45.892835 ], [ -120.651289, 45.894136 ], [ -120.648899, 45.895793 ], [ -120.646288, 45.896324 ], [ -120.635554, 45.896334 ], [ -120.635498, 45.91846 ], [ -120.632337, 45.917572 ], [ -120.628183, 45.917729 ], [ -120.626451, 45.918632 ], [ -120.625543, 45.91827 ], [ -120.619507, 45.917631 ], [ -120.616931, 45.918263 ], [ -120.610362, 45.918513 ], [ -120.609442, 45.917619 ], [ -120.606228, 45.917516 ], [ -120.603933, 45.916837 ], [ -120.602635, 45.915505 ], [ -120.597967, 45.913641 ], [ -120.599356, 45.911376 ], [ -120.59703, 45.909654 ], [ -120.595936, 45.907094 ], [ -120.592039, 45.90727 ], [ -120.586319, 45.905171 ], [ -120.58463, 45.90335 ], [ -120.584095, 45.901678 ], [ -120.586011, 45.899752 ], [ -120.583654, 45.89831 ], [ -120.582907, 45.896945 ], [ -120.578084, 45.895196 ], [ -120.578366, 45.894445 ], [ -120.576779, 45.892684 ], [ -120.574666, 45.892268 ], [ -120.570865, 45.890639 ], [ -120.568375, 45.89036 ], [ -120.564621, 45.887859 ], [ -120.562673, 45.885693 ], [ -120.562477, 45.884716 ], [ -120.556909, 45.883373 ], [ -120.554373, 45.880789 ], [ -120.550871, 45.880394 ], [ -120.54799, 45.879088 ], [ -120.547103, 45.877871 ], [ -120.544622, 45.877618 ], [ -120.542048, 45.875704 ], [ -120.540257, 45.87516 ], [ -120.539755, 45.874848 ], [ -120.539239, 45.873941 ], [ -120.539138, 45.872669 ], [ -120.539617, 45.871835 ], [ -120.539688, 45.871045 ], [ -120.538566, 45.870107 ], [ -120.537813, 45.868111 ], [ -120.537821, 45.867431 ], [ -120.538906, 45.865605 ], [ -120.536818, 45.864579 ], [ -120.53489, 45.859867 ], [ -120.535448, 45.858195 ], [ -120.534374, 45.855578 ], [ -120.534352, 45.852556 ], [ -120.533169, 45.849666 ], [ -120.533712, 45.847785 ], [ -120.533194, 45.846699 ], [ -120.531304, 45.84576 ], [ -120.531682, 45.842503 ], [ -120.530366, 45.839448 ], [ -120.530418, 45.838216 ], [ -120.530108, 45.837583 ], [ -120.530039, 45.83608 ], [ -120.529262, 45.835191 ], [ -120.52942, 45.834363 ], [ -120.529067, 45.833837 ], [ -120.527452, 45.832855 ], [ -120.527657, 45.831621 ], [ -120.527887, 45.831346 ], [ -120.528253, 45.830705 ], [ -120.52468, 45.825186 ], [ -120.52436, 45.823442 ], [ -120.525319, 45.819598 ], [ -120.523854, 45.81787 ], [ -120.521725, 45.812626 ], [ -120.519296, 45.811915 ], [ -120.521013, 45.808562 ], [ -120.531193, 45.782597 ], [ -120.532276, 45.780776 ], [ -120.534674, 45.778891 ], [ -120.537592, 45.777872 ], [ -120.539444, 45.774758 ], [ -120.53787, 45.77214 ], [ -120.538231, 45.769654 ], [ -120.53699, 45.768301 ], [ -120.533726, 45.766051 ], [ -120.531956, 45.762299 ], [ -120.534379, 45.760072 ], [ -120.535743, 45.76002 ], [ -120.539497, 45.757201 ], [ -120.540086, 45.754864 ], [ -120.540173, 45.751365 ], [ -120.543122, 45.748466 ], [ -120.544032, 45.746481 ], [ -120.54596, 45.74437 ], [ -120.548012, 45.743169 ], [ -120.5486, 45.741902 ], [ -120.550543, 45.740751 ], [ -120.553317424252995, 45.733675967019899 ], [ -120.559465, 45.738348 ], [ -120.591166, 45.746547 ], [ -120.634968, 45.745847 ], [ -120.653534344099995, 45.737248681296201 ], [ -120.668869, 45.730147 ], [ -120.68937, 45.715847 ], [ -120.724171, 45.706446 ], [ -120.788872, 45.686246 ], [ -120.836141479114005, 45.675843487912701 ], [ -120.837035, 45.678919 ], [ -120.83736, 45.680047 ], [ -120.836854, 45.681366 ], [ -120.83591, 45.68235 ], [ -120.83042, 45.683501 ], [ -120.829215, 45.684943 ], [ -120.827025, 45.686393 ], [ -120.821486, 45.689113 ], [ -120.817133, 45.691769 ], [ -120.81669, 45.693004 ], [ -120.817842, 45.694987 ], [ -120.817779, 45.69619 ], [ -120.815348, 45.697926 ], [ -120.819463, 45.697696 ], [ -120.824005, 45.696206 ], [ -120.825084, 45.696917 ], [ -120.823608, 45.699939 ], [ -120.821651, 45.702651 ], [ -120.819137, 45.704128 ], [ -120.81197, 45.705997 ], [ -120.807715, 45.707942 ], [ -120.802101, 45.709648 ], [ -120.800796, 45.7114 ], [ -120.801237, 45.713293 ], [ -120.805274, 45.717042 ], [ -120.808, 45.719953 ], [ -120.810742, 45.72068 ], [ -120.813312, 45.720597 ], [ -120.814425, 45.721281 ], [ -120.813947, 45.726324 ], [ -120.815938, 45.728501 ], [ -120.81638, 45.730172 ], [ -120.815998, 45.732578 ], [ -120.816897, 45.734374 ], [ -120.821357, 45.740886 ], [ -120.822582, 45.743752 ], [ -120.82304, 45.746016 ], [ -120.822909, 45.777202 ], [ -120.823396, 45.780843 ], [ -120.844219, 45.780844 ], [ -120.84399, 45.795454 ] ] ] } },
{ "type": "Feature", "properties": { "geoid": "53047970601", "county_name": "Okanogan County", "place_name": "Seattle", "state_name": "Washington", "state_abbr": "WA", "is_rural": true, "dci_score": 83.2, "dci_quintile": 2.0, "is_cra_lmi": true, "income_level": "M", "is_persistent_poverty": false, "is_tribal_overlap": true, "tribal_area_name": "Colville Reservation", "aian_pct": 0.0, "has_nmtc": true, "nmtc_projects": 1, "nmtc_total_usd": 11000000.0 }, "geometry": { "type": "Polygon", "coordinates": [ [ [ -119.549013, 48.453259 ], [ -119.54429, 48.453235 ], [ -119.542543, 48.452393 ], [ -119.538116, 48.452058 ], [ -119.536083, 48.453229 ], [ -119.523017, 48.453121 ], [ -119.516262, 48.453066 ], [ -119.501576, 48.452952 ], [ -119.499738, 48.453493 ], [ -119.496464, 48.452946 ], [ -119.494487, 48.45165 ], [ -119.493433, 48.452989 ], [ -119.484298, 48.452907 ], [ -119.484257, 48.449244 ], [ -119.484217, 48.445682 ], [ -119.480366, 48.445632 ], [ -119.480003, 48.445661 ], [ -119.478944, 48.445644 ], [ -119.477358, 48.447123 ], [ -119.474975, 48.446111 ], [ -119.471941, 48.441926 ], [ -119.469466, 48.44302 ], [ -119.470665, 48.440712 ], [ -119.471293, 48.43587 ], [ -119.470673, 48.424591 ], [ -119.470562, 48.419631 ], [ -119.470081, 48.418312 ], [ -119.471256, 48.415238 ], [ -119.473555, 48.411537 ], [ -119.473765, 48.409789 ], [ -119.476815, 48.407188 ], [ -119.479084, 48.406061 ], [ -119.488998, 48.403881 ], [ -119.491851, 48.404173 ], [ -119.495111, 48.405113 ], [ -119.49612, 48.4059 ], [ -119.500052, 48.406961 ], [ -119.500872, 48.40775 ], [ -119.501343, 48.407629 ], [ -119.503497, 48.407655 ], [ -119.511374, 48.411498 ], [ -119.513029, 48.412196 ], [ -119.511362, 48.414375 ], [ -119.511112, 48.414592 ], [ -119.510629, 48.415012 ], [ -119.509906, 48.415602 ], [ -119.5086, 48.416767 ], [ -119.509898, 48.416775 ], [ -119.511318, 48.416792 ], [ -119.512924, 48.416807 ], [ -119.516814, 48.416837 ], [ -119.526362, 48.415058 ], [ -119.527416, 48.417771 ], [ -119.533104, 48.417648 ], [ -119.535784, 48.418121 ], [ -119.536921, 48.418382 ], [ -119.540938, 48.418703 ], [ -119.543205, 48.420486 ], [ -119.548796, 48.420603 ], [ -119.549252, 48.422234 ], [ -119.549013, 48.453259 ] ] ] } },
{ "type": "Feature", "properties": { "geoid": "53027000501", "county_name": "Grays Harbor County", "place_name": null, "state_name": "Washington", "state_abbr": "WA", "is_rural": true, "dci_score": 73.1, "dci_quintile": 3.0, "is_cra_lmi": false, "income_level": "U", "is_persistent_poverty": false, "is_tribal_overlap": false, "tribal_area_name": null, "aian_pct": 0.0, "has_nmtc": false, "nmtc_projects": 0, "nmtc_total_usd": 0.0 }, "geometry": { "type": "Polygon", "coordinates": [ [ [ -123.524191, 47.037758 ], [ -123.522811, 47.041283 ], [ -123.518978, 47.042394 ], [ -123.516868, 47.042304 ], [ -123.512898, 47.04284 ], [ -123.511907, 47.043946 ], [ -123.513539, 47.046101 ], [ -123.513855, 47.046548 ], [ -123.513869, 47.04796 ], [ -123.51258, 47.049397 ], [ -123.511461, 47.05198 ], [ -123.51126, 47.054973 ], [ -123.505667, 47.056626 ], [ -123.503813, 47.056423 ], [ -123.501942, 47.05496 ], [ -123.500229, 47.055404 ], [ -123.500026, 47.056484 ], [ -123.501465, 47.058678 ], [ -123.498901, 47.060867 ], [ -123.494903, 47.06187 ], [ -123.489469, 47.064611 ], [ -123.483489, 47.066568 ], [ -123.482814, 47.066789 ], [ -123.481331, 47.067917 ], [ -123.478098, 47.069131 ], [ -123.481121, 47.071548 ], [ -123.483901, 47.077178 ], [ -123.483402, 47.082503 ], [ -123.474003, 47.082259 ], [ -123.468234, 47.082439 ], [ -123.451203, 47.082968 ], [ -123.430826, 47.082874 ], [ -123.409638, 47.083292 ], [ -123.399982, 47.083077 ], [ -123.38876, 47.082458 ], [ -123.371619, 47.082448 ], [ -123.368698, 47.082448 ], [ -123.329152, 47.083816 ], [ -123.329095, 47.081604 ], [ -123.330293, 47.076733 ], [ -123.332969, 47.073898 ], [ -123.339426, 47.071702 ], [ -123.343539, 47.06937 ], [ -123.342702, 47.066424 ], [ -123.337714, 47.060627 ], [ -123.334198, 47.060222 ], [ -123.332822, 47.056077 ], [ -123.335222, 47.055361 ], [ -123.339057, 47.055259 ], [ -123.341845, 47.052048 ], [ -123.344071, 47.051087 ], [ -123.348451, 47.045216 ], [ -123.349871, 47.040925 ], [ -123.355912, 47.036095 ], [ -123.356814, 47.033711 ], [ -123.359338, 47.032452 ], [ -123.360449, 47.030457 ], [ -123.363363, 47.033677 ], [ -123.368967, 47.034179 ], [ -123.371835, 47.035268 ], [ -123.376232, 47.035666 ], [ -123.377359, 47.03536 ], [ -123.379213, 47.034089 ], [ -123.382785, 47.033181 ], [ -123.384315, 47.031748 ], [ -123.384889, 47.030176 ], [ -123.387207, 47.027252 ], [ -123.38725, 47.026465 ], [ -123.385143, 47.023648 ], [ -123.390638, 47.021256 ], [ -123.389762, 47.019639 ], [ -123.389272, 47.010391 ], [ -123.3921, 47.009333 ], [ -123.396911, 47.008638 ], [ -123.397877, 47.008526 ], [ -123.399662, 47.008323 ], [ -123.403345, 47.007903 ], [ -123.403582, 47.008858 ], [ -123.399703, 47.009301 ], [ -123.399197, 47.010923 ], [ -123.396904, 47.012439 ], [ -123.40153, 47.016697 ], [ -123.405067, 47.017474 ], [ -123.405061, 47.016766 ], [ -123.405164, 47.016212 ], [ -123.410175, 47.01621 ], [ -123.417939, 47.015895 ], [ -123.417821, 47.013256 ], [ -123.417769, 47.011457 ], [ -123.416775, 47.011285 ], [ -123.415468, 47.01098 ], [ -123.415419, 47.008997 ], [ -123.416711, 47.009007 ], [ -123.416778, 47.010551 ], [ -123.421613, 47.010423 ], [ -123.421551, 47.007129 ], [ -123.422364, 47.006015 ], [ -123.422289, 47.005094 ], [ -123.422198, 47.003263 ], [ -123.415087, 47.002601 ], [ -123.414967, 46.998585 ], [ -123.411417, 46.999555 ], [ -123.409859, 46.999842 ], [ -123.401491, 47.001223 ], [ -123.387826, 47.005197 ], [ -123.383795, 46.999911 ], [ -123.377941, 46.992234 ], [ -123.375394, 46.990204 ], [ -123.369424, 46.986919 ], [ -123.372353, 46.98683 ], [ -123.375087, 46.984395 ], [ -123.387018, 46.975627 ], [ -123.388096, 46.977774 ], [ -123.387671, 46.979568 ], [ -123.389042, 46.981486 ], [ -123.391845, 46.982212 ], [ -123.394178, 46.981716 ], [ -123.397537, 46.982101 ], [ -123.399199, 46.983723 ], [ -123.397954, 46.984973 ], [ -123.395918, 46.985492 ], [ -123.393552, 46.987016 ], [ -123.393829, 46.988373 ], [ -123.397527, 46.988662 ], [ -123.402483, 46.986683 ], [ -123.404025, 46.984932 ], [ -123.409656, 46.985033 ], [ -123.412047, 46.981965 ], [ -123.417206, 46.982815 ], [ -123.417903, 46.983389 ], [ -123.424954, 46.984226 ], [ -123.428271, 46.984106 ], [ -123.432042, 46.982927 ], [ -123.438805, 46.981286 ], [ -123.448725, 46.975677 ], [ -123.451509, 46.975149 ], [ -123.455475, 46.975678 ], [ -123.468036, 46.979989 ], [ -123.469028, 46.980532 ], [ -123.472654, 46.982168 ], [ -123.47449, 46.982084 ], [ -123.475288, 46.981712 ], [ -123.47705, 46.979356 ], [ -123.478881, 46.978402 ], [ -123.482119, 46.978322 ], [ -123.482951, 46.977873 ], [ -123.48393, 46.978679 ], [ -123.48649, 46.978524 ], [ -123.487762, 46.979864 ], [ -123.486105, 46.981509 ], [ -123.486054, 46.982895 ], [ -123.488905, 46.984413 ], [ -123.490932, 46.984292 ], [ -123.491751, 46.984945 ], [ -123.490645, 46.987712 ], [ -123.486972, 46.98951 ], [ -123.484817, 46.991008 ], [ -123.484009, 46.993266 ], [ -123.484797, 46.994464 ], [ -123.487575, 46.995617 ], [ -123.49091, 46.996881 ], [ -123.493338, 46.999755 ], [ -123.494951, 47.001256 ], [ -123.49541, 47.001851 ], [ -123.495769, 47.003897 ], [ -123.498093, 47.007536 ], [ -123.499124, 47.0119 ], [ -123.500304, 47.0123 ], [ -123.50453, 47.011688 ], [ -123.507769, 47.013185 ], [ -123.509403, 47.015121 ], [ -123.510776, 47.018035 ], [ -123.51051, 47.019877 ], [ -123.508914, 47.022363 ], [ -123.509111, 47.024013 ], [ -123.510374, 47.02686 ], [ -123.512532, 47.026873 ], [ -123.516178, 47.024333 ], [ -123.518485, 47.02389 ], [ -123.522558, 47.030211 ], [ -123.523466, 47.03328 ], [ -123.526708, 47.036352 ], [ -123.524191, 47.037758 ] ] ] } },
{ "type": "Feature", "properties": { "geoid": "53065951302", "county_name": "Stevens County", "place_name": null, "state_name": "Washington", "state_abbr": "WA", "is_rural": true, "dci_score": 20.4, "dci_quintile": 5.0, "is_cra_lmi": false, "income_level": "U", "is_persistent_poverty": false, "is_tribal_overlap": false, "tribal_area_name": null, "aian_pct": 0.0, "has_nmtc": false, "nmtc_projects": 0, "nmtc_total_usd": 0.0 }, "geometry": { "type": "Polygon", "coordinates": [ [ [ -117.715362, 48.221119 ], [ -117.712802, 48.222752 ], [ -117.712269, 48.224167 ], [ -117.707994, 48.227295 ], [ -117.706919, 48.22752 ], [ -117.70444, 48.225403 ], [ -117.704454, 48.21993 ], [ -117.700153, 48.217692 ], [ -117.69115, 48.215823 ], [ -117.688138, 48.215993 ], [ -117.686596, 48.214293 ], [ -117.684881, 48.21352 ], [ -117.680704, 48.210404 ], [ -117.674534, 48.207991 ], [ -117.671211, 48.207096 ], [ -117.66738, 48.207299 ], [ -117.664385, 48.206295 ], [ -117.662959, 48.203865 ], [ -117.656814, 48.203238 ], [ -117.655707, 48.202629 ], [ -117.65172, 48.201915 ], [ -117.646157, 48.203125 ], [ -117.640044, 48.203419 ], [ -117.635509, 48.201969 ], [ -117.634649, 48.200554 ], [ -117.631631, 48.199318 ], [ -117.627587, 48.198801 ], [ -117.614954, 48.199024 ], [ -117.612149, 48.200057 ], [ -117.609696, 48.199932 ], [ -117.606652, 48.198732 ], [ -117.603393, 48.197033 ], [ -117.600031, 48.198274 ], [ -117.596299, 48.198637 ], [ -117.593338, 48.199756 ], [ -117.589277, 48.200246 ], [ -117.585504, 48.201903 ], [ -117.581764, 48.205622 ], [ -117.580518, 48.208172 ], [ -117.579027, 48.213317 ], [ -117.581038, 48.21562 ], [ -117.58382, 48.215049 ], [ -117.587931, 48.215575 ], [ -117.589048, 48.216469 ], [ -117.589862, 48.220406 ], [ -117.58855, 48.22107 ], [ -117.585218, 48.221417 ], [ -117.583167, 48.223611 ], [ -117.575442, 48.226773 ], [ -117.57477, 48.228068 ], [ -117.574892, 48.230293 ], [ -117.575871, 48.231534 ], [ -117.574254, 48.23108 ], [ -117.572451, 48.231502 ], [ -117.572425, 48.233635 ], [ -117.570918, 48.23476 ], [ -117.568871, 48.234626 ], [ -117.566873, 48.232823 ], [ -117.563135, 48.234777 ], [ -117.562206, 48.234144 ], [ -117.559882, 48.234742 ], [ -117.558841, 48.2357 ], [ -117.55877, 48.237626 ], [ -117.557316, 48.238961 ], [ -117.554342, 48.237722 ], [ -117.55096, 48.238862 ], [ -117.546089, 48.24187 ], [ -117.549691, 48.240876 ], [ -117.553551, 48.240418 ], [ -117.554839, 48.240934 ], [ -117.548139, 48.24375 ], [ -117.545622, 48.246141 ], [ -117.543142, 48.248482 ], [ -117.547909, 48.248087 ], [ -117.550474, 48.247468 ], [ -117.548136, 48.24948 ], [ -117.546878, 48.252171 ], [ -117.547058, 48.254218 ], [ -117.548468, 48.256607 ], [ -117.54702, 48.256895 ], [ -117.547045, 48.258121 ], [ -117.549395, 48.259686 ], [ -117.549491, 48.261201 ], [ -117.551823, 48.262868 ], [ -117.55127, 48.264336 ], [ -117.554575, 48.265858 ], [ -117.55709, 48.267865 ], [ -117.557541, 48.269029 ], [ -117.560682, 48.270949 ], [ -117.557002, 48.269262 ], [ -117.556383, 48.268234 ], [ -117.552756, 48.266038 ], [ -117.550454, 48.266175 ], [ -117.549496, 48.264677 ], [ -117.550001, 48.263241 ], [ -117.545678, 48.262663 ], [ -117.5468, 48.260913 ], [ -117.545447, 48.260613 ], [ -117.542849, 48.258252 ], [ -117.540992, 48.257627 ], [ -117.538473, 48.257352 ], [ -117.53802, 48.258519 ], [ -117.538835, 48.260678 ], [ -117.53706, 48.263046 ], [ -117.536846, 48.264436 ], [ -117.531814, 48.267028 ], [ -117.52925, 48.265922 ], [ -117.528393, 48.264801 ], [ -117.525593, 48.265204 ], [ -117.522606, 48.266739 ], [ -117.519664, 48.266485 ], [ -117.520704, 48.265057 ], [ -117.520466, 48.263675 ], [ -117.521287, 48.262121 ], [ -117.522957, 48.261103 ], [ -117.52164, 48.260394 ], [ -117.522338, 48.259503 ], [ -117.521047, 48.258548 ], [ -117.518265, 48.259084 ], [ -117.515223, 48.26116 ], [ -117.513395, 48.26193 ], [ -117.510519, 48.260445 ], [ -117.508454, 48.258777 ], [ -117.507194, 48.25952 ], [ -117.50542, 48.262209 ], [ -117.503502, 48.261522 ], [ -117.503005, 48.263082 ], [ -117.500052, 48.262044 ], [ -117.500143, 48.238115 ], [ -117.500806, 48.230492 ], [ -117.500851, 48.223366 ], [ -117.502238, 48.223362 ], [ -117.502248, 48.203829 ], [ -117.502461, 48.194711 ], [ -117.502122, 48.173168 ], [ -117.502371, 48.134708 ], [ -117.437629, 48.134688 ], [ -117.437374, 48.104511 ], [ -117.437338, 48.101787 ], [ -117.436989, 48.077362 ], [ -117.43682, 48.076545 ], [ -117.436993, 48.047207 ], [ -117.535878, 48.047874 ], [ -117.537069, 48.047865 ], [ -117.540701, 48.047822 ], [ -117.539986, 48.048995 ], [ -117.542475, 48.053294 ], [ -117.544106, 48.055171 ], [ -117.543764, 48.061562 ], [ -117.544106, 48.062916 ], [ -117.546036, 48.065767 ], [ -117.549142, 48.068322 ], [ -117.552962, 48.069473 ], [ -117.561373, 48.068673 ], [ -117.565206, 48.069123 ], [ -117.571839, 48.070543 ], [ -117.58682, 48.07005 ], [ -117.591367, 48.068525 ], [ -117.599288, 48.067303 ], [ -117.60478, 48.065512 ], [ -117.609689, 48.064246 ], [ -117.61394, 48.063476 ], [ -117.61894, 48.062746 ], [ -117.620571, 48.059988 ], [ -117.630466, 48.080995 ], [ -117.635844, 48.092494 ], [ -117.650883, 48.124626 ], [ -117.65099, 48.124855 ], [ -117.656092, 48.135729 ], [ -117.657761, 48.139351 ], [ -117.660238, 48.141781 ], [ -117.663624, 48.143091 ], [ -117.681012, 48.146064 ], [ -117.685396, 48.147632 ], [ -117.686991, 48.148776 ], [ -117.687982, 48.149763 ], [ -117.693369, 48.159039 ], [ -117.694892, 48.161563 ], [ -117.697253, 48.164413 ], [ -117.702952, 48.169902 ], [ -117.704057, 48.171748 ], [ -117.703683, 48.174573 ], [ -117.700787, 48.178327 ], [ -117.699824, 48.181856 ], [ -117.700622, 48.189789 ], [ -117.701217, 48.191134 ], [ -117.702862, 48.193186 ], [ -117.713359, 48.203494 ], [ -117.71458, 48.205008 ], [ -117.715304, 48.207199 ], [ -117.715356, 48.208245 ], [ -117.715362, 48.221119 ] ] ] } },
{ "type": "Feature", "properties": { "geoid": "53033029206", "county_name": "King County", "place_name": null, "state_name": "Washington", "state_abbr": "WA", "is_rural": false, "dci_score": 82.0, "dci_quintile": 2.0, "is_cra_lmi": true, "income_level": "L", "is_persistent_poverty": false, "is_tribal_overlap": false, "tribal_area_name": null, "aian_pct": 0.0, "has_nmtc": true, "nmtc_projects": 1, "nmtc_total_usd": 7500000.0 }, "geometry": { "type": "Polygon", "coordinates": [ [ [ -122.274792, 47.400597 ], [ -122.273956, 47.40233 ], [ -122.274173, 47.40511 ], [ -122.273788, 47.4059 ], [ -122.269663, 47.408079 ], [ -122.265177, 47.411303 ], [ -122.265347, 47.415033 ], [ -122.268208, 47.416921 ], [ -122.267268, 47.419397 ], [ -122.265275, 47.421793 ], [ -122.265335, 47.423069 ], [ -122.261714, 47.426239 ], [ -122.249396, 47.426702 ], [ -122.249288, 47.430395 ], [ -122.249281, 47.430449 ], [ -122.248503, 47.433403 ], [ -122.247519, 47.437053 ], [ -122.245384, 47.439411 ], [ -122.245629, 47.441233 ], [ -122.240985, 47.441196 ], [ -122.219887, 47.441122 ], [ -122.217459, 47.441169 ], [ -122.218527, 47.43699 ], [ -122.220274, 47.4302 ], [ -122.221307, 47.425164 ], [ -122.220726, 47.415529 ], [ -122.220259, 47.406619 ], [ -122.221535, 47.403538 ], [ -122.223919, 47.401214 ], [ -122.228044, 47.398412 ], [ -122.237313, 47.392189 ], [ -122.242269, 47.388713 ], [ -122.243408, 47.387398 ], [ -122.244309, 47.385433 ], [ -122.244439, 47.381414 ], [ -122.247458, 47.381361 ], [ -122.253703, 47.381252 ], [ -122.253721, 47.386739 ], [ -122.260109, 47.386732 ], [ -122.26005, 47.387364 ], [ -122.258413, 47.388481 ], [ -122.259328, 47.390032 ], [ -122.258629, 47.390249 ], [ -122.255039, 47.390273 ], [ -122.254653, 47.391773 ], [ -122.254695, 47.397519 ], [ -122.260318, 47.39559 ], [ -122.265078, 47.39448 ], [ -122.269799, 47.394654 ], [ -122.273573, 47.395653 ], [ -122.275849, 47.397898 ], [ -122.274792, 47.400597 ] ] ] } },
{ "type": "Feature", "properties": { "geoid": "53033025703", "county_name": "King County", "place_name": null, "state_name": "Washington", "state_abbr": "WA", "is_rural": false, "dci_score": 58.5, "dci_quintile": 4.0, "is_cra_lmi": true, "income_level": "M", "is_persistent_poverty": false, "is_tribal_overlap": false, "tribal_area_name": null, "aian_pct": 0.0, "has_nmtc": false, "nmtc_projects": 0, "nmtc_total_usd": 0.0 }, "geometry": { "type": "Polygon", "coordinates": [ [ [ -122.206423, 47.46988 ], [ -122.205431, 47.470629 ], [ -122.204632, 47.471553 ], [ -122.199399, 47.469968 ], [ -122.197043, 47.470016 ], [ -122.194427, 47.466883 ], [ -122.192589, 47.46693 ], [ -122.187748, 47.466955 ], [ -122.187777, 47.466483 ], [ -122.18846, 47.466174 ], [ -122.1946, 47.461527 ], [ -122.197854, 47.461386 ], [ -122.203477, 47.461844 ], [ -122.204824, 47.464406 ], [ -122.206351, 47.468043 ], [ -122.206423, 47.46988 ] ] ] } },
{ "type": "Feature", "properties": { "geoid": "53005010703", "county_name": "Benton County", "place_name": null, "state_name": "Washington", "state_abbr": "WA", "is_rural": false, "dci_score": 17.6, "dci_quintile": 5.0, "is_cra_lmi": false, "income_level": "U", "is_persistent_poverty": false, "is_tribal_overlap": false, "tribal_area_name": null, "aian_pct": 0.0, "has_nmtc": false, "nmtc_projects": 0, "nmtc_total_usd": 0.0 }, "geometry": { "type": "Polygon", "coordinates": [ [ [ -119.492552, 46.327657 ], [ -119.492142, 46.328277 ], [ -119.490286, 46.330497 ], [ -119.487392, 46.333564 ], [ -119.482254, 46.336326 ], [ -119.475593, 46.338442 ], [ -119.468372, 46.344809 ], [ -119.466669, 46.348013 ], [ -119.465438, 46.349157 ], [ -119.461047, 46.351074 ], [ -119.457201, 46.352206 ], [ -119.451757, 46.352593 ], [ -119.449677, 46.353275 ], [ -119.446151, 46.356496 ], [ -119.442154, 46.359083 ], [ -119.442048, 46.359603 ], [ -119.439751, 46.361491 ], [ -119.437154, 46.368065 ], [ -119.435582, 46.373451 ], [ -119.43352, 46.378498 ], [ -119.43176, 46.379829 ], [ -119.43019, 46.379473 ], [ -119.428124, 46.379345 ], [ -119.425197, 46.379329 ], [ -119.421613, 46.380129 ], [ -119.419501, 46.379921 ], [ -119.418749, 46.379745 ], [ -119.415141, 46.377008 ], [ -119.412007, 46.375132 ], [ -119.406404, 46.37105 ], [ -119.400281, 46.369223 ], [ -119.399032, 46.367557 ], [ -119.39812, 46.363024 ], [ -119.396603, 46.358737 ], [ -119.394935, 46.354276 ], [ -119.390671, 46.345534 ], [ -119.391338, 46.341349 ], [ -119.391088, 46.338033 ], [ -119.39178, 46.334016 ], [ -119.390002, 46.332209 ], [ -119.38662, 46.33022 ], [ -119.381641, 46.329182 ], [ -119.375068, 46.32678 ], [ -119.373137, 46.323765 ], [ -119.366421, 46.321149 ], [ -119.361307, 46.318435 ], [ -119.359401, 46.316728 ], [ -119.357288, 46.312615 ], [ -119.35408, 46.311407 ], [ -119.351988, 46.312073 ], [ -119.349933, 46.314312 ], [ -119.348931, 46.316171 ], [ -119.348381, 46.319856 ], [ -119.347088, 46.320956 ], [ -119.342077, 46.323655 ], [ -119.339738, 46.323734 ], [ -119.337711, 46.321548 ], [ -119.337406, 46.32017 ], [ -119.34016, 46.316702 ], [ -119.340725, 46.315072 ], [ -119.33963, 46.312857 ], [ -119.336091, 46.311367 ], [ -119.329943, 46.309934 ], [ -119.329072, 46.307729 ], [ -119.32957, 46.304922 ], [ -119.330991, 46.30246 ], [ -119.335015, 46.302295 ], [ -119.336251, 46.299651 ], [ -119.333691, 46.297384 ], [ -119.336654, 46.296904 ], [ -119.338221, 46.296974 ], [ -119.346471, 46.300244 ], [ -119.34726, 46.300372 ], [ -119.349626, 46.300786 ], [ -119.354687, 46.303044 ], [ -119.359109, 46.303836 ], [ -119.376863, 46.301156 ], [ -119.379832, 46.300148 ], [ -119.380424, 46.300523 ], [ -119.398835, 46.300795 ], [ -119.413302, 46.300816 ], [ -119.414589, 46.300884 ], [ -119.419868, 46.304375 ], [ -119.426887, 46.311366 ], [ -119.428291, 46.311619 ], [ -119.430114, 46.310725 ], [ -119.430446, 46.310489 ], [ -119.431351, 46.309845 ], [ -119.433624, 46.309929 ], [ -119.441407, 46.315041 ], [ -119.442787, 46.315527 ], [ -119.443912, 46.315659 ], [ -119.470593, 46.315646 ], [ -119.471803, 46.314996 ], [ -119.472159, 46.312432 ], [ -119.48043, 46.316151 ], [ -119.482613, 46.316605 ], [ -119.484981, 46.316969 ], [ -119.486572, 46.317868 ], [ -119.487306, 46.320806 ], [ -119.492126, 46.32488 ], [ -119.492672, 46.325984 ], [ -119.492552, 46.327657 ] ] ] } },
{ "type": "Feature", "properties": { "geoid": "53011040507", "county_name": "Clark County", "place_name": null, "state_name": "Washington", "state_abbr": "WA", "is_rural": false, "dci_score": 20.7, "dci_quintile": 5.0, "is_cra_lmi": true, "income_level": "M", "is_persistent_poverty": false, "is_tribal_overlap": false, "tribal_area_name": null, "aian_pct": 0.0, "has_nmtc": false, "nmtc_projects": 0, "nmtc_total_usd": 0.0 }, "geometry": { "type": "Polygon", "coordinates": [ [ [ -122.3538, 45.577831 ], [ -122.351045, 45.578507 ], [ -122.346701, 45.578431 ], [ -122.336935, 45.577355 ], [ -122.336905, 45.578382 ], [ -122.332207, 45.577562 ], [ -122.315827, 45.574869 ], [ -122.315242, 45.578081 ], [ -122.311084, 45.579692 ], [ -122.306499, 45.583631 ], [ -122.306184, 45.58479 ], [ -122.305009, 45.586505 ], [ -122.298484, 45.586943 ], [ -122.294703, 45.592788 ], [ -122.263787, 45.592559 ], [ -122.258402, 45.591204 ], [ -122.248983, 45.588444 ], [ -122.248971, 45.581515 ], [ -122.248969, 45.577732 ], [ -122.249217, 45.548653 ], [ -122.248911947663998, 45.547773100016897 ], [ -122.248993, 45.547745 ], [ -122.259530999909003, 45.545098131478298 ], [ -122.262625, 45.544321 ], [ -122.266701, 45.543841 ], [ -122.294819998052006, 45.543541861722801 ], [ -122.294901, 45.543541 ], [ -122.331502, 45.548241 ], [ -122.339070265255003, 45.555773733493503 ], [ -122.341811701880999, 45.558502299525003 ], [ -122.352802, 45.569441 ], [ -122.3538, 45.577831 ] ] ] } },
{ "type": "Feature", "properties": { "geoid": "53061053511", "county_name": "Snohomish County", "place_name": null, "state_name": "Washington", "state_abbr": "WA", "is_rural": false, "dci_score": 32.7, "dci_quintile": 5.0, "is_cra_lmi": true, "income_level": "M", "is_persistent_poverty": false, "is_tribal_overlap": false, "tribal_area_name": null, "aian_pct": 0.0, "has_nmtc": false, "nmtc_projects": 0, "nmtc_total_usd": 0.0 }, "geometry": { "type": "Polygon", "coordinates": [ [ [ -122.128888, 48.182967 ], [ -122.126732, 48.184246 ], [ -122.122412, 48.183138 ], [ -122.118211, 48.184198 ], [ -122.11778, 48.187828 ], [ -122.112399, 48.18786 ], [ -122.107064, 48.187962 ], [ -122.104585, 48.188367 ], [ -122.101878, 48.18716 ], [ -122.1008, 48.187244 ], [ -122.098103, 48.187145 ], [ -122.095478, 48.184762 ], [ -122.09123, 48.182946 ], [ -122.092178, 48.177165 ], [ -122.099492, 48.177207 ], [ -122.101823, 48.177206 ], [ -122.1024, 48.176987 ], [ -122.102388, 48.173488 ], [ -122.102145, 48.170015 ], [ -122.098203, 48.166212 ], [ -122.097505, 48.165471 ], [ -122.097006, 48.164416 ], [ -122.096966, 48.148893 ], [ -122.096568, 48.147975 ], [ -122.095533, 48.146877 ], [ -122.090996, 48.144481 ], [ -122.092409, 48.144396 ], [ -122.098158, 48.144337 ], [ -122.108507, 48.144333 ], [ -122.108544, 48.147992 ], [ -122.108567, 48.150217 ], [ -122.108588, 48.151461 ], [ -122.113243, 48.15163 ], [ -122.113565, 48.153291 ], [ -122.114113, 48.154824 ], [ -122.116102, 48.158917 ], [ -122.117885, 48.162564 ], [ -122.118734, 48.164226 ], [ -122.120845, 48.168353 ], [ -122.124915, 48.173518 ], [ -122.1285, 48.178152 ], [ -122.129006, 48.18081 ], [ -122.128888, 48.182967 ] ] ] } },
{ "type": "Feature", "properties": { "geoid": "53061041907", "county_name": "Snohomish County", "place_name": "Tacoma", "state_name": "Washington", "state_abbr": "WA", "is_rural": false, "dci_score": 82.5, "dci_quintile": 2.0, "is_cra_lmi": true, "income_level": "M", "is_persistent_poverty": false, "is_tribal_overlap": false, "tribal_area_name": null, "aian_pct": 0.0, "has_nmtc": false, "nmtc_projects": 0, "nmtc_total_usd": 0.0 }, "geometry": { "type": "Polygon", "coordinates": [ [ [ -122.257961, 47.914669 ], [ -122.250308, 47.914439 ], [ -122.249851, 47.917316 ], [ -122.249901, 47.921781 ], [ -122.244545, 47.921818 ], [ -122.244482, 47.91852 ], [ -122.244785, 47.916398 ], [ -122.247825, 47.916371 ], [ -122.247786, 47.914952 ], [ -122.245645, 47.914971 ], [ -122.245721, 47.909777 ], [ -122.24379, 47.909232 ], [ -122.24664, 47.907337 ], [ -122.252606, 47.90737 ], [ -122.257951, 47.907431 ], [ -122.257961, 47.914669 ] ] ] } },
{ "type": "Feature", "properties": { "geoid": "53045961102", "county_name": "Mason County", "place_name": "Tacoma", "state_name": "Washington", "state_abbr": "WA", "is_rural": true, "dci_score": 80.5, "dci_quintile": 3.0, "is_cra_lmi": false, "income_level": "U", "is_persistent_poverty": false, "is_tribal_overlap": false, "tribal_area_name": null, "aian_pct": 0.0, "has_nmtc": false, "nmtc_projects": 0, "nmtc_total_usd": 0.0 }, "geometry": { "type": "Polygon", "coordinates": [ [ [ -123.074456, 47.215422 ], [ -123.073104, 47.218736 ], [ -123.070986, 47.221864 ], [ -123.06908, 47.223842 ], [ -123.063353, 47.227856 ], [ -123.059128, 47.231959 ], [ -123.054867, 47.234813 ], [ -123.050949, 47.238698 ], [ -123.042594, 47.243675 ], [ -123.042157, 47.244811 ], [ -123.043373, 47.247044 ], [ -123.045303, 47.24815 ], [ -123.041131, 47.251809 ], [ -123.034996, 47.253969 ], [ -123.032203, 47.255188 ], [ -123.027709, 47.257767 ], [ -123.021589, 47.259185 ], [ -123.020827, 47.261496 ], [ -123.016117, 47.263839 ], [ -123.004989, 47.265856 ], [ -123.003074, 47.266039 ], [ -123.001416, 47.264309 ], [ -123.001609, 47.263166 ], [ -123.00458, 47.258862 ], [ -122.992502, 47.259425 ], [ -122.986504, 47.260997 ], [ -122.982213, 47.261446 ], [ -122.97618, 47.260058 ], [ -122.973143, 47.260541 ], [ -122.968568, 47.263951 ], [ -122.966879, 47.264836 ], [ -122.966427, 47.266088 ], [ -122.967027, 47.26801 ], [ -122.966933, 47.276709 ], [ -122.960803, 47.275808 ], [ -122.95884, 47.275158 ], [ -122.949218, 47.270064 ], [ -122.947932, 47.269731 ], [ -122.944438, 47.270541 ], [ -122.940087, 47.270098 ], [ -122.936966, 47.267796 ], [ -122.933173, 47.261918 ], [ -122.93139, 47.260115 ], [ -122.930998, 47.258841 ], [ -122.931196, 47.253848 ], [ -122.930015, 47.250877 ], [ -122.930769, 47.248347 ], [ -122.934763, 47.24819 ], [ -122.938917, 47.247665 ], [ -122.940038, 47.247117 ], [ -122.941509, 47.244275 ], [ -122.940964, 47.242312 ], [ -122.939597, 47.240625 ], [ -122.939542, 47.236864 ], [ -122.937569, 47.235453 ], [ -122.937177, 47.233461 ], [ -122.941613, 47.22647 ], [ -122.945541, 47.221987 ], [ -122.950327, 47.215483 ], [ -122.951905, 47.214282 ], [ -122.953953, 47.21414 ], [ -122.992032, 47.214307 ], [ -122.996819, 47.21402 ], [ -123.012522, 47.213657 ], [ -123.028683, 47.214137 ], [ -123.028734, 47.211143 ], [ -123.030097, 47.210398 ], [ -123.030628, 47.20747 ], [ -123.037772, 47.207357 ], [ -123.043103, 47.206926 ], [ -123.057758, 47.204965 ], [ -123.061723, 47.204318 ], [ -123.070481, 47.206954 ], [ -123.071894, 47.20791 ], [ -123.074076, 47.211569 ], [ -123.074456, 47.215422 ] ] ] } },
{ "type": "Feature", "properties": { "geoid": "53053072909", "county_name": "Pierce County", "place_name": null, "state_name": "Washington", "state_abbr": "WA", "is_rural": false, "dci_score": 61.7, "dci_quintile": 4.0, "is_cra_lmi": false, "income_level": "NA", "is_persistent_poverty": false, "is_tribal_overlap": true, "tribal_area_name": "Nisqually Reservation", "aian_pct": 0.0, "has_nmtc": false, "nmtc_projects": 0, "nmtc_total_usd": 0.0 }, "geometry": { "type": "Polygon", "coordinates": [ [ [ -122.703887, 47.071688 ], [ -122.688604, 47.077554 ], [ -122.679576, 47.080262 ], [ -122.675191, 47.081387 ], [ -122.675249, 47.086444 ], [ -122.675111, 47.090152 ], [ -122.669953, 47.090017 ], [ -122.669923, 47.097311 ], [ -122.664711, 47.0973 ], [ -122.664686, 47.093633 ], [ -122.662478, 47.093617 ], [ -122.646644, 47.093539 ], [ -122.646633, 47.087938 ], [ -122.646639, 47.087448 ], [ -122.636957, 47.08961 ], [ -122.63443, 47.089593 ], [ -122.63281, 47.089472 ], [ -122.632889, 47.089065 ], [ -122.638347, 47.087355 ], [ -122.636183, 47.086687 ], [ -122.636208, 47.082125 ], [ -122.633692, 47.080492 ], [ -122.630233, 47.081262 ], [ -122.628083, 47.082732 ], [ -122.627824, 47.086665 ], [ -122.626671, 47.086899 ], [ -122.625583, 47.087791 ], [ -122.622528, 47.087026 ], [ -122.614397, 47.083473 ], [ -122.606541, 47.081372 ], [ -122.6063, 47.081947 ], [ -122.603018, 47.08079 ], [ -122.595266, 47.079275 ], [ -122.593906, 47.08288 ], [ -122.587208, 47.090048 ], [ -122.581143, 47.090588 ], [ -122.576311, 47.090395 ], [ -122.568833, 47.092106 ], [ -122.561226, 47.098719 ], [ -122.558286, 47.101181 ], [ -122.555294, 47.103033 ], [ -122.550705, 47.100374 ], [ -122.543142, 47.097581 ], [ -122.539169, 47.096051 ], [ -122.528636, 47.093859 ], [ -122.511815, 47.090739 ], [ -122.505312, 47.090571 ], [ -122.50397, 47.093051 ], [ -122.500523, 47.116822 ], [ -122.500152, 47.119508 ], [ -122.4993, 47.119507 ], [ -122.493995, 47.119314 ], [ -122.494027, 47.114493 ], [ -122.483313, 47.114121 ], [ -122.483023, 47.097391 ], [ -122.464204, 47.097419 ], [ -122.463986, 47.10031 ], [ -122.457924, 47.098406 ], [ -122.455597, 47.09672 ], [ -122.451288, 47.097468 ], [ -122.442139, 47.097368 ], [ -122.434938, 47.097297 ], [ -122.435084, 47.085306 ], [ -122.436252, 47.084618 ], [ -122.435101, 47.084195 ], [ -122.433519, 47.082517 ], [ -122.433636, 47.079041 ], [ -122.432358, 47.07903 ], [ -122.432589, 47.067963 ], [ -122.414265, 47.067958 ], [ -122.411008, 47.065518 ], [ -122.410997, 47.060635 ], [ -122.405713, 47.060658 ], [ -122.405637, 47.055206 ], [ -122.400253, 47.055178 ], [ -122.40025, 47.053356 ], [ -122.398047, 47.053406 ], [ -122.397761, 47.053121 ], [ -122.390499, 47.04584 ], [ -122.387313, 47.042299 ], [ -122.384333, 47.038612 ], [ -122.3901, 47.038698 ], [ -122.389929, 47.032152 ], [ -122.379038, 47.032116 ], [ -122.375842, 47.028203 ], [ -122.375311, 47.027578 ], [ -122.379415, 47.027531 ], [ -122.379435, 47.031533 ], [ -122.389986, 47.031547 ], [ -122.389845, 47.023743 ], [ -122.372133, 47.023621 ], [ -122.369506, 47.020319 ], [ -122.381739, 47.020071 ], [ -122.404425, 47.020237 ], [ -122.40799, 47.020431 ], [ -122.41141, 47.019988 ], [ -122.421747, 47.020015 ], [ -122.421876, 46.995164 ], [ -122.421878, 46.99494 ], [ -122.423765, 46.994978 ], [ -122.443071, 46.995152 ], [ -122.454227, 46.995689 ], [ -122.483942, 46.996171 ], [ -122.504853, 46.996137 ], [ -122.504805, 47.003669 ], [ -122.521374, 47.003709 ], [ -122.521218, 47.009371 ], [ -122.523979, 47.009415 ], [ -122.52458, 47.009779 ], [ -122.531832, 47.009894 ], [ -122.534267, 47.011891 ], [ -122.540444, 47.011923 ], [ -122.541139, 47.010496 ], [ -122.54787, 47.010405 ], [ -122.547809, 47.00467 ], [ -122.547789, 47.003461 ], [ -122.55229, 47.003438 ], [ -122.553105, 47.003477 ], [ -122.553221, 47.003339 ], [ -122.553418, 47.002048 ], [ -122.558737, 47.001809 ], [ -122.558436, 47.000379 ], [ -122.558515, 46.988483 ], [ -122.556814, 46.988844 ], [ -122.558436, 46.98652 ], [ -122.560337, 46.982478 ], [ -122.560724, 46.981912 ], [ -122.564319, 46.977276 ], [ -122.565653, 46.974048 ], [ -122.566807, 46.971531 ], [ -122.568477, 46.969243 ], [ -122.563251, 46.967594 ], [ -122.561139, 46.96693 ], [ -122.563985, 46.966931 ], [ -122.565163, 46.966573 ], [ -122.566018, 46.966775 ], [ -122.573184, 46.964405 ], [ -122.575356, 46.967041 ], [ -122.579591, 46.968442 ], [ -122.582434, 46.96817 ], [ -122.585016, 46.966045 ], [ -122.587177, 46.966849 ], [ -122.587874, 46.968607 ], [ -122.586969, 46.970588 ], [ -122.584619, 46.971474 ], [ -122.576904, 46.970447 ], [ -122.575372, 46.971596 ], [ -122.57641, 46.974089 ], [ -122.577785, 46.975868 ], [ -122.580055, 46.977502 ], [ -122.581597, 46.977174 ], [ -122.582709, 46.975556 ], [ -122.584523, 46.974286 ], [ -122.59001, 46.973966 ], [ -122.595992, 46.974039 ], [ -122.598472, 46.974638 ], [ -122.601224, 46.976138 ], [ -122.604415, 46.976552 ], [ -122.611047, 46.9767 ], [ -122.611354, 46.97476 ], [ -122.610453, 46.971494 ], [ -122.611602, 46.967213 ], [ -122.618498, 46.97021 ], [ -122.619861, 46.970539 ], [ -122.624429, 46.970604 ], [ -122.629117, 46.971463 ], [ -122.631237, 46.973199 ], [ -122.635137, 46.975602 ], [ -122.637396, 46.977097 ], [ -122.638552, 46.979086 ], [ -122.638183, 46.980815 ], [ -122.636687, 46.983106 ], [ -122.631517, 46.988082 ], [ -122.630743, 46.990303 ], [ -122.630482, 46.995943 ], [ -122.630302, 46.998339 ], [ -122.632832, 46.999185 ], [ -122.636038, 46.998267 ], [ -122.638122, 46.998214 ], [ -122.640588, 46.999879 ], [ -122.639235, 47.001436 ], [ -122.642234, 47.002942 ], [ -122.646446, 47.003944 ], [ -122.648703, 47.006548 ], [ -122.652031, 47.007365 ], [ -122.653579, 47.005064 ], [ -122.657022, 47.002967 ], [ -122.659863, 47.003225 ], [ -122.659389, 47.004342 ], [ -122.657016, 47.006139 ], [ -122.658774, 47.009524 ], [ -122.66069, 47.01046 ], [ -122.664853, 47.011765 ], [ -122.666637, 47.013617 ], [ -122.671611, 47.01485 ], [ -122.672397, 47.015415 ], [ -122.674421, 47.019094 ], [ -122.674424, 47.020611 ], [ -122.672563, 47.023629 ], [ -122.673173, 47.024679 ], [ -122.675502, 47.026108 ], [ -122.678063, 47.026942 ], [ -122.679865, 47.028191 ], [ -122.680361, 47.030551 ], [ -122.679522, 47.03276 ], [ -122.677028, 47.035143 ], [ -122.675495, 47.037195 ], [ -122.675528, 47.038266 ], [ -122.677316, 47.043278 ], [ -122.679955, 47.04556 ], [ -122.684378, 47.050708 ], [ -122.685661, 47.051566 ], [ -122.693206, 47.053291 ], [ -122.689895, 47.057412 ], [ -122.691343, 47.058016 ], [ -122.69557, 47.059411 ], [ -122.696108, 47.061765 ], [ -122.701348, 47.063292 ], [ -122.703295, 47.065005 ], [ -122.700638, 47.067831 ], [ -122.703887, 47.071688 ] ] ] } },
{ "type": "Feature", "properties": { "geoid": "53053063402", "county_name": "Pierce County", "place_name": "Sedro-Woolley", "state_name": "Washington", "state_abbr": "WA", "is_rural": false, "dci_score": 58.5, "dci_quintile": 4.0, "is_cra_lmi": true, "income_level": "M", "is_persistent_poverty": false, "is_tribal_overlap": false, "tribal_area_name": null, "aian_pct": 0.0, "has_nmtc": false, "nmtc_projects": 0, "nmtc_total_usd": 0.0 }, "geometry": { "type": "Polygon", "coordinates": [ [ [ -122.441979, 47.17374 ], [ -122.441962, 47.181013 ], [ -122.436698, 47.180969 ], [ -122.434072, 47.180961 ], [ -122.431405, 47.18094 ], [ -122.420981, 47.180889 ], [ -122.420955, 47.179987 ], [ -122.420941, 47.17521 ], [ -122.42095, 47.173442 ], [ -122.420966, 47.170098 ], [ -122.424882, 47.170087 ], [ -122.426226, 47.170045 ], [ -122.43142, 47.170033 ], [ -122.434079, 47.170051 ], [ -122.435417, 47.17006 ], [ -122.43713, 47.170069 ], [ -122.441987, 47.170095 ], [ -122.441979, 47.17374 ] ] ] } },
{ "type": "Feature", "properties": { "geoid": "53053063301", "county_name": "Pierce County", "place_name": null, "state_name": "Washington", "state_abbr": "WA", "is_rural": false, "dci_score": 54.4, "dci_quintile": 4.0, "is_cra_lmi": true, "income_level": "M", "is_persistent_poverty": false, "is_tribal_overlap": true, "tribal_area_name": "Puyallup Reservation", "aian_pct": 0.0, "has_nmtc": false, "nmtc_projects": 0, "nmtc_total_usd": 0.0 }, "geometry": { "type": "Polygon", "coordinates": [ [ [ -122.413383, 47.195395 ], [ -122.411655, 47.195384 ], [ -122.411638, 47.198113 ], [ -122.411643, 47.199001 ], [ -122.40786, 47.199001 ], [ -122.407951, 47.202595 ], [ -122.407975, 47.206237 ], [ -122.404518, 47.20625 ], [ -122.404184, 47.206253 ], [ -122.395708, 47.206384 ], [ -122.396528, 47.200316 ], [ -122.394418, 47.199519 ], [ -122.392926, 47.198939 ], [ -122.394388, 47.196421 ], [ -122.394164, 47.19515 ], [ -122.394428, 47.194934 ], [ -122.394596, 47.191755 ], [ -122.396256, 47.191753 ], [ -122.399853, 47.191741 ], [ -122.402476, 47.191741 ], [ -122.407734, 47.191738 ], [ -122.411135, 47.191735 ], [ -122.413583, 47.191746 ], [ -122.413383, 47.195395 ] ] ] } },
{ "type": "Feature", "properties": { "geoid": "53053062901", "county_name": "Pierce County", "place_name": "Lynnwood", "state_name": "Washington", "state_abbr": "WA", "is_rural": false, "dci_score": 69.4, "dci_quintile": 4.0, "is_cra_lmi": false, "income_level": "U", "is_persistent_poverty": false, "is_tribal_overlap": false, "tribal_area_name": null, "aian_pct": 0.0, "has_nmtc": false, "nmtc_projects": 0, "nmtc_total_usd": 0.0 }, "geometry": { "type": "Polygon", "coordinates": [ [ [ -122.483382, 47.214882 ], [ -122.483378, 47.218681 ], [ -122.479184, 47.218682 ], [ -122.473627, 47.218686 ], [ -122.473714, 47.214845 ], [ -122.473727, 47.213745 ], [ -122.473698, 47.210739 ], [ -122.47369, 47.208728 ], [ -122.47364, 47.206441 ], [ -122.476256, 47.206499 ], [ -122.479623, 47.206211 ], [ -122.482424, 47.206204 ], [ -122.482682, 47.211692 ], [ -122.483635, 47.213758 ], [ -122.483382, 47.214882 ] ] ] } },
{ "type": "Feature", "properties": { "geoid": "53049950701", "county_name": "Pacific County", "place_name": null, "state_name": "Washington", "state_abbr": "WA", "is_rural": true, "dci_score": 73.1, "dci_quintile": 3.0, "is_cra_lmi": true, "income_level": "M", "is_persistent_poverty": false, "is_tribal_overlap": false, "tribal_area_name": null, "aian_pct": 0.0, "has_nmtc": false, "nmtc_projects": 0, "nmtc_total_usd": 0.0 }, "geometry": { "type": "Polygon", "coordinates": [ [ [ -124.057120965297997, 46.4730205056728 ], [ -124.057033511811994, 46.491344955132803 ], [ -124.054546, 46.490963 ], [ -124.052757, 46.489297 ], [ -124.051905, 46.486241 ], [ -124.05101, 46.479806 ], [ -124.050302, 46.483024 ], [ -124.050008, 46.491498 ], [ -124.033839, 46.491504 ], [ -124.033935, 46.489851 ], [ -124.032984, 46.490278 ], [ -124.030959077681999, 46.491821052296601 ], [ -124.030006065661993, 46.486242131624998 ], [ -124.026032, 46.462978 ], [ -124.025344148564002, 46.459365384412898 ], [ -124.027966, 46.459527 ], [ -124.02951, 46.46099 ], [ -124.029388, 46.46643 ], [ -124.044954, 46.466518 ], [ -124.057151374564995, 46.466648740492701 ], [ -124.057120965297997, 46.4730205056728 ] ] ] } },
{ "type": "Feature", "properties": { "geoid": "53073000201", "county_name": "Whatcom County", "place_name": "Marysville", "state_name": "Washington", "state_abbr": "WA", "is_rural": false, "dci_score": 43.6, "dci_quintile": 5.0, "is_cra_lmi": false, "income_level": "NA", "is_persistent_poverty": false, "is_tribal_overlap": true, "tribal_area_name": "Lummi Reservation", "aian_pct": 0.0, "has_nmtc": false, "nmtc_projects": 0, "nmtc_total_usd": 0.0 }, "geometry": { "type": "Polygon", "coordinates": [ [ [ -122.604625, 48.793456 ], [ -122.603578, 48.795218 ], [ -122.59516, 48.795738 ], [ -122.5956, 48.803749 ], [ -122.595404, 48.819217 ], [ -122.580012, 48.818928 ], [ -122.577393, 48.818863 ], [ -122.576831, 48.818813 ], [ -122.571359, 48.817692 ], [ -122.569138, 48.81752 ], [ -122.565472, 48.817855 ], [ -122.566118, 48.818925 ], [ -122.566043, 48.818924 ], [ -122.573671, 48.832036 ], [ -122.573775, 48.833609 ], [ -122.570763, 48.833564 ], [ -122.56699, 48.834078 ], [ -122.564142, 48.833921 ], [ -122.55202, 48.821448 ], [ -122.547953, 48.817246 ], [ -122.535825, 48.804766 ], [ -122.535517, 48.804448 ], [ -122.535127, 48.804045 ], [ -122.531662, 48.800466 ], [ -122.524533, 48.793236 ], [ -122.520921, 48.790661 ], [ -122.51611, 48.788437 ], [ -122.516811, 48.787891 ], [ -122.519235, 48.786053 ], [ -122.518717, 48.784235 ], [ -122.518741, 48.782436 ], [ -122.520004, 48.781539 ], [ -122.520093, 48.77684 ], [ -122.520219, 48.768672 ], [ -122.519578, 48.768312 ], [ -122.521625, 48.768351 ], [ -122.526206, 48.77025 ], [ -122.52974, 48.771109 ], [ -122.530349352884997, 48.770602594370203 ], [ -122.535803, 48.776128 ], [ -122.553342403605001, 48.7776466672628 ], [ -122.563498, 48.778526 ], [ -122.56916, 48.774679 ], [ -122.572395930956006, 48.773677878650702 ], [ -122.573856, 48.781994 ], [ -122.581425, 48.786503 ], [ -122.584048, 48.789159 ], [ -122.589832, 48.789193 ], [ -122.595092, 48.789217 ], [ -122.602129, 48.788091 ], [ -122.603699, 48.788444 ], [ -122.60545, 48.790132 ], [ -122.604625, 48.793456 ] ] ] } },
{ "type": "Feature", "properties": { "geoid": "53073001204", "county_name": "Whatcom County", "place_name": null, "state_name": "Washington", "state_abbr": "WA", "is_rural": false, "dci_score": 53.6, "dci_quintile": 5.0, "is_cra_lmi": false, "income_level": "U", "is_persistent_poverty": false, "is_tribal_overlap": false, "tribal_area_name": null, "aian_pct": 0.0, "has_nmtc": false, "nmtc_projects": 0, "nmtc_total_usd": 0.0 }, "geometry": { "type": "Polygon", "coordinates": [ [ [ -122.486195, 48.720904 ], [ -122.486206, 48.723835 ], [ -122.485327, 48.726416 ], [ -122.484584, 48.726532 ], [ -122.481528, 48.72908 ], [ -122.477796, 48.73083 ], [ -122.475403, 48.731823 ], [ -122.469869, 48.733641 ], [ -122.468839, 48.731916 ], [ -122.47313, 48.727282 ], [ -122.473709, 48.724541 ], [ -122.4736, 48.717229 ], [ -122.473713, 48.71596 ], [ -122.474401, 48.713919 ], [ -122.475956, 48.714569 ], [ -122.486298, 48.714812 ], [ -122.486195, 48.720904 ] ] ] } },
{ "type": "Feature", "properties": { "geoid": "53025011403", "county_name": "Grant County", "place_name": null, "state_name": "Washington", "state_abbr": "WA", "is_rural": true, "dci_score": 62.0, "dci_quintile": 4.0, "is_cra_lmi": true, "income_level": "M", "is_persistent_poverty": false, "is_tribal_overlap": false, "tribal_area_name": null, "aian_pct": 0.0, "has_nmtc": false, "nmtc_projects": 0, "nmtc_total_usd": 0.0 }, "geometry": { "type": "Polygon", "coordinates": [ [ [ -119.973036, 46.737126 ], [ -119.97152, 46.742696 ], [ -119.970654, 46.747294 ], [ -119.970798, 46.752736 ], [ -119.969975, 46.754973 ], [ -119.966371, 46.758622 ], [ -119.959742, 46.763217 ], [ -119.951139, 46.767777 ], [ -119.947841, 46.770243 ], [ -119.943054, 46.774702 ], [ -119.940076, 46.778699 ], [ -119.938607, 46.781835 ], [ -119.93367, 46.788443 ], [ -119.928612, 46.796323 ], [ -119.92786, 46.797496 ], [ -119.927436, 46.798445 ], [ -119.925605, 46.811431 ], [ -119.926231, 46.814178 ], [ -119.92202, 46.815382 ], [ -119.919251, 46.815813 ], [ -119.917502, 46.817002 ], [ -119.917502, 46.818028 ], [ -119.921575, 46.81978 ], [ -119.920609, 46.821384 ], [ -119.91753, 46.821872 ], [ -119.919194, 46.825583 ], [ -119.922263, 46.83245 ], [ -119.914744, 46.832023 ], [ -119.896937, 46.831917 ], [ -119.824363, 46.83353 ], [ -119.820279, 46.833385 ], [ -119.817208, 46.832227 ], [ -119.815298, 46.830651 ], [ -119.807352, 46.829279 ], [ -119.804858, 46.829405 ], [ -119.799652, 46.830325 ], [ -119.782498, 46.830883 ], [ -119.758655, 46.830392 ], [ -119.740816, 46.831546 ], [ -119.745962, 46.824083 ], [ -119.74739, 46.821495 ], [ -119.754312, 46.810903 ], [ -119.755776, 46.808412 ], [ -119.759464, 46.80349 ], [ -119.762385, 46.801237 ], [ -119.760755, 46.800597 ], [ -119.76142, 46.795632 ], [ -119.76488, 46.771903 ], [ -119.764879, 46.766251 ], [ -119.768167, 46.766423 ], [ -119.808456, 46.766471 ], [ -119.810967, 46.766147 ], [ -119.810513, 46.761898 ], [ -119.810746, 46.754257 ], [ -119.810584, 46.737101 ], [ -119.778494, 46.736929 ], [ -119.779838, 46.734563 ], [ -119.780081, 46.73247 ], [ -119.778466, 46.729731 ], [ -119.778464, 46.722459 ], [ -119.789097, 46.722556 ], [ -119.789688, 46.708104 ], [ -119.810465, 46.708183 ], [ -119.810495, 46.693712 ], [ -119.825894, 46.693724 ], [ -119.874494, 46.69375 ], [ -119.874546, 46.708367 ], [ -119.886144, 46.708132 ], [ -119.916482, 46.70835 ], [ -119.937723, 46.708167 ], [ -119.944854, 46.708744 ], [ -119.949817, 46.712877 ], [ -119.95062, 46.712764 ], [ -119.953373, 46.710787 ], [ -119.963789, 46.706022 ], [ -119.9687, 46.714426 ], [ -119.972706, 46.723239 ], [ -119.973608, 46.729448 ], [ -119.973036, 46.737126 ] ] ] } },
{ "type": "Feature", "properties": { "geoid": "53025010402", "county_name": "Grant County", "place_name": null, "state_name": "Washington", "state_abbr": "WA", "is_rural": true, "dci_score": 33.5, "dci_quintile": 5.0, "is_cra_lmi": false, "income_level": "U", "is_persistent_poverty": false, "is_tribal_overlap": false, "tribal_area_name": null, "aian_pct": 0.0, "has_nmtc": false, "nmtc_projects": 0, "nmtc_total_usd": 0.0 }, "geometry": { "type": "Polygon", "coordinates": [ [ [ -119.583432, 47.281008 ], [ -119.580753, 47.28313 ], [ -119.580352, 47.285746 ], [ -119.576324, 47.29135 ], [ -119.573996, 47.29373 ], [ -119.571699, 47.296965 ], [ -119.568397, 47.300509 ], [ -119.566553, 47.29998 ], [ -119.56048, 47.308416 ], [ -119.558588, 47.307785 ], [ -119.551936, 47.317008 ], [ -119.549769, 47.320008 ], [ -119.542396, 47.330176 ], [ -119.5413, 47.331237 ], [ -119.533485, 47.335732 ], [ -119.525406, 47.339781 ], [ -119.519293, 47.342748 ], [ -119.505146, 47.34978 ], [ -119.501146, 47.351349 ], [ -119.491512, 47.354561 ], [ -119.479697, 47.358502 ], [ -119.476572, 47.359523 ], [ -119.475926, 47.354683 ], [ -119.475671, 47.350315 ], [ -119.475968, 47.348827 ], [ -119.482307, 47.326554 ], [ -119.482643, 47.323626 ], [ -119.482384, 47.32157 ], [ -119.471189, 47.27438 ], [ -119.470993, 47.273808 ], [ -119.4693, 47.271788 ], [ -119.471606, 47.273227 ], [ -119.493712, 47.282358 ], [ -119.518559, 47.292591 ], [ -119.518209, 47.292181 ], [ -119.525821, 47.277526 ], [ -119.544227, 47.281774 ], [ -119.544781, 47.281854 ], [ -119.545316, 47.28186 ], [ -119.555232, 47.281748 ], [ -119.555234, 47.281568 ], [ -119.583007, 47.281014 ], [ -119.583432, 47.281008 ] ] ] } },
{ "type": "Feature", "properties": { "geoid": "53053071706", "county_name": "Pierce County", "place_name": null, "state_name": "Washington", "state_abbr": "WA", "is_rural": false, "dci_score": 65.2, "dci_quintile": 4.0, "is_cra_lmi": true, "income_level": "M", "is_persistent_poverty": false, "is_tribal_overlap": false, "tribal_area_name": null, "aian_pct": 0.0, "has_nmtc": false, "nmtc_projects": 0, "nmtc_total_usd": 0.0 }, "geometry": { "type": "Polygon", "coordinates": [ [ [ -122.489254, 47.155802 ], [ -122.483569, 47.159242 ], [ -122.481637, 47.161089 ], [ -122.479616, 47.163121 ], [ -122.467762, 47.160069 ], [ -122.463476, 47.15903 ], [ -122.46059, 47.158589 ], [ -122.455413, 47.158385 ], [ -122.452978, 47.157711 ], [ -122.452756, 47.157663 ], [ -122.45279, 47.1513 ], [ -122.460225, 47.151368 ], [ -122.460958, 47.151073 ], [ -122.463501, 47.15141 ], [ -122.46803, 47.151683 ], [ -122.467912, 47.152141 ], [ -122.467953, 47.154169 ], [ -122.472933, 47.154135 ], [ -122.472941, 47.155771 ], [ -122.472827, 47.156002 ], [ -122.472642, 47.160287 ], [ -122.47409, 47.160282 ], [ -122.47466, 47.159415 ], [ -122.480006, 47.159458 ], [ -122.480011, 47.155964 ], [ -122.480014, 47.155815 ], [ -122.488762, 47.155802 ], [ -122.489254, 47.155802 ] ] ] } },
{ "type": "Feature", "properties": { "geoid": "53053940007", "county_name": "Pierce County", "place_name": null, "state_name": "Washington", "state_abbr": "WA", "is_rural": false, "dci_score": 54.4, "dci_quintile": 4.0, "is_cra_lmi": true, "income_level": "M", "is_persistent_poverty": false, "is_tribal_overlap": true, "tribal_area_name": "Puyallup Reservation|Puyallup Off-Reservation Trust Land", "aian_pct": 0.0, "has_nmtc": true, "nmtc_projects": 1, "nmtc_total_usd": 2000000.0 }, "geometry": { "type": "Polygon", "coordinates": [ [ [ -122.415585, 47.238549 ], [ -122.404119, 47.239534 ], [ -122.400978, 47.240461 ], [ -122.399631, 47.240991 ], [ -122.399634, 47.240445 ], [ -122.397369, 47.23976 ], [ -122.39427, 47.237748 ], [ -122.393402, 47.236951 ], [ -122.392031, 47.236189 ], [ -122.392267, 47.235946 ], [ -122.39253, 47.235523 ], [ -122.39262, 47.229126 ], [ -122.392934, 47.226015 ], [ -122.39431, 47.223055 ], [ -122.401999, 47.223097 ], [ -122.401901, 47.224707 ], [ -122.4077, 47.224543 ], [ -122.407701, 47.226614 ], [ -122.408211, 47.228881 ], [ -122.412787, 47.228407 ], [ -122.413114, 47.229865 ], [ -122.413222, 47.23036 ], [ -122.414969, 47.238044 ], [ -122.415585, 47.238549 ] ] ] } },
{ "type": "Feature", "properties": { "geoid": "53001950301", "county_name": "Adams County", "place_name": null, "state_name": "Washington", "state_abbr": "WA", "is_rural": true, "dci_score": 63.3, "dci_quintile": 4.0, "is_cra_lmi": true, "income_level": "M", "is_persistent_poverty": false, "is_tribal_overlap": false, "tribal_area_name": null, "aian_pct": 0.0, "has_nmtc": false, "nmtc_projects": 0, "nmtc_total_usd": 0.0 }, "geometry": { "type": "Polygon", "coordinates": [ [ [ -119.17652, 46.79675 ], [ -119.13425, 46.79708 ], [ -119.1342, 46.81992 ], [ -119.13348, 46.82469 ], [ -119.13331, 46.8263 ], [ -119.15434, 46.82622 ], [ -119.15434, 46.83355 ], [ -119.15427, 46.84081 ], [ -119.153946, 46.87404 ], [ -119.1544, 46.90925 ], [ -119.15349, 46.91224 ], [ -119.13607, 46.91222 ], [ -119.093942, 46.911884 ], [ -119.079005, 46.9118 ], [ -118.982652, 46.911344 ], [ -118.982616, 46.911344 ], [ -118.940347, 46.911411 ], [ -118.93999, 46.91141 ], [ -118.91889, 46.91132 ], [ -118.876805, 46.911495 ], [ -118.83409, 46.91167 ], [ -118.83462, 46.90959 ], [ -118.83559, 46.82226 ], [ -118.85671, 46.82268 ], [ -118.878065, 46.822744 ], [ -118.89927, 46.82294 ], [ -118.899002, 46.808623 ], [ -118.8986, 46.73607 ], [ -118.98434, 46.73652 ], [ -119.080797, 46.737761 ], [ -119.112376, 46.737868 ], [ -119.17647, 46.73804 ], [ -119.17644, 46.774471 ], [ -119.17652, 46.79675 ] ] ] } },
{ "type": "Feature", "properties": { "geoid": "53009000700", "county_name": "Clallam County", "place_name": "Bellingham", "state_name": "Washington", "state_abbr": "WA", "is_rural": true, "dci_score": 64.2, "dci_quintile": 4.0, "is_cra_lmi": false, "income_level": "U", "is_persistent_poverty": false, "is_tribal_overlap": true, "tribal_area_name": "Lower Elwha Reservation", "aian_pct": 0.0, "has_nmtc": true, "nmtc_projects": 1, "nmtc_total_usd": 14099860.0 }, "geometry": { "type": "Polygon", "coordinates": [ [ [ -123.525593, 48.12572 ], [ -123.52029, 48.12565 ], [ -123.520303, 48.126659 ], [ -123.524633, 48.126703 ], [ -123.520802, 48.13051 ], [ -123.522078, 48.132816 ], [ -123.520293784629004, 48.134803545653199 ], [ -123.515504, 48.133065 ], [ -123.513034396427997, 48.1326892881494 ], [ -123.507235, 48.131807 ], [ -123.492699353476993, 48.132302462360002 ], [ -123.488635, 48.132441 ], [ -123.487327837300001, 48.132581346912801 ], [ -123.473379, 48.134079 ], [ -123.469575115289999, 48.134932896895897 ], [ -123.466982, 48.135515 ], [ -123.455732, 48.139357 ], [ -123.453398006073002, 48.139754425138698 ], [ -123.440128, 48.142014 ], [ -123.433911081595994, 48.142102495537699 ], [ -123.425586, 48.142221 ], [ -123.406811079429005, 48.141501550853398 ], [ -123.403352, 48.141369 ], [ -123.399808, 48.139815 ], [ -123.400873112387004, 48.138536617146599 ], [ -123.401526, 48.137753 ], [ -123.436865, 48.139466 ], [ -123.446372, 48.136135 ], [ -123.45683, 48.135342 ], [ -123.462059, 48.134708 ], [ -123.460157, 48.12979 ], [ -123.451363, 48.125982 ], [ -123.441972, 48.124259 ], [ -123.437869045791999, 48.1227903396694 ], [ -123.439224, 48.121574 ], [ -123.442967, 48.121664 ], [ -123.444932, 48.122473 ], [ -123.447604, 48.123595 ], [ -123.451104, 48.123727 ], [ -123.462123, 48.128192 ], [ -123.469531, 48.130242 ], [ -123.467822, 48.12943 ], [ -123.468607, 48.128566 ], [ -123.466624, 48.127743 ], [ -123.468987, 48.125145 ], [ -123.47055, 48.12341 ], [ -123.475464, 48.11796 ], [ -123.474323, 48.117739 ], [ -123.469308, 48.115768 ], [ -123.472396, 48.112311 ], [ -123.473633, 48.11251 ], [ -123.47382, 48.107244 ], [ -123.473847, 48.105653 ], [ -123.50391, 48.10272 ], [ -123.504017, 48.11195 ], [ -123.5117, 48.111979 ], [ -123.518391, 48.111381 ], [ -123.525479, 48.111919 ], [ -123.525549, 48.121206 ], [ -123.525561, 48.123359 ], [ -123.525593, 48.12572 ] ] ] } },
{ "type": "Feature", "properties": { "geoid": "53067010802", "county_name": "Thurston County", "place_name": null, "state_name": "Washington", "state_abbr": "WA", "is_rural": false, "dci_score": 26.2, "dci_quintile": 5.0, "is_cra_lmi": false, "income_level": "U", "is_persistent_poverty": false, "is_tribal_overlap": false, "tribal_area_name": null, "aian_pct": 0.0, "has_nmtc": false, "nmtc_projects": 0, "nmtc_total_usd": 0.0 }, "geometry": { "type": "Polygon", "coordinates": [ [ [ -122.912276, 46.999983 ], [ -122.908206, 47.006999 ], [ -122.906549, 47.010201 ], [ -122.90598, 47.016517 ], [ -122.903977, 47.016695 ], [ -122.902159, 47.016699 ], [ -122.899579, 47.016722 ], [ -122.898665, 47.016691 ], [ -122.8966, 47.016618 ], [ -122.892679, 47.016601 ], [ -122.890722, 47.016595 ], [ -122.888597, 47.016589 ], [ -122.886694, 47.016583 ], [ -122.886136, 47.016581 ], [ -122.884522, 47.016576 ], [ -122.879211, 47.016557 ], [ -122.879248, 47.013019 ], [ -122.879546, 47.009857 ], [ -122.880893, 47.008077 ], [ -122.88099, 47.003543 ], [ -122.881016, 47.002274 ], [ -122.880972, 46.998314 ], [ -122.88099, 46.996361 ], [ -122.88101, 46.995292 ], [ -122.881116, 46.99212 ], [ -122.881475, 46.991422 ], [ -122.884897, 46.990117 ], [ -122.886485, 46.987866 ], [ -122.886637, 46.98101 ], [ -122.896006, 46.975582 ], [ -122.906527, 46.984491 ], [ -122.907258, 46.985527 ], [ -122.907678, 46.986922 ], [ -122.907629, 46.99154 ], [ -122.907588, 46.997184 ], [ -122.908784, 46.999956 ], [ -122.912276, 46.999983 ] ] ] } },
{ "type": "Feature", "properties": { "geoid": "53045960800", "county_name": "Mason County", "place_name": null, "state_name": "Washington", "state_abbr": "WA", "is_rural": true, "dci_score": 80.5, "dci_quintile": 3.0, "is_cra_lmi": true, "income_level": "M", "is_persistent_poverty": false, "is_tribal_overlap": false, "tribal_area_name": null, "aian_pct": 0.0, "has_nmtc": true, "nmtc_projects": 1, "nmtc_total_usd": 2941176.0 }, "geometry": { "type": "Polygon", "coordinates": [ [ [ -123.129377, 47.215915 ], [ -123.124674, 47.215887 ], [ -123.121535, 47.21595 ], [ -123.117887, 47.217223 ], [ -123.117538, 47.21847 ], [ -123.115661, 47.2162 ], [ -123.11498, 47.215888 ], [ -123.113463, 47.220448 ], [ -123.112283, 47.228316 ], [ -123.110609, 47.234682 ], [ -123.109077, 47.234751 ], [ -123.10609, 47.237093 ], [ -123.103869, 47.238815 ], [ -123.10109, 47.23917 ], [ -123.087036, 47.246056 ], [ -123.083439, 47.248217 ], [ -123.076098, 47.248143 ], [ -123.070437, 47.247094 ], [ -123.068914, 47.247199 ], [ -123.065969, 47.247666 ], [ -123.060474, 47.247545 ], [ -123.057888, 47.246534 ], [ -123.050778, 47.245677 ], [ -123.045303, 47.24815 ], [ -123.043373, 47.247044 ], [ -123.042157, 47.244811 ], [ -123.042594, 47.243675 ], [ -123.050949, 47.238698 ], [ -123.054867, 47.234813 ], [ -123.059128, 47.231959 ], [ -123.063353, 47.227856 ], [ -123.06908, 47.223842 ], [ -123.070986, 47.221864 ], [ -123.073104, 47.218736 ], [ -123.074456, 47.215422 ], [ -123.074076, 47.211569 ], [ -123.076476, 47.211182 ], [ -123.078259, 47.210938 ], [ -123.083873, 47.210077 ], [ -123.09953, 47.209255 ], [ -123.100792, 47.20924 ], [ -123.101933, 47.209387 ], [ -123.107843, 47.21148 ], [ -123.107959, 47.211313 ], [ -123.111161, 47.212297 ], [ -123.113492, 47.211891 ], [ -123.11752, 47.21343 ], [ -123.119357, 47.21264 ], [ -123.124068, 47.210448 ], [ -123.124503, 47.20935 ], [ -123.128454, 47.210174 ], [ -123.129377, 47.215915 ] ] ] } },
{ "type": "Feature", "properties": { "geoid": "53051970300", "county_name": "Pend Oreille County", "place_name": null, "state_name": "Washington", "state_abbr": "WA", "is_rural": true, "dci_score": 54.9, "dci_quintile": 4.0, "is_cra_lmi": false, "income_level": "U", "is_persistent_poverty": false, "is_tribal_overlap": false, "tribal_area_name": null, "aian_pct": 0.0, "has_nmtc": false, "nmtc_projects": 0, "nmtc_total_usd": 0.0 }, "geometry": { "type": "Polygon", "coordinates": [ [ [ -117.226982, 48.186875 ], [ -117.225609, 48.187919 ], [ -117.225179, 48.193173 ], [ -117.225807, 48.195721 ], [ -117.225008, 48.197977 ], [ -117.225055, 48.201336 ], [ -117.223761, 48.20368 ], [ -117.225486, 48.206262 ], [ -117.224273, 48.210419 ], [ -117.22506, 48.212992 ], [ -117.224246, 48.215591 ], [ -117.222987, 48.217313 ], [ -117.21972, 48.220328 ], [ -117.218506, 48.224173 ], [ -117.219247, 48.226008 ], [ -117.217415, 48.227504 ], [ -117.210493, 48.22897 ], [ -117.209519, 48.230863 ], [ -117.210053, 48.232518 ], [ -117.209423, 48.234692 ], [ -117.206994, 48.234248 ], [ -117.198039, 48.234062 ], [ -117.194467, 48.233938 ], [ -117.185422, 48.235082 ], [ -117.174659, 48.237521 ], [ -117.167561, 48.237216 ], [ -117.164126, 48.237598 ], [ -117.156798, 48.238894 ], [ -117.151073, 48.239122 ], [ -117.148211, 48.238894 ], [ -117.136876, 48.234167 ], [ -117.133441, 48.2331 ], [ -117.129091, 48.232185 ], [ -117.124969, 48.23188 ], [ -117.122564, 48.232337 ], [ -117.11329, 48.230279 ], [ -117.108596, 48.229745 ], [ -117.101472, 48.229667 ], [ -117.088317, 48.228233 ], [ -117.074868, 48.224723 ], [ -117.06358, 48.216188 ], [ -117.063498, 48.214619 ], [ -117.059929, 48.211649 ], [ -117.056222, 48.209415 ], [ -117.052242, 48.204928 ], [ -117.049641, 48.203087 ], [ -117.047159, 48.202375 ], [ -117.043101, 48.198934 ], [ -117.039080472300995, 48.1966361117004 ], [ -117.039120082693998, 48.195700400599598 ], [ -117.039215305937006, 48.193450954442 ], [ -117.039281241807998, 48.191893360015399 ], [ -117.039286150391007, 48.191777405193697 ], [ -117.039531354133999, 48.1859849894063 ], [ -117.039556224674996, 48.1853974758832 ], [ -117.039599, 48.184387 ], [ -117.039615, 48.184015 ], [ -117.039582, 48.181124 ], [ -117.039582, 48.180853 ], [ -117.039583, 48.180313 ], [ -117.039618, 48.178142 ], [ -117.039489487679006, 48.177582814679702 ], [ -117.039413, 48.17725 ], [ -117.039520028515, 48.174716735139803 ], [ -117.039552, 48.17396 ], [ -117.039556998576003, 48.173802308581699 ], [ -117.039786201135001, 48.166571594295597 ], [ -117.044588, 48.166526 ], [ -117.047293, 48.1665 ], [ -117.060996, 48.166619 ], [ -117.063537, 48.166619 ], [ -117.068982, 48.166626 ], [ -117.069855, 48.16663 ], [ -117.07456, 48.168842 ], [ -117.075807, 48.169419 ], [ -117.085582, 48.173994 ], [ -117.090924, 48.173871 ], [ -117.093346, 48.172127 ], [ -117.095531, 48.169584 ], [ -117.102048, 48.165208 ], [ -117.110387, 48.160949 ], [ -117.116978, 48.158084 ], [ -117.118978, 48.157655 ], [ -117.133218, 48.159621 ], [ -117.146517, 48.159599 ], [ -117.15032, 48.159716 ], [ -117.16061, 48.161183 ], [ -117.163325, 48.16303 ], [ -117.164638, 48.163298 ], [ -117.172235, 48.163332 ], [ -117.177196, 48.162516 ], [ -117.181468, 48.163871 ], [ -117.191447, 48.165334 ], [ -117.196137, 48.167078 ], [ -117.199533, 48.17366 ], [ -117.200462, 48.174867 ], [ -117.204535, 48.176589 ], [ -117.209498, 48.176293 ], [ -117.21277, 48.17682 ], [ -117.214273, 48.177623 ], [ -117.216218, 48.177437 ], [ -117.220948, 48.179098 ], [ -117.222437, 48.180893 ], [ -117.228202, 48.182637 ], [ -117.226982, 48.186875 ] ] ] } },
{ "type": "Feature", "properties": { "geoid": "53063003500", "county_name": "Spokane County", "place_name": null, "state_name": "Washington", "state_abbr": "WA", "is_rural": false, "dci_score": 77.2, "dci_quintile": 3.0, "is_cra_lmi": false, "income_level": "NA", "is_persistent_poverty": false, "is_tribal_overlap": false, "tribal_area_name": null, "aian_pct": 0.0, "has_nmtc": true, "nmtc_projects": 2, "nmtc_total_usd": 4750000.0 }, "geometry": { "type": "Polygon", "coordinates": [ [ [ -117.432472, 47.652473 ], [ -117.433037, 47.657049 ], [ -117.432908, 47.660413 ], [ -117.428582, 47.659855 ], [ -117.426575, 47.660664 ], [ -117.424652, 47.661832 ], [ -117.424207, 47.662137 ], [ -117.42299, 47.66359 ], [ -117.420823, 47.664216 ], [ -117.414217, 47.662623 ], [ -117.411151, 47.662759 ], [ -117.41114, 47.661079 ], [ -117.41106, 47.660185 ], [ -117.411221, 47.653121 ], [ -117.411254, 47.652674 ], [ -117.417966, 47.652766 ], [ -117.421014, 47.652764 ], [ -117.422022, 47.652741 ], [ -117.426502, 47.652715 ], [ -117.428011, 47.652703 ], [ -117.429545, 47.652603 ], [ -117.433232, 47.652003 ], [ -117.432472, 47.652473 ] ] ] } },
{ "type": "Feature", "properties": { "geoid": "53025011300", "county_name": "Grant County", "place_name": null, "state_name": "Washington", "state_abbr": "WA", "is_rural": true, "dci_score": 70.6, "dci_quintile": 3.0, "is_cra_lmi": true, "income_level": "M", "is_persistent_poverty": false, "is_tribal_overlap": false, "tribal_area_name": null, "aian_pct": 0.0, "has_nmtc": false, "nmtc_projects": 0, "nmtc_total_usd": 0.0 }, "geometry": { "type": "Polygon", "coordinates": [ [ [ -119.266996, 46.985405 ], [ -119.251129, 46.986558 ], [ -119.24825, 46.986104 ], [ -119.2427, 46.987055 ], [ -119.239223, 46.988128 ], [ -119.23783, 46.98827 ], [ -119.232241, 46.988905 ], [ -119.226701, 46.990027 ], [ -119.220241, 46.990483 ], [ -119.217615, 46.990324 ], [ -119.211241, 46.988579 ], [ -119.208988, 46.988582 ], [ -119.205559, 46.990289 ], [ -119.199213, 46.992255 ], [ -119.193529, 46.992934 ], [ -119.190445, 46.994279 ], [ -119.187669, 46.99445 ], [ -119.186675, 46.992246 ], [ -119.185439, 46.991562 ], [ -119.18133, 46.991298 ], [ -119.175782, 46.992413 ], [ -119.172741, 46.993935 ], [ -119.169484, 46.991842 ], [ -119.166261, 46.990618 ], [ -119.163664, 46.992471 ], [ -119.161908, 46.992964 ], [ -119.159318, 46.994987 ], [ -119.155878, 46.998814 ], [ -119.155094, 47.00035 ], [ -119.149443, 47.000255 ], [ -119.148168, 47.000995 ], [ -119.150419, 47.00371 ], [ -119.149397, 47.008497 ], [ -119.144963, 47.008956 ], [ -119.143297, 47.007607 ], [ -119.141685, 47.007952 ], [ -119.137081, 47.010406 ], [ -119.134955, 47.01199 ], [ -119.134448, 47.013103 ], [ -119.136915, 47.016038 ], [ -119.136969, 47.018265 ], [ -119.135766, 47.01856 ], [ -119.132857, 47.017325 ], [ -119.129945, 47.017971 ], [ -119.130103, 47.020773 ], [ -119.131842, 47.021547 ], [ -119.136469, 47.02173 ], [ -119.137037, 47.022367 ], [ -119.133941, 47.023435 ], [ -119.128432, 47.022933 ], [ -119.126458, 47.024522 ], [ -119.124762, 47.024636 ], [ -119.122557, 47.025734 ], [ -119.118382, 47.028949 ], [ -119.116082, 47.029839 ], [ -119.114961, 47.031836 ], [ -119.116848, 47.033836 ], [ -119.116601, 47.035679 ], [ -119.114765, 47.036393 ], [ -119.112729, 47.03884 ], [ -119.112178, 47.041291 ], [ -119.110832, 47.04275 ], [ -119.107672, 47.043772 ], [ -119.104414, 47.04289 ], [ -119.104669, 47.040214 ], [ -119.103617, 47.039403 ], [ -119.100713, 47.039113 ], [ -119.095035, 47.041253 ], [ -119.091891, 47.041885 ], [ -119.091619, 47.043327 ], [ -119.094507, 47.043924 ], [ -119.091925, 47.045455 ], [ -119.08998, 47.045507 ], [ -119.092998, 47.053078 ], [ -119.094584, 47.054705 ], [ -119.103607, 47.061355 ], [ -119.105983, 47.064187 ], [ -119.107203, 47.066447 ], [ -119.107888, 47.07075 ], [ -119.106533, 47.077376 ], [ -119.1076, 47.079323 ], [ -119.113457, 47.087106 ], [ -119.109906, 47.086801 ], [ -119.081875, 47.086243 ], [ -119.014361, 47.084967 ], [ -119.001718, 47.085016 ], [ -118.981222, 47.084211 ], [ -118.981268, 47.071926 ], [ -118.981524, 47.048554 ], [ -118.981464, 47.045443 ], [ -118.981519, 47.045206 ], [ -118.982109, 46.956616 ], [ -118.982652, 46.911344 ], [ -119.079005, 46.9118 ], [ -119.093942, 46.911884 ], [ -119.13607, 46.91222 ], [ -119.15349, 46.91224 ], [ -119.21716, 46.91222 ], [ -119.237352, 46.912226 ], [ -119.239379, 46.913931 ], [ -119.24202, 46.914478 ], [ -119.242109, 46.915838 ], [ -119.240158, 46.916826 ], [ -119.239072, 46.918971 ], [ -119.239025, 46.921066 ], [ -119.237508, 46.924263 ], [ -119.240579, 46.930053 ], [ -119.241774, 46.931451 ], [ -119.243196, 46.936413 ], [ -119.242916, 46.941151 ], [ -119.244903, 46.945608 ], [ -119.247035, 46.947291 ], [ -119.248806, 46.947855 ], [ -119.251628, 46.947768 ], [ -119.255635, 46.949451 ], [ -119.258855, 46.953482 ], [ -119.25836, 46.958734 ], [ -119.262858, 46.963099 ], [ -119.262988, 46.964224 ], [ -119.260025, 46.96877 ], [ -119.259823, 46.970198 ], [ -119.261182, 46.973404 ], [ -119.260516, 46.974978 ], [ -119.263397, 46.978538 ], [ -119.265151, 46.979295 ], [ -119.266996, 46.985405 ] ] ] } },
{ "type": "Feature", "properties": { "geoid": "53053071305", "county_name": "Pierce County", "place_name": null, "state_name": "Washington", "state_abbr": "WA", "is_rural": false, "dci_score": 34.4, "dci_quintile": 5.0, "is_cra_lmi": false, "income_level": "U", "is_persistent_poverty": false, "is_tribal_overlap": false, "tribal_area_name": null, "aian_pct": 0.0, "has_nmtc": false, "nmtc_projects": 0, "nmtc_total_usd": 0.0 }, "geometry": { "type": "Polygon", "coordinates": [ [ [ -122.415569, 47.147352 ], [ -122.415437, 47.155133 ], [ -122.401908, 47.154982 ], [ -122.401854, 47.157191 ], [ -122.402647, 47.158744 ], [ -122.404916, 47.160753 ], [ -122.405368, 47.162249 ], [ -122.400054, 47.162209 ], [ -122.397404, 47.162249 ], [ -122.357115, 47.161618 ], [ -122.35716, 47.157995 ], [ -122.357206, 47.154336 ], [ -122.357327, 47.139846 ], [ -122.37852, 47.1403 ], [ -122.391801, 47.140336 ], [ -122.415682, 47.140653 ], [ -122.415569, 47.147352 ] ] ] } },
{ "type": "Feature", "properties": { "geoid": "53005011002", "county_name": "Benton County", "place_name": null, "state_name": "Washington", "state_abbr": "WA", "is_rural": false, "dci_score": 71.4, "dci_quintile": 3.0, "is_cra_lmi": true, "income_level": "M", "is_persistent_poverty": false, "is_tribal_overlap": false, "tribal_area_name": null, "aian_pct": 0.0, "has_nmtc": false, "nmtc_projects": 0, "nmtc_total_usd": 0.0 }, "geometry": { "type": "Polygon", "coordinates": [ [ [ -119.180107, 46.206393 ], [ -119.179866, 46.212381 ], [ -119.170719, 46.212329 ], [ -119.169386, 46.212322 ], [ -119.158822, 46.212216 ], [ -119.158829, 46.206131 ], [ -119.158836, 46.200069 ], [ -119.159185, 46.198615 ], [ -119.160142, 46.196962 ], [ -119.16317, 46.194584 ], [ -119.165847, 46.195725 ], [ -119.168453, 46.195539 ], [ -119.16873, 46.195463 ], [ -119.168982, 46.195479 ], [ -119.169219, 46.195583 ], [ -119.169361, 46.19572 ], [ -119.169656, 46.195915 ], [ -119.171494, 46.19577 ], [ -119.177607, 46.196785 ], [ -119.180354, 46.196691 ], [ -119.180107, 46.206393 ] ] ] } },
{ "type": "Feature", "properties": { "geoid": "53063011203", "county_name": "Spokane County", "place_name": "Tacoma", "state_name": "Washington", "state_abbr": "WA", "is_rural": false, "dci_score": 24.9, "dci_quintile": 5.0, "is_cra_lmi": true, "income_level": "M", "is_persistent_poverty": false, "is_tribal_overlap": false, "tribal_area_name": null, "aian_pct": 0.0, "has_nmtc": false, "nmtc_projects": 0, "nmtc_total_usd": 0.0 }, "geometry": { "type": "Polygon", "coordinates": [ [ [ -117.398178, 47.753548 ], [ -117.382716, 47.769386 ], [ -117.37837, 47.772539 ], [ -117.377044, 47.772187 ], [ -117.372357, 47.772868 ], [ -117.368296, 47.772895 ], [ -117.367744, 47.769196 ], [ -117.367562, 47.758123 ], [ -117.366522, 47.753152 ], [ -117.365949, 47.752736 ], [ -117.361098, 47.75207 ], [ -117.359858, 47.752425 ], [ -117.360748, 47.751316 ], [ -117.361699, 47.747316 ], [ -117.363263, 47.745026 ], [ -117.364628, 47.743722 ], [ -117.367093, 47.74131 ], [ -117.36742, 47.740612 ], [ -117.367442, 47.739488 ], [ -117.366016, 47.735968 ], [ -117.365319, 47.734282 ], [ -117.360329, 47.735077 ], [ -117.357244, 47.73269 ], [ -117.357519, 47.72953 ], [ -117.352125, 47.729124 ], [ -117.352136, 47.723822 ], [ -117.349517, 47.723818 ], [ -117.349409, 47.722038 ], [ -117.354219, 47.722018 ], [ -117.354301, 47.718438 ], [ -117.357758, 47.718473 ], [ -117.357765, 47.71493 ], [ -117.362851, 47.714924 ], [ -117.371719, 47.714923 ], [ -117.378682, 47.714921 ], [ -117.378817, 47.718523 ], [ -117.37894, 47.72207 ], [ -117.382365, 47.722127 ], [ -117.384281, 47.725019 ], [ -117.387805, 47.72505 ], [ -117.391371, 47.725358 ], [ -117.395315, 47.72545 ], [ -117.39526, 47.729463 ], [ -117.395344, 47.736791 ], [ -117.395423, 47.744026 ], [ -117.395309, 47.747522 ], [ -117.395182, 47.751129 ], [ -117.400428, 47.751142 ], [ -117.398178, 47.753548 ] ] ] } },
{ "type": "Feature", "properties": { "geoid": "53053071604", "county_name": "Pierce County", "place_name": null, "state_name": "Washington", "state_abbr": "WA", "is_rural": false, "dci_score": 56.1, "dci_quintile": 4.0, "is_cra_lmi": true, "income_level": "M", "is_persistent_poverty": false, "is_tribal_overlap": false, "tribal_area_name": null, "aian_pct": 0.0, "has_nmtc": false, "nmtc_projects": 0, "nmtc_total_usd": 0.0 }, "geometry": { "type": "Polygon", "coordinates": [ [ [ -122.43165, 47.151094 ], [ -122.431563, 47.158133 ], [ -122.427795, 47.158145 ], [ -122.426153, 47.158251 ], [ -122.415427, 47.158956 ], [ -122.404473, 47.158904 ], [ -122.402647, 47.158744 ], [ -122.401854, 47.157191 ], [ -122.401908, 47.154982 ], [ -122.415437, 47.155133 ], [ -122.415569, 47.147352 ], [ -122.427241, 47.147399 ], [ -122.431676, 47.1475 ], [ -122.43165, 47.151094 ] ] ] } },
{ "type": "Feature", "properties": { "geoid": "53001950100", "county_name": "Adams County", "place_name": "Tacoma", "state_name": "Washington", "state_abbr": "WA", "is_rural": true, "dci_score": 81.5, "dci_quintile": 2.0, "is_cra_lmi": false, "income_level": "U", "is_persistent_poverty": false, "is_tribal_overlap": false, "tribal_area_name": null, "aian_pct": 0.0, "has_nmtc": false, "nmtc_projects": 0, "nmtc_total_usd": 0.0 }, "geometry": { "type": "Polygon", "coordinates": [ [ [ -118.979777, 47.261709 ], [ -118.557293, 47.2611 ], [ -118.444745, 47.260835 ], [ -118.321524, 47.260884 ], [ -118.320256, 47.260794 ], [ -118.294872, 47.261189 ], [ -118.273313, 47.2612 ], [ -118.251954, 47.261223 ], [ -118.230357, 47.261147 ], [ -118.208804, 47.261176 ], [ -118.144219, 47.261167 ], [ -118.14191, 47.26106 ], [ -118.107433, 47.260957 ], [ -118.086298, 47.260646 ], [ -118.079321, 47.260257 ], [ -118.070536, 47.260168 ], [ -117.96093, 47.260568 ], [ -117.960425, 47.221086 ], [ -117.95984, 47.122341 ], [ -117.960056, 47.119294 ], [ -117.959735, 47.072602 ], [ -117.962224, 47.071447 ], [ -117.968179, 47.06345 ], [ -117.982182, 47.053431 ], [ -117.985249, 47.052445 ], [ -117.997164, 47.050278 ], [ -118.00106, 47.050014 ], [ -118.00279, 47.050389 ], [ -118.016999, 47.053477 ], [ -118.020643, 47.053746 ], [ -118.021809, 47.053642 ], [ -118.052629, 47.042659 ], [ -118.055598, 47.042451 ], [ -118.05923, 47.043219 ], [ -118.06977, 47.04706 ], [ -118.07129, 47.047403 ], [ -118.074598, 47.047448 ], [ -118.081697, 47.045886 ], [ -118.086696, 47.046084 ], [ -118.116679, 47.04848 ], [ -118.130099, 47.052422 ], [ -118.134858, 47.052602 ], [ -118.137582, 47.051554 ], [ -118.152728, 47.042874 ], [ -118.154224, 47.041018 ], [ -118.158355, 47.034583 ], [ -118.159762, 47.033475 ], [ -118.162246, 47.032458 ], [ -118.171076, 47.031141 ], [ -118.17392, 47.030512 ], [ -118.180374, 47.028424 ], [ -118.189912, 47.024759 ], [ -118.211892, 47.012729 ], [ -118.216686, 47.012209 ], [ -118.220587, 47.013542 ], [ -118.222275, 47.014844 ], [ -118.226537, 47.019662 ], [ -118.228332, 47.025878 ], [ -118.229772, 47.028302 ], [ -118.232829, 47.029983 ], [ -118.236013, 47.031014 ], [ -118.239581, 47.031497 ], [ -118.246086, 47.031173 ], [ -118.257927, 47.030056 ], [ -118.261925, 47.028285 ], [ -118.268235, 47.022524 ], [ -118.280243, 47.013028 ], [ -118.29028, 47.003024 ], [ -118.297091, 46.999004 ], [ -118.324104, 46.992804 ], [ -118.34344, 46.98654 ], [ -118.34561, 46.98915 ], [ -118.34606, 46.99247 ], [ -118.34701, 46.99557 ], [ -118.34633, 46.99868 ], [ -118.34537, 47.00096 ], [ -118.41695, 47.001 ], [ -118.41773, 47.00114 ], [ -118.41837, 47.00256 ], [ -118.41839, 47.01489 ], [ -118.4188, 47.01535 ], [ -118.429153, 47.015682 ], [ -118.47196, 47.01543 ], [ -118.47202, 47.01816 ], [ -118.474704, 47.018533 ], [ -118.47642, 47.019762 ], [ -118.478223, 47.019895 ], [ -118.48305, 47.018225 ], [ -118.484593, 47.018563 ], [ -118.48953, 47.02366 ], [ -118.49322, 47.02444 ], [ -118.49433, 47.02675 ], [ -118.494, 47.029 ], [ -118.49263, 47.031751 ], [ -118.492736, 47.036298 ], [ -118.493398, 47.037247 ], [ -118.49897, 47.04141 ], [ -118.500075, 47.044049 ], [ -118.501621, 47.046263 ], [ -118.50337, 47.05025 ], [ -118.49929, 47.05772 ], [ -118.49785, 47.06607 ], [ -118.49732, 47.06716 ], [ -118.49356, 47.06993 ], [ -118.4929, 47.0708 ], [ -118.49278, 47.07311 ], [ -118.51425, 47.0734 ], [ -118.52331, 47.07242 ], [ -118.53356, 47.07247 ], [ -118.54394, 47.0736 ], [ -118.55539, 47.07534 ], [ -118.57617, 47.07395 ], [ -118.60103, 47.07409 ], [ -118.6206, 47.07264 ], [ -118.631071, 47.072634 ], [ -118.66291, 47.07256 ], [ -118.6629, 47.07963 ], [ -118.66621, 47.08926 ], [ -118.66686, 47.0903 ], [ -118.6896, 47.09166 ], [ -118.69484, 47.09144 ], [ -118.69809, 47.0909 ], [ -118.70216, 47.08969 ], [ -118.73146, 47.07965 ], [ -118.73468, 47.07886 ], [ -118.73716, 47.0785 ], [ -118.747674, 47.07755 ], [ -118.80354, 47.07258 ], [ -118.80763, 47.07136 ], [ -118.81538, 47.06737 ], [ -118.81929, 47.06639 ], [ -118.82238, 47.06652 ], [ -118.82231, 47.0682 ], [ -118.82372, 47.07044 ], [ -118.82309, 47.07228 ], [ -118.8218, 47.07353 ], [ -118.81829, 47.07576 ], [ -118.81641, 47.07833 ], [ -118.81206, 47.08141 ], [ -118.81141, 47.08261 ], [ -118.81143, 47.08671 ], [ -118.81162, 47.09442 ], [ -118.81146, 47.1011 ], [ -118.81071, 47.1083 ], [ -118.8108, 47.12834 ], [ -118.81146, 47.13008 ], [ -118.81153, 47.13008 ], [ -118.81175, 47.13183 ], [ -118.810696, 47.134045 ], [ -118.80994, 47.13655 ], [ -118.80978, 47.13739 ], [ -118.80995, 47.13809 ], [ -118.810581, 47.138952 ], [ -118.81272, 47.14025 ], [ -118.81299, 47.14076 ], [ -118.81301, 47.14134 ], [ -118.81068, 47.14437 ], [ -118.810499, 47.145489 ], [ -118.81048, 47.15902 ], [ -118.8123, 47.16635 ], [ -118.8149, 47.17435 ], [ -118.8142, 47.18335 ], [ -118.81435, 47.20353 ], [ -118.83225, 47.20264 ], [ -118.9118, 47.20165 ], [ -118.9165, 47.20185 ], [ -118.9167, 47.21698 ], [ -118.91728, 47.22186 ], [ -118.91653, 47.22638 ], [ -118.91676, 47.22729 ], [ -118.919593, 47.230329 ], [ -118.927396, 47.23009 ], [ -118.95862, 47.23059 ], [ -118.979934, 47.232567 ], [ -118.979777, 47.261709 ] ] ] } },
{ "type": "Feature", "properties": { "geoid": "53063001600", "county_name": "Spokane County", "place_name": null, "state_name": "Washington", "state_abbr": "WA", "is_rural": false, "dci_score": 76.6, "dci_quintile": 3.0, "is_cra_lmi": true, "income_level": "M", "is_persistent_poverty": false, "is_tribal_overlap": false, "tribal_area_name": null, "aian_pct": 0.0, "has_nmtc": false, "nmtc_projects": 0, "nmtc_total_usd": 0.0 }, "geometry": { "type": "Polygon", "coordinates": [ [ [ -117.378987, 47.685488 ], [ -117.378971, 47.689438 ], [ -117.378956, 47.693059 ], [ -117.378941, 47.694315 ], [ -117.378894, 47.700578 ], [ -117.368057, 47.700519 ], [ -117.364818, 47.70052 ], [ -117.363346, 47.700517 ], [ -117.363281, 47.697298 ], [ -117.363481, 47.684143 ], [ -117.373437, 47.684256 ], [ -117.378987, 47.684258 ], [ -117.378987, 47.685488 ] ] ] } },
{ "type": "Feature", "properties": { "geoid": "53077940006", "county_name": "Yakima County", "place_name": null, "state_name": "Washington", "state_abbr": "WA", "is_rural": true, "dci_score": 69.3, "dci_quintile": 4.0, "is_cra_lmi": false, "income_level": "U", "is_persistent_poverty": false, "is_tribal_overlap": true, "tribal_area_name": "Yakama Nation Reservation", "aian_pct": 0.0, "has_nmtc": false, "nmtc_projects": 0, "nmtc_total_usd": 0.0 }, "geometry": { "type": "Polygon", "coordinates": [ [ [ -120.333246, 46.393048 ], [ -120.319856, 46.393095 ], [ -120.316708, 46.392995 ], [ -120.316285, 46.38957 ], [ -120.314647, 46.389544 ], [ -120.314359, 46.393199 ], [ -120.304205, 46.393143 ], [ -120.293613, 46.393074 ], [ -120.293931, 46.378558 ], [ -120.293978, 46.374346 ], [ -120.294008, 46.366589 ], [ -120.294009, 46.3665 ], [ -120.296019, 46.367811 ], [ -120.301472, 46.371464 ], [ -120.306306, 46.374708 ], [ -120.314983, 46.38041 ], [ -120.317395, 46.382035 ], [ -120.32878, 46.389616 ], [ -120.328099, 46.389651 ], [ -120.333246, 46.393048 ] ] ] } },
{ "type": "Feature", "properties": { "geoid": "53061052208", "county_name": "Snohomish County", "place_name": null, "state_name": "Washington", "state_abbr": "WA", "is_rural": true, "dci_score": 40.7, "dci_quintile": 5.0, "is_cra_lmi": true, "income_level": "M", "is_persistent_poverty": false, "is_tribal_overlap": false, "tribal_area_name": null, "aian_pct": 0.0, "has_nmtc": false, "nmtc_projects": 0, "nmtc_total_usd": 0.0 }, "geometry": { "type": "Polygon", "coordinates": [ [ [ -122.007255, 47.848728 ], [ -122.001468, 47.851248 ], [ -121.997298, 47.853387 ], [ -121.99066, 47.857691 ], [ -121.990682, 47.863738 ], [ -121.990696, 47.865336 ], [ -121.977291, 47.860023 ], [ -121.970762, 47.85765 ], [ -121.966777, 47.85706 ], [ -121.97526, 47.854378 ], [ -121.982372, 47.852128 ], [ -121.986151, 47.850976 ], [ -121.993183, 47.85047 ], [ -121.998226, 47.850393 ], [ -122.002626, 47.848778 ], [ -122.005946, 47.848403 ], [ -122.007255, 47.848728 ] ] ] } },
{ "type": "Feature", "properties": { "geoid": "53033011200", "county_name": "King County", "place_name": null, "state_name": "Washington", "state_abbr": "WA", "is_rural": false, "dci_score": 82.9, "dci_quintile": 2.0, "is_cra_lmi": true, "income_level": "L", "is_persistent_poverty": false, "is_tribal_overlap": false, "tribal_area_name": null, "aian_pct": 0.0, "has_nmtc": true, "nmtc_projects": 1, "nmtc_total_usd": 19999999.0 }, "geometry": { "type": "Polygon", "coordinates": [ [ [ -122.335158, 47.540374 ], [ -122.334677, 47.542405 ], [ -122.327184, 47.537225 ], [ -122.318455, 47.531767 ], [ -122.315336, 47.529978 ], [ -122.317576, 47.529436 ], [ -122.317554, 47.52821 ], [ -122.314898, 47.527369 ], [ -122.311887, 47.526583 ], [ -122.309972, 47.524754 ], [ -122.309671, 47.522145 ], [ -122.317656, 47.522222 ], [ -122.317578, 47.520107 ], [ -122.318131, 47.518727 ], [ -122.323154, 47.518686 ], [ -122.325879, 47.518691 ], [ -122.325876, 47.52092 ], [ -122.330906, 47.520902 ], [ -122.3315, 47.520955 ], [ -122.33232, 47.522229 ], [ -122.333242, 47.524554 ], [ -122.334457, 47.530074 ], [ -122.334766, 47.538552 ], [ -122.335052, 47.538854 ], [ -122.335158, 47.540374 ] ] ] } },
{ "type": "Feature", "properties": { "geoid": "53033030313", "county_name": "King County", "place_name": "Pasco", "state_name": "Washington", "state_abbr": "WA", "is_rural": false, "dci_score": 76.3, "dci_quintile": 3.0, "is_cra_lmi": true, "income_level": "L", "is_persistent_poverty": false, "is_tribal_overlap": false, "tribal_area_name": null, "aian_pct": 0.0, "has_nmtc": false, "nmtc_projects": 0, "nmtc_total_usd": 0.0 }, "geometry": { "type": "Polygon", "coordinates": [ [ [ -122.334627, 47.293568 ], [ -122.332872, 47.294809 ], [ -122.329202, 47.297573 ], [ -122.328903, 47.299813 ], [ -122.323743, 47.300672 ], [ -122.313636, 47.300679 ], [ -122.313534, 47.303134 ], [ -122.313521, 47.306109 ], [ -122.313506, 47.315159 ], [ -122.313299, 47.315159 ], [ -122.303615, 47.315109 ], [ -122.297751, 47.315121 ], [ -122.300731, 47.307815 ], [ -122.302817, 47.301678 ], [ -122.303181, 47.300602 ], [ -122.302667, 47.3006 ], [ -122.306297, 47.289658 ], [ -122.334624, 47.289878 ], [ -122.334627, 47.293568 ] ] ] } },
{ "type": "Feature", "properties": { "geoid": "53033029504", "county_name": "King County", "place_name": "Kennewick", "state_name": "Washington", "state_abbr": "WA", "is_rural": false, "dci_score": 38.5, "dci_quintile": 5.0, "is_cra_lmi": true, "income_level": "M", "is_persistent_poverty": false, "is_tribal_overlap": false, "tribal_area_name": null, "aian_pct": 0.0, "has_nmtc": false, "nmtc_projects": 0, "nmtc_total_usd": 0.0 }, "geometry": { "type": "Polygon", "coordinates": [ [ [ -122.202352, 47.379743 ], [ -122.202303, 47.383345 ], [ -122.202229, 47.386957 ], [ -122.197104, 47.386951 ], [ -122.191956, 47.38694 ], [ -122.18679, 47.386925 ], [ -122.186784, 47.383311 ], [ -122.186771, 47.379668 ], [ -122.186776, 47.372444 ], [ -122.189633, 47.372472 ], [ -122.19675, 47.372573 ], [ -122.202426, 47.372563 ], [ -122.202352, 47.379743 ] ] ] } },
{ "type": "Feature", "properties": { "geoid": "53033029506", "county_name": "King County", "place_name": null, "state_name": "Washington", "state_abbr": "WA", "is_rural": false, "dci_score": 37.6, "dci_quintile": 5.0, "is_cra_lmi": true, "income_level": "L", "is_persistent_poverty": false, "is_tribal_overlap": false, "tribal_area_name": null, "aian_pct": 0.0, "has_nmtc": false, "nmtc_projects": 0, "nmtc_total_usd": 0.0 }, "geometry": { "type": "Polygon", "coordinates": [ [ [ -122.20801, 47.3728 ], [ -122.202426, 47.372563 ], [ -122.19675, 47.372573 ], [ -122.189633, 47.372472 ], [ -122.186776, 47.372444 ], [ -122.186762, 47.366976 ], [ -122.189387, 47.367904 ], [ -122.193392, 47.36932 ], [ -122.197355, 47.370423 ], [ -122.197505, 47.369078 ], [ -122.197172, 47.365265 ], [ -122.199692, 47.365262 ], [ -122.202239, 47.365275 ], [ -122.204721, 47.365583 ], [ -122.207175, 47.369106 ], [ -122.210633, 47.374338 ], [ -122.20801, 47.3728 ] ] ] } },
{ "type": "Feature", "properties": { "geoid": "53021020404", "county_name": "Franklin County", "place_name": null, "state_name": "Washington", "state_abbr": "WA", "is_rural": false, "dci_score": 46.6, "dci_quintile": 5.0, "is_cra_lmi": false, "income_level": "NA", "is_persistent_poverty": false, "is_tribal_overlap": false, "tribal_area_name": null, "aian_pct": 0.0, "has_nmtc": false, "nmtc_projects": 0, "nmtc_total_usd": 0.0 }, "geometry": { "type": "Polygon", "coordinates": [ [ [ -119.133702, 46.229961 ], [ -119.131965, 46.234184 ], [ -119.128835, 46.241499 ], [ -119.122618, 46.241505 ], [ -119.117383, 46.24151 ], [ -119.117449, 46.234122 ], [ -119.117638, 46.229451 ], [ -119.122815, 46.230974 ], [ -119.128069, 46.23243 ], [ -119.131152, 46.232202 ], [ -119.13317, 46.230805 ], [ -119.133702, 46.229961 ] ] ] } },
{ "type": "Feature", "properties": { "geoid": "53005010204", "county_name": "Benton County", "place_name": null, "state_name": "Washington", "state_abbr": "WA", "is_rural": false, "dci_score": 15.3, "dci_quintile": 5.0, "is_cra_lmi": true, "income_level": "M", "is_persistent_poverty": false, "is_tribal_overlap": false, "tribal_area_name": null, "aian_pct": 0.0, "has_nmtc": false, "nmtc_projects": 0, "nmtc_total_usd": 0.0 }, "geometry": { "type": "Polygon", "coordinates": [ [ [ -119.284836, 46.300322 ], [ -119.284662, 46.303667 ], [ -119.282626, 46.304487 ], [ -119.28139, 46.303949 ], [ -119.274082, 46.303894 ], [ -119.274358, 46.30025 ], [ -119.274328, 46.294446 ], [ -119.279075, 46.294449 ], [ -119.284832, 46.292957 ], [ -119.284836, 46.300322 ] ] ] } },
{ "type": "Feature", "properties": { "geoid": "53001950302", "county_name": "Adams County", "place_name": null, "state_name": "Washington", "state_abbr": "WA", "is_rural": true, "dci_score": 63.9, "dci_quintile": 4.0, "is_cra_lmi": false, "income_level": "U", "is_persistent_poverty": false, "is_tribal_overlap": false, "tribal_area_name": null, "aian_pct": 0.0, "has_nmtc": false, "nmtc_projects": 0, "nmtc_total_usd": 0.0 }, "geometry": { "type": "Polygon", "coordinates": [ [ [ -119.368567, 46.868734 ], [ -119.36892, 46.872539 ], [ -119.368662, 46.912562 ], [ -119.28092, 46.912522 ], [ -119.237352, 46.912226 ], [ -119.21716, 46.91222 ], [ -119.15349, 46.91224 ], [ -119.1544, 46.90925 ], [ -119.153946, 46.87404 ], [ -119.15427, 46.84081 ], [ -119.162205, 46.840809 ], [ -119.16488, 46.84091 ], [ -119.176737, 46.840871 ], [ -119.177321, 46.84087 ], [ -119.178103, 46.84087 ], [ -119.178876, 46.837371 ], [ -119.179268, 46.836559 ], [ -119.179756, 46.833368 ], [ -119.180283, 46.831613 ], [ -119.180279, 46.829332 ], [ -119.18031, 46.82618 ], [ -119.180419, 46.818823 ], [ -119.180932, 46.817129 ], [ -119.186861, 46.814166 ], [ -119.187554, 46.81368 ], [ -119.189151, 46.81144 ], [ -119.20478, 46.81138 ], [ -119.2076, 46.81153 ], [ -119.21837, 46.81417 ], [ -119.2225, 46.81473 ], [ -119.22677, 46.8147 ], [ -119.2312, 46.81411 ], [ -119.24458, 46.81115 ], [ -119.25004, 46.81028 ], [ -119.25204, 46.81019 ], [ -119.30869, 46.81052 ], [ -119.32473, 46.80986 ], [ -119.33916, 46.80988 ], [ -119.34411, 46.81028 ], [ -119.34864, 46.81137 ], [ -119.35047, 46.81202 ], [ -119.369142, 46.820035 ], [ -119.368567, 46.868734 ] ] ] } },
{ "type": "Feature", "properties": { "geoid": "53033028100", "county_name": "King County", "place_name": "Mount Vernon", "state_name": "Washington", "state_abbr": "WA", "is_rural": false, "dci_score": 62.3, "dci_quintile": 4.0, "is_cra_lmi": true, "income_level": "M", "is_persistent_poverty": false, "is_tribal_overlap": false, "tribal_area_name": null, "aian_pct": 0.0, "has_nmtc": false, "nmtc_projects": 0, "nmtc_total_usd": 0.0 }, "geometry": { "type": "Polygon", "coordinates": [ [ [ -122.312384, 47.470094 ], [ -122.312921, 47.472344 ], [ -122.302412, 47.47244 ], [ -122.291302, 47.47251 ], [ -122.289769, 47.472475 ], [ -122.285295, 47.472434 ], [ -122.287152, 47.468786 ], [ -122.288108, 47.466962 ], [ -122.288875, 47.465142 ], [ -122.289725, 47.463443 ], [ -122.291843, 47.463502 ], [ -122.294563, 47.46355 ], [ -122.299585, 47.465129 ], [ -122.305093, 47.465414 ], [ -122.307196, 47.466774 ], [ -122.312951, 47.466826 ], [ -122.312384, 47.470094 ] ] ] } },
{ "type": "Feature", "properties": { "geoid": "53033030504", "county_name": "King County", "place_name": null, "state_name": "Washington", "state_abbr": "WA", "is_rural": false, "dci_score": 61.4, "dci_quintile": 4.0, "is_cra_lmi": true, "income_level": "M", "is_persistent_poverty": false, "is_tribal_overlap": false, "tribal_area_name": null, "aian_pct": 0.0, "has_nmtc": false, "nmtc_projects": 0, "nmtc_total_usd": 0.0 }, "geometry": { "type": "Polygon", "coordinates": [ [ [ -122.223342, 47.315674 ], [ -122.221757, 47.317403 ], [ -122.22152, 47.320862 ], [ -122.221551, 47.326445 ], [ -122.214096, 47.326482 ], [ -122.210524, 47.326432 ], [ -122.210177, 47.32746 ], [ -122.204566, 47.326857 ], [ -122.203234, 47.325612 ], [ -122.202804, 47.323749 ], [ -122.203439, 47.32106 ], [ -122.2081, 47.320829 ], [ -122.209013, 47.320125 ], [ -122.208409, 47.31746 ], [ -122.20573, 47.315457 ], [ -122.208063, 47.315472 ], [ -122.214061, 47.315232 ], [ -122.222653, 47.315106 ], [ -122.223342, 47.315674 ] ] ] } },
{ "type": "Feature", "properties": { "geoid": "53027001500", "county_name": "Grays Harbor County", "place_name": "Spokane", "state_name": "Washington", "state_abbr": "WA", "is_rural": true, "dci_score": 78.7, "dci_quintile": 3.0, "is_cra_lmi": false, "income_level": "U", "is_persistent_poverty": false, "is_tribal_overlap": false, "tribal_area_name": null, "aian_pct": 0.0, "has_nmtc": false, "nmtc_projects": 0, "nmtc_total_usd": 0.0 }, "geometry": { "type": "Polygon", "coordinates": [ [ [ -124.019727, 46.991189 ], [ -124.017999, 46.993554 ], [ -124.014669, 46.994694 ], [ -124.010068, 46.997882 ], [ -124.007144, 47.001729 ], [ -124.005634, 47.002244 ], [ -124.005394517708993, 47.003280722561598 ], [ -124.001785, 47.004308 ], [ -124.000616, 47.001708 ], [ -124.000612, 46.995546 ], [ -123.998535, 46.99299 ], [ -123.992779, 46.990557 ], [ -123.988165, 46.989664 ], [ -123.980021, 46.989604 ], [ -123.973856, 46.987773 ], [ -123.970237, 46.990528 ], [ -123.971425, 46.991816 ], [ -123.971587, 46.994515 ], [ -123.972775, 46.99645 ], [ -123.975358, 46.998419 ], [ -123.976761, 47.001403 ], [ -123.973975, 47.002986 ], [ -123.972178, 47.004841 ], [ -123.971857, 47.007219 ], [ -123.975265, 47.007424 ], [ -123.97717, 47.008086 ], [ -123.978341, 47.009937 ], [ -123.979979, 47.011056 ], [ -123.979546, 47.012976 ], [ -123.981587, 47.015649 ], [ -123.980017, 47.017158 ], [ -123.975273, 47.01908 ], [ -123.973269, 47.020886 ], [ -123.966018, 47.021277 ], [ -123.965216, 47.021757 ], [ -123.965418, 47.024248 ], [ -123.964182, 47.026739 ], [ -123.964751, 47.028659 ], [ -123.963032, 47.030912 ], [ -123.962045, 47.030934 ], [ -123.960007, 47.029552 ], [ -123.956044, 47.028418 ], [ -123.953966, 47.02861 ], [ -123.951455, 47.027963 ], [ -123.950083, 47.026543 ], [ -123.948094, 47.026768 ], [ -123.943649, 47.025402 ], [ -123.942879, 47.023384 ], [ -123.939029, 47.022007 ], [ -123.936598, 47.022084 ], [ -123.93428, 47.020696 ], [ -123.933422, 47.018645 ], [ -123.935043, 47.015995 ], [ -123.934144, 47.013159 ], [ -123.934634, 47.012507 ], [ -123.933711, 47.01085 ], [ -123.934057, 47.008859 ], [ -123.933043, 47.008669 ], [ -123.931755, 47.00689 ], [ -123.928139, 47.004081 ], [ -123.926761, 47.000082 ], [ -123.925703, 46.99983 ], [ -123.926667, 46.997987 ], [ -123.924719, 46.997647 ], [ -123.925072, 46.996495 ], [ -123.924239, 46.99526 ], [ -123.926829, 46.992584 ], [ -123.92537, 46.992167 ], [ -123.92278, 46.993264 ], [ -123.92161, 46.990757 ], [ -123.922132, 46.989775 ], [ -123.920857, 46.988881 ], [ -123.918781, 46.98967 ], [ -123.917242, 46.988952 ], [ -123.917122, 46.986993 ], [ -123.915295, 46.986757 ], [ -123.911278, 46.98957 ], [ -123.908609, 46.988555 ], [ -123.906644, 46.990282 ], [ -123.904768, 46.99009 ], [ -123.903967, 46.988362 ], [ -123.902776, 46.988246 ], [ -123.904827, 46.986693 ], [ -123.905005, 46.986292 ], [ -123.905328, 46.983798 ], [ -123.8944, 46.983694 ], [ -123.888065, 46.983726 ], [ -123.888086, 46.982796 ], [ -123.8857, 46.982802 ], [ -123.885667, 46.980951 ], [ -123.885488, 46.979737 ], [ -123.883986, 46.979501 ], [ -123.877125, 46.975855 ], [ -123.8769, 46.975395 ], [ -123.877338, 46.970404 ], [ -123.878980347915999, 46.969624102442303 ], [ -123.889402, 46.968904 ], [ -123.898245, 46.971927 ], [ -123.902258946532001, 46.971916180274199 ], [ -123.913782917185003, 46.9718851170297 ], [ -123.921617, 46.971864 ], [ -123.939214, 46.969739 ], [ -123.946882, 46.968739 ], [ -123.94927, 46.970549 ], [ -123.954512536733006, 46.976476265433902 ], [ -123.959185, 46.981759 ], [ -123.983353, 46.98162 ], [ -123.991612, 46.980215 ], [ -124.012218, 46.985176 ], [ -124.014318, 46.986246 ], [ -124.013709, 46.98758 ], [ -124.015781, 46.988789 ], [ -124.018601, 46.989311 ], [ -124.018998, 46.989568 ], [ -124.019727, 46.991189 ] ] ] } },
{ "type": "Feature", "properties": { "geoid": "53073940002", "county_name": "Whatcom County", "place_name": null, "state_name": "Washington", "state_abbr": "WA", "is_rural": true, "dci_score": 33.6, "dci_quintile": 5.0, "is_cra_lmi": true, "income_level": "M", "is_persistent_poverty": false, "is_tribal_overlap": true, "tribal_area_name": "Lummi Reservation", "aian_pct": 0.0, "has_nmtc": false, "nmtc_projects": 0, "nmtc_total_usd": 0.0 }, "geometry": { "type": "MultiPolygon", "coordinates": [ [ [ [ -122.650446, 48.712299 ], [ -122.641177, 48.708848 ], [ -122.637374, 48.71073 ], [ -122.631907, 48.710574 ], [ -122.627391, 48.708535 ], [ -122.624064, 48.706966 ], [ -122.620023, 48.706809 ], [ -122.616458, 48.70775 ], [ -122.617409, 48.709946 ], [ -122.61527, 48.713397 ], [ -122.614125, 48.715105 ], [ -122.611229, 48.714024 ], [ -122.608559, 48.708107 ], [ -122.606481, 48.703164 ], [ -122.605906, 48.699732 ], [ -122.609565, 48.69677 ], [ -122.615983, 48.693946 ], [ -122.6224, 48.693946 ], [ -122.630243, 48.696927 ], [ -122.641177, 48.705241 ], [ -122.644979, 48.706966 ], [ -122.650446, 48.712299 ] ] ], [ [ [ -122.674808, 48.737385 ], [ -122.666953, 48.748445 ], [ -122.661111, 48.753962 ], [ -122.654329, 48.766322 ], [ -122.650126, 48.769642 ], [ -122.647443, 48.773998 ], [ -122.647618, 48.778553 ], [ -122.648841, 48.779566 ], [ -122.64676, 48.779626 ], [ -122.645961, 48.780572 ], [ -122.645743, 48.781538 ], [ -122.646777, 48.785011 ], [ -122.648841, 48.785647 ], [ -122.65454, 48.786184 ], [ -122.657526, 48.788449 ], [ -122.662264, 48.789705 ], [ -122.665307, 48.788568 ], [ -122.666355647266002, 48.789406421216199 ], [ -122.664409, 48.789221 ], [ -122.663582, 48.793601 ], [ -122.66026, 48.796851 ], [ -122.659643, 48.800564 ], [ -122.656991, 48.802682 ], [ -122.654868, 48.806038 ], [ -122.65128, 48.808061 ], [ -122.649946, 48.808393 ], [ -122.649638, 48.793805 ], [ -122.613153, 48.793832 ], [ -122.6135, 48.794594 ], [ -122.613292, 48.794511 ], [ -122.612673, 48.793935 ], [ -122.612438, 48.793837 ], [ -122.612195, 48.793816 ], [ -122.607844, 48.793849 ], [ -122.604625, 48.793456 ], [ -122.60545, 48.790132 ], [ -122.603699, 48.788444 ], [ -122.602129, 48.788091 ], [ -122.595092, 48.789217 ], [ -122.589832, 48.789193 ], [ -122.584048, 48.789159 ], [ -122.581425, 48.786503 ], [ -122.573856, 48.781994 ], [ -122.572395930956006, 48.773677878650702 ], [ -122.580806, 48.771076 ], [ -122.586251, 48.772597 ], [ -122.591026, 48.770919 ], [ -122.595542, 48.76716 ], [ -122.600838, 48.766175 ], [ -122.608139, 48.762773 ], [ -122.610093, 48.756866 ], [ -122.627808, 48.74466 ], [ -122.637146, 48.735708 ], [ -122.638082, 48.732486 ], [ -122.645693, 48.723903 ], [ -122.647356, 48.717631 ], [ -122.651872, 48.715906 ], [ -122.658171, 48.72061 ], [ -122.662036, 48.728039 ], [ -122.665063, 48.731899 ], [ -122.67053, 48.731585 ], [ -122.673472, 48.733082 ], [ -122.674808, 48.737385 ] ] ] ] } },
{ "type": "Feature", "properties": { "geoid": "53077002003", "county_name": "Yakima County", "place_name": null, "state_name": "Washington", "state_abbr": "WA", "is_rural": true, "dci_score": 76.4, "dci_quintile": 3.0, "is_cra_lmi": true, "income_level": "M", "is_persistent_poverty": false, "is_tribal_overlap": false, "tribal_area_name": null, "aian_pct": 0.0, "has_nmtc": false, "nmtc_projects": 0, "nmtc_total_usd": 0.0 }, "geometry": { "type": "Polygon", "coordinates": [ [ [ -120.041055, 46.327833 ], [ -120.041051, 46.329384 ], [ -120.041048, 46.331213 ], [ -120.023325, 46.331128 ], [ -120.009519, 46.33102 ], [ -120.006114, 46.330994 ], [ -119.999246, 46.330941 ], [ -119.993978, 46.331131 ], [ -119.993048, 46.331157 ], [ -119.989334, 46.331288 ], [ -119.978971, 46.33167 ], [ -119.978976, 46.33024 ], [ -119.978868, 46.329855 ], [ -119.978549, 46.3289 ], [ -119.978533, 46.322039 ], [ -119.979107, 46.320435 ], [ -119.979135, 46.317075 ], [ -119.983312, 46.316942 ], [ -119.984796, 46.316892 ], [ -119.99927, 46.316458 ], [ -120.014744, 46.316536 ], [ -120.014719, 46.318707 ], [ -120.014747, 46.320078 ], [ -120.014919, 46.32379 ], [ -120.015345, 46.324406 ], [ -120.020051, 46.327598 ], [ -120.034298, 46.327512 ], [ -120.041058, 46.327467 ], [ -120.041055, 46.327833 ] ] ] } },
{ "type": "Feature", "properties": { "geoid": "53061040700", "county_name": "Snohomish County", "place_name": null, "state_name": "Washington", "state_abbr": "WA", "is_rural": false, "dci_score": 77.2, "dci_quintile": 3.0, "is_cra_lmi": true, "income_level": "M", "is_persistent_poverty": false, "is_tribal_overlap": false, "tribal_area_name": null, "aian_pct": 0.0, "has_nmtc": true, "nmtc_projects": 1, "nmtc_total_usd": 25000000.0 }, "geometry": { "type": "Polygon", "coordinates": [ [ [ -122.212887, 47.977774 ], [ -122.205807, 47.97791 ], [ -122.205786, 47.979251 ], [ -122.205706, 47.98323 ], [ -122.202903, 47.983197 ], [ -122.195035, 47.983104 ], [ -122.195008, 47.984422 ], [ -122.192266, 47.984385 ], [ -122.192301, 47.983063 ], [ -122.188085, 47.983026 ], [ -122.186608, 47.981717 ], [ -122.189512, 47.979056 ], [ -122.188187, 47.979041 ], [ -122.188682, 47.97662 ], [ -122.186196, 47.976465 ], [ -122.187076, 47.975323 ], [ -122.187589, 47.971263 ], [ -122.188953, 47.965747 ], [ -122.192367, 47.962623 ], [ -122.196685, 47.964087 ], [ -122.199086, 47.96433 ], [ -122.200882, 47.964396 ], [ -122.20103, 47.966139 ], [ -122.199586, 47.966622 ], [ -122.199813, 47.971419 ], [ -122.206902, 47.971288 ], [ -122.209714, 47.971232 ], [ -122.212591, 47.971172 ], [ -122.212767, 47.975117 ], [ -122.212887, 47.977774 ] ] ] } },
{ "type": "Feature", "properties": { "geoid": "53033027500", "county_name": "King County", "place_name": null, "state_name": "Washington", "state_abbr": "WA", "is_rural": false, "dci_score": 48.1, "dci_quintile": 5.0, "is_cra_lmi": true, "income_level": "M", "is_persistent_poverty": false, "is_tribal_overlap": false, "tribal_area_name": null, "aian_pct": 0.0, "has_nmtc": false, "nmtc_projects": 0, "nmtc_total_usd": 0.0 }, "geometry": { "type": "Polygon", "coordinates": [ [ [ -122.349978, 47.490241 ], [ -122.339165, 47.490357 ], [ -122.338342, 47.49055 ], [ -122.333805, 47.490526 ], [ -122.33383, 47.488482 ], [ -122.333828, 47.484879 ], [ -122.333854, 47.472294 ], [ -122.339178, 47.472277 ], [ -122.347178, 47.472178 ], [ -122.347843, 47.477606 ], [ -122.348281, 47.481163 ], [ -122.348469, 47.482937 ], [ -122.348602, 47.483867 ], [ -122.349644, 47.486613 ], [ -122.349993, 47.48843 ], [ -122.349978, 47.490241 ] ] ] } },
{ "type": "Feature", "properties": { "geoid": "53053071504", "county_name": "Pierce County", "place_name": null, "state_name": "Washington", "state_abbr": "WA", "is_rural": false, "dci_score": 60.2, "dci_quintile": 4.0, "is_cra_lmi": true, "income_level": "M", "is_persistent_poverty": false, "is_tribal_overlap": false, "tribal_area_name": null, "aian_pct": 0.0, "has_nmtc": false, "nmtc_projects": 0, "nmtc_total_usd": 0.0 }, "geometry": { "type": "Polygon", "coordinates": [ [ [ -122.460958, 47.151073 ], [ -122.460225, 47.151368 ], [ -122.45279, 47.1513 ], [ -122.447622, 47.15125 ], [ -122.442293, 47.151198 ], [ -122.43165, 47.151094 ], [ -122.431676, 47.1475 ], [ -122.431728, 47.143958 ], [ -122.431536, 47.142726 ], [ -122.431928, 47.139413 ], [ -122.442549, 47.139475 ], [ -122.446609, 47.139831 ], [ -122.447823, 47.139837 ], [ -122.45271, 47.139902 ], [ -122.458942, 47.143889 ], [ -122.459597, 47.143889 ], [ -122.460604, 47.147103 ], [ -122.460537, 47.15055 ], [ -122.460958, 47.151073 ] ] ] } },
{ "type": "Feature", "properties": { "geoid": "53053072000", "county_name": "Pierce County", "place_name": null, "state_name": "Washington", "state_abbr": "WA", "is_rural": false, "dci_score": 61.1, "dci_quintile": 4.0, "is_cra_lmi": true, "income_level": "L", "is_persistent_poverty": false, "is_tribal_overlap": false, "tribal_area_name": null, "aian_pct": 0.0, "has_nmtc": false, "nmtc_projects": 0, "nmtc_total_usd": 0.0 }, "geometry": { "type": "Polygon", "coordinates": [ [ [ -122.568151, 47.126544 ], [ -122.566611, 47.130554 ], [ -122.557052, 47.130216 ], [ -122.553453, 47.12908 ], [ -122.549786, 47.128676 ], [ -122.54403, 47.128244 ], [ -122.542042, 47.126738 ], [ -122.541037, 47.126624 ], [ -122.528407, 47.126689 ], [ -122.518286, 47.126737 ], [ -122.518266, 47.1257 ], [ -122.522711, 47.124885 ], [ -122.522672, 47.123082 ], [ -122.521344, 47.123089 ], [ -122.521343, 47.121289 ], [ -122.513423, 47.121286 ], [ -122.513396, 47.119506 ], [ -122.538811, 47.119382 ], [ -122.538832, 47.121183 ], [ -122.540156, 47.121169 ], [ -122.540136, 47.119373 ], [ -122.541464, 47.119364 ], [ -122.542868, 47.120419 ], [ -122.542938, 47.126246 ], [ -122.546419, 47.124808 ], [ -122.556885, 47.118417 ], [ -122.557964, 47.119279 ], [ -122.560624, 47.119265 ], [ -122.564532, 47.120939 ], [ -122.570354, 47.12494 ], [ -122.568151, 47.126544 ] ] ] } },
{ "type": "Feature", "properties": { "geoid": "53033029208", "county_name": "King County", "place_name": null, "state_name": "Washington", "state_abbr": "WA", "is_rural": false, "dci_score": 60.6, "dci_quintile": 4.0, "is_cra_lmi": true, "income_level": "L", "is_persistent_poverty": false, "is_tribal_overlap": false, "tribal_area_name": null, "aian_pct": 0.0, "has_nmtc": false, "nmtc_projects": 0, "nmtc_total_usd": 0.0 }, "geometry": { "type": "Polygon", "coordinates": [ [ [ -122.230812, 47.391301 ], [ -122.228072, 47.394644 ], [ -122.228044, 47.398412 ], [ -122.223919, 47.401214 ], [ -122.221535, 47.403538 ], [ -122.220259, 47.406619 ], [ -122.216653, 47.406762 ], [ -122.216638, 47.403135 ], [ -122.215326, 47.401349 ], [ -122.214904, 47.397893 ], [ -122.212728, 47.397765 ], [ -122.212761, 47.394347 ], [ -122.215281, 47.393815 ], [ -122.215315, 47.389457 ], [ -122.215358, 47.386809 ], [ -122.231109, 47.386651 ], [ -122.230812, 47.391301 ] ] ] } },
{ "type": "Feature", "properties": { "geoid": "53033025500", "county_name": "King County", "place_name": null, "state_name": "Washington", "state_abbr": "WA", "is_rural": false, "dci_score": 41.5, "dci_quintile": 5.0, "is_cra_lmi": true, "income_level": "M", "is_persistent_poverty": false, "is_tribal_overlap": false, "tribal_area_name": null, "aian_pct": 0.0, "has_nmtc": false, "nmtc_projects": 0, "nmtc_total_usd": 0.0 }, "geometry": { "type": "Polygon", "coordinates": [ [ [ -122.177467, 47.503092 ], [ -122.174406, 47.505711 ], [ -122.169509, 47.505726 ], [ -122.168706, 47.505636 ], [ -122.164691, 47.503899 ], [ -122.164563, 47.499366 ], [ -122.164426, 47.495786 ], [ -122.164383, 47.49468 ], [ -122.164293, 47.492184 ], [ -122.164174, 47.488579 ], [ -122.174882, 47.488564 ], [ -122.17502, 47.492179 ], [ -122.175256, 47.501271 ], [ -122.175313, 47.503092 ], [ -122.177467, 47.503092 ] ] ] } },
{ "type": "Feature", "properties": { "geoid": "53025011405", "county_name": "Grant County", "place_name": null, "state_name": "Washington", "state_abbr": "WA", "is_rural": true, "dci_score": 74.4, "dci_quintile": 3.0, "is_cra_lmi": true, "income_level": "M", "is_persistent_poverty": false, "is_tribal_overlap": false, "tribal_area_name": null, "aian_pct": 0.0, "has_nmtc": false, "nmtc_projects": 0, "nmtc_total_usd": 0.0 }, "geometry": { "type": "Polygon", "coordinates": [ [ [ -119.760477, 46.975056 ], [ -119.760496, 46.986385 ], [ -119.751152, 46.986439 ], [ -119.749955, 46.986617 ], [ -119.744889, 46.987036 ], [ -119.741299, 46.986419 ], [ -119.729473, 46.986655 ], [ -119.717914, 46.987463 ], [ -119.7162, 46.987368 ], [ -119.710997, 46.986385 ], [ -119.703173, 46.986394 ], [ -119.701491, 46.986123 ], [ -119.698111, 46.984519 ], [ -119.690237, 46.98308 ], [ -119.687681, 46.982945 ], [ -119.684417, 46.981432 ], [ -119.677285, 46.979979 ], [ -119.673733, 46.978514 ], [ -119.669725, 46.977599 ], [ -119.660196, 46.97777 ], [ -119.625787, 46.975546 ], [ -119.614544, 46.972443 ], [ -119.612528, 46.97213 ], [ -119.601014, 46.972055 ], [ -119.599571, 46.971835 ], [ -119.580485, 46.965189 ], [ -119.578673, 46.964643 ], [ -119.563179, 46.963077 ], [ -119.557649, 46.962996 ], [ -119.557837, 46.945007 ], [ -119.557983, 46.944239 ], [ -119.561927, 46.941665 ], [ -119.562606, 46.938913 ], [ -119.562248, 46.937666 ], [ -119.559438, 46.93687 ], [ -119.557965, 46.935677 ], [ -119.558093, 46.915365 ], [ -119.559451, 46.912751 ], [ -119.559879, 46.910774 ], [ -119.559777, 46.889293 ], [ -119.559747, 46.881061 ], [ -119.50321, 46.868387 ], [ -119.509206, 46.868549 ], [ -119.510758, 46.867404 ], [ -119.512644, 46.868523 ], [ -119.513582, 46.865973 ], [ -119.512256, 46.863555 ], [ -119.513073, 46.862738 ], [ -119.51691, 46.86201 ], [ -119.520068, 46.862099 ], [ -119.523226, 46.86278 ], [ -119.524864, 46.863691 ], [ -119.528549, 46.864602 ], [ -119.52958, 46.865638 ], [ -119.534313, 46.865766 ], [ -119.535279, 46.866961 ], [ -119.541323, 46.86858 ], [ -119.543315, 46.8674 ], [ -119.544131, 46.86812 ], [ -119.550185, 46.869355 ], [ -119.554283, 46.869624 ], [ -119.562009, 46.869355 ], [ -119.568798, 46.869584 ], [ -119.579358, 46.872992 ], [ -119.5808, 46.875042 ], [ -119.583743, 46.876424 ], [ -119.587686, 46.876955 ], [ -119.589656, 46.874531 ], [ -119.594488, 46.874103 ], [ -119.596322, 46.87358 ], [ -119.599827, 46.870637 ], [ -119.6017, 46.867464 ], [ -119.601473, 46.86527 ], [ -119.600081, 46.862276 ], [ -119.598652, 46.860972 ], [ -119.596366, 46.8564 ], [ -119.597016, 46.854797 ], [ -119.593719, 46.8569 ], [ -119.58919, 46.858615 ], [ -119.586759, 46.857381 ], [ -119.582529, 46.857588 ], [ -119.575801, 46.857132 ], [ -119.571937, 46.85743 ], [ -119.567341, 46.858755 ], [ -119.563378, 46.859487 ], [ -119.561047, 46.860926 ], [ -119.556883, 46.86152 ], [ -119.552853, 46.86152 ], [ -119.550554, 46.861017 ], [ -119.545857, 46.861519 ], [ -119.544025, 46.862731 ], [ -119.541727, 46.863188 ], [ -119.539129, 46.86289 ], [ -119.534366, 46.860993 ], [ -119.52987, 46.859667 ], [ -119.526108, 46.85729 ], [ -119.519128, 46.853512 ], [ -119.469293, 46.836558 ], [ -119.470835, 46.834165 ], [ -119.468536, 46.833331 ], [ -119.464268, 46.830975 ], [ -119.459799, 46.82649 ], [ -119.457674, 46.825279 ], [ -119.455764, 46.8233 ], [ -119.454088, 46.822573 ], [ -119.453561, 46.845171 ], [ -119.4539, 46.848648 ], [ -119.453446, 46.850233 ], [ -119.453402, 46.855882 ], [ -119.432, 46.847051 ], [ -119.369142, 46.820035 ], [ -119.369216, 46.80997 ], [ -119.373539, 46.809956 ], [ -119.377393, 46.809276 ], [ -119.388492, 46.809348 ], [ -119.390049, 46.808964 ], [ -119.392777, 46.807088 ], [ -119.398201, 46.807628 ], [ -119.401021, 46.809637 ], [ -119.403433, 46.810511 ], [ -119.408582, 46.810652 ], [ -119.412112, 46.810295 ], [ -119.417089, 46.810427 ], [ -119.424689, 46.811775 ], [ -119.428596, 46.812992 ], [ -119.43274, 46.812918 ], [ -119.436085, 46.812197 ], [ -119.452042, 46.813386 ], [ -119.455835, 46.814329 ], [ -119.459379, 46.816419 ], [ -119.496847, 46.821342 ], [ -119.50157, 46.823818 ], [ -119.50969, 46.826254 ], [ -119.520637, 46.830512 ], [ -119.523366, 46.831328 ], [ -119.525552, 46.832512 ], [ -119.531411, 46.833695 ], [ -119.536946, 46.833451 ], [ -119.542851, 46.833821 ], [ -119.55795, 46.835632 ], [ -119.568135, 46.839113 ], [ -119.589642, 46.839235 ], [ -119.601926, 46.840169 ], [ -119.603106, 46.840794 ], [ -119.604582, 46.84021 ], [ -119.617913, 46.83981 ], [ -119.626158, 46.839383 ], [ -119.645292, 46.839402 ], [ -119.646104, 46.838747 ], [ -119.651014, 46.838847 ], [ -119.661463, 46.839787 ], [ -119.679646, 46.839608 ], [ -119.682033, 46.839152 ], [ -119.684637, 46.839387 ], [ -119.698545, 46.838515 ], [ -119.701746, 46.837188 ], [ -119.705733, 46.833898 ], [ -119.708618, 46.832435 ], [ -119.710709, 46.832216 ], [ -119.730289, 46.83225 ], [ -119.740816, 46.831546 ], [ -119.695001, 46.899053 ], [ -119.747713, 46.898965 ], [ -119.747331, 46.905341 ], [ -119.747373, 46.911081 ], [ -119.749882, 46.917208 ], [ -119.750023, 46.962777 ], [ -119.751325, 46.96417 ], [ -119.753232, 46.965042 ], [ -119.75462, 46.966457 ], [ -119.758013, 46.968427 ], [ -119.761205, 46.971872 ], [ -119.760477, 46.975056 ] ] ] } },
{ "type": "Feature", "properties": { "geoid": "53045960301", "county_name": "Mason County", "place_name": null, "state_name": "Washington", "state_abbr": "WA", "is_rural": true, "dci_score": 30.0, "dci_quintile": 5.0, "is_cra_lmi": false, "income_level": "U", "is_persistent_poverty": false, "is_tribal_overlap": false, "tribal_area_name": null, "aian_pct": 0.0, "has_nmtc": false, "nmtc_projects": 0, "nmtc_total_usd": 0.0 }, "geometry": { "type": "Polygon", "coordinates": [ [ [ -123.120234, 47.39149 ], [ -123.117304, 47.39229 ], [ -123.112153, 47.397869 ], [ -123.110723, 47.402699 ], [ -123.107508, 47.40595 ], [ -123.100944, 47.415995 ], [ -123.101544, 47.417605 ], [ -123.091567, 47.433047 ], [ -123.08925, 47.434349 ], [ -123.0857, 47.439053 ], [ -123.085596, 47.441274 ], [ -123.08241, 47.444089 ], [ -123.081355, 47.445997 ], [ -123.077136, 47.447773 ], [ -123.074926, 47.451694 ], [ -123.069459, 47.453462 ], [ -123.067083, 47.45523 ], [ -123.068509, 47.458284 ], [ -123.058937, 47.470776 ], [ -123.055323, 47.472709 ], [ -123.045454, 47.480777 ], [ -123.038561, 47.488326 ], [ -123.033807, 47.494108 ], [ -123.031193, 47.502137 ], [ -123.031614, 47.511373 ], [ -123.023718714395997, 47.520306558898298 ], [ -122.993623, 47.520283 ], [ -122.971941, 47.521447 ], [ -122.945711, 47.522246 ], [ -122.945522, 47.521485 ], [ -122.941321, 47.52139 ], [ -122.942564, 47.518584 ], [ -122.941449, 47.514265 ], [ -122.941344, 47.508942 ], [ -122.947853, 47.506882 ], [ -122.950706, 47.505459 ], [ -122.953964, 47.503182 ], [ -122.956864, 47.499233 ], [ -122.958408, 47.499699 ], [ -122.961513, 47.501855 ], [ -122.964672, 47.501279 ], [ -122.964851, 47.493381 ], [ -122.965845, 47.489754 ], [ -122.966662, 47.488551 ], [ -122.965959, 47.487609 ], [ -122.966687, 47.486292 ], [ -122.970711, 47.483851 ], [ -122.968782, 47.482351 ], [ -122.97019, 47.480178 ], [ -122.969909, 47.477633 ], [ -122.97285, 47.476368 ], [ -122.976682, 47.475741 ], [ -122.976495, 47.474471 ], [ -122.977759, 47.472747 ], [ -122.978899, 47.470061 ], [ -122.980925, 47.469275 ], [ -122.98248, 47.469543 ], [ -122.988198, 47.468856 ], [ -122.988277, 47.466076 ], [ -122.987162, 47.464858 ], [ -122.988074, 47.462264 ], [ -122.988928, 47.461618 ], [ -122.988253, 47.459998 ], [ -122.988291, 47.457075 ], [ -122.990938, 47.452123 ], [ -122.990491, 47.44848 ], [ -122.993067, 47.445419 ], [ -122.990596, 47.443829 ], [ -122.981211, 47.443855 ], [ -122.981586, 47.444864 ], [ -122.977478, 47.447447 ], [ -122.976305, 47.44747 ], [ -122.972366, 47.446039 ], [ -122.968687, 47.445898 ], [ -122.96681, 47.446758 ], [ -122.965793, 47.44631 ], [ -122.963826, 47.442827 ], [ -122.960348, 47.440776 ], [ -122.958724, 47.438717 ], [ -122.955222, 47.437463 ], [ -122.954227, 47.437503 ], [ -122.951837, 47.437824 ], [ -122.949254, 47.439125 ], [ -122.942567, 47.439933 ], [ -122.933817, 47.440085 ], [ -122.927612, 47.441507 ], [ -122.921386, 47.439984 ], [ -122.914284, 47.439869 ], [ -122.91626, 47.437541 ], [ -122.916591, 47.433168 ], [ -122.918299, 47.430009 ], [ -122.914393, 47.425744 ], [ -122.912851, 47.42182 ], [ -122.909024, 47.41949 ], [ -122.908708, 47.416794 ], [ -122.907551590607, 47.413739981938399 ], [ -122.909356, 47.413398 ], [ -122.91309, 47.414518 ], [ -122.916655, 47.413713 ], [ -122.924974, 47.410657 ], [ -122.932104, 47.408245 ], [ -122.935907, 47.40551 ], [ -122.941136, 47.403097 ], [ -122.943993, 47.402627 ], [ -122.945652, 47.402775 ], [ -122.955727, 47.401091 ], [ -122.957298, 47.399719 ], [ -122.962527, 47.399719 ], [ -122.96538, 47.396179 ], [ -122.96942, 47.39634 ], [ -122.972272, 47.396984 ], [ -122.977495, 47.39616 ], [ -122.982968, 47.392961 ], [ -122.983443, 47.389904 ], [ -122.984869, 47.388134 ], [ -122.988434, 47.388617 ], [ -122.992237, 47.386847 ], [ -123.004597, 47.382984 ], [ -123.013153, 47.378639 ], [ -123.016005, 47.37542 ], [ -123.016481, 47.372523 ], [ -123.019333, 47.369947 ], [ -123.021947, 47.364152 ], [ -123.024324, 47.361254 ], [ -123.029553, 47.358839 ], [ -123.04215, 47.358678 ], [ -123.047379, 47.361576 ], [ -123.051657, 47.363991 ], [ -123.053180643461999, 47.365304556076801 ], [ -123.056886, 47.368499 ], [ -123.069483, 47.371557 ], [ -123.071385, 47.371074 ], [ -123.073999, 47.372684 ], [ -123.078525, 47.372919 ], [ -123.081605, 47.374776 ], [ -123.085645, 47.374771 ], [ -123.090874, 47.371396 ], [ -123.094915, 47.373489 ], [ -123.100619, 47.373489 ], [ -123.105848, 47.372362 ], [ -123.110602, 47.372845 ], [ -123.113349, 47.374733 ], [ -123.113501, 47.382635 ], [ -123.116629, 47.382718 ], [ -123.119681, 47.385532 ], [ -123.120234, 47.39149 ] ] ] } },
{ "type": "Feature", "properties": { "geoid": "53063000201", "county_name": "Spokane County", "place_name": null, "state_name": "Washington", "state_abbr": "WA", "is_rural": false, "dci_score": 27.1, "dci_quintile": 5.0, "is_cra_lmi": true, "income_level": "L", "is_persistent_poverty": false, "is_tribal_overlap": false, "tribal_area_name": null, "aian_pct": 0.0, "has_nmtc": false, "nmtc_projects": 0, "nmtc_total_usd": 0.0 }, "geometry": { "type": "Polygon", "coordinates": [ [ [ -117.378785, 47.707816 ], [ -117.378682, 47.714921 ], [ -117.371719, 47.714923 ], [ -117.362851, 47.714924 ], [ -117.363303, 47.707683 ], [ -117.363291, 47.706047 ], [ -117.368112, 47.705937 ], [ -117.373436, 47.705972 ], [ -117.373458, 47.704169 ], [ -117.378848, 47.704202 ], [ -117.378785, 47.707816 ] ] ] } },
{ "type": "Feature", "properties": { "geoid": "53063000301", "county_name": "Spokane County", "place_name": null, "state_name": "Washington", "state_abbr": "WA", "is_rural": false, "dci_score": 57.9, "dci_quintile": 4.0, "is_cra_lmi": true, "income_level": "L", "is_persistent_poverty": false, "is_tribal_overlap": false, "tribal_area_name": null, "aian_pct": 0.0, "has_nmtc": false, "nmtc_projects": 0, "nmtc_total_usd": 0.0 }, "geometry": { "type": "Polygon", "coordinates": [ [ [ -117.387237, 47.707881 ], [ -117.387203, 47.714988 ], [ -117.378682, 47.714921 ], [ -117.378785, 47.707816 ], [ -117.378848, 47.704202 ], [ -117.378894, 47.700578 ], [ -117.386993, 47.700625 ], [ -117.387334, 47.707317 ], [ -117.387237, 47.707881 ] ] ] } },
{ "type": "Feature", "properties": { "geoid": "53049950501", "county_name": "Pacific County", "place_name": "Seattle", "state_name": "Washington", "state_abbr": "WA", "is_rural": true, "dci_score": 62.2, "dci_quintile": 4.0, "is_cra_lmi": false, "income_level": "U", "is_persistent_poverty": false, "is_tribal_overlap": false, "tribal_area_name": null, "aian_pct": 0.0, "has_nmtc": true, "nmtc_projects": 1, "nmtc_total_usd": 2501000.0 }, "geometry": { "type": "Polygon", "coordinates": [ [ [ -124.063368999724005, 46.338823603292497 ], [ -124.05665, 46.338524 ], [ -124.056627, 46.33922 ], [ -124.053608, 46.339164 ], [ -124.053695, 46.3371 ], [ -124.051948, 46.33709 ], [ -124.05153, 46.338173 ], [ -124.051104, 46.338735 ], [ -124.05056, 46.339829 ], [ -124.05027, 46.342517 ], [ -124.050033, 46.343853 ], [ -124.049444, 46.347162 ], [ -124.049408, 46.349006 ], [ -124.049175, 46.350704 ], [ -124.048823, 46.351415 ], [ -124.048741, 46.351854 ], [ -124.048711, 46.351989 ], [ -124.048626, 46.353684 ], [ -124.046438, 46.362943 ], [ -124.046249, 46.367376 ], [ -124.048634, 46.36744 ], [ -124.049893, 46.367509 ], [ -124.060318869051997, 46.367804950109402 ], [ -124.059491107073001, 46.3756700744539 ], [ -124.058351, 46.386503 ], [ -124.057994530423997, 46.395284624149198 ], [ -124.041653, 46.395214 ], [ -124.040147, 46.396028 ], [ -124.024241, 46.395945 ], [ -124.024727, 46.392667 ], [ -124.021564, 46.392724 ], [ -124.018214, 46.391592 ], [ -124.016087895512001, 46.392416599746497 ], [ -124.015258, 46.378681 ], [ -124.007177, 46.371466 ], [ -123.995056, 46.373926 ], [ -123.984835, 46.378681 ], [ -123.976517, 46.379665 ], [ -123.96392, 46.376714 ], [ -123.958054909507993, 46.377936826322198 ], [ -123.956919, 46.374823 ], [ -123.953162, 46.371515 ], [ -123.952106, 46.369464 ], [ -123.952571, 46.365741 ], [ -123.954248, 46.362739 ], [ -123.955495, 46.361639 ], [ -123.95944, 46.359667 ], [ -123.960958, 46.354725 ], [ -123.960702, 46.353911 ], [ -123.956541, 46.352686 ], [ -123.956256, 46.351532 ], [ -123.957672, 46.34867 ], [ -123.960793, 46.34728 ], [ -123.963036, 46.344804 ], [ -123.966948, 46.343973 ], [ -123.968987, 46.342869 ], [ -123.971119, 46.338258 ], [ -123.973823, 46.336381 ], [ -123.976191, 46.33333 ], [ -123.979257, 46.331649 ], [ -123.977831, 46.331436 ], [ -123.976181, 46.32786 ], [ -123.976441, 46.325545 ], [ -123.978593, 46.323437 ], [ -123.981855, 46.323085 ], [ -123.98504, 46.324696 ], [ -123.989395, 46.324568 ], [ -123.990106, 46.32318 ], [ -123.987753, 46.322183 ], [ -123.987261, 46.321124 ], [ -123.989374, 46.320064 ], [ -123.996059, 46.322189 ], [ -123.997697, 46.321174 ], [ -124.002807, 46.320208 ], [ -124.005857, 46.31932 ], [ -124.010194, 46.320146 ], [ -124.015746, 46.317942 ], [ -124.019895, 46.317456 ], [ -124.020564, 46.316736 ], [ -124.021999, 46.317111 ], [ -124.02531, 46.31288 ], [ -124.026704, 46.312066 ], [ -124.028741, 46.311062 ], [ -124.031408, 46.310666 ], [ -124.034126, 46.308951 ], [ -124.043362, 46.308877 ], [ -124.042723, 46.314531 ], [ -124.044584, 46.317981 ], [ -124.04533, 46.319706 ], [ -124.047807, 46.324671 ], [ -124.047768, 46.324908 ], [ -124.046793, 46.326357 ], [ -124.04471, 46.331207 ], [ -124.054904, 46.331196 ], [ -124.054943, 46.330256 ], [ -124.064258821132, 46.330368810495898 ], [ -124.063368999724005, 46.338823603292497 ] ] ] } },
{ "type": "Feature", "properties": { "geoid": "53027001300", "county_name": "Grays Harbor County", "place_name": null, "state_name": "Washington", "state_abbr": "WA", "is_rural": true, "dci_score": 79.1, "dci_quintile": 3.0, "is_cra_lmi": false, "income_level": "U", "is_persistent_poverty": false, "is_tribal_overlap": false, "tribal_area_name": null, "aian_pct": 0.0, "has_nmtc": false, "nmtc_projects": 0, "nmtc_total_usd": 0.0 }, "geometry": { "type": "MultiPolygon", "coordinates": [ [ [ [ -123.884535, 46.965793 ], [ -123.877166, 46.966929 ], [ -123.864807, 46.965144 ], [ -123.859578, 46.962711 ], [ -123.854587, 46.960927 ], [ -123.853398, 46.958656 ], [ -123.856726, 46.95606 ], [ -123.860529, 46.95606 ], [ -123.868848, 46.959629 ], [ -123.8717, 46.960602 ], [ -123.876719, 46.961051 ], [ -123.881333, 46.963377 ], [ -123.885834, 46.964144 ], [ -123.884535, 46.965793 ] ] ], [ [ [ -123.886309, 46.995975 ], [ -123.883443, 46.999638 ], [ -123.883853, 47.003518 ], [ -123.88306, 47.004594 ], [ -123.880788, 47.006097 ], [ -123.881386, 47.009636 ], [ -123.880815, 47.010864 ], [ -123.878521, 47.011006 ], [ -123.875566, 47.009259 ], [ -123.873962, 47.009271 ], [ -123.872199, 47.010309 ], [ -123.871422, 47.011544 ], [ -123.872522, 47.012832 ], [ -123.875507, 47.013374 ], [ -123.876953, 47.015053 ], [ -123.875384, 47.018288 ], [ -123.874269, 47.01847 ], [ -123.870138, 47.017639 ], [ -123.867917, 47.018139 ], [ -123.86795, 47.019499 ], [ -123.872142, 47.023962 ], [ -123.87613, 47.02509 ], [ -123.877509, 47.026556 ], [ -123.875157, 47.030076 ], [ -123.875239, 47.031431 ], [ -123.877795, 47.036199 ], [ -123.877008, 47.037433 ], [ -123.874701, 47.038233 ], [ -123.871892, 47.037143 ], [ -123.86926, 47.037106 ], [ -123.868491, 47.038483 ], [ -123.86997, 47.040644 ], [ -123.867536, 47.045521 ], [ -123.864969, 47.046554 ], [ -123.860726, 47.049096 ], [ -123.860558, 47.049836 ], [ -123.86271, 47.051091 ], [ -123.862944, 47.052155 ], [ -123.858569, 47.051532 ], [ -123.853313, 47.052181 ], [ -123.850257, 47.054162 ], [ -123.843619, 47.053386 ], [ -123.842101, 47.052251 ], [ -123.842303, 47.05377 ], [ -123.840039, 47.053825 ], [ -123.837672, 47.054868 ], [ -123.835867, 47.056481 ], [ -123.832793, 47.056038 ], [ -123.830674, 47.056674 ], [ -123.828098, 47.05877 ], [ -123.825746, 47.058858 ], [ -123.818984, 47.057334 ], [ -123.81544, 47.058053 ], [ -123.80547, 47.062496 ], [ -123.803286, 47.064635 ], [ -123.800292, 47.066335 ], [ -123.797457, 47.068282 ], [ -123.796638, 47.070767 ], [ -123.795489, 47.072813 ], [ -123.794108, 47.074129 ], [ -123.792192, 47.073079 ], [ -123.792865, 47.071041 ], [ -123.795908, 47.066329 ], [ -123.800596, 47.060582 ], [ -123.802097, 47.059173 ], [ -123.806884, 47.057653 ], [ -123.810508, 47.054732 ], [ -123.813041, 47.053414 ], [ -123.818455, 47.052691 ], [ -123.81176, 47.051658 ], [ -123.807854, 47.051492 ], [ -123.801592, 47.049799 ], [ -123.798605, 47.050792 ], [ -123.795597, 47.050035 ], [ -123.794641, 47.048975 ], [ -123.794781, 47.045896 ], [ -123.791993, 47.043387 ], [ -123.791686, 47.041734 ], [ -123.794281, 47.039124 ], [ -123.793735, 47.037895 ], [ -123.795593, 47.036933 ], [ -123.798091, 47.038405 ], [ -123.801068, 47.039072 ], [ -123.804198, 47.038803 ], [ -123.80521, 47.036519 ], [ -123.801845, 47.032921 ], [ -123.802656, 47.032469 ], [ -123.805806, 47.03256 ], [ -123.808406, 47.033918 ], [ -123.810127, 47.032898 ], [ -123.810066, 47.028494 ], [ -123.811229, 47.026956 ], [ -123.814646, 47.026248 ], [ -123.815759, 47.023882 ], [ -123.815838, 47.021767 ], [ -123.813332, 47.017717 ], [ -123.813037, 47.015434 ], [ -123.813584, 47.010683 ], [ -123.809334, 47.005467 ], [ -123.808568, 47.00495 ], [ -123.805584, 47.004998 ], [ -123.808866, 47.002969 ], [ -123.812175, 47.003948 ], [ -123.81396, 47.004008 ], [ -123.8138, 47.003113 ], [ -123.810194, 47.001617 ], [ -123.810986, 47.001523 ], [ -123.813374, 47.001236 ], [ -123.818961, 47.001247 ], [ -123.820415, 47.000198 ], [ -123.82802, 46.994892 ], [ -123.83565, 46.990576 ], [ -123.845, 46.986608 ], [ -123.851353, 46.984267 ], [ -123.852182, 46.980565 ], [ -123.85222, 46.976939 ], [ -123.852215, 46.976045 ], [ -123.852205, 46.974238 ], [ -123.852119228101998, 46.964373876810697 ], [ -123.859103, 46.967577 ], [ -123.860150546583995, 46.967719993225501 ], [ -123.87574, 46.969848 ], [ -123.878980347915999, 46.969624102442303 ], [ -123.877338, 46.970404 ], [ -123.8769, 46.975395 ], [ -123.877125, 46.975855 ], [ -123.883986, 46.979501 ], [ -123.884028, 46.981228 ], [ -123.881503, 46.982499 ], [ -123.876278, 46.982863 ], [ -123.87498, 46.983558 ], [ -123.875639, 46.985451 ], [ -123.876778, 46.986991 ], [ -123.880432, 46.988622 ], [ -123.881598, 46.992841 ], [ -123.883711, 46.994615 ], [ -123.886309, 46.995975 ] ] ] ] } },
{ "type": "Feature", "properties": { "geoid": "53077940002", "county_name": "Yakima County", "place_name": null, "state_name": "Washington", "state_abbr": "WA", "is_rural": true, "dci_score": 69.3, "dci_quintile": 4.0, "is_cra_lmi": false, "income_level": "U", "is_persistent_poverty": false, "is_tribal_overlap": true, "tribal_area_name": "Yakama Nation Reservation", "aian_pct": 0.0, "has_nmtc": true, "nmtc_projects": 1, "nmtc_total_usd": 9654643.0 }, "geometry": { "type": "Polygon", "coordinates": [ [ [ -120.52294, 46.346176 ], [ -120.502797, 46.346266 ], [ -120.501979, 46.346135 ], [ -120.502112, 46.375608 ], [ -120.502267, 46.390188 ], [ -120.502267, 46.404679 ], [ -120.502241, 46.404725 ], [ -120.479999, 46.404633 ], [ -120.438554, 46.40455 ], [ -120.417358, 46.404364 ], [ -120.417389, 46.431608 ], [ -120.417763, 46.432206 ], [ -120.417398, 46.433318 ], [ -120.417397, 46.433392 ], [ -120.3943, 46.433287 ], [ -120.391109, 46.433331 ], [ -120.390373, 46.433831 ], [ -120.392574, 46.434319 ], [ -120.393553, 46.435495 ], [ -120.392679, 46.436578 ], [ -120.392998, 46.438637 ], [ -120.395871, 46.440173 ], [ -120.398976, 46.441183 ], [ -120.40086, 46.441186 ], [ -120.402311, 46.443451 ], [ -120.401119, 46.445213 ], [ -120.400752, 46.44773 ], [ -120.403181, 46.450555 ], [ -120.401505, 46.4525 ], [ -120.402904, 46.45463 ], [ -120.406953, 46.454389 ], [ -120.411439, 46.451878 ], [ -120.413391, 46.453585 ], [ -120.402091, 46.463113 ], [ -120.399084, 46.464969 ], [ -120.395198, 46.464126 ], [ -120.391196, 46.464228 ], [ -120.390542, 46.464104 ], [ -120.389856, 46.463769 ], [ -120.389209, 46.463508 ], [ -120.38868, 46.463159 ], [ -120.387709, 46.462807 ], [ -120.387211, 46.46274 ], [ -120.386817, 46.46292 ], [ -120.385282, 46.463986 ], [ -120.384781, 46.464168 ], [ -120.383816, 46.464324 ], [ -120.382927, 46.463924 ], [ -120.382538, 46.463503 ], [ -120.38191, 46.463319 ], [ -120.379602, 46.460597 ], [ -120.375712, 46.457526 ], [ -120.375389, 46.45643 ], [ -120.374634, 46.454946 ], [ -120.373821, 46.454517 ], [ -120.372482, 46.454248 ], [ -120.371387, 46.454156 ], [ -120.3697, 46.454559 ], [ -120.367915, 46.454377 ], [ -120.367218, 46.45143 ], [ -120.365069, 46.450334 ], [ -120.361926, 46.447663 ], [ -120.361893, 46.447 ], [ -120.358455, 46.446179 ], [ -120.356736, 46.446454 ], [ -120.354984, 46.44554 ], [ -120.3491, 46.443988 ], [ -120.348305, 46.443417 ], [ -120.347642, 46.440744 ], [ -120.350252, 46.43871 ], [ -120.349457, 46.435009 ], [ -120.350042, 46.433316 ], [ -120.350359, 46.432961 ], [ -120.352296, 46.431193 ], [ -120.352658, 46.428999 ], [ -120.351401, 46.427218 ], [ -120.349155, 46.427264 ], [ -120.345984, 46.429001 ], [ -120.342977, 46.428614 ], [ -120.341191, 46.42457 ], [ -120.341057, 46.422148 ], [ -120.33881, 46.420504 ], [ -120.336481, 46.419855 ], [ -120.334845, 46.417877 ], [ -120.333093, 46.416415 ], [ -120.33273, 46.416278 ], [ -120.331541, 46.415981 ], [ -120.330331, 46.415942 ], [ -120.328732, 46.415844 ], [ -120.327939, 46.415593 ], [ -120.327443, 46.415136 ], [ -120.327344, 46.414862 ], [ -120.32741, 46.414268 ], [ -120.327146, 46.413788 ], [ -120.326089, 46.4134 ], [ -120.325296, 46.4134 ], [ -120.324602, 46.413606 ], [ -120.322819, 46.415365 ], [ -120.321729, 46.415182 ], [ -120.320275, 46.414428 ], [ -120.319813, 46.413332 ], [ -120.317806, 46.411922 ], [ -120.316146, 46.410407 ], [ -120.314375, 46.409944 ], [ -120.312084, 46.409288 ], [ -120.310657, 46.406888 ], [ -120.30779, 46.404375 ], [ -120.310303, 46.404283 ], [ -120.309864, 46.403847 ], [ -120.301762, 46.403692 ], [ -120.299122, 46.403385 ], [ -120.298423, 46.403536 ], [ -120.298014, 46.404603 ], [ -120.295701, 46.406956 ], [ -120.293534, 46.406933 ], [ -120.290549, 46.405972 ], [ -120.289295, 46.403802 ], [ -120.285333, 46.402042 ], [ -120.281494, 46.399231 ], [ -120.280217, 46.398066 ], [ -120.275692, 46.39731 ], [ -120.27424, 46.396373 ], [ -120.271103, 46.395915 ], [ -120.269718, 46.394109 ], [ -120.26744, 46.393354 ], [ -120.265789, 46.394085 ], [ -120.265787, 46.395981 ], [ -120.263045, 46.397511 ], [ -120.261163, 46.397396 ], [ -120.258226, 46.394927 ], [ -120.255218, 46.395406 ], [ -120.252118, 46.394718 ], [ -120.251596, 46.393073 ], [ -120.248034, 46.391841 ], [ -120.245561, 46.389376 ], [ -120.244101, 46.387103 ], [ -120.243533, 46.383415 ], [ -120.241716, 46.382 ], [ -120.239372, 46.381498 ], [ -120.237821, 46.382184 ], [ -120.238152, 46.384057 ], [ -120.235842, 46.385086 ], [ -120.231682, 46.384288 ], [ -120.228873, 46.381982 ], [ -120.227023, 46.379447 ], [ -120.224348, 46.378396 ], [ -120.223061, 46.375195 ], [ -120.223579, 46.372862 ], [ -120.22282, 46.371384 ], [ -120.222225, 46.370509 ], [ -120.224501, 46.367996 ], [ -120.224235, 46.365003 ], [ -120.224597, 46.362672 ], [ -120.221362, 46.360297 ], [ -120.221427, 46.358492 ], [ -120.223406, 46.357189 ], [ -120.225584, 46.357783 ], [ -120.227562, 46.355795 ], [ -120.227265, 46.355109 ], [ -120.223867, 46.355293 ], [ -120.222282, 46.354082 ], [ -120.22215, 46.352826 ], [ -120.220763, 46.35093 ], [ -120.217661, 46.350063 ], [ -120.214566, 46.348446 ], [ -120.213242, 46.348068 ], [ -120.212391, 46.347863 ], [ -120.21113, 46.347422 ], [ -120.210626, 46.347422 ], [ -120.210027, 46.347516 ], [ -120.209507, 46.347437 ], [ -120.208842, 46.347212 ], [ -120.208486, 46.347234 ], [ -120.20245, 46.344562 ], [ -120.201295, 46.343628 ], [ -120.200399, 46.340413 ], [ -120.197594, 46.337657 ], [ -120.199544, 46.336954 ], [ -120.199832, 46.331111 ], [ -120.205836, 46.328909 ], [ -120.208855, 46.32852 ], [ -120.23104, 46.328372 ], [ -120.236313, 46.327741 ], [ -120.272681, 46.327504 ], [ -120.279585, 46.327719 ], [ -120.283077, 46.328465 ], [ -120.28323, 46.334698 ], [ -120.2937, 46.335118 ], [ -120.293707, 46.338606 ], [ -120.320507, 46.338699 ], [ -120.320376, 46.323059 ], [ -120.320763, 46.321631 ], [ -120.321622, 46.320225 ], [ -120.33551, 46.305445 ], [ -120.336378, 46.305651 ], [ -120.339091, 46.303859 ], [ -120.342637, 46.303401 ], [ -120.345852, 46.303671 ], [ -120.351925, 46.302069 ], [ -120.357645, 46.302335 ], [ -120.36102, 46.301589 ], [ -120.367167, 46.301425 ], [ -120.370748, 46.300316 ], [ -120.376518, 46.299806 ], [ -120.381391, 46.299633 ], [ -120.390673, 46.299516 ], [ -120.396899, 46.301159 ], [ -120.399987, 46.302683 ], [ -120.402179, 46.303286 ], [ -120.407672, 46.303739 ], [ -120.410617, 46.304589 ], [ -120.42096, 46.308947 ], [ -120.424098, 46.309715 ], [ -120.429075, 46.310036 ], [ -120.429571, 46.311338 ], [ -120.439079, 46.313017 ], [ -120.439315, 46.313053 ], [ -120.443893, 46.313434 ], [ -120.447738, 46.314515 ], [ -120.458928, 46.315552 ], [ -120.46571, 46.314924 ], [ -120.473064, 46.315242 ], [ -120.476056, 46.315638 ], [ -120.48055, 46.316793 ], [ -120.485976, 46.317121 ], [ -120.489125, 46.317018 ], [ -120.49417, 46.317966 ], [ -120.498881, 46.317977 ], [ -120.509457, 46.317395 ], [ -120.5227, 46.317204 ], [ -120.52294, 46.346176 ] ], [ [ -120.335972, 46.378601 ], [ -120.329102, 46.374839 ], [ -120.32286, 46.371695 ], [ -120.320763, 46.369586 ], [ -120.320214, 46.368086 ], [ -120.320216, 46.367716 ], [ -120.320164, 46.360514 ], [ -120.304566, 46.360668 ], [ -120.29393, 46.360354 ], [ -120.294009, 46.3665 ], [ -120.294008, 46.366589 ], [ -120.293978, 46.374346 ], [ -120.293931, 46.378558 ], [ -120.293613, 46.393074 ], [ -120.304205, 46.393143 ], [ -120.314359, 46.393199 ], [ -120.314647, 46.389544 ], [ -120.316285, 46.38957 ], [ -120.316708, 46.392995 ], [ -120.319856, 46.393095 ], [ -120.333246, 46.393048 ], [ -120.328099, 46.389651 ], [ -120.32878, 46.389616 ], [ -120.335647, 46.38964 ], [ -120.335809, 46.382294 ], [ -120.335972, 46.378601 ] ] ] } },
{ "type": "Feature", "properties": { "geoid": "53053072603", "county_name": "Pierce County", "place_name": "Bremerton", "state_name": "Washington", "state_abbr": "WA", "is_rural": true, "dci_score": 51.5, "dci_quintile": 5.0, "is_cra_lmi": false, "income_level": "U", "is_persistent_poverty": false, "is_tribal_overlap": false, "tribal_area_name": null, "aian_pct": 0.0, "has_nmtc": false, "nmtc_projects": 0, "nmtc_total_usd": 0.0 }, "geometry": { "type": "MultiPolygon", "coordinates": [ [ [ [ -122.726868, 47.207394 ], [ -122.719727, 47.21096 ], [ -122.716695, 47.216775 ], [ -122.709802, 47.222264 ], [ -122.707188, 47.224847 ], [ -122.704573, 47.23098 ], [ -122.702477, 47.231186 ], [ -122.691772, 47.231186 ], [ -122.685226, 47.232376 ], [ -122.679871, 47.231186 ], [ -122.676052, 47.226138 ], [ -122.667495, 47.223394 ], [ -122.668684, 47.215807 ], [ -122.664643, 47.214031 ], [ -122.662029, 47.214192 ], [ -122.662504, 47.217421 ], [ -122.659645, 47.219292 ], [ -122.648719, 47.215645 ], [ -122.64418, 47.209179 ], [ -122.6418, 47.205013 ], [ -122.642395, 47.200848 ], [ -122.647751, 47.197281 ], [ -122.657275, 47.193523 ], [ -122.677716, 47.1911 ], [ -122.687698, 47.192554 ], [ -122.69269, 47.193039 ], [ -122.69673, 47.196107 ], [ -122.701881, 47.197876 ], [ -122.715269, 47.199014 ], [ -122.722098, 47.201503 ], [ -122.726868, 47.204418 ], [ -122.726868, 47.207394 ] ] ], [ [ [ -122.741737, 47.155045 ], [ -122.737579, 47.15683 ], [ -122.732382, 47.159272 ], [ -122.727153, 47.160727 ], [ -122.729768, 47.163636 ], [ -122.729843, 47.166943 ], [ -122.723892, 47.17646 ], [ -122.717646, 47.179147 ], [ -122.710808, 47.185383 ], [ -122.706713, 47.187385 ], [ -122.695779, 47.189001 ], [ -122.692576, 47.184338 ], [ -122.681656, 47.181217 ], [ -122.673927, 47.174675 ], [ -122.67415, 47.167837 ], [ -122.673437, 47.149898 ], [ -122.67724, 47.148443 ], [ -122.677478, 47.145048 ], [ -122.675498, 47.141964 ], [ -122.684249, 47.139857 ], [ -122.688411, 47.143432 ], [ -122.694829, 47.143755 ], [ -122.695343, 47.140175 ], [ -122.696968, 47.135671 ], [ -122.692963, 47.130653 ], [ -122.694748, 47.125896 ], [ -122.698827754559005, 47.124819 ], [ -122.702434, 47.123867 ], [ -122.704820197163997, 47.124818834188801 ], [ -122.711998, 47.127682 ], [ -122.722162, 47.137127 ], [ -122.729768, 47.140683 ], [ -122.733333, 47.146018 ], [ -122.742928, 47.151474 ], [ -122.741737, 47.155045 ] ] ], [ [ [ -122.830884486901994, 47.245619584097597 ], [ -122.830838162305, 47.245673 ], [ -122.82869, 47.24815 ], [ -122.828232, 47.251745 ], [ -122.825003808214007, 47.257633696301703 ], [ -122.822072, 47.257755 ], [ -122.821175, 47.258069 ], [ -122.817615, 47.257839 ], [ -122.814606, 47.259222 ], [ -122.809983, 47.26247 ], [ -122.808249, 47.261575 ], [ -122.7988, 47.261222 ], [ -122.793272, 47.262557 ], [ -122.787927, 47.264794 ], [ -122.785912, 47.264828 ], [ -122.777984, 47.264789 ], [ -122.776721, 47.265504 ], [ -122.77209, 47.266668 ], [ -122.768417, 47.26873 ], [ -122.768207, 47.268629 ], [ -122.766754, 47.269553 ], [ -122.756843398390998, 47.2737555230851 ], [ -122.756445438655007, 47.2736070206509 ], [ -122.752632, 47.272184 ], [ -122.751099171742993, 47.272881209039099 ], [ -122.749066, 47.273806 ], [ -122.746492, 47.272501 ], [ -122.750018, 47.266862 ], [ -122.750018, 47.263112049382798 ], [ -122.750018, 47.262991 ], [ -122.749560607277004, 47.259736400938898 ], [ -122.749542, 47.259604 ], [ -122.745977, 47.26041 ], [ -122.745719372387995, 47.260716031032302 ], [ -122.741224, 47.266056 ], [ -122.735044, 47.265894 ], [ -122.736242058144995, 47.263929302264202 ], [ -122.736271219087001, 47.263881481181102 ], [ -122.737896, 47.261217 ], [ -122.737896, 47.257918 ], [ -122.737896, 47.25541 ], [ -122.733856, 47.250086 ], [ -122.724824, 47.248795 ], [ -122.722198897821002, 47.250933372153298 ], [ -122.721259, 47.251699 ], [ -122.718406, 47.251538 ], [ -122.718150242717002, 47.250901297086898 ], [ -122.717979871094002, 47.250477160156201 ], [ -122.71698, 47.247988 ], [ -122.722209, 47.2446 ], [ -122.722753806911001, 47.239051833125899 ], [ -122.722922, 47.237339 ], [ -122.724751439149998, 47.235941431606001 ], [ -122.724824, 47.235886 ], [ -122.724789750829999, 47.235804604180302 ], [ -122.723237097972003, 47.232114603804298 ], [ -122.721972, 47.229108 ], [ -122.719649246187004, 47.227166358220202 ], [ -122.718882, 47.226525 ], [ -122.719833, 47.220876 ], [ -122.727914, 47.215387 ], [ -122.736457114949999, 47.210652386964398 ], [ -122.736945, 47.210382 ], [ -122.737028178543994, 47.209972549351797 ], [ -122.737384, 47.208221 ], [ -122.740986, 47.206184 ], [ -122.74574, 47.206507 ], [ -122.748116, 47.210866 ], [ -122.748592, 47.219746 ], [ -122.750705269771998, 47.216567362822403 ], [ -122.753932767346001, 47.211712779694203 ], [ -122.755247, 47.209736 ], [ -122.753008913046997, 47.2084694248448 ], [ -122.752395, 47.208122 ], [ -122.750318339201002, 47.201068500491601 ], [ -122.74978, 47.19924 ], [ -122.745743, 47.19924 ], [ -122.74574, 47.19924 ], [ -122.740511, 47.200209 ], [ -122.740461192647999, 47.200184836770298 ], [ -122.740386277888007, 47.200148493088498 ], [ -122.738493, 47.19923 ], [ -122.744314, 47.192619 ], [ -122.747166, 47.189227 ], [ -122.746215, 47.185512 ], [ -122.747879, 47.183412 ], [ -122.747403, 47.180989 ], [ -122.744076, 47.178565 ], [ -122.751206, 47.175496 ], [ -122.752116524941002, 47.172547086416003 ], [ -122.752157, 47.172416 ], [ -122.756435, 47.169679 ], [ -122.763803, 47.166124 ], [ -122.768829638200003, 47.166757474747499 ], [ -122.771619, 47.167109 ], [ -122.774428071626005, 47.171560813363797 ], [ -122.774974, 47.172426 ], [ -122.775182625933994, 47.174169813579901 ], [ -122.775476, 47.176622 ], [ -122.776268023124999, 47.178575390367698 ], [ -122.777852, 47.182482 ], [ -122.779015, 47.18535 ], [ -122.784244, 47.185189 ], [ -122.78971, 47.187612 ], [ -122.797513, 47.199417 ], [ -122.806469, 47.210587 ], [ -122.807536, 47.217163 ], [ -122.807495416978995, 47.2180198668202 ], [ -122.807375216338002, 47.2205577740352 ], [ -122.807299, 47.222167 ], [ -122.810626, 47.225718 ], [ -122.818707, 47.227817 ], [ -122.823936, 47.231045 ], [ -122.827739, 47.238791 ], [ -122.832799, 47.243412 ], [ -122.830884486901994, 47.245619584097597 ] ] ] ] } },
{ "type": "Feature", "properties": { "geoid": "53061052211", "county_name": "Snohomish County", "place_name": null, "state_name": "Washington", "state_abbr": "WA", "is_rural": true, "dci_score": 37.2, "dci_quintile": 5.0, "is_cra_lmi": false, "income_level": "U", "is_persistent_poverty": false, "is_tribal_overlap": false, "tribal_area_name": null, "aian_pct": 0.0, "has_nmtc": false, "nmtc_projects": 0, "nmtc_total_usd": 0.0 }, "geometry": { "type": "Polygon", "coordinates": [ [ [ -122.04685, 47.83137 ], [ -122.043379, 47.83133 ], [ -122.034139, 47.829338 ], [ -122.0306, 47.829424 ], [ -122.028798, 47.830164 ], [ -122.020226, 47.83526 ], [ -122.017502, 47.837306 ], [ -122.013955, 47.84228 ], [ -122.012177, 47.844986 ], [ -122.010041, 47.847235 ], [ -122.007255, 47.848728 ], [ -122.005946, 47.848403 ], [ -122.002626, 47.848778 ], [ -121.998226, 47.850393 ], [ -121.993183, 47.85047 ], [ -121.991862, 47.845655 ], [ -121.991609, 47.841351 ], [ -121.991657, 47.840302 ], [ -121.992159, 47.839588 ], [ -121.990899, 47.839347 ], [ -121.990561, 47.839279 ], [ -121.991825, 47.83889 ], [ -121.994049, 47.836393 ], [ -121.994054, 47.831572 ], [ -121.995212, 47.82943 ], [ -121.998031, 47.827308 ], [ -122.000717, 47.826341 ], [ -122.003328, 47.826932 ], [ -122.01236, 47.825047 ], [ -122.017761, 47.824123 ], [ -122.021317, 47.824608 ], [ -122.02594, 47.822853 ], [ -122.029533, 47.822502 ], [ -122.031982, 47.82275 ], [ -122.044061, 47.831022 ], [ -122.04685, 47.83137 ] ] ] } },
{ "type": "Feature", "properties": { "geoid": "53077000200", "county_name": "Yakima County", "place_name": null, "state_name": "Washington", "state_abbr": "WA", "is_rural": false, "dci_score": 80.1, "dci_quintile": 3.0, "is_cra_lmi": true, "income_level": "M", "is_persistent_poverty": false, "is_tribal_overlap": false, "tribal_area_name": null, "aian_pct": 0.0, "has_nmtc": true, "nmtc_projects": 1, "nmtc_total_usd": 0.0 }, "geometry": { "type": "Polygon", "coordinates": [ [ [ -120.519374, 46.626059 ], [ -120.511905, 46.626043 ], [ -120.507729, 46.626522 ], [ -120.499691, 46.622905 ], [ -120.497191, 46.62116 ], [ -120.493322, 46.617511 ], [ -120.489304, 46.609719 ], [ -120.485658, 46.605085 ], [ -120.481094, 46.59957 ], [ -120.482868, 46.599591 ], [ -120.48749, 46.59958 ], [ -120.488136, 46.599404 ], [ -120.488103, 46.603688 ], [ -120.487515, 46.605106 ], [ -120.494065, 46.605003 ], [ -120.493533, 46.606598 ], [ -120.493859, 46.607871 ], [ -120.505774, 46.605107 ], [ -120.507036, 46.607593 ], [ -120.507656, 46.608835 ], [ -120.510177, 46.614336 ], [ -120.51401, 46.614336 ], [ -120.519158, 46.62558 ], [ -120.519374, 46.626059 ] ] ] } },
{ "type": "Feature", "properties": { "geoid": "53035080800", "county_name": "Kitsap County", "place_name": null, "state_name": "Washington", "state_abbr": "WA", "is_rural": true, "dci_score": 44.1, "dci_quintile": 5.0, "is_cra_lmi": true, "income_level": "M", "is_persistent_poverty": false, "is_tribal_overlap": false, "tribal_area_name": null, "aian_pct": 0.0, "has_nmtc": false, "nmtc_projects": 0, "nmtc_total_usd": 0.0 }, "geometry": { "type": "Polygon", "coordinates": [ [ [ -122.698085, 47.589133 ], [ -122.697162, 47.595005 ], [ -122.697836, 47.596343 ], [ -122.689256, 47.596353 ], [ -122.688118, 47.595286 ], [ -122.683103, 47.594882 ], [ -122.682454, 47.596453 ], [ -122.68256, 47.586696 ], [ -122.682572, 47.585568 ], [ -122.682592, 47.583753 ], [ -122.682614, 47.581775 ], [ -122.687706, 47.581838 ], [ -122.688161, 47.582408 ], [ -122.693669, 47.582359 ], [ -122.69516, 47.582684 ], [ -122.697497, 47.58388 ], [ -122.697857, 47.585293 ], [ -122.698085, 47.589133 ] ] ] } },
{ "type": "Feature", "properties": { "geoid": "53021020603", "county_name": "Franklin County", "place_name": null, "state_name": "Washington", "state_abbr": "WA", "is_rural": false, "dci_score": 46.6, "dci_quintile": 5.0, "is_cra_lmi": false, "income_level": "U", "is_persistent_poverty": false, "is_tribal_overlap": false, "tribal_area_name": null, "aian_pct": 0.0, "has_nmtc": false, "nmtc_projects": 0, "nmtc_total_usd": 0.0 }, "geometry": { "type": "Polygon", "coordinates": [ [ [ -119.22163, 46.270919 ], [ -119.221506, 46.275132 ], [ -119.214998, 46.27524 ], [ -119.21159, 46.274504 ], [ -119.200064, 46.270948 ], [ -119.182392, 46.265498 ], [ -119.180702, 46.259749 ], [ -119.180229, 46.258392 ], [ -119.181029, 46.258207 ], [ -119.18492, 46.258644 ], [ -119.187277, 46.258832 ], [ -119.200573, 46.261581 ], [ -119.201769, 46.261656 ], [ -119.208427, 46.264371 ], [ -119.21202, 46.265266 ], [ -119.220539, 46.267901 ], [ -119.221786, 46.267542 ], [ -119.22163, 46.270919 ] ] ] } },
{ "type": "Feature", "properties": { "geoid": "53025010800", "county_name": "Grant County", "place_name": "Chehalis", "state_name": "Washington", "state_abbr": "WA", "is_rural": true, "dci_score": 61.0, "dci_quintile": 4.0, "is_cra_lmi": true, "income_level": "M", "is_persistent_poverty": false, "is_tribal_overlap": false, "tribal_area_name": null, "aian_pct": 0.0, "has_nmtc": true, "nmtc_projects": 1, "nmtc_total_usd": 0.0 }, "geometry": { "type": "Polygon", "coordinates": [ [ [ -119.362594, 47.205331 ], [ -119.352202, 47.205264 ], [ -119.341625, 47.204956 ], [ -119.341502, 47.234425 ], [ -119.277375, 47.233647 ], [ -119.277434, 47.225293 ], [ -119.273167, 47.221674 ], [ -119.271527, 47.217912 ], [ -119.269557, 47.216266 ], [ -119.269333, 47.214561 ], [ -119.270244, 47.212412 ], [ -119.268306, 47.210667 ], [ -119.268791, 47.207695 ], [ -119.267779, 47.204855 ], [ -119.267653, 47.201 ], [ -119.268122, 47.198856 ], [ -119.26778, 47.19318 ], [ -119.266574, 47.192291 ], [ -119.26611, 47.189696 ], [ -119.288548, 47.189816 ], [ -119.288588, 47.186867 ], [ -119.289208, 47.18625 ], [ -119.293143, 47.1862 ], [ -119.296141, 47.183516 ], [ -119.2992, 47.181825 ], [ -119.299304, 47.167715 ], [ -119.299307, 47.163424 ], [ -119.299361, 47.162746 ], [ -119.299365, 47.1605 ], [ -119.312394, 47.160581 ], [ -119.32172, 47.160595 ], [ -119.323586, 47.161849 ], [ -119.325269, 47.163804 ], [ -119.328656, 47.17086 ], [ -119.329893, 47.173427 ], [ -119.337654, 47.173458 ], [ -119.342395, 47.180379 ], [ -119.352806, 47.183657 ], [ -119.352702, 47.187901 ], [ -119.350499, 47.189604 ], [ -119.34891, 47.189951 ], [ -119.362963, 47.198847 ], [ -119.362594, 47.205331 ] ] ] } },
{ "type": "Feature", "properties": { "geoid": "53033031101", "county_name": "King County", "place_name": null, "state_name": "Washington", "state_abbr": "WA", "is_rural": false, "dci_score": 27.6, "dci_quintile": 5.0, "is_cra_lmi": true, "income_level": "M", "is_persistent_poverty": false, "is_tribal_overlap": true, "tribal_area_name": "Muckleshoot Reservation", "aian_pct": 0.0, "has_nmtc": true, "nmtc_projects": 1, "nmtc_total_usd": 0.0 }, "geometry": { "type": "Polygon", "coordinates": [ [ [ -122.213383, 47.302816 ], [ -122.213381, 47.303469 ], [ -122.206108, 47.303144 ], [ -122.197623, 47.300971 ], [ -122.197172, 47.300971 ], [ -122.192213, 47.299683 ], [ -122.187632, 47.298563 ], [ -122.186873, 47.298461 ], [ -122.183873, 47.298608 ], [ -122.181496, 47.299486 ], [ -122.180283, 47.300385 ], [ -122.177059, 47.302985 ], [ -122.17525, 47.301852 ], [ -122.172449, 47.299525 ], [ -122.171133, 47.296321 ], [ -122.168543, 47.294005 ], [ -122.164312, 47.293549 ], [ -122.163548, 47.291555 ], [ -122.160361, 47.288406 ], [ -122.161482, 47.286353 ], [ -122.164756, 47.282897 ], [ -122.165841, 47.282357 ], [ -122.167415, 47.281477 ], [ -122.175041, 47.286394 ], [ -122.177104, 47.287755 ], [ -122.178541, 47.288231 ], [ -122.186823, 47.288245 ], [ -122.189525, 47.288237 ], [ -122.190899, 47.288281 ], [ -122.192464, 47.288361 ], [ -122.194815, 47.288679 ], [ -122.196614, 47.289039 ], [ -122.208037, 47.291886 ], [ -122.21016, 47.292467 ], [ -122.212709, 47.293724 ], [ -122.213396, 47.294235 ], [ -122.213383, 47.302816 ] ] ] } },
{ "type": "Feature", "properties": { "geoid": "53075000601", "county_name": "Whitman County", "place_name": null, "state_name": "Washington", "state_abbr": "WA", "is_rural": true, "dci_score": 52.2, "dci_quintile": 5.0, "is_cra_lmi": true, "income_level": "L", "is_persistent_poverty": false, "is_tribal_overlap": false, "tribal_area_name": null, "aian_pct": 0.0, "has_nmtc": false, "nmtc_projects": 0, "nmtc_total_usd": 0.0 }, "geometry": { "type": "Polygon", "coordinates": [ [ [ -117.17096, 46.74264 ], [ -117.17245, 46.74735 ], [ -117.17159, 46.75044 ], [ -117.1701, 46.74986 ], [ -117.16777, 46.74517 ], [ -117.16636, 46.74402 ], [ -117.16343, 46.7436 ], [ -117.16119, 46.74406 ], [ -117.15663, 46.74404 ], [ -117.15515, 46.74308 ], [ -117.15687, 46.74264 ], [ -117.159493, 46.740324 ], [ -117.15538, 46.73963 ], [ -117.1559, 46.7374 ], [ -117.15769, 46.73607 ], [ -117.15951, 46.7354 ], [ -117.16029, 46.73592 ], [ -117.16795, 46.73811 ], [ -117.1728, 46.73977 ], [ -117.17096, 46.74264 ] ] ] } },
{ "type": "Feature", "properties": { "geoid": "53061041810", "county_name": "Snohomish County", "place_name": null, "state_name": "Washington", "state_abbr": "WA", "is_rural": false, "dci_score": 82.5, "dci_quintile": 2.0, "is_cra_lmi": true, "income_level": "M", "is_persistent_poverty": false, "is_tribal_overlap": false, "tribal_area_name": null, "aian_pct": 0.0, "has_nmtc": false, "nmtc_projects": 0, "nmtc_total_usd": 0.0 }, "geometry": { "type": "Polygon", "coordinates": [ [ [ -122.257239, 47.890694 ], [ -122.251827, 47.890734 ], [ -122.25054, 47.891537 ], [ -122.249199, 47.891513 ], [ -122.246574, 47.889211 ], [ -122.247027, 47.886785 ], [ -122.247382, 47.885594 ], [ -122.238815, 47.885591 ], [ -122.238814, 47.881905 ], [ -122.246912, 47.881907 ], [ -122.249588, 47.881877 ], [ -122.250343, 47.881944 ], [ -122.252378, 47.882599 ], [ -122.254191, 47.884363 ], [ -122.258412, 47.889419 ], [ -122.257239, 47.890694 ] ] ] } },
{ "type": "Feature", "properties": { "geoid": "53061051402", "county_name": "Snohomish County", "place_name": null, "state_name": "Washington", "state_abbr": "WA", "is_rural": false, "dci_score": 54.5, "dci_quintile": 4.0, "is_cra_lmi": true, "income_level": "M", "is_persistent_poverty": false, "is_tribal_overlap": false, "tribal_area_name": null, "aian_pct": 0.0, "has_nmtc": false, "nmtc_projects": 0, "nmtc_total_usd": 0.0 }, "geometry": { "type": "Polygon", "coordinates": [ [ [ -122.313279, 47.807481 ], [ -122.313292, 47.810253 ], [ -122.308633, 47.810224 ], [ -122.308656, 47.813838 ], [ -122.308659, 47.815673 ], [ -122.308672, 47.817489 ], [ -122.308684, 47.819306 ], [ -122.312598, 47.819329 ], [ -122.311071, 47.8212 ], [ -122.30656, 47.82148 ], [ -122.29785, 47.821034 ], [ -122.292382, 47.82099 ], [ -122.28109, 47.820953 ], [ -122.279594, 47.82094 ], [ -122.292255, 47.814182 ], [ -122.292274, 47.812426 ], [ -122.292328, 47.811863 ], [ -122.292305, 47.808702 ], [ -122.292308, 47.80824 ], [ -122.292337, 47.806436 ], [ -122.297793, 47.80649 ], [ -122.303211, 47.806537 ], [ -122.305797, 47.806533 ], [ -122.312095, 47.807278 ], [ -122.314392, 47.806668 ], [ -122.313279, 47.807481 ] ] ] } },
{ "type": "Feature", "properties": { "geoid": "53061041814", "county_name": "Snohomish County", "place_name": null, "state_name": "Washington", "state_abbr": "WA", "is_rural": false, "dci_score": 26.3, "dci_quintile": 5.0, "is_cra_lmi": true, "income_level": "L", "is_persistent_poverty": false, "is_tribal_overlap": false, "tribal_area_name": null, "aian_pct": 0.0, "has_nmtc": false, "nmtc_projects": 0, "nmtc_total_usd": 0.0 }, "geometry": { "type": "Polygon", "coordinates": [ [ [ -122.232534, 47.897344 ], [ -122.232675, 47.900084 ], [ -122.232178, 47.900085 ], [ -122.228073, 47.900099 ], [ -122.228087, 47.900749 ], [ -122.228132, 47.902811 ], [ -122.228153, 47.903767 ], [ -122.228217, 47.90672 ], [ -122.22823, 47.907396 ], [ -122.228234, 47.908284 ], [ -122.223321, 47.909578 ], [ -122.223291, 47.907414 ], [ -122.211842, 47.907176 ], [ -122.211996, 47.906885 ], [ -122.212506, 47.905956 ], [ -122.216578, 47.896427 ], [ -122.22305, 47.89647 ], [ -122.228053, 47.896488 ], [ -122.229493, 47.896488 ], [ -122.23216, 47.896488 ], [ -122.233557, 47.896493 ], [ -122.232534, 47.897344 ] ] ] } },
{ "type": "Feature", "properties": { "geoid": "53033008900", "county_name": "King County", "place_name": "Elk Plain", "state_name": "Washington", "state_abbr": "WA", "is_rural": false, "dci_score": 46.0, "dci_quintile": 5.0, "is_cra_lmi": false, "income_level": "U", "is_persistent_poverty": false, "is_tribal_overlap": false, "tribal_area_name": null, "aian_pct": 0.0, "has_nmtc": false, "nmtc_projects": 0, "nmtc_total_usd": 0.0 }, "geometry": { "type": "Polygon", "coordinates": [ [ [ -122.302214, 47.593403 ], [ -122.302231, 47.597876 ], [ -122.302335, 47.601665 ], [ -122.29677, 47.601654 ], [ -122.292519, 47.601646 ], [ -122.291302, 47.601644 ], [ -122.29133, 47.600856 ], [ -122.29031, 47.60085 ], [ -122.28948, 47.600257 ], [ -122.289695, 47.599578 ], [ -122.288997, 47.599201 ], [ -122.288419, 47.599369 ], [ -122.288463, 47.600358 ], [ -122.287631, 47.600951 ], [ -122.288237, 47.60133 ], [ -122.2877, 47.601645 ], [ -122.286009, 47.601745 ], [ -122.281211, 47.60152 ], [ -122.265147, 47.601321 ], [ -122.266327, 47.591805 ], [ -122.273032, 47.590848 ], [ -122.285935, 47.59092 ], [ -122.290426, 47.591151 ], [ -122.291445, 47.592132 ], [ -122.293411, 47.592139 ], [ -122.297631, 47.592027 ], [ -122.301293, 47.591893 ], [ -122.302502, 47.591891 ], [ -122.302214, 47.593403 ] ] ] } },
{ "type": "Feature", "properties": { "geoid": "53069950100", "county_name": "Wahkiakum County", "place_name": "Tacoma", "state_name": "Washington", "state_abbr": "WA", "is_rural": true, "dci_score": 48.7, "dci_quintile": 5.0, "is_cra_lmi": false, "income_level": "U", "is_persistent_poverty": false, "is_tribal_overlap": false, "tribal_area_name": null, "aian_pct": 0.0, "has_nmtc": false, "nmtc_projects": 0, "nmtc_total_usd": 0.0 }, "geometry": { "type": "Polygon", "coordinates": [ [ [ -123.727799, 46.307545 ], [ -123.72736, 46.314651 ], [ -123.726557, 46.384872 ], [ -123.657344, 46.384458 ], [ -123.558109, 46.384068 ], [ -123.522895, 46.383946 ], [ -123.510349, 46.383755 ], [ -123.490767, 46.383583 ], [ -123.358334, 46.384025 ], [ -123.321069, 46.383948 ], [ -123.317572, 46.383721 ], [ -123.279815, 46.383641 ], [ -123.275247, 46.384014 ], [ -123.259068, 46.383458 ], [ -123.253989, 46.383724 ], [ -123.244098, 46.384625 ], [ -123.239326, 46.384838 ], [ -123.21795, 46.385617 ], [ -123.218309, 46.369735 ], [ -123.218152, 46.363066 ], [ -123.217078, 46.355862 ], [ -123.217512, 46.341546 ], [ -123.216163, 46.326173 ], [ -123.216098, 46.324123 ], [ -123.215137, 46.283523 ], [ -123.216146, 46.269696 ], [ -123.216718, 46.231409 ], [ -123.21592, 46.213402 ], [ -123.213828, 46.213435 ], [ -123.214075, 46.206254 ], [ -123.213995, 46.199012 ], [ -123.213219, 46.172981 ], [ -123.213054, 46.172541 ], [ -123.22243, 46.167682 ], [ -123.230813, 46.164287 ], [ -123.242026, 46.160968 ], [ -123.251233, 46.156452 ], [ -123.280166, 46.144843 ], [ -123.301034, 46.144632 ], [ -123.302588994244005, 46.144706518110198 ], [ -123.332335, 46.146132 ], [ -123.340655, 46.146183 ], [ -123.346252, 46.145065 ], [ -123.360561, 46.146305 ], [ -123.363743140809007, 46.146324610323198 ], [ -123.371433, 46.146372 ], [ -123.379541, 46.150998 ], [ -123.390404, 46.154428 ], [ -123.422645419530994, 46.175991927022103 ], [ -123.430987, 46.181571 ], [ -123.428054143685003, 46.223299134656699 ], [ -123.427629, 46.229348 ], [ -123.436254852847, 46.238198972785597 ], [ -123.447592, 46.249832 ], [ -123.464551815959993, 46.2616183143491 ], [ -123.468743, 46.264531 ], [ -123.474844, 46.267831 ], [ -123.479644, 46.269131 ], [ -123.501245, 46.271004 ], [ -123.516188, 46.266153 ], [ -123.526391, 46.263404 ], [ -123.538092, 46.26061 ], [ -123.547659, 46.259109 ], [ -123.547636, 46.265595 ], [ -123.552245344263994, 46.265408555457 ], [ -123.555560371895993, 46.265274465057999 ], [ -123.557158112902997, 46.265209837624099 ], [ -123.559923, 46.265098 ], [ -123.560537630631003, 46.264830734024301 ], [ -123.562954, 46.26378 ], [ -123.56438, 46.261315 ], [ -123.569157318470005, 46.261638952795103 ], [ -123.576502, 46.262137 ], [ -123.581642, 46.260502 ], [ -123.589094, 46.260588 ], [ -123.603197, 46.261638 ], [ -123.613544, 46.259988 ], [ -123.624883, 46.261537 ], [ -123.635619, 46.265222 ], [ -123.651371, 46.265423 ], [ -123.669501, 46.266832 ], [ -123.676559906305997, 46.270990769613199 ], [ -123.679125, 46.272502 ], [ -123.68008, 46.277943 ], [ -123.678772837078, 46.283484954786303 ], [ -123.678069, 46.286469 ], [ -123.67876, 46.290721 ], [ -123.680574, 46.296025 ], [ -123.687763, 46.299235 ], [ -123.700729, 46.304603 ], [ -123.715412141103997, 46.302456407590903 ], [ -123.724273, 46.301161 ], [ -123.724060427875003, 46.295640456679202 ], [ -123.724038, 46.295058 ], [ -123.727895566157997, 46.289685234114998 ], [ -123.727799, 46.307545 ] ] ] } },
{ "type": "Feature", "properties": { "geoid": "53041970700", "county_name": "Lewis County", "place_name": null, "state_name": "Washington", "state_abbr": "WA", "is_rural": true, "dci_score": 69.9, "dci_quintile": 3.0, "is_cra_lmi": true, "income_level": "M", "is_persistent_poverty": false, "is_tribal_overlap": false, "tribal_area_name": null, "aian_pct": 0.0, "has_nmtc": false, "nmtc_projects": 0, "nmtc_total_usd": 0.0 }, "geometry": { "type": "Polygon", "coordinates": [ [ [ -122.97444, 46.710006 ], [ -122.970503, 46.709913 ], [ -122.969288, 46.712686 ], [ -122.967092, 46.7178 ], [ -122.957999, 46.715955 ], [ -122.957596, 46.716903 ], [ -122.955517, 46.716479 ], [ -122.953342, 46.716037 ], [ -122.95202, 46.715769 ], [ -122.944787, 46.71429 ], [ -122.943431, 46.714793 ], [ -122.94258, 46.712221 ], [ -122.940959, 46.710785 ], [ -122.938843, 46.710031 ], [ -122.937807, 46.709923 ], [ -122.935745, 46.710142 ], [ -122.93486, 46.710439 ], [ -122.934011, 46.711091 ], [ -122.933058, 46.711281 ], [ -122.930065, 46.70932 ], [ -122.926879, 46.708805 ], [ -122.922195, 46.710371 ], [ -122.920791, 46.709909 ], [ -122.917313, 46.706994 ], [ -122.91431, 46.706024 ], [ -122.909301, 46.706196 ], [ -122.906942, 46.708439 ], [ -122.906386, 46.709713 ], [ -122.906658, 46.712578 ], [ -122.904951, 46.714432 ], [ -122.901949, 46.714182 ], [ -122.90047, 46.714584 ], [ -122.896456, 46.717507 ], [ -122.894204, 46.717846 ], [ -122.891428, 46.717048 ], [ -122.887367, 46.717039 ], [ -122.885041, 46.719044 ], [ -122.884853, 46.721075 ], [ -122.883682, 46.720553 ], [ -122.879127, 46.720321 ], [ -122.881819, 46.717053 ], [ -122.883849, 46.713334 ], [ -122.883749, 46.710415 ], [ -122.88641, 46.708359 ], [ -122.887282, 46.707046 ], [ -122.887312, 46.697547 ], [ -122.889236, 46.69493 ], [ -122.889801, 46.692475 ], [ -122.890851, 46.691787 ], [ -122.900782, 46.691821 ], [ -122.904978, 46.691313 ], [ -122.908218, 46.69209 ], [ -122.913939, 46.695016 ], [ -122.918689, 46.6967 ], [ -122.922527, 46.699099 ], [ -122.926415, 46.700133 ], [ -122.929223, 46.701995 ], [ -122.929196, 46.699545 ], [ -122.931316, 46.700157 ], [ -122.936834, 46.700485 ], [ -122.940758, 46.702323 ], [ -122.941476, 46.702368 ], [ -122.950091, 46.699448 ], [ -122.950611, 46.698958 ], [ -122.953973, 46.697595 ], [ -122.955028, 46.694846 ], [ -122.954883, 46.693852 ], [ -122.958586, 46.689273 ], [ -122.96351, 46.688788 ], [ -122.964239, 46.688933 ], [ -122.964549, 46.691769 ], [ -122.964826, 46.691773 ], [ -122.965875, 46.691926 ], [ -122.96832, 46.690617 ], [ -122.96989, 46.691162 ], [ -122.969749, 46.694356 ], [ -122.973691, 46.706328 ], [ -122.975397, 46.711854 ], [ -122.97444, 46.710006 ] ] ] } },
{ "type": "Feature", "properties": { "geoid": "53053071808", "county_name": "Pierce County", "place_name": null, "state_name": "Washington", "state_abbr": "WA", "is_rural": false, "dci_score": 79.2, "dci_quintile": 3.0, "is_cra_lmi": true, "income_level": "L", "is_persistent_poverty": false, "is_tribal_overlap": false, "tribal_area_name": null, "aian_pct": 0.0, "has_nmtc": false, "nmtc_projects": 0, "nmtc_total_usd": 0.0 }, "geometry": { "type": "Polygon", "coordinates": [ [ [ -122.483811, 47.177508 ], [ -122.483794, 47.181139 ], [ -122.483674, 47.184748 ], [ -122.473894, 47.18479 ], [ -122.464516, 47.184684 ], [ -122.463794, 47.184692 ], [ -122.464814, 47.181045 ], [ -122.465837, 47.177421 ], [ -122.466873, 47.175822 ], [ -122.472476, 47.170205 ], [ -122.47501, 47.170216 ], [ -122.483686, 47.170235 ], [ -122.483805, 47.17666 ], [ -122.483811, 47.177508 ] ] ] } },
{ "type": "Feature", "properties": { "geoid": "53049950302", "county_name": "Pacific County", "place_name": null, "state_name": "Washington", "state_abbr": "WA", "is_rural": true, "dci_score": 77.8, "dci_quintile": 3.0, "is_cra_lmi": false, "income_level": "U", "is_persistent_poverty": false, "is_tribal_overlap": false, "tribal_area_name": null, "aian_pct": 0.0, "has_nmtc": false, "nmtc_projects": 0, "nmtc_total_usd": 0.0 }, "geometry": { "type": "Polygon", "coordinates": [ [ [ -123.823829, 46.64474 ], [ -123.81678, 46.64765 ], [ -123.813122, 46.648581 ], [ -123.810401, 46.650092 ], [ -123.809996, 46.653214 ], [ -123.811149, 46.656789 ], [ -123.813003, 46.658324 ], [ -123.814733, 46.658393 ], [ -123.816433, 46.659566 ], [ -123.814576, 46.661356 ], [ -123.815388, 46.662155 ], [ -123.816075, 46.663343 ], [ -123.809396, 46.667145 ], [ -123.806827, 46.665406 ], [ -123.801002, 46.664988 ], [ -123.796211, 46.666514 ], [ -123.792592, 46.66857 ], [ -123.790454, 46.671112 ], [ -123.788956, 46.672804 ], [ -123.782608, 46.677169 ], [ -123.780636, 46.67816 ], [ -123.778202, 46.677981 ], [ -123.778188, 46.676372 ], [ -123.77664, 46.674989 ], [ -123.77801, 46.672453 ], [ -123.777188, 46.669856 ], [ -123.778192, 46.669579 ], [ -123.782461, 46.668751 ], [ -123.782064, 46.66674 ], [ -123.775889, 46.665343 ], [ -123.777987, 46.664246 ], [ -123.778614, 46.663144 ], [ -123.777352, 46.663058 ], [ -123.778017, 46.661093 ], [ -123.782268, 46.658808 ], [ -123.786584, 46.657964 ], [ -123.791996, 46.654673 ], [ -123.794818, 46.653485 ], [ -123.799864, 46.65232 ], [ -123.800166, 46.639314 ], [ -123.802124, 46.638697 ], [ -123.810518, 46.638361 ], [ -123.813492, 46.6376 ], [ -123.817059, 46.635495 ], [ -123.820229, 46.635105 ], [ -123.821442, 46.636768 ], [ -123.821864, 46.640149 ], [ -123.824207, 46.642891 ], [ -123.823829, 46.64474 ] ] ] } },
{ "type": "Feature", "properties": { "geoid": "53063002502", "county_name": "Spokane County", "place_name": null, "state_name": "Washington", "state_abbr": "WA", "is_rural": false, "dci_score": 78.6, "dci_quintile": 3.0, "is_cra_lmi": true, "income_level": "M", "is_persistent_poverty": false, "is_tribal_overlap": false, "tribal_area_name": null, "aian_pct": 0.0, "has_nmtc": false, "nmtc_projects": 0, "nmtc_total_usd": 0.0 }, "geometry": { "type": "Polygon", "coordinates": [ [ [ -117.396698, 47.681416 ], [ -117.389118, 47.681422 ], [ -117.389124, 47.680391 ], [ -117.389811, 47.678867 ], [ -117.390376, 47.671723 ], [ -117.387547, 47.67177 ], [ -117.390726, 47.666625 ], [ -117.393254, 47.662082 ], [ -117.395929, 47.660053 ], [ -117.396531, 47.661823 ], [ -117.396545, 47.670624 ], [ -117.396548, 47.671665 ], [ -117.396551, 47.67375 ], [ -117.396561, 47.677531 ], [ -117.396698, 47.681416 ] ] ] } },
{ "type": "Feature", "properties": { "geoid": "53047970700", "county_name": "Okanogan County", "place_name": null, "state_name": "Washington", "state_abbr": "WA", "is_rural": true, "dci_score": 80.1, "dci_quintile": 3.0, "is_cra_lmi": true, "income_level": "M", "is_persistent_poverty": false, "is_tribal_overlap": true, "tribal_area_name": "Colville Reservation", "aian_pct": 0.0, "has_nmtc": false, "nmtc_projects": 0, "nmtc_total_usd": 0.0 }, "geometry": { "type": "Polygon", "coordinates": [ [ [ -119.797135, 48.319119 ], [ -119.7949, 48.321279 ], [ -119.794084, 48.324273 ], [ -119.79225, 48.328803 ], [ -119.790592, 48.329978 ], [ -119.786533, 48.33163 ], [ -119.779017, 48.332493 ], [ -119.775372, 48.335472 ], [ -119.773847, 48.335945 ], [ -119.764392, 48.337141 ], [ -119.76523, 48.337762 ], [ -119.761631, 48.337989 ], [ -119.759768, 48.33746 ], [ -119.759798, 48.335318 ], [ -119.758018, 48.335217 ], [ -119.751931, 48.332936 ], [ -119.749941, 48.333145 ], [ -119.748515, 48.330981 ], [ -119.745521, 48.330387 ], [ -119.743637, 48.32838 ], [ -119.734059, 48.326926 ], [ -119.732957, 48.326557 ], [ -119.727841, 48.322773 ], [ -119.72751, 48.320873 ], [ -119.725889, 48.319202 ], [ -119.722034, 48.317305 ], [ -119.720664, 48.317102 ], [ -119.717755, 48.312851 ], [ -119.715725, 48.312421 ], [ -119.713203, 48.312543 ], [ -119.712029, 48.311763 ], [ -119.70341, 48.311266 ], [ -119.69878, 48.313007 ], [ -119.697669, 48.312873 ], [ -119.690742, 48.313834 ], [ -119.689749, 48.312523 ], [ -119.686977, 48.313884 ], [ -119.681552, 48.314817 ], [ -119.674975, 48.318208 ], [ -119.673474, 48.320011 ], [ -119.673332, 48.321877 ], [ -119.671451, 48.323005 ], [ -119.668079, 48.323028 ], [ -119.668237, 48.32487 ], [ -119.662074, 48.326173 ], [ -119.65961, 48.326298 ], [ -119.655485, 48.327091 ], [ -119.652782, 48.327089 ], [ -119.645392, 48.329432 ], [ -119.642453, 48.330084 ], [ -119.639395, 48.334439 ], [ -119.637493, 48.337924 ], [ -119.637562, 48.344033 ], [ -119.63787, 48.34609 ], [ -119.635622, 48.346977 ], [ -119.635107, 48.348265 ], [ -119.629918, 48.348305 ], [ -119.629951, 48.358369 ], [ -119.633315, 48.362934 ], [ -119.635312, 48.364443 ], [ -119.637721, 48.368123 ], [ -119.637836, 48.370918 ], [ -119.639592, 48.378497 ], [ -119.638876, 48.381447 ], [ -119.636959, 48.382958 ], [ -119.63371, 48.384302 ], [ -119.632423, 48.385738 ], [ -119.631103, 48.388931 ], [ -119.630634, 48.390125 ], [ -119.630785, 48.393053 ], [ -119.630438, 48.397023 ], [ -119.62663, 48.40595 ], [ -119.625489, 48.406979 ], [ -119.621488, 48.404967 ], [ -119.618696, 48.403194 ], [ -119.615005, 48.400169 ], [ -119.613564, 48.399396 ], [ -119.61109, 48.396905 ], [ -119.607988, 48.395128 ], [ -119.604144, 48.393513 ], [ -119.601404, 48.390941 ], [ -119.598185, 48.389946 ], [ -119.592626, 48.391436 ], [ -119.587696, 48.392296 ], [ -119.58577, 48.391528 ], [ -119.58198, 48.391701 ], [ -119.579545, 48.394343 ], [ -119.575612, 48.395377 ], [ -119.571303, 48.395518 ], [ -119.571278, 48.396562 ], [ -119.57053, 48.396104 ], [ -119.567995, 48.395542 ], [ -119.562604, 48.395273 ], [ -119.561548, 48.393011 ], [ -119.557028, 48.392025 ], [ -119.554421, 48.389975 ], [ -119.547768, 48.388421 ], [ -119.547995, 48.387751 ], [ -119.552138, 48.383255 ], [ -119.557092, 48.378163 ], [ -119.558519, 48.377545 ], [ -119.562895, 48.376183 ], [ -119.567178, 48.374904 ], [ -119.569525, 48.372553 ], [ -119.569575, 48.371656 ], [ -119.57456, 48.367973 ], [ -119.576785, 48.365907 ], [ -119.578156, 48.363497 ], [ -119.579627, 48.361561 ], [ -119.581929, 48.359174 ], [ -119.587652, 48.355676 ], [ -119.593167, 48.3537 ], [ -119.593543, 48.353415 ], [ -119.596912, 48.351126 ], [ -119.598189, 48.349387 ], [ -119.598558, 48.349056 ], [ -119.598576, 48.348284 ], [ -119.598827, 48.347763 ], [ -119.599697, 48.347189 ], [ -119.601553, 48.346634 ], [ -119.60226, 48.34572 ], [ -119.606849, 48.34274 ], [ -119.607641, 48.340022 ], [ -119.607264, 48.336075 ], [ -119.607635, 48.332648 ], [ -119.605617, 48.330434 ], [ -119.605663, 48.329407 ], [ -119.608396, 48.327636 ], [ -119.608522, 48.325971 ], [ -119.607517, 48.324333 ], [ -119.60736, 48.321382 ], [ -119.609167, 48.318973 ], [ -119.609909, 48.318272 ], [ -119.614918, 48.316345 ], [ -119.617611, 48.316008 ], [ -119.620938, 48.314848 ], [ -119.628468, 48.309212 ], [ -119.63364, 48.308196 ], [ -119.63795, 48.306745 ], [ -119.640051, 48.305667 ], [ -119.645257, 48.303831 ], [ -119.649608, 48.301119 ], [ -119.658225, 48.298082 ], [ -119.660394, 48.297593 ], [ -119.663447, 48.297332 ], [ -119.668739, 48.298158 ], [ -119.669643, 48.298022 ], [ -119.674719, 48.293515 ], [ -119.693767, 48.284246 ], [ -119.696923, 48.283332 ], [ -119.702443, 48.282278 ], [ -119.704134, 48.280798 ], [ -119.706835, 48.279684 ], [ -119.717615, 48.27724 ], [ -119.721666, 48.275586 ], [ -119.724751, 48.273129 ], [ -119.728244, 48.271074 ], [ -119.729183, 48.269864 ], [ -119.726637, 48.267322 ], [ -119.727111, 48.26622 ], [ -119.729423, 48.265168 ], [ -119.72963, 48.264145 ], [ -119.731948, 48.264279 ], [ -119.734144, 48.266978 ], [ -119.735965, 48.263895 ], [ -119.73545, 48.266061 ], [ -119.736415, 48.266971 ], [ -119.741309, 48.267176 ], [ -119.744962, 48.266094 ], [ -119.753345, 48.26845 ], [ -119.754283, 48.269476 ], [ -119.755296, 48.27353 ], [ -119.755313, 48.275261 ], [ -119.759744, 48.275588 ], [ -119.761521, 48.274964 ], [ -119.762899, 48.273552 ], [ -119.768775, 48.274758 ], [ -119.770773, 48.2744 ], [ -119.774184, 48.274782 ], [ -119.782531, 48.274584 ], [ -119.783749, 48.273587 ], [ -119.787081, 48.273743 ], [ -119.789071, 48.276772 ], [ -119.789879, 48.277211 ], [ -119.790121, 48.280046 ], [ -119.7908, 48.281266 ], [ -119.789609, 48.283736 ], [ -119.78834, 48.283993 ], [ -119.785754, 48.286821 ], [ -119.785324, 48.291628 ], [ -119.786333, 48.294098 ], [ -119.790693, 48.298634 ], [ -119.79355, 48.301119 ], [ -119.793545, 48.308226 ], [ -119.791163, 48.308543 ], [ -119.793479, 48.312508 ], [ -119.796147, 48.316046 ], [ -119.797135, 48.319119 ] ] ] } },
{ "type": "Feature", "properties": { "geoid": "53053071601", "county_name": "Pierce County", "place_name": null, "state_name": "Washington", "state_abbr": "WA", "is_rural": false, "dci_score": 55.1, "dci_quintile": 4.0, "is_cra_lmi": true, "income_level": "M", "is_persistent_poverty": false, "is_tribal_overlap": false, "tribal_area_name": null, "aian_pct": 0.0, "has_nmtc": false, "nmtc_projects": 0, "nmtc_total_usd": 0.0 }, "geometry": { "type": "Polygon", "coordinates": [ [ [ -122.42096, 47.1918 ], [ -122.419101, 47.191746 ], [ -122.413583, 47.191746 ], [ -122.411135, 47.191735 ], [ -122.407734, 47.191738 ], [ -122.402476, 47.191741 ], [ -122.402451, 47.184519 ], [ -122.402345, 47.180418 ], [ -122.399916, 47.180848 ], [ -122.397212, 47.180882 ], [ -122.39714, 47.17586 ], [ -122.397085, 47.170013 ], [ -122.397248, 47.168901 ], [ -122.399981, 47.168905 ], [ -122.40805, 47.168927 ], [ -122.414009, 47.168969 ], [ -122.415531, 47.170117 ], [ -122.420966, 47.170098 ], [ -122.42095, 47.173442 ], [ -122.420941, 47.17521 ], [ -122.420955, 47.179987 ], [ -122.420981, 47.180889 ], [ -122.42096, 47.1918 ] ] ] } },
{ "type": "Feature", "properties": { "geoid": "53063002400", "county_name": "Spokane County", "place_name": null, "state_name": "Washington", "state_abbr": "WA", "is_rural": false, "dci_score": 72.1, "dci_quintile": 3.0, "is_cra_lmi": true, "income_level": "M", "is_persistent_poverty": false, "is_tribal_overlap": false, "tribal_area_name": null, "aian_pct": 0.0, "has_nmtc": true, "nmtc_projects": 1, "nmtc_total_usd": 1500000.0 }, "geometry": { "type": "Polygon", "coordinates": [ [ [ -117.436983, 47.668013 ], [ -117.43122, 47.668027 ], [ -117.426655, 47.668063 ], [ -117.42669, 47.670219 ], [ -117.426678, 47.674938 ], [ -117.417346, 47.674915 ], [ -117.41114, 47.674995 ], [ -117.41114, 47.673898 ], [ -117.411141, 47.670612 ], [ -117.411151, 47.662759 ], [ -117.414217, 47.662623 ], [ -117.420823, 47.664216 ], [ -117.42299, 47.66359 ], [ -117.424207, 47.662137 ], [ -117.424652, 47.661832 ], [ -117.426575, 47.660664 ], [ -117.428582, 47.659855 ], [ -117.432908, 47.660413 ], [ -117.43526, 47.660756 ], [ -117.435718, 47.664351 ], [ -117.43697, 47.66435 ], [ -117.436983, 47.668013 ] ] ] } },
{ "type": "Feature", "properties": { "geoid": "53053063302", "county_name": "Pierce County", "place_name": null, "state_name": "Washington", "state_abbr": "WA", "is_rural": false, "dci_score": 54.4, "dci_quintile": 4.0, "is_cra_lmi": true, "income_level": "L", "is_persistent_poverty": false, "is_tribal_overlap": false, "tribal_area_name": null, "aian_pct": 0.0, "has_nmtc": false, "nmtc_projects": 0, "nmtc_total_usd": 0.0 }, "geometry": { "type": "Polygon", "coordinates": [ [ [ -122.423777, 47.206326 ], [ -122.407975, 47.206237 ], [ -122.407951, 47.202595 ], [ -122.40786, 47.199001 ], [ -122.411643, 47.199001 ], [ -122.411638, 47.198113 ], [ -122.411655, 47.195384 ], [ -122.413383, 47.195395 ], [ -122.413583, 47.191746 ], [ -122.419101, 47.191746 ], [ -122.42096, 47.1918 ], [ -122.421206, 47.19181 ], [ -122.422107, 47.194067 ], [ -122.4222, 47.199046 ], [ -122.422222, 47.200795 ], [ -122.422973, 47.202691 ], [ -122.423578, 47.204657 ], [ -122.423777, 47.206326 ] ] ] } },
{ "type": "Feature", "properties": { "geoid": "53073000903", "county_name": "Whatcom County", "place_name": null, "state_name": "Washington", "state_abbr": "WA", "is_rural": false, "dci_score": 9.3, "dci_quintile": 5.0, "is_cra_lmi": true, "income_level": "M", "is_persistent_poverty": false, "is_tribal_overlap": false, "tribal_area_name": null, "aian_pct": 0.0, "has_nmtc": false, "nmtc_projects": 0, "nmtc_total_usd": 0.0 }, "geometry": { "type": "Polygon", "coordinates": [ [ [ -122.467397, 48.738115 ], [ -122.46716, 48.742994 ], [ -122.466053, 48.744985 ], [ -122.464892, 48.747005 ], [ -122.463463, 48.750472 ], [ -122.462068, 48.753967 ], [ -122.458913, 48.754822 ], [ -122.454663, 48.754869 ], [ -122.451256, 48.753643 ], [ -122.446682, 48.754862 ], [ -122.443674, 48.756063 ], [ -122.435843, 48.754511 ], [ -122.431207, 48.750666 ], [ -122.431432, 48.749695 ], [ -122.431543, 48.748014 ], [ -122.434073, 48.747379 ], [ -122.439652, 48.747519 ], [ -122.442827, 48.745303 ], [ -122.450723, 48.745464 ], [ -122.45588, 48.744891 ], [ -122.455982, 48.736583 ], [ -122.455614, 48.735388 ], [ -122.457626, 48.735361 ], [ -122.464057, 48.735431 ], [ -122.464271, 48.73606 ], [ -122.467397, 48.738009 ], [ -122.467397, 48.738115 ] ] ] } },
{ "type": "Feature", "properties": { "geoid": "53011042602", "county_name": "Clark County", "place_name": null, "state_name": "Washington", "state_abbr": "WA", "is_rural": false, "dci_score": 50.0, "dci_quintile": 5.0, "is_cra_lmi": true, "income_level": "M", "is_persistent_poverty": false, "is_tribal_overlap": false, "tribal_area_name": null, "aian_pct": 0.0, "has_nmtc": false, "nmtc_projects": 0, "nmtc_total_usd": 0.0 }, "geometry": { "type": "Polygon", "coordinates": [ [ [ -122.668034, 45.62629 ], [ -122.664842, 45.631559 ], [ -122.663033, 45.634551 ], [ -122.662064, 45.636338 ], [ -122.661742, 45.638676 ], [ -122.65819, 45.639812 ], [ -122.654275, 45.639233 ], [ -122.652561, 45.63889 ], [ -122.64182, 45.638033 ], [ -122.641814, 45.635868 ], [ -122.640676, 45.632173 ], [ -122.640658, 45.630108 ], [ -122.640625, 45.628244 ], [ -122.641124, 45.623841 ], [ -122.643361, 45.623784 ], [ -122.648307, 45.624374 ], [ -122.665826, 45.624548 ], [ -122.668993, 45.625126 ], [ -122.668034, 45.62629 ] ] ] } },
{ "type": "Feature", "properties": { "geoid": "53027001000", "county_name": "Grays Harbor County", "place_name": null, "state_name": "Washington", "state_abbr": "WA", "is_rural": true, "dci_score": 91.4, "dci_quintile": 1.0, "is_cra_lmi": true, "income_level": "M", "is_persistent_poverty": false, "is_tribal_overlap": false, "tribal_area_name": null, "aian_pct": 0.0, "has_nmtc": true, "nmtc_projects": 1, "nmtc_total_usd": 0.0 }, "geometry": { "type": "Polygon", "coordinates": [ [ [ -123.826124, 46.975035 ], [ -123.823821, 46.976201 ], [ -123.824667, 46.976999 ], [ -123.821065, 46.978857 ], [ -123.820799, 46.980203 ], [ -123.819961, 46.97943 ], [ -123.818739, 46.980034 ], [ -123.814733, 46.979691 ], [ -123.811411, 46.981587 ], [ -123.814262, 46.98508 ], [ -123.814321, 46.986082 ], [ -123.814344, 46.988034 ], [ -123.812436, 46.988007 ], [ -123.811742, 46.989959 ], [ -123.806551, 46.991246 ], [ -123.803707, 46.994788 ], [ -123.804064, 46.994787 ], [ -123.801798, 46.997816 ], [ -123.802109, 46.998758 ], [ -123.800448, 46.99847 ], [ -123.797796, 46.999487 ], [ -123.796913, 47.000852 ], [ -123.794536, 46.999747 ], [ -123.786075, 46.994802 ], [ -123.784084, 46.993514 ], [ -123.77832, 46.99003 ], [ -123.77664, 46.989014 ], [ -123.776764, 46.988834 ], [ -123.777149, 46.987715 ], [ -123.777519, 46.987119 ], [ -123.778377, 46.986575 ], [ -123.780751, 46.985257 ], [ -123.78246, 46.984556 ], [ -123.779646, 46.982677 ], [ -123.779666, 46.980312 ], [ -123.781174, 46.979899 ], [ -123.781891, 46.976513 ], [ -123.784331, 46.977947 ], [ -123.78915, 46.977521 ], [ -123.796807, 46.975952 ], [ -123.807147, 46.972988 ], [ -123.808787, 46.972229 ], [ -123.811481, 46.973386 ], [ -123.815109, 46.971807 ], [ -123.81602, 46.97113 ], [ -123.823518, 46.967709 ], [ -123.824386, 46.968478 ], [ -123.82959, 46.973252 ], [ -123.826124, 46.975035 ] ] ] } },
{ "type": "Feature", "properties": { "geoid": "53005011505", "county_name": "Benton County", "place_name": "Yakima", "state_name": "Washington", "state_abbr": "WA", "is_rural": false, "dci_score": 20.9, "dci_quintile": 5.0, "is_cra_lmi": false, "income_level": "U", "is_persistent_poverty": false, "is_tribal_overlap": false, "tribal_area_name": null, "aian_pct": 0.0, "has_nmtc": false, "nmtc_projects": 0, "nmtc_total_usd": 0.0 }, "geometry": { "type": "Polygon", "coordinates": [ [ [ -119.186085, 46.177665 ], [ -119.176536, 46.184688 ], [ -119.177602, 46.184847 ], [ -119.180394, 46.184975 ], [ -119.180375, 46.193215 ], [ -119.180354, 46.196691 ], [ -119.177607, 46.196785 ], [ -119.171494, 46.19577 ], [ -119.169656, 46.195915 ], [ -119.169361, 46.19572 ], [ -119.169219, 46.195583 ], [ -119.168982, 46.195479 ], [ -119.16873, 46.195463 ], [ -119.168453, 46.195539 ], [ -119.165847, 46.195725 ], [ -119.16317, 46.194584 ], [ -119.160824, 46.194748 ], [ -119.158963, 46.194179 ], [ -119.159054, 46.183879 ], [ -119.158956, 46.175951 ], [ -119.16103, 46.176621 ], [ -119.162642, 46.17332 ], [ -119.164986, 46.174313 ], [ -119.166921, 46.173639 ], [ -119.169336, 46.175126 ], [ -119.172905, 46.174682 ], [ -119.180092, 46.175774 ], [ -119.180027, 46.176883 ], [ -119.183803, 46.176844 ], [ -119.186085, 46.177665 ] ] ] } },
{ "type": "Feature", "properties": { "geoid": "53077001502", "county_name": "Yakima County", "place_name": null, "state_name": "Washington", "state_abbr": "WA", "is_rural": false, "dci_score": 79.7, "dci_quintile": 3.0, "is_cra_lmi": true, "income_level": "M", "is_persistent_poverty": false, "is_tribal_overlap": false, "tribal_area_name": null, "aian_pct": 0.0, "has_nmtc": true, "nmtc_projects": 1, "nmtc_total_usd": 58824.0 }, "geometry": { "type": "Polygon", "coordinates": [ [ [ -120.501472, 46.585504 ], [ -120.499291, 46.585936 ], [ -120.495796, 46.585913 ], [ -120.493386, 46.585153 ], [ -120.488128, 46.585114 ], [ -120.472868, 46.585023 ], [ -120.471825, 46.581413 ], [ -120.471718, 46.577615 ], [ -120.48815, 46.577753 ], [ -120.497432, 46.577848 ], [ -120.500491, 46.584072 ], [ -120.501472, 46.585504 ] ] ] } },
{ "type": "Feature", "properties": { "geoid": "53029970900", "county_name": "Island County", "place_name": "Moses Lake", "state_name": "Washington", "state_abbr": "WA", "is_rural": true, "dci_score": 36.8, "dci_quintile": 5.0, "is_cra_lmi": true, "income_level": "M", "is_persistent_poverty": false, "is_tribal_overlap": false, "tribal_area_name": null, "aian_pct": 0.0, "has_nmtc": false, "nmtc_projects": 0, "nmtc_total_usd": 0.0 }, "geometry": { "type": "Polygon", "coordinates": [ [ [ -122.648447, 48.288302 ], [ -122.643874, 48.289627 ], [ -122.643043, 48.289789 ], [ -122.638503, 48.289812 ], [ -122.635829, 48.29094 ], [ -122.63576, 48.293245 ], [ -122.6356, 48.298074 ], [ -122.635234, 48.298776 ], [ -122.631878, 48.306543 ], [ -122.63144, 48.308398 ], [ -122.629838, 48.308363 ], [ -122.609095, 48.30751 ], [ -122.607447, 48.307395 ], [ -122.592133, 48.307229 ], [ -122.556924, 48.307243 ], [ -122.555909, 48.30718 ], [ -122.555823, 48.296898 ], [ -122.554599, 48.29488 ], [ -122.550608, 48.289533 ], [ -122.550491, 48.285808 ], [ -122.555937, 48.285851 ], [ -122.555933, 48.280958 ], [ -122.555528579015004, 48.2801166457539 ], [ -122.557664, 48.279319 ], [ -122.5589, 48.277093 ], [ -122.55784, 48.273445 ], [ -122.558436, 48.272166 ], [ -122.560489, 48.273217 ], [ -122.561229, 48.277263 ], [ -122.558332, 48.282061 ], [ -122.574872, 48.294903 ], [ -122.584086, 48.297987 ], [ -122.599532, 48.298303 ], [ -122.616816431480999, 48.294520033692997 ], [ -122.618466, 48.294159 ], [ -122.626757, 48.288991 ], [ -122.625872, 48.285812 ], [ -122.620748, 48.282961 ], [ -122.621421, 48.279958 ], [ -122.624927, 48.277896 ], [ -122.625878, 48.27141 ], [ -122.623779, 48.269431 ], [ -122.631107, 48.267138 ], [ -122.638237, 48.270619 ], [ -122.643704, 48.276156 ], [ -122.643941, 48.279636 ], [ -122.635385, 48.279794 ], [ -122.631107, 48.282641 ], [ -122.632533, 48.285646 ], [ -122.636098, 48.288493 ], [ -122.642991, 48.288809 ], [ -122.646318, 48.286437 ], [ -122.647889960249003, 48.285938784811499 ], [ -122.648447, 48.288302 ] ] ] } },
{ "type": "Feature", "properties": { "geoid": "53033028902", "county_name": "King County", "place_name": null, "state_name": "Washington", "state_abbr": "WA", "is_rural": false, "dci_score": 49.3, "dci_quintile": 5.0, "is_cra_lmi": true, "income_level": "L", "is_persistent_poverty": false, "is_tribal_overlap": false, "tribal_area_name": null, "aian_pct": 0.0, "has_nmtc": false, "nmtc_projects": 0, "nmtc_total_usd": 0.0 }, "geometry": { "type": "Polygon", "coordinates": [ [ [ -122.31308, 47.402162 ], [ -122.309758, 47.402143 ], [ -122.302503, 47.402034 ], [ -122.302515, 47.408261 ], [ -122.298321, 47.408234 ], [ -122.292639, 47.408188 ], [ -122.292183, 47.408186 ], [ -122.292543, 47.406028 ], [ -122.292651, 47.404589 ], [ -122.292664, 47.403619 ], [ -122.292455, 47.400945 ], [ -122.291727, 47.396065 ], [ -122.291378, 47.393769 ], [ -122.291051, 47.391664 ], [ -122.291873, 47.391859 ], [ -122.292762, 47.392202 ], [ -122.293332, 47.392457 ], [ -122.297001, 47.395157 ], [ -122.298848, 47.39553 ], [ -122.302822, 47.395648 ], [ -122.304119, 47.394325 ], [ -122.3072, 47.391013 ], [ -122.307891, 47.390981 ], [ -122.310917, 47.391074 ], [ -122.31138, 47.391466 ], [ -122.313199, 47.393462 ], [ -122.31308, 47.402162 ] ] ] } },
{ "type": "Feature", "properties": { "geoid": "53061053102", "county_name": "Snohomish County", "place_name": "Seattle", "state_name": "Washington", "state_abbr": "WA", "is_rural": false, "dci_score": 42.6, "dci_quintile": 5.0, "is_cra_lmi": true, "income_level": "M", "is_persistent_poverty": false, "is_tribal_overlap": true, "tribal_area_name": "Stillaguamish Off-Reservation Trust Land|Tulalip Reservation", "aian_pct": 0.0, "has_nmtc": false, "nmtc_projects": 0, "nmtc_total_usd": 0.0 }, "geometry": { "type": "Polygon", "coordinates": [ [ [ -122.296381, 48.127294 ], [ -122.291623, 48.126975 ], [ -122.28236, 48.134464 ], [ -122.281547, 48.137768 ], [ -122.281315, 48.144877 ], [ -122.281643, 48.146851 ], [ -122.283089, 48.149155 ], [ -122.288918, 48.154064 ], [ -122.289205, 48.15572 ], [ -122.286494, 48.155691 ], [ -122.285699, 48.1557 ], [ -122.284909, 48.155733 ], [ -122.283775, 48.155825 ], [ -122.27917, 48.156569 ], [ -122.274526, 48.155616 ], [ -122.26705, 48.155659 ], [ -122.263625, 48.157005 ], [ -122.257097, 48.154876 ], [ -122.254748, 48.155154 ], [ -122.247567, 48.157149 ], [ -122.246403, 48.157087 ], [ -122.244243, 48.156252 ], [ -122.240397, 48.152977 ], [ -122.238348, 48.151988 ], [ -122.227165, 48.152008 ], [ -122.215403, 48.151841 ], [ -122.210911, 48.151893 ], [ -122.196535, 48.152158 ], [ -122.188682, 48.152378 ], [ -122.187405, 48.145093 ], [ -122.185686, 48.132831 ], [ -122.185203, 48.122982 ], [ -122.18636, 48.122925 ], [ -122.190033, 48.12289 ], [ -122.190321, 48.122923 ], [ -122.200592, 48.122928 ], [ -122.200958, 48.122908 ], [ -122.216824, 48.122948 ], [ -122.222467, 48.122968 ], [ -122.226844, 48.122999 ], [ -122.248331, 48.123135 ], [ -122.251152, 48.123137 ], [ -122.254818, 48.123173 ], [ -122.259622, 48.123164 ], [ -122.291782, 48.123205 ], [ -122.296232, 48.123245 ], [ -122.296381, 48.127294 ] ] ] } },
{ "type": "Feature", "properties": { "geoid": "53033030802", "county_name": "King County", "place_name": null, "state_name": "Washington", "state_abbr": "WA", "is_rural": false, "dci_score": 61.4, "dci_quintile": 4.0, "is_cra_lmi": true, "income_level": "M", "is_persistent_poverty": false, "is_tribal_overlap": true, "tribal_area_name": "Muckleshoot Reservation", "aian_pct": 0.0, "has_nmtc": false, "nmtc_projects": 0, "nmtc_total_usd": 0.0 }, "geometry": { "type": "Polygon", "coordinates": [ [ [ -122.221389, 47.290054 ], [ -122.218716, 47.29006 ], [ -122.2187, 47.293677 ], [ -122.21328, 47.293721 ], [ -122.212709, 47.293724 ], [ -122.21016, 47.292467 ], [ -122.208037, 47.291886 ], [ -122.208021, 47.286499 ], [ -122.208006, 47.284107 ], [ -122.207991, 47.281485 ], [ -122.208054, 47.275922 ], [ -122.209448, 47.27586 ], [ -122.213406, 47.276838 ], [ -122.213355, 47.282833 ], [ -122.221341, 47.282802 ], [ -122.221389, 47.290054 ] ] ] } },
{ "type": "Feature", "properties": { "geoid": "53053071807", "county_name": "Pierce County", "place_name": "Tacoma", "state_name": "Washington", "state_abbr": "WA", "is_rural": false, "dci_score": 79.2, "dci_quintile": 3.0, "is_cra_lmi": true, "income_level": "M", "is_persistent_poverty": false, "is_tribal_overlap": false, "tribal_area_name": null, "aian_pct": 0.0, "has_nmtc": false, "nmtc_projects": 0, "nmtc_total_usd": 0.0 }, "geometry": { "type": "Polygon", "coordinates": [ [ [ -122.518092, 47.176481 ], [ -122.507813, 47.176523 ], [ -122.494561, 47.176505 ], [ -122.490939, 47.176511 ], [ -122.484588, 47.176543 ], [ -122.483805, 47.17666 ], [ -122.483686, 47.170235 ], [ -122.47501, 47.170216 ], [ -122.472476, 47.170205 ], [ -122.479616, 47.163121 ], [ -122.481637, 47.161089 ], [ -122.483569, 47.159242 ], [ -122.489254, 47.155802 ], [ -122.488762, 47.155802 ], [ -122.495608, 47.152088 ], [ -122.49523, 47.154713 ], [ -122.494517, 47.159433 ], [ -122.493448, 47.166638 ], [ -122.494174, 47.166595 ], [ -122.499527, 47.16662 ], [ -122.50753, 47.16662 ], [ -122.510062, 47.166673 ], [ -122.51559, 47.169813 ], [ -122.518361, 47.171582 ], [ -122.518092, 47.176481 ] ] ] } },
{ "type": "Feature", "properties": { "geoid": "53053072901", "county_name": "Pierce County", "place_name": "Mount Vernon", "state_name": "Washington", "state_abbr": "WA", "is_rural": false, "dci_score": 61.9, "dci_quintile": 4.0, "is_cra_lmi": true, "income_level": "M", "is_persistent_poverty": false, "is_tribal_overlap": false, "tribal_area_name": null, "aian_pct": 0.0, "has_nmtc": false, "nmtc_projects": 0, "nmtc_total_usd": 0.0 }, "geometry": { "type": "Polygon", "coordinates": [ [ [ -122.542042, 47.126738 ], [ -122.537845, 47.129829 ], [ -122.530433, 47.134201 ], [ -122.525205, 47.136608 ], [ -122.521687, 47.138723 ], [ -122.514913, 47.141436 ], [ -122.509959, 47.139162 ], [ -122.505287, 47.139167 ], [ -122.504563, 47.139172 ], [ -122.497423, 47.139182 ], [ -122.497093, 47.141302 ], [ -122.496862, 47.142789 ], [ -122.495608, 47.152088 ], [ -122.488762, 47.155802 ], [ -122.480014, 47.155815 ], [ -122.480011, 47.155964 ], [ -122.480006, 47.159458 ], [ -122.47466, 47.159415 ], [ -122.47409, 47.160282 ], [ -122.472642, 47.160287 ], [ -122.472827, 47.156002 ], [ -122.472941, 47.155771 ], [ -122.472933, 47.154135 ], [ -122.467953, 47.154169 ], [ -122.467912, 47.152141 ], [ -122.46803, 47.151683 ], [ -122.467429, 47.149144 ], [ -122.468275, 47.144306 ], [ -122.469659, 47.144324 ], [ -122.469126, 47.141337 ], [ -122.467719, 47.141333 ], [ -122.467634, 47.13882 ], [ -122.463773, 47.138747 ], [ -122.463786, 47.136146 ], [ -122.466072, 47.136043 ], [ -122.466259, 47.132222 ], [ -122.469513, 47.132337 ], [ -122.469627, 47.127649 ], [ -122.463975, 47.125976 ], [ -122.463953, 47.118688 ], [ -122.463986, 47.10031 ], [ -122.464204, 47.097419 ], [ -122.483023, 47.097391 ], [ -122.483313, 47.114121 ], [ -122.494027, 47.114493 ], [ -122.493995, 47.119314 ], [ -122.4993, 47.119507 ], [ -122.500152, 47.119508 ], [ -122.504868, 47.119506 ], [ -122.513396, 47.119506 ], [ -122.513423, 47.121286 ], [ -122.521343, 47.121289 ], [ -122.521344, 47.123089 ], [ -122.522672, 47.123082 ], [ -122.522711, 47.124885 ], [ -122.518266, 47.1257 ], [ -122.518286, 47.126737 ], [ -122.528407, 47.126689 ], [ -122.541037, 47.126624 ], [ -122.542042, 47.126738 ] ] ] } },
{ "type": "Feature", "properties": { "geoid": "53073000202", "county_name": "Whatcom County", "place_name": "Everett", "state_name": "Washington", "state_abbr": "WA", "is_rural": false, "dci_score": 33.4, "dci_quintile": 5.0, "is_cra_lmi": false, "income_level": "U", "is_persistent_poverty": false, "is_tribal_overlap": false, "tribal_area_name": null, "aian_pct": 0.0, "has_nmtc": false, "nmtc_projects": 0, "nmtc_total_usd": 0.0 }, "geometry": { "type": "Polygon", "coordinates": [ [ [ -122.557499, 48.833444 ], [ -122.554791, 48.833457 ], [ -122.553386, 48.833444 ], [ -122.521483, 48.833332 ], [ -122.518805, 48.83335 ], [ -122.486001, 48.83329 ], [ -122.486002, 48.832379 ], [ -122.486013, 48.81741 ], [ -122.486028, 48.807887 ], [ -122.492021, 48.807863 ], [ -122.492601, 48.807733 ], [ -122.500652, 48.804309 ], [ -122.502615, 48.804222 ], [ -122.505272, 48.804291 ], [ -122.508115, 48.804289 ], [ -122.508065, 48.807874 ], [ -122.516309, 48.8078 ], [ -122.520991, 48.807755 ], [ -122.528318, 48.816879 ], [ -122.541693, 48.816898 ], [ -122.547953, 48.817246 ], [ -122.55202, 48.821448 ], [ -122.564142, 48.833921 ], [ -122.557499, 48.833444 ] ] ] } },
{ "type": "Feature", "properties": { "geoid": "53025011404", "county_name": "Grant County", "place_name": null, "state_name": "Washington", "state_abbr": "WA", "is_rural": true, "dci_score": 91.0, "dci_quintile": 1.0, "is_cra_lmi": false, "income_level": "NA", "is_persistent_poverty": false, "is_tribal_overlap": false, "tribal_area_name": null, "aian_pct": 0.0, "has_nmtc": false, "nmtc_projects": 0, "nmtc_total_usd": 0.0 }, "geometry": { "type": "Polygon", "coordinates": [ [ [ -119.990526, 46.977275 ], [ -119.979743, 46.980798 ], [ -119.978554, 46.980392 ], [ -119.974103, 46.980289 ], [ -119.969169, 46.981633 ], [ -119.967163, 46.982859 ], [ -119.969569, 46.990883 ], [ -119.970386, 46.992738 ], [ -119.973371, 46.997155 ], [ -119.974006, 46.999065 ], [ -119.973586, 47.001439 ], [ -119.971366, 47.003957 ], [ -119.967012, 47.005609 ], [ -119.958917, 47.006999 ], [ -119.954907, 47.008675 ], [ -119.953015, 47.01028 ], [ -119.939557, 47.026054 ], [ -119.940373, 47.024242 ], [ -119.940687, 47.01491 ], [ -119.876804, 47.01539 ], [ -119.876962, 47.000883 ], [ -119.814577, 47.00086 ], [ -119.812963, 47.000655 ], [ -119.794373, 46.992879 ], [ -119.792243, 46.992323 ], [ -119.784344, 46.991439 ], [ -119.782278, 46.990622 ], [ -119.782009, 46.987285 ], [ -119.780326, 46.986345 ], [ -119.760496, 46.986385 ], [ -119.760477, 46.975056 ], [ -119.761205, 46.971872 ], [ -119.758013, 46.968427 ], [ -119.75462, 46.966457 ], [ -119.753232, 46.965042 ], [ -119.751325, 46.96417 ], [ -119.750023, 46.962777 ], [ -119.749882, 46.917208 ], [ -119.747373, 46.911081 ], [ -119.747331, 46.905341 ], [ -119.747713, 46.898965 ], [ -119.695001, 46.899053 ], [ -119.740816, 46.831546 ], [ -119.758655, 46.830392 ], [ -119.782498, 46.830883 ], [ -119.799652, 46.830325 ], [ -119.804858, 46.829405 ], [ -119.807352, 46.829279 ], [ -119.815298, 46.830651 ], [ -119.817208, 46.832227 ], [ -119.820279, 46.833385 ], [ -119.824363, 46.83353 ], [ -119.896937, 46.831917 ], [ -119.914744, 46.832023 ], [ -119.922263, 46.83245 ], [ -119.919194, 46.825583 ], [ -119.91753, 46.821872 ], [ -119.920609, 46.821384 ], [ -119.921575, 46.81978 ], [ -119.917502, 46.818028 ], [ -119.917502, 46.817002 ], [ -119.919251, 46.815813 ], [ -119.92202, 46.815382 ], [ -119.926231, 46.814178 ], [ -119.927537, 46.817092 ], [ -119.933632, 46.824714 ], [ -119.937837, 46.828583 ], [ -119.94402, 46.835521 ], [ -119.952295, 46.84267 ], [ -119.958281, 46.849519 ], [ -119.962747, 46.854062 ], [ -119.963876, 46.855616 ], [ -119.964943, 46.858804 ], [ -119.964953, 46.868906 ], [ -119.965669, 46.877039 ], [ -119.965489, 46.881045 ], [ -119.965798, 46.889286 ], [ -119.965102, 46.893202 ], [ -119.965149, 46.896518 ], [ -119.964197, 46.907438 ], [ -119.964116, 46.913097 ], [ -119.963191, 46.918817 ], [ -119.963417, 46.921159 ], [ -119.963975, 46.924311 ], [ -119.965333, 46.927444 ], [ -119.965423, 46.929375 ], [ -119.96468, 46.931134 ], [ -119.964122, 46.934976 ], [ -119.964986, 46.936791 ], [ -119.965804, 46.943283 ], [ -119.969613, 46.947458 ], [ -119.973542, 46.954048 ], [ -119.978391, 46.961059 ], [ -119.982821, 46.966155 ], [ -119.98607, 46.970988 ], [ -119.990526, 46.977275 ] ] ] } },
{ "type": "Feature", "properties": { "geoid": "53047970303", "county_name": "Okanogan County", "place_name": null, "state_name": "Washington", "state_abbr": "WA", "is_rural": true, "dci_score": 76.4, "dci_quintile": 3.0, "is_cra_lmi": false, "income_level": "U", "is_persistent_poverty": false, "is_tribal_overlap": true, "tribal_area_name": "Colville Reservation", "aian_pct": 0.0, "has_nmtc": false, "nmtc_projects": 0, "nmtc_total_usd": 0.0 }, "geometry": { "type": "Polygon", "coordinates": [ [ [ -119.427845, 48.557964 ], [ -119.425762, 48.561168 ], [ -119.421745, 48.561993 ], [ -119.417716, 48.561682 ], [ -119.412804, 48.562002 ], [ -119.408762, 48.563844 ], [ -119.407743, 48.565042 ], [ -119.406631, 48.568016 ], [ -119.405117, 48.568741 ], [ -119.403325, 48.570614 ], [ -119.397631, 48.572812 ], [ -119.394321, 48.572541 ], [ -119.392532, 48.574038 ], [ -119.391613, 48.575136 ], [ -119.391206, 48.577503 ], [ -119.391038, 48.582447 ], [ -119.39032, 48.587356 ], [ -119.389412, 48.589399 ], [ -119.389605, 48.592078 ], [ -119.387763, 48.594897 ], [ -119.388792, 48.597733 ], [ -119.387938, 48.599177 ], [ -119.380897, 48.601561 ], [ -119.377249, 48.606958 ], [ -119.373062, 48.607098 ], [ -119.371249, 48.607537 ], [ -119.367625, 48.607251 ], [ -119.362713, 48.607459 ], [ -119.356078, 48.606852 ], [ -119.351148, 48.608166 ], [ -119.346439, 48.607519 ], [ -119.337714, 48.607565 ], [ -119.336245, 48.608058 ], [ -119.334466, 48.611502 ], [ -119.330154, 48.616499 ], [ -119.327831, 48.622447 ], [ -119.329675, 48.626703 ], [ -119.330834, 48.628185 ], [ -119.331711, 48.632193 ], [ -119.327282, 48.633887 ], [ -119.324312, 48.636337 ], [ -119.320782, 48.637682 ], [ -119.318485, 48.636442 ], [ -119.31737, 48.636916 ], [ -119.316662, 48.638945 ], [ -119.313315, 48.638099 ], [ -119.310685, 48.638575 ], [ -119.307638, 48.638434 ], [ -119.306179, 48.639049 ], [ -119.313667, 48.641831 ], [ -119.318127, 48.643241 ], [ -119.320319, 48.645581 ], [ -119.326434, 48.648795 ], [ -119.326907, 48.649309 ], [ -119.327965, 48.652285 ], [ -119.330023, 48.654083 ], [ -119.330041, 48.656859 ], [ -119.329434, 48.658432 ], [ -119.318765, 48.656551 ], [ -119.315667, 48.656387 ], [ -119.301772, 48.653225 ], [ -119.294556, 48.654805 ], [ -119.287431, 48.657141 ], [ -119.283843, 48.658602 ], [ -119.27747, 48.659282 ], [ -119.271584, 48.661653 ], [ -119.274108, 48.66351 ], [ -119.277688, 48.663981 ], [ -119.277692, 48.669281 ], [ -119.275861, 48.671783 ], [ -119.27779, 48.672428 ], [ -119.276523, 48.673737 ], [ -119.277306, 48.675506 ], [ -119.276015, 48.676387 ], [ -119.27522, 48.678049 ], [ -119.27819, 48.678756 ], [ -119.278439, 48.679808 ], [ -119.279923, 48.679569 ], [ -119.280079, 48.680254 ], [ -119.278083, 48.68196 ], [ -119.276354, 48.68533 ], [ -119.277925, 48.68864 ], [ -119.280795, 48.690994 ], [ -119.281488, 48.693059 ], [ -119.283973, 48.69441 ], [ -119.284151, 48.696993 ], [ -119.285649, 48.698892 ], [ -119.295232, 48.701908 ], [ -119.298574, 48.703524 ], [ -119.302544, 48.706698 ], [ -119.30396, 48.7072 ], [ -119.305187, 48.710207 ], [ -119.307996, 48.712266 ], [ -119.309777, 48.712908 ], [ -119.313021, 48.716202 ], [ -119.315517, 48.717459 ], [ -119.320975, 48.718451 ], [ -119.324223, 48.718612 ], [ -119.325906, 48.720557 ], [ -119.327558, 48.720822 ], [ -119.328623, 48.721976 ], [ -119.330342, 48.722155 ], [ -119.330373, 48.723604 ], [ -119.333773, 48.725661 ], [ -119.340221, 48.723841 ], [ -119.344479, 48.723619 ], [ -119.347351, 48.72294 ], [ -119.350943, 48.724165 ], [ -119.354713, 48.724168 ], [ -119.358204, 48.722675 ], [ -119.360516, 48.722652 ], [ -119.363274, 48.721038 ], [ -119.367112, 48.720151 ], [ -119.373883, 48.72056 ], [ -119.368387, 48.723238 ], [ -119.345734, 48.741114 ], [ -119.344441, 48.742647 ], [ -119.337546, 48.752082 ], [ -119.332495, 48.754571 ], [ -119.327957, 48.758838 ], [ -119.326039, 48.76058 ], [ -119.321421, 48.763648 ], [ -119.317022, 48.767837 ], [ -119.316817, 48.772154 ], [ -119.317694, 48.774326 ], [ -119.317334, 48.775446 ], [ -119.314455, 48.776935 ], [ -119.314257, 48.78089 ], [ -119.315023, 48.782933 ], [ -119.313744, 48.785398 ], [ -119.309783, 48.78721 ], [ -119.30869, 48.790092 ], [ -119.305269, 48.79135 ], [ -119.30566, 48.793181 ], [ -119.303203, 48.796759 ], [ -119.301915, 48.797463 ], [ -119.293244, 48.799527 ], [ -119.291311, 48.79967 ], [ -119.270085, 48.799604 ], [ -119.266782, 48.799744 ], [ -119.26485, 48.800975 ], [ -119.264608, 48.802067 ], [ -119.264581, 48.812591 ], [ -119.261591, 48.81412 ], [ -119.254521, 48.814094 ], [ -119.253227, 48.814714 ], [ -119.251199, 48.817091 ], [ -119.249608, 48.818217 ], [ -119.244016, 48.820331 ], [ -119.238654, 48.820075 ], [ -119.235491, 48.820793 ], [ -119.237154, 48.821248 ], [ -119.237335, 48.82249 ], [ -119.237319, 48.82376 ], [ -119.233776, 48.828984 ], [ -119.232106, 48.829496 ], [ -119.232099, 48.835785 ], [ -119.230918, 48.837704 ], [ -119.224255, 48.844029 ], [ -119.222344, 48.846535 ], [ -119.219899, 48.847742 ], [ -119.216956, 48.850089 ], [ -119.215091, 48.852609 ], [ -119.214952, 48.856707 ], [ -119.215016, 48.862826 ], [ -119.217063, 48.866515 ], [ -119.21611, 48.870449 ], [ -119.216864, 48.873614 ], [ -119.215375, 48.876613 ], [ -119.214963, 48.879466 ], [ -119.215701, 48.881881 ], [ -119.218759, 48.88415 ], [ -119.224514, 48.884906 ], [ -119.225907, 48.886022 ], [ -119.227169, 48.888426 ], [ -119.231222, 48.890674 ], [ -119.233746, 48.893719 ], [ -119.236002, 48.899796 ], [ -119.237274, 48.901889 ], [ -119.235784, 48.904026 ], [ -119.232425, 48.905305 ], [ -119.230741, 48.907213 ], [ -119.232045, 48.908886 ], [ -119.225675, 48.910728 ], [ -119.221546, 48.911333 ], [ -119.216245, 48.913983 ], [ -119.213446, 48.91438 ], [ -119.208662, 48.913888 ], [ -119.206219, 48.913065 ], [ -119.198327, 48.914076 ], [ -119.190572, 48.913369 ], [ -119.184767, 48.914674 ], [ -119.176609, 48.916937 ], [ -119.172455, 48.916855 ], [ -119.170799, 48.917228 ], [ -119.166509, 48.921002 ], [ -119.159516, 48.925328 ], [ -119.156243, 48.92608 ], [ -119.15414, 48.925885 ], [ -119.148917, 48.926494 ], [ -119.145402, 48.928052 ], [ -119.138312, 48.928089 ], [ -119.135373, 48.929171 ], [ -119.131705, 48.931617 ], [ -119.129078, 48.934545 ], [ -119.1291, 48.93727 ], [ -119.131736, 48.940078 ], [ -119.135798, 48.941096 ], [ -119.140677, 48.942692 ], [ -119.143524, 48.944933 ], [ -119.143896, 48.945633 ], [ -119.142061, 48.946553 ], [ -119.142172, 48.948385 ], [ -119.143906, 48.95134 ], [ -119.142678, 48.953786 ], [ -119.14285, 48.955173 ], [ -119.144484, 48.956617 ], [ -119.145332, 48.958622 ], [ -119.148237, 48.962018 ], [ -119.152143, 48.964839 ], [ -119.153642, 48.966597 ], [ -119.157556, 48.969052 ], [ -119.160806, 48.969438 ], [ -119.165793, 48.972487 ], [ -119.16818, 48.973472 ], [ -119.170729, 48.97525 ], [ -119.171382, 48.977304 ], [ -119.17423, 48.978595 ], [ -119.180257, 48.979171 ], [ -119.181822, 48.979689 ], [ -119.188487, 48.978149 ], [ -119.19109, 48.976877 ], [ -119.193537, 48.974977 ], [ -119.196147, 48.973628 ], [ -119.197965, 48.973341 ], [ -119.195229, 48.976135 ], [ -119.196512, 48.977687 ], [ -119.195138, 48.978136 ], [ -119.194256, 48.980642 ], [ -119.190666, 48.981903 ], [ -119.189274, 48.983483 ], [ -119.189812, 48.984497 ], [ -119.188659, 48.985488 ], [ -119.187727, 48.988548 ], [ -119.186144, 48.990593 ], [ -119.185936, 48.992879 ], [ -119.184001, 48.993926 ], [ -119.182514, 48.997672 ], [ -119.180728023772005, 49.000290438741203 ], [ -119.137274, 49.000297 ], [ -119.132102, 49.000262 ], [ -118.902776031051005, 49.000297513323702 ], [ -118.836614034806004, 49.0003077591428 ], [ -118.83684, 48.935025 ], [ -118.836942, 48.827107 ], [ -118.836999, 48.812712 ], [ -118.836927, 48.799373 ], [ -118.83696, 48.791523 ], [ -118.837008, 48.682733 ], [ -118.837006, 48.653869 ], [ -118.869633, 48.653826 ], [ -118.869642, 48.640781 ], [ -118.869852, 48.637043 ], [ -118.86953, 48.481881 ], [ -118.871091, 48.481869 ], [ -118.876631, 48.481618 ], [ -119.001149, 48.482803 ], [ -119.005372, 48.482495 ], [ -119.060898, 48.482468 ], [ -119.062902, 48.482423 ], [ -119.150136, 48.4823 ], [ -119.196372, 48.482224 ], [ -119.347671, 48.481816 ], [ -119.351419, 48.484419 ], [ -119.352399, 48.487334 ], [ -119.351086, 48.4904 ], [ -119.349567, 48.492156 ], [ -119.349323, 48.494345 ], [ -119.351114, 48.495686 ], [ -119.349981, 48.496919 ], [ -119.344605, 48.498277 ], [ -119.343405, 48.499983 ], [ -119.343036, 48.501806 ], [ -119.341077, 48.502307 ], [ -119.340822, 48.503164 ], [ -119.338818, 48.503167 ], [ -119.335867, 48.507385 ], [ -119.332664, 48.510254 ], [ -119.332591, 48.516861 ], [ -119.331172, 48.520498 ], [ -119.329721, 48.522239 ], [ -119.333808, 48.525427 ], [ -119.336689, 48.528044 ], [ -119.340669, 48.530051 ], [ -119.347566, 48.5318 ], [ -119.350016, 48.531277 ], [ -119.355154, 48.531281 ], [ -119.357208, 48.529353 ], [ -119.362375, 48.529288 ], [ -119.365973, 48.531573 ], [ -119.370322, 48.532362 ], [ -119.372659, 48.534109 ], [ -119.376018, 48.53792 ], [ -119.383046, 48.540023 ], [ -119.386588, 48.540709 ], [ -119.389631, 48.540642 ], [ -119.394312, 48.542114 ], [ -119.39455, 48.544777 ], [ -119.396446, 48.547212 ], [ -119.409349, 48.550936 ], [ -119.415866, 48.555268 ], [ -119.418807, 48.556826 ], [ -119.423242, 48.557548 ], [ -119.427365, 48.556807 ], [ -119.427845, 48.557964 ] ] ] } },
{ "type": "Feature", "properties": { "geoid": "53033031207", "county_name": "King County", "place_name": "Seattle", "state_name": "Washington", "state_abbr": "WA", "is_rural": false, "dci_score": 8.7, "dci_quintile": 5.0, "is_cra_lmi": false, "income_level": "U", "is_persistent_poverty": false, "is_tribal_overlap": false, "tribal_area_name": null, "aian_pct": 0.0, "has_nmtc": false, "nmtc_projects": 0, "nmtc_total_usd": 0.0 }, "geometry": { "type": "Polygon", "coordinates": [ [ [ -122.186869, 47.32988 ], [ -122.184234, 47.329856 ], [ -122.178608, 47.329787 ], [ -122.176368, 47.32976 ], [ -122.171587, 47.329699 ], [ -122.168401, 47.329656 ], [ -122.16598, 47.329825 ], [ -122.165251, 47.33126 ], [ -122.165563, 47.337692 ], [ -122.165501, 47.343439 ], [ -122.154854, 47.343482 ], [ -122.149562, 47.343495 ], [ -122.145819, 47.343515 ], [ -122.148112, 47.338195 ], [ -122.148956, 47.336751 ], [ -122.151529, 47.334429 ], [ -122.157339, 47.331277 ], [ -122.159007, 47.329417 ], [ -122.161332, 47.32379 ], [ -122.165284, 47.319432 ], [ -122.165539, 47.319821 ], [ -122.166243, 47.321162 ], [ -122.169291, 47.322393 ], [ -122.170959, 47.322417 ], [ -122.176405, 47.322481 ], [ -122.176403, 47.323333 ], [ -122.178723, 47.324303 ], [ -122.18708, 47.32405 ], [ -122.186869, 47.32988 ] ] ] } },
{ "type": "Feature", "properties": { "geoid": "53063014001", "county_name": "Spokane County", "place_name": null, "state_name": "Washington", "state_abbr": "WA", "is_rural": true, "dci_score": 57.7, "dci_quintile": 4.0, "is_cra_lmi": true, "income_level": "M", "is_persistent_poverty": false, "is_tribal_overlap": false, "tribal_area_name": null, "aian_pct": 0.0, "has_nmtc": false, "nmtc_projects": 0, "nmtc_total_usd": 0.0 }, "geometry": { "type": "Polygon", "coordinates": [ [ [ -117.586548, 47.496416 ], [ -117.586452, 47.500316 ], [ -117.575502, 47.500069 ], [ -117.564675, 47.500099 ], [ -117.562226, 47.498859 ], [ -117.560288, 47.49963 ], [ -117.56223, 47.497452 ], [ -117.564839, 47.494844 ], [ -117.56721, 47.492911 ], [ -117.566951, 47.492322 ], [ -117.574267, 47.486014 ], [ -117.573046, 47.485309 ], [ -117.580249, 47.481173 ], [ -117.584933, 47.478416 ], [ -117.586192, 47.479441 ], [ -117.586322, 47.485608 ], [ -117.586312, 47.486441 ], [ -117.586471, 47.492768 ], [ -117.586548, 47.496416 ] ] ] } },
{ "type": "Feature", "properties": { "geoid": "53011041322", "county_name": "Clark County", "place_name": null, "state_name": "Washington", "state_abbr": "WA", "is_rural": false, "dci_score": 51.2, "dci_quintile": 5.0, "is_cra_lmi": true, "income_level": "M", "is_persistent_poverty": false, "is_tribal_overlap": false, "tribal_area_name": null, "aian_pct": 0.0, "has_nmtc": false, "nmtc_projects": 0, "nmtc_total_usd": 0.0 }, "geometry": { "type": "Polygon", "coordinates": [ [ [ -122.558944, 45.621023 ], [ -122.554831, 45.620986 ], [ -122.544982, 45.619963 ], [ -122.538014, 45.619198 ], [ -122.532657, 45.618626 ], [ -122.526523, 45.617971 ], [ -122.526464, 45.612991 ], [ -122.525287, 45.610825 ], [ -122.526153, 45.609388 ], [ -122.528196, 45.608143 ], [ -122.530135, 45.609301 ], [ -122.532483, 45.609708 ], [ -122.53414, 45.609875 ], [ -122.536892, 45.610836 ], [ -122.541142, 45.612074 ], [ -122.543819, 45.612186 ], [ -122.549846, 45.613084 ], [ -122.554226, 45.614601 ], [ -122.557757, 45.618409 ], [ -122.558944, 45.621023 ] ] ] } },
{ "type": "Feature", "properties": { "geoid": "53047940200", "county_name": "Okanogan County", "place_name": "Seattle", "state_name": "Washington", "state_abbr": "WA", "is_rural": true, "dci_score": 74.7, "dci_quintile": 3.0, "is_cra_lmi": true, "income_level": "M", "is_persistent_poverty": false, "is_tribal_overlap": true, "tribal_area_name": "Colville Reservation", "aian_pct": 0.0, "has_nmtc": false, "nmtc_projects": 0, "nmtc_total_usd": 0.0 }, "geometry": { "type": "Polygon", "coordinates": [ [ [ -119.738906, 48.25612 ], [ -119.737016, 48.257634 ], [ -119.732224, 48.260197 ], [ -119.72963, 48.264145 ], [ -119.729423, 48.265168 ], [ -119.727111, 48.26622 ], [ -119.726637, 48.267322 ], [ -119.729183, 48.269864 ], [ -119.728244, 48.271074 ], [ -119.724751, 48.273129 ], [ -119.721666, 48.275586 ], [ -119.717615, 48.27724 ], [ -119.706835, 48.279684 ], [ -119.704134, 48.280798 ], [ -119.702443, 48.282278 ], [ -119.696923, 48.283332 ], [ -119.693767, 48.284246 ], [ -119.674719, 48.293515 ], [ -119.669643, 48.298022 ], [ -119.668739, 48.298158 ], [ -119.663447, 48.297332 ], [ -119.660394, 48.297593 ], [ -119.658225, 48.298082 ], [ -119.649608, 48.301119 ], [ -119.645257, 48.303831 ], [ -119.640051, 48.305667 ], [ -119.63795, 48.306745 ], [ -119.63364, 48.308196 ], [ -119.628468, 48.309212 ], [ -119.620938, 48.314848 ], [ -119.617611, 48.316008 ], [ -119.614918, 48.316345 ], [ -119.609909, 48.318272 ], [ -119.609167, 48.318973 ], [ -119.60736, 48.321382 ], [ -119.607517, 48.324333 ], [ -119.608522, 48.325971 ], [ -119.608396, 48.327636 ], [ -119.605663, 48.329407 ], [ -119.605617, 48.330434 ], [ -119.607635, 48.332648 ], [ -119.607264, 48.336075 ], [ -119.607641, 48.340022 ], [ -119.606849, 48.34274 ], [ -119.60226, 48.34572 ], [ -119.601553, 48.346634 ], [ -119.599697, 48.347189 ], [ -119.598827, 48.347763 ], [ -119.598576, 48.348284 ], [ -119.598558, 48.349056 ], [ -119.598189, 48.349387 ], [ -119.596912, 48.351126 ], [ -119.593543, 48.353415 ], [ -119.593167, 48.3537 ], [ -119.587652, 48.355676 ], [ -119.581929, 48.359174 ], [ -119.579627, 48.361561 ], [ -119.578156, 48.363497 ], [ -119.576785, 48.365907 ], [ -119.57456, 48.367973 ], [ -119.569575, 48.371656 ], [ -119.569525, 48.372553 ], [ -119.567178, 48.374904 ], [ -119.562895, 48.376183 ], [ -119.558519, 48.377545 ], [ -119.557092, 48.378163 ], [ -119.552138, 48.383255 ], [ -119.547995, 48.387751 ], [ -119.547768, 48.388421 ], [ -119.547128, 48.392236 ], [ -119.545512, 48.394252 ], [ -119.538426, 48.394374 ], [ -119.533108, 48.392979 ], [ -119.531085, 48.396158 ], [ -119.530847, 48.396794 ], [ -119.530404, 48.398738 ], [ -119.530505, 48.401094 ], [ -119.530228, 48.401648 ], [ -119.527172, 48.403255 ], [ -119.526739, 48.403962 ], [ -119.52656, 48.404261 ], [ -119.526875, 48.410719 ], [ -119.526476, 48.411319 ], [ -119.524297, 48.412504 ], [ -119.520824, 48.413008 ], [ -119.513029, 48.412196 ], [ -119.511374, 48.411498 ], [ -119.503497, 48.407655 ], [ -119.501343, 48.407629 ], [ -119.500872, 48.40775 ], [ -119.500052, 48.406961 ], [ -119.49612, 48.4059 ], [ -119.495111, 48.405113 ], [ -119.491851, 48.404173 ], [ -119.488998, 48.403881 ], [ -119.479084, 48.406061 ], [ -119.476815, 48.407188 ], [ -119.473765, 48.409789 ], [ -119.473555, 48.411537 ], [ -119.471256, 48.415238 ], [ -119.470081, 48.418312 ], [ -119.470562, 48.419631 ], [ -119.470673, 48.424591 ], [ -119.471293, 48.43587 ], [ -119.470665, 48.440712 ], [ -119.469466, 48.44302 ], [ -119.469322, 48.4494 ], [ -119.470305, 48.454145 ], [ -119.469306, 48.457161 ], [ -119.469663, 48.460426 ], [ -119.470391, 48.461661 ], [ -119.473637, 48.465136 ], [ -119.479405, 48.4685 ], [ -119.483778, 48.473111 ], [ -119.482968, 48.476648 ], [ -119.483033, 48.478829 ], [ -119.481889, 48.480896 ], [ -119.478904, 48.480895 ], [ -119.403157, 48.481109 ], [ -119.347671, 48.481816 ], [ -119.196372, 48.482224 ], [ -119.150136, 48.4823 ], [ -119.149797, 48.482087 ], [ -119.148409, 48.481443 ], [ -119.14177, 48.481616 ], [ -119.135439, 48.479086 ], [ -119.128868, 48.478216 ], [ -119.125133, 48.479661 ], [ -119.122305, 48.480085 ], [ -119.117322, 48.478585 ], [ -119.113636, 48.478088 ], [ -119.111936, 48.477025 ], [ -119.107242, 48.475443 ], [ -119.104891, 48.475234 ], [ -119.101997, 48.474354 ], [ -119.09597, 48.474509 ], [ -119.093372, 48.473578 ], [ -119.090305, 48.474083 ], [ -119.08806, 48.47075 ], [ -119.085355, 48.469698 ], [ -119.08419, 48.464929 ], [ -119.079688, 48.463219 ], [ -119.078764, 48.46141 ], [ -119.080091, 48.458833 ], [ -119.080007, 48.456212 ], [ -119.078522, 48.45312 ], [ -119.076774, 48.451569 ], [ -119.076532, 48.450337 ], [ -119.079683, 48.4505 ], [ -119.08082, 48.449968 ], [ -119.083287, 48.450461 ], [ -119.086673, 48.449506 ], [ -119.088768, 48.448145 ], [ -119.091423, 48.447921 ], [ -119.09405, 48.446949 ], [ -119.100154, 48.441703 ], [ -119.104879, 48.437582 ], [ -119.107148, 48.433611 ], [ -119.111307, 48.430133 ], [ -119.110853, 48.429593 ], [ -119.109821, 48.427701 ], [ -119.110494, 48.425013 ], [ -119.110457, 48.414879 ], [ -119.111367, 48.413011 ], [ -119.110962, 48.404266 ], [ -119.106773, 48.402482 ], [ -119.106861, 48.400363 ], [ -119.105979, 48.399722 ], [ -119.106109, 48.397397 ], [ -119.104954, 48.396283 ], [ -119.100614, 48.392251 ], [ -119.100135, 48.390595 ], [ -119.098109, 48.388808 ], [ -119.098174, 48.387706 ], [ -119.096435, 48.385229 ], [ -119.094748, 48.385059 ], [ -119.092746, 48.38291 ], [ -119.09049, 48.381529 ], [ -119.085033, 48.380927 ], [ -119.083033, 48.380144 ], [ -119.080579, 48.377332 ], [ -119.060065, 48.371209 ], [ -119.059957, 48.36773 ], [ -119.058329, 48.364546 ], [ -119.058169, 48.358093 ], [ -119.054215, 48.353826 ], [ -119.05996, 48.344617 ], [ -119.062632, 48.341874 ], [ -119.063936, 48.339731 ], [ -119.067417, 48.335438 ], [ -119.070227, 48.333019 ], [ -119.07337, 48.331006 ], [ -119.076441, 48.32769 ], [ -119.076492, 48.325342 ], [ -119.074592, 48.321303 ], [ -119.073899, 48.316439 ], [ -119.074328, 48.313339 ], [ -119.077227, 48.310198 ], [ -119.078783, 48.307591 ], [ -119.080372, 48.300094 ], [ -119.081285, 48.298108 ], [ -119.088163, 48.292222 ], [ -119.089463, 48.290304 ], [ -119.089701, 48.288216 ], [ -119.089103, 48.285604 ], [ -119.089859, 48.283151 ], [ -119.093875, 48.277575 ], [ -119.093068, 48.273418 ], [ -119.090755, 48.270597 ], [ -119.088276, 48.268917 ], [ -119.083657, 48.266543 ], [ -119.085504, 48.265286 ], [ -119.084238, 48.265058 ], [ -119.081741, 48.266543 ], [ -119.083382, 48.263756 ], [ -119.081122, 48.26266 ], [ -119.084305, 48.262362 ], [ -119.082149, 48.261357 ], [ -119.08403, 48.260078 ], [ -119.083995, 48.25825 ], [ -119.087246, 48.259346 ], [ -119.087757, 48.255691 ], [ -119.087346, 48.253909 ], [ -119.090327, 48.25494 ], [ -119.09129, 48.25193 ], [ -119.093417, 48.251771 ], [ -119.094119, 48.249115 ], [ -119.097788, 48.24422 ], [ -119.103454, 48.243954 ], [ -119.105255, 48.242108 ], [ -119.108109, 48.243143 ], [ -119.109023, 48.241734 ], [ -119.114498, 48.241925 ], [ -119.114642, 48.240508 ], [ -119.118783, 48.241163 ], [ -119.120344, 48.23888 ], [ -119.116423, 48.238678 ], [ -119.114974, 48.237392 ], [ -119.113541, 48.237892 ], [ -119.111043, 48.237478 ], [ -119.106389, 48.237374 ], [ -119.105192, 48.235893 ], [ -119.102034, 48.23325 ], [ -119.104082, 48.231861 ], [ -119.107189, 48.228549 ], [ -119.108626, 48.226525 ], [ -119.108899, 48.223919 ], [ -119.108499, 48.22304 ], [ -119.105005, 48.222073 ], [ -119.104287, 48.220389 ], [ -119.10242, 48.2183 ], [ -119.098714, 48.217849 ], [ -119.097787, 48.215323 ], [ -119.098991, 48.212956 ], [ -119.10091, 48.211804 ], [ -119.102007, 48.207163 ], [ -119.099704, 48.203574 ], [ -119.105225, 48.204038 ], [ -119.108398, 48.202901 ], [ -119.109167, 48.200472 ], [ -119.111271, 48.197214 ], [ -119.111197, 48.196299 ], [ -119.113753, 48.193742 ], [ -119.11617, 48.192338 ], [ -119.115399, 48.191526 ], [ -119.115304, 48.187414 ], [ -119.116556, 48.184919 ], [ -119.119022, 48.183108 ], [ -119.117314, 48.180549 ], [ -119.120006, 48.176512 ], [ -119.120217, 48.174774 ], [ -119.11915, 48.173568 ], [ -119.119279, 48.17153 ], [ -119.119493, 48.171138 ], [ -119.117634, 48.169948 ], [ -119.114611, 48.169451 ], [ -119.11035, 48.168222 ], [ -119.102927, 48.162952 ], [ -119.102132, 48.162176 ], [ -119.101375, 48.157823 ], [ -119.10179, 48.154785 ], [ -119.099247, 48.150065 ], [ -119.100737, 48.148551 ], [ -119.099974, 48.147855 ], [ -119.102587, 48.147312 ], [ -119.104603, 48.147788 ], [ -119.110076, 48.147024 ], [ -119.114307, 48.144975 ], [ -119.119682, 48.147896 ], [ -119.123772, 48.149709 ], [ -119.126521, 48.150555 ], [ -119.130963, 48.151187 ], [ -119.13531, 48.150749 ], [ -119.141284, 48.147856 ], [ -119.144007, 48.14715 ], [ -119.150983, 48.146067 ], [ -119.153728, 48.144973 ], [ -119.155775, 48.143252 ], [ -119.160109, 48.140845 ], [ -119.16543, 48.13724 ], [ -119.170252, 48.132507 ], [ -119.172819, 48.130547 ], [ -119.177023, 48.128286 ], [ -119.179346, 48.12789 ], [ -119.182488, 48.128168 ], [ -119.1871, 48.129313 ], [ -119.189187, 48.129358 ], [ -119.192322, 48.128559 ], [ -119.195895, 48.126715 ], [ -119.200186, 48.125197 ], [ -119.20837, 48.11812 ], [ -119.211656, 48.116219 ], [ -119.213842, 48.115463 ], [ -119.215301, 48.115313 ], [ -119.220035, 48.116484 ], [ -119.221892, 48.116502 ], [ -119.233006, 48.113294 ], [ -119.234682, 48.112351 ], [ -119.237567, 48.109389 ], [ -119.246895, 48.104689 ], [ -119.252553, 48.102586 ], [ -119.254392, 48.102234 ], [ -119.260161, 48.10211 ], [ -119.262995, 48.102606 ], [ -119.266695, 48.104079 ], [ -119.269423, 48.104561 ], [ -119.288563, 48.113989 ], [ -119.292075, 48.114973 ], [ -119.298585, 48.115485 ], [ -119.303186, 48.113342 ], [ -119.307295, 48.111782 ], [ -119.312317, 48.108899 ], [ -119.317135, 48.106023 ], [ -119.32469, 48.100129 ], [ -119.327521, 48.096656 ], [ -119.328286, 48.090657 ], [ -119.329611, 48.084201 ], [ -119.32973, 48.080706 ], [ -119.328802, 48.079357 ], [ -119.328078, 48.075316 ], [ -119.327934, 48.070274 ], [ -119.330239, 48.063956 ], [ -119.330434, 48.062393 ], [ -119.333111, 48.056036 ], [ -119.335145, 48.053335 ], [ -119.338581, 48.050923 ], [ -119.341229, 48.049847 ], [ -119.343523, 48.049432 ], [ -119.34823, 48.050017 ], [ -119.355788, 48.051669 ], [ -119.360007, 48.052295 ], [ -119.366691, 48.052798 ], [ -119.370477, 48.052669 ], [ -119.379002, 48.051643 ], [ -119.385831, 48.051142 ], [ -119.391922, 48.050064 ], [ -119.396215, 48.04982 ], [ -119.402233, 48.050418 ], [ -119.405864, 48.052031 ], [ -119.406358, 48.053125 ], [ -119.408809, 48.05474 ], [ -119.412394, 48.056218 ], [ -119.41797, 48.059162 ], [ -119.423252, 48.062562 ], [ -119.427564, 48.066885 ], [ -119.429823, 48.070448 ], [ -119.430534, 48.07084 ], [ -119.433937, 48.074872 ], [ -119.436257, 48.076688 ], [ -119.440732, 48.078667 ], [ -119.445149, 48.079203 ], [ -119.449876, 48.078141 ], [ -119.456956, 48.078911 ], [ -119.460731, 48.080075 ], [ -119.466896, 48.08029 ], [ -119.4703, 48.078632 ], [ -119.472847, 48.078195 ], [ -119.484172, 48.0787 ], [ -119.486468, 48.079332 ], [ -119.492786, 48.081999 ], [ -119.495286, 48.082518 ], [ -119.499309, 48.082702 ], [ -119.500994, 48.082429 ], [ -119.507232, 48.079612 ], [ -119.509368, 48.07901 ], [ -119.513356, 48.076756 ], [ -119.516111, 48.074784 ], [ -119.515911, 48.071728 ], [ -119.516601, 48.06961 ], [ -119.516516, 48.066842 ], [ -119.517571, 48.062615 ], [ -119.52003, 48.060258 ], [ -119.524131, 48.057043 ], [ -119.530386, 48.054018 ], [ -119.539032, 48.052789 ], [ -119.545807, 48.049735 ], [ -119.549838, 48.046835 ], [ -119.550871, 48.046621 ], [ -119.554697, 48.04437 ], [ -119.559619, 48.039064 ], [ -119.5644, 48.035474 ], [ -119.570922, 48.031976 ], [ -119.578427, 48.028804 ], [ -119.583222, 48.027005 ], [ -119.590835, 48.023424 ], [ -119.595103, 48.020856 ], [ -119.599087, 48.017879 ], [ -119.601661, 48.015563 ], [ -119.604223, 48.013896 ], [ -119.607546, 48.010704 ], [ -119.610316, 48.006817 ], [ -119.61138, 48.004735 ], [ -119.614447, 48.000089 ], [ -119.615522, 47.99903 ], [ -119.620724, 47.996782 ], [ -119.624058, 47.996771 ], [ -119.628378, 47.99631 ], [ -119.633379, 47.996397 ], [ -119.637826, 47.996947 ], [ -119.647205, 47.998884 ], [ -119.651765, 48.000008 ], [ -119.654819, 48.001045 ], [ -119.658403, 48.002565 ], [ -119.664668, 48.008283 ], [ -119.668861, 48.010811 ], [ -119.674168, 48.014206 ], [ -119.684564, 48.019783 ], [ -119.688115, 48.022328 ], [ -119.690104, 48.024058 ], [ -119.690796, 48.024941 ], [ -119.693075, 48.028522 ], [ -119.693712, 48.032056 ], [ -119.690482, 48.037243 ], [ -119.682818, 48.045661 ], [ -119.680817, 48.048915 ], [ -119.678304, 48.055099 ], [ -119.676387, 48.058765 ], [ -119.67416, 48.062102 ], [ -119.672154, 48.064741 ], [ -119.670466, 48.067921 ], [ -119.669696, 48.071799 ], [ -119.669707, 48.075232 ], [ -119.670525, 48.077861 ], [ -119.672665, 48.081045 ], [ -119.680725, 48.090275 ], [ -119.683716, 48.093026 ], [ -119.685292, 48.093222 ], [ -119.688741, 48.091615 ], [ -119.695417, 48.087057 ], [ -119.700875, 48.084023 ], [ -119.704845, 48.082795 ], [ -119.707418, 48.082444 ], [ -119.716184, 48.081873 ], [ -119.721932, 48.082484 ], [ -119.725065, 48.083761 ], [ -119.7289, 48.087261 ], [ -119.732401, 48.091789 ], [ -119.734381, 48.095687 ], [ -119.736301, 48.097619 ], [ -119.73462, 48.098354 ], [ -119.729755, 48.099531 ], [ -119.720152, 48.100955 ], [ -119.717127, 48.099945 ], [ -119.71334, 48.100207 ], [ -119.711315, 48.101124 ], [ -119.708585, 48.1045 ], [ -119.703536, 48.106175 ], [ -119.700413, 48.106487 ], [ -119.693151, 48.106363 ], [ -119.690689, 48.108448 ], [ -119.684871, 48.113992 ], [ -119.683135, 48.11742 ], [ -119.68281, 48.120019 ], [ -119.683278, 48.122191 ], [ -119.682372, 48.124912 ], [ -119.676802, 48.130968 ], [ -119.674932, 48.134516 ], [ -119.674894, 48.137105 ], [ -119.673121, 48.140151 ], [ -119.669474, 48.146748 ], [ -119.66695, 48.148011 ], [ -119.666277, 48.151032 ], [ -119.665236, 48.153421 ], [ -119.665646, 48.155659 ], [ -119.668633, 48.158507 ], [ -119.669321, 48.159872 ], [ -119.670866, 48.165215 ], [ -119.672754, 48.168461 ], [ -119.674781, 48.171179 ], [ -119.676448, 48.175625 ], [ -119.679278, 48.178347 ], [ -119.679826, 48.182201 ], [ -119.678846, 48.187145 ], [ -119.679757, 48.189418 ], [ -119.681463, 48.19138 ], [ -119.686309, 48.194416 ], [ -119.692055, 48.197242 ], [ -119.698537, 48.201368 ], [ -119.701168, 48.204092 ], [ -119.706708, 48.20665 ], [ -119.712628, 48.207813 ], [ -119.715901, 48.208698 ], [ -119.718089, 48.211695 ], [ -119.719163, 48.212422 ], [ -119.718755, 48.216084 ], [ -119.721498, 48.219176 ], [ -119.727076, 48.223109 ], [ -119.736742, 48.231528 ], [ -119.736809, 48.232165 ], [ -119.733678, 48.235388 ], [ -119.73351, 48.236631 ], [ -119.734257, 48.242127 ], [ -119.738076, 48.245718 ], [ -119.739175, 48.249871 ], [ -119.738906, 48.25612 ] ] ] } }
]
}
