{
"type": "FeatureCollection",
"name": "55",
"crs": { "type": "name", "properties": { "name": "urn:ogc:def:crs:OGC:1.3:CRS84" } },
"features": [
{ "type": "Feature", "properties": { "geoid": "55139001100", "county_name": "Winnebago County", "place_name": null, "state_name": "Wisconsin", "state_abbr": "WI", "is_rural": false, "ui_invest_score": 3.0, "ui_invest_quintile": 3, "dci_score": 46.4, "dci_quintile": 5.0, "is_cra_lmi": false, "income_level": "Middle", "is_persistent_poverty": false, "is_tribal_overlap": false, "tribal_area_name": null, "aian_pct": 0.0, "has_nmtc": false, "nmtc_projects": 0, "nmtc_total_usd": 0.0 }, "geometry": { "type": "Polygon", "coordinates": [ [ [ -88.581937, 44.018103 ], [ -88.581814, 44.025758 ], [ -88.577235, 44.02571 ], [ -88.572267, 44.025674 ], [ -88.56056, 44.025516 ], [ -88.560386, 44.024513 ], [ -88.557385, 44.021358 ], [ -88.563084, 44.019607 ], [ -88.564394, 44.017897 ], [ -88.562406, 44.017873 ], [ -88.562462, 44.010554 ], [ -88.569357, 44.010609 ], [ -88.582092, 44.01083 ], [ -88.581937, 44.018103 ] ] ] } },
{ "type": "Feature", "properties": { "geoid": "55075960200", "county_name": "Marinette County", "place_name": "Oshkosh", "state_name": "Wisconsin", "state_abbr": "WI", "is_rural": true, "ui_invest_score": 3.0, "ui_invest_quintile": 3, "dci_score": 59.4, "dci_quintile": 4.0, "is_cra_lmi": true, "income_level": "M", "is_persistent_poverty": false, "is_tribal_overlap": true, "tribal_area_name": "Forest County Potawatomi Community", "aian_pct": 0.006, "has_nmtc": false, "nmtc_projects": 0, "nmtc_total_usd": 0.0 }, "geometry": { "type": "Polygon", "coordinates": [ [ [ -88.426768, 45.412868 ], [ -88.426715, 45.414393 ], [ -88.426704, 45.420135 ], [ -88.426284, 45.434029 ], [ -88.426258, 45.434673 ], [ -88.426011, 45.445312 ], [ -88.425598, 45.463518 ], [ -88.426479, 45.475133 ], [ -88.425986, 45.492051 ], [ -88.425834, 45.499358 ], [ -88.425781, 45.506594 ], [ -88.425829, 45.51028 ], [ -88.426135, 45.512875 ], [ -88.42607, 45.549052 ], [ -88.42595, 45.621453 ], [ -88.425853, 45.657456 ], [ -88.425302, 45.722426 ], [ -88.387309, 45.7219 ], [ -88.365253, 45.722149 ], [ -88.240021, 45.71957 ], [ -88.223608, 45.719251 ], [ -88.21569, 45.718811 ], [ -88.198843, 45.718646 ], [ -88.178181, 45.718094 ], [ -88.151654, 45.716571 ], [ -88.059301, 45.713065 ], [ -88.059302, 45.709866 ], [ -88.05658, 45.709245 ], [ -88.056398, 45.70818 ], [ -88.052946, 45.707017 ], [ -88.051355, 45.705679 ], [ -88.047537, 45.70589 ], [ -88.044405, 45.704012 ], [ -88.044983, 45.703331 ], [ -88.043993, 45.700854 ], [ -88.039428, 45.69772 ], [ -88.036226, 45.695986 ], [ -88.036243, 45.695289 ], [ -88.033852, 45.693438 ], [ -88.034976, 45.691278 ], [ -88.032934, 45.691115 ], [ -88.031063, 45.689698 ], [ -88.030999, 45.688297 ], [ -88.027014, 45.685239 ], [ -88.024746, 45.685306 ], [ -88.023551, 45.686955 ], [ -88.020219, 45.687307 ], [ -88.018575, 45.685083 ], [ -88.010336, 45.684028 ], [ -88.010041, 45.683696 ], [ -88.008243, 45.683691 ], [ -88.007483, 45.683152 ], [ -88.006396, 45.682785 ], [ -88.005927, 45.683043 ], [ -88.005599, 45.683565 ], [ -88.00466, 45.684065 ], [ -88.004522, 45.685328 ], [ -88.001894, 45.687279 ], [ -87.996627, 45.687821 ], [ -87.995386, 45.690066 ], [ -87.992027, 45.691452 ], [ -87.989366, 45.693359 ], [ -87.988302, 45.695075 ], [ -87.986597, 45.695442 ], [ -87.986665, 45.696601 ], [ -87.982362, 45.696967 ], [ -87.98072, 45.697624 ], [ -87.974067, 45.697654 ], [ -87.97219, 45.698786 ], [ -87.969112, 45.699454 ], [ -87.965699, 45.703187 ], [ -87.955793, 45.700599 ], [ -87.951663, 45.700247 ], [ -87.953275, 45.695353 ], [ -87.9586, 45.683937 ], [ -87.961562, 45.678348 ], [ -87.96253, 45.673793 ], [ -87.96237, 45.670862 ], [ -87.961201, 45.66364 ], [ -87.961182, 45.660238 ], [ -87.96209, 45.656488 ], [ -87.965081, 45.647702 ], [ -87.966072, 45.646089 ], [ -87.969218, 45.643911 ], [ -87.979633, 45.639977 ], [ -87.984493, 45.637743 ], [ -87.989626, 45.63568 ], [ -87.99017, 45.63535 ], [ -87.991208, 45.634356 ], [ -87.992245, 45.632499 ], [ -87.9934, 45.630285 ], [ -87.995901, 45.625091 ], [ -87.995713, 45.623059 ], [ -87.994098, 45.61602 ], [ -87.993954, 45.613287 ], [ -87.994241, 45.597585 ], [ -87.994419, 45.590321 ], [ -87.976863, 45.589778 ], [ -87.954071, 45.59004 ], [ -87.951161, 45.589783 ], [ -87.9465, 45.588422 ], [ -87.937477, 45.583529 ], [ -87.934182, 45.582624 ], [ -87.902468, 45.582003 ], [ -87.896005, 45.581103 ], [ -87.88616, 45.581078 ], [ -87.877662, 45.581471 ], [ -87.846578, 45.581123 ], [ -87.844796, 45.580939 ], [ -87.838887, 45.578498 ], [ -87.834588, 45.576957 ], [ -87.831771, 45.575049 ], [ -87.827201, 45.574002 ], [ -87.821474, 45.574042 ], [ -87.819899, 45.573692 ], [ -87.817628, 45.571999 ], [ -87.814997, 45.5714 ], [ -87.808412, 45.574017 ], [ -87.797677, 45.573802 ], [ -87.796128, 45.57404 ], [ -87.794791, 45.574832 ], [ -87.794026, 45.578056 ], [ -87.792775, 45.579073 ], [ -87.791385, 45.579431 ], [ -87.787462346336298, 45.579460300810297 ], [ -87.787462130934799, 45.579454541934098 ], [ -87.787292, 45.574906 ], [ -87.78844, 45.56963 ], [ -87.788326, 45.567941 ], [ -87.788798, 45.565947 ], [ -87.790874, 45.564096 ], [ -87.792372, 45.563055 ], [ -87.794737, 45.562372 ], [ -87.797536, 45.562124 ], [ -87.806104, 45.562863 ], [ -87.808211, 45.563712 ], [ -87.81042, 45.565308 ], [ -87.81176, 45.565554 ], [ -87.813745, 45.565175 ], [ -87.819821, 45.567079 ], [ -87.825801, 45.56755 ], [ -87.829346, 45.568776 ], [ -87.831689, 45.568035 ], [ -87.831681206877505, 45.5677144192803 ], [ -87.831645, 45.566225 ], [ -87.832681, 45.563412 ], [ -87.833591, 45.562529 ], [ -87.832968, 45.559461 ], [ -87.832296, 45.558767 ], [ -87.827215, 45.55562 ], [ -87.818791, 45.5521 ], [ -87.817089, 45.549512 ], [ -87.813737, 45.548616 ], [ -87.811517, 45.546403 ], [ -87.807159, 45.543523 ], [ -87.806358, 45.541662 ], [ -87.803453116710202, 45.538344090851602 ], [ -87.80339, 45.538272 ], [ -87.803364, 45.537016 ], [ -87.804528, 45.534373 ], [ -87.80472, 45.531244 ], [ -87.804203, 45.524676 ], [ -87.802624, 45.518562 ], [ -87.802267, 45.514233 ], [ -87.802241, 45.513059 ], [ -87.798794, 45.506287 ], [ -87.793215, 45.505028 ], [ -87.792769, 45.499967 ], [ -87.793447, 45.498372 ], [ -87.794639, 45.497439 ], [ -87.796409, 45.494679 ], [ -87.797943, 45.494044 ], [ -87.798243, 45.493264 ], [ -87.797824, 45.491468 ], [ -87.798362, 45.486564 ], [ -87.79896, 45.485147 ], [ -87.806891, 45.479092 ], [ -87.807388, 45.477031 ], [ -87.805873, 45.47438 ], [ -87.805773, 45.473139 ], [ -87.811469, 45.467991 ], [ -87.812971, 45.4661 ], [ -87.812975324776104, 45.464421121908202 ], [ -87.812976, 45.464159 ], [ -87.815551, 45.462795 ], [ -87.820264, 45.462314 ], [ -87.820407, 45.461271 ], [ -87.819834, 45.460591 ], [ -87.821057, 45.459955 ], [ -87.824661, 45.459137 ], [ -87.825509, 45.458026 ], [ -87.82743, 45.458076 ], [ -87.829134, 45.457925 ], [ -87.831217, 45.457185 ], [ -87.832694, 45.455922 ], [ -87.832456, 45.45502 ], [ -87.833042, 45.453596 ], [ -87.8347573151717, 45.452023531371601 ], [ -87.836008, 45.450877 ], [ -87.844815, 45.448411 ], [ -87.847429, 45.444177 ], [ -87.855298, 45.441379 ], [ -87.856603, 45.439963 ], [ -87.857212, 45.437934 ], [ -87.858482, 45.436477 ], [ -87.860129, 45.435568 ], [ -87.861697, 45.434473 ], [ -87.86195, 45.433072 ], [ -87.860127, 45.429584 ], [ -87.860432, 45.423504 ], [ -87.858847, 45.421393 ], [ -87.858009, 45.421078 ], [ -87.857124, 45.420192 ], [ -87.857253, 45.417922 ], [ -87.857234944108797, 45.417890293367499 ], [ -87.860263, 45.418386 ], [ -87.862531, 45.420743 ], [ -87.864019, 45.421127 ], [ -87.871733, 45.419933 ], [ -87.872899, 45.417783 ], [ -87.874362, 45.417683 ], [ -87.874104, 45.423937 ], [ -87.878842, 45.423921 ], [ -87.88042, 45.425815 ], [ -87.882447, 45.426139 ], [ -87.881783, 45.431393 ], [ -87.884235, 45.43582 ], [ -87.887221, 45.438259 ], [ -87.891298, 45.440131 ], [ -87.89324, 45.441845 ], [ -87.895647, 45.441816 ], [ -87.898524, 45.443276 ], [ -87.899392, 45.445825 ], [ -87.902397, 45.449131 ], [ -87.903969, 45.449602 ], [ -87.907031, 45.452497 ], [ -87.908842, 45.45293 ], [ -87.975831, 45.453509 ], [ -87.9954, 45.453704 ], [ -87.997388, 45.455054 ], [ -87.99775, 45.455138 ], [ -88.004486, 45.454704 ], [ -88.006341, 45.454085 ], [ -88.007489, 45.453865 ], [ -88.03704, 45.454354 ], [ -88.037333, 45.440174 ], [ -88.056965, 45.440082 ], [ -88.057482, 45.42576 ], [ -88.077742, 45.426588 ], [ -88.094713, 45.427244 ], [ -88.095543, 45.426856 ], [ -88.095652, 45.423882 ], [ -88.098321, 45.42377 ], [ -88.09834, 45.42095 ], [ -88.099027, 45.413517 ], [ -88.099337, 45.398935 ], [ -88.160743, 45.400419 ], [ -88.181035, 45.400869 ], [ -88.249177, 45.402926 ], [ -88.250376, 45.402814 ], [ -88.251832, 45.402309 ], [ -88.257161, 45.397033 ], [ -88.259763, 45.395664 ], [ -88.260906, 45.395525 ], [ -88.273985, 45.395758 ], [ -88.291841, 45.396139 ], [ -88.293463, 45.395777 ], [ -88.294602, 45.3946 ], [ -88.294719, 45.392125 ], [ -88.296294, 45.390323 ], [ -88.30369, 45.38763 ], [ -88.30488, 45.387652 ], [ -88.30629, 45.384519 ], [ -88.305493, 45.383168 ], [ -88.302132, 45.381974 ], [ -88.300482, 45.380237 ], [ -88.300967, 45.378547 ], [ -88.302594, 45.377526 ], [ -88.304768, 45.374861 ], [ -88.306682, 45.374593 ], [ -88.340312, 45.374937 ], [ -88.342999, 45.375302 ], [ -88.344737, 45.375058 ], [ -88.392961, 45.376308 ], [ -88.394966, 45.376191 ], [ -88.40313, 45.376536 ], [ -88.428102, 45.37701 ], [ -88.426768, 45.412868 ] ] ] } },
{ "type": "Feature", "properties": { "geoid": "55105001700", "county_name": "Rock County", "place_name": null, "state_name": "Wisconsin", "state_abbr": "WI", "is_rural": true, "ui_invest_score": 3.0, "ui_invest_quintile": 3, "dci_score": 52.9, "dci_quintile": 5.0, "is_cra_lmi": true, "income_level": "M", "is_persistent_poverty": false, "is_tribal_overlap": false, "tribal_area_name": null, "aian_pct": 0.0, "has_nmtc": false, "nmtc_projects": 0, "nmtc_total_usd": 0.0 }, "geometry": { "type": "Polygon", "coordinates": [ [ [ -89.056432, 42.51806 ], [ -89.051561, 42.518024 ], [ -89.053385, 42.521767 ], [ -89.054008, 42.521766 ], [ -89.054079, 42.525316 ], [ -89.044949, 42.525151 ], [ -89.044008, 42.525358 ], [ -89.043144, 42.5256 ], [ -89.042774, 42.525704 ], [ -89.03781, 42.527114 ], [ -89.037352, 42.525193 ], [ -89.036421, 42.520738 ], [ -89.035009, 42.511114 ], [ -89.033921, 42.507866 ], [ -89.036674, 42.50727 ], [ -89.039107, 42.507222 ], [ -89.041851, 42.507213 ], [ -89.046722, 42.507236 ], [ -89.051484, 42.507261 ], [ -89.056412, 42.507148 ], [ -89.056439, 42.511379 ], [ -89.056432, 42.51806 ] ] ] } },
{ "type": "Feature", "properties": { "geoid": "55133202700", "county_name": "Waukesha County", "place_name": null, "state_name": "Wisconsin", "state_abbr": "WI", "is_rural": false, "ui_invest_score": 1.0, "ui_invest_quintile": 1, "dci_score": 26.4, "dci_quintile": 5.0, "is_cra_lmi": false, "income_level": "Middle", "is_persistent_poverty": false, "is_tribal_overlap": false, "tribal_area_name": null, "aian_pct": 0.0, "has_nmtc": false, "nmtc_projects": 0, "nmtc_total_usd": 0.0 }, "geometry": { "type": "Polygon", "coordinates": [ [ [ -88.238359, 43.011177 ], [ -88.23579, 43.013162 ], [ -88.235765, 43.013152 ], [ -88.231629, 43.016837 ], [ -88.228782, 43.015086 ], [ -88.228068, 43.014827 ], [ -88.227038, 43.013814 ], [ -88.226613, 43.012906 ], [ -88.226568, 43.011944 ], [ -88.226601, 43.010797 ], [ -88.226648, 43.008842 ], [ -88.231654, 43.008782 ], [ -88.23405, 43.009714 ], [ -88.236563, 43.008698 ], [ -88.237539, 43.009703 ], [ -88.237775, 43.009709 ], [ -88.238327, 43.010008 ], [ -88.238359, 43.011177 ] ] ] } },
{ "type": "Feature", "properties": { "geoid": "55059000400", "county_name": "Kenosha County", "place_name": null, "state_name": "Wisconsin", "state_abbr": "WI", "is_rural": false, "ui_invest_score": 1.0, "ui_invest_quintile": 1, "dci_score": 78.0, "dci_quintile": 3.0, "is_cra_lmi": false, "income_level": "Middle", "is_persistent_poverty": false, "is_tribal_overlap": false, "tribal_area_name": null, "aian_pct": 0.0, "has_nmtc": false, "nmtc_projects": 0, "nmtc_total_usd": 0.0 }, "geometry": { "type": "Polygon", "coordinates": [ [ [ -87.845828, 42.613645 ], [ -87.840618, 42.613502 ], [ -87.840615, 42.61256 ], [ -87.835836, 42.612429 ], [ -87.83119, 42.612468 ], [ -87.831205, 42.613411 ], [ -87.827513, 42.61344 ], [ -87.825931, 42.613298 ], [ -87.82592, 42.609689 ], [ -87.825954, 42.60258 ], [ -87.825951, 42.600413 ], [ -87.825958, 42.598897 ], [ -87.828092, 42.598884 ], [ -87.835932, 42.601381 ], [ -87.840543, 42.602565 ], [ -87.845739, 42.602758 ], [ -87.845821, 42.612717 ], [ -87.845828, 42.613645 ] ] ] } },
{ "type": "Feature", "properties": { "geoid": "55059001100", "county_name": "Kenosha County", "place_name": null, "state_name": "Wisconsin", "state_abbr": "WI", "is_rural": false, "ui_invest_score": 1.0, "ui_invest_quintile": 1, "dci_score": 81.0, "dci_quintile": 2.0, "is_cra_lmi": true, "income_level": "L", "is_persistent_poverty": false, "is_tribal_overlap": false, "tribal_area_name": null, "aian_pct": 0.006, "has_nmtc": true, "nmtc_projects": 1, "nmtc_total_usd": 43088000.0 }, "geometry": { "type": "Polygon", "coordinates": [ [ [ -87.845515, 42.578233 ], [ -87.835712, 42.583299 ], [ -87.833745, 42.583993 ], [ -87.830568, 42.584512 ], [ -87.826438, 42.584607 ], [ -87.82612, 42.584202 ], [ -87.826051, 42.580759 ], [ -87.826006, 42.57946 ], [ -87.825929, 42.577726 ], [ -87.833386, 42.57767 ], [ -87.838058, 42.577638 ], [ -87.842995, 42.577612 ], [ -87.845492, 42.57759 ], [ -87.845515, 42.578233 ] ] ] } },
{ "type": "Feature", "properties": { "geoid": "55067960600", "county_name": "Langlade County", "place_name": null, "state_name": "Wisconsin", "state_abbr": "WI", "is_rural": true, "ui_invest_score": 3.0, "ui_invest_quintile": 3, "dci_score": 78.5, "dci_quintile": 3.0, "is_cra_lmi": true, "income_level": "M", "is_persistent_poverty": false, "is_tribal_overlap": false, "tribal_area_name": null, "aian_pct": 0.0013, "has_nmtc": true, "nmtc_projects": 1, "nmtc_total_usd": 0.0 }, "geometry": { "type": "Polygon", "coordinates": [ [ [ -89.178879, 45.159504 ], [ -89.178443, 45.159917 ], [ -89.172555, 45.160482 ], [ -89.171763, 45.162101 ], [ -89.170521, 45.165991 ], [ -89.166263, 45.16847 ], [ -89.161989, 45.171699 ], [ -89.160471, 45.173797 ], [ -89.160266, 45.177047 ], [ -89.157294, 45.180157 ], [ -89.156595, 45.180258 ], [ -89.15647, 45.180267 ], [ -89.156273, 45.180281 ], [ -89.156218, 45.180285 ], [ -89.156015, 45.18028 ], [ -89.147229, 45.18436 ], [ -89.145076, 45.184337 ], [ -89.145664, 45.176674 ], [ -89.146402, 45.172822 ], [ -89.153587, 45.17272 ], [ -89.153596, 45.170509 ], [ -89.153622, 45.1686 ], [ -89.153962, 45.150057 ], [ -89.154042, 45.148063 ], [ -89.151988, 45.148032 ], [ -89.152076, 45.14611 ], [ -89.152232, 45.141933 ], [ -89.152292, 45.13909 ], [ -89.152401, 45.135945 ], [ -89.15328, 45.125672 ], [ -89.153549, 45.123056 ], [ -89.154058, 45.118388 ], [ -89.15928, 45.118392 ], [ -89.160408, 45.118397 ], [ -89.16091, 45.118405 ], [ -89.164521, 45.118405 ], [ -89.178316, 45.118425 ], [ -89.178345, 45.125566 ], [ -89.178439, 45.132714 ], [ -89.178447, 45.139831 ], [ -89.178381, 45.145234 ], [ -89.178354, 45.147033 ], [ -89.178772, 45.154297 ], [ -89.178879, 45.159504 ] ] ] } },
{ "type": "Feature", "properties": { "geoid": "55079014800", "county_name": "Milwaukee County", "place_name": null, "state_name": "Wisconsin", "state_abbr": "WI", "is_rural": false, "ui_invest_score": 2.0, "ui_invest_quintile": 2, "dci_score": 96.6, "dci_quintile": 1.0, "is_cra_lmi": false, "income_level": "NA", "is_persistent_poverty": false, "is_tribal_overlap": false, "tribal_area_name": null, "aian_pct": 0.0, "has_nmtc": false, "nmtc_projects": 0, "nmtc_total_usd": 0.0 }, "geometry": { "type": "Polygon", "coordinates": [ [ [ -87.942885, 43.04024 ], [ -87.942876, 43.041621 ], [ -87.942853, 43.045859 ], [ -87.937811, 43.045844 ], [ -87.937829, 43.044342 ], [ -87.937842, 43.04323 ], [ -87.93786, 43.041606 ], [ -87.937876, 43.040241 ], [ -87.936642, 43.040248 ], [ -87.936658, 43.038678 ], [ -87.937896, 43.038681 ], [ -87.939387, 43.038683 ], [ -87.941587, 43.038688 ], [ -87.942895, 43.03869 ], [ -87.942885, 43.04024 ] ] ] } },
{ "type": "Feature", "properties": { "geoid": "55079020100", "county_name": "Milwaukee County", "place_name": "Beloit", "state_name": "Wisconsin", "state_abbr": "WI", "is_rural": false, "ui_invest_score": 3.0, "ui_invest_quintile": 3, "dci_score": 86.6, "dci_quintile": 2.0, "is_cra_lmi": true, "income_level": "M", "is_persistent_poverty": false, "is_tribal_overlap": false, "tribal_area_name": null, "aian_pct": 0.0103, "has_nmtc": true, "nmtc_projects": 1, "nmtc_total_usd": 38084896.0 }, "geometry": { "type": "Polygon", "coordinates": [ [ [ -87.948233, 42.983113 ], [ -87.948191, 42.992282 ], [ -87.948205, 42.99589 ], [ -87.938386, 42.995716 ], [ -87.937202, 42.995695 ], [ -87.93577, 42.995665 ], [ -87.933608, 42.995632 ], [ -87.933749, 42.992013 ], [ -87.933837, 42.988333 ], [ -87.933849, 42.984737 ], [ -87.933918, 42.981092 ], [ -87.940511, 42.98117 ], [ -87.942283, 42.981188 ], [ -87.948254, 42.981264 ], [ -87.948233, 42.983113 ] ] ] } },
{ "type": "Feature", "properties": { "geoid": "55079004800", "county_name": "Milwaukee County", "place_name": null, "state_name": "Wisconsin", "state_abbr": "WI", "is_rural": false, "ui_invest_score": 3.0, "ui_invest_quintile": 3, "dci_score": 90.3, "dci_quintile": 2.0, "is_cra_lmi": true, "income_level": "L", "is_persistent_poverty": false, "is_tribal_overlap": false, "tribal_area_name": null, "aian_pct": 0.0012, "has_nmtc": true, "nmtc_projects": 1, "nmtc_total_usd": 0.0 }, "geometry": { "type": "Polygon", "coordinates": [ [ [ -87.967366, 43.075192 ], [ -87.967334, 43.076992 ], [ -87.967296, 43.07912 ], [ -87.967235, 43.082507 ], [ -87.96316, 43.082514 ], [ -87.957194, 43.082523 ], [ -87.957216, 43.081127 ], [ -87.957247, 43.079115 ], [ -87.95728, 43.077021 ], [ -87.957334, 43.073368 ], [ -87.95736, 43.071558 ], [ -87.964475, 43.071544 ], [ -87.967418, 43.071546 ], [ -87.967366, 43.075192 ] ] ] } },
{ "type": "Feature", "properties": { "geoid": "55079009900", "county_name": "Milwaukee County", "place_name": null, "state_name": "Wisconsin", "state_abbr": "WI", "is_rural": false, "ui_invest_score": 3.0, "ui_invest_quintile": 3, "dci_score": 92.1, "dci_quintile": 1.0, "is_cra_lmi": true, "income_level": "L", "is_persistent_poverty": false, "is_tribal_overlap": false, "tribal_area_name": null, "aian_pct": 0.0036, "has_nmtc": true, "nmtc_projects": 3, "nmtc_total_usd": 14065000.0 }, "geometry": { "type": "Polygon", "coordinates": [ [ [ -87.949965, 43.062445 ], [ -87.949934, 43.064241 ], [ -87.946215, 43.064229 ], [ -87.943822, 43.064507 ], [ -87.94253, 43.064217 ], [ -87.943614, 43.062738 ], [ -87.942548, 43.061714 ], [ -87.942655, 43.056313 ], [ -87.946333, 43.056341 ], [ -87.947573, 43.056378 ], [ -87.949946, 43.056393 ], [ -87.949965, 43.062445 ] ] ] } },
{ "type": "Feature", "properties": { "geoid": "55079011000", "county_name": "Milwaukee County", "place_name": null, "state_name": "Wisconsin", "state_abbr": "WI", "is_rural": false, "ui_invest_score": 3.0, "ui_invest_quintile": 3, "dci_score": 53.1, "dci_quintile": 5.0, "is_cra_lmi": false, "income_level": "U", "is_persistent_poverty": false, "is_tribal_overlap": false, "tribal_area_name": null, "aian_pct": 0.0165, "has_nmtc": true, "nmtc_projects": 1, "nmtc_total_usd": 5000000.0 }, "geometry": { "type": "Polygon", "coordinates": [ [ [ -87.899675, 43.049329 ], [ -87.899654, 43.05053 ], [ -87.899495, 43.052966 ], [ -87.898125, 43.052958 ], [ -87.893938, 43.052939 ], [ -87.893757, 43.052938 ], [ -87.892328, 43.052932 ], [ -87.896962, 43.048078 ], [ -87.897008, 43.046261 ], [ -87.897562, 43.04568 ], [ -87.89974, 43.0457 ], [ -87.899675, 43.049329 ] ] ] } },
{ "type": "Feature", "properties": { "geoid": "55079000700", "county_name": "Milwaukee County", "place_name": null, "state_name": "Wisconsin", "state_abbr": "WI", "is_rural": false, "ui_invest_score": 2.0, "ui_invest_quintile": 2, "dci_score": 80.1, "dci_quintile": 3.0, "is_cra_lmi": true, "income_level": "M", "is_persistent_poverty": false, "is_tribal_overlap": false, "tribal_area_name": null, "aian_pct": 0.0, "has_nmtc": false, "nmtc_projects": 0, "nmtc_total_usd": 0.0 }, "geometry": { "type": "Polygon", "coordinates": [ [ [ -88.004997, 43.156064 ], [ -88.004571, 43.163295 ], [ -87.997757, 43.163216 ], [ -87.994758, 43.163188 ], [ -87.984833, 43.16309 ], [ -87.97486, 43.163132 ], [ -87.97525, 43.155856 ], [ -87.975496, 43.149399 ], [ -87.975289, 43.148593 ], [ -87.975832, 43.148572 ], [ -87.980462, 43.148558 ], [ -87.985427, 43.148542 ], [ -88.005273, 43.148725 ], [ -88.004997, 43.156064 ] ] ] } },
{ "type": "Feature", "properties": { "geoid": "55079001600", "county_name": "Milwaukee County", "place_name": null, "state_name": "Wisconsin", "state_abbr": "WI", "is_rural": false, "ui_invest_score": 3.0, "ui_invest_quintile": 3, "dci_score": 91.1, "dci_quintile": 1.0, "is_cra_lmi": true, "income_level": "M", "is_persistent_poverty": false, "is_tribal_overlap": false, "tribal_area_name": null, "aian_pct": 0.009, "has_nmtc": false, "nmtc_projects": 0, "nmtc_total_usd": 0.0 }, "geometry": { "type": "Polygon", "coordinates": [ [ [ -88.025884, 43.119515 ], [ -88.014043, 43.119563 ], [ -88.012062, 43.119567 ], [ -88.009781, 43.119571 ], [ -88.005997, 43.119525 ], [ -88.006052, 43.112279 ], [ -88.007546, 43.112273 ], [ -88.014612, 43.112242 ], [ -88.015804, 43.112236 ], [ -88.01693, 43.112237 ], [ -88.023158, 43.112244 ], [ -88.024609, 43.111587 ], [ -88.025934, 43.112576 ], [ -88.025884, 43.119515 ] ] ] } },
{ "type": "Feature", "properties": { "geoid": "55079001000", "county_name": "Milwaukee County", "place_name": null, "state_name": "Wisconsin", "state_abbr": "WI", "is_rural": false, "ui_invest_score": 3.0, "ui_invest_quintile": 3, "dci_score": 90.2, "dci_quintile": 2.0, "is_cra_lmi": true, "income_level": "L", "is_persistent_poverty": false, "is_tribal_overlap": false, "tribal_area_name": null, "aian_pct": 0.0003, "has_nmtc": true, "nmtc_projects": 1, "nmtc_total_usd": 0.0 }, "geometry": { "type": "Polygon", "coordinates": [ [ [ -87.96333, 43.126598 ], [ -87.962144, 43.126587 ], [ -87.95973, 43.126566 ], [ -87.956115, 43.126534 ], [ -87.95189, 43.126511 ], [ -87.952438, 43.131256 ], [ -87.953405, 43.135394 ], [ -87.95176, 43.133826 ], [ -87.948422, 43.133784 ], [ -87.947742, 43.132298 ], [ -87.946001, 43.128233 ], [ -87.946209, 43.120892 ], [ -87.945435, 43.11912 ], [ -87.94626, 43.119135 ], [ -87.950593, 43.119278 ], [ -87.956252, 43.119156 ], [ -87.959907, 43.119184 ], [ -87.963495, 43.119196 ], [ -87.96333, 43.126598 ] ] ] } },
{ "type": "Feature", "properties": { "geoid": "55079013000", "county_name": "Milwaukee County", "place_name": null, "state_name": "Wisconsin", "state_abbr": "WI", "is_rural": false, "ui_invest_score": 3.0, "ui_invest_quintile": 3, "dci_score": 62.4, "dci_quintile": 4.0, "is_cra_lmi": true, "income_level": "M", "is_persistent_poverty": false, "is_tribal_overlap": false, "tribal_area_name": null, "aian_pct": 0.0, "has_nmtc": false, "nmtc_projects": 0, "nmtc_total_usd": 0.0 }, "geometry": { "type": "Polygon", "coordinates": [ [ [ -87.992433, 43.02781 ], [ -87.992406, 43.031412 ], [ -87.991043, 43.032096 ], [ -87.989914, 43.032096 ], [ -87.988738, 43.030953 ], [ -87.986187, 43.031443 ], [ -87.986577, 43.030502 ], [ -87.982601, 43.030391 ], [ -87.982464, 43.024126 ], [ -87.983671, 43.024028 ], [ -87.986525, 43.024052 ], [ -87.992421, 43.024145 ], [ -87.992433, 43.02781 ] ] ] } },
{ "type": "Feature", "properties": { "geoid": "55079012200", "county_name": "Milwaukee County", "place_name": "Waukesha", "state_name": "Wisconsin", "state_abbr": "WI", "is_rural": false, "ui_invest_score": 3.0, "ui_invest_quintile": 3, "dci_score": 87.8, "dci_quintile": 2.0, "is_cra_lmi": false, "income_level": "Middle", "is_persistent_poverty": false, "is_tribal_overlap": false, "tribal_area_name": null, "aian_pct": 0.0, "has_nmtc": false, "nmtc_projects": 0, "nmtc_total_usd": 0.0 }, "geometry": { "type": "Polygon", "coordinates": [ [ [ -87.957653, 43.047274 ], [ -87.957642, 43.048717 ], [ -87.957631, 43.050119 ], [ -87.95762, 43.051492 ], [ -87.952283, 43.051452 ], [ -87.947751, 43.051413 ], [ -87.947757, 43.05005 ], [ -87.947762, 43.048647 ], [ -87.947767, 43.047281 ], [ -87.947773, 43.045874 ], [ -87.948869, 43.045877 ], [ -87.957664, 43.045887 ], [ -87.957653, 43.047274 ] ] ] } },
{ "type": "Feature", "properties": { "geoid": "55079000502", "county_name": "Milwaukee County", "place_name": null, "state_name": "Wisconsin", "state_abbr": "WI", "is_rural": false, "ui_invest_score": 3.0, "ui_invest_quintile": 3, "dci_score": 84.9, "dci_quintile": 2.0, "is_cra_lmi": true, "income_level": "L", "is_persistent_poverty": false, "is_tribal_overlap": false, "tribal_area_name": null, "aian_pct": 0.0, "has_nmtc": true, "nmtc_projects": 1, "nmtc_total_usd": 0.0 }, "geometry": { "type": "Polygon", "coordinates": [ [ [ -88.042027, 43.124629 ], [ -88.034613, 43.130546 ], [ -88.032611, 43.13398 ], [ -88.025439, 43.134061 ], [ -88.025675, 43.126161 ], [ -88.025884, 43.119515 ], [ -88.025934, 43.112576 ], [ -88.034929, 43.119569 ], [ -88.040583, 43.123591 ], [ -88.042027, 43.124629 ] ] ] } },
{ "type": "Feature", "properties": { "geoid": "55079001500", "county_name": "Milwaukee County", "place_name": "Kenosha", "state_name": "Wisconsin", "state_abbr": "WI", "is_rural": false, "ui_invest_score": 3.0, "ui_invest_quintile": 3, "dci_score": 89.4, "dci_quintile": 2.0, "is_cra_lmi": true, "income_level": "M", "is_persistent_poverty": false, "is_tribal_overlap": false, "tribal_area_name": null, "aian_pct": 0.0, "has_nmtc": true, "nmtc_projects": 2, "nmtc_total_usd": 27410000.0 }, "geometry": { "type": "Polygon", "coordinates": [ [ [ -88.025675, 43.126161 ], [ -88.020941, 43.126959 ], [ -88.015756, 43.127864 ], [ -88.005895, 43.12953 ], [ -88.005955, 43.126868 ], [ -88.005997, 43.119525 ], [ -88.009781, 43.119571 ], [ -88.012062, 43.119567 ], [ -88.014043, 43.119563 ], [ -88.025884, 43.119515 ], [ -88.025675, 43.126161 ] ] ] } },
{ "type": "Feature", "properties": { "geoid": "55079185500", "county_name": "Milwaukee County", "place_name": "Kenosha", "state_name": "Wisconsin", "state_abbr": "WI", "is_rural": false, "ui_invest_score": 3.0, "ui_invest_quintile": 3, "dci_score": 93.8, "dci_quintile": 1.0, "is_cra_lmi": true, "income_level": "L", "is_persistent_poverty": false, "is_tribal_overlap": false, "tribal_area_name": null, "aian_pct": 0.0, "has_nmtc": true, "nmtc_projects": 2, "nmtc_total_usd": 5000000.0 }, "geometry": { "type": "Polygon", "coordinates": [ [ [ -87.932608, 43.06408 ], [ -87.926857, 43.063999 ], [ -87.919873, 43.063944 ], [ -87.919973, 43.058781 ], [ -87.918529, 43.056505 ], [ -87.920017, 43.05651 ], [ -87.926996, 43.05654 ], [ -87.9315, 43.056598 ], [ -87.931521, 43.055313 ], [ -87.932737, 43.056164 ], [ -87.932608, 43.06408 ] ] ] } },
{ "type": "Feature", "properties": { "geoid": "55079180500", "county_name": "Milwaukee County", "place_name": null, "state_name": "Wisconsin", "state_abbr": "WI", "is_rural": false, "ui_invest_score": 3.0, "ui_invest_quintile": 3, "dci_score": 42.8, "dci_quintile": 5.0, "is_cra_lmi": false, "income_level": "Middle", "is_persistent_poverty": false, "is_tribal_overlap": false, "tribal_area_name": null, "aian_pct": 0.005, "has_nmtc": false, "nmtc_projects": 0, "nmtc_total_usd": 0.0 }, "geometry": { "type": "Polygon", "coordinates": [ [ [ -87.885306, 42.94457 ], [ -87.874946, 42.94455 ], [ -87.862593, 42.944586 ], [ -87.861866, 42.943522 ], [ -87.86289, 42.93733 ], [ -87.863616, 42.930076 ], [ -87.864935, 42.930063 ], [ -87.870023, 42.930015 ], [ -87.870302, 42.930013 ], [ -87.880704, 42.930032 ], [ -87.881392, 42.930032 ], [ -87.887849, 42.930034 ], [ -87.885306, 42.94457 ] ] ] } },
{ "type": "Feature", "properties": { "geoid": "55009000900", "county_name": "Brown County", "place_name": "Antigo", "state_name": "Wisconsin", "state_abbr": "WI", "is_rural": false, "ui_invest_score": 3.0, "ui_invest_quintile": 3, "dci_score": 83.5, "dci_quintile": 2.0, "is_cra_lmi": true, "income_level": "M", "is_persistent_poverty": false, "is_tribal_overlap": false, "tribal_area_name": null, "aian_pct": 0.0583, "has_nmtc": true, "nmtc_projects": 1, "nmtc_total_usd": 12054000.0 }, "geometry": { "type": "Polygon", "coordinates": [ [ [ -88.007769, 44.533376 ], [ -87.993325, 44.528764 ], [ -87.985199, 44.525918 ], [ -87.981035, 44.524477 ], [ -87.982766, 44.521814 ], [ -87.982727, 44.517024 ], [ -87.982806, 44.512274 ], [ -87.988177, 44.512945 ], [ -87.993014, 44.514675 ], [ -88.004285, 44.518699 ], [ -88.005036, 44.517617 ], [ -88.006518, 44.517594 ], [ -88.007567, 44.519963 ], [ -88.011303, 44.521692 ], [ -88.007769, 44.533376 ] ] ] } },
{ "type": "Feature", "properties": { "geoid": "55101000700", "county_name": "Racine County", "place_name": null, "state_name": "Wisconsin", "state_abbr": "WI", "is_rural": false, "ui_invest_score": 3.0, "ui_invest_quintile": 3, "dci_score": 81.7, "dci_quintile": 2.0, "is_cra_lmi": true, "income_level": "M", "is_persistent_poverty": false, "is_tribal_overlap": false, "tribal_area_name": null, "aian_pct": 0.0081, "has_nmtc": false, "nmtc_projects": 0, "nmtc_total_usd": 0.0 }, "geometry": { "type": "Polygon", "coordinates": [ [ [ -87.816119, 42.707899 ], [ -87.81121, 42.707925 ], [ -87.811218, 42.709024 ], [ -87.80719, 42.709046 ], [ -87.806349, 42.71074 ], [ -87.799778, 42.711022 ], [ -87.799772, 42.710454 ], [ -87.796474, 42.711119 ], [ -87.79641, 42.710812 ], [ -87.796678, 42.709274 ], [ -87.796584, 42.707594 ], [ -87.794806, 42.707615 ], [ -87.794766, 42.704297 ], [ -87.794748, 42.702815 ], [ -87.79473, 42.701336 ], [ -87.796344, 42.701347 ], [ -87.796292, 42.697028 ], [ -87.796702, 42.697027 ], [ -87.800007, 42.697015 ], [ -87.806219, 42.696992 ], [ -87.809398, 42.696965 ], [ -87.811141, 42.69695 ], [ -87.816056, 42.696908 ], [ -87.816066, 42.699043 ], [ -87.81609, 42.704174 ], [ -87.816106, 42.706281 ], [ -87.816119, 42.707899 ] ] ] } },
{ "type": "Feature", "properties": { "geoid": "55127000400", "county_name": "Walworth County", "place_name": "Milwaukee", "state_name": "Wisconsin", "state_abbr": "WI", "is_rural": true, "ui_invest_score": 1.0, "ui_invest_quintile": 1, "dci_score": 52.7, "dci_quintile": 5.0, "is_cra_lmi": false, "income_level": "Middle", "is_persistent_poverty": false, "is_tribal_overlap": false, "tribal_area_name": null, "aian_pct": 0.0019, "has_nmtc": false, "nmtc_projects": 0, "nmtc_total_usd": 0.0 }, "geometry": { "type": "Polygon", "coordinates": [ [ [ -88.737693, 42.820499 ], [ -88.737485, 42.827793 ], [ -88.737421, 42.832497 ], [ -88.737367, 42.83501 ], [ -88.737241, 42.840754 ], [ -88.735836, 42.841304 ], [ -88.735958, 42.842313 ], [ -88.734683, 42.842721 ], [ -88.733762, 42.842719 ], [ -88.723486, 42.842694 ], [ -88.717794, 42.84268 ], [ -88.717572, 42.842679 ], [ -88.711124, 42.842665 ], [ -88.698507, 42.842635 ], [ -88.69812, 42.842634 ], [ -88.698125, 42.841942 ], [ -88.698157, 42.840034 ], [ -88.698231, 42.836776 ], [ -88.698265, 42.835426 ], [ -88.698357, 42.831824 ], [ -88.698221, 42.831808 ], [ -88.698574, 42.821379 ], [ -88.699741, 42.822208 ], [ -88.700642, 42.822008 ], [ -88.700073, 42.817237 ], [ -88.724337, 42.816994 ], [ -88.728037, 42.816867 ], [ -88.73262, 42.816287 ], [ -88.737799, 42.816651 ], [ -88.737693, 42.820499 ] ] ] } },
{ "type": "Feature", "properties": { "geoid": "55063000800", "county_name": "La Crosse County", "place_name": "Milwaukee", "state_name": "Wisconsin", "state_abbr": "WI", "is_rural": false, "ui_invest_score": 3.0, "ui_invest_quintile": 3, "dci_score": 41.1, "dci_quintile": 5.0, "is_cra_lmi": false, "income_level": "U", "is_persistent_poverty": false, "is_tribal_overlap": false, "tribal_area_name": null, "aian_pct": 0.0, "has_nmtc": false, "nmtc_projects": 0, "nmtc_total_usd": 0.0 }, "geometry": { "type": "Polygon", "coordinates": [ [ [ -91.239292, 43.805675 ], [ -91.239045, 43.80871 ], [ -91.238814, 43.811682 ], [ -91.238889, 43.812764 ], [ -91.228921, 43.812808 ], [ -91.228166, 43.812809 ], [ -91.228132, 43.808687 ], [ -91.227651, 43.808687 ], [ -91.227917, 43.80562 ], [ -91.227969, 43.804631 ], [ -91.228289, 43.801462 ], [ -91.229713, 43.801458 ], [ -91.234345, 43.801454 ], [ -91.239604, 43.801466 ], [ -91.239292, 43.805675 ] ] ] } },
{ "type": "Feature", "properties": { "geoid": "55025001603", "county_name": "Dane County", "place_name": "Milwaukee", "state_name": "Wisconsin", "state_abbr": "WI", "is_rural": false, "ui_invest_score": 2.0, "ui_invest_quintile": 2, "dci_score": 38.1, "dci_quintile": 5.0, "is_cra_lmi": false, "income_level": "NA", "is_persistent_poverty": false, "is_tribal_overlap": false, "tribal_area_name": null, "aian_pct": 0.0, "has_nmtc": true, "nmtc_projects": 1, "nmtc_total_usd": 15675000.0 }, "geometry": { "type": "Polygon", "coordinates": [ [ [ -89.4006, 43.073266 ], [ -89.397432, 43.073221 ], [ -89.397376, 43.074902 ], [ -89.393343, 43.07483 ], [ -89.389926, 43.074758 ], [ -89.391725, 43.073513 ], [ -89.393532, 43.072271 ], [ -89.395871, 43.072013 ], [ -89.400734, 43.072088 ], [ -89.4006, 43.073266 ] ] ] } },
{ "type": "Feature", "properties": { "geoid": "55025001605", "county_name": "Dane County", "place_name": null, "state_name": "Wisconsin", "state_abbr": "WI", "is_rural": false, "ui_invest_score": 2.0, "ui_invest_quintile": 2, "dci_score": 38.1, "dci_quintile": 5.0, "is_cra_lmi": false, "income_level": "Middle", "is_persistent_poverty": false, "is_tribal_overlap": false, "tribal_area_name": null, "aian_pct": 0.0, "has_nmtc": true, "nmtc_projects": 2, "nmtc_total_usd": 16558035.0 }, "geometry": { "type": "Polygon", "coordinates": [ [ [ -89.393967, 43.067764 ], [ -89.393817, 43.06787 ], [ -89.388878, 43.071361 ], [ -89.386904, 43.069863 ], [ -89.38603, 43.0692 ], [ -89.38517, 43.068585 ], [ -89.384488, 43.067954 ], [ -89.38571, 43.066451 ], [ -89.387687, 43.066263 ], [ -89.389408, 43.063917 ], [ -89.38984, 43.064402 ], [ -89.391309, 43.064397 ], [ -89.395127, 43.066998 ], [ -89.393967, 43.067764 ] ] ] } },
{ "type": "Feature", "properties": { "geoid": "55079013300", "county_name": "Milwaukee County", "place_name": null, "state_name": "Wisconsin", "state_abbr": "WI", "is_rural": false, "ui_invest_score": 3.0, "ui_invest_quintile": 3, "dci_score": 87.8, "dci_quintile": 2.0, "is_cra_lmi": true, "income_level": "L", "is_persistent_poverty": false, "is_tribal_overlap": false, "tribal_area_name": null, "aian_pct": 0.0262, "has_nmtc": true, "nmtc_projects": 1, "nmtc_total_usd": 400000.0 }, "geometry": { "type": "Polygon", "coordinates": [ [ [ -87.967486, 43.033485 ], [ -87.967155, 43.035412 ], [ -87.964944, 43.037818 ], [ -87.965171, 43.038816 ], [ -87.957698, 43.038767 ], [ -87.957726, 43.034788 ], [ -87.957743, 43.032266 ], [ -87.957744, 43.032098 ], [ -87.957744, 43.03106 ], [ -87.965204, 43.031501 ], [ -87.967244, 43.033097 ], [ -87.967486, 43.033485 ] ] ] } },
{ "type": "Feature", "properties": { "geoid": "55079008800", "county_name": "Milwaukee County", "place_name": "Milwaukee", "state_name": "Wisconsin", "state_abbr": "WI", "is_rural": false, "ui_invest_score": 3.0, "ui_invest_quintile": 3, "dci_score": 94.0, "dci_quintile": 1.0, "is_cra_lmi": true, "income_level": "L", "is_persistent_poverty": false, "is_tribal_overlap": false, "tribal_area_name": null, "aian_pct": 0.0, "has_nmtc": false, "nmtc_projects": 0, "nmtc_total_usd": 0.0 }, "geometry": { "type": "Polygon", "coordinates": [ [ [ -87.949875, 43.067908 ], [ -87.949823, 43.071572 ], [ -87.947341, 43.071577 ], [ -87.942395, 43.071497 ], [ -87.942457, 43.067854 ], [ -87.94253, 43.064217 ], [ -87.943822, 43.064507 ], [ -87.946215, 43.064229 ], [ -87.949934, 43.064241 ], [ -87.949875, 43.067908 ] ] ] } },
{ "type": "Feature", "properties": { "geoid": "55063000401", "county_name": "La Crosse County", "place_name": "Milwaukee", "state_name": "Wisconsin", "state_abbr": "WI", "is_rural": false, "ui_invest_score": 2.0, "ui_invest_quintile": 2, "dci_score": 41.1, "dci_quintile": 5.0, "is_cra_lmi": true, "income_level": "L", "is_persistent_poverty": false, "is_tribal_overlap": false, "tribal_area_name": null, "aian_pct": 0.0019, "has_nmtc": false, "nmtc_projects": 0, "nmtc_total_usd": 0.0 }, "geometry": { "type": "Polygon", "coordinates": [ [ [ -91.247319, 43.808719 ], [ -91.246702, 43.808765 ], [ -91.246794, 43.817261 ], [ -91.243932, 43.81728 ], [ -91.243878, 43.812742 ], [ -91.243838, 43.808733 ], [ -91.239045, 43.80871 ], [ -91.239292, 43.805675 ], [ -91.239604, 43.801466 ], [ -91.244614, 43.801484 ], [ -91.247369, 43.801483 ], [ -91.247319, 43.808719 ] ] ] } },
{ "type": "Feature", "properties": { "geoid": "55139000501", "county_name": "Winnebago County", "place_name": "Milwaukee", "state_name": "Wisconsin", "state_abbr": "WI", "is_rural": false, "ui_invest_score": 2.0, "ui_invest_quintile": 2, "dci_score": 73.2, "dci_quintile": 3.0, "is_cra_lmi": false, "income_level": "NA", "is_persistent_poverty": false, "is_tribal_overlap": false, "tribal_area_name": null, "aian_pct": 0.0, "has_nmtc": false, "nmtc_projects": 0, "nmtc_total_usd": 0.0 }, "geometry": { "type": "Polygon", "coordinates": [ [ [ -88.551129, 44.01844 ], [ -88.548515, 44.020262 ], [ -88.54614, 44.02244 ], [ -88.545165, 44.023327 ], [ -88.545072, 44.028506 ], [ -88.54506, 44.030305 ], [ -88.542566, 44.03032 ], [ -88.542584, 44.026589 ], [ -88.542567, 44.021931 ], [ -88.538424, 44.02018 ], [ -88.538427, 44.022147 ], [ -88.536422, 44.022154 ], [ -88.53529, 44.019624 ], [ -88.531518, 44.019639 ], [ -88.531521, 44.017696 ], [ -88.531556, 44.017426 ], [ -88.53361, 44.01162 ], [ -88.537844, 44.013272 ], [ -88.548807, 44.016813 ], [ -88.551129, 44.01844 ] ] ] } },
{ "type": "Feature", "properties": { "geoid": "55087010501", "county_name": "Outagamie County", "place_name": null, "state_name": "Wisconsin", "state_abbr": "WI", "is_rural": false, "ui_invest_score": 3.0, "ui_invest_quintile": 3, "dci_score": 50.6, "dci_quintile": 5.0, "is_cra_lmi": true, "income_level": "M", "is_persistent_poverty": false, "is_tribal_overlap": false, "tribal_area_name": null, "aian_pct": 0.0, "has_nmtc": false, "nmtc_projects": 0, "nmtc_total_usd": 0.0 }, "geometry": { "type": "Polygon", "coordinates": [ [ [ -88.398282, 44.26882 ], [ -88.397127, 44.270264 ], [ -88.390634, 44.272922 ], [ -88.387188, 44.274337 ], [ -88.385129, 44.275053 ], [ -88.384214, 44.275242 ], [ -88.374942, 44.276767 ], [ -88.374941, 44.276662 ], [ -88.374981, 44.273039 ], [ -88.374706, 44.268586 ], [ -88.377806, 44.266786 ], [ -88.383604, 44.265699 ], [ -88.384881, 44.266533 ], [ -88.385462, 44.267124 ], [ -88.387111, 44.26509 ], [ -88.390854, 44.263991 ], [ -88.398272, 44.264014 ], [ -88.398286, 44.267118 ], [ -88.398282, 44.26882 ] ] ] } },
{ "type": "Feature", "properties": { "geoid": "55113940001", "county_name": "Sawyer County", "place_name": null, "state_name": "Wisconsin", "state_abbr": "WI", "is_rural": true, "ui_invest_score": 3.0, "ui_invest_quintile": 3, "dci_score": 56.1, "dci_quintile": 4.0, "is_cra_lmi": true, "income_level": "Middle", "is_persistent_poverty": false, "is_tribal_overlap": true, "tribal_area_name": "Lac Courte Oreilles Reservation|Lac Courte Oreilles Off-Reservation Trust Land", "aian_pct": 0.6185, "has_nmtc": false, "nmtc_projects": 0, "nmtc_total_usd": 0.0 }, "geometry": { "type": "Polygon", "coordinates": [ [ [ -91.439996, 45.827318 ], [ -91.439534, 45.852536 ], [ -91.439446, 45.856165 ], [ -91.416311, 45.856477 ], [ -91.416294, 45.852827 ], [ -91.409881, 45.852879 ], [ -91.409911, 45.856891 ], [ -91.407538, 45.856888 ], [ -91.408318, 45.854566 ], [ -91.407214, 45.851981 ], [ -91.409158, 45.849709 ], [ -91.407696, 45.848856 ], [ -91.407619, 45.844801 ], [ -91.408087, 45.842306 ], [ -91.409566, 45.841942 ], [ -91.405926, 45.839992 ], [ -91.405647, 45.842412 ], [ -91.402178, 45.855137 ], [ -91.401525, 45.856628 ], [ -91.398486, 45.861237 ], [ -91.398322, 45.861963 ], [ -91.392117, 45.870964 ], [ -91.387182, 45.878552 ], [ -91.384491, 45.877756 ], [ -91.379898, 45.877714 ], [ -91.343956, 45.877861 ], [ -91.304942, 45.876795 ], [ -91.303743, 45.876914 ], [ -91.296139, 45.879357 ], [ -91.296799, 45.883826 ], [ -91.297407, 45.884674 ], [ -91.298534, 45.887765 ], [ -91.29756, 45.889177 ], [ -91.297432, 45.891603 ], [ -91.295825, 45.892228 ], [ -91.295184, 45.894283 ], [ -91.292687, 45.894971 ], [ -91.286566, 45.895439 ], [ -91.287045, 45.895773 ], [ -91.288825, 45.895405 ], [ -91.292236, 45.89578 ], [ -91.295846, 45.894749 ], [ -91.298541, 45.89227 ], [ -91.301381, 45.8914 ], [ -91.302973, 45.89041 ], [ -91.303474, 45.89315 ], [ -91.301698, 45.892377 ], [ -91.301945, 45.893821 ], [ -91.303789, 45.893506 ], [ -91.307209, 45.891867 ], [ -91.30952, 45.892814 ], [ -91.309774, 45.893879 ], [ -91.308033, 45.89476 ], [ -91.307914, 45.897292 ], [ -91.304796, 45.897009 ], [ -91.300369, 45.897793 ], [ -91.299903, 45.899876 ], [ -91.300311, 45.90295 ], [ -91.299532, 45.905253 ], [ -91.298154, 45.906983 ], [ -91.298119, 45.908719 ], [ -91.30108, 45.90898 ], [ -91.301533, 45.907826 ], [ -91.303123, 45.909033 ], [ -91.302505, 45.909835 ], [ -91.30595, 45.914511 ], [ -91.308847, 45.914041 ], [ -91.308371, 45.912356 ], [ -91.312095, 45.909694 ], [ -91.312972, 45.908397 ], [ -91.314967, 45.908565 ], [ -91.316439, 45.909858 ], [ -91.320976, 45.912249 ], [ -91.32524, 45.908634 ], [ -91.326493, 45.908159 ], [ -91.327311, 45.908112 ], [ -91.339727, 45.909138 ], [ -91.348182, 45.908698 ], [ -91.357534, 45.908729 ], [ -91.362933, 45.909415 ], [ -91.371423, 45.908223 ], [ -91.3762, 45.906198 ], [ -91.378087, 45.904899 ], [ -91.377813, 45.90821 ], [ -91.377041, 45.909438 ], [ -91.366725, 45.918881 ], [ -91.364926, 45.923785 ], [ -91.36473, 45.925247 ], [ -91.366132, 45.927489 ], [ -91.370773, 45.931275 ], [ -91.371567, 45.933208 ], [ -91.371935, 45.936354 ], [ -91.372878, 45.93781 ], [ -91.377497, 45.942126 ], [ -91.377555, 45.945235 ], [ -91.377871, 45.956078 ], [ -91.378552, 45.977032 ], [ -91.379042, 45.978537 ], [ -91.38363, 45.982657 ], [ -91.384056, 45.983884 ], [ -91.383809, 46.000579 ], [ -91.38381, 46.002683 ], [ -91.363013, 46.002883 ], [ -91.36299, 45.997205 ], [ -91.342715, 45.997151 ], [ -91.339633, 45.995763 ], [ -91.333692, 45.990812 ], [ -91.329183, 45.989662 ], [ -91.315406, 45.98953 ], [ -91.312884, 45.98998 ], [ -91.309759, 45.992583 ], [ -91.308169, 45.993085 ], [ -91.301715, 45.993195 ], [ -91.283841, 45.993702 ], [ -91.282099, 45.993255 ], [ -91.281132, 45.992587 ], [ -91.272803, 45.983655 ], [ -91.269218, 45.982296 ], [ -91.24774, 45.982132 ], [ -91.24608, 45.982304 ], [ -91.242434, 45.983399 ], [ -91.239855, 45.983891 ], [ -91.238136, 45.98365 ], [ -91.235925, 45.982355 ], [ -91.234845, 45.982034 ], [ -91.235322, 45.956597 ], [ -91.235715, 45.954024 ], [ -91.238645, 45.953297 ], [ -91.237556, 45.95147 ], [ -91.235847, 45.952658 ], [ -91.235206, 45.951349 ], [ -91.237803, 45.949486 ], [ -91.237237, 45.947872 ], [ -91.238907, 45.947006 ], [ -91.236952, 45.946695 ], [ -91.238655, 45.944747 ], [ -91.239254, 45.942138 ], [ -91.240159, 45.943403 ], [ -91.243008, 45.942893 ], [ -91.242507, 45.945013 ], [ -91.240626, 45.946137 ], [ -91.244602, 45.946909 ], [ -91.245826, 45.946127 ], [ -91.248401, 45.946292 ], [ -91.249231, 45.947403 ], [ -91.253571, 45.948768 ], [ -91.257689, 45.95212 ], [ -91.259207, 45.952514 ], [ -91.26146, 45.951321 ], [ -91.266273, 45.951934 ], [ -91.266523, 45.951346 ], [ -91.26257, 45.950507 ], [ -91.259851, 45.949498 ], [ -91.257032, 45.949106 ], [ -91.25405, 45.947916 ], [ -91.25415, 45.946544 ], [ -91.258052, 45.945815 ], [ -91.256776, 45.943551 ], [ -91.257566, 45.942089 ], [ -91.259501, 45.941037 ], [ -91.263238, 45.940583 ], [ -91.264617, 45.939555 ], [ -91.263635, 45.938548 ], [ -91.253905, 45.935087 ], [ -91.254202, 45.934333 ], [ -91.257052, 45.934794 ], [ -91.253418, 45.932182 ], [ -91.249987, 45.931396 ], [ -91.250205, 45.923489 ], [ -91.247435, 45.922885 ], [ -91.247294, 45.921623 ], [ -91.250781, 45.920385 ], [ -91.253381, 45.91995 ], [ -91.254892, 45.916516 ], [ -91.258064, 45.915592 ], [ -91.253577, 45.915013 ], [ -91.252031, 45.916106 ], [ -91.246731, 45.914513 ], [ -91.245265, 45.911511 ], [ -91.234106, 45.913703 ], [ -91.231901, 45.913357 ], [ -91.230087, 45.914022 ], [ -91.226556, 45.913553 ], [ -91.224833, 45.911719 ], [ -91.224713, 45.92024 ], [ -91.193727, 45.920245 ], [ -91.193448, 45.911418 ], [ -91.193664, 45.90834 ], [ -91.193523, 45.898546 ], [ -91.18828, 45.898589 ], [ -91.188279, 45.902135 ], [ -91.18306, 45.90223 ], [ -91.182921, 45.905842 ], [ -91.1727, 45.906068 ], [ -91.172763, 45.911419 ], [ -91.172337, 45.912555 ], [ -91.172834, 45.916604 ], [ -91.172819, 45.920155 ], [ -91.152625, 45.920123 ], [ -91.152529, 45.934615 ], [ -91.162953, 45.934647 ], [ -91.162856, 45.949082 ], [ -91.152738, 45.948971 ], [ -91.152595, 45.941654 ], [ -91.147988, 45.941742 ], [ -91.147997, 45.945776 ], [ -91.142899, 45.945655 ], [ -91.142971, 45.941898 ], [ -91.137964, 45.941875 ], [ -91.1377, 45.943588 ], [ -91.136958, 45.963054 ], [ -91.131964, 45.963126 ], [ -91.131852, 45.966727 ], [ -91.126091, 45.966677 ], [ -91.13069, 45.969977 ], [ -91.132027, 45.970036 ], [ -91.132049, 45.975749 ], [ -91.121716, 45.975622 ], [ -91.121886, 45.981241 ], [ -91.116852, 45.981292 ], [ -91.114149, 45.981324 ], [ -91.11245, 45.978841 ], [ -91.107689, 45.978375 ], [ -91.101319, 45.97383 ], [ -91.101275, 45.981378 ], [ -91.090875, 45.981392 ], [ -91.091105, 45.969289 ], [ -91.093963, 45.969069 ], [ -91.092015, 45.968834 ], [ -91.086103, 45.969816 ], [ -91.084123, 45.968469 ], [ -91.084719, 45.967282 ], [ -91.082619, 45.965284 ], [ -91.078686, 45.964435 ], [ -91.073799, 45.964317 ], [ -91.071205, 45.961568 ], [ -91.073262, 45.96258 ], [ -91.074681, 45.96219 ], [ -91.077056, 45.959715 ], [ -91.081876, 45.95871 ], [ -91.084936, 45.957471 ], [ -91.086571, 45.95586 ], [ -91.092242, 45.955274 ], [ -91.093579, 45.95644 ], [ -91.09661, 45.955569 ], [ -91.09697, 45.940627 ], [ -91.09662, 45.939179 ], [ -91.08968, 45.934638 ], [ -91.087615, 45.933072 ], [ -91.079797, 45.926474 ], [ -91.070834, 45.921906 ], [ -91.061662, 45.914524 ], [ -91.065048, 45.911342 ], [ -91.064018, 45.907744 ], [ -91.065224, 45.906595 ], [ -91.064025, 45.902858 ], [ -91.067188, 45.899901 ], [ -91.069708, 45.898781 ], [ -91.071803, 45.89853 ], [ -91.076124, 45.898712 ], [ -91.077269, 45.897798 ], [ -91.077879, 45.891255 ], [ -91.090833, 45.89824 ], [ -91.093847, 45.898503 ], [ -91.118474, 45.898433 ], [ -91.119403, 45.89843 ], [ -91.13201, 45.898448 ], [ -91.152632, 45.89851 ], [ -91.159976, 45.898515 ], [ -91.170133, 45.898487 ], [ -91.170768, 45.89848 ], [ -91.172969, 45.89847 ], [ -91.172993, 45.896393 ], [ -91.173008, 45.895037 ], [ -91.172998, 45.8843 ], [ -91.173109, 45.855488 ], [ -91.235344, 45.855558 ], [ -91.235453, 45.848499 ], [ -91.234976, 45.812765 ], [ -91.248607, 45.812922 ], [ -91.250145, 45.813058 ], [ -91.276197, 45.812725 ], [ -91.276301, 45.805173 ], [ -91.286363, 45.805206 ], [ -91.286593, 45.805006 ], [ -91.286661, 45.798037 ], [ -91.289222, 45.798024 ], [ -91.289196, 45.801612 ], [ -91.295996, 45.801601 ], [ -91.296012, 45.805171 ], [ -91.295957, 45.80702 ], [ -91.298819, 45.806902 ], [ -91.306326, 45.806583 ], [ -91.306264, 45.812939 ], [ -91.35774, 45.812808 ], [ -91.357825, 45.782477 ], [ -91.370575, 45.782143 ], [ -91.378813, 45.782179 ], [ -91.379155, 45.767399 ], [ -91.419298, 45.766572 ], [ -91.438927, 45.766879 ], [ -91.43892, 45.771979 ], [ -91.440011, 45.81242 ], [ -91.439996, 45.827318 ] ] ] } },
{ "type": "Feature", "properties": { "geoid": "55105001600", "county_name": "Rock County", "place_name": "Milwaukee", "state_name": "Wisconsin", "state_abbr": "WI", "is_rural": true, "ui_invest_score": 1.0, "ui_invest_quintile": 1, "dci_score": 52.9, "dci_quintile": 5.0, "is_cra_lmi": true, "income_level": "M", "is_persistent_poverty": false, "is_tribal_overlap": false, "tribal_area_name": null, "aian_pct": 0.0, "has_nmtc": false, "nmtc_projects": 0, "nmtc_total_usd": 0.0 }, "geometry": { "type": "Polygon", "coordinates": [ [ [ -89.056412, 42.507148 ], [ -89.051484, 42.507261 ], [ -89.046722, 42.507236 ], [ -89.041851, 42.507213 ], [ -89.039107, 42.507222 ], [ -89.039102, 42.503411 ], [ -89.039095, 42.499394 ], [ -89.041054, 42.498833 ], [ -89.042095555644295, 42.4962506421871 ], [ -89.042898, 42.496255 ], [ -89.046587848812194, 42.496248859615001 ], [ -89.054703008911304, 42.496235354940403 ], [ -89.056356002890297, 42.4962326041449 ], [ -89.056395, 42.501694 ], [ -89.056386, 42.505333 ], [ -89.056412, 42.507148 ] ] ] } },
{ "type": "Feature", "properties": { "geoid": "55117000800", "county_name": "Sheboygan County", "place_name": "Milwaukee", "state_name": "Wisconsin", "state_abbr": "WI", "is_rural": true, "ui_invest_score": 1.0, "ui_invest_quintile": 1, "dci_score": 50.4, "dci_quintile": 5.0, "is_cra_lmi": true, "income_level": "M", "is_persistent_poverty": false, "is_tribal_overlap": false, "tribal_area_name": null, "aian_pct": 0.0, "has_nmtc": false, "nmtc_projects": 0, "nmtc_total_usd": 0.0 }, "geometry": { "type": "Polygon", "coordinates": [ [ [ -87.729823, 43.746524 ], [ -87.729181, 43.747442 ], [ -87.725711, 43.749801 ], [ -87.724923, 43.751989 ], [ -87.725067, 43.754685 ], [ -87.721378, 43.755004 ], [ -87.72063, 43.754567 ], [ -87.718437, 43.751473 ], [ -87.714622, 43.744904 ], [ -87.713423, 43.744541 ], [ -87.711074, 43.745116 ], [ -87.708685, 43.748495 ], [ -87.703106558358002, 43.7488203352612 ], [ -87.702898, 43.748037 ], [ -87.708285, 43.742895 ], [ -87.709944344702294, 43.737903948021398 ], [ -87.710197, 43.737144 ], [ -87.710098818821393, 43.735868349749701 ], [ -87.709794509958002, 43.731914519866997 ], [ -87.719639, 43.732012 ], [ -87.723091, 43.732053 ], [ -87.72293, 43.738271 ], [ -87.722942, 43.743212 ], [ -87.729197, 43.743209 ], [ -87.729202, 43.746526 ], [ -87.729823, 43.746524 ] ] ] } },
{ "type": "Feature", "properties": { "geoid": "55097960300", "county_name": "Portage County", "place_name": "Milwaukee", "state_name": "Wisconsin", "state_abbr": "WI", "is_rural": true, "ui_invest_score": 3.0, "ui_invest_quintile": 3, "dci_score": 53.8, "dci_quintile": 5.0, "is_cra_lmi": true, "income_level": "M", "is_persistent_poverty": false, "is_tribal_overlap": false, "tribal_area_name": null, "aian_pct": 0.0021, "has_nmtc": false, "nmtc_projects": 0, "nmtc_total_usd": 0.0 }, "geometry": { "type": "Polygon", "coordinates": [ [ [ -89.614662, 44.541821 ], [ -89.598015, 44.558 ], [ -89.597691, 44.559232 ], [ -89.599022, 44.561417 ], [ -89.598614, 44.563528 ], [ -89.596992, 44.563926 ], [ -89.596097, 44.56716 ], [ -89.584135, 44.552714 ], [ -89.580433, 44.549474 ], [ -89.576476, 44.548299 ], [ -89.577254, 44.545211 ], [ -89.575858, 44.541083 ], [ -89.575397, 44.539268 ], [ -89.575059, 44.533907 ], [ -89.574762, 44.52885 ], [ -89.574762, 44.527111 ], [ -89.58308, 44.527092 ], [ -89.593343, 44.527072 ], [ -89.5985, 44.526982 ], [ -89.606254, 44.530894 ], [ -89.607331, 44.532275 ], [ -89.607342, 44.533609 ], [ -89.608491, 44.533767 ], [ -89.614662, 44.541821 ] ] ] } },
{ "type": "Feature", "properties": { "geoid": "55097960400", "county_name": "Portage County", "place_name": "Milwaukee", "state_name": "Wisconsin", "state_abbr": "WI", "is_rural": true, "ui_invest_score": 2.0, "ui_invest_quintile": 2, "dci_score": 53.8, "dci_quintile": 5.0, "is_cra_lmi": false, "income_level": "Middle", "is_persistent_poverty": false, "is_tribal_overlap": false, "tribal_area_name": null, "aian_pct": 0.0, "has_nmtc": false, "nmtc_projects": 0, "nmtc_total_usd": 0.0 }, "geometry": { "type": "Polygon", "coordinates": [ [ [ -89.576476, 44.548299 ], [ -89.557146, 44.54821 ], [ -89.554391, 44.547887 ], [ -89.549408, 44.545593 ], [ -89.546598, 44.543187 ], [ -89.544366, 44.540913 ], [ -89.54673, 44.539227 ], [ -89.544546, 44.538025 ], [ -89.544404, 44.533672 ], [ -89.544402, 44.531683 ], [ -89.544403, 44.531322 ], [ -89.544311, 44.525084 ], [ -89.544294, 44.523377 ], [ -89.549423, 44.523309 ], [ -89.549983, 44.523303 ], [ -89.554572, 44.523249 ], [ -89.555747, 44.523428 ], [ -89.556676, 44.523563 ], [ -89.559528, 44.523567 ], [ -89.564599, 44.523511 ], [ -89.567903, 44.523486 ], [ -89.57475, 44.523465 ], [ -89.574762, 44.527111 ], [ -89.574762, 44.52885 ], [ -89.575059, 44.533907 ], [ -89.575397, 44.539268 ], [ -89.575858, 44.541083 ], [ -89.577254, 44.545211 ], [ -89.576476, 44.548299 ] ] ] } },
{ "type": "Feature", "properties": { "geoid": "55079006600", "county_name": "Milwaukee County", "place_name": null, "state_name": "Wisconsin", "state_abbr": "WI", "is_rural": false, "ui_invest_score": 3.0, "ui_invest_quintile": 3, "dci_score": 97.1, "dci_quintile": 1.0, "is_cra_lmi": true, "income_level": "L", "is_persistent_poverty": false, "is_tribal_overlap": false, "tribal_area_name": null, "aian_pct": 0.0, "has_nmtc": false, "nmtc_projects": 0, "nmtc_total_usd": 0.0 }, "geometry": { "type": "Polygon", "coordinates": [ [ [ -87.937396, 43.073242 ], [ -87.937368, 43.075077 ], [ -87.937354, 43.075767 ], [ -87.937331, 43.076834 ], [ -87.937215, 43.082363 ], [ -87.934834, 43.082314 ], [ -87.934552, 43.08181 ], [ -87.932735, 43.077971 ], [ -87.929859, 43.077915 ], [ -87.926168, 43.077677 ], [ -87.92371, 43.077655 ], [ -87.92378, 43.074887 ], [ -87.92393, 43.074888 ], [ -87.923988, 43.071206 ], [ -87.926758, 43.071226 ], [ -87.927547, 43.071226 ], [ -87.929232, 43.071243 ], [ -87.931832, 43.071388 ], [ -87.9332, 43.071381 ], [ -87.937425, 43.071436 ], [ -87.937396, 43.073242 ] ] ] } },
{ "type": "Feature", "properties": { "geoid": "55079012400", "county_name": "Milwaukee County", "place_name": "Milwaukee", "state_name": "Wisconsin", "state_abbr": "WI", "is_rural": false, "ui_invest_score": 3.0, "ui_invest_quintile": 3, "dci_score": 87.8, "dci_quintile": 2.0, "is_cra_lmi": true, "income_level": "M", "is_persistent_poverty": false, "is_tribal_overlap": false, "tribal_area_name": null, "aian_pct": 0.0, "has_nmtc": false, "nmtc_projects": 0, "nmtc_total_usd": 0.0 }, "geometry": { "type": "Polygon", "coordinates": [ [ [ -87.987552, 43.049987 ], [ -87.978817, 43.049096 ], [ -87.973032, 43.048781 ], [ -87.972078, 43.048809 ], [ -87.965413, 43.048783 ], [ -87.964961, 43.045286 ], [ -87.966937, 43.042931 ], [ -87.967357, 43.040457 ], [ -87.968849, 43.042014 ], [ -87.971576, 43.042595 ], [ -87.973194, 43.041646 ], [ -87.975322, 43.042596 ], [ -87.978382, 43.04314 ], [ -87.987523, 43.042194 ], [ -87.987531, 43.04367 ], [ -87.987347, 43.044206 ], [ -87.987552, 43.049987 ] ] ] } },
{ "type": "Feature", "properties": { "geoid": "55079006700", "county_name": "Milwaukee County", "place_name": "Milwaukee", "state_name": "Wisconsin", "state_abbr": "WI", "is_rural": false, "ui_invest_score": 3.0, "ui_invest_quintile": 3, "dci_score": 83.4, "dci_quintile": 2.0, "is_cra_lmi": true, "income_level": "L", "is_persistent_poverty": false, "is_tribal_overlap": false, "tribal_area_name": null, "aian_pct": 0.0339, "has_nmtc": false, "nmtc_projects": 0, "nmtc_total_usd": 0.0 }, "geometry": { "type": "Polygon", "coordinates": [ [ [ -87.92393, 43.074888 ], [ -87.92378, 43.074887 ], [ -87.92371, 43.077655 ], [ -87.92247, 43.077643 ], [ -87.91689, 43.077586 ], [ -87.916927, 43.074829 ], [ -87.91697, 43.07115 ], [ -87.919795, 43.071175 ], [ -87.923988, 43.071206 ], [ -87.92393, 43.074888 ] ] ] } },
{ "type": "Feature", "properties": { "geoid": "55079016100", "county_name": "Milwaukee County", "place_name": null, "state_name": "Wisconsin", "state_abbr": "WI", "is_rural": false, "ui_invest_score": 3.0, "ui_invest_quintile": 3, "dci_score": 88.5, "dci_quintile": 2.0, "is_cra_lmi": true, "income_level": "M", "is_persistent_poverty": false, "is_tribal_overlap": false, "tribal_area_name": null, "aian_pct": 0.0041, "has_nmtc": false, "nmtc_projects": 0, "nmtc_total_usd": 0.0 }, "geometry": { "type": "Polygon", "coordinates": [ [ [ -87.967499, 43.016849 ], [ -87.961855, 43.01688 ], [ -87.961781, 43.019 ], [ -87.957717, 43.019022 ], [ -87.955119, 43.019043 ], [ -87.952583, 43.019054 ], [ -87.952709, 43.014111 ], [ -87.955211, 43.014101 ], [ -87.957596, 43.014087 ], [ -87.958832, 43.01408 ], [ -87.961996, 43.014063 ], [ -87.962719, 43.012312 ], [ -87.962692, 43.013254 ], [ -87.966552, 43.013233 ], [ -87.967511, 43.014312 ], [ -87.967499, 43.016849 ] ] ] } },
{ "type": "Feature", "properties": { "geoid": "55079004200", "county_name": "Milwaukee County", "place_name": "Milwaukee", "state_name": "Wisconsin", "state_abbr": "WI", "is_rural": false, "ui_invest_score": 3.0, "ui_invest_quintile": 3, "dci_score": 90.9, "dci_quintile": 1.0, "is_cra_lmi": true, "income_level": "L", "is_persistent_poverty": false, "is_tribal_overlap": false, "tribal_area_name": null, "aian_pct": 0.0, "has_nmtc": false, "nmtc_projects": 0, "nmtc_total_usd": 0.0 }, "geometry": { "type": "Polygon", "coordinates": [ [ [ -87.953009, 43.100854 ], [ -87.946757, 43.100834 ], [ -87.94577, 43.100821 ], [ -87.945351, 43.098957 ], [ -87.94372, 43.098933 ], [ -87.9419, 43.095459 ], [ -87.940613, 43.092894 ], [ -87.938801, 43.089634 ], [ -87.93947, 43.089648 ], [ -87.942007, 43.0897 ], [ -87.944721, 43.089755 ], [ -87.94574, 43.089776 ], [ -87.947007, 43.089802 ], [ -87.946873, 43.095161 ], [ -87.950514, 43.09515 ], [ -87.95045, 43.099398 ], [ -87.953009, 43.100854 ] ] ] } },
{ "type": "Feature", "properties": { "geoid": "55079001200", "county_name": "Milwaukee County", "place_name": null, "state_name": "Wisconsin", "state_abbr": "WI", "is_rural": false, "ui_invest_score": 3.0, "ui_invest_quintile": 3, "dci_score": 95.1, "dci_quintile": 1.0, "is_cra_lmi": true, "income_level": "L", "is_persistent_poverty": false, "is_tribal_overlap": false, "tribal_area_name": null, "aian_pct": 0.0, "has_nmtc": true, "nmtc_projects": 1, "nmtc_total_usd": 25600000.0 }, "geometry": { "type": "Polygon", "coordinates": [ [ [ -87.990945, 43.124857 ], [ -87.990887, 43.129518 ], [ -87.990847, 43.133987 ], [ -87.985737, 43.133937 ], [ -87.98097, 43.129694 ], [ -87.981155, 43.119334 ], [ -87.983613, 43.11933 ], [ -87.988337, 43.119361 ], [ -87.991096, 43.119406 ], [ -87.990945, 43.124857 ] ] ] } },
{ "type": "Feature", "properties": { "geoid": "55079007300", "county_name": "Milwaukee County", "place_name": "Cudahy", "state_name": "Wisconsin", "state_abbr": "WI", "is_rural": false, "ui_invest_score": 3.0, "ui_invest_quintile": 3, "dci_score": 34.2, "dci_quintile": 5.0, "is_cra_lmi": false, "income_level": "Middle", "is_persistent_poverty": false, "is_tribal_overlap": false, "tribal_area_name": null, "aian_pct": 0.0, "has_nmtc": false, "nmtc_projects": 0, "nmtc_total_usd": 0.0 }, "geometry": { "type": "Polygon", "coordinates": [ [ [ -87.893271, 43.078015 ], [ -87.892183, 43.081905 ], [ -87.891626, 43.081945 ], [ -87.887658, 43.081934 ], [ -87.885186, 43.081931 ], [ -87.882757, 43.081928 ], [ -87.882832, 43.077652 ], [ -87.882905, 43.074643 ], [ -87.887862, 43.074652 ], [ -87.891464, 43.074678 ], [ -87.891499, 43.072857 ], [ -87.891519, 43.071074 ], [ -87.893204, 43.071095 ], [ -87.892684, 43.07413 ], [ -87.893271, 43.078015 ] ] ] } },
{ "type": "Feature", "properties": { "geoid": "55079004700", "county_name": "Milwaukee County", "place_name": null, "state_name": "Wisconsin", "state_abbr": "WI", "is_rural": false, "ui_invest_score": 3.0, "ui_invest_quintile": 3, "dci_score": 96.2, "dci_quintile": 1.0, "is_cra_lmi": false, "income_level": "U", "is_persistent_poverty": false, "is_tribal_overlap": false, "tribal_area_name": null, "aian_pct": 0.0003, "has_nmtc": true, "nmtc_projects": 7, "nmtc_total_usd": 25231854.0 }, "geometry": { "type": "Polygon", "coordinates": [ [ [ -87.957194, 43.082523 ], [ -87.957146, 43.085958 ], [ -87.95709, 43.089917 ], [ -87.947007, 43.089802 ], [ -87.94574, 43.089776 ], [ -87.944721, 43.089755 ], [ -87.942007, 43.0897 ], [ -87.93947, 43.089648 ], [ -87.938801, 43.089634 ], [ -87.937055, 43.089599 ], [ -87.937215, 43.082363 ], [ -87.939694, 43.08241 ], [ -87.941103, 43.082437 ], [ -87.942195, 43.082458 ], [ -87.94369, 43.082486 ], [ -87.945897, 43.082538 ], [ -87.947137, 43.083506 ], [ -87.94718, 43.081147 ], [ -87.95331, 43.081139 ], [ -87.957216, 43.081127 ], [ -87.957194, 43.082523 ] ] ] } },
{ "type": "Feature", "properties": { "geoid": "55079015700", "county_name": "Milwaukee County", "place_name": null, "state_name": "Wisconsin", "state_abbr": "WI", "is_rural": false, "ui_invest_score": 3.0, "ui_invest_quintile": 3, "dci_score": 84.7, "dci_quintile": 2.0, "is_cra_lmi": true, "income_level": "L", "is_persistent_poverty": false, "is_tribal_overlap": false, "tribal_area_name": null, "aian_pct": 0.0278, "has_nmtc": true, "nmtc_projects": 1, "nmtc_total_usd": 0.0 }, "geometry": { "type": "Polygon", "coordinates": [ [ [ -87.933002, 43.020138 ], [ -87.932998, 43.021155 ], [ -87.932995, 43.022181 ], [ -87.932992, 43.02299 ], [ -87.93304, 43.024228 ], [ -87.922532, 43.024221 ], [ -87.922542, 43.023221 ], [ -87.922538, 43.021194 ], [ -87.922531, 43.019106 ], [ -87.926753, 43.019102 ], [ -87.933062, 43.019095 ], [ -87.933002, 43.020138 ] ] ] } },
{ "type": "Feature", "properties": { "geoid": "55079005000", "county_name": "Milwaukee County", "place_name": null, "state_name": "Wisconsin", "state_abbr": "WI", "is_rural": false, "ui_invest_score": 3.0, "ui_invest_quintile": 3, "dci_score": 89.8, "dci_quintile": 2.0, "is_cra_lmi": true, "income_level": "M", "is_persistent_poverty": false, "is_tribal_overlap": false, "tribal_area_name": null, "aian_pct": 0.0, "has_nmtc": false, "nmtc_projects": 0, "nmtc_total_usd": 0.0 }, "geometry": { "type": "Polygon", "coordinates": [ [ [ -87.992382, 43.075363 ], [ -87.987324, 43.075361 ], [ -87.987134, 43.082668 ], [ -87.983294, 43.082629 ], [ -87.980974, 43.082606 ], [ -87.977211, 43.082567 ], [ -87.977404, 43.071624 ], [ -87.978606, 43.071635 ], [ -87.980935, 43.071656 ], [ -87.991988, 43.071679 ], [ -87.991511, 43.07461 ], [ -87.992382, 43.075363 ] ] ] } },
{ "type": "Feature", "properties": { "geoid": "55079000302", "county_name": "Milwaukee County", "place_name": null, "state_name": "Wisconsin", "state_abbr": "WI", "is_rural": false, "ui_invest_score": 3.0, "ui_invest_quintile": 3, "dci_score": 70.0, "dci_quintile": 3.0, "is_cra_lmi": true, "income_level": "M", "is_persistent_poverty": false, "is_tribal_overlap": false, "tribal_area_name": null, "aian_pct": 0.0, "has_nmtc": false, "nmtc_projects": 0, "nmtc_total_usd": 0.0 }, "geometry": { "type": "Polygon", "coordinates": [ [ [ -88.055475, 43.135978 ], [ -88.054993, 43.140111 ], [ -88.054871, 43.146986 ], [ -88.052726, 43.146975 ], [ -88.050378, 43.147549 ], [ -88.042383, 43.142963 ], [ -88.033436, 43.136101 ], [ -88.033218, 43.135957 ], [ -88.033655, 43.135331 ], [ -88.032611, 43.13398 ], [ -88.045273, 43.133874 ], [ -88.048903, 43.133795 ], [ -88.053696, 43.134183 ], [ -88.055244, 43.133971 ], [ -88.055475, 43.135978 ] ] ] } },
{ "type": "Feature", "properties": { "geoid": "55079002500", "county_name": "Milwaukee County", "place_name": "Green Bay", "state_name": "Wisconsin", "state_abbr": "WI", "is_rural": false, "ui_invest_score": 3.0, "ui_invest_quintile": 3, "dci_score": 90.2, "dci_quintile": 2.0, "is_cra_lmi": true, "income_level": "L", "is_persistent_poverty": false, "is_tribal_overlap": false, "tribal_area_name": null, "aian_pct": 0.0, "has_nmtc": true, "nmtc_projects": 1, "nmtc_total_usd": 5300000.0 }, "geometry": { "type": "Polygon", "coordinates": [ [ [ -87.966411, 43.111963 ], [ -87.963324, 43.11195 ], [ -87.96108, 43.111941 ], [ -87.956907, 43.108251 ], [ -87.957777, 43.106418 ], [ -87.956546, 43.106413 ], [ -87.95658, 43.104613 ], [ -87.962731, 43.104618 ], [ -87.966527, 43.104621 ], [ -87.966411, 43.111963 ] ] ] } },
{ "type": "Feature", "properties": { "geoid": "55079008400", "county_name": "Milwaukee County", "place_name": null, "state_name": "Wisconsin", "state_abbr": "WI", "is_rural": false, "ui_invest_score": 3.0, "ui_invest_quintile": 3, "dci_score": 97.1, "dci_quintile": 1.0, "is_cra_lmi": true, "income_level": "L", "is_persistent_poverty": false, "is_tribal_overlap": false, "tribal_area_name": null, "aian_pct": 0.0095, "has_nmtc": false, "nmtc_projects": 0, "nmtc_total_usd": 0.0 }, "geometry": { "type": "Polygon", "coordinates": [ [ [ -87.926822, 43.067655 ], [ -87.926758, 43.071226 ], [ -87.923988, 43.071206 ], [ -87.919795, 43.071175 ], [ -87.919819, 43.069425 ], [ -87.919843, 43.067597 ], [ -87.919873, 43.063944 ], [ -87.926857, 43.063999 ], [ -87.926822, 43.067655 ] ] ] } },
{ "type": "Feature", "properties": { "geoid": "55079185800", "county_name": "Milwaukee County", "place_name": "Racine", "state_name": "Wisconsin", "state_abbr": "WI", "is_rural": false, "ui_invest_score": 3.0, "ui_invest_quintile": 3, "dci_score": 92.8, "dci_quintile": 1.0, "is_cra_lmi": true, "income_level": "L", "is_persistent_poverty": false, "is_tribal_overlap": false, "tribal_area_name": null, "aian_pct": 0.0109, "has_nmtc": false, "nmtc_projects": 0, "nmtc_total_usd": 0.0 }, "geometry": { "type": "Polygon", "coordinates": [ [ [ -87.947573, 43.056378 ], [ -87.946333, 43.056341 ], [ -87.942655, 43.056313 ], [ -87.937664, 43.056276 ], [ -87.937733, 43.051367 ], [ -87.942773, 43.051395 ], [ -87.945208, 43.051798 ], [ -87.947751, 43.051413 ], [ -87.947573, 43.056378 ] ] ] } },
{ "type": "Feature", "properties": { "geoid": "55079017300", "county_name": "Milwaukee County", "place_name": "Whitewater", "state_name": "Wisconsin", "state_abbr": "WI", "is_rural": false, "ui_invest_score": 3.0, "ui_invest_quintile": 3, "dci_score": 88.5, "dci_quintile": 2.0, "is_cra_lmi": true, "income_level": "M", "is_persistent_poverty": false, "is_tribal_overlap": false, "tribal_area_name": null, "aian_pct": 0.0278, "has_nmtc": false, "nmtc_projects": 0, "nmtc_total_usd": 0.0 }, "geometry": { "type": "Polygon", "coordinates": [ [ [ -87.952955, 43.003101 ], [ -87.952921, 43.00488 ], [ -87.952886, 43.006709 ], [ -87.948044, 43.006759 ], [ -87.947931, 43.006759 ], [ -87.94233, 43.006677 ], [ -87.943046, 43.005305 ], [ -87.944036, 43.003408 ], [ -87.944533, 43.003112 ], [ -87.948192, 43.000803 ], [ -87.948171, 42.999564 ], [ -87.95296, 42.99947 ], [ -87.952955, 43.003101 ] ] ] } },
{ "type": "Feature", "properties": { "geoid": "55079017500", "county_name": "Milwaukee County", "place_name": null, "state_name": "Wisconsin", "state_abbr": "WI", "is_rural": false, "ui_invest_score": 3.0, "ui_invest_quintile": 3, "dci_score": 88.5, "dci_quintile": 2.0, "is_cra_lmi": true, "income_level": "L", "is_persistent_poverty": false, "is_tribal_overlap": false, "tribal_area_name": null, "aian_pct": 0.0277, "has_nmtc": true, "nmtc_projects": 1, "nmtc_total_usd": 6000000.0 }, "geometry": { "type": "Polygon", "coordinates": [ [ [ -87.933369, 43.002934 ], [ -87.933296, 43.004724 ], [ -87.933234, 43.006548 ], [ -87.929688, 43.006489 ], [ -87.925734, 43.006467 ], [ -87.925734, 43.006452 ], [ -87.926039, 43.002846 ], [ -87.926075, 43.001264 ], [ -87.926117, 42.999201 ], [ -87.929906, 42.999214 ], [ -87.933538, 42.999273 ], [ -87.933369, 43.002934 ] ] ] } },
{ "type": "Feature", "properties": { "geoid": "55079020300", "county_name": "Milwaukee County", "place_name": null, "state_name": "Wisconsin", "state_abbr": "WI", "is_rural": false, "ui_invest_score": 3.0, "ui_invest_quintile": 3, "dci_score": 70.1, "dci_quintile": 3.0, "is_cra_lmi": true, "income_level": "M", "is_persistent_poverty": false, "is_tribal_overlap": false, "tribal_area_name": null, "aian_pct": 0.0135, "has_nmtc": false, "nmtc_projects": 0, "nmtc_total_usd": 0.0 }, "geometry": { "type": "Polygon", "coordinates": [ [ [ -87.933943, 42.977469 ], [ -87.933918, 42.981092 ], [ -87.933849, 42.984737 ], [ -87.928873, 42.984687 ], [ -87.926442, 42.984695 ], [ -87.921597, 42.984699 ], [ -87.919159, 42.984701 ], [ -87.919228, 42.98161 ], [ -87.919349, 42.973772 ], [ -87.929114, 42.97377 ], [ -87.933991, 42.973815 ], [ -87.933943, 42.977469 ] ] ] } },
{ "type": "Feature", "properties": { "geoid": "55079014600", "county_name": "Milwaukee County", "place_name": null, "state_name": "Wisconsin", "state_abbr": "WI", "is_rural": false, "ui_invest_score": 2.0, "ui_invest_quintile": 2, "dci_score": 96.6, "dci_quintile": 1.0, "is_cra_lmi": false, "income_level": "NA", "is_persistent_poverty": false, "is_tribal_overlap": false, "tribal_area_name": null, "aian_pct": 0.0, "has_nmtc": true, "nmtc_projects": 1, "nmtc_total_usd": 1762500.0 }, "geometry": { "type": "Polygon", "coordinates": [ [ [ -87.934016, 43.045896 ], [ -87.932316, 43.045772 ], [ -87.927119, 43.045764 ], [ -87.927174, 43.041589 ], [ -87.92721, 43.038653 ], [ -87.932959, 43.038668 ], [ -87.932923, 43.041606 ], [ -87.93401, 43.043221 ], [ -87.934016, 43.045896 ] ] ] } },
{ "type": "Feature", "properties": { "geoid": "55079002900", "county_name": "Milwaukee County", "place_name": null, "state_name": "Wisconsin", "state_abbr": "WI", "is_rural": false, "ui_invest_score": 1.0, "ui_invest_quintile": 1, "dci_score": 95.1, "dci_quintile": 1.0, "is_cra_lmi": true, "income_level": "L", "is_persistent_poverty": false, "is_tribal_overlap": false, "tribal_area_name": null, "aian_pct": 0.0, "has_nmtc": false, "nmtc_projects": 0, "nmtc_total_usd": 0.0 }, "geometry": { "type": "Polygon", "coordinates": [ [ [ -87.986308, 43.105665 ], [ -87.986191, 43.112036 ], [ -87.984953, 43.11203 ], [ -87.981253, 43.112013 ], [ -87.976319, 43.111991 ], [ -87.976407, 43.105186 ], [ -87.976542, 43.104653 ], [ -87.981359, 43.104677 ], [ -87.986487, 43.104713 ], [ -87.986308, 43.105665 ] ] ] } },
{ "type": "Feature", "properties": { "geoid": "55141011000", "county_name": "Wood County", "place_name": null, "state_name": "Wisconsin", "state_abbr": "WI", "is_rural": true, "ui_invest_score": 3.0, "ui_invest_quintile": 3, "dci_score": 41.0, "dci_quintile": 5.0, "is_cra_lmi": false, "income_level": "Middle", "is_persistent_poverty": false, "is_tribal_overlap": false, "tribal_area_name": null, "aian_pct": 0.0076, "has_nmtc": false, "nmtc_projects": 0, "nmtc_total_usd": 0.0 }, "geometry": { "type": "Polygon", "coordinates": [ [ [ -89.824089, 44.394258 ], [ -89.82259, 44.398679 ], [ -89.821242, 44.401599 ], [ -89.819402, 44.405582 ], [ -89.818804, 44.406537 ], [ -89.818748, 44.407155 ], [ -89.815004, 44.410301 ], [ -89.813742, 44.412478 ], [ -89.815187, 44.414373 ], [ -89.814871, 44.415539 ], [ -89.811189, 44.419785 ], [ -89.803031, 44.423562 ], [ -89.804859, 44.423562 ], [ -89.798513, 44.425399 ], [ -89.797426, 44.425297 ], [ -89.79383, 44.425723 ], [ -89.789196, 44.426824 ], [ -89.789961, 44.431902 ], [ -89.788266, 44.433427 ], [ -89.783622, 44.434718 ], [ -89.782771, 44.434943 ], [ -89.782926, 44.434509 ], [ -89.782341, 44.434609 ], [ -89.779088, 44.436335 ], [ -89.775463, 44.43744 ], [ -89.769159, 44.438458 ], [ -89.759942, 44.439001 ], [ -89.755624, 44.439897 ], [ -89.751602, 44.441111 ], [ -89.742149, 44.444353 ], [ -89.73311, 44.446747 ], [ -89.729335, 44.447523 ], [ -89.726331, 44.447702 ], [ -89.726253, 44.44552 ], [ -89.72596, 44.424039 ], [ -89.725922, 44.423091 ], [ -89.725833, 44.421649 ], [ -89.725111, 44.395103 ], [ -89.745918, 44.394947 ], [ -89.751102, 44.394899 ], [ -89.781792, 44.394757 ], [ -89.786753, 44.394703 ], [ -89.786748, 44.392855 ], [ -89.786742, 44.391081 ], [ -89.791373, 44.391091 ], [ -89.791779, 44.391093 ], [ -89.793142, 44.391091 ], [ -89.795651, 44.391088 ], [ -89.796906, 44.391047 ], [ -89.801814, 44.391075 ], [ -89.8133, 44.390962 ], [ -89.817123, 44.390968 ], [ -89.817146, 44.388148 ], [ -89.819428, 44.388196 ], [ -89.821003, 44.388215 ], [ -89.826129, 44.391891 ], [ -89.824089, 44.394258 ] ] ] } },
{ "type": "Feature", "properties": { "geoid": "55141011200", "county_name": "Wood County", "place_name": null, "state_name": "Wisconsin", "state_abbr": "WI", "is_rural": true, "ui_invest_score": 3.0, "ui_invest_quintile": 3, "dci_score": 86.0, "dci_quintile": 2.0, "is_cra_lmi": true, "income_level": "M", "is_persistent_poverty": false, "is_tribal_overlap": false, "tribal_area_name": null, "aian_pct": 0.0, "has_nmtc": true, "nmtc_projects": 1, "nmtc_total_usd": 13730000.0 }, "geometry": { "type": "Polygon", "coordinates": [ [ [ -89.925116, 44.387338 ], [ -89.904962, 44.38737 ], [ -89.905024, 44.394778 ], [ -89.905054, 44.409178 ], [ -89.895585, 44.40923 ], [ -89.895135, 44.409371 ], [ -89.89507, 44.412516 ], [ -89.893269, 44.412011 ], [ -89.88021, 44.410636 ], [ -89.877075, 44.409844 ], [ -89.874923, 44.408781 ], [ -89.870757, 44.405013 ], [ -89.870315, 44.404571 ], [ -89.869542, 44.403798 ], [ -89.867626, 44.401961 ], [ -89.863829, 44.398658 ], [ -89.861178, 44.397621 ], [ -89.849706, 44.396642 ], [ -89.829923, 44.395324 ], [ -89.829844, 44.394296 ], [ -89.826129, 44.391891 ], [ -89.827988, 44.390435 ], [ -89.829616, 44.389658 ], [ -89.833409, 44.387127 ], [ -89.834663, 44.383345 ], [ -89.838286, 44.380966 ], [ -89.842795, 44.376892 ], [ -89.843857, 44.374346 ], [ -89.845815, 44.370983 ], [ -89.846951, 44.370557 ], [ -89.851085, 44.370726 ], [ -89.852655, 44.370432 ], [ -89.855165, 44.368665 ], [ -89.858264, 44.365697 ], [ -89.858668, 44.36569 ], [ -89.861927, 44.365691 ], [ -89.86485, 44.365695 ], [ -89.884821, 44.365659 ], [ -89.925309, 44.365497 ], [ -89.925116, 44.387338 ] ] ] } },
{ "type": "Feature", "properties": { "geoid": "55059000700", "county_name": "Kenosha County", "place_name": null, "state_name": "Wisconsin", "state_abbr": "WI", "is_rural": false, "ui_invest_score": 3.0, "ui_invest_quintile": 3, "dci_score": 38.7, "dci_quintile": 5.0, "is_cra_lmi": true, "income_level": "M", "is_persistent_poverty": false, "is_tribal_overlap": false, "tribal_area_name": null, "aian_pct": 0.0166, "has_nmtc": true, "nmtc_projects": 1, "nmtc_total_usd": 33690000.0 }, "geometry": { "type": "Polygon", "coordinates": [ [ [ -87.881947, 42.590676 ], [ -87.88065, 42.595964 ], [ -87.878885, 42.603528 ], [ -87.877882, 42.603509 ], [ -87.865624, 42.603223 ], [ -87.855745, 42.603049 ], [ -87.848258, 42.602827 ], [ -87.846953, 42.60279 ], [ -87.845739, 42.602758 ], [ -87.845662, 42.59541 ], [ -87.845643, 42.592875 ], [ -87.845618, 42.588132 ], [ -87.848176, 42.588183 ], [ -87.855731, 42.588335 ], [ -87.863238, 42.588462 ], [ -87.86554, 42.588501 ], [ -87.87102, 42.588595 ], [ -87.882404, 42.588818 ], [ -87.881947, 42.590676 ] ] ] } },
{ "type": "Feature", "properties": { "geoid": "55063000900", "county_name": "La Crosse County", "place_name": null, "state_name": "Wisconsin", "state_abbr": "WI", "is_rural": false, "ui_invest_score": 1.0, "ui_invest_quintile": 1, "dci_score": 41.1, "dci_quintile": 5.0, "is_cra_lmi": false, "income_level": "Middle", "is_persistent_poverty": false, "is_tribal_overlap": false, "tribal_area_name": null, "aian_pct": 0.0, "has_nmtc": false, "nmtc_projects": 0, "nmtc_total_usd": 0.0 }, "geometry": { "type": "Polygon", "coordinates": [ [ [ -91.263918582818604, 43.798244589556397 ], [ -91.260596, 43.804061 ], [ -91.259708, 43.809245 ], [ -91.257966, 43.808929 ], [ -91.257749, 43.805715 ], [ -91.255925, 43.804002 ], [ -91.254935, 43.801411 ], [ -91.253505, 43.801511 ], [ -91.247369, 43.801483 ], [ -91.244614, 43.801484 ], [ -91.239604, 43.801466 ], [ -91.239888, 43.797832 ], [ -91.239737, 43.794199 ], [ -91.239631, 43.790595 ], [ -91.241383, 43.790015 ], [ -91.242078, 43.789491 ], [ -91.2359, 43.783323 ], [ -91.235628, 43.783156 ], [ -91.234393, 43.782255 ], [ -91.232039, 43.779789 ], [ -91.229035, 43.776267 ], [ -91.228635, 43.775067 ], [ -91.229778, 43.769923 ], [ -91.231934, 43.768567 ], [ -91.235234, 43.768467 ], [ -91.240135, 43.773467 ], [ -91.244135, 43.774667 ], [ -91.253244773573797, 43.783377558317497 ], [ -91.259676898649403, 43.7895278100358 ], [ -91.261464396954693, 43.791236975264198 ], [ -91.262436, 43.792166 ], [ -91.263918582818604, 43.798244589556397 ] ] ] } },
{ "type": "Feature", "properties": { "geoid": "55009000303", "county_name": "Brown County", "place_name": null, "state_name": "Wisconsin", "state_abbr": "WI", "is_rural": false, "ui_invest_score": 1.0, "ui_invest_quintile": 1, "dci_score": 59.2, "dci_quintile": 4.0, "is_cra_lmi": false, "income_level": "Middle", "is_persistent_poverty": false, "is_tribal_overlap": false, "tribal_area_name": null, "aian_pct": 0.0481, "has_nmtc": false, "nmtc_projects": 0, "nmtc_total_usd": 0.0 }, "geometry": { "type": "Polygon", "coordinates": [ [ [ -88.074013, 44.532587 ], [ -88.073204, 44.534618 ], [ -88.072586, 44.536208 ], [ -88.072066, 44.536979 ], [ -88.066794, 44.544758 ], [ -88.064985, 44.544067 ], [ -88.062195, 44.543185 ], [ -88.052965, 44.539997 ], [ -88.052993, 44.539957 ], [ -88.055188, 44.536737 ], [ -88.058049, 44.532508 ], [ -88.059829, 44.52989 ], [ -88.061547, 44.527334 ], [ -88.074726, 44.531944 ], [ -88.074013, 44.532587 ] ] ] } },
{ "type": "Feature", "properties": { "geoid": "55025002200", "county_name": "Dane County", "place_name": null, "state_name": "Wisconsin", "state_abbr": "WI", "is_rural": false, "ui_invest_score": 3.0, "ui_invest_quintile": 3, "dci_score": 43.7, "dci_quintile": 5.0, "is_cra_lmi": true, "income_level": "M", "is_persistent_poverty": false, "is_tribal_overlap": false, "tribal_area_name": null, "aian_pct": 0.0054, "has_nmtc": false, "nmtc_projects": 0, "nmtc_total_usd": 0.0 }, "geometry": { "type": "Polygon", "coordinates": [ [ [ -89.374649, 43.124838 ], [ -89.37156, 43.123002 ], [ -89.371152, 43.125742 ], [ -89.363581, 43.126128 ], [ -89.363498, 43.130614 ], [ -89.356918, 43.128173 ], [ -89.355461, 43.12626 ], [ -89.355156, 43.125381 ], [ -89.355036, 43.122632 ], [ -89.355012, 43.121686 ], [ -89.355012, 43.121544 ], [ -89.355018, 43.117157 ], [ -89.354368, 43.113354 ], [ -89.356422, 43.114182 ], [ -89.363788, 43.114241 ], [ -89.363827, 43.110149 ], [ -89.363844, 43.109805 ], [ -89.371095, 43.121389 ], [ -89.373896, 43.124133 ], [ -89.374649, 43.124838 ] ] ] } },
{ "type": "Feature", "properties": { "geoid": "55025002500", "county_name": "Dane County", "place_name": null, "state_name": "Wisconsin", "state_abbr": "WI", "is_rural": false, "ui_invest_score": 2.0, "ui_invest_quintile": 2, "dci_score": 43.7, "dci_quintile": 5.0, "is_cra_lmi": true, "income_level": "L", "is_persistent_poverty": false, "is_tribal_overlap": false, "tribal_area_name": null, "aian_pct": 0.0, "has_nmtc": true, "nmtc_projects": 2, "nmtc_total_usd": 13960000.0 }, "geometry": { "type": "Polygon", "coordinates": [ [ [ -89.355227, 43.139971 ], [ -89.35521, 43.140282 ], [ -89.355062, 43.143568 ], [ -89.354977, 43.14463 ], [ -89.354877, 43.146546 ], [ -89.354628, 43.147035 ], [ -89.353848, 43.147621 ], [ -89.351914, 43.148523 ], [ -89.347736, 43.150274 ], [ -89.342372, 43.153259 ], [ -89.342642, 43.152443 ], [ -89.339874, 43.153402 ], [ -89.339828, 43.153369 ], [ -89.337981, 43.152404 ], [ -89.336038, 43.15047 ], [ -89.335172, 43.150444 ], [ -89.334966, 43.150441 ], [ -89.33252, 43.150116 ], [ -89.32838, 43.154624 ], [ -89.325184, 43.152991 ], [ -89.325024, 43.152987 ], [ -89.323733, 43.146493 ], [ -89.322433, 43.135222 ], [ -89.323074, 43.133243 ], [ -89.324479, 43.131901 ], [ -89.324883, 43.131412 ], [ -89.325269, 43.130648 ], [ -89.325413, 43.130071 ], [ -89.325371, 43.128275 ], [ -89.324698, 43.116837 ], [ -89.330455, 43.113137 ], [ -89.338727, 43.107416 ], [ -89.342406, 43.110247 ], [ -89.344022, 43.110709 ], [ -89.350639, 43.11113 ], [ -89.354368, 43.113354 ], [ -89.355018, 43.117157 ], [ -89.355012, 43.121544 ], [ -89.355012, 43.121686 ], [ -89.355036, 43.122632 ], [ -89.355156, 43.125381 ], [ -89.355082, 43.126071 ], [ -89.355349, 43.136365 ], [ -89.355227, 43.139971 ] ] ] } },
{ "type": "Feature", "properties": { "geoid": "55039040500", "county_name": "Fond du Lac County", "place_name": "La Crosse", "state_name": "Wisconsin", "state_abbr": "WI", "is_rural": true, "ui_invest_score": 3.0, "ui_invest_quintile": 3, "dci_score": 66.2, "dci_quintile": 4.0, "is_cra_lmi": true, "income_level": "M", "is_persistent_poverty": false, "is_tribal_overlap": false, "tribal_area_name": null, "aian_pct": 0.0015, "has_nmtc": false, "nmtc_projects": 0, "nmtc_total_usd": 0.0 }, "geometry": { "type": "Polygon", "coordinates": [ [ [ -88.458912, 43.784252 ], [ -88.458798, 43.784256 ], [ -88.448852, 43.783649 ], [ -88.439103, 43.783486 ], [ -88.438988, 43.778798 ], [ -88.438968, 43.775152 ], [ -88.438995, 43.773251 ], [ -88.441497, 43.773552 ], [ -88.444529, 43.773597 ], [ -88.44461, 43.772027 ], [ -88.447086, 43.771513 ], [ -88.452347, 43.771512 ], [ -88.452964, 43.772444 ], [ -88.45086, 43.773279 ], [ -88.455952, 43.77336 ], [ -88.457296, 43.773288 ], [ -88.455701, 43.774612 ], [ -88.455505, 43.776949 ], [ -88.45567, 43.777959 ], [ -88.456172, 43.778736 ], [ -88.457351, 43.780525 ], [ -88.459397, 43.781513 ], [ -88.458912, 43.784252 ] ] ] } },
{ "type": "Feature", "properties": { "geoid": "55139000700", "county_name": "Winnebago County", "place_name": null, "state_name": "Wisconsin", "state_abbr": "WI", "is_rural": false, "ui_invest_score": 2.0, "ui_invest_quintile": 2, "dci_score": 73.2, "dci_quintile": 3.0, "is_cra_lmi": false, "income_level": "NA", "is_persistent_poverty": false, "is_tribal_overlap": false, "tribal_area_name": null, "aian_pct": 0.0026, "has_nmtc": false, "nmtc_projects": 0, "nmtc_total_usd": 0.0 }, "geometry": { "type": "Polygon", "coordinates": [ [ [ -88.556241, 44.032134 ], [ -88.549203, 44.032096 ], [ -88.542554, 44.032134 ], [ -88.542566, 44.03032 ], [ -88.54506, 44.030305 ], [ -88.545072, 44.028506 ], [ -88.545165, 44.023327 ], [ -88.54614, 44.02244 ], [ -88.548515, 44.020262 ], [ -88.551129, 44.01844 ], [ -88.555213, 44.022883 ], [ -88.561971, 44.032062 ], [ -88.556241, 44.032134 ] ] ] } },
{ "type": "Feature", "properties": { "geoid": "55059000102", "county_name": "Kenosha County", "place_name": null, "state_name": "Wisconsin", "state_abbr": "WI", "is_rural": false, "ui_invest_score": 3.0, "ui_invest_quintile": 3, "dci_score": 72.6, "dci_quintile": 3.0, "is_cra_lmi": true, "income_level": "M", "is_persistent_poverty": false, "is_tribal_overlap": false, "tribal_area_name": null, "aian_pct": 0.001, "has_nmtc": false, "nmtc_projects": 0, "nmtc_total_usd": 0.0 }, "geometry": { "type": "Polygon", "coordinates": [ [ [ -87.849035, 42.653724 ], [ -87.848422, 42.655717 ], [ -87.847252, 42.656942 ], [ -87.847541, 42.659128 ], [ -87.845967, 42.662916 ], [ -87.845984, 42.668097 ], [ -87.835873, 42.667845 ], [ -87.822204, 42.667814 ], [ -87.809464, 42.667808 ], [ -87.815949, 42.653361 ], [ -87.822476, 42.638825 ], [ -87.824822, 42.633577 ], [ -87.825622, 42.631487 ], [ -87.826647, 42.626967 ], [ -87.827316, 42.623973 ], [ -87.827402, 42.624058 ], [ -87.832297, 42.628918 ], [ -87.833175, 42.629795 ], [ -87.834889, 42.631505 ], [ -87.835919, 42.632482 ], [ -87.83716, 42.632532 ], [ -87.83959, 42.632523 ], [ -87.840911, 42.632457 ], [ -87.843895, 42.632304 ], [ -87.84589, 42.631817 ], [ -87.845831, 42.638658 ], [ -87.845813, 42.63907 ], [ -87.845431, 42.641435 ], [ -87.849015, 42.647379 ], [ -87.849736, 42.649977 ], [ -87.849035, 42.653724 ] ] ] } },
{ "type": "Feature", "properties": { "geoid": "55025000301", "county_name": "Dane County", "place_name": null, "state_name": "Wisconsin", "state_abbr": "WI", "is_rural": false, "ui_invest_score": 3.0, "ui_invest_quintile": 3, "dci_score": 25.5, "dci_quintile": 5.0, "is_cra_lmi": true, "income_level": "M", "is_persistent_poverty": false, "is_tribal_overlap": false, "tribal_area_name": null, "aian_pct": 0.0184, "has_nmtc": false, "nmtc_projects": 0, "nmtc_total_usd": 0.0 }, "geometry": { "type": "Polygon", "coordinates": [ [ [ -89.46842, 43.071531 ], [ -89.467438, 43.074071 ], [ -89.467475, 43.074295 ], [ -89.464937, 43.074852 ], [ -89.463365, 43.075203 ], [ -89.462659, 43.075152 ], [ -89.456929, 43.075304 ], [ -89.455608, 43.075373 ], [ -89.451155, 43.075415 ], [ -89.451125, 43.068203 ], [ -89.452043, 43.068273 ], [ -89.458805, 43.070161 ], [ -89.460471, 43.069925 ], [ -89.463273, 43.068987 ], [ -89.466287, 43.068198 ], [ -89.468416, 43.068039 ], [ -89.46842, 43.071531 ] ] ] } },
{ "type": "Feature", "properties": { "geoid": "55087011001", "county_name": "Outagamie County", "place_name": "Madison", "state_name": "Wisconsin", "state_abbr": "WI", "is_rural": false, "ui_invest_score": 3.0, "ui_invest_quintile": 3, "dci_score": 27.8, "dci_quintile": 5.0, "is_cra_lmi": true, "income_level": "M", "is_persistent_poverty": false, "is_tribal_overlap": false, "tribal_area_name": null, "aian_pct": 0.0, "has_nmtc": false, "nmtc_projects": 0, "nmtc_total_usd": 0.0 }, "geometry": { "type": "Polygon", "coordinates": [ [ [ -88.466461, 44.258631 ], [ -88.466457, 44.261963 ], [ -88.455928, 44.261864 ], [ -88.450893, 44.261865 ], [ -88.443063, 44.261865 ], [ -88.436131, 44.261849 ], [ -88.436104, 44.259656 ], [ -88.436336, 44.258651 ], [ -88.436608, 44.258069 ], [ -88.43725, 44.257302 ], [ -88.437657, 44.256956 ], [ -88.438101, 44.256673 ], [ -88.441096, 44.255024 ], [ -88.448124, 44.251056 ], [ -88.448984, 44.250372 ], [ -88.454753, 44.244109 ], [ -88.455957, 44.244112 ], [ -88.466017, 44.244098 ], [ -88.466301, 44.244091 ], [ -88.466488, 44.245171 ], [ -88.466461, 44.258631 ] ] ] } },
{ "type": "Feature", "properties": { "geoid": "55139001200", "county_name": "Winnebago County", "place_name": "Madison", "state_name": "Wisconsin", "state_abbr": "WI", "is_rural": false, "ui_invest_score": 3.0, "ui_invest_quintile": 3, "dci_score": 46.4, "dci_quintile": 5.0, "is_cra_lmi": true, "income_level": "M", "is_persistent_poverty": false, "is_tribal_overlap": false, "tribal_area_name": null, "aian_pct": 0.0036, "has_nmtc": false, "nmtc_projects": 0, "nmtc_total_usd": 0.0 }, "geometry": { "type": "Polygon", "coordinates": [ [ [ -88.563084, 44.019607 ], [ -88.557385, 44.021358 ], [ -88.556177, 44.022457 ], [ -88.555213, 44.022883 ], [ -88.551129, 44.01844 ], [ -88.548807, 44.016813 ], [ -88.537844, 44.013272 ], [ -88.53361, 44.01162 ], [ -88.534209, 44.010274 ], [ -88.544999, 44.010415 ], [ -88.55244, 44.01038 ], [ -88.562462, 44.010554 ], [ -88.562406, 44.017873 ], [ -88.564394, 44.017897 ], [ -88.563084, 44.019607 ] ] ] } },
{ "type": "Feature", "properties": { "geoid": "55087011104", "county_name": "Outagamie County", "place_name": null, "state_name": "Wisconsin", "state_abbr": "WI", "is_rural": false, "ui_invest_score": 1.0, "ui_invest_quintile": 1, "dci_score": 27.8, "dci_quintile": 5.0, "is_cra_lmi": false, "income_level": "Middle", "is_persistent_poverty": false, "is_tribal_overlap": false, "tribal_area_name": null, "aian_pct": 0.0, "has_nmtc": false, "nmtc_projects": 0, "nmtc_total_usd": 0.0 }, "geometry": { "type": "Polygon", "coordinates": [ [ [ -88.466409, 44.273213 ], [ -88.466366, 44.288012 ], [ -88.456643, 44.287995 ], [ -88.446427, 44.287831 ], [ -88.446282, 44.280999 ], [ -88.437711, 44.280822 ], [ -88.436116, 44.28054 ], [ -88.436179, 44.273201 ], [ -88.436, 44.2732 ], [ -88.435946, 44.269561 ], [ -88.436169, 44.264999 ], [ -88.436131, 44.261849 ], [ -88.443063, 44.261865 ], [ -88.450893, 44.261865 ], [ -88.455928, 44.261864 ], [ -88.466457, 44.261963 ], [ -88.466409, 44.273213 ] ] ] } },
{ "type": "Feature", "properties": { "geoid": "55115100500", "county_name": "Shawano County", "place_name": null, "state_name": "Wisconsin", "state_abbr": "WI", "is_rural": true, "ui_invest_score": 3.0, "ui_invest_quintile": 3, "dci_score": 58.4, "dci_quintile": 4.0, "is_cra_lmi": false, "income_level": "Middle", "is_persistent_poverty": false, "is_tribal_overlap": false, "tribal_area_name": null, "aian_pct": 0.1533, "has_nmtc": false, "nmtc_projects": 0, "nmtc_total_usd": 0.0 }, "geometry": { "type": "Polygon", "coordinates": [ [ [ -88.609367, 44.782034 ], [ -88.604348, 44.782069 ], [ -88.588453, 44.782151 ], [ -88.575138, 44.781628 ], [ -88.561146, 44.781887 ], [ -88.553303, 44.781739 ], [ -88.550606, 44.781775 ], [ -88.550137, 44.781175 ], [ -88.540825, 44.776042 ], [ -88.532922, 44.770211 ], [ -88.529148, 44.767087 ], [ -88.524705, 44.763082 ], [ -88.523872, 44.762471 ], [ -88.520966, 44.760947 ], [ -88.526866, 44.761013 ], [ -88.562637, 44.761225 ], [ -88.572707, 44.76129 ], [ -88.575001, 44.761308 ], [ -88.578022, 44.761323 ], [ -88.5882, 44.761423 ], [ -88.595897, 44.761512 ], [ -88.603615, 44.761586 ], [ -88.608742, 44.761653 ], [ -88.608786, 44.763359 ], [ -88.609087, 44.773661 ], [ -88.609367, 44.782034 ] ] ] } },
{ "type": "Feature", "properties": { "geoid": "55079006100", "county_name": "Milwaukee County", "place_name": "Milwaukee", "state_name": "Wisconsin", "state_abbr": "WI", "is_rural": false, "ui_invest_score": 3.0, "ui_invest_quintile": 3, "dci_score": 87.5, "dci_quintile": 2.0, "is_cra_lmi": true, "income_level": "M", "is_persistent_poverty": false, "is_tribal_overlap": false, "tribal_area_name": null, "aian_pct": 0.0, "has_nmtc": false, "nmtc_projects": 0, "nmtc_total_usd": 0.0 }, "geometry": { "type": "Polygon", "coordinates": [ [ [ -87.972436, 43.066097 ], [ -87.972368, 43.071587 ], [ -87.971143, 43.071577 ], [ -87.969907, 43.071567 ], [ -87.968724, 43.071557 ], [ -87.967418, 43.071546 ], [ -87.964475, 43.071544 ], [ -87.964506, 43.069714 ], [ -87.964536, 43.067901 ], [ -87.964559, 43.066066 ], [ -87.96459, 43.064256 ], [ -87.97001, 43.064265 ], [ -87.972462, 43.064275 ], [ -87.972436, 43.066097 ] ] ] } },
{ "type": "Feature", "properties": { "geoid": "55079017000", "county_name": "Milwaukee County", "place_name": "Milwaukee", "state_name": "Wisconsin", "state_abbr": "WI", "is_rural": false, "ui_invest_score": 3.0, "ui_invest_quintile": 3, "dci_score": 86.4, "dci_quintile": 2.0, "is_cra_lmi": true, "income_level": "L", "is_persistent_poverty": false, "is_tribal_overlap": false, "tribal_area_name": null, "aian_pct": 0.0309, "has_nmtc": false, "nmtc_projects": 0, "nmtc_total_usd": 0.0 }, "geometry": { "type": "Polygon", "coordinates": [ [ [ -87.952787, 43.01035 ], [ -87.952709, 43.014111 ], [ -87.950328, 43.01412 ], [ -87.947894, 43.014145 ], [ -87.947766, 43.014147 ], [ -87.945052, 43.014165 ], [ -87.942279, 43.014172 ], [ -87.942297, 43.012444 ], [ -87.942309, 43.011266 ], [ -87.942373, 43.008521 ], [ -87.94177, 43.007749 ], [ -87.94233, 43.006677 ], [ -87.947931, 43.006759 ], [ -87.948044, 43.006759 ], [ -87.952886, 43.006709 ], [ -87.952787, 43.01035 ] ] ] } },
{ "type": "Feature", "properties": { "geoid": "55079020500", "county_name": "Milwaukee County", "place_name": null, "state_name": "Wisconsin", "state_abbr": "WI", "is_rural": false, "ui_invest_score": 3.0, "ui_invest_quintile": 3, "dci_score": 88.5, "dci_quintile": 2.0, "is_cra_lmi": true, "income_level": "L", "is_persistent_poverty": false, "is_tribal_overlap": false, "tribal_area_name": null, "aian_pct": 0.0003, "has_nmtc": false, "nmtc_projects": 0, "nmtc_total_usd": 0.0 }, "geometry": { "type": "Polygon", "coordinates": [ [ [ -87.926405, 42.986502 ], [ -87.926364, 42.988268 ], [ -87.926319, 42.99013 ], [ -87.926276, 42.991938 ], [ -87.919003, 42.991958 ], [ -87.91905, 42.99015 ], [ -87.919098, 42.988287 ], [ -87.919128, 42.986517 ], [ -87.919159, 42.984701 ], [ -87.921597, 42.984699 ], [ -87.926442, 42.984695 ], [ -87.926405, 42.986502 ] ] ] } },
{ "type": "Feature", "properties": { "geoid": "55079004000", "county_name": "Milwaukee County", "place_name": null, "state_name": "Wisconsin", "state_abbr": "WI", "is_rural": false, "ui_invest_score": 3.0, "ui_invest_quintile": 3, "dci_score": 92.1, "dci_quintile": 1.0, "is_cra_lmi": true, "income_level": "L", "is_persistent_poverty": false, "is_tribal_overlap": false, "tribal_area_name": null, "aian_pct": 0.0, "has_nmtc": false, "nmtc_projects": 0, "nmtc_total_usd": 0.0 }, "geometry": { "type": "Polygon", "coordinates": [ [ [ -87.976888, 43.097208 ], [ -87.973405, 43.097198 ], [ -87.972214, 43.09688 ], [ -87.966991, 43.09685 ], [ -87.967039, 43.093413 ], [ -87.967007, 43.089884 ], [ -87.968527, 43.089902 ], [ -87.97349, 43.089922 ], [ -87.974716, 43.089945 ], [ -87.977058, 43.089958 ], [ -87.976888, 43.097208 ] ] ] } },
{ "type": "Feature", "properties": { "geoid": "55009001200", "county_name": "Brown County", "place_name": null, "state_name": "Wisconsin", "state_abbr": "WI", "is_rural": false, "ui_invest_score": 1.0, "ui_invest_quintile": 1, "dci_score": 42.3, "dci_quintile": 5.0, "is_cra_lmi": true, "income_level": "M", "is_persistent_poverty": false, "is_tribal_overlap": false, "tribal_area_name": null, "aian_pct": 0.1126, "has_nmtc": false, "nmtc_projects": 0, "nmtc_total_usd": 0.0 }, "geometry": { "type": "Polygon", "coordinates": [ [ [ -88.010469, 44.512317 ], [ -88.009059, 44.511817 ], [ -88.007725, 44.51374 ], [ -88.002084, 44.511745 ], [ -87.998771, 44.510592 ], [ -87.998177, 44.510185 ], [ -87.99398, 44.510209 ], [ -87.992732, 44.509698 ], [ -87.990125, 44.506498 ], [ -87.990032, 44.505058 ], [ -87.990398, 44.505208 ], [ -87.995084, 44.506882 ], [ -87.995946, 44.505636 ], [ -88.001413, 44.50757 ], [ -88.004279, 44.508583 ], [ -88.007097, 44.50958 ], [ -88.008737, 44.507219 ], [ -88.012967, 44.508715 ], [ -88.010469, 44.512317 ] ] ] } },
{ "type": "Feature", "properties": { "geoid": "55101001302", "county_name": "Racine County", "place_name": null, "state_name": "Wisconsin", "state_abbr": "WI", "is_rural": false, "ui_invest_score": 3.0, "ui_invest_quintile": 3, "dci_score": 61.0, "dci_quintile": 4.0, "is_cra_lmi": true, "income_level": "M", "is_persistent_poverty": false, "is_tribal_overlap": false, "tribal_area_name": null, "aian_pct": 0.0091, "has_nmtc": false, "nmtc_projects": 0, "nmtc_total_usd": 0.0 }, "geometry": { "type": "Polygon", "coordinates": [ [ [ -87.799175, 42.74574 ], [ -87.794337, 42.745749 ], [ -87.79178, 42.745761 ], [ -87.791797, 42.747735 ], [ -87.787095, 42.747759 ], [ -87.787119, 42.751358 ], [ -87.787146, 42.755497 ], [ -87.78084, 42.75549 ], [ -87.780204313096505, 42.755542476420501 ], [ -87.781736, 42.750053 ], [ -87.781606, 42.743622 ], [ -87.780093256451593, 42.740577201283301 ], [ -87.782789, 42.740486 ], [ -87.787033, 42.740463 ], [ -87.791694, 42.740506 ], [ -87.791731, 42.740506 ], [ -87.798579, 42.740482 ], [ -87.798675, 42.742284 ], [ -87.798879, 42.744203 ], [ -87.799175, 42.74574 ] ] ] } },
{ "type": "Feature", "properties": { "geoid": "55063001102", "county_name": "La Crosse County", "place_name": null, "state_name": "Wisconsin", "state_abbr": "WI", "is_rural": false, "ui_invest_score": 3.0, "ui_invest_quintile": 3, "dci_score": 41.1, "dci_quintile": 5.0, "is_cra_lmi": true, "income_level": "M", "is_persistent_poverty": false, "is_tribal_overlap": false, "tribal_area_name": null, "aian_pct": 0.0, "has_nmtc": false, "nmtc_projects": 0, "nmtc_total_usd": 0.0 }, "geometry": { "type": "Polygon", "coordinates": [ [ [ -91.230633, 43.77957 ], [ -91.230522, 43.782367 ], [ -91.229259, 43.783272 ], [ -91.222355, 43.783332 ], [ -91.21923, 43.781809 ], [ -91.21417, 43.779336 ], [ -91.212399, 43.777702 ], [ -91.211935, 43.77771 ], [ -91.209819, 43.770464 ], [ -91.207645, 43.762082 ], [ -91.208234, 43.761859 ], [ -91.209956, 43.758923 ], [ -91.212534, 43.758167 ], [ -91.212834, 43.759667 ], [ -91.219736, 43.765065 ], [ -91.222383, 43.766725 ], [ -91.224356, 43.768829 ], [ -91.225346, 43.771945 ], [ -91.227329, 43.77294 ], [ -91.228635, 43.775067 ], [ -91.229035, 43.776267 ], [ -91.232039, 43.779789 ], [ -91.230633, 43.77957 ] ] ] } },
{ "type": "Feature", "properties": { "geoid": "55079017100", "county_name": "Milwaukee County", "place_name": null, "state_name": "Wisconsin", "state_abbr": "WI", "is_rural": false, "ui_invest_score": 1.0, "ui_invest_quintile": 1, "dci_score": 88.5, "dci_quintile": 2.0, "is_cra_lmi": true, "income_level": "M", "is_persistent_poverty": false, "is_tribal_overlap": false, "tribal_area_name": null, "aian_pct": 0.0, "has_nmtc": false, "nmtc_projects": 0, "nmtc_total_usd": 0.0 }, "geometry": { "type": "Polygon", "coordinates": [ [ [ -87.966413, 43.012261 ], [ -87.962719, 43.012312 ], [ -87.961996, 43.014063 ], [ -87.958832, 43.01408 ], [ -87.957596, 43.014087 ], [ -87.955211, 43.014101 ], [ -87.952709, 43.014111 ], [ -87.952787, 43.01035 ], [ -87.952886, 43.006709 ], [ -87.957781, 43.006641 ], [ -87.961047, 43.006616 ], [ -87.960976, 43.009814 ], [ -87.966328, 43.010163 ], [ -87.966413, 43.012261 ] ] ] } },
{ "type": "Feature", "properties": { "geoid": "55079013700", "county_name": "Milwaukee County", "place_name": null, "state_name": "Wisconsin", "state_abbr": "WI", "is_rural": false, "ui_invest_score": 3.0, "ui_invest_quintile": 3, "dci_score": 96.3, "dci_quintile": 1.0, "is_cra_lmi": true, "income_level": "L", "is_persistent_poverty": false, "is_tribal_overlap": false, "tribal_area_name": null, "aian_pct": 0.0, "has_nmtc": false, "nmtc_projects": 0, "nmtc_total_usd": 0.0 }, "geometry": { "type": "Polygon", "coordinates": [ [ [ -87.947773, 43.045874 ], [ -87.942853, 43.045859 ], [ -87.942876, 43.041621 ], [ -87.942885, 43.04024 ], [ -87.942895, 43.03869 ], [ -87.947717, 43.0387 ], [ -87.947709, 43.04027 ], [ -87.947702, 43.041647 ], [ -87.947695, 43.043247 ], [ -87.947782, 43.044528 ], [ -87.947773, 43.045874 ] ] ] } },
{ "type": "Feature", "properties": { "geoid": "55079008100", "county_name": "Milwaukee County", "place_name": null, "state_name": "Wisconsin", "state_abbr": "WI", "is_rural": false, "ui_invest_score": 3.0, "ui_invest_quintile": 3, "dci_score": 66.0, "dci_quintile": 4.0, "is_cra_lmi": true, "income_level": "L", "is_persistent_poverty": false, "is_tribal_overlap": false, "tribal_area_name": null, "aian_pct": 0.0, "has_nmtc": true, "nmtc_projects": 1, "nmtc_total_usd": 15000000.0 }, "geometry": { "type": "Polygon", "coordinates": [ [ [ -87.909578, 43.067521 ], [ -87.909558, 43.069347 ], [ -87.909539, 43.071085 ], [ -87.905264, 43.07114 ], [ -87.9053, 43.067493 ], [ -87.905342, 43.063853 ], [ -87.909618, 43.063887 ], [ -87.909578, 43.067521 ] ] ] } },
{ "type": "Feature", "properties": { "geoid": "55079008700", "county_name": "Milwaukee County", "place_name": null, "state_name": "Wisconsin", "state_abbr": "WI", "is_rural": false, "ui_invest_score": 2.0, "ui_invest_quintile": 2, "dci_score": 97.1, "dci_quintile": 1.0, "is_cra_lmi": true, "income_level": "L", "is_persistent_poverty": false, "is_tribal_overlap": false, "tribal_area_name": null, "aian_pct": 0.0, "has_nmtc": false, "nmtc_projects": 0, "nmtc_total_usd": 0.0 }, "geometry": { "type": "Polygon", "coordinates": [ [ [ -87.942457, 43.067854 ], [ -87.942395, 43.071497 ], [ -87.937425, 43.071436 ], [ -87.937452, 43.069626 ], [ -87.937481, 43.067798 ], [ -87.937542, 43.064157 ], [ -87.94253, 43.064217 ], [ -87.942457, 43.067854 ] ] ] } },
{ "type": "Feature", "properties": { "geoid": "55079007800", "county_name": "Milwaukee County", "place_name": "La Crosse", "state_name": "Wisconsin", "state_abbr": "WI", "is_rural": false, "ui_invest_score": 2.0, "ui_invest_quintile": 2, "dci_score": 34.2, "dci_quintile": 5.0, "is_cra_lmi": false, "income_level": "Middle", "is_persistent_poverty": false, "is_tribal_overlap": false, "tribal_area_name": null, "aian_pct": 0.0162, "has_nmtc": false, "nmtc_projects": 0, "nmtc_total_usd": 0.0 }, "geometry": { "type": "Polygon", "coordinates": [ [ [ -87.894843, 43.068606 ], [ -87.893204, 43.071095 ], [ -87.891519, 43.071074 ], [ -87.891499, 43.072857 ], [ -87.891464, 43.074678 ], [ -87.887862, 43.074652 ], [ -87.882905, 43.074643 ], [ -87.882942, 43.072814 ], [ -87.88297, 43.071001 ], [ -87.883022, 43.067365 ], [ -87.886722, 43.067387 ], [ -87.894717, 43.067408 ], [ -87.895049, 43.067923 ], [ -87.894843, 43.068606 ] ] ] } },
{ "type": "Feature", "properties": { "geoid": "55079016700", "county_name": "Milwaukee County", "place_name": null, "state_name": "Wisconsin", "state_abbr": "WI", "is_rural": false, "ui_invest_score": 2.0, "ui_invest_quintile": 2, "dci_score": 84.7, "dci_quintile": 2.0, "is_cra_lmi": true, "income_level": "L", "is_persistent_poverty": false, "is_tribal_overlap": false, "tribal_area_name": null, "aian_pct": 0.0077, "has_nmtc": true, "nmtc_projects": 3, "nmtc_total_usd": 45010000.0 }, "geometry": { "type": "Polygon", "coordinates": [ [ [ -87.925734, 43.006467 ], [ -87.925659, 43.008293 ], [ -87.925602, 43.010159 ], [ -87.925453, 43.01414 ], [ -87.922635, 43.014141 ], [ -87.919808, 43.014141 ], [ -87.918474, 43.014173 ], [ -87.918585, 43.011031 ], [ -87.918658, 43.008294 ], [ -87.918698, 43.006473 ], [ -87.925734, 43.006452 ], [ -87.925734, 43.006467 ] ] ] } },
{ "type": "Feature", "properties": { "geoid": "55027960300", "county_name": "Dodge County", "place_name": null, "state_name": "Wisconsin", "state_abbr": "WI", "is_rural": true, "ui_invest_score": 3.0, "ui_invest_quintile": 3, "dci_score": 59.1, "dci_quintile": 4.0, "is_cra_lmi": false, "income_level": "Middle", "is_persistent_poverty": false, "is_tribal_overlap": false, "tribal_area_name": null, "aian_pct": 0.0091, "has_nmtc": false, "nmtc_projects": 0, "nmtc_total_usd": 0.0 }, "geometry": { "type": "Polygon", "coordinates": [ [ [ -88.78045, 43.6214 ], [ -88.765376, 43.626063 ], [ -88.758641, 43.627689 ], [ -88.758696, 43.629655 ], [ -88.757244, 43.632774 ], [ -88.756003, 43.633099 ], [ -88.744841, 43.63311 ], [ -88.736803, 43.633144 ], [ -88.729794, 43.633183 ], [ -88.728128, 43.633186 ], [ -88.717245, 43.633215 ], [ -88.716883, 43.633216 ], [ -88.716231, 43.633219 ], [ -88.716148, 43.630365 ], [ -88.71827, 43.62001 ], [ -88.717741, 43.620015 ], [ -88.718019, 43.618605 ], [ -88.718667, 43.615322 ], [ -88.720225, 43.608222 ], [ -88.721828, 43.605804 ], [ -88.725034, 43.603627 ], [ -88.725011, 43.605218 ], [ -88.734846, 43.605045 ], [ -88.734823, 43.618731 ], [ -88.734974, 43.618638 ], [ -88.743809, 43.613246 ], [ -88.745082, 43.612798 ], [ -88.745105, 43.608369 ], [ -88.755, 43.608013 ], [ -88.759037, 43.605873 ], [ -88.765405, 43.605102 ], [ -88.765515, 43.596848 ], [ -88.775605, 43.596547 ], [ -88.775743, 43.600161 ], [ -88.777777, 43.603804 ], [ -88.780523, 43.607867 ], [ -88.78045, 43.6214 ] ] ] } },
{ "type": "Feature", "properties": { "geoid": "55037190101", "county_name": "Florence County", "place_name": null, "state_name": "Wisconsin", "state_abbr": "WI", "is_rural": true, "ui_invest_score": 3.0, "ui_invest_quintile": 3, "dci_score": 62.3, "dci_quintile": 4.0, "is_cra_lmi": true, "income_level": "M", "is_persistent_poverty": false, "is_tribal_overlap": false, "tribal_area_name": null, "aian_pct": 0.0, "has_nmtc": false, "nmtc_projects": 0, "nmtc_total_usd": 0.0 }, "geometry": { "type": "Polygon", "coordinates": [ [ [ -88.683311856033598, 46.0141382805013 ], [ -88.683087, 46.014137 ], [ -88.679132, 46.013538 ], [ -88.677596, 46.01254 ], [ -88.677164, 46.011676 ], [ -88.675635, 46.011682 ], [ -88.674606, 46.010567 ], [ -88.675539, 46.009907 ], [ -88.675916, 46.008546 ], [ -88.674235, 46.007572 ], [ -88.67406, 46.006783 ], [ -88.672019, 46.006089 ], [ -88.671207, 46.004683 ], [ -88.672257, 46.002645 ], [ -88.670746, 46.001581 ], [ -88.67025, 46.000631 ], [ -88.670939, 45.999957 ], [ -88.671267, 45.999026 ], [ -88.669699, 45.997856 ], [ -88.668183, 45.9976 ], [ -88.667036, 45.997234 ], [ -88.666803, 45.996073 ], [ -88.667464, 45.995048 ], [ -88.667189, 45.994035 ], [ -88.66663, 45.993486 ], [ -88.664697, 45.993637 ], [ -88.663923, 45.993242 ], [ -88.663609, 45.992397 ], [ -88.66436, 45.991337 ], [ -88.670601, 45.98983 ], [ -88.670827, 45.988547 ], [ -88.667278, 45.988087 ], [ -88.665632, 45.988575 ], [ -88.664521, 45.989022 ], [ -88.663697, 45.989084 ], [ -88.663275, 45.988405 ], [ -88.663368, 45.987669 ], [ -88.662281, 45.987737 ], [ -88.661427, 45.988419 ], [ -88.65776, 45.989287 ], [ -88.655075, 45.988569 ], [ -88.653327, 45.987785 ], [ -88.652402101382293, 45.987678951414999 ], [ -88.651417, 45.987566 ], [ -88.649753, 45.988297 ], [ -88.647883, 45.988667 ], [ -88.64703, 45.988371 ], [ -88.64647, 45.98711 ], [ -88.64486, 45.986949 ], [ -88.6375, 45.98496 ], [ -88.635598, 45.985119 ], [ -88.634833, 45.985659 ], [ -88.634842, 45.987565 ], [ -88.634055, 45.987999 ], [ -88.627841, 45.98844 ], [ -88.626488, 45.987611 ], [ -88.625767, 45.987574 ], [ -88.623947, 45.988633 ], [ -88.62082, 45.988434 ], [ -88.616405, 45.9877 ], [ -88.614176, 45.988775 ], [ -88.613063, 45.990627 ], [ -88.614074, 45.992417 ], [ -88.615922, 45.993335 ], [ -88.615651, 45.994221 ], [ -88.614562, 45.994823 ], [ -88.614831, 45.995798 ], [ -88.613814, 45.997276 ], [ -88.611563, 45.99881 ], [ -88.611978, 46.001121 ], [ -88.611604, 46.003669 ], [ -88.612712, 46.004462 ], [ -88.611277, 46.005693 ], [ -88.610074, 46.005728 ], [ -88.608097, 46.007144 ], [ -88.606939, 46.008454 ], [ -88.607438, 46.010991 ], [ -88.60551, 46.013093 ], [ -88.603965, 46.016181 ], [ -88.60144, 46.017599 ], [ -88.598093, 46.017623 ], [ -88.595667, 46.015797 ], [ -88.59386, 46.015132 ], [ -88.593302, 46.014447 ], [ -88.592874, 46.01159 ], [ -88.590849, 46.009113 ], [ -88.590558, 46.007742 ], [ -88.589755, 46.005602 ], [ -88.589, 46.005077 ], [ -88.58067, 46.006975 ], [ -88.57854, 46.009757 ], [ -88.576234, 46.009763 ], [ -88.572995, 46.011799 ], [ -88.571553, 46.013811 ], [ -88.565485, 46.015708 ], [ -88.562065, 46.014927 ], [ -88.560681, 46.014277 ], [ -88.559658911651397, 46.0142617235744 ], [ -88.55854, 46.014245 ], [ -88.556711, 46.014838 ], [ -88.554987, 46.014977 ], [ -88.550756, 46.012896 ], [ -88.548589, 46.01318 ], [ -88.547247, 46.013796 ], [ -88.545077, 46.013405 ], [ -88.541078, 46.013763 ], [ -88.539011, 46.014791 ], [ -88.536268, 46.017688 ], [ -88.534876, 46.018104 ], [ -88.532897, 46.018097 ], [ -88.532546, 46.019021 ], [ -88.53353, 46.019932 ], [ -88.534196, 46.020886 ], [ -88.532414, 46.021212 ], [ -88.530147, 46.02049 ], [ -88.526673, 46.020822 ], [ -88.523131, 46.019518 ], [ -88.516999, 46.02003 ], [ -88.514601, 46.019926 ], [ -88.509516, 46.019169 ], [ -88.507188, 46.0183 ], [ -88.506205, 46.017134 ], [ -88.505946, 46.013385 ], [ -88.506476, 46.011114 ], [ -88.50471, 46.009485 ], [ -88.503185, 46.007244 ], [ -88.502388, 46.005472 ], [ -88.500779294362502, 46.001894324269699 ], [ -88.500133, 46.000457 ], [ -88.498765, 46.000393 ], [ -88.497795609189595, 45.999675951950103 ], [ -88.496898, 45.999012 ], [ -88.496897, 45.998281 ], [ -88.498108, 45.99636 ], [ -88.497417, 45.995149 ], [ -88.495357, 45.99439 ], [ -88.493803, 45.994262 ], [ -88.493038, 45.993744 ], [ -88.492931, 45.993119 ], [ -88.492694443726705, 45.992597057029997 ], [ -88.492495, 45.992157 ], [ -88.486755, 45.990949 ], [ -88.483802, 45.992405 ], [ -88.481583, 45.992133 ], [ -88.480432, 45.991639 ], [ -88.478984, 45.991797 ], [ -88.476002, 45.992826 ], [ -88.474516, 45.993632 ], [ -88.473996, 45.994439 ], [ -88.474072, 45.995375 ], [ -88.475152, 45.996598 ], [ -88.474695, 45.99877 ], [ -88.470855, 46.001004 ], [ -88.465542, 46.000685 ], [ -88.463862, 46.000329 ], [ -88.462242, 45.999353 ], [ -88.461338, 45.999564 ], [ -88.458658, 45.999391 ], [ -88.454361, 45.997518 ], [ -88.453768, 45.997019 ], [ -88.453868, 45.996169 ], [ -88.454261, 45.993426 ], [ -88.450325, 45.990181 ], [ -88.448751, 45.98977 ], [ -88.443078, 45.990685 ], [ -88.440749, 45.99085 ], [ -88.439733, 45.990456 ], [ -88.43911, 45.989903 ], [ -88.438804, 45.988741 ], [ -88.435798, 45.988125 ], [ -88.434762, 45.98834 ], [ -88.433712, 45.987006 ], [ -88.43406, 45.986205 ], [ -88.433875, 45.985601 ], [ -88.432229, 45.985319 ], [ -88.430486, 45.984475 ], [ -88.427869, 45.984013 ], [ -88.426125, 45.984102 ], [ -88.423437, 45.98193 ], [ -88.422322, 45.98017 ], [ -88.423044, 45.978547 ], [ -88.420356, 45.976764 ], [ -88.416914, 45.975323 ], [ -88.414849, 45.975483 ], [ -88.411077, 45.979139 ], [ -88.409864, 45.979688 ], [ -88.402848, 45.981194 ], [ -88.399046, 45.980278 ], [ -88.398968438456393, 45.980280344690897 ], [ -88.395308, 45.980391 ], [ -88.387939, 45.983167 ], [ -88.385698, 45.986835 ], [ -88.384318, 45.988113 ], [ -88.385234, 45.990239 ], [ -88.382069, 45.990731 ], [ -88.381175, 45.991665 ], [ -88.380183, 45.991654 ], [ -88.376448, 45.989458 ], [ -88.375133, 45.989274 ], [ -88.373705, 45.988556 ], [ -88.373265, 45.987334 ], [ -88.372246, 45.985931 ], [ -88.371449, 45.985356 ], [ -88.367917, 45.985166 ], [ -88.365857, 45.98428 ], [ -88.359279, 45.981508 ], [ -88.35871, 45.980586 ], [ -88.356679, 45.979416 ], [ -88.354817, 45.979102 ], [ -88.353973, 45.978684 ], [ -88.353205, 45.977675 ], [ -88.350947, 45.977214 ], [ -88.349601, 45.976245 ], [ -88.34884, 45.975441 ], [ -88.347523, 45.974443 ], [ -88.345417, 45.973985 ], [ -88.342378, 45.971731 ], [ -88.342627, 45.969908 ], [ -88.341437, 45.968719 ], [ -88.339987, 45.969031 ], [ -88.338761, 45.969575 ], [ -88.33474, 45.968627 ], [ -88.332309, 45.966589 ], [ -88.330137, 45.965951 ], [ -88.328333, 45.964054 ], [ -88.327872, 45.958934 ], [ -88.330296, 45.956625 ], [ -88.326953, 45.955071 ], [ -88.326003, 45.9553 ], [ -88.325461, 45.956373 ], [ -88.323598, 45.95735 ], [ -88.322478, 45.958822 ], [ -88.320531, 45.959963 ], [ -88.32103, 45.961374 ], [ -88.321033, 45.963313 ], [ -88.319698, 45.963626 ], [ -88.318824, 45.963275 ], [ -88.318662, 45.962048 ], [ -88.316894, 45.960969 ], [ -88.312745, 45.959379 ], [ -88.30952, 45.959369 ], [ -88.305714, 45.957549 ], [ -88.300965, 45.956168 ], [ -88.29699, 45.954172 ], [ -88.295264, 45.951253 ], [ -88.292381, 45.951115 ], [ -88.286721, 45.953742 ], [ -88.286267, 45.954729 ], [ -88.284974, 45.955329 ], [ -88.283335, 45.955091 ], [ -88.273608, 45.956619 ], [ -88.268944, 45.956413 ], [ -88.26839, 45.957486 ], [ -88.265672876910401, 45.958244247927396 ], [ -88.2626754060162, 45.9590807304929 ], [ -88.261732, 45.959344 ], [ -88.259343, 45.959494 ], [ -88.256455, 45.962739 ], [ -88.254816, 45.963538 ], [ -88.250133, 45.963572 ], [ -88.249117, 45.963663 ], [ -88.246346, 45.963389 ], [ -88.245708, 45.962735 ], [ -88.245937, 45.958726 ], [ -88.246579, 45.956597 ], [ -88.245752, 45.954147 ], [ -88.244452, 45.952142 ], [ -88.242518, 45.950363 ], [ -88.239941, 45.949362 ], [ -88.23314, 45.947405 ], [ -88.230193, 45.947251 ], [ -88.227988, 45.947688 ], [ -88.223773, 45.948712 ], [ -88.222167, 45.948513 ], [ -88.219139, 45.947503 ], [ -88.210182855780999, 45.947652524282397 ], [ -88.210126, 45.944247 ], [ -88.211575, 45.94325 ], [ -88.214146, 45.937973 ], [ -88.214783, 45.937939 ], [ -88.215294, 45.936125 ], [ -88.218608, 45.9339 ], [ -88.221045, 45.932138 ], [ -88.222787, 45.927807 ], [ -88.221046, 45.924834 ], [ -88.224173, 45.92069 ], [ -88.218732, 45.920642 ], [ -88.214647, 45.920273 ], [ -88.209251, 45.920502 ], [ -88.209277, 45.909282 ], [ -88.198783, 45.908461 ], [ -88.198802, 45.905802 ], [ -88.198458, 45.897752 ], [ -88.201685, 45.897446 ], [ -88.205981, 45.897672 ], [ -88.208215, 45.897127 ], [ -88.212454, 45.897472 ], [ -88.217838, 45.896197 ], [ -88.222707, 45.896144 ], [ -88.226221, 45.897406 ], [ -88.22771, 45.898575 ], [ -88.232121, 45.900781 ], [ -88.235462, 45.904368 ], [ -88.238632, 45.906574 ], [ -88.239914, 45.906774 ], [ -88.240196, 45.90323 ], [ -88.242281, 45.905434 ], [ -88.249136, 45.909122 ], [ -88.251464, 45.91168 ], [ -88.252225, 45.914852 ], [ -88.252145, 45.918549 ], [ -88.258277, 45.922143 ], [ -88.265116, 45.9149 ], [ -88.268099, 45.911844 ], [ -88.268717, 45.911356 ], [ -88.271309, 45.910018 ], [ -88.276418, 45.908616 ], [ -88.278966, 45.90818 ], [ -88.291948, 45.907727 ], [ -88.295267, 45.906796 ], [ -88.297574, 45.906598 ], [ -88.301277, 45.908163 ], [ -88.303221, 45.908544 ], [ -88.303528, 45.908553 ], [ -88.355378, 45.908465 ], [ -88.36647, 45.908992 ], [ -88.368289, 45.907287 ], [ -88.36808, 45.902641 ], [ -88.367537, 45.899357 ], [ -88.369603, 45.897493 ], [ -88.371296, 45.898239 ], [ -88.377776, 45.896165 ], [ -88.378173, 45.894872 ], [ -88.377284, 45.893457 ], [ -88.377436, 45.892932 ], [ -88.378683, 45.891697 ], [ -88.37947, 45.891365 ], [ -88.380076, 45.891362 ], [ -88.382428, 45.892201 ], [ -88.383305, 45.892712 ], [ -88.383766, 45.893349 ], [ -88.384415, 45.895047 ], [ -88.38456, 45.895922 ], [ -88.383861, 45.897185 ], [ -88.383769, 45.897973 ], [ -88.384367, 45.898245 ], [ -88.385761, 45.898265 ], [ -88.386587, 45.898548 ], [ -88.387507, 45.898353 ], [ -88.388098, 45.897652 ], [ -88.38822, 45.896592 ], [ -88.389261, 45.89511 ], [ -88.390585, 45.89509 ], [ -88.395738, 45.895449 ], [ -88.397634, 45.89708 ], [ -88.399888, 45.897193 ], [ -88.402029, 45.89794 ], [ -88.405862, 45.897978 ], [ -88.407985, 45.898391 ], [ -88.410293, 45.898102 ], [ -88.411482, 45.898374 ], [ -88.413133, 45.903208 ], [ -88.417088, 45.904001 ], [ -88.420305, 45.902194 ], [ -88.422675, 45.903861 ], [ -88.422938, 45.904878 ], [ -88.426149, 45.904268 ], [ -88.428133, 45.902829 ], [ -88.433249, 45.902961 ], [ -88.435089, 45.900341 ], [ -88.436854, 45.89953 ], [ -88.440923, 45.8987 ], [ -88.44394, 45.898908 ], [ -88.44369, 45.90172 ], [ -88.446793, 45.901704 ], [ -88.449575, 45.902771 ], [ -88.45186, 45.902389 ], [ -88.453326, 45.901059 ], [ -88.458347, 45.899656 ], [ -88.459686, 45.898148 ], [ -88.461619, 45.897255 ], [ -88.462059, 45.895404 ], [ -88.463944, 45.895012 ], [ -88.46585, 45.895698 ], [ -88.467444, 45.895514 ], [ -88.469867, 45.894248 ], [ -88.470717, 45.892837 ], [ -88.472136, 45.892144 ], [ -88.4732, 45.892713 ], [ -88.476653, 45.892615 ], [ -88.47836, 45.893953 ], [ -88.48169, 45.893123 ], [ -88.48349, 45.892068 ], [ -88.485549, 45.892009 ], [ -88.48803, 45.889824 ], [ -88.489673, 45.890143 ], [ -88.491176, 45.891382 ], [ -88.491441, 45.893203 ], [ -88.492818, 45.893201 ], [ -88.497564, 45.891147 ], [ -88.498629, 45.890429 ], [ -88.497608, 45.889725 ], [ -88.49536, 45.889622 ], [ -88.495587, 45.889022 ], [ -88.498172, 45.888298 ], [ -88.499535, 45.888813 ], [ -88.500727, 45.887277 ], [ -88.501675, 45.887389 ], [ -88.503346, 45.889258 ], [ -88.507297, 45.889347 ], [ -88.508991, 45.890184 ], [ -88.511775, 45.890531 ], [ -88.513111, 45.888216 ], [ -88.515528, 45.88835 ], [ -88.516544, 45.889278 ], [ -88.520954, 45.888172 ], [ -88.522281, 45.888865 ], [ -88.523932, 45.893155 ], [ -88.526795, 45.892076 ], [ -88.527719, 45.889961 ], [ -88.529589, 45.889344 ], [ -88.530743, 45.887742 ], [ -88.534719, 45.88911 ], [ -88.536714, 45.891303 ], [ -88.53995, 45.891369 ], [ -88.543101, 45.893127 ], [ -88.547518, 45.893724 ], [ -88.550952, 45.892842 ], [ -88.555959, 45.89339 ], [ -88.560487, 45.893421 ], [ -88.562979, 45.894651 ], [ -88.566211, 45.894367 ], [ -88.568092, 45.89484 ], [ -88.570675, 45.894651 ], [ -88.571598, 45.894099 ], [ -88.571176, 45.892455 ], [ -88.574042, 45.892211 ], [ -88.573178, 45.890293 ], [ -88.57522, 45.889242 ], [ -88.575526, 45.887647 ], [ -88.576998, 45.887196 ], [ -88.580014, 45.887343 ], [ -88.58214, 45.886222 ], [ -88.583355, 45.884652 ], [ -88.5829, 45.883917 ], [ -88.585575, 45.881208 ], [ -88.588597, 45.881333 ], [ -88.586805, 45.882968 ], [ -88.588093, 45.883664 ], [ -88.591686, 45.88227 ], [ -88.592272, 45.880253 ], [ -88.594444, 45.880336 ], [ -88.594698, 45.878485 ], [ -88.599306, 45.877084 ], [ -88.602509, 45.87496 ], [ -88.603936, 45.871885 ], [ -88.604898, 45.871269 ], [ -88.608514, 45.871843 ], [ -88.610664, 45.873707 ], [ -88.614918, 45.874008 ], [ -88.616226, 45.875102 ], [ -88.619537, 45.876089 ], [ -88.622938, 45.87842 ], [ -88.629883, 45.877823 ], [ -88.630469, 45.879689 ], [ -88.629634, 45.881344 ], [ -88.630732, 45.882336 ], [ -88.631292, 45.884893 ], [ -88.632341, 45.885223 ], [ -88.636624, 45.88517 ], [ -88.638443, 45.885733 ], [ -88.639901, 45.885114 ], [ -88.643139, 45.886488 ], [ -88.648167, 45.888176 ], [ -88.648473, 45.889475 ], [ -88.652355, 45.891791 ], [ -88.654251, 45.890248 ], [ -88.656213, 45.89014 ], [ -88.657732, 45.891016 ], [ -88.659133, 45.889567 ], [ -88.663267, 45.889498 ], [ -88.66323, 45.89049 ], [ -88.665391, 45.891663 ], [ -88.667862, 45.891577 ], [ -88.670365, 45.892043 ], [ -88.673708, 45.891121 ], [ -88.675588, 45.88931 ], [ -88.675485, 45.896255 ], [ -88.675484, 45.896291 ], [ -88.67445, 45.980868 ], [ -88.674604, 45.982298 ], [ -88.6842, 45.982449 ], [ -88.683311856033598, 46.0141382805013 ] ] ] } },
{ "type": "Feature", "properties": { "geoid": "55139000502", "county_name": "Winnebago County", "place_name": null, "state_name": "Wisconsin", "state_abbr": "WI", "is_rural": false, "ui_invest_score": 3.0, "ui_invest_quintile": 3, "dci_score": 73.2, "dci_quintile": 3.0, "is_cra_lmi": false, "income_level": "Middle", "is_persistent_poverty": false, "is_tribal_overlap": false, "tribal_area_name": null, "aian_pct": 0.0, "has_nmtc": false, "nmtc_projects": 0, "nmtc_total_usd": 0.0 }, "geometry": { "type": "Polygon", "coordinates": [ [ [ -88.542584, 44.026589 ], [ -88.542566, 44.03032 ], [ -88.542554, 44.032134 ], [ -88.53757, 44.032163 ], [ -88.527584, 44.032219 ], [ -88.527566, 44.028099 ], [ -88.527537, 44.024964 ], [ -88.531515, 44.024953 ], [ -88.536458, 44.024931 ], [ -88.536422, 44.022154 ], [ -88.538427, 44.022147 ], [ -88.538424, 44.02018 ], [ -88.542567, 44.021931 ], [ -88.542584, 44.026589 ] ] ] } },
{ "type": "Feature", "properties": { "geoid": "55079014100", "county_name": "Milwaukee County", "place_name": null, "state_name": "Wisconsin", "state_abbr": "WI", "is_rural": false, "ui_invest_score": 2.0, "ui_invest_quintile": 2, "dci_score": 84.2, "dci_quintile": 2.0, "is_cra_lmi": true, "income_level": "L", "is_persistent_poverty": false, "is_tribal_overlap": false, "tribal_area_name": null, "aian_pct": 0.0, "has_nmtc": true, "nmtc_projects": 6, "nmtc_total_usd": 31915050.0 }, "geometry": { "type": "Polygon", "coordinates": [ [ [ -87.927098, 43.051299 ], [ -87.927085, 43.052611 ], [ -87.924291, 43.052591 ], [ -87.922919, 43.051241 ], [ -87.920137, 43.05124 ], [ -87.914305, 43.051192 ], [ -87.914412, 43.045699 ], [ -87.927119, 43.045764 ], [ -87.927098, 43.051299 ] ] ] } },
{ "type": "Feature", "properties": { "geoid": "55025000600", "county_name": "Dane County", "place_name": "Oshkosh", "state_name": "Wisconsin", "state_abbr": "WI", "is_rural": false, "ui_invest_score": 1.0, "ui_invest_quintile": 1, "dci_score": 5.6, "dci_quintile": 5.0, "is_cra_lmi": true, "income_level": "L", "is_persistent_poverty": false, "is_tribal_overlap": false, "tribal_area_name": null, "aian_pct": 0.0049, "has_nmtc": true, "nmtc_projects": 3, "nmtc_total_usd": 9300000.0 }, "geometry": { "type": "Polygon", "coordinates": [ [ [ -89.470648, 43.020507 ], [ -89.468765, 43.023687 ], [ -89.466612, 43.026206 ], [ -89.461163, 43.030557 ], [ -89.4599, 43.031494 ], [ -89.45865, 43.039368 ], [ -89.458583, 43.039338 ], [ -89.457583, 43.038884 ], [ -89.452828, 43.036866 ], [ -89.448164, 43.034901 ], [ -89.443613, 43.034762 ], [ -89.44363, 43.034076 ], [ -89.445127, 43.031677 ], [ -89.447257, 43.027912 ], [ -89.448343, 43.025311 ], [ -89.450035, 43.02189 ], [ -89.454864, 43.0189 ], [ -89.455346, 43.015405 ], [ -89.455408, 43.015403 ], [ -89.472565, 43.015516 ], [ -89.470648, 43.020507 ] ] ] } },
{ "type": "Feature", "properties": { "geoid": "55025000410", "county_name": "Dane County", "place_name": null, "state_name": "Wisconsin", "state_abbr": "WI", "is_rural": false, "ui_invest_score": 3.0, "ui_invest_quintile": 3, "dci_score": 15.5, "dci_quintile": 5.0, "is_cra_lmi": true, "income_level": "M", "is_persistent_poverty": false, "is_tribal_overlap": false, "tribal_area_name": null, "aian_pct": 0.0055, "has_nmtc": false, "nmtc_projects": 0, "nmtc_total_usd": 0.0 }, "geometry": { "type": "Polygon", "coordinates": [ [ [ -89.522301, 43.060491 ], [ -89.519347, 43.060512 ], [ -89.517487, 43.06053 ], [ -89.512658, 43.060568 ], [ -89.507794, 43.060655 ], [ -89.502755, 43.060698 ], [ -89.503092, 43.053318 ], [ -89.503092, 43.053092 ], [ -89.503133, 43.052241 ], [ -89.503145, 43.050149 ], [ -89.505623, 43.050226 ], [ -89.506149, 43.050304 ], [ -89.51386, 43.050995 ], [ -89.517773, 43.051963 ], [ -89.51772, 43.055221 ], [ -89.518724, 43.055839 ], [ -89.520035, 43.05686 ], [ -89.521533, 43.058507 ], [ -89.522583, 43.060486 ], [ -89.522301, 43.060491 ] ] ] } },
{ "type": "Feature", "properties": { "geoid": "55079000101", "county_name": "Milwaukee County", "place_name": "Appleton", "state_name": "Wisconsin", "state_abbr": "WI", "is_rural": false, "ui_invest_score": 3.0, "ui_invest_quintile": 3, "dci_score": 77.5, "dci_quintile": 3.0, "is_cra_lmi": true, "income_level": "M", "is_persistent_poverty": false, "is_tribal_overlap": false, "tribal_area_name": null, "aian_pct": 0.0, "has_nmtc": true, "nmtc_projects": 1, "nmtc_total_usd": 10000000.0 }, "geometry": { "type": "Polygon", "coordinates": [ [ [ -88.024181, 43.182458 ], [ -88.024069, 43.184959 ], [ -88.023724, 43.192487 ], [ -88.003814, 43.192581 ], [ -87.994171, 43.19255 ], [ -87.99425, 43.188715 ], [ -87.99448, 43.17768 ], [ -88.005622, 43.177733 ], [ -88.024343, 43.177599 ], [ -88.024181, 43.182458 ] ] ] } },
{ "type": "Feature", "properties": { "geoid": "55033970801", "county_name": "Dunn County", "place_name": null, "state_name": "Wisconsin", "state_abbr": "WI", "is_rural": true, "ui_invest_score": 2.0, "ui_invest_quintile": 2, "dci_score": 40.7, "dci_quintile": 5.0, "is_cra_lmi": true, "income_level": "L", "is_persistent_poverty": false, "is_tribal_overlap": false, "tribal_area_name": null, "aian_pct": 0.0046, "has_nmtc": true, "nmtc_projects": 1, "nmtc_total_usd": 0.0 }, "geometry": { "type": "Polygon", "coordinates": [ [ [ -91.929763, 44.87199 ], [ -91.929746, 44.878998 ], [ -91.925883, 44.876514 ], [ -91.922246, 44.876717 ], [ -91.92207, 44.872861 ], [ -91.92082, 44.872861 ], [ -91.920808, 44.87011 ], [ -91.918318, 44.87013 ], [ -91.916977, 44.869201 ], [ -91.918274, 44.869199 ], [ -91.918266, 44.868284 ], [ -91.924625, 44.868362 ], [ -91.924641, 44.864714 ], [ -91.929771, 44.864699 ], [ -91.929763, 44.87199 ] ] ] } },
{ "type": "Feature", "properties": { "geoid": "55105000100", "county_name": "Rock County", "place_name": null, "state_name": "Wisconsin", "state_abbr": "WI", "is_rural": false, "ui_invest_score": 3.0, "ui_invest_quintile": 3, "dci_score": 38.3, "dci_quintile": 5.0, "is_cra_lmi": true, "income_level": "L", "is_persistent_poverty": false, "is_tribal_overlap": false, "tribal_area_name": null, "aian_pct": 0.0, "has_nmtc": false, "nmtc_projects": 0, "nmtc_total_usd": 0.0 }, "geometry": { "type": "Polygon", "coordinates": [ [ [ -89.032138, 42.679335 ], [ -89.028485, 42.684497 ], [ -89.027633, 42.686226 ], [ -89.02659, 42.685283 ], [ -89.02227, 42.687808 ], [ -89.016838, 42.688286 ], [ -89.018639, 42.685304 ], [ -89.017565, 42.684196 ], [ -89.022735, 42.681035 ], [ -89.026587, 42.67939 ], [ -89.028355, 42.679361 ], [ -89.031801, 42.679344 ], [ -89.032138, 42.679335 ] ] ] } },
{ "type": "Feature", "properties": { "geoid": "55005000601", "county_name": "Barron County", "place_name": null, "state_name": "Wisconsin", "state_abbr": "WI", "is_rural": true, "ui_invest_score": 3.0, "ui_invest_quintile": 3, "dci_score": 37.1, "dci_quintile": 5.0, "is_cra_lmi": false, "income_level": "Middle", "is_persistent_poverty": false, "is_tribal_overlap": false, "tribal_area_name": null, "aian_pct": 0.0, "has_nmtc": false, "nmtc_projects": 0, "nmtc_total_usd": 0.0 }, "geometry": { "type": "Polygon", "coordinates": [ [ [ -91.741868, 45.458948 ], [ -91.739653, 45.464007 ], [ -91.735784, 45.488272 ], [ -91.735234, 45.489173 ], [ -91.722812, 45.488964 ], [ -91.723154, 45.485678 ], [ -91.718899, 45.483685 ], [ -91.715632, 45.482807 ], [ -91.714956, 45.482733 ], [ -91.712312, 45.484373 ], [ -91.709531, 45.48437 ], [ -91.707523, 45.484095 ], [ -91.704433, 45.484286 ], [ -91.704148, 45.487236 ], [ -91.688072, 45.487265 ], [ -91.68834, 45.484735 ], [ -91.687269, 45.483043 ], [ -91.688115, 45.481122 ], [ -91.688864, 45.477096 ], [ -91.691888, 45.474421 ], [ -91.697056, 45.475173 ], [ -91.697024, 45.473824 ], [ -91.699072, 45.473731 ], [ -91.698129, 45.471743 ], [ -91.700533, 45.470234 ], [ -91.70379, 45.470307 ], [ -91.705504, 45.471765 ], [ -91.709362, 45.470706 ], [ -91.709564, 45.467443 ], [ -91.713137, 45.466803 ], [ -91.71261, 45.465938 ], [ -91.714371, 45.464699 ], [ -91.716159, 45.464653 ], [ -91.715541, 45.462824 ], [ -91.717846, 45.461041 ], [ -91.7209, 45.460971 ], [ -91.725414, 45.459117 ], [ -91.731032, 45.457698 ], [ -91.731779, 45.456761 ], [ -91.735199, 45.456484 ], [ -91.740517, 45.457511 ], [ -91.743103, 45.456603 ], [ -91.741868, 45.458948 ] ] ] } },
{ "type": "Feature", "properties": { "geoid": "55127000501", "county_name": "Walworth County", "place_name": null, "state_name": "Wisconsin", "state_abbr": "WI", "is_rural": true, "ui_invest_score": 2.0, "ui_invest_quintile": 2, "dci_score": 52.7, "dci_quintile": 5.0, "is_cra_lmi": false, "income_level": "Middle", "is_persistent_poverty": false, "is_tribal_overlap": false, "tribal_area_name": null, "aian_pct": 0.0026, "has_nmtc": true, "nmtc_projects": 1, "nmtc_total_usd": 5820000.0 }, "geometry": { "type": "Polygon", "coordinates": [ [ [ -88.775026, 42.842687 ], [ -88.771719, 42.842825 ], [ -88.76292, 42.842798 ], [ -88.752893, 42.842766 ], [ -88.734683, 42.842721 ], [ -88.735958, 42.842313 ], [ -88.735836, 42.841304 ], [ -88.737241, 42.840754 ], [ -88.737367, 42.83501 ], [ -88.747078, 42.83492 ], [ -88.749536, 42.834876 ], [ -88.752928, 42.834794 ], [ -88.760926, 42.834705 ], [ -88.767527, 42.837359 ], [ -88.768229, 42.837722 ], [ -88.772621, 42.840948 ], [ -88.775026, 42.842687 ] ] ] } },
{ "type": "Feature", "properties": { "geoid": "55025001200", "county_name": "Dane County", "place_name": null, "state_name": "Wisconsin", "state_abbr": "WI", "is_rural": false, "ui_invest_score": 2.0, "ui_invest_quintile": 2, "dci_score": 4.9, "dci_quintile": 5.0, "is_cra_lmi": false, "income_level": "Middle", "is_persistent_poverty": false, "is_tribal_overlap": false, "tribal_area_name": null, "aian_pct": 0.0013, "has_nmtc": true, "nmtc_projects": 1, "nmtc_total_usd": 10000000.0 }, "geometry": { "type": "Polygon", "coordinates": [ [ [ -89.42095, 43.06241 ], [ -89.412762, 43.067806 ], [ -89.408981, 43.067753 ], [ -89.405715, 43.067719 ], [ -89.404051, 43.067698 ], [ -89.400941, 43.06765 ], [ -89.397362, 43.067638 ], [ -89.395127, 43.066998 ], [ -89.391309, 43.064397 ], [ -89.38984, 43.064402 ], [ -89.389408, 43.063917 ], [ -89.392348, 43.063286 ], [ -89.396295, 43.064136 ], [ -89.398938, 43.063004 ], [ -89.399521, 43.059903 ], [ -89.399003, 43.058958 ], [ -89.400117, 43.058492 ], [ -89.401462, 43.057791 ], [ -89.404028, 43.056739 ], [ -89.408119, 43.058226 ], [ -89.410331, 43.05761 ], [ -89.417064, 43.05854 ], [ -89.417069, 43.05917 ], [ -89.417903, 43.059724 ], [ -89.42095, 43.06241 ] ] ] } },
{ "type": "Feature", "properties": { "geoid": "55031020300", "county_name": "Douglas County", "place_name": null, "state_name": "Wisconsin", "state_abbr": "WI", "is_rural": false, "ui_invest_score": 3.0, "ui_invest_quintile": 3, "dci_score": 45.7, "dci_quintile": 5.0, "is_cra_lmi": true, "income_level": "M", "is_persistent_poverty": false, "is_tribal_overlap": false, "tribal_area_name": null, "aian_pct": 0.0283, "has_nmtc": true, "nmtc_projects": 1, "nmtc_total_usd": 6511075.0 }, "geometry": { "type": "Polygon", "coordinates": [ [ [ -92.100881, 46.725412 ], [ -92.100855, 46.728602 ], [ -92.097831, 46.728588 ], [ -92.089255, 46.728553 ], [ -92.087457, 46.72843 ], [ -92.085894, 46.728603 ], [ -92.082769, 46.731269 ], [ -92.080541, 46.731792 ], [ -92.078496, 46.731015 ], [ -92.071300747737098, 46.736031980982901 ], [ -92.064789437549805, 46.731303831219698 ], [ -92.07083, 46.72691 ], [ -92.073533, 46.725635 ], [ -92.068412, 46.722271 ], [ -92.073585, 46.721444 ], [ -92.077236, 46.720605 ], [ -92.08204, 46.720579 ], [ -92.087513, 46.7206 ], [ -92.090855, 46.720611 ], [ -92.097898, 46.720664 ], [ -92.100929, 46.720666 ], [ -92.100881, 46.725412 ] ] ] } },
{ "type": "Feature", "properties": { "geoid": "55079016900", "county_name": "Milwaukee County", "place_name": null, "state_name": "Wisconsin", "state_abbr": "WI", "is_rural": false, "ui_invest_score": 1.0, "ui_invest_quintile": 1, "dci_score": 85.3, "dci_quintile": 2.0, "is_cra_lmi": true, "income_level": "L", "is_persistent_poverty": false, "is_tribal_overlap": false, "tribal_area_name": null, "aian_pct": 0.0059, "has_nmtc": true, "nmtc_projects": 1, "nmtc_total_usd": 5280000.0 }, "geometry": { "type": "Polygon", "coordinates": [ [ [ -87.942309, 43.011266 ], [ -87.942297, 43.012444 ], [ -87.940915, 43.012424 ], [ -87.938167, 43.012385 ], [ -87.933057, 43.012331 ], [ -87.933079, 43.010192 ], [ -87.933172, 43.008376 ], [ -87.933234, 43.006548 ], [ -87.94233, 43.006677 ], [ -87.94177, 43.007749 ], [ -87.942373, 43.008521 ], [ -87.942309, 43.011266 ] ] ] } },
{ "type": "Feature", "properties": { "geoid": "55079186100", "county_name": "Milwaukee County", "place_name": "Chief Lake", "state_name": "Wisconsin", "state_abbr": "WI", "is_rural": false, "ui_invest_score": 3.0, "ui_invest_quintile": 3, "dci_score": 93.1, "dci_quintile": 1.0, "is_cra_lmi": true, "income_level": "L", "is_persistent_poverty": false, "is_tribal_overlap": false, "tribal_area_name": null, "aian_pct": 0.0167, "has_nmtc": false, "nmtc_projects": 0, "nmtc_total_usd": 0.0 }, "geometry": { "type": "Polygon", "coordinates": [ [ [ -87.947767, 43.047281 ], [ -87.947762, 43.048647 ], [ -87.947757, 43.05005 ], [ -87.947751, 43.051413 ], [ -87.945208, 43.051798 ], [ -87.942773, 43.051395 ], [ -87.937733, 43.051367 ], [ -87.937774, 43.048599 ], [ -87.937811, 43.045844 ], [ -87.942853, 43.045859 ], [ -87.947773, 43.045874 ], [ -87.947767, 43.047281 ] ] ] } },
{ "type": "Feature", "properties": { "geoid": "55087010800", "county_name": "Outagamie County", "place_name": null, "state_name": "Wisconsin", "state_abbr": "WI", "is_rural": false, "ui_invest_score": 3.0, "ui_invest_quintile": 3, "dci_score": 11.6, "dci_quintile": 5.0, "is_cra_lmi": true, "income_level": "M", "is_persistent_poverty": false, "is_tribal_overlap": false, "tribal_area_name": null, "aian_pct": 0.0066, "has_nmtc": false, "nmtc_projects": 0, "nmtc_total_usd": 0.0 }, "geometry": { "type": "Polygon", "coordinates": [ [ [ -88.424907, 44.245386 ], [ -88.41879, 44.251432 ], [ -88.415363, 44.25311 ], [ -88.413207, 44.253586 ], [ -88.406471, 44.256713 ], [ -88.404302, 44.251265 ], [ -88.40407, 44.244102 ], [ -88.404202, 44.2441 ], [ -88.410973, 44.244082 ], [ -88.41286, 44.244051 ], [ -88.414053, 44.244035 ], [ -88.417769, 44.244037 ], [ -88.424107, 44.244186 ], [ -88.429007, 44.244286 ], [ -88.424907, 44.245386 ] ] ] } },
{ "type": "Feature", "properties": { "geoid": "55079003300", "county_name": "Milwaukee County", "place_name": null, "state_name": "Wisconsin", "state_abbr": "WI", "is_rural": false, "ui_invest_score": 3.0, "ui_invest_quintile": 3, "dci_score": 89.2, "dci_quintile": 2.0, "is_cra_lmi": true, "income_level": "M", "is_persistent_poverty": false, "is_tribal_overlap": false, "tribal_area_name": null, "aian_pct": 0.0, "has_nmtc": false, "nmtc_projects": 0, "nmtc_total_usd": 0.0 }, "geometry": { "type": "Polygon", "coordinates": [ [ [ -88.027519, 43.104448 ], [ -88.027511, 43.104956 ], [ -88.024681, 43.104968 ], [ -88.018549, 43.104981 ], [ -88.017195, 43.104984 ], [ -88.013591, 43.104989 ], [ -88.011794, 43.104987 ], [ -88.00649, 43.104998 ], [ -88.00687, 43.10372 ], [ -88.007046, 43.099112 ], [ -88.007096, 43.097208 ], [ -88.016082, 43.097105 ], [ -88.017406, 43.097091 ], [ -88.022524, 43.097036 ], [ -88.027642, 43.09698 ], [ -88.027519, 43.104448 ] ] ] } },
{ "type": "Feature", "properties": { "geoid": "55079016000", "county_name": "Milwaukee County", "place_name": null, "state_name": "Wisconsin", "state_abbr": "WI", "is_rural": false, "ui_invest_score": 3.0, "ui_invest_quintile": 3, "dci_score": 88.5, "dci_quintile": 2.0, "is_cra_lmi": true, "income_level": "L", "is_persistent_poverty": false, "is_tribal_overlap": false, "tribal_area_name": null, "aian_pct": 0.0443, "has_nmtc": true, "nmtc_projects": 2, "nmtc_total_usd": 2400000.0 }, "geometry": { "type": "Polygon", "coordinates": [ [ [ -87.962294, 43.02343 ], [ -87.95386, 43.023718 ], [ -87.952643, 43.023837 ], [ -87.952581, 43.021908 ], [ -87.952583, 43.019054 ], [ -87.955119, 43.019043 ], [ -87.957717, 43.019022 ], [ -87.961781, 43.019 ], [ -87.961698, 43.021367 ], [ -87.962332, 43.021331 ], [ -87.962294, 43.02343 ] ] ] } },
{ "type": "Feature", "properties": { "geoid": "55079002300", "county_name": "Milwaukee County", "place_name": "Beloit", "state_name": "Wisconsin", "state_abbr": "WI", "is_rural": false, "ui_invest_score": 3.0, "ui_invest_quintile": 3, "dci_score": 90.2, "dci_quintile": 2.0, "is_cra_lmi": true, "income_level": "L", "is_persistent_poverty": false, "is_tribal_overlap": false, "tribal_area_name": null, "aian_pct": 0.0, "has_nmtc": false, "nmtc_projects": 0, "nmtc_total_usd": 0.0 }, "geometry": { "type": "Polygon", "coordinates": [ [ [ -87.946543, 43.108381 ], [ -87.946503, 43.1104 ], [ -87.946469, 43.111819 ], [ -87.942378, 43.112216 ], [ -87.939118, 43.111714 ], [ -87.937004, 43.111667 ], [ -87.932856, 43.111614 ], [ -87.932116, 43.113678 ], [ -87.929808, 43.109026 ], [ -87.930952, 43.107993 ], [ -87.930183, 43.106893 ], [ -87.926297, 43.105459 ], [ -87.925051, 43.10031 ], [ -87.928591, 43.100419 ], [ -87.927036, 43.097758 ], [ -87.927655, 43.097959 ], [ -87.942862, 43.102847 ], [ -87.94637, 43.103965 ], [ -87.946655, 43.104498 ], [ -87.946543, 43.108381 ] ] ] } },
{ "type": "Feature", "properties": { "geoid": "55079003200", "county_name": "Milwaukee County", "place_name": null, "state_name": "Wisconsin", "state_abbr": "WI", "is_rural": false, "ui_invest_score": 3.0, "ui_invest_quintile": 3, "dci_score": 95.1, "dci_quintile": 1.0, "is_cra_lmi": true, "income_level": "M", "is_persistent_poverty": false, "is_tribal_overlap": false, "tribal_area_name": null, "aian_pct": 0.019, "has_nmtc": false, "nmtc_projects": 0, "nmtc_total_usd": 0.0 }, "geometry": { "type": "Polygon", "coordinates": [ [ [ -88.007046, 43.099112 ], [ -88.00687, 43.10372 ], [ -88.00649, 43.104998 ], [ -88.003311, 43.104956 ], [ -88.000713, 43.104922 ], [ -87.995076, 43.104847 ], [ -87.993774, 43.104825 ], [ -87.993059, 43.104814 ], [ -87.995039, 43.103312 ], [ -87.995564, 43.102662 ], [ -87.995648, 43.099163 ], [ -87.995683, 43.097259 ], [ -87.99945, 43.097246 ], [ -88.003136, 43.097228 ], [ -88.007096, 43.097208 ], [ -88.007046, 43.099112 ] ] ] } },
{ "type": "Feature", "properties": { "geoid": "55079008000", "county_name": "Milwaukee County", "place_name": null, "state_name": "Wisconsin", "state_abbr": "WI", "is_rural": false, "ui_invest_score": 3.0, "ui_invest_quintile": 3, "dci_score": 66.0, "dci_quintile": 4.0, "is_cra_lmi": true, "income_level": "M", "is_persistent_poverty": false, "is_tribal_overlap": false, "tribal_area_name": null, "aian_pct": 0.0193, "has_nmtc": false, "nmtc_projects": 0, "nmtc_total_usd": 0.0 }, "geometry": { "type": "Polygon", "coordinates": [ [ [ -87.9053, 43.067493 ], [ -87.905264, 43.07114 ], [ -87.900323, 43.071108 ], [ -87.900352, 43.067463 ], [ -87.900402, 43.063821 ], [ -87.905342, 43.063853 ], [ -87.9053, 43.067493 ] ] ] } },
{ "type": "Feature", "properties": { "geoid": "55079185400", "county_name": "Milwaukee County", "place_name": null, "state_name": "Wisconsin", "state_abbr": "WI", "is_rural": false, "ui_invest_score": 3.0, "ui_invest_quintile": 3, "dci_score": 94.6, "dci_quintile": 1.0, "is_cra_lmi": true, "income_level": "L", "is_persistent_poverty": false, "is_tribal_overlap": false, "tribal_area_name": null, "aian_pct": 0.0125, "has_nmtc": true, "nmtc_projects": 7, "nmtc_total_usd": 30130000.0 }, "geometry": { "type": "Polygon", "coordinates": [ [ [ -87.943614, 43.062738 ], [ -87.94253, 43.064217 ], [ -87.937542, 43.064157 ], [ -87.932608, 43.06408 ], [ -87.932737, 43.056164 ], [ -87.937664, 43.056276 ], [ -87.942655, 43.056313 ], [ -87.942548, 43.061714 ], [ -87.943614, 43.062738 ] ] ] } },
{ "type": "Feature", "properties": { "geoid": "55025000506", "county_name": "Dane County", "place_name": "Sheboygan", "state_name": "Wisconsin", "state_abbr": "WI", "is_rural": false, "ui_invest_score": 3.0, "ui_invest_quintile": 3, "dci_score": 13.8, "dci_quintile": 5.0, "is_cra_lmi": true, "income_level": "M", "is_persistent_poverty": false, "is_tribal_overlap": false, "tribal_area_name": null, "aian_pct": 0.0, "has_nmtc": false, "nmtc_projects": 0, "nmtc_total_usd": 0.0 }, "geometry": { "type": "Polygon", "coordinates": [ [ [ -89.488823, 43.031867 ], [ -89.483704, 43.031919 ], [ -89.483124, 43.031919 ], [ -89.484192, 43.030041 ], [ -89.480945, 43.028318 ], [ -89.480323, 43.026574 ], [ -89.480341, 43.026104 ], [ -89.475243, 43.025958 ], [ -89.475108, 43.024766 ], [ -89.471705, 43.024824 ], [ -89.468765, 43.023687 ], [ -89.470648, 43.020507 ], [ -89.472565, 43.015516 ], [ -89.475478, 43.015557 ], [ -89.484047, 43.015746 ], [ -89.483967, 43.019584 ], [ -89.483895, 43.023513 ], [ -89.487017, 43.022997 ], [ -89.488888, 43.022959 ], [ -89.488823, 43.031867 ] ] ] } },
{ "type": "Feature", "properties": { "geoid": "55079007000", "county_name": "Milwaukee County", "place_name": null, "state_name": "Wisconsin", "state_abbr": "WI", "is_rural": false, "ui_invest_score": 3.0, "ui_invest_quintile": 3, "dci_score": 66.0, "dci_quintile": 4.0, "is_cra_lmi": true, "income_level": "L", "is_persistent_poverty": false, "is_tribal_overlap": false, "tribal_area_name": null, "aian_pct": 0.0188, "has_nmtc": false, "nmtc_projects": 0, "nmtc_total_usd": 0.0 }, "geometry": { "type": "Polygon", "coordinates": [ [ [ -87.916927, 43.074829 ], [ -87.91689, 43.077586 ], [ -87.915441, 43.077579 ], [ -87.910924, 43.077559 ], [ -87.907618, 43.077548 ], [ -87.907647, 43.076596 ], [ -87.905169, 43.07658 ], [ -87.905229, 43.074747 ], [ -87.905246, 43.072948 ], [ -87.905264, 43.07114 ], [ -87.909539, 43.071085 ], [ -87.914023, 43.071124 ], [ -87.91697, 43.07115 ], [ -87.916927, 43.074829 ] ] ] } },
{ "type": "Feature", "properties": { "geoid": "55079003000", "county_name": "Milwaukee County", "place_name": null, "state_name": "Wisconsin", "state_abbr": "WI", "is_rural": false, "ui_invest_score": 3.0, "ui_invest_quintile": 3, "dci_score": 95.1, "dci_quintile": 1.0, "is_cra_lmi": true, "income_level": "M", "is_persistent_poverty": false, "is_tribal_overlap": false, "tribal_area_name": null, "aian_pct": 0.0085, "has_nmtc": false, "nmtc_projects": 0, "nmtc_total_usd": 0.0 }, "geometry": { "type": "Polygon", "coordinates": [ [ [ -88.006111, 43.106263 ], [ -88.006052, 43.112279 ], [ -88.003529, 43.112218 ], [ -88.002553, 43.11232 ], [ -88.001943, 43.112672 ], [ -88.001452, 43.112246 ], [ -87.996073, 43.112158 ], [ -87.994842, 43.112143 ], [ -87.993607, 43.112127 ], [ -87.991174, 43.112097 ], [ -87.990463, 43.112088 ], [ -87.986191, 43.112036 ], [ -87.986308, 43.105665 ], [ -87.986487, 43.104713 ], [ -87.986478, 43.104699 ], [ -87.989705, 43.104763 ], [ -87.993059, 43.104814 ], [ -87.993774, 43.104825 ], [ -87.995076, 43.104847 ], [ -88.000713, 43.104922 ], [ -88.003311, 43.104956 ], [ -88.00649, 43.104998 ], [ -88.006111, 43.106263 ] ] ] } },
{ "type": "Feature", "properties": { "geoid": "55139000200", "county_name": "Winnebago County", "place_name": null, "state_name": "Wisconsin", "state_abbr": "WI", "is_rural": false, "ui_invest_score": 3.0, "ui_invest_quintile": 3, "dci_score": 73.2, "dci_quintile": 3.0, "is_cra_lmi": true, "income_level": "M", "is_persistent_poverty": false, "is_tribal_overlap": false, "tribal_area_name": null, "aian_pct": 0.0271, "has_nmtc": false, "nmtc_projects": 0, "nmtc_total_usd": 0.0 }, "geometry": { "type": "Polygon", "coordinates": [ [ [ -88.536458, 44.024931 ], [ -88.531515, 44.024953 ], [ -88.527537, 44.024964 ], [ -88.521009, 44.025035 ], [ -88.520332, 44.025088 ], [ -88.516591, 44.024594 ], [ -88.51651, 44.024523 ], [ -88.516167, 44.024652 ], [ -88.515912, 44.024641 ], [ -88.515537, 44.024554 ], [ -88.515236, 44.024374 ], [ -88.514958, 44.024298 ], [ -88.511766, 44.02395 ], [ -88.514755, 44.016782 ], [ -88.515342, 44.016723 ], [ -88.517221, 44.016662 ], [ -88.51725, 44.017758 ], [ -88.527468, 44.017718 ], [ -88.531521, 44.017696 ], [ -88.531518, 44.019639 ], [ -88.53529, 44.019624 ], [ -88.536422, 44.022154 ], [ -88.536458, 44.024931 ] ] ] } },
{ "type": "Feature", "properties": { "geoid": "55139000900", "county_name": "Winnebago County", "place_name": null, "state_name": "Wisconsin", "state_abbr": "WI", "is_rural": false, "ui_invest_score": 3.0, "ui_invest_quintile": 3, "dci_score": 73.2, "dci_quintile": 3.0, "is_cra_lmi": false, "income_level": "Middle", "is_persistent_poverty": false, "is_tribal_overlap": false, "tribal_area_name": null, "aian_pct": 0.0, "has_nmtc": false, "nmtc_projects": 0, "nmtc_total_usd": 0.0 }, "geometry": { "type": "Polygon", "coordinates": [ [ [ -88.581044, 44.04647 ], [ -88.579276, 44.049591 ], [ -88.579025, 44.050031 ], [ -88.574714, 44.058205 ], [ -88.574049, 44.059183 ], [ -88.573773, 44.059574 ], [ -88.572127, 44.056199 ], [ -88.571719, 44.055475 ], [ -88.571458, 44.055008 ], [ -88.57074, 44.053719 ], [ -88.563167, 44.0538 ], [ -88.553819, 44.053946 ], [ -88.552888, 44.053915 ], [ -88.542913, 44.054023 ], [ -88.542882, 44.052974 ], [ -88.542857, 44.052072 ], [ -88.542832, 44.05117 ], [ -88.542806, 44.050268 ], [ -88.542783, 44.049456 ], [ -88.54278, 44.049358 ], [ -88.542729, 44.047543 ], [ -88.542722, 44.04726 ], [ -88.542717, 44.047088 ], [ -88.54271, 44.046786 ], [ -88.542655, 44.043013 ], [ -88.542612, 44.039386 ], [ -88.552609, 44.039297 ], [ -88.556448, 44.03926 ], [ -88.565129, 44.039183 ], [ -88.56782, 44.038979 ], [ -88.574812, 44.043183 ], [ -88.579974, 44.044982 ], [ -88.581973, 44.044837 ], [ -88.581044, 44.04647 ] ] ] } },
{ "type": "Feature", "properties": { "geoid": "55099970200", "county_name": "Price County", "place_name": null, "state_name": "Wisconsin", "state_abbr": "WI", "is_rural": true, "ui_invest_score": 3.0, "ui_invest_quintile": 3, "dci_score": 72.0, "dci_quintile": 3.0, "is_cra_lmi": true, "income_level": "M", "is_persistent_poverty": false, "is_tribal_overlap": false, "tribal_area_name": null, "aian_pct": 0.0053, "has_nmtc": true, "nmtc_projects": 1, "nmtc_total_usd": 24590000.0 }, "geometry": { "type": "Polygon", "coordinates": [ [ [ -90.47373, 45.90509 ], [ -90.46985, 45.90942 ], [ -90.46933, 45.91108 ], [ -90.4692, 45.91631 ], [ -90.46854, 45.92389 ], [ -90.4682, 45.943542 ], [ -90.46814, 45.94892 ], [ -90.465654, 45.948903 ], [ -90.46208, 45.94894 ], [ -90.45681, 45.94758 ], [ -90.45419, 45.94577 ], [ -90.44764, 45.94541 ], [ -90.44758, 45.952573 ], [ -90.431, 45.952653 ], [ -90.42799, 45.95999 ], [ -90.42607, 45.96267 ], [ -90.42125, 45.96677 ], [ -90.41849, 45.97001 ], [ -90.4185, 45.97748 ], [ -90.41235, 45.97781 ], [ -90.408312, 45.981454 ], [ -90.400807, 45.981444 ], [ -90.328164, 45.981368 ], [ -90.329248, 45.980892 ], [ -90.328245, 45.979744 ], [ -90.330129, 45.976529 ], [ -90.33379, 45.975841 ], [ -90.333248, 45.974496 ], [ -90.334431, 45.972697 ], [ -90.333939, 45.97084 ], [ -90.33542, 45.96795 ], [ -90.335536, 45.964199 ], [ -90.337191, 45.962734 ], [ -90.333604, 45.960878 ], [ -90.333469, 45.958309 ], [ -90.331871, 45.955851 ], [ -90.33318, 45.954378 ], [ -90.332581, 45.95314 ], [ -90.333771, 45.951467 ], [ -90.33578, 45.950924 ], [ -90.333717, 45.94968 ], [ -90.333552, 45.948521 ], [ -90.33093, 45.94641 ], [ -90.3368, 45.94637 ], [ -90.34323, 45.94567 ], [ -90.3544, 45.94298 ], [ -90.36083, 45.94209 ], [ -90.40732, 45.94195 ], [ -90.40959, 45.94135 ], [ -90.4139, 45.93862 ], [ -90.41764, 45.93819 ], [ -90.42695, 45.93844 ], [ -90.42739, 45.90538 ], [ -90.42617, 45.90382 ], [ -90.42631, 45.90247 ], [ -90.43664, 45.90242 ], [ -90.445298, 45.909668 ], [ -90.44683, 45.91099 ], [ -90.448558, 45.91291 ], [ -90.451432, 45.910239 ], [ -90.452402, 45.909709 ], [ -90.456839, 45.908561 ], [ -90.459567, 45.906016 ], [ -90.460541, 45.905906 ], [ -90.464461, 45.902691 ], [ -90.467491, 45.90298 ], [ -90.474492, 45.901822 ], [ -90.47373, 45.90509 ] ] ] } },
{ "type": "Feature", "properties": { "geoid": "55105001800", "county_name": "Rock County", "place_name": null, "state_name": "Wisconsin", "state_abbr": "WI", "is_rural": true, "ui_invest_score": 3.0, "ui_invest_quintile": 3, "dci_score": 52.9, "dci_quintile": 5.0, "is_cra_lmi": true, "income_level": "M", "is_persistent_poverty": false, "is_tribal_overlap": false, "tribal_area_name": null, "aian_pct": 0.0161, "has_nmtc": false, "nmtc_projects": 0, "nmtc_total_usd": 0.0 }, "geometry": { "type": "Polygon", "coordinates": [ [ [ -89.037352, 42.525193 ], [ -89.034981, 42.525084 ], [ -89.029017, 42.525049 ], [ -89.027925, 42.525043 ], [ -89.026771, 42.525041 ], [ -89.017207, 42.524988 ], [ -89.016093, 42.520368 ], [ -89.015363, 42.517342 ], [ -89.016791, 42.515789 ], [ -89.024009, 42.508021 ], [ -89.026783, 42.507999 ], [ -89.026841, 42.510629 ], [ -89.030677, 42.508349 ], [ -89.033921, 42.507866 ], [ -89.035009, 42.511114 ], [ -89.036421, 42.520738 ], [ -89.037352, 42.525193 ] ] ] } },
{ "type": "Feature", "properties": { "geoid": "55105000300", "county_name": "Rock County", "place_name": null, "state_name": "Wisconsin", "state_abbr": "WI", "is_rural": false, "ui_invest_score": 1.0, "ui_invest_quintile": 1, "dci_score": 32.2, "dci_quintile": 5.0, "is_cra_lmi": true, "income_level": "M", "is_persistent_poverty": false, "is_tribal_overlap": false, "tribal_area_name": null, "aian_pct": 0.0079, "has_nmtc": false, "nmtc_projects": 0, "nmtc_total_usd": 0.0 }, "geometry": { "type": "Polygon", "coordinates": [ [ [ -89.031801, 42.679344 ], [ -89.028355, 42.679361 ], [ -89.026587, 42.67939 ], [ -89.022735, 42.681035 ], [ -89.01792, 42.676301 ], [ -89.014613, 42.673507 ], [ -89.01481, 42.671611 ], [ -89.01571, 42.670811 ], [ -89.016634, 42.670626 ], [ -89.017829, 42.670401 ], [ -89.019417, 42.670111 ], [ -89.021827, 42.668813 ], [ -89.025641, 42.668114 ], [ -89.031563, 42.66952 ], [ -89.03173, 42.674184 ], [ -89.032011, 42.678857 ], [ -89.031801, 42.679344 ] ] ] } },
{ "type": "Feature", "properties": { "geoid": "55117000500", "county_name": "Sheboygan County", "place_name": null, "state_name": "Wisconsin", "state_abbr": "WI", "is_rural": true, "ui_invest_score": 3.0, "ui_invest_quintile": 3, "dci_score": 50.4, "dci_quintile": 5.0, "is_cra_lmi": true, "income_level": "M", "is_persistent_poverty": false, "is_tribal_overlap": false, "tribal_area_name": null, "aian_pct": 0.0047, "has_nmtc": true, "nmtc_projects": 1, "nmtc_total_usd": 9800000.0 }, "geometry": { "type": "Polygon", "coordinates": [ [ [ -87.729223, 43.76432 ], [ -87.724149, 43.764317 ], [ -87.722689, 43.761662 ], [ -87.721285, 43.760741 ], [ -87.717941, 43.760731 ], [ -87.714614, 43.760722 ], [ -87.714606, 43.758536 ], [ -87.714604, 43.75635 ], [ -87.714616, 43.750885 ], [ -87.716623, 43.750879 ], [ -87.717548, 43.751429 ], [ -87.718437, 43.751473 ], [ -87.72063, 43.754567 ], [ -87.721378, 43.755004 ], [ -87.725067, 43.754685 ], [ -87.724923, 43.751989 ], [ -87.725711, 43.749801 ], [ -87.729181, 43.747442 ], [ -87.729215, 43.756359 ], [ -87.729241, 43.76077 ], [ -87.729223, 43.76432 ] ] ] } },
{ "type": "Feature", "properties": { "geoid": "55059000800", "county_name": "Kenosha County", "place_name": null, "state_name": "Wisconsin", "state_abbr": "WI", "is_rural": false, "ui_invest_score": 3.0, "ui_invest_quintile": 3, "dci_score": 77.1, "dci_quintile": 3.0, "is_cra_lmi": true, "income_level": "M", "is_persistent_poverty": false, "is_tribal_overlap": false, "tribal_area_name": null, "aian_pct": 0.0, "has_nmtc": false, "nmtc_projects": 0, "nmtc_total_usd": 0.0 }, "geometry": { "type": "Polygon", "coordinates": [ [ [ -87.845739, 42.602758 ], [ -87.840543, 42.602565 ], [ -87.835932, 42.601381 ], [ -87.835682, 42.595194 ], [ -87.835656, 42.594835 ], [ -87.835685, 42.592677 ], [ -87.835688, 42.590805 ], [ -87.83571, 42.587934 ], [ -87.845618, 42.588132 ], [ -87.845643, 42.592875 ], [ -87.845662, 42.59541 ], [ -87.845739, 42.602758 ] ] ] } },
{ "type": "Feature", "properties": { "geoid": "55059001600", "county_name": "Kenosha County", "place_name": "Stevens Point", "state_name": "Wisconsin", "state_abbr": "WI", "is_rural": false, "ui_invest_score": 3.0, "ui_invest_quintile": 3, "dci_score": 83.8, "dci_quintile": 2.0, "is_cra_lmi": true, "income_level": "M", "is_persistent_poverty": false, "is_tribal_overlap": false, "tribal_area_name": null, "aian_pct": 0.0057, "has_nmtc": false, "nmtc_projects": 0, "nmtc_total_usd": 0.0 }, "geometry": { "type": "Polygon", "coordinates": [ [ [ -87.842995, 42.577612 ], [ -87.838058, 42.577638 ], [ -87.833386, 42.57767 ], [ -87.825929, 42.577726 ], [ -87.825689, 42.573097 ], [ -87.825371, 42.571485 ], [ -87.826888, 42.571496 ], [ -87.830772, 42.571525 ], [ -87.830813, 42.57314 ], [ -87.833251, 42.573164 ], [ -87.83319, 42.571115 ], [ -87.837903, 42.571066 ], [ -87.841485, 42.571032 ], [ -87.842911, 42.573131 ], [ -87.842995, 42.577612 ] ] ] } },
{ "type": "Feature", "properties": { "geoid": "55009000401", "county_name": "Brown County", "place_name": null, "state_name": "Wisconsin", "state_abbr": "WI", "is_rural": false, "ui_invest_score": 1.0, "ui_invest_quintile": 1, "dci_score": 59.2, "dci_quintile": 4.0, "is_cra_lmi": true, "income_level": "M", "is_persistent_poverty": false, "is_tribal_overlap": false, "tribal_area_name": null, "aian_pct": 0.0244, "has_nmtc": false, "nmtc_projects": 0, "nmtc_total_usd": 0.0 }, "geometry": { "type": "Polygon", "coordinates": [ [ [ -88.061547, 44.527334 ], [ -88.059829, 44.52989 ], [ -88.058049, 44.532508 ], [ -88.055188, 44.536737 ], [ -88.050731, 44.535179 ], [ -88.047373, 44.533727 ], [ -88.04628, 44.533267 ], [ -88.039977, 44.531052 ], [ -88.041942, 44.528093 ], [ -88.040186, 44.526352 ], [ -88.043635, 44.521185 ], [ -88.046234, 44.517473 ], [ -88.052543, 44.519674 ], [ -88.056236, 44.520952 ], [ -88.059894, 44.522217 ], [ -88.064049, 44.523665 ], [ -88.061547, 44.527334 ] ] ] } },
{ "type": "Feature", "properties": { "geoid": "55009000800", "county_name": "Brown County", "place_name": null, "state_name": "Wisconsin", "state_abbr": "WI", "is_rural": false, "ui_invest_score": 1.0, "ui_invest_quintile": 1, "dci_score": 56.3, "dci_quintile": 4.0, "is_cra_lmi": true, "income_level": "L", "is_persistent_poverty": false, "is_tribal_overlap": false, "tribal_area_name": null, "aian_pct": 0.0508, "has_nmtc": false, "nmtc_projects": 0, "nmtc_total_usd": 0.0 }, "geometry": { "type": "Polygon", "coordinates": [ [ [ -88.045323, 44.492675 ], [ -88.038952, 44.491228 ], [ -88.037684, 44.492471 ], [ -88.043494, 44.494511 ], [ -88.041995, 44.496476 ], [ -88.034773, 44.504031 ], [ -88.033465, 44.505467 ], [ -88.028104, 44.513368 ], [ -88.026882, 44.515319 ], [ -88.02543, 44.517575 ], [ -88.023476, 44.520553 ], [ -88.019893, 44.519309 ], [ -88.018179, 44.518711 ], [ -88.015704, 44.518313 ], [ -88.016207, 44.517992 ], [ -88.018428, 44.515194 ], [ -88.023303, 44.504092 ], [ -88.023703, 44.502792 ], [ -88.023752, 44.498484 ], [ -88.025129, 44.495211 ], [ -88.027782, 44.492385 ], [ -88.026328, 44.491881 ], [ -88.03155, 44.488003 ], [ -88.033942, 44.485547 ], [ -88.03448, 44.485177 ], [ -88.041837, 44.487897 ], [ -88.04076, 44.489663 ], [ -88.040923, 44.489749 ], [ -88.040392, 44.490144 ], [ -88.040573, 44.490208 ], [ -88.043959, 44.491394 ], [ -88.045323, 44.492675 ] ] ] } },
{ "type": "Feature", "properties": { "geoid": "55009001701", "county_name": "Brown County", "place_name": null, "state_name": "Wisconsin", "state_abbr": "WI", "is_rural": false, "ui_invest_score": 3.0, "ui_invest_quintile": 3, "dci_score": 83.5, "dci_quintile": 2.0, "is_cra_lmi": true, "income_level": "M", "is_persistent_poverty": false, "is_tribal_overlap": false, "tribal_area_name": null, "aian_pct": 0.0405, "has_nmtc": false, "nmtc_projects": 0, "nmtc_total_usd": 0.0 }, "geometry": { "type": "Polygon", "coordinates": [ [ [ -87.982806, 44.512274 ], [ -87.982727, 44.517024 ], [ -87.982766, 44.521814 ], [ -87.981035, 44.524477 ], [ -87.970181, 44.520761 ], [ -87.967587, 44.520256 ], [ -87.955545, 44.519053 ], [ -87.957526, 44.516872 ], [ -87.960365, 44.514613 ], [ -87.963547, 44.51323 ], [ -87.967741, 44.512884 ], [ -87.977858, 44.51238 ], [ -87.982809, 44.512139 ], [ -87.982806, 44.512274 ] ] ] } },
{ "type": "Feature", "properties": { "geoid": "55073000400", "county_name": "Marathon County", "place_name": null, "state_name": "Wisconsin", "state_abbr": "WI", "is_rural": true, "ui_invest_score": 3.0, "ui_invest_quintile": 3, "dci_score": 54.0, "dci_quintile": 4.0, "is_cra_lmi": true, "income_level": "M", "is_persistent_poverty": false, "is_tribal_overlap": false, "tribal_area_name": null, "aian_pct": 0.0, "has_nmtc": false, "nmtc_projects": 0, "nmtc_total_usd": 0.0 }, "geometry": { "type": "Polygon", "coordinates": [ [ [ -89.656223, 44.988403 ], [ -89.656379, 44.989982 ], [ -89.657119, 44.995358 ], [ -89.655559, 44.995348 ], [ -89.65535, 44.995359 ], [ -89.65045, 44.995353 ], [ -89.624417, 44.995575 ], [ -89.622037, 44.99186 ], [ -89.621263, 44.988608 ], [ -89.622522, 44.984068 ], [ -89.624147, 44.982691 ], [ -89.631031, 44.977801 ], [ -89.632668, 44.975163 ], [ -89.632467, 44.973575 ], [ -89.631733, 44.969593 ], [ -89.634279, 44.969585 ], [ -89.635797, 44.969721 ], [ -89.63753, 44.970065 ], [ -89.644901, 44.970053 ], [ -89.647193, 44.970048 ], [ -89.654643, 44.96996 ], [ -89.656101, 44.969707 ], [ -89.657143, 44.979983 ], [ -89.656223, 44.988403 ] ] ] } },
{ "type": "Feature", "properties": { "geoid": "55071005100", "county_name": "Manitowoc County", "place_name": null, "state_name": "Wisconsin", "state_abbr": "WI", "is_rural": true, "ui_invest_score": 3.0, "ui_invest_quintile": 3, "dci_score": 30.6, "dci_quintile": 5.0, "is_cra_lmi": false, "income_level": "Middle", "is_persistent_poverty": false, "is_tribal_overlap": false, "tribal_area_name": null, "aian_pct": 0.0, "has_nmtc": false, "nmtc_projects": 0, "nmtc_total_usd": 0.0 }, "geometry": { "type": "Polygon", "coordinates": [ [ [ -87.579734, 44.177696 ], [ -87.577678, 44.179244 ], [ -87.575409, 44.180349 ], [ -87.575338, 44.183899 ], [ -87.575089, 44.184192 ], [ -87.569199, 44.18229 ], [ -87.563553, 44.182653 ], [ -87.559778, 44.182733 ], [ -87.558312, 44.182736 ], [ -87.54113, 44.182751 ], [ -87.534684, 44.180641 ], [ -87.536341, 44.177892 ], [ -87.543909, 44.168265 ], [ -87.547594, 44.164629 ], [ -87.549835, 44.161797 ], [ -87.550446, 44.161015 ], [ -87.551787, 44.159363 ], [ -87.551222, 44.159133 ], [ -87.550048, 44.158609 ], [ -87.549878, 44.158503 ], [ -87.549792, 44.158382 ], [ -87.549765, 44.157353 ], [ -87.545266, 44.157871 ], [ -87.544293741662102, 44.156956454915303 ], [ -87.549621861094195, 44.153611135919697 ], [ -87.556673, 44.149184 ], [ -87.557901512802303, 44.148242228277397 ], [ -87.561841048211505, 44.145222200287797 ], [ -87.562017882037495, 44.145086640368 ], [ -87.562674693388203, 44.144583132096798 ], [ -87.562756007399798, 44.144520797185301 ], [ -87.56491, 44.146631 ], [ -87.564003, 44.147708 ], [ -87.563563, 44.153685 ], [ -87.565364, 44.156844 ], [ -87.565519, 44.157614 ], [ -87.565242, 44.159646 ], [ -87.567322, 44.161423 ], [ -87.569392, 44.163314 ], [ -87.571031, 44.16519 ], [ -87.573319, 44.16647 ], [ -87.573118, 44.167924 ], [ -87.571318, 44.168949 ], [ -87.571406, 44.171072 ], [ -87.573364, 44.171734 ], [ -87.572761, 44.175519 ], [ -87.575952, 44.174677 ], [ -87.578336, 44.175539 ], [ -87.579734, 44.177696 ] ] ] } },
{ "type": "Feature", "properties": { "geoid": "55071000500", "county_name": "Manitowoc County", "place_name": null, "state_name": "Wisconsin", "state_abbr": "WI", "is_rural": true, "ui_invest_score": 3.0, "ui_invest_quintile": 3, "dci_score": 60.2, "dci_quintile": 4.0, "is_cra_lmi": true, "income_level": "M", "is_persistent_poverty": false, "is_tribal_overlap": false, "tribal_area_name": null, "aian_pct": 0.0, "has_nmtc": false, "nmtc_projects": 0, "nmtc_total_usd": 0.0 }, "geometry": { "type": "Polygon", "coordinates": [ [ [ -87.683551, 44.103395 ], [ -87.682546, 44.103056 ], [ -87.674177, 44.09686 ], [ -87.67189, 44.096349 ], [ -87.665573, 44.100206 ], [ -87.663333, 44.099894 ], [ -87.661955, 44.098391 ], [ -87.662651, 44.096496 ], [ -87.665776, 44.096474 ], [ -87.666005, 44.095189 ], [ -87.666177, 44.093886 ], [ -87.666166, 44.0872 ], [ -87.67037, 44.08723 ], [ -87.672562, 44.087241 ], [ -87.678055, 44.087277 ], [ -87.680692, 44.087513 ], [ -87.683429, 44.086623 ], [ -87.683437, 44.086915 ], [ -87.683486, 44.091853 ], [ -87.68349, 44.094109 ], [ -87.683551, 44.103395 ] ] ] } },
{ "type": "Feature", "properties": { "geoid": "55079003400", "county_name": "Milwaukee County", "place_name": null, "state_name": "Wisconsin", "state_abbr": "WI", "is_rural": false, "ui_invest_score": 3.0, "ui_invest_quintile": 3, "dci_score": 52.4, "dci_quintile": 5.0, "is_cra_lmi": true, "income_level": "L", "is_persistent_poverty": false, "is_tribal_overlap": false, "tribal_area_name": null, "aian_pct": 0.009, "has_nmtc": true, "nmtc_projects": 1, "nmtc_total_usd": 0.0 }, "geometry": { "type": "Polygon", "coordinates": [ [ [ -88.047702, 43.090213 ], [ -88.0427, 43.090666 ], [ -88.04266, 43.098056 ], [ -88.03764, 43.098062 ], [ -88.030998, 43.097646 ], [ -88.03066, 43.096945 ], [ -88.034843, 43.094669 ], [ -88.036375, 43.095179 ], [ -88.03698, 43.096908 ], [ -88.036676, 43.090739 ], [ -88.032705, 43.091404 ], [ -88.033025, 43.089846 ], [ -88.031595, 43.089843 ], [ -88.031463, 43.091543 ], [ -88.02964, 43.090196 ], [ -88.02771, 43.090194 ], [ -88.027642, 43.09698 ], [ -88.022524, 43.097036 ], [ -88.017406, 43.097091 ], [ -88.016082, 43.097105 ], [ -88.007096, 43.097208 ], [ -88.007235, 43.089993 ], [ -88.012378, 43.089953 ], [ -88.016271, 43.089912 ], [ -88.017582, 43.089897 ], [ -88.022657, 43.089826 ], [ -88.027714, 43.089761 ], [ -88.029032, 43.088718 ], [ -88.034607, 43.088723 ], [ -88.035391, 43.08975 ], [ -88.039401, 43.089753 ], [ -88.047704, 43.089723 ], [ -88.047702, 43.090213 ] ] ] } },
{ "type": "Feature", "properties": { "geoid": "55079003700", "county_name": "Milwaukee County", "place_name": null, "state_name": "Wisconsin", "state_abbr": "WI", "is_rural": false, "ui_invest_score": 3.0, "ui_invest_quintile": 3, "dci_score": 92.0, "dci_quintile": 1.0, "is_cra_lmi": false, "income_level": "Middle", "is_persistent_poverty": false, "is_tribal_overlap": false, "tribal_area_name": null, "aian_pct": 0.0, "has_nmtc": false, "nmtc_projects": 0, "nmtc_total_usd": 0.0 }, "geometry": { "type": "Polygon", "coordinates": [ [ [ -87.989543, 43.088104 ], [ -87.985252, 43.088178 ], [ -87.9832, 43.088928 ], [ -87.980912, 43.088061 ], [ -87.977099, 43.088018 ], [ -87.977211, 43.082567 ], [ -87.980974, 43.082606 ], [ -87.983294, 43.082629 ], [ -87.987134, 43.082668 ], [ -87.989635, 43.082664 ], [ -87.989543, 43.088104 ] ] ] } },
{ "type": "Feature", "properties": { "geoid": "55079008900", "county_name": "Milwaukee County", "place_name": null, "state_name": "Wisconsin", "state_abbr": "WI", "is_rural": false, "ui_invest_score": 2.0, "ui_invest_quintile": 2, "dci_score": 87.5, "dci_quintile": 2.0, "is_cra_lmi": true, "income_level": "L", "is_persistent_poverty": false, "is_tribal_overlap": false, "tribal_area_name": null, "aian_pct": 0.0, "has_nmtc": true, "nmtc_projects": 1, "nmtc_total_usd": 34565025.0 }, "geometry": { "type": "Polygon", "coordinates": [ [ [ -87.957439, 43.066074 ], [ -87.957412, 43.067904 ], [ -87.957386, 43.069726 ], [ -87.95736, 43.071558 ], [ -87.953948, 43.071565 ], [ -87.952721, 43.071568 ], [ -87.949823, 43.071572 ], [ -87.949875, 43.067908 ], [ -87.949934, 43.064241 ], [ -87.949965, 43.062445 ], [ -87.951204, 43.061009 ], [ -87.953085, 43.06061 ], [ -87.954062, 43.064253 ], [ -87.957466, 43.064263 ], [ -87.957439, 43.066074 ] ] ] } },
{ "type": "Feature", "properties": { "geoid": "55079006300", "county_name": "Milwaukee County", "place_name": null, "state_name": "Wisconsin", "state_abbr": "WI", "is_rural": false, "ui_invest_score": 3.0, "ui_invest_quintile": 3, "dci_score": 90.4, "dci_quintile": 1.0, "is_cra_lmi": true, "income_level": "L", "is_persistent_poverty": false, "is_tribal_overlap": false, "tribal_area_name": null, "aian_pct": 0.0, "has_nmtc": true, "nmtc_projects": 1, "nmtc_total_usd": 0.0 }, "geometry": { "type": "Polygon", "coordinates": [ [ [ -87.957334, 43.073368 ], [ -87.95728, 43.077021 ], [ -87.957247, 43.079115 ], [ -87.957216, 43.081127 ], [ -87.95331, 43.081139 ], [ -87.94718, 43.081147 ], [ -87.947259, 43.077015 ], [ -87.947293, 43.07523 ], [ -87.947317, 43.073388 ], [ -87.947341, 43.071577 ], [ -87.949823, 43.071572 ], [ -87.952721, 43.071568 ], [ -87.953948, 43.071565 ], [ -87.95736, 43.071558 ], [ -87.957334, 43.073368 ] ] ] } },
{ "type": "Feature", "properties": { "geoid": "55079002200", "county_name": "Milwaukee County", "place_name": null, "state_name": "Wisconsin", "state_abbr": "WI", "is_rural": false, "ui_invest_score": 1.0, "ui_invest_quintile": 1, "dci_score": 90.2, "dci_quintile": 2.0, "is_cra_lmi": true, "income_level": "M", "is_persistent_poverty": false, "is_tribal_overlap": false, "tribal_area_name": null, "aian_pct": 0.0038, "has_nmtc": false, "nmtc_projects": 0, "nmtc_total_usd": 0.0 }, "geometry": { "type": "Polygon", "coordinates": [ [ [ -87.94626, 43.119135 ], [ -87.945435, 43.11912 ], [ -87.945041, 43.117385 ], [ -87.94603, 43.115508 ], [ -87.943893, 43.115459 ], [ -87.943958, 43.113205 ], [ -87.945752, 43.113348 ], [ -87.945295, 43.112272 ], [ -87.94359, 43.112974 ], [ -87.943404, 43.115437 ], [ -87.938497, 43.115381 ], [ -87.940051, 43.117019 ], [ -87.94005, 43.119029 ], [ -87.934862, 43.11894 ], [ -87.933251, 43.115266 ], [ -87.927326, 43.115173 ], [ -87.927712, 43.118812 ], [ -87.920835, 43.118704 ], [ -87.923652, 43.115242 ], [ -87.924215, 43.111167 ], [ -87.928084, 43.110231 ], [ -87.929808, 43.109026 ], [ -87.932116, 43.113678 ], [ -87.932856, 43.111614 ], [ -87.937004, 43.111667 ], [ -87.939118, 43.111714 ], [ -87.942378, 43.112216 ], [ -87.946469, 43.111819 ], [ -87.94626, 43.119135 ] ] ] } },
{ "type": "Feature", "properties": { "geoid": "55079016600", "county_name": "Milwaukee County", "place_name": null, "state_name": "Wisconsin", "state_abbr": "WI", "is_rural": false, "ui_invest_score": 3.0, "ui_invest_quintile": 3, "dci_score": 78.7, "dci_quintile": 3.0, "is_cra_lmi": true, "income_level": "L", "is_persistent_poverty": false, "is_tribal_overlap": false, "tribal_area_name": null, "aian_pct": 0.0072, "has_nmtc": true, "nmtc_projects": 1, "nmtc_total_usd": 25905000.0 }, "geometry": { "type": "Polygon", "coordinates": [ [ [ -87.918658, 43.008294 ], [ -87.918585, 43.011031 ], [ -87.918474, 43.014173 ], [ -87.916234, 43.014158 ], [ -87.911173, 43.014158 ], [ -87.911168, 43.013641 ], [ -87.90834, 43.008273 ], [ -87.90821, 43.008037 ], [ -87.90713, 43.006497 ], [ -87.908885, 43.006501 ], [ -87.916251, 43.006355 ], [ -87.918698, 43.006473 ], [ -87.918658, 43.008294 ] ] ] } },
{ "type": "Feature", "properties": { "geoid": "55079009100", "county_name": "Milwaukee County", "place_name": null, "state_name": "Wisconsin", "state_abbr": "WI", "is_rural": false, "ui_invest_score": 3.0, "ui_invest_quintile": 3, "dci_score": 87.7, "dci_quintile": 2.0, "is_cra_lmi": true, "income_level": "L", "is_persistent_poverty": false, "is_tribal_overlap": false, "tribal_area_name": null, "aian_pct": 0.0, "has_nmtc": true, "nmtc_projects": 1, "nmtc_total_usd": 34950000.0 }, "geometry": { "type": "Polygon", "coordinates": [ [ [ -87.972462, 43.064275 ], [ -87.97001, 43.064265 ], [ -87.96459, 43.064256 ], [ -87.96462, 43.062441 ], [ -87.964664, 43.059244 ], [ -87.964703, 43.056463 ], [ -87.965052, 43.056464 ], [ -87.967004, 43.057493 ], [ -87.971918, 43.057102 ], [ -87.972436, 43.057106 ], [ -87.972428, 43.059261 ], [ -87.972513, 43.060636 ], [ -87.972462, 43.064275 ] ] ] } },
{ "type": "Feature", "properties": { "geoid": "55079185700", "county_name": "Milwaukee County", "place_name": "Milwaukee", "state_name": "Wisconsin", "state_abbr": "WI", "is_rural": false, "ui_invest_score": 1.0, "ui_invest_quintile": 1, "dci_score": 66.0, "dci_quintile": 4.0, "is_cra_lmi": true, "income_level": "L", "is_persistent_poverty": false, "is_tribal_overlap": false, "tribal_area_name": null, "aian_pct": 0.0067, "has_nmtc": true, "nmtc_projects": 2, "nmtc_total_usd": 6450000.0 }, "geometry": { "type": "Polygon", "coordinates": [ [ [ -87.919843, 43.067597 ], [ -87.919819, 43.069425 ], [ -87.919795, 43.071175 ], [ -87.91697, 43.07115 ], [ -87.914023, 43.071124 ], [ -87.909539, 43.071085 ], [ -87.909558, 43.069347 ], [ -87.909578, 43.067521 ], [ -87.909618, 43.063887 ], [ -87.914108, 43.063922 ], [ -87.919873, 43.063944 ], [ -87.919843, 43.067597 ] ] ] } },
{ "type": "Feature", "properties": { "geoid": "55079003800", "county_name": "Milwaukee County", "place_name": null, "state_name": "Wisconsin", "state_abbr": "WI", "is_rural": false, "ui_invest_score": 3.0, "ui_invest_quintile": 3, "dci_score": 92.0, "dci_quintile": 1.0, "is_cra_lmi": true, "income_level": "M", "is_persistent_poverty": false, "is_tribal_overlap": false, "tribal_area_name": null, "aian_pct": 0.0, "has_nmtc": false, "nmtc_projects": 0, "nmtc_total_usd": 0.0 }, "geometry": { "type": "Polygon", "coordinates": [ [ [ -87.977099, 43.088018 ], [ -87.977058, 43.089958 ], [ -87.974716, 43.089945 ], [ -87.97349, 43.089922 ], [ -87.968527, 43.089902 ], [ -87.967007, 43.089884 ], [ -87.967235, 43.082507 ], [ -87.970897, 43.082529 ], [ -87.974545, 43.082551 ], [ -87.977211, 43.082567 ], [ -87.977099, 43.088018 ] ] ] } },
{ "type": "Feature", "properties": { "geoid": "55079017200", "county_name": "Milwaukee County", "place_name": null, "state_name": "Wisconsin", "state_abbr": "WI", "is_rural": false, "ui_invest_score": 3.0, "ui_invest_quintile": 3, "dci_score": 88.5, "dci_quintile": 2.0, "is_cra_lmi": true, "income_level": "M", "is_persistent_poverty": false, "is_tribal_overlap": false, "tribal_area_name": null, "aian_pct": 0.014, "has_nmtc": false, "nmtc_projects": 0, "nmtc_total_usd": 0.0 }, "geometry": { "type": "Polygon", "coordinates": [ [ [ -87.961047, 43.006616 ], [ -87.957781, 43.006641 ], [ -87.952886, 43.006709 ], [ -87.952921, 43.00488 ], [ -87.952955, 43.003101 ], [ -87.95296, 42.99947 ], [ -87.952989, 42.997924 ], [ -87.955448, 42.996452 ], [ -87.955544, 42.999435 ], [ -87.958019, 43.000361 ], [ -87.957932, 43.00303 ], [ -87.961118, 43.002991 ], [ -87.961047, 43.006616 ] ] ] } },
{ "type": "Feature", "properties": { "geoid": "55079100400", "county_name": "Milwaukee County", "place_name": "Milwaukee", "state_name": "Wisconsin", "state_abbr": "WI", "is_rural": false, "ui_invest_score": 3.0, "ui_invest_quintile": 3, "dci_score": 68.8, "dci_quintile": 4.0, "is_cra_lmi": true, "income_level": "M", "is_persistent_poverty": false, "is_tribal_overlap": false, "tribal_area_name": null, "aian_pct": 0.003, "has_nmtc": true, "nmtc_projects": 1, "nmtc_total_usd": 20428080.0 }, "geometry": { "type": "Polygon", "coordinates": [ [ [ -88.017273, 43.023948 ], [ -88.00724, 43.024083 ], [ -88.005973, 43.022317 ], [ -88.006025, 43.018529 ], [ -88.006051, 43.016635 ], [ -88.00609, 43.013006 ], [ -88.006149, 43.010255 ], [ -88.00611, 43.010082 ], [ -88.012212, 43.010072 ], [ -88.017146, 43.010062 ], [ -88.017139, 43.010669 ], [ -88.017101, 43.011792 ], [ -88.01709, 43.01295 ], [ -88.017088, 43.014085 ], [ -88.017133, 43.016562 ], [ -88.017273, 43.023948 ] ] ] } },
{ "type": "Feature", "properties": { "geoid": "55079019100", "county_name": "Milwaukee County", "place_name": "Milwaukee", "state_name": "Wisconsin", "state_abbr": "WI", "is_rural": false, "ui_invest_score": 3.0, "ui_invest_quintile": 3, "dci_score": 60.1, "dci_quintile": 4.0, "is_cra_lmi": false, "income_level": "Middle", "is_persistent_poverty": false, "is_tribal_overlap": false, "tribal_area_name": null, "aian_pct": 0.0008, "has_nmtc": false, "nmtc_projects": 0, "nmtc_total_usd": 0.0 }, "geometry": { "type": "Polygon", "coordinates": [ [ [ -87.977852, 42.98842 ], [ -87.970381, 42.988368 ], [ -87.969137, 42.988359 ], [ -87.967886, 42.98835 ], [ -87.962973, 42.988404 ], [ -87.960528, 42.988431 ], [ -87.958096, 42.988459 ], [ -87.958133, 42.985722 ], [ -87.95819, 42.9812 ], [ -87.958262, 42.97784 ], [ -87.960135, 42.975196 ], [ -87.964801, 42.975182 ], [ -87.964835, 42.973908 ], [ -87.967747, 42.973903 ], [ -87.96825, 42.9727 ], [ -87.968226, 42.973902 ], [ -87.969966, 42.974485 ], [ -87.969948, 42.974982 ], [ -87.97057, 42.975079 ], [ -87.970616, 42.978626 ], [ -87.968101, 42.978624 ], [ -87.967942, 42.985733 ], [ -87.968592, 42.986185 ], [ -87.971435, 42.98557 ], [ -87.969902, 42.987099 ], [ -87.972243, 42.987883 ], [ -87.972265, 42.987015 ], [ -87.971404, 42.987511 ], [ -87.971416, 42.9869 ], [ -87.974027, 42.985319 ], [ -87.975259, 42.984574 ], [ -87.975762, 42.983729 ], [ -87.977887, 42.982986 ], [ -87.977852, 42.98842 ] ] ] } },
{ "type": "Feature", "properties": { "geoid": "55101001202", "county_name": "Racine County", "place_name": "Milwaukee", "state_name": "Wisconsin", "state_abbr": "WI", "is_rural": false, "ui_invest_score": 1.0, "ui_invest_quintile": 1, "dci_score": 83.5, "dci_quintile": 2.0, "is_cra_lmi": false, "income_level": "Middle", "is_persistent_poverty": false, "is_tribal_overlap": false, "tribal_area_name": null, "aian_pct": 0.0024, "has_nmtc": false, "nmtc_projects": 0, "nmtc_total_usd": 0.0 }, "geometry": { "type": "Polygon", "coordinates": [ [ [ -87.838335, 42.736796 ], [ -87.835474, 42.74377 ], [ -87.826447, 42.750033 ], [ -87.824702, 42.752017 ], [ -87.824062, 42.751706 ], [ -87.82308, 42.751227 ], [ -87.822329, 42.750862 ], [ -87.819731, 42.751663 ], [ -87.812963, 42.749396 ], [ -87.806719, 42.74709 ], [ -87.803218, 42.745777 ], [ -87.798879, 42.744203 ], [ -87.798675, 42.742284 ], [ -87.798579, 42.740482 ], [ -87.798399, 42.739269 ], [ -87.798576, 42.735484 ], [ -87.803133, 42.735487 ], [ -87.803492, 42.73422 ], [ -87.802034, 42.733033 ], [ -87.80414, 42.732004 ], [ -87.812675, 42.729995 ], [ -87.815003, 42.730158 ], [ -87.816236, 42.730467 ], [ -87.819314, 42.731194 ], [ -87.820069, 42.731373 ], [ -87.82028, 42.731424 ], [ -87.8212, 42.731648 ], [ -87.82163, 42.731811 ], [ -87.823019, 42.732306 ], [ -87.826192, 42.733927 ], [ -87.828344, 42.735006 ], [ -87.829741, 42.735645 ], [ -87.83623, 42.736735 ], [ -87.838335, 42.736796 ] ] ] } },
{ "type": "Feature", "properties": { "geoid": "55101001001", "county_name": "Racine County", "place_name": null, "state_name": "Wisconsin", "state_abbr": "WI", "is_rural": false, "ui_invest_score": 3.0, "ui_invest_quintile": 3, "dci_score": 40.3, "dci_quintile": 5.0, "is_cra_lmi": true, "income_level": "M", "is_persistent_poverty": false, "is_tribal_overlap": false, "tribal_area_name": null, "aian_pct": 0.0159, "has_nmtc": true, "nmtc_projects": 1, "nmtc_total_usd": 6625000.0 }, "geometry": { "type": "Polygon", "coordinates": [ [ [ -87.851243, 42.705993 ], [ -87.851107, 42.7063 ], [ -87.850368, 42.70773 ], [ -87.850074, 42.708452 ], [ -87.84967, 42.709806 ], [ -87.849072, 42.711745 ], [ -87.848885, 42.712239 ], [ -87.848274, 42.713733 ], [ -87.847595, 42.715379 ], [ -87.847, 42.716803 ], [ -87.846099, 42.7189 ], [ -87.843807, 42.718832 ], [ -87.842137, 42.718782 ], [ -87.839365, 42.7187 ], [ -87.839383, 42.720231 ], [ -87.836023, 42.720131 ], [ -87.835971, 42.716844 ], [ -87.835944, 42.71507 ], [ -87.835902, 42.712281 ], [ -87.835886, 42.710972 ], [ -87.835876, 42.709494 ], [ -87.835861, 42.707134 ], [ -87.851309, 42.705845 ], [ -87.851243, 42.705993 ] ] ] } },
{ "type": "Feature", "properties": { "geoid": "55079001300", "county_name": "Milwaukee County", "place_name": null, "state_name": "Wisconsin", "state_abbr": "WI", "is_rural": false, "ui_invest_score": 3.0, "ui_invest_quintile": 3, "dci_score": 95.1, "dci_quintile": 1.0, "is_cra_lmi": true, "income_level": "M", "is_persistent_poverty": false, "is_tribal_overlap": false, "tribal_area_name": null, "aian_pct": 0.0, "has_nmtc": true, "nmtc_projects": 3, "nmtc_total_usd": 8195315.0 }, "geometry": { "type": "Polygon", "coordinates": [ [ [ -88.005955, 43.126868 ], [ -88.005895, 43.12953 ], [ -88.00567, 43.134149 ], [ -87.990847, 43.133987 ], [ -87.990887, 43.129518 ], [ -87.990945, 43.124857 ], [ -87.991096, 43.119406 ], [ -87.994773, 43.119467 ], [ -87.997297, 43.119499 ], [ -87.998528, 43.11951 ], [ -88.001018, 43.119533 ], [ -88.002214, 43.119544 ], [ -88.004058, 43.119464 ], [ -88.005997, 43.119525 ], [ -88.005955, 43.126868 ] ] ] } },
{ "type": "Feature", "properties": { "geoid": "55079006200", "county_name": "Milwaukee County", "place_name": "Milwaukee", "state_name": "Wisconsin", "state_abbr": "WI", "is_rural": false, "ui_invest_score": 3.0, "ui_invest_quintile": 3, "dci_score": 87.5, "dci_quintile": 2.0, "is_cra_lmi": true, "income_level": "L", "is_persistent_poverty": false, "is_tribal_overlap": false, "tribal_area_name": null, "aian_pct": 0.0021, "has_nmtc": false, "nmtc_projects": 0, "nmtc_total_usd": 0.0 }, "geometry": { "type": "Polygon", "coordinates": [ [ [ -87.964559, 43.066066 ], [ -87.964536, 43.067901 ], [ -87.964506, 43.069714 ], [ -87.964475, 43.071544 ], [ -87.95736, 43.071558 ], [ -87.957386, 43.069726 ], [ -87.957412, 43.067904 ], [ -87.957439, 43.066074 ], [ -87.957466, 43.064263 ], [ -87.96459, 43.064256 ], [ -87.964559, 43.066066 ] ] ] } },
{ "type": "Feature", "properties": { "geoid": "55079016200", "county_name": "Milwaukee County", "place_name": "Milwaukee", "state_name": "Wisconsin", "state_abbr": "WI", "is_rural": false, "ui_invest_score": 3.0, "ui_invest_quintile": 3, "dci_score": 86.3, "dci_quintile": 2.0, "is_cra_lmi": true, "income_level": "M", "is_persistent_poverty": false, "is_tribal_overlap": false, "tribal_area_name": null, "aian_pct": 0.0096, "has_nmtc": true, "nmtc_projects": 1, "nmtc_total_usd": 0.0 }, "geometry": { "type": "Polygon", "coordinates": [ [ [ -87.952583, 43.019054 ], [ -87.949107, 43.01907 ], [ -87.946408, 43.019085 ], [ -87.943637, 43.019091 ], [ -87.94225, 43.019095 ], [ -87.942236, 43.017023 ], [ -87.942279, 43.014172 ], [ -87.945052, 43.014165 ], [ -87.947766, 43.014147 ], [ -87.947894, 43.014145 ], [ -87.950328, 43.01412 ], [ -87.952709, 43.014111 ], [ -87.952583, 43.019054 ] ] ] } },
{ "type": "Feature", "properties": { "geoid": "55079000501", "county_name": "Milwaukee County", "place_name": "Milwaukee", "state_name": "Wisconsin", "state_abbr": "WI", "is_rural": false, "ui_invest_score": 3.0, "ui_invest_quintile": 3, "dci_score": 84.9, "dci_quintile": 2.0, "is_cra_lmi": true, "income_level": "M", "is_persistent_poverty": false, "is_tribal_overlap": false, "tribal_area_name": null, "aian_pct": 0.0291, "has_nmtc": false, "nmtc_projects": 0, "nmtc_total_usd": 0.0 }, "geometry": { "type": "Polygon", "coordinates": [ [ [ -88.065576, 43.119095 ], [ -88.065589, 43.120677 ], [ -88.065604, 43.124501 ], [ -88.056933, 43.124636 ], [ -88.056854, 43.126445 ], [ -88.055447, 43.126471 ], [ -88.055501, 43.124661 ], [ -88.042814, 43.125197 ], [ -88.042027, 43.124629 ], [ -88.040583, 43.123591 ], [ -88.034929, 43.119569 ], [ -88.025934, 43.112576 ], [ -88.026038, 43.107789 ], [ -88.0275, 43.105447 ], [ -88.027511, 43.104956 ], [ -88.027519, 43.104448 ], [ -88.037579, 43.10441 ], [ -88.045935, 43.104338 ], [ -88.045756, 43.119371 ], [ -88.046658, 43.119321 ], [ -88.048395, 43.119003 ], [ -88.053997, 43.117263 ], [ -88.055346, 43.117126 ], [ -88.065668, 43.11689 ], [ -88.065576, 43.119095 ] ] ] } },
{ "type": "Feature", "properties": { "geoid": "55079120202", "county_name": "Milwaukee County", "place_name": null, "state_name": "Wisconsin", "state_abbr": "WI", "is_rural": false, "ui_invest_score": 3.0, "ui_invest_quintile": 3, "dci_score": 27.9, "dci_quintile": 5.0, "is_cra_lmi": false, "income_level": "Middle", "is_persistent_poverty": false, "is_tribal_overlap": false, "tribal_area_name": null, "aian_pct": 0.0032, "has_nmtc": false, "nmtc_projects": 0, "nmtc_total_usd": 0.0 }, "geometry": { "type": "Polygon", "coordinates": [ [ [ -88.008265, 42.961862 ], [ -88.008074, 42.969939 ], [ -87.998756, 42.970047 ], [ -87.99808, 42.970472 ], [ -87.99285, 42.973858 ], [ -87.990056, 42.973881 ], [ -87.990107, 42.972096 ], [ -87.992695, 42.972076 ], [ -87.992764, 42.97024 ], [ -87.988219, 42.96988 ], [ -87.988135, 42.969878 ], [ -87.988258, 42.96663 ], [ -87.988419, 42.962432 ], [ -87.998335, 42.962566 ], [ -87.998439, 42.959311 ], [ -88.008324, 42.959255 ], [ -88.008265, 42.961862 ] ] ] } },
{ "type": "Feature", "properties": { "geoid": "55079020200", "county_name": "Milwaukee County", "place_name": "Milwaukee", "state_name": "Wisconsin", "state_abbr": "WI", "is_rural": false, "ui_invest_score": 3.0, "ui_invest_quintile": 3, "dci_score": 52.4, "dci_quintile": 5.0, "is_cra_lmi": true, "income_level": "M", "is_persistent_poverty": false, "is_tribal_overlap": false, "tribal_area_name": null, "aian_pct": 0.0167, "has_nmtc": false, "nmtc_projects": 0, "nmtc_total_usd": 0.0 }, "geometry": { "type": "Polygon", "coordinates": [ [ [ -87.948254, 42.981264 ], [ -87.942283, 42.981188 ], [ -87.940511, 42.98117 ], [ -87.933918, 42.981092 ], [ -87.933943, 42.977469 ], [ -87.933991, 42.973815 ], [ -87.94479, 42.973907 ], [ -87.948333, 42.973935 ], [ -87.948254, 42.981264 ] ] ] } },
{ "type": "Feature", "properties": { "geoid": "55079001700", "county_name": "Milwaukee County", "place_name": null, "state_name": "Wisconsin", "state_abbr": "WI", "is_rural": false, "ui_invest_score": 3.0, "ui_invest_quintile": 3, "dci_score": 88.2, "dci_quintile": 2.0, "is_cra_lmi": true, "income_level": "M", "is_persistent_poverty": false, "is_tribal_overlap": false, "tribal_area_name": null, "aian_pct": 0.002, "has_nmtc": false, "nmtc_projects": 0, "nmtc_total_usd": 0.0 }, "geometry": { "type": "Polygon", "coordinates": [ [ [ -88.0275, 43.105447 ], [ -88.026038, 43.107789 ], [ -88.025934, 43.112576 ], [ -88.024609, 43.111587 ], [ -88.023158, 43.112244 ], [ -88.01693, 43.112237 ], [ -88.015804, 43.112236 ], [ -88.014612, 43.112242 ], [ -88.007546, 43.112273 ], [ -88.006052, 43.112279 ], [ -88.006111, 43.106263 ], [ -88.00649, 43.104998 ], [ -88.011794, 43.104987 ], [ -88.013591, 43.104989 ], [ -88.017195, 43.104984 ], [ -88.018549, 43.104981 ], [ -88.024681, 43.104968 ], [ -88.027511, 43.104956 ], [ -88.0275, 43.105447 ] ] ] } },
{ "type": "Feature", "properties": { "geoid": "55079186500", "county_name": "Milwaukee County", "place_name": "Milwaukee", "state_name": "Wisconsin", "state_abbr": "WI", "is_rural": false, "ui_invest_score": 2.0, "ui_invest_quintile": 2, "dci_score": 84.7, "dci_quintile": 2.0, "is_cra_lmi": true, "income_level": "M", "is_persistent_poverty": false, "is_tribal_overlap": false, "tribal_area_name": null, "aian_pct": 0.0024, "has_nmtc": true, "nmtc_projects": 18, "nmtc_total_usd": 215192164.0 }, "geometry": { "type": "Polygon", "coordinates": [ [ [ -87.922542, 43.023221 ], [ -87.922532, 43.024221 ], [ -87.921394, 43.02632 ], [ -87.917382, 43.026687 ], [ -87.91681, 43.027374 ], [ -87.906605, 43.027089 ], [ -87.905316, 43.02769 ], [ -87.90499, 43.027965 ], [ -87.90296, 43.025633 ], [ -87.902376, 43.025129 ], [ -87.904729, 43.022958 ], [ -87.903302, 43.019473 ], [ -87.907385, 43.019605 ], [ -87.907379, 43.020069 ], [ -87.909856, 43.019087 ], [ -87.916753, 43.019085 ], [ -87.919669, 43.019109 ], [ -87.922531, 43.019106 ], [ -87.922538, 43.021194 ], [ -87.922542, 43.023221 ] ] ] } },
{ "type": "Feature", "properties": { "geoid": "55079016300", "county_name": "Milwaukee County", "place_name": null, "state_name": "Wisconsin", "state_abbr": "WI", "is_rural": false, "ui_invest_score": 3.0, "ui_invest_quintile": 3, "dci_score": 84.7, "dci_quintile": 2.0, "is_cra_lmi": true, "income_level": "L", "is_persistent_poverty": false, "is_tribal_overlap": false, "tribal_area_name": null, "aian_pct": 0.0054, "has_nmtc": true, "nmtc_projects": 1, "nmtc_total_usd": 7680000.0 }, "geometry": { "type": "Polygon", "coordinates": [ [ [ -87.942279, 43.014172 ], [ -87.942236, 43.017023 ], [ -87.94225, 43.019095 ], [ -87.936814, 43.019102 ], [ -87.933062, 43.019095 ], [ -87.932912, 43.01702 ], [ -87.932999, 43.014246 ], [ -87.933006, 43.014012 ], [ -87.933057, 43.012331 ], [ -87.938167, 43.012385 ], [ -87.940915, 43.012424 ], [ -87.942297, 43.012444 ], [ -87.942279, 43.014172 ] ] ] } },
{ "type": "Feature", "properties": { "geoid": "55079016500", "county_name": "Milwaukee County", "place_name": "Milwaukee", "state_name": "Wisconsin", "state_abbr": "WI", "is_rural": false, "ui_invest_score": 1.0, "ui_invest_quintile": 1, "dci_score": 84.7, "dci_quintile": 2.0, "is_cra_lmi": true, "income_level": "L", "is_persistent_poverty": false, "is_tribal_overlap": false, "tribal_area_name": null, "aian_pct": 0.0265, "has_nmtc": true, "nmtc_projects": 4, "nmtc_total_usd": 39173888.0 }, "geometry": { "type": "Polygon", "coordinates": [ [ [ -87.922525, 43.017041 ], [ -87.922531, 43.019106 ], [ -87.919669, 43.019109 ], [ -87.916753, 43.019085 ], [ -87.909856, 43.019087 ], [ -87.907379, 43.020069 ], [ -87.907385, 43.019605 ], [ -87.903302, 43.019473 ], [ -87.902394, 43.017548 ], [ -87.904282, 43.013609 ], [ -87.90591, 43.010072 ], [ -87.90834, 43.008273 ], [ -87.911168, 43.013641 ], [ -87.911173, 43.014158 ], [ -87.916234, 43.014158 ], [ -87.918474, 43.014173 ], [ -87.919808, 43.014141 ], [ -87.922635, 43.014141 ], [ -87.922525, 43.017041 ] ] ] } },
{ "type": "Feature", "properties": { "geoid": "55079000400", "county_name": "Milwaukee County", "place_name": "Milwaukee", "state_name": "Wisconsin", "state_abbr": "WI", "is_rural": false, "ui_invest_score": 3.0, "ui_invest_quintile": 3, "dci_score": 84.9, "dci_quintile": 2.0, "is_cra_lmi": true, "income_level": "L", "is_persistent_poverty": false, "is_tribal_overlap": false, "tribal_area_name": null, "aian_pct": 0.0, "has_nmtc": false, "nmtc_projects": 0, "nmtc_total_usd": 0.0 }, "geometry": { "type": "Polygon", "coordinates": [ [ [ -88.065982, 43.105955 ], [ -88.065668, 43.11689 ], [ -88.055346, 43.117126 ], [ -88.053997, 43.117263 ], [ -88.048395, 43.119003 ], [ -88.046658, 43.119321 ], [ -88.045756, 43.119371 ], [ -88.045935, 43.104338 ], [ -88.052907, 43.104297 ], [ -88.066025, 43.104221 ], [ -88.065982, 43.105955 ] ] ] } },
{ "type": "Feature", "properties": { "geoid": "55079017400", "county_name": "Milwaukee County", "place_name": "Milwaukee", "state_name": "Wisconsin", "state_abbr": "WI", "is_rural": false, "ui_invest_score": 1.0, "ui_invest_quintile": 1, "dci_score": 88.5, "dci_quintile": 2.0, "is_cra_lmi": true, "income_level": "L", "is_persistent_poverty": false, "is_tribal_overlap": false, "tribal_area_name": null, "aian_pct": 0.0071, "has_nmtc": false, "nmtc_projects": 0, "nmtc_total_usd": 0.0 }, "geometry": { "type": "Polygon", "coordinates": [ [ [ -87.944036, 43.003408 ], [ -87.943046, 43.005305 ], [ -87.94233, 43.006677 ], [ -87.933234, 43.006548 ], [ -87.933296, 43.004724 ], [ -87.933369, 43.002934 ], [ -87.935538, 43.00297 ], [ -87.938251, 43.003014 ], [ -87.944533, 43.003112 ], [ -87.944036, 43.003408 ] ] ] } },
{ "type": "Feature", "properties": { "geoid": "55085971400", "county_name": "Oneida County", "place_name": null, "state_name": "Wisconsin", "state_abbr": "WI", "is_rural": true, "ui_invest_score": 1.0, "ui_invest_quintile": 1, "dci_score": 40.4, "dci_quintile": 5.0, "is_cra_lmi": true, "income_level": "Middle", "is_persistent_poverty": false, "is_tribal_overlap": false, "tribal_area_name": null, "aian_pct": 0.0345, "has_nmtc": true, "nmtc_projects": 2, "nmtc_total_usd": 6000000.0 }, "geometry": { "type": "Polygon", "coordinates": [ [ [ -89.448546, 45.632099 ], [ -89.448397, 45.632262 ], [ -89.447854, 45.632508 ], [ -89.447242, 45.632628 ], [ -89.44622, 45.632696 ], [ -89.44549, 45.632654 ], [ -89.444552, 45.632555 ], [ -89.440837, 45.633533 ], [ -89.439543, 45.633906 ], [ -89.436822, 45.634697 ], [ -89.435767, 45.635189 ], [ -89.433763, 45.63542 ], [ -89.432134, 45.634811 ], [ -89.430255, 45.634829 ], [ -89.428751, 45.635905 ], [ -89.424351, 45.637417 ], [ -89.424383, 45.640626 ], [ -89.420245, 45.641349 ], [ -89.415595, 45.641287 ], [ -89.413858, 45.638975 ], [ -89.411307, 45.638983 ], [ -89.41128, 45.642425 ], [ -89.408486, 45.642499 ], [ -89.401636, 45.644014 ], [ -89.391488, 45.644459 ], [ -89.384105, 45.644539 ], [ -89.379351, 45.643249 ], [ -89.37685, 45.642955 ], [ -89.37291, 45.644834 ], [ -89.36903, 45.647 ], [ -89.365858, 45.647657 ], [ -89.367155, 45.646443 ], [ -89.367686, 45.644838 ], [ -89.369922, 45.641022 ], [ -89.372045, 45.640271 ], [ -89.372065, 45.640216 ], [ -89.372178, 45.638197 ], [ -89.37224, 45.637095 ], [ -89.371734, 45.634744 ], [ -89.370618, 45.629174 ], [ -89.369888, 45.615421 ], [ -89.377866, 45.617335 ], [ -89.38239, 45.618903 ], [ -89.385403, 45.620568 ], [ -89.390289, 45.623869 ], [ -89.394722, 45.626367 ], [ -89.395637, 45.625798 ], [ -89.397122, 45.625864 ], [ -89.398793, 45.625809 ], [ -89.399191, 45.625874 ], [ -89.399576, 45.626063 ], [ -89.399625, 45.627072 ], [ -89.401386, 45.626855 ], [ -89.404105, 45.628398 ], [ -89.404552, 45.62942 ], [ -89.404886, 45.629948 ], [ -89.405349, 45.630225 ], [ -89.405663, 45.630216 ], [ -89.406358, 45.629892 ], [ -89.406691, 45.629587 ], [ -89.40698, 45.629122 ], [ -89.408126, 45.627309 ], [ -89.412075, 45.625535 ], [ -89.413969, 45.628173 ], [ -89.416544, 45.627995 ], [ -89.420374, 45.629458 ], [ -89.424829, 45.628722 ], [ -89.425793, 45.628952 ], [ -89.421653, 45.630307 ], [ -89.420421, 45.631778 ], [ -89.432775, 45.632396 ], [ -89.434766, 45.632242 ], [ -89.436871, 45.63173 ], [ -89.439269, 45.630297 ], [ -89.44286, 45.625891 ], [ -89.44409, 45.624956 ], [ -89.446232, 45.623967 ], [ -89.448275, 45.623492 ], [ -89.44834, 45.627 ], [ -89.44864, 45.631629 ], [ -89.448546, 45.632099 ] ] ] } },
{ "type": "Feature", "properties": { "geoid": "55005000200", "county_name": "Barron County", "place_name": "Milwaukee", "state_name": "Wisconsin", "state_abbr": "WI", "is_rural": true, "ui_invest_score": 3.0, "ui_invest_quintile": 3, "dci_score": 44.7, "dci_quintile": 5.0, "is_cra_lmi": false, "income_level": "Middle", "is_persistent_poverty": false, "is_tribal_overlap": true, "tribal_area_name": "St. Croix Reservation", "aian_pct": 0.0125, "has_nmtc": false, "nmtc_projects": 0, "nmtc_total_usd": 0.0 }, "geometry": { "type": "Polygon", "coordinates": [ [ [ -92.155504, 45.503581 ], [ -92.155101, 45.531583 ], [ -92.155335, 45.53293 ], [ -92.154959, 45.535598 ], [ -92.155028, 45.553504 ], [ -92.154867, 45.567819 ], [ -92.15487, 45.632609 ], [ -92.154888, 45.639742 ], [ -92.031417, 45.639928 ], [ -92.031228, 45.639929 ], [ -92.011357, 45.639895 ], [ -91.992738, 45.639627 ], [ -91.992569, 45.63322 ], [ -91.992996, 45.630733 ], [ -91.994165, 45.628842 ], [ -92.009186, 45.61202 ], [ -92.015447, 45.603878 ], [ -92.017143, 45.600611 ], [ -92.017733, 45.597893 ], [ -92.017317, 45.558471 ], [ -92.01357, 45.557974 ], [ -92.009475, 45.557968 ], [ -92.005023, 45.559281 ], [ -91.99868, 45.562503 ], [ -91.99544, 45.563616 ], [ -91.991676, 45.564211 ], [ -91.991682, 45.562471 ], [ -91.987852, 45.560752 ], [ -91.983258, 45.560562 ], [ -91.980519, 45.558145 ], [ -91.977646, 45.554223 ], [ -91.976263, 45.553178 ], [ -91.975945, 45.546049 ], [ -91.970772, 45.546077 ], [ -91.970749, 45.54241 ], [ -91.971105, 45.518312 ], [ -91.973614, 45.517169 ], [ -91.991437, 45.51741 ], [ -92.011836, 45.517196 ], [ -92.016798, 45.517191 ], [ -92.017449, 45.517191 ], [ -92.017828, 45.51719 ], [ -92.019491, 45.517189 ], [ -92.022035, 45.517187 ], [ -92.027179, 45.517185 ], [ -92.031752, 45.517181 ], [ -92.035178, 45.517147 ], [ -92.051924, 45.516977 ], [ -92.052482, 45.502696 ], [ -92.052436, 45.496636 ], [ -92.052973, 45.494839 ], [ -92.053987, 45.493634 ], [ -92.07535, 45.477459 ], [ -92.079568, 45.474287 ], [ -92.084787, 45.477357 ], [ -92.087477, 45.479238 ], [ -92.090875, 45.482632 ], [ -92.092995, 45.485182 ], [ -92.095492, 45.486318 ], [ -92.101432, 45.487354 ], [ -92.11128, 45.488369 ], [ -92.124479, 45.488541 ], [ -92.124838, 45.488546 ], [ -92.155918, 45.489387 ], [ -92.155504, 45.503581 ] ] ] } },
{ "type": "Feature", "properties": { "geoid": "55025002301", "county_name": "Dane County", "place_name": null, "state_name": "Wisconsin", "state_abbr": "WI", "is_rural": false, "ui_invest_score": 1.0, "ui_invest_quintile": 1, "dci_score": 43.7, "dci_quintile": 5.0, "is_cra_lmi": true, "income_level": "M", "is_persistent_poverty": false, "is_tribal_overlap": false, "tribal_area_name": null, "aian_pct": 0.0, "has_nmtc": false, "nmtc_projects": 0, "nmtc_total_usd": 0.0 }, "geometry": { "type": "Polygon", "coordinates": [ [ [ -89.393248, 43.133798 ], [ -89.384324, 43.133768 ], [ -89.392998, 43.14183 ], [ -89.392362, 43.141893 ], [ -89.388086, 43.139754 ], [ -89.388025, 43.141074 ], [ -89.382942, 43.141042 ], [ -89.376768, 43.141032 ], [ -89.376927, 43.136215 ], [ -89.370885, 43.133831 ], [ -89.363821, 43.130729 ], [ -89.363498, 43.130614 ], [ -89.363581, 43.126128 ], [ -89.371152, 43.125742 ], [ -89.37156, 43.123002 ], [ -89.374649, 43.124838 ], [ -89.374935, 43.124652 ], [ -89.374335, 43.124146 ], [ -89.375979, 43.124158 ], [ -89.37714, 43.124841 ], [ -89.377828, 43.127321 ], [ -89.377898, 43.127386 ], [ -89.378437, 43.127163 ], [ -89.380794, 43.128856 ], [ -89.382475, 43.12947 ], [ -89.385839, 43.129604 ], [ -89.393331, 43.128529 ], [ -89.393248, 43.133798 ] ] ] } },
{ "type": "Feature", "properties": { "geoid": "55031021100", "county_name": "Douglas County", "place_name": "Milwaukee", "state_name": "Wisconsin", "state_abbr": "WI", "is_rural": false, "ui_invest_score": 1.0, "ui_invest_quintile": 1, "dci_score": 45.7, "dci_quintile": 5.0, "is_cra_lmi": true, "income_level": "L", "is_persistent_poverty": false, "is_tribal_overlap": false, "tribal_area_name": null, "aian_pct": 0.0711, "has_nmtc": true, "nmtc_projects": 2, "nmtc_total_usd": 43242447.0 }, "geometry": { "type": "Polygon", "coordinates": [ [ [ -92.144783054919898, 46.718744777848997 ], [ -92.141291, 46.72524 ], [ -92.143391, 46.72814 ], [ -92.143339412208206, 46.731460006405101 ], [ -92.1433373012392, 46.731595860840002 ], [ -92.14329, 46.73464 ], [ -92.13789, 46.73954 ], [ -92.125283893755807, 46.744925707362498 ], [ -92.11659, 46.74864 ], [ -92.10819, 46.74914 ], [ -92.107385460330093, 46.749144302351198 ], [ -92.101138634801202, 46.749177707835301 ], [ -92.100965629053505, 46.749178632999701 ], [ -92.08949, 46.74924 ], [ -92.071300747737098, 46.736031980982901 ], [ -92.078496, 46.731015 ], [ -92.080541, 46.731792 ], [ -92.082769, 46.731269 ], [ -92.085894, 46.728603 ], [ -92.087457, 46.72843 ], [ -92.089255, 46.728553 ], [ -92.097831, 46.728588 ], [ -92.100855, 46.728602 ], [ -92.100881, 46.725412 ], [ -92.100929, 46.720666 ], [ -92.10093, 46.719311 ], [ -92.105473, 46.719321 ], [ -92.10696, 46.720661 ], [ -92.114139, 46.720394 ], [ -92.11917, 46.720718 ], [ -92.12703, 46.720726 ], [ -92.139995, 46.72064 ], [ -92.142961, 46.71842 ], [ -92.143678, 46.718152 ], [ -92.143895, 46.718562 ], [ -92.144783054919898, 46.718744777848997 ] ] ] } },
{ "type": "Feature", "properties": { "geoid": "55023960100", "county_name": "Crawford County", "place_name": null, "state_name": "Wisconsin", "state_abbr": "WI", "is_rural": true, "ui_invest_score": 3.0, "ui_invest_quintile": 3, "dci_score": 77.5, "dci_quintile": 3.0, "is_cra_lmi": true, "income_level": "Middle", "is_persistent_poverty": false, "is_tribal_overlap": false, "tribal_area_name": null, "aian_pct": 0.0014, "has_nmtc": false, "nmtc_projects": 0, "nmtc_total_usd": 0.0 }, "geometry": { "type": "Polygon", "coordinates": [ [ [ -90.957597, 43.418254 ], [ -90.957244, 43.418792 ], [ -90.949277, 43.423901 ], [ -90.947455, 43.423899 ], [ -90.902782, 43.423859 ], [ -90.894129, 43.423838 ], [ -90.886904, 43.42382 ], [ -90.827822, 43.423834 ], [ -90.817207, 43.423841 ], [ -90.798265, 43.423592 ], [ -90.797526, 43.423524 ], [ -90.769242, 43.42306 ], [ -90.767583, 43.423041 ], [ -90.75948, 43.423663 ], [ -90.746685, 43.424552 ], [ -90.712868, 43.423433 ], [ -90.708801, 43.423456 ], [ -90.688849, 43.422271 ], [ -90.683654, 43.422456 ], [ -90.678733, 43.42263 ], [ -90.668561, 43.422994 ], [ -90.668582, 43.40742 ], [ -90.668622, 43.379757 ], [ -90.666012, 43.379423 ], [ -90.665816, 43.321241 ], [ -90.665919, 43.320974 ], [ -90.666058, 43.310775 ], [ -90.666069, 43.307913 ], [ -90.666107, 43.303207 ], [ -90.666139, 43.298443 ], [ -90.666159, 43.295387 ], [ -90.666178, 43.292346 ], [ -90.666176, 43.292158 ], [ -90.666179, 43.291585 ], [ -90.666195, 43.289661 ], [ -90.666254, 43.280949 ], [ -90.666315, 43.271838 ], [ -90.666376, 43.26899 ], [ -90.66716, 43.269769 ], [ -90.674863, 43.270212 ], [ -90.677181, 43.269271 ], [ -90.681301, 43.270295 ], [ -90.684011, 43.271484 ], [ -90.685379, 43.273269 ], [ -90.686944, 43.273841 ], [ -90.696025, 43.273907 ], [ -90.69579, 43.271733 ], [ -90.700748, 43.269163 ], [ -90.704807, 43.268313 ], [ -90.70803, 43.269102 ], [ -90.712346, 43.267719 ], [ -90.71523, 43.267879 ], [ -90.71756, 43.267499 ], [ -90.720221, 43.264995 ], [ -90.724034, 43.264424 ], [ -90.727118, 43.262995 ], [ -90.729697, 43.262531 ], [ -90.732417, 43.263041 ], [ -90.743502, 43.263323 ], [ -90.745714, 43.263958 ], [ -90.748272, 43.266271 ], [ -90.751456, 43.267685 ], [ -90.752942, 43.269158 ], [ -90.7551, 43.270277 ], [ -90.758974, 43.271209 ], [ -90.761707, 43.270845 ], [ -90.766284, 43.271709 ], [ -90.769477, 43.270992 ], [ -90.774552, 43.271379 ], [ -90.782365, 43.274092 ], [ -90.784151, 43.274186 ], [ -90.788787, 43.273986 ], [ -90.794513, 43.274051 ], [ -90.797386, 43.273723 ], [ -90.805689, 43.273244 ], [ -90.810155, 43.273235 ], [ -90.822011, 43.272774 ], [ -90.831717, 43.271702 ], [ -90.836905, 43.271931 ], [ -90.84045, 43.273728 ], [ -90.849434, 43.277681 ], [ -90.850341, 43.278238 ], [ -90.85105, 43.278946 ], [ -90.851595, 43.279801 ], [ -90.851853, 43.280467 ], [ -90.852164, 43.280877 ], [ -90.852504, 43.281145 ], [ -90.853268, 43.281382 ], [ -90.858269, 43.282272 ], [ -90.861182, 43.28243 ], [ -90.864258, 43.282748 ], [ -90.867604, 43.282658 ], [ -90.86995, 43.283012 ], [ -90.873825, 43.284979 ], [ -90.892561, 43.285418 ], [ -90.897723, 43.285357 ], [ -90.901105, 43.285718 ], [ -90.901849, 43.285883 ], [ -90.903389, 43.288358 ], [ -90.903156, 43.289664 ], [ -90.905645, 43.292247 ], [ -90.90907, 43.293997 ], [ -90.911828, 43.298146 ], [ -90.915915, 43.300997 ], [ -90.916525, 43.306708 ], [ -90.916394, 43.317835 ], [ -90.914568, 43.318171 ], [ -90.911758, 43.323139 ], [ -90.906018, 43.325559 ], [ -90.904132, 43.328665 ], [ -90.924811, 43.328538 ], [ -90.926929, 43.327383 ], [ -90.92892, 43.329577 ], [ -90.933758, 43.334146 ], [ -90.9342, 43.334897 ], [ -90.935579, 43.344847 ], [ -90.935974, 43.347163 ], [ -90.940701, 43.35523 ], [ -90.941393, 43.357416 ], [ -90.941042, 43.360238 ], [ -90.940701, 43.360888 ], [ -90.94178, 43.364911 ], [ -90.943316, 43.368387 ], [ -90.944406, 43.370791 ], [ -90.943834, 43.373611 ], [ -90.94138, 43.376674 ], [ -90.939744, 43.381393 ], [ -90.938948, 43.384846 ], [ -90.938939, 43.387104 ], [ -90.940305, 43.395352 ], [ -90.942576, 43.397518 ], [ -90.943888, 43.398519 ], [ -90.946933, 43.402907 ], [ -90.950783, 43.407313 ], [ -90.951018, 43.407606 ], [ -90.951399, 43.407953 ], [ -90.95187, 43.408286 ], [ -90.952403, 43.408554 ], [ -90.955457, 43.410166 ], [ -90.957083, 43.412064 ], [ -90.957784, 43.413577 ], [ -90.957597, 43.418254 ] ] ] } },
{ "type": "Feature", "properties": { "geoid": "55023960500", "county_name": "Crawford County", "place_name": "Milwaukee", "state_name": "Wisconsin", "state_abbr": "WI", "is_rural": true, "ui_invest_score": 3.0, "ui_invest_quintile": 3, "dci_score": 70.3, "dci_quintile": 3.0, "is_cra_lmi": true, "income_level": "Middle", "is_persistent_poverty": false, "is_tribal_overlap": false, "tribal_area_name": null, "aian_pct": 0.0, "has_nmtc": false, "nmtc_projects": 0, "nmtc_total_usd": 0.0 }, "geometry": { "type": "Polygon", "coordinates": [ [ [ -91.16012, 43.055384 ], [ -91.152912, 43.05566 ], [ -91.148759, 43.056289 ], [ -91.149265, 43.062924 ], [ -91.146772, 43.062955 ], [ -91.146821, 43.064196 ], [ -91.143001, 43.064627 ], [ -91.135896, 43.065457 ], [ -91.140795, 43.058152 ], [ -91.140985, 43.051935 ], [ -91.138242, 43.052079 ], [ -91.138202, 43.050384 ], [ -91.134192, 43.050438 ], [ -91.135417, 43.047895 ], [ -91.132698, 43.04795 ], [ -91.132714, 43.046655 ], [ -91.134011, 43.046634 ], [ -91.146349, 43.046456 ], [ -91.148994, 43.045595 ], [ -91.149234, 43.048967 ], [ -91.15246, 43.048937 ], [ -91.156434, 43.047899 ], [ -91.158116, 43.049795 ], [ -91.16012, 43.055384 ] ] ] } },
{ "type": "Feature", "properties": { "geoid": "55123960100", "county_name": "Vernon County", "place_name": null, "state_name": "Wisconsin", "state_abbr": "WI", "is_rural": true, "ui_invest_score": 3.0, "ui_invest_quintile": 3, "dci_score": 76.2, "dci_quintile": 3.0, "is_cra_lmi": false, "income_level": "Middle", "is_persistent_poverty": false, "is_tribal_overlap": false, "tribal_area_name": null, "aian_pct": 0.0016, "has_nmtc": false, "nmtc_projects": 0, "nmtc_total_usd": 0.0 }, "geometry": { "type": "Polygon", "coordinates": [ [ [ -90.56216, 43.688778 ], [ -90.559828, 43.689594 ], [ -90.557126, 43.691802 ], [ -90.555529, 43.695955 ], [ -90.554485, 43.697489 ], [ -90.552358, 43.699142 ], [ -90.550084, 43.700947 ], [ -90.546904, 43.702583 ], [ -90.54516, 43.706897 ], [ -90.541846, 43.705341 ], [ -90.536018, 43.704001 ], [ -90.532265, 43.703711 ], [ -90.53207, 43.7047 ], [ -90.528784, 43.704358 ], [ -90.530262, 43.706577 ], [ -90.532393, 43.708569 ], [ -90.533266, 43.71132 ], [ -90.533027, 43.715812 ], [ -90.530031, 43.718401 ], [ -90.525423, 43.718589 ], [ -90.523653, 43.719278 ], [ -90.521734, 43.721405 ], [ -90.512699, 43.723482 ], [ -90.507982, 43.725791 ], [ -90.487457, 43.725825 ], [ -90.459999, 43.725922 ], [ -90.449687, 43.725922 ], [ -90.439688, 43.725899 ], [ -90.432885, 43.725888 ], [ -90.432832, 43.725893 ], [ -90.41632, 43.726671 ], [ -90.401216, 43.727332 ], [ -90.393658, 43.727642 ], [ -90.388742, 43.727947 ], [ -90.387676, 43.727922 ], [ -90.374155, 43.728564 ], [ -90.373607, 43.728586 ], [ -90.369, 43.728862 ], [ -90.364997, 43.729123 ], [ -90.351775, 43.729825 ], [ -90.351567, 43.729831 ], [ -90.342254, 43.730147 ], [ -90.341955, 43.73016 ], [ -90.333799, 43.730515 ], [ -90.332681, 43.730563 ], [ -90.312194, 43.731479 ], [ -90.312194, 43.731466 ], [ -90.31223, 43.725118 ], [ -90.312385, 43.698453 ], [ -90.312419, 43.692768 ], [ -90.312519, 43.676092 ], [ -90.312668, 43.65726 ], [ -90.312691, 43.647991 ], [ -90.312404, 43.640988 ], [ -90.312435, 43.630813 ], [ -90.311922, 43.61182 ], [ -90.311645, 43.597031 ], [ -90.311541, 43.589368 ], [ -90.311439, 43.583244 ], [ -90.311194, 43.56969 ], [ -90.310997, 43.566652 ], [ -90.311069, 43.553991 ], [ -90.316213, 43.553983 ], [ -90.328575, 43.553957 ], [ -90.330291, 43.554035 ], [ -90.356184, 43.554087 ], [ -90.365327, 43.554106 ], [ -90.431474, 43.553717 ], [ -90.452416, 43.553557 ], [ -90.457081, 43.553508 ], [ -90.461553, 43.553457 ], [ -90.46232, 43.553448 ], [ -90.471064, 43.553232 ], [ -90.4768, 43.553388 ], [ -90.478756, 43.553372 ], [ -90.48088, 43.553352 ], [ -90.487096, 43.553288 ], [ -90.490129, 43.553262 ], [ -90.497103, 43.553128 ], [ -90.527009, 43.552849 ], [ -90.518076, 43.562342 ], [ -90.515615, 43.567355 ], [ -90.529132, 43.567259 ], [ -90.530843, 43.568031 ], [ -90.531434, 43.568909 ], [ -90.534067, 43.569514 ], [ -90.534343, 43.570033 ], [ -90.534757, 43.572885 ], [ -90.535097, 43.573329 ], [ -90.53648, 43.573421 ], [ -90.54347, 43.573442 ], [ -90.549325, 43.574277 ], [ -90.549673, 43.576334 ], [ -90.55215, 43.576754 ], [ -90.554339, 43.580012 ], [ -90.558218, 43.582291 ], [ -90.559549, 43.585108 ], [ -90.552186, 43.586476 ], [ -90.54247, 43.585727 ], [ -90.538988, 43.586674 ], [ -90.539501, 43.592056 ], [ -90.539607, 43.593858 ], [ -90.539576, 43.595074 ], [ -90.539727, 43.595928 ], [ -90.539796, 43.597269 ], [ -90.539623, 43.597665 ], [ -90.53446, 43.599978 ], [ -90.533013, 43.603254 ], [ -90.534078, 43.603213 ], [ -90.534725, 43.609414 ], [ -90.535158, 43.610291 ], [ -90.539377, 43.612743 ], [ -90.542149, 43.615575 ], [ -90.542784, 43.616889 ], [ -90.546068, 43.62121 ], [ -90.544629, 43.626294 ], [ -90.542096, 43.630957 ], [ -90.541502, 43.634055 ], [ -90.541922, 43.638906 ], [ -90.541819, 43.641774 ], [ -90.548538, 43.643736 ], [ -90.549607, 43.644185 ], [ -90.552392, 43.644527 ], [ -90.558197, 43.645681 ], [ -90.56348, 43.645128 ], [ -90.563152, 43.646693 ], [ -90.564299, 43.650307 ], [ -90.564125, 43.650963 ], [ -90.561248, 43.654346 ], [ -90.558497, 43.656077 ], [ -90.552111, 43.657856 ], [ -90.550419, 43.658622 ], [ -90.545878, 43.659451 ], [ -90.54346, 43.661941 ], [ -90.542423, 43.664527 ], [ -90.535617, 43.669302 ], [ -90.536871, 43.670219 ], [ -90.539441, 43.670349 ], [ -90.540357, 43.672948 ], [ -90.541827, 43.674358 ], [ -90.545402, 43.676576 ], [ -90.546531, 43.67746 ], [ -90.548848, 43.678872 ], [ -90.550149, 43.682545 ], [ -90.550624, 43.684446 ], [ -90.552018, 43.684374 ], [ -90.556104, 43.683568 ], [ -90.559623, 43.683745 ], [ -90.56593, 43.688158 ], [ -90.56216, 43.688778 ] ] ] } },
{ "type": "Feature", "properties": { "geoid": "55079186800", "county_name": "Milwaukee County", "place_name": "Milwaukee", "state_name": "Wisconsin", "state_abbr": "WI", "is_rural": false, "ui_invest_score": 2.0, "ui_invest_quintile": 2, "dci_score": 85.8, "dci_quintile": 2.0, "is_cra_lmi": true, "income_level": "L", "is_persistent_poverty": false, "is_tribal_overlap": true, "tribal_area_name": "Forest County Potawatomi Off-Reservation Trust Land", "aian_pct": 0.0063, "has_nmtc": true, "nmtc_projects": 24, "nmtc_total_usd": 222934894.0 }, "geometry": { "type": "Polygon", "coordinates": [ [ [ -87.982601, 43.030391 ], [ -87.979186, 43.030683 ], [ -87.972819, 43.032496 ], [ -87.968416, 43.033058 ], [ -87.967244, 43.033097 ], [ -87.965204, 43.031501 ], [ -87.957744, 43.03106 ], [ -87.952296, 43.031225 ], [ -87.947755, 43.032717 ], [ -87.947754, 43.034019 ], [ -87.947742, 43.034781 ], [ -87.946384, 43.034779 ], [ -87.944827, 43.034776 ], [ -87.932933, 43.034756 ], [ -87.928206, 43.034745 ], [ -87.923541, 43.034716 ], [ -87.920514, 43.035581 ], [ -87.918758, 43.035606 ], [ -87.918758, 43.034694 ], [ -87.918689, 43.033222 ], [ -87.918218, 43.027776 ], [ -87.917382, 43.026687 ], [ -87.921394, 43.02632 ], [ -87.922532, 43.024221 ], [ -87.93304, 43.024228 ], [ -87.942242, 43.0242 ], [ -87.947799, 43.02417 ], [ -87.952643, 43.023837 ], [ -87.95386, 43.023718 ], [ -87.962294, 43.02343 ], [ -87.962351, 43.024165 ], [ -87.969384, 43.024157 ], [ -87.969505, 43.0207 ], [ -87.979178, 43.018976 ], [ -87.982393, 43.018384 ], [ -87.9824, 43.020064 ], [ -87.982464, 43.024126 ], [ -87.982601, 43.030391 ] ] ] } },
{ "type": "Feature", "properties": { "geoid": "55078940101", "county_name": "Menominee County", "place_name": "Milwaukee", "state_name": "Wisconsin", "state_abbr": "WI", "is_rural": true, "ui_invest_score": 3.0, "ui_invest_quintile": 3, "dci_score": 69.4, "dci_quintile": 4.0, "is_cra_lmi": true, "income_level": "M", "is_persistent_poverty": false, "is_tribal_overlap": true, "tribal_area_name": "Menominee Reservation|Menominee Off-Reservation Trust Land", "aian_pct": 0.8895, "has_nmtc": false, "nmtc_projects": 0, "nmtc_total_usd": 0.0 }, "geometry": { "type": "Polygon", "coordinates": [ [ [ -88.735627, 44.91423 ], [ -88.735591, 44.921653 ], [ -88.735452, 44.92413 ], [ -88.72681, 44.920068 ], [ -88.725361, 44.918942 ], [ -88.720842, 44.914106 ], [ -88.710602, 44.910181 ], [ -88.70304, 44.907401 ], [ -88.700402, 44.906771 ], [ -88.695529, 44.905691 ], [ -88.68933, 44.904311 ], [ -88.680518, 44.901368 ], [ -88.676824, 44.898804 ], [ -88.675049, 44.897495 ], [ -88.672995, 44.896065 ], [ -88.657498, 44.889123 ], [ -88.655006, 44.887937 ], [ -88.653746, 44.887365 ], [ -88.653134, 44.888506 ], [ -88.652898, 44.888612 ], [ -88.611849, 44.899704 ], [ -88.611766, 44.898127 ], [ -88.616613, 44.895664 ], [ -88.624065, 44.893931 ], [ -88.626186, 44.893067 ], [ -88.626386, 44.892975 ], [ -88.629124, 44.890014 ], [ -88.629078, 44.888983 ], [ -88.628666, 44.887651 ], [ -88.628477, 44.886398 ], [ -88.628348, 44.884867 ], [ -88.627971, 44.8847 ], [ -88.625635, 44.884916 ], [ -88.624604, 44.885126 ], [ -88.624116, 44.885047 ], [ -88.623455, 44.884953 ], [ -88.623149, 44.884946 ], [ -88.622787, 44.88494 ], [ -88.621125, 44.884902 ], [ -88.614956, 44.881388 ], [ -88.611641, 44.880815 ], [ -88.611049, 44.88078 ], [ -88.609163, 44.880679 ], [ -88.605737, 44.88054 ], [ -88.601346, 44.879985 ], [ -88.599117, 44.87968 ], [ -88.598346, 44.879502 ], [ -88.592101, 44.877783 ], [ -88.589348, 44.877482 ], [ -88.586292, 44.876532 ], [ -88.582336, 44.875797 ], [ -88.580464, 44.874904 ], [ -88.572449, 44.87481 ], [ -88.569937, 44.876308 ], [ -88.563831, 44.877349 ], [ -88.560929, 44.876705 ], [ -88.552012, 44.876849 ], [ -88.550747, 44.876476 ], [ -88.547462, 44.874541 ], [ -88.546489, 44.869579 ], [ -88.545645, 44.868164 ], [ -88.543369, 44.862323 ], [ -88.543315, 44.859732 ], [ -88.542021, 44.856986 ], [ -88.540147, 44.855735 ], [ -88.542263, 44.855608 ], [ -88.627193, 44.856429 ], [ -88.629829, 44.856438 ], [ -88.641841, 44.856475 ], [ -88.642438, 44.856477 ], [ -88.713793, 44.856487 ], [ -88.736194, 44.856376 ], [ -88.735627, 44.91423 ] ] ] } },
{ "type": "Feature", "properties": { "geoid": "55079186000", "county_name": "Milwaukee County", "place_name": null, "state_name": "Wisconsin", "state_abbr": "WI", "is_rural": false, "ui_invest_score": 3.0, "ui_invest_quintile": 3, "dci_score": 86.3, "dci_quintile": 2.0, "is_cra_lmi": true, "income_level": "L", "is_persistent_poverty": false, "is_tribal_overlap": false, "tribal_area_name": null, "aian_pct": 0.0024, "has_nmtc": true, "nmtc_projects": 3, "nmtc_total_usd": 36957415.0 }, "geometry": { "type": "Polygon", "coordinates": [ [ [ -87.926996, 43.05654 ], [ -87.920017, 43.05651 ], [ -87.918529, 43.056505 ], [ -87.914224, 43.056476 ], [ -87.914305, 43.051192 ], [ -87.920137, 43.05124 ], [ -87.922919, 43.051241 ], [ -87.924291, 43.052591 ], [ -87.927085, 43.052611 ], [ -87.926996, 43.05654 ] ] ] } },
{ "type": "Feature", "properties": { "geoid": "55063000500", "county_name": "La Crosse County", "place_name": null, "state_name": "Wisconsin", "state_abbr": "WI", "is_rural": false, "ui_invest_score": 2.0, "ui_invest_quintile": 2, "dci_score": 41.1, "dci_quintile": 5.0, "is_cra_lmi": true, "income_level": "M", "is_persistent_poverty": false, "is_tribal_overlap": false, "tribal_area_name": null, "aian_pct": 0.0, "has_nmtc": false, "nmtc_projects": 0, "nmtc_total_usd": 0.0 }, "geometry": { "type": "Polygon", "coordinates": [ [ [ -91.239832, 43.828446 ], [ -91.237262, 43.830022 ], [ -91.230815, 43.830997 ], [ -91.229417, 43.829998 ], [ -91.226637, 43.830097 ], [ -91.22664, 43.832939 ], [ -91.223442, 43.835804 ], [ -91.222045, 43.833517 ], [ -91.22056, 43.831177 ], [ -91.216627, 43.824877 ], [ -91.216281, 43.823733 ], [ -91.217, 43.822627 ], [ -91.219061, 43.819479 ], [ -91.219379, 43.818786 ], [ -91.222724, 43.816808 ], [ -91.228921, 43.812808 ], [ -91.238889, 43.812764 ], [ -91.238936, 43.817371 ], [ -91.239673, 43.821361 ], [ -91.239924, 43.82764 ], [ -91.239832, 43.828446 ] ] ] } },
{ "type": "Feature", "properties": { "geoid": "55035001700", "county_name": "Eau Claire County", "place_name": "Milwaukee", "state_name": "Wisconsin", "state_abbr": "WI", "is_rural": false, "ui_invest_score": 2.0, "ui_invest_quintile": 2, "dci_score": 19.7, "dci_quintile": 5.0, "is_cra_lmi": false, "income_level": "U", "is_persistent_poverty": false, "is_tribal_overlap": false, "tribal_area_name": null, "aian_pct": 0.0, "has_nmtc": false, "nmtc_projects": 0, "nmtc_total_usd": 0.0 }, "geometry": { "type": "Polygon", "coordinates": [ [ [ -91.526899, 44.797222 ], [ -91.509945, 44.800757 ], [ -91.506892, 44.800879 ], [ -91.503882, 44.799722 ], [ -91.501361, 44.799701 ], [ -91.498729, 44.801542 ], [ -91.494839, 44.800894 ], [ -91.494723, 44.802278 ], [ -91.494659, 44.803187 ], [ -91.489598, 44.805498 ], [ -91.486424, 44.804634 ], [ -91.490307, 44.802784 ], [ -91.489332, 44.801749 ], [ -91.486594, 44.802928 ], [ -91.482845, 44.802194 ], [ -91.481656, 44.80053 ], [ -91.481883, 44.797954 ], [ -91.482551, 44.797054 ], [ -91.485844, 44.795386 ], [ -91.490935, 44.794291 ], [ -91.495318, 44.794489 ], [ -91.495743, 44.793082 ], [ -91.509039, 44.793213 ], [ -91.515172, 44.793105 ], [ -91.519343, 44.793111 ], [ -91.521195, 44.793503 ], [ -91.522877, 44.794236 ], [ -91.526899, 44.797222 ] ] ] } },
{ "type": "Feature", "properties": { "geoid": "55025001101", "county_name": "Dane County", "place_name": "Milwaukee", "state_name": "Wisconsin", "state_abbr": "WI", "is_rural": false, "ui_invest_score": 2.0, "ui_invest_quintile": 2, "dci_score": 16.0, "dci_quintile": 5.0, "is_cra_lmi": true, "income_level": "L", "is_persistent_poverty": false, "is_tribal_overlap": false, "tribal_area_name": null, "aian_pct": 0.0015, "has_nmtc": false, "nmtc_projects": 0, "nmtc_total_usd": 0.0 }, "geometry": { "type": "Polygon", "coordinates": [ [ [ -89.413905, 43.067802 ], [ -89.413901, 43.073425 ], [ -89.412914, 43.073569 ], [ -89.410625, 43.073427 ], [ -89.408988, 43.073369 ], [ -89.406026, 43.073345 ], [ -89.4006, 43.073266 ], [ -89.400734, 43.072088 ], [ -89.400833, 43.070965 ], [ -89.400886, 43.069885 ], [ -89.400941, 43.06765 ], [ -89.404051, 43.067698 ], [ -89.405715, 43.067719 ], [ -89.408981, 43.067753 ], [ -89.412762, 43.067806 ], [ -89.413927, 43.067527 ], [ -89.413905, 43.067802 ] ] ] } },
{ "type": "Feature", "properties": { "geoid": "55025001704", "county_name": "Dane County", "place_name": null, "state_name": "Wisconsin", "state_abbr": "WI", "is_rural": false, "ui_invest_score": 2.0, "ui_invest_quintile": 2, "dci_score": 38.1, "dci_quintile": 5.0, "is_cra_lmi": false, "income_level": "U", "is_persistent_poverty": false, "is_tribal_overlap": false, "tribal_area_name": null, "aian_pct": 0.0, "has_nmtc": true, "nmtc_projects": 2, "nmtc_total_usd": 4325000.0 }, "geometry": { "type": "Polygon", "coordinates": [ [ [ -89.391725, 43.073513 ], [ -89.389926, 43.074758 ], [ -89.386987, 43.07686 ], [ -89.385215, 43.075484 ], [ -89.383041, 43.075426 ], [ -89.382173, 43.074563 ], [ -89.383109, 43.073915 ], [ -89.381341, 43.072541 ], [ -89.382674, 43.071588 ], [ -89.382107, 43.071169 ], [ -89.38517, 43.068585 ], [ -89.38603, 43.0692 ], [ -89.386904, 43.069863 ], [ -89.388878, 43.071361 ], [ -89.390872, 43.072854 ], [ -89.391725, 43.073513 ] ] ] } },
{ "type": "Feature", "properties": { "geoid": "55025001804", "county_name": "Dane County", "place_name": null, "state_name": "Wisconsin", "state_abbr": "WI", "is_rural": false, "ui_invest_score": 1.0, "ui_invest_quintile": 1, "dci_score": 40.4, "dci_quintile": 5.0, "is_cra_lmi": false, "income_level": "Middle", "is_persistent_poverty": false, "is_tribal_overlap": false, "tribal_area_name": null, "aian_pct": 0.0, "has_nmtc": false, "nmtc_projects": 0, "nmtc_total_usd": 0.0 }, "geometry": { "type": "Polygon", "coordinates": [ [ [ -89.376196, 43.084437 ], [ -89.372605, 43.086974 ], [ -89.365309, 43.092216 ], [ -89.370259, 43.095001 ], [ -89.370068, 43.095466 ], [ -89.369522, 43.097046 ], [ -89.368194, 43.097049 ], [ -89.365344, 43.101306 ], [ -89.365291, 43.101388 ], [ -89.364376, 43.10274 ], [ -89.36409, 43.102923 ], [ -89.364008, 43.102926 ], [ -89.364064, 43.100069 ], [ -89.364103, 43.097766 ], [ -89.363887, 43.09706 ], [ -89.363432, 43.095943 ], [ -89.363585, 43.091282 ], [ -89.361889, 43.090287 ], [ -89.3697, 43.084756 ], [ -89.373318, 43.082267 ], [ -89.375066, 43.080985 ], [ -89.37797, 43.083202 ], [ -89.376196, 43.084437 ] ] ] } },
{ "type": "Feature", "properties": { "geoid": "55097961102", "county_name": "Portage County", "place_name": null, "state_name": "Wisconsin", "state_abbr": "WI", "is_rural": true, "ui_invest_score": 3.0, "ui_invest_quintile": 3, "dci_score": 53.8, "dci_quintile": 5.0, "is_cra_lmi": false, "income_level": "Middle", "is_persistent_poverty": false, "is_tribal_overlap": false, "tribal_area_name": null, "aian_pct": 0.0097, "has_nmtc": false, "nmtc_projects": 0, "nmtc_total_usd": 0.0 }, "geometry": { "type": "Polygon", "coordinates": [ [ [ -89.618738, 44.499303 ], [ -89.613896, 44.506184 ], [ -89.610087, 44.510259 ], [ -89.60901, 44.513322 ], [ -89.607313, 44.515117 ], [ -89.60243, 44.51636 ], [ -89.593245, 44.520286 ], [ -89.589079, 44.522094 ], [ -89.58794, 44.522512 ], [ -89.584786, 44.522529 ], [ -89.584462, 44.521168 ], [ -89.58023, 44.516807 ], [ -89.582097, 44.51596 ], [ -89.579504, 44.513121 ], [ -89.576769, 44.513088 ], [ -89.573174, 44.513045 ], [ -89.572387, 44.51202 ], [ -89.565044, 44.502424 ], [ -89.564511, 44.50156 ], [ -89.562734, 44.499154 ], [ -89.559831, 44.497271 ], [ -89.554247, 44.494025 ], [ -89.552643, 44.492485 ], [ -89.552082, 44.491635 ], [ -89.549287, 44.481798 ], [ -89.567633, 44.48157 ], [ -89.571641, 44.482139 ], [ -89.571172, 44.485728 ], [ -89.5766, 44.486818 ], [ -89.576413, 44.487469 ], [ -89.576709, 44.487916 ], [ -89.576558, 44.489412 ], [ -89.57693, 44.490256 ], [ -89.577911, 44.490839 ], [ -89.583738, 44.491781 ], [ -89.587141, 44.493113 ], [ -89.588566, 44.49474 ], [ -89.588824, 44.49722 ], [ -89.607097, 44.497176 ], [ -89.607142, 44.497175 ], [ -89.616605, 44.496989 ], [ -89.61725, 44.49875 ], [ -89.618738, 44.499303 ] ] ] } },
{ "type": "Feature", "properties": { "geoid": "55113940002", "county_name": "Sawyer County", "place_name": null, "state_name": "Wisconsin", "state_abbr": "WI", "is_rural": true, "ui_invest_score": 3.0, "ui_invest_quintile": 3, "dci_score": 57.6, "dci_quintile": 4.0, "is_cra_lmi": true, "income_level": "Middle", "is_persistent_poverty": false, "is_tribal_overlap": true, "tribal_area_name": "Lac Courte Oreilles Reservation|Lac Courte Oreilles Off-Reservation Trust Land", "aian_pct": 0.5129, "has_nmtc": false, "nmtc_projects": 0, "nmtc_total_usd": 0.0 }, "geometry": { "type": "Polygon", "coordinates": [ [ [ -91.423461, 45.899723 ], [ -91.418677, 45.899499 ], [ -91.41831, 45.905568 ], [ -91.417117, 45.919616 ], [ -91.417301, 45.922452 ], [ -91.416733, 45.957035 ], [ -91.416851, 45.963643 ], [ -91.417827, 45.970557 ], [ -91.417867, 45.973592 ], [ -91.417883, 45.973951 ], [ -91.417927, 45.980851 ], [ -91.417732, 45.982759 ], [ -91.38363, 45.982657 ], [ -91.379042, 45.978537 ], [ -91.378552, 45.977032 ], [ -91.377871, 45.956078 ], [ -91.377555, 45.945235 ], [ -91.377497, 45.942126 ], [ -91.372878, 45.93781 ], [ -91.371935, 45.936354 ], [ -91.371567, 45.933208 ], [ -91.370773, 45.931275 ], [ -91.366132, 45.927489 ], [ -91.36473, 45.925247 ], [ -91.364926, 45.923785 ], [ -91.366725, 45.918881 ], [ -91.377041, 45.909438 ], [ -91.377813, 45.90821 ], [ -91.378087, 45.904899 ], [ -91.3762, 45.906198 ], [ -91.371423, 45.908223 ], [ -91.362933, 45.909415 ], [ -91.357534, 45.908729 ], [ -91.348182, 45.908698 ], [ -91.339727, 45.909138 ], [ -91.327311, 45.908112 ], [ -91.326493, 45.908159 ], [ -91.32524, 45.908634 ], [ -91.320976, 45.912249 ], [ -91.316439, 45.909858 ], [ -91.314967, 45.908565 ], [ -91.312972, 45.908397 ], [ -91.312095, 45.909694 ], [ -91.308371, 45.912356 ], [ -91.308847, 45.914041 ], [ -91.30595, 45.914511 ], [ -91.302505, 45.909835 ], [ -91.303123, 45.909033 ], [ -91.301533, 45.907826 ], [ -91.30108, 45.90898 ], [ -91.298119, 45.908719 ], [ -91.298154, 45.906983 ], [ -91.299532, 45.905253 ], [ -91.300311, 45.90295 ], [ -91.299903, 45.899876 ], [ -91.300369, 45.897793 ], [ -91.304796, 45.897009 ], [ -91.307914, 45.897292 ], [ -91.308033, 45.89476 ], [ -91.309774, 45.893879 ], [ -91.30952, 45.892814 ], [ -91.307209, 45.891867 ], [ -91.303789, 45.893506 ], [ -91.301945, 45.893821 ], [ -91.301698, 45.892377 ], [ -91.303474, 45.89315 ], [ -91.302973, 45.89041 ], [ -91.301381, 45.8914 ], [ -91.298541, 45.89227 ], [ -91.295846, 45.894749 ], [ -91.292236, 45.89578 ], [ -91.288825, 45.895405 ], [ -91.287045, 45.895773 ], [ -91.286566, 45.895439 ], [ -91.292687, 45.894971 ], [ -91.295184, 45.894283 ], [ -91.295825, 45.892228 ], [ -91.297432, 45.891603 ], [ -91.29756, 45.889177 ], [ -91.298534, 45.887765 ], [ -91.297407, 45.884674 ], [ -91.296799, 45.883826 ], [ -91.296139, 45.879357 ], [ -91.303743, 45.876914 ], [ -91.304942, 45.876795 ], [ -91.343956, 45.877861 ], [ -91.379898, 45.877714 ], [ -91.384491, 45.877756 ], [ -91.387182, 45.878552 ], [ -91.392117, 45.870964 ], [ -91.398322, 45.861963 ], [ -91.398486, 45.861237 ], [ -91.401525, 45.856628 ], [ -91.402178, 45.855137 ], [ -91.405647, 45.842412 ], [ -91.405926, 45.839992 ], [ -91.409566, 45.841942 ], [ -91.408087, 45.842306 ], [ -91.407619, 45.844801 ], [ -91.407696, 45.848856 ], [ -91.409158, 45.849709 ], [ -91.407214, 45.851981 ], [ -91.408318, 45.854566 ], [ -91.407538, 45.856888 ], [ -91.405232, 45.856887 ], [ -91.40523, 45.861432 ], [ -91.418339, 45.861424 ], [ -91.418305, 45.879853 ], [ -91.41848, 45.882866 ], [ -91.418636, 45.894138 ], [ -91.423582, 45.895014 ], [ -91.423461, 45.899723 ] ] ] } },
{ "type": "Feature", "properties": { "geoid": "55105001000", "county_name": "Rock County", "place_name": "Kenosha", "state_name": "Wisconsin", "state_abbr": "WI", "is_rural": false, "ui_invest_score": 3.0, "ui_invest_quintile": 3, "dci_score": 38.3, "dci_quintile": 5.0, "is_cra_lmi": true, "income_level": "M", "is_persistent_poverty": false, "is_tribal_overlap": false, "tribal_area_name": null, "aian_pct": 0.0, "has_nmtc": false, "nmtc_projects": 0, "nmtc_total_usd": 0.0 }, "geometry": { "type": "Polygon", "coordinates": [ [ [ -89.031563, 42.66952 ], [ -89.025641, 42.668114 ], [ -89.021827, 42.668813 ], [ -89.019417, 42.670111 ], [ -89.017829, 42.670401 ], [ -89.016634, 42.670626 ], [ -89.01571, 42.670811 ], [ -89.01481, 42.671611 ], [ -89.014613, 42.673507 ], [ -89.01792, 42.676301 ], [ -89.016087, 42.67733 ], [ -89.012154, 42.678459 ], [ -89.010503, 42.678911 ], [ -89.007331, 42.678932 ], [ -89.002845, 42.67887 ], [ -88.998459, 42.67836 ], [ -88.987304, 42.671475 ], [ -88.985282, 42.670855 ], [ -88.983704, 42.670814 ], [ -88.983648, 42.666071 ], [ -88.983642, 42.665869 ], [ -88.991492, 42.666384 ], [ -88.997819, 42.666227 ], [ -88.998351, 42.666252 ], [ -89.011995, 42.667061 ], [ -89.011793, 42.64957 ], [ -89.01346, 42.649474 ], [ -89.031157, 42.649731 ], [ -89.031186, 42.652938 ], [ -89.031337, 42.664279 ], [ -89.031563, 42.66952 ] ] ] } },
{ "type": "Feature", "properties": { "geoid": "55105001500", "county_name": "Rock County", "place_name": "La Crosse", "state_name": "Wisconsin", "state_abbr": "WI", "is_rural": true, "ui_invest_score": 2.0, "ui_invest_quintile": 2, "dci_score": 52.9, "dci_quintile": 5.0, "is_cra_lmi": false, "income_level": "Middle", "is_persistent_poverty": false, "is_tribal_overlap": false, "tribal_area_name": null, "aian_pct": 0.0126, "has_nmtc": true, "nmtc_projects": 1, "nmtc_total_usd": 41945500.0 }, "geometry": { "type": "Polygon", "coordinates": [ [ [ -89.042095555644295, 42.4962506421871 ], [ -89.041054, 42.498833 ], [ -89.039095, 42.499394 ], [ -89.039102, 42.503411 ], [ -89.039107, 42.507222 ], [ -89.036674, 42.50727 ], [ -89.033921, 42.507866 ], [ -89.030677, 42.508349 ], [ -89.026841, 42.510629 ], [ -89.026783, 42.507999 ], [ -89.026834, 42.504689 ], [ -89.026848, 42.501339 ], [ -89.01873, 42.501273 ], [ -89.018764, 42.500088 ], [ -89.016314, 42.49969 ], [ -89.012092, 42.501229 ], [ -89.00753, 42.503558 ], [ -89.007184, 42.50321 ], [ -89.007113, 42.502653 ], [ -89.009376, 42.498837 ], [ -89.012127, 42.497704 ], [ -89.012110046024802, 42.496082405029199 ], [ -89.013667, 42.496087 ], [ -89.013804, 42.496097 ], [ -89.020029805525894, 42.4961308103139 ], [ -89.026233752893901, 42.496164501923303 ], [ -89.036554752622493, 42.4962205518978 ], [ -89.041977701301306, 42.496250002158703 ], [ -89.042095555644295, 42.4962506421871 ] ] ] } },
{ "type": "Feature", "properties": { "geoid": "55093960400", "county_name": "Pierce County", "place_name": null, "state_name": "Wisconsin", "state_abbr": "WI", "is_rural": true, "ui_invest_score": 1.0, "ui_invest_quintile": 1, "dci_score": 25.4, "dci_quintile": 5.0, "is_cra_lmi": false, "income_level": "Middle", "is_persistent_poverty": false, "is_tribal_overlap": false, "tribal_area_name": null, "aian_pct": 0.0, "has_nmtc": false, "nmtc_projects": 0, "nmtc_total_usd": 0.0 }, "geometry": { "type": "Polygon", "coordinates": [ [ [ -92.662094, 44.839931 ], [ -92.661308, 44.839802 ], [ -92.660052, 44.83988 ], [ -92.653359, 44.840391 ], [ -92.655197, 44.844632 ], [ -92.653145, 44.845179 ], [ -92.650436, 44.847651 ], [ -92.647881, 44.847148 ], [ -92.647003, 44.844634 ], [ -92.644705, 44.843747 ], [ -92.643074, 44.845522 ], [ -92.642753, 44.846817 ], [ -92.642656, 44.849036 ], [ -92.642246, 44.849813 ], [ -92.644699, 44.851534 ], [ -92.646378, 44.851748 ], [ -92.648278, 44.853563 ], [ -92.648064, 44.85647 ], [ -92.656677, 44.856785 ], [ -92.654411, 44.857574 ], [ -92.654548, 44.859006 ], [ -92.652306, 44.859688 ], [ -92.65448, 44.861738 ], [ -92.653896, 44.862663 ], [ -92.652079, 44.862638 ], [ -92.649709, 44.862663 ], [ -92.649665, 44.862673 ], [ -92.636331, 44.86261 ], [ -92.624507, 44.862602 ], [ -92.623866, 44.862612 ], [ -92.627849, 44.854796 ], [ -92.628358, 44.854195 ], [ -92.629348, 44.854194 ], [ -92.629332, 44.852292 ], [ -92.62661, 44.851919 ], [ -92.625519, 44.850241 ], [ -92.617943, 44.851071 ], [ -92.616745, 44.849478 ], [ -92.612152, 44.848031 ], [ -92.608895, 44.848278 ], [ -92.608796, 44.841934 ], [ -92.608443, 44.840883 ], [ -92.617595, 44.840892 ], [ -92.618904, 44.840899 ], [ -92.629275, 44.840785 ], [ -92.627299, 44.835041 ], [ -92.627369, 44.833926 ], [ -92.628244, 44.832207 ], [ -92.630836, 44.830093 ], [ -92.636652, 44.825749 ], [ -92.642264, 44.826491 ], [ -92.651825, 44.833589 ], [ -92.656636, 44.8369 ], [ -92.66007, 44.838604 ], [ -92.6624, 44.839839 ], [ -92.662094, 44.839931 ] ] ] } },
{ "type": "Feature", "properties": { "geoid": "55139002500", "county_name": "Winnebago County", "place_name": null, "state_name": "Wisconsin", "state_abbr": "WI", "is_rural": false, "ui_invest_score": 1.0, "ui_invest_quintile": 1, "dci_score": 15.3, "dci_quintile": 5.0, "is_cra_lmi": true, "income_level": "M", "is_persistent_poverty": false, "is_tribal_overlap": false, "tribal_area_name": null, "aian_pct": 0.0006, "has_nmtc": false, "nmtc_projects": 0, "nmtc_total_usd": 0.0 }, "geometry": { "type": "Polygon", "coordinates": [ [ [ -88.446437, 44.238235 ], [ -88.443067, 44.240759 ], [ -88.437159, 44.243762 ], [ -88.436532, 44.244308 ], [ -88.435907, 44.244386 ], [ -88.434318, 44.244281 ], [ -88.432707, 44.244186 ], [ -88.429007, 44.244286 ], [ -88.424107, 44.244186 ], [ -88.417769, 44.244037 ], [ -88.414053, 44.244035 ], [ -88.41286, 44.244051 ], [ -88.410973, 44.244082 ], [ -88.404202, 44.2441 ], [ -88.40407, 44.244102 ], [ -88.404067, 44.240787 ], [ -88.404002, 44.237094 ], [ -88.403926, 44.234849 ], [ -88.40393, 44.23385 ], [ -88.406521, 44.2339 ], [ -88.409969, 44.233967 ], [ -88.418868, 44.234041 ], [ -88.423996, 44.234065 ], [ -88.435849, 44.23415 ], [ -88.439593, 44.229998 ], [ -88.441614, 44.230692 ], [ -88.441895, 44.229928 ], [ -88.444143, 44.229935 ], [ -88.444117, 44.234461 ], [ -88.444097, 44.236338 ], [ -88.444112, 44.237781 ], [ -88.446437, 44.238235 ] ] ] } },
{ "type": "Feature", "properties": { "geoid": "55139003701", "county_name": "Winnebago County", "place_name": null, "state_name": "Wisconsin", "state_abbr": "WI", "is_rural": false, "ui_invest_score": 3.0, "ui_invest_quintile": 3, "dci_score": 15.7, "dci_quintile": 5.0, "is_cra_lmi": false, "income_level": "Middle", "is_persistent_poverty": false, "is_tribal_overlap": false, "tribal_area_name": null, "aian_pct": 0.0042, "has_nmtc": false, "nmtc_projects": 0, "nmtc_total_usd": 0.0 }, "geometry": { "type": "Polygon", "coordinates": [ [ [ -88.505036, 44.170968 ], [ -88.502798, 44.170974 ], [ -88.502146, 44.172379 ], [ -88.4967, 44.173844 ], [ -88.488383, 44.176116 ], [ -88.48565, 44.170961 ], [ -88.485116, 44.169182 ], [ -88.48497, 44.163502 ], [ -88.485003, 44.159475 ], [ -88.485673, 44.15608 ], [ -88.485976, 44.156126 ], [ -88.488589, 44.15649 ], [ -88.49501, 44.15639 ], [ -88.495076, 44.163673 ], [ -88.495096, 44.167146 ], [ -88.49557, 44.167145 ], [ -88.49639, 44.167221 ], [ -88.50509, 44.167209 ], [ -88.505036, 44.170968 ] ] ] } },
{ "type": "Feature", "properties": { "geoid": "55079007700", "county_name": "Milwaukee County", "place_name": null, "state_name": "Wisconsin", "state_abbr": "WI", "is_rural": false, "ui_invest_score": 3.0, "ui_invest_quintile": 3, "dci_score": 34.2, "dci_quintile": 5.0, "is_cra_lmi": false, "income_level": "Middle", "is_persistent_poverty": false, "is_tribal_overlap": false, "tribal_area_name": null, "aian_pct": 0.0031, "has_nmtc": true, "nmtc_projects": 1, "nmtc_total_usd": 0.0 }, "geometry": { "type": "Polygon", "coordinates": [ [ [ -87.894717, 43.067408 ], [ -87.886722, 43.067387 ], [ -87.883022, 43.067365 ], [ -87.883028, 43.066091 ], [ -87.883045, 43.064915 ], [ -87.883063, 43.063722 ], [ -87.883105, 43.060795 ], [ -87.883763, 43.060112 ], [ -87.891631, 43.06015 ], [ -87.891914, 43.060152 ], [ -87.893645, 43.060166 ], [ -87.892928, 43.063321 ], [ -87.895049, 43.067923 ], [ -87.894717, 43.067408 ] ] ] } },
{ "type": "Feature", "properties": { "geoid": "55079018600", "county_name": "Milwaukee County", "place_name": null, "state_name": "Wisconsin", "state_abbr": "WI", "is_rural": false, "ui_invest_score": 3.0, "ui_invest_quintile": 3, "dci_score": 88.5, "dci_quintile": 2.0, "is_cra_lmi": true, "income_level": "L", "is_persistent_poverty": false, "is_tribal_overlap": false, "tribal_area_name": null, "aian_pct": 0.0013, "has_nmtc": false, "nmtc_projects": 0, "nmtc_total_usd": 0.0 }, "geometry": { "type": "Polygon", "coordinates": [ [ [ -87.92619, 42.995549 ], [ -87.926148, 42.997636 ], [ -87.926117, 42.999201 ], [ -87.918845, 42.99917 ], [ -87.918872, 42.997643 ], [ -87.918898, 42.996344 ], [ -87.918909, 42.995609 ], [ -87.919003, 42.991958 ], [ -87.926276, 42.991938 ], [ -87.92619, 42.995549 ] ] ] } },
{ "type": "Feature", "properties": { "geoid": "55079100300", "county_name": "Milwaukee County", "place_name": null, "state_name": "Wisconsin", "state_abbr": "WI", "is_rural": false, "ui_invest_score": 3.0, "ui_invest_quintile": 3, "dci_score": 68.8, "dci_quintile": 4.0, "is_cra_lmi": true, "income_level": "M", "is_persistent_poverty": false, "is_tribal_overlap": false, "tribal_area_name": null, "aian_pct": 0.0083, "has_nmtc": true, "nmtc_projects": 1, "nmtc_total_usd": 0.0 }, "geometry": { "type": "Polygon", "coordinates": [ [ [ -88.007238, 43.02422 ], [ -87.999999, 43.024168 ], [ -88.00022, 43.013024 ], [ -88.000238, 43.012209 ], [ -88.000279, 43.010323 ], [ -88.000281, 43.010097 ], [ -88.001453, 43.010091 ], [ -88.004975, 43.010087 ], [ -88.00611, 43.010082 ], [ -88.006149, 43.010255 ], [ -88.00609, 43.013006 ], [ -88.006051, 43.016635 ], [ -88.006025, 43.018529 ], [ -88.005973, 43.022317 ], [ -88.00724, 43.024083 ], [ -88.007238, 43.02422 ] ] ] } },
{ "type": "Feature", "properties": { "geoid": "55079015800", "county_name": "Milwaukee County", "place_name": null, "state_name": "Wisconsin", "state_abbr": "WI", "is_rural": false, "ui_invest_score": 3.0, "ui_invest_quintile": 3, "dci_score": 84.7, "dci_quintile": 2.0, "is_cra_lmi": true, "income_level": "L", "is_persistent_poverty": false, "is_tribal_overlap": false, "tribal_area_name": null, "aian_pct": 0.0, "has_nmtc": true, "nmtc_projects": 4, "nmtc_total_usd": 27355000.0 }, "geometry": { "type": "Polygon", "coordinates": [ [ [ -87.942244, 43.021129 ], [ -87.94224, 43.022513 ], [ -87.942242, 43.0242 ], [ -87.93304, 43.024228 ], [ -87.932992, 43.02299 ], [ -87.932995, 43.022181 ], [ -87.932998, 43.021155 ], [ -87.933002, 43.020138 ], [ -87.933062, 43.019095 ], [ -87.936814, 43.019102 ], [ -87.94225, 43.019095 ], [ -87.942244, 43.021129 ] ] ] } },
{ "type": "Feature", "properties": { "geoid": "55079015900", "county_name": "Milwaukee County", "place_name": "Green Bay", "state_name": "Wisconsin", "state_abbr": "WI", "is_rural": false, "ui_invest_score": 1.0, "ui_invest_quintile": 1, "dci_score": 86.4, "dci_quintile": 2.0, "is_cra_lmi": true, "income_level": "L", "is_persistent_poverty": false, "is_tribal_overlap": false, "tribal_area_name": null, "aian_pct": 0.0135, "has_nmtc": true, "nmtc_projects": 1, "nmtc_total_usd": 0.0 }, "geometry": { "type": "Polygon", "coordinates": [ [ [ -87.952643, 43.023837 ], [ -87.947799, 43.02417 ], [ -87.942242, 43.0242 ], [ -87.94224, 43.022513 ], [ -87.942244, 43.021129 ], [ -87.94225, 43.019095 ], [ -87.943637, 43.019091 ], [ -87.946408, 43.019085 ], [ -87.949107, 43.01907 ], [ -87.952583, 43.019054 ], [ -87.952581, 43.021908 ], [ -87.952643, 43.023837 ] ] ] } },
{ "type": "Feature", "properties": { "geoid": "55079005100", "county_name": "Milwaukee County", "place_name": null, "state_name": "Wisconsin", "state_abbr": "WI", "is_rural": false, "ui_invest_score": 3.0, "ui_invest_quintile": 3, "dci_score": 88.8, "dci_quintile": 2.0, "is_cra_lmi": true, "income_level": "M", "is_persistent_poverty": false, "is_tribal_overlap": false, "tribal_area_name": null, "aian_pct": 0.0, "has_nmtc": false, "nmtc_projects": 0, "nmtc_total_usd": 0.0 }, "geometry": { "type": "Polygon", "coordinates": [ [ [ -88.007319, 43.082623 ], [ -88.007298, 43.084448 ], [ -88.007235, 43.089993 ], [ -88.00415, 43.090011 ], [ -88.00302, 43.090006 ], [ -87.999448, 43.090013 ], [ -87.994602, 43.090033 ], [ -87.98952, 43.090031 ], [ -87.989543, 43.088104 ], [ -87.989635, 43.082664 ], [ -87.987134, 43.082668 ], [ -87.987324, 43.075361 ], [ -87.992382, 43.075363 ], [ -87.997298, 43.075364 ], [ -88.001287, 43.075347 ], [ -88.00736, 43.077925 ], [ -88.007319, 43.082623 ] ] ] } },
{ "type": "Feature", "properties": { "geoid": "55079001800", "county_name": "Milwaukee County", "place_name": null, "state_name": "Wisconsin", "state_abbr": "WI", "is_rural": false, "ui_invest_score": 3.0, "ui_invest_quintile": 3, "dci_score": 95.1, "dci_quintile": 1.0, "is_cra_lmi": true, "income_level": "L", "is_persistent_poverty": false, "is_tribal_overlap": false, "tribal_area_name": null, "aian_pct": 0.0307, "has_nmtc": false, "nmtc_projects": 0, "nmtc_total_usd": 0.0 }, "geometry": { "type": "Polygon", "coordinates": [ [ [ -88.005997, 43.119525 ], [ -88.004058, 43.119464 ], [ -88.002214, 43.119544 ], [ -88.001018, 43.119533 ], [ -87.998528, 43.11951 ], [ -87.997297, 43.119499 ], [ -87.994773, 43.119467 ], [ -87.991096, 43.119406 ], [ -87.991043, 43.116254 ], [ -87.991174, 43.112097 ], [ -87.993607, 43.112127 ], [ -87.994842, 43.112143 ], [ -87.996073, 43.112158 ], [ -88.001452, 43.112246 ], [ -88.001943, 43.112672 ], [ -88.002553, 43.11232 ], [ -88.003529, 43.112218 ], [ -88.006052, 43.112279 ], [ -88.005997, 43.119525 ] ] ] } },
{ "type": "Feature", "properties": { "geoid": "55079000800", "county_name": "Milwaukee County", "place_name": null, "state_name": "Wisconsin", "state_abbr": "WI", "is_rural": false, "ui_invest_score": 3.0, "ui_invest_quintile": 3, "dci_score": 81.1, "dci_quintile": 2.0, "is_cra_lmi": true, "income_level": "M", "is_persistent_poverty": false, "is_tribal_overlap": false, "tribal_area_name": null, "aian_pct": 0.0, "has_nmtc": false, "nmtc_projects": 0, "nmtc_total_usd": 0.0 }, "geometry": { "type": "Polygon", "coordinates": [ [ [ -87.985626, 43.141296 ], [ -87.985427, 43.148542 ], [ -87.980462, 43.148558 ], [ -87.975832, 43.148572 ], [ -87.975289, 43.148593 ], [ -87.965482, 43.148584 ], [ -87.965704, 43.141805 ], [ -87.964914, 43.141274 ], [ -87.955216, 43.134803 ], [ -87.956397, 43.13406 ], [ -87.984558, 43.133938 ], [ -87.985929, 43.135883 ], [ -87.985626, 43.141296 ] ] ] } },
{ "type": "Feature", "properties": { "geoid": "55079001900", "county_name": "Milwaukee County", "place_name": null, "state_name": "Wisconsin", "state_abbr": "WI", "is_rural": false, "ui_invest_score": 3.0, "ui_invest_quintile": 3, "dci_score": 95.1, "dci_quintile": 1.0, "is_cra_lmi": true, "income_level": "L", "is_persistent_poverty": false, "is_tribal_overlap": false, "tribal_area_name": null, "aian_pct": 0.0003, "has_nmtc": false, "nmtc_projects": 0, "nmtc_total_usd": 0.0 }, "geometry": { "type": "Polygon", "coordinates": [ [ [ -87.991043, 43.116254 ], [ -87.991096, 43.119406 ], [ -87.988337, 43.119361 ], [ -87.983613, 43.11933 ], [ -87.981155, 43.119334 ], [ -87.976238, 43.119338 ], [ -87.976279, 43.115661 ], [ -87.976319, 43.111991 ], [ -87.981253, 43.112013 ], [ -87.984953, 43.11203 ], [ -87.986191, 43.112036 ], [ -87.990463, 43.112088 ], [ -87.991174, 43.112097 ], [ -87.991043, 43.116254 ] ] ] } },
{ "type": "Feature", "properties": { "geoid": "55079013400", "county_name": "Milwaukee County", "place_name": null, "state_name": "Wisconsin", "state_abbr": "WI", "is_rural": false, "ui_invest_score": 1.0, "ui_invest_quintile": 1, "dci_score": 87.8, "dci_quintile": 2.0, "is_cra_lmi": false, "income_level": "NA", "is_persistent_poverty": false, "is_tribal_overlap": false, "tribal_area_name": null, "aian_pct": 0.0, "has_nmtc": false, "nmtc_projects": 0, "nmtc_total_usd": 0.0 }, "geometry": { "type": "Polygon", "coordinates": [ [ [ -87.957744, 43.032098 ], [ -87.957743, 43.032266 ], [ -87.957726, 43.034788 ], [ -87.957698, 43.038767 ], [ -87.953978, 43.038742 ], [ -87.950365, 43.038718 ], [ -87.950392, 43.037512 ], [ -87.950421, 43.034771 ], [ -87.947742, 43.034781 ], [ -87.947754, 43.034019 ], [ -87.947755, 43.032717 ], [ -87.952296, 43.031225 ], [ -87.957744, 43.03106 ], [ -87.957744, 43.032098 ] ] ] } },
{ "type": "Feature", "properties": { "geoid": "55079004100", "county_name": "Milwaukee County", "place_name": null, "state_name": "Wisconsin", "state_abbr": "WI", "is_rural": false, "ui_invest_score": 3.0, "ui_invest_quintile": 3, "dci_score": 91.9, "dci_quintile": 1.0, "is_cra_lmi": true, "income_level": "L", "is_persistent_poverty": false, "is_tribal_overlap": false, "tribal_area_name": null, "aian_pct": 0.0, "has_nmtc": true, "nmtc_projects": 2, "nmtc_total_usd": 2000000.0 }, "geometry": { "type": "Polygon", "coordinates": [ [ [ -87.967039, 43.093413 ], [ -87.966991, 43.09685 ], [ -87.961673, 43.096646 ], [ -87.959891, 43.096523 ], [ -87.958111, 43.096521 ], [ -87.956846, 43.096538 ], [ -87.956814, 43.09692 ], [ -87.957575, 43.098946 ], [ -87.958329, 43.10076 ], [ -87.956812, 43.10076 ], [ -87.956558, 43.100761 ], [ -87.954414, 43.100617 ], [ -87.953009, 43.100854 ], [ -87.95045, 43.099398 ], [ -87.950514, 43.09515 ], [ -87.946873, 43.095161 ], [ -87.947007, 43.089802 ], [ -87.95709, 43.089917 ], [ -87.95836, 43.08992 ], [ -87.962142, 43.089902 ], [ -87.967007, 43.089884 ], [ -87.967039, 43.093413 ] ] ] } },
{ "type": "Feature", "properties": { "geoid": "55079014700", "county_name": "Milwaukee County", "place_name": null, "state_name": "Wisconsin", "state_abbr": "WI", "is_rural": false, "ui_invest_score": 2.0, "ui_invest_quintile": 2, "dci_score": 96.6, "dci_quintile": 1.0, "is_cra_lmi": false, "income_level": "NA", "is_persistent_poverty": false, "is_tribal_overlap": false, "tribal_area_name": null, "aian_pct": 0.0095, "has_nmtc": false, "nmtc_projects": 0, "nmtc_total_usd": 0.0 }, "geometry": { "type": "Polygon", "coordinates": [ [ [ -87.93786, 43.041606 ], [ -87.937842, 43.04323 ], [ -87.937829, 43.044342 ], [ -87.937811, 43.045844 ], [ -87.934016, 43.045896 ], [ -87.93401, 43.043221 ], [ -87.932923, 43.041606 ], [ -87.932959, 43.038668 ], [ -87.936658, 43.038678 ], [ -87.936642, 43.040248 ], [ -87.937876, 43.040241 ], [ -87.93786, 43.041606 ] ] ] } },
{ "type": "Feature", "properties": { "geoid": "55079016400", "county_name": "Milwaukee County", "place_name": null, "state_name": "Wisconsin", "state_abbr": "WI", "is_rural": false, "ui_invest_score": 3.0, "ui_invest_quintile": 3, "dci_score": 84.7, "dci_quintile": 2.0, "is_cra_lmi": true, "income_level": "L", "is_persistent_poverty": false, "is_tribal_overlap": false, "tribal_area_name": null, "aian_pct": 0.0236, "has_nmtc": false, "nmtc_projects": 0, "nmtc_total_usd": 0.0 }, "geometry": { "type": "Polygon", "coordinates": [ [ [ -87.933062, 43.019095 ], [ -87.926753, 43.019102 ], [ -87.922531, 43.019106 ], [ -87.922525, 43.017041 ], [ -87.922635, 43.014141 ], [ -87.925453, 43.01414 ], [ -87.928026, 43.014227 ], [ -87.932999, 43.014246 ], [ -87.932912, 43.01702 ], [ -87.933062, 43.019095 ] ] ] } },
{ "type": "Feature", "properties": { "geoid": "55079016800", "county_name": "Milwaukee County", "place_name": null, "state_name": "Wisconsin", "state_abbr": "WI", "is_rural": false, "ui_invest_score": 3.0, "ui_invest_quintile": 3, "dci_score": 84.9, "dci_quintile": 2.0, "is_cra_lmi": true, "income_level": "L", "is_persistent_poverty": false, "is_tribal_overlap": false, "tribal_area_name": null, "aian_pct": 0.0024, "has_nmtc": false, "nmtc_projects": 0, "nmtc_total_usd": 0.0 }, "geometry": { "type": "Polygon", "coordinates": [ [ [ -87.933172, 43.008376 ], [ -87.933079, 43.010192 ], [ -87.933057, 43.012331 ], [ -87.933006, 43.014012 ], [ -87.932999, 43.014246 ], [ -87.928026, 43.014227 ], [ -87.925453, 43.01414 ], [ -87.925602, 43.010159 ], [ -87.925659, 43.008293 ], [ -87.925734, 43.006467 ], [ -87.929688, 43.006489 ], [ -87.933234, 43.006548 ], [ -87.933172, 43.008376 ] ] ] } },
{ "type": "Feature", "properties": { "geoid": "55113100300", "county_name": "Sawyer County", "place_name": null, "state_name": "Wisconsin", "state_abbr": "WI", "is_rural": true, "ui_invest_score": 3.0, "ui_invest_quintile": 3, "dci_score": 65.2, "dci_quintile": 4.0, "is_cra_lmi": true, "income_level": "Middle", "is_persistent_poverty": false, "is_tribal_overlap": true, "tribal_area_name": "Lac Courte Oreilles Reservation|Lac Courte Oreilles Off-Reservation Trust Land", "aian_pct": 0.0794, "has_nmtc": true, "nmtc_projects": 1, "nmtc_total_usd": 21000000.0 }, "geometry": { "type": "Polygon", "coordinates": [ [ [ -91.551775, 45.98508 ], [ -91.551573, 45.997562 ], [ -91.550951, 46.04111 ], [ -91.550644, 46.055476 ], [ -91.496117, 46.05587 ], [ -91.492615, 46.055275 ], [ -91.490728, 46.053929 ], [ -91.488857, 46.050973 ], [ -91.488534, 46.048749 ], [ -91.488556, 46.041396 ], [ -91.488204, 46.029051 ], [ -91.487296, 46.026841 ], [ -91.486233, 46.027033 ], [ -91.477966, 46.02688 ], [ -91.473798, 46.026847 ], [ -91.467668, 46.026637 ], [ -91.464318, 46.026653 ], [ -91.462715, 46.026905 ], [ -91.460937, 46.026527 ], [ -91.44855, 46.026275 ], [ -91.453678, 46.02146 ], [ -91.453328, 46.019586 ], [ -91.451695, 46.01888 ], [ -91.454382, 46.014881 ], [ -91.454003, 46.013724 ], [ -91.457056, 46.011663 ], [ -91.457304, 46.010692 ], [ -91.451589, 46.010182 ], [ -91.447973, 46.010867 ], [ -91.439092, 46.013498 ], [ -91.435986, 46.013959 ], [ -91.418596, 46.014608 ], [ -91.411646, 46.015196 ], [ -91.40862, 46.016441 ], [ -91.403359, 46.020764 ], [ -91.401191, 46.021992 ], [ -91.398654, 46.022431 ], [ -91.391628, 46.022438 ], [ -91.389574, 46.022708 ], [ -91.384096, 46.02425 ], [ -91.38381, 46.002683 ], [ -91.383809, 46.000579 ], [ -91.384056, 45.983884 ], [ -91.38363, 45.982657 ], [ -91.417732, 45.982759 ], [ -91.417927, 45.980851 ], [ -91.417883, 45.973951 ], [ -91.417867, 45.973592 ], [ -91.417827, 45.970557 ], [ -91.416851, 45.963643 ], [ -91.416733, 45.957035 ], [ -91.420062, 45.961942 ], [ -91.429635, 45.966341 ], [ -91.431142, 45.9675 ], [ -91.435946, 45.968695 ], [ -91.437261, 45.969216 ], [ -91.43946, 45.972405 ], [ -91.441121, 45.973239 ], [ -91.444575, 45.97389 ], [ -91.445111, 45.974538 ], [ -91.44403, 45.976538 ], [ -91.444576, 45.97863 ], [ -91.449263, 45.982043 ], [ -91.4516, 45.982941 ], [ -91.451806, 45.983084 ], [ -91.452247, 45.983084 ], [ -91.452656, 45.983127 ], [ -91.452939, 45.983204 ], [ -91.453261, 45.983225 ], [ -91.453662, 45.983071 ], [ -91.453882, 45.983049 ], [ -91.453996, 45.982962 ], [ -91.482195, 45.983241 ], [ -91.483407, 45.98155 ], [ -91.487385, 45.981123 ], [ -91.487357, 45.979288 ], [ -91.488321, 45.978172 ], [ -91.490945, 45.97728 ], [ -91.496734, 45.977279 ], [ -91.501799, 45.975498 ], [ -91.504656, 45.976713 ], [ -91.510831, 45.977383 ], [ -91.513471, 45.978478 ], [ -91.514906, 45.976024 ], [ -91.520092, 45.974786 ], [ -91.522934, 45.972932 ], [ -91.525493, 45.972538 ], [ -91.527125, 45.969309 ], [ -91.525982, 45.968083 ], [ -91.52722, 45.967314 ], [ -91.527713, 45.96556 ], [ -91.528777, 45.965297 ], [ -91.530955, 45.965805 ], [ -91.530416, 45.966928 ], [ -91.531422, 45.969418 ], [ -91.533401, 45.96957 ], [ -91.535829, 45.97115 ], [ -91.538282, 45.969001 ], [ -91.53981, 45.969703 ], [ -91.542171, 45.968567 ], [ -91.541803, 45.974416 ], [ -91.541806, 45.982586 ], [ -91.548436, 45.983049 ], [ -91.54914, 45.983099 ], [ -91.551804, 45.98334 ], [ -91.551775, 45.98508 ] ] ] } },
{ "type": "Feature", "properties": { "geoid": "55113100700", "county_name": "Sawyer County", "place_name": null, "state_name": "Wisconsin", "state_abbr": "WI", "is_rural": true, "ui_invest_score": 3.0, "ui_invest_quintile": 3, "dci_score": 72.7, "dci_quintile": 3.0, "is_cra_lmi": true, "income_level": "M", "is_persistent_poverty": false, "is_tribal_overlap": true, "tribal_area_name": "Lac Courte Oreilles Reservation", "aian_pct": 0.035, "has_nmtc": false, "nmtc_projects": 0, "nmtc_total_usd": 0.0 }, "geometry": { "type": "Polygon", "coordinates": [ [ [ -91.406871, 45.642846 ], [ -91.404854, 45.643246 ], [ -91.402106, 45.644857 ], [ -91.375826, 45.661639 ], [ -91.374635, 45.665895 ], [ -91.373127, 45.668249 ], [ -91.365984, 45.673837 ], [ -91.363514, 45.673946 ], [ -91.364819, 45.67597 ], [ -91.367006, 45.675126 ], [ -91.36784, 45.676344 ], [ -91.364698, 45.679102 ], [ -91.366241, 45.679709 ], [ -91.366685, 45.682191 ], [ -91.365099, 45.682572 ], [ -91.364767, 45.684775 ], [ -91.365271, 45.693047 ], [ -91.366269, 45.696708 ], [ -91.366217, 45.700646 ], [ -91.364907, 45.702383 ], [ -91.363228, 45.703273 ], [ -91.359896, 45.703792 ], [ -91.358468, 45.704903 ], [ -91.358193, 45.7242 ], [ -91.357774, 45.750783 ], [ -91.357516, 45.751771 ], [ -91.356881, 45.753094 ], [ -91.352824, 45.759237 ], [ -91.35117, 45.761426 ], [ -91.351328, 45.762863 ], [ -91.353874, 45.765755 ], [ -91.353214, 45.769511 ], [ -91.352842, 45.782293 ], [ -91.357825, 45.782477 ], [ -91.35774, 45.812808 ], [ -91.306264, 45.812939 ], [ -91.306326, 45.806583 ], [ -91.298819, 45.806902 ], [ -91.295957, 45.80702 ], [ -91.296012, 45.805171 ], [ -91.295996, 45.801601 ], [ -91.289196, 45.801612 ], [ -91.289222, 45.798024 ], [ -91.286661, 45.798037 ], [ -91.286593, 45.805006 ], [ -91.286363, 45.805206 ], [ -91.276301, 45.805173 ], [ -91.276197, 45.812725 ], [ -91.250145, 45.813058 ], [ -91.248607, 45.812922 ], [ -91.234976, 45.812765 ], [ -91.235453, 45.848499 ], [ -91.235344, 45.855558 ], [ -91.173109, 45.855488 ], [ -91.172998, 45.8843 ], [ -91.173008, 45.895037 ], [ -91.172993, 45.896393 ], [ -91.172969, 45.89847 ], [ -91.170768, 45.89848 ], [ -91.170133, 45.898487 ], [ -91.159976, 45.898515 ], [ -91.152632, 45.89851 ], [ -91.13201, 45.898448 ], [ -91.119403, 45.89843 ], [ -91.118474, 45.898433 ], [ -91.093847, 45.898503 ], [ -91.090833, 45.89824 ], [ -91.077879, 45.891255 ], [ -91.077269, 45.897798 ], [ -91.076124, 45.898712 ], [ -91.071803, 45.89853 ], [ -91.069708, 45.898781 ], [ -91.067188, 45.899901 ], [ -91.064025, 45.902858 ], [ -91.065224, 45.906595 ], [ -91.064018, 45.907744 ], [ -91.065048, 45.911342 ], [ -91.061662, 45.914524 ], [ -91.052837, 45.907623 ], [ -91.04939, 45.906483 ], [ -91.035252, 45.902925 ], [ -91.027126, 45.89985 ], [ -91.027889, 45.896607 ], [ -91.028669, 45.886968 ], [ -91.028786, 45.878159 ], [ -91.029746, 45.870769 ], [ -91.030259, 45.863089 ], [ -91.030259, 45.855781 ], [ -91.028189, 45.841868 ], [ -91.028691, 45.827004 ], [ -91.038025, 45.827203 ], [ -91.043719, 45.827012 ], [ -91.043819, 45.82992 ], [ -91.047873, 45.829575 ], [ -91.049121, 45.829936 ], [ -91.049679, 45.829949 ], [ -91.05289, 45.82914 ], [ -91.05559, 45.829769 ], [ -91.057785, 45.829695 ], [ -91.060622, 45.828961 ], [ -91.06325, 45.82681 ], [ -91.065797, 45.826288 ], [ -91.064731, 45.811192 ], [ -91.0873, 45.806293 ], [ -91.116657, 45.79812 ], [ -91.11565, 45.796452 ], [ -91.112097, 45.786828 ], [ -91.11142, 45.782134 ], [ -91.111525, 45.769014 ], [ -91.091356, 45.769683 ], [ -91.069794, 45.769275 ], [ -91.060364, 45.769481 ], [ -91.049096, 45.769269 ], [ -91.049178, 45.776001 ], [ -91.048222, 45.776533 ], [ -91.028247, 45.776113 ], [ -91.02904, 45.747603 ], [ -91.04915, 45.747547 ], [ -91.049268, 45.726318 ], [ -91.04937, 45.725721 ], [ -91.173906, 45.725604 ], [ -91.194584, 45.72564 ], [ -91.194158, 45.689748 ], [ -91.198, 45.689329 ], [ -91.19757, 45.688347 ], [ -91.194832, 45.6857 ], [ -91.193529, 45.684958 ], [ -91.193936, 45.682296 ], [ -91.195999, 45.679852 ], [ -91.194627, 45.677997 ], [ -91.195269, 45.676924 ], [ -91.192437, 45.675076 ], [ -91.190393, 45.674813 ], [ -91.189755, 45.676681 ], [ -91.188299, 45.677507 ], [ -91.186904, 45.677355 ], [ -91.184269, 45.675802 ], [ -91.181404, 45.67343 ], [ -91.181568, 45.67201 ], [ -91.179883, 45.669202 ], [ -91.179134, 45.665732 ], [ -91.176666, 45.664555 ], [ -91.175862, 45.662772 ], [ -91.176521, 45.65963 ], [ -91.178398, 45.657929 ], [ -91.182006, 45.657142 ], [ -91.18518, 45.65535 ], [ -91.186042, 45.653953 ], [ -91.183696, 45.65007 ], [ -91.183924, 45.64852 ], [ -91.185217, 45.64754 ], [ -91.18739, 45.647508 ], [ -91.189303, 45.645346 ], [ -91.190792, 45.644785 ], [ -91.192855, 45.642538 ], [ -91.193112, 45.640642 ], [ -91.189273, 45.638533 ], [ -91.190008, 45.638528 ], [ -91.190904, 45.638523 ], [ -91.19275, 45.63863 ], [ -91.298015, 45.63902 ], [ -91.373888, 45.638576 ], [ -91.37516, 45.638393 ], [ -91.404785, 45.638044 ], [ -91.402181, 45.639991 ], [ -91.398939, 45.639134 ], [ -91.400548, 45.640758 ], [ -91.404651, 45.639709 ], [ -91.405675, 45.641 ], [ -91.407793, 45.641324 ], [ -91.406871, 45.642846 ] ] ] } },
{ "type": "Feature", "properties": { "geoid": "55141010300", "county_name": "Wood County", "place_name": null, "state_name": "Wisconsin", "state_abbr": "WI", "is_rural": true, "ui_invest_score": 3.0, "ui_invest_quintile": 3, "dci_score": 47.8, "dci_quintile": 5.0, "is_cra_lmi": true, "income_level": "M", "is_persistent_poverty": false, "is_tribal_overlap": false, "tribal_area_name": null, "aian_pct": 0.0022, "has_nmtc": false, "nmtc_projects": 0, "nmtc_total_usd": 0.0 }, "geometry": { "type": "Polygon", "coordinates": [ [ [ -90.177981, 44.660487 ], [ -90.174183, 44.665904 ], [ -90.17222, 44.6687 ], [ -90.170953, 44.670505 ], [ -90.170322, 44.671407 ], [ -90.169268, 44.673211 ], [ -90.166585, 44.677101 ], [ -90.166336, 44.6771 ], [ -90.160072, 44.677029 ], [ -90.160147, 44.6735 ], [ -90.157612, 44.673439 ], [ -90.156464, 44.669827 ], [ -90.159342, 44.666357 ], [ -90.161579, 44.663518 ], [ -90.164758, 44.664642 ], [ -90.164931, 44.664368 ], [ -90.165378, 44.663795 ], [ -90.162803, 44.661782 ], [ -90.164119, 44.660056 ], [ -90.167425, 44.661228 ], [ -90.168737, 44.659359 ], [ -90.171381, 44.655566 ], [ -90.181364, 44.65566 ], [ -90.177981, 44.660487 ] ] ] } },
{ "type": "Feature", "properties": { "geoid": "55079013500", "county_name": "Milwaukee County", "place_name": null, "state_name": "Wisconsin", "state_abbr": "WI", "is_rural": false, "ui_invest_score": 2.0, "ui_invest_quintile": 2, "dci_score": 87.8, "dci_quintile": 2.0, "is_cra_lmi": true, "income_level": "L", "is_persistent_poverty": false, "is_tribal_overlap": true, "tribal_area_name": "Forest County Potawatomi Off-Reservation Trust Land", "aian_pct": 0.0064, "has_nmtc": true, "nmtc_projects": 1, "nmtc_total_usd": 4000000.0 }, "geometry": { "type": "Polygon", "coordinates": [ [ [ -87.957691, 43.040301 ], [ -87.957685, 43.041665 ], [ -87.955204, 43.041668 ], [ -87.955206, 43.040788 ], [ -87.953463, 43.041661 ], [ -87.947702, 43.041647 ], [ -87.947709, 43.04027 ], [ -87.947717, 43.0387 ], [ -87.950365, 43.038718 ], [ -87.953978, 43.038742 ], [ -87.957698, 43.038767 ], [ -87.957691, 43.040301 ] ] ] } },
{ "type": "Feature", "properties": { "geoid": "55079002100", "county_name": "Milwaukee County", "place_name": null, "state_name": "Wisconsin", "state_abbr": "WI", "is_rural": false, "ui_invest_score": 3.0, "ui_invest_quintile": 3, "dci_score": 90.2, "dci_quintile": 2.0, "is_cra_lmi": true, "income_level": "L", "is_persistent_poverty": false, "is_tribal_overlap": false, "tribal_area_name": null, "aian_pct": 0.0, "has_nmtc": true, "nmtc_projects": 1, "nmtc_total_usd": 6860000.0 }, "geometry": { "type": "Polygon", "coordinates": [ [ [ -87.960036, 43.113784 ], [ -87.959997, 43.115606 ], [ -87.959907, 43.119184 ], [ -87.956252, 43.119156 ], [ -87.950593, 43.119278 ], [ -87.94626, 43.119135 ], [ -87.946469, 43.111819 ], [ -87.954001, 43.111895 ], [ -87.960076, 43.111936 ], [ -87.960036, 43.113784 ] ] ] } },
{ "type": "Feature", "properties": { "geoid": "55079012900", "county_name": "Milwaukee County", "place_name": null, "state_name": "Wisconsin", "state_abbr": "WI", "is_rural": false, "ui_invest_score": 3.0, "ui_invest_quintile": 3, "dci_score": 60.2, "dci_quintile": 4.0, "is_cra_lmi": true, "income_level": "M", "is_persistent_poverty": false, "is_tribal_overlap": false, "tribal_area_name": null, "aian_pct": 0.0235, "has_nmtc": false, "nmtc_projects": 0, "nmtc_total_usd": 0.0 }, "geometry": { "type": "Polygon", "coordinates": [ [ [ -88.00728, 43.032233 ], [ -87.997389, 43.032091 ], [ -87.993353, 43.032096 ], [ -87.992406, 43.031412 ], [ -87.992433, 43.02781 ], [ -87.992421, 43.024145 ], [ -87.997412, 43.02428 ], [ -87.999999, 43.024168 ], [ -88.007238, 43.02422 ], [ -88.007257, 43.028343 ], [ -88.00728, 43.032233 ] ] ] } },
{ "type": "Feature", "properties": { "geoid": "55079006500", "county_name": "Milwaukee County", "place_name": null, "state_name": "Wisconsin", "state_abbr": "WI", "is_rural": false, "ui_invest_score": 3.0, "ui_invest_quintile": 3, "dci_score": 97.0, "dci_quintile": 1.0, "is_cra_lmi": true, "income_level": "L", "is_persistent_poverty": false, "is_tribal_overlap": false, "tribal_area_name": null, "aian_pct": 0.0, "has_nmtc": false, "nmtc_projects": 0, "nmtc_total_usd": 0.0 }, "geometry": { "type": "Polygon", "coordinates": [ [ [ -87.94718, 43.081147 ], [ -87.947137, 43.083506 ], [ -87.945897, 43.082538 ], [ -87.94369, 43.082486 ], [ -87.942195, 43.082458 ], [ -87.941103, 43.082437 ], [ -87.939694, 43.08241 ], [ -87.937215, 43.082363 ], [ -87.937331, 43.076834 ], [ -87.938756, 43.076879 ], [ -87.942278, 43.076936 ], [ -87.944752, 43.076975 ], [ -87.947259, 43.077015 ], [ -87.94718, 43.081147 ] ] ] } },
{ "type": "Feature", "properties": { "geoid": "55079020400", "county_name": "Milwaukee County", "place_name": null, "state_name": "Wisconsin", "state_abbr": "WI", "is_rural": false, "ui_invest_score": 3.0, "ui_invest_quintile": 3, "dci_score": 88.5, "dci_quintile": 2.0, "is_cra_lmi": true, "income_level": "M", "is_persistent_poverty": false, "is_tribal_overlap": false, "tribal_area_name": null, "aian_pct": 0.0, "has_nmtc": true, "nmtc_projects": 1, "nmtc_total_usd": 45250000.0 }, "geometry": { "type": "Polygon", "coordinates": [ [ [ -87.933837, 42.988333 ], [ -87.933749, 42.992013 ], [ -87.928712, 42.991931 ], [ -87.926276, 42.991938 ], [ -87.926319, 42.99013 ], [ -87.926364, 42.988268 ], [ -87.926405, 42.986502 ], [ -87.926442, 42.984695 ], [ -87.928873, 42.984687 ], [ -87.933849, 42.984737 ], [ -87.933837, 42.988333 ] ] ] } },
{ "type": "Feature", "properties": { "geoid": "55079006400", "county_name": "Milwaukee County", "place_name": null, "state_name": "Wisconsin", "state_abbr": "WI", "is_rural": false, "ui_invest_score": 1.0, "ui_invest_quintile": 1, "dci_score": 96.7, "dci_quintile": 1.0, "is_cra_lmi": true, "income_level": "L", "is_persistent_poverty": false, "is_tribal_overlap": false, "tribal_area_name": null, "aian_pct": 0.0011, "has_nmtc": false, "nmtc_projects": 0, "nmtc_total_usd": 0.0 }, "geometry": { "type": "Polygon", "coordinates": [ [ [ -87.947317, 43.073388 ], [ -87.947293, 43.07523 ], [ -87.947259, 43.077015 ], [ -87.944752, 43.076975 ], [ -87.942278, 43.076936 ], [ -87.938756, 43.076879 ], [ -87.937331, 43.076834 ], [ -87.937354, 43.075767 ], [ -87.937368, 43.075077 ], [ -87.937396, 43.073242 ], [ -87.937425, 43.071436 ], [ -87.942395, 43.071497 ], [ -87.947341, 43.071577 ], [ -87.947317, 43.073388 ] ] ] } },
{ "type": "Feature", "properties": { "geoid": "55079021200", "county_name": "Milwaukee County", "place_name": "Madison", "state_name": "Wisconsin", "state_abbr": "WI", "is_rural": false, "ui_invest_score": 3.0, "ui_invest_quintile": 3, "dci_score": 40.9, "dci_quintile": 5.0, "is_cra_lmi": true, "income_level": "M", "is_persistent_poverty": false, "is_tribal_overlap": false, "tribal_area_name": null, "aian_pct": 0.0077, "has_nmtc": false, "nmtc_projects": 0, "nmtc_total_usd": 0.0 }, "geometry": { "type": "Polygon", "coordinates": [ [ [ -87.929172, 42.966091 ], [ -87.929168, 42.966537 ], [ -87.929114, 42.97377 ], [ -87.919349, 42.973772 ], [ -87.919363, 42.966488 ], [ -87.909608, 42.966467 ], [ -87.90966, 42.959234 ], [ -87.919454, 42.959213 ], [ -87.926532, 42.959252 ], [ -87.929211, 42.959269 ], [ -87.929172, 42.966091 ] ] ] } },
{ "type": "Feature", "properties": { "geoid": "55079006800", "county_name": "Milwaukee County", "place_name": null, "state_name": "Wisconsin", "state_abbr": "WI", "is_rural": false, "ui_invest_score": 3.0, "ui_invest_quintile": 3, "dci_score": 91.4, "dci_quintile": 1.0, "is_cra_lmi": true, "income_level": "L", "is_persistent_poverty": false, "is_tribal_overlap": false, "tribal_area_name": null, "aian_pct": 0.0085, "has_nmtc": false, "nmtc_projects": 0, "nmtc_total_usd": 0.0 }, "geometry": { "type": "Polygon", "coordinates": [ [ [ -87.933429, 43.081789 ], [ -87.929767, 43.081718 ], [ -87.927302, 43.081674 ], [ -87.926081, 43.081672 ], [ -87.924846, 43.081662 ], [ -87.92238, 43.081642 ], [ -87.920602, 43.081627 ], [ -87.918385, 43.081712 ], [ -87.916563, 43.079553 ], [ -87.915441, 43.077579 ], [ -87.91689, 43.077586 ], [ -87.92247, 43.077643 ], [ -87.92371, 43.077655 ], [ -87.926168, 43.077677 ], [ -87.929859, 43.077915 ], [ -87.932735, 43.077971 ], [ -87.934552, 43.08181 ], [ -87.933429, 43.081789 ] ] ] } },
{ "type": "Feature", "properties": { "geoid": "55079007900", "county_name": "Milwaukee County", "place_name": "Madison", "state_name": "Wisconsin", "state_abbr": "WI", "is_rural": false, "ui_invest_score": 3.0, "ui_invest_quintile": 3, "dci_score": 66.0, "dci_quintile": 4.0, "is_cra_lmi": true, "income_level": "M", "is_persistent_poverty": false, "is_tribal_overlap": false, "tribal_area_name": null, "aian_pct": 0.0, "has_nmtc": true, "nmtc_projects": 1, "nmtc_total_usd": 200000.0 }, "geometry": { "type": "Polygon", "coordinates": [ [ [ -87.900352, 43.067463 ], [ -87.900323, 43.071108 ], [ -87.899112, 43.071101 ], [ -87.8978, 43.071092 ], [ -87.8978, 43.071159 ], [ -87.893204, 43.071095 ], [ -87.894843, 43.068606 ], [ -87.895049, 43.067923 ], [ -87.892928, 43.063321 ], [ -87.893645, 43.060166 ], [ -87.897931, 43.060203 ], [ -87.89791, 43.062009 ], [ -87.897889, 43.063807 ], [ -87.900402, 43.063821 ], [ -87.900352, 43.067463 ] ] ] } },
{ "type": "Feature", "properties": { "geoid": "55079010600", "county_name": "Milwaukee County", "place_name": null, "state_name": "Wisconsin", "state_abbr": "WI", "is_rural": false, "ui_invest_score": 3.0, "ui_invest_quintile": 3, "dci_score": 66.0, "dci_quintile": 4.0, "is_cra_lmi": true, "income_level": "L", "is_persistent_poverty": false, "is_tribal_overlap": false, "tribal_area_name": null, "aian_pct": 0.0, "has_nmtc": false, "nmtc_projects": 0, "nmtc_total_usd": 0.0 }, "geometry": { "type": "Polygon", "coordinates": [ [ [ -87.90968, 43.059073 ], [ -87.909653, 43.060254 ], [ -87.909618, 43.063887 ], [ -87.905342, 43.063853 ], [ -87.90536, 43.062048 ], [ -87.905377, 43.060233 ], [ -87.905338, 43.056453 ], [ -87.909721, 43.056454 ], [ -87.90968, 43.059073 ] ] ] } },
{ "type": "Feature", "properties": { "geoid": "55079180300", "county_name": "Milwaukee County", "place_name": null, "state_name": "Wisconsin", "state_abbr": "WI", "is_rural": false, "ui_invest_score": 1.0, "ui_invest_quintile": 1, "dci_score": 42.8, "dci_quintile": 5.0, "is_cra_lmi": true, "income_level": "M", "is_persistent_poverty": false, "is_tribal_overlap": false, "tribal_area_name": null, "aian_pct": 0.0023, "has_nmtc": false, "nmtc_projects": 0, "nmtc_total_usd": 0.0 }, "geometry": { "type": "Polygon", "coordinates": [ [ [ -87.883266, 42.956827 ], [ -87.88325, 42.959128 ], [ -87.8826, 42.959099 ], [ -87.879794, 42.959189 ], [ -87.876175, 42.959176 ], [ -87.869962, 42.959129 ], [ -87.869945, 42.963634 ], [ -87.869938, 42.96568 ], [ -87.86993, 42.966354 ], [ -87.865136, 42.9609 ], [ -87.860066, 42.960957 ], [ -87.860055, 42.957305 ], [ -87.860012, 42.952723 ], [ -87.859971, 42.948314 ], [ -87.854977, 42.948349 ], [ -87.849982, 42.948383 ], [ -87.849899, 42.944639 ], [ -87.854918, 42.94462 ], [ -87.859936, 42.944601 ], [ -87.861866, 42.943522 ], [ -87.862593, 42.944586 ], [ -87.874946, 42.94455 ], [ -87.885306, 42.94457 ], [ -87.883266, 42.956827 ] ] ] } },
{ "type": "Feature", "properties": { "geoid": "55079000102", "county_name": "Milwaukee County", "place_name": "Fond du Lac", "state_name": "Wisconsin", "state_abbr": "WI", "is_rural": false, "ui_invest_score": 2.0, "ui_invest_quintile": 2, "dci_score": 74.0, "dci_quintile": 3.0, "is_cra_lmi": true, "income_level": "M", "is_persistent_poverty": false, "is_tribal_overlap": false, "tribal_area_name": null, "aian_pct": 0.0, "has_nmtc": true, "nmtc_projects": 7, "nmtc_total_usd": 41519000.0 }, "geometry": { "type": "Polygon", "coordinates": [ [ [ -88.024791, 43.15592 ], [ -88.024515, 43.163169 ], [ -88.024366, 43.176259 ], [ -88.024343, 43.177599 ], [ -88.005622, 43.177733 ], [ -87.99448, 43.17768 ], [ -87.994615, 43.170486 ], [ -87.994758, 43.163188 ], [ -87.997757, 43.163216 ], [ -88.004571, 43.163295 ], [ -88.004997, 43.156064 ], [ -88.005273, 43.148725 ], [ -88.01787, 43.148671 ], [ -88.02519, 43.148634 ], [ -88.024791, 43.15592 ] ] ] } },
{ "type": "Feature", "properties": { "geoid": "55079110100", "county_name": "Milwaukee County", "place_name": null, "state_name": "Wisconsin", "state_abbr": "WI", "is_rural": false, "ui_invest_score": 1.0, "ui_invest_quintile": 1, "dci_score": 69.8, "dci_quintile": 3.0, "is_cra_lmi": true, "income_level": "M", "is_persistent_poverty": false, "is_tribal_overlap": false, "tribal_area_name": null, "aian_pct": 0.0215, "has_nmtc": true, "nmtc_projects": 3, "nmtc_total_usd": 14426922.0 }, "geometry": { "type": "Polygon", "coordinates": [ [ [ -87.982655, 43.013962 ], [ -87.982593, 43.018347 ], [ -87.982393, 43.018384 ], [ -87.979178, 43.018976 ], [ -87.969505, 43.0207 ], [ -87.969384, 43.024157 ], [ -87.962351, 43.024165 ], [ -87.962294, 43.02343 ], [ -87.962332, 43.021331 ], [ -87.961698, 43.021367 ], [ -87.961781, 43.019 ], [ -87.961855, 43.01688 ], [ -87.967499, 43.016849 ], [ -87.967511, 43.014312 ], [ -87.966552, 43.013233 ], [ -87.962692, 43.013254 ], [ -87.962719, 43.012312 ], [ -87.966413, 43.012261 ], [ -87.966328, 43.010163 ], [ -87.960976, 43.009814 ], [ -87.961047, 43.006616 ], [ -87.961118, 43.002991 ], [ -87.968505, 43.002902 ], [ -87.968509, 43.000788 ], [ -87.977567, 43.003849 ], [ -87.977427, 43.008361 ], [ -87.976395, 43.008358 ], [ -87.976381, 43.010196 ], [ -87.982062, 43.010177 ], [ -87.982056, 43.012049 ], [ -87.982667, 43.012291 ], [ -87.982655, 43.013962 ] ] ] } },
{ "type": "Feature", "properties": { "geoid": "55079186200", "county_name": "Milwaukee County", "place_name": null, "state_name": "Wisconsin", "state_abbr": "WI", "is_rural": false, "ui_invest_score": 3.0, "ui_invest_quintile": 3, "dci_score": 93.2, "dci_quintile": 1.0, "is_cra_lmi": true, "income_level": "L", "is_persistent_poverty": false, "is_tribal_overlap": false, "tribal_area_name": null, "aian_pct": 0.0049, "has_nmtc": false, "nmtc_projects": 0, "nmtc_total_usd": 0.0 }, "geometry": { "type": "Polygon", "coordinates": [ [ [ -87.937774, 43.048599 ], [ -87.937733, 43.051367 ], [ -87.933903, 43.051335 ], [ -87.927098, 43.051299 ], [ -87.927119, 43.045764 ], [ -87.932316, 43.045772 ], [ -87.934016, 43.045896 ], [ -87.937811, 43.045844 ], [ -87.937774, 43.048599 ] ] ] } },
{ "type": "Feature", "properties": { "geoid": "55079003900", "county_name": "Milwaukee County", "place_name": null, "state_name": "Wisconsin", "state_abbr": "WI", "is_rural": false, "ui_invest_score": 3.0, "ui_invest_quintile": 3, "dci_score": 92.0, "dci_quintile": 1.0, "is_cra_lmi": true, "income_level": "L", "is_persistent_poverty": false, "is_tribal_overlap": false, "tribal_area_name": null, "aian_pct": 0.0, "has_nmtc": false, "nmtc_projects": 0, "nmtc_total_usd": 0.0 }, "geometry": { "type": "Polygon", "coordinates": [ [ [ -87.967007, 43.089884 ], [ -87.962142, 43.089902 ], [ -87.95836, 43.08992 ], [ -87.95709, 43.089917 ], [ -87.957146, 43.085958 ], [ -87.957194, 43.082523 ], [ -87.96316, 43.082514 ], [ -87.967235, 43.082507 ], [ -87.967007, 43.089884 ] ] ] } },
{ "type": "Feature", "properties": { "geoid": "55067960700", "county_name": "Langlade County", "place_name": null, "state_name": "Wisconsin", "state_abbr": "WI", "is_rural": true, "ui_invest_score": 3.0, "ui_invest_quintile": 3, "dci_score": 78.5, "dci_quintile": 3.0, "is_cra_lmi": true, "income_level": "Middle", "is_persistent_poverty": false, "is_tribal_overlap": false, "tribal_area_name": null, "aian_pct": 0.0208, "has_nmtc": true, "nmtc_projects": 1, "nmtc_total_usd": 0.0 }, "geometry": { "type": "Polygon", "coordinates": [ [ [ -89.153549, 45.123056 ], [ -89.15328, 45.125672 ], [ -89.152401, 45.135945 ], [ -89.152292, 45.13909 ], [ -89.152232, 45.141933 ], [ -89.152076, 45.14611 ], [ -89.151988, 45.148032 ], [ -89.154042, 45.148063 ], [ -89.153962, 45.150057 ], [ -89.153622, 45.1686 ], [ -89.153596, 45.170509 ], [ -89.153587, 45.17272 ], [ -89.146402, 45.172822 ], [ -89.145664, 45.176674 ], [ -89.145076, 45.184337 ], [ -89.134058, 45.183405 ], [ -89.134621, 45.176637 ], [ -89.134226, 45.162282 ], [ -89.134602, 45.158489 ], [ -89.134995, 45.154702 ], [ -89.134962, 45.154702 ], [ -89.124143, 45.154883 ], [ -89.133581, 45.148532 ], [ -89.135, 45.147534 ], [ -89.132518, 45.147445 ], [ -89.132207, 45.147439 ], [ -89.114519, 45.147284 ], [ -89.114896, 45.140347 ], [ -89.115316, 45.13292 ], [ -89.11585, 45.125502 ], [ -89.115895, 45.11812 ], [ -89.131298, 45.118239 ], [ -89.136475, 45.118268 ], [ -89.154058, 45.118388 ], [ -89.153549, 45.123056 ] ] ] } },
{ "type": "Feature", "properties": { "geoid": "55059000300", "county_name": "Kenosha County", "place_name": null, "state_name": "Wisconsin", "state_abbr": "WI", "is_rural": false, "ui_invest_score": 2.0, "ui_invest_quintile": 2, "dci_score": 80.4, "dci_quintile": 3.0, "is_cra_lmi": true, "income_level": "M", "is_persistent_poverty": false, "is_tribal_overlap": false, "tribal_area_name": null, "aian_pct": 0.0045, "has_nmtc": false, "nmtc_projects": 0, "nmtc_total_usd": 0.0 }, "geometry": { "type": "Polygon", "coordinates": [ [ [ -87.827652, 42.622645 ], [ -87.827402, 42.624058 ], [ -87.827316, 42.623973 ], [ -87.826603, 42.623274 ], [ -87.824173, 42.625096 ], [ -87.823766, 42.625143 ], [ -87.823686, 42.625335 ], [ -87.823335, 42.625941 ], [ -87.822826, 42.6267 ], [ -87.822491, 42.627192 ], [ -87.818199608603607, 42.627175532323498 ], [ -87.818268272138397, 42.626646696499598 ], [ -87.819674, 42.61582 ], [ -87.819593278145703, 42.613344529801303 ], [ -87.819374, 42.60662 ], [ -87.816374762480294, 42.601845317428001 ], [ -87.816362, 42.601825 ], [ -87.815788625048995, 42.596092 ], [ -87.815751753120594, 42.595723328913898 ], [ -87.815691706908396, 42.595122945283997 ], [ -87.815683991907406, 42.595045805359 ], [ -87.815597, 42.594176 ], [ -87.813077652594004, 42.590624799306802 ], [ -87.811815, 42.588845 ], [ -87.810929616808394, 42.588650786912801 ], [ -87.808592652733793, 42.588138162535202 ], [ -87.818613, 42.587551 ], [ -87.818072, 42.589561 ], [ -87.818828, 42.590184 ], [ -87.819324, 42.590878 ], [ -87.822868, 42.590838 ], [ -87.825921, 42.590847 ], [ -87.826047, 42.592192 ], [ -87.825936, 42.594446 ], [ -87.825959, 42.597087 ], [ -87.825958, 42.598897 ], [ -87.825951, 42.600413 ], [ -87.825954, 42.60258 ], [ -87.82592, 42.609689 ], [ -87.825931, 42.613298 ], [ -87.825938, 42.615019 ], [ -87.82631, 42.616981 ], [ -87.826635, 42.617568 ], [ -87.827588, 42.621259 ], [ -87.827652, 42.622645 ] ] ] } },
{ "type": "Feature", "properties": { "geoid": "55059001200", "county_name": "Kenosha County", "place_name": null, "state_name": "Wisconsin", "state_abbr": "WI", "is_rural": false, "ui_invest_score": 3.0, "ui_invest_quintile": 3, "dci_score": 41.9, "dci_quintile": 5.0, "is_cra_lmi": true, "income_level": "L", "is_persistent_poverty": false, "is_tribal_overlap": false, "tribal_area_name": null, "aian_pct": 0.0, "has_nmtc": false, "nmtc_projects": 0, "nmtc_total_usd": 0.0 }, "geometry": { "type": "Polygon", "coordinates": [ [ [ -87.855731, 42.588335 ], [ -87.848176, 42.588183 ], [ -87.845618, 42.588132 ], [ -87.83571, 42.587934 ], [ -87.835712, 42.583299 ], [ -87.845515, 42.578233 ], [ -87.852003, 42.574921 ], [ -87.855265, 42.573178 ], [ -87.855281, 42.573513 ], [ -87.855405, 42.581027 ], [ -87.855618, 42.58195 ], [ -87.855659, 42.584227 ], [ -87.855731, 42.588335 ] ] ] } },
{ "type": "Feature", "properties": { "geoid": "55063000300", "county_name": "La Crosse County", "place_name": "Oshkosh", "state_name": "Wisconsin", "state_abbr": "WI", "is_rural": false, "ui_invest_score": 2.0, "ui_invest_quintile": 2, "dci_score": 41.1, "dci_quintile": 5.0, "is_cra_lmi": false, "income_level": "NA", "is_persistent_poverty": false, "is_tribal_overlap": false, "tribal_area_name": null, "aian_pct": 0.0034, "has_nmtc": true, "nmtc_projects": 3, "nmtc_total_usd": 50280000.0 }, "geometry": { "type": "Polygon", "coordinates": [ [ [ -91.299888336677796, 43.8578324734886 ], [ -91.272573, 43.860216 ], [ -91.270667, 43.854547 ], [ -91.269574, 43.849861 ], [ -91.266782, 43.847533 ], [ -91.264787, 43.844422 ], [ -91.265266, 43.841162 ], [ -91.267172, 43.838189 ], [ -91.266196, 43.835071 ], [ -91.267016, 43.833904 ], [ -91.26564, 43.830165 ], [ -91.264617, 43.828974 ], [ -91.263389, 43.829912 ], [ -91.264927, 43.83061 ], [ -91.262918, 43.830345 ], [ -91.264752, 43.831142 ], [ -91.265751, 43.832503 ], [ -91.265121, 43.833436 ], [ -91.264327, 43.831197 ], [ -91.262918, 43.830834 ], [ -91.262456, 43.83012 ], [ -91.259494, 43.827935 ], [ -91.258978, 43.828472 ], [ -91.259741, 43.831408 ], [ -91.260387, 43.832631 ], [ -91.260409, 43.832767 ], [ -91.259397, 43.832575 ], [ -91.258505, 43.832407 ], [ -91.257734, 43.823972 ], [ -91.257727, 43.818766 ], [ -91.257841, 43.818235 ], [ -91.253206, 43.819512 ], [ -91.251327, 43.819153 ], [ -91.249039, 43.819988 ], [ -91.249041, 43.817262 ], [ -91.246794, 43.817261 ], [ -91.246702, 43.808765 ], [ -91.247319, 43.808719 ], [ -91.247369, 43.801483 ], [ -91.253505, 43.801511 ], [ -91.254935, 43.801411 ], [ -91.255925, 43.804002 ], [ -91.257749, 43.805715 ], [ -91.257966, 43.808929 ], [ -91.259708, 43.809245 ], [ -91.260596, 43.804061 ], [ -91.263918582818604, 43.798244589556397 ], [ -91.264436, 43.800366 ], [ -91.267436, 43.804166 ], [ -91.272037, 43.813766 ], [ -91.273037, 43.818566 ], [ -91.275737, 43.824866 ], [ -91.276442140831307, 43.8295027151187 ], [ -91.277695, 43.837741 ], [ -91.281968, 43.842738 ], [ -91.284138, 43.847065 ], [ -91.291002, 43.852733 ], [ -91.296739, 43.855165 ], [ -91.298815, 43.856555 ], [ -91.299888336677796, 43.8578324734886 ] ] ] } },
{ "type": "Feature", "properties": { "geoid": "55063000200", "county_name": "La Crosse County", "place_name": null, "state_name": "Wisconsin", "state_abbr": "WI", "is_rural": false, "ui_invest_score": 1.0, "ui_invest_quintile": 1, "dci_score": 53.4, "dci_quintile": 5.0, "is_cra_lmi": true, "income_level": "M", "is_persistent_poverty": false, "is_tribal_overlap": false, "tribal_area_name": null, "aian_pct": 0.0041, "has_nmtc": true, "nmtc_projects": 1, "nmtc_total_usd": 0.0 }, "geometry": { "type": "Polygon", "coordinates": [ [ [ -91.258505, 43.832407 ], [ -91.255002, 43.834582 ], [ -91.253219, 43.836269 ], [ -91.251928, 43.839009 ], [ -91.251875, 43.841225 ], [ -91.252827, 43.844836 ], [ -91.25304, 43.846471 ], [ -91.249575, 43.846639 ], [ -91.248156, 43.846413 ], [ -91.248122, 43.844744 ], [ -91.239692, 43.844742 ], [ -91.239601, 43.841379 ], [ -91.234182, 43.846364 ], [ -91.231904, 43.845561 ], [ -91.229899, 43.845086 ], [ -91.229547, 43.845092 ], [ -91.213731, 43.855534 ], [ -91.21444, 43.853517 ], [ -91.213288, 43.852781 ], [ -91.213, 43.851233 ], [ -91.216617, 43.847929 ], [ -91.215619, 43.846667 ], [ -91.215208, 43.84352 ], [ -91.217336, 43.837916 ], [ -91.216954, 43.837038 ], [ -91.222138, 43.836514 ], [ -91.22328, 43.835862 ], [ -91.223442, 43.835804 ], [ -91.22664, 43.832939 ], [ -91.226637, 43.830097 ], [ -91.229417, 43.829998 ], [ -91.230815, 43.830997 ], [ -91.237262, 43.830022 ], [ -91.239832, 43.828446 ], [ -91.242746, 43.828246 ], [ -91.242771, 43.826589 ], [ -91.245337, 43.824483 ], [ -91.244278, 43.823673 ], [ -91.2451, 43.821809 ], [ -91.249039, 43.819988 ], [ -91.251327, 43.819153 ], [ -91.253206, 43.819512 ], [ -91.257841, 43.818235 ], [ -91.257727, 43.818766 ], [ -91.257734, 43.823972 ], [ -91.258505, 43.832407 ] ] ] } },
{ "type": "Feature", "properties": { "geoid": "55009000100", "county_name": "Brown County", "place_name": null, "state_name": "Wisconsin", "state_abbr": "WI", "is_rural": false, "ui_invest_score": 3.0, "ui_invest_quintile": 3, "dci_score": 59.2, "dci_quintile": 4.0, "is_cra_lmi": true, "income_level": "M", "is_persistent_poverty": false, "is_tribal_overlap": false, "tribal_area_name": null, "aian_pct": 0.0078, "has_nmtc": true, "nmtc_projects": 1, "nmtc_total_usd": 0.0 }, "geometry": { "type": "Polygon", "coordinates": [ [ [ -88.043235, 44.554266 ], [ -88.039942, 44.558916 ], [ -88.039571968121805, 44.559314587328899 ], [ -88.033004, 44.558885 ], [ -88.030698781919895, 44.557256306062797 ], [ -88.01918, 44.549118 ], [ -88.019394, 44.547654 ], [ -88.012068874493394, 44.544654008945002 ], [ -88.011937, 44.5446 ], [ -88.011469418070504, 44.544182861994301 ], [ -88.008702, 44.541714 ], [ -88.004633232831594, 44.539733793111502 ], [ -88.007499, 44.534164 ], [ -88.007769, 44.533376 ], [ -88.011303, 44.521692 ], [ -88.012413, 44.520292 ], [ -88.015704, 44.518313 ], [ -88.018179, 44.518711 ], [ -88.019893, 44.519309 ], [ -88.023476, 44.520553 ], [ -88.02686, 44.521727 ], [ -88.023563, 44.52655 ], [ -88.024536, 44.527088 ], [ -88.026077, 44.530706 ], [ -88.028463, 44.533442 ], [ -88.031768, 44.536002 ], [ -88.033096, 44.537049 ], [ -88.039591, 44.542736 ], [ -88.047495, 44.548052 ], [ -88.043235, 44.554266 ] ] ] } },
{ "type": "Feature", "properties": { "geoid": "55009001702", "county_name": "Brown County", "place_name": null, "state_name": "Wisconsin", "state_abbr": "WI", "is_rural": false, "ui_invest_score": 1.0, "ui_invest_quintile": 1, "dci_score": 64.4, "dci_quintile": 4.0, "is_cra_lmi": true, "income_level": "M", "is_persistent_poverty": false, "is_tribal_overlap": false, "tribal_area_name": null, "aian_pct": 0.0, "has_nmtc": true, "nmtc_projects": 1, "nmtc_total_usd": 34199000.0 }, "geometry": { "type": "Polygon", "coordinates": [ [ [ -87.983594, 44.507831 ], [ -87.982809, 44.512139 ], [ -87.977858, 44.51238 ], [ -87.967741, 44.512884 ], [ -87.963547, 44.51323 ], [ -87.960365, 44.514613 ], [ -87.957526, 44.516872 ], [ -87.955545, 44.519053 ], [ -87.953302, 44.518626 ], [ -87.950404, 44.517566 ], [ -87.947751, 44.516019 ], [ -87.942243, 44.51123 ], [ -87.938337, 44.507518 ], [ -87.937334, 44.505839 ], [ -87.936675, 44.501553 ], [ -87.936758, 44.501081 ], [ -87.937768, 44.501475 ], [ -87.938605, 44.502365 ], [ -87.938401, 44.502793 ], [ -87.942301, 44.504193 ], [ -87.947501, 44.506993 ], [ -87.954301, 44.506992 ], [ -87.957999, 44.508448 ], [ -87.965002, 44.508492 ], [ -87.967828, 44.507271 ], [ -87.974966, 44.508133 ], [ -87.976401, 44.506909 ], [ -87.980072, 44.506115 ], [ -87.982154, 44.507155 ], [ -87.982726, 44.505918 ], [ -87.985653, 44.505105 ], [ -87.983594, 44.507831 ] ] ] } },
{ "type": "Feature", "properties": { "geoid": "55035001200", "county_name": "Eau Claire County", "place_name": null, "state_name": "Wisconsin", "state_abbr": "WI", "is_rural": false, "ui_invest_score": 2.0, "ui_invest_quintile": 2, "dci_score": 27.9, "dci_quintile": 5.0, "is_cra_lmi": false, "income_level": "U", "is_persistent_poverty": false, "is_tribal_overlap": false, "tribal_area_name": null, "aian_pct": 0.0, "has_nmtc": true, "nmtc_projects": 1, "nmtc_total_usd": 0.0 }, "geometry": { "type": "Polygon", "coordinates": [ [ [ -91.538652, 44.814263 ], [ -91.529017, 44.814281 ], [ -91.525864, 44.812974 ], [ -91.523998, 44.813634 ], [ -91.51826, 44.816243 ], [ -91.518244, 44.818138 ], [ -91.515613, 44.818198 ], [ -91.515451, 44.816291 ], [ -91.513548, 44.816354 ], [ -91.5103, 44.815571 ], [ -91.506866, 44.815782 ], [ -91.505645, 44.81292 ], [ -91.506266, 44.812352 ], [ -91.505303, 44.811367 ], [ -91.506472, 44.810115 ], [ -91.504393, 44.806972 ], [ -91.501101, 44.806011 ], [ -91.501084, 44.807066 ], [ -91.49958, 44.807666 ], [ -91.49852, 44.805069 ], [ -91.498229, 44.80268 ], [ -91.498729, 44.801542 ], [ -91.501361, 44.799701 ], [ -91.503882, 44.799722 ], [ -91.506892, 44.800879 ], [ -91.509945, 44.800757 ], [ -91.526899, 44.797222 ], [ -91.529997, 44.799794 ], [ -91.532753, 44.802753 ], [ -91.538648, 44.812948 ], [ -91.539458, 44.814256 ], [ -91.538652, 44.814263 ] ] ] } },
{ "type": "Feature", "properties": { "geoid": "55035001101", "county_name": "Eau Claire County", "place_name": null, "state_name": "Wisconsin", "state_abbr": "WI", "is_rural": false, "ui_invest_score": 2.0, "ui_invest_quintile": 2, "dci_score": 22.5, "dci_quintile": 5.0, "is_cra_lmi": false, "income_level": "Middle", "is_persistent_poverty": false, "is_tribal_overlap": false, "tribal_area_name": null, "aian_pct": 0.0054, "has_nmtc": true, "nmtc_projects": 3, "nmtc_total_usd": 3650000.0 }, "geometry": { "type": "Polygon", "coordinates": [ [ [ -91.506866, 44.815782 ], [ -91.500424, 44.816602 ], [ -91.499146, 44.817111 ], [ -91.499092, 44.814683 ], [ -91.498686, 44.813762 ], [ -91.498176, 44.812824 ], [ -91.497298, 44.81188 ], [ -91.496252, 44.81237 ], [ -91.489598, 44.805498 ], [ -91.494659, 44.803187 ], [ -91.494723, 44.802278 ], [ -91.494839, 44.800894 ], [ -91.498729, 44.801542 ], [ -91.498229, 44.80268 ], [ -91.49852, 44.805069 ], [ -91.49958, 44.807666 ], [ -91.501084, 44.807066 ], [ -91.501101, 44.806011 ], [ -91.504393, 44.806972 ], [ -91.506472, 44.810115 ], [ -91.505303, 44.811367 ], [ -91.506266, 44.812352 ], [ -91.505645, 44.81292 ], [ -91.506866, 44.815782 ] ] ] } },
{ "type": "Feature", "properties": { "geoid": "55101000500", "county_name": "Racine County", "place_name": null, "state_name": "Wisconsin", "state_abbr": "WI", "is_rural": false, "ui_invest_score": 3.0, "ui_invest_quintile": 3, "dci_score": 85.8, "dci_quintile": 2.0, "is_cra_lmi": true, "income_level": "L", "is_persistent_poverty": false, "is_tribal_overlap": false, "tribal_area_name": null, "aian_pct": 0.0037, "has_nmtc": false, "nmtc_projects": 0, "nmtc_total_usd": 0.0 }, "geometry": { "type": "Polygon", "coordinates": [ [ [ -87.808779, 42.720513 ], [ -87.80858, 42.721707 ], [ -87.805684, 42.725986 ], [ -87.805135, 42.725985 ], [ -87.805694, 42.726972 ], [ -87.804979, 42.730669 ], [ -87.803672, 42.731604 ], [ -87.80414, 42.732004 ], [ -87.802034, 42.733033 ], [ -87.803492, 42.73422 ], [ -87.803133, 42.735487 ], [ -87.798576, 42.735484 ], [ -87.798577, 42.733229 ], [ -87.798373, 42.731561 ], [ -87.796859, 42.72598 ], [ -87.796378, 42.723964 ], [ -87.796378, 42.723757 ], [ -87.795405, 42.718467 ], [ -87.795455, 42.716973 ], [ -87.796474, 42.711119 ], [ -87.799772, 42.710454 ], [ -87.799778, 42.711022 ], [ -87.806349, 42.71074 ], [ -87.805631, 42.712432 ], [ -87.804864, 42.714235 ], [ -87.802242, 42.714441 ], [ -87.803434, 42.717282 ], [ -87.802876, 42.718572 ], [ -87.805378, 42.718747 ], [ -87.811577, 42.718725 ], [ -87.808779, 42.720513 ] ] ] } },
{ "type": "Feature", "properties": { "geoid": "55011960200", "county_name": "Buffalo County", "place_name": null, "state_name": "Wisconsin", "state_abbr": "WI", "is_rural": true, "ui_invest_score": 3.0, "ui_invest_quintile": 3, "dci_score": 49.2, "dci_quintile": 5.0, "is_cra_lmi": true, "income_level": "M", "is_persistent_poverty": false, "is_tribal_overlap": false, "tribal_area_name": null, "aian_pct": 0.0, "has_nmtc": false, "nmtc_projects": 0, "nmtc_total_usd": 0.0 }, "geometry": { "type": "Polygon", "coordinates": [ [ [ -91.705682, 44.596788 ], [ -91.667762, 44.596656 ], [ -91.650248, 44.596649 ], [ -91.631286, 44.596612 ], [ -91.633806, 44.594447 ], [ -91.636376, 44.590709 ], [ -91.636641, 44.589332 ], [ -91.629501, 44.589181 ], [ -91.619508, 44.585848 ], [ -91.61447, 44.58563 ], [ -91.609711, 44.582383 ], [ -91.60484, 44.581246 ], [ -91.604745, 44.572375 ], [ -91.615074, 44.570476 ], [ -91.615702, 44.566973 ], [ -91.614984, 44.563014 ], [ -91.614992, 44.553476 ], [ -91.650437, 44.553254 ], [ -91.670175, 44.553347 ], [ -91.670568, 44.553931 ], [ -91.670572, 44.556077 ], [ -91.670573, 44.557012 ], [ -91.67059, 44.561618 ], [ -91.674704, 44.561809 ], [ -91.675443, 44.560408 ], [ -91.677439, 44.561459 ], [ -91.67816, 44.55939 ], [ -91.680899, 44.558452 ], [ -91.683006, 44.559623 ], [ -91.68294, 44.557605 ], [ -91.684744, 44.558268 ], [ -91.685422, 44.557054 ], [ -91.68532, 44.556588 ], [ -91.685448, 44.556159 ], [ -91.686237, 44.555577 ], [ -91.687748, 44.555246 ], [ -91.6877, 44.555825 ], [ -91.688018, 44.556 ], [ -91.687633, 44.556314 ], [ -91.687519, 44.556779 ], [ -91.688101, 44.557069 ], [ -91.68869, 44.558166 ], [ -91.688747, 44.559809 ], [ -91.686767, 44.560152 ], [ -91.685484, 44.561905 ], [ -91.68569, 44.562679 ], [ -91.687641, 44.563321 ], [ -91.688874, 44.565443 ], [ -91.690259, 44.565328 ], [ -91.69093, 44.566449 ], [ -91.690937, 44.567852 ], [ -91.686513, 44.567857 ], [ -91.685954, 44.568115 ], [ -91.686573, 44.568461 ], [ -91.687202, 44.568857 ], [ -91.690896, 44.571776 ], [ -91.691357, 44.572141 ], [ -91.695088, 44.575007 ], [ -91.697003, 44.57571 ], [ -91.706212, 44.577324 ], [ -91.705682, 44.596788 ] ] ] } },
{ "type": "Feature", "properties": { "geoid": "55115100400", "county_name": "Shawano County", "place_name": null, "state_name": "Wisconsin", "state_abbr": "WI", "is_rural": true, "ui_invest_score": 3.0, "ui_invest_quintile": 3, "dci_score": 58.4, "dci_quintile": 4.0, "is_cra_lmi": true, "income_level": "M", "is_persistent_poverty": false, "is_tribal_overlap": false, "tribal_area_name": null, "aian_pct": 0.0872, "has_nmtc": false, "nmtc_projects": 0, "nmtc_total_usd": 0.0 }, "geometry": { "type": "Polygon", "coordinates": [ [ [ -88.621688, 44.791156 ], [ -88.60966, 44.791044 ], [ -88.609708, 44.792825 ], [ -88.60971, 44.792888 ], [ -88.588751, 44.793186 ], [ -88.588781, 44.796885 ], [ -88.579699, 44.796769 ], [ -88.568812, 44.796323 ], [ -88.568741, 44.791432 ], [ -88.561845, 44.793829 ], [ -88.559944, 44.793866 ], [ -88.552904, 44.792003 ], [ -88.548146, 44.790205 ], [ -88.543861, 44.786995 ], [ -88.542926, 44.784671 ], [ -88.538009, 44.784193 ], [ -88.537869, 44.782232 ], [ -88.54008, 44.781754 ], [ -88.550606, 44.781775 ], [ -88.553303, 44.781739 ], [ -88.561146, 44.781887 ], [ -88.575138, 44.781628 ], [ -88.588453, 44.782151 ], [ -88.604348, 44.782069 ], [ -88.609367, 44.782034 ], [ -88.609087, 44.773661 ], [ -88.608786, 44.763359 ], [ -88.608742, 44.761653 ], [ -88.608772, 44.760978 ], [ -88.608893, 44.760478 ], [ -88.610333, 44.758257 ], [ -88.613729, 44.760081 ], [ -88.612142, 44.761734 ], [ -88.611518, 44.762244 ], [ -88.610519, 44.763359 ], [ -88.610044, 44.764936 ], [ -88.610625, 44.765721 ], [ -88.615029, 44.766529 ], [ -88.618278, 44.767457 ], [ -88.620861, 44.769438 ], [ -88.621331, 44.770992 ], [ -88.62025, 44.773981 ], [ -88.620162, 44.775636 ], [ -88.618708, 44.778936 ], [ -88.618337, 44.780591 ], [ -88.618709, 44.781864 ], [ -88.621143, 44.785637 ], [ -88.620865, 44.787233 ], [ -88.621688, 44.791156 ] ] ] } },
{ "type": "Feature", "properties": { "geoid": "55039040300", "county_name": "Fond du Lac County", "place_name": null, "state_name": "Wisconsin", "state_abbr": "WI", "is_rural": true, "ui_invest_score": 3.0, "ui_invest_quintile": 3, "dci_score": 52.7, "dci_quintile": 5.0, "is_cra_lmi": true, "income_level": "M", "is_persistent_poverty": false, "is_tribal_overlap": false, "tribal_area_name": null, "aian_pct": 0.0, "has_nmtc": false, "nmtc_projects": 0, "nmtc_total_usd": 0.0 }, "geometry": { "type": "Polygon", "coordinates": [ [ [ -88.484694, 43.795362 ], [ -88.483138, 43.795335 ], [ -88.476938, 43.79522 ], [ -88.476975, 43.79642 ], [ -88.47411, 43.796943 ], [ -88.473237, 43.796019 ], [ -88.470656, 43.797249 ], [ -88.470752, 43.801308 ], [ -88.46704, 43.798729 ], [ -88.461982, 43.794583 ], [ -88.457195, 43.791672 ], [ -88.456384, 43.790934 ], [ -88.457747, 43.79085 ], [ -88.459145, 43.788766 ], [ -88.458912, 43.784252 ], [ -88.459397, 43.781513 ], [ -88.457351, 43.780525 ], [ -88.456172, 43.778736 ], [ -88.466922, 43.778461 ], [ -88.471253, 43.778328 ], [ -88.474442, 43.778281 ], [ -88.475483, 43.778538 ], [ -88.47553, 43.777099 ], [ -88.482007, 43.777106 ], [ -88.482233, 43.777104 ], [ -88.482252, 43.777692 ], [ -88.482346, 43.782044 ], [ -88.482395, 43.784391 ], [ -88.483114, 43.79161 ], [ -88.484211, 43.794574 ], [ -88.484694, 43.795362 ] ] ] } },
{ "type": "Feature", "properties": { "geoid": "55039040900", "county_name": "Fond du Lac County", "place_name": null, "state_name": "Wisconsin", "state_abbr": "WI", "is_rural": true, "ui_invest_score": 3.0, "ui_invest_quintile": 3, "dci_score": 66.2, "dci_quintile": 4.0, "is_cra_lmi": false, "income_level": "Middle", "is_persistent_poverty": false, "is_tribal_overlap": false, "tribal_area_name": null, "aian_pct": 0.0, "has_nmtc": false, "nmtc_projects": 0, "nmtc_total_usd": 0.0 }, "geometry": { "type": "Polygon", "coordinates": [ [ [ -88.438968, 43.775152 ], [ -88.438988, 43.778798 ], [ -88.429362, 43.778662 ], [ -88.42196, 43.778553 ], [ -88.421566, 43.771474 ], [ -88.418093, 43.763874 ], [ -88.416834, 43.763389 ], [ -88.415649, 43.762146 ], [ -88.417398, 43.76217 ], [ -88.421211, 43.762223 ], [ -88.422932, 43.762288 ], [ -88.430853, 43.769118 ], [ -88.431479, 43.769642 ], [ -88.434742, 43.77282 ], [ -88.438995, 43.773251 ], [ -88.438968, 43.775152 ] ] ] } },
{ "type": "Feature", "properties": { "geoid": "55025002100", "county_name": "Dane County", "place_name": null, "state_name": "Wisconsin", "state_abbr": "WI", "is_rural": false, "ui_invest_score": 1.0, "ui_invest_quintile": 1, "dci_score": 43.7, "dci_quintile": 5.0, "is_cra_lmi": false, "income_level": "Middle", "is_persistent_poverty": false, "is_tribal_overlap": false, "tribal_area_name": null, "aian_pct": 0.0012, "has_nmtc": true, "nmtc_projects": 3, "nmtc_total_usd": 18624455.0 }, "geometry": { "type": "Polygon", "coordinates": [ [ [ -89.364064, 43.100069 ], [ -89.364008, 43.102926 ], [ -89.363899, 43.106802 ], [ -89.363844, 43.109805 ], [ -89.363827, 43.110149 ], [ -89.363788, 43.114241 ], [ -89.356422, 43.114182 ], [ -89.354368, 43.113354 ], [ -89.350639, 43.11113 ], [ -89.344022, 43.110709 ], [ -89.342406, 43.110247 ], [ -89.338727, 43.107416 ], [ -89.339526, 43.106786 ], [ -89.340803, 43.105437 ], [ -89.341829, 43.104479 ], [ -89.347128, 43.101949 ], [ -89.348603, 43.100378 ], [ -89.349054, 43.099809 ], [ -89.351007, 43.098339 ], [ -89.351846, 43.097703 ], [ -89.352478, 43.097233 ], [ -89.361889, 43.090287 ], [ -89.363585, 43.091282 ], [ -89.363432, 43.095943 ], [ -89.363887, 43.09706 ], [ -89.364103, 43.097766 ], [ -89.364064, 43.100069 ] ] ] } },
{ "type": "Feature", "properties": { "geoid": "55025003200", "county_name": "Dane County", "place_name": null, "state_name": "Wisconsin", "state_abbr": "WI", "is_rural": false, "ui_invest_score": 1.0, "ui_invest_quintile": 1, "dci_score": 25.5, "dci_quintile": 5.0, "is_cra_lmi": true, "income_level": "M", "is_persistent_poverty": false, "is_tribal_overlap": false, "tribal_area_name": null, "aian_pct": 0.0105, "has_nmtc": false, "nmtc_projects": 0, "nmtc_total_usd": 0.0 }, "geometry": { "type": "Polygon", "coordinates": [ [ [ -89.446018, 43.085923 ], [ -89.445976, 43.08719 ], [ -89.44099, 43.088852 ], [ -89.437113, 43.090737 ], [ -89.430699, 43.092692 ], [ -89.426654, 43.088729 ], [ -89.424522, 43.087524 ], [ -89.421422, 43.087252 ], [ -89.418487, 43.087773 ], [ -89.415233, 43.089928 ], [ -89.416056, 43.088377 ], [ -89.421035, 43.086043 ], [ -89.42484, 43.08547 ], [ -89.42796, 43.083546 ], [ -89.428118, 43.082679 ], [ -89.426918, 43.083526 ], [ -89.426353, 43.081378 ], [ -89.422735, 43.078446 ], [ -89.42097, 43.078222 ], [ -89.421529, 43.0765 ], [ -89.425072, 43.07625 ], [ -89.425115, 43.07351 ], [ -89.428761, 43.073267 ], [ -89.431145, 43.073322 ], [ -89.433753, 43.073836 ], [ -89.43375, 43.073991 ], [ -89.43375, 43.074478 ], [ -89.434233, 43.075913 ], [ -89.435381, 43.077028 ], [ -89.435742, 43.077514 ], [ -89.436556, 43.078933 ], [ -89.436931, 43.082297 ], [ -89.44612, 43.082549 ], [ -89.446018, 43.085923 ] ] ] } },
{ "type": "Feature", "properties": { "geoid": "55003950400", "county_name": "Ashland County", "place_name": "Somers", "state_name": "Wisconsin", "state_abbr": "WI", "is_rural": true, "ui_invest_score": 3.0, "ui_invest_quintile": 3, "dci_score": 61.5, "dci_quintile": 4.0, "is_cra_lmi": true, "income_level": "Middle", "is_persistent_poverty": false, "is_tribal_overlap": false, "tribal_area_name": null, "aian_pct": 0.0318, "has_nmtc": true, "nmtc_projects": 1, "nmtc_total_usd": 0.0 }, "geometry": { "type": "Polygon", "coordinates": [ [ [ -90.9270553975865, 46.5851700117462 ], [ -90.920364, 46.583069 ], [ -90.909882, 46.582432 ], [ -90.907168037577193, 46.583119621105702 ], [ -90.9061304694021, 46.583382503808103 ], [ -90.905572, 46.583524 ], [ -90.904022429406197, 46.584181014992097 ], [ -90.901727591460201, 46.5851540219277 ], [ -90.901355, 46.585312 ], [ -90.903038, 46.587124 ], [ -90.900626, 46.588588 ], [ -90.899684937180197, 46.5878487362138 ], [ -90.898770966994206, 46.587130755388202 ], [ -90.898271, 46.586738 ], [ -90.895524, 46.587817 ], [ -90.895415117910602, 46.587913851760597 ], [ -90.8951, 46.58752 ], [ -90.89142, 46.58913 ], [ -90.88748, 46.58486 ], [ -90.8912, 46.58324 ], [ -90.88883, 46.58068 ], [ -90.89256, 46.57904 ], [ -90.89103, 46.57736 ], [ -90.88867, 46.5748 ], [ -90.88559, 46.57127 ], [ -90.88575, 46.559665 ], [ -90.911666, 46.559825 ], [ -90.91687, 46.559909 ], [ -90.9273, 46.56028 ], [ -90.9270553975865, 46.5851700117462 ] ] ] } },
{ "type": "Feature", "properties": { "geoid": "55025011505", "county_name": "Dane County", "place_name": null, "state_name": "Wisconsin", "state_abbr": "WI", "is_rural": false, "ui_invest_score": 3.0, "ui_invest_quintile": 3, "dci_score": 3.8, "dci_quintile": 5.0, "is_cra_lmi": false, "income_level": "Middle", "is_persistent_poverty": false, "is_tribal_overlap": false, "tribal_area_name": null, "aian_pct": 0.0, "has_nmtc": false, "nmtc_projects": 0, "nmtc_total_usd": 0.0 }, "geometry": { "type": "Polygon", "coordinates": [ [ [ -89.249361, 43.175968 ], [ -89.239598, 43.182628 ], [ -89.233151, 43.187434 ], [ -89.229726, 43.189801 ], [ -89.225947, 43.191948 ], [ -89.210855, 43.197238 ], [ -89.211304, 43.191639 ], [ -89.211998, 43.189602 ], [ -89.212644, 43.187795 ], [ -89.213007, 43.186692 ], [ -89.213624, 43.183302 ], [ -89.221332, 43.1832 ], [ -89.226553, 43.181856 ], [ -89.241688, 43.177775 ], [ -89.248186, 43.175914 ], [ -89.249361, 43.175968 ] ] ] } },
{ "type": "Feature", "properties": { "geoid": "55021970500", "county_name": "Columbia County", "place_name": null, "state_name": "Wisconsin", "state_abbr": "WI", "is_rural": true, "ui_invest_score": 1.0, "ui_invest_quintile": 1, "dci_score": 67.0, "dci_quintile": 4.0, "is_cra_lmi": true, "income_level": "M", "is_persistent_poverty": false, "is_tribal_overlap": false, "tribal_area_name": null, "aian_pct": 0.0018, "has_nmtc": false, "nmtc_projects": 0, "nmtc_total_usd": 0.0 }, "geometry": { "type": "Polygon", "coordinates": [ [ [ -89.469637, 43.584442 ], [ -89.454641, 43.584302 ], [ -89.454439, 43.584301 ], [ -89.454391, 43.584301 ], [ -89.452209, 43.584589 ], [ -89.452192, 43.587206 ], [ -89.451275, 43.587826 ], [ -89.447345, 43.588017 ], [ -89.444894, 43.590264 ], [ -89.444687, 43.591548 ], [ -89.427298, 43.591543 ], [ -89.428334, 43.586651 ], [ -89.429784, 43.585683 ], [ -89.432085, 43.5851 ], [ -89.433677, 43.583074 ], [ -89.434535, 43.579852 ], [ -89.435863, 43.579226 ], [ -89.435214, 43.576804 ], [ -89.435865, 43.575448 ], [ -89.440355, 43.574545 ], [ -89.442025, 43.57359 ], [ -89.441782, 43.572574 ], [ -89.444683, 43.569655 ], [ -89.443288, 43.570075 ], [ -89.440913, 43.567241 ], [ -89.44012, 43.564736 ], [ -89.438954, 43.564168 ], [ -89.435759, 43.563833 ], [ -89.435083, 43.562648 ], [ -89.434711, 43.561858 ], [ -89.434894, 43.560889 ], [ -89.432198, 43.558842 ], [ -89.434599, 43.557888 ], [ -89.435193, 43.555737 ], [ -89.434903, 43.555437 ], [ -89.434714, 43.554231 ], [ -89.437063, 43.551439 ], [ -89.442496, 43.542739 ], [ -89.436225, 43.537574 ], [ -89.434481, 43.534602 ], [ -89.433438, 43.531905 ], [ -89.431253, 43.529314 ], [ -89.421429, 43.518183 ], [ -89.42001, 43.515887 ], [ -89.426461, 43.521947 ], [ -89.432985, 43.526796 ], [ -89.434491, 43.527791 ], [ -89.442966, 43.533289 ], [ -89.458445, 43.538509 ], [ -89.458582, 43.538732 ], [ -89.461439, 43.542109 ], [ -89.464894, 43.546223 ], [ -89.465157, 43.547193 ], [ -89.467657, 43.552561 ], [ -89.468868, 43.558198 ], [ -89.469513, 43.560308 ], [ -89.469515, 43.573473 ], [ -89.469637, 43.584442 ] ] ] } },
{ "type": "Feature", "properties": { "geoid": "55125940000", "county_name": "Vilas County", "place_name": null, "state_name": "Wisconsin", "state_abbr": "WI", "is_rural": true, "ui_invest_score": 3.0, "ui_invest_quintile": 3, "dci_score": 72.5, "dci_quintile": 3.0, "is_cra_lmi": true, "income_level": "M", "is_persistent_poverty": false, "is_tribal_overlap": true, "tribal_area_name": "Lac du Flambeau Reservation", "aian_pct": 0.5229, "has_nmtc": true, "nmtc_projects": 1, "nmtc_total_usd": 0.0 }, "geometry": { "type": "Polygon", "coordinates": [ [ [ -90.043958, 45.981948 ], [ -90.011964, 45.981947 ], [ -90.000133, 45.981942 ], [ -89.996358, 45.982342 ], [ -89.982749, 45.982265 ], [ -89.934686, 45.982059 ], [ -89.928837, 45.981967 ], [ -89.928784, 45.984885 ], [ -89.92813, 46.054051 ], [ -89.928373, 46.054825 ], [ -89.928549, 46.069317 ], [ -89.839697, 46.069579 ], [ -89.821951, 46.06963 ], [ -89.821946, 46.069765 ], [ -89.814759, 46.06975 ], [ -89.814013, 46.069781 ], [ -89.804377, 46.069609 ], [ -89.777782, 46.069695 ], [ -89.762163, 46.069535 ], [ -89.762155, 46.061895 ], [ -89.761853, 46.043052 ], [ -89.761929, 45.982352 ], [ -89.761757, 45.982257 ], [ -89.756546, 45.982069 ], [ -89.758079, 45.947196 ], [ -89.757935, 45.928251 ], [ -89.757489, 45.913746 ], [ -89.757352, 45.910424 ], [ -89.756801, 45.898487 ], [ -89.796198, 45.898292 ], [ -89.801677, 45.898281 ], [ -89.857895, 45.898215 ], [ -89.962134, 45.897692 ], [ -89.962766, 45.897606 ], [ -89.981459, 45.897365 ], [ -90.042857, 45.897263 ], [ -90.043958, 45.981948 ] ] ] } },
{ "type": "Feature", "properties": { "geoid": "55105001306", "county_name": "Rock County", "place_name": null, "state_name": "Wisconsin", "state_abbr": "WI", "is_rural": false, "ui_invest_score": 3.0, "ui_invest_quintile": 3, "dci_score": 28.4, "dci_quintile": 5.0, "is_cra_lmi": true, "income_level": "M", "is_persistent_poverty": false, "is_tribal_overlap": false, "tribal_area_name": null, "aian_pct": 0.0008, "has_nmtc": false, "nmtc_projects": 0, "nmtc_total_usd": 0.0 }, "geometry": { "type": "Polygon", "coordinates": [ [ [ -88.984755, 42.717014 ], [ -88.973933, 42.713843 ], [ -88.973721, 42.713946 ], [ -88.973718, 42.713719 ], [ -88.963952, 42.710618 ], [ -88.959016, 42.709145 ], [ -88.956364, 42.708047 ], [ -88.954591, 42.706377 ], [ -88.954049, 42.705183 ], [ -88.953886, 42.703322 ], [ -88.953868, 42.699698 ], [ -88.959491, 42.699794 ], [ -88.963003, 42.699855 ], [ -88.971385, 42.699997 ], [ -88.973491, 42.699926 ], [ -88.979203, 42.698254 ], [ -88.984106, 42.696708 ], [ -88.984167, 42.700284 ], [ -88.984266, 42.707107 ], [ -88.984407, 42.715209 ], [ -88.984755, 42.717014 ] ] ] } },
{ "type": "Feature", "properties": { "geoid": "55021970402", "county_name": "Columbia County", "place_name": null, "state_name": "Wisconsin", "state_abbr": "WI", "is_rural": true, "ui_invest_score": 3.0, "ui_invest_quintile": 3, "dci_score": 67.0, "dci_quintile": 4.0, "is_cra_lmi": true, "income_level": "M", "is_persistent_poverty": false, "is_tribal_overlap": false, "tribal_area_name": null, "aian_pct": 0.0041, "has_nmtc": false, "nmtc_projects": 0, "nmtc_total_usd": 0.0 }, "geometry": { "type": "Polygon", "coordinates": [ [ [ -89.495121, 43.555098 ], [ -89.493974, 43.554887 ], [ -89.484077, 43.55193 ], [ -89.478296, 43.548872 ], [ -89.474949, 43.547532 ], [ -89.47157, 43.547144 ], [ -89.465157, 43.547193 ], [ -89.464894, 43.546223 ], [ -89.461439, 43.542109 ], [ -89.458582, 43.538732 ], [ -89.458445, 43.538509 ], [ -89.442966, 43.533289 ], [ -89.434491, 43.527791 ], [ -89.432985, 43.526796 ], [ -89.426461, 43.521947 ], [ -89.42001, 43.515887 ], [ -89.417218, 43.510718 ], [ -89.41578, 43.504466 ], [ -89.417235, 43.504958 ], [ -89.419582, 43.503819 ], [ -89.421876, 43.504042 ], [ -89.420324, 43.503002 ], [ -89.421624, 43.501495 ], [ -89.419661, 43.501171 ], [ -89.421809, 43.500551 ], [ -89.424409, 43.501051 ], [ -89.426032, 43.502322 ], [ -89.430839, 43.501919 ], [ -89.431587, 43.49905 ], [ -89.432877, 43.495674 ], [ -89.435573, 43.491817 ], [ -89.437579, 43.489638 ], [ -89.438307, 43.492308 ], [ -89.440896, 43.492409 ], [ -89.43967, 43.492934 ], [ -89.43809, 43.496083 ], [ -89.438938, 43.496719 ], [ -89.437243, 43.498694 ], [ -89.440123, 43.495923 ], [ -89.440009, 43.498093 ], [ -89.441328, 43.497188 ], [ -89.440349, 43.499386 ], [ -89.437147, 43.50224 ], [ -89.440341, 43.504811 ], [ -89.442959, 43.504809 ], [ -89.44392, 43.50674 ], [ -89.441106, 43.509031 ], [ -89.440998, 43.51042 ], [ -89.447202, 43.511831 ], [ -89.449797, 43.514572 ], [ -89.450936, 43.514886 ], [ -89.4523, 43.51331 ], [ -89.458513, 43.512193 ], [ -89.463462, 43.514374 ], [ -89.461553, 43.514529 ], [ -89.462709, 43.515754 ], [ -89.464685, 43.515624 ], [ -89.466353, 43.516394 ], [ -89.465878, 43.517617 ], [ -89.467139, 43.518631 ], [ -89.474061, 43.519292 ], [ -89.474266, 43.521881 ], [ -89.478727, 43.523537 ], [ -89.483808, 43.52395 ], [ -89.483839, 43.525351 ], [ -89.483895, 43.525457 ], [ -89.484263, 43.525348 ], [ -89.485491, 43.525153 ], [ -89.487537, 43.525067 ], [ -89.489142, 43.525045 ], [ -89.489195, 43.525304 ], [ -89.492317, 43.539354 ], [ -89.493959, 43.546819 ], [ -89.495047, 43.551767 ], [ -89.495244, 43.554246 ], [ -89.495121, 43.555098 ] ] ] } },
{ "type": "Feature", "properties": { "geoid": "55101001101", "county_name": "Racine County", "place_name": null, "state_name": "Wisconsin", "state_abbr": "WI", "is_rural": false, "ui_invest_score": 3.0, "ui_invest_quintile": 3, "dci_score": 49.9, "dci_quintile": 5.0, "is_cra_lmi": false, "income_level": "Middle", "is_persistent_poverty": false, "is_tribal_overlap": false, "tribal_area_name": null, "aian_pct": 0.0027, "has_nmtc": false, "nmtc_projects": 0, "nmtc_total_usd": 0.0 }, "geometry": { "type": "Polygon", "coordinates": [ [ [ -87.845839, 42.719488 ], [ -87.845205, 42.720948 ], [ -87.844099, 42.723496 ], [ -87.843641, 42.724554 ], [ -87.842983, 42.726068 ], [ -87.839453, 42.725965 ], [ -87.838785, 42.725928 ], [ -87.838694, 42.725925 ], [ -87.836116, 42.725868 ], [ -87.8299, 42.72589 ], [ -87.829889, 42.724911 ], [ -87.826165, 42.724929 ], [ -87.826176, 42.725903 ], [ -87.821208, 42.725937 ], [ -87.820273, 42.72528 ], [ -87.816446, 42.722582 ], [ -87.816219, 42.722581 ], [ -87.816204, 42.720241 ], [ -87.821156, 42.720217 ], [ -87.82611, 42.720193 ], [ -87.836023, 42.720131 ], [ -87.839383, 42.720231 ], [ -87.839365, 42.7187 ], [ -87.842137, 42.718782 ], [ -87.843807, 42.718832 ], [ -87.846099, 42.7189 ], [ -87.845839, 42.719488 ] ] ] } },
{ "type": "Feature", "properties": { "geoid": "55063000402", "county_name": "La Crosse County", "place_name": null, "state_name": "Wisconsin", "state_abbr": "WI", "is_rural": false, "ui_invest_score": 2.0, "ui_invest_quintile": 2, "dci_score": 41.1, "dci_quintile": 5.0, "is_cra_lmi": false, "income_level": "NA", "is_persistent_poverty": false, "is_tribal_overlap": false, "tribal_area_name": null, "aian_pct": 0.0049, "has_nmtc": false, "nmtc_projects": 0, "nmtc_total_usd": 0.0 }, "geometry": { "type": "Polygon", "coordinates": [ [ [ -91.249039, 43.819988 ], [ -91.2451, 43.821809 ], [ -91.244278, 43.823673 ], [ -91.245337, 43.824483 ], [ -91.242771, 43.826589 ], [ -91.242746, 43.828246 ], [ -91.239832, 43.828446 ], [ -91.239924, 43.82764 ], [ -91.239673, 43.821361 ], [ -91.238936, 43.817371 ], [ -91.238889, 43.812764 ], [ -91.238814, 43.811682 ], [ -91.239045, 43.80871 ], [ -91.243838, 43.808733 ], [ -91.243878, 43.812742 ], [ -91.243932, 43.81728 ], [ -91.246794, 43.817261 ], [ -91.249041, 43.817262 ], [ -91.249039, 43.819988 ] ] ] } },
{ "type": "Feature", "properties": { "geoid": "55025001405", "county_name": "Dane County", "place_name": null, "state_name": "Wisconsin", "state_abbr": "WI", "is_rural": false, "ui_invest_score": 3.0, "ui_invest_quintile": 3, "dci_score": 46.1, "dci_quintile": 5.0, "is_cra_lmi": true, "income_level": "M", "is_persistent_poverty": false, "is_tribal_overlap": false, "tribal_area_name": null, "aian_pct": 0.004, "has_nmtc": false, "nmtc_projects": 0, "nmtc_total_usd": 0.0 }, "geometry": { "type": "Polygon", "coordinates": [ [ [ -89.428541, 43.011043 ], [ -89.426572, 43.014179 ], [ -89.42478, 43.015353 ], [ -89.421785, 43.016879 ], [ -89.421613, 43.016994 ], [ -89.420967, 43.017477 ], [ -89.417547, 43.021167 ], [ -89.412697, 43.026478 ], [ -89.409108, 43.03141 ], [ -89.406743, 43.03463 ], [ -89.400116, 43.034614 ], [ -89.393851, 43.036077 ], [ -89.392018, 43.033929 ], [ -89.389711, 43.032857 ], [ -89.387033, 43.031545 ], [ -89.386417, 43.031128 ], [ -89.384778, 43.02949 ], [ -89.383003, 43.025794 ], [ -89.391235, 43.024714 ], [ -89.392647, 43.023706 ], [ -89.395148, 43.023606 ], [ -89.395418, 43.019553 ], [ -89.394755, 43.018631 ], [ -89.395613, 43.016735 ], [ -89.396436, 43.003107 ], [ -89.396754, 43.001714 ], [ -89.40636, 43.001915 ], [ -89.412914, 43.001714 ], [ -89.428014, 43.001198 ], [ -89.427724, 43.006751 ], [ -89.428062, 43.007911 ], [ -89.428632, 43.00973 ], [ -89.428541, 43.011043 ] ] ] } },
{ "type": "Feature", "properties": { "geoid": "55001950203", "county_name": "Adams County", "place_name": null, "state_name": "Wisconsin", "state_abbr": "WI", "is_rural": true, "ui_invest_score": 3.0, "ui_invest_quintile": 3, "dci_score": 68.4, "dci_quintile": 4.0, "is_cra_lmi": true, "income_level": "M", "is_persistent_poverty": false, "is_tribal_overlap": true, "tribal_area_name": "Ho-Chunk Nation Off-Reservation Trust Land", "aian_pct": 0.0, "has_nmtc": false, "nmtc_projects": 0, "nmtc_total_usd": 0.0 }, "geometry": { "type": "Polygon", "coordinates": [ [ [ -89.858155, 44.068309 ], [ -89.838042, 44.068276 ], [ -89.832853, 44.068327 ], [ -89.832995, 44.082894 ], [ -89.807973, 44.083079 ], [ -89.807721, 44.155355 ], [ -89.737357, 44.155674 ], [ -89.717332, 44.155827 ], [ -89.717124, 44.155972 ], [ -89.715779, 44.157385 ], [ -89.711986, 44.158634 ], [ -89.709431, 44.161348 ], [ -89.705222, 44.163953 ], [ -89.698441, 44.163996 ], [ -89.69844, 44.163486 ], [ -89.698381, 44.155784 ], [ -89.597699, 44.156073 ], [ -89.598028, 44.111983 ], [ -89.717606, 44.112062 ], [ -89.737637, 44.11189 ], [ -89.737861, 44.09748 ], [ -89.75786, 44.09745 ], [ -89.757967, 44.082984 ], [ -89.777784, 44.083016 ], [ -89.777998, 44.068589 ], [ -89.77789, 44.053998 ], [ -89.819709, 44.053588 ], [ -89.828444, 44.0525 ], [ -89.833154, 44.052622 ], [ -89.834314, 44.055555 ], [ -89.837845, 44.05484 ], [ -89.840288, 44.054003 ], [ -89.845166, 44.053839 ], [ -89.858045, 44.053804 ], [ -89.858155, 44.068309 ] ] ] } },
{ "type": "Feature", "properties": { "geoid": "55139002900", "county_name": "Winnebago County", "place_name": "Madison", "state_name": "Wisconsin", "state_abbr": "WI", "is_rural": false, "ui_invest_score": 3.0, "ui_invest_quintile": 3, "dci_score": 26.4, "dci_quintile": 5.0, "is_cra_lmi": true, "income_level": "M", "is_persistent_poverty": false, "is_tribal_overlap": false, "tribal_area_name": null, "aian_pct": 0.0284, "has_nmtc": false, "nmtc_projects": 0, "nmtc_total_usd": 0.0 }, "geometry": { "type": "Polygon", "coordinates": [ [ [ -88.470011, 44.209099 ], [ -88.461939, 44.209142 ], [ -88.453122, 44.209026 ], [ -88.453126, 44.208357 ], [ -88.449189, 44.208313 ], [ -88.449075, 44.2083 ], [ -88.446053, 44.208268 ], [ -88.443097, 44.208243 ], [ -88.440083, 44.208201 ], [ -88.440114, 44.204702 ], [ -88.440152, 44.20035 ], [ -88.440508, 44.199986 ], [ -88.444593, 44.201011 ], [ -88.446429, 44.200921 ], [ -88.450849, 44.199247 ], [ -88.453199, 44.198454 ], [ -88.458157, 44.200536 ], [ -88.460793, 44.202331 ], [ -88.461199, 44.203614 ], [ -88.465554, 44.204944 ], [ -88.469385, 44.20596 ], [ -88.469758, 44.208707 ], [ -88.470011, 44.209099 ] ] ] } },
{ "type": "Feature", "properties": { "geoid": "55099970500", "county_name": "Price County", "place_name": null, "state_name": "Wisconsin", "state_abbr": "WI", "is_rural": true, "ui_invest_score": 3.0, "ui_invest_quintile": 3, "dci_score": 67.4, "dci_quintile": 4.0, "is_cra_lmi": true, "income_level": "Middle", "is_persistent_poverty": false, "is_tribal_overlap": false, "tribal_area_name": null, "aian_pct": 0.0085, "has_nmtc": false, "nmtc_projects": 0, "nmtc_total_usd": 0.0 }, "geometry": { "type": "Polygon", "coordinates": [ [ [ -90.42973, 45.72943 ], [ -90.42949, 45.75099 ], [ -90.42679, 45.75843 ], [ -90.41497, 45.75883 ], [ -90.41415, 45.75872 ], [ -90.4056, 45.75552 ], [ -90.40215, 45.75125 ], [ -90.40196, 45.75061 ], [ -90.40463, 45.74337 ], [ -90.39903, 45.74251 ], [ -90.39748, 45.74382 ], [ -90.3939, 45.74506 ], [ -90.39191, 45.74666 ], [ -90.39053, 45.74561 ], [ -90.38776, 45.74533 ], [ -90.38577, 45.74684 ], [ -90.38343, 45.75108 ], [ -90.38446, 45.75319 ], [ -90.38234, 45.75538 ], [ -90.38183, 45.75812 ], [ -90.37942, 45.75925 ], [ -90.37914, 45.76217 ], [ -90.3782, 45.76502 ], [ -90.37647, 45.76655 ], [ -90.37362, 45.7662 ], [ -90.37015, 45.76631 ], [ -90.36635, 45.76854 ], [ -90.36413, 45.7687 ], [ -90.3638, 45.77129 ], [ -90.3622, 45.77148 ], [ -90.36169, 45.76828 ], [ -90.36048, 45.76796 ], [ -90.35779, 45.7693 ], [ -90.35532, 45.76894 ], [ -90.3547, 45.76751 ], [ -90.35662, 45.76116 ], [ -90.35828, 45.76033 ], [ -90.35893, 45.75857 ], [ -90.36074, 45.75676 ], [ -90.36101, 45.75175 ], [ -90.37004, 45.7442 ], [ -90.37072, 45.74191 ], [ -90.37369, 45.73893 ], [ -90.37491, 45.73844 ], [ -90.38079, 45.73804 ], [ -90.38155, 45.72368 ], [ -90.37925, 45.71055 ], [ -90.36856, 45.71437 ], [ -90.36095, 45.71746 ], [ -90.35336, 45.71964 ], [ -90.34138, 45.72192 ], [ -90.33986, 45.72429 ], [ -90.33741, 45.72539 ], [ -90.33373, 45.72826 ], [ -90.33006, 45.73168 ], [ -90.32019, 45.73695 ], [ -90.31681, 45.73722 ], [ -90.31363, 45.74036 ], [ -90.30679, 45.74422 ], [ -90.30352, 45.74546 ], [ -90.29498, 45.74724 ], [ -90.28762, 45.7477 ], [ -90.2842, 45.74877 ], [ -90.2763, 45.74847 ], [ -90.27102, 45.74916 ], [ -90.26671, 45.74939 ], [ -90.25824, 45.75035 ], [ -90.25453, 45.75047 ], [ -90.22847, 45.75318 ], [ -90.22404, 45.75502 ], [ -90.21557, 45.75578 ], [ -90.21166, 45.75805 ], [ -90.20852, 45.75704 ], [ -90.2073, 45.75696 ], [ -90.20377, 45.75795 ], [ -90.19989, 45.75812 ], [ -90.19648, 45.75738 ], [ -90.19122, 45.75812 ], [ -90.18325, 45.75812 ], [ -90.17909, 45.75862 ], [ -90.167285, 45.758843 ], [ -90.15953, 45.75879 ], [ -90.159472, 45.751408 ], [ -90.158627, 45.7475 ], [ -90.159453, 45.746154 ], [ -90.16328, 45.74422 ], [ -90.16437, 45.74302 ], [ -90.16376, 45.73714 ], [ -90.16377, 45.73349 ], [ -90.166724, 45.730085 ], [ -90.166995, 45.729794 ], [ -90.1679, 45.72828 ], [ -90.16753, 45.719071 ], [ -90.16706, 45.71662 ], [ -90.1545, 45.70804 ], [ -90.15138, 45.70617 ], [ -90.14275, 45.70353 ], [ -90.14126, 45.70336 ], [ -90.13633, 45.70484 ], [ -90.134754, 45.705827 ], [ -90.131037, 45.713746 ], [ -90.128096, 45.716251 ], [ -90.12393, 45.71832 ], [ -90.12223, 45.71763 ], [ -90.119749, 45.715688 ], [ -90.1144, 45.7149 ], [ -90.11186, 45.71322 ], [ -90.10657, 45.71174 ], [ -90.1044, 45.70901 ], [ -90.10367, 45.70604 ], [ -90.10137, 45.70162 ], [ -90.10118, 45.7006 ], [ -90.1029, 45.69718 ], [ -90.10364, 45.69477 ], [ -90.10161, 45.68862 ], [ -90.101939, 45.679694 ], [ -90.10139, 45.676106 ], [ -90.102719, 45.675134 ], [ -90.10496, 45.67238 ], [ -90.12565, 45.67222 ], [ -90.16552, 45.67191 ], [ -90.17783, 45.67139 ], [ -90.18747, 45.67151 ], [ -90.18731, 45.65783 ], [ -90.18786, 45.65708 ], [ -90.26719, 45.65691 ], [ -90.26841, 45.65706 ], [ -90.271179, 45.658283 ], [ -90.27276, 45.65943 ], [ -90.27648, 45.66105 ], [ -90.28094, 45.66362 ], [ -90.2896, 45.66542 ], [ -90.29618, 45.66701 ], [ -90.30409, 45.67164 ], [ -90.30914, 45.67365 ], [ -90.31695, 45.6735 ], [ -90.32077, 45.67414 ], [ -90.32865, 45.67652 ], [ -90.33027, 45.67681 ], [ -90.34305, 45.67627 ], [ -90.34759, 45.67903 ], [ -90.35366, 45.68203 ], [ -90.36122, 45.68299 ], [ -90.36336, 45.68297 ], [ -90.3661, 45.68205 ], [ -90.380677, 45.681204 ], [ -90.389858, 45.68066 ], [ -90.39089, 45.68059 ], [ -90.390915, 45.679207 ], [ -90.390939, 45.678341 ], [ -90.39098, 45.67703 ], [ -90.39595, 45.67685 ], [ -90.396383, 45.673252 ], [ -90.416597, 45.672393 ], [ -90.41666, 45.679543 ], [ -90.41657, 45.68307 ], [ -90.41645, 45.68314 ], [ -90.41139, 45.68361 ], [ -90.41164, 45.69186 ], [ -90.414401, 45.691759 ], [ -90.41666, 45.69166 ], [ -90.416817, 45.692996 ], [ -90.41695, 45.69363 ], [ -90.41694, 45.695 ], [ -90.416667, 45.696951 ], [ -90.414467, 45.700743 ], [ -90.412805, 45.70044 ], [ -90.412618, 45.700563 ], [ -90.41748, 45.70851 ], [ -90.41776, 45.70879 ], [ -90.419581, 45.710139 ], [ -90.422629, 45.712434 ], [ -90.42884, 45.71756 ], [ -90.4297, 45.72005 ], [ -90.42968, 45.722217 ], [ -90.42973, 45.72943 ] ] ] } },
{ "type": "Feature", "properties": { "geoid": "55107960300", "county_name": "Rusk County", "place_name": null, "state_name": "Wisconsin", "state_abbr": "WI", "is_rural": true, "ui_invest_score": 3.0, "ui_invest_quintile": 3, "dci_score": 39.7, "dci_quintile": 5.0, "is_cra_lmi": true, "income_level": "Middle", "is_persistent_poverty": false, "is_tribal_overlap": false, "tribal_area_name": null, "aian_pct": 0.0043, "has_nmtc": false, "nmtc_projects": 0, "nmtc_total_usd": 0.0 }, "geometry": { "type": "Polygon", "coordinates": [ [ [ -91.443353, 45.2945 ], [ -91.440017, 45.296051 ], [ -91.43898, 45.29699 ], [ -91.43871, 45.29854 ], [ -91.43744, 45.29992 ], [ -91.43662, 45.30046 ], [ -91.43183, 45.30064 ], [ -91.43043, 45.30228 ], [ -91.42895, 45.30285 ], [ -91.418345, 45.304328 ], [ -91.41647, 45.30469 ], [ -91.41502, 45.30578 ], [ -91.41212, 45.3067 ], [ -91.40878, 45.30966 ], [ -91.40837, 45.31052 ], [ -91.40844, 45.31958 ], [ -91.40874, 45.32012 ], [ -91.40668, 45.32063 ], [ -91.39908, 45.32048 ], [ -91.39465, 45.32252 ], [ -91.38965, 45.32411 ], [ -91.38821, 45.32533 ], [ -91.38803, 45.327 ], [ -91.38835, 45.33537 ], [ -91.38807, 45.35213 ], [ -91.39019, 45.35431 ], [ -91.39128, 45.35805 ], [ -91.39377, 45.36254 ], [ -91.39839, 45.36254 ], [ -91.39866, 45.3697 ], [ -91.39979, 45.37855 ], [ -91.39945, 45.46478 ], [ -91.373085, 45.464681 ], [ -91.368405, 45.464665 ], [ -91.35833, 45.46463 ], [ -91.331133, 45.4646 ], [ -91.32869, 45.46453 ], [ -91.32327, 45.46403 ], [ -91.317686, 45.464554 ], [ -91.30751, 45.46462 ], [ -91.30637, 45.46529 ], [ -91.30722, 45.46639 ], [ -91.307333, 45.469323 ], [ -91.305643, 45.470767 ], [ -91.3034, 45.4713 ], [ -91.303018, 45.472436 ], [ -91.301063, 45.472123 ], [ -91.300362, 45.473352 ], [ -91.296997, 45.474274 ], [ -91.296015, 45.473923 ], [ -91.293281, 45.475547 ], [ -91.293405, 45.476244 ], [ -91.28944, 45.478368 ], [ -91.287009, 45.478362 ], [ -91.285513, 45.47986 ], [ -91.282723, 45.479848 ], [ -91.27956, 45.482439 ], [ -91.279355, 45.480915 ], [ -91.277323, 45.478922 ], [ -91.275337, 45.479297 ], [ -91.274484, 45.480893 ], [ -91.272544, 45.481266 ], [ -91.270249, 45.480838 ], [ -91.269339, 45.483052 ], [ -91.2657, 45.483842 ], [ -91.263845, 45.484741 ], [ -91.264027, 45.48668 ], [ -91.261003, 45.486899 ], [ -91.261156, 45.488045 ], [ -91.256681, 45.488216 ], [ -91.254114, 45.488751 ], [ -91.252277, 45.488436 ], [ -91.252263, 45.486478 ], [ -91.253858, 45.484705 ], [ -91.253618, 45.483527 ], [ -91.252132, 45.482263 ], [ -91.249424, 45.478523 ], [ -91.248969, 45.4748 ], [ -91.250154, 45.47252 ], [ -91.252176, 45.471032 ], [ -91.254671, 45.470407 ], [ -91.25453, 45.468507 ], [ -91.253449, 45.463327 ], [ -91.252901, 45.457042 ], [ -91.253792, 45.455614 ], [ -91.260262, 45.452311 ], [ -91.25787, 45.45212 ], [ -91.25643, 45.4522 ], [ -91.2561, 45.43485 ], [ -91.26528, 45.43498 ], [ -91.26609, 45.43444 ], [ -91.26642, 45.401 ], [ -91.26726, 45.39911 ], [ -91.27129, 45.39851 ], [ -91.2714, 45.39162 ], [ -91.25871, 45.39163 ], [ -91.25083, 45.39182 ], [ -91.24801, 45.39365 ], [ -91.24619, 45.39215 ], [ -91.2448, 45.3919 ], [ -91.2238, 45.39241 ], [ -91.22308, 45.39074 ], [ -91.22068, 45.38742 ], [ -91.22037, 45.38132 ], [ -91.2199, 45.38033 ], [ -91.217192, 45.377746 ], [ -91.19403, 45.37805 ], [ -91.193792, 45.349268 ], [ -91.19381, 45.3358 ], [ -91.173517, 45.335196 ], [ -91.132026, 45.335434 ], [ -91.133464, 45.332397 ], [ -91.135912, 45.333466 ], [ -91.138149, 45.331134 ], [ -91.13914, 45.329344 ], [ -91.142019, 45.328491 ], [ -91.142808, 45.326399 ], [ -91.141068, 45.326061 ], [ -91.140621, 45.323853 ], [ -91.143281, 45.323504 ], [ -91.142334, 45.322822 ], [ -91.145245, 45.321156 ], [ -91.144502, 45.319529 ], [ -91.147651, 45.317599 ], [ -91.146757, 45.316136 ], [ -91.148781, 45.313058 ], [ -91.150052, 45.312189 ], [ -91.149754, 45.310382 ], [ -91.150644, 45.309061 ], [ -91.149545, 45.307511 ], [ -91.151153, 45.305923 ], [ -91.153518, 45.305047 ], [ -91.155071, 45.303148 ], [ -91.153857, 45.301373 ], [ -91.157192, 45.301613 ], [ -91.157958, 45.300479 ], [ -91.157102, 45.299454 ], [ -91.152036, 45.298493 ], [ -91.146863, 45.296811 ], [ -91.148106, 45.296802 ], [ -91.14581, 45.294844 ], [ -91.146547, 45.292091 ], [ -91.147987, 45.292087 ], [ -91.17318, 45.292007 ], [ -91.213623, 45.292221 ], [ -91.234399, 45.291983 ], [ -91.296008, 45.291835 ], [ -91.326001, 45.291751 ], [ -91.35921, 45.291658 ], [ -91.418643, 45.291956 ], [ -91.443866, 45.291686 ], [ -91.443353, 45.2945 ] ] ] } },
{ "type": "Feature", "properties": { "geoid": "55075960700", "county_name": "Marinette County", "place_name": null, "state_name": "Wisconsin", "state_abbr": "WI", "is_rural": true, "ui_invest_score": 2.0, "ui_invest_quintile": 2, "dci_score": 47.4, "dci_quintile": 5.0, "is_cra_lmi": true, "income_level": "M", "is_persistent_poverty": false, "is_tribal_overlap": false, "tribal_area_name": null, "aian_pct": 0.0012, "has_nmtc": false, "nmtc_projects": 0, "nmtc_total_usd": 0.0 }, "geometry": { "type": "Polygon", "coordinates": [ [ [ -88.309083, 45.258992 ], [ -88.309056, 45.260235 ], [ -88.30815, 45.287807 ], [ -88.30581, 45.374548 ], [ -88.306682, 45.374593 ], [ -88.304768, 45.374861 ], [ -88.302594, 45.377526 ], [ -88.300967, 45.378547 ], [ -88.300482, 45.380237 ], [ -88.302132, 45.381974 ], [ -88.305493, 45.383168 ], [ -88.30629, 45.384519 ], [ -88.30488, 45.387652 ], [ -88.30369, 45.38763 ], [ -88.296294, 45.390323 ], [ -88.294719, 45.392125 ], [ -88.294602, 45.3946 ], [ -88.293463, 45.395777 ], [ -88.291841, 45.396139 ], [ -88.273985, 45.395758 ], [ -88.260906, 45.395525 ], [ -88.259763, 45.395664 ], [ -88.257161, 45.397033 ], [ -88.251832, 45.402309 ], [ -88.250376, 45.402814 ], [ -88.249177, 45.402926 ], [ -88.181035, 45.400869 ], [ -88.160743, 45.400419 ], [ -88.099337, 45.398935 ], [ -88.100212, 45.370142 ], [ -88.094645, 45.369972 ], [ -88.092609, 45.3689 ], [ -88.092058, 45.367534 ], [ -88.090013, 45.367544 ], [ -88.085556, 45.365659 ], [ -88.082605, 45.365176 ], [ -88.080975, 45.364054 ], [ -88.070008, 45.363895 ], [ -88.068028, 45.362719 ], [ -88.064639, 45.362701 ], [ -88.064193, 45.361618 ], [ -88.066696, 45.358421 ], [ -88.066366, 45.355929 ], [ -88.069287, 45.35506 ], [ -88.069696, 45.354296 ], [ -88.068091, 45.351916 ], [ -88.065655, 45.349702 ], [ -88.061482, 45.348688 ], [ -88.061345, 45.347178 ], [ -88.060018, 45.34677 ], [ -88.056721, 45.345578 ], [ -88.052079, 45.338243 ], [ -88.046298, 45.33806 ], [ -88.043617, 45.336356 ], [ -88.040912, 45.335951 ], [ -88.04177, 45.32344 ], [ -88.042037, 45.316599 ], [ -88.042841, 45.309165 ], [ -88.046148, 45.312457 ], [ -88.04806, 45.313246 ], [ -88.054888, 45.313543 ], [ -88.057953, 45.312151 ], [ -88.061106, 45.311591 ], [ -88.069017, 45.31072 ], [ -88.07169, 45.30985 ], [ -88.092136, 45.310438 ], [ -88.102502, 45.311191 ], [ -88.103088, 45.282785 ], [ -88.10449, 45.26843 ], [ -88.104493, 45.260759 ], [ -88.104248, 45.259754 ], [ -88.101929, 45.257863 ], [ -88.09918, 45.257423 ], [ -88.095126, 45.257369 ], [ -88.091637, 45.255843 ], [ -88.087146, 45.251413 ], [ -88.083837, 45.250041 ], [ -88.08374, 45.232027 ], [ -88.088832, 45.232055 ], [ -88.0889, 45.217891 ], [ -88.078665, 45.217802 ], [ -88.078537, 45.21063 ], [ -88.06371, 45.210868 ], [ -88.062939, 45.207731 ], [ -88.063569, 45.206369 ], [ -88.06317, 45.195585 ], [ -88.06357, 45.182381 ], [ -88.05675, 45.181929 ], [ -88.056842, 45.173589 ], [ -88.057117, 45.169705 ], [ -88.057465, 45.164842 ], [ -88.059005, 45.117803 ], [ -88.057253, 45.116976 ], [ -88.055012, 45.11692 ], [ -88.054089, 45.116249 ], [ -88.054349, 45.109232 ], [ -88.118879, 45.110197 ], [ -88.189247, 45.111844 ], [ -88.187072, 45.171273 ], [ -88.187306, 45.176124 ], [ -88.18631, 45.190843 ], [ -88.1865, 45.193005 ], [ -88.186355, 45.197974 ], [ -88.207153, 45.198206 ], [ -88.247428, 45.200368 ], [ -88.250147, 45.200259 ], [ -88.279961, 45.20061 ], [ -88.285365, 45.200696 ], [ -88.307956, 45.201613 ], [ -88.308892, 45.201585 ], [ -88.309063, 45.20158 ], [ -88.309083, 45.258992 ] ] ] } },
{ "type": "Feature", "properties": { "geoid": "55097961000", "county_name": "Portage County", "place_name": null, "state_name": "Wisconsin", "state_abbr": "WI", "is_rural": true, "ui_invest_score": 2.0, "ui_invest_quintile": 2, "dci_score": 53.8, "dci_quintile": 5.0, "is_cra_lmi": true, "income_level": "M", "is_persistent_poverty": false, "is_tribal_overlap": false, "tribal_area_name": null, "aian_pct": 0.0, "has_nmtc": true, "nmtc_projects": 1, "nmtc_total_usd": 0.0 }, "geometry": { "type": "Polygon", "coordinates": [ [ [ -89.593343, 44.527072 ], [ -89.58308, 44.527092 ], [ -89.574762, 44.527111 ], [ -89.57475, 44.523465 ], [ -89.574714, 44.517502 ], [ -89.574795, 44.514756 ], [ -89.573174, 44.513045 ], [ -89.576769, 44.513088 ], [ -89.579504, 44.513121 ], [ -89.582097, 44.51596 ], [ -89.58023, 44.516807 ], [ -89.584462, 44.521168 ], [ -89.584786, 44.522529 ], [ -89.58794, 44.522512 ], [ -89.589079, 44.522094 ], [ -89.5985, 44.526982 ], [ -89.593343, 44.527072 ] ] ] } },
{ "type": "Feature", "properties": { "geoid": "55059000900", "county_name": "Kenosha County", "place_name": null, "state_name": "Wisconsin", "state_abbr": "WI", "is_rural": false, "ui_invest_score": 3.0, "ui_invest_quintile": 3, "dci_score": 80.4, "dci_quintile": 3.0, "is_cra_lmi": true, "income_level": "M", "is_persistent_poverty": false, "is_tribal_overlap": false, "tribal_area_name": null, "aian_pct": 0.0, "has_nmtc": true, "nmtc_projects": 1, "nmtc_total_usd": 10000000.0 }, "geometry": { "type": "Polygon", "coordinates": [ [ [ -87.835932, 42.601381 ], [ -87.828092, 42.598884 ], [ -87.825958, 42.598897 ], [ -87.825959, 42.597087 ], [ -87.825936, 42.594446 ], [ -87.826047, 42.592192 ], [ -87.825921, 42.590847 ], [ -87.826138, 42.588023 ], [ -87.82612, 42.584202 ], [ -87.826438, 42.584607 ], [ -87.830568, 42.584512 ], [ -87.833745, 42.583993 ], [ -87.835712, 42.583299 ], [ -87.83571, 42.587934 ], [ -87.835688, 42.590805 ], [ -87.835685, 42.592677 ], [ -87.835656, 42.594835 ], [ -87.835682, 42.595194 ], [ -87.835932, 42.601381 ] ] ] } },
{ "type": "Feature", "properties": { "geoid": "55101002900", "county_name": "Racine County", "place_name": null, "state_name": "Wisconsin", "state_abbr": "WI", "is_rural": false, "ui_invest_score": 1.0, "ui_invest_quintile": 1, "dci_score": 81.7, "dci_quintile": 2.0, "is_cra_lmi": true, "income_level": "L", "is_persistent_poverty": false, "is_tribal_overlap": false, "tribal_area_name": null, "aian_pct": 0.0063, "has_nmtc": true, "nmtc_projects": 1, "nmtc_total_usd": 2000000.0 }, "geometry": { "type": "Polygon", "coordinates": [ [ [ -87.796678, 42.709274 ], [ -87.79641, 42.710812 ], [ -87.796474, 42.711119 ], [ -87.795455, 42.716973 ], [ -87.795405, 42.718467 ], [ -87.796378, 42.723757 ], [ -87.796378, 42.723964 ], [ -87.795493, 42.726607 ], [ -87.792775, 42.728885 ], [ -87.79102, 42.729678 ], [ -87.787171, 42.727964 ], [ -87.78623, 42.728187 ], [ -87.785313, 42.729387 ], [ -87.785972, 42.73164 ], [ -87.786274, 42.733319 ], [ -87.784507, 42.73357 ], [ -87.778533849870598, 42.733504997998303 ], [ -87.780457546237301, 42.730909368515498 ], [ -87.780944, 42.730253 ], [ -87.779400239956502, 42.728284822542697 ], [ -87.778627, 42.727299 ], [ -87.778530988643098, 42.725976439617398 ], [ -87.786011, 42.725952 ], [ -87.78865, 42.725888 ], [ -87.789392, 42.72566 ], [ -87.789351, 42.721472 ], [ -87.789321, 42.718498 ], [ -87.789291, 42.715515 ], [ -87.788163, 42.715521 ], [ -87.788134, 42.712538 ], [ -87.78924, 42.710845 ], [ -87.789202, 42.707641 ], [ -87.78916, 42.704339 ], [ -87.790716, 42.704328 ], [ -87.794766, 42.704297 ], [ -87.794806, 42.707615 ], [ -87.796584, 42.707594 ], [ -87.796678, 42.709274 ] ] ] } },
{ "type": "Feature", "properties": { "geoid": "55025001102", "county_name": "Dane County", "place_name": null, "state_name": "Wisconsin", "state_abbr": "WI", "is_rural": false, "ui_invest_score": 2.0, "ui_invest_quintile": 2, "dci_score": 38.1, "dci_quintile": 5.0, "is_cra_lmi": false, "income_level": "NA", "is_persistent_poverty": false, "is_tribal_overlap": false, "tribal_area_name": null, "aian_pct": 0.0024, "has_nmtc": false, "nmtc_projects": 0, "nmtc_total_usd": 0.0 }, "geometry": { "type": "Polygon", "coordinates": [ [ [ -89.425072, 43.07625 ], [ -89.421529, 43.0765 ], [ -89.42097, 43.078222 ], [ -89.420041, 43.079489 ], [ -89.416221, 43.078455 ], [ -89.412533, 43.078652 ], [ -89.410365, 43.078639 ], [ -89.407906, 43.077858 ], [ -89.400583, 43.077179 ], [ -89.398589, 43.077237 ], [ -89.397281, 43.077004 ], [ -89.397327, 43.075805 ], [ -89.397376, 43.074902 ], [ -89.397432, 43.073221 ], [ -89.4006, 43.073266 ], [ -89.406026, 43.073345 ], [ -89.408988, 43.073369 ], [ -89.410625, 43.073427 ], [ -89.412914, 43.073569 ], [ -89.413563, 43.07398 ], [ -89.419853, 43.073979 ], [ -89.425115, 43.07351 ], [ -89.425072, 43.07625 ] ] ] } },
{ "type": "Feature", "properties": { "geoid": "55129950501", "county_name": "Washburn County", "place_name": null, "state_name": "Wisconsin", "state_abbr": "WI", "is_rural": true, "ui_invest_score": 3.0, "ui_invest_quintile": 3, "dci_score": 60.7, "dci_quintile": 4.0, "is_cra_lmi": true, "income_level": "Middle", "is_persistent_poverty": false, "is_tribal_overlap": false, "tribal_area_name": null, "aian_pct": 0.0198, "has_nmtc": false, "nmtc_projects": 0, "nmtc_total_usd": 0.0 }, "geometry": { "type": "Polygon", "coordinates": [ [ [ -91.917767, 45.843453 ], [ -91.913555, 45.842836 ], [ -91.907536, 45.843311 ], [ -91.900135, 45.843397 ], [ -91.892691, 45.843472 ], [ -91.887517, 45.843519 ], [ -91.887859, 45.85794 ], [ -91.853046, 45.857868 ], [ -91.851364, 45.858044 ], [ -91.848028, 45.859278 ], [ -91.845632, 45.857838 ], [ -91.829792, 45.857417 ], [ -91.826103, 45.858229 ], [ -91.823771, 45.858022 ], [ -91.820449, 45.857127 ], [ -91.785691, 45.856564 ], [ -91.763537, 45.856543 ], [ -91.763328, 45.842288 ], [ -91.762962, 45.840385 ], [ -91.763738, 45.813794 ], [ -91.784956, 45.813926 ], [ -91.785178, 45.813929 ], [ -91.811103, 45.814098 ], [ -91.842284, 45.813704 ], [ -91.845715, 45.814323 ], [ -91.854163, 45.816926 ], [ -91.866501, 45.820789 ], [ -91.869835, 45.821658 ], [ -91.872004, 45.821838 ], [ -91.887564, 45.821868 ], [ -91.890911, 45.822923 ], [ -91.892852, 45.823567 ], [ -91.898632, 45.821702 ], [ -91.907742, 45.821643 ], [ -91.908462, 45.821649 ], [ -91.91842, 45.821769 ], [ -91.917767, 45.843453 ] ] ] } },
{ "type": "Feature", "properties": { "geoid": "55079004300", "county_name": "Milwaukee County", "place_name": null, "state_name": "Wisconsin", "state_abbr": "WI", "is_rural": false, "ui_invest_score": 3.0, "ui_invest_quintile": 3, "dci_score": 89.5, "dci_quintile": 2.0, "is_cra_lmi": true, "income_level": "M", "is_persistent_poverty": false, "is_tribal_overlap": false, "tribal_area_name": null, "aian_pct": 0.0, "has_nmtc": true, "nmtc_projects": 1, "nmtc_total_usd": 19300000.0 }, "geometry": { "type": "Polygon", "coordinates": [ [ [ -87.94637, 43.103965 ], [ -87.942862, 43.102847 ], [ -87.927655, 43.097959 ], [ -87.927036, 43.097758 ], [ -87.925061, 43.094568 ], [ -87.922071, 43.094545 ], [ -87.917069, 43.095253 ], [ -87.919044, 43.094795 ], [ -87.917113, 43.093005 ], [ -87.917123, 43.092543 ], [ -87.917192, 43.089307 ], [ -87.92185, 43.089341 ], [ -87.924613, 43.089363 ], [ -87.927095, 43.089382 ], [ -87.929575, 43.089437 ], [ -87.932067, 43.089491 ], [ -87.93446, 43.089543 ], [ -87.937055, 43.089599 ], [ -87.938801, 43.089634 ], [ -87.940613, 43.092894 ], [ -87.9419, 43.095459 ], [ -87.94372, 43.098933 ], [ -87.945479, 43.102238 ], [ -87.94637, 43.103965 ] ] ] } },
{ "type": "Feature", "properties": { "geoid": "55079004900", "county_name": "Milwaukee County", "place_name": "Oshkosh", "state_name": "Wisconsin", "state_abbr": "WI", "is_rural": false, "ui_invest_score": 3.0, "ui_invest_quintile": 3, "dci_score": 90.3, "dci_quintile": 2.0, "is_cra_lmi": true, "income_level": "M", "is_persistent_poverty": false, "is_tribal_overlap": false, "tribal_area_name": null, "aian_pct": 0.0, "has_nmtc": false, "nmtc_projects": 0, "nmtc_total_usd": 0.0 }, "geometry": { "type": "Polygon", "coordinates": [ [ [ -87.977211, 43.082567 ], [ -87.974545, 43.082551 ], [ -87.970897, 43.082529 ], [ -87.967235, 43.082507 ], [ -87.967296, 43.07912 ], [ -87.967334, 43.076992 ], [ -87.967366, 43.075192 ], [ -87.967418, 43.071546 ], [ -87.968724, 43.071557 ], [ -87.969907, 43.071567 ], [ -87.971143, 43.071577 ], [ -87.972368, 43.071587 ], [ -87.974874, 43.071607 ], [ -87.977404, 43.071624 ], [ -87.977211, 43.082567 ] ] ] } },
{ "type": "Feature", "properties": { "geoid": "55079014900", "county_name": "Milwaukee County", "place_name": null, "state_name": "Wisconsin", "state_abbr": "WI", "is_rural": false, "ui_invest_score": 2.0, "ui_invest_quintile": 2, "dci_score": 95.5, "dci_quintile": 1.0, "is_cra_lmi": false, "income_level": "NA", "is_persistent_poverty": false, "is_tribal_overlap": false, "tribal_area_name": null, "aian_pct": 0.0, "has_nmtc": true, "nmtc_projects": 3, "nmtc_total_usd": 30349054.0 }, "geometry": { "type": "Polygon", "coordinates": [ [ [ -87.950392, 43.037512 ], [ -87.950365, 43.038718 ], [ -87.947717, 43.0387 ], [ -87.942895, 43.03869 ], [ -87.941587, 43.038688 ], [ -87.939387, 43.038683 ], [ -87.937896, 43.038681 ], [ -87.937904, 43.037485 ], [ -87.937914, 43.03612 ], [ -87.944995, 43.036131 ], [ -87.944994, 43.035551 ], [ -87.944994, 43.035339 ], [ -87.944827, 43.034776 ], [ -87.946384, 43.034779 ], [ -87.947742, 43.034781 ], [ -87.950421, 43.034771 ], [ -87.950392, 43.037512 ] ] ] } },
{ "type": "Feature", "properties": { "geoid": "55079008500", "county_name": "Milwaukee County", "place_name": null, "state_name": "Wisconsin", "state_abbr": "WI", "is_rural": false, "ui_invest_score": 3.0, "ui_invest_quintile": 3, "dci_score": 97.1, "dci_quintile": 1.0, "is_cra_lmi": true, "income_level": "L", "is_persistent_poverty": false, "is_tribal_overlap": false, "tribal_area_name": null, "aian_pct": 0.0015, "has_nmtc": true, "nmtc_projects": 3, "nmtc_total_usd": 10693100.0 }, "geometry": { "type": "Polygon", "coordinates": [ [ [ -87.933224, 43.069571 ], [ -87.9332, 43.071381 ], [ -87.931832, 43.071388 ], [ -87.929232, 43.071243 ], [ -87.927547, 43.071226 ], [ -87.926758, 43.071226 ], [ -87.926822, 43.067655 ], [ -87.926857, 43.063999 ], [ -87.932608, 43.06408 ], [ -87.93255, 43.06773 ], [ -87.933249, 43.06774 ], [ -87.933224, 43.069571 ] ] ] } },
{ "type": "Feature", "properties": { "geoid": "55079006000", "county_name": "Milwaukee County", "place_name": null, "state_name": "Wisconsin", "state_abbr": "WI", "is_rural": false, "ui_invest_score": 3.0, "ui_invest_quintile": 3, "dci_score": 87.5, "dci_quintile": 2.0, "is_cra_lmi": true, "income_level": "L", "is_persistent_poverty": false, "is_tribal_overlap": false, "tribal_area_name": null, "aian_pct": 0.0082, "has_nmtc": true, "nmtc_projects": 1, "nmtc_total_usd": 400000.0 }, "geometry": { "type": "Polygon", "coordinates": [ [ [ -87.97869, 43.066124 ], [ -87.978671, 43.067978 ], [ -87.978639, 43.069794 ], [ -87.978606, 43.071635 ], [ -87.977404, 43.071624 ], [ -87.974874, 43.071607 ], [ -87.972368, 43.071587 ], [ -87.972436, 43.066097 ], [ -87.972462, 43.064275 ], [ -87.97752, 43.064295 ], [ -87.978711, 43.064303 ], [ -87.97869, 43.066124 ] ] ] } },
{ "type": "Feature", "properties": { "geoid": "55079018700", "county_name": "Milwaukee County", "place_name": null, "state_name": "Wisconsin", "state_abbr": "WI", "is_rural": false, "ui_invest_score": 3.0, "ui_invest_quintile": 3, "dci_score": 88.5, "dci_quintile": 2.0, "is_cra_lmi": true, "income_level": "L", "is_persistent_poverty": false, "is_tribal_overlap": false, "tribal_area_name": null, "aian_pct": 0.0059, "has_nmtc": false, "nmtc_projects": 0, "nmtc_total_usd": 0.0 }, "geometry": { "type": "Polygon", "coordinates": [ [ [ -87.933608, 42.995632 ], [ -87.93358, 42.997208 ], [ -87.933568, 42.997712 ], [ -87.933538, 42.999273 ], [ -87.929906, 42.999214 ], [ -87.926117, 42.999201 ], [ -87.926148, 42.997636 ], [ -87.92619, 42.995549 ], [ -87.926276, 42.991938 ], [ -87.928712, 42.991931 ], [ -87.933749, 42.992013 ], [ -87.933608, 42.995632 ] ] ] } },
{ "type": "Feature", "properties": { "geoid": "55079018800", "county_name": "Milwaukee County", "place_name": null, "state_name": "Wisconsin", "state_abbr": "WI", "is_rural": false, "ui_invest_score": 3.0, "ui_invest_quintile": 3, "dci_score": 88.5, "dci_quintile": 2.0, "is_cra_lmi": true, "income_level": "M", "is_persistent_poverty": false, "is_tribal_overlap": false, "tribal_area_name": null, "aian_pct": 0.0097, "has_nmtc": false, "nmtc_projects": 0, "nmtc_total_usd": 0.0 }, "geometry": { "type": "Polygon", "coordinates": [ [ [ -87.948171, 42.999564 ], [ -87.948192, 43.000803 ], [ -87.944533, 43.003112 ], [ -87.938251, 43.003014 ], [ -87.935538, 43.00297 ], [ -87.933369, 43.002934 ], [ -87.933538, 42.999273 ], [ -87.933568, 42.997712 ], [ -87.93358, 42.997208 ], [ -87.933608, 42.995632 ], [ -87.93577, 42.995665 ], [ -87.937202, 42.995695 ], [ -87.938386, 42.995716 ], [ -87.948205, 42.99589 ], [ -87.948171, 42.999564 ] ] ] } },
{ "type": "Feature", "properties": { "geoid": "55079186600", "county_name": "Milwaukee County", "place_name": null, "state_name": "Wisconsin", "state_abbr": "WI", "is_rural": false, "ui_invest_score": 2.0, "ui_invest_quintile": 2, "dci_score": 37.2, "dci_quintile": 5.0, "is_cra_lmi": true, "income_level": "L", "is_persistent_poverty": false, "is_tribal_overlap": false, "tribal_area_name": null, "aian_pct": 0.002, "has_nmtc": true, "nmtc_projects": 4, "nmtc_total_usd": 39645000.0 }, "geometry": { "type": "Polygon", "coordinates": [ [ [ -87.918872, 42.997643 ], [ -87.918845, 42.99917 ], [ -87.918807, 43.00126 ], [ -87.918798, 43.001784 ], [ -87.918698, 43.006473 ], [ -87.916251, 43.006355 ], [ -87.908885, 43.006501 ], [ -87.90713, 43.006497 ], [ -87.90554, 43.004529 ], [ -87.908806, 43.002884 ], [ -87.908968, 43.002883 ], [ -87.909001, 43.001427 ], [ -87.909113, 42.999278 ], [ -87.909355, 42.998195 ], [ -87.910636, 42.995202 ], [ -87.911118, 42.99416 ], [ -87.912491, 42.996923 ], [ -87.916926, 42.995163 ], [ -87.918898, 42.996344 ], [ -87.918872, 42.997643 ] ] ] } },
{ "type": "Feature", "properties": { "geoid": "55079017600", "county_name": "Milwaukee County", "place_name": null, "state_name": "Wisconsin", "state_abbr": "WI", "is_rural": false, "ui_invest_score": 3.0, "ui_invest_quintile": 3, "dci_score": 88.5, "dci_quintile": 2.0, "is_cra_lmi": true, "income_level": "L", "is_persistent_poverty": false, "is_tribal_overlap": false, "tribal_area_name": null, "aian_pct": 0.0238, "has_nmtc": true, "nmtc_projects": 1, "nmtc_total_usd": 0.0 }, "geometry": { "type": "Polygon", "coordinates": [ [ [ -87.926075, 43.001264 ], [ -87.926039, 43.002846 ], [ -87.925734, 43.006452 ], [ -87.918698, 43.006473 ], [ -87.918798, 43.001784 ], [ -87.918807, 43.00126 ], [ -87.918845, 42.99917 ], [ -87.926117, 42.999201 ], [ -87.926075, 43.001264 ] ] ] } },
{ "type": "Feature", "properties": { "geoid": "55079002800", "county_name": "Milwaukee County", "place_name": null, "state_name": "Wisconsin", "state_abbr": "WI", "is_rural": false, "ui_invest_score": 3.0, "ui_invest_quintile": 3, "dci_score": 94.9, "dci_quintile": 1.0, "is_cra_lmi": true, "income_level": "L", "is_persistent_poverty": false, "is_tribal_overlap": false, "tribal_area_name": null, "aian_pct": 0.0059, "has_nmtc": false, "nmtc_projects": 0, "nmtc_total_usd": 0.0 }, "geometry": { "type": "Polygon", "coordinates": [ [ [ -87.976407, 43.105186 ], [ -87.976319, 43.111991 ], [ -87.971314, 43.111977 ], [ -87.968933, 43.111971 ], [ -87.966411, 43.111963 ], [ -87.966527, 43.104621 ], [ -87.970284, 43.104633 ], [ -87.973961, 43.104644 ], [ -87.976542, 43.104653 ], [ -87.976407, 43.105186 ] ] ] } },
{ "type": "Feature", "properties": { "geoid": "55043960900", "county_name": "Grant County", "place_name": null, "state_name": "Wisconsin", "state_abbr": "WI", "is_rural": true, "ui_invest_score": 2.0, "ui_invest_quintile": 2, "dci_score": 42.2, "dci_quintile": 5.0, "is_cra_lmi": false, "income_level": "Middle", "is_persistent_poverty": false, "is_tribal_overlap": false, "tribal_area_name": null, "aian_pct": 0.001, "has_nmtc": true, "nmtc_projects": 2, "nmtc_total_usd": 23261232.0 }, "geometry": { "type": "Polygon", "coordinates": [ [ [ -90.505087, 42.716441 ], [ -90.503433, 42.718413 ], [ -90.502594, 42.722094 ], [ -90.502217, 42.723216 ], [ -90.500197, 42.724617 ], [ -90.499522, 42.724889 ], [ -90.496406, 42.726299 ], [ -90.495357, 42.726596 ], [ -90.48862, 42.72835 ], [ -90.485591, 42.729685 ], [ -90.485602, 42.731748 ], [ -90.484363, 42.731795 ], [ -90.484366, 42.735088 ], [ -90.484363, 42.736811 ], [ -90.480623, 42.735978 ], [ -90.477651, 42.735731 ], [ -90.477028, 42.735592 ], [ -90.475567, 42.735289 ], [ -90.474588, 42.735235 ], [ -90.467126, 42.742096 ], [ -90.466263, 42.743292 ], [ -90.466008, 42.743927 ], [ -90.465822, 42.747652 ], [ -90.465826, 42.754901 ], [ -90.465333, 42.757833 ], [ -90.461172, 42.762232 ], [ -90.460879, 42.763641 ], [ -90.460958, 42.76926 ], [ -90.461151, 42.775131 ], [ -90.463334, 42.779026 ], [ -90.46139, 42.779203 ], [ -90.460548, 42.780169 ], [ -90.458567, 42.7799 ], [ -90.455029, 42.777125 ], [ -90.450381, 42.77554 ], [ -90.447342, 42.774058 ], [ -90.446165, 42.776627 ], [ -90.436624, 42.776574 ], [ -90.434895, 42.776326 ], [ -90.430772, 42.776858 ], [ -90.426294, 42.776589 ], [ -90.426279, 42.769294 ], [ -90.426124, 42.733045 ], [ -90.426097, 42.725558 ], [ -90.426041, 42.710962 ], [ -90.451329, 42.711187 ], [ -90.453107, 42.710422 ], [ -90.455742, 42.71112 ], [ -90.482806, 42.711064 ], [ -90.484546, 42.710324 ], [ -90.485258, 42.712718 ], [ -90.490494, 42.711625 ], [ -90.494226, 42.711105 ], [ -90.50004, 42.710943 ], [ -90.505045, 42.711129 ], [ -90.505087, 42.716441 ] ] ] } },
{ "type": "Feature", "properties": { "geoid": "55025001401", "county_name": "Dane County", "place_name": null, "state_name": "Wisconsin", "state_abbr": "WI", "is_rural": false, "ui_invest_score": 1.0, "ui_invest_quintile": 1, "dci_score": 64.0, "dci_quintile": 4.0, "is_cra_lmi": true, "income_level": "M", "is_persistent_poverty": false, "is_tribal_overlap": false, "tribal_area_name": null, "aian_pct": 0.0174, "has_nmtc": true, "nmtc_projects": 4, "nmtc_total_usd": 52233792.0 }, "geometry": { "type": "Polygon", "coordinates": [ [ [ -89.403981, 43.038616 ], [ -89.403966, 43.041696 ], [ -89.403961, 43.042232 ], [ -89.403956, 43.043893 ], [ -89.403897, 43.044571 ], [ -89.403502, 43.045569 ], [ -89.400183, 43.049953 ], [ -89.399567, 43.04974 ], [ -89.394019, 43.04902 ], [ -89.391896, 43.048992 ], [ -89.389251, 43.049355 ], [ -89.382132, 43.053584 ], [ -89.380403, 43.053909 ], [ -89.377865, 43.055823 ], [ -89.375163, 43.054962 ], [ -89.370632, 43.052447 ], [ -89.367808, 43.051925 ], [ -89.370062, 43.04991 ], [ -89.370992, 43.04723 ], [ -89.365821, 43.043459 ], [ -89.366872, 43.043397 ], [ -89.368756, 43.043269 ], [ -89.37433, 43.041612 ], [ -89.378218, 43.040365 ], [ -89.387753, 43.037659 ], [ -89.388536, 43.03746 ], [ -89.393851, 43.036077 ], [ -89.400116, 43.034614 ], [ -89.406743, 43.03463 ], [ -89.403981, 43.038616 ] ] ] } },
{ "type": "Feature", "properties": { "geoid": "55073000100", "county_name": "Marathon County", "place_name": null, "state_name": "Wisconsin", "state_abbr": "WI", "is_rural": true, "ui_invest_score": 1.0, "ui_invest_quintile": 1, "dci_score": 45.9, "dci_quintile": 5.0, "is_cra_lmi": true, "income_level": "M", "is_persistent_poverty": false, "is_tribal_overlap": false, "tribal_area_name": null, "aian_pct": 0.0233, "has_nmtc": false, "nmtc_projects": 0, "nmtc_total_usd": 0.0 }, "geometry": { "type": "Polygon", "coordinates": [ [ [ -89.640455, 44.959276 ], [ -89.640324, 44.96427 ], [ -89.640329, 44.965753 ], [ -89.636614, 44.965769 ], [ -89.635249, 44.963708 ], [ -89.63209, 44.967542 ], [ -89.631733, 44.969593 ], [ -89.629909, 44.969622 ], [ -89.629006, 44.968631 ], [ -89.623286, 44.968216 ], [ -89.621206, 44.968728 ], [ -89.619114, 44.968274 ], [ -89.619058, 44.963967 ], [ -89.617785, 44.963141 ], [ -89.617913, 44.959457 ], [ -89.618623, 44.959232 ], [ -89.618133, 44.95672 ], [ -89.630108, 44.957374 ], [ -89.630771, 44.957448 ], [ -89.632602, 44.960872 ], [ -89.634482, 44.960577 ], [ -89.636336, 44.957885 ], [ -89.636567, 44.956907 ], [ -89.638162, 44.956965 ], [ -89.638154, 44.957449 ], [ -89.640446, 44.957338 ], [ -89.640455, 44.959276 ] ] ] } },
{ "type": "Feature", "properties": { "geoid": "55079020000", "county_name": "Milwaukee County", "place_name": null, "state_name": "Wisconsin", "state_abbr": "WI", "is_rural": false, "ui_invest_score": 1.0, "ui_invest_quintile": 1, "dci_score": 68.1, "dci_quintile": 4.0, "is_cra_lmi": true, "income_level": "M", "is_persistent_poverty": false, "is_tribal_overlap": false, "tribal_area_name": null, "aian_pct": 0.0017, "has_nmtc": false, "nmtc_projects": 0, "nmtc_total_usd": 0.0 }, "geometry": { "type": "Polygon", "coordinates": [ [ [ -87.95819, 42.9812 ], [ -87.958133, 42.985722 ], [ -87.958096, 42.988459 ], [ -87.958071, 42.992147 ], [ -87.948191, 42.992282 ], [ -87.948233, 42.983113 ], [ -87.948254, 42.981264 ], [ -87.948333, 42.973935 ], [ -87.948513, 42.973936 ], [ -87.953885, 42.973927 ], [ -87.956053, 42.975005 ], [ -87.953204, 42.977156 ], [ -87.953264, 42.980698 ], [ -87.953883, 42.980696 ], [ -87.953883, 42.980325 ], [ -87.954504, 42.980322 ], [ -87.956961, 42.980472 ], [ -87.957605, 42.979807 ], [ -87.958262, 42.97784 ], [ -87.95819, 42.9812 ] ] ] } },
{ "type": "Feature", "properties": { "geoid": "55079002600", "county_name": "Milwaukee County", "place_name": null, "state_name": "Wisconsin", "state_abbr": "WI", "is_rural": false, "ui_invest_score": 3.0, "ui_invest_quintile": 3, "dci_score": 90.2, "dci_quintile": 2.0, "is_cra_lmi": true, "income_level": "L", "is_persistent_poverty": false, "is_tribal_overlap": false, "tribal_area_name": null, "aian_pct": 0.0216, "has_nmtc": false, "nmtc_projects": 0, "nmtc_total_usd": 0.0 }, "geometry": { "type": "Polygon", "coordinates": [ [ [ -87.96696, 43.097414 ], [ -87.966911, 43.098951 ], [ -87.966815, 43.102572 ], [ -87.966797, 43.103403 ], [ -87.966527, 43.104621 ], [ -87.962731, 43.104618 ], [ -87.95658, 43.104613 ], [ -87.956812, 43.10076 ], [ -87.958329, 43.10076 ], [ -87.957575, 43.098946 ], [ -87.956814, 43.09692 ], [ -87.956846, 43.096538 ], [ -87.958111, 43.096521 ], [ -87.959891, 43.096523 ], [ -87.961673, 43.096646 ], [ -87.966991, 43.09685 ], [ -87.96696, 43.097414 ] ] ] } },
{ "type": "Feature", "properties": { "geoid": "55079003500", "county_name": "Milwaukee County", "place_name": "Shawano", "state_name": "Wisconsin", "state_abbr": "WI", "is_rural": false, "ui_invest_score": 3.0, "ui_invest_quintile": 3, "dci_score": 90.4, "dci_quintile": 1.0, "is_cra_lmi": true, "income_level": "M", "is_persistent_poverty": false, "is_tribal_overlap": false, "tribal_area_name": null, "aian_pct": 0.0, "has_nmtc": false, "nmtc_projects": 0, "nmtc_total_usd": 0.0 }, "geometry": { "type": "Polygon", "coordinates": [ [ [ -88.007096, 43.097208 ], [ -88.003136, 43.097228 ], [ -87.99945, 43.097246 ], [ -87.995683, 43.097259 ], [ -87.99445, 43.09726 ], [ -87.989362, 43.097262 ], [ -87.98952, 43.090031 ], [ -87.994602, 43.090033 ], [ -87.999448, 43.090013 ], [ -88.00302, 43.090006 ], [ -88.00415, 43.090011 ], [ -88.007235, 43.089993 ], [ -88.007096, 43.097208 ] ] ] } },
{ "type": "Feature", "properties": { "geoid": "55079001400", "county_name": "Milwaukee County", "place_name": null, "state_name": "Wisconsin", "state_abbr": "WI", "is_rural": false, "ui_invest_score": 3.0, "ui_invest_quintile": 3, "dci_score": 87.7, "dci_quintile": 2.0, "is_cra_lmi": true, "income_level": "M", "is_persistent_poverty": false, "is_tribal_overlap": false, "tribal_area_name": null, "aian_pct": 0.0, "has_nmtc": false, "nmtc_projects": 0, "nmtc_total_usd": 0.0 }, "geometry": { "type": "Polygon", "coordinates": [ [ [ -88.025439, 43.134061 ], [ -88.015654, 43.134105 ], [ -88.015615, 43.134106 ], [ -88.010722, 43.134122 ], [ -88.00567, 43.134149 ], [ -88.005895, 43.12953 ], [ -88.015756, 43.127864 ], [ -88.020941, 43.126959 ], [ -88.025675, 43.126161 ], [ -88.025439, 43.134061 ] ] ] } },
{ "type": "Feature", "properties": { "geoid": "55079013600", "county_name": "Milwaukee County", "place_name": null, "state_name": "Wisconsin", "state_abbr": "WI", "is_rural": false, "ui_invest_score": 3.0, "ui_invest_quintile": 3, "dci_score": 87.8, "dci_quintile": 2.0, "is_cra_lmi": true, "income_level": "L", "is_persistent_poverty": false, "is_tribal_overlap": true, "tribal_area_name": "Forest County Potawatomi Off-Reservation Trust Land", "aian_pct": 0.0094, "has_nmtc": false, "nmtc_projects": 0, "nmtc_total_usd": 0.0 }, "geometry": { "type": "Polygon", "coordinates": [ [ [ -87.957678, 43.043336 ], [ -87.957672, 43.044544 ], [ -87.957664, 43.045887 ], [ -87.948869, 43.045877 ], [ -87.947773, 43.045874 ], [ -87.947782, 43.044528 ], [ -87.947695, 43.043247 ], [ -87.947702, 43.041647 ], [ -87.953463, 43.041661 ], [ -87.955206, 43.040788 ], [ -87.955204, 43.041668 ], [ -87.957685, 43.041665 ], [ -87.957678, 43.043336 ] ] ] } },
{ "type": "Feature", "properties": { "geoid": "55081950600", "county_name": "Monroe County", "place_name": "Milwaukee", "state_name": "Wisconsin", "state_abbr": "WI", "is_rural": true, "ui_invest_score": 3.0, "ui_invest_quintile": 3, "dci_score": 58.7, "dci_quintile": 4.0, "is_cra_lmi": true, "income_level": "M", "is_persistent_poverty": false, "is_tribal_overlap": false, "tribal_area_name": null, "aian_pct": 0.0287, "has_nmtc": false, "nmtc_projects": 0, "nmtc_total_usd": 0.0 }, "geometry": { "type": "Polygon", "coordinates": [ [ [ -90.50616, 43.982514 ], [ -90.506181, 43.984515 ], [ -90.506149, 43.985521 ], [ -90.504689, 43.985414 ], [ -90.50459, 43.986254 ], [ -90.504772, 44.000994 ], [ -90.504996, 44.01788 ], [ -90.501977, 44.017918 ], [ -90.497624, 44.018645 ], [ -90.495672, 44.017579 ], [ -90.492931, 44.015511 ], [ -90.489339, 44.012293 ], [ -90.475381, 43.999954 ], [ -90.472064, 43.997785 ], [ -90.470498, 43.996947 ], [ -90.465701, 43.994971 ], [ -90.464613, 43.995047 ], [ -90.459812, 43.993549 ], [ -90.449508, 43.990301 ], [ -90.449849, 43.988019 ], [ -90.450977, 43.986655 ], [ -90.451003, 43.985106 ], [ -90.451731, 43.983686 ], [ -90.453316, 43.98234 ], [ -90.45609, 43.980772 ], [ -90.469651, 43.974261 ], [ -90.472889, 43.97271 ], [ -90.481058, 43.968834 ], [ -90.494786, 43.962337 ], [ -90.496838, 43.961378 ], [ -90.504693, 43.957453 ], [ -90.504727, 43.959759 ], [ -90.50481, 43.964948 ], [ -90.504794, 43.968675 ], [ -90.505914, 43.968652 ], [ -90.506255, 43.974837 ], [ -90.50616, 43.982514 ] ] ] } },
{ "type": "Feature", "properties": { "geoid": "55009001600", "county_name": "Brown County", "place_name": "Milwaukee", "state_name": "Wisconsin", "state_abbr": "WI", "is_rural": false, "ui_invest_score": 1.0, "ui_invest_quintile": 1, "dci_score": 83.3, "dci_quintile": 2.0, "is_cra_lmi": true, "income_level": "M", "is_persistent_poverty": false, "is_tribal_overlap": false, "tribal_area_name": null, "aian_pct": 0.0, "has_nmtc": false, "nmtc_projects": 0, "nmtc_total_usd": 0.0 }, "geometry": { "type": "Polygon", "coordinates": [ [ [ -87.992835, 44.490795 ], [ -87.991645, 44.496211 ], [ -87.988936, 44.500166 ], [ -87.98883, 44.50032 ], [ -87.987375, 44.502462 ], [ -87.991117, 44.502481 ], [ -87.991924, 44.502493 ], [ -87.990796, 44.503724 ], [ -87.990032, 44.505058 ], [ -87.986653, 44.504142 ], [ -87.985653, 44.505105 ], [ -87.984985, 44.504786 ], [ -87.980711, 44.498849 ], [ -87.978031, 44.494961 ], [ -87.977323, 44.494033 ], [ -87.974142, 44.49026 ], [ -87.971581, 44.486898 ], [ -87.970069, 44.481918 ], [ -87.9693, 44.479011 ], [ -87.973933, 44.48068 ], [ -87.975227, 44.47873 ], [ -87.969613, 44.477659 ], [ -87.970315, 44.476533 ], [ -87.981315, 44.480225 ], [ -87.981829, 44.478817 ], [ -87.985422, 44.47951 ], [ -87.98673, 44.477753 ], [ -87.982288, 44.476439 ], [ -87.982534, 44.473492 ], [ -87.988528, 44.47568 ], [ -87.989037, 44.477705 ], [ -87.987308, 44.480166 ], [ -87.991773, 44.481774 ], [ -87.988773, 44.484581 ], [ -87.989951, 44.485996 ], [ -87.994634, 44.488136 ], [ -87.992835, 44.490795 ] ] ] } },
{ "type": "Feature", "properties": { "geoid": "55071000200", "county_name": "Manitowoc County", "place_name": null, "state_name": "Wisconsin", "state_abbr": "WI", "is_rural": true, "ui_invest_score": 3.0, "ui_invest_quintile": 3, "dci_score": 60.2, "dci_quintile": 4.0, "is_cra_lmi": false, "income_level": "Middle", "is_persistent_poverty": false, "is_tribal_overlap": false, "tribal_area_name": null, "aian_pct": 0.0, "has_nmtc": false, "nmtc_projects": 0, "nmtc_total_usd": 0.0 }, "geometry": { "type": "Polygon", "coordinates": [ [ [ -87.69415, 44.15353 ], [ -87.680758, 44.153576 ], [ -87.678679, 44.15358 ], [ -87.673919, 44.139905 ], [ -87.670701, 44.134932 ], [ -87.67051, 44.133499 ], [ -87.670515, 44.128008 ], [ -87.670521, 44.126604 ], [ -87.670529, 44.122984 ], [ -87.67053, 44.122783 ], [ -87.670536, 44.116999 ], [ -87.670549, 44.112758 ], [ -87.67056, 44.108298 ], [ -87.670449, 44.102313 ], [ -87.670518, 44.101973 ], [ -87.672868, 44.097992 ], [ -87.674177, 44.09686 ], [ -87.682546, 44.103056 ], [ -87.683551, 44.103395 ], [ -87.683601, 44.105382 ], [ -87.683665, 44.108594 ], [ -87.683783, 44.117123 ], [ -87.689922, 44.138732 ], [ -87.69415, 44.15353 ] ] ] } },
{ "type": "Feature", "properties": { "geoid": "55101000200", "county_name": "Racine County", "place_name": null, "state_name": "Wisconsin", "state_abbr": "WI", "is_rural": false, "ui_invest_score": 3.0, "ui_invest_quintile": 3, "dci_score": 81.7, "dci_quintile": 2.0, "is_cra_lmi": true, "income_level": "L", "is_persistent_poverty": false, "is_tribal_overlap": false, "tribal_area_name": null, "aian_pct": 0.0, "has_nmtc": false, "nmtc_projects": 0, "nmtc_total_usd": 0.0 }, "geometry": { "type": "Polygon", "coordinates": [ [ [ -87.789392, 42.72566 ], [ -87.78865, 42.725888 ], [ -87.786011, 42.725952 ], [ -87.778530988643098, 42.725976439617398 ], [ -87.778135292608397, 42.7205257104957 ], [ -87.778018, 42.71891 ], [ -87.780793948949807, 42.718055098965799 ], [ -87.780817, 42.718048 ], [ -87.780823349534799, 42.718007916777402 ], [ -87.782048855448295, 42.710271566344801 ], [ -87.782374, 42.708219 ], [ -87.7826381039484, 42.707495159548699 ], [ -87.783719535164806, 42.704531236955702 ], [ -87.78916, 42.704339 ], [ -87.789202, 42.707641 ], [ -87.78924, 42.710845 ], [ -87.788134, 42.712538 ], [ -87.788163, 42.715521 ], [ -87.789291, 42.715515 ], [ -87.789321, 42.718498 ], [ -87.789351, 42.721472 ], [ -87.789392, 42.72566 ] ] ] } },
{ "type": "Feature", "properties": { "geoid": "55059001800", "county_name": "Kenosha County", "place_name": null, "state_name": "Wisconsin", "state_abbr": "WI", "is_rural": false, "ui_invest_score": 1.0, "ui_invest_quintile": 1, "dci_score": 83.8, "dci_quintile": 2.0, "is_cra_lmi": true, "income_level": "M", "is_persistent_poverty": false, "is_tribal_overlap": false, "tribal_area_name": null, "aian_pct": 0.0138, "has_nmtc": false, "nmtc_projects": 0, "nmtc_total_usd": 0.0 }, "geometry": { "type": "Polygon", "coordinates": [ [ [ -87.826006, 42.57946 ], [ -87.821508, 42.57953 ], [ -87.82025, 42.580834 ], [ -87.819335, 42.579497 ], [ -87.819281, 42.57549 ], [ -87.819281, 42.573943 ], [ -87.818415, 42.573924 ], [ -87.818813, 42.569077 ], [ -87.819887, 42.558532 ], [ -87.821774, 42.558493 ], [ -87.823774, 42.565825 ], [ -87.825371, 42.571485 ], [ -87.825689, 42.573097 ], [ -87.825929, 42.577726 ], [ -87.826006, 42.57946 ] ] ] } },
{ "type": "Feature", "properties": { "geoid": "55141011400", "county_name": "Wood County", "place_name": null, "state_name": "Wisconsin", "state_abbr": "WI", "is_rural": true, "ui_invest_score": 1.0, "ui_invest_quintile": 1, "dci_score": 41.0, "dci_quintile": 5.0, "is_cra_lmi": false, "income_level": "Middle", "is_persistent_poverty": false, "is_tribal_overlap": false, "tribal_area_name": null, "aian_pct": 0.0, "has_nmtc": false, "nmtc_projects": 0, "nmtc_total_usd": 0.0 }, "geometry": { "type": "Polygon", "coordinates": [ [ [ -89.81718, 44.376623 ], [ -89.817112, 44.382446 ], [ -89.817146, 44.388148 ], [ -89.817123, 44.390968 ], [ -89.8133, 44.390962 ], [ -89.801814, 44.391075 ], [ -89.796906, 44.391047 ], [ -89.795651, 44.391088 ], [ -89.793142, 44.391091 ], [ -89.791779, 44.391093 ], [ -89.791373, 44.391091 ], [ -89.786742, 44.391081 ], [ -89.786856, 44.389239 ], [ -89.786861, 44.384631 ], [ -89.786739, 44.378058 ], [ -89.785419, 44.377552 ], [ -89.786704, 44.37546 ], [ -89.786556, 44.365837 ], [ -89.786367, 44.362313 ], [ -89.791623, 44.36228 ], [ -89.801685, 44.362277 ], [ -89.801827, 44.355081 ], [ -89.801803, 44.351607 ], [ -89.801789, 44.351509 ], [ -89.796556, 44.351483 ], [ -89.796026, 44.344153 ], [ -89.790881, 44.344165 ], [ -89.790572, 44.340516 ], [ -89.790394, 44.336905 ], [ -89.800489, 44.336759 ], [ -89.815344, 44.336719 ], [ -89.815987, 44.341446 ], [ -89.816035, 44.342892 ], [ -89.816234, 44.344086 ], [ -89.816484, 44.346868 ], [ -89.816804, 44.348808 ], [ -89.816996, 44.351165 ], [ -89.817031, 44.35718 ], [ -89.817027, 44.358352 ], [ -89.817056, 44.359811 ], [ -89.817051, 44.361743 ], [ -89.817051, 44.362273 ], [ -89.81706, 44.36496 ], [ -89.817182, 44.371296 ], [ -89.81718, 44.376623 ] ] ] } },
{ "type": "Feature", "properties": { "geoid": "55079021300", "county_name": "Milwaukee County", "place_name": null, "state_name": "Wisconsin", "state_abbr": "WI", "is_rural": false, "ui_invest_score": 3.0, "ui_invest_quintile": 3, "dci_score": 52.4, "dci_quintile": 5.0, "is_cra_lmi": true, "income_level": "M", "is_persistent_poverty": false, "is_tribal_overlap": false, "tribal_area_name": null, "aian_pct": 0.0, "has_nmtc": true, "nmtc_projects": 1, "nmtc_total_usd": 0.0 }, "geometry": { "type": "Polygon", "coordinates": [ [ [ -87.948513, 42.973936 ], [ -87.948333, 42.973935 ], [ -87.94479, 42.973907 ], [ -87.933991, 42.973815 ], [ -87.929114, 42.97377 ], [ -87.929168, 42.966537 ], [ -87.938932, 42.966603 ], [ -87.948645, 42.966648 ], [ -87.948513, 42.973936 ] ] ] } },
{ "type": "Feature", "properties": { "geoid": "55079006900", "county_name": "Milwaukee County", "place_name": null, "state_name": "Wisconsin", "state_abbr": "WI", "is_rural": false, "ui_invest_score": 3.0, "ui_invest_quintile": 3, "dci_score": 66.0, "dci_quintile": 4.0, "is_cra_lmi": true, "income_level": "L", "is_persistent_poverty": false, "is_tribal_overlap": false, "tribal_area_name": null, "aian_pct": 0.0, "has_nmtc": false, "nmtc_projects": 0, "nmtc_total_usd": 0.0 }, "geometry": { "type": "Polygon", "coordinates": [ [ [ -87.917402, 43.082098 ], [ -87.910799, 43.082067 ], [ -87.90748, 43.082051 ], [ -87.904998, 43.082037 ], [ -87.904981, 43.080132 ], [ -87.905169, 43.07658 ], [ -87.907647, 43.076596 ], [ -87.907618, 43.077548 ], [ -87.910924, 43.077559 ], [ -87.915441, 43.077579 ], [ -87.916563, 43.079553 ], [ -87.918385, 43.081712 ], [ -87.917402, 43.082098 ] ] ] } },
{ "type": "Feature", "properties": { "geoid": "55101000400", "county_name": "Racine County", "place_name": "Milwaukee", "state_name": "Wisconsin", "state_abbr": "WI", "is_rural": false, "ui_invest_score": 3.0, "ui_invest_quintile": 3, "dci_score": 79.5, "dci_quintile": 3.0, "is_cra_lmi": true, "income_level": "L", "is_persistent_poverty": false, "is_tribal_overlap": false, "tribal_area_name": null, "aian_pct": 0.0033, "has_nmtc": false, "nmtc_projects": 0, "nmtc_total_usd": 0.0 }, "geometry": { "type": "Polygon", "coordinates": [ [ [ -87.798579, 42.740482 ], [ -87.791731, 42.740506 ], [ -87.791694, 42.740506 ], [ -87.787033, 42.740463 ], [ -87.782789, 42.740486 ], [ -87.780093256451593, 42.740577201283301 ], [ -87.779879361563303, 42.740146680933798 ], [ -87.779256, 42.738892 ], [ -87.778989131888906, 42.737664007260598 ], [ -87.778187, 42.733973 ], [ -87.778533849870598, 42.733504997998303 ], [ -87.784507, 42.73357 ], [ -87.786274, 42.733319 ], [ -87.785972, 42.73164 ], [ -87.785313, 42.729387 ], [ -87.78623, 42.728187 ], [ -87.787171, 42.727964 ], [ -87.79102, 42.729678 ], [ -87.792775, 42.728885 ], [ -87.795493, 42.726607 ], [ -87.796378, 42.723964 ], [ -87.796859, 42.72598 ], [ -87.798373, 42.731561 ], [ -87.798577, 42.733229 ], [ -87.798576, 42.735484 ], [ -87.798399, 42.739269 ], [ -87.798579, 42.740482 ] ] ] } },
{ "type": "Feature", "properties": { "geoid": "55071000600", "county_name": "Manitowoc County", "place_name": "Milwaukee", "state_name": "Wisconsin", "state_abbr": "WI", "is_rural": true, "ui_invest_score": 1.0, "ui_invest_quintile": 1, "dci_score": 60.2, "dci_quintile": 4.0, "is_cra_lmi": false, "income_level": "Middle", "is_persistent_poverty": false, "is_tribal_overlap": false, "tribal_area_name": null, "aian_pct": 0.0, "has_nmtc": false, "nmtc_projects": 0, "nmtc_total_usd": 0.0 }, "geometry": { "type": "Polygon", "coordinates": [ [ [ -87.73733, 44.068592 ], [ -87.733351, 44.072873 ], [ -87.732961, 44.073415 ], [ -87.736141, 44.073408 ], [ -87.740945, 44.072672 ], [ -87.740965, 44.073508 ], [ -87.740921, 44.083809 ], [ -87.740928, 44.084851 ], [ -87.733943, 44.085316 ], [ -87.727862, 44.085697 ], [ -87.725465, 44.085844 ], [ -87.710928, 44.086778 ], [ -87.710483, 44.086809 ], [ -87.707903, 44.087168 ], [ -87.707297, 44.088558 ], [ -87.706137, 44.090074 ], [ -87.701581, 44.094905 ], [ -87.701202, 44.095538 ], [ -87.701197, 44.094005 ], [ -87.699121, 44.093444 ], [ -87.695494, 44.097433 ], [ -87.689423, 44.100979 ], [ -87.688816, 44.104201 ], [ -87.683551, 44.103395 ], [ -87.68349, 44.094109 ], [ -87.683486, 44.091853 ], [ -87.683437, 44.086915 ], [ -87.683429, 44.086623 ], [ -87.683344, 44.074255 ], [ -87.683336, 44.073741 ], [ -87.683307, 44.066488 ], [ -87.683262, 44.065114 ], [ -87.68343, 44.057079 ], [ -87.685506, 44.052104 ], [ -87.69497, 44.05233 ], [ -87.696898, 44.052147 ], [ -87.701085, 44.050757 ], [ -87.701535, 44.052171 ], [ -87.703653, 44.052491 ], [ -87.721882, 44.051922 ], [ -87.726537, 44.052245 ], [ -87.728455, 44.057715 ], [ -87.730835, 44.05971 ], [ -87.730486, 44.064043 ], [ -87.728227, 44.066337 ], [ -87.741178, 44.066306 ], [ -87.73733, 44.068592 ] ] ] } },
{ "type": "Feature", "properties": { "geoid": "55079003100", "county_name": "Milwaukee County", "place_name": null, "state_name": "Wisconsin", "state_abbr": "WI", "is_rural": false, "ui_invest_score": 3.0, "ui_invest_quintile": 3, "dci_score": 95.1, "dci_quintile": 1.0, "is_cra_lmi": true, "income_level": "M", "is_persistent_poverty": false, "is_tribal_overlap": false, "tribal_area_name": null, "aian_pct": 0.0013, "has_nmtc": false, "nmtc_projects": 0, "nmtc_total_usd": 0.0 }, "geometry": { "type": "Polygon", "coordinates": [ [ [ -87.995648, 43.099163 ], [ -87.995564, 43.102662 ], [ -87.995039, 43.103312 ], [ -87.993059, 43.104814 ], [ -87.989705, 43.104763 ], [ -87.986478, 43.104699 ], [ -87.986487, 43.104713 ], [ -87.981359, 43.104677 ], [ -87.976542, 43.104653 ], [ -87.97672, 43.103911 ], [ -87.976839, 43.09923 ], [ -87.976888, 43.097208 ], [ -87.985067, 43.097259 ], [ -87.986775, 43.096896 ], [ -87.986769, 43.097261 ], [ -87.987445, 43.097263 ], [ -87.989362, 43.097262 ], [ -87.99445, 43.09726 ], [ -87.995683, 43.097259 ], [ -87.995648, 43.099163 ] ] ] } },
{ "type": "Feature", "properties": { "geoid": "55079004400", "county_name": "Milwaukee County", "place_name": null, "state_name": "Wisconsin", "state_abbr": "WI", "is_rural": false, "ui_invest_score": 2.0, "ui_invest_quintile": 2, "dci_score": 59.6, "dci_quintile": 4.0, "is_cra_lmi": true, "income_level": "L", "is_persistent_poverty": false, "is_tribal_overlap": false, "tribal_area_name": null, "aian_pct": 0.0, "has_nmtc": true, "nmtc_projects": 12, "nmtc_total_usd": 84588568.0 }, "geometry": { "type": "Polygon", "coordinates": [ [ [ -87.917302, 43.085519 ], [ -87.917192, 43.089307 ], [ -87.917123, 43.092543 ], [ -87.917002, 43.092407 ], [ -87.916559, 43.089804 ], [ -87.907883, 43.089746 ], [ -87.907817, 43.091499 ], [ -87.907701, 43.098955 ], [ -87.90994, 43.100852 ], [ -87.912805, 43.10137 ], [ -87.916875, 43.103348 ], [ -87.916949, 43.104629 ], [ -87.909595, 43.104521 ], [ -87.90886, 43.10403 ], [ -87.907124, 43.104009 ], [ -87.907057, 43.100314 ], [ -87.906348, 43.097796 ], [ -87.900969, 43.095661 ], [ -87.900932, 43.093181 ], [ -87.89967, 43.090197 ], [ -87.898223, 43.089175 ], [ -87.893263, 43.08577 ], [ -87.891626, 43.081945 ], [ -87.892183, 43.081905 ], [ -87.897542, 43.081972 ], [ -87.901253, 43.082004 ], [ -87.904998, 43.082037 ], [ -87.90748, 43.082051 ], [ -87.910799, 43.082067 ], [ -87.917402, 43.082098 ], [ -87.917302, 43.085519 ] ] ] } },
{ "type": "Feature", "properties": { "geoid": "55039041500", "county_name": "Fond du Lac County", "place_name": null, "state_name": "Wisconsin", "state_abbr": "WI", "is_rural": true, "ui_invest_score": 3.0, "ui_invest_quintile": 3, "dci_score": 39.4, "dci_quintile": 5.0, "is_cra_lmi": false, "income_level": "Middle", "is_persistent_poverty": false, "is_tribal_overlap": false, "tribal_area_name": null, "aian_pct": 0.0068, "has_nmtc": false, "nmtc_projects": 0, "nmtc_total_usd": 0.0 }, "geometry": { "type": "Polygon", "coordinates": [ [ [ -88.837187, 43.894978 ], [ -88.764839, 43.894899 ], [ -88.76558, 43.851365 ], [ -88.76548, 43.822611 ], [ -88.76548, 43.807792 ], [ -88.805592, 43.807788 ], [ -88.816072, 43.807748 ], [ -88.834791, 43.807692 ], [ -88.835548, 43.80981 ], [ -88.835854, 43.8205 ], [ -88.835948, 43.824755 ], [ -88.836009, 43.827461 ], [ -88.836016, 43.827831 ], [ -88.83608, 43.84182 ], [ -88.837041, 43.842231 ], [ -88.837024, 43.846746 ], [ -88.836213, 43.847512 ], [ -88.836228, 43.851464 ], [ -88.836172, 43.858795 ], [ -88.836136, 43.863688 ], [ -88.83527, 43.865343 ], [ -88.832218, 43.866868 ], [ -88.831008, 43.868877 ], [ -88.830947, 43.878087 ], [ -88.82951, 43.881539 ], [ -88.830445, 43.884621 ], [ -88.83551, 43.891719 ], [ -88.837187, 43.894978 ] ] ] } },
{ "type": "Feature", "properties": { "geoid": "55079021400", "county_name": "Milwaukee County", "place_name": "Green Bay", "state_name": "Wisconsin", "state_abbr": "WI", "is_rural": false, "ui_invest_score": 3.0, "ui_invest_quintile": 3, "dci_score": 52.4, "dci_quintile": 5.0, "is_cra_lmi": true, "income_level": "L", "is_persistent_poverty": false, "is_tribal_overlap": false, "tribal_area_name": null, "aian_pct": 0.001, "has_nmtc": false, "nmtc_projects": 0, "nmtc_total_usd": 0.0 }, "geometry": { "type": "Polygon", "coordinates": [ [ [ -87.948645, 42.966648 ], [ -87.938932, 42.966603 ], [ -87.929168, 42.966537 ], [ -87.929172, 42.966091 ], [ -87.929211, 42.959269 ], [ -87.93886, 42.959313 ], [ -87.943793, 42.959361 ], [ -87.948723, 42.959408 ], [ -87.948645, 42.966648 ] ] ] } },
{ "type": "Feature", "properties": { "geoid": "55079008600", "county_name": "Milwaukee County", "place_name": "Racine", "state_name": "Wisconsin", "state_abbr": "WI", "is_rural": false, "ui_invest_score": 2.0, "ui_invest_quintile": 2, "dci_score": 97.1, "dci_quintile": 1.0, "is_cra_lmi": true, "income_level": "M", "is_persistent_poverty": false, "is_tribal_overlap": false, "tribal_area_name": null, "aian_pct": 0.0, "has_nmtc": false, "nmtc_projects": 0, "nmtc_total_usd": 0.0 }, "geometry": { "type": "Polygon", "coordinates": [ [ [ -87.937481, 43.067798 ], [ -87.937452, 43.069626 ], [ -87.937425, 43.071436 ], [ -87.9332, 43.071381 ], [ -87.933224, 43.069571 ], [ -87.933249, 43.06774 ], [ -87.93255, 43.06773 ], [ -87.932608, 43.06408 ], [ -87.937542, 43.064157 ], [ -87.937481, 43.067798 ] ] ] } },
{ "type": "Feature", "properties": { "geoid": "55079000900", "county_name": "Milwaukee County", "place_name": "La Crosse", "state_name": "Wisconsin", "state_abbr": "WI", "is_rural": false, "ui_invest_score": 3.0, "ui_invest_quintile": 3, "dci_score": 90.2, "dci_quintile": 2.0, "is_cra_lmi": true, "income_level": "L", "is_persistent_poverty": false, "is_tribal_overlap": false, "tribal_area_name": null, "aian_pct": 0.0102, "has_nmtc": true, "nmtc_projects": 5, "nmtc_total_usd": 9500000.0 }, "geometry": { "type": "Polygon", "coordinates": [ [ [ -87.965482, 43.148584 ], [ -87.965198, 43.155868 ], [ -87.957507, 43.155815 ], [ -87.96031, 43.162278 ], [ -87.958116, 43.163087 ], [ -87.950791, 43.163034 ], [ -87.946482, 43.159724 ], [ -87.945139, 43.158692 ], [ -87.945433, 43.148371 ], [ -87.954758, 43.148488 ], [ -87.952608, 43.143508 ], [ -87.951585, 43.141156 ], [ -87.948422, 43.133784 ], [ -87.95176, 43.133826 ], [ -87.953405, 43.135394 ], [ -87.955216, 43.134803 ], [ -87.964914, 43.141274 ], [ -87.965704, 43.141805 ], [ -87.965482, 43.148584 ] ] ] } },
{ "type": "Feature", "properties": { "geoid": "55079012300", "county_name": "Milwaukee County", "place_name": null, "state_name": "Wisconsin", "state_abbr": "WI", "is_rural": false, "ui_invest_score": 2.0, "ui_invest_quintile": 2, "dci_score": 87.8, "dci_quintile": 2.0, "is_cra_lmi": true, "income_level": "L", "is_persistent_poverty": false, "is_tribal_overlap": false, "tribal_area_name": null, "aian_pct": 0.0, "has_nmtc": true, "nmtc_projects": 1, "nmtc_total_usd": 9960000.0 }, "geometry": { "type": "Polygon", "coordinates": [ [ [ -87.966937, 43.042931 ], [ -87.964961, 43.045286 ], [ -87.965413, 43.048783 ], [ -87.957642, 43.048717 ], [ -87.957653, 43.047274 ], [ -87.957664, 43.045887 ], [ -87.957672, 43.044544 ], [ -87.957678, 43.043336 ], [ -87.957685, 43.041665 ], [ -87.957691, 43.040301 ], [ -87.957698, 43.038767 ], [ -87.965171, 43.038816 ], [ -87.966393, 43.039587 ], [ -87.967357, 43.040457 ], [ -87.966937, 43.042931 ] ] ] } },
{ "type": "Feature", "properties": { "geoid": "55079018900", "county_name": "Milwaukee County", "place_name": null, "state_name": "Wisconsin", "state_abbr": "WI", "is_rural": false, "ui_invest_score": 3.0, "ui_invest_quintile": 3, "dci_score": 88.5, "dci_quintile": 2.0, "is_cra_lmi": true, "income_level": "M", "is_persistent_poverty": false, "is_tribal_overlap": false, "tribal_area_name": null, "aian_pct": 0.0, "has_nmtc": true, "nmtc_projects": 1, "nmtc_total_usd": 11474000.0 }, "geometry": { "type": "Polygon", "coordinates": [ [ [ -87.958947, 42.995914 ], [ -87.958019, 43.000361 ], [ -87.955544, 42.999435 ], [ -87.955448, 42.996452 ], [ -87.952989, 42.997924 ], [ -87.95296, 42.99947 ], [ -87.948171, 42.999564 ], [ -87.948205, 42.99589 ], [ -87.948191, 42.992282 ], [ -87.958071, 42.992147 ], [ -87.958061, 42.994124 ], [ -87.958366, 42.994724 ], [ -87.958947, 42.995914 ] ] ] } },
{ "type": "Feature", "properties": { "geoid": "55079002400", "county_name": "Milwaukee County", "place_name": null, "state_name": "Wisconsin", "state_abbr": "WI", "is_rural": false, "ui_invest_score": 3.0, "ui_invest_quintile": 3, "dci_score": 90.2, "dci_quintile": 2.0, "is_cra_lmi": true, "income_level": "M", "is_persistent_poverty": false, "is_tribal_overlap": false, "tribal_area_name": null, "aian_pct": 0.0, "has_nmtc": true, "nmtc_projects": 4, "nmtc_total_usd": 2596240.0 }, "geometry": { "type": "Polygon", "coordinates": [ [ [ -87.960076, 43.111936 ], [ -87.954001, 43.111895 ], [ -87.946469, 43.111819 ], [ -87.946503, 43.1104 ], [ -87.946543, 43.108381 ], [ -87.946655, 43.104498 ], [ -87.94637, 43.103965 ], [ -87.945479, 43.102238 ], [ -87.94372, 43.098933 ], [ -87.945351, 43.098957 ], [ -87.94577, 43.100821 ], [ -87.946757, 43.100834 ], [ -87.953009, 43.100854 ], [ -87.954414, 43.100617 ], [ -87.956558, 43.100761 ], [ -87.956812, 43.10076 ], [ -87.95658, 43.104613 ], [ -87.956546, 43.106413 ], [ -87.957777, 43.106418 ], [ -87.956907, 43.108251 ], [ -87.96108, 43.111941 ], [ -87.960076, 43.111936 ] ] ] } },
{ "type": "Feature", "properties": { "geoid": "55111001002", "county_name": "Sauk County", "place_name": null, "state_name": "Wisconsin", "state_abbr": "WI", "is_rural": true, "ui_invest_score": 1.0, "ui_invest_quintile": 1, "dci_score": 45.4, "dci_quintile": 5.0, "is_cra_lmi": false, "income_level": "Middle", "is_persistent_poverty": false, "is_tribal_overlap": false, "tribal_area_name": null, "aian_pct": 0.0061, "has_nmtc": false, "nmtc_projects": 0, "nmtc_total_usd": 0.0 }, "geometry": { "type": "Polygon", "coordinates": [ [ [ -90.039699, 43.527412 ], [ -90.037537, 43.529807 ], [ -90.036532, 43.530056 ], [ -90.036189, 43.531334 ], [ -90.034719, 43.53194 ], [ -90.033931, 43.532268 ], [ -90.03368, 43.532542 ], [ -90.032929, 43.534093 ], [ -90.032615, 43.534321 ], [ -90.030893, 43.534674 ], [ -90.029697, 43.534729 ], [ -90.026575, 43.534472 ], [ -90.025065, 43.533375 ], [ -90.024204, 43.532909 ], [ -90.022912, 43.532547 ], [ -90.022664, 43.532508 ], [ -90.005093, 43.532499 ], [ -90.003953, 43.532502 ], [ -89.990403, 43.53245 ], [ -89.962392, 43.532595 ], [ -89.955533, 43.532648 ], [ -89.954604, 43.532657 ], [ -89.954524, 43.524796 ], [ -89.953346, 43.522667 ], [ -89.94979, 43.519611 ], [ -89.949318, 43.517761 ], [ -89.950157, 43.505758 ], [ -89.94993, 43.504349 ], [ -89.948242, 43.502031 ], [ -89.945533, 43.496502 ], [ -89.946291, 43.496424 ], [ -89.951287, 43.496113 ], [ -89.954464, 43.496445 ], [ -89.964315, 43.496496 ], [ -89.964204, 43.503684 ], [ -89.973394, 43.50361 ], [ -89.974662, 43.503764 ], [ -89.976555, 43.505723 ], [ -89.979871, 43.506647 ], [ -89.981566, 43.506314 ], [ -89.983424, 43.507554 ], [ -89.993212, 43.510583 ], [ -89.994879, 43.510866 ], [ -90.014033, 43.510793 ], [ -90.014045, 43.513045 ], [ -90.014133, 43.523129 ], [ -90.014193, 43.523358 ], [ -90.014427, 43.523497 ], [ -90.015227, 43.523554 ], [ -90.015668, 43.523645 ], [ -90.015981, 43.523757 ], [ -90.016236, 43.523885 ], [ -90.016363, 43.52403 ], [ -90.016406, 43.524212 ], [ -90.016377, 43.524512 ], [ -90.016097, 43.525296 ], [ -90.025658, 43.525256 ], [ -90.029071, 43.52521 ], [ -90.039378, 43.525083 ], [ -90.039796, 43.525483 ], [ -90.039699, 43.527412 ] ] ] } },
{ "type": "Feature", "properties": { "geoid": "55079005900", "county_name": "Milwaukee County", "place_name": null, "state_name": "Wisconsin", "state_abbr": "WI", "is_rural": false, "ui_invest_score": 3.0, "ui_invest_quintile": 3, "dci_score": 84.0, "dci_quintile": 2.0, "is_cra_lmi": true, "income_level": "M", "is_persistent_poverty": false, "is_tribal_overlap": false, "tribal_area_name": null, "aian_pct": 0.0106, "has_nmtc": false, "nmtc_projects": 0, "nmtc_total_usd": 0.0 }, "geometry": { "type": "Polygon", "coordinates": [ [ [ -87.993526, 43.068035 ], [ -87.993348, 43.069078 ], [ -87.992048, 43.07052 ], [ -87.991988, 43.071679 ], [ -87.980935, 43.071656 ], [ -87.978606, 43.071635 ], [ -87.978639, 43.069794 ], [ -87.978671, 43.067978 ], [ -87.97869, 43.066124 ], [ -87.978711, 43.064303 ], [ -87.981902, 43.064323 ], [ -87.987504, 43.064376 ], [ -87.989201, 43.064355 ], [ -87.989182, 43.066173 ], [ -87.989178, 43.067612 ], [ -87.990852, 43.067579 ], [ -87.992101, 43.066183 ], [ -87.993536, 43.066188 ], [ -87.993526, 43.068035 ] ] ] } },
{ "type": "Feature", "properties": { "geoid": "55079002700", "county_name": "Milwaukee County", "place_name": null, "state_name": "Wisconsin", "state_abbr": "WI", "is_rural": false, "ui_invest_score": 3.0, "ui_invest_quintile": 3, "dci_score": 94.8, "dci_quintile": 1.0, "is_cra_lmi": true, "income_level": "L", "is_persistent_poverty": false, "is_tribal_overlap": false, "tribal_area_name": null, "aian_pct": 0.0, "has_nmtc": false, "nmtc_projects": 0, "nmtc_total_usd": 0.0 }, "geometry": { "type": "Polygon", "coordinates": [ [ [ -87.976839, 43.09923 ], [ -87.97672, 43.103911 ], [ -87.976542, 43.104653 ], [ -87.973961, 43.104644 ], [ -87.970284, 43.104633 ], [ -87.966527, 43.104621 ], [ -87.966797, 43.103403 ], [ -87.966815, 43.102572 ], [ -87.966911, 43.098951 ], [ -87.96696, 43.097414 ], [ -87.966991, 43.09685 ], [ -87.972214, 43.09688 ], [ -87.973405, 43.097198 ], [ -87.976888, 43.097208 ], [ -87.976839, 43.09923 ] ] ] } },
{ "type": "Feature", "properties": { "geoid": "55079185600", "county_name": "Milwaukee County", "place_name": null, "state_name": "Wisconsin", "state_abbr": "WI", "is_rural": false, "ui_invest_score": 1.0, "ui_invest_quintile": 1, "dci_score": 66.8, "dci_quintile": 4.0, "is_cra_lmi": false, "income_level": "NA", "is_persistent_poverty": false, "is_tribal_overlap": false, "tribal_area_name": null, "aian_pct": 0.0123, "has_nmtc": true, "nmtc_projects": 3, "nmtc_total_usd": 16600000.0 }, "geometry": { "type": "Polygon", "coordinates": [ [ [ -87.919873, 43.063944 ], [ -87.914108, 43.063922 ], [ -87.909618, 43.063887 ], [ -87.909653, 43.060254 ], [ -87.90968, 43.059073 ], [ -87.909721, 43.056454 ], [ -87.914224, 43.056476 ], [ -87.918529, 43.056505 ], [ -87.919973, 43.058781 ], [ -87.919873, 43.063944 ] ] ] } },
{ "type": "Feature", "properties": { "geoid": "55001950201", "county_name": "Adams County", "place_name": null, "state_name": "Wisconsin", "state_abbr": "WI", "is_rural": true, "ui_invest_score": 3.0, "ui_invest_quintile": 3, "dci_score": 62.7, "dci_quintile": 4.0, "is_cra_lmi": true, "income_level": "Middle", "is_persistent_poverty": false, "is_tribal_overlap": false, "tribal_area_name": null, "aian_pct": 0.0151, "has_nmtc": false, "nmtc_projects": 0, "nmtc_total_usd": 0.0 }, "geometry": { "type": "Polygon", "coordinates": [ [ [ -90.018701, 44.048006 ], [ -90.013633, 44.048184 ], [ -89.988975, 44.0466 ], [ -89.974229, 44.046725 ], [ -89.971934, 44.046314 ], [ -89.959843, 44.040536 ], [ -89.958343, 44.039963 ], [ -89.956894, 44.039726 ], [ -89.897717, 44.039333 ], [ -89.893635, 44.039225 ], [ -89.892851, 44.039083 ], [ -89.890228, 44.038022 ], [ -89.888897, 44.036865 ], [ -89.887857, 44.034918 ], [ -89.88778, 44.026399 ], [ -89.886625, 44.02519 ], [ -89.877835, 44.024771 ], [ -89.867773, 44.024797 ], [ -89.83756, 44.024923 ], [ -89.747957, 44.025154 ], [ -89.747683, 44.010701 ], [ -89.737742, 44.010796 ], [ -89.737519, 43.992719 ], [ -89.741957, 43.987867 ], [ -89.74234, 43.985827 ], [ -89.740874, 43.983715 ], [ -89.738914, 43.981852 ], [ -89.7578, 43.981794 ], [ -89.761342, 43.980963 ], [ -89.767673, 43.980091 ], [ -89.772169, 43.980048 ], [ -89.777363, 43.978311 ], [ -89.791925, 43.978199 ], [ -89.793469, 43.977878 ], [ -89.795108, 43.977057 ], [ -89.797785, 43.974803 ], [ -89.797875, 43.981437 ], [ -89.797444, 43.996178 ], [ -89.797712, 44.004199 ], [ -89.802468, 44.002118 ], [ -89.807655, 44.001972 ], [ -89.808842, 44.00128 ], [ -89.808624, 43.999967 ], [ -89.81074, 43.99877 ], [ -89.810739, 43.997986 ], [ -89.813943, 43.998236 ], [ -89.816413, 43.999484 ], [ -89.819919, 43.99959 ], [ -89.822104, 43.998552 ], [ -89.824316, 43.998462 ], [ -89.826192, 43.996322 ], [ -89.82862, 43.995897 ], [ -89.829261, 43.994197 ], [ -89.831255, 43.992903 ], [ -89.835367, 43.99113 ], [ -89.837539, 43.991629 ], [ -89.837491, 43.988866 ], [ -89.838983, 43.987688 ], [ -89.839903, 43.983847 ], [ -89.842514, 43.981459 ], [ -89.849764, 43.981458 ], [ -89.850252, 43.981014 ], [ -89.852845, 43.979188 ], [ -89.857867, 43.978414 ], [ -89.859107, 43.979106 ], [ -89.863978, 43.979658 ], [ -89.866858, 43.978785 ], [ -89.867171, 43.979592 ], [ -89.870072, 43.979213 ], [ -89.871998, 43.980961 ], [ -89.873771, 43.980931 ], [ -89.874434, 43.979962 ], [ -89.877631, 43.979114 ], [ -89.880109, 43.979882 ], [ -89.883429, 43.979955 ], [ -89.884037, 43.978054 ], [ -89.887302, 43.978218 ], [ -89.889837, 43.977694 ], [ -89.889594, 43.976845 ], [ -89.894527, 43.974162 ], [ -89.894562, 43.974827 ], [ -89.897653, 43.97444 ], [ -89.899136, 43.972209 ], [ -89.901191, 43.972336 ], [ -89.902256, 43.970758 ], [ -89.905313, 43.970733 ], [ -89.90906, 43.968936 ], [ -89.911851, 43.970269 ], [ -89.918456, 43.967774 ], [ -89.920573, 43.968857 ], [ -89.923889, 43.967217 ], [ -89.928708, 43.968885 ], [ -89.936843, 43.966271 ], [ -89.937725, 43.96629 ], [ -89.9464, 43.96648 ], [ -89.962711, 43.966282 ], [ -89.962412, 43.967987 ], [ -89.962601, 43.979236 ], [ -89.963118, 43.981486 ], [ -89.963565, 43.983695 ], [ -89.965541, 43.98738 ], [ -89.966301, 43.98925 ], [ -89.968154, 43.991612 ], [ -89.974295, 43.99606 ], [ -89.977247, 43.997543 ], [ -89.983443, 44.000033 ], [ -89.986766, 44.001601 ], [ -89.993743, 44.004214 ], [ -90.001095, 44.005912 ], [ -90.004796, 44.007341 ], [ -90.005887, 44.008391 ], [ -90.00566, 44.011836 ], [ -90.004705, 44.012985 ], [ -90.001385, 44.014986 ], [ -89.999925, 44.016482 ], [ -89.99856, 44.02055 ], [ -89.998469, 44.022551 ], [ -89.998977, 44.024045 ], [ -90.000281, 44.025189 ], [ -90.002775, 44.029072 ], [ -90.003625, 44.031524 ], [ -90.005892, 44.034466 ], [ -90.009263, 44.036858 ], [ -90.015643, 44.041788 ], [ -90.016774, 44.043058 ], [ -90.018701, 44.048006 ] ] ] } },
{ "type": "Feature", "properties": { "geoid": "55133202303", "county_name": "Waukesha County", "place_name": "Milwaukee", "state_name": "Wisconsin", "state_abbr": "WI", "is_rural": false, "ui_invest_score": 3.0, "ui_invest_quintile": 3, "dci_score": 2.6, "dci_quintile": 5.0, "is_cra_lmi": false, "income_level": "Middle", "is_persistent_poverty": false, "is_tribal_overlap": false, "tribal_area_name": null, "aian_pct": 0.0, "has_nmtc": false, "nmtc_projects": 0, "nmtc_total_usd": 0.0 }, "geometry": { "type": "Polygon", "coordinates": [ [ [ -88.240219, 42.966418 ], [ -88.239925, 42.976958 ], [ -88.239691, 42.985106 ], [ -88.239624, 42.986207 ], [ -88.239023, 42.988262 ], [ -88.238802, 42.988263 ], [ -88.238408, 42.98822 ], [ -88.232176, 42.988309 ], [ -88.227177, 42.988401 ], [ -88.226353, 42.988413 ], [ -88.224082, 42.988356 ], [ -88.223862, 42.97848 ], [ -88.224347, 42.977962 ], [ -88.224284, 42.97747 ], [ -88.224945, 42.975962 ], [ -88.225721, 42.974131 ], [ -88.223093, 42.968365 ], [ -88.223088, 42.959389 ], [ -88.228007, 42.959371 ], [ -88.240416, 42.959246 ], [ -88.240219, 42.966418 ] ] ] } },
{ "type": "Feature", "properties": { "geoid": "55025001606", "county_name": "Dane County", "place_name": "Milwaukee", "state_name": "Wisconsin", "state_abbr": "WI", "is_rural": false, "ui_invest_score": 2.0, "ui_invest_quintile": 2, "dci_score": 38.1, "dci_quintile": 5.0, "is_cra_lmi": false, "income_level": "NA", "is_persistent_poverty": false, "is_tribal_overlap": false, "tribal_area_name": null, "aian_pct": 0.0012, "has_nmtc": true, "nmtc_projects": 2, "nmtc_total_usd": 11093729.0 }, "geometry": { "type": "Polygon", "coordinates": [ [ [ -89.400886, 43.069885 ], [ -89.400833, 43.070965 ], [ -89.400734, 43.072088 ], [ -89.395871, 43.072013 ], [ -89.393532, 43.072271 ], [ -89.391725, 43.073513 ], [ -89.390872, 43.072854 ], [ -89.388878, 43.071361 ], [ -89.393817, 43.06787 ], [ -89.393967, 43.067764 ], [ -89.395127, 43.066998 ], [ -89.397362, 43.067638 ], [ -89.400941, 43.06765 ], [ -89.400886, 43.069885 ] ] ] } },
{ "type": "Feature", "properties": { "geoid": "55001950400", "county_name": "Adams County", "place_name": null, "state_name": "Wisconsin", "state_abbr": "WI", "is_rural": true, "ui_invest_score": 3.0, "ui_invest_quintile": 3, "dci_score": 80.9, "dci_quintile": 3.0, "is_cra_lmi": true, "income_level": "M", "is_persistent_poverty": false, "is_tribal_overlap": true, "tribal_area_name": "Ho-Chunk Nation Off-Reservation Trust Land", "aian_pct": 0.0029, "has_nmtc": false, "nmtc_projects": 0, "nmtc_total_usd": 0.0 }, "geometry": { "type": "Polygon", "coordinates": [ [ [ -89.937725, 43.96629 ], [ -89.936843, 43.966271 ], [ -89.928708, 43.968885 ], [ -89.923889, 43.967217 ], [ -89.920573, 43.968857 ], [ -89.918456, 43.967774 ], [ -89.911851, 43.970269 ], [ -89.90906, 43.968936 ], [ -89.905313, 43.970733 ], [ -89.902256, 43.970758 ], [ -89.901191, 43.972336 ], [ -89.899136, 43.972209 ], [ -89.897653, 43.97444 ], [ -89.894562, 43.974827 ], [ -89.894527, 43.974162 ], [ -89.889594, 43.976845 ], [ -89.889837, 43.977694 ], [ -89.887302, 43.978218 ], [ -89.884037, 43.978054 ], [ -89.883429, 43.979955 ], [ -89.880109, 43.979882 ], [ -89.877631, 43.979114 ], [ -89.874434, 43.979962 ], [ -89.873771, 43.980931 ], [ -89.871998, 43.980961 ], [ -89.870072, 43.979213 ], [ -89.867171, 43.979592 ], [ -89.866858, 43.978785 ], [ -89.863978, 43.979658 ], [ -89.859107, 43.979106 ], [ -89.857867, 43.978414 ], [ -89.852845, 43.979188 ], [ -89.850252, 43.981014 ], [ -89.849764, 43.981458 ], [ -89.842514, 43.981459 ], [ -89.839903, 43.983847 ], [ -89.838983, 43.987688 ], [ -89.837491, 43.988866 ], [ -89.837539, 43.991629 ], [ -89.835367, 43.99113 ], [ -89.831255, 43.992903 ], [ -89.829261, 43.994197 ], [ -89.82862, 43.995897 ], [ -89.826192, 43.996322 ], [ -89.824316, 43.998462 ], [ -89.822104, 43.998552 ], [ -89.819919, 43.99959 ], [ -89.816413, 43.999484 ], [ -89.813943, 43.998236 ], [ -89.810739, 43.997986 ], [ -89.81074, 43.99877 ], [ -89.808624, 43.999967 ], [ -89.808842, 44.00128 ], [ -89.807655, 44.001972 ], [ -89.802468, 44.002118 ], [ -89.797712, 44.004199 ], [ -89.797444, 43.996178 ], [ -89.797875, 43.981437 ], [ -89.797785, 43.974803 ], [ -89.795108, 43.977057 ], [ -89.793469, 43.977878 ], [ -89.791925, 43.978199 ], [ -89.777363, 43.978311 ], [ -89.772169, 43.980048 ], [ -89.767673, 43.980091 ], [ -89.761342, 43.980963 ], [ -89.7578, 43.981794 ], [ -89.738914, 43.981852 ], [ -89.717622, 43.981953 ], [ -89.705252, 43.981925 ], [ -89.700999, 43.981963 ], [ -89.697203, 43.983255 ], [ -89.691233, 43.983676 ], [ -89.687051, 43.983505 ], [ -89.680093, 43.98203 ], [ -89.648593, 43.982098 ], [ -89.647211, 43.982195 ], [ -89.645316, 43.982544 ], [ -89.644486, 43.982623 ], [ -89.643661, 43.982563 ], [ -89.641526, 43.982112 ], [ -89.59795, 43.9821 ], [ -89.59808, 43.97432 ], [ -89.59792, 43.97393 ], [ -89.59735, 43.89438 ], [ -89.59733, 43.87606 ], [ -89.617421, 43.876144 ], [ -89.617368, 43.883416 ], [ -89.616848, 43.885677 ], [ -89.617342, 43.887536 ], [ -89.617366, 43.890422 ], [ -89.621898, 43.890603 ], [ -89.677479, 43.890626 ], [ -89.677669, 43.894369 ], [ -89.69777, 43.894383 ], [ -89.716685, 43.894397 ], [ -89.718123, 43.894399 ], [ -89.797075, 43.894081 ], [ -89.797256, 43.901394 ], [ -89.817182, 43.901497 ], [ -89.847417, 43.901609 ], [ -89.84742, 43.923241 ], [ -89.897613, 43.92275 ], [ -89.917588, 43.922704 ], [ -89.917694, 43.929682 ], [ -89.917567, 43.958972 ], [ -89.937595, 43.958879 ], [ -89.937725, 43.96629 ] ] ] } },
{ "type": "Feature", "properties": { "geoid": "55079019000", "county_name": "Milwaukee County", "place_name": null, "state_name": "Wisconsin", "state_abbr": "WI", "is_rural": false, "ui_invest_score": 3.0, "ui_invest_quintile": 3, "dci_score": 60.2, "dci_quintile": 4.0, "is_cra_lmi": false, "income_level": "Middle", "is_persistent_poverty": false, "is_tribal_overlap": false, "tribal_area_name": null, "aian_pct": 0.005, "has_nmtc": false, "nmtc_projects": 0, "nmtc_total_usd": 0.0 }, "geometry": { "type": "Polygon", "coordinates": [ [ [ -87.977778, 42.992044 ], [ -87.977705, 42.995643 ], [ -87.977272, 42.999088 ], [ -87.977645, 42.999278 ], [ -87.977623, 43.000313 ], [ -87.977576, 43.002917 ], [ -87.975703, 43.002892 ], [ -87.97757, 43.003707 ], [ -87.977567, 43.003849 ], [ -87.968509, 43.000788 ], [ -87.968505, 43.002902 ], [ -87.961118, 43.002991 ], [ -87.957932, 43.00303 ], [ -87.958019, 43.000361 ], [ -87.958947, 42.995914 ], [ -87.958366, 42.994724 ], [ -87.958061, 42.994124 ], [ -87.958071, 42.992147 ], [ -87.958096, 42.988459 ], [ -87.960528, 42.988431 ], [ -87.962973, 42.988404 ], [ -87.967886, 42.98835 ], [ -87.969137, 42.988359 ], [ -87.970381, 42.988368 ], [ -87.977852, 42.98842 ], [ -87.977778, 42.992044 ] ] ] } },
{ "type": "Feature", "properties": { "geoid": "55095960302", "county_name": "Polk County", "place_name": null, "state_name": "Wisconsin", "state_abbr": "WI", "is_rural": true, "ui_invest_score": 3.0, "ui_invest_quintile": 3, "dci_score": 57.9, "dci_quintile": 4.0, "is_cra_lmi": true, "income_level": "M", "is_persistent_poverty": false, "is_tribal_overlap": true, "tribal_area_name": "St. Croix Reservation", "aian_pct": 0.0092, "has_nmtc": false, "nmtc_projects": 0, "nmtc_total_usd": 0.0 }, "geometry": { "type": "Polygon", "coordinates": [ [ [ -92.527841, 45.523201 ], [ -92.527381, 45.524458 ], [ -92.526803, 45.525165 ], [ -92.526235, 45.525643 ], [ -92.524922, 45.526333 ], [ -92.525425, 45.526717 ], [ -92.527799, 45.526793 ], [ -92.527956, 45.54121 ], [ -92.488532, 45.540982 ], [ -92.457909, 45.540881 ], [ -92.457834, 45.555183 ], [ -92.457784, 45.556663 ], [ -92.457762, 45.558693 ], [ -92.45787, 45.562262 ], [ -92.453231, 45.562214 ], [ -92.450073, 45.561619 ], [ -92.444573, 45.561737 ], [ -92.438804, 45.564144 ], [ -92.438271, 45.565479 ], [ -92.43428, 45.566521 ], [ -92.429183, 45.565876 ], [ -92.425526, 45.569008 ], [ -92.410394, 45.568909 ], [ -92.406713, 45.570163 ], [ -92.403844, 45.570215 ], [ -92.401387, 45.568733 ], [ -92.37941, 45.568503 ], [ -92.376916, 45.567876 ], [ -92.376134, 45.566751 ], [ -92.376337, 45.554105 ], [ -92.37645, 45.55117 ], [ -92.376643, 45.542423 ], [ -92.376033, 45.541199 ], [ -92.374171, 45.540455 ], [ -92.369381, 45.540397 ], [ -92.367537, 45.539923 ], [ -92.366579, 45.538906 ], [ -92.366441, 45.538304 ], [ -92.367286, 45.497953 ], [ -92.387579, 45.497461 ], [ -92.406803, 45.497241 ], [ -92.406846, 45.48277 ], [ -92.409691, 45.482835 ], [ -92.411851, 45.482352 ], [ -92.412407, 45.480538 ], [ -92.413401, 45.479875 ], [ -92.417596, 45.48142 ], [ -92.427074, 45.481683 ], [ -92.427858, 45.483474 ], [ -92.43482, 45.483702 ], [ -92.44032, 45.483636 ], [ -92.440335, 45.482592 ], [ -92.438803, 45.480106 ], [ -92.438493, 45.477127 ], [ -92.439647, 45.475554 ], [ -92.437288, 45.471946 ], [ -92.434499, 45.468646 ], [ -92.44907, 45.468866 ], [ -92.448864, 45.470096 ], [ -92.447812, 45.470681 ], [ -92.447668, 45.472432 ], [ -92.452634, 45.471658 ], [ -92.452887, 45.471089 ], [ -92.45308, 45.468951 ], [ -92.458243, 45.468944 ], [ -92.468558, 45.469038 ], [ -92.472457, 45.469085 ], [ -92.474476, 45.470241 ], [ -92.480329, 45.470878 ], [ -92.481029, 45.470799 ], [ -92.48379, 45.469207 ], [ -92.488093, 45.469324 ], [ -92.488146, 45.472845 ], [ -92.489343, 45.474074 ], [ -92.48822, 45.477246 ], [ -92.488922, 45.47992 ], [ -92.493151, 45.479911 ], [ -92.493442, 45.483445 ], [ -92.509025, 45.483428 ], [ -92.509045, 45.473434 ], [ -92.509735, 45.472644 ], [ -92.515232, 45.46912 ], [ -92.529533, 45.468936 ], [ -92.527841, 45.523201 ] ] ] } },
{ "type": "Feature", "properties": { "geoid": "55079186400", "county_name": "Milwaukee County", "place_name": null, "state_name": "Wisconsin", "state_abbr": "WI", "is_rural": false, "ui_invest_score": 2.0, "ui_invest_quintile": 2, "dci_score": 96.6, "dci_quintile": 1.0, "is_cra_lmi": false, "income_level": "U", "is_persistent_poverty": false, "is_tribal_overlap": false, "tribal_area_name": null, "aian_pct": 0.0, "has_nmtc": true, "nmtc_projects": 2, "nmtc_total_usd": 24813486.0 }, "geometry": { "type": "Polygon", "coordinates": [ [ [ -87.944995, 43.036131 ], [ -87.937914, 43.03612 ], [ -87.937904, 43.037485 ], [ -87.937896, 43.038681 ], [ -87.936658, 43.038678 ], [ -87.932959, 43.038668 ], [ -87.92721, 43.038653 ], [ -87.927174, 43.041589 ], [ -87.925822, 43.04159 ], [ -87.925849, 43.040215 ], [ -87.92167, 43.04021 ], [ -87.921841, 43.037445 ], [ -87.920514, 43.035581 ], [ -87.923541, 43.034716 ], [ -87.928206, 43.034745 ], [ -87.932933, 43.034756 ], [ -87.944827, 43.034776 ], [ -87.944994, 43.035339 ], [ -87.944994, 43.035551 ], [ -87.944995, 43.036131 ] ] ] } },
{ "type": "Feature", "properties": { "geoid": "55025001502", "county_name": "Dane County", "place_name": "Milwaukee", "state_name": "Wisconsin", "state_abbr": "WI", "is_rural": false, "ui_invest_score": 1.0, "ui_invest_quintile": 1, "dci_score": 64.3, "dci_quintile": 4.0, "is_cra_lmi": false, "income_level": "Middle", "is_persistent_poverty": false, "is_tribal_overlap": false, "tribal_area_name": null, "aian_pct": 0.0055, "has_nmtc": true, "nmtc_projects": 11, "nmtc_total_usd": 192019000.0 }, "geometry": { "type": "Polygon", "coordinates": [ [ [ -89.393851, 43.036077 ], [ -89.388536, 43.03746 ], [ -89.387753, 43.037659 ], [ -89.378218, 43.040365 ], [ -89.37433, 43.041612 ], [ -89.368756, 43.043269 ], [ -89.366872, 43.043397 ], [ -89.365821, 43.043459 ], [ -89.359147, 43.043739 ], [ -89.357871, 43.043796 ], [ -89.354223, 43.043804 ], [ -89.354206, 43.043937 ], [ -89.353668, 43.045813 ], [ -89.350926, 43.047144 ], [ -89.347387, 43.047132 ], [ -89.340555, 43.047091 ], [ -89.336108, 43.047073 ], [ -89.334422, 43.046201 ], [ -89.332009, 43.046864 ], [ -89.328559, 43.045654 ], [ -89.328332, 43.045575 ], [ -89.327707, 43.043526 ], [ -89.325703, 43.044124 ], [ -89.328787, 43.041337 ], [ -89.327155, 43.041842 ], [ -89.325486, 43.042354 ], [ -89.323708, 43.041678 ], [ -89.320036, 43.042645 ], [ -89.313843, 43.042848 ], [ -89.313011, 43.044914 ], [ -89.312551, 43.042371 ], [ -89.310978, 43.041166 ], [ -89.310417, 43.040462 ], [ -89.309704, 43.037354 ], [ -89.311439, 43.034671 ], [ -89.313256, 43.033988 ], [ -89.31633, 43.033647 ], [ -89.317976, 43.033267 ], [ -89.321536, 43.035 ], [ -89.321742, 43.034774 ], [ -89.322256, 43.035053 ], [ -89.323107, 43.034825 ], [ -89.329611, 43.028603 ], [ -89.329938, 43.027598 ], [ -89.328565, 43.026377 ], [ -89.329617, 43.025477 ], [ -89.335496, 43.025469 ], [ -89.340433, 43.025478 ], [ -89.345371, 43.025479 ], [ -89.345496, 43.0302 ], [ -89.347316, 43.030813 ], [ -89.349069, 43.029789 ], [ -89.35235, 43.025623 ], [ -89.355299, 43.025487 ], [ -89.364904, 43.0255 ], [ -89.364781, 43.028495 ], [ -89.374584, 43.028754 ], [ -89.374653, 43.027392 ], [ -89.378439, 43.026698 ], [ -89.381756, 43.025941 ], [ -89.382916, 43.025808 ], [ -89.383003, 43.025794 ], [ -89.384778, 43.02949 ], [ -89.386417, 43.031128 ], [ -89.387033, 43.031545 ], [ -89.389711, 43.032857 ], [ -89.392018, 43.033929 ], [ -89.393851, 43.036077 ] ] ] } },
{ "type": "Feature", "properties": { "geoid": "55059001300", "county_name": "Kenosha County", "place_name": null, "state_name": "Wisconsin", "state_abbr": "WI", "is_rural": false, "ui_invest_score": 1.0, "ui_invest_quintile": 1, "dci_score": 38.7, "dci_quintile": 5.0, "is_cra_lmi": true, "income_level": "M", "is_persistent_poverty": false, "is_tribal_overlap": false, "tribal_area_name": null, "aian_pct": 0.0073, "has_nmtc": true, "nmtc_projects": 1, "nmtc_total_usd": 23140000.0 }, "geometry": { "type": "Polygon", "coordinates": [ [ [ -87.884187, 42.581679 ], [ -87.883922, 42.582758 ], [ -87.883863, 42.582999 ], [ -87.882404, 42.588818 ], [ -87.87102, 42.588595 ], [ -87.86554, 42.588501 ], [ -87.863238, 42.588462 ], [ -87.855731, 42.588335 ], [ -87.855659, 42.584227 ], [ -87.855618, 42.58195 ], [ -87.855405, 42.581027 ], [ -87.861605, 42.581152 ], [ -87.865126, 42.581224 ], [ -87.869754, 42.581298 ], [ -87.870989, 42.581318 ], [ -87.879474, 42.581446 ], [ -87.88405, 42.581512 ], [ -87.884007, 42.581677 ], [ -87.884187, 42.581679 ] ] ] } },
{ "type": "Feature", "properties": { "geoid": "55079002000", "county_name": "Milwaukee County", "place_name": null, "state_name": "Wisconsin", "state_abbr": "WI", "is_rural": false, "ui_invest_score": 3.0, "ui_invest_quintile": 3, "dci_score": 92.4, "dci_quintile": 1.0, "is_cra_lmi": true, "income_level": "L", "is_persistent_poverty": false, "is_tribal_overlap": false, "tribal_area_name": null, "aian_pct": 0.0008, "has_nmtc": false, "nmtc_projects": 0, "nmtc_total_usd": 0.0 }, "geometry": { "type": "Polygon", "coordinates": [ [ [ -87.976279, 43.115661 ], [ -87.976238, 43.119338 ], [ -87.967602, 43.119299 ], [ -87.96627, 43.119293 ], [ -87.963495, 43.119196 ], [ -87.959907, 43.119184 ], [ -87.959997, 43.115606 ], [ -87.960036, 43.113784 ], [ -87.960076, 43.111936 ], [ -87.96108, 43.111941 ], [ -87.963324, 43.11195 ], [ -87.966411, 43.111963 ], [ -87.968933, 43.111971 ], [ -87.971314, 43.111977 ], [ -87.976319, 43.111991 ], [ -87.976279, 43.115661 ] ] ] } },
{ "type": "Feature", "properties": { "geoid": "55021970401", "county_name": "Columbia County", "place_name": null, "state_name": "Wisconsin", "state_abbr": "WI", "is_rural": true, "ui_invest_score": 3.0, "ui_invest_quintile": 3, "dci_score": 67.0, "dci_quintile": 4.0, "is_cra_lmi": true, "income_level": "M", "is_persistent_poverty": false, "is_tribal_overlap": false, "tribal_area_name": null, "aian_pct": 0.0227, "has_nmtc": false, "nmtc_projects": 0, "nmtc_total_usd": 0.0 }, "geometry": { "type": "Polygon", "coordinates": [ [ [ -89.543825, 43.591776 ], [ -89.539017, 43.591359 ], [ -89.53399, 43.591257 ], [ -89.523661, 43.589305 ], [ -89.521527, 43.588257 ], [ -89.521702, 43.591356 ], [ -89.529309, 43.601851 ], [ -89.528369, 43.605062 ], [ -89.528754, 43.606926 ], [ -89.525615, 43.605929 ], [ -89.521948, 43.604014 ], [ -89.51729, 43.603134 ], [ -89.513011, 43.603066 ], [ -89.50802, 43.601217 ], [ -89.502622, 43.598317 ], [ -89.498658, 43.595467 ], [ -89.494436, 43.594026 ], [ -89.490626, 43.593219 ], [ -89.48389, 43.590995 ], [ -89.476984, 43.588059 ], [ -89.471123, 43.584592 ], [ -89.469637, 43.584442 ], [ -89.469515, 43.573473 ], [ -89.469513, 43.560308 ], [ -89.468868, 43.558198 ], [ -89.467657, 43.552561 ], [ -89.465157, 43.547193 ], [ -89.47157, 43.547144 ], [ -89.474949, 43.547532 ], [ -89.478296, 43.548872 ], [ -89.484077, 43.55193 ], [ -89.493974, 43.554887 ], [ -89.495121, 43.555098 ], [ -89.498953, 43.555475 ], [ -89.514863, 43.556524 ], [ -89.523716, 43.558032 ], [ -89.523777, 43.562302 ], [ -89.529648, 43.562282 ], [ -89.534263, 43.564303 ], [ -89.536555, 43.564688 ], [ -89.540065, 43.566082 ], [ -89.539955, 43.56836 ], [ -89.538866, 43.569919 ], [ -89.539147, 43.576821 ], [ -89.543843, 43.577089 ], [ -89.543825, 43.591776 ] ] ] } },
{ "type": "Feature", "properties": { "geoid": "55001950502", "county_name": "Adams County", "place_name": null, "state_name": "Wisconsin", "state_abbr": "WI", "is_rural": true, "ui_invest_score": 3.0, "ui_invest_quintile": 3, "dci_score": 55.9, "dci_quintile": 4.0, "is_cra_lmi": true, "income_level": "M", "is_persistent_poverty": false, "is_tribal_overlap": false, "tribal_area_name": null, "aian_pct": 0.0174, "has_nmtc": false, "nmtc_projects": 0, "nmtc_total_usd": 0.0 }, "geometry": { "type": "Polygon", "coordinates": [ [ [ -89.913696, 43.818414 ], [ -89.877752, 43.818514 ], [ -89.837169, 43.818476 ], [ -89.836031, 43.819875 ], [ -89.819993, 43.83072 ], [ -89.817707, 43.832815 ], [ -89.817265, 43.833712 ], [ -89.817104, 43.836771 ], [ -89.817085, 43.837539 ], [ -89.817099, 43.843601 ], [ -89.817206, 43.894175 ], [ -89.817182, 43.901497 ], [ -89.797256, 43.901394 ], [ -89.797075, 43.894081 ], [ -89.718123, 43.894399 ], [ -89.716685, 43.894397 ], [ -89.69777, 43.894383 ], [ -89.677669, 43.894369 ], [ -89.677479, 43.890626 ], [ -89.621898, 43.890603 ], [ -89.617366, 43.890422 ], [ -89.617342, 43.887536 ], [ -89.616848, 43.885677 ], [ -89.617368, 43.883416 ], [ -89.617421, 43.876144 ], [ -89.59733, 43.87606 ], [ -89.597435, 43.861936 ], [ -89.59734, 43.86101 ], [ -89.59794, 43.84708 ], [ -89.59781, 43.82517 ], [ -89.643328, 43.825347 ], [ -89.677926, 43.825366 ], [ -89.678698, 43.825405 ], [ -89.680152, 43.825754 ], [ -89.683827, 43.827583 ], [ -89.694885, 43.83251 ], [ -89.716904, 43.832608 ], [ -89.716798, 43.81814 ], [ -89.717112, 43.774469 ], [ -89.71715, 43.769679 ], [ -89.71729, 43.748041 ], [ -89.717502, 43.730896 ], [ -89.812504, 43.731161 ], [ -89.812847, 43.731113 ], [ -89.813534, 43.730838 ], [ -89.813878, 43.730542 ], [ -89.814211, 43.730494 ], [ -89.814544, 43.730536 ], [ -89.814839, 43.73073 ], [ -89.814847, 43.731109 ], [ -89.814989, 43.731151 ], [ -89.838548, 43.731149 ], [ -89.84125, 43.736677 ], [ -89.842832, 43.752346 ], [ -89.843346, 43.754409 ], [ -89.842905, 43.75748 ], [ -89.846127, 43.760146 ], [ -89.848986, 43.763097 ], [ -89.849575, 43.766652 ], [ -89.850465, 43.768679 ], [ -89.851754, 43.769888 ], [ -89.855007, 43.771216 ], [ -89.856899, 43.77273 ], [ -89.858488, 43.774726 ], [ -89.860756, 43.779045 ], [ -89.864042, 43.781517 ], [ -89.865132, 43.783414 ], [ -89.869613, 43.785795 ], [ -89.87355, 43.788779 ], [ -89.876965, 43.790783 ], [ -89.889778, 43.796714 ], [ -89.893612, 43.799745 ], [ -89.897064, 43.804665 ], [ -89.899003, 43.810225 ], [ -89.902839, 43.814086 ], [ -89.904186, 43.814675 ], [ -89.910141, 43.816176 ], [ -89.913696, 43.818414 ] ] ] } },
{ "type": "Feature", "properties": { "geoid": "55079000201", "county_name": "Milwaukee County", "place_name": null, "state_name": "Wisconsin", "state_abbr": "WI", "is_rural": false, "ui_invest_score": 1.0, "ui_invest_quintile": 1, "dci_score": 69.8, "dci_quintile": 3.0, "is_cra_lmi": true, "income_level": "L", "is_persistent_poverty": false, "is_tribal_overlap": false, "tribal_area_name": null, "aian_pct": 0.0, "has_nmtc": true, "nmtc_projects": 4, "nmtc_total_usd": 18170000.0 }, "geometry": { "type": "Polygon", "coordinates": [ [ [ -88.064095, 43.173677 ], [ -88.063672, 43.176844 ], [ -88.063403, 43.190025 ], [ -88.063353, 43.192117 ], [ -88.023724, 43.192487 ], [ -88.024069, 43.184959 ], [ -88.024181, 43.182458 ], [ -88.024343, 43.177599 ], [ -88.028496, 43.177562 ], [ -88.034133, 43.177515 ], [ -88.044157, 43.177491 ], [ -88.04422, 43.176406 ], [ -88.044459, 43.162934 ], [ -88.064276, 43.16249 ], [ -88.064095, 43.173677 ] ] ] } },
{ "type": "Feature", "properties": { "geoid": "55079004500", "county_name": "Milwaukee County", "place_name": null, "state_name": "Wisconsin", "state_abbr": "WI", "is_rural": false, "ui_invest_score": 3.0, "ui_invest_quintile": 3, "dci_score": 91.0, "dci_quintile": 1.0, "is_cra_lmi": true, "income_level": "L", "is_persistent_poverty": false, "is_tribal_overlap": false, "tribal_area_name": null, "aian_pct": 0.0, "has_nmtc": false, "nmtc_projects": 0, "nmtc_total_usd": 0.0 }, "geometry": { "type": "Polygon", "coordinates": [ [ [ -87.927095, 43.089382 ], [ -87.924613, 43.089363 ], [ -87.92185, 43.089341 ], [ -87.917192, 43.089307 ], [ -87.917302, 43.085519 ], [ -87.917402, 43.082098 ], [ -87.918385, 43.081712 ], [ -87.920602, 43.081627 ], [ -87.92238, 43.081642 ], [ -87.924846, 43.081662 ], [ -87.926081, 43.081672 ], [ -87.927302, 43.081674 ], [ -87.927095, 43.089382 ] ] ] } },
{ "type": "Feature", "properties": { "geoid": "55079100100", "county_name": "Milwaukee County", "place_name": null, "state_name": "Wisconsin", "state_abbr": "WI", "is_rural": false, "ui_invest_score": 3.0, "ui_invest_quintile": 3, "dci_score": 68.2, "dci_quintile": 4.0, "is_cra_lmi": true, "income_level": "M", "is_persistent_poverty": false, "is_tribal_overlap": false, "tribal_area_name": null, "aian_pct": 0.0073, "has_nmtc": true, "nmtc_projects": 1, "nmtc_total_usd": 0.0 }, "geometry": { "type": "Polygon", "coordinates": [ [ [ -87.989956, 43.012268 ], [ -87.989941, 43.013933 ], [ -87.98991, 43.016742 ], [ -87.989927, 43.02086 ], [ -87.98748, 43.020877 ], [ -87.987485, 43.02237 ], [ -87.986525, 43.024052 ], [ -87.983671, 43.024028 ], [ -87.982464, 43.024126 ], [ -87.9824, 43.020064 ], [ -87.982393, 43.018384 ], [ -87.982593, 43.018347 ], [ -87.982655, 43.013962 ], [ -87.982667, 43.012291 ], [ -87.982056, 43.012049 ], [ -87.982062, 43.010177 ], [ -87.985024, 43.010103 ], [ -87.989976, 43.010164 ], [ -87.989956, 43.012268 ] ] ] } },
{ "type": "Feature", "properties": { "geoid": "55079185100", "county_name": "Milwaukee County", "place_name": null, "state_name": "Wisconsin", "state_abbr": "WI", "is_rural": false, "ui_invest_score": 3.0, "ui_invest_quintile": 3, "dci_score": 62.7, "dci_quintile": 4.0, "is_cra_lmi": false, "income_level": "Middle", "is_persistent_poverty": false, "is_tribal_overlap": false, "tribal_area_name": null, "aian_pct": 0.0092, "has_nmtc": false, "nmtc_projects": 0, "nmtc_total_usd": 0.0 }, "geometry": { "type": "Polygon", "coordinates": [ [ [ -87.882029, 42.980497 ], [ -87.879356, 42.980536 ], [ -87.874663, 42.980515 ], [ -87.874599, 42.980935 ], [ -87.874516, 42.984478 ], [ -87.87144, 42.986725 ], [ -87.868861420971001, 42.986636004604499 ], [ -87.864565, 42.984108 ], [ -87.857182, 42.978015 ], [ -87.854313938134496, 42.975086465752199 ], [ -87.849973, 42.970654 ], [ -87.848634856935604, 42.968082496819498 ], [ -87.847669468349395, 42.966227314152 ], [ -87.85514, 42.966412 ], [ -87.857587, 42.966392 ], [ -87.860045, 42.966372 ], [ -87.86993, 42.966354 ], [ -87.869938, 42.96568 ], [ -87.875331, 42.971851 ], [ -87.87689, 42.973617 ], [ -87.88339, 42.980556 ], [ -87.882029, 42.980497 ] ] ] } },
{ "type": "Feature", "properties": { "geoid": "55083100500", "county_name": "Oconto County", "place_name": "Milwaukee", "state_name": "Wisconsin", "state_abbr": "WI", "is_rural": true, "ui_invest_score": 3.0, "ui_invest_quintile": 3, "dci_score": 46.7, "dci_quintile": 5.0, "is_cra_lmi": true, "income_level": "M", "is_persistent_poverty": false, "is_tribal_overlap": true, "tribal_area_name": "Menominee Reservation", "aian_pct": 0.0083, "has_nmtc": false, "nmtc_projects": 0, "nmtc_total_usd": 0.0 }, "geometry": { "type": "Polygon", "coordinates": [ [ [ -88.548328, 45.118198 ], [ -88.545329, 45.119211 ], [ -88.544585, 45.120364 ], [ -88.540912, 45.121359 ], [ -88.539188, 45.122516 ], [ -88.538072, 45.125008 ], [ -88.535079, 45.126676 ], [ -88.533152, 45.13024 ], [ -88.530491, 45.13105 ], [ -88.52791, 45.132993 ], [ -88.525946, 45.133721 ], [ -88.526199, 45.135599 ], [ -88.52488, 45.137633 ], [ -88.522726, 45.138895 ], [ -88.52111, 45.138871 ], [ -88.524149, 45.141225 ], [ -88.522049, 45.142612 ], [ -88.520769, 45.145645 ], [ -88.5214, 45.146401 ], [ -88.519656, 45.149233 ], [ -88.521221, 45.150202 ], [ -88.523332, 45.149688 ], [ -88.524469, 45.150852 ], [ -88.523918, 45.15545 ], [ -88.526244, 45.158704 ], [ -88.524481, 45.159862 ], [ -88.525704, 45.161826 ], [ -88.525444, 45.163522 ], [ -88.529445, 45.166618 ], [ -88.531736, 45.166615 ], [ -88.53328, 45.169618 ], [ -88.533133, 45.171753 ], [ -88.531067, 45.17395 ], [ -88.53109, 45.175777 ], [ -88.530197, 45.178544 ], [ -88.528349, 45.179388 ], [ -88.529442, 45.18075 ], [ -88.53241, 45.18179 ], [ -88.532874, 45.182954 ], [ -88.53131, 45.184443 ], [ -88.533488, 45.184971 ], [ -88.535159, 45.186533 ], [ -88.534672, 45.190203 ], [ -88.533125, 45.193257 ], [ -88.528105, 45.197393 ], [ -88.522811, 45.200317 ], [ -88.519462, 45.203647 ], [ -88.518421, 45.204014 ], [ -88.514463, 45.20434 ], [ -88.504942, 45.205636 ], [ -88.504179, 45.203522 ], [ -88.502958, 45.201243 ], [ -88.499806, 45.199471 ], [ -88.494085, 45.196948 ], [ -88.477811, 45.187269 ], [ -88.47344, 45.18486 ], [ -88.471032, 45.185955 ], [ -88.470722, 45.188529 ], [ -88.465494, 45.188821 ], [ -88.451901, 45.188599 ], [ -88.446207, 45.189791 ], [ -88.442757, 45.191015 ], [ -88.437934, 45.192227 ], [ -88.433463, 45.194715 ], [ -88.428698, 45.195487 ], [ -88.421709, 45.195791 ], [ -88.417052, 45.197715 ], [ -88.413296, 45.198544 ], [ -88.410641, 45.199706 ], [ -88.407757, 45.199721 ], [ -88.403399, 45.200556 ], [ -88.400056, 45.202625 ], [ -88.398405, 45.204979 ], [ -88.395362, 45.206902 ], [ -88.393859, 45.210432 ], [ -88.390285, 45.213245 ], [ -88.386352, 45.214223 ], [ -88.383006, 45.214069 ], [ -88.380979, 45.214484 ], [ -88.376743, 45.217813 ], [ -88.372313, 45.220778 ], [ -88.371278, 45.223567 ], [ -88.371323, 45.228729 ], [ -88.370166, 45.23033 ], [ -88.363858, 45.232777 ], [ -88.359783, 45.234052 ], [ -88.356581, 45.237625 ], [ -88.353576, 45.239069 ], [ -88.348302, 45.239071 ], [ -88.347094, 45.239457 ], [ -88.345699, 45.240624 ], [ -88.343836, 45.243741 ], [ -88.340787, 45.245612 ], [ -88.335487, 45.254297 ], [ -88.334507, 45.255558 ], [ -88.329696, 45.259692 ], [ -88.328889, 45.260057 ], [ -88.326809, 45.260288 ], [ -88.31625, 45.258781 ], [ -88.309083, 45.258992 ], [ -88.309063, 45.20158 ], [ -88.308892, 45.201585 ], [ -88.307956, 45.201613 ], [ -88.285365, 45.200696 ], [ -88.279961, 45.20061 ], [ -88.250147, 45.200259 ], [ -88.247428, 45.200368 ], [ -88.207153, 45.198206 ], [ -88.186355, 45.197974 ], [ -88.1865, 45.193005 ], [ -88.18631, 45.190843 ], [ -88.187306, 45.176124 ], [ -88.187072, 45.171273 ], [ -88.189247, 45.111844 ], [ -88.118879, 45.110197 ], [ -88.120209, 45.066841 ], [ -88.121152, 45.023581 ], [ -88.125683, 45.023604 ], [ -88.130731, 45.023647 ], [ -88.1362, 45.023693 ], [ -88.1422, 45.023761 ], [ -88.142673, 45.023891 ], [ -88.143182, 45.024222 ], [ -88.144011, 45.024312 ], [ -88.144497, 45.024243 ], [ -88.145261, 45.023947 ], [ -88.145591, 45.023886 ], [ -88.161797, 45.024466 ], [ -88.202788, 45.025201 ], [ -88.202115, 45.039529 ], [ -88.227275, 45.040116 ], [ -88.229429, 45.03934 ], [ -88.232914, 45.040218 ], [ -88.235096, 45.040082 ], [ -88.237118, 45.039088 ], [ -88.24253, 45.039256 ], [ -88.243093, 45.026072 ], [ -88.252571, 45.026294 ], [ -88.253333, 45.024551 ], [ -88.253675, 45.010951 ], [ -88.255353, 45.012262 ], [ -88.256513, 45.01423 ], [ -88.262081, 45.014637 ], [ -88.264089, 45.013624 ], [ -88.268167, 45.01384 ], [ -88.270048, 45.015079 ], [ -88.271685, 45.015079 ], [ -88.272444, 45.016106 ], [ -88.270207, 45.017121 ], [ -88.270633, 45.01861 ], [ -88.273775, 45.020042 ], [ -88.273374, 45.021424 ], [ -88.276579, 45.02173 ], [ -88.277543, 45.023385 ], [ -88.279453, 45.024393 ], [ -88.284682, 45.025906 ], [ -88.288152, 45.025003 ], [ -88.289093, 45.02564 ], [ -88.295488, 45.026821 ], [ -88.299253, 45.02701 ], [ -88.300812, 45.027702 ], [ -88.301748, 45.030672 ], [ -88.306039, 45.031235 ], [ -88.311919, 45.033176 ], [ -88.314654, 45.033185 ], [ -88.314872, 45.027068 ], [ -88.335271, 45.027405 ], [ -88.340307, 45.027501 ], [ -88.340027, 45.041755 ], [ -88.364042, 45.042197 ], [ -88.364316, 45.042534 ], [ -88.363527, 45.063374 ], [ -88.363631, 45.063693 ], [ -88.37388, 45.064106 ], [ -88.373148, 45.085882 ], [ -88.362721, 45.085751 ], [ -88.355667, 45.0856 ], [ -88.356972, 45.087552 ], [ -88.357056, 45.089068 ], [ -88.355683, 45.092172 ], [ -88.358223, 45.094176 ], [ -88.358742, 45.096384 ], [ -88.356163, 45.097175 ], [ -88.355744, 45.098175 ], [ -88.3575, 45.100005 ], [ -88.359887, 45.101299 ], [ -88.356446, 45.102024 ], [ -88.357697, 45.104323 ], [ -88.357239, 45.105467 ], [ -88.358643, 45.105761 ], [ -88.358948, 45.107868 ], [ -88.356415, 45.110157 ], [ -88.356034, 45.112061 ], [ -88.356586, 45.114461 ], [ -88.361619, 45.114547 ], [ -88.375421, 45.114807 ], [ -88.380449, 45.116193 ], [ -88.404752, 45.127406 ], [ -88.40801, 45.128226 ], [ -88.424353, 45.129366 ], [ -88.420725, 45.127523 ], [ -88.418332, 45.125392 ], [ -88.422352, 45.125582 ], [ -88.426531, 45.123247 ], [ -88.428277, 45.119551 ], [ -88.42927, 45.118931 ], [ -88.43237, 45.118809 ], [ -88.433794, 45.116432 ], [ -88.434899, 45.113081 ], [ -88.437262, 45.110032 ], [ -88.439605, 45.109283 ], [ -88.443769, 45.109369 ], [ -88.449633, 45.10781 ], [ -88.451472, 45.108638 ], [ -88.45155, 45.106989 ], [ -88.450381, 45.102944 ], [ -88.452786, 45.099958 ], [ -88.450944, 45.097815 ], [ -88.453552, 45.095889 ], [ -88.454671, 45.095911 ], [ -88.456514, 45.095906 ], [ -88.458193, 45.097963 ], [ -88.460997, 45.099287 ], [ -88.463104, 45.099683 ], [ -88.465742, 45.098974 ], [ -88.466966, 45.100596 ], [ -88.469934, 45.102844 ], [ -88.471031, 45.107448 ], [ -88.472337, 45.108304 ], [ -88.473933, 45.108572 ], [ -88.477696, 45.107605 ], [ -88.480269, 45.105852 ], [ -88.481933, 45.107766 ], [ -88.483895, 45.108848 ], [ -88.483732, 45.116887 ], [ -88.500181, 45.116454 ], [ -88.549484, 45.116788 ], [ -88.548328, 45.118198 ] ] ] } },
{ "type": "Feature", "properties": { "geoid": "55025003002", "county_name": "Dane County", "place_name": null, "state_name": "Wisconsin", "state_abbr": "WI", "is_rural": false, "ui_invest_score": 3.0, "ui_invest_quintile": 3, "dci_score": 40.1, "dci_quintile": 5.0, "is_cra_lmi": true, "income_level": "M", "is_persistent_poverty": false, "is_tribal_overlap": false, "tribal_area_name": null, "aian_pct": 0.0025, "has_nmtc": false, "nmtc_projects": 0, "nmtc_total_usd": 0.0 }, "geometry": { "type": "Polygon", "coordinates": [ [ [ -89.316774, 43.101357 ], [ -89.316691, 43.106543 ], [ -89.305235, 43.106402 ], [ -89.300649, 43.105814 ], [ -89.293152, 43.104564 ], [ -89.285628, 43.104179 ], [ -89.28579, 43.099056 ], [ -89.298407, 43.098883 ], [ -89.301602, 43.098825 ], [ -89.307643, 43.098689 ], [ -89.316457, 43.098291 ], [ -89.316502, 43.098494 ], [ -89.316589, 43.098892 ], [ -89.316722, 43.099865 ], [ -89.316777, 43.100798 ], [ -89.316774, 43.101357 ] ] ] } },
{ "type": "Feature", "properties": { "geoid": "55079185900", "county_name": "Milwaukee County", "place_name": "Milwaukee", "state_name": "Wisconsin", "state_abbr": "WI", "is_rural": false, "ui_invest_score": 3.0, "ui_invest_quintile": 3, "dci_score": 92.9, "dci_quintile": 1.0, "is_cra_lmi": true, "income_level": "M", "is_persistent_poverty": false, "is_tribal_overlap": false, "tribal_area_name": null, "aian_pct": 0.0, "has_nmtc": false, "nmtc_projects": 0, "nmtc_total_usd": 0.0 }, "geometry": { "type": "Polygon", "coordinates": [ [ [ -87.937664, 43.056276 ], [ -87.932737, 43.056164 ], [ -87.931521, 43.055313 ], [ -87.9315, 43.056598 ], [ -87.926996, 43.05654 ], [ -87.927085, 43.052611 ], [ -87.927098, 43.051299 ], [ -87.933903, 43.051335 ], [ -87.937733, 43.051367 ], [ -87.937664, 43.056276 ] ] ] } },
{ "type": "Feature", "properties": { "geoid": "55009021303", "county_name": "Brown County", "place_name": "Milwaukee", "state_name": "Wisconsin", "state_abbr": "WI", "is_rural": false, "ui_invest_score": 2.0, "ui_invest_quintile": 2, "dci_score": 50.5, "dci_quintile": 5.0, "is_cra_lmi": true, "income_level": "M", "is_persistent_poverty": false, "is_tribal_overlap": false, "tribal_area_name": null, "aian_pct": 0.0272, "has_nmtc": false, "nmtc_projects": 0, "nmtc_total_usd": 0.0 }, "geometry": { "type": "Polygon", "coordinates": [ [ [ -88.084635, 44.459983 ], [ -88.080611, 44.465771 ], [ -88.079359, 44.468584 ], [ -88.079124, 44.470725 ], [ -88.079731, 44.477801 ], [ -88.080329, 44.484817 ], [ -88.081213, 44.495058 ], [ -88.080362, 44.494763 ], [ -88.076866, 44.493548 ], [ -88.071703, 44.491776 ], [ -88.065071, 44.489444 ], [ -88.0591, 44.498254 ], [ -88.05684, 44.501632 ], [ -88.052073, 44.499974 ], [ -88.05139, 44.499737 ], [ -88.053671, 44.496363 ], [ -88.045312, 44.493463 ], [ -88.041995, 44.496476 ], [ -88.043494, 44.494511 ], [ -88.037684, 44.492471 ], [ -88.038952, 44.491228 ], [ -88.045323, 44.492675 ], [ -88.043959, 44.491394 ], [ -88.040573, 44.490208 ], [ -88.040392, 44.490144 ], [ -88.040923, 44.489749 ], [ -88.04076, 44.489663 ], [ -88.041837, 44.487897 ], [ -88.03448, 44.485177 ], [ -88.039534, 44.481747 ], [ -88.040767, 44.480377 ], [ -88.043577, 44.477511 ], [ -88.044321, 44.476064 ], [ -88.048046, 44.474257 ], [ -88.051141, 44.472006 ], [ -88.055832, 44.464872 ], [ -88.057771, 44.462124 ], [ -88.065385, 44.46475 ], [ -88.066429, 44.464152 ], [ -88.069754, 44.465964 ], [ -88.070956, 44.466095 ], [ -88.073445, 44.464501 ], [ -88.073644, 44.46258 ], [ -88.075854, 44.461558 ], [ -88.075897, 44.460387 ], [ -88.078999, 44.457181 ], [ -88.080316, 44.457614 ], [ -88.082323, 44.456395 ], [ -88.086754, 44.456868 ], [ -88.084635, 44.459983 ] ] ] } },
{ "type": "Feature", "properties": { "geoid": "55025001604", "county_name": "Dane County", "place_name": null, "state_name": "Wisconsin", "state_abbr": "WI", "is_rural": false, "ui_invest_score": 2.0, "ui_invest_quintile": 2, "dci_score": 38.1, "dci_quintile": 5.0, "is_cra_lmi": true, "income_level": "L", "is_persistent_poverty": false, "is_tribal_overlap": false, "tribal_area_name": null, "aian_pct": 0.0008, "has_nmtc": true, "nmtc_projects": 1, "nmtc_total_usd": 0.0 }, "geometry": { "type": "Polygon", "coordinates": [ [ [ -89.397327, 43.075805 ], [ -89.397281, 43.077004 ], [ -89.395479, 43.077281 ], [ -89.393872, 43.077871 ], [ -89.391519, 43.078915 ], [ -89.390477, 43.07949 ], [ -89.389541, 43.078769 ], [ -89.386987, 43.07686 ], [ -89.389926, 43.074758 ], [ -89.393343, 43.07483 ], [ -89.397376, 43.074902 ], [ -89.397327, 43.075805 ] ] ] } },
{ "type": "Feature", "properties": { "geoid": "55079009800", "county_name": "Milwaukee County", "place_name": null, "state_name": "Wisconsin", "state_abbr": "WI", "is_rural": false, "ui_invest_score": 3.0, "ui_invest_quintile": 3, "dci_score": 87.7, "dci_quintile": 2.0, "is_cra_lmi": true, "income_level": "L", "is_persistent_poverty": false, "is_tribal_overlap": false, "tribal_area_name": null, "aian_pct": 0.0, "has_nmtc": true, "nmtc_projects": 1, "nmtc_total_usd": 0.0 }, "geometry": { "type": "Polygon", "coordinates": [ [ [ -87.957537, 43.059245 ], [ -87.957493, 43.062451 ], [ -87.957466, 43.064263 ], [ -87.954062, 43.064253 ], [ -87.953085, 43.06061 ], [ -87.951204, 43.061009 ], [ -87.949965, 43.062445 ], [ -87.949946, 43.056393 ], [ -87.951733, 43.056405 ], [ -87.95757, 43.056452 ], [ -87.957537, 43.059245 ] ] ] } },
{ "type": "Feature", "properties": { "geoid": "55079001100", "county_name": "Milwaukee County", "place_name": null, "state_name": "Wisconsin", "state_abbr": "WI", "is_rural": false, "ui_invest_score": 3.0, "ui_invest_quintile": 3, "dci_score": 90.3, "dci_quintile": 2.0, "is_cra_lmi": true, "income_level": "M", "is_persistent_poverty": false, "is_tribal_overlap": false, "tribal_area_name": null, "aian_pct": 0.0, "has_nmtc": true, "nmtc_projects": 1, "nmtc_total_usd": 0.0 }, "geometry": { "type": "Polygon", "coordinates": [ [ [ -87.984558, 43.133938 ], [ -87.956397, 43.13406 ], [ -87.955216, 43.134803 ], [ -87.953405, 43.135394 ], [ -87.952438, 43.131256 ], [ -87.95189, 43.126511 ], [ -87.956115, 43.126534 ], [ -87.95973, 43.126566 ], [ -87.962144, 43.126587 ], [ -87.96333, 43.126598 ], [ -87.963495, 43.119196 ], [ -87.96627, 43.119293 ], [ -87.967602, 43.119299 ], [ -87.976238, 43.119338 ], [ -87.981155, 43.119334 ], [ -87.98097, 43.129694 ], [ -87.985737, 43.133937 ], [ -87.984558, 43.133938 ] ] ] } },
{ "type": "Feature", "properties": { "geoid": "55001950501", "county_name": "Adams County", "place_name": null, "state_name": "Wisconsin", "state_abbr": "WI", "is_rural": true, "ui_invest_score": 3.0, "ui_invest_quintile": 3, "dci_score": 84.1, "dci_quintile": 2.0, "is_cra_lmi": true, "income_level": "M", "is_persistent_poverty": false, "is_tribal_overlap": false, "tribal_area_name": null, "aian_pct": 0.0049, "has_nmtc": false, "nmtc_projects": 0, "nmtc_total_usd": 0.0 }, "geometry": { "type": "Polygon", "coordinates": [ [ [ -89.983922, 43.91369 ], [ -89.982717, 43.916264 ], [ -89.979393, 43.918693 ], [ -89.976371, 43.919738 ], [ -89.971695, 43.920694 ], [ -89.969151, 43.920652 ], [ -89.962427, 43.919774 ], [ -89.959064, 43.920131 ], [ -89.954449, 43.921986 ], [ -89.952101, 43.924197 ], [ -89.9512, 43.926587 ], [ -89.951542, 43.929509 ], [ -89.952859, 43.932412 ], [ -89.955748, 43.93636 ], [ -89.956302, 43.940657 ], [ -89.955646, 43.947169 ], [ -89.954993, 43.949854 ], [ -89.954805, 43.95301 ], [ -89.955268, 43.955292 ], [ -89.957443, 43.95833 ], [ -89.960434, 43.961118 ], [ -89.962276, 43.96376 ], [ -89.962711, 43.966282 ], [ -89.9464, 43.96648 ], [ -89.937725, 43.96629 ], [ -89.937595, 43.958879 ], [ -89.917567, 43.958972 ], [ -89.917694, 43.929682 ], [ -89.917588, 43.922704 ], [ -89.897613, 43.92275 ], [ -89.84742, 43.923241 ], [ -89.847417, 43.901609 ], [ -89.817182, 43.901497 ], [ -89.817206, 43.894175 ], [ -89.817099, 43.843601 ], [ -89.817085, 43.837539 ], [ -89.817104, 43.836771 ], [ -89.817265, 43.833712 ], [ -89.817707, 43.832815 ], [ -89.819993, 43.83072 ], [ -89.836031, 43.819875 ], [ -89.837169, 43.818476 ], [ -89.877752, 43.818514 ], [ -89.913696, 43.818414 ], [ -89.916193, 43.82152 ], [ -89.917387, 43.829873 ], [ -89.918176, 43.832411 ], [ -89.920729, 43.836482 ], [ -89.922308, 43.838468 ], [ -89.926025, 43.84106 ], [ -89.928529, 43.842169 ], [ -89.93606, 43.846678 ], [ -89.940135, 43.850619 ], [ -89.944002, 43.852512 ], [ -89.94878, 43.854463 ], [ -89.952768, 43.857115 ], [ -89.958434, 43.861953 ], [ -89.960566, 43.863542 ], [ -89.961221, 43.864027 ], [ -89.963616, 43.868957 ], [ -89.963944, 43.871608 ], [ -89.96286, 43.873727 ], [ -89.962857, 43.877466 ], [ -89.96375, 43.88033 ], [ -89.962808, 43.881836 ], [ -89.962948, 43.883399 ], [ -89.964267, 43.884708 ], [ -89.970594, 43.893427 ], [ -89.974096, 43.896384 ], [ -89.978628, 43.899215 ], [ -89.979545, 43.901055 ], [ -89.980036, 43.904865 ], [ -89.980676, 43.905623 ], [ -89.982473, 43.907245 ], [ -89.984044, 43.910409 ], [ -89.983922, 43.91369 ] ] ] } },
{ "type": "Feature", "properties": { "geoid": "55079009700", "county_name": "Milwaukee County", "place_name": null, "state_name": "Wisconsin", "state_abbr": "WI", "is_rural": false, "ui_invest_score": 3.0, "ui_invest_quintile": 3, "dci_score": 87.8, "dci_quintile": 2.0, "is_cra_lmi": false, "income_level": "NA", "is_persistent_poverty": false, "is_tribal_overlap": false, "tribal_area_name": null, "aian_pct": 0.0, "has_nmtc": false, "nmtc_projects": 0, "nmtc_total_usd": 0.0 }, "geometry": { "type": "Polygon", "coordinates": [ [ [ -87.95757, 43.056452 ], [ -87.951733, 43.056405 ], [ -87.949946, 43.056393 ], [ -87.947573, 43.056378 ], [ -87.947751, 43.051413 ], [ -87.952283, 43.051452 ], [ -87.95762, 43.051492 ], [ -87.95757, 43.056452 ] ] ] } },
{ "type": "Feature", "properties": { "geoid": "55079004600", "county_name": "Milwaukee County", "place_name": null, "state_name": "Wisconsin", "state_abbr": "WI", "is_rural": false, "ui_invest_score": 3.0, "ui_invest_quintile": 3, "dci_score": 97.1, "dci_quintile": 1.0, "is_cra_lmi": true, "income_level": "L", "is_persistent_poverty": false, "is_tribal_overlap": false, "tribal_area_name": null, "aian_pct": 0.0014, "has_nmtc": false, "nmtc_projects": 0, "nmtc_total_usd": 0.0 }, "geometry": { "type": "Polygon", "coordinates": [ [ [ -87.937055, 43.089599 ], [ -87.93446, 43.089543 ], [ -87.932067, 43.089491 ], [ -87.929575, 43.089437 ], [ -87.927095, 43.089382 ], [ -87.927302, 43.081674 ], [ -87.929767, 43.081718 ], [ -87.933429, 43.081789 ], [ -87.934552, 43.08181 ], [ -87.934834, 43.082314 ], [ -87.937215, 43.082363 ], [ -87.937055, 43.089599 ] ] ] } },
{ "type": "Feature", "properties": { "geoid": "55079009000", "county_name": "Milwaukee County", "place_name": "Oshkosh", "state_name": "Wisconsin", "state_abbr": "WI", "is_rural": false, "ui_invest_score": 3.0, "ui_invest_quintile": 3, "dci_score": 87.7, "dci_quintile": 2.0, "is_cra_lmi": true, "income_level": "L", "is_persistent_poverty": false, "is_tribal_overlap": false, "tribal_area_name": null, "aian_pct": 0.0, "has_nmtc": true, "nmtc_projects": 1, "nmtc_total_usd": 18929400.0 }, "geometry": { "type": "Polygon", "coordinates": [ [ [ -87.964664, 43.059244 ], [ -87.96462, 43.062441 ], [ -87.96459, 43.064256 ], [ -87.957466, 43.064263 ], [ -87.957493, 43.062451 ], [ -87.957537, 43.059245 ], [ -87.95757, 43.056452 ], [ -87.964703, 43.056463 ], [ -87.964664, 43.059244 ] ] ] } }
]
}
