{
"type": "FeatureCollection",
"name": "state-15-outline",
"crs": { "type": "name", "properties": { "name": "urn:ogc:def:crs:OGC:1.3:CRS84" } },
"features": [
{ "type": "Feature", "properties": { "state_fips": "15", "state_abbr": "HI", "state_name": "Hawaii" }, "geometry": { "type": "MultiPolygon", "coordinates": [ [ [ [ -158.118248352159441, 21.322316857282587 ], [ -158.115079351436208, 21.321494857178941 ], [ -158.112842351041024, 21.324096857897459 ], [ -158.113411351256417, 21.326604858503313 ], [ -158.116224351951814, 21.328806858961606 ], [ -158.116319747523846, 21.328726859080362 ], [ -158.118179148682145, 21.327167542772138 ], [ -158.120518352760854, 21.325205857929046 ], [ -158.122233120860187, 21.325540024646799 ], [ -158.123094353342708, 21.325707857971931 ], [ -158.123195344283289, 21.326851645027656 ], [ -158.123363262450994, 21.328753425764422 ], [ -158.123516603804575, 21.330490114760092 ], [ -158.123569653890939, 21.331090940954574 ], [ -158.123676772324416, 21.33230412577598 ], [ -158.123831353806764, 21.33405486002501 ], [ -158.125555319449575, 21.336633620325344 ], [ -158.126310147452699, 21.337762715035101 ], [ -158.126937633281102, 21.338701327441917 ], [ -158.128268355018548, 21.340691861534832 ], [ -158.129863857069722, 21.349119482927073 ], [ -158.130331355865707, 21.35158886418014 ], [ -158.129818355882094, 21.355128865077234 ], [ -158.132337356674725, 21.361769866649183 ], [ -158.13570526992288, 21.367850482085711 ], [ -158.136480357853401, 21.369249868378059 ], [ -158.138115265720018, 21.370261443645965 ], [ -158.14075035888402, 21.371891868899098 ], [ -158.14113235913095, 21.3763788700033 ], [ -158.146264360375341, 21.379709870668172 ], [ -158.14780522021664, 21.382156542217984 ], [ -158.148187069699333, 21.382762866193652 ], [ -158.148216687779495, 21.382809895594406 ], [ -158.149724361332687, 21.385203871924567 ], [ -158.152256853238669, 21.387392546578287 ], [ -158.15770123164566, 21.392097782949921 ], [ -158.162047364417759, 21.395853874180357 ], [ -158.17295736690545, 21.398598874514228 ], [ -158.178431922166681, 21.403590638298777 ], [ -158.179205368480694, 21.404295875731556 ], [ -158.178054943553491, 21.408856579313973 ], [ -158.177830368378864, 21.409746877131766 ], [ -158.17936136919144, 21.422815880334351 ], [ -158.179630734416634, 21.428484299984003 ], [ -158.179635282694136, 21.428580012218568 ], [ -158.179636369463196, 21.428602881765425 ], [ -158.179669870182124, 21.42861916020491 ], [ -158.18265337017715, 21.430068882033463 ], [ -158.188289371792564, 21.440504884449361 ], [ -158.190340773123665, 21.440262597939849 ], [ -158.191481372477341, 21.440127884253133 ], [ -158.18986537224427, 21.4434218851246 ], [ -158.18985637235582, 21.446522885896496 ], [ -158.192357372958639, 21.448035886192685 ], [ -158.197699374153501, 21.448734886195105 ], [ -158.19892567236846, 21.451506585280374 ], [ -158.199363374655491, 21.452495887077475 ], [ -158.200275983620912, 21.452813925461889 ], [ -158.202815375455117, 21.453698887265922 ], [ -158.203027184719559, 21.454710467168713 ], [ -158.203703375804935, 21.457939888292628 ], [ -158.20566784159152, 21.458965862717786 ], [ -158.208733377002233, 21.460566888784633 ], [ -158.214446378242087, 21.460280888529827 ], [ -158.213393378121367, 21.463271889307872 ], [ -158.218117379314094, 21.467599890232819 ], [ -158.220351934791893, 21.475952917290684 ], [ -158.220389380123208, 21.476092892272909 ], [ -158.221717273781422, 21.476680344988242 ], [ -158.225267381270129, 21.478250892652866 ], [ -158.231149382720304, 21.482680893565735 ], [ -158.230027382939255, 21.495313896745202 ], [ -158.229627383645663, 21.516883902125599 ], [ -158.229073383824669, 21.525035904172174 ], [ -158.229786384323006, 21.534321906460171 ], [ -158.231536384811506, 21.537178907114722 ], [ -158.234319385526874, 21.54005390774039 ], [ -158.250676389747355, 21.557368911521145 ], [ -158.256383391069363, 21.559330911824873 ], [ -158.271902948182174, 21.570147803183751 ], [ -158.274722395557149, 21.572112914412283 ], [ -158.281580397171297, 21.575158914948144 ], [ -158.277560396358894, 21.57698591553304 ], [ -158.259496392461131, 21.578532916503072 ], [ -158.234777387170652, 21.581847918128133 ], [ -158.227885385595897, 21.580079917910926 ], [ -158.216001382992999, 21.580079918295112 ], [ -158.215793895353784, 21.580139789610435 ], [ -158.209108381556604, 21.58206891901305 ], [ -158.2017392494636, 21.582318706234531 ], [ -158.198651528719068, 21.582423368924228 ], [ -158.195175182771834, 21.582541204618366 ], [ -158.191407377701125, 21.582668919734228 ], [ -158.183953376032434, 21.581703919734615 ], [ -158.176870374441933, 21.580655919702266 ], [ -158.172268373477579, 21.581847920147581 ], [ -158.167514372354447, 21.579637919750621 ], [ -158.163711371578131, 21.581184920258522 ], [ -158.158279654992583, 21.580986064756164 ], [ -158.154342369512506, 21.580841920475226 ], [ -158.136384365712644, 21.584525921971547 ], [ -158.134037990778552, 21.583389760320568 ], [ -158.131948364661298, 21.582377921579454 ], [ -158.122828362703956, 21.583508922154905 ], [ -158.121159527437754, 21.58583456971953 ], [ -158.118003361893869, 21.590232923985191 ], [ -158.114841361266144, 21.592010924529927 ], [ -158.112848360748046, 21.589804924044575 ], [ -158.11023336031306, 21.593561925064694 ], [ -158.10672535965486, 21.596572925927752 ], [ -158.105230553512513, 21.596502013891516 ], [ -158.103816359012029, 21.596434925987037 ], [ -158.103816359166558, 21.600632927032898 ], [ -158.106694359885466, 21.603019927534888 ], [ -158.103322359235307, 21.605440928246647 ], [ -158.099801358583562, 21.60870692917376 ], [ -158.094901357675042, 21.613211930454028 ], [ -158.085836355876893, 21.618362932029445 ], [ -158.085990356038934, 21.621846932892634 ], [ -158.080048354833394, 21.62449793374461 ], [ -158.071632353314612, 21.633377936228609 ], [ -158.068165352749531, 21.638681937662149 ], [ -158.0650743520861, 21.639079937860895 ], [ -158.063775339754528, 21.640556281616792 ], [ -158.062935351706415, 21.641510938535681 ], [ -158.063886351988344, 21.643498939000541 ], [ -158.06226335206992, 21.655371942012174 ], [ -158.059081288743585, 21.658431744321309 ], [ -158.057396351174646, 21.660051943335567 ], [ -158.046971349255983, 21.670055946165348 ], [ -158.042256238133973, 21.673600131554061 ], [ -158.040065347931915, 21.675246947682027 ], [ -158.037105347503456, 21.681243949272577 ], [ -158.032314346508144, 21.682767949806948 ], [ -158.031324346422991, 21.686350950732216 ], [ -158.027758345762493, 21.689663951673211 ], [ -158.023567891240418, 21.692260211811739 ], [ -158.022054344640765, 21.693197952738249 ], [ -158.013676342991175, 21.698338954290215 ], [ -158.009257342094656, 21.700335954930612 ], [ -158.003753340899834, 21.700705955200192 ], [ -158.00018834014972, 21.701589955535482 ], [ -157.997178339628988, 21.705391956580662 ], [ -157.992344338582029, 21.705785956834625 ], [ -157.989380320484599, 21.705689761613773 ], [ -157.988893337820087, 21.705673956917806 ], [ -157.983496336821304, 21.710729958352697 ], [ -157.980733336228042, 21.711095958532947 ], [ -157.977838335522677, 21.709209958155707 ], [ -157.975469335063394, 21.710863958644534 ], [ -157.967388333272282, 21.710422958794588 ], [ -157.96335733223367, 21.706262957886533 ], [ -157.962016331837162, 21.703494957239162 ], [ -157.957881330883225, 21.702251957062046 ], [ -157.949203695694507, 21.693100727590767 ], [ -157.949086328610178, 21.692976955030961 ], [ -157.947179328065772, 21.689563954240814 ], [ -157.941243326465326, 21.681491952417783 ], [ -157.937915325563978, 21.676853951367601 ], [ -157.933112324406324, 21.674056950823971 ], [ -157.93483081600354, 21.672443274026989 ], [ -157.93601432494367, 21.671331950051098 ], [ -157.935301324616802, 21.666693948917001 ], [ -157.932211323816546, 21.663379948189416 ], [ -157.926269322446672, 21.661612947939126 ], [ -157.927220322509726, 21.657636946916817 ], [ -157.927797471200648, 21.655350985016785 ], [ -157.928189322581773, 21.653798945928383 ], [ -157.924596321696612, 21.651178945389955 ], [ -157.919852320567628, 21.648800944948722 ], [ -157.914147319347023, 21.649684945351943 ], [ -157.91324331908956, 21.64807594497951 ], [ -157.916784319843657, 21.647432944705727 ], [ -157.918188319959341, 21.642172943348665 ], [ -157.917950319648213, 21.635103941592991 ], [ -157.919083409843182, 21.63297813667317 ], [ -157.920759320072108, 21.629833940188583 ], [ -157.919619307131114, 21.626892822429877 ], [ -157.91937631963782, 21.626265939342886 ], [ -157.912835747703923, 21.62105412092134 ], [ -157.912721317982459, 21.620962938233053 ], [ -157.912679802302648, 21.617115831458722 ], [ -157.912657693323894, 21.615067072999416 ], [ -157.912652317733489, 21.614568936640442 ], [ -157.907716316400752, 21.607758935099657 ], [ -157.905726113654083, 21.606947943738572 ], [ -157.90157631496109, 21.605256934671761 ], [ -157.898099314101046, 21.602612934123332 ], [ -157.896428807010182, 21.59803817653442 ], [ -157.895131313152632, 21.594484932190781 ], [ -157.88927831169886, 21.589864931225229 ], [ -157.886740310803873, 21.580602928996054 ], [ -157.882699309787682, 21.577066928242953 ], [ -157.877355308548943, 21.575272927965827 ], [ -157.875196307993974, 21.573051927480659 ], [ -157.875066608811039, 21.563645495448156 ], [ -157.875057307596421, 21.56297092497071 ], [ -157.876937307806401, 21.557397923520899 ], [ -157.873475306958341, 21.554979923028068 ], [ -157.868919793353427, 21.55594960247382 ], [ -157.868871305983106, 21.555959923419039 ], [ -157.864141243934768, 21.559925369488742 ], [ -157.863854305034494, 21.560165924627771 ], [ -157.854864302964046, 21.557513924252365 ], [ -157.850738301963389, 21.554910923734326 ], [ -157.846688300889326, 21.549825922594735 ], [ -157.846646300702389, 21.544933921375847 ], [ -157.845877656643097, 21.544451660279591 ], [ -157.841890299549704, 21.541949920782685 ], [ -157.838474663942264, 21.535214704213725 ], [ -157.836805298069294, 21.531922918443179 ], [ -157.834510297383616, 21.526911917266172 ], [ -157.835687297279947, 21.516922914737385 ], [ -157.834834296804388, 21.508964912779675 ], [ -157.845220299017825, 21.507124911991298 ], [ -157.848548299700383, 21.505798911555015 ], [ -157.850629300174973, 21.506289911611422 ], [ -157.851024455263456, 21.505041252935296 ], [ -157.85263030038513, 21.499966909971146 ], [ -157.849261299448301, 21.494519908719731 ], [ -157.847034298876906, 21.492239908221809 ], [ -157.849261299192051, 21.487442906955007 ], [ -157.847122298634559, 21.485010906416388 ], [ -157.842870297684669, 21.48455290643696 ], [ -157.841669297272489, 21.480444905450657 ], [ -157.841911522677151, 21.478606533678175 ], [ -157.842317297236804, 21.475526904203797 ], [ -157.844191406464859, 21.47034598275248 ], [ -157.844321297476341, 21.469986902758933 ], [ -157.8428442969917, 21.465546901698637 ], [ -157.842606296851557, 21.46311390109954 ], [ -157.840995296366657, 21.459478900244211 ], [ -157.838090295628689, 21.456698899643019 ], [ -157.837736444556157, 21.456840568130538 ], [ -157.834221294835515, 21.458247900151683 ], [ -157.833743294880378, 21.462394901200856 ], [ -157.830087293918382, 21.457976900214931 ], [ -157.824895292684914, 21.45537489973038 ], [ -157.822305292013169, 21.452512899098647 ], [ -157.816592290835899, 21.454637899809178 ], [ -157.814540290242462, 21.45067289888534 ], [ -157.812908170667953, 21.447643018060994 ], [ -157.811232289294963, 21.444531897458575 ], [ -157.811194724015877, 21.444508897454025 ], [ -157.808542288645157, 21.44288489713287 ], [ -157.807203214244112, 21.439801282224543 ], [ -157.805180287628247, 21.43514289530853 ], [ -157.805265695561587, 21.434548338118685 ], [ -157.805608391302883, 21.432162702392993 ], [ -157.805905287605611, 21.430095894027165 ], [ -157.801600286557147, 21.42721789344543 ], [ -157.796746285422444, 21.425292893118602 ], [ -157.795394285251007, 21.428773894029277 ], [ -157.795080464938394, 21.428781377991445 ], [ -157.792658550196904, 21.428839135623861 ], [ -157.792291284572542, 21.428847894145633 ], [ -157.789108283746032, 21.425292893359558 ], [ -157.788074283415142, 21.422403892671753 ], [ -157.788356266131018, 21.418594463818639 ], [ -157.788392283330438, 21.41810789159047 ], [ -157.78835497435324, 21.417969405208911 ], [ -157.787205282911458, 21.413701890529239 ], [ -157.784175282194468, 21.41225689026442 ], [ -157.783794495846905, 21.412229229497921 ], [ -157.780388522721466, 21.411981815618574 ], [ -157.780086683383445, 21.411959889655414 ], [ -157.778049280833898, 21.411811890346499 ], [ -157.777639477919621, 21.411886229532954 ], [ -157.7713661455345, 21.413024226384973 ], [ -157.769962279111496, 21.413278890967103 ], [ -157.769295249194812, 21.413856203466086 ], [ -157.766542278467085, 21.416238891813002 ], [ -157.764127278122714, 21.421409893178676 ], [ -157.765538278543517, 21.424499893904851 ], [ -157.763686278264856, 21.428058894850832 ], [ -157.761358277766959, 21.428425895015717 ], [ -157.761308000922014, 21.428651618232099 ], [ -157.760396277710981, 21.432744896123236 ], [ -157.757501277146758, 21.434730896709816 ], [ -157.758036277340238, 21.436845897220479 ], [ -157.772749280794898, 21.443080898311671 ], [ -157.776807281691674, 21.443243898224306 ], [ -157.778282282132295, 21.446486898986585 ], [ -157.777315282111743, 21.451812900345463 ], [ -157.774037281462768, 21.453776900938777 ], [ -157.772753281294456, 21.456931901766236 ], [ -157.768241280281728, 21.456319901755986 ], [ -157.765547279876557, 21.461494903131847 ], [ -157.764382279643741, 21.462134903328259 ], [ -157.763786279481593, 21.461265903130297 ], [ -157.763195279288112, 21.459496902707684 ], [ -157.745897275269385, 21.453381901727866 ], [ -157.742584911532589, 21.453677345173883 ], [ -157.739854273961669, 21.453920902052808 ], [ -157.739106273858255, 21.455612902498487 ], [ -157.729981272021803, 21.460276903949648 ], [ -157.722511270343091, 21.45922090392154 ], [ -157.722832270290752, 21.455803903058904 ], [ -157.725763270724855, 21.449968901510818 ], [ -157.729508271431484, 21.446744900588548 ], [ -157.735674272731529, 21.445237900018398 ], [ -157.736049108350898, 21.441928448440407 ], [ -157.73641727265894, 21.438677898358545 ], [ -157.735836272305875, 21.432399896810775 ], [ -157.737381153269325, 21.428423655335894 ], [ -157.739006272708991, 21.424240894675801 ], [ -157.74151227330637, 21.425552894924174 ], [ -157.744488273844865, 21.422351894032072 ], [ -157.743294273273676, 21.413741891922147 ], [ -157.743282846595321, 21.413718872856172 ], [ -157.7403028817277, 21.407715727941046 ], [ -157.738605271905357, 21.404295889713691 ], [ -157.736977647609109, 21.40298779051102 ], [ -157.733939270746532, 21.400545888925095 ], [ -157.727189269187591, 21.398398888601744 ], [ -157.725761060838096, 21.397759096717451 ], [ -157.721233165493317, 21.395730743713781 ], [ -157.720677254066345, 21.395481713087726 ], [ -157.715869266520571, 21.393327887692504 ], [ -157.713165722413578, 21.390301532464527 ], [ -157.711983265511606, 21.388977886729489 ], [ -157.711860330865477, 21.388750948905251 ], [ -157.708905264632506, 21.383295885408838 ], [ -157.705892263863575, 21.380293884754597 ], [ -157.705900105449814, 21.380140112198294 ], [ -157.706115263756203, 21.375920883656871 ], [ -157.708724264083543, 21.369053881862314 ], [ -157.709035263840065, 21.360327879676266 ], [ -157.706626263053437, 21.353109877951628 ], [ -157.703430856722832, 21.348006756282345 ], [ -157.703276748254183, 21.347760642272593 ], [ -157.699424592439073, 21.341608679805592 ], [ -157.697370260494125, 21.338327874554995 ], [ -157.694554907161205, 21.3340381133726 ], [ -157.693805259517916, 21.332895873311887 ], [ -157.690820796645596, 21.330476216832626 ], [ -157.688373258168582, 21.328491872383509 ], [ -157.68539155609156, 21.32732714950599 ], [ -157.682656451061121, 21.326258753227652 ], [ -157.677836255708939, 21.324375871686449 ], [ -157.670198869219973, 21.318746238791459 ], [ -157.666136365494623, 21.3157517059574 ], [ -157.665884252771662, 21.315565869862624 ], [ -157.66527797439565, 21.315765608044966 ], [ -157.663395252254389, 21.316385870144849 ], [ -157.661415344404844, 21.314504628868971 ], [ -157.66008425141564, 21.313239869463587 ], [ -157.659355251147048, 21.310185868724645 ], [ -157.653258217933768, 21.310896286407612 ], [ -157.652266249620112, 21.311011869151891 ], [ -157.650112862859658, 21.310711630945196 ], [ -157.649830301069187, 21.310672234471383 ], [ -157.649284713110717, 21.310596165298335 ], [ -157.649060248900355, 21.310564869140435 ], [ -157.648934248664744, 21.304711867684517 ], [ -157.651037248916907, 21.29881186614741 ], [ -157.654663249682642, 21.297958865821592 ], [ -157.657990250248162, 21.293317864560407 ], [ -157.668515252356315, 21.287627862813189 ], [ -157.669150556104768, 21.286529540958288 ], [ -157.669813252561511, 21.285383862213127 ], [ -157.673769253426201, 21.285282862064545 ], [ -157.676943253961213, 21.280732860830987 ], [ -157.68578025572387, 21.275758859315108 ], [ -157.689330256261769, 21.268969857511724 ], [ -157.693343257284823, 21.272981858386771 ], [ -157.695957257811187, 21.271652857973869 ], [ -157.695957257653873, 21.267222856869445 ], [ -157.691521256575925, 21.264275856273116 ], [ -157.698724258028591, 21.260677855151471 ], [ -157.706191259625484, 21.259515854628852 ], [ -157.706435363915631, 21.259531575253963 ], [ -157.709281260310462, 21.25971485458204 ], [ -157.711525260883121, 21.261977855076115 ], [ -157.710943260861626, 21.264967855839618 ], [ -157.708734260524352, 21.269114856942359 ], [ -157.709016260687775, 21.271972857646016 ], [ -157.70947926098458, 21.277464859000688 ], [ -157.712361806132691, 21.280605420791979 ], [ -157.712587819521048, 21.280851664641105 ], [ -157.712663261806512, 21.280933859766044 ], [ -157.715487241543684, 21.282103711469841 ], [ -157.71705426283458, 21.282752860082315 ], [ -157.719094789421518, 21.28413682429116 ], [ -157.71941626340984, 21.284354860407863 ], [ -157.722372263952877, 21.281390859576593 ], [ -157.726913264929493, 21.280838859297056 ], [ -157.732174266125298, 21.282009859424484 ], [ -157.734597266573388, 21.279664858764185 ], [ -157.738205686337722, 21.279686077585446 ], [ -157.743610268552345, 21.279717858495541 ], [ -157.754537270820208, 21.276097857251454 ], [ -157.755853270989917, 21.272759856378354 ], [ -157.75870227165754, 21.273959856588281 ], [ -157.759515271901307, 21.275797857020919 ], [ -157.764409272953174, 21.275194856717476 ], [ -157.775459275208959, 21.270494855200305 ], [ -157.776795772690406, 21.268933028257063 ], [ -157.778543417063872, 21.266890736291131 ], [ -157.779949276006619, 21.265247853752239 ], [ -157.783780416297617, 21.263142164892606 ], [ -157.789803277974215, 21.259831852094209 ], [ -157.791220278131476, 21.255525850976966 ], [ -157.791663883852948, 21.255531833745668 ], [ -157.793741278685388, 21.255559850906508 ], [ -157.795884279211947, 21.257151851236049 ], [ -157.805842694614455, 21.255113279665753 ], [ -157.806206281399454, 21.255038850386327 ], [ -157.810847704267019, 21.255882410448468 ], [ -157.811246282536928, 21.255954850456629 ], [ -157.812775701066556, 21.256019620867338 ], [ -157.814906283344754, 21.256109850380554 ], [ -157.82110528486362, 21.260595851303798 ], [ -157.822766285383835, 21.264970852341623 ], [ -157.823169285702818, 21.271431853938584 ], [ -157.829727287325682, 21.276618855025042 ], [ -157.833800288262353, 21.277844855202616 ], [ -157.837935289287117, 21.28115685589788 ], [ -157.84540143393599, 21.281640541252273 ], [ -157.846008291075378, 21.281679855774602 ], [ -157.854962671721779, 21.286730428224555 ], [ -157.861196845532021, 21.290246712347166 ], [ -157.861825324865492, 21.290601195870906 ], [ -157.861836118711039, 21.290607283963681 ], [ -157.86655726951318, 21.293270172120508 ], [ -157.867010809161741, 21.293525983766759 ], [ -157.869847296781757, 21.29512585837454 ], [ -157.86996817415627, 21.295545309650819 ], [ -157.870028018845829, 21.295752974082763 ], [ -157.870732297085738, 21.298196859111663 ], [ -157.877626298703149, 21.301165859634217 ], [ -157.88377630000943, 21.300006859151889 ], [ -157.886693300886662, 21.306641860712681 ], [ -157.88838102544392, 21.30656746217128 ], [ -157.889877045120386, 21.306501514394814 ], [ -157.890005301607317, 21.306495860571971 ], [ -157.893232302295957, 21.305978860341511 ], [ -157.899411303626209, 21.305314859981412 ], [ -157.901260453542449, 21.305314859923126 ], [ -157.904640304772101, 21.305314859816587 ], [ -157.905502679968578, 21.304493158739355 ], [ -157.906739305160272, 21.303314859252307 ], [ -157.947185314037881, 21.303764858088272 ], [ -157.949328314604685, 21.306472858694875 ], [ -157.948373314529022, 21.310185859649561 ], [ -157.947185314460029, 21.315500861010563 ], [ -157.948025437964873, 21.316079350624275 ], [ -157.948130552408486, 21.316151729998971 ], [ -157.948933562185317, 21.316704663958291 ], [ -157.951886315606373, 21.318737861668055 ], [ -157.960733317651119, 21.321699862125925 ], [ -157.965249318847839, 21.327456863416575 ], [ -157.96969939466311, 21.328245947064467 ], [ -157.970240319973072, 21.328341863479032 ], [ -157.97047831982573, 21.322806862093355 ], [ -157.978318321295063, 21.315924860131876 ], [ -157.981530321997468, 21.315893860022548 ], [ -157.990252123964069, 21.313964201244357 ], [ -158.005513826445537, 21.310587619400394 ], [ -158.009321198734881, 21.309745255701959 ], [ -158.021341330397831, 21.307085856569604 ], [ -158.021635722532409, 21.307033334535014 ], [ -158.027193074742371, 21.306041856124374 ], [ -158.027496463800873, 21.305987728962585 ], [ -158.027568225891088, 21.305974926001731 ], [ -158.03251233277166, 21.305092855719625 ], [ -158.044338335312375, 21.303758855012799 ], [ -158.044356761773145, 21.303750615284258 ], [ -158.050253336511673, 21.301113854167038 ], [ -158.06798334033553, 21.299541853213508 ], [ -158.079448342793341, 21.298122852496608 ], [ -158.084088343724488, 21.295792851769622 ], [ -158.085603111564609, 21.29578302602599 ], [ -158.086012452284109, 21.295780370782833 ], [ -158.098204512087023, 21.295701285360508 ], [ -158.102896347835468, 21.295670851141992 ], [ -158.108303349088629, 21.297609851452552 ], [ -158.11270535020688, 21.30189585237882 ], [ -158.118567351902186, 21.313292855027537 ], [ -158.120244278130031, 21.319968691494104 ], [ -158.120514352609064, 21.32104385689378 ], [ -158.118248352159441, 21.322316857282587 ] ] ], [ [ [ -160.537820890192506, 21.659051859120098 ], [ -160.538302890270415, 21.658416858947053 ], [ -160.538302890252226, 21.657968858837027 ], [ -160.53870489032434, 21.657613858735587 ], [ -160.539307890440426, 21.65727785863168 ], [ -160.53999189056637, 21.65675485847898 ], [ -160.540493890654659, 21.656268858341825 ], [ -160.540814890679769, 21.655185858064478 ], [ -160.540814890637307, 21.654139857807593 ], [ -160.540875890629252, 21.653616857677005 ], [ -160.540292890480288, 21.653037857555486 ], [ -160.540091890422644, 21.652682857475437 ], [ -160.539589890278251, 21.651786857273198 ], [ -160.539227890174629, 21.651151857130092 ], [ -160.538302889960448, 21.650777857071045 ], [ -160.537840889844375, 21.650366856986491 ], [ -160.537378889741944, 21.650292856984702 ], [ -160.536715889585651, 21.649955856925445 ], [ -160.536976889628932, 21.649638856838351 ], [ -160.537961889831791, 21.649414856748411 ], [ -160.539267890104412, 21.649208856651512 ], [ -160.540372890341416, 21.649190856607916 ], [ -160.542020890716401, 21.649694856673253 ], [ -160.543644891099035, 21.65051285681654 ], [ -160.544961891456069, 21.652328857215778 ], [ -160.544961891499099, 21.653389857476334 ], [ -160.544237891364048, 21.653899857627259 ], [ -160.543425891210831, 21.654429857786212 ], [ -160.543030891156491, 21.655184857985635 ], [ -160.542437891092646, 21.656755858392465 ], [ -160.541383890941262, 21.658611858885653 ], [ -160.540923890862985, 21.659121859027223 ], [ -160.54015489074061, 21.660182859315061 ], [ -160.538946890462086, 21.659724859245436 ], [ -160.537820890192506, 21.659051859120098 ] ] ], [ [ [ -160.210616829429085, 21.900124930018343 ], [ -160.20253582796056, 21.906960931988895 ], [ -160.196117826923114, 21.915560934335378 ], [ -160.191601826054551, 21.918206935147385 ], [ -160.188749825563605, 21.921293936009164 ], [ -160.187007825332842, 21.924877936954136 ], [ -160.175439822955099, 21.927908938110861 ], [ -160.172685475582881, 21.929244499140072 ], [ -160.166133586419392, 21.932421457835233 ], [ -160.164981820900067, 21.932979939731077 ], [ -160.162367820559012, 21.938491941182342 ], [ -160.154048818768871, 21.938711941531107 ], [ -160.136697815302909, 21.945766943884529 ], [ -160.125527813209231, 21.953702946236557 ], [ -160.121724812601599, 21.958993947675818 ], [ -160.119585812416744, 21.965826949436515 ], [ -160.114593811704225, 21.974863951841876 ], [ -160.113700811913418, 21.984749954311667 ], [ -160.110404811352709, 21.988497955352802 ], [ -160.111741811849782, 21.993597956563345 ], [ -160.104949810568456, 21.998230957946724 ], [ -160.100808809573238, 21.995801957494251 ], [ -160.093440808193719, 22.001090959059866 ], [ -160.092014808064505, 22.005497960197538 ], [ -160.087022806876149, 22.002853959722053 ], [ -160.08635780653151, 21.997923958529395 ], [ -160.076564804450612, 21.998886959113594 ], [ -160.072049803517956, 21.999988959545242 ], [ -160.070147803240644, 22.00329396042796 ], [ -160.058548800447795, 21.996375959131402 ], [ -160.053034799087214, 21.992275958314728 ], [ -160.050624798256308, 21.984668956522999 ], [ -160.051133798147305, 21.979271955173427 ], [ -160.054460798760232, 21.976626954403329 ], [ -160.05915979979784, 21.977125954360417 ], [ -160.063017800594906, 21.976186953992443 ], [ -160.06586980098848, 21.970675952532115 ], [ -160.068632801447507, 21.967251951589844 ], [ -160.070860801576629, 21.958552949365291 ], [ -160.076327802598854, 21.954584948193439 ], [ -160.078704802764378, 21.9459869459888 ], [ -160.082982802956963, 21.92790894137924 ], [ -160.079413801667215, 21.915136938355442 ], [ -160.075125800340345, 21.905278936075621 ], [ -160.07316979972174, 21.900449934953727 ], [ -160.073766799702156, 21.896772934025968 ], [ -160.074848799855971, 21.89478893349861 ], [ -160.078725800675983, 21.894324933247606 ], [ -160.082692801447479, 21.892182932579676 ], [ -160.085393801924141, 21.889521931828387 ], [ -160.090108802896395, 21.8883439313718 ], [ -160.096700804134827, 21.883710929997243 ], [ -160.098902804651345, 21.884706930165194 ], [ -160.107244806208968, 21.878613928369081 ], [ -160.111379807201274, 21.881036928820627 ], [ -160.120298808974184, 21.877187927557365 ], [ -160.124288809820655, 21.87678492731732 ], [ -160.128682810676196, 21.87444892658657 ], [ -160.139898813014071, 21.872298925661031 ], [ -160.14395681391602, 21.872907925667949 ], [ -160.150228815129282, 21.869385924578641 ], [ -160.15903981686742, 21.865276923255099 ], [ -160.164907817795381, 21.856873920977389 ], [ -160.167241818044374, 21.850564919340506 ], [ -160.172979819014984, 21.84390991749839 ], [ -160.173955819029658, 21.839061916269543 ], [ -160.178518819854133, 21.835070915125357 ], [ -160.187566821235322, 21.820891911313378 ], [ -160.188222821276327, 21.818400910676647 ], [ -160.191839821892415, 21.814313909542424 ], [ -160.191747821761453, 21.811566908869054 ], [ -160.194156822119027, 21.807539907792265 ], [ -160.192708821680696, 21.804433907078302 ], [ -160.200239822932986, 21.795171904531781 ], [ -160.201665823009023, 21.78942990306744 ], [ -160.202428823074371, 21.786967902434252 ], [ -160.198568822150321, 21.784728902018848 ], [ -160.201223822641708, 21.782697901425173 ], [ -160.203542822999481, 21.77915590047126 ], [ -160.207875824072261, 21.782551901154886 ], [ -160.214864825581401, 21.782551900908622 ], [ -160.217855826387733, 21.786523901781266 ], [ -160.221257827170149, 21.787707901952881 ], [ -160.223688827842807, 21.791362902767148 ], [ -160.230581829295488, 21.790480902306868 ], [ -160.233433829991554, 21.792466902695253 ], [ -160.232778830053121, 21.797484903953929 ], [ -160.236950831203899, 21.803661905327637 ], [ -160.243647833794256, 21.831902912045152 ], [ -160.245528834311614, 21.834643912653625 ], [ -160.245290834313124, 21.835947912983158 ], [ -160.243909834063288, 21.837140913325779 ], [ -160.244004834205754, 21.840146914062682 ], [ -160.246504834768984, 21.840721914115864 ], [ -160.245188834747751, 21.847200915757959 ], [ -160.240564833918711, 21.85137991695073 ], [ -160.232958832741616, 21.862850920045105 ], [ -160.233195833043652, 21.869026921557925 ], [ -160.23272083322783, 21.876084923313257 ], [ -160.229393832652505, 21.879613924300351 ], [ -160.228917832773817, 21.885127925675501 ], [ -160.225352832200826, 21.889979926997036 ], [ -160.217984830761225, 21.893728928181584 ], [ -160.210616829429085, 21.900124930018343 ] ] ], [ [ [ -159.416674656829201, 21.888297954792783 ], [ -159.416975499067689, 21.887589041614149 ], [ -159.417973656990995, 21.885236953990358 ], [ -159.418830657062927, 21.882334953242495 ], [ -159.427174658832769, 21.881202952675643 ], [ -159.429523659292357, 21.879903952273384 ], [ -159.433962660032392, 21.874193950707458 ], [ -159.436902820873854, 21.874858575859054 ], [ -159.43779366089953, 21.875059950790195 ], [ -159.440494661415727, 21.873258950251603 ], [ -159.441091661463247, 21.87117194971453 ], [ -159.44487366218496, 21.868622948953675 ], [ -159.452798664072759, 21.872803949716118 ], [ -159.46179966617072, 21.876382950292406 ], [ -159.46907866786276, 21.879160950729524 ], [ -159.475347669342284, 21.88211795124559 ], [ -159.482671670936526, 21.88217495100757 ], [ -159.487262430527011, 21.88505073383714 ], [ -159.488271672292399, 21.885682951682824 ], [ -159.501406675105528, 21.884629950969767 ], [ -159.502758148662451, 21.885293018672666 ], [ -159.505513676077811, 21.886644951326822 ], [ -159.508824676794461, 21.886571951194632 ], [ -159.512211677590244, 21.888080951451244 ], [ -159.519687679167021, 21.886872950894571 ], [ -159.526923680620968, 21.883881949905017 ], [ -159.531790681796565, 21.886863950474872 ], [ -159.536487682807262, 21.8866149502512 ], [ -159.544436684593222, 21.888101950344723 ], [ -159.551807686162363, 21.887288949889122 ], [ -159.560994688255448, 21.889742950178881 ], [ -159.569817690343029, 21.894051950939861 ], [ -159.574526691316322, 21.892801950467916 ], [ -159.580283692706956, 21.896332951142227 ], [ -159.580942833818142, 21.896358597848486 ], [ -159.583547693420968, 21.896459951060766 ], [ -159.583491693478607, 21.898217951497521 ], [ -159.587713694417289, 21.898762951486272 ], [ -159.58990869505638, 21.902848952420921 ], [ -159.590272704949683, 21.90295559215539 ], [ -159.594424696089817, 21.904171952591859 ], [ -159.597514696690837, 21.902407952048634 ], [ -159.597505747890381, 21.902344293836997 ], [ -159.596801696334467, 21.897335950818931 ], [ -159.597413696362736, 21.894701950146338 ], [ -159.603284697540062, 21.89224394933531 ], [ -159.604805385141844, 21.893340019399538 ], [ -159.607270698519869, 21.895116949907852 ], [ -159.607709566507594, 21.897467632982771 ], [ -159.608143698895333, 21.899792951033984 ], [ -159.616824700870012, 21.902044951290279 ], [ -159.622119702194738, 21.906440952193925 ], [ -159.628481703674794, 21.908916952585713 ], [ -159.629344202933822, 21.909613573962673 ], [ -159.633743704986614, 21.913166953454219 ], [ -159.636237705650586, 21.916239954127608 ], [ -159.638414706245186, 21.919299954808761 ], [ -159.638211014567389, 21.921193507478662 ], [ -159.638127706289197, 21.921967955478461 ], [ -159.643104707525509, 21.925870956270888 ], [ -159.645632183476351, 21.92940790279086 ], [ -159.647761708796622, 21.932387957720735 ], [ -159.649771709291201, 21.933843958010964 ], [ -159.649955709544486, 21.939190959326776 ], [ -159.652932710287672, 21.941613959822529 ], [ -159.660798712040844, 21.942742959828365 ], [ -159.66567271335029, 21.949029961213526 ], [ -159.666753213832351, 21.95064326745797 ], [ -159.668720714193995, 21.953580962232859 ], [ -159.674369715500234, 21.955572962528912 ], [ -159.689682718937405, 21.958380962690232 ], [ -159.692623934388877, 21.958827880441522 ], [ -159.702015721689975, 21.960254962724047 ], [ -159.7078007229847, 21.961224962762302 ], [ -159.712606984950696, 21.96486035823844 ], [ -159.715628724921203, 21.96714596395325 ], [ -159.717501935598165, 21.967651981018427 ], [ -159.732864248286234, 21.971801857205858 ], [ -159.736588729698013, 21.972807964621786 ], [ -159.750186732778587, 21.976027964942993 ], [ -159.759410734920152, 21.979505965480435 ], [ -159.76574073657855, 21.986588967009872 ], [ -159.774178739184947, 22.005860971478185 ], [ -159.780788740801114, 22.010368972361039 ], [ -159.786707742425222, 22.018796974236874 ], [ -159.787948743150139, 22.030097976986742 ], [ -159.78649274306801, 22.035897978471475 ], [ -159.783868742978825, 22.047804981506925 ], [ -159.784628743325754, 22.052310982594204 ], [ -159.782980743223391, 22.058636984215941 ], [ -159.783751743643478, 22.064892985735536 ], [ -159.778406742667471, 22.069459987052287 ], [ -159.771116741272635, 22.074115988459376 ], [ -159.765555740322213, 22.08048099022843 ], [ -159.750960737650132, 22.092799993787157 ], [ -159.745252736600349, 22.097503995150902 ], [ -159.743958736555328, 22.103343996640735 ], [ -159.741554736113756, 22.105339997218824 ], [ -159.740739736116439, 22.109784998346893 ], [ -159.738434735765765, 22.113496999346001 ], [ -159.738221735960593, 22.119458000827983 ], [ -159.7333337351848, 22.126534002750095 ], [ -159.732523735320598, 22.134238004684395 ], [ -159.73054973512285, 22.139949006166635 ], [ -159.727907734639672, 22.142196006815393 ], [ -159.72207873370175, 22.150319009030021 ], [ -159.717762732817846, 22.151657009512764 ], [ -159.713026731946627, 22.155564010645957 ], [ -159.705536730470385, 22.15931701183785 ], [ -159.70308272988558, 22.158049011610299 ], [ -159.698528729088991, 22.162828012952954 ], [ -159.6905641934014, 22.163495321913604 ], [ -159.689672727193596, 22.1635700134477 ], [ -159.676424724469967, 22.167450014873257 ], [ -159.671206723374098, 22.168410015294089 ], [ -159.665966722329301, 22.170752016057744 ], [ -159.658373720774108, 22.173130016912918 ], [ -159.652734719735491, 22.177774018260465 ], [ -159.648615718947212, 22.180436019064047 ], [ -159.643328717820793, 22.181020019394168 ], [ -159.633881716089803, 22.189035021710094 ], [ -159.630571715518187, 22.192706022735202 ], [ -159.623214714090267, 22.196978024051166 ], [ -159.617318712876369, 22.198686024680981 ], [ -159.606047710640752, 22.20405602640621 ], [ -159.605160710527002, 22.20601602692274 ], [ -159.596614708857885, 22.210736028391505 ], [ -159.587079707096848, 22.218511030651737 ], [ -159.581063705988328, 22.223484032094596 ], [ -159.577283990742529, 22.223535279059639 ], [ -159.573835704418627, 22.22358203237232 ], [ -159.572424087970063, 22.223502032843694 ], [ -159.569706703510207, 22.223348032459096 ], [ -159.566123702618313, 22.220584031899932 ], [ -159.559010701314662, 22.226648033651561 ], [ -159.5580563012482, 22.226285912369782 ], [ -159.553499700030073, 22.224557033326597 ], [ -159.549027699069597, 22.224888033565268 ], [ -159.545497232479335, 22.222674047470353 ], [ -159.543929697830293, 22.221691032951686 ], [ -159.542588088487832, 22.218118924523186 ], [ -159.541812055204417, 22.216052693360997 ], [ -159.541659697091831, 22.215647031533624 ], [ -159.539045696451495, 22.213886031188789 ], [ -159.532462695179134, 22.217881032409064 ], [ -159.530599694687425, 22.215750031946211 ], [ -159.522407692881359, 22.215207032098263 ], [ -159.51781269184039, 22.214212032012416 ], [ -159.51835369183587, 22.211178031241658 ], [ -159.515579691103682, 22.208004030552125 ], [ -159.510761689874528, 22.203544029615333 ], [ -159.510490272650401, 22.203568342243447 ], [ -159.503393688296342, 22.204204030036337 ], [ -159.502954347198681, 22.20455270370309 ], [ -159.498402687368809, 22.208165031192319 ], [ -159.497451687401053, 22.214106032697917 ], [ -159.497706968592638, 22.214477651043186 ], [ -159.497868249176264, 22.214712430672744 ], [ -159.4986526550571, 22.21585430725802 ], [ -159.500929688362788, 22.21916903383115 ], [ -159.498535429203741, 22.222257185101711 ], [ -159.497689687825471, 22.22334803498013 ], [ -159.492192686697393, 22.225072035599581 ], [ -159.491190480343278, 22.226118595829501 ], [ -159.487944685950765, 22.229508036847569 ], [ -159.485637664354357, 22.229365688094916 ], [ -159.484734148144241, 22.229309938982784 ], [ -159.480813684379285, 22.229068036987726 ], [ -159.479715857027145, 22.229119434283625 ], [ -159.47594368332733, 22.229296037214397 ], [ -159.472495682513596, 22.227748036951127 ], [ -159.470939682091569, 22.22568903649508 ], [ -159.467503681354884, 22.225988036689195 ], [ -159.465095680719344, 22.223237036091323 ], [ -159.464263620791769, 22.223453840476516 ], [ -159.460835679835697, 22.224347036515212 ], [ -159.454301678492328, 22.226347037239112 ], [ -159.4491306773171, 22.225148037122324 ], [ -159.444440676236553, 22.223697036926232 ], [ -159.438745701763736, 22.223533364309212 ], [ -159.434941674155198, 22.223424037189876 ], [ -159.431712673314109, 22.220011036456253 ], [ -159.428999672626901, 22.217627035959744 ], [ -159.428964324628424, 22.217632985892148 ], [ -159.426385672074815, 22.218067036159947 ], [ -159.425909672103757, 22.221367036994771 ], [ -159.425040573085084, 22.2229771959889 ], [ -159.424671586287104, 22.223660809016469 ], [ -159.424246671865177, 22.224448037816686 ], [ -159.419730670827704, 22.223128037646791 ], [ -159.417604453699852, 22.223343998668938 ], [ -159.414994001305473, 22.223609143728766 ], [ -159.413872669574602, 22.223723037998482 ], [ -159.406746668099572, 22.22567603873107 ], [ -159.405544668006229, 22.229874039813996 ], [ -159.402975834983721, 22.232151967155612 ], [ -159.402471667445781, 22.232599040596853 ], [ -159.402269030694299, 22.232466982648766 ], [ -159.401045832885558, 22.231669827191087 ], [ -159.398668278869906, 22.230120380202855 ], [ -159.397995666352614, 22.229682040029381 ], [ -159.395607665661771, 22.225447039062271 ], [ -159.390875664623906, 22.225294039189098 ], [ -159.389733664274019, 22.222783038606114 ], [ -159.382925662869212, 22.224767039335152 ], [ -159.383365662802191, 22.220707038312902 ], [ -159.382176662392794, 22.216967037426709 ], [ -159.375521660977, 22.217847037876492 ], [ -159.369563343817987, 22.215585709336068 ], [ -159.368283659288437, 22.215100037446902 ], [ -159.357220656809602, 22.213446037421239 ], [ -159.354290656208178, 22.214383037755482 ], [ -159.349773655247816, 22.215001038065754 ], [ -159.339969652849732, 22.208515036797383 ], [ -159.335676441210126, 22.204163483938387 ], [ -159.331580650679598, 22.200012034979316 ], [ -159.331313650533815, 22.197823034445573 ], [ -159.333452650903467, 22.195402033770801 ], [ -159.331788650443684, 22.192981033227987 ], [ -159.328461649797305, 22.194962033834816 ], [ -159.322533648353982, 22.191201033107429 ], [ -159.315618646670401, 22.186813032258623 ], [ -159.312298645797028, 22.183078031447121 ], [ -159.311254645376493, 22.178250030285611 ], [ -159.312609645458195, 22.172896028910532 ], [ -159.308496644335008, 22.167230027647449 ], [ -159.306528833610855, 22.16472447525204 ], [ -159.302791642801026, 22.159966026042998 ], [ -159.305011643184002, 22.15743002533711 ], [ -159.305095958644557, 22.156981868179216 ], [ -159.305518820042096, 22.154734257112757 ], [ -159.305688690656183, 22.153831353529021 ], [ -159.305773664366711, 22.153379697614753 ], [ -159.306071767474549, 22.151795207167904 ], [ -159.306356643192345, 22.150281023517273 ], [ -159.306054832365078, 22.150020103200987 ], [ -159.30279164229205, 22.147199022876105 ], [ -159.301570551005398, 22.147340300905274 ], [ -159.298988641480236, 22.147639023116753 ], [ -159.297749397548415, 22.148578174795865 ], [ -159.297668462634192, 22.148639510710982 ], [ -159.296374640989086, 22.149620023698549 ], [ -159.29328464010473, 22.144337022494895 ], [ -159.293215937462207, 22.143319125875966 ], [ -159.293167773132268, 22.142605524372929 ], [ -159.292874333701178, 22.138257933142629 ], [ -159.292333639336391, 22.130247019032744 ], [ -159.292536647729662, 22.128086238197977 ], [ -159.292730402392863, 22.126023952218059 ], [ -159.293018639195651, 22.122956017200654 ], [ -159.293400012469505, 22.122143825656536 ], [ -159.296728639690315, 22.11505501511289 ], [ -159.294638639068182, 22.110868014146611 ], [ -159.296638639275045, 22.105103012647795 ], [ -159.301098640041687, 22.099927011210227 ], [ -159.303897640620363, 22.099135010917212 ], [ -159.304791358833171, 22.092163364650222 ], [ -159.304796714319679, 22.092121587995784 ], [ -159.30487740003926, 22.091492181218221 ], [ -159.305011640517904, 22.090445008723815 ], [ -159.310872641548343, 22.084224006978989 ], [ -159.313784641959273, 22.078590005481551 ], [ -159.315078422948147, 22.077152571600813 ], [ -159.316639642455499, 22.075418004596582 ], [ -159.316313642186401, 22.070429003370869 ], [ -159.318285642258274, 22.061413001067532 ], [ -159.319514738954894, 22.059339548796711 ], [ -159.321601642758935, 22.055818999566362 ], [ -159.328534644104536, 22.05165899829607 ], [ -159.332715644977782, 22.050708997916406 ], [ -159.335462645389669, 22.046005996655907 ], [ -159.335186492054731, 22.044775859263705 ], [ -159.335109521313342, 22.044432989650669 ], [ -159.334494645007766, 22.041693995620438 ], [ -159.336846645129668, 22.031846993098622 ], [ -159.338596645177631, 22.023437990954125 ], [ -159.337797644706001, 22.015925989119847 ], [ -159.335591643972748, 22.009541987613606 ], [ -159.333731279963132, 22.003266491729757 ], [ -159.332569642911096, 21.999347985191207 ], [ -159.334878643311612, 21.996760984470651 ], [ -159.335072835887672, 21.993164339397854 ], [ -159.335116643189139, 21.992352983370075 ], [ -159.3306006422753, 21.99411598396232 ], [ -159.329411641920501, 21.991691983402482 ], [ -159.331945642370528, 21.989115982676957 ], [ -159.333835642610609, 21.984776981536708 ], [ -159.333499642279321, 21.978245979929842 ], [ -159.331513641658205, 21.973470978814859 ], [ -159.330100641077479, 21.966557977150405 ], [ -159.329887640779077, 21.960172975575585 ], [ -159.335785641863453, 21.95511097411876 ], [ -159.340206642956531, 21.958416974786036 ], [ -159.344984643936698, 21.95689597424504 ], [ -159.347764644541911, 21.956895974149514 ], [ -159.348335644804621, 21.960400974998283 ], [ -159.351900645570367, 21.960136974810339 ], [ -159.352328645454548, 21.95484597348479 ], [ -159.358603646773531, 21.95365597297431 ], [ -159.35754411250565, 21.948128938080199 ], [ -159.357462646290116, 21.947703971539024 ], [ -159.350403644803123, 21.948959972092712 ], [ -159.347622644142916, 21.947570971844122 ], [ -159.350189644458993, 21.941420970232365 ], [ -159.346552643544612, 21.938311969587048 ], [ -159.3467626435135, 21.936363969097258 ], [ -159.35413064512602, 21.93658496889902 ], [ -159.355093645139334, 21.931608967633302 ], [ -159.362034646645014, 21.931481967363506 ], [ -159.366520647528972, 21.929140966629568 ], [ -159.367895647697821, 21.925836965763974 ], [ -159.379889650123744, 21.92116996419611 ], [ -159.385276650951255, 21.912434961847794 ], [ -159.388598651674414, 21.912444961736171 ], [ -159.390309651845257, 21.907338960412972 ], [ -159.387245651019498, 21.903302959518737 ], [ -159.387745315161766, 21.90301259354727 ], [ -159.38954465146702, 21.901966959108968 ], [ -159.39688865310373, 21.902958959102403 ], [ -159.403785654428049, 21.898495957760414 ], [ -159.40462265440766, 21.893362956460745 ], [ -159.410268655495287, 21.889802955385427 ], [ -159.416674656829201, 21.888297954792783 ] ] ], [ [ [ -160.099828810675518, 22.028051965484675 ], [ -160.099876395979408, 22.027967265335192 ], [ -160.10038781075599, 22.027056965219373 ], [ -160.100687810759268, 22.025544964835724 ], [ -160.100301810625325, 22.024310964544977 ], [ -160.099055810303639, 22.023036964274848 ], [ -160.096951809784827, 22.021483963966318 ], [ -160.095019809358405, 22.021284963985703 ], [ -160.093602809061366, 22.021523964094904 ], [ -160.092228808819101, 22.022877964477658 ], [ -160.091498808724367, 22.02442996488643 ], [ -160.091326808726052, 22.02538496512814 ], [ -160.091541808814782, 22.026419965375876 ], [ -160.09111280873492, 22.026738965469782 ], [ -160.08930880831025, 22.025902965327475 ], [ -160.088278808043384, 22.024827965098766 ], [ -160.087805807902043, 22.02387296487991 ], [ -160.087763807842634, 22.022638964576945 ], [ -160.087977807838683, 22.021404964264903 ], [ -160.089008808003484, 22.019971963874827 ], [ -160.090468808251444, 22.018299963410584 ], [ -160.091713808477181, 22.017224963101242 ], [ -160.093001808712216, 22.016149962790397 ], [ -160.094547809022544, 22.015552962588327 ], [ -160.096093809328067, 22.014836962356906 ], [ -160.098068809755631, 22.01483696228691 ], [ -160.099828810139854, 22.014915962244022 ], [ -160.101202810469772, 22.015711962391684 ], [ -160.101846810609175, 22.015711962368854 ], [ -160.10261981081058, 22.016547962547691 ], [ -160.102018810758409, 22.018458963040427 ], [ -160.101417810727298, 22.020886963660708 ], [ -160.101503810786483, 22.021881963903112 ], [ -160.101718810924012, 22.024111964445638 ], [ -160.102018811037652, 22.025305964729554 ], [ -160.101761811051801, 22.027016965160779 ], [ -160.100988810944585, 22.028489965551586 ], [ -160.100172810789047, 22.029007965708331 ], [ -160.099742810679658, 22.028608965625139 ], [ -160.099828810675518, 22.028051965484675 ] ] ], [ [ [ -161.916436247295422, 23.060855151362667 ], [ -161.915592246998301, 23.058345150780948 ], [ -161.918862247597247, 23.056106150103076 ], [ -161.925779248996747, 23.054244149373456 ], [ -161.928135249633129, 23.057070149972777 ], [ -161.929498250178909, 23.062551151261886 ], [ -161.922471248585481, 23.060725151092274 ], [ -161.916436247295422, 23.060855151362667 ] ] ], [ [ [ -166.169724, 23.726048 ], [ -166.172327, 23.725536 ], [ -166.173676, 23.731142 ], [ -166.175049, 23.735339 ], [ -166.173115, 23.736266 ], [ -166.170576, 23.731486 ], [ -166.169724, 23.726048 ] ] ], [ [ [ -166.209152, 23.781681 ], [ -166.211899, 23.781967 ], [ -166.213821, 23.78393 ], [ -166.214935, 23.786917 ], [ -166.212082, 23.787283 ], [ -166.208633, 23.783916 ], [ -166.209152, 23.781681 ] ] ], [ [ [ -166.220378, 23.855087 ], [ -166.223132, 23.858613 ], [ -166.225847, 23.861635 ], [ -166.224666, 23.864837 ], [ -166.21908, 23.861348 ], [ -166.216838, 23.855303 ], [ -166.220378, 23.855087 ] ] ], [ [ [ -166.281564, 23.8678 ], [ -166.29091, 23.86503 ], [ -166.292007, 23.865603 ], [ -166.291981, 23.867203 ], [ -166.287281, 23.868946 ], [ -166.282634, 23.870474 ], [ -166.281564, 23.8678 ] ] ], [ [ [ -166.245242, 23.870918 ], [ -166.246894, 23.868147 ], [ -166.251379, 23.86991 ], [ -166.250081, 23.871889 ], [ -166.245242, 23.870918 ] ] ], [ [ [ -167.997711, 25.004431 ], [ -167.99556, 25.001871 ], [ -167.995834, 24.998215 ], [ -167.998505, 24.997116 ], [ -168.000984, 24.997373 ], [ -168.002069, 24.999967 ], [ -168.000684, 25.003127 ], [ -167.997711, 25.004431 ] ] ], [ [ [ -171.725491, 25.774108 ], [ -171.727865, 25.773145 ], [ -171.729889, 25.762855 ], [ -171.733093, 25.757305 ], [ -171.737061, 25.756331 ], [ -171.742436, 25.756145 ], [ -171.745809, 25.760138 ], [ -171.7452, 25.7709 ], [ -171.743314, 25.774001 ], [ -171.743621, 25.776892 ], [ -171.740889, 25.778692 ], [ -171.737246, 25.779677 ], [ -171.73506, 25.781772 ], [ -171.730231, 25.781092 ], [ -171.725554, 25.779315 ], [ -171.725491, 25.774108 ] ] ], [ [ [ -173.972954, 26.079864 ], [ -173.966808, 26.079034 ], [ -173.964715, 26.076477 ], [ -173.96332, 26.072359 ], [ -173.962971, 26.065123 ], [ -173.964157, 26.062327 ], [ -173.969938, 26.064554 ], [ -173.97268, 26.071096 ], [ -173.976077, 26.078607 ], [ -173.972954, 26.079864 ] ] ], [ [ [ -175.930285, 27.749854 ], [ -175.935898, 27.747883 ], [ -175.943848, 27.75689 ], [ -175.936199, 27.759988 ], [ -175.930285, 27.749854 ] ] ], [ [ [ -175.906647, 27.765076 ], [ -175.905075, 27.766842 ], [ -175.895187, 27.765072 ], [ -175.895706, 27.762028 ], [ -175.904953, 27.762661 ], [ -175.906647, 27.765076 ] ] ], [ [ [ -175.807434, 27.781155 ], [ -175.807541, 27.778721 ], [ -175.811966, 27.777546 ], [ -175.814713, 27.779062 ], [ -175.818054, 27.779791 ], [ -175.816559, 27.782473 ], [ -175.812057, 27.78273 ], [ -175.807434, 27.781155 ] ] ], [ [ [ -175.857761, 27.786716 ], [ -175.856983, 27.783619 ], [ -175.863855, 27.782701 ], [ -175.864503, 27.786257 ], [ -175.857761, 27.786716 ] ] ], [ [ [ -175.73961, 27.910556 ], [ -175.740662, 27.907433 ], [ -175.744491, 27.908539 ], [ -175.743477, 27.912461 ], [ -175.741394, 27.914927 ], [ -175.737074, 27.913469 ], [ -175.73961, 27.910556 ] ] ], [ [ [ -175.736313, 27.92949 ], [ -175.732827, 27.927865 ], [ -175.734221, 27.924729 ], [ -175.737645, 27.921872 ], [ -175.739483, 27.920976 ], [ -175.741131, 27.921536 ], [ -175.741258, 27.924056 ], [ -175.736313, 27.92949 ] ] ], [ [ [ -178.30784, 28.390074 ], [ -178.297975, 28.391614 ], [ -178.288927, 28.402123 ], [ -178.288113, 28.392374 ], [ -178.2932, 28.389271 ], [ -178.304504, 28.385405 ], [ -178.334698, 28.389446 ], [ -178.333034, 28.394464 ], [ -178.30784, 28.390074 ] ] ], [ [ [ -157.789744284235809, 21.435023895766118 ], [ -157.788828284074953, 21.436140896073578 ], [ -157.787218283709905, 21.435817896043829 ], [ -157.786745283510896, 21.433172895399149 ], [ -157.788039283721957, 21.431144894852586 ], [ -157.790439284264636, 21.43158589488684 ], [ -157.790533284338125, 21.433054895250198 ], [ -157.79087528447144, 21.43467289564289 ], [ -157.789744284235809, 21.435023895766118 ] ] ], [ [ [ -156.673350008804618, 20.556654710263306 ], [ -156.665689007162598, 20.557982710816535 ], [ -156.659894005983375, 20.560918711717537 ], [ -156.650616003989398, 20.562369712348151 ], [ -156.645648002933086, 20.563498712773761 ], [ -156.64194100223358, 20.567065713772124 ], [ -156.636087001085144, 20.57135671501344 ], [ -156.63238800030939, 20.572528715413146 ], [ -156.623968998681278, 20.579428717380615 ], [ -156.621475998175811, 20.580754717784 ], [ -156.613784996594717, 20.584185718863573 ], [ -156.611245996169515, 20.588289719962624 ], [ -156.608730995675501, 20.590118720492381 ], [ -156.597099993310621, 20.596123722329189 ], [ -156.588116991463949, 20.600147723594382 ], [ -156.579925989744595, 20.602730724476498 ], [ -156.57530998875032, 20.603410724779671 ], [ -156.568409987220377, 20.603085724897458 ], [ -156.565005986435636, 20.602003724725094 ], [ -156.562337985736804, 20.598580723946192 ], [ -156.553608983689287, 20.594724723233661 ], [ -156.549723982659287, 20.589353722002681 ], [ -156.539032979877192, 20.576171719014585 ], [ -156.538794979713032, 20.572725718159862 ], [ -156.537978979398702, 20.568574717145513 ], [ -156.547998981485051, 20.564875715932573 ], [ -156.546712981037956, 20.559818714705344 ], [ -156.54786298104122, 20.55210771274465 ], [ -156.553314982027899, 20.545513710939609 ], [ -156.551969981674205, 20.54373671053408 ], [ -156.554034982023381, 20.540481709661119 ], [ -156.554048981909744, 20.536877708759867 ], [ -156.550720981090649, 20.534206708187867 ], [ -156.543637979633786, 20.537368709181681 ], [ -156.540981978994694, 20.535688708838013 ], [ -156.539338978578826, 20.534014708466746 ], [ -156.533586977325683, 20.534421708733607 ], [ -156.531790976730832, 20.528252707243055 ], [ -156.534291977179976, 20.525116706387404 ], [ -156.539081978129872, 20.521882705441598 ], [ -156.541271978556153, 20.520156704947343 ], [ -156.541009978364684, 20.516017703920326 ], [ -156.545207979159699, 20.512026702802391 ], [ -156.548159979825215, 20.512513702839417 ], [ -156.550271980387521, 20.51552870353234 ], [ -156.553278981112015, 20.517465703930142 ], [ -156.557337982033374, 20.518330704029797 ], [ -156.559345982380535, 20.515400703239877 ], [ -156.562553983072291, 20.514959703037551 ], [ -156.567354984166172, 20.51610970318707 ], [ -156.570932984916965, 20.514978702801656 ], [ -156.573311985388358, 20.513367702330726 ], [ -156.573937985453199, 20.511113701749483 ], [ -156.578775986525329, 20.511346701668725 ], [ -156.583385987479858, 20.509494701073493 ], [ -156.583897987544418, 20.508009700687705 ], [ -156.587347988316623, 20.508412700689274 ], [ -156.591059989249601, 20.512001701479363 ], [ -156.59295898977345, 20.515273702242343 ], [ -156.603336992072002, 20.515739702060309 ], [ -156.609163993264673, 20.512981701203572 ], [ -156.610623993699477, 20.516485702037034 ], [ -156.622235996171099, 20.513924701062958 ], [ -156.630823997947061, 20.510433699943547 ], [ -156.640299999855301, 20.505003698314212 ], [ -156.643609000657563, 20.507298698792177 ], [ -156.6445940009379, 20.50926169925415 ], [ -156.644166000898252, 20.510940699685889 ], [ -156.645377001222272, 20.512715700094393 ], [ -156.646110001487216, 20.515909700871127 ], [ -156.648509001968023, 20.51446670044152 ], [ -156.65093400239229, 20.511107699532573 ], [ -156.652172002654595, 20.510799699419959 ], [ -156.654218003008566, 20.507842698622376 ], [ -156.656399003410911, 20.505460697964537 ], [ -156.662256004639431, 20.503626697337648 ], [ -156.663433004822622, 20.501296696721763 ], [ -156.666314005443581, 20.500908696541813 ], [ -156.66890700611043, 20.503883697210078 ], [ -156.670538006446947, 20.503201696992715 ], [ -156.672613006831853, 20.501004696384179 ], [ -156.676922007877323, 20.504019697012897 ], [ -156.679539008432272, 20.503388696779812 ], [ -156.682357009108728, 20.505136697135054 ], [ -156.682944009290935, 20.506770697526196 ], [ -156.685857009985341, 20.50842769785595 ], [ -156.683205009524727, 20.512195698873523 ], [ -156.68522801007083, 20.515309699592841 ], [ -156.688720010875926, 20.516453699777735 ], [ -156.691708011532967, 20.516453699691446 ], [ -156.694564012244683, 20.519025700251287 ], [ -156.696031012679242, 20.522466701068257 ], [ -156.697832013059013, 20.521968700891847 ], [ -156.700991013846306, 20.524812701510818 ], [ -156.700006013730871, 20.527919702315241 ], [ -156.698342013531061, 20.533016703636317 ], [ -156.693827012715303, 20.538453705124798 ], [ -156.687699011501024, 20.542548706324801 ], [ -156.687334011482221, 20.544435706806695 ], [ -156.684212010881339, 20.547067707554394 ], [ -156.68056601015607, 20.549419708247317 ], [ -156.678740009823912, 20.551552708832943 ], [ -156.677462009654221, 20.554970709723733 ], [ -156.673350008804618, 20.556654710263306 ] ] ], [ [ [ -156.459675968710656, 20.770364769890268 ], [ -156.460552505337176, 20.774833560516392 ], [ -156.461263969325785, 20.778460771871369 ], [ -156.46404797004476, 20.781662772592519 ], [ -156.472934506801295, 20.789543625516313 ], [ -156.473926972511066, 20.790423774500027 ], [ -156.477544789238294, 20.791586286808087 ], [ -156.484576897666699, 20.793845912769243 ], [ -156.488528643592105, 20.795115726478187 ], [ -156.489477976105519, 20.795420775300439 ], [ -156.499713978397637, 20.796461775264181 ], [ -156.50618697978129, 20.795115774739422 ], [ -156.510875980661893, 20.790432773431043 ], [ -156.515388981566616, 20.787670772608685 ], [ -156.519561982227259, 20.779757770506887 ], [ -156.521677940548045, 20.778512002808373 ], [ -156.525978983518456, 20.77597976937507 ], [ -156.537679986052751, 20.774582768685836 ], [ -156.54366198755389, 20.780130769900648 ], [ -156.543830242323963, 20.780221004787037 ], [ -156.566499992991936, 20.792378772302055 ], [ -156.583687996866473, 20.794966772449467 ], [ -156.59138799870243, 20.799171773277457 ], [ -156.599505000708263, 20.805738774684194 ], [ -156.605224365330201, 20.808382300766919 ], [ -156.608144002744353, 20.809731775431448 ], [ -156.613090003839574, 20.809881775324701 ], [ -156.618371004927582, 20.80757677459389 ], [ -156.622930005978475, 20.80897077480963 ], [ -156.627688007191523, 20.813946775915745 ], [ -156.630467008076323, 20.822187777896538 ], [ -156.637384009829674, 20.829104779424902 ], [ -156.639613065950726, 20.831333835473274 ], [ -156.640524010625654, 20.832244780118973 ], [ -156.646554012015287, 20.834073780400249 ], [ -156.649616930442619, 20.837554721869591 ], [ -156.650899013136438, 20.839011781508638 ], [ -156.652795864332802, 20.842219602041439 ], [ -156.65370601391237, 20.843758782614202 ], [ -156.664504263439341, 20.854736294314804 ], [ -156.665730758257041, 20.855983150221633 ], [ -156.66768101746365, 20.857965785759546 ], [ -156.673578018873741, 20.861289786418347 ], [ -156.678332020157541, 20.868396788057112 ], [ -156.678724573185463, 20.870034887039054 ], [ -156.679847020701459, 20.874718789594457 ], [ -156.683060548840331, 20.876872476805207 ], [ -156.68665102235272, 20.879278790535682 ], [ -156.689265023017526, 20.881943791125718 ], [ -156.687521022698121, 20.883898791666091 ], [ -156.686359972379933, 20.885666174473911 ], [ -156.685384022335256, 20.887151792542795 ], [ -156.685661022532827, 20.891257793562062 ], [ -156.685548158781273, 20.893551923680619 ], [ -156.685122022778557, 20.902213796319405 ], [ -156.688137023579969, 20.906320797258491 ], [ -156.691339024489537, 20.912435798694545 ], [ -156.694351696341499, 20.914380863551866 ], [ -156.696633910500736, 20.915854324578437 ], [ -156.697423025961683, 20.916363799498502 ], [ -156.69572480294201, 20.92646299163215 ], [ -156.695445025917763, 20.928126802500355 ], [ -156.695128486763224, 20.928823328472891 ], [ -156.693180025584638, 20.933110803814326 ], [ -156.692715585988111, 20.940481216574387 ], [ -156.692299025856897, 20.947091807339334 ], [ -156.69037421357757, 20.9505700735013 ], [ -156.690173989516524, 20.950931891940456 ], [ -156.688790025294793, 20.953432809029792 ], [ -156.68697171662555, 20.955491301583795 ], [ -156.686481024872876, 20.956046809752092 ], [ -156.684105024607163, 20.963780811757989 ], [ -156.679922023997563, 20.973148814226292 ], [ -156.679318376186416, 20.974016747570161 ], [ -156.677334135811066, 20.976869716391654 ], [ -156.676955135901693, 20.977414647810644 ], [ -156.673353022864234, 20.982593816784419 ], [ -156.669061865245283, 20.990780997587486 ], [ -156.668415673866974, 20.992013878344409 ], [ -156.667213970364514, 20.994306631189684 ], [ -156.666218021745294, 20.996206820403025 ], [ -156.666804021955159, 20.998615820988896 ], [ -156.665731021891503, 21.003788822315784 ], [ -156.659380020488328, 21.003732822489095 ], [ -156.655558019711123, 21.005709823096851 ], [ -156.653504019217365, 21.004497822853928 ], [ -156.649473018350278, 21.005167823140557 ], [ -156.649334945397072, 21.00535530920617 ], [ -156.646875293456986, 21.008695213619749 ], [ -156.646565261365623, 21.009116199017715 ], [ -156.646368692052192, 21.009383115937052 ], [ -156.645385017633799, 21.010718824651143 ], [ -156.638432115697839, 21.012826014459716 ], [ -156.6377860160338, 21.013021825451904 ], [ -156.637566016049647, 21.014946825940473 ], [ -156.641104016960725, 21.018842826811873 ], [ -156.641090017105853, 21.02327282792174 ], [ -156.634050015614264, 21.025132828595201 ], [ -156.624956013495847, 21.021806828030261 ], [ -156.618702012199975, 21.024337828848509 ], [ -156.616048011619824, 21.024507828969284 ], [ -156.613391010993553, 21.023318828749751 ], [ -156.608115009874467, 21.024681829246568 ], [ -156.603324009034139, 21.03118683101717 ], [ -156.593703006901933, 21.030943831239629 ], [ -156.592503006571093, 21.028970830780697 ], [ -156.588539005757383, 21.030812831358851 ], [ -156.58821400546509, 21.024207829713731 ], [ -156.584446004548454, 21.021668829188528 ], [ -156.584268925540556, 21.021105879307115 ], [ -156.583480004232712, 21.018597828447621 ], [ -156.578709003121162, 21.016853828151024 ], [ -156.573370001976173, 21.017867828562036 ], [ -156.56934200102242, 21.015937828196918 ], [ -156.565689000079573, 21.011848827279845 ], [ -156.560139998921898, 21.013876827950966 ], [ -156.554950997601196, 21.008625826787778 ], [ -156.552123996713192, 21.000702824885746 ], [ -156.549508996054584, 20.99826282435118 ], [ -156.545671995341792, 21.002303825476201 ], [ -156.543678994868202, 21.001296825282381 ], [ -156.541201994142142, 20.995911824005859 ], [ -156.538135993243486, 20.989245822425655 ], [ -156.535694992562128, 20.984961821423891 ], [ -156.530982991510911, 20.984637821480799 ], [ -156.525409990368786, 20.98730182231154 ], [ -156.525011990074148, 20.981076820763519 ], [ -156.525685989938893, 20.972518818599649 ], [ -156.525163989549526, 20.964257816545295 ], [ -156.520938988538916, 20.961912816081433 ], [ -156.518135987741942, 20.956539814817347 ], [ -156.515982987119514, 20.952103813768982 ], [ -156.509359069159615, 20.94795409055039 ], [ -156.508443985298584, 20.947380812806106 ], [ -156.507876984925048, 20.939879810943502 ], [ -156.50726798469006, 20.936841810200217 ], [ -156.504245983942724, 20.934419809681717 ], [ -156.496419982097393, 20.930867809020324 ], [ -156.492514980968394, 20.922793807111553 ], [ -156.491500926409032, 20.917997031147657 ], [ -156.49146198057133, 20.917812805894442 ], [ -156.491665688473347, 20.916239049440158 ], [ -156.49177898056044, 20.915363805271696 ], [ -156.487474979415907, 20.909477803922663 ], [ -156.485371978998671, 20.910903804341181 ], [ -156.484865878428138, 20.910182456028927 ], [ -156.481127977862116, 20.904854802949497 ], [ -156.480902677058367, 20.901489583919737 ], [ -156.480859977670889, 20.900851801954509 ], [ -156.480434386560432, 20.899835863065508 ], [ -156.479694977321998, 20.898070801291784 ], [ -156.474246976195701, 20.900388802031095 ], [ -156.471474975594475, 20.900715802193723 ], [ -156.467976974752531, 20.898602801766192 ], [ -156.460724989402507, 20.897726387945557 ], [ -156.458394972598768, 20.897444801754901 ], [ -156.449774970684103, 20.897099801919168 ], [ -156.446916795982446, 20.898480191958239 ], [ -156.436891968044137, 20.903321803852698 ], [ -156.430844966824964, 20.906853804913514 ], [ -156.425325965702882, 20.909795805811154 ], [ -156.421741964928543, 20.910318806046373 ], [ -156.418830964217477, 20.908249805612474 ], [ -156.411654962680188, 20.90969980618431 ], [ -156.404757961244087, 20.912355807050265 ], [ -156.396838959520267, 20.913131807474695 ], [ -156.39348483816741, 20.914960035997588 ], [ -156.393299958801862, 20.915060808060911 ], [ -156.383703956712054, 20.91597880856952 ], [ -156.381234956273317, 20.91922780945556 ], [ -156.378051869048335, 20.921093151463101 ], [ -156.373625954738685, 20.923686810794088 ], [ -156.369330953975293, 20.929334812334577 ], [ -156.363079992793047, 20.932258913877003 ], [ -156.355610951154233, 20.93575281434164 ], [ -156.349307949853056, 20.938548815225481 ], [ -156.341301948091228, 20.93878281551633 ], [ -156.341170969572175, 20.938779052916189 ], [ -156.336706947071235, 20.938650815616437 ], [ -156.333377946456096, 20.942325816634444 ], [ -156.32873794550909, 20.944721817369757 ], [ -156.325035944654445, 20.943616817199963 ], [ -156.321767944046201, 20.947094818166839 ], [ -156.314989942480054, 20.945032817846123 ], [ -156.307039940549117, 20.939750816751719 ], [ -156.301457939362678, 20.941204817277956 ], [ -156.29623893825854, 20.94272381780997 ], [ -156.282139935234113, 20.945563818930221 ], [ -156.27906993447462, 20.943103818401983 ], [ -156.275120933413092, 20.937356817074672 ], [ -156.273564932979895, 20.934634816436908 ], [ -156.271614514670858, 20.934704255471882 ], [ -156.268789931929547, 20.934804816617536 ], [ -156.262499930695981, 20.93961381800554 ], [ -156.255736929020543, 20.934120816823008 ], [ -156.255626614437176, 20.934151875761181 ], [ -156.253644928577131, 20.934709817031159 ], [ -156.252366928400932, 20.937961817883835 ], [ -156.240287925661846, 20.935896817714514 ], [ -156.235296924398256, 20.931012816633274 ], [ -156.2319689235824, 20.928570816116647 ], [ -156.22741892257875, 20.928655816269181 ], [ -156.226080922040211, 20.921226814444022 ], [ -156.227523922180694, 20.915752813029204 ], [ -156.22481392152477, 20.914021812673052 ], [ -156.219715920441786, 20.915386813162346 ], [ -156.214189919145667, 20.913122812753524 ], [ -156.214474919079464, 20.909158811750867 ], [ -156.213725918871432, 20.907860811446806 ], [ -156.214225918908198, 20.905595810864199 ], [ -156.212228918445845, 20.904962810762886 ], [ -156.212157918388897, 20.903696810447329 ], [ -156.209804917850022, 20.90313081037306 ], [ -156.202903916154696, 20.897943809270334 ], [ -156.198464915078773, 20.895053808672966 ], [ -156.194277914125621, 20.89422380858511 ], [ -156.193376337303079, 20.893237192586007 ], [ -156.192040913551153, 20.891775808035263 ], [ -156.192806913652902, 20.889695807491435 ], [ -156.191131913215116, 20.887626807020503 ], [ -156.185806911934407, 20.884463806379966 ], [ -156.181422910803605, 20.879507805262513 ], [ -156.174450909174652, 20.87683580479229 ], [ -156.16684490731194, 20.871283803617587 ], [ -156.166750907107996, 20.865641802204827 ], [ -156.161544905881783, 20.86333880177629 ], [ -156.158237905108138, 20.862039801545169 ], [ -156.155911904511669, 20.859512800977832 ], [ -156.152351903733432, 20.85979680115107 ], [ -156.146926902707946, 20.865180802657292 ], [ -156.144264902122558, 20.865287802760388 ], [ -156.144200901875593, 20.858105800960249 ], [ -156.130361898857558, 20.859447801693118 ], [ -156.129544336451971, 20.856491471350918 ], [ -156.129312514543528, 20.855653196332909 ], [ -156.12905189841436, 20.854710800542005 ], [ -156.128252192497115, 20.848151000207771 ], [ -156.127565478722886, 20.842518047949888 ], [ -156.127389897605468, 20.841077797168946 ], [ -156.12116789613097, 20.838043796585563 ], [ -156.115412894612717, 20.830459794847133 ], [ -156.116095894639983, 20.826626793865934 ], [ -156.106663892437297, 20.823027793232214 ], [ -156.103621891820211, 20.824757793753086 ], [ -156.097479890470908, 20.82505179400211 ], [ -156.087667888403388, 20.828252795085209 ], [ -156.07226788468526, 20.818613793105392 ], [ -156.065862883188686, 20.816150792669752 ], [ -156.063430882511739, 20.811839791657167 ], [ -156.060960881935586, 20.810919791496605 ], [ -156.056902880913867, 20.807073790646946 ], [ -156.05115287962164, 20.806452790654692 ], [ -156.048550879072593, 20.807283790937255 ], [ -156.044431878094144, 20.805200790531643 ], [ -156.040405877191944, 20.804848790557781 ], [ -156.038619876838965, 20.80616179093807 ], [ -156.036263417513254, 20.805501418647715 ], [ -156.022233873065176, 20.801569790251186 ], [ -156.018991872266525, 20.799043789709266 ], [ -156.014042871100173, 20.796829789294076 ], [ -156.009679870136296, 20.796884789431715 ], [ -156.000482867927076, 20.791469788333476 ], [ -156.000478443866001, 20.790937035054675 ], [ -156.000437867743358, 20.786050786974588 ], [ -155.996751866895977, 20.785064786831608 ], [ -155.987948864674792, 20.776547784943293 ], [ -155.985119863952434, 20.773541784268904 ], [ -155.984413863611081, 20.767759782837633 ], [ -155.983547863374355, 20.7663507825085 ], [ -155.981155862826824, 20.765783782433893 ], [ -155.979816862534364, 20.765904782502162 ], [ -155.978952862301611, 20.764606782200808 ], [ -155.980223862551071, 20.763610781914856 ], [ -155.983182863185647, 20.762976781671988 ], [ -155.985500863680528, 20.762410781464329 ], [ -155.986405863798808, 20.75984778079544 ], [ -155.984644863331113, 20.757409780233381 ], [ -155.983860863105377, 20.755776779845721 ], [ -155.981970862691384, 20.755909779932569 ], [ -155.979724862233752, 20.757142780305578 ], [ -155.97905586204655, 20.755917780017032 ], [ -155.979276862005264, 20.753096779302766 ], [ -155.981317862419303, 20.751919778949631 ], [ -155.982856862701027, 20.750077778443806 ], [ -155.98285386243586, 20.74180277636713 ], [ -155.982972643850019, 20.741015776166268 ], [ -155.984071862447621, 20.733732774307473 ], [ -155.985721862738529, 20.731410773678139 ], [ -155.983190862038668, 20.727030772650526 ], [ -155.983355861906546, 20.721747771320146 ], [ -155.987760862709507, 20.716369769846207 ], [ -155.987633862420381, 20.708186767796509 ], [ -155.993536863638553, 20.705438766940329 ], [ -155.996831864200516, 20.700205765534328 ], [ -155.998592864420914, 20.694901764153894 ], [ -156.005382865707531, 20.688152762269045 ], [ -156.012802867156182, 20.682118760545883 ], [ -156.01692386812087, 20.683791760849175 ], [ -156.020542868840295, 20.681255760110833 ], [ -156.025329869858581, 20.67999275965882 ], [ -156.028514870540221, 20.679281759390506 ], [ -156.031399871042794, 20.675038758244774 ], [ -156.034264871627641, 20.673514757781604 ], [ -156.037309872188729, 20.669998756813747 ], [ -156.040809872874718, 20.667243756023922 ], [ -156.040398872586223, 20.661046754481387 ], [ -156.046626873693498, 20.652590752184928 ], [ -156.049881874348273, 20.6505597515837 ], [ -156.055405875565981, 20.650454751401352 ], [ -156.064681877490926, 20.646524750153866 ], [ -156.072671879299776, 20.64787075026555 ], [ -156.078746880745427, 20.651098750903142 ], [ -156.084776881939547, 20.646759749644755 ], [ -156.093710883753999, 20.64175274813681 ], [ -156.104096886025815, 20.641029747661729 ], [ -156.110752887453827, 20.639694747138705 ], [ -156.112303887648238, 20.63505274593123 ], [ -156.119256889028236, 20.630165744509512 ], [ -156.123861890041866, 20.630051744350588 ], [ -156.128012890736386, 20.623086742487434 ], [ -156.134044892087758, 20.623679742465303 ], [ -156.135792892358978, 20.620083741514602 ], [ -156.139035893012476, 20.618118740930342 ], [ -156.144592894428655, 20.624027742253787 ], [ -156.15439589666687, 20.626312742548642 ], [ -156.163516898540081, 20.621899741184269 ], [ -156.166704899333496, 20.624694741794244 ], [ -156.170520900060666, 20.62108374078122 ], [ -156.176932901523571, 20.622552740967446 ], [ -156.178733902063442, 20.626992742028843 ], [ -156.186787903839729, 20.626925741783484 ], [ -156.191316904890158, 20.628498742049029 ], [ -156.20534890789088, 20.625458740888892 ], [ -156.213317909575949, 20.623140740081784 ], [ -156.219035418021775, 20.620634129114396 ], [ -156.222799911535844, 20.618983738770993 ], [ -156.227441912426343, 20.614797737590514 ], [ -156.2318253356448, 20.612300251389655 ], [ -156.234107913775915, 20.610999736449735 ], [ -156.234992824083974, 20.61096165275924 ], [ -156.238243914683039, 20.61082173628758 ], [ -156.243651349893014, 20.608311688968371 ], [ -156.243883915843867, 20.608203735471523 ], [ -156.246128916253042, 20.605512734733725 ], [ -156.248752916845206, 20.605920734761302 ], [ -156.252098385459078, 20.603850865041689 ], [ -156.257181107981836, 20.60070614163849 ], [ -156.257315918564871, 20.600622733190971 ], [ -156.25871097494479, 20.59971963126964 ], [ -156.261631919427629, 20.597828732368544 ], [ -156.262335324154236, 20.598027899170905 ], [ -156.264580920105146, 20.598663732493755 ], [ -156.277244922735633, 20.593562730856139 ], [ -156.281896048350006, 20.59216785794202 ], [ -156.283246924002043, 20.591762730234635 ], [ -156.286565924607999, 20.587828729155188 ], [ -156.290760925457931, 20.585477728447174 ], [ -156.299617927334651, 20.583078727594433 ], [ -156.304954928534045, 20.583769727615461 ], [ -156.314399369485017, 20.584419088141587 ], [ -156.323047932564606, 20.585013727411383 ], [ -156.3324449345902, 20.58355872677928 ], [ -156.335728935231032, 20.580965726036606 ], [ -156.339678936084283, 20.580411725785304 ], [ -156.341547936582998, 20.583103726405785 ], [ -156.348659938164275, 20.583507726303996 ], [ -156.350256938420301, 20.580520725510841 ], [ -156.354662939387225, 20.580378725349576 ], [ -156.357561939963432, 20.578420724776816 ], [ -156.36508894159428, 20.577530724339244 ], [ -156.367800942134323, 20.575732723811868 ], [ -156.373798943430245, 20.574911723435164 ], [ -156.378310944515277, 20.577717724008476 ], [ -156.382042945373911, 20.578832724180867 ], [ -156.383799945825274, 20.580819724627883 ], [ -156.386723946427566, 20.579507724216029 ], [ -156.396024948505442, 20.580363724164354 ], [ -156.397573948900259, 20.58201972453443 ], [ -156.398578949120804, 20.581988724497933 ], [ -156.399271949213897, 20.580137724014968 ], [ -156.40223894986903, 20.580173723939133 ], [ -156.403629950273967, 20.583222724662239 ], [ -156.412309952176656, 20.582896724332343 ], [ -156.414219952710624, 20.586397725153642 ], [ -156.412717952514924, 20.590590726245733 ], [ -156.414094952952382, 20.594739727244434 ], [ -156.417150953705601, 20.597203727773447 ], [ -156.420288954460915, 20.599172728176224 ], [ -156.421660954756589, 20.59896472808488 ], [ -156.422876954933912, 20.596157727347723 ], [ -156.424831955348964, 20.595667727169122 ], [ -156.426429955662485, 20.594469726823604 ], [ -156.435519957787875, 20.598242727507092 ], [ -156.436901958140538, 20.599730727839752 ], [ -156.437291958259721, 20.600757728085515 ], [ -156.440704959125867, 20.604280728869064 ], [ -156.440175959176798, 20.609457730179482 ], [ -156.436908958603681, 20.613999731409617 ], [ -156.439260959357256, 20.621263733159648 ], [ -156.446118961141735, 20.629685735070044 ], [ -156.45224296262117, 20.633681735893973 ], [ -156.453723963056035, 20.63702573668812 ], [ -156.450671962451196, 20.639119737299783 ], [ -156.447467961767273, 20.639808737564255 ], [ -156.446672961747367, 20.644599738785953 ], [ -156.446645649044996, 20.644619049446163 ], [ -156.44643618322462, 20.644767146229139 ], [ -156.442798960982202, 20.647338739582679 ], [ -156.441868367220366, 20.650894335150785 ], [ -156.441364960843799, 20.652817740994983 ], [ -156.442255982965179, 20.654048915485681 ], [ -156.443677961457439, 20.656013741728284 ], [ -156.443544774069807, 20.656313137596342 ], [ -156.442454169444915, 20.658764739993519 ], [ -156.4418669611903, 20.660084742799143 ], [ -156.442586961533607, 20.665769744201171 ], [ -156.444825962075015, 20.667239744504652 ], [ -156.44508796253956, 20.679759747630492 ], [ -156.445405962825419, 20.686396749282455 ], [ -156.445030769980548, 20.688698620758089 ], [ -156.44456996280789, 20.691525750590266 ], [ -156.445897453257487, 20.701327974845707 ], [ -156.446009963471369, 20.702158753210217 ], [ -156.447781963971522, 20.705518754000177 ], [ -156.446323963838154, 20.711298755489008 ], [ -156.446934054824794, 20.714740498595443 ], [ -156.447736248888162, 20.719265964386732 ], [ -156.448233964610438, 20.722073758131138 ], [ -156.451042965340491, 20.725464758898962 ], [ -156.452899965939764, 20.731282760301784 ], [ -156.455641493699659, 20.734784861122037 ], [ -156.456381966852859, 20.735730761314745 ], [ -156.458969208686881, 20.747905169917946 ], [ -156.459981968199941, 20.752670765451541 ], [ -156.45971171153397, 20.768297989747179 ], [ -156.459675968710656, 20.770364769890268 ] ] ], [ [ [ -156.986959090149071, 20.92883679404137 ], [ -156.977689088019389, 20.926172793652036 ], [ -156.968420085882371, 20.92328679320703 ], [ -156.952258082310749, 20.922842793577267 ], [ -156.942397080116933, 20.922143793696005 ], [ -156.937392079058071, 20.923411794161776 ], [ -156.923171075811581, 20.919956793721095 ], [ -156.915292074066656, 20.919642793876736 ], [ -156.900394070627385, 20.914895793132626 ], [ -156.893290068955508, 20.911684792540829 ], [ -156.884762066833019, 20.904389790970246 ], [ -156.882544066347037, 20.904458791053258 ], [ -156.869709063134252, 20.892923788550124 ], [ -156.837052054961561, 20.863570782178279 ], [ -156.828821052892295, 20.855878780498404 ], [ -156.825242051932292, 20.850726779316094 ], [ -156.821443050965968, 20.846834778455211 ], [ -156.812042048346399, 20.830347774610878 ], [ -156.809549047712181, 20.827786774044121 ], [ -156.80591304670773, 20.821663772620582 ], [ -156.80623904627808, 20.806599768845537 ], [ -156.814156047527462, 20.791769764906082 ], [ -156.82192204894605, 20.783030762493716 ], [ -156.828395049955361, 20.770541759182503 ], [ -156.829853050155549, 20.766912758232859 ], [ -156.832427050687869, 20.765886757900827 ], [ -156.836874051480009, 20.760280756369383 ], [ -156.842685052667861, 20.757552755516976 ], [ -156.847605053739414, 20.757226755290876 ], [ -156.851902054706954, 20.757893755331157 ], [ -156.857207055764718, 20.754608754354454 ], [ -156.866553057721859, 20.751639753337834 ], [ -156.871845058711045, 20.746382751868964 ], [ -156.876704059684783, 20.743526751012617 ], [ -156.880530060476957, 20.742045750530128 ], [ -156.884197287095674, 20.744337875526213 ], [ -156.88475706149444, 20.744687751065623 ], [ -156.88585853806913, 20.743829201747669 ], [ -156.887609062047716, 20.742464750426446 ], [ -156.887561754112028, 20.741855114371074 ], [ -156.887371061893333, 20.739397749667429 ], [ -156.890389062411373, 20.735017748484687 ], [ -156.893109063031318, 20.735673748568466 ], [ -156.894026063355341, 20.739352749460302 ], [ -156.897829064213795, 20.740019749514918 ], [ -156.897949442829031, 20.739922696001532 ], [ -156.899754129417431, 20.738467693596224 ], [ -156.901261064876365, 20.737252748722831 ], [ -156.904407975224188, 20.736437973187577 ], [ -156.906927066073393, 20.73578574818962 ], [ -156.90763505259585, 20.735930734203372 ], [ -156.910617479273981, 20.736541494636747 ], [ -156.913529067569982, 20.737137748332774 ], [ -156.916958308463933, 20.737316902995282 ], [ -156.918544068681314, 20.737399748250443 ], [ -156.921604069266095, 20.734757747500538 ], [ -156.930451071256584, 20.736124747581119 ], [ -156.934729072130494, 20.7341287469566 ], [ -156.937997072926748, 20.736463747443256 ], [ -156.945593074572855, 20.73575474704219 ], [ -156.95583207677933, 20.734431746409768 ], [ -156.959155077469404, 20.733222746009865 ], [ -156.963343078346497, 20.731922745561711 ], [ -156.966405079067243, 20.733354745828816 ], [ -156.966286079150024, 20.73661974664742 ], [ -156.973050080922292, 20.74517774858414 ], [ -156.976787081818486, 20.747420749033669 ], [ -156.981931083152773, 20.753517750403706 ], [ -156.98936408564856, 20.779285756617007 ], [ -156.991527086143293, 20.779861756696754 ], [ -156.992234086543363, 20.787165758499427 ], [ -156.990051086196416, 20.791133759554846 ], [ -156.990459086367196, 20.793553760147006 ], [ -156.990258086420141, 20.79645176087655 ], [ -156.988141085978327, 20.797154761114836 ], [ -156.989981086493259, 20.800448761882794 ], [ -156.988144086308324, 20.80697776356757 ], [ -156.987910086606234, 20.817391766175046 ], [ -156.991839087779169, 20.826598768357663 ], [ -157.002514090692983, 20.843459772251332 ], [ -157.005924091568914, 20.847209773086476 ], [ -157.006248091720522, 20.84959877367346 ], [ -157.011202092958115, 20.854004774626478 ], [ -157.031853097810369, 20.863254776321796 ], [ -157.035361098568899, 20.862876776122917 ], [ -157.037449099080533, 20.864435776450016 ], [ -157.037900099242165, 20.86628777689905 ], [ -157.040077099768951, 20.867715777190771 ], [ -157.042226100212986, 20.866872776916228 ], [ -157.046042101159969, 20.870073777601803 ], [ -157.049670101961567, 20.870191777523111 ], [ -157.051524102459098, 20.87285577813303 ], [ -157.053150102911502, 20.875667778786703 ], [ -157.054557103273083, 20.877214779131034 ], [ -157.054249103265448, 20.878993779584448 ], [ -157.058263104301602, 20.8835427806006 ], [ -157.061133105172189, 20.89063078228487 ], [ -157.060247105359167, 20.901919785130438 ], [ -157.056362104793692, 20.910454787378004 ], [ -157.05205610396456, 20.913933788375541 ], [ -157.048032103102599, 20.914613788665601 ], [ -157.035478100605559, 20.922414790989098 ], [ -157.021739097706188, 20.926039792304906 ], [ -157.007399094563624, 20.926394792821593 ], [ -157.001457093301383, 20.927726793331658 ], [ -156.993376091523459, 20.927726793572688 ], [ -156.986959090149071, 20.92883679404137 ] ] ], [ [ [ -156.892125077399129, 21.16862485684322 ], [ -156.884994075826484, 21.168624857057235 ], [ -156.884044075533808, 21.166186856475527 ], [ -156.883330075225246, 21.161753855387399 ], [ -156.879290074311598, 21.161088855342129 ], [ -156.876438073848846, 21.16596585664837 ], [ -156.867949071927114, 21.164515856539971 ], [ -156.865868071361461, 21.161384855818621 ], [ -156.85606906927336, 21.163535856650714 ], [ -156.850142067995648, 21.164407857046573 ], [ -156.848359067652211, 21.165872857466731 ], [ -156.842656066426429, 21.166821857875135 ], [ -156.837957065310405, 21.164487857431517 ], [ -156.830663063688434, 21.164111857555731 ], [ -156.827168063061691, 21.168353858722401 ], [ -156.824205062397681, 21.168052858735724 ], [ -156.819193061404775, 21.171371859716729 ], [ -156.810347059507535, 21.172980860384289 ], [ -156.803874058155117, 21.175214861137313 ], [ -156.798969057009458, 21.17335386081799 ], [ -156.796102056223589, 21.16884685977508 ], [ -156.790398054949748, 21.168403859834612 ], [ -156.787546054410683, 21.171062860585735 ], [ -156.784300053796755, 21.17408086143854 ], [ -156.779660052739587, 21.173105861332996 ], [ -156.776850052177963, 21.174830861848971 ], [ -156.773027051296367, 21.173717861684416 ], [ -156.770165050749483, 21.176215862395534 ], [ -156.759188048269664, 21.174542862304278 ], [ -156.756549558646583, 21.17440627803882 ], [ -156.739059043790689, 21.173500862643856 ], [ -156.735018042740791, 21.168846861598542 ], [ -156.735731042582842, 21.159537859245461 ], [ -156.731662041674696, 21.15924685929382 ], [ -156.728655040952759, 21.157530858953564 ], [ -156.717089038499751, 21.16049986004176 ], [ -156.709111036675694, 21.158650859816074 ], [ -156.711139036928188, 21.152877858309495 ], [ -156.712439036915782, 21.144020856052105 ], [ -156.716028037604076, 21.140941855174066 ], [ -156.722897038714962, 21.128945851965032 ], [ -156.730079040134427, 21.124039850522664 ], [ -156.735969041098258, 21.114090847855859 ], [ -156.739347041750534, 21.111331847064481 ], [ -156.743417042632672, 21.110856846824479 ], [ -156.744774042798269, 21.106894845791984 ], [ -156.757984045363997, 21.096559842811264 ], [ -156.765597046894101, 21.092134841476913 ], [ -156.774095048539351, 21.085341839523455 ], [ -156.774949048620243, 21.082159838701457 ], [ -156.781597050079881, 21.08195983845361 ], [ -156.787126051200488, 21.07903183755613 ], [ -156.790873051795415, 21.072179835729511 ], [ -156.797076053121884, 21.070949835237055 ], [ -156.802205054122624, 21.067090834118542 ], [ -156.811532056143818, 21.066039833577861 ], [ -156.817061057341874, 21.065416833257306 ], [ -156.818588039060302, 21.063870399398123 ], [ -156.818937923742482, 21.063516057553425 ], [ -156.821771058219156, 21.060646831923332 ], [ -156.826783059324811, 21.060665831778817 ], [ -156.833180060622027, 21.057319830750973 ], [ -156.836011061130876, 21.053911829813877 ], [ -156.843664062827401, 21.054191829655927 ], [ -156.845873025456427, 21.052894308335144 ], [ -156.849088063915275, 21.051005828697132 ], [ -156.848392063892874, 21.05487982968716 ], [ -156.851244064596585, 21.057097830157094 ], [ -156.857756065985569, 21.05572682961991 ], [ -156.860513066467007, 21.051995828604245 ], [ -156.8657420675369, 21.049555827837885 ], [ -156.869543068371684, 21.049468827702746 ], [ -156.873083069124277, 21.04865482739352 ], [ -156.874501069329114, 21.045473826555462 ], [ -156.883768071426971, 21.047118826690479 ], [ -156.886710072132615, 21.048811827026178 ], [ -156.892600073448193, 21.049333826980927 ], [ -156.892911073640931, 21.052999827888666 ], [ -156.895175074233634, 21.055766828513185 ], [ -156.896495177155316, 21.055436428693309 ], [ -156.900469075355261, 21.05444182802362 ], [ -156.914288078476716, 21.056699828175443 ], [ -156.920819080010233, 21.059485828676991 ], [ -156.931185054352682, 21.060448989411899 ], [ -156.934864083148824, 21.060790828583198 ], [ -156.94270908494903, 21.062908828878079 ], [ -156.948531086247698, 21.063383828822531 ], [ -156.953877087518492, 21.066123829347614 ], [ -156.965634090178526, 21.068188829511691 ], [ -156.972335091746714, 21.070897829988187 ], [ -156.977706159410985, 21.070611372875973 ], [ -156.980960093630728, 21.07043782961447 ], [ -156.982472094067276, 21.073476830328993 ], [ -156.984376343368723, 21.074387987716079 ], [ -156.987046232731274, 21.075665493457485 ], [ -156.988162178714219, 21.076199458429908 ], [ -156.989278915188407, 21.076733801642089 ], [ -156.989458893889974, 21.076819919002318 ], [ -156.99230309639276, 21.078180831210119 ], [ -156.994688408247924, 21.078146443730297 ], [ -156.995552628594822, 21.078133984831133 ], [ -156.997991097642682, 21.078098831018814 ], [ -156.998679538901797, 21.077732604138671 ], [ -157.000525098154782, 21.076750830605675 ], [ -157.002888098724895, 21.078208830899232 ], [ -157.003258098868514, 21.08003183134392 ], [ -157.004642178126716, 21.080424076653809 ], [ -157.00763709987524, 21.081272831522632 ], [ -157.009514358541651, 21.081976548692566 ], [ -157.013149744854729, 21.083339325071826 ], [ -157.018689102450452, 21.085415832226243 ], [ -157.023493103518632, 21.085718832157536 ], [ -157.026651104281825, 21.087703832558809 ], [ -157.028142152090737, 21.087749422106558 ], [ -157.029431104896901, 21.087788832496425 ], [ -157.034032106131775, 21.094277833980225 ], [ -157.035115711299738, 21.094551910329432 ], [ -157.037795193327923, 21.095229631950993 ], [ -157.040943107713304, 21.096025834209161 ], [ -157.041285221160308, 21.096016403743501 ], [ -157.048525109375589, 21.095816833928573 ], [ -157.059780111977318, 21.099431834493117 ], [ -157.066283057915484, 21.100409431327254 ], [ -157.06687111357499, 21.100497834545816 ], [ -157.071095114457762, 21.099119834074006 ], [ -157.080665116662203, 21.101971834498208 ], [ -157.0918395064582, 21.102151477213887 ], [ -157.091986119160538, 21.102153834202049 ], [ -157.095588120002304, 21.103579834449704 ], [ -157.101109121109772, 21.10043783349774 ], [ -157.101881920506401, 21.10065536353267 ], [ -157.105397122094985, 21.101644833669884 ], [ -157.112719123675589, 21.100742833223297 ], [ -157.117313124621319, 21.098838832608692 ], [ -157.126823126679795, 21.097837832071161 ], [ -157.138433129098161, 21.093862830726938 ], [ -157.146288130797188, 21.093009830276291 ], [ -157.149069131358374, 21.091533829823405 ], [ -157.157380133229083, 21.092761829878775 ], [ -157.168788135729983, 21.092505829469552 ], [ -157.174489136979759, 21.092378829265225 ], [ -157.178501137815118, 21.091006828801003 ], [ -157.183995139022556, 21.090976828627106 ], [ -157.186773139656736, 21.091648828710817 ], [ -157.202567143065863, 21.089769827762851 ], [ -157.216085146046254, 21.08998682740717 ], [ -157.24241915176944, 21.088033826120309 ], [ -157.249706153259979, 21.084797825090995 ], [ -157.252539153981729, 21.087665825721079 ], [ -157.27407615884772, 21.091473826017335 ], [ -157.27835815979455, 21.091634825927319 ], [ -157.283581160990934, 21.093033826117722 ], [ -157.28738816183872, 21.093351826081285 ], [ -157.29884616435757, 21.093365825736058 ], [ -157.304097165573864, 21.095165826025514 ], [ -157.31075316726006, 21.10162282743466 ], [ -157.30647716654741, 21.108186829203593 ], [ -157.300899165544593, 21.114637830984105 ], [ -157.298758165285477, 21.120747832574835 ], [ -157.300572165797632, 21.124022833337207 ], [ -157.298466165474252, 21.128053834407879 ], [ -157.296742165268086, 21.133042835706139 ], [ -157.292376164405312, 21.135845836539168 ], [ -157.290728164149442, 21.138917837356509 ], [ -157.291069164366348, 21.143014838369165 ], [ -157.288440163920342, 21.146824839400775 ], [ -157.283024162934765, 21.152749841045608 ], [ -157.277225161856336, 21.158426842640285 ], [ -157.27338116105679, 21.159748843087709 ], [ -157.269859160305685, 21.160425843364216 ], [ -157.256725157785581, 21.171062846421627 ], [ -157.251380156843766, 21.177811848270526 ], [ -157.252448157235477, 21.182332849367345 ], [ -157.249700156702488, 21.184396849966792 ], [ -157.24831415654748, 21.188718851088804 ], [ -157.249564156918552, 21.191488851742687 ], [ -157.247655156681532, 21.19676285311855 ], [ -157.250265157636676, 21.207734855780146 ], [ -157.256106159104462, 21.212991856915174 ], [ -157.258919159807391, 21.215408857433104 ], [ -157.260291160239348, 21.219150858326095 ], [ -157.257527159743773, 21.222389859219842 ], [ -157.254109159052547, 21.224140859761814 ], [ -157.253920014000443, 21.2240692340431 ], [ -157.245994157160027, 21.221067859241941 ], [ -157.244022156676181, 21.21963085894312 ], [ -157.238837155472368, 21.217823858649954 ], [ -157.232138154007856, 21.218103858924437 ], [ -157.221075151548717, 21.217401859086653 ], [ -157.215597150365511, 21.218049859415711 ], [ -157.212087149724624, 21.221843860470958 ], [ -157.202962147488876, 21.215293859112261 ], [ -157.200490147008225, 21.217125859645481 ], [ -157.196478146024504, 21.214223859042466 ], [ -157.19244414490845, 21.207639857519858 ], [ -157.186800143516791, 21.203329856614573 ], [ -157.180878142195041, 21.202805856663886 ], [ -157.178563141701574, 21.203271856850822 ], [ -157.171177140008041, 21.201317856587199 ], [ -157.161643137924386, 21.201759856987689 ], [ -157.157140136926529, 21.201572857077874 ], [ -157.156424136671831, 21.198765856397991 ], [ -157.154523136214976, 21.197657856178825 ], [ -157.151433135542334, 21.197878856327993 ], [ -157.146902134532922, 21.197537856380457 ], [ -157.143133133691833, 21.197212856413731 ], [ -157.143021133742593, 21.199395856962845 ], [ -157.136234132241754, 21.199210857122782 ], [ -157.136009145390631, 21.199222032901613 ], [ -157.133312381080401, 21.199355989358818 ], [ -157.129812130838644, 21.199529857397593 ], [ -157.121359128883284, 21.196808856973959 ], [ -157.118441128261935, 21.197424857216543 ], [ -157.112430126861028, 21.195188856839909 ], [ -157.111859112800204, 21.195186947465956 ], [ -157.10712312484165, 21.195171111126964 ], [ -157.10704712567491, 21.195170856998708 ], [ -157.101705696002483, 21.196126754026213 ], [ -157.101610124511012, 21.196143857406884 ], [ -157.094306088052434, 21.195075818422104 ], [ -157.092747122514226, 21.194847857351569 ], [ -157.082053120019339, 21.190802856664174 ], [ -157.073780118120965, 21.188591856361864 ], [ -157.066509341505736, 21.188574996809674 ], [ -157.065155116220268, 21.18857185661798 ], [ -157.060078115005695, 21.185776856072664 ], [ -157.049929112771423, 21.185822856391191 ], [ -157.043203111374169, 21.188283857210106 ], [ -157.035038109548907, 21.18751985726588 ], [ -157.025699107443785, 21.186141857203449 ], [ -157.01590210520601, 21.183842856924333 ], [ -157.014595933868122, 21.183520790358813 ], [ -157.011926566364309, 21.182862596445666 ], [ -157.006987649970171, 21.181644793088545 ], [ -157.004157102518434, 21.180946856554488 ], [ -157.003903560437976, 21.180871604929809 ], [ -156.998217101148924, 21.179183856292699 ], [ -156.989002099221011, 21.182187857322159 ], [ -156.985356098545225, 21.185914858364534 ], [ -156.984656098496259, 21.188985859153966 ], [ -156.9828050983879, 21.197721861395479 ], [ -156.982443098427524, 21.201202862277349 ], [ -156.979698097859739, 21.202290862632413 ], [ -156.980038280540725, 21.204592787962611 ], [ -156.980191098082912, 21.205626863452238 ], [ -156.982348098632798, 21.207793863929346 ], [ -156.980304098252617, 21.209844864504234 ], [ -156.976524097520269, 21.212785865354235 ], [ -156.970618096311796, 21.21551486621539 ], [ -156.965534095125093, 21.213597865889099 ], [ -156.96285209448331, 21.212126865601913 ], [ -156.959906093720605, 21.20882886486547 ], [ -156.957343093020512, 21.204892863957806 ], [ -156.956594092718575, 21.200901862981677 ], [ -156.948217090441659, 21.188349860093115 ], [ -156.947160089883454, 21.178850857748024 ], [ -156.943701089028849, 21.176160857179024 ], [ -156.943913088965587, 21.172944856367927 ], [ -156.938410087711731, 21.171755856235965 ], [ -156.933849086627134, 21.169442855794372 ], [ -156.927699085349218, 21.171724856550338 ], [ -156.925020084678238, 21.169374856042804 ], [ -156.918883083274864, 21.167902855858895 ], [ -156.918098584095674, 21.16857033946691 ], [ -156.915075082545854, 21.171142856784144 ], [ -156.914244082293521, 21.1691188563026 ], [ -156.913558082032608, 21.165907855519634 ], [ -156.908172080787097, 21.164210855256723 ], [ -156.903471079750346, 21.164205855396638 ], [ -156.90139407921626, 21.161975854900902 ], [ -156.896165078108595, 21.163305855390721 ], [ -156.892125077399129, 21.16862485684322 ] ] ], [ [ [ -157.658886251765153, 21.330460873796266 ], [ -157.656576251301232, 21.331676874171734 ], [ -157.65388825059236, 21.328341873423824 ], [ -157.654089250552772, 21.325987872830385 ], [ -157.656503251079926, 21.325906872734794 ], [ -157.659592251797505, 21.327013872914428 ], [ -157.659830251904935, 21.328563873293614 ], [ -157.658886251765153, 21.330460873796266 ] ] ], [ [ [ -155.568730719581254, 19.026083358368691 ], [ -155.57584172107326, 19.02364335757893 ], [ -155.580021721832509, 19.018040356075762 ], [ -155.584903722513673, 19.004213352505356 ], [ -155.590296723552797, 18.9990963510926 ], [ -155.593732724198219, 18.995248350046076 ], [ -155.593768723713481, 18.977777345692171 ], [ -155.596995724333425, 18.974651344831052 ], [ -155.599192724639067, 18.968391343215483 ], [ -155.60612972617389, 18.96885134315314 ], [ -155.6095127268363, 18.966021342361863 ], [ -155.612919727662216, 18.968807342968955 ], [ -155.619574729090459, 18.967683342519123 ], [ -155.621753729428178, 18.962709341224532 ], [ -155.622370729420425, 18.957632339944197 ], [ -155.622472048367257, 18.957441318600434 ], [ -155.623177266219443, 18.956111738437979 ], [ -155.626273625108098, 18.950274028374796 ], [ -155.6273454179792, 18.948253327203879 ], [ -155.627420730259786, 18.94811133744399 ], [ -155.631831102613347, 18.945461285031083 ], [ -155.632258731238892, 18.945204336596582 ], [ -155.632527725516468, 18.942562106637883 ], [ -155.632647731216593, 18.941383335635063 ], [ -155.635390120452428, 18.938806331499745 ], [ -155.638119732271718, 18.936241334214962 ], [ -155.643399733397075, 18.935086333792658 ], [ -155.645992733913147, 18.933221333262097 ], [ -155.649608734538447, 18.927272331688517 ], [ -155.651247464658638, 18.925741137157054 ], [ -155.652770788813541, 18.92431777550269 ], [ -155.654774735535199, 18.922445330354858 ], [ -155.65758323620318, 18.920925957074317 ], [ -155.661279113667121, 18.918926521029132 ], [ -155.663837737384085, 18.917542328902925 ], [ -155.66905473849755, 18.916469328502693 ], [ -155.669823042609011, 18.915654043758511 ], [ -155.673077739259213, 18.912200327337246 ], [ -155.677428038109383, 18.911083801947584 ], [ -155.677585740214823, 18.911043326934184 ], [ -155.678613361878263, 18.910907874853844 ], [ -155.680966787321381, 18.910597666940056 ], [ -155.682797741337936, 18.910356326630147 ], [ -155.683372869831771, 18.913896873221933 ], [ -155.684027741820955, 18.917928328483704 ], [ -155.682871741754752, 18.924566330165739 ], [ -155.683986742270633, 18.934188332532742 ], [ -155.688088743319696, 18.939493333748654 ], [ -155.696904745444499, 18.946295335216618 ], [ -155.701299746448086, 18.947715335457676 ], [ -155.705720747487106, 18.950185335959432 ], [ -155.707311747947983, 18.954148336905323 ], [ -155.714852749775162, 18.960300338243751 ], [ -155.719229750754891, 18.961014338309322 ], [ -155.72361775187025, 18.966432339545666 ], [ -155.729054753094061, 18.967561339687283 ], [ -155.73484075443011, 18.969951340133818 ], [ -155.741319755855727, 18.970144340015562 ], [ -155.75474475897019, 18.976202341178823 ], [ -155.759192759974923, 18.977254341326393 ], [ -155.763113760997669, 18.983006342657426 ], [ -155.775591763929555, 18.98993734406173 ], [ -155.785869766412304, 18.998027345810868 ], [ -155.78973076729315, 18.999244346014329 ], [ -155.801015770075878, 19.0101093484279 ], [ -155.807318771460928, 19.010240348297909 ], [ -155.827448776038665, 19.016075349230533 ], [ -155.835199777801222, 19.018322349589514 ], [ -155.843922779748851, 19.019593349680335 ], [ -155.850454781174449, 19.019399349463129 ], [ -155.854448782148324, 19.022854350219639 ], [ -155.861056783647513, 19.02465235049609 ], [ -155.867053785108141, 19.029779351616725 ], [ -155.879596787963436, 19.033529352224964 ], [ -155.881554788481509, 19.036639352948129 ], [ -155.881440788741259, 19.046569355422236 ], [ -155.883296789305462, 19.052061356740857 ], [ -155.88628279006565, 19.055755357582701 ], [ -155.890106791030973, 19.060196358588659 ], [ -155.897248792906424, 19.07100936109422 ], [ -155.903602794486943, 19.077561362559688 ], [ -155.906783795250874, 19.079889363056338 ], [ -155.907297180525291, 19.082179937378854 ], [ -155.907697795568481, 19.083967364047492 ], [ -155.911076796656801, 19.096051366967099 ], [ -155.918294798778987, 19.1148003714457 ], [ -155.916937798852018, 19.127634374675726 ], [ -155.918187799320492, 19.134370376319929 ], [ -155.914249798618357, 19.139939377809057 ], [ -155.911180798122388, 19.146052379411032 ], [ -155.910257798069495, 19.151222380722281 ], [ -155.914630799069556, 19.152661380966357 ], [ -155.916436799579628, 19.156611381902614 ], [ -155.912052798877653, 19.165560384245268 ], [ -155.90863579821621, 19.168586385087998 ], [ -155.908279798233849, 19.17189338592074 ], [ -155.907754798260271, 19.1767813871516 ], [ -155.910494798991976, 19.181306388206742 ], [ -155.908041798611151, 19.186724389620064 ], [ -155.905647798545061, 19.202554393624908 ], [ -155.899280797372882, 19.210275395714508 ], [ -155.901186797939943, 19.215415396944827 ], [ -155.902210798387102, 19.223086398828659 ], [ -155.900726798331476, 19.23238040118256 ], [ -155.897295797806635, 19.24021640322443 ], [ -155.900637798750125, 19.247459404941143 ], [ -155.899359798734849, 19.25657340724516 ], [ -155.895817798138751, 19.262790408886968 ], [ -155.891543797599752, 19.276486412411543 ], [ -155.891293797778957, 19.284525414421211 ], [ -155.8887007973415, 19.28903741561362 ], [ -155.889679797687421, 19.293537416709256 ], [ -155.888339797481166, 19.29654941749504 ], [ -155.890054797978109, 19.30068841848141 ], [ -155.887786797658322, 19.306790420061684 ], [ -155.887695797826638, 19.313244421672525 ], [ -155.890675798635044, 19.318539422913794 ], [ -155.889661798578203, 19.324216424355352 ], [ -155.885183797746578, 19.329390425762742 ], [ -155.885245798035498, 19.338816428110565 ], [ -155.88672679855722, 19.345547429749374 ], [ -155.890540799695543, 19.355849432216893 ], [ -155.898796802155545, 19.377979437515865 ], [ -155.910862805347534, 19.396508441816479 ], [ -155.910420805350697, 19.399921442679045 ], [ -155.904880804439614, 19.4103104454157 ], [ -155.905002310015647, 19.41045875665797 ], [ -155.909091805515061, 19.415450446585908 ], [ -155.909623716564568, 19.415952043543196 ], [ -155.914355806816644, 19.420414447684308 ], [ -155.913579044648912, 19.42153026999798 ], [ -155.912158806427072, 19.423570448529357 ], [ -155.913109806688595, 19.425363448951259 ], [ -155.91719780760576, 19.426033449010085 ], [ -155.919772808300308, 19.430424450036746 ], [ -155.921419808822861, 19.435894451357012 ], [ -155.920239808854291, 19.445760453848393 ], [ -155.922260809397727, 19.449144454638645 ], [ -155.921923809442433, 19.453172455652027 ], [ -155.927771810892551, 19.458807456902093 ], [ -155.922491809927948, 19.465410458688815 ], [ -155.921428809875152, 19.471532460243775 ], [ -155.919764809622109, 19.475341461237885 ], [ -155.922613810344103, 19.47860646197654 ], [ -155.924128810759356, 19.481401462633393 ], [ -155.929984812091305, 19.482960462866661 ], [ -155.933312812808936, 19.482512462666509 ], [ -155.933767098080835, 19.479302304964367 ], [ -155.933794812814114, 19.479106461804292 ], [ -155.93725781357324, 19.479062461701318 ], [ -155.941047814523984, 19.483073462600867 ], [ -155.946524815728992, 19.483155462475718 ], [ -155.950429816689535, 19.486643463241702 ], [ -155.948202816461588, 19.495469465501991 ], [ -155.951851817542462, 19.504917467761157 ], [ -155.957555819067125, 19.514103469900238 ], [ -155.960170819667894, 19.514999470054033 ], [ -155.960217819831001, 19.520153471338208 ], [ -155.955969819046175, 19.525148472697257 ], [ -155.95591399079251, 19.529047588739058 ], [ -155.955862819244317, 19.532621474564056 ], [ -155.961173820951785, 19.550848478968884 ], [ -155.964577821730131, 19.551881479135687 ], [ -155.966686822255525, 19.553974479601472 ], [ -155.965539822150902, 19.558931480868608 ], [ -155.963942821831012, 19.559969481170196 ], [ -155.963951743061244, 19.560416705684322 ], [ -155.963988821909652, 19.562275481744216 ], [ -155.96791582294955, 19.568240483127337 ], [ -155.968008823250699, 19.577674485478326 ], [ -155.966421822986575, 19.58051348622903 ], [ -155.971022760662322, 19.587098017176992 ], [ -155.97139482429094, 19.587630487871582 ], [ -155.971986824628061, 19.594582489590184 ], [ -155.975228335007841, 19.598496367141593 ], [ -155.975911562363507, 19.599321312273421 ], [ -155.976431825764536, 19.599949490810221 ], [ -155.974345678863244, 19.603035250051864 ], [ -155.973791825300964, 19.603854491855198 ], [ -155.975118670218166, 19.605285287143953 ], [ -155.978862102248968, 19.609321994706047 ], [ -155.985917828355127, 19.616930494792797 ], [ -155.986982828703105, 19.620747495716607 ], [ -155.985568828469013, 19.623310496394016 ], [ -155.986816746959107, 19.625250665409244 ], [ -155.98721378734777, 19.625867953690221 ], [ -155.991315829998626, 19.63224549846926 ], [ -155.991306830113416, 19.636151499444125 ], [ -155.992885812932741, 19.637234468582676 ], [ -155.994170179948242, 19.638115371036587 ], [ -155.995664831160269, 19.639140500072951 ], [ -155.996551990816386, 19.638812050435682 ], [ -156.000796832230975, 19.637240499461061 ], [ -156.002246288156755, 19.638086122947627 ], [ -156.014272835426908, 19.645102501060627 ], [ -156.016710836036367, 19.647568501610365 ], [ -156.024023837636719, 19.647361501362056 ], [ -156.028986838808891, 19.650093501910167 ], [ -156.032442839745073, 19.655995503289663 ], [ -156.031146839588757, 19.660276504392662 ], [ -156.030998839759235, 19.667041506084555 ], [ -156.027908839120641, 19.668383506502622 ], [ -156.02784409863574, 19.668894644307795 ], [ -156.027431839128838, 19.672149507455156 ], [ -156.026844839121253, 19.676193508480051 ], [ -156.032424840448812, 19.679574509173364 ], [ -156.035101841172917, 19.684099510230322 ], [ -156.034208841067425, 19.687119511007982 ], [ -156.035992260279698, 19.690094729724116 ], [ -156.036083841573429, 19.690247511737972 ], [ -156.039139842312011, 19.692481512213007 ], [ -156.044360843471168, 19.692880512171733 ], [ -156.045070655259991, 19.694072657176445 ], [ -156.047964844445119, 19.698933513584869 ], [ -156.048103295943349, 19.699624510046267 ], [ -156.048590896038718, 19.702058069416353 ], [ -156.049062844851306, 19.704413514922688 ], [ -156.049475845241858, 19.714368517395737 ], [ -156.052489846033495, 19.718662518385877 ], [ -156.061513848298063, 19.72800552047347 ], [ -156.060763848209831, 19.730544521127374 ], [ -156.056667847378719, 19.732829521808412 ], [ -156.053092846709774, 19.736697522870461 ], [ -156.054526847356755, 19.747692525575811 ], [ -156.05069684660242, 19.750587526402036 ], [ -156.049412846546517, 19.758081528307308 ], [ -156.050696846937598, 19.761685529172137 ], [ -156.050456856187395, 19.763027808539491 ], [ -156.050202903173471, 19.76444817949071 ], [ -156.049888829628571, 19.766204807355596 ], [ -156.049632846883554, 19.767636530686424 ], [ -156.049492667763161, 19.769206537420828 ], [ -156.049482234856441, 19.76932338601388 ], [ -156.049252846928681, 19.771892531759121 ], [ -156.046818846542891, 19.776829533057491 ], [ -156.040662845339739, 19.78179453446376 ], [ -156.037925844710429, 19.780882534310226 ], [ -156.036775744680369, 19.782396689772792 ], [ -156.03631784442095, 19.782999534882297 ], [ -156.036576828962922, 19.783563551550493 ], [ -156.038263844976939, 19.787237535887641 ], [ -156.033865844096397, 19.790094536720108 ], [ -156.026592695995959, 19.792565711558552 ], [ -156.026145842478314, 19.792717537584167 ], [ -156.024708842248515, 19.795566538334452 ], [ -156.021266841501784, 19.795900538511095 ], [ -156.020730510233847, 19.796528747107384 ], [ -156.012574839898264, 19.80608154128883 ], [ -156.006807838746056, 19.809920542403745 ], [ -156.006062838693794, 19.813609543345205 ], [ -156.000967837605856, 19.814689543752948 ], [ -156.001455837807526, 19.817808544518702 ], [ -155.998166837108329, 19.818608544807599 ], [ -155.996672836873643, 19.821714545623824 ], [ -155.997351837134289, 19.825393546524314 ], [ -155.989698835602155, 19.830395547981041 ], [ -155.986541834927579, 19.831052548230666 ], [ -155.98585583480758, 19.832074548504536 ], [ -155.986197834968209, 19.834897549200438 ], [ -155.981146833994103, 19.839427550468884 ], [ -155.979589833765431, 19.843191551451358 ], [ -155.972996832461149, 19.848024552837391 ], [ -155.961367830031406, 19.852291554218496 ], [ -155.949510827442509, 19.852964554707746 ], [ -155.945301826530567, 19.853438554940126 ], [ -155.942479825814189, 19.850286554228898 ], [ -155.937094824607243, 19.849565554194456 ], [ -155.922104821537573, 19.857165556499098 ], [ -155.924032822212553, 19.8654575585192 ], [ -155.923265822195617, 19.87048155979555 ], [ -155.919264821438105, 19.87455756092254 ], [ -155.915498820629864, 19.875247561196911 ], [ -155.912359820205495, 19.88406756348639 ], [ -155.90839981936648, 19.885153563865028 ], [ -155.905494818820728, 19.888256564719292 ], [ -155.90441281873467, 19.893288566006447 ], [ -155.904575805574524, 19.893683356330222 ], [ -155.905942819183707, 19.89699456689144 ], [ -155.900956818186444, 19.900321567858146 ], [ -155.90115781836144, 19.904640568932422 ], [ -155.898534817915362, 19.908986570089962 ], [ -155.890852816313782, 19.911965571042789 ], [ -155.888237815836703, 19.915232571930417 ], [ -155.890523816439867, 19.918524572691595 ], [ -155.891342816810152, 19.924794574237112 ], [ -155.890684816780862, 19.928611575209342 ], [ -155.886400815963412, 19.932775576366623 ], [ -155.881975815070234, 19.935467577159688 ], [ -155.877849814136397, 19.934644577065679 ], [ -155.878347814457499, 19.941620578796677 ], [ -155.874284813662456, 19.944922579732545 ], [ -155.871194813049442, 19.94715658037498 ], [ -155.863253811450875, 19.952142581837155 ], [ -155.86299908429018, 19.952782724924464 ], [ -155.858963810832421, 19.962923584649939 ], [ -155.85289380966023, 19.968379586179193 ], [ -155.847426808475745, 19.969049586494961 ], [ -155.841960807393008, 19.973070587648944 ], [ -155.836731806254079, 19.97351758790245 ], [ -155.83240080531175, 19.973922588121091 ], [ -155.831997762235176, 19.981882693891279 ], [ -155.831952805481194, 19.982770590346846 ], [ -155.831084805402497, 19.986485591299818 ], [ -155.82664780455562, 19.990811592502432 ], [ -155.827195804828335, 19.995819593740627 ], [ -155.828394805235945, 20.000542594889883 ], [ -155.825921805023029, 20.011489597696166 ], [ -155.82500280495023, 20.015765598791113 ], [ -155.823034804614906, 20.019011599656803 ], [ -155.823067817063134, 20.024934551018433 ], [ -155.82308280488715, 20.027623601810678 ], [ -155.829207806288991, 20.02931260206708 ], [ -155.829686806460217, 20.031470602594112 ], [ -155.827457806001206, 20.032538602921925 ], [ -155.827072805968299, 20.034248603360322 ], [ -155.827080248233216, 20.034257274458387 ], [ -155.833575337031562, 20.04182480252382 ], [ -155.83824680882833, 20.047267606314875 ], [ -155.838993809082325, 20.050199607028343 ], [ -155.84330981012431, 20.053164607653002 ], [ -155.843956810367246, 20.056455608459029 ], [ -155.848681157943332, 20.060895745976193 ], [ -155.850389811970047, 20.062501609797081 ], [ -155.855111813166474, 20.067589610941866 ], [ -155.85930181430092, 20.07448861255434 ], [ -155.862621815053302, 20.075153612630288 ], [ -155.864508815508401, 20.076429612898195 ], [ -155.865721815900486, 20.080511613886735 ], [ -155.870890817223881, 20.086518615249144 ], [ -155.875766818561203, 20.095090617261452 ], [ -155.879445819613295, 20.102960619130712 ], [ -155.883534820613704, 20.106185619826171 ], [ -155.882833820629969, 20.111765621241933 ], [ -155.891394822939048, 20.125506624447144 ], [ -155.892659823603566, 20.13807462755836 ], [ -155.896002824504762, 20.143413628803248 ], [ -155.895086824476124, 20.149058630241392 ], [ -155.899923826187404, 20.170023635357055 ], [ -155.901849827079161, 20.18519463910231 ], [ -155.904377827973093, 20.196111641766151 ], [ -155.901368827617034, 20.206097644349107 ], [ -155.902801828155958, 20.213322646118815 ], [ -155.898876827645893, 20.224860649115897 ], [ -155.899382827918714, 20.230082650409674 ], [ -155.892280826696663, 20.241264653405363 ], [ -155.88920882608744, 20.24349165404761 ], [ -155.888176475803476, 20.247631829301042 ], [ -155.887579825929691, 20.250024655728676 ], [ -155.886272170159117, 20.251806870496537 ], [ -155.882586825037833, 20.256829657570506 ], [ -155.876558823837172, 20.261035658789904 ], [ -155.868211822119576, 20.265083660033564 ], [ -155.860722820489485, 20.265837660428421 ], [ -155.8507138183476, 20.26803866125503 ], [ -155.847547817556034, 20.265040660590952 ], [ -155.837043815297932, 20.267025661376898 ], [ -155.833805814501147, 20.264374660801632 ], [ -155.830560813760428, 20.263590660694309 ], [ -155.827737813047747, 20.260693660045963 ], [ -155.825333114498079, 20.259829003770022 ], [ -155.822998811948764, 20.258989659749087 ], [ -155.818674811013324, 20.259619660025592 ], [ -155.817576810736597, 20.258507659777091 ], [ -155.81729082707011, 20.258399672738584 ], [ -155.815219810188637, 20.257617659618752 ], [ -155.810456817145706, 20.256704316225331 ], [ -155.807308808394879, 20.256100659455601 ], [ -155.806856808258487, 20.254912659170312 ], [ -155.80089580684546, 20.251773658547162 ], [ -155.797585806003468, 20.248165657733775 ], [ -155.792311804874657, 20.249335658171436 ], [ -155.790167935639801, 20.248379820170438 ], [ -155.787472486792524, 20.24717806196821 ], [ -155.781776802403527, 20.244638657282895 ], [ -155.778791801662521, 20.241979656698266 ], [ -155.776403952267657, 20.242516616898968 ], [ -155.775919049363921, 20.242625657930361 ], [ -155.774304800702538, 20.242988657073901 ], [ -155.771297800144197, 20.246435658020019 ], [ -155.764797798575245, 20.24209665711043 ], [ -155.762889493288782, 20.239655631877465 ], [ -155.762182797894951, 20.238751656343634 ], [ -155.757191796792483, 20.238751656480076 ], [ -155.753021795791426, 20.236145655940931 ], [ -155.748872794708603, 20.230722654695182 ], [ -155.744236793642699, 20.229356654479439 ], [ -155.737008791844204, 20.222768653025636 ], [ -155.731004790434014, 20.220028652502737 ], [ -155.731363790355488, 20.214871651200482 ], [ -155.734136790838761, 20.21064965006676 ], [ -155.724922788527607, 20.201627648056906 ], [ -155.705852783977576, 20.190574645806045 ], [ -155.698809902257807, 20.186708890984484 ], [ -155.685254779082527, 20.17926864353247 ], [ -155.66450577424655, 20.170990642020978 ], [ -155.651657771236415, 20.165350640955715 ], [ -155.64018876840035, 20.155408638774389 ], [ -155.638610767806711, 20.147337636794067 ], [ -155.634311766767524, 20.144391636171989 ], [ -155.627661765282511, 20.143872636221804 ], [ -155.620763763719992, 20.142606636091013 ], [ -155.613395761929695, 20.137250634947591 ], [ -155.607801760715773, 20.137982635282242 ], [ -155.602220759239344, 20.129949633419272 ], [ -155.598037758151207, 20.124534632174779 ], [ -155.589072756008392, 20.119181631074774 ], [ -155.585598719176971, 20.119651762637616 ], [ -155.577670753535443, 20.120724631769022 ], [ -155.566572751278699, 20.127208633693751 ], [ -155.556114749027927, 20.129216634479018 ], [ -155.548876123554521, 20.126718451848202 ], [ -155.531450743319311, 20.120704633008632 ], [ -155.516799739915484, 20.115225632028633 ], [ -155.496846735413897, 20.112223631811723 ], [ -155.480770731692729, 20.106675630851658 ], [ -155.46490972801584, 20.101022629858985 ], [ -155.437827721776785, 20.092677628490783 ], [ -155.435114999674056, 20.091448788616685 ], [ -155.412555715844888, 20.08122962629443 ], [ -155.402060713360783, 20.075781625207867 ], [ -155.398532712443142, 20.071184624148774 ], [ -155.390214710476698, 20.066942623306382 ], [ -155.38212770859667, 20.063882622754214 ], [ -155.366921705051425, 20.057788621630248 ], [ -155.362253857780843, 20.055337575872827 ], [ -155.358746084673044, 20.053495674907424 ], [ -155.355353916297616, 20.051714476975057 ], [ -155.354876095207459, 20.051463577301913 ], [ -155.354547196789554, 20.051290875620332 ], [ -155.350760701223749, 20.049302619931062 ], [ -155.345480700049649, 20.049098620020214 ], [ -155.340776698869007, 20.044392618964466 ], [ -155.330214696357615, 20.038512617769612 ], [ -155.298518688921177, 20.024226615025427 ], [ -155.290963687155966, 20.021068614433034 ], [ -155.284648212683067, 20.019836024074088 ], [ -155.280280684730428, 20.018983614192543 ], [ -155.268709681975025, 20.0123936128448 ], [ -155.26232568040183, 20.006966611651599 ], [ -155.261893680272436, 20.005822611375923 ], [ -155.260675680002919, 20.005822611408099 ], [ -155.258946679575587, 20.004308611073821 ], [ -155.256549679021674, 20.003514610937877 ], [ -155.251600677842077, 20.000655610351053 ], [ -155.251478026300248, 20.000462749243599 ], [ -155.248038676888427, 19.995054609039471 ], [ -155.242226289204581, 19.99418486615194 ], [ -155.241551921170384, 19.994083956365298 ], [ -155.24116867533786, 19.994026608962724 ], [ -155.239989675050793, 19.993140608771462 ], [ -155.240684675132144, 19.990685608137039 ], [ -155.23833267451468, 19.987398607374168 ], [ -155.230740672754223, 19.984669606889408 ], [ -155.224160671180357, 19.980676606060651 ], [ -155.213516668660617, 19.975101604941745 ], [ -155.213151115839992, 19.974838665075971 ], [ -155.205643666751627, 19.969438603727614 ], [ -155.203165619034507, 19.967341145812078 ], [ -155.201821665810627, 19.966203603016226 ], [ -155.201669665720999, 19.964300602542611 ], [ -155.196895664542126, 19.960138601623552 ], [ -155.196151664245264, 19.955639600513994 ], [ -155.188608662550763, 19.95478260049703 ], [ -155.177267659835508, 19.947787599039131 ], [ -155.175647659405769, 19.945360598472508 ], [ -155.16334565641796, 19.936317596525441 ], [ -155.150637653236089, 19.923705593692869 ], [ -155.145575651994591, 19.919564592786017 ], [ -155.141474651020104, 19.917279592319797 ], [ -155.135044649377136, 19.909758590600262 ], [ -155.13307064884853, 19.906617589863515 ], [ -155.128362647720309, 19.903665589245609 ], [ -155.128665647694277, 19.900476588437328 ], [ -155.128615859457625, 19.900454985791605 ], [ -155.127349647386353, 19.899905588328384 ], [ -155.125425646978528, 19.900523588533733 ], [ -155.118996645197399, 19.888241585619017 ], [ -155.119957645334267, 19.885640584941164 ], [ -155.119032645056137, 19.883122584333357 ], [ -155.116192644366777, 19.881034583883398 ], [ -155.111893643390914, 19.880196583785171 ], [ -155.109701642862063, 19.87869458346535 ], [ -155.110460623764226, 19.876402057526604 ], [ -155.110529642972466, 19.876193582816086 ], [ -155.105129641587752, 19.869680581322228 ], [ -155.10508267848482, 19.869661774147236 ], [ -155.09735363977623, 19.866566548854006 ], [ -155.093060769096127, 19.864847395617897 ], [ -155.092711638694766, 19.864707580397496 ], [ -155.08852463761545, 19.859456579188571 ], [ -155.088374584655753, 19.858956649086906 ], [ -155.087577076002987, 19.856299596645894 ], [ -155.087545637303975, 19.856194852615435 ], [ -155.086697637034263, 19.853369577708413 ], [ -155.083351045160839, 19.852655895361934 ], [ -155.0832276362448, 19.852629577612934 ], [ -155.083163636226971, 19.852504037129997 ], [ -155.080755635556869, 19.847780576460234 ], [ -155.084307636224054, 19.843683575339711 ], [ -155.082293635553555, 19.835937573448135 ], [ -155.087410636186377, 19.818715568993589 ], [ -155.09263963707113, 19.809323566501259 ], [ -155.089948206209414, 19.805345457125991 ], [ -155.089311636192321, 19.80440456535343 ], [ -155.086505635544285, 19.803464565190396 ], [ -155.087789635647226, 19.797209563587703 ], [ -155.089987636048818, 19.794285562797089 ], [ -155.089468635773699, 19.788746561420901 ], [ -155.086094634876503, 19.783533560200524 ], [ -155.086816195343658, 19.778054962926884 ], [ -155.087410634878665, 19.773541557659716 ], [ -155.089529635244702, 19.769989556713767 ], [ -155.089135120410589, 19.767435131933901 ], [ -155.0888536349687, 19.765612555633279 ], [ -155.090217473402816, 19.756455145807383 ], [ -155.090391348547513, 19.755287671770844 ], [ -155.090412483838094, 19.755145760151894 ], [ -155.090737635019963, 19.752962552411354 ], [ -155.090040634521557, 19.7410355494378 ], [ -155.090024634332906, 19.734618547828742 ], [ -155.089926389080659, 19.734394770747659 ], [ -155.087122633500513, 19.728008546245945 ], [ -155.087043253385133, 19.727945259803118 ], [ -155.086658823049277, 19.727638769589788 ], [ -155.083132739629491, 19.724827570889854 ], [ -155.081943632236204, 19.723879545344218 ], [ -155.071223565640594, 19.724300493117209 ], [ -155.070534629725984, 19.724327545751279 ], [ -155.070297629750911, 19.727012546430863 ], [ -155.06397662840763, 19.728912547070671 ], [ -155.060789627628679, 19.726340546507807 ], [ -155.053664626232262, 19.732576548255992 ], [ -155.046103624561368, 19.732632548465187 ], [ -155.044375793474472, 19.734693538192694 ], [ -155.041062623619297, 19.73864555010374 ], [ -155.031083621416968, 19.73882855040711 ], [ -155.028703620807931, 19.735961549749195 ], [ -155.025137620019024, 19.735961549841143 ], [ -155.021097619048021, 19.733276549271643 ], [ -155.015830617944687, 19.735432549948317 ], [ -155.014680617776179, 19.738422550728174 ], [ -155.003528615248371, 19.736325550489326 ], [ -155.001283614702288, 19.734607550116063 ], [ -154.997282613643733, 19.728575548705528 ], [ -154.996666272295073, 19.7278342850834 ], [ -154.993034612557182, 19.723466547532908 ], [ -154.992466065037831, 19.72201685812318 ], [ -154.990540305465856, 19.717106532846756 ], [ -154.987172610831578, 19.708519543933299 ], [ -154.984201610059301, 19.704507543003025 ], [ -154.981167609090619, 19.694120540474881 ], [ -154.978077608259667, 19.688973539262872 ], [ -154.979028608246011, 19.681140537273301 ], [ -154.982633608814751, 19.673139535173597 ], [ -154.982977608472481, 19.658499531492303 ], [ -154.9785526073222, 19.6524925300989 ], [ -154.981649607896998, 19.64863252905133 ], [ -154.981283065791388, 19.644758742795762 ], [ -154.981167607645062, 19.64353852778596 ], [ -154.979578607132169, 19.637879526407247 ], [ -154.974346605841447, 19.633196525366589 ], [ -154.967453064765181, 19.629490477275201 ], [ -154.965331023936329, 19.628349643373529 ], [ -154.963937603379833, 19.627600524229265 ], [ -154.959996602395194, 19.623633523335002 ], [ -154.954440601189219, 19.624438523678933 ], [ -154.954171224336164, 19.624456608410441 ], [ -154.950031600222445, 19.62473452386584 ], [ -154.946992908360471, 19.623160207963572 ], [ -154.945277599100791, 19.62227152336947 ], [ -154.94527108927872, 19.621194424017656 ], [ -154.945253598982532, 19.618300522374007 ], [ -154.94826259946754, 19.61195152070465 ], [ -154.948012885002527, 19.610412482133405 ], [ -154.947851014893388, 19.609414845324203 ], [ -154.947156128884927, 19.605132128379456 ], [ -154.947110599010898, 19.604851518953232 ], [ -154.946894419693706, 19.60469614634728 ], [ -154.94619543082581, 19.604193768398716 ], [ -154.939573597190048, 19.599434517786865 ], [ -154.933524578375454, 19.596098413887056 ], [ -154.932759595576243, 19.595676517018045 ], [ -154.929667368194202, 19.593803455669857 ], [ -154.926025593971104, 19.591597516166566 ], [ -154.921633592759036, 19.583110514149709 ], [ -154.912002590533035, 19.579729513546852 ], [ -154.90629858904947, 19.571891511725998 ], [ -154.902638588139922, 19.568357510932657 ], [ -154.898875441929988, 19.566782713249118 ], [ -154.893257749475936, 19.5644318268982 ], [ -154.888384584818425, 19.562392509798666 ], [ -154.887391523078577, 19.561253120537991 ], [ -154.883837583665212, 19.557175508605535 ], [ -154.879673582708364, 19.555908508393419 ], [ -154.876806175117423, 19.555955656537115 ], [ -154.874686581607563, 19.555990508540543 ], [ -154.866843579676697, 19.549047506997876 ], [ -154.850102575900252, 19.546455506771938 ], [ -154.837388572859197, 19.538349505060356 ], [ -154.832460571676393, 19.535060504359944 ], [ -154.825053570032452, 19.534875504500867 ], [ -154.814861567621222, 19.529318503364351 ], [ -154.811353566773732, 19.526779502815995 ], [ -154.809565566254321, 19.522372501755527 ], [ -154.80695156559517, 19.519494501099498 ], [ -154.80688327511794, 19.518137326698547 ], [ -154.806777565459555, 19.516036500236371 ], [ -154.811701566438046, 19.512086499121168 ], [ -154.811189566169901, 19.506569497750107 ], [ -154.81691656694656, 19.489093493221972 ], [ -154.819109567353365, 19.486302492466631 ], [ -154.819352567276923, 19.481658491295729 ], [ -154.820269567401311, 19.478860490570845 ], [ -154.82681756863542, 19.471222488490184 ], [ -154.831403569566532, 19.468257487631007 ], [ -154.835231570228501, 19.461672485883174 ], [ -154.864977576088535, 19.436093478719904 ], [ -154.871834377520088, 19.432699644510222 ], [ -154.873705577896772, 19.431773477416872 ], [ -154.879522579009944, 19.425616475726819 ], [ -154.885698580296804, 19.422826474871741 ], [ -154.889194580866103, 19.415569472964666 ], [ -154.909148585022166, 19.40653147019631 ], [ -154.923886587945418, 19.394652466847813 ], [ -154.928596588990956, 19.394832466774059 ], [ -154.93403958989461, 19.384172463965875 ], [ -154.948902592853671, 19.372618460696334 ], [ -154.961227893354675, 19.362059187944624 ], [ -154.965603596140909, 19.358310456690958 ], [ -154.966202105956171, 19.357637329453464 ], [ -154.969413596862097, 19.354025455521597 ], [ -154.971877597291638, 19.349939454436086 ], [ -154.982132654197272, 19.344744747442849 ], [ -154.989127600855198, 19.341201451812481 ], [ -155.004797604091408, 19.333252449426439 ], [ -155.012135605680953, 19.332180448972707 ], [ -155.016505697080703, 19.328514885277187 ], [ -155.017333606705932, 19.327820447749819 ], [ -155.040424611597189, 19.320533445342075 ], [ -155.048596613224589, 19.314268443567297 ], [ -155.061978616091722, 19.311231442468756 ], [ -155.071220618142377, 19.311652442340286 ], [ -155.078378619552069, 19.305623440650333 ], [ -155.088535621567246, 19.297604438386617 ], [ -155.097987623576813, 19.29493143747851 ], [ -155.112306626481114, 19.285910434858934 ], [ -155.120166628032422, 19.279438433040784 ], [ -155.129843630012687, 19.27398043143036 ], [ -155.136053631371595, 19.273619431182734 ], [ -155.142379632757525, 19.273312430945637 ], [ -155.149215634149215, 19.269212429746897 ], [ -155.157101635776513, 19.265266428560075 ], [ -155.162992637049086, 19.264344428180124 ], [ -155.169884638599626, 19.265466428285922 ], [ -155.174870639659332, 19.264073427811077 ], [ -155.184720641807019, 19.263253427356055 ], [ -155.189497642775706, 19.260269426488641 ], [ -155.191937643196553, 19.256117425388531 ], [ -155.194365643767327, 19.257389425644941 ], [ -155.197792644541721, 19.258072425728706 ], [ -155.205271646173173, 19.257487425392501 ], [ -155.207769646694601, 19.256458425071781 ], [ -155.222060649962771, 19.260700425769162 ], [ -155.224720650535915, 19.260243425587277 ], [ -155.23290765240597, 19.262597425967549 ], [ -155.234299652802576, 19.265785426729117 ], [ -155.243141654832044, 19.268675427226558 ], [ -155.249106656122791, 19.267850426868424 ], [ -155.255631657635689, 19.270524427370667 ], [ -155.258850658311246, 19.269338426992181 ], [ -155.262536659175794, 19.271200427363691 ], [ -155.275210661824474, 19.266143425776583 ], [ -155.285367664039541, 19.265369425324121 ], [ -155.29324066573173, 19.263896424755135 ], [ -155.304636667998864, 19.255329422323399 ], [ -155.310844669143904, 19.247486420205146 ], [ -155.317880670550721, 19.242456418768782 ], [ -155.333992673884723, 19.23493141647749 ], [ -155.338865674848165, 19.231071415388783 ], [ -155.338962674810574, 19.228989414866192 ], [ -155.342051675389797, 19.225429413898013 ], [ -155.344197675698894, 19.219659412401896 ], [ -155.346362676115405, 19.21753741181659 ], [ -155.347041676180169, 19.214543411051398 ], [ -155.357983678361535, 19.20653040877075 ], [ -155.37392768168516, 19.2000014067332 ], [ -155.386144684334312, 19.198632406079362 ], [ -155.394228685997518, 19.194560404856055 ], [ -155.39916068690593, 19.188324403172988 ], [ -155.403065687730191, 19.18709740276687 ], [ -155.407105688624853, 19.187310402716825 ], [ -155.414694690221324, 19.184742401881749 ], [ -155.417944690812561, 19.180377400708942 ], [ -155.424224692074631, 19.176173399498943 ], [ -155.430088693109866, 19.167188397106202 ], [ -155.443151695714334, 19.157725394410399 ], [ -155.446047696205738, 19.152589393054544 ], [ -155.450078696991767, 19.149049392068058 ], [ -155.463857699877423, 19.143983390451623 ], [ -155.469412701114209, 19.144538390448073 ], [ -155.477143702733656, 19.141718389546686 ], [ -155.483873704116775, 19.138325388527932 ], [ -155.496660706863992, 19.136103387646347 ], [ -155.501262707839885, 19.134853387216708 ], [ -155.504899718553105, 19.132382104336877 ], [ -155.506048708799455, 19.131601386282899 ], [ -155.509998709593646, 19.128998385532419 ], [ -155.509676709313823, 19.121620383700183 ], [ -155.514744710343479, 19.118659382831876 ], [ -155.517372710768313, 19.113273381421177 ], [ -155.522540711901513, 19.113195381269449 ], [ -155.525852712579962, 19.111461380752178 ], [ -155.532964713892568, 19.102644378371135 ], [ -155.541540715432262, 19.090496375122193 ], [ -155.542884715594539, 19.08580137391705 ], [ -155.54922171697558, 19.085423373660639 ], [ -155.553033355223192, 19.080320922509131 ], [ -155.554926718012268, 19.077786371610436 ], [ -155.553363717529578, 19.072860370422227 ], [ -155.552935717205742, 19.064735368407444 ], [ -155.551760716580219, 19.051734365196232 ], [ -155.553896716873567, 19.045519363592309 ], [ -155.558509717659234, 19.037477361469765 ], [ -155.565151718870197, 19.028725359118599 ], [ -155.568730719581254, 19.026083358368691 ] ] ] ] } }
]
}
