{
"type": "FeatureCollection",
"name": "state-39-outline",
"crs": { "type": "name", "properties": { "name": "urn:ogc:def:crs:OGC:1.3:CRS84" } },
"features": [
{ "type": "Feature", "properties": { "state_fips": "39", "state_abbr": "OH", "state_name": "Ohio" }, "geometry": { "type": "MultiPolygon", "coordinates": [ [ [ [ -84.541545469634301, 39.099205788553199 ], [ -84.543544, 39.09966 ], [ -84.550844, 39.09936 ], [ -84.551019810411901, 39.099276978416597 ], [ -84.553157176025195, 39.098267666877 ], [ -84.554444, 39.09766 ], [ -84.557544, 39.09486 ], [ -84.562956249768504, 39.088517519802501 ], [ -84.563926390312005, 39.087380636353103 ], [ -84.563944, 39.08736 ], [ -84.5652688909326, 39.086503668055798 ], [ -84.571839312618593, 39.082256932088001 ], [ -84.572144, 39.08206 ], [ -84.592408, 39.078088 ], [ -84.601682, 39.074115 ], [ -84.604381348900503, 39.073735984792499 ], [ -84.607928, 39.073238 ], [ -84.620112, 39.073457 ], [ -84.623484899152203, 39.074360250032399 ], [ -84.632446, 39.07676 ], [ -84.635771693774998, 39.079528314930002 ], [ -84.650346, 39.09166 ], [ -84.657246, 39.09546 ], [ -84.666147, 39.09796 ], [ -84.677247, 39.09826 ], [ -84.684847, 39.100459 ], [ -84.689747, 39.104159 ], [ -84.692482528650601, 39.107477510166298 ], [ -84.697000123239604, 39.112957870815301 ], [ -84.701947, 39.118959 ], [ -84.712234480881605, 39.130605846382799 ], [ -84.714048, 39.132659 ], [ -84.718548, 39.137059 ], [ -84.723298748117998, 39.140121357240801 ], [ -84.726148, 39.141958 ], [ -84.726421130053595, 39.142073733073602 ], [ -84.732048, 39.144458 ], [ -84.744149, 39.147458 ], [ -84.750749, 39.147358 ], [ -84.754449, 39.146658 ], [ -84.758935352697094, 39.1437035726141 ], [ -84.766749, 39.138558 ], [ -84.783991, 39.11806 ], [ -84.78768, 39.115297 ], [ -84.79382, 39.112939 ], [ -84.810753, 39.109142 ], [ -84.812241, 39.107102 ], [ -84.813767, 39.106492 ], [ -84.820157, 39.10548 ], [ -84.820131253007006, 39.112006713023 ], [ -84.820105636382493, 39.118500378415902 ], [ -84.820099806996296, 39.1199780939153 ], [ -84.820049723512398, 39.132673965901901 ], [ -84.819997601718896, 39.1458865375361 ], [ -84.819985, 39.149081 ], [ -84.819802, 39.157613 ], [ -84.819803752587106, 39.157954739762197 ], [ -84.819821755834795, 39.161465221774499 ], [ -84.820101547932595, 39.216022329654898 ], [ -84.820113749524296, 39.218401537507901 ], [ -84.820115332284303, 39.2187101624055 ], [ -84.820159, 39.227225 ], [ -84.820087208743601, 39.230774932387902 ], [ -84.819813, 39.244334 ], [ -84.819801, 39.247806 ], [ -84.819814281952006, 39.248541545344601 ], [ -84.819815997747, 39.248636564889502 ], [ -84.819859, 39.251018 ], [ -84.819856610252202, 39.251132591576699 ], [ -84.819851632888302, 39.251371262783799 ], [ -84.819772173243095, 39.255181458249901 ], [ -84.819633, 39.261855 ], [ -84.819631560221396, 39.263129204092202 ], [ -84.819626751514903, 39.267384909323702 ], [ -84.819623654235201, 39.270126001869201 ], [ -84.819622, 39.27159 ], [ -84.819596860439901, 39.276524116475002 ], [ -84.819451, 39.305152 ], [ -84.819352, 39.309454 ], [ -84.818447799509897, 39.348640306549903 ], [ -84.817453, 39.391753 ], [ -84.817452144203003, 39.391796116755401 ], [ -84.817451826443204, 39.3918121261244 ], [ -84.816634197570806, 39.433005895310401 ], [ -84.815754, 39.477352 ], [ -84.815741574605696, 39.479449956022201 ], [ -84.815570015614696, 39.508416700223101 ], [ -84.815555, 39.510952 ], [ -84.815555, 39.511052 ], [ -84.815355, 39.521951 ], [ -84.815155, 39.548051 ], [ -84.815148011832903, 39.548686923207001 ], [ -84.814971838018494, 39.564718740314397 ], [ -84.814967098526907, 39.565150034049701 ], [ -84.814955, 39.566251 ], [ -84.814955, 39.567251 ], [ -84.815036190657196, 39.567695326979901 ], [ -84.815156, 39.568351 ], [ -84.815121730557195, 39.572948348337803 ], [ -84.815115787244096, 39.573745661576297 ], [ -84.814952301554101, 39.595677756260002 ], [ -84.814801083710506, 39.615964082619897 ], [ -84.814734982585307, 39.6248317464282 ], [ -84.814705, 39.628854 ], [ -84.814578678021803, 39.6377692893522 ], [ -84.814352057620297, 39.653763231825302 ], [ -84.814323, 39.655814 ], [ -84.814323705388801, 39.655845837818397 ], [ -84.814619, 39.669174 ], [ -84.81453, 39.680429 ], [ -84.814129, 39.726556 ], [ -84.814129065322604, 39.726620248014498 ], [ -84.814146287515896, 39.743559136219602 ], [ -84.814188221291701, 39.784803101447501 ], [ -84.814189, 39.785569 ], [ -84.814179, 39.786853 ], [ -84.814209, 39.799755 ], [ -84.81412, 39.811398 ], [ -84.814177888819302, 39.814159002331102 ], [ -84.814179, 39.814212 ], [ -84.814178108485706, 39.8142403785073 ], [ -84.813852, 39.824621 ], [ -84.813793, 39.826771 ], [ -84.813782592322397, 39.828654558360199 ], [ -84.813772623864594, 39.830458627710399 ], [ -84.813755170040096, 39.833617382079098 ], [ -84.813703, 39.843059 ], [ -84.813674, 39.843173 ], [ -84.813558500361594, 39.850195378014902 ], [ -84.813558485726006, 39.850196267857299 ], [ -84.813549, 39.850773 ], [ -84.813464, 39.853261 ], [ -84.81305, 39.872958 ], [ -84.812787, 39.89083 ], [ -84.812698, 39.891585 ], [ -84.812696946395604, 39.8916779925163 ], [ -84.812577672680803, 39.902205248512097 ], [ -84.812411, 39.916916 ], [ -84.812357, 39.921764 ], [ -84.812193, 39.92734 ], [ -84.812189534538405, 39.927580183687503 ], [ -84.811536425274994, 39.972845781982898 ], [ -84.811212, 39.995331 ], [ -84.810932972432497, 40.005078914562702 ], [ -84.810932938795702, 40.005080089676198 ], [ -84.810099, 40.034214 ], [ -84.809737, 40.048929 ], [ -84.809086613819801, 40.085698213664202 ], [ -84.808963737892199, 40.092644934510098 ], [ -84.808885313607405, 40.097078606950603 ], [ -84.808706448290906, 40.107190656130498 ], [ -84.808706, 40.107216 ], [ -84.808305, 40.127018 ], [ -84.808291, 40.129027 ], [ -84.806790531311606, 40.179305983899503 ], [ -84.806766, 40.180128 ], [ -84.806764565648095, 40.1801695037759 ], [ -84.806387243132704, 40.1910875423847 ], [ -84.806347, 40.192252 ], [ -84.80634, 40.192327 ], [ -84.806332493883104, 40.192584846489403 ], [ -84.806175, 40.197995 ], [ -84.806164175077797, 40.198501954019001 ], [ -84.806089540353597, 40.201997256140402 ], [ -84.805944103791504, 40.208808358201303 ], [ -84.805884771544498, 40.2115870129226 ], [ -84.805627676217497, 40.223627331303298 ], [ -84.805627, 40.223659 ], [ -84.805624636608798, 40.223780862259702 ], [ -84.804778166265294, 40.267426954746 ], [ -84.804098, 40.302498 ], [ -84.803917509121803, 40.310093574693603 ], [ -84.803917, 40.310115 ], [ -84.8040750898748, 40.3435557042488 ], [ -84.804118588418405, 40.352756938265301 ], [ -84.804119, 40.352844 ], [ -84.804306280085498, 40.381403483370498 ], [ -84.804408512895904, 40.396993588653601 ], [ -84.804443777140193, 40.402371248515003 ], [ -84.804444336198102, 40.4024565026752 ], [ -84.804504, 40.411555 ], [ -84.804446097060506, 40.416682727497196 ], [ -84.804097840332801, 40.447523400112097 ], [ -84.803928, 40.462564 ], [ -84.8038280958923, 40.465403128609999 ], [ -84.8031485216558, 40.484715634393403 ], [ -84.802547, 40.50181 ], [ -84.802529020909006, 40.509180303602697 ], [ -84.802483, 40.528046 ], [ -84.802360110547795, 40.552944643188802 ], [ -84.802265, 40.572215 ], [ -84.802246858015494, 40.582352740947897 ], [ -84.802220756242804, 40.596938411523702 ], [ -84.802142830268096, 40.640483446208698 ], [ -84.802135, 40.644859 ], [ -84.802182694756894, 40.657554850877901 ], [ -84.802193, 40.660298 ], [ -84.802193080635504, 40.660341238556597 ], [ -84.80222, 40.674776 ], [ -84.802219937838004, 40.674790354487499 ], [ -84.802157, 40.689324 ], [ -84.802127, 40.691405 ], [ -84.802094, 40.702476 ], [ -84.802181, 40.718602 ], [ -84.802119110648704, 40.728145936904703 ], [ -84.802119, 40.728163 ], [ -84.802266, 40.742298 ], [ -84.802323160184301, 40.747177 ], [ -84.802538, 40.765515 ], [ -84.8024736320681, 40.771651992549799 ], [ -84.80217, 40.800601 ], [ -84.8022611069498, 40.815103797290902 ], [ -84.802384098106302, 40.834682060126198 ], [ -84.802808549283796, 40.902248029531201 ], [ -84.802935, 40.922377 ], [ -84.802936077902203, 40.922567577662903 ], [ -84.803313, 40.989209 ], [ -84.803313112722094, 40.989393962146401 ], [ -84.803325411866695, 41.009575245394203 ], [ -84.803366795267095, 41.077479978185202 ], [ -84.803374, 41.089302 ], [ -84.803341019453001, 41.096866795177 ], [ -84.803234, 41.121414 ], [ -84.803648032729498, 41.1359021123275 ], [ -84.80378, 41.14052 ], [ -84.803458875388102, 41.161632849483098 ], [ -84.803422041141403, 41.164054575744402 ], [ -84.803413, 41.164649 ], [ -84.803594, 41.173203 ], [ -84.803472, 41.173889 ], [ -84.803474842131706, 41.185064546163801 ], [ -84.803492, 41.252531 ], [ -84.803492147422403, 41.252561843108701 ], [ -84.80358, 41.270942 ], [ -84.803580596363602, 41.271023701818201 ], [ -84.803581, 41.271079 ], [ -84.803581690947397, 41.271273026028297 ], [ -84.803772810704402, 41.324941669684499 ], [ -84.803825861374094, 41.339838912825698 ], [ -84.803889667391303, 41.357756382222803 ], [ -84.803926, 41.367959 ], [ -84.803963715849804, 41.375307760241498 ], [ -84.804133, 41.408292 ], [ -84.804046, 41.408361 ], [ -84.804015, 41.411655 ], [ -84.803956340447698, 41.426044486439601 ], [ -84.803956, 41.426128 ], [ -84.803919, 41.435531 ], [ -84.804013529913902, 41.444789484673599 ], [ -84.804220586252598, 41.465069075106697 ], [ -84.804457, 41.488224 ], [ -84.804550872102794, 41.500347482209399 ], [ -84.804551, 41.500364 ], [ -84.804626110830696, 41.5129083526733 ], [ -84.804729, 41.530092 ], [ -84.804729, 41.530134590664296 ], [ -84.804729, 41.530231 ], [ -84.804881309091002, 41.541876949694498 ], [ -84.805448974317102, 41.585282111012297 ], [ -84.805812, 41.61304 ], [ -84.805790522635803, 41.616438978027297 ], [ -84.805773323094897, 41.619160953651402 ], [ -84.805696, 41.631398 ], [ -84.805673, 41.632342 ], [ -84.805933980494999, 41.652854969708898 ], [ -84.80621, 41.67455 ], [ -84.806049840978503, 41.689063906615601 ], [ -84.805972, 41.696118 ], [ -84.749955, 41.698245 ], [ -84.747530824296007, 41.698296749864802 ], [ -84.708710974698903, 41.699125452984603 ], [ -84.689444505258706, 41.699536742144602 ], [ -84.670181980713707, 41.699947947091303 ], [ -84.580314860246204, 41.701866377066402 ], [ -84.572791305209407, 41.702026985456101 ], [ -84.475939009952498, 41.704094530798599 ], [ -84.475923525881797, 41.7040948613434 ], [ -84.466431404772905, 41.704297493513799 ], [ -84.456869016648994, 41.704501625702697 ], [ -84.438067, 41.704903 ], [ -84.399547104352607, 41.705860430932297 ], [ -84.396547, 41.705935 ], [ -84.360546, 41.706621 ], [ -84.360416295278498, 41.706624619335798 ], [ -84.355917358457802, 41.706750159586498 ], [ -84.249697414085105, 41.709714166188803 ], [ -84.230739507320806, 41.710243175699702 ], [ -84.221396027311499, 41.710503900148403 ], [ -84.221303645473398, 41.710506478010601 ], [ -84.211059062583502, 41.710792347218202 ], [ -84.210648305116393, 41.710803809169597 ], [ -84.202232484048693, 41.711038647827799 ], [ -84.134417, 41.712931 ], [ -84.119841582728299, 41.713404456541298 ], [ -84.114985013916794, 41.713562213552997 ], [ -84.076674170325902, 41.714806673259702 ], [ -84.037372546509104, 41.716083316702303 ], [ -84.019373, 41.716668 ], [ -83.998849, 41.716822 ], [ -83.998694399249203, 41.716826897731799 ], [ -83.957703905612107, 41.718125471275002 ], [ -83.899764, 41.719961 ], [ -83.880539, 41.720081 ], [ -83.880387257947405, 41.720089447778797 ], [ -83.880384186795197, 41.7200896187559 ], [ -83.859541, 41.72125 ], [ -83.852753404756896, 41.721411771852303 ], [ -83.839990312912605, 41.721715960439603 ], [ -83.811105680439198, 41.722404381055398 ], [ -83.806138775291799, 41.722522759570502 ], [ -83.781446079989493, 41.723111271836402 ], [ -83.763149888776496, 41.723547333303799 ], [ -83.763038, 41.72355 ], [ -83.758756169781094, 41.723676632194397 ], [ -83.746793683840707, 41.724030414518303 ], [ -83.744351077700003, 41.724102652920998 ], [ -83.729636565330097, 41.724537824540597 ], [ -83.720620237527996, 41.724804476256502 ], [ -83.709580782057202, 41.725130960586903 ], [ -83.709255965082406, 41.725140566826298 ], [ -83.708937, 41.72515 ], [ -83.701522291111502, 41.725558123171403 ], [ -83.689036834132395, 41.726245352350098 ], [ -83.685411603271902, 41.726444893658901 ], [ -83.685337, 41.726449 ], [ -83.666166651575907, 41.726943081144903 ], [ -83.665937, 41.726949 ], [ -83.655805795765801, 41.727257161795599 ], [ -83.649557227294594, 41.727447225092703 ], [ -83.645904686582796, 41.727558324768403 ], [ -83.645738038633695, 41.727563393714803 ], [ -83.6399931637539, 41.7277381361164 ], [ -83.639636, 41.727749 ], [ -83.636636, 41.727849 ], [ -83.631348506967598, 41.7280149006654 ], [ -83.624537381801701, 41.728228606894497 ], [ -83.624535530948293, 41.728228664966998 ], [ -83.614834538801404, 41.728533043817698 ], [ -83.6120372491349, 41.728620811728597 ], [ -83.605408558302003, 41.728828793888198 ], [ -83.595574768930206, 41.729137339391798 ], [ -83.595235, 41.729148 ], [ -83.593835, 41.729148 ], [ -83.589364347721499, 41.7292519686576 ], [ -83.585544414053999, 41.729340804324302 ], [ -83.585235, 41.729348 ], [ -83.566871018766307, 41.729847158165299 ], [ -83.566869946390099, 41.729847187314 ], [ -83.556311321710297, 41.730134185196199 ], [ -83.547680843551703, 41.730368773414803 ], [ -83.547676813631597, 41.730368882953499 ], [ -83.534517598128403, 41.730726568456703 ], [ -83.528433032089296, 41.7308919552964 ], [ -83.521596898307095, 41.731077770776899 ], [ -83.504334, 41.731547 ], [ -83.503433, 41.731547 ], [ -83.499733, 41.731647 ], [ -83.497733, 41.731847 ], [ -83.492387676823697, 41.731972766367797 ], [ -83.492375482382599, 41.731973053282303 ], [ -83.488977564691197, 41.732053000509502 ], [ -83.482021345125602, 41.732216668531002 ], [ -83.467337685757201, 41.732562150075204 ], [ -83.464420324281093, 41.732630790631497 ], [ -83.464014031574393, 41.732640350008303 ], [ -83.455401, 41.732843 ], [ -83.45597, 41.727612 ], [ -83.460821, 41.727359 ], [ -83.462072, 41.725763 ], [ -83.46442, 41.724829 ], [ -83.467679, 41.722571 ], [ -83.468260805208004, 41.721624500368002 ], [ -83.468480527747204, 41.721267048596097 ], [ -83.469016820494204, 41.720394590115603 ], [ -83.46993, 41.718909 ], [ -83.470345, 41.716853 ], [ -83.471182937830605, 41.716120359428899 ], [ -83.471666, 41.715698 ], [ -83.472731883449399, 41.712904093382399 ], [ -83.473514, 41.710854 ], [ -83.473299, 41.709468 ], [ -83.47393, 41.707925 ], [ -83.474722, 41.707812 ], [ -83.475401, 41.706601 ], [ -83.474671919792996, 41.704558816949401 ], [ -83.474632, 41.704447 ], [ -83.477361538025093, 41.703991663053102 ], [ -83.477929, 41.703897 ], [ -83.478028113163504, 41.7037766404789 ], [ -83.478834, 41.702798 ], [ -83.478607181907705, 41.701831460820799 ], [ -83.478017924188507, 41.699320458869899 ], [ -83.477816, 41.69846 ], [ -83.473741, 41.697924 ], [ -83.473481898212199, 41.6978079432755 ], [ -83.470677231216797, 41.696551678440599 ], [ -83.469968, 41.696234 ], [ -83.471412190929598, 41.694470835474299 ], [ -83.472345, 41.693332 ], [ -83.47837, 41.690281 ], [ -83.477619, 41.689041 ], [ -83.484138, 41.684775 ], [ -83.482688689407297, 41.683779499017099 ], [ -83.480213, 41.682079 ], [ -83.472222, 41.687209 ], [ -83.4711, 41.686581 ], [ -83.467396, 41.68798 ], [ -83.465244070849195, 41.689088865971499 ], [ -83.464976, 41.689227 ], [ -83.462672, 41.690496 ], [ -83.460195, 41.691852 ], [ -83.459305, 41.695426 ], [ -83.458938015356097, 41.696227046541402 ], [ -83.458643, 41.696871 ], [ -83.45569, 41.698068 ], [ -83.452483, 41.696966 ], [ -83.447294, 41.695636 ], [ -83.445460118150294, 41.695634367706397 ], [ -83.444192976249795, 41.695633239854303 ], [ -83.4428, 41.695632 ], [ -83.441717420105107, 41.694616912617199 ], [ -83.439592, 41.692624 ], [ -83.431868, 41.69054 ], [ -83.429796218401705, 41.690742405026398 ], [ -83.428439, 41.690875 ], [ -83.423208, 41.689448 ], [ -83.417638638704204, 41.689816948224603 ], [ -83.415917, 41.689931 ], [ -83.415834302798999, 41.689822348600501 ], [ -83.415267, 41.689077 ], [ -83.411712, 41.689031 ], [ -83.40964, 41.689977 ], [ -83.409547, 41.691224 ], [ -83.409356297331001, 41.6912181734114 ], [ -83.403492, 41.691039 ], [ -83.402173, 41.691542 ], [ -83.400025, 41.690901 ], [ -83.39987, 41.689654 ], [ -83.398108, 41.689654 ], [ -83.398015, 41.691063 ], [ -83.395263, 41.691386 ], [ -83.394954, 41.691963 ], [ -83.393223, 41.691894 ], [ -83.39248, 41.69127 ], [ -83.391027, 41.691317 ], [ -83.390254, 41.69007 ], [ -83.388987, 41.6891 ], [ -83.379711, 41.685614 ], [ -83.375860946466602, 41.685388101376503 ], [ -83.372229, 41.685175 ], [ -83.371487, 41.686283 ], [ -83.36688, 41.686514 ], [ -83.365241, 41.685729 ], [ -83.359676, 41.68596 ], [ -83.358161, 41.686699 ], [ -83.351807537933894, 41.686949937546999 ], [ -83.35173, 41.686953 ], [ -83.349597, 41.689723 ], [ -83.345732, 41.691363 ], [ -83.343011, 41.691963 ], [ -83.337985, 41.698682 ], [ -83.338188, 41.70346 ], [ -83.335869, 41.705491 ], [ -83.329531, 41.702721 ], [ -83.323934, 41.697458 ], [ -83.322574, 41.697388 ], [ -83.321846, 41.696993 ], [ -83.320719, 41.695888 ], [ -83.319204, 41.695611 ], [ -83.317782, 41.695103 ], [ -83.314442, 41.69254 ], [ -83.305754, 41.687738 ], [ -83.305693, 41.687207 ], [ -83.309403, 41.683882 ], [ -83.309959, 41.682912 ], [ -83.309032, 41.679171 ], [ -83.306249, 41.676631 ], [ -83.30492, 41.676169 ], [ -83.300189, 41.675569 ], [ -83.296015, 41.675892 ], [ -83.288564, 41.675753 ], [ -83.286276, 41.67349 ], [ -83.283463342963998, 41.675569246631802 ], [ -83.283277, 41.675707 ], [ -83.278855, 41.672566 ], [ -83.272764, 41.669125 ], [ -83.26454, 41.664806 ], [ -83.263427, 41.664644 ], [ -83.253904, 41.65947 ], [ -83.248494, 41.656052 ], [ -83.248459336932797, 41.656050170278 ], [ -83.247471, 41.655998 ], [ -83.238317267940999, 41.651131147523401 ], [ -83.237971030771106, 41.650947060287997 ], [ -83.237796, 41.650854 ], [ -83.236745, 41.649006 ], [ -83.225243, 41.643599 ], [ -83.214761, 41.638348 ], [ -83.208187, 41.635243 ], [ -83.204932, 41.634068 ], [ -83.201322, 41.633853 ], [ -83.197384, 41.632142 ], [ -83.187392, 41.628341 ], [ -83.174852, 41.624733 ], [ -83.169547889980606, 41.623283528493197 ], [ -83.152874, 41.618727 ], [ -83.13541, 41.615175 ], [ -83.128673333454998, 41.615284467133101 ], [ -83.128579, 41.615286 ], [ -83.128397036605506, 41.615575862625398 ], [ -83.127896, 41.616374 ], [ -83.122638, 41.614819 ], [ -83.114144, 41.613975 ], [ -83.11254, 41.614486 ], [ -83.107907, 41.61342 ], [ -83.103422, 41.612887 ], [ -83.093501, 41.609423 ], [ -83.086046, 41.606425 ], [ -83.075097, 41.600553 ], [ -83.067183, 41.595168 ], [ -83.063332, 41.591328 ], [ -83.062049, 41.587755 ], [ -83.062762, 41.586209 ], [ -83.053064, 41.578635 ], [ -83.048900142055302, 41.573150091905298 ], [ -83.048002, 41.571967 ], [ -83.03859, 41.562205 ], [ -83.028072, 41.555656 ], [ -83.019037560543396, 41.550166591731397 ], [ -83.012065, 41.54593 ], [ -83.000658, 41.539953 ], [ -83.000329, 41.538685 ], [ -82.983841, 41.530128 ], [ -82.969679, 41.523899 ], [ -82.962230735408397, 41.521795614782299 ], [ -82.960656768268606, 41.521351127455802 ], [ -82.957009, 41.520321 ], [ -82.942382935924499, 41.517699339982997 ], [ -82.940260215910698, 41.517318851414203 ], [ -82.93736, 41.516799 ], [ -82.937181329852805, 41.516635371386101 ], [ -82.93521, 41.51483 ], [ -82.926384, 41.514262 ], [ -82.910933, 41.515928 ], [ -82.908285613958697, 41.516544447088798 ], [ -82.903622017286693, 41.517630371297301 ], [ -82.903297113924296, 41.517706025443999 ], [ -82.89427, 41.519808 ], [ -82.88847, 41.521803 ], [ -82.877224, 41.527598 ], [ -82.876039352074301, 41.528434423677197 ], [ -82.868583, 41.533699 ], [ -82.868289, 41.534961 ], [ -82.861744, 41.540725 ], [ -82.860823, 41.542631 ], [ -82.861509, 41.544406 ], [ -82.857162, 41.547117 ], [ -82.856853948586604, 41.547080998810699 ], [ -82.856644585069304, 41.5470565310262 ], [ -82.855502, 41.546923 ], [ -82.855061, 41.54755 ], [ -82.855886902349098, 41.548218254539201 ], [ -82.856596, 41.548792 ], [ -82.856347, 41.551141 ], [ -82.85522, 41.552236 ], [ -82.855788, 41.553131 ], [ -82.855784318395905, 41.553906284452999 ], [ -82.855783325365707, 41.554115400074998 ], [ -82.855776, 41.555658 ], [ -82.853091914713701, 41.558269618748099 ], [ -82.852924, 41.558433 ], [ -82.851423, 41.560272 ], [ -82.850679, 41.562701 ], [ -82.849946, 41.563443 ], [ -82.850079, 41.565861 ], [ -82.850992, 41.566302 ], [ -82.851581, 41.565833 ], [ -82.852135, 41.563279 ], [ -82.853948, 41.56335 ], [ -82.855049, 41.564206 ], [ -82.856447, 41.567876 ], [ -82.854892, 41.569226 ], [ -82.8543821699853, 41.5709949056914 ], [ -82.854249837643906, 41.571454045845897 ], [ -82.854119, 41.571908 ], [ -82.855736, 41.573521 ], [ -82.859175, 41.574539 ], [ -82.859531, 41.576371 ], [ -82.857126, 41.578957 ], [ -82.854971, 41.580191 ], [ -82.852923, 41.583315 ], [ -82.850715, 41.583474 ], [ -82.84723, 41.585344 ], [ -82.843799754222104, 41.585936447811797 ], [ -82.839622, 41.586658 ], [ -82.833823, 41.586989 ], [ -82.828157, 41.580786 ], [ -82.821205, 41.571406 ], [ -82.813872579439206, 41.566117247903399 ], [ -82.805526, 41.560097 ], [ -82.794324, 41.546486 ], [ -82.785496, 41.540675 ], [ -82.784378530411601, 41.540630203751803 ], [ -82.774269494366706, 41.5402249606095 ], [ -82.773572, 41.540197 ], [ -82.773386, 41.538693 ], [ -82.772017, 41.538522 ], [ -82.76764, 41.540934 ], [ -82.767632, 41.541728 ], [ -82.763872144767305, 41.542703608124498 ], [ -82.750201, 41.546251 ], [ -82.748349436369594, 41.546014835913397 ], [ -82.741686813715503, 41.545165028665103 ], [ -82.740244, 41.544981 ], [ -82.73607, 41.543482 ], [ -82.727641734583102, 41.542819835496999 ], [ -82.7227276465496, 41.542433761435603 ], [ -82.720045, 41.542223 ], [ -82.716648, 41.540733 ], [ -82.714216, 41.537297 ], [ -82.711584, 41.536317 ], [ -82.714096, 41.533386 ], [ -82.712258, 41.527882 ], [ -82.714017, 41.524368 ], [ -82.717498, 41.522406 ], [ -82.722297680761599, 41.517737737918402 ], [ -82.722465, 41.517575 ], [ -82.721625, 41.514736 ], [ -82.721401598750205, 41.5143055001272 ], [ -82.7195514921615, 41.510740297820199 ], [ -82.718391, 41.508504 ], [ -82.71456, 41.501296 ], [ -82.715518, 41.498819 ], [ -82.717323, 41.498495 ], [ -82.719201, 41.499675 ], [ -82.720512, 41.501895 ], [ -82.719462, 41.505612 ], [ -82.719573403998695, 41.505981824749902 ], [ -82.720194, 41.508042 ], [ -82.722028431585301, 41.509598720360501 ], [ -82.722103, 41.509662 ], [ -82.722426695547696, 41.5106781971716 ], [ -82.722954576487993, 41.512335405997099 ], [ -82.723574, 41.51428 ], [ -82.726085, 41.513951 ], [ -82.726252, 41.511987 ], [ -82.728897, 41.511832 ], [ -82.73092, 41.512298 ], [ -82.736115055332505, 41.511714606306697 ], [ -82.737661, 41.511541 ], [ -82.741498, 41.51222 ], [ -82.74741, 41.512298 ], [ -82.753958, 41.510411 ], [ -82.758960785497493, 41.506634251123003 ], [ -82.761515, 41.504706 ], [ -82.765171, 41.502861 ], [ -82.772791, 41.502948 ], [ -82.773852, 41.504889 ], [ -82.777938, 41.506478 ], [ -82.780727, 41.506684 ], [ -82.78222, 41.505831 ], [ -82.785088, 41.505684 ], [ -82.789331, 41.507096 ], [ -82.793063, 41.506772 ], [ -82.79707, 41.50486 ], [ -82.798728675079602, 41.505255705543902 ], [ -82.801509, 41.505919 ], [ -82.801821, 41.506234572519098 ], [ -82.802295, 41.506714 ], [ -82.806027, 41.506566 ], [ -82.814945, 41.502918 ], [ -82.818844, 41.499019 ], [ -82.820983, 41.491542 ], [ -82.824073, 41.490296 ], [ -82.829913, 41.496268 ], [ -82.836827, 41.500005 ], [ -82.844213, 41.502094 ], [ -82.850774, 41.499946 ], [ -82.850810174813802, 41.499943261249598 ], [ -82.853878, 41.499711 ], [ -82.859731, 41.494885 ], [ -82.862049, 41.494915 ], [ -82.865388, 41.492737 ], [ -82.871281, 41.491413 ], [ -82.878628, 41.489971 ], [ -82.88291, 41.488794 ], [ -82.889588, 41.489177 ], [ -82.894426, 41.489228 ], [ -82.901081, 41.488694 ], [ -82.902749, 41.487674 ], [ -82.905892, 41.489147 ], [ -82.914967, 41.488382 ], [ -82.918896, 41.488676 ], [ -82.924317, 41.488441 ], [ -82.933942, 41.486616 ], [ -82.937164, 41.48644 ], [ -82.937622098736, 41.486492986988601 ], [ -82.943017, 41.487117 ], [ -82.943306510167403, 41.487214016705003 ], [ -82.945649, 41.487999 ], [ -82.95221, 41.488411 ], [ -82.952789145293593, 41.4888450134181 ], [ -82.953467, 41.489353 ], [ -82.95936, 41.488559 ], [ -82.968475, 41.480789 ], [ -82.968357, 41.47761 ], [ -82.970031, 41.47437 ], [ -82.971671, 41.473355 ], [ -82.972099, 41.471164 ], [ -82.974524, 41.469106 ], [ -82.974755, 41.467249 ], [ -82.978221, 41.46679 ], [ -82.981654, 41.467959 ], [ -82.986645, 41.467157 ], [ -82.990353, 41.464967 ], [ -82.993062, 41.460531 ], [ -82.996699, 41.460371 ], [ -82.999551, 41.462188 ], [ -83.001517, 41.462689 ], [ -83.002216, 41.463559 ], [ -83.00191, 41.464954 ], [ -83.002942, 41.467722 ], [ -83.005982, 41.468958 ], [ -83.009144, 41.469348 ], [ -83.017172, 41.468551 ], [ -83.024835, 41.467524 ], [ -83.026965, 41.465284 ], [ -83.03888, 41.464709 ], [ -83.039776, 41.464058 ], [ -83.03916, 41.457699 ], [ -83.038676096906201, 41.457550557788203 ], [ -83.038638619022805, 41.457539061064999 ], [ -83.038564226298803, 41.457516240337803 ], [ -83.037592, 41.457218 ], [ -83.037289, 41.455213 ], [ -83.04061, 41.453435 ], [ -83.041216, 41.45119 ], [ -83.039541, 41.450656 ], [ -83.036047, 41.451778 ], [ -83.032689577765794, 41.4538705652012 ], [ -83.03266, 41.453889 ], [ -83.032617680707304, 41.453899027702597 ], [ -83.031242, 41.454225 ], [ -83.025714, 41.453238 ], [ -83.025087, 41.451921 ], [ -83.024051925456405, 41.451050901918499 ], [ -83.023393, 41.450497 ], [ -83.02297, 41.449781 ], [ -83.024936, 41.448976 ], [ -83.024897, 41.447944 ], [ -83.024116, 41.447374 ], [ -83.015759, 41.445359 ], [ -83.014361, 41.444855 ], [ -83.012992, 41.44312 ], [ -83.013269, 41.44263 ], [ -83.011506, 41.441667 ], [ -83.011179, 41.441177 ], [ -83.011358, 41.436483 ], [ -83.01063, 41.433325 ], [ -83.01063, 41.429262 ], [ -83.009432, 41.428481 ], [ -83.001617, 41.42816 ], [ -83.000619, 41.428588 ], [ -82.999426, 41.430739 ], [ -82.999471, 41.432275 ], [ -83.002153, 41.433082 ], [ -83.003332, 41.43422 ], [ -83.003181, 41.437234 ], [ -83.002565, 41.438164 ], [ -83.000702, 41.438377 ], [ -82.996019, 41.441626 ], [ -82.994599, 41.444222 ], [ -82.993378, 41.445062 ], [ -82.988811, 41.445416 ], [ -82.986368, 41.446715 ], [ -82.985922, 41.447896 ], [ -82.986867, 41.448861 ], [ -82.986893, 41.449885 ], [ -82.986473, 41.451303 ], [ -82.976676306642105, 41.453598106023101 ], [ -82.976617, 41.453612 ], [ -82.975163, 41.451366 ], [ -82.975140494812806, 41.451353 ], [ -82.971325, 41.449149 ], [ -82.967702, 41.440956 ], [ -82.967324, 41.439208 ], [ -82.965403, 41.438877 ], [ -82.964489, 41.436894 ], [ -82.960583, 41.434013 ], [ -82.957086, 41.425486 ], [ -82.953059112831596, 41.4233695096814 ], [ -82.950345, 41.421943 ], [ -82.941966, 41.419061 ], [ -82.940391, 41.418919 ], [ -82.938753, 41.42036 ], [ -82.930184, 41.420006 ], [ -82.929806, 41.41925 ], [ -82.92527, 41.418423 ], [ -82.922813, 41.418849 ], [ -82.920797, 41.420124 ], [ -82.920198, 41.421447 ], [ -82.919142385990199, 41.421874914557399 ], [ -82.917232563473704, 41.422649099865097 ], [ -82.91558, 41.423319 ], [ -82.910079, 41.424892 ], [ -82.908035282480498, 41.4261555915107 ], [ -82.906042, 41.427388 ], [ -82.905916, 41.428122 ], [ -82.901929903697294, 41.430474240265703 ], [ -82.901871, 41.430509 ], [ -82.900903, 41.431711 ], [ -82.898474, 41.4321 ], [ -82.896493, 41.432804 ], [ -82.896397, 41.433605 ], [ -82.895555, 41.434161 ], [ -82.892477, 41.433801 ], [ -82.888447, 41.434701 ], [ -82.888003, 41.43664 ], [ -82.887372776452594, 41.436761166075399 ], [ -82.886427, 41.436943 ], [ -82.884003, 41.435731 ], [ -82.874427, 41.438215 ], [ -82.874346, 41.440214 ], [ -82.873053, 41.440759 ], [ -82.870315, 41.440075 ], [ -82.867474, 41.441072 ], [ -82.864241, 41.440896 ], [ -82.863432, 41.44031 ], [ -82.858843, 41.441033 ], [ -82.855272, 41.442382 ], [ -82.852742, 41.44461 ], [ -82.850865, 41.445294 ], [ -82.848154, 41.445685 ], [ -82.847792201682793, 41.446238338602797 ], [ -82.84625, 41.448597 ], [ -82.843174, 41.449456 ], [ -82.841479, 41.448968 ], [ -82.838898, 41.450414 ], [ -82.837801375920805, 41.449871902482201 ], [ -82.837751, 41.449847 ], [ -82.835274, 41.451313 ], [ -82.835039, 41.45231 ], [ -82.832562, 41.453052 ], [ -82.830322, 41.45515 ], [ -82.828116, 41.458618 ], [ -82.828166209487406, 41.459372097672301 ], [ -82.828187571318793, 41.459692931604799 ], [ -82.828369897675998, 41.462431296174401 ], [ -82.828509364513096, 41.464525952433398 ], [ -82.828589, 41.465722 ], [ -82.828802792800303, 41.466790064452702 ], [ -82.829759533723404, 41.471569743510003 ], [ -82.830015, 41.472846 ], [ -82.82645, 41.473558 ], [ -82.821221, 41.469284 ], [ -82.819824172662294, 41.469371169077696 ], [ -82.812664, 41.469818 ], [ -82.812488704196099, 41.470836745403297 ], [ -82.812129095385899, 41.472926640394199 ], [ -82.811714, 41.475339 ], [ -82.811669723391404, 41.475293291107697 ], [ -82.801018, 41.464297 ], [ -82.783905, 41.454678 ], [ -82.777306452732603, 41.451336331788099 ], [ -82.7683440245317, 41.446797535564201 ], [ -82.766317, 41.445771 ], [ -82.754671, 41.443989 ], [ -82.754389014160594, 41.444242633035202 ], [ -82.752294, 41.446127 ], [ -82.7508780426013, 41.446726976762903 ], [ -82.747666, 41.448088 ], [ -82.743903, 41.450355 ], [ -82.740804, 41.450928 ], [ -82.738543, 41.448141 ], [ -82.737275941708802, 41.448514903319499 ], [ -82.736137, 41.448851 ], [ -82.736903, 41.450819 ], [ -82.733512, 41.460466 ], [ -82.731142, 41.461203 ], [ -82.734314, 41.450519 ], [ -82.730658, 41.450017 ], [ -82.728279679048399, 41.451272266839197 ], [ -82.725927, 41.452514 ], [ -82.725500848184694, 41.4528937829649 ], [ -82.722704337082106, 41.455386010475998 ], [ -82.722646, 41.455438 ], [ -82.718076, 41.457585 ], [ -82.717949853873705, 41.457626331635403 ], [ -82.714499, 41.458757 ], [ -82.713578, 41.458564 ], [ -82.710096527403294, 41.459652841805799 ], [ -82.708395, 41.460185 ], [ -82.708225514753195, 41.460337431233299 ], [ -82.707431, 41.461052 ], [ -82.701605, 41.462994 ], [ -82.698285, 41.459623 ], [ -82.699314, 41.458869 ], [ -82.695526041220702, 41.456495944159101 ], [ -82.692273, 41.454458 ], [ -82.691055, 41.456083 ], [ -82.689124, 41.455148 ], [ -82.689183, 41.454658 ], [ -82.688143, 41.454035 ], [ -82.683846, 41.454195 ], [ -82.684064, 41.453233 ], [ -82.681784, 41.452936 ], [ -82.68002, 41.453164 ], [ -82.679676, 41.454391 ], [ -82.6794999904089, 41.454378401878699 ], [ -82.677259, 41.454218 ], [ -82.674938, 41.453497 ], [ -82.673781, 41.45347 ], [ -82.673518994097705, 41.455118340790598 ], [ -82.672693651388499, 41.460310766005598 ], [ -82.6726749770514, 41.460428250654999 ], [ -82.672332, 41.462586 ], [ -82.677001968057496, 41.469922730073002 ], [ -82.677174, 41.470193 ], [ -82.681172, 41.477381 ], [ -82.686249, 41.481099 ], [ -82.691212, 41.482253 ], [ -82.693551, 41.48392 ], [ -82.694064, 41.487936 ], [ -82.686934, 41.491398 ], [ -82.681686, 41.483791 ], [ -82.670163, 41.472509 ], [ -82.666051283022398, 41.468541106414598 ], [ -82.665611158512306, 41.468116376981698 ], [ -82.65807, 41.460839 ], [ -82.641841, 41.44761 ], [ -82.632998, 41.441111 ], [ -82.620346, 41.432928 ], [ -82.625853, 41.423987 ], [ -82.625488, 41.423068 ], [ -82.624852494736302, 41.423139253620498 ], [ -82.623508, 41.42329 ], [ -82.61558, 41.421457 ], [ -82.614476, 41.420168 ], [ -82.611791, 41.421089 ], [ -82.609402, 41.419417 ], [ -82.607673, 41.419639 ], [ -82.603348274919497, 41.4172568368719 ], [ -82.603305, 41.417233 ], [ -82.602080751840802, 41.417169932670603 ], [ -82.601985, 41.417165 ], [ -82.601803, 41.419127 ], [ -82.600962, 41.419537 ], [ -82.593277, 41.414798 ], [ -82.592919173766205, 41.414713822434301 ], [ -82.591568629976095, 41.414396110992499 ], [ -82.591256010235099, 41.414322568120902 ], [ -82.590387790020202, 41.414118321877098 ], [ -82.588278, 41.413622 ], [ -82.585393752586199, 41.411909584344897 ], [ -82.583188, 41.4106 ], [ -82.574315, 41.408784 ], [ -82.570804, 41.407722 ], [ -82.567877212622605, 41.405771582083403 ], [ -82.566499565488797, 41.404853514828801 ], [ -82.563238, 41.40268 ], [ -82.563361131702706, 41.402216934148598 ], [ -82.563401, 41.402067 ], [ -82.557603, 41.399393 ], [ -82.556980108231002, 41.399518988009802 ], [ -82.556896, 41.399536 ], [ -82.551616, 41.397025 ], [ -82.551009653159497, 41.396977556831203 ], [ -82.54952, 41.396861 ], [ -82.548365, 41.398363 ], [ -82.537547116884795, 41.392802414570099 ], [ -82.536737, 41.392386 ], [ -82.528982749777001, 41.389426430079197 ], [ -82.525681193082704, 41.388166322705402 ], [ -82.525652726618503, 41.388155457890797 ], [ -82.524012239799902, 41.387529332178502 ], [ -82.519341559789396, 41.3857466705837 ], [ -82.512208, 41.383024 ], [ -82.511861868932002, 41.382974466019 ], [ -82.50137, 41.381473 ], [ -82.4919, 41.381075 ], [ -82.481214, 41.381342 ], [ -82.480212987886503, 41.3815835248243 ], [ -82.474029313208007, 41.383075525690202 ], [ -82.468808692668702, 41.384335160255397 ], [ -82.463763288046295, 41.385552518615498 ], [ -82.460599, 41.386316 ], [ -82.457592957407499, 41.387525632881697 ], [ -82.449851, 41.390641 ], [ -82.445844770002097, 41.3919864241334 ], [ -82.442237822254697, 41.393197756121303 ], [ -82.431315, 41.396866 ], [ -82.4295147248246, 41.397755421664002 ], [ -82.425214268582707, 41.399880051831197 ], [ -82.423295438425598, 41.400828045301601 ], [ -82.417113296019096, 41.4038823180382 ], [ -82.409643, 41.407573 ], [ -82.391491, 41.416132 ], [ -82.390695419558, 41.416367107563502 ], [ -82.378671111770799, 41.419920495199896 ], [ -82.375333890566395, 41.420906700874099 ], [ -82.372575, 41.421722 ], [ -82.365311, 41.425328 ], [ -82.363997030932595, 41.426539168181598 ], [ -82.363496, 41.427001 ], [ -82.360399, 41.426829 ], [ -82.353759295709494, 41.427218464291499 ], [ -82.350869, 41.427388 ], [ -82.348070186468803, 41.428314009078598 ], [ -82.344002, 41.42966 ], [ -82.339687067435307, 41.429977162895902 ], [ -82.3358204175899, 41.430261375416997 ], [ -82.332057, 41.430538 ], [ -82.322969, 41.43035 ], [ -82.320745247016106, 41.4302148277838 ], [ -82.310483433266597, 41.429591057015898 ], [ -82.297214158346193, 41.4287844758394 ], [ -82.293133145655204, 41.428536408930199 ], [ -82.29158, 41.428442 ], [ -82.283488273214203, 41.429282662494501 ], [ -82.279180972212998, 41.4297301549149 ], [ -82.269796400767106, 41.430705133118003 ], [ -82.268479, 41.430842 ], [ -82.254653, 41.434312 ], [ -82.252317, 41.435519 ], [ -82.251935087801698, 41.435890985955297 ], [ -82.251177784612196, 41.436628606150997 ], [ -82.250778, 41.437018 ], [ -82.244406, 41.438828 ], [ -82.242673791696902, 41.4396331883122 ], [ -82.242164194562605, 41.4398700660917 ], [ -82.236842, 41.442344 ], [ -82.233486904884401, 41.444026615677302 ], [ -82.226440911947194, 41.4475602556398 ], [ -82.225588, 41.447988 ], [ -82.225570308693094, 41.447998288533 ], [ -82.225492039334497, 41.448043806757703 ], [ -82.21676, 41.453122 ], [ -82.216452, 41.454305 ], [ -82.212973, 41.455155 ], [ -82.199786182280803, 41.461471160911302 ], [ -82.190249160008193, 41.466039159693999 ], [ -82.189667, 41.466318 ], [ -82.189389133229994, 41.468231479452299 ], [ -82.189148, 41.469892 ], [ -82.188991733292397, 41.469995808178602 ], [ -82.187316, 41.471109 ], [ -82.186072, 41.470203 ], [ -82.180818, 41.472637 ], [ -82.177811, 41.471524 ], [ -82.1769089552498, 41.471739284315802 ], [ -82.175209, 41.472145 ], [ -82.174985623176298, 41.472441875982 ], [ -82.173735, 41.474104 ], [ -82.171453, 41.473036 ], [ -82.168824460072599, 41.473715942490898 ], [ -82.163305314818501, 41.475143617731 ], [ -82.153187179202504, 41.477760945420201 ], [ -82.15212, 41.478037 ], [ -82.133798, 41.484339 ], [ -82.133044034022305, 41.484560524450302 ], [ -82.130700612411601, 41.485249050457398 ], [ -82.130125046252104, 41.485418158853399 ], [ -82.130068493512596, 41.485434774741798 ], [ -82.127403012368404, 41.486217925789298 ], [ -82.119544, 41.488527 ], [ -82.113182325165496, 41.490100659164 ], [ -82.103434423523495, 41.492511954168599 ], [ -82.094624064230601, 41.4946913334988 ], [ -82.094394526329495, 41.494748113266901 ], [ -82.093922, 41.494865 ], [ -82.090617727130294, 41.495675451210502 ], [ -82.085795878135201, 41.496858123922102 ], [ -82.075234340382394, 41.499448591293799 ], [ -82.066566833122906, 41.501574502811202 ], [ -82.064872818639799, 41.50199 ], [ -82.063234571545195, 41.502391818915498 ], [ -82.06155, 41.502805 ], [ -82.046745463087206, 41.506563586656398 ], [ -82.044865, 41.507041 ], [ -82.035870708014698, 41.509695510741601 ], [ -82.028873556284594, 41.5117605998513 ], [ -82.027134, 41.512274 ], [ -82.018500044001499, 41.513890144602499 ], [ -82.017817, 41.514018 ], [ -82.012398, 41.515513 ], [ -82.007644, 41.514765 ], [ -82.005553, 41.514979 ], [ -82.002908979404594, 41.5145303581657 ], [ -82.000529293883801, 41.514126569148701 ], [ -81.998422, 41.513769 ], [ -81.997068379851001, 41.514081857132197 ], [ -81.99519, 41.514516 ], [ -81.993564, 41.513929 ], [ -81.993716, 41.51295 ], [ -81.992053, 41.512452 ], [ -81.990959, 41.512988 ], [ -81.986753051934002, 41.5114687272563 ], [ -81.983814581683106, 41.510407292904297 ], [ -81.981779, 41.509672 ], [ -81.969746, 41.505715 ], [ -81.968326876885797, 41.504954093057698 ], [ -81.965947822671396, 41.503678489236002 ], [ -81.963472, 41.502351 ], [ -81.961529812746505, 41.500915786083397 ], [ -81.958931087619803, 41.4989954117938 ], [ -81.958124, 41.498399 ], [ -81.954161441956998, 41.496290594542998 ], [ -81.952264, 41.495281 ], [ -81.944454, 41.492363 ], [ -81.935795413104003, 41.491070171811899 ], [ -81.930946604296693, 41.4903461880048 ], [ -81.927456, 41.489825 ], [ -81.922557041936201, 41.489598827754499 ], [ -81.917254, 41.489354 ], [ -81.907492265535495, 41.487908533418498 ], [ -81.905645, 41.487635 ], [ -81.904691530048197, 41.487332858027798 ], [ -81.901328, 41.486267 ], [ -81.896906, 41.486425 ], [ -81.892468796548997, 41.485701245092002 ], [ -81.889716084273999, 41.4852522485469 ], [ -81.876987, 41.483176 ], [ -81.87356, 41.483054313132101 ], [ -81.863638, 41.482702 ], [ -81.854379304782299, 41.484906848668601 ], [ -81.852008804425907, 41.485471355268203 ], [ -81.851961238252002, 41.485482682589499 ], [ -81.851435, 41.485608 ], [ -81.847425, 41.487245 ], [ -81.842084566684306, 41.4890251444386 ], [ -81.838623, 41.490179 ], [ -81.837628397698197, 41.4900100998955 ], [ -81.837184565419506, 41.489934729751901 ], [ -81.836882830615707, 41.489883490136101 ], [ -81.835131, 41.489586 ], [ -81.831314445149602, 41.490943327289202 ], [ -81.831276, 41.490957 ], [ -81.831173969364201, 41.490982407018997 ], [ -81.820124, 41.493734 ], [ -81.812281, 41.495315 ], [ -81.81104, 41.495354685542999 ], [ -81.809534576658194, 41.495402826995601 ], [ -81.809505974930403, 41.495403741641098 ], [ -81.806929915349798, 41.495486120628399 ], [ -81.800273, 41.495699 ], [ -81.798106, 41.49728 ], [ -81.795082, 41.497344 ], [ -81.794854, 41.496276 ], [ -81.794429920883303, 41.496174198135201 ], [ -81.790405, 41.495208 ], [ -81.7891995783678, 41.4952785773934 ], [ -81.782642761331104, 41.495662478796397 ], [ -81.782019, 41.495699 ], [ -81.781299709109703, 41.495331723034298 ], [ -81.781102540994596, 41.495231047065801 ], [ -81.777542, 41.493413 ], [ -81.777008292969896, 41.4932924180669 ], [ -81.772511784233401, 41.492276509179 ], [ -81.7685745393334, 41.491386956345302 ], [ -81.767331, 41.491106 ], [ -81.76619, 41.491939 ], [ -81.763252, 41.491341 ], [ -81.762853, 41.490294 ], [ -81.751037967361597, 41.488241482450299 ], [ -81.744755, 41.48715 ], [ -81.738755, 41.48855 ], [ -81.738962299899001, 41.489152632181302 ], [ -81.739515235030794, 41.490760044949397 ], [ -81.739648, 41.491146 ], [ -81.734033, 41.493193 ], [ -81.733537024366996, 41.492498634113801 ], [ -81.732613, 41.491205 ], [ -81.730361248585098, 41.491999270778102 ], [ -81.727201, 41.493114 ], [ -81.727025, 41.494341 ], [ -81.72065, 41.497929 ], [ -81.718085, 41.497187 ], [ -81.716035, 41.498051 ], [ -81.715483, 41.499251 ], [ -81.710612, 41.500584 ], [ -81.710245251600995, 41.500733318991003 ], [ -81.709704301784996, 41.5009535628446 ], [ -81.709451395159505, 41.501056531970697 ], [ -81.709247326662094, 41.501139617001797 ], [ -81.709212, 41.501154 ], [ -81.695414919799205, 41.509846848535801 ], [ -81.695375, 41.509872 ], [ -81.692131, 41.509322 ], [ -81.691361, 41.510582 ], [ -81.69324, 41.514391 ], [ -81.687671, 41.516916 ], [ -81.688873, 41.518176 ], [ -81.665113, 41.531604 ], [ -81.662396, 41.528842 ], [ -81.668176, 41.525419 ], [ -81.667747796003496, 41.523633059947002 ], [ -81.667545500179799, 41.522789330750001 ], [ -81.667526, 41.522708 ], [ -81.663844, 41.524422 ], [ -81.663406044808696, 41.524651977669102 ], [ -81.655503, 41.528802 ], [ -81.655335, 41.530792 ], [ -81.654536535992193, 41.531197589201398 ], [ -81.653160658758793, 41.531896482254702 ], [ -81.652092742820798, 41.532438942739098 ], [ -81.647799, 41.53462 ], [ -81.646285, 41.534922 ], [ -81.644028459588, 41.536332392989102 ], [ -81.641218268428304, 41.538088831246696 ], [ -81.641178, 41.538114 ], [ -81.640617, 41.539299 ], [ -81.638109, 41.540538 ], [ -81.636965, 41.539783 ], [ -81.632947, 41.541998 ], [ -81.634153, 41.542964 ], [ -81.63579, 41.542634 ], [ -81.637359, 41.542607 ], [ -81.637787, 41.543156 ], [ -81.634873, 41.547149 ], [ -81.633286, 41.54818 ], [ -81.631451, 41.548058 ], [ -81.627303, 41.544076 ], [ -81.627021, 41.544245598586599 ], [ -81.611738, 41.553437 ], [ -81.609996875405301, 41.554484201282399 ], [ -81.609778031491004, 41.554615825192798 ], [ -81.599747, 41.560649 ], [ -81.596718, 41.563133 ], [ -81.591846, 41.566212 ], [ -81.588842, 41.569841 ], [ -81.588852186426806, 41.569914323919299 ], [ -81.588953, 41.57064 ], [ -81.584214, 41.574253 ], [ -81.582834, 41.573454 ], [ -81.581566, 41.573753 ], [ -81.578455688822501, 41.576085562072699 ], [ -81.577516890573094, 41.576789609052497 ], [ -81.575196169669695, 41.578530021908797 ], [ -81.574866924132607, 41.578776937927401 ], [ -81.572488, 41.580561 ], [ -81.5707780764034, 41.5820838285739 ], [ -81.567490814709103, 41.5850114073545 ], [ -81.567350566693193, 41.585136309827597 ], [ -81.567289170084806, 41.585190988591997 ], [ -81.566303605588999, 41.586068715397303 ], [ -81.566191, 41.586169 ], [ -81.563766, 41.586852 ], [ -81.562272450702693, 41.588221699696902 ], [ -81.556426454328403, 41.593582928466702 ], [ -81.556131670901493, 41.593853267565201 ], [ -81.55483, 41.595047 ], [ -81.550521, 41.598413 ], [ -81.549971955117897, 41.598900544400699 ], [ -81.543135353666401, 41.6049713536664 ], [ -81.542272, 41.605738 ], [ -81.534952, 41.610712 ], [ -81.532200759324098, 41.6123835799632 ], [ -81.529723, 41.613889 ], [ -81.524272, 41.616135 ], [ -81.519788881894698, 41.617252421385402 ], [ -81.518932, 41.617466 ], [ -81.515372, 41.617665 ], [ -81.514416057498906, 41.618053059297303 ], [ -81.509545020729007, 41.6200304283376 ], [ -81.507095, 41.621025 ], [ -81.502469991614404, 41.623389470579198 ], [ -81.498017, 41.625666 ], [ -81.48864, 41.631348 ], [ -81.486199, 41.632831 ], [ -81.481312, 41.636786 ], [ -81.481273237491095, 41.636797089671397 ], [ -81.479802, 41.637218 ], [ -81.477121, 41.639963 ], [ -81.46838, 41.647804 ], [ -81.467177, 41.648041 ], [ -81.462553050061302, 41.652658025030703 ], [ -81.462314326091303, 41.652896391483601 ], [ -81.460493973008894, 41.654714018373397 ], [ -81.459832, 41.655375 ], [ -81.4585893622246, 41.656655904606602 ], [ -81.458545996279497, 41.656700605998999 ], [ -81.455127312096906, 41.660224568013298 ], [ -81.450302049592906, 41.665198423703004 ], [ -81.447817, 41.66776 ], [ -81.447755805839606, 41.667820836519901 ], [ -81.444566, 41.670992 ], [ -81.443375865011504, 41.672084058108602 ], [ -81.442661886776605, 41.672739198683601 ], [ -81.442224, 41.673141 ], [ -81.439118, 41.67551 ], [ -81.436570005638799, 41.676552167977398 ], [ -81.436123, 41.676735 ], [ -81.434198, 41.678998 ], [ -81.432059, 41.68017 ], [ -81.430633, 41.680409 ], [ -81.427565101138896, 41.681814451048901 ], [ -81.425285, 41.682859 ], [ -81.41926, 41.686959 ], [ -81.413788, 41.690566 ], [ -81.409705, 41.694227 ], [ -81.408841809045299, 41.694417989965402 ], [ -81.406817, 41.694866 ], [ -81.396871, 41.701947 ], [ -81.395801, 41.701947 ], [ -81.3886308769154, 41.707170333129397 ], [ -81.388457, 41.707297 ], [ -81.387173, 41.707537 ], [ -81.383887, 41.709521 ], [ -81.383109, 41.709373 ], [ -81.377558685965695, 41.712652387226903 ], [ -81.3741905414971, 41.714642445785799 ], [ -81.365497, 41.719779 ], [ -81.364318666877395, 41.720227072161201 ], [ -81.357939, 41.722653 ], [ -81.353589, 41.726724 ], [ -81.349562853674698, 41.727703531941302 ], [ -81.347029, 41.72832 ], [ -81.342644, 41.730369 ], [ -81.337974, 41.733828 ], [ -81.335193, 41.734599 ], [ -81.328454, 41.738803 ], [ -81.325638, 41.740692 ], [ -81.316349835678295, 41.744279224458403 ], [ -81.301395, 41.750055 ], [ -81.294835, 41.754497 ], [ -81.293908, 41.754577 ], [ -81.290775443692894, 41.756681809298001 ], [ -81.286349, 41.759656 ], [ -81.283818, 41.76205 ], [ -81.28143, 41.761252 ], [ -81.28143, 41.759045 ], [ -81.280321551592706, 41.758961571893401 ], [ -81.279314632920403, 41.758885785489902 ], [ -81.267785, 41.758018 ], [ -81.266741305922395, 41.758042025731797 ], [ -81.263730295084102, 41.758111338895802 ], [ -81.262659, 41.758136 ], [ -81.248539, 41.76065 ], [ -81.2466119132514, 41.761101474034497 ], [ -81.241129, 41.762386 ], [ -81.231344, 41.767382 ], [ -81.229856491985601, 41.767118686661199 ], [ -81.228542, 41.766886 ], [ -81.225122, 41.768515 ], [ -81.223222, 41.768267 ], [ -81.220419307875204, 41.769725579985803 ], [ -81.210015754981001, 41.775139807934103 ], [ -81.201847, 41.779391 ], [ -81.19971, 41.779249 ], [ -81.191074637497294, 41.783365878085 ], [ -81.184035, 41.786722 ], [ -81.1809, 41.787218 ], [ -81.169643, 41.792283 ], [ -81.163135, 41.796355 ], [ -81.160665, 41.796532 ], [ -81.15069, 41.800958 ], [ -81.14784, 41.803118 ], [ -81.146992569534305, 41.8033590180112 ], [ -81.139623, 41.805455 ], [ -81.133211, 41.80804 ], [ -81.128461, 41.811085 ], [ -81.117726, 41.814271 ], [ -81.112026, 41.817103 ], [ -81.108829392851007, 41.817473411589503 ], [ -81.108372431880198, 41.817526362618999 ], [ -81.105614, 41.817846 ], [ -81.105137, 41.8180705327635 ], [ -81.101863552462007, 41.819611405346301 ], [ -81.099296, 41.82082 ], [ -81.095402603677798, 41.821843774388903 ], [ -81.094451, 41.822094 ], [ -81.089369, 41.822908 ], [ -81.074320913051807, 41.8289704350289 ], [ -81.069514, 41.830907 ], [ -81.063661233127505, 41.831919682689097 ], [ -81.058874, 41.832748 ], [ -81.052311, 41.836459 ], [ -81.048656878003399, 41.837983918048799 ], [ -81.046651, 41.838821 ], [ -81.042798, 41.838774 ], [ -81.034123, 41.842287 ], [ -81.032129447578001, 41.842477307298701 ], [ -81.028152, 41.842857 ], [ -81.018651, 41.845415 ], [ -81.013394642822703, 41.847650973958501 ], [ -81.012599412371799, 41.847989252830999 ], [ -81.010268, 41.848981 ], [ -81.008011, 41.850231781268 ], [ -81.003328, 41.852827 ], [ -81.002190926233695, 41.853055007433099 ], [ -80.996805, 41.854135 ], [ -80.994673, 41.853933 ], [ -80.987942, 41.855475 ], [ -80.982216057483598, 41.856378586925103 ], [ -80.980249, 41.856689 ], [ -80.978618, 41.856596 ], [ -80.977725441350501, 41.856850457509701 ], [ -80.975872379746804, 41.857378742616 ], [ -80.974742, 41.857701 ], [ -80.968928281783505, 41.858333035666 ], [ -80.967834, 41.858452 ], [ -80.957494, 41.859729 ], [ -80.952072, 41.861939 ], [ -80.949546467368194, 41.861924525329201 ], [ -80.945136437203104, 41.861899249973803 ], [ -80.939335, 41.861866 ], [ -80.930989, 41.863302 ], [ -80.929764631382994, 41.863879109124902 ], [ -80.927987, 41.864717 ], [ -80.9229653807771, 41.865439405956103 ], [ -80.922817560184996, 41.865460671303303 ], [ -80.920716, 41.865763 ], [ -80.918292, 41.865517 ], [ -80.912122, 41.866174 ], [ -80.903434654678705, 41.867960583205303 ], [ -80.900554, 41.868553 ], [ -80.893987087416207, 41.8711970869889 ], [ -80.889366217552904, 41.873057623691302 ], [ -80.887361, 41.873865 ], [ -80.880172, 41.875834 ], [ -80.874801, 41.878541 ], [ -80.869596, 41.880284 ], [ -80.867773233264401, 41.880335097780701 ], [ -80.86742, 41.880345 ], [ -80.861498, 41.881801 ], [ -80.857410404323701, 41.883170101218298 ], [ -80.8553123366123, 41.883872829004403 ], [ -80.851335, 41.885205 ], [ -80.843953, 41.889409 ], [ -80.842165419114806, 41.889956822438897 ], [ -80.840207, 41.890557 ], [ -80.839893034704303, 41.890595733933203 ], [ -80.835222, 41.891172 ], [ -80.828022, 41.893683 ], [ -80.825334, 41.893366 ], [ -80.823149132774802, 41.8942405690429 ], [ -80.817748101364302, 41.896402519580001 ], [ -80.815501, 41.897302 ], [ -80.808697, 41.901606 ], [ -80.805990393522805, 41.9042888851233 ], [ -80.804376053166095, 41.905889077010599 ], [ -80.804133, 41.90613 ], [ -80.801476, 41.906485 ], [ -80.801373, 41.908665 ], [ -80.800644, 41.909624 ], [ -80.798405420795604, 41.909549534230798 ], [ -80.797728, 41.909527 ], [ -80.797081, 41.910896 ], [ -80.795276, 41.910896 ], [ -80.794424, 41.91011 ], [ -80.794387702341893, 41.910110791293597 ], [ -80.793635329533402, 41.910127193118299 ], [ -80.789791, 41.910211 ], [ -80.789587, 41.91153 ], [ -80.785124453429603, 41.911562267148 ], [ -80.784506175237695, 41.911566737706202 ], [ -80.782672, 41.91158 ], [ -80.782803, 41.90739 ], [ -80.781327, 41.907004 ], [ -80.778206313783699, 41.907466464973901 ], [ -80.773135, 41.908218 ], [ -80.757945, 41.913352 ], [ -80.75375, 41.915484 ], [ -80.748164, 41.9166 ], [ -80.737297, 41.917715 ], [ -80.731301, 41.917918 ], [ -80.720809, 41.919616 ], [ -80.720261787410806, 41.919795975084803 ], [ -80.713375, 41.922061 ], [ -80.712972966693101, 41.922023679619301 ], [ -80.712944972823095, 41.922021080974197 ], [ -80.711339, 41.921872 ], [ -80.701487, 41.92597 ], [ -80.698429, 41.925699 ], [ -80.688287, 41.928747 ], [ -80.683099, 41.930945 ], [ -80.682921101740106, 41.9309674472482 ], [ -80.679567821141106, 41.931390565057697 ], [ -80.677274, 41.93168 ], [ -80.667906, 41.93462 ], [ -80.653974, 41.940549 ], [ -80.649818, 41.940524 ], [ -80.646615, 41.94207 ], [ -80.646494672962504, 41.9420808117696 ], [ -80.640416, 41.942627 ], [ -80.638644, 41.942298 ], [ -80.6320209837222, 41.943383024559999 ], [ -80.630605, 41.943615 ], [ -80.627327901332706, 41.944542716741999 ], [ -80.626977785003803, 41.944641831481299 ], [ -80.618878376704103, 41.946934700095603 ], [ -80.612526, 41.948733 ], [ -80.600253, 41.952736 ], [ -80.597051, 41.954332 ], [ -80.595109, 41.954434 ], [ -80.581648642222504, 41.957261208568902 ], [ -80.581483, 41.957296 ], [ -80.575407922496296, 41.959618738807897 ], [ -80.573069, 41.960513 ], [ -80.566794145264794, 41.962652612049197 ], [ -80.565268, 41.963173 ], [ -80.559453, 41.96529 ], [ -80.559307646929895, 41.965380594346399 ], [ -80.556109816549096, 41.967373709132097 ], [ -80.555766, 41.967588 ], [ -80.553277, 41.968312 ], [ -80.551894, 41.96926 ], [ -80.551465, 41.970285 ], [ -80.551403, 41.971515 ], [ -80.549964, 41.971651 ], [ -80.549305304041198, 41.971419576850103 ], [ -80.548279, 41.971059 ], [ -80.548087306432905, 41.971041383662502 ], [ -80.547908895938207, 41.971024988018499 ], [ -80.545798, 41.970831 ], [ -80.540406, 41.971583 ], [ -80.53477, 41.972813 ], [ -80.52595, 41.975212 ], [ -80.523633, 41.975265 ], [ -80.521101, 41.976723 ], [ -80.519408, 41.977164 ], [ -80.519405, 41.976158 ], [ -80.519323980052107, 41.950355152055899 ], [ -80.519304, 41.943992 ], [ -80.519322840568293, 41.937179985730097 ], [ -80.519345, 41.929168 ], [ -80.519330810220296, 41.907209985259499 ], [ -80.519321069150493, 41.892136139234601 ], [ -80.519302229324893, 41.862982397877801 ], [ -80.519302226508302, 41.862978039273202 ], [ -80.519293557417996, 41.849563030893201 ], [ -80.519255757257795, 41.7910690660716 ], [ -80.519239, 41.765138 ], [ -80.519307706645606, 41.7584517863597 ], [ -80.519369, 41.752487 ], [ -80.519408, 41.739359 ], [ -80.519385248082799, 41.714731024714098 ], [ -80.519385244365097, 41.714727000446302 ], [ -80.519373, 41.701473 ], [ -80.519423119565303, 41.671750132284998 ], [ -80.519424, 41.671228 ], [ -80.519357, 41.669767 ], [ -80.519355795033306, 41.661033 ], [ -80.519353527340002, 41.644596002962402 ], [ -80.519348323799605, 41.606879007543299 ], [ -80.519348323676894, 41.606878118123802 ], [ -80.519344404328507, 41.578469374739299 ], [ -80.519343376868704, 41.571022003259102 ], [ -80.519340754318605, 41.552012885714703 ], [ -80.519339, 41.539297 ], [ -80.519214686135797, 41.5321059210888 ], [ -80.519157, 41.528769 ], [ -80.519225, 41.499924 ], [ -80.5192241242287, 41.4993400013133 ], [ -80.519208784417998, 41.489110812874898 ], [ -80.519169, 41.462581 ], [ -80.519027264153806, 41.440735157387003 ], [ -80.518993, 41.435454 ], [ -80.518993, 41.429534333333301 ], [ -80.518993, 41.42445 ], [ -80.518993, 41.416437 ], [ -80.519025, 41.416438 ], [ -80.519199135057704, 41.387270377840302 ], [ -80.519249, 41.378918 ], [ -80.519217, 41.372006 ], [ -80.519249, 41.36103 ], [ -80.519249147483805, 41.360998828691898 ], [ -80.519297726048293, 41.350731546666502 ], [ -80.519345, 41.34074 ], [ -80.519345, 41.340145 ], [ -80.519293, 41.339654 ], [ -80.519293, 41.339054 ], [ -80.519311, 41.339052 ], [ -80.519281, 41.337174 ], [ -80.519281, 41.337145 ], [ -80.519281, 41.335958 ], [ -80.519265326490796, 41.333545259171302 ], [ -80.519265, 41.333495 ], [ -80.519129, 41.312408 ], [ -80.519082170608897, 41.311443594121698 ], [ -80.519080996842504, 41.311419421542197 ], [ -80.518794, 41.305509 ], [ -80.518973294911603, 41.272482344716899 ], [ -80.518996, 41.2683 ], [ -80.518993, 41.268155 ], [ -80.518987974503204, 41.2680042350976 ], [ -80.518893, 41.265155 ], [ -80.518693, 41.248855 ], [ -80.518763708875696, 41.243092580175997 ], [ -80.518768111448296, 41.242733792520397 ], [ -80.518890520366696, 41.232758077717499 ], [ -80.518890563469597, 41.232754565046498 ], [ -80.518893, 41.232556 ], [ -80.518893, 41.2278546754386 ], [ -80.518893, 41.219356 ], [ -80.518889210102799, 41.218745826553402 ], [ -80.518834451817, 41.209929742535302 ], [ -80.51883, 41.209213 ], [ -80.518836207233505, 41.2084616084571 ], [ -80.518884229037695, 41.202648523175903 ], [ -80.518959496212602, 41.1935373597424 ], [ -80.519009986634103, 41.187425445982697 ], [ -80.519144, 41.171203 ], [ -80.519132400792799, 41.160930502141802 ], [ -80.519115, 41.14552 ], [ -80.519167, 41.133343 ], [ -80.519164652321905, 41.133218391304801 ], [ -80.519012, 41.125116 ], [ -80.519012, 41.125092947349899 ], [ -80.519012, 41.125057 ], [ -80.519056, 41.125057 ], [ -80.518992, 41.115958 ], [ -80.519192, 41.105358 ], [ -80.519125, 41.100819 ], [ -80.519120384902493, 41.099397969520503 ], [ -80.519092061009701, 41.090676785452899 ], [ -80.519092, 41.090658 ], [ -80.519088370368905, 41.082868811658102 ], [ -80.519088, 41.082074 ], [ -80.518999, 41.075014 ], [ -80.51896, 41.071866 ], [ -80.518928, 41.070954 ], [ -80.51896, 41.061546 ], [ -80.518953206575205, 41.052043645586799 ], [ -80.518939446126694, 41.032796114068297 ], [ -80.518937131978305, 41.029559181495401 ], [ -80.518933178422301, 41.024029114974603 ], [ -80.518927, 41.015387 ], [ -80.518989, 40.995445 ], [ -80.518990830794905, 40.994109883822098 ], [ -80.519000059231601, 40.987380001164198 ], [ -80.519039351426002, 40.958725975790003 ], [ -80.5190467067615, 40.953362061304702 ], [ -80.519046709949805, 40.953359736205101 ], [ -80.519091, 40.921061 ], [ -80.519626494781406, 40.911422093935101 ], [ -80.519891, 40.906661 ], [ -80.519818744790896, 40.902440151148497 ], [ -80.51979, 40.900761 ], [ -80.519777423230707, 40.900324199129599 ], [ -80.519764, 40.899858 ], [ -80.519002, 40.877543 ], [ -80.519019170179604, 40.851339398102802 ], [ -80.5190199803735, 40.850102952153101 ], [ -80.51902, 40.850073 ], [ -80.519081, 40.849157 ], [ -80.519055610564195, 40.835482078702 ], [ -80.519013626493503, 40.812869175217799 ], [ -80.518992, 40.801221 ], [ -80.519058, 40.792298 ], [ -80.519057973458104, 40.792237192532497 ], [ -80.519056754253896, 40.789443995742403 ], [ -80.519054295488601, 40.783810964368499 ], [ -80.519050363161298, 40.774802002460397 ], [ -80.519032440405795, 40.733740969689897 ], [ -80.519028983849793, 40.725822 ], [ -80.519025243728194, 40.717253381264001 ], [ -80.519012718890806, 40.688558978734697 ], [ -80.519006375939497, 40.674027277351001 ], [ -80.519004080579293, 40.6687686072408 ], [ -80.518997672861104, 40.6540885247747 ], [ -80.518995603464404, 40.649347536924203 ], [ -80.518992851813607, 40.643043505057101 ], [ -80.518991, 40.638801 ], [ -80.521917, 40.636992 ], [ -80.52566, 40.636068 ], [ -80.530093, 40.636255 ], [ -80.532737, 40.63559 ], [ -80.539541, 40.632122 ], [ -80.545892, 40.629702 ], [ -80.551126, 40.628847 ], [ -80.552953026293196, 40.627863026177103 ], [ -80.56072, 40.62368 ], [ -80.563419473156003, 40.621356633216301 ], [ -80.56784, 40.617552 ], [ -80.571936, 40.615456 ], [ -80.575155031523295, 40.614629781909002 ], [ -80.576736, 40.614224 ], [ -80.579856, 40.614304 ], [ -80.5805278407164, 40.614520298202599 ], [ -80.583633, 40.61552 ], [ -80.589093036231802, 40.620045809500098 ], [ -80.589118234139903, 40.620066695979098 ], [ -80.592049, 40.622496 ], [ -80.594065, 40.623664 ], [ -80.598764, 40.625263 ], [ -80.603876, 40.625064 ], [ -80.610198324855702, 40.623307972446497 ], [ -80.616002, 40.621696 ], [ -80.627171, 40.619936 ], [ -80.632502339609204, 40.6170855440647 ], [ -80.634355, 40.616095 ], [ -80.637124889158102, 40.613440339112998 ], [ -80.639379, 40.61128 ], [ -80.639588096520299, 40.610994214784498 ], [ -80.642611266702005, 40.606862260123599 ], [ -80.644454568751598, 40.604342904600202 ], [ -80.644963, 40.603648 ], [ -80.651716, 40.597744 ], [ -80.653972, 40.59648 ], [ -80.655188, 40.596544 ], [ -80.657065082355601, 40.595285825492603 ], [ -80.662564, 40.5916 ], [ -80.665892, 40.587728 ], [ -80.667957, 40.582496 ], [ -80.667781, 40.578096 ], [ -80.666917, 40.573664 ], [ -80.662708, 40.570176 ], [ -80.655316, 40.565184 ], [ -80.652436, 40.562544 ], [ -80.64138, 40.548417 ], [ -80.640847260603806, 40.547791596275196 ], [ -80.633107, 40.538705 ], [ -80.630483, 40.537921 ], [ -80.627507, 40.535793 ], [ -80.626020436416198, 40.531512413294799 ], [ -80.623289329260999, 40.523648140884198 ], [ -80.622195, 40.520497 ], [ -80.621470416945002, 40.515946264959801 ], [ -80.620883, 40.512257 ], [ -80.618003, 40.502049 ], [ -80.613556840879397, 40.495814436126402 ], [ -80.609058, 40.489506 ], [ -80.60245, 40.484226 ], [ -80.599794218097401, 40.482872007997997 ], [ -80.599194, 40.482566 ], [ -80.598039100627105, 40.480287414750698 ], [ -80.596442808599605, 40.477137973723501 ], [ -80.595494, 40.475266 ], [ -80.594794, 40.471366 ], [ -80.596094, 40.463366 ], [ -80.5964834700073, 40.462480840892397 ], [ -80.598294, 40.458366 ], [ -80.598669517215598, 40.457836730611902 ], [ -80.602879406966593, 40.451903139074602 ], [ -80.602892418024695, 40.451884800754897 ], [ -80.604395, 40.449767 ], [ -80.604895, 40.446667 ], [ -80.611195, 40.437767 ], [ -80.611468170489601, 40.437046823254597 ], [ -80.612295, 40.434867 ], [ -80.612995, 40.429367 ], [ -80.612295, 40.418567 ], [ -80.612531947083099, 40.412110191986599 ], [ -80.612658868874504, 40.408651573169699 ], [ -80.612695, 40.407667 ], [ -80.611885189950897, 40.404247802015 ], [ -80.611795, 40.403867 ], [ -80.612195, 40.402667 ], [ -80.615195, 40.399867 ], [ -80.628096, 40.395867 ], [ -80.629699374595802, 40.395006652655901 ], [ -80.632196, 40.393667 ], [ -80.633596, 40.390467 ], [ -80.631743288408401, 40.3858361473768 ], [ -80.631596, 40.385468 ], [ -80.63074, 40.3849 ], [ -80.619196, 40.381768 ], [ -80.614396, 40.378768 ], [ -80.611680375102296, 40.376572855432599 ], [ -80.611676496406105, 40.376569720132601 ], [ -80.609695, 40.374968 ], [ -80.609687737265403, 40.374949324396802 ], [ -80.607595, 40.369568 ], [ -80.608695, 40.361968 ], [ -80.609225401939298, 40.360804912870798 ], [ -80.610255589472004, 40.358545875391897 ], [ -80.611796, 40.355168 ], [ -80.612796, 40.347668 ], [ -80.610796, 40.340868 ], [ -80.607612295062097, 40.335630057905597 ], [ -80.602895, 40.327869 ], [ -80.602894682527094, 40.3278681137216 ], [ -80.600495, 40.321169 ], [ -80.599895, 40.317669 ], [ -80.600407310276196, 40.315858837024102 ], [ -80.601931287164206, 40.310474118686599 ], [ -80.602895, 40.307069 ], [ -80.606596, 40.303869 ], [ -80.607391861334193, 40.302727945797898 ], [ -80.610960680190004, 40.297611205510698 ], [ -80.614896, 40.291969 ], [ -80.6150135465397, 40.2915544937809 ], [ -80.616796, 40.285269 ], [ -80.616496081882204, 40.278771273978997 ], [ -80.616196, 40.27227 ], [ -80.618827625225506, 40.2662446729761 ], [ -80.619297, 40.26517 ], [ -80.622497, 40.26177 ], [ -80.622794753661296, 40.261617054827802 ], [ -80.637098, 40.25427 ], [ -80.637198, 40.25507 ], [ -80.644598, 40.25127 ], [ -80.647172788930604, 40.249107177298299 ], [ -80.652098, 40.24497 ], [ -80.653197960864105, 40.243203075041698 ], [ -80.653199886108098, 40.243199982420997 ], [ -80.661535880918393, 40.229809435755001 ], [ -80.661543, 40.229798 ], [ -80.664299, 40.21917 ], [ -80.664583211967496, 40.217336974915803 ], [ -80.666299, 40.206271 ], [ -80.6681, 40.199671 ], [ -80.6726, 40.192371 ], [ -80.676493564705893, 40.189033658823497 ], [ -80.679061435063005, 40.186832627088798 ], [ -80.6796, 40.186371 ], [ -80.681812177812404, 40.185566237639698 ], [ -80.682008, 40.185495 ], [ -80.683705, 40.184215 ], [ -80.686137, 40.181607 ], [ -80.687543341940696, 40.179567061600899 ], [ -80.691421413430405, 40.173941810218203 ], [ -80.699936002571604, 40.161591160039002 ], [ -80.702924207110598, 40.157256685607798 ], [ -80.704602, 40.154823 ], [ -80.705994, 40.151591 ], [ -80.7064281437613, 40.149435973136399 ], [ -80.707322, 40.144999 ], [ -80.708023457883201, 40.143274238852001 ], [ -80.710042, 40.138311 ], [ -80.710070555500494, 40.137583727096498 ], [ -80.710395401072205, 40.129310316441099 ], [ -80.710441810164298, 40.128128334877601 ], [ -80.710554, 40.125271 ], [ -80.70881, 40.118088 ], [ -80.708682058620596, 40.117936796551703 ], [ -80.708204620689699, 40.117372551724102 ], [ -80.708106, 40.117256 ], [ -80.707586763088599, 40.115382232015399 ], [ -80.707002, 40.113272 ], [ -80.706702, 40.110872 ], [ -80.707702, 40.105372 ], [ -80.709102, 40.101472 ], [ -80.709807928257902, 40.100253776848398 ], [ -80.710203, 40.099572 ], [ -80.713003, 40.096872 ], [ -80.717044707281005, 40.094497345702301 ], [ -80.729109910820497, 40.0874085870553 ], [ -80.730704, 40.086472 ], [ -80.732776642190103, 40.084297424587398 ], [ -80.735112317129307, 40.081846880388902 ], [ -80.736804, 40.080072 ], [ -80.738604, 40.075672 ], [ -80.738524060383597, 40.072314536109999 ], [ -80.738504, 40.071472 ], [ -80.738467682360195, 40.071303382386702 ], [ -80.737104, 40.064972 ], [ -80.736990005009702, 40.064756223768399 ], [ -80.734304, 40.059672 ], [ -80.733104, 40.058772 ], [ -80.732444317525804, 40.055893385567003 ], [ -80.732184076110599, 40.054757786664403 ], [ -80.731167954639204, 40.050323802061897 ], [ -80.731064105567, 40.049870642474197 ], [ -80.731053992916401, 40.049826514544101 ], [ -80.730904, 40.049172 ], [ -80.730904, 40.0478465662651 ], [ -80.730904, 40.046672 ], [ -80.731396331668293, 40.039122914419998 ], [ -80.731504, 40.037472 ], [ -80.733267384578795, 40.0333574359829 ], [ -80.733304, 40.033272 ], [ -80.7363, 40.029929 ], [ -80.737389, 40.027593 ], [ -80.737341, 40.022969 ], [ -80.737805, 40.020761 ], [ -80.738315415856803, 40.019716006589 ], [ -80.740445163255302, 40.015355695347203 ], [ -80.740509, 40.015225 ], [ -80.741027028774297, 40.012509814700401 ], [ -80.741901, 40.007929 ], [ -80.742045, 40.005641 ], [ -80.741288437693598, 39.998718454896903 ], [ -80.741085, 39.996857 ], [ -80.740193231160802, 39.994346327729701 ], [ -80.740168814366001, 39.994277585061198 ], [ -80.740045, 39.993929 ], [ -80.739665196341306, 39.991407652819703 ], [ -80.738717, 39.985113 ], [ -80.739377935270198, 39.978395758644901 ], [ -80.739443388874705, 39.977730538193001 ], [ -80.739446309467397, 39.977700855519501 ], [ -80.739701351434306, 39.975108803733299 ], [ -80.739728692773397, 39.974830927242799 ], [ -80.739746541502996, 39.974649526385299 ], [ -80.740126, 39.970793 ], [ -80.743166, 39.969113 ], [ -80.74627, 39.966233 ], [ -80.753029000194104, 39.962670896344399 ], [ -80.755135, 39.961561 ], [ -80.756994892859595, 39.960288903468701 ], [ -80.756995640725194, 39.960288391956801 ], [ -80.758527, 39.959241 ], [ -80.759411793873895, 39.958195782484403 ], [ -80.763375, 39.953514 ], [ -80.764479, 39.95025 ], [ -80.764511, 39.946602 ], [ -80.762285099181994, 39.934422516437202 ], [ -80.761312, 39.929098 ], [ -80.756784, 39.920586 ], [ -80.756397020795305, 39.918746023404204 ], [ -80.755936, 39.916554 ], [ -80.756432, 39.91393 ], [ -80.758304, 39.910426 ], [ -80.759296, 39.909466 ], [ -80.760573816567998, 39.908939840236698 ], [ -80.760656, 39.908906 ], [ -80.762592, 39.908906 ], [ -80.768272, 39.909642 ], [ -80.772641, 39.911306 ], [ -80.782849, 39.917162 ], [ -80.787410544799698, 39.918058353303799 ], [ -80.795714, 39.91969 ], [ -80.80053, 39.919434 ], [ -80.803394, 39.918762 ], [ -80.806018, 39.91713 ], [ -80.807618, 39.914938 ], [ -80.807782481197194, 39.914481206573001 ], [ -80.809283, 39.910314 ], [ -80.809683, 39.906106 ], [ -80.809011, 39.903226 ], [ -80.806179, 39.897306 ], [ -80.802339, 39.89161 ], [ -80.796162, 39.88553 ], [ -80.793989, 39.882787 ], [ -80.791189172229906, 39.875091673739199 ], [ -80.790156, 39.872252 ], [ -80.790761, 39.86728 ], [ -80.793131, 39.863751 ], [ -80.799898, 39.858912 ], [ -80.81643, 39.853032 ], [ -80.821279, 39.849982 ], [ -80.824276, 39.847159 ], [ -80.826124, 39.844238 ], [ -80.826964, 39.841656 ], [ -80.826228, 39.835802 ], [ -80.82303, 39.827484 ], [ -80.82248, 39.824971 ], [ -80.822181, 39.811708 ], [ -80.823251955040305, 39.807630073634201 ], [ -80.824462839160503, 39.803019332665698 ], [ -80.824969, 39.801092 ], [ -80.826079, 39.798584 ], [ -80.835311, 39.79069 ], [ -80.846919670172099, 39.784205768577102 ], [ -80.863048, 39.775197 ], [ -80.866329, 39.771738 ], [ -80.869092, 39.766364 ], [ -80.869933, 39.763555 ], [ -80.869867646583899, 39.7633749355386 ], [ -80.867596, 39.757116 ], [ -80.866733622033195, 39.755639220717001 ], [ -80.865339, 39.753251 ], [ -80.854717, 39.742592 ], [ -80.852738, 39.74104 ], [ -80.850479355771498, 39.7399431286942 ], [ -80.846091, 39.737812 ], [ -80.836597, 39.723925 ], [ -80.834563, 39.721582 ], [ -80.833462770066205, 39.720812350441399 ], [ -80.831551, 39.719475 ], [ -80.831428541572606, 39.719110974237203 ], [ -80.829723, 39.714041 ], [ -80.829764, 39.711839 ], [ -80.830011627245099, 39.711112219324399 ], [ -80.831871, 39.705655 ], [ -80.833882, 39.703497 ], [ -80.839112, 39.701033 ], [ -80.844721, 39.69944 ], [ -80.852, 39.69856 ], [ -80.854599, 39.697473 ], [ -80.858200760242397, 39.695526157267501 ], [ -80.861718, 39.693625 ], [ -80.863698, 39.691724 ], [ -80.864394164492694, 39.689992674921001 ], [ -80.865805, 39.686484 ], [ -80.86633, 39.683167 ], [ -80.86667, 39.678487 ], [ -80.8658870830821, 39.667235876145497 ], [ -80.865575, 39.662751 ], [ -80.866647, 39.652616 ], [ -80.867626269803594, 39.650840588501801 ], [ -80.869802, 39.646896 ], [ -80.870557665436493, 39.643768059787597 ], [ -80.870771, 39.642885 ], [ -80.870473, 39.641764 ], [ -80.8708039629349, 39.640069251954799 ], [ -80.87102, 39.638963 ], [ -80.871812122667805, 39.637074275557801 ], [ -80.872266469646803, 39.635990937989902 ], [ -80.876002, 39.627084 ], [ -80.88036, 39.620706 ], [ -80.892208, 39.616756 ], [ -80.896367170932194, 39.616756965901303 ], [ -80.896514, 39.616757 ], [ -80.906247, 39.618431 ], [ -80.916069977776601, 39.618665929214401 ], [ -80.91762, 39.618703 ], [ -80.919958465205795, 39.618331223570799 ], [ -80.925841, 39.617396 ], [ -80.933292, 39.614812 ], [ -80.936906, 39.612616 ], [ -80.943782, 39.606926 ], [ -80.948280827963004, 39.6040905602555 ], [ -80.970436, 39.590127 ], [ -80.973217185776505, 39.587892722170302 ], [ -80.9780399208381, 39.584018356740401 ], [ -80.978664, 39.583517 ], [ -80.987732, 39.577262 ], [ -80.993695, 39.571253 ], [ -80.993765454791699, 39.571204662891397 ], [ -80.996804, 39.56912 ], [ -81.00866, 39.562798 ], [ -81.0119311381643, 39.560677142715399 ], [ -81.020055, 39.55541 ], [ -81.0239, 39.552313 ], [ -81.026662, 39.548547 ], [ -81.028664286880598, 39.546642343874097 ], [ -81.030169, 39.545211 ], [ -81.038706017300996, 39.540047532873899 ], [ -81.044314289846497, 39.536655466312197 ], [ -81.044902, 39.5363 ], [ -81.049955, 39.531893 ], [ -81.051982, 39.52931 ], [ -81.055109490595299, 39.526864471448199 ], [ -81.060379, 39.522744 ], [ -81.070594, 39.515991 ], [ -81.071172380312206, 39.515307332009499 ], [ -81.07595, 39.50966 ], [ -81.091433, 39.496975 ], [ -81.100833, 39.487175 ], [ -81.114433, 39.466275 ], [ -81.115133, 39.466275 ], [ -81.121472141059002, 39.457756779201901 ], [ -81.124733, 39.453375 ], [ -81.128533, 39.449375 ], [ -81.132534, 39.446275 ], [ -81.134434, 39.445075 ], [ -81.138134, 39.443775 ], [ -81.147541333076006, 39.443383027788499 ], [ -81.150205345518501, 39.443272027269998 ], [ -81.151062716374, 39.443236303484397 ], [ -81.152534, 39.443175 ], [ -81.16352, 39.441186 ], [ -81.170634, 39.439175 ], [ -81.179934, 39.435121 ], [ -81.182307, 39.433533 ], [ -81.185946, 39.430731 ], [ -81.190714, 39.423562 ], [ -81.196160924232302, 39.418923296428702 ], [ -81.199756355457396, 39.415861359277898 ], [ -81.200412, 39.415303 ], [ -81.205223, 39.410786 ], [ -81.208231, 39.407147 ], [ -81.210021820896898, 39.404680319717698 ], [ -81.210177668206597, 39.4044656553219 ], [ -81.210833, 39.403563 ], [ -81.211433, 39.402031 ], [ -81.211415163003196, 39.401875155972597 ], [ -81.21087, 39.397112 ], [ -81.211654, 39.392977 ], [ -81.213011816331203, 39.390741899500199 ], [ -81.213064, 39.390656 ], [ -81.217125846653104, 39.387726425349697 ], [ -81.217315, 39.38759 ], [ -81.221372, 39.386172 ], [ -81.223581, 39.386062 ], [ -81.239095262567702, 39.389642541237798 ], [ -81.24184, 39.390276 ], [ -81.249088, 39.389992 ], [ -81.2571830746828, 39.3874999274761 ], [ -81.259788, 39.386698 ], [ -81.270284678267799, 39.385944944018902 ], [ -81.270716, 39.385914 ], [ -81.275677, 39.383786 ], [ -81.281405, 39.379258 ], [ -81.283321642252403, 39.3786774876991 ], [ -81.297517, 39.374378 ], [ -81.304329016059398, 39.370785342168901 ], [ -81.304798, 39.370538 ], [ -81.319598, 39.36129 ], [ -81.326174, 39.358186 ], [ -81.335599, 39.352794 ], [ -81.342623, 39.348042 ], [ -81.347567, 39.34577 ], [ -81.356911, 39.343178 ], [ -81.364412589161006, 39.342594805588099 ], [ -81.371270700279396, 39.342061636949403 ], [ -81.375961, 39.341697 ], [ -81.379674, 39.342081 ], [ -81.384556, 39.343449 ], [ -81.391249, 39.348814 ], [ -81.393794, 39.351706 ], [ -81.395883, 39.355553 ], [ -81.400495054260006, 39.368521022552102 ], [ -81.400744, 39.369221 ], [ -81.40277, 39.376914 ], [ -81.405596637297904, 39.384974856964 ], [ -81.406689, 39.38809 ], [ -81.412706, 39.394618 ], [ -81.417542681518796, 39.398157035257597 ], [ -81.420578, 39.400378 ], [ -81.427270814192994, 39.404524490539202 ], [ -81.428642, 39.405374 ], [ -81.428805382174005, 39.405446354962798 ], [ -81.429500246050594, 39.405754080393898 ], [ -81.435642, 39.408474 ], [ -81.446124975590806, 39.410301140044297 ], [ -81.446543, 39.410374 ], [ -81.448110212134196, 39.410194423609603 ], [ -81.448115335439596, 39.410193836564197 ], [ -81.456143, 39.409274 ], [ -81.467744, 39.403774 ], [ -81.467883206452598, 39.403681843487298 ], [ -81.473188, 39.40017 ], [ -81.480928017693103, 39.391805170334898 ], [ -81.4829, 39.389674 ], [ -81.483440672397606, 39.389181199637598 ], [ -81.483676574552902, 39.388966184652297 ], [ -81.489044, 39.384074 ], [ -81.503189, 39.373242 ], [ -81.513493, 39.36705 ], [ -81.524309, 39.36161 ], [ -81.526143116150905, 39.361000613509901 ], [ -81.53447, 39.358234 ], [ -81.537610211085607, 39.356096934050399 ], [ -81.542346, 39.352874 ], [ -81.557547, 39.338774 ], [ -81.559073157579306, 39.332960066364599 ], [ -81.559647, 39.330774 ], [ -81.560147, 39.317874 ], [ -81.562163705121606, 39.307996260628997 ], [ -81.565047, 39.293874 ], [ -81.565082647179906, 39.290719402815697 ], [ -81.565111504471005, 39.288165676842397 ], [ -81.565165149525996, 39.283418357698501 ], [ -81.565247, 39.276175 ], [ -81.566999655648999, 39.271584711395498 ], [ -81.567347, 39.270675 ], [ -81.570247, 39.267675 ], [ -81.571676908805202, 39.267775108557899 ], [ -81.579173682975195, 39.268299961086001 ], [ -81.585559, 39.268747 ], [ -81.588583, 39.269787 ], [ -81.590491082509999, 39.270831411895401 ], [ -81.59516, 39.273387 ], [ -81.599853159071699, 39.274615287725801 ], [ -81.603352, 39.275531 ], [ -81.608408, 39.276043 ], [ -81.613896, 39.275339 ], [ -81.621305, 39.273643 ], [ -81.643178, 39.277195 ], [ -81.656138, 39.277355 ], [ -81.6632433019888, 39.2766509939947 ], [ -81.670187, 39.275963 ], [ -81.678331, 39.273755 ], [ -81.683382842838498, 39.271068823747498 ], [ -81.683627, 39.270939 ], [ -81.689483, 39.266043 ], [ -81.69206, 39.263227 ], [ -81.692863899599899, 39.262074743906901 ], [ -81.69638, 39.257035 ], [ -81.696988, 39.248747 ], [ -81.696636, 39.246123 ], [ -81.695724, 39.242859 ], [ -81.692203, 39.236091 ], [ -81.691681344423898, 39.233357818671799 ], [ -81.691067, 39.230139 ], [ -81.691339, 39.227947 ], [ -81.691381125530597, 39.227887003032201 ], [ -81.692395, 39.226443 ], [ -81.694603, 39.224107 ], [ -81.698508196009101, 39.222085960415903 ], [ -81.700908, 39.220844 ], [ -81.711628, 39.219228 ], [ -81.724365, 39.216508 ], [ -81.725583473073897, 39.215835223456097 ], [ -81.726973, 39.215068 ], [ -81.729949, 39.211884 ], [ -81.733357, 39.205868 ], [ -81.735805, 39.196268 ], [ -81.737085, 39.193836 ], [ -81.738847308432398, 39.1921561016742 ], [ -81.741533, 39.189596 ], [ -81.749853, 39.186489 ], [ -81.752754, 39.184676 ], [ -81.753718601145906, 39.183486325253398 ], [ -81.755754, 39.180976 ], [ -81.755815054519402, 39.180524196556703 ], [ -81.756254, 39.177276 ], [ -81.754254, 39.171476 ], [ -81.744621, 39.148413 ], [ -81.743565, 39.141933 ], [ -81.744525, 39.138829 ], [ -81.744838, 39.130898 ], [ -81.744568, 39.126816 ], [ -81.742153, 39.116777 ], [ -81.742953, 39.106578 ], [ -81.743853, 39.102378 ], [ -81.745453, 39.098078 ], [ -81.747252700657896, 39.095378449013197 ], [ -81.747253, 39.095378 ], [ -81.752353, 39.089878 ], [ -81.758205482399603, 39.085837000247899 ], [ -81.760753, 39.084078 ], [ -81.764854, 39.081978 ], [ -81.775554, 39.078378 ], [ -81.781454, 39.078078 ], [ -81.785554, 39.078578 ], [ -81.790754, 39.079778 ], [ -81.798155, 39.082878 ], [ -81.803055, 39.083878 ], [ -81.807855, 39.083978 ], [ -81.810655, 39.083278 ], [ -81.812355, 39.082078 ], [ -81.813855, 39.079278 ], [ -81.814155, 39.073478 ], [ -81.813355, 39.065878 ], [ -81.812671127253793, 39.063343648058201 ], [ -81.811655, 39.059578 ], [ -81.808955, 39.055178 ], [ -81.803355, 39.047678 ], [ -81.800355, 39.044978 ], [ -81.793304, 39.040353 ], [ -81.786554, 39.036579 ], [ -81.777518992394803, 39.0297203080953 ], [ -81.772854, 39.026179 ], [ -81.767253, 39.019979 ], [ -81.764253, 39.015279 ], [ -81.764253, 39.006579 ], [ -81.765153, 39.002579 ], [ -81.767188, 39.000115 ], [ -81.771975, 38.996845 ], [ -81.774062, 38.993682 ], [ -81.775551, 38.990107 ], [ -81.776723, 38.985142 ], [ -81.776466, 38.982048 ], [ -81.775734, 38.980737 ], [ -81.779883, 38.972773 ], [ -81.78182, 38.964935 ], [ -81.780736, 38.958975 ], [ -81.779990108888498, 38.9577589332117 ], [ -81.778845, 38.955892 ], [ -81.77396, 38.951645 ], [ -81.769703, 38.948707 ], [ -81.767083, 38.946329 ], [ -81.764678738314501, 38.943457494002899 ], [ -81.76256, 38.940927 ], [ -81.762236, 38.93988 ], [ -81.761016, 38.938003 ], [ -81.758533, 38.937162 ], [ -81.757636, 38.937147 ], [ -81.756975, 38.937152 ], [ -81.756832088135994, 38.936541238040803 ], [ -81.756131, 38.933545 ], [ -81.757732861308895, 38.929765956246897 ], [ -81.758506, 38.927942 ], [ -81.759995, 38.925828 ], [ -81.762659, 38.924121 ], [ -81.766227, 38.922946 ], [ -81.76976, 38.92273 ], [ -81.774106, 38.922965 ], [ -81.781248, 38.924804 ], [ -81.785647, 38.926193 ], [ -81.793372, 38.930204 ], [ -81.796376, 38.932498 ], [ -81.806137, 38.942112 ], [ -81.814235, 38.946168 ], [ -81.819692, 38.947016 ], [ -81.820921068276206, 38.946920835920899 ], [ -81.821304227150094, 38.946891168763997 ], [ -81.825026, 38.946603 ], [ -81.827354, 38.945898 ], [ -81.831516, 38.943697 ], [ -81.838067, 38.937135 ], [ -81.844486, 38.928746 ], [ -81.84607, 38.913192 ], [ -81.845361198802607, 38.910289468447701 ], [ -81.845312, 38.910088 ], [ -81.848653, 38.901407 ], [ -81.855971, 38.892734 ], [ -81.858921, 38.89019 ], [ -81.865336533734407, 38.886560328052902 ], [ -81.874857, 38.881174 ], [ -81.889233, 38.874279 ], [ -81.892837, 38.873869 ], [ -81.898541, 38.874582 ], [ -81.908645, 38.87846 ], [ -81.910312, 38.879294 ], [ -81.915898, 38.88427 ], [ -81.926967, 38.891602 ], [ -81.928, 38.893492 ], [ -81.928352, 38.895371 ], [ -81.926671, 38.901311 ], [ -81.919098, 38.908615 ], [ -81.917757, 38.910604 ], [ -81.913358298023894, 38.9143520779594 ], [ -81.911936, 38.915564 ], [ -81.908341, 38.917403 ], [ -81.90091, 38.924338 ], [ -81.899953, 38.925405 ], [ -81.89847, 38.929603 ], [ -81.899511348763298, 38.933556694975401 ], [ -81.900595, 38.937671 ], [ -81.9066, 38.945262 ], [ -81.911346513328795, 38.952638876183201 ], [ -81.912443, 38.954343 ], [ -81.914564794733295, 38.958847631618902 ], [ -81.918214, 38.966595 ], [ -81.926561, 38.977508 ], [ -81.933186, 38.987659 ], [ -81.935813384565606, 38.989646491619503 ], [ -81.936828, 38.990414 ], [ -81.941829, 38.993295 ], [ -81.948103478832095, 38.995080532185803 ], [ -81.949006129934006, 38.9953374001486 ], [ -81.951447, 38.996032 ], [ -81.95926, 38.995227 ], [ -81.960832, 38.994275 ], [ -81.964107150571607, 38.993651791299598 ], [ -81.967769, 38.992955 ], [ -81.973871, 38.992413 ], [ -81.974171974915393, 38.992435337982002 ], [ -81.977455, 38.992679 ], [ -81.979371, 38.993193 ], [ -81.981158, 38.994351 ], [ -81.982032, 38.995697 ], [ -81.982540486323501, 39.000078073522197 ], [ -81.982761, 39.001978 ], [ -81.983761, 39.005478 ], [ -81.9840227519759, 39.005993572073798 ], [ -81.986101063772907, 39.0100872165224 ], [ -81.987061, 39.011978 ], [ -81.987407897259601, 39.012494312200303 ], [ -81.991361, 39.018378 ], [ -81.993906437252306, 39.021276970203999 ], [ -81.994961, 39.022478 ], [ -82.000571685263793, 39.026628369921198 ], [ -82.002261, 39.027878 ], [ -82.004331499519495, 39.028715861028402 ], [ -82.00599, 39.029387 ], [ -82.010707, 39.029818 ], [ -82.021880744441503, 39.029403284896297 ], [ -82.022562, 39.029378 ], [ -82.024519115384606, 39.028986576923103 ], [ -82.028062, 39.028278 ], [ -82.031678, 39.027003 ], [ -82.037749, 39.023865 ], [ -82.039963, 39.020678 ], [ -82.042062, 39.016778 ], [ -82.042146, 39.014642 ], [ -82.042697091631197, 39.013521787567498 ], [ -82.042699970864902, 39.013515934904802 ], [ -82.043063, 39.012778 ], [ -82.043403613035494, 39.011598954876902 ], [ -82.044430180492199, 39.008045452142198 ], [ -82.045663, 39.003778 ], [ -82.049163, 38.997278 ], [ -82.051563, 38.994378 ], [ -82.055947639479996, 38.9917597595106 ], [ -82.058764, 38.990078 ], [ -82.068864, 38.984878 ], [ -82.079364, 38.981078 ], [ -82.086049819715797, 38.977563137557901 ], [ -82.089065, 38.975978 ], [ -82.091565, 38.973778 ], [ -82.093165, 38.97098 ], [ -82.094865, 38.964578 ], [ -82.098787585395797, 38.958453261399498 ], [ -82.098873370635602, 38.958319316025097 ], [ -82.100565, 38.955678 ], [ -82.104339140806104, 38.951193876705801 ], [ -82.108164699109494, 38.946648663375697 ], [ -82.109065, 38.945579 ], [ -82.110866, 38.940379 ], [ -82.110772248892999, 38.938790526094699 ], [ -82.110565, 38.935279 ], [ -82.111666, 38.932579 ], [ -82.113545548962193, 38.930254826552101 ], [ -82.117857536435906, 38.924922799030803 ], [ -82.120966, 38.921079 ], [ -82.128866, 38.909979 ], [ -82.134766, 38.905579 ], [ -82.134964000859, 38.905402234562203 ], [ -82.143167, 38.898079 ], [ -82.144567, 38.891679 ], [ -82.145267, 38.883479 ], [ -82.144773463542293, 38.882460245228003 ], [ -82.142167, 38.87708 ], [ -82.1410712160353, 38.873693077098601 ], [ -82.139988, 38.870345 ], [ -82.139224, 38.86502 ], [ -82.140273625643005, 38.8590408198109 ], [ -82.140658570822097, 38.856847984104398 ], [ -82.140785884598998, 38.856122742664603 ], [ -82.141616, 38.851394 ], [ -82.143064629720101, 38.846530774910697 ], [ -82.143766635651403, 38.844174056136801 ], [ -82.144867, 38.84048 ], [ -82.147221909518194, 38.837536363102203 ], [ -82.147667, 38.83698 ], [ -82.149150942343695, 38.835662031211903 ], [ -82.149331758357604, 38.835501438811697 ], [ -82.152117539532099, 38.833027237132697 ], [ -82.16157, 38.824632 ], [ -82.165898, 38.822437 ], [ -82.179478, 38.817376 ], [ -82.187093289253795, 38.815917933244499 ], [ -82.191172, 38.815137 ], [ -82.19928, 38.808688 ], [ -82.20929, 38.802672 ], [ -82.214494, 38.798691 ], [ -82.217058170384206, 38.795908759629903 ], [ -82.217269, 38.79568 ], [ -82.220547213240494, 38.789200627169798 ], [ -82.221566, 38.787187 ], [ -82.221518, 38.77981 ], [ -82.221307291046003, 38.778613354480903 ], [ -82.220449, 38.773739 ], [ -82.216614, 38.76835 ], [ -82.212203331314996, 38.766298082244802 ], [ -82.207141, 38.763943 ], [ -82.201537, 38.760372 ], [ -82.198882, 38.757725 ], [ -82.195606, 38.752441 ], [ -82.193268, 38.741182 ], [ -82.190491, 38.734522 ], [ -82.18976, 38.729521 ], [ -82.186568, 38.722482 ], [ -82.185053673740697, 38.717487220734 ], [ -82.184567, 38.715882 ], [ -82.182467, 38.708782 ], [ -82.182867, 38.705482 ], [ -82.184415184794403, 38.701048561725202 ], [ -82.184563662923907, 38.7006233743544 ], [ -82.185067, 38.699182 ], [ -82.190167, 38.687382 ], [ -82.190867, 38.680383 ], [ -82.187667, 38.672683 ], [ -82.186562798769103, 38.668611257960897 ], [ -82.186554389404506, 38.668580248428903 ], [ -82.186067, 38.666783 ], [ -82.185567, 38.659583 ], [ -82.184382914262798, 38.657633812709498 ], [ -82.179067, 38.648883 ], [ -82.176767, 38.642783 ], [ -82.174267, 38.633183 ], [ -82.172667, 38.629684 ], [ -82.172066, 38.625984 ], [ -82.172066, 38.619284 ], [ -82.175167, 38.608484 ], [ -82.177267, 38.603784 ], [ -82.181967, 38.599384 ], [ -82.188767, 38.594984 ], [ -82.193824, 38.593096 ], [ -82.203806741877997, 38.5918845577187 ], [ -82.205171, 38.591719 ], [ -82.218967, 38.591683 ], [ -82.222168, 38.591384 ], [ -82.245969, 38.598483 ], [ -82.252469, 38.598783 ], [ -82.26207, 38.598183 ], [ -82.264982846985404, 38.5973153434511 ], [ -82.27147, 38.595383 ], [ -82.273401260997005, 38.5942104486804 ], [ -82.27427, 38.593683 ], [ -82.287101526971895, 38.5825881557857 ], [ -82.291271, 38.578983 ], [ -82.293471, 38.575383 ], [ -82.293871, 38.572683 ], [ -82.293271, 38.560283 ], [ -82.295319293721406, 38.5416776653638 ], [ -82.295671, 38.538483 ], [ -82.297771, 38.533283 ], [ -82.300271, 38.529383 ], [ -82.302871, 38.523183 ], [ -82.303275393109999, 38.521161034450202 ], [ -82.303515038461597, 38.519962807692302 ], [ -82.303971, 38.517683 ], [ -82.303652360190199, 38.512974565744003 ], [ -82.303071, 38.504384 ], [ -82.303100678373696, 38.504175942234603 ], [ -82.304223, 38.496308 ], [ -82.306351, 38.490692 ], [ -82.310639, 38.483172 ], [ -82.311474735797006, 38.480021918918901 ], [ -82.312511, 38.476116 ], [ -82.313935, 38.468084 ], [ -82.318111, 38.457876 ], [ -82.318712658190293, 38.456996401884801 ], [ -82.323999, 38.449268 ], [ -82.330335, 38.4445 ], [ -82.331772643083298, 38.444004463053702 ], [ -82.339802565617205, 38.441236652782898 ], [ -82.34064, 38.440948 ], [ -82.347915633966906, 38.440070671566801 ], [ -82.360145, 38.438596 ], [ -82.364401771217999, 38.437845534462099 ], [ -82.371977741847502, 38.436509896584802 ], [ -82.373860912675099, 38.436177894995801 ], [ -82.381773, 38.434783 ], [ -82.382022971327004, 38.434769581245703 ], [ -82.389075865133805, 38.4343909736263 ], [ -82.389746, 38.434355 ], [ -82.392086240743296, 38.435126834156399 ], [ -82.392096024651593, 38.435130060984498 ], [ -82.404882, 38.439347 ], [ -82.408998826471205, 38.438053730503597 ], [ -82.410187095229801, 38.4376804449766 ], [ -82.425109460831905, 38.432992698145 ], [ -82.430397091573894, 38.4313316294567 ], [ -82.434375, 38.430082 ], [ -82.447076, 38.426982 ], [ -82.451635502590705, 38.426149709844601 ], [ -82.459676, 38.424682 ], [ -82.4617130272254, 38.424182227512397 ], [ -82.463845305826794, 38.423659085667602 ], [ -82.471165212870702, 38.4218631901064 ], [ -82.4712675276174, 38.421838087793198 ], [ -82.486577, 38.418082 ], [ -82.487206940213994, 38.4178640689274 ], [ -82.495104842532101, 38.4151317488041 ], [ -82.507678, 38.410782 ], [ -82.521413459684695, 38.407269896706303 ], [ -82.529329090897093, 38.405245900779697 ], [ -82.529579, 38.405182 ], [ -82.536847990787294, 38.404144354987402 ], [ -82.540199, 38.403666 ], [ -82.543914706363694, 38.403486407525797 ], [ -82.549799, 38.403202 ], [ -82.56059, 38.404715 ], [ -82.571613, 38.405138 ], [ -82.573102893168297, 38.405671545549701 ], [ -82.573110360416607, 38.405674219645498 ], [ -82.578999, 38.407783 ], [ -82.587586, 38.412741 ], [ -82.591175170706407, 38.416095803216201 ], [ -82.593482, 38.418252 ], [ -82.593480455499204, 38.421008161644998 ], [ -82.59348, 38.421821 ], [ -82.594417019675504, 38.4231509634104 ], [ -82.596921, 38.426705 ], [ -82.597739819348405, 38.428990870681098 ], [ -82.597934814017705, 38.429535230799601 ], [ -82.600761, 38.437425 ], [ -82.600941340421699, 38.438639696782502 ], [ -82.601585491920204, 38.442978428751303 ], [ -82.604058958452995, 38.4596386528492 ], [ -82.604089, 38.459841 ], [ -82.608202, 38.468049 ], [ -82.610458, 38.471457 ], [ -82.611345954023307, 38.472272728097998 ], [ -82.613313170489107, 38.474079931741201 ], [ -82.613802, 38.474529 ], [ -82.618474, 38.477089 ], [ -82.624106, 38.479697 ], [ -82.629741237889405, 38.481665873645298 ], [ -82.637707, 38.484449 ], [ -82.639245731648998, 38.4853011475141 ], [ -82.648395, 38.490368 ], [ -82.657051, 38.496816 ], [ -82.660172380218896, 38.500119218892301 ], [ -82.660919813466805, 38.500910194503199 ], [ -82.665480912601197, 38.505737004367397 ], [ -82.665548, 38.505808 ], [ -82.673994331389594, 38.513855919531601 ], [ -82.675724, 38.515504 ], [ -82.681628745168695, 38.523969085131903 ], [ -82.684593987193793, 38.528220077420798 ], [ -82.689286764776597, 38.534947677106899 ], [ -82.689965, 38.53592 ], [ -82.692019580605603, 38.537831352630697 ], [ -82.692115657431401, 38.5379207317932 ], [ -82.696621, 38.542112 ], [ -82.699458658338003, 38.543955151911099 ], [ -82.700045, 38.544336 ], [ -82.706138882124307, 38.547019607876003 ], [ -82.708290633494499, 38.547967190518101 ], [ -82.714142, 38.550544 ], [ -82.716774544412601, 38.552031959885397 ], [ -82.719662, 38.553664 ], [ -82.724846, 38.5576 ], [ -82.730958, 38.559264 ], [ -82.739582, 38.558991 ], [ -82.745143976594804, 38.559315773485103 ], [ -82.751070539257199, 38.559661835784603 ], [ -82.763695, 38.560399 ], [ -82.779472, 38.559023 ], [ -82.789776, 38.559951 ], [ -82.800112, 38.563183 ], [ -82.811821419733505, 38.568743061642103 ], [ -82.815981323846302, 38.570718336576199 ], [ -82.820161, 38.572703 ], [ -82.836768832143406, 38.584236002493803 ], [ -82.839538, 38.586159 ], [ -82.844306, 38.590862 ], [ -82.847055575128095, 38.5949710872748 ], [ -82.847186, 38.595166 ], [ -82.851314, 38.604334 ], [ -82.854291, 38.613454 ], [ -82.854919035354996, 38.616527364503 ], [ -82.855795, 38.620814 ], [ -82.856791, 38.632878 ], [ -82.856397230281104, 38.643273520578099 ], [ -82.856291, 38.646078 ], [ -82.856532181737506, 38.647190548014898 ], [ -82.859391, 38.660378 ], [ -82.863291, 38.669277 ], [ -82.869592, 38.678177 ], [ -82.874664263917495, 38.682627193814398 ], [ -82.874892, 38.682827 ], [ -82.877592, 38.690177 ], [ -82.876892, 38.697377 ], [ -82.875292, 38.704977 ], [ -82.871192, 38.718377 ], [ -82.870392, 38.722077 ], [ -82.869922194874505, 38.727808622530702 ], [ -82.869892, 38.728177 ], [ -82.870017321491801, 38.729179482419099 ], [ -82.871292, 38.739376 ], [ -82.872592, 38.742576 ], [ -82.873941308196706, 38.744762809836097 ], [ -82.874334386557393, 38.745399867868898 ], [ -82.875492, 38.747276 ], [ -82.879492, 38.751476 ], [ -82.884845798313705, 38.754014652947397 ], [ -82.889193, 38.756076 ], [ -82.894193, 38.756576 ], [ -82.917584388614898, 38.751422139927598 ], [ -82.923694, 38.750076 ], [ -82.928257725618593, 38.748481640296902 ], [ -82.931396510489805, 38.747385090562503 ], [ -82.943147, 38.74328 ], [ -82.947871393610299, 38.740788803369298 ], [ -82.958114797191001, 38.735387404884797 ], [ -82.958895, 38.734976 ], [ -82.964642190399999, 38.731340022399998 ], [ -82.968695, 38.728776 ], [ -82.969290442008401, 38.728620183399698 ], [ -82.974881249652597, 38.727157168315202 ], [ -82.979395, 38.725976 ], [ -82.986095, 38.726276 ], [ -82.993996, 38.728576 ], [ -82.997026833472503, 38.729033484297702 ], [ -82.997037919596195, 38.7290351576749 ], [ -82.999296, 38.729376 ], [ -83.011573771136199, 38.730043824452402 ], [ -83.011816, 38.730057 ], [ -83.013288344617905, 38.729869252352003 ], [ -83.021752, 38.72879 ], [ -83.027917, 38.727143 ], [ -83.030702, 38.72572 ], [ -83.0308858850033, 38.725567690406002 ], [ -83.033014, 38.723805 ], [ -83.035964, 38.720152 ], [ -83.0382745077073, 38.716632158759097 ], [ -83.038442, 38.716377 ], [ -83.042338, 38.708319 ], [ -83.053104, 38.695831 ], [ -83.064319, 38.688976 ], [ -83.079826546470599, 38.682832808586603 ], [ -83.084226, 38.68109 ], [ -83.102746, 38.677316 ], [ -83.107436, 38.67522 ], [ -83.112372, 38.671685 ], [ -83.11786, 38.666073 ], [ -83.122547, 38.6592 ], [ -83.126311, 38.645244 ], [ -83.128973, 38.640231 ], [ -83.135046, 38.631719 ], [ -83.142836, 38.625076 ], [ -83.153508921504596, 38.618983455331801 ], [ -83.153783, 38.618827 ], [ -83.156338018007901, 38.618867321773898 ], [ -83.175961, 38.619177 ], [ -83.199082602255899, 38.617139381218003 ], [ -83.203728, 38.61673 ], [ -83.213113, 38.618888 ], [ -83.226189, 38.625307 ], [ -83.232404, 38.627569 ], [ -83.239515, 38.628588 ], [ -83.245664, 38.628564 ], [ -83.251103, 38.626224 ], [ -83.254558, 38.623403 ], [ -83.261126, 38.622723 ], [ -83.266392, 38.619615 ], [ -83.267066888155796, 38.618177596567101 ], [ -83.26851, 38.615104 ], [ -83.286514, 38.599241 ], [ -83.2867152235238, 38.599133726050603 ], [ -83.288885, 38.597977 ], [ -83.294193, 38.596588 ], [ -83.301951, 38.598178 ], [ -83.305404374038702, 38.599731754073503 ], [ -83.307832, 38.600824 ], [ -83.311448, 38.603314 ], [ -83.317542, 38.609242 ], [ -83.317652844920701, 38.609454660139697 ], [ -83.319101, 38.612233 ], [ -83.320099, 38.616043 ], [ -83.320531, 38.622713 ], [ -83.322383, 38.630615 ], [ -83.327636, 38.637489 ], [ -83.340004, 38.645674 ], [ -83.356445, 38.654009 ], [ -83.366661, 38.658537 ], [ -83.375924468821594, 38.661358029401498 ], [ -83.376302, 38.661473 ], [ -83.384755, 38.663171 ], [ -83.384870096519506, 38.663185039041799 ], [ -83.412039, 38.666499 ], [ -83.420194, 38.668428 ], [ -83.437481534487702, 38.669226083605999 ], [ -83.440404, 38.669361 ], [ -83.446989, 38.670143 ], [ -83.456694386391703, 38.673828077169603 ], [ -83.457055, 38.673965 ], [ -83.459809, 38.673617 ], [ -83.468059, 38.67547 ], [ -83.472157, 38.678123 ], [ -83.47642, 38.682261 ], [ -83.486477, 38.690099 ], [ -83.493342, 38.694187 ], [ -83.504365, 38.699256 ], [ -83.512571, 38.701716 ], [ -83.520953, 38.703045 ], [ -83.533339, 38.702105 ], [ -83.549298, 38.698787 ], [ -83.56187, 38.695371 ], [ -83.569098, 38.692842 ], [ -83.575002372223906, 38.691767586591801 ], [ -83.575121, 38.691746 ], [ -83.588005917752497, 38.689472281263797 ], [ -83.591184078109094, 38.688911451704101 ], [ -83.591912, 38.688783 ], [ -83.595889, 38.687088 ], [ -83.601572, 38.683938 ], [ -83.60491, 38.684848 ], [ -83.609095, 38.685013 ], [ -83.614136, 38.68397 ], [ -83.620464819064395, 38.681701504945103 ], [ -83.626536469361497, 38.679525189184702 ], [ -83.626922, 38.679387 ], [ -83.629281, 38.676273 ], [ -83.634212, 38.671371 ], [ -83.63696, 38.666023 ], [ -83.640478, 38.648277 ], [ -83.644181, 38.637833 ], [ -83.645124792046602, 38.636464959683899 ], [ -83.648301, 38.631861 ], [ -83.653039, 38.629366 ], [ -83.657142, 38.62791 ], [ -83.664143, 38.626754 ], [ -83.671443, 38.627381 ], [ -83.686037, 38.631867 ], [ -83.704006, 38.639724 ], [ -83.7053141053281, 38.639761437357897 ], [ -83.708164, 38.639843 ], [ -83.712171877956195, 38.641179724034998 ], [ -83.713405, 38.641591 ], [ -83.716933, 38.643657 ], [ -83.717811016323296, 38.645078635391002 ], [ -83.717915, 38.645247 ], [ -83.720779, 38.646704 ], [ -83.738207, 38.647932 ], [ -83.749554166140797, 38.649560497078703 ], [ -83.749821709768298, 38.6495988938035 ], [ -83.74992, 38.649613 ], [ -83.758773640192601, 38.651373124876599 ], [ -83.762445, 38.652103 ], [ -83.76509, 38.652881 ], [ -83.769347, 38.65522 ], [ -83.77216, 38.65815 ], [ -83.7732693470806, 38.660798754845601 ], [ -83.775761, 38.666748 ], [ -83.777141, 38.671205 ], [ -83.779961, 38.684907 ], [ -83.78362, 38.695641 ], [ -83.783794725356898, 38.695833483015598 ], [ -83.787113, 38.699489 ], [ -83.790676, 38.701676 ], [ -83.798549, 38.704668 ], [ -83.805833601366302, 38.7064919636531 ], [ -83.806317, 38.706613 ], [ -83.81388, 38.707446 ], [ -83.821854, 38.709575 ], [ -83.822725326763603, 38.710035919749203 ], [ -83.825712747690204, 38.711616223903597 ], [ -83.833263884519695, 38.715610670349101 ], [ -83.834015, 38.716008 ], [ -83.836696, 38.717857 ], [ -83.839153874814599, 38.720413215022703 ], [ -83.840595, 38.721912 ], [ -83.841689, 38.724264 ], [ -83.842506, 38.727019 ], [ -83.84274, 38.730365 ], [ -83.844676, 38.737439 ], [ -83.846207, 38.74229 ], [ -83.847486925906907, 38.744765772787098 ], [ -83.848734, 38.747178 ], [ -83.852085, 38.751433 ], [ -83.853814741182006, 38.752768361188998 ], [ -83.859028, 38.756793 ], [ -83.86653, 38.7602 ], [ -83.873168, 38.762418 ], [ -83.887107, 38.7656 ], [ -83.903916944484905, 38.768151794229198 ], [ -83.903971, 38.76816 ], [ -83.912922, 38.769763 ], [ -83.915855924908996, 38.769696055962498 ], [ -83.917217, 38.769665 ], [ -83.926986, 38.771562 ], [ -83.928591, 38.772203 ], [ -83.928454, 38.774583 ], [ -83.943978, 38.783616 ], [ -83.953546, 38.786172 ], [ -83.959052900439204, 38.786950169911599 ], [ -83.960487977793093, 38.787152958037197 ], [ -83.962123, 38.787384 ], [ -83.975126240005594, 38.787165864046401 ], [ -83.978814, 38.787104 ], [ -83.995447, 38.781912 ], [ -83.996452501497501, 38.781746319167702 ], [ -84.006104, 38.780156 ], [ -84.020352001306406, 38.775888049699802 ], [ -84.023113, 38.775061 ], [ -84.028585474693102, 38.773911608763498 ], [ -84.035853016338805, 38.772385197195298 ], [ -84.044486, 38.770572 ], [ -84.051642, 38.771397 ], [ -84.052669945103304, 38.771375511684603 ], [ -84.06341, 38.771151 ], [ -84.071491, 38.770475 ], [ -84.094334, 38.775246 ], [ -84.108836, 38.779247 ], [ -84.111883676978394, 38.780799666054101 ], [ -84.115655, 38.782721 ], [ -84.131787252509994, 38.788336116347303 ], [ -84.135088, 38.789485 ], [ -84.144032508537293, 38.791814764421197 ], [ -84.151896785959593, 38.793863162458898 ], [ -84.155912, 38.794909 ], [ -84.188633255417798, 38.799542828071303 ], [ -84.198358, 38.80092 ], [ -84.205592, 38.802588 ], [ -84.211048972122398, 38.804915721013401 ], [ -84.212904, 38.805707 ], [ -84.219569497451801, 38.811565065810697 ], [ -84.222059, 38.813753 ], [ -84.2253, 38.817665 ], [ -84.227319957831696, 38.821340735599598 ], [ -84.230181, 38.826547 ], [ -84.230421592089897, 38.827403507839897 ], [ -84.231306, 38.830552 ], [ -84.233265, 38.842671 ], [ -84.233727, 38.853576 ], [ -84.233692020541596, 38.853933086598097 ], [ -84.233659630625397, 38.854263737943498 ], [ -84.233459375663102, 38.856308033839298 ], [ -84.233198331580994, 38.858972893373398 ], [ -84.232486781734806, 38.866236725506901 ], [ -84.231934916865697, 38.8718704190441 ], [ -84.231837, 38.87287 ], [ -84.231912945771896, 38.874829915801598 ], [ -84.232132, 38.880483 ], [ -84.232343, 38.884325 ], [ -84.234453, 38.893226 ], [ -84.240155, 38.900912 ], [ -84.242689, 38.903187 ], [ -84.245647, 38.907035 ], [ -84.25701, 38.923208 ], [ -84.260797, 38.926593 ], [ -84.261910812759893, 38.927770344203999 ], [ -84.27491, 38.941511 ], [ -84.278764654089997, 38.944326914903499 ], [ -84.279916, 38.945168 ], [ -84.284183678209203, 38.950663515308001 ], [ -84.288164, 38.955789 ], [ -84.295076, 38.968295 ], [ -84.295327865999496, 38.971377368717903 ], [ -84.296207583112803, 38.982143460670997 ], [ -84.296466, 38.985306 ], [ -84.297255, 38.989694 ], [ -84.297707639789493, 38.991045474568303 ], [ -84.299362, 38.995985 ], [ -84.302821851606694, 39.002773726821999 ], [ -84.304698, 39.006455 ], [ -84.31368, 39.016981 ], [ -84.319936470923196, 39.022080955534399 ], [ -84.326539, 39.027463 ], [ -84.3350945583163, 39.032177287235498 ], [ -84.336339, 39.032863 ], [ -84.336377406402093, 39.032879233633899 ], [ -84.346039, 39.036963 ], [ -84.360439, 39.041362 ], [ -84.361359730094094, 39.041494524311901 ], [ -84.371206525210297, 39.042911812348002 ], [ -84.38684, 39.045162 ], [ -84.3894199816135, 39.045197342213903 ], [ -84.39414, 39.045262 ], [ -84.396686983350904, 39.045674012012597 ], [ -84.40094, 39.046362 ], [ -84.40254, 39.045662 ], [ -84.406941, 39.045662 ], [ -84.421467, 39.050938 ], [ -84.421479212350604, 39.050944076095597 ], [ -84.421608393192002, 39.0510083483369 ], [ -84.423944375796196, 39.052170585987298 ], [ -84.424566128068406, 39.052479930713901 ], [ -84.42573, 39.053059 ], [ -84.427913, 39.054962 ], [ -84.428739325716407, 39.056376354182603 ], [ -84.429450330639497, 39.057593323189998 ], [ -84.429841, 39.058262 ], [ -84.432341, 39.067561 ], [ -84.433131791946295, 39.072898845637603 ], [ -84.433141, 39.072961 ], [ -84.432673462070895, 39.077916902048699 ], [ -84.432641, 39.078261 ], [ -84.432941, 39.083961 ], [ -84.434641, 39.086861 ], [ -84.434632507692299, 39.086928938461497 ], [ -84.433941, 39.092461 ], [ -84.432841, 39.094261 ], [ -84.435541, 39.102261 ], [ -84.435859272882894, 39.102722717179702 ], [ -84.440240116144906, 39.109077988722298 ], [ -84.440642, 39.109661 ], [ -84.440749902262397, 39.109773593665103 ], [ -84.445242, 39.114461 ], [ -84.445671912415193, 39.114772074836999 ], [ -84.449793, 39.117754 ], [ -84.455342, 39.12036 ], [ -84.462042, 39.12176 ], [ -84.463101803012293, 39.121722595187798 ], [ -84.470542, 39.12146 ], [ -84.476142837607298, 39.119200409314701 ], [ -84.476243, 39.11916 ], [ -84.480943, 39.11676 ], [ -84.484812110270198, 39.113346079173297 ], [ -84.487743, 39.11076 ], [ -84.492429218324006, 39.104277397985101 ], [ -84.4935544922307, 39.102720769080797 ], [ -84.493743, 39.10246 ], [ -84.495832268138798, 39.100818432176702 ], [ -84.496543, 39.10026 ], [ -84.498600555628599, 39.098910789305997 ], [ -84.5019963180453, 39.096684069939101 ], [ -84.502062, 39.096641 ], [ -84.506082232525301, 39.095080745715599 ], [ -84.509743, 39.09366 ], [ -84.519543, 39.09206 ], [ -84.522573677839503, 39.092119413406003 ], [ -84.522576350024707, 39.092119465791498 ], [ -84.524644, 39.09216 ], [ -84.537243522048797, 39.097441236786899 ], [ -84.541344, 39.09916 ], [ -84.541545469634301, 39.099205788553199 ] ] ], [ [ [ -83.430102455734598, 41.699176744139102 ], [ -83.434453, 41.697106 ], [ -83.438416, 41.694319 ], [ -83.445104, 41.700952 ], [ -83.443366, 41.704453 ], [ -83.430380047677403, 41.710461856167001 ], [ -83.427607, 41.711745 ], [ -83.42128, 41.703376 ], [ -83.430102455734598, 41.699176744139102 ] ] ], [ [ [ -83.460788, 41.701259 ], [ -83.461182, 41.705705 ], [ -83.457522874044599, 41.7072547895716 ], [ -83.455048, 41.708303 ], [ -83.449343, 41.710499 ], [ -83.446868, 41.706991 ], [ -83.460788, 41.701259 ] ] ], [ [ [ -83.10734, 41.741503 ], [ -83.105569, 41.74251 ], [ -83.102088, 41.741803 ], [ -83.101873, 41.740614 ], [ -83.103337, 41.738372 ], [ -83.105566, 41.737387 ], [ -83.106084, 41.736861 ], [ -83.107025, 41.736694 ], [ -83.109902, 41.736745 ], [ -83.110835, 41.737193 ], [ -83.110635, 41.737888 ], [ -83.10734, 41.741503 ] ] ], [ [ [ -82.868085, 41.644963 ], [ -82.867909, 41.646223 ], [ -82.86598, 41.646645 ], [ -82.863588, 41.646893 ], [ -82.862832, 41.64554 ], [ -82.865169, 41.644674 ], [ -82.868085, 41.644963 ] ] ], [ [ [ -82.740495087331595, 41.489446654576 ], [ -82.740547, 41.489448 ], [ -82.741916, 41.493894 ], [ -82.741669, 41.496657 ], [ -82.73914, 41.498978 ], [ -82.735396, 41.50029 ], [ -82.73218, 41.502857 ], [ -82.729816, 41.503369 ], [ -82.727337, 41.502115 ], [ -82.729145, 41.499982 ], [ -82.730112, 41.497486 ], [ -82.730903, 41.493857 ], [ -82.734841, 41.490552 ], [ -82.738039, 41.489383 ], [ -82.740495087331595, 41.489446654576 ] ] ], [ [ [ -82.830317, 41.591232 ], [ -82.832791, 41.590417 ], [ -82.834135, 41.590248 ], [ -82.834300255832005, 41.590489346729299 ], [ -82.834767, 41.591171 ], [ -82.833463, 41.591873 ], [ -82.830852, 41.592134 ], [ -82.830541107317799, 41.591609840749001 ], [ -82.830317, 41.591232 ] ] ], [ [ [ -82.699451039781295, 41.611528286430499 ], [ -82.696967, 41.610782 ], [ -82.689789, 41.611493 ], [ -82.686366, 41.613661 ], [ -82.68532, 41.615402 ], [ -82.683688999918999, 41.616528492122299 ], [ -82.679711, 41.619276 ], [ -82.678553949758594, 41.620864620243502 ], [ -82.677097, 41.622865 ], [ -82.674197, 41.62386 ], [ -82.673579, 41.62322 ], [ -82.675813, 41.618992 ], [ -82.677239, 41.617997 ], [ -82.677857, 41.616291 ], [ -82.681422, 41.611777 ], [ -82.680377, 41.609112 ], [ -82.678903, 41.607903 ], [ -82.680044, 41.605628 ], [ -82.679711, 41.59891 ], [ -82.677192, 41.597097 ], [ -82.677287, 41.596208 ], [ -82.680234, 41.595462 ], [ -82.68204, 41.592618 ], [ -82.684227, 41.591302 ], [ -82.685796, 41.58764 ], [ -82.688695, 41.586538 ], [ -82.690407, 41.587072 ], [ -82.691975, 41.586858 ], [ -82.694019, 41.585756 ], [ -82.698916, 41.585223 ], [ -82.702386, 41.586574 ], [ -82.70327, 41.588817 ], [ -82.701498, 41.58994 ], [ -82.701972, 41.591215 ], [ -82.704231, 41.591296 ], [ -82.70462, 41.592262 ], [ -82.715173, 41.594964 ], [ -82.72487, 41.595782 ], [ -82.728748, 41.598829 ], [ -82.734525, 41.601131 ], [ -82.734466, 41.60351 ], [ -82.724252, 41.608969 ], [ -82.722256, 41.612986 ], [ -82.722636, 41.616788 ], [ -82.718025, 41.619418 ], [ -82.712796, 41.620129 ], [ -82.707377, 41.619489 ], [ -82.704667, 41.618316 ], [ -82.703859, 41.617392 ], [ -82.705048, 41.615225 ], [ -82.702053, 41.61231 ], [ -82.700839755851405, 41.611945501954601 ], [ -82.699451039781295, 41.611528286430499 ] ] ], [ [ [ -82.825553, 41.654297 ], [ -82.823488704225596, 41.654624954354098 ], [ -82.823394, 41.65464 ], [ -82.820452, 41.653484 ], [ -82.815775, 41.654187 ], [ -82.814387, 41.65423 ], [ -82.812156, 41.654796 ], [ -82.81116, 41.655897 ], [ -82.80837, 41.659321 ], [ -82.808742509084198, 41.659932812285099 ], [ -82.809167, 41.66063 ], [ -82.808587, 41.661682 ], [ -82.805179, 41.664281 ], [ -82.795581, 41.665512 ], [ -82.793708, 41.664798 ], [ -82.796457, 41.659708 ], [ -82.798888, 41.657654 ], [ -82.802035, 41.656642 ], [ -82.803031, 41.654349 ], [ -82.806347041083995, 41.654790550980898 ], [ -82.80792, 41.655 ], [ -82.812275, 41.652385 ], [ -82.812952, 41.650747 ], [ -82.812833, 41.645656 ], [ -82.815137893869604, 41.6442448949782 ], [ -82.823192, 41.639314 ], [ -82.826738, 41.634311 ], [ -82.835026, 41.629815 ], [ -82.84152, 41.62904 ], [ -82.839727, 41.634907 ], [ -82.837695, 41.637349 ], [ -82.837815, 41.639701 ], [ -82.836619, 41.641577 ], [ -82.837695, 41.64378 ], [ -82.840165, 41.644138 ], [ -82.84385, 41.646475 ], [ -82.834092, 41.657121 ], [ -82.830193, 41.65823 ], [ -82.826625, 41.659677 ], [ -82.825655, 41.659359 ], [ -82.825774, 41.65861 ], [ -82.826491, 41.657975 ], [ -82.826712, 41.657149 ], [ -82.825621, 41.656444 ], [ -82.826641, 41.655656 ], [ -82.826459, 41.654641 ], [ -82.825553, 41.654297 ] ] ], [ [ [ -82.819527, 41.65835 ], [ -82.819527, 41.657913 ], [ -82.822281, 41.657208 ], [ -82.822662794753796, 41.657604560296797 ], [ -82.823186, 41.658148 ], [ -82.821533, 41.659324 ], [ -82.820235, 41.659309 ], [ -82.819527, 41.658545 ], [ -82.819527, 41.65835 ] ] ], [ [ [ -82.783994, 41.677878 ], [ -82.785513, 41.677017 ], [ -82.786703, 41.677193 ], [ -82.787231, 41.678126 ], [ -82.787, 41.678679 ], [ -82.785454, 41.679015 ], [ -82.784144, 41.678949 ], [ -82.78387, 41.678605 ], [ -82.783994, 41.677878 ] ] ], [ [ [ -82.847722, 41.677191 ], [ -82.848819, 41.677115 ], [ -82.850265415482099, 41.677514179441403 ], [ -82.850301, 41.677524 ], [ -82.852069, 41.679285 ], [ -82.855694, 41.680557 ], [ -82.856389377542001, 41.681618412824697 ], [ -82.856471, 41.681743 ], [ -82.856189, 41.682317 ], [ -82.8559405427375, 41.682294293309802 ], [ -82.854679, 41.682179 ], [ -82.850873, 41.680958 ], [ -82.848160940407695, 41.680443016547997 ], [ -82.847966, 41.680406 ], [ -82.844473, 41.678829 ], [ -82.844615, 41.678449 ], [ -82.84561, 41.677964 ], [ -82.846646, 41.677873 ], [ -82.847722, 41.677191 ] ] ], [ [ [ -82.811411, 41.674068 ], [ -82.807072, 41.674726 ], [ -82.805511, 41.672337 ], [ -82.809586, 41.670925 ], [ -82.813661, 41.67135 ], [ -82.813817, 41.67325 ], [ -82.815076, 41.674092 ], [ -82.815733, 41.675364 ], [ -82.815566, 41.679025 ], [ -82.818048, 41.682597 ], [ -82.824768, 41.682491 ], [ -82.826206, 41.684597 ], [ -82.8253364088105, 41.685010783168202 ], [ -82.820169356409593, 41.687469454942601 ], [ -82.817867, 41.688565 ], [ -82.817322, 41.689831 ], [ -82.811752, 41.692001 ], [ -82.806956, 41.690285 ], [ -82.803337, 41.689244 ], [ -82.803157, 41.681493 ], [ -82.80715, 41.677932 ], [ -82.807167, 41.676875 ], [ -82.811432, 41.676025 ], [ -82.811883, 41.675223 ], [ -82.811411, 41.674068 ] ] ], [ [ [ -82.830169, 41.691123 ], [ -82.830378, 41.691928 ], [ -82.829455, 41.69237 ], [ -82.826111, 41.693487 ], [ -82.824635, 41.693415 ], [ -82.822779, 41.691863 ], [ -82.82504, 41.691357 ], [ -82.825279, 41.691128 ], [ -82.826503, 41.69124 ], [ -82.827523, 41.691103 ], [ -82.828271, 41.691277 ], [ -82.828285389062899, 41.691273060373803 ], [ -82.829721, 41.69088 ], [ -82.830169, 41.691123 ] ] ], [ [ [ -82.794947, 41.693288 ], [ -82.799356, 41.692919 ], [ -82.800442, 41.693165 ], [ -82.800573, 41.694393 ], [ -82.797612, 41.695425 ], [ -82.796976211502297, 41.695511935485897 ], [ -82.7896067294907, 41.696519612570697 ], [ -82.783958, 41.697292 ], [ -82.780404, 41.696776 ], [ -82.780569, 41.695622 ], [ -82.783234, 41.69545 ], [ -82.78659, 41.693804 ], [ -82.789847, 41.693116 ], [ -82.792249, 41.693951 ], [ -82.794947, 41.693288 ] ] ], [ [ [ -82.812314, 41.712757 ], [ -82.809316, 41.70884 ], [ -82.815813, 41.707608 ], [ -82.82321, 41.707758 ], [ -82.829008, 41.710108 ], [ -82.831807, 41.708728 ], [ -82.835118, 41.708971 ], [ -82.835506, 41.71119 ], [ -82.831857, 41.711228 ], [ -82.830408, 41.713093 ], [ -82.832607, 41.714213 ], [ -82.832709, 41.71565 ], [ -82.827948, 41.718075 ], [ -82.82572, 41.72281 ], [ -82.821678693667394, 41.724133259595597 ], [ -82.820409, 41.724549 ], [ -82.813489, 41.723468 ], [ -82.811165, 41.720033 ], [ -82.812264, 41.717943 ], [ -82.812314, 41.712757 ] ] ] ] } }
]
}
