{
"type": "FeatureCollection",
"name": "state-12-outline",
"crs": { "type": "name", "properties": { "name": "urn:ogc:def:crs:OGC:1.3:CRS84" } },
"features": [
{ "type": "Feature", "properties": { "state_fips": "12", "state_abbr": "FL", "state_name": "Florida" }, "geometry": { "type": "MultiPolygon", "coordinates": [ [ [ [ -85.729068, 30.118246 ], [ -85.7333291297915, 30.122134816135599 ], [ -85.733646, 30.122424 ], [ -85.738063639636195, 30.126252675275399 ], [ -85.744863299902207, 30.1321457976861 ], [ -85.74993, 30.136537 ], [ -85.758756890349801, 30.143381261632101 ], [ -85.7649560719683, 30.148188030405901 ], [ -85.768400305416506, 30.150858646433502 ], [ -85.772285918576003, 30.1538715028314 ], [ -85.775405, 30.15629 ], [ -85.783765583985797, 30.161432783972899 ], [ -85.790392145286802, 30.165508931442201 ], [ -85.790724134086503, 30.1657131452485 ], [ -85.800368362216801, 30.1716455277164 ], [ -85.805499169413295, 30.174801603065099 ], [ -85.811219, 30.17832 ], [ -85.820074579634195, 30.183255881659601 ], [ -85.831313758765702, 30.189520322885901 ], [ -85.838059374138993, 30.193280162510099 ], [ -85.848562271362695, 30.199134218361898 ], [ -85.866654533321196, 30.209218398920299 ], [ -85.878138, 30.215619 ], [ -85.892173240106899, 30.2225870088165 ], [ -85.892438526467302, 30.222718714272499 ], [ -85.895259076775602, 30.224119019452001 ], [ -85.895418086184605, 30.224197962096 ], [ -85.901553050695199, 30.227243758710401 ], [ -85.9204089559707, 30.236605060205999 ], [ -85.921206272789703, 30.237000900290099 ], [ -85.922554, 30.23767 ], [ -85.935529810679498, 30.243568142773299 ], [ -85.947647, 30.249076 ], [ -85.966552, 30.25712 ], [ -85.995927112758494, 30.2691392913069 ], [ -85.999937, 30.27078 ], [ -86.089963, 30.303569 ], [ -86.097709448025199, 30.3059702279261 ], [ -86.124085661944406, 30.314146272126099 ], [ -86.1426885189274, 30.319912747231601 ], [ -86.156512065050606, 30.324197741448302 ], [ -86.1797281751996, 30.331394223222102 ], [ -86.188741, 30.334188 ], [ -86.2008933538863, 30.337279681897702 ], [ -86.205804, 30.338529 ], [ -86.222561, 30.343585 ], [ -86.226949731459399, 30.3448598568847 ], [ -86.243526, 30.349675 ], [ -86.247282727666502, 30.3506916209354 ], [ -86.249093083773005, 30.351181527599401 ], [ -86.26361, 30.35511 ], [ -86.280128, 30.358904 ], [ -86.2987, 30.363049 ], [ -86.313998, 30.36639 ], [ -86.317088567579205, 30.366925479299201 ], [ -86.3424, 30.371311 ], [ -86.351432583390107, 30.372643798642098 ], [ -86.364175, 30.374524 ], [ -86.380826401768402, 30.376668344048799 ], [ -86.387828, 30.37757 ], [ -86.397361130177501, 30.378661387717401 ], [ -86.402396224697597, 30.379237823810598 ], [ -86.403109639401805, 30.3793194981433 ], [ -86.412076, 30.380346 ], [ -86.422959170226406, 30.381323685940401 ], [ -86.44389, 30.383204 ], [ -86.470849, 30.3839 ], [ -86.489524, 30.383512 ], [ -86.50615, 30.3823 ], [ -86.506883061526295, 30.382559310536099 ], [ -86.511854165454807, 30.3843177708819 ], [ -86.514139, 30.385126 ], [ -86.520223, 30.386641 ], [ -86.526246, 30.387407 ], [ -86.541101, 30.388945 ], [ -86.548825, 30.389355 ], [ -86.559543, 30.390213 ], [ -86.563537, 30.390944 ], [ -86.580556, 30.392943 ], [ -86.586865, 30.392763 ], [ -86.596718, 30.393763 ], [ -86.608008, 30.395198 ], [ -86.621379488167307, 30.396319323370701 ], [ -86.62512, 30.396633 ], [ -86.64366, 30.397043 ], [ -86.657088, 30.396838 ], [ -86.681451, 30.396018 ], [ -86.713062, 30.394788 ], [ -86.738613, 30.393353 ], [ -86.754894, 30.391815 ], [ -86.78912, 30.38833 ], [ -86.799480973524098, 30.3872241102845 ], [ -86.83618, 30.383307 ], [ -86.850322, 30.381461 ], [ -86.850611341143207, 30.381418230774901 ], [ -86.861842623958296, 30.379758068455502 ], [ -86.875962, 30.377671 ], [ -86.909679, 30.372423 ], [ -86.918871690536804, 30.3709250843817 ], [ -86.953, 30.365364 ], [ -87.005883, 30.35593 ], [ -87.048547, 30.348239 ], [ -87.093501, 30.33939 ], [ -87.155392, 30.327748 ], [ -87.191896137066493, 30.323219779275298 ], [ -87.20601, 30.321469 ], [ -87.226313, 30.319349 ], [ -87.24998, 30.317468 ], [ -87.270896, 30.31675 ], [ -87.287772, 30.321161 ], [ -87.29609, 30.325674 ], [ -87.30025, 30.328136 ], [ -87.3012, 30.33029 ], [ -87.303769592337403, 30.329262845861901 ], [ -87.310601364211095, 30.3265319524637 ], [ -87.31249, 30.325777 ], [ -87.312371, 30.324238 ], [ -87.314392, 30.321469 ], [ -87.330079, 30.317673 ], [ -87.350638, 30.313364 ], [ -87.383438, 30.306388 ], [ -87.414336, 30.299 ], [ -87.427408, 30.296332 ], [ -87.451200201727303, 30.293250707399199 ], [ -87.453553, 30.292946 ], [ -87.464962, 30.290586 ], [ -87.481599, 30.28761 ], [ -87.492176, 30.285147 ], [ -87.500617949296895, 30.283625718636699 ], [ -87.518324, 30.280435 ], [ -87.518342375047794, 30.2815722842093 ], [ -87.518364380564606, 30.282934268519401 ], [ -87.51838, 30.283901 ], [ -87.50548, 30.287101 ], [ -87.49998, 30.287901 ], [ -87.452378, 30.300201 ], [ -87.450078, 30.3111 ], [ -87.455578, 30.3102 ], [ -87.459578, 30.3083 ], [ -87.462978, 30.3078 ], [ -87.465778, 30.3076 ], [ -87.468678, 30.3082 ], [ -87.475879, 30.3079 ], [ -87.481879, 30.306001 ], [ -87.483679, 30.304801 ], [ -87.494879, 30.305001 ], [ -87.502301549966305, 30.307161722050701 ], [ -87.50278, 30.307301 ], [ -87.50468, 30.308901 ], [ -87.505002245578396, 30.309955328942401 ], [ -87.50578, 30.3125 ], [ -87.5058411579151, 30.315087392532501 ], [ -87.505943, 30.319396 ], [ -87.504701, 30.324039 ], [ -87.502572, 30.327405 ], [ -87.49998, 30.328957 ], [ -87.492042320451802, 30.3308608280906 ], [ -87.491879, 30.3309 ], [ -87.475579, 30.3314 ], [ -87.467269587425207, 30.332875365282899 ], [ -87.464878, 30.3333 ], [ -87.462978, 30.334 ], [ -87.459978, 30.3363 ], [ -87.452278, 30.344099 ], [ -87.450962, 30.346262 ], [ -87.451978, 30.360299 ], [ -87.451878, 30.364999 ], [ -87.451378, 30.367199 ], [ -87.449078, 30.370399 ], [ -87.441823, 30.376304 ], [ -87.438678, 30.380798 ], [ -87.438678, 30.382098 ], [ -87.440878, 30.386698 ], [ -87.441178, 30.388598 ], [ -87.440678, 30.391498 ], [ -87.438393006468303, 30.394455050452802 ], [ -87.437278, 30.395898 ], [ -87.434278, 30.397498 ], [ -87.431778, 30.403198 ], [ -87.430685538461503, 30.4048366923077 ], [ -87.430680166418995, 30.404844750371499 ], [ -87.429578, 30.406498 ], [ -87.426177, 30.409198 ], [ -87.422677, 30.410098 ], [ -87.419177, 30.410198 ], [ -87.413177, 30.408998 ], [ -87.408877, 30.408798 ], [ -87.404773350191803, 30.4098619092095 ], [ -87.403477, 30.410198 ], [ -87.401777, 30.411398 ], [ -87.398776, 30.415098 ], [ -87.395676, 30.417597 ], [ -87.386376, 30.420497 ], [ -87.384354769484503, 30.421625128659802 ], [ -87.382076, 30.422897 ], [ -87.371169, 30.43049 ], [ -87.368191, 30.433407 ], [ -87.367612166111897, 30.434579500394602 ], [ -87.366591, 30.436648 ], [ -87.366939, 30.44048 ], [ -87.36868, 30.444631 ], [ -87.370768, 30.446865 ], [ -87.378268635846098, 30.449194175159001 ], [ -87.381176, 30.450097 ], [ -87.391976, 30.451597 ], [ -87.396877, 30.450597 ], [ -87.399877, 30.450997 ], [ -87.404677, 30.452897 ], [ -87.407877, 30.456396 ], [ -87.414677, 30.457296 ], [ -87.425078, 30.465596 ], [ -87.429578, 30.470596 ], [ -87.430578, 30.476596 ], [ -87.431578, 30.477696 ], [ -87.434678, 30.479196 ], [ -87.435578, 30.480496 ], [ -87.434765430321605, 30.481871117917301 ], [ -87.432978, 30.484896 ], [ -87.430578, 30.491096 ], [ -87.431178, 30.495795 ], [ -87.438269, 30.505357 ], [ -87.43969, 30.506649 ], [ -87.44322, 30.506782 ], [ -87.444714, 30.507494 ], [ -87.447702, 30.510458 ], [ -87.447782, 30.511913 ], [ -87.447305, 30.512629 ], [ -87.446499, 30.513569 ], [ -87.445182, 30.51398 ], [ -87.444944, 30.514943 ], [ -87.446427, 30.520306 ], [ -87.446472100487497, 30.5222240471467 ], [ -87.446586, 30.527068 ], [ -87.43544, 30.54914 ], [ -87.434963, 30.549599 ], [ -87.431441, 30.550263 ], [ -87.427891, 30.554159 ], [ -87.426037, 30.560073 ], [ -87.423362, 30.561425 ], [ -87.422805, 30.561379 ], [ -87.422408, 30.560439 ], [ -87.420925, 30.560668 ], [ -87.418647, 30.561837 ], [ -87.41666, 30.566306 ], [ -87.416951, 30.568003 ], [ -87.418513, 30.569561 ], [ -87.418354, 30.570043 ], [ -87.416261, 30.572448 ], [ -87.414513, 30.573456 ], [ -87.412712, 30.573227 ], [ -87.412471038069697, 30.573861767419 ], [ -87.412464599041996, 30.5738787297872 ], [ -87.408736, 30.583701 ], [ -87.406558, 30.599928 ], [ -87.404597, 30.603389 ], [ -87.401178, 30.604397 ], [ -87.39927, 30.605611 ], [ -87.397308, 30.608728 ], [ -87.395026, 30.615281 ], [ -87.395053, 30.6159 ], [ -87.39643, 30.616909 ], [ -87.39643, 30.617734 ], [ -87.395659, 30.623372 ], [ -87.394479, 30.625192 ], [ -87.393775, 30.627006 ], [ -87.393746078386201, 30.627605156855498 ], [ -87.393615991986906, 30.6303001018331 ], [ -87.393588, 30.63088 ], [ -87.395941, 30.643968 ], [ -87.397185, 30.648117 ], [ -87.396177, 30.650454 ], [ -87.397262, 30.654351 ], [ -87.400177, 30.657217 ], [ -87.400707, 30.657148 ], [ -87.405874, 30.666616 ], [ -87.407118, 30.671796 ], [ -87.406561, 30.674019 ], [ -87.406958, 30.675165 ], [ -87.412739, 30.678055 ], [ -87.419527, 30.679981 ], [ -87.424883, 30.683374 ], [ -87.430372, 30.688645 ], [ -87.436021, 30.688668 ], [ -87.439814, 30.690479 ], [ -87.4401022024296, 30.690736114900702 ], [ -87.44228, 30.692679 ], [ -87.44358, 30.694604 ], [ -87.449362, 30.698913 ], [ -87.451404, 30.699806 ], [ -87.456948, 30.69756 ], [ -87.466338, 30.700835 ], [ -87.467717, 30.701683 ], [ -87.470397, 30.705281 ], [ -87.474429, 30.706586 ], [ -87.479579, 30.712865 ], [ -87.479819, 30.71495 ], [ -87.481225, 30.716508 ], [ -87.487036, 30.7185 ], [ -87.496772, 30.720353 ], [ -87.497515, 30.720123 ], [ -87.498482281573999, 30.720418502305101 ], [ -87.502317, 30.72159 ], [ -87.505153, 30.726313 ], [ -87.511729, 30.733535 ], [ -87.523613, 30.738306 ], [ -87.532607, 30.743489 ], [ -87.535365, 30.749775 ], [ -87.535416, 30.75476 ], [ -87.536528, 30.761383 ], [ -87.537085, 30.76253 ], [ -87.54226, 30.767504 ], [ -87.54616, 30.77202 ], [ -87.545364, 30.774105 ], [ -87.545044, 30.778666 ], [ -87.552051, 30.786254 ], [ -87.552954, 30.786941 ], [ -87.554838, 30.787125 ], [ -87.559484, 30.790447 ], [ -87.560068, 30.792258 ], [ -87.564209, 30.796246 ], [ -87.56814, 30.799088 ], [ -87.572043, 30.800532 ], [ -87.576849, 30.808163 ], [ -87.581869, 30.812403 ], [ -87.58787, 30.815037 ], [ -87.594297, 30.816984 ], [ -87.600486, 30.820627 ], [ -87.60163, 30.82514 ], [ -87.60357, 30.828624 ], [ -87.605776, 30.831304 ], [ -87.610982, 30.832632 ], [ -87.615923, 30.834693 ], [ -87.615367, 30.837031 ], [ -87.617281, 30.840353 ], [ -87.624137, 30.845713 ], [ -87.626075, 30.846494 ], [ -87.627323, 30.847961 ], [ -87.626497, 30.85188 ], [ -87.62538, 30.854355 ], [ -87.626228, 30.857127 ], [ -87.628245, 30.860131 ], [ -87.634938, 30.865886 ], [ -87.634844288786496, 30.866109347266999 ], [ -87.629987, 30.877686 ], [ -87.629454, 30.880115 ], [ -87.6244, 30.884696 ], [ -87.622062, 30.885408 ], [ -87.620788, 30.887494 ], [ -87.620922, 30.889923 ], [ -87.622519, 30.89368 ], [ -87.622203, 30.897508 ], [ -87.620715, 30.89893 ], [ -87.616013, 30.901453 ], [ -87.614951, 30.904226 ], [ -87.614209, 30.908536 ], [ -87.611847, 30.914541 ], [ -87.6102, 30.916628 ], [ -87.608262, 30.9219 ], [ -87.607811, 30.92449 ], [ -87.602684, 30.934277 ], [ -87.600691, 30.937074 ], [ -87.598299, 30.938793 ], [ -87.59689, 30.941131 ], [ -87.592055, 30.951492 ], [ -87.589187, 30.964464 ], [ -87.590917, 30.969414 ], [ -87.593046, 30.972966 ], [ -87.594111, 30.976335 ], [ -87.594126677631905, 30.976700910013001 ], [ -87.594164, 30.977572 ], [ -87.592676, 30.98014 ], [ -87.593395, 30.982959 ], [ -87.596722, 30.98761 ], [ -87.599172, 30.995722 ], [ -87.598928, 30.997457 ], [ -87.571281, 30.99787 ], [ -87.548543, 30.997927 ], [ -87.51952, 30.997586 ], [ -87.514910818752995, 30.9976582879967 ], [ -87.498375680315604, 30.9979176164912 ], [ -87.488422203262203, 30.998073721638399 ], [ -87.483773621498202, 30.9981466275723 ], [ -87.480243, 30.998202 ], [ -87.479703, 30.998197 ], [ -87.478706, 30.998213 ], [ -87.477800865650906, 30.998210321408401 ], [ -87.466879, 30.998178 ], [ -87.466827, 30.998178 ], [ -87.461783, 30.998201 ], [ -87.461638, 30.998202 ], [ -87.458658, 30.998386 ], [ -87.455705, 30.998318 ], [ -87.449811, 30.998272 ], [ -87.432292, 30.998205 ], [ -87.425774, 30.99809 ], [ -87.367842, 30.998292 ], [ -87.364011, 30.998218 ], [ -87.363872734364094, 30.9982184302701 ], [ -87.355656, 30.998244 ], [ -87.347877255972804, 30.998254044958401 ], [ -87.333973, 30.998272 ], [ -87.312183, 30.998435 ], [ -87.30403, 30.998191 ], [ -87.301567, 30.998434 ], [ -87.297720967664802, 30.998404168875201 ], [ -87.290995, 30.998352 ], [ -87.288905, 30.998345 ], [ -87.276274006531096, 30.998302790262201 ], [ -87.266484285425705, 30.998270075372201 ], [ -87.265564, 30.998267 ], [ -87.26054, 30.998195 ], [ -87.259689, 30.998172 ], [ -87.25796, 30.998263 ], [ -87.257002, 30.998194 ], [ -87.255592, 30.998216 ], [ -87.25498, 30.998285 ], [ -87.249928930249496, 30.997732434289201 ], [ -87.239969751636096, 30.9966429421853 ], [ -87.238316740844098, 30.996462109781799 ], [ -87.237685, 30.996393 ], [ -87.224746, 30.997169 ], [ -87.174800272482202, 30.998685089005601 ], [ -87.163652832033193, 30.999023466535501 ], [ -87.163647241462698, 30.999023636235702 ], [ -87.162614, 30.999055 ], [ -87.1505897595909, 30.999317389069699 ], [ -87.140755, 30.999532 ], [ -87.124969, 30.998802 ], [ -87.118873, 30.999427 ], [ -87.115072985760193, 30.9994055190278 ], [ -87.096911709754707, 30.999302855763801 ], [ -87.076107992904895, 30.999185255135099 ], [ -87.070992992421097, 30.999156340721498 ], [ -87.068633, 30.999143 ], [ -87.064063, 30.999191 ], [ -87.053737, 30.999131 ], [ -87.039989, 30.999594 ], [ -87.036458530344802, 30.999354282767001 ], [ -87.036366, 30.999348 ], [ -87.027107, 30.999255 ], [ -87.024172240118205, 30.999262869718301 ], [ -87.004359, 30.999316 ], [ -86.998477, 30.998661 ], [ -86.92781, 30.997704 ], [ -86.906257846315199, 30.997635011379501 ], [ -86.888135, 30.997577 ], [ -86.872989, 30.997631 ], [ -86.831934, 30.997378 ], [ -86.830497, 30.997401 ], [ -86.809975174391298, 30.997206273060598 ], [ -86.785918, 30.996978 ], [ -86.785692460563993, 30.9969741853795 ], [ -86.74524, 30.99629 ], [ -86.728392, 30.996739 ], [ -86.727293, 30.996882 ], [ -86.725379, 30.996872 ], [ -86.706261, 30.994703 ], [ -86.688313001544898, 30.9945961283541 ], [ -86.678383, 30.994537 ], [ -86.664681, 30.994534 ], [ -86.627754382217603, 30.994752680727402 ], [ -86.567586, 30.995109 ], [ -86.563436, 30.995223 ], [ -86.542487980751901, 30.994270423282199 ], [ -86.519938, 30.993245 ], [ -86.512834, 30.9937 ], [ -86.49995, 30.99334 ], [ -86.458319, 30.993998 ], [ -86.454704, 30.993791 ], [ -86.404912, 30.994049 ], [ -86.391937, 30.994172 ], [ -86.388647, 30.994181 ], [ -86.388646000431507, 30.994181020768199 ], [ -86.374545, 30.994474 ], [ -86.36927, 30.994477 ], [ -86.364907, 30.994455 ], [ -86.350230280185997, 30.994351332631801 ], [ -86.348506316753301, 30.994339155609001 ], [ -86.334042459178306, 30.994236991769501 ], [ -86.322545927182603, 30.994155787302098 ], [ -86.3091205623614, 30.99406095874 ], [ -86.304596, 30.994029 ], [ -86.297148668496007, 30.9939169188496 ], [ -86.289247, 30.993798 ], [ -86.289065798864399, 30.9937983038526 ], [ -86.288849162099197, 30.993798667126502 ], [ -86.271193419920905, 30.993828273694401 ], [ -86.256448, 30.993853 ], [ -86.238335, 30.99437 ], [ -86.187247257862794, 30.994049069482099 ], [ -86.180232, 30.994005 ], [ -86.175204, 30.993798 ], [ -86.168979, 30.993706 ], [ -86.162886, 30.993682 ], [ -86.132739514373398, 30.993180301829401 ], [ -86.116918, 30.992917 ], [ -86.056213, 30.993133 ], [ -86.052462, 30.993247 ], [ -86.035039, 30.99332 ], [ -85.998643, 30.99287 ], [ -85.997289979836296, 30.992877685566501 ], [ -85.965662509490301, 30.9930573392277 ], [ -85.935841289711803, 30.993226732835801 ], [ -85.935836981580493, 30.993226757307301 ], [ -85.893543, 30.993467 ], [ -85.831124986615606, 30.994062446576699 ], [ -85.831122451190694, 30.994062470763801 ], [ -85.772671867106993, 30.994620069417099 ], [ -85.760655939874098, 30.9947346972681 ], [ -85.749932, 30.994837 ], [ -85.749619, 30.995292 ], [ -85.741628028959298, 30.995344012670198 ], [ -85.727091, 30.995438633172501 ], [ -85.692207603291607, 30.9956656867558 ], [ -85.652469024130497, 30.995924342381301 ], [ -85.646255053867407, 30.995964788678101 ], [ -85.631437147116799, 30.996061237394201 ], [ -85.583399314232906, 30.996373912280301 ], [ -85.583289048238797, 30.996374629993898 ], [ -85.498272, 30.996928 ], [ -85.4979920209678, 30.996932349658501 ], [ -85.492648176637303, 30.997015369797399 ], [ -85.488298006080399, 30.997082952560302 ], [ -85.407543768733603, 30.998337522788599 ], [ -85.3817482781607, 30.998738272712799 ], [ -85.329057530752607, 30.999556858154001 ], [ -85.328920402131004, 30.999558988537402 ], [ -85.312942178642899, 30.999807220755901 ], [ -85.243632, 31.000884 ], [ -85.240092001068703, 31.000882054945599 ], [ -85.203409978626397, 31.000861899988202 ], [ -85.154452, 31.000835 ], [ -85.152218, 31.000834 ], [ -85.152085, 31.000888 ], [ -85.145835, 31.000695 ], [ -85.128033175869007, 31.0006728235733 ], [ -85.117204774536106, 31.000659334211399 ], [ -85.057534, 31.000585 ], [ -85.054802, 31.000585 ], [ -85.052088, 31.000585 ], [ -85.040800399162706, 31.000618431961598 ], [ -85.031155, 31.000647 ], [ -85.030107, 31.000653 ], [ -85.027512, 31.00067 ], [ -85.024108, 31.000681 ], [ -85.002499, 31.000682 ], [ -85.0019, 31.000681 ], [ -85.001819, 30.997889 ], [ -85.00254, 30.986899 ], [ -85.005934, 30.979804 ], [ -85.005931365002397, 30.9773762888425 ], [ -85.005931339749395, 30.9773530224243 ], [ -85.005931, 30.97704 ], [ -85.005105, 30.974704 ], [ -85.004026, 30.973468 ], [ -84.999928, 30.971186 ], [ -84.999828, 30.971486 ], [ -84.997628, 30.971186 ], [ -84.988027, 30.968786 ], [ -84.984827, 30.967486 ], [ -84.982527, 30.965586 ], [ -84.980127, 30.961286 ], [ -84.979627, 30.958986 ], [ -84.979627, 30.954686 ], [ -84.982227, 30.946886 ], [ -84.983027, 30.942586 ], [ -84.983627, 30.936986 ], [ -84.983127, 30.934786 ], [ -84.980627, 30.932687 ], [ -84.975226, 30.930787 ], [ -84.971026, 30.928187 ], [ -84.969426, 30.921987 ], [ -84.966726, 30.917287 ], [ -84.956125, 30.907587 ], [ -84.952325, 30.902287 ], [ -84.949625, 30.897387 ], [ -84.942525, 30.888488 ], [ -84.939372, 30.887164 ], [ -84.937984122823494, 30.886345922129401 ], [ -84.9349, 30.884528 ], [ -84.934324, 30.881888 ], [ -84.939224, 30.874888 ], [ -84.939324, 30.871488 ], [ -84.933124, 30.865888 ], [ -84.932524, 30.863188 ], [ -84.935325, 30.861287 ], [ -84.936624, 30.858988 ], [ -84.933224, 30.851488 ], [ -84.927824, 30.847889 ], [ -84.925665, 30.842685 ], [ -84.926956, 30.839192 ], [ -84.932324, 30.838089 ], [ -84.935745, 30.833961 ], [ -84.937424, 30.820889 ], [ -84.936824, 30.818489 ], [ -84.930923, 30.810489 ], [ -84.928323, 30.80509 ], [ -84.927923, 30.80279 ], [ -84.929023, 30.79729 ], [ -84.928786135135098, 30.795868810810799 ], [ -84.928323, 30.79309 ], [ -84.926723, 30.79019 ], [ -84.918023, 30.77809 ], [ -84.917423, 30.77589 ], [ -84.918023, 30.77209 ], [ -84.920123, 30.76599 ], [ -84.917238519945798, 30.7632762929269 ], [ -84.915022, 30.761191 ], [ -84.914322, 30.753591 ], [ -84.913522, 30.752291 ], [ -84.911122, 30.751191 ], [ -84.906322, 30.750591 ], [ -84.903122, 30.751791 ], [ -84.900222, 30.751891 ], [ -84.897622, 30.751391 ], [ -84.896122, 30.750591 ], [ -84.887522, 30.741791 ], [ -84.885221, 30.734991 ], [ -84.883821, 30.732591 ], [ -84.875421, 30.727491 ], [ -84.869752, 30.721897 ], [ -84.864693, 30.711542 ], [ -84.863460473114202, 30.711505809267301 ], [ -84.836324, 30.710709 ], [ -84.801135478348598, 30.7091073084699 ], [ -84.725154452477298, 30.705648846452299 ], [ -84.665850977064295, 30.702949503887901 ], [ -84.664746755898705, 30.702899242563898 ], [ -84.644815, 30.701992 ], [ -84.625219988938099, 30.7009074391597 ], [ -84.625208354591095, 30.700906795212301 ], [ -84.606386, 30.699865 ], [ -84.606249, 30.699872 ], [ -84.550802878781099, 30.6973044281551 ], [ -84.53937, 30.696775 ], [ -84.535042, 30.696523 ], [ -84.525889381677501, 30.695959952380001 ], [ -84.474409, 30.692793 ], [ -84.452316866998999, 30.692127154336799 ], [ -84.3807379124476, 30.689969801017401 ], [ -84.3807057284411, 30.6899688310078 ], [ -84.374905, 30.689794 ], [ -84.282561215687096, 30.685321444439801 ], [ -84.282559611875101, 30.685321366761201 ], [ -84.28121, 30.685256 ], [ -84.254117805468695, 30.684294664065 ], [ -84.2499, 30.684145 ], [ -84.155209679999601, 30.679525054704399 ], [ -84.124895, 30.678046 ], [ -84.107699, 30.676818 ], [ -84.083756672127905, 30.675815639460399 ], [ -84.072770293113393, 30.675355687827601 ], [ -84.072743205243995, 30.675354553777002 ], [ -84.057228, 30.674705 ], [ -84.046605, 30.6742 ], [ -84.04181, 30.673878 ], [ -84.039707, 30.673819 ], [ -84.019140235193305, 30.6727230732455 ], [ -84.019093314064506, 30.672720572992301 ], [ -84.007454, 30.6721003570368 ], [ -84.007391, 30.672097 ], [ -83.880317, 30.665807 ], [ -83.88022, 30.665832 ], [ -83.879893510085097, 30.6658134583395 ], [ -83.855216, 30.664412 ], [ -83.820886, 30.662612 ], [ -83.810536, 30.66188 ], [ -83.808755800938897, 30.6617871724733 ], [ -83.743729, 30.6583963847626 ], [ -83.676773, 30.654905 ], [ -83.674058, 30.654747 ], [ -83.642226278666598, 30.6529653909394 ], [ -83.611720001169104, 30.6512579664548 ], [ -83.611667, 30.651255 ], [ -83.5368725669464, 30.6475189916078 ], [ -83.499876, 30.645671 ], [ -83.448943991445404, 30.642413133738099 ], [ -83.448895, 30.64241 ], [ -83.440021, 30.642023 ], [ -83.429584, 30.641496 ], [ -83.429477, 30.641519 ], [ -83.390062, 30.639333 ], [ -83.37946, 30.63868 ], [ -83.357703044293004, 30.637359270341999 ], [ -83.341011, 30.636346 ], [ -83.340851706509696, 30.636336403549102 ], [ -83.311874522532506, 30.6345907068301 ], [ -83.311647, 30.634577 ], [ -83.309455, 30.634417 ], [ -83.309249647018206, 30.634404897255902 ], [ -83.309249067006306, 30.634404863072099 ], [ -83.256218465796195, 30.631279435877399 ], [ -83.187391, 30.627223 ], [ -83.174411, 30.626444 ], [ -83.172415456738406, 30.6263453192892 ], [ -83.172353992102501, 30.626342279829199 ], [ -83.163309, 30.625895 ], [ -83.15617, 30.625504 ], [ -83.136614104996099, 30.623989206681401 ], [ -83.13137, 30.623583 ], [ -83.121409375734004, 30.6230111703921 ], [ -83.1185670928609, 30.6228479977378 ], [ -83.055950701369099, 30.619253252505199 ], [ -83.0557133403709, 30.6192396258446 ], [ -83.023529404516395, 30.617391977853099 ], [ -82.939918, 30.612591929645099 ], [ -82.878779, 30.609082 ], [ -82.877259, 30.609024 ], [ -82.698902, 30.598271 ], [ -82.698618, 30.598232 ], [ -82.689538947229707, 30.597733705994301 ], [ -82.689271, 30.597719 ], [ -82.584001926837999, 30.591795783910101 ], [ -82.569237, 30.590965 ], [ -82.565476, 30.590622 ], [ -82.553159, 30.589934 ], [ -82.545055, 30.589361 ], [ -82.536233, 30.588885 ], [ -82.524899, 30.588189 ], [ -82.4597918101678, 30.5842868523055 ], [ -82.459544, 30.584272 ], [ -82.418915364458101, 30.581745061959399 ], [ -82.374844, 30.579004 ], [ -82.287343, 30.573458 ], [ -82.2581, 30.571559 ], [ -82.249841, 30.570863 ], [ -82.214839, 30.568591 ], [ -82.214818344521504, 30.568516703972598 ], [ -82.214385, 30.566958 ], [ -82.217315, 30.56519 ], [ -82.222826, 30.565595 ], [ -82.228265, 30.56258 ], [ -82.232623, 30.557958 ], [ -82.234427, 30.556593 ], [ -82.234438, 30.549003 ], [ -82.238912, 30.545426 ], [ -82.240403, 30.53777 ], [ -82.236123, 30.531155 ], [ -82.230752, 30.526758 ], [ -82.229399, 30.520823 ], [ -82.230335919001902, 30.517485345804801 ], [ -82.230337782835505, 30.517478706135901 ], [ -82.230377, 30.517339 ], [ -82.226933, 30.510281 ], [ -82.225026, 30.50783 ], [ -82.218514, 30.504187 ], [ -82.212852, 30.498751 ], [ -82.206445, 30.491877 ], [ -82.201416, 30.485164 ], [ -82.200938, 30.474438 ], [ -82.204614, 30.468868 ], [ -82.207708, 30.460503 ], [ -82.207522, 30.456928 ], [ -82.20604, 30.455507 ], [ -82.204823, 30.45184 ], [ -82.203975, 30.444507 ], [ -82.204623035281102, 30.442590508563299 ], [ -82.206486, 30.437081 ], [ -82.20987, 30.432818 ], [ -82.210291, 30.42459 ], [ -82.204151, 30.40133 ], [ -82.196517, 30.389316 ], [ -82.192336, 30.38457 ], [ -82.19294, 30.378779 ], [ -82.188814, 30.376596 ], [ -82.186394, 30.377355 ], [ -82.184633, 30.377165 ], [ -82.183797, 30.373712 ], [ -82.180018, 30.368625 ], [ -82.171976272044404, 30.360350808463 ], [ -82.171508, 30.359869 ], [ -82.170054, 30.358929 ], [ -82.165192, 30.358035 ], [ -82.161757, 30.357851 ], [ -82.158109, 30.359913 ], [ -82.143282, 30.363393 ], [ -82.116385, 30.367335 ], [ -82.104834, 30.368319 ], [ -82.1025, 30.367823 ], [ -82.101416, 30.366556 ], [ -82.101798, 30.365336 ], [ -82.1001294221264, 30.364267180957 ], [ -82.094687, 30.360781 ], [ -82.081106, 30.358806 ], [ -82.068533, 30.359184 ], [ -82.060034, 30.360328 ], [ -82.050069, 30.362338 ], [ -82.049966002925501, 30.362382367234201 ], [ -82.047917, 30.363265 ], [ -82.040746, 30.370158 ], [ -82.036825, 30.377884 ], [ -82.035871, 30.385287 ], [ -82.041164, 30.396841 ], [ -82.04199, 30.403266 ], [ -82.041689901816198, 30.405700210449901 ], [ -82.041164, 30.409966 ], [ -82.039971, 30.41428 ], [ -82.034005, 30.422357 ], [ -82.034464, 30.428048 ], [ -82.036001677469301, 30.431672325401301 ], [ -82.037209, 30.434518 ], [ -82.036203, 30.43846 ], [ -82.030064, 30.444853 ], [ -82.028212, 30.447396 ], [ -82.025457, 30.457755 ], [ -82.023734, 30.467289 ], [ -82.017779, 30.475081 ], [ -82.016982, 30.478779 ], [ -82.017297, 30.487638 ], [ -82.018222, 30.492085 ], [ -82.015892, 30.495499 ], [ -82.01477, 30.513009 ], [ -82.015826, 30.518166 ], [ -82.01699, 30.519358 ], [ -82.017678619748395, 30.520997047005 ], [ -82.018868, 30.523828 ], [ -82.018810640180703, 30.524660226490901 ], [ -82.018361, 30.531184 ], [ -82.013216, 30.550091 ], [ -82.005477, 30.563495 ], [ -82.008091, 30.577018 ], [ -82.012109, 30.593773 ], [ -82.015708, 30.601704 ], [ -82.016503, 30.602484 ], [ -82.0204447747481, 30.603869550062399 ], [ -82.026941, 30.606153 ], [ -82.027338, 30.606726 ], [ -82.026541, 30.613303 ], [ -82.028499, 30.621829 ], [ -82.033927, 30.629603 ], [ -82.037609, 30.633271 ], [ -82.039941, 30.637144 ], [ -82.039092, 30.641132 ], [ -82.039595, 30.643309 ], [ -82.042271, 30.649452 ], [ -82.046114, 30.651767 ], [ -82.049507, 30.655548 ], [ -82.048843, 30.660678 ], [ -82.047179, 30.662904 ], [ -82.046994, 30.665926 ], [ -82.048473, 30.668947 ], [ -82.050432, 30.676266 ], [ -82.043541, 30.684734 ], [ -82.04142, 30.693592 ], [ -82.043014, 30.698257 ], [ -82.036426, 30.706585 ], [ -82.036633342495193, 30.7101218899716 ], [ -82.036804, 30.713033 ], [ -82.038536, 30.715918 ], [ -82.037563, 30.71864 ], [ -82.039154, 30.723178 ], [ -82.040039, 30.724585 ], [ -82.044456, 30.726152 ], [ -82.044792, 30.728481 ], [ -82.039421, 30.737194 ], [ -82.039634, 30.747727 ], [ -82.038665, 30.751087 ], [ -82.036773, 30.754434 ], [ -82.0348, 30.754449 ], [ -82.031884, 30.750476 ], [ -82.027141, 30.751128 ], [ -82.023731, 30.753507 ], [ -82.018839, 30.754595 ], [ -82.018864, 30.756574 ], [ -82.013923, 30.760902 ], [ -82.011375, 30.7626 ], [ -82.01516, 30.771971 ], [ -82.018449, 30.772759 ], [ -82.01796, 30.774943 ], [ -82.023269, 30.782693 ], [ -82.023759, 30.785263 ], [ -82.021972, 30.788233 ], [ -82.018753, 30.788002 ], [ -82.016200178441395, 30.7911777631105 ], [ -82.015868, 30.791591 ], [ -82.012505, 30.789333 ], [ -82.008053, 30.792053 ], [ -82.004754, 30.791389 ], [ -81.994972, 30.786073 ], [ -81.992099, 30.782996 ], [ -81.983423, 30.778124 ], [ -81.978869324960002, 30.776935459663299 ], [ -81.978797628874901, 30.776916746494599 ], [ -81.977722, 30.776636 ], [ -81.973442, 30.778828 ], [ -81.970827, 30.783856 ], [ -81.969955, 30.789076 ], [ -81.966621, 30.793915 ], [ -81.962898, 30.795847 ], [ -81.961723, 30.800993 ], [ -81.964501, 30.807452 ], [ -81.962441, 30.808441 ], [ -81.962739, 30.813636 ], [ -81.963928, 30.8181 ], [ -81.962863379582402, 30.818702158526399 ], [ -81.955705, 30.822751 ], [ -81.949501, 30.827867 ], [ -81.943695, 30.825981 ], [ -81.938788, 30.828836 ], [ -81.936976, 30.828511 ], [ -81.93621, 30.825417 ], [ -81.932808, 30.82041 ], [ -81.92705, 30.817569 ], [ -81.918728, 30.817493 ], [ -81.910916, 30.816125 ], [ -81.904533, 30.817743 ], [ -81.904091, 30.82041 ], [ -81.906718, 30.82339 ], [ -81.90727, 30.825555 ], [ -81.904823, 30.828276 ], [ -81.901443, 30.829922 ], [ -81.894851, 30.825167 ], [ -81.892906, 30.825513 ], [ -81.891021, 30.82247 ], [ -81.891495, 30.816752 ], [ -81.889099, 30.81356 ], [ -81.884819, 30.811529 ], [ -81.881492, 30.799917 ], [ -81.87619, 30.799805 ], [ -81.870353, 30.797483 ], [ -81.870407, 30.794819 ], [ -81.868263, 30.79285 ], [ -81.863739, 30.794275 ], [ -81.853508, 30.794628 ], [ -81.845638, 30.790721 ], [ -81.841185, 30.792269 ], [ -81.840622023550097, 30.791865043671802 ], [ -81.839691, 30.791197 ], [ -81.841774, 30.787853 ], [ -81.840729424509703, 30.787335871161901 ], [ -81.839243, 30.7866 ], [ -81.828491, 30.789356 ], [ -81.823702, 30.786831 ], [ -81.819213, 30.789911 ], [ -81.807449, 30.790119 ], [ -81.802398, 30.787197 ], [ -81.798453, 30.782251 ], [ -81.79675, 30.783055 ], [ -81.796608, 30.78562 ], [ -81.794417, 30.787004 ], [ -81.792583, 30.785477 ], [ -81.791817156642097, 30.7843937963823 ], [ -81.788189205795504, 30.779262447469598 ], [ -81.783676, 30.772879 ], [ -81.786697, 30.769802 ], [ -81.782585, 30.766073 ], [ -81.783523, 30.762465 ], [ -81.78215, 30.761341 ], [ -81.771949, 30.763811 ], [ -81.771569, 30.765158 ], [ -81.773483, 30.766996 ], [ -81.772468, 30.77124 ], [ -81.770356, 30.773482 ], [ -81.771302, 30.776324 ], [ -81.769637, 30.777116 ], [ -81.76172, 30.775698 ], [ -81.760467, 30.774654 ], [ -81.758529, 30.771083 ], [ -81.758208792987105, 30.7708740320261 ], [ -81.754879, 30.768701 ], [ -81.750038, 30.767111 ], [ -81.744038, 30.766396 ], [ -81.740753, 30.765007 ], [ -81.740387, 30.763599 ], [ -81.742141, 30.761953 ], [ -81.742744, 30.760588 ], [ -81.741996, 30.759071 ], [ -81.73234, 30.755296 ], [ -81.731353, 30.754007 ], [ -81.732955, 30.752016 ], [ -81.732841, 30.750486 ], [ -81.729301, 30.748255 ], [ -81.724457, 30.746546 ], [ -81.719927, 30.744634 ], [ -81.711385754267894, 30.747273863427001 ], [ -81.709114, 30.747976 ], [ -81.702468, 30.74544 ], [ -81.694778, 30.748414 ], [ -81.692413, 30.747637 ], [ -81.691047, 30.74328 ], [ -81.688426, 30.741482 ], [ -81.680091, 30.7416 ], [ -81.672824, 30.738935 ], [ -81.670124, 30.740235 ], [ -81.668838, 30.742514 ], [ -81.669075, 30.744986 ], [ -81.672468, 30.748435 ], [ -81.679306, 30.744745 ], [ -81.682357, 30.745485 ], [ -81.683096, 30.748492 ], [ -81.678435, 30.75107 ], [ -81.669844, 30.751669 ], [ -81.663345, 30.754402 ], [ -81.660835, 30.753193 ], [ -81.659774, 30.749441 ], [ -81.663544, 30.745728 ], [ -81.662689, 30.74304 ], [ -81.659886, 30.74218 ], [ -81.654632, 30.744385 ], [ -81.654339801378498, 30.744222160143199 ], [ -81.6543373089185, 30.744220771116002 ], [ -81.652328, 30.743101 ], [ -81.651504, 30.740677 ], [ -81.65409, 30.733093 ], [ -81.653133, 30.729799 ], [ -81.649024, 30.727499 ], [ -81.646137, 30.727591 ], [ -81.641915, 30.728922 ], [ -81.638058, 30.733368 ], [ -81.635047, 30.733276 ], [ -81.632843, 30.728762 ], [ -81.630692, 30.728095 ], [ -81.629142, 30.728725 ], [ -81.628331, 30.735394 ], [ -81.624920466755498, 30.736207711084301 ], [ -81.624366, 30.73634 ], [ -81.620823, 30.73162 ], [ -81.621127, 30.728832 ], [ -81.623542, 30.72468 ], [ -81.621139, 30.72254 ], [ -81.615066, 30.722691 ], [ -81.613044, 30.720451 ], [ -81.610656, 30.716217 ], [ -81.60762, 30.716373 ], [ -81.605827, 30.71969 ], [ -81.606018, 30.726219 ], [ -81.604293, 30.728939 ], [ -81.600877, 30.729444 ], [ -81.596452, 30.72725 ], [ -81.596092, 30.724615 ], [ -81.597106, 30.719326 ], [ -81.593841, 30.718481 ], [ -81.589292, 30.722839 ], [ -81.58682, 30.723735 ], [ -81.576155771602501, 30.722596212462602 ], [ -81.573719, 30.722336 ], [ -81.572439534816894, 30.721946597553 ], [ -81.571419, 30.721636 ], [ -81.568412, 30.718979 ], [ -81.566664585349102, 30.7185133760787 ], [ -81.563796, 30.717749 ], [ -81.563461, 30.713423 ], [ -81.560709, 30.711689 ], [ -81.556149, 30.71375 ], [ -81.552566, 30.716974 ], [ -81.549301, 30.718292 ], [ -81.548961906672602, 30.718158478696001 ], [ -81.546096, 30.71703 ], [ -81.544679, 30.713969 ], [ -81.541595, 30.710062 ], [ -81.538391, 30.708656 ], [ -81.535148, 30.709702 ], [ -81.533813, 30.712055 ], [ -81.533963, 30.714727 ], [ -81.534517, 30.717936 ], [ -81.534248, 30.72097 ], [ -81.533366, 30.723433 ], [ -81.531156, 30.724219 ], [ -81.526245, 30.723392 ], [ -81.521417, 30.722536 ], [ -81.516116, 30.722236 ], [ -81.507216, 30.722936 ], [ -81.489537, 30.7261 ], [ -81.487332, 30.726081 ], [ -81.483786, 30.723891 ], [ -81.475754, 30.714754 ], [ -81.472597, 30.713312 ], [ -81.465385817239394, 30.7113017010184 ], [ -81.464465, 30.711045 ], [ -81.459978, 30.710434 ], [ -81.448718, 30.709353 ], [ -81.444124, 30.709714 ], [ -81.438045, 30.705045 ], [ -81.432725, 30.703017 ], [ -81.429193, 30.700722 ], [ -81.426950830381301, 30.7005411258449 ], [ -81.425846, 30.700452 ], [ -81.427599, 30.692279 ], [ -81.427866, 30.683693 ], [ -81.429174, 30.670814 ], [ -81.429832813339104, 30.6672551661798 ], [ -81.432051355013002, 30.655270859439799 ], [ -81.432145, 30.654765 ], [ -81.435519999803901, 30.638565969576099 ], [ -81.437023, 30.631352 ], [ -81.438233114857198, 30.623899572559601 ], [ -81.441208164500296, 30.605577888906399 ], [ -81.441889, 30.601385 ], [ -81.443224399306501, 30.573949825017898 ], [ -81.443393, 30.570486 ], [ -81.441892, 30.552729 ], [ -81.439616, 30.541568 ], [ -81.435829, 30.526071 ], [ -81.437594, 30.518685 ], [ -81.441296, 30.51746 ], [ -81.4454861920144, 30.521877328340398 ], [ -81.446609, 30.523061 ], [ -81.455524, 30.522603 ], [ -81.455549587708802, 30.522016137622401 ], [ -81.455926, 30.513383 ], [ -81.443699, 30.498788 ], [ -81.432395, 30.487224 ], [ -81.415589, 30.484758 ], [ -81.413197, 30.482909 ], [ -81.412396, 30.468205 ], [ -81.410159, 30.453465 ], [ -81.408278, 30.44066 ], [ -81.408082, 30.434638 ], [ -81.412475, 30.422891 ], [ -81.40371, 30.409094 ], [ -81.403678, 30.40477 ], [ -81.410013, 30.403518 ], [ -81.411316892991195, 30.402406198386899 ], [ -81.411581, 30.402181 ], [ -81.410463, 30.400514 ], [ -81.404811, 30.397206 ], [ -81.402998, 30.394585 ], [ -81.394733, 30.396503 ], [ -81.393469, 30.395553 ], [ -81.397098772055401, 30.381330490714799 ], [ -81.397569, 30.379488 ], [ -81.398048, 30.361697 ], [ -81.397994005263897, 30.360801155627701 ], [ -81.396515966389899, 30.336278528000999 ], [ -81.396203, 30.331086 ], [ -81.395167107320802, 30.324632541052299 ], [ -81.393541888600097, 30.3145076675928 ], [ -81.392448717656094, 30.307697373484899 ], [ -81.391922, 30.304416 ], [ -81.390829100865901, 30.300361823052398 ], [ -81.388293, 30.290954 ], [ -81.387788177903303, 30.288692720900102 ], [ -81.386900151919093, 30.2847149342474 ], [ -81.385716311159399, 30.279412087194601 ], [ -81.384503221400607, 30.273978223392199 ], [ -81.38449, 30.273919 ], [ -81.382683755034705, 30.265252468492399 ], [ -81.380924, 30.256809 ], [ -81.379876912819896, 30.2529135364396 ], [ -81.370847970884896, 30.2193232920309 ], [ -81.368581521970697, 30.210891454334501 ], [ -81.355591, 30.162563 ], [ -81.355570717439093, 30.162478317707201 ], [ -81.330832, 30.059191 ], [ -81.325011, 30.032466 ], [ -81.322840833345595, 30.024104454954401 ], [ -81.32191, 30.020518 ], [ -81.316895, 30.001113 ], [ -81.308978, 29.96944 ], [ -81.306450512927796, 29.961424457369301 ], [ -81.303434192762495, 29.951858654584601 ], [ -81.299687, 29.939975 ], [ -81.299630164292694, 29.939828878599201 ], [ -81.295268, 29.928614 ], [ -81.291517450658802, 29.920632869024399 ], [ -81.288955, 29.91518 ], [ -81.287576643370102, 29.9138478840175 ], [ -81.285507483492196, 29.911848139623299 ], [ -81.281801, 29.908266 ], [ -81.277367, 29.90398 ], [ -81.275113, 29.898838 ], [ -81.275088, 29.893764 ], [ -81.272909, 29.883717 ], [ -81.272011017277705, 29.880950426440101 ], [ -81.270572081371796, 29.876517243114201 ], [ -81.270535, 29.876403 ], [ -81.269995, 29.87273 ], [ -81.266823046236993, 29.861244247331602 ], [ -81.266591, 29.860404 ], [ -81.266366920265199, 29.860041224878099 ], [ -81.266205420111902, 29.859779763314702 ], [ -81.266062431387596, 29.859548270931199 ], [ -81.265557, 29.85873 ], [ -81.265346, 29.852341 ], [ -81.26494, 29.845341 ], [ -81.264870332914498, 29.844717839252102 ], [ -81.264274336727695, 29.8393867503057 ], [ -81.2635451421651, 29.832864223553699 ], [ -81.263526, 29.832693 ], [ -81.262415910471503, 29.822055141288299 ], [ -81.262229, 29.820264 ], [ -81.262141391345196, 29.819521076486399 ], [ -81.261696256794394, 29.815746324717001 ], [ -81.261538489200206, 29.814408451698299 ], [ -81.261093695006096, 29.810636586162499 ], [ -81.260577, 29.806255 ], [ -81.2593235305918, 29.799845411430599 ], [ -81.258277, 29.794494 ], [ -81.256221813510606, 29.786525531880301 ], [ -81.256053, 29.785871 ], [ -81.253877, 29.776852 ], [ -81.252228550893193, 29.772290518030498 ], [ -81.251819792592201, 29.771159428443301 ], [ -81.240367, 29.739468 ], [ -81.239604960259399, 29.7378048979411 ], [ -81.237012615749904, 29.732147275035601 ], [ -81.230482460849203, 29.717895637644499 ], [ -81.229015, 29.714693 ], [ -81.226683, 29.711215 ], [ -81.226375458417607, 29.708431613793302 ], [ -81.226227, 29.707088 ], [ -81.225801011876797, 29.705925872306601 ], [ -81.224528, 29.702453 ], [ -81.212877842669897, 29.670666934702702 ], [ -81.211565, 29.667085 ], [ -81.209550012967796, 29.662390404400199 ], [ -81.194352374588803, 29.626982352078901 ], [ -81.189816765292306, 29.616415112138501 ], [ -81.176140266195205, 29.584551069612601 ], [ -81.163581, 29.55529 ], [ -81.148431743185597, 29.524436058157399 ], [ -81.148245167548794, 29.524056066325599 ], [ -81.141050918909997, 29.509403801081199 ], [ -81.1336887081019, 29.4944094533788 ], [ -81.126527116399004, 29.479823699331 ], [ -81.123896, 29.474465 ], [ -81.115225, 29.456271 ], [ -81.114124439652699, 29.453760372431301 ], [ -81.111429832735098, 29.447613363382199 ], [ -81.111214, 29.447121 ], [ -81.101909782421401, 29.427054729961299 ], [ -81.101596, 29.426378 ], [ -81.077271076472599, 29.373880848131499 ], [ -81.073589892635695, 29.365936253085799 ], [ -81.070651300122904, 29.359594291218901 ], [ -81.070516991553504, 29.3593044314233 ], [ -81.067843683000504, 29.353534995604001 ], [ -81.063948871221498, 29.345129356621001 ], [ -81.059989650877, 29.336584713450002 ], [ -81.058917881304495, 29.334271659928699 ], [ -81.058869986244005, 29.334168294577601 ], [ -81.057054813967994, 29.330250856788702 ], [ -81.056255121401406, 29.328524989816501 ], [ -81.055646956483002, 29.327212470743401 ], [ -81.054301266904702, 29.324308253179002 ], [ -81.051070628119305, 29.317336007829098 ], [ -81.046688508496104, 29.3078786790484 ], [ -81.046678, 29.307856 ], [ -81.043543732994493, 29.301630604890502 ], [ -81.043073615734102, 29.300696840891302 ], [ -81.037654796363, 29.289933784791099 ], [ -81.035885464279204, 29.286419473061201 ], [ -81.033120263782195, 29.280927131272801 ], [ -81.027086979168999, 29.2689436019628 ], [ -81.026992674659994, 29.268756290917398 ], [ -81.020493435621603, 29.255847265982801 ], [ -81.020420771938404, 29.255702938732799 ], [ -81.013944765465496, 29.2428400591645 ], [ -81.009830059494504, 29.234667280526299 ], [ -81.006219752508002, 29.227496357494498 ], [ -81.006115057897105, 29.2272884092509 ], [ -81.0027284651526, 29.220561835582401 ], [ -81.002662119823398, 29.220430058076701 ], [ -80.998819691324101, 29.212798086854399 ], [ -80.995423115430299, 29.206051684291701 ], [ -80.992962264832997, 29.201163853342099 ], [ -80.982433615168105, 29.1802514664843 ], [ -80.974996840257205, 29.165480273704599 ], [ -80.968028224049803, 29.151638954767201 ], [ -80.966176, 29.14796 ], [ -80.962532004512497, 29.141758688596699 ], [ -80.959765896487895, 29.137051356413 ], [ -80.951113058050097, 29.122326051220298 ], [ -80.944376, 29.110861 ], [ -80.938297065714295, 29.102757578906399 ], [ -80.929939, 29.091616 ], [ -80.924098846783494, 29.085229694169598 ], [ -80.917877, 29.078426 ], [ -80.914163592913596, 29.075487450625701 ], [ -80.9135103178197, 29.074970491112801 ], [ -80.912222, 29.073951 ], [ -80.909586, 29.070925 ], [ -80.907275, 29.064262 ], [ -80.905458069666693, 29.060763755997002 ], [ -80.894063844520005, 29.038825776836202 ], [ -80.893087, 29.036945 ], [ -80.889352443188798, 29.030671003941901 ], [ -80.889281559552501, 29.0305519205601 ], [ -80.882162960904196, 29.018592788026801 ], [ -80.877994, 29.011589 ], [ -80.877079311104893, 29.010218339098 ], [ -80.874838678087599, 29.006860751519 ], [ -80.866137172962596, 28.993821549962998 ], [ -80.804084544915995, 28.9008357144602 ], [ -80.801241855757695, 28.8965759460221 ], [ -80.790579296837194, 28.880598106226401 ], [ -80.787021, 28.875266 ], [ -80.739857, 28.801569 ], [ -80.732924824986895, 28.7912445868159 ], [ -80.709725, 28.756692 ], [ -80.647288, 28.677875 ], [ -80.643404, 28.673585 ], [ -80.627549410910007, 28.650337480474601 ], [ -80.622386459268697, 28.642767065473102 ], [ -80.622223132318595, 28.642527579830201 ], [ -80.61679, 28.634561 ], [ -80.595297, 28.609486 ], [ -80.583884, 28.597705 ], [ -80.57424, 28.585339 ], [ -80.570318, 28.573651 ], [ -80.569025833306696, 28.568713935643899 ], [ -80.567361, 28.562353 ], [ -80.564138, 28.543067 ], [ -80.560973, 28.530736 ], [ -80.554184, 28.513817 ], [ -80.545727, 28.498791 ], [ -80.536115, 28.478647 ], [ -80.525094, 28.459454 ], [ -80.525224, 28.455029 ], [ -80.526732, 28.451705 ], [ -80.528962, 28.449696 ], [ -80.535854, 28.446979 ], [ -80.53924, 28.446886 ], [ -80.542281, 28.445714 ], [ -80.557602, 28.439142 ], [ -80.563782, 28.435798 ], [ -80.572814, 28.427751 ], [ -80.578105, 28.423075 ], [ -80.582747, 28.416862 ], [ -80.5847, 28.411843 ], [ -80.586826038216898, 28.409893231464299 ], [ -80.58903, 28.407872 ], [ -80.589801424675002, 28.4059808868438 ], [ -80.594149, 28.395323 ], [ -80.5954669981015, 28.3914749477876 ], [ -80.597508, 28.385516 ], [ -80.598315803054902, 28.3823859421965 ], [ -80.598957199968496, 28.379900671309901 ], [ -80.598961774444604, 28.3798829462289 ], [ -80.599085860685804, 28.379402139545601 ], [ -80.601220074471499, 28.3711325341345 ], [ -80.601638139141599, 28.369512626193998 ], [ -80.60202, 28.368033 ], [ -80.603757788307504, 28.3578751035412 ], [ -80.604276, 28.354846 ], [ -80.606204, 28.339014 ], [ -80.606792, 28.32706 ], [ -80.606731958936606, 28.320144811839601 ], [ -80.606683, 28.314506 ], [ -80.606804518940706, 28.2987936009694 ], [ -80.606823, 28.296404 ], [ -80.606225193661203, 28.2892942303979 ], [ -80.6047702925853, 28.271990948762401 ], [ -80.603418, 28.255908 ], [ -80.603339, 28.252555 ], [ -80.598154, 28.221875 ], [ -80.596738051166398, 28.212644362127602 ], [ -80.596079649237197, 28.208352208598502 ], [ -80.595316246899102, 28.203375552404399 ], [ -80.594486103120403, 28.1979638055804 ], [ -80.594164, 28.195864 ], [ -80.592088385723102, 28.187007583293301 ], [ -80.589975, 28.17799 ], [ -80.589968866213098, 28.177967349337202 ], [ -80.588434049462293, 28.172299624476999 ], [ -80.586366438101393, 28.164664411800999 ], [ -80.584450420507196, 28.157589 ], [ -80.583372783367096, 28.1536095341737 ], [ -80.5810909908691, 28.145183399874501 ], [ -80.580438816905499, 28.142775071593999 ], [ -80.579338354426994, 28.1387113170486 ], [ -80.572499506867999, 28.113457027698001 ], [ -80.571995, 28.111594 ], [ -80.567001, 28.096263 ], [ -80.566770365369393, 28.0956123762723 ], [ -80.565430891663198, 28.0918337009991 ], [ -80.563375, 28.086034 ], [ -80.560252015569901, 28.077998055457002 ], [ -80.559896897150097, 28.077084278269901 ], [ -80.557853, 28.071825 ], [ -80.553724919921805, 28.062484296109101 ], [ -80.5510738697633, 28.0564857025592 ], [ -80.548397749329297, 28.0504303819074 ], [ -80.547675, 28.048795 ], [ -80.544642988239801, 28.0424194472957 ], [ -80.544588425206001, 28.0423047150569 ], [ -80.544382713427296, 28.0418721552943 ], [ -80.539954990365104, 28.032561775264199 ], [ -80.536040491302401, 28.024330575302301 ], [ -80.530964, 28.013656 ], [ -80.524253, 28.000503 ], [ -80.514033, 27.980899 ], [ -80.511058334606503, 27.974893195519101 ], [ -80.508871, 27.970477 ], [ -80.492826, 27.940534 ], [ -80.473909, 27.908303 ], [ -80.466979, 27.896483 ], [ -80.457768, 27.879893 ], [ -80.446973, 27.861954 ], [ -80.447084104974493, 27.860755037095501 ], [ -80.447179, 27.859731 ], [ -80.428337, 27.823744 ], [ -80.415994, 27.798704 ], [ -80.414628505419202, 27.7963116632686 ], [ -80.404187338650999, 27.778018813828101 ], [ -80.4037, 27.777165 ], [ -80.399756577072395, 27.769418398430101 ], [ -80.396636591546795, 27.763289386854499 ], [ -80.395377, 27.760815 ], [ -80.391492, 27.754863 ], [ -80.387704525570001, 27.747553238508399 ], [ -80.384408, 27.741191 ], [ -80.381388408719303, 27.7340954638846 ], [ -80.380509, 27.732029 ], [ -80.378775, 27.725162 ], [ -80.371963, 27.704722 ], [ -80.367360034816002, 27.6921465008704 ], [ -80.364626, 27.684677 ], [ -80.363342057009604, 27.679879893808199 ], [ -80.362381505685903, 27.676291053231701 ], [ -80.361703, 27.673756 ], [ -80.359047, 27.667119 ], [ -80.358180773080704, 27.662296411058499 ], [ -80.357926, 27.660878 ], [ -80.355178686570696, 27.6535017571439 ], [ -80.355073, 27.653218 ], [ -80.351423, 27.639986 ], [ -80.350977, 27.632335 ], [ -80.350866830553599, 27.632015333006301 ], [ -80.348091, 27.623961 ], [ -80.346403491794803, 27.620845569085098 ], [ -80.346077777945595, 27.620244245197 ], [ -80.344901924490003, 27.618073417110999 ], [ -80.343924, 27.616268 ], [ -80.339216203158898, 27.6101409238656 ], [ -80.335784, 27.605674 ], [ -80.332302, 27.599882 ], [ -80.331699030662193, 27.598295772323699 ], [ -80.330875, 27.596128 ], [ -80.324876, 27.568677 ], [ -80.321559315290898, 27.557363775768302 ], [ -80.3214531513823, 27.557001650269701 ], [ -80.319387, 27.549954 ], [ -80.311713, 27.525306 ], [ -80.300587, 27.500597 ], [ -80.297757, 27.49151 ], [ -80.296335, 27.485987 ], [ -80.29323, 27.478742 ], [ -80.290739, 27.474293 ], [ -80.291198, 27.473175 ], [ -80.291368886003596, 27.473136757294601 ], [ -80.296015, 27.472097 ], [ -80.29658, 27.470981 ], [ -80.296395182391606, 27.4707211486561 ], [ -80.295745, 27.469807 ], [ -80.291395, 27.470308 ], [ -80.290749, 27.469845 ], [ -80.290742422981296, 27.4696724956761 ], [ -80.290622, 27.466514 ], [ -80.287064303617598, 27.4578041165482 ], [ -80.282712760836603, 27.447150753702001 ], [ -80.280481, 27.441687 ], [ -80.278392, 27.435864 ], [ -80.277081, 27.433497 ], [ -80.270211, 27.415634 ], [ -80.261462, 27.394353 ], [ -80.253665, 27.37979 ], [ -80.233538, 27.341307 ], [ -80.233002, 27.338507 ], [ -80.231675, 27.334935 ], [ -80.226753, 27.322736 ], [ -80.219744336600201, 27.307053252164899 ], [ -80.209099, 27.283233 ], [ -80.203807, 27.272309 ], [ -80.199435143636606, 27.263023139554001 ], [ -80.19309, 27.249546 ], [ -80.174311228501793, 27.215853486886999 ], [ -80.16147, 27.192814 ], [ -80.159826, 27.188392 ], [ -80.160029, 27.186768 ], [ -80.157773, 27.179223 ], [ -80.153375, 27.169308 ], [ -80.156590201806395, 27.1645578680799 ], [ -80.157556, 27.163131 ], [ -80.155785, 27.158526 ], [ -80.150719, 27.147297 ], [ -80.14982, 27.143557 ], [ -80.145287, 27.132194 ], [ -80.143581, 27.125735 ], [ -80.142085, 27.11979 ], [ -80.138605, 27.111517 ], [ -80.133736, 27.101863 ], [ -80.131963552915394, 27.098920542210699 ], [ -80.131324034265802, 27.097858870667402 ], [ -80.126669, 27.090131 ], [ -80.125072533841205, 27.0872703623461 ], [ -80.116772, 27.072397 ], [ -80.115106, 27.066627 ], [ -80.111729, 27.06053 ], [ -80.093909, 27.018587 ], [ -80.088859210820999, 26.998011149249699 ], [ -80.086174, 26.98707 ], [ -80.081008, 26.974165 ], [ -80.079948827411002, 26.970517031478799 ], [ -80.077863552006605, 26.9633349922976 ], [ -80.077450007718397, 26.961910676221901 ], [ -80.076584, 26.958928 ], [ -80.075676519439796, 26.956403333662699 ], [ -80.074270675478303, 26.952492189909002 ], [ -80.073964, 26.951639 ], [ -80.072790268557299, 26.949179703085299 ], [ -80.070616, 26.944624 ], [ -80.070839904205201, 26.944142426060498 ], [ -80.071425, 26.942884 ], [ -80.070959067654499, 26.941314755300301 ], [ -80.068528, 26.933127 ], [ -80.067321292585106, 26.927589324494399 ], [ -80.066715, 26.924807 ], [ -80.066707713068695, 26.924783549354899 ], [ -80.066705900088095, 26.9247777148598 ], [ -80.066180967707098, 26.923088388796899 ], [ -80.065061147397699, 26.919484607237401 ], [ -80.062605444245406, 26.911581716335199 ], [ -80.061357, 26.907564 ], [ -80.057717582853002, 26.8964093435786 ], [ -80.056896896328396, 26.8938939748145 ], [ -80.053598, 26.883783 ], [ -80.053077465892898, 26.882041144559199 ], [ -80.048722379630306, 26.867467785007001 ], [ -80.046263, 26.859238 ], [ -80.046225538504899, 26.859079870305401 ], [ -80.040595752660494, 26.8353158343463 ], [ -80.039711058236193, 26.8315814276223 ], [ -80.035887390792794, 26.815441245183099 ], [ -80.035595296056798, 26.814208276469898 ], [ -80.031600318244699, 26.797344971362602 ], [ -80.031362, 26.796339 ], [ -80.031380585566197, 26.795729393427301 ], [ -80.031472, 26.792731 ], [ -80.031848080179202, 26.790318476333098 ], [ -80.03233, 26.787227 ], [ -80.031372, 26.783726 ], [ -80.031482174082001, 26.7818522974415 ], [ -80.031965, 26.773641 ], [ -80.035644, 26.773798 ], [ -80.035811188149097, 26.773112142345301 ], [ -80.037462, 26.76634 ], [ -80.0363369158501, 26.755251092578099 ], [ -80.035732, 26.749289 ], [ -80.034762, 26.736541 ], [ -80.034885, 26.72793 ], [ -80.034722718929004, 26.725578658242299 ], [ -80.034469059765698, 26.721903310408301 ], [ -80.034417, 26.721149 ], [ -80.033996987268196, 26.719027852036401 ], [ -80.033162, 26.714811 ], [ -80.033147173419906, 26.711721096445999 ], [ -80.033127380304705, 26.7075961521663 ], [ -80.033095, 26.700848 ], [ -80.033101993792997, 26.7007419386048 ], [ -80.033828, 26.689732 ], [ -80.034552, 26.686397 ], [ -80.035763, 26.676043 ], [ -80.036194425847697, 26.6652756588975 ], [ -80.036631850422495, 26.654358604138999 ], [ -80.036927930464103, 26.646969165562901 ], [ -80.036965, 26.646044 ], [ -80.036846, 26.63436 ], [ -80.036693818469303, 26.630492906343701 ], [ -80.036452012944395, 26.624348372198899 ], [ -80.036103139148906, 26.615483120056201 ], [ -80.036094348237498, 26.615259733698601 ], [ -80.036014, 26.613218 ], [ -80.036035925027406, 26.611599202144799 ], [ -80.036158, 26.602586 ], [ -80.036296505371396, 26.600884048043799 ], [ -80.036491412895202, 26.598489027273601 ], [ -80.036885946839604, 26.593641 ], [ -80.037518924739899, 26.585862976920101 ], [ -80.037670849590995, 26.583996126597 ], [ -80.038863, 26.569347 ], [ -80.041627, 26.554448 ], [ -80.042063, 26.545448 ], [ -80.042182731243798, 26.5451320800784 ], [ -80.044899, 26.537965 ], [ -80.050230919225598, 26.510235897380099 ], [ -80.050363, 26.509549 ], [ -80.050425296564597, 26.5091499967339 ], [ -80.050701178582599, 26.507383 ], [ -80.051083914886206, 26.5049316122536 ], [ -80.051361704245394, 26.503152399190899 ], [ -80.055628851916794, 26.475821745120399 ], [ -80.057835069128203, 26.461691144528899 ], [ -80.058812, 26.455434 ], [ -80.058695222109407, 26.454335631246199 ], [ -80.058563, 26.453092 ], [ -80.059809, 26.444511 ], [ -80.061643, 26.432982 ], [ -80.061721340764606, 26.432134586101501 ], [ -80.062018870484806, 26.4289162001016 ], [ -80.062252088633002, 26.4263934738917 ], [ -80.065332, 26.393078 ], [ -80.066307, 26.391716 ], [ -80.066350696200701, 26.390921450414499 ], [ -80.066602395369898, 26.386344680184301 ], [ -80.067286873252101, 26.373898481000801 ], [ -80.067509900361202, 26.369843068992299 ], [ -80.067555, 26.369023 ], [ -80.067833321042599, 26.366010584009398 ], [ -80.068328028676603, 26.3606561013831 ], [ -80.069251605055697, 26.350659745279501 ], [ -80.070564, 26.336455 ], [ -80.071461605843098, 26.335874724222599 ], [ -80.072264, 26.335356 ], [ -80.074837245101904, 26.321031602266299 ], [ -80.075264, 26.318656 ], [ -80.075612407322694, 26.314544324101998 ], [ -80.076051237188906, 26.309365540342402 ], [ -80.076389288000499, 26.305376085230801 ], [ -80.079865, 26.264358 ], [ -80.080234, 26.258726 ], [ -80.081363845743894, 26.258141276983601 ], [ -80.08206, 26.257781 ], [ -80.08355, 26.256519 ], [ -80.084389256376795, 26.252211450948302 ], [ -80.084965965463994, 26.249251446412501 ], [ -80.085051, 26.248815 ], [ -80.087259, 26.241274 ], [ -80.088802, 26.232198 ], [ -80.088826414916397, 26.2318467612515 ], [ -80.088834443081097, 26.231731266179199 ], [ -80.089215399311499, 26.226250739961699 ], [ -80.089514, 26.221955 ], [ -80.090472410565198, 26.216820963029299 ], [ -80.090519861095004, 26.2165667788802 ], [ -80.090635, 26.21595 ], [ -80.091408777987695, 26.212261953420299 ], [ -80.092195, 26.208514595070401 ], [ -80.092907, 26.205121 ], [ -80.092940234606402, 26.2048700959126 ], [ -80.093316034646804, 26.202033 ], [ -80.093393483968597, 26.2014482976831 ], [ -80.093873308420996, 26.1978258712684 ], [ -80.094293517463001, 26.194653510365001 ], [ -80.09493, 26.189848396447299 ], [ -80.094954478301801, 26.189663597930899 ], [ -80.095936003709994, 26.1822535888174 ], [ -80.096747427594295, 26.1761277582203 ], [ -80.097210468470095, 26.172632039127102 ], [ -80.097879398828994, 26.167581960938399 ], [ -80.098027637368403, 26.166462836646101 ], [ -80.09803, 26.166445 ], [ -80.099614920160306, 26.1575687819679 ], [ -80.101366, 26.147762 ], [ -80.102560855977003, 26.138051875431401 ], [ -80.102922, 26.135117 ], [ -80.10292, 26.130573 ], [ -80.103702, 26.121924 ], [ -80.103920142052701, 26.114096323160499 ], [ -80.103985, 26.111769 ], [ -80.104070415275402, 26.110164961375201 ], [ -80.104527887848704, 26.101573949125399 ], [ -80.104864, 26.095262 ], [ -80.106834437293998, 26.093307386969499 ], [ -80.107977, 26.092174 ], [ -80.108775, 26.090088 ], [ -80.108994, 26.087258 ], [ -80.109107, 26.081011 ], [ -80.110207, 26.072568 ], [ -80.110595, 26.06828 ], [ -80.111050708510206, 26.059228305963401 ], [ -80.111091, 26.058428 ], [ -80.111543639615803, 26.0548550431478 ], [ -80.112482, 26.047448 ], [ -80.114117893197502, 26.025153474331798 ], [ -80.114983894438495, 26.013351305994899 ], [ -80.115170830929003, 26.010803670005199 ], [ -80.115656654262807, 26.004182699393301 ], [ -80.116101, 25.998127 ], [ -80.116176856143696, 25.997386841533199 ], [ -80.116662948248404, 25.992643848156099 ], [ -80.117242183870005, 25.9869920165584 ], [ -80.117284, 25.986584 ], [ -80.117896144945604, 25.975247919944898 ], [ -80.118009, 25.973158 ], [ -80.118187067513801, 25.968050648825599 ], [ -80.1185673719107, 25.9571427180807 ], [ -80.118678726624495, 25.953948830457001 ], [ -80.118683343465307, 25.953816409743698 ], [ -80.118922156417796, 25.946966751502298 ], [ -80.118959, 25.94591 ], [ -80.119224015246303, 25.943377088231301 ], [ -80.119816999480193, 25.937709577527102 ], [ -80.120096, 25.935043 ], [ -80.120430891403103, 25.930052512346599 ], [ -80.1205340400643, 25.928515410722 ], [ -80.120636328373905, 25.926991129890901 ], [ -80.120775322389093, 25.924919867654701 ], [ -80.121010171602293, 25.9214201895862 ], [ -80.121257, 25.917742 ], [ -80.121639, 25.90489 ], [ -80.121676246134598, 25.899506381622 ], [ -80.121687, 25.897952 ], [ -80.121449921473101, 25.8936573094274 ], [ -80.1213477326815, 25.8918061538382 ], [ -80.121092848996796, 25.887188921851699 ], [ -80.120893076876996, 25.8835700388973 ], [ -80.12087, 25.883152 ], [ -80.120514196577403, 25.879833087167899 ], [ -80.120130531491597, 25.876254282424402 ], [ -80.1197401778266, 25.872613087019499 ], [ -80.119016, 25.865858 ], [ -80.1190042650301, 25.864795169568001 ], [ -80.118908723854602, 25.856142052432201 ], [ -80.118855316436196, 25.851304968886001 ], [ -80.118793, 25.845661 ], [ -80.118840906350201, 25.8444279948691 ], [ -80.118868423515295, 25.843719762962099 ], [ -80.118971849633994, 25.8410577998911 ], [ -80.118974155140904, 25.840998461164201 ], [ -80.119049608372507, 25.839056459295499 ], [ -80.119213154509595, 25.8348471378719 ], [ -80.119312667151505, 25.8322858991746 ], [ -80.119342353052701, 25.8315218487229 ], [ -80.119424914219707, 25.829396904071299 ], [ -80.119491, 25.827696 ], [ -80.119808053211301, 25.8246661249804 ], [ -80.119931777063698, 25.823483775153299 ], [ -80.120334680572498, 25.8196334836787 ], [ -80.120433301878194, 25.818691022855099 ], [ -80.120711953415196, 25.8160281281083 ], [ -80.121008, 25.813199 ], [ -80.121147134821996, 25.812609945114701 ], [ -80.121148927854705, 25.812602353954802 ], [ -80.121309500939603, 25.811922535928101 ], [ -80.122379349003197, 25.807393121799802 ], [ -80.122925, 25.805083 ], [ -80.123270049816, 25.804109297779501 ], [ -80.124230775479603, 25.801398208920698 ], [ -80.124604, 25.800345 ], [ -80.125176668338895, 25.797472555195899 ], [ -80.125988, 25.793403 ], [ -80.126685395678393, 25.790380596473099 ], [ -80.126692161909205, 25.790351272689701 ], [ -80.127266121980099, 25.787863819732099 ], [ -80.127630875407803, 25.786283035565301 ], [ -80.128603, 25.78207 ], [ -80.128810242632298, 25.7810527923431 ], [ -80.130656582770499, 25.771990413115901 ], [ -80.131111, 25.76976 ], [ -80.131044494799198, 25.768410894497901 ], [ -80.130845, 25.764364 ], [ -80.130992961385203, 25.764263744573601 ], [ -80.133686, 25.762439 ], [ -80.133855679755499, 25.762147069286701 ], [ -80.134275149036299, 25.761425380562098 ], [ -80.137057046049406, 25.7566391809546 ], [ -80.137099, 25.756567 ], [ -80.139638923478401, 25.7555349414835 ], [ -80.139688, 25.755515 ], [ -80.140588329659707, 25.754228123493 ], [ -80.142851, 25.750994 ], [ -80.142717, 25.746544 ], [ -80.14514, 25.741546 ], [ -80.148242, 25.738822 ], [ -80.151344, 25.737956 ], [ -80.158732332113999, 25.733402961047101 ], [ -80.15937, 25.73301 ], [ -80.154616, 25.728835 ], [ -80.152626, 25.728628 ], [ -80.148048, 25.725852 ], [ -80.147602, 25.723467 ], [ -80.148175, 25.719103 ], [ -80.15108, 25.712929 ], [ -80.151447, 25.709035 ], [ -80.152316, 25.705325 ], [ -80.154435, 25.702313 ], [ -80.155167105510998, 25.700402677916799 ], [ -80.155722668529705, 25.698953017605401 ], [ -80.155889, 25.698519 ], [ -80.156131999510194, 25.6959969388862 ], [ -80.156599, 25.69115 ], [ -80.155800531699597, 25.686208641007202 ], [ -80.155641600368597, 25.6852250869185 ], [ -80.1552872682187, 25.683032285582801 ], [ -80.155167, 25.682288 ], [ -80.15293, 25.671584 ], [ -80.156326, 25.666151 ], [ -80.157998, 25.665361 ], [ -80.159427, 25.666178 ], [ -80.162633, 25.674439 ], [ -80.170184, 25.681184 ], [ -80.170593809102101, 25.6814953974005 ], [ -80.177309, 25.686598 ], [ -80.175323, 25.69169 ], [ -80.172351, 25.695763 ], [ -80.168730317596001, 25.699276045848801 ], [ -80.1676027276349, 25.7003701145326 ], [ -80.166868, 25.701083 ], [ -80.167859, 25.706402 ], [ -80.172516, 25.707928 ], [ -80.17243, 25.709565 ], [ -80.161771, 25.716077 ], [ -80.154256, 25.723214 ], [ -80.158011, 25.726421 ], [ -80.157611, 25.727481 ], [ -80.162103, 25.731618 ], [ -80.165954, 25.731769 ], [ -80.167115, 25.733917 ], [ -80.16627, 25.735695 ], [ -80.173703581765807, 25.743052111503498 ], [ -80.174119251461207, 25.743463505148402 ], [ -80.175116, 25.74445 ], [ -80.178896, 25.746047 ], [ -80.178918049931198, 25.7460469382921 ], [ -80.1893604731533, 25.746017714622798 ], [ -80.199621, 25.745989 ], [ -80.202265381321993, 25.747936936822398 ], [ -80.202632, 25.748207 ], [ -80.208515, 25.745602 ], [ -80.209829, 25.744275 ], [ -80.210674, 25.740731 ], [ -80.214358, 25.738303 ], [ -80.215970566639598, 25.738844998900301 ], [ -80.21772, 25.739433 ], [ -80.221998, 25.73665 ], [ -80.227830820147602, 25.733489181765702 ], [ -80.228012, 25.733391 ], [ -80.2293, 25.734022 ], [ -80.229959, 25.733447 ], [ -80.229677, 25.732617 ], [ -80.231425, 25.731551 ], [ -80.233058, 25.731683 ], [ -80.233341, 25.729759 ], [ -80.232755, 25.729052 ], [ -80.235794, 25.726044 ], [ -80.237858, 25.727228 ], [ -80.238123305209996, 25.726909591602698 ], [ -80.2392199806918, 25.725593406810699 ], [ -80.240376, 25.724206 ], [ -80.244694, 25.717879 ], [ -80.249122, 25.713383 ], [ -80.248189, 25.710031 ], [ -80.247760546187394, 25.709520877893102 ], [ -80.247500367010701, 25.709211105530599 ], [ -80.24608, 25.70752 ], [ -80.245499995461699, 25.702070710715599 ], [ -80.245111, 25.698416 ], [ -80.24732, 25.697578 ], [ -80.249824, 25.690189 ], [ -80.255832, 25.680621 ], [ -80.255757, 25.677887 ], [ -80.2574, 25.677784 ], [ -80.260009833810997, 25.6746769642731 ], [ -80.26014, 25.674522 ], [ -80.262616, 25.669244 ], [ -80.265307852559999, 25.662491891541102 ], [ -80.26561, 25.661734 ], [ -80.267332, 25.658979 ], [ -80.267592070388503, 25.6576187016815 ], [ -80.268191, 25.654486 ], [ -80.266185, 25.652731 ], [ -80.26645, 25.652173 ], [ -80.268301, 25.651754 ], [ -80.268649, 25.650522 ], [ -80.269803, 25.647803 ], [ -80.270676, 25.647553 ], [ -80.271305, 25.644548 ], [ -80.272002, 25.639191 ], [ -80.27583, 25.637391 ], [ -80.278278, 25.632516 ], [ -80.282877167146594, 25.625394524475499 ], [ -80.286321, 25.620062 ], [ -80.288213, 25.620603 ], [ -80.298273, 25.621615 ], [ -80.298796, 25.619273 ], [ -80.300084, 25.618963 ], [ -80.301509, 25.617594 ], [ -80.303368, 25.617377 ], [ -80.305395, 25.615908 ], [ -80.306682, 25.612786 ], [ -80.3070100809135, 25.610671629995998 ], [ -80.307197, 25.609467 ], [ -80.308273791062803, 25.607354035193801 ], [ -80.308443, 25.607022 ], [ -80.308851, 25.604229 ], [ -80.308226, 25.600275 ], [ -80.308274857483497, 25.5995082897728 ], [ -80.308545, 25.595269 ], [ -80.308187927098302, 25.594440777462001 ], [ -80.307703, 25.593316 ], [ -80.308114, 25.591912 ], [ -80.307748, 25.586237 ], [ -80.305817818548903, 25.580684453133401 ], [ -80.305096, 25.578608 ], [ -80.30261, 25.571791 ], [ -80.302674, 25.569497 ], [ -80.306761, 25.565071 ], [ -80.307789, 25.560998 ], [ -80.307587264460906, 25.559672122579901 ], [ -80.307326, 25.557955 ], [ -80.308448, 25.555895 ], [ -80.311752, 25.547003 ], [ -80.313443, 25.537376 ], [ -80.31435, 25.536174 ], [ -80.324594, 25.535605 ], [ -80.325158589867499, 25.535201818651899 ], [ -80.325632353084202, 25.5348634978577 ], [ -80.328746, 25.53264 ], [ -80.330423, 25.530735 ], [ -80.331486, 25.52824 ], [ -80.329945, 25.526204 ], [ -80.331457, 25.525688 ], [ -80.331825, 25.522455 ], [ -80.33084, 25.519213 ], [ -80.331033, 25.517973 ], [ -80.333551, 25.517031 ], [ -80.335823, 25.50965 ], [ -80.333498, 25.507598 ], [ -80.333942, 25.506178 ], [ -80.332676, 25.504067 ], [ -80.339773, 25.500249 ], [ -80.338993, 25.495344 ], [ -80.340216324279098, 25.492884715426101 ], [ -80.340542, 25.49223 ], [ -80.340471, 25.488339 ], [ -80.33961, 25.483689 ], [ -80.339574, 25.482233 ], [ -80.340273, 25.48151 ], [ -80.340297, 25.4772 ], [ -80.340517, 25.470625 ], [ -80.340496640928606, 25.470511511652798 ], [ -80.340173946042498, 25.468712701259602 ], [ -80.340145088737103, 25.4685518408828 ], [ -80.340026, 25.467888 ], [ -80.338588, 25.466174 ], [ -80.336428, 25.464711 ], [ -80.334374, 25.46493 ], [ -80.334084, 25.464242 ], [ -80.3344338271027, 25.4632920949457 ], [ -80.334885, 25.462067 ], [ -80.337216, 25.459218 ], [ -80.336942, 25.456187 ], [ -80.333894, 25.452561 ], [ -80.330637, 25.450658 ], [ -80.330866909425396, 25.4484917423027 ], [ -80.330907, 25.448114 ], [ -80.330523, 25.442965 ], [ -80.329056, 25.440531 ], [ -80.326058, 25.43794 ], [ -80.320442, 25.437153 ], [ -80.321561, 25.432831 ], [ -80.325333, 25.430807 ], [ -80.326373, 25.422919 ], [ -80.32609, 25.419436 ], [ -80.328222, 25.416104 ], [ -80.327254, 25.414102 ], [ -80.325641, 25.410169 ], [ -80.329283, 25.406491 ], [ -80.327463, 25.404589 ], [ -80.327924, 25.396835 ], [ -80.326318, 25.394259 ], [ -80.323563, 25.393326 ], [ -80.320442, 25.391486 ], [ -80.319803, 25.389139 ], [ -80.316728, 25.388857 ], [ -80.312673, 25.387958 ], [ -80.31036, 25.389707 ], [ -80.308436, 25.390388 ], [ -80.305424, 25.387744 ], [ -80.306801, 25.384369 ], [ -80.31036, 25.3731 ], [ -80.31194, 25.36995 ], [ -80.313785, 25.367152 ], [ -80.318273, 25.362906 ], [ -80.320401, 25.362979 ], [ -80.3228, 25.361467 ], [ -80.323986, 25.359299 ], [ -80.326327, 25.357051 ], [ -80.329923, 25.349933 ], [ -80.330952, 25.34657 ], [ -80.3315235277732, 25.345833555628101 ], [ -80.33553, 25.340671 ], [ -80.338872, 25.33654 ], [ -80.342602, 25.331546 ], [ -80.343232, 25.327596 ], [ -80.342363985084404, 25.323662268872699 ], [ -80.342275, 25.323259 ], [ -80.343031, 25.322825 ], [ -80.345081, 25.322791 ], [ -80.349313, 25.321012 ], [ -80.350527, 25.322465 ], [ -80.351085, 25.324837 ], [ -80.351642, 25.325815 ], [ -80.354362, 25.326358 ], [ -80.355448, 25.325133 ], [ -80.357315, 25.324732 ], [ -80.358728, 25.325255 ], [ -80.359811, 25.326319 ], [ -80.360861, 25.328069 ], [ -80.363091, 25.328099 ], [ -80.365125, 25.326675 ], [ -80.365388, 25.324807 ], [ -80.36741, 25.32416 ], [ -80.37064, 25.323219 ], [ -80.371876, 25.320788 ], [ -80.370539, 25.317461 ], [ -80.371479, 25.317277 ], [ -80.373437, 25.312816 ], [ -80.373669, 25.309526 ], [ -80.375864, 25.30769 ], [ -80.376103752101201, 25.305874895648699 ], [ -80.376288, 25.30448 ], [ -80.377064, 25.30219 ], [ -80.375891, 25.299487 ], [ -80.37378, 25.296235 ], [ -80.37447, 25.293979 ], [ -80.374113, 25.292797 ], [ -80.372061, 25.292076 ], [ -80.371261, 25.2914 ], [ -80.372305, 25.289024 ], [ -80.372449, 25.287102 ], [ -80.37649, 25.287532 ], [ -80.379136596166006, 25.288301994072 ], [ -80.37969, 25.288463 ], [ -80.382907, 25.291615 ], [ -80.385878, 25.291078 ], [ -80.388493, 25.288499 ], [ -80.390989, 25.285598 ], [ -80.39491, 25.280333 ], [ -80.398119, 25.276786 ], [ -80.40002, 25.270983 ], [ -80.399902, 25.265395 ], [ -80.400496, 25.261204 ], [ -80.399426, 25.257872 ], [ -80.397406, 25.256582 ], [ -80.397863048261499, 25.253479845063101 ], [ -80.397881, 25.253358 ], [ -80.397049, 25.247876 ], [ -80.40002, 25.241964 ], [ -80.399783, 25.238417 ], [ -80.40822, 25.236589 ], [ -80.413568, 25.235514 ], [ -80.414638, 25.230892 ], [ -80.413093, 25.226484 ], [ -80.41333, 25.225086 ], [ -80.414756, 25.224119 ], [ -80.418084, 25.217561 ], [ -80.420461, 25.21197 ], [ -80.420817, 25.206486 ], [ -80.416658, 25.198744 ], [ -80.412974, 25.196056 ], [ -80.40727, 25.19369 ], [ -80.404536, 25.194228 ], [ -80.401684, 25.192077 ], [ -80.397406, 25.191755 ], [ -80.393365, 25.192615 ], [ -80.391464, 25.192615 ], [ -80.389681, 25.195518 ], [ -80.389444, 25.197884 ], [ -80.386591, 25.198529 ], [ -80.384452, 25.198422 ], [ -80.384276446667997, 25.198503844297601 ], [ -80.380531, 25.20025 ], [ -80.378391, 25.198529 ], [ -80.376252, 25.198207 ], [ -80.37447, 25.197561 ], [ -80.372568, 25.198744 ], [ -80.372522755183695, 25.199017375280601 ], [ -80.372212, 25.200895 ], [ -80.372568, 25.203476 ], [ -80.373257416398403, 25.204800462418401 ], [ -80.373519, 25.205303 ], [ -80.371855, 25.20628 ], [ -80.369597, 25.206056 ], [ -80.367221, 25.206809 ], [ -80.364725, 25.206916 ], [ -80.36211, 25.206594 ], [ -80.357119, 25.208422 ], [ -80.356500142481707, 25.208297447329802 ], [ -80.352841, 25.207561 ], [ -80.352734803204001, 25.207657184976899 ], [ -80.351995621476902, 25.208326679537699 ], [ -80.351653, 25.208637 ], [ -80.352009, 25.21025 ], [ -80.351780544420293, 25.210474693961999 ], [ -80.349276, 25.212938 ], [ -80.3491795068621, 25.213156211344799 ], [ -80.347692141237403, 25.216519767141602 ], [ -80.347612, 25.216701 ], [ -80.347176601089302, 25.217619332661801 ], [ -80.346751, 25.218517 ], [ -80.345354, 25.219818 ], [ -80.345116, 25.221969 ], [ -80.34274, 25.224011 ], [ -80.339769, 25.227022 ], [ -80.335966, 25.236697 ], [ -80.334421, 25.240459 ], [ -80.335015, 25.247768 ], [ -80.332823961357505, 25.251314610380099 ], [ -80.332757, 25.251423 ], [ -80.332163, 25.263031 ], [ -80.333351, 25.26432 ], [ -80.333708, 25.265717 ], [ -80.340244, 25.264858 ], [ -80.342502, 25.267329 ], [ -80.341432, 25.269479 ], [ -80.341195, 25.271628 ], [ -80.342858, 25.271306 ], [ -80.34369, 25.271843 ], [ -80.343215, 25.273992 ], [ -80.344166, 25.276572 ], [ -80.346899, 25.277324 ], [ -80.348206, 25.276572 ], [ -80.350108, 25.276679 ], [ -80.351771, 25.279258 ], [ -80.353554, 25.279043 ], [ -80.355693, 25.277324 ], [ -80.360328, 25.279151 ], [ -80.360451595345097, 25.279550010933701 ], [ -80.36116, 25.281837 ], [ -80.362803556231398, 25.283230694184599 ], [ -80.363061, 25.283449 ], [ -80.366508, 25.282589 ], [ -80.365913, 25.285383 ], [ -80.363718, 25.285845 ], [ -80.356627, 25.283601 ], [ -80.353309, 25.284439 ], [ -80.350894, 25.286631 ], [ -80.346002, 25.287034 ], [ -80.343033, 25.288681 ], [ -80.342376, 25.29053 ], [ -80.339831, 25.290852 ], [ -80.338561, 25.289993 ], [ -80.336693, 25.287217 ], [ -80.334744, 25.287044 ], [ -80.332688, 25.285338 ], [ -80.329322, 25.285955 ], [ -80.329239, 25.286763 ], [ -80.325708, 25.288098 ], [ -80.31976, 25.291796 ], [ -80.314905, 25.296251 ], [ -80.30662, 25.300614 ], [ -80.305105, 25.303082 ], [ -80.304635, 25.305322 ], [ -80.299972, 25.307491 ], [ -80.297885, 25.309072 ], [ -80.296436, 25.311941 ], [ -80.291368, 25.31428 ], [ -80.29046, 25.315202 ], [ -80.28917, 25.323914 ], [ -80.286832, 25.324924 ], [ -80.280578, 25.328732 ], [ -80.279628360184404, 25.330981772253001 ], [ -80.279459, 25.331383 ], [ -80.278253, 25.333934 ], [ -80.276137, 25.337979 ], [ -80.274864, 25.342102 ], [ -80.274324, 25.345647 ], [ -80.273694, 25.347153 ], [ -80.271792, 25.348442 ], [ -80.268918, 25.350528 ], [ -80.266973, 25.352063 ], [ -80.264305, 25.352416 ], [ -80.260978, 25.351879 ], [ -80.25765, 25.350698 ], [ -80.259433, 25.349194 ], [ -80.260502, 25.346402 ], [ -80.257531, 25.342857 ], [ -80.254599, 25.341744 ], [ -80.253015, 25.340494 ], [ -80.253015, 25.338346 ], [ -80.254442, 25.33695 ], [ -80.256508, 25.332958 ], [ -80.257333, 25.331235 ], [ -80.258515, 25.327999 ], [ -80.26, 25.324851 ], [ -80.263181, 25.322744 ], [ -80.266325, 25.321556 ], [ -80.269693, 25.32028 ], [ -80.270222369380804, 25.319520644800999 ], [ -80.272195, 25.316691 ], [ -80.274207, 25.314105 ], [ -80.276087, 25.313047 ], [ -80.277509792756803, 25.310545256069201 ], [ -80.277647, 25.310304 ], [ -80.277686597990098, 25.310176147174001 ], [ -80.279225, 25.305209 ], [ -80.278562, 25.303191 ], [ -80.278974, 25.300394 ], [ -80.283921, 25.290376 ], [ -80.287392, 25.28409 ], [ -80.29679, 25.272041 ], [ -80.297001217824302, 25.271716166445799 ], [ -80.305126, 25.259221 ], [ -80.307948, 25.256028 ], [ -80.312202, 25.248183 ], [ -80.31282, 25.246647 ], [ -80.314067, 25.244957 ], [ -80.314127, 25.242502 ], [ -80.31587, 25.238924 ], [ -80.318594, 25.235984 ], [ -80.322225, 25.233975 ], [ -80.32398, 25.229725 ], [ -80.325995, 25.228156 ], [ -80.327405, 25.223812 ], [ -80.330382, 25.221263 ], [ -80.330424, 25.21899 ], [ -80.331695, 25.218197 ], [ -80.334599, 25.216204 ], [ -80.334647, 25.213027 ], [ -80.334683062390994, 25.2129734324451 ], [ -80.336311705652406, 25.210554224099798 ], [ -80.337115, 25.209361 ], [ -80.337538, 25.206394 ], [ -80.340739, 25.204951 ], [ -80.342481, 25.201565 ], [ -80.342444, 25.198312 ], [ -80.34352, 25.195453 ], [ -80.344861, 25.19479 ], [ -80.346357, 25.192921 ], [ -80.35142, 25.190503 ], [ -80.352744, 25.187101 ], [ -80.353051, 25.183071 ], [ -80.356287, 25.178634 ], [ -80.358839741832597, 25.177710472005302 ], [ -80.360447, 25.177129 ], [ -80.363061, 25.174332 ], [ -80.364591547457394, 25.172331340490501 ], [ -80.364805044894098, 25.172052266702199 ], [ -80.365001034707504, 25.171796078054101 ], [ -80.367339, 25.16874 ], [ -80.366626, 25.167126 ], [ -80.364368, 25.167234 ], [ -80.358426, 25.169062 ], [ -80.353673, 25.170245 ], [ -80.353614267019395, 25.1702447747038 ], [ -80.350284, 25.170232 ], [ -80.349875105148001, 25.169019350736502 ], [ -80.349847, 25.168936 ], [ -80.3518, 25.166039 ], [ -80.35264, 25.164201 ], [ -80.354358, 25.163292 ], [ -80.354409338730406, 25.163113704622798 ], [ -80.355669, 25.158739 ], [ -80.356081340621202, 25.157835098184702 ], [ -80.358144740757297, 25.153311869008199 ], [ -80.358183, 25.153228 ], [ -80.362882, 25.153011 ], [ -80.365138, 25.151888 ], [ -80.369522, 25.149915 ], [ -80.370047, 25.147504 ], [ -80.371256, 25.146474 ], [ -80.371279, 25.143545 ], [ -80.373093, 25.140382 ], [ -80.371445, 25.136989 ], [ -80.374474, 25.13565 ], [ -80.376265, 25.132995 ], [ -80.377137, 25.130342 ], [ -80.378396, 25.129275 ], [ -80.380764038522898, 25.1282996494797 ], [ -80.381426, 25.128027 ], [ -80.384637, 25.124127 ], [ -80.385352, 25.12132 ], [ -80.388829, 25.120886 ], [ -80.392205, 25.116802 ], [ -80.395737, 25.114079 ], [ -80.397927, 25.110683 ], [ -80.399717, 25.108492 ], [ -80.399421, 25.107006 ], [ -80.400057, 25.106026 ], [ -80.404404, 25.106242 ], [ -80.407076, 25.104349 ], [ -80.410323, 25.102874 ], [ -80.412184, 25.103277 ], [ -80.414128, 25.102582 ], [ -80.414616, 25.100783 ], [ -80.41738, 25.098856 ], [ -80.419035, 25.099453 ], [ -80.419174783519296, 25.1003081808568 ], [ -80.41951, 25.102359 ], [ -80.421412055603099, 25.103243194144301 ], [ -80.423907, 25.104403 ], [ -80.423921643714195, 25.104392048023499 ], [ -80.42664, 25.102359 ], [ -80.428458510456693, 25.099973640417002 ], [ -80.430124, 25.097789 ], [ -80.429413, 25.096188 ], [ -80.430457, 25.089708 ], [ -80.433153, 25.088965 ], [ -80.43345, 25.086928 ], [ -80.435892, 25.084407 ], [ -80.439029, 25.080322 ], [ -80.441641, 25.078104 ], [ -80.443152, 25.076188 ], [ -80.446204, 25.075081 ], [ -80.448839, 25.07338 ], [ -80.453155, 25.07202 ], [ -80.454136974894098, 25.071792899084901 ], [ -80.461457, 25.0701 ], [ -80.462351, 25.068691 ], [ -80.464723, 25.067482 ], [ -80.467956, 25.064867 ], [ -80.472137, 25.061535 ], [ -80.474862, 25.057731 ], [ -80.478239, 25.054504 ], [ -80.48097, 25.050248 ], [ -80.483601819493202, 25.047090789554399 ], [ -80.484757, 25.045705 ], [ -80.487222, 25.043871 ], [ -80.490158, 25.041145 ], [ -80.493631, 25.038826 ], [ -80.492895805867903, 25.036724124233402 ], [ -80.492625335915406, 25.0359508669207 ], [ -80.492518, 25.035644 ], [ -80.491218075676201, 25.034509906152699 ], [ -80.489453, 25.03297 ], [ -80.489573, 25.030024 ], [ -80.49249, 25.027337 ], [ -80.493462, 25.024689 ], [ -80.494524, 25.023053 ], [ -80.497514, 25.020751 ], [ -80.498873, 25.019038 ], [ -80.502475, 25.017711 ], [ -80.504131, 25.016732 ], [ -80.504778, 25.015994 ], [ -80.506525, 25.014437 ], [ -80.509597, 25.014348 ], [ -80.511026, 25.011948 ], [ -80.511831, 25.010657 ], [ -80.514121, 25.010283 ], [ -80.515952, 25.007928 ], [ -80.516371, 25.003793 ], [ -80.518365, 25.001961 ], [ -80.521023, 25.002523 ], [ -80.524176, 25.001615 ], [ -80.52922, 24.999388 ], [ -80.530406025798101, 24.998867684904301 ], [ -80.531157561982795, 24.998537982445502 ], [ -80.531814, 24.99825 ], [ -80.531901632556398, 24.9980317084303 ], [ -80.532580645950702, 24.996340294807901 ], [ -80.532790966411795, 24.995816389247199 ], [ -80.532979, 24.995348 ], [ -80.534284, 24.993124 ], [ -80.535601, 24.991605 ], [ -80.536924, 24.991352 ], [ -80.539752, 24.988039 ], [ -80.541108, 24.985038 ], [ -80.543159, 24.982683 ], [ -80.547689, 24.978906 ], [ -80.550336, 24.973655 ], [ -80.551695, 24.971535 ], [ -80.55492, 24.968959 ], [ -80.555260909581904, 24.968643284378601 ], [ -80.557721, 24.966365 ], [ -80.560332, 24.965206336868501 ], [ -80.561304, 24.964775 ], [ -80.56256, 24.962059 ], [ -80.565688, 24.95916 ], [ -80.565757565405704, 24.957582164864601 ], [ -80.565768782371507, 24.9573277492884 ], [ -80.565779, 24.957096 ], [ -80.568521, 24.956418 ], [ -80.569342, 24.954772 ], [ -80.571534, 24.953726 ], [ -80.572208599207599, 24.953735241084999 ], [ -80.5723644607165, 24.9537373761742 ], [ -80.573943, 24.953759 ], [ -80.575821, 24.952366 ], [ -80.577753, 24.952526 ], [ -80.581177, 24.951793 ], [ -80.583719, 24.950736 ], [ -80.585253612009197, 24.950711178568099 ], [ -80.586563, 24.95069 ], [ -80.587205111405694, 24.9505734555697 ], [ -80.590012, 24.950064 ], [ -80.594866, 24.9478 ], [ -80.598084, 24.947435 ], [ -80.601279, 24.943904 ], [ -80.607405, 24.940491 ], [ -80.612065, 24.936322 ], [ -80.617973, 24.931294 ], [ -80.619727, 24.928587 ], [ -80.62285, 24.926758 ], [ -80.626712111262094, 24.922670168515602 ], [ -80.626888, 24.922484 ], [ -80.628005, 24.920655 ], [ -80.631242, 24.917078 ], [ -80.633839, 24.914283 ], [ -80.636338, 24.912276 ], [ -80.641907, 24.9084 ], [ -80.646459, 24.905191 ], [ -80.650015, 24.902918 ], [ -80.653136, 24.901102 ], [ -80.656264, 24.898582 ], [ -80.657695, 24.897354 ], [ -80.659932188718201, 24.8982583606441 ], [ -80.660431, 24.89846 ], [ -80.660665853367703, 24.899146975408399 ], [ -80.661032, 24.900218 ], [ -80.660651, 24.903978 ], [ -80.659606, 24.905007 ], [ -80.655851, 24.906471 ], [ -80.652133, 24.907274 ], [ -80.64971, 24.913527 ], [ -80.648367, 24.914202 ], [ -80.643908045924903, 24.912998241837901 ], [ -80.643333, 24.912843 ], [ -80.639116, 24.915785 ], [ -80.635877, 24.919931 ], [ -80.635650295507205, 24.920147010884701 ], [ -80.634021948080402, 24.921698549470602 ], [ -80.633757, 24.921951 ], [ -80.632022, 24.924333 ], [ -80.629499, 24.92491 ], [ -80.629083345557703, 24.9253210277232 ], [ -80.622851, 24.931484 ], [ -80.62162, 24.933621 ], [ -80.6228315080252, 24.936969961937699 ], [ -80.623560932573696, 24.938986304379199 ], [ -80.623894, 24.939907 ], [ -80.623410639285098, 24.944538412596302 ], [ -80.623184, 24.94671 ], [ -80.619702, 24.946736 ], [ -80.618597808355702, 24.945578318102999 ], [ -80.6162592558982, 24.943126479367301 ], [ -80.616234, 24.9431 ], [ -80.616211281380004, 24.9431083861204 ], [ -80.613338, 24.944169 ], [ -80.611644, 24.947812 ], [ -80.611936971227195, 24.949366637641099 ], [ -80.612388, 24.95176 ], [ -80.612209388659707, 24.951877410515099 ], [ -80.610885, 24.952748 ], [ -80.607266, 24.950843 ], [ -80.605102339622604, 24.950843 ], [ -80.605008, 24.950843 ], [ -80.6028609245204, 24.949480084332599 ], [ -80.601454, 24.948587 ], [ -80.598458420625803, 24.9499590928271 ], [ -80.597629, 24.950339 ], [ -80.596949059432404, 24.951654733849701 ], [ -80.59575, 24.953975 ], [ -80.596518191083902, 24.9556302496303 ], [ -80.5967, 24.956022 ], [ -80.597698492197395, 24.956927058582799 ], [ -80.600622, 24.959577 ], [ -80.600934, 24.962801 ], [ -80.599304660740103, 24.965404831905499 ], [ -80.598839, 24.966149 ], [ -80.594436, 24.967921 ], [ -80.589926, 24.965718 ], [ -80.588714419148104, 24.964266433641299 ], [ -80.586599, 24.961732 ], [ -80.585638927826594, 24.962167264137499 ], [ -80.585067537475297, 24.9624263131292 ], [ -80.583747, 24.963025 ], [ -80.583034, 24.96421 ], [ -80.585411, 24.966149 ], [ -80.583604389432494, 24.966721213307199 ], [ -80.582399, 24.967103 ], [ -80.581548, 24.965259 ], [ -80.579168, 24.965 ], [ -80.578105, 24.962305 ], [ -80.576422, 24.961883 ], [ -80.574157, 24.962776 ], [ -80.572621, 24.961603 ], [ -80.569425, 24.961989 ], [ -80.569245, 24.964217 ], [ -80.566552, 24.965543 ], [ -80.563912332347201, 24.969810219642 ], [ -80.563837, 24.969932 ], [ -80.56102, 24.969719 ], [ -80.558405, 24.971294 ], [ -80.555906, 24.974513 ], [ -80.556611, 24.978836 ], [ -80.552799467938001, 24.9835053900694 ], [ -80.55263, 24.983713 ], [ -80.55092, 24.98728 ], [ -80.552841, 24.989163 ], [ -80.551731947184194, 24.990281794495999 ], [ -80.551361, 24.990656 ], [ -80.549309, 24.991199 ], [ -80.54908, 24.993551 ], [ -80.5494, 24.994757 ], [ -80.547455, 24.998268 ], [ -80.544767, 24.999112 ], [ -80.542866, 25.001374 ], [ -80.542866, 25.003312 ], [ -80.543483, 25.005692 ], [ -80.54338, 25.008589 ], [ -80.544763, 25.012151 ], [ -80.544287322832602, 25.0130759560287 ], [ -80.543826, 25.013973 ], [ -80.539977, 25.013499 ], [ -80.536171002289805, 25.0152877837807 ], [ -80.535645, 25.015535 ], [ -80.530871, 25.01744 ], [ -80.529707207680801, 25.017677804560599 ], [ -80.526858, 25.01826 ], [ -80.524089, 25.017205 ], [ -80.521118, 25.015913 ], [ -80.516959092076803, 25.014970505089099 ], [ -80.515889, 25.014728 ], [ -80.513406291039203, 25.017387366905201 ], [ -80.513317109983603, 25.0174828936672 ], [ -80.513275, 25.017528 ], [ -80.513394, 25.019682 ], [ -80.513869, 25.022482 ], [ -80.513037, 25.025605 ], [ -80.513821801356301, 25.027600287376799 ], [ -80.513933, 25.027883 ], [ -80.512597, 25.028466 ], [ -80.512286263398295, 25.0284218557589 ], [ -80.509718, 25.028057 ], [ -80.507726, 25.029555 ], [ -80.505943, 25.031717 ], [ -80.504269, 25.032917 ], [ -80.50495, 25.035026 ], [ -80.503415, 25.037365 ], [ -80.501866, 25.037665 ], [ -80.501483027559303, 25.037973455819898 ], [ -80.500797, 25.038526 ], [ -80.500970203643206, 25.0396022230059 ], [ -80.501026629081395, 25.0399528296883 ], [ -80.50134, 25.0419 ], [ -80.497752652205193, 25.045886722021901 ], [ -80.496741, 25.047011 ], [ -80.494700265668996, 25.048267873761201 ], [ -80.491680658277701, 25.050127628478599 ], [ -80.49099, 25.050553 ], [ -80.488886, 25.050196 ], [ -80.486706, 25.052833 ], [ -80.483781, 25.054568 ], [ -80.480819, 25.057322 ], [ -80.479257, 25.06035 ], [ -80.477196, 25.062718 ], [ -80.47429, 25.065405 ], [ -80.472513, 25.067594 ], [ -80.469661, 25.0705 ], [ -80.46669, 25.07373 ], [ -80.463481, 25.076851 ], [ -80.461051, 25.07911 ], [ -80.460866, 25.083202 ], [ -80.459916, 25.085462 ], [ -80.460272, 25.087507 ], [ -80.461076844783904, 25.089055754947001 ], [ -80.461223, 25.089337 ], [ -80.463362, 25.090628 ], [ -80.465559, 25.090795 ], [ -80.465679601179204, 25.091404035954898 ], [ -80.465739, 25.091704 ], [ -80.461579, 25.092996 ], [ -80.459203, 25.092888 ], [ -80.459153158125005, 25.092794745656199 ], [ -80.458937, 25.0923903129557 ], [ -80.457603408310305, 25.0898951576687 ], [ -80.457575408307093, 25.089842769552799 ], [ -80.45742, 25.089552 ], [ -80.456945, 25.087615 ], [ -80.456612722281605, 25.087163577484599 ], [ -80.455994, 25.086323 ], [ -80.453855, 25.087184 ], [ -80.451359, 25.088476 ], [ -80.446368, 25.092458 ], [ -80.446309420561704, 25.0925152978282 ], [ -80.445838900366994, 25.092975523908901 ], [ -80.443397, 25.095364 ], [ -80.44304, 25.097839 ], [ -80.441971, 25.099023 ], [ -80.441828696499798, 25.099146492693901 ], [ -80.439119, 25.101498 ], [ -80.436504, 25.105587 ], [ -80.433296, 25.107847 ], [ -80.4337471389169, 25.1101621715245 ], [ -80.434009, 25.111506 ], [ -80.43389, 25.113873 ], [ -80.436627702030407, 25.1156817387761 ], [ -80.438287, 25.116778 ], [ -80.438406, 25.119253 ], [ -80.442446, 25.122266 ], [ -80.446810217258601, 25.123056406196799 ], [ -80.4472, 25.123127 ], [ -80.448982, 25.125602 ], [ -80.451835, 25.126893 ], [ -80.455519, 25.128184 ], [ -80.457658, 25.130874 ], [ -80.461342, 25.132487 ], [ -80.461007, 25.134146 ], [ -80.45883, 25.135093 ], [ -80.458413, 25.136998 ], [ -80.458153, 25.13849 ], [ -80.457706, 25.139806 ], [ -80.457047, 25.141617 ], [ -80.458559, 25.143912 ], [ -80.461808, 25.149786 ], [ -80.461718, 25.151949 ], [ -80.460732, 25.153496 ], [ -80.460805, 25.155957 ], [ -80.460981, 25.157966 ], [ -80.461858, 25.160108 ], [ -80.461121, 25.161776 ], [ -80.458303, 25.166197 ], [ -80.458236, 25.167744 ], [ -80.454674, 25.173084 ], [ -80.453253, 25.17457 ], [ -80.452818, 25.17664 ], [ -80.451868, 25.178584 ], [ -80.450089, 25.179718 ], [ -80.447794, 25.178957 ], [ -80.446368, 25.179925 ], [ -80.446724, 25.181861 ], [ -80.446249, 25.182614 ], [ -80.443991, 25.182936 ], [ -80.44304, 25.18498 ], [ -80.442922, 25.189281 ], [ -80.442684, 25.191647 ], [ -80.445536, 25.191432 ], [ -80.44735, 25.191835 ], [ -80.448935, 25.195633 ], [ -80.449686, 25.198017 ], [ -80.451102, 25.198677 ], [ -80.454785, 25.200371 ], [ -80.457171, 25.203207 ], [ -80.458533, 25.20597 ], [ -80.461619, 25.20635 ], [ -80.46455, 25.209067 ], [ -80.465501, 25.211755 ], [ -80.468116, 25.211647 ], [ -80.471752, 25.210253 ], [ -80.472919, 25.211697 ], [ -80.476662, 25.213347 ], [ -80.479434, 25.213764 ], [ -80.486329, 25.211043 ], [ -80.487866365905802, 25.208154736827701 ], [ -80.48825, 25.207434 ], [ -80.490608, 25.208227 ], [ -80.492904, 25.207633 ], [ -80.494791, 25.20793 ], [ -80.497252, 25.209414 ], [ -80.498564, 25.211492 ], [ -80.500779, 25.211566 ], [ -80.501763, 25.210379 ], [ -80.501189, 25.208449 ], [ -80.498138, 25.207558 ], [ -80.496267, 25.205258 ], [ -80.496513, 25.203477 ], [ -80.496015, 25.20043 ], [ -80.497983, 25.199932 ], [ -80.500488, 25.202704 ], [ -80.501566218307204, 25.2036724595573 ], [ -80.506333, 25.207954 ], [ -80.507577, 25.211169 ], [ -80.509437, 25.212551 ], [ -80.510491, 25.216389 ], [ -80.513143, 25.217279 ], [ -80.515057, 25.219818 ], [ -80.519344, 25.222613 ], [ -80.524233, 25.2219 ], [ -80.525991, 25.218636 ], [ -80.528367, 25.217561 ], [ -80.529581, 25.215004 ], [ -80.536392, 25.214029 ], [ -80.539216, 25.214908 ], [ -80.541424, 25.212055 ], [ -80.538706, 25.205303 ], [ -80.539091, 25.204384 ], [ -80.540251, 25.204766 ], [ -80.542391, 25.206379 ], [ -80.545997, 25.206044 ], [ -80.547875, 25.206836 ], [ -80.549283, 25.208529 ], [ -80.548974, 25.210636 ], [ -80.54793, 25.21238 ], [ -80.548906, 25.214448 ], [ -80.553918, 25.214228 ], [ -80.556532, 25.212077 ], [ -80.559147, 25.211862 ], [ -80.562797, 25.212301 ], [ -80.563192, 25.211094 ], [ -80.561809, 25.20944 ], [ -80.560375, 25.205907 ], [ -80.559585, 25.204521 ], [ -80.558992, 25.199647 ], [ -80.564972, 25.196651 ], [ -80.565911, 25.194818 ], [ -80.565515, 25.192939 ], [ -80.568876, 25.193252 ], [ -80.572039, 25.196964 ], [ -80.574563, 25.197795 ], [ -80.575797, 25.198781 ], [ -80.577567, 25.201217 ], [ -80.576683181833005, 25.203617942897001 ], [ -80.576498, 25.204121 ], [ -80.575547, 25.202938 ], [ -80.575309, 25.20068 ], [ -80.573527, 25.198852 ], [ -80.571048377065907, 25.198724412378802 ], [ -80.570341, 25.198688 ], [ -80.568777, 25.201302 ], [ -80.568728, 25.203582 ], [ -80.568036, 25.203895 ], [ -80.564477, 25.203806 ], [ -80.563291, 25.205684 ], [ -80.563291, 25.207383 ], [ -80.566257, 25.210826 ], [ -80.567937, 25.211765 ], [ -80.570318, 25.210465 ], [ -80.573764, 25.210034 ], [ -80.574953, 25.210572 ], [ -80.576616, 25.211862 ], [ -80.579561, 25.212094 ], [ -80.582083, 25.21068 ], [ -80.582915, 25.208422 ], [ -80.584508, 25.207282 ], [ -80.583628, 25.206056 ], [ -80.58339, 25.203798 ], [ -80.58339, 25.20111 ], [ -80.585156, 25.201085 ], [ -80.58762, 25.200691 ], [ -80.59158, 25.199245 ], [ -80.592841, 25.197226 ], [ -80.594166, 25.194664 ], [ -80.594016, 25.191471 ], [ -80.595543, 25.190168 ], [ -80.598856, 25.189291 ], [ -80.601786, 25.187951 ], [ -80.603159, 25.187742 ], [ -80.60373, 25.187504 ], [ -80.605118, 25.186988 ], [ -80.606475, 25.186457 ], [ -80.607015, 25.185941 ], [ -80.607555, 25.185159 ], [ -80.608018, 25.184154 ], [ -80.609179, 25.183689 ], [ -80.609653, 25.185397 ], [ -80.609468, 25.18608 ], [ -80.608357, 25.186932 ], [ -80.607478, 25.187728 ], [ -80.60683, 25.188035 ], [ -80.605272, 25.188342 ], [ -80.604054, 25.188761 ], [ -80.603175, 25.190198 ], [ -80.603159, 25.191203 ], [ -80.60395, 25.19326 ], [ -80.605851, 25.195411 ], [ -80.604425, 25.200035 ], [ -80.603628, 25.20192 ], [ -80.605038, 25.203516 ], [ -80.608989, 25.203197 ], [ -80.609773, 25.200357 ], [ -80.613433, 25.201473 ], [ -80.619518, 25.197669 ], [ -80.622039, 25.19975 ], [ -80.623677, 25.198207 ], [ -80.623915, 25.195841 ], [ -80.625222, 25.195303 ], [ -80.62877, 25.198149 ], [ -80.630952, 25.197631 ], [ -80.631164, 25.195196 ], [ -80.634525, 25.194069 ], [ -80.634254, 25.19283 ], [ -80.636393, 25.192615 ], [ -80.638888, 25.190679 ], [ -80.641622, 25.190894 ], [ -80.643768, 25.19161 ], [ -80.647207, 25.189711 ], [ -80.647207, 25.191217 ], [ -80.64821, 25.19292 ], [ -80.652231, 25.192793 ], [ -80.652912, 25.189496 ], [ -80.654338, 25.187023 ], [ -80.654219, 25.185087 ], [ -80.655051, 25.184549 ], [ -80.657451, 25.185388 ], [ -80.660343, 25.184877 ], [ -80.660874, 25.182076 ], [ -80.662100478755093, 25.180965919181901 ], [ -80.663013, 25.18014 ], [ -80.663905905762803, 25.176909202177001 ], [ -80.663964, 25.176699 ], [ -80.663664942071804, 25.1765107488316 ], [ -80.66123, 25.174978 ], [ -80.658710875294304, 25.1752883129898 ], [ -80.658616, 25.1753 ], [ -80.658011774132802, 25.177488094234398 ], [ -80.657903, 25.177882 ], [ -80.655764, 25.176161 ], [ -80.653743, 25.176268 ], [ -80.651647283029206, 25.175345438270401 ], [ -80.651301, 25.175193 ], [ -80.648028, 25.176184 ], [ -80.64406, 25.177271 ], [ -80.642635, 25.177953 ], [ -80.637255, 25.17826 ], [ -80.635517, 25.178035 ], [ -80.63411, 25.176462 ], [ -80.635352, 25.176387 ], [ -80.637669, 25.176537 ], [ -80.640318, 25.176987 ], [ -80.642304, 25.175863 ], [ -80.644621, 25.175264 ], [ -80.645826, 25.174127 ], [ -80.646939, 25.172792 ], [ -80.649246, 25.168648 ], [ -80.651775, 25.162119 ], [ -80.650944, 25.15744 ], [ -80.653625, 25.156693 ], [ -80.654066914686396, 25.156288089786301 ], [ -80.655691, 25.1548 ], [ -80.656239, 25.152497 ], [ -80.656001, 25.150023 ], [ -80.653981, 25.148625 ], [ -80.651723, 25.147011 ], [ -80.652555, 25.145935 ], [ -80.656596, 25.144752 ], [ -80.656797090904703, 25.144947035869599 ], [ -80.657227, 25.145364 ], [ -80.657163, 25.14631 ], [ -80.657607, 25.146654 ], [ -80.658208, 25.146281 ], [ -80.65843, 25.145335 ], [ -80.658462, 25.144447 ], [ -80.657987, 25.143157 ], [ -80.66191, 25.141534 ], [ -80.665419241632193, 25.1416383753647 ], [ -80.668836, 25.14174 ], [ -80.671181027618999, 25.140195779135802 ], [ -80.671451, 25.140018 ], [ -80.673709, 25.138297 ], [ -80.675016, 25.140234 ], [ -80.674422, 25.1426 ], [ -80.672401, 25.143891 ], [ -80.6705, 25.144322 ], [ -80.66881, 25.146934 ], [ -80.666459, 25.149055 ], [ -80.6645719245886, 25.151275976194299 ], [ -80.661706, 25.154649 ], [ -80.658259, 25.155402 ], [ -80.655784841215606, 25.157437927905601 ], [ -80.655645, 25.157553 ], [ -80.654932, 25.159704 ], [ -80.653506, 25.161748 ], [ -80.653263, 25.164549 ], [ -80.655883, 25.166911 ], [ -80.65768, 25.16956 ], [ -80.659667, 25.169021 ], [ -80.662211, 25.168019 ], [ -80.665473, 25.167315 ], [ -80.666819, 25.167071 ], [ -80.668585, 25.166963 ], [ -80.669752, 25.167206 ], [ -80.668914, 25.168154 ], [ -80.667957, 25.169102 ], [ -80.667657, 25.170592 ], [ -80.668375, 25.171919 ], [ -80.669393, 25.172515 ], [ -80.670979, 25.174519 ], [ -80.672326, 25.174709 ], [ -80.673613, 25.173788 ], [ -80.673642, 25.171242 ], [ -80.674211, 25.170132 ], [ -80.674091, 25.168561 ], [ -80.672745, 25.167992 ], [ -80.672595, 25.167613 ], [ -80.674989, 25.167098 ], [ -80.676755, 25.165446 ], [ -80.677772, 25.164335 ], [ -80.679448, 25.164173 ], [ -80.680286, 25.164742 ], [ -80.679897, 25.166177 ], [ -80.67861, 25.167938 ], [ -80.677623, 25.169346 ], [ -80.677263, 25.173246 ], [ -80.678279, 25.174698 ], [ -80.681361, 25.174404 ], [ -80.683956, 25.172349 ], [ -80.688088, 25.16874 ], [ -80.691656, 25.16832 ], [ -80.69403, 25.165943 ], [ -80.695932, 25.163899 ], [ -80.698067, 25.163394 ], [ -80.698152080454904, 25.162622980442102 ], [ -80.698308, 25.16121 ], [ -80.697477, 25.157876 ], [ -80.697769729090894, 25.1552225259091 ], [ -80.697833, 25.154649 ], [ -80.700685, 25.152928 ], [ -80.703095, 25.153558 ], [ -80.704878, 25.151336 ], [ -80.705686, 25.14906 ], [ -80.704788, 25.144507 ], [ -80.704239, 25.14388 ], [ -80.703621, 25.142556 ], [ -80.70416, 25.140808 ], [ -80.706135, 25.140483 ], [ -80.707303, 25.141743 ], [ -80.708291, 25.143938 ], [ -80.708336, 25.146011 ], [ -80.708785, 25.147759 ], [ -80.710087, 25.149385 ], [ -80.710691, 25.151817 ], [ -80.713679, 25.152922 ], [ -80.715341, 25.154344 ], [ -80.717856, 25.15597 ], [ -80.719921, 25.155482 ], [ -80.72266, 25.154629 ], [ -80.725085, 25.15345 ], [ -80.726657, 25.152881 ], [ -80.726926, 25.15345 ], [ -80.726163, 25.15471 ], [ -80.726028, 25.156051 ], [ -80.724097, 25.157921 ], [ -80.722391, 25.159547 ], [ -80.723065, 25.162514 ], [ -80.724572, 25.16519 ], [ -80.727186, 25.166266 ], [ -80.729076, 25.167496 ], [ -80.732304, 25.167616 ], [ -80.7318, 25.166509 ], [ -80.729929, 25.164522 ], [ -80.729461, 25.163121 ], [ -80.729749, 25.160581 ], [ -80.730289, 25.159832 ], [ -80.734427, 25.1612 ], [ -80.736337, 25.159382 ], [ -80.737526, 25.159167 ], [ -80.738781, 25.161819 ], [ -80.741911, 25.163871 ], [ -80.74587, 25.165662 ], [ -80.747525, 25.16488 ], [ -80.747993, 25.161135 ], [ -80.747417, 25.157975 ], [ -80.744299, 25.15637 ], [ -80.744181, 25.154971 ], [ -80.741098, 25.151629 ], [ -80.73807, 25.15034 ], [ -80.735624, 25.152067 ], [ -80.731481, 25.15179 ], [ -80.72874, 25.150228 ], [ -80.723644, 25.14776 ], [ -80.721601, 25.146473 ], [ -80.722741, 25.145407 ], [ -80.726138, 25.145503 ], [ -80.728731, 25.144106 ], [ -80.732849, 25.143187 ], [ -80.737165, 25.143416 ], [ -80.74231, 25.142525 ], [ -80.747746, 25.147441 ], [ -80.751606, 25.152758 ], [ -80.754277, 25.152274 ], [ -80.755708, 25.153035 ], [ -80.754634, 25.15566 ], [ -80.754284, 25.158428 ], [ -80.75735, 25.161044 ], [ -80.762997, 25.162578 ], [ -80.768882, 25.162269 ], [ -80.771734, 25.161044 ], [ -80.77273, 25.159 ], [ -80.772531, 25.156083 ], [ -80.771019, 25.154209 ], [ -80.769018, 25.150453 ], [ -80.76878, 25.148302 ], [ -80.769493, 25.144967 ], [ -80.771472, 25.140339 ], [ -80.774627, 25.138437 ], [ -80.776821, 25.13807 ], [ -80.778056, 25.13821 ], [ -80.776975, 25.139608 ], [ -80.774814, 25.142123 ], [ -80.772962, 25.144778 ], [ -80.772036, 25.14855 ], [ -80.773334, 25.153564 ], [ -80.775586, 25.156374 ], [ -80.776358, 25.160566 ], [ -80.779238, 25.164007 ], [ -80.78315, 25.165874 ], [ -80.787438, 25.164437 ], [ -80.788666964169394, 25.164485547231301 ], [ -80.790172, 25.164545 ], [ -80.79363, 25.163717 ], [ -80.797243, 25.159414 ], [ -80.798384680595106, 25.156431082722101 ], [ -80.799048, 25.154698 ], [ -80.798894, 25.150925 ], [ -80.798003, 25.146678 ], [ -80.800526, 25.142985 ], [ -80.800978, 25.144821 ], [ -80.800658, 25.148289 ], [ -80.801981, 25.152602 ], [ -80.800488, 25.15855 ], [ -80.799535, 25.16311 ], [ -80.79831, 25.164958 ], [ -80.796403, 25.169025 ], [ -80.794633, 25.173585 ], [ -80.793544, 25.176419 ], [ -80.794497, 25.179869 ], [ -80.798037, 25.181841 ], [ -80.802122, 25.18221 ], [ -80.805935, 25.184182 ], [ -80.808543, 25.184426 ], [ -80.812506, 25.183568 ], [ -80.814593, 25.18271 ], [ -80.814104, 25.180239 ], [ -80.813696, 25.177898 ], [ -80.813696, 25.175926 ], [ -80.81179, 25.174694 ], [ -80.810019, 25.172352 ], [ -80.809883, 25.168902 ], [ -80.816419, 25.164958 ], [ -80.826359, 25.160645 ], [ -80.828129, 25.165575 ], [ -80.829899, 25.168656 ], [ -80.833167, 25.172599 ], [ -80.838886, 25.175926 ], [ -80.848553, 25.177651 ], [ -80.857851450882194, 25.176611283472202 ], [ -80.858167, 25.176576 ], [ -80.868151, 25.175953 ], [ -80.87546, 25.174321 ], [ -80.880466, 25.171416 ], [ -80.883389, 25.166952 ], [ -80.88552, 25.165241 ], [ -80.888072, 25.166442 ], [ -80.894648, 25.165426 ], [ -80.900066, 25.162034 ], [ -80.901617, 25.153803 ], [ -80.898911, 25.147652 ], [ -80.900577, 25.139669 ], [ -80.915924, 25.141301 ], [ -80.943216, 25.134443 ], [ -80.945543, 25.128436 ], [ -80.949178, 25.130231 ], [ -80.949819, 25.134442 ], [ -80.957427, 25.135704 ], [ -80.96166, 25.134336 ], [ -80.964303, 25.132172 ], [ -80.966675, 25.134027 ], [ -80.971765, 25.133958 ], [ -80.999176, 25.124222 ], [ -81.009598, 25.125403 ], [ -81.022989, 25.129393 ], [ -81.050505, 25.128273 ], [ -81.066076, 25.124286 ], [ -81.079859, 25.118797 ], [ -81.08393, 25.116194 ], [ -81.087927, 25.116171 ], [ -81.090666, 25.11791 ], [ -81.094524, 25.127054 ], [ -81.097261, 25.131273 ], [ -81.103449, 25.137052 ], [ -81.111943, 25.14547 ], [ -81.120616, 25.152302 ], [ -81.127394, 25.155389 ], [ -81.133567, 25.156295 ], [ -81.140985, 25.157189 ], [ -81.141024, 25.163868 ], [ -81.142278, 25.183 ], [ -81.149017, 25.19771 ], [ -81.155481, 25.208098 ], [ -81.161847, 25.214734 ], [ -81.172044, 25.222276 ], [ -81.170907, 25.245857 ], [ -81.168307, 25.253178 ], [ -81.167115, 25.269968 ], [ -81.164214, 25.27424 ], [ -81.161623, 25.275352 ], [ -81.161204, 25.280879 ], [ -81.162761, 25.28481 ], [ -81.16207, 25.289833 ], [ -81.159293, 25.298595 ], [ -81.1523, 25.305543 ], [ -81.148915, 25.318067 ], [ -81.151916, 25.324766 ], [ -81.148103, 25.332793 ], [ -81.140099, 25.341117 ], [ -81.133913, 25.342996 ], [ -81.12141, 25.33875 ], [ -81.118208, 25.34522 ], [ -81.117265, 25.354953 ], [ -81.119157, 25.359261 ], [ -81.12514, 25.361214 ], [ -81.125159, 25.363935 ], [ -81.122527, 25.366933 ], [ -81.12445, 25.371309 ], [ -81.12186, 25.37568 ], [ -81.123048, 25.379116 ], [ -81.128492, 25.380511 ], [ -81.141395, 25.381358 ], [ -81.146868, 25.383614 ], [ -81.150508, 25.387255 ], [ -81.150656, 25.399206 ], [ -81.147144, 25.404297 ], [ -81.146765, 25.407577 ], [ -81.149696, 25.409185 ], [ -81.150482, 25.413457 ], [ -81.149859, 25.41613 ], [ -81.151826, 25.421567 ], [ -81.157512, 25.426565 ], [ -81.157151, 25.434494 ], [ -81.162537, 25.441148 ], [ -81.167109, 25.450878 ], [ -81.168652, 25.463848 ], [ -81.16797, 25.469489 ], [ -81.173436, 25.472064 ], [ -81.180235, 25.47525 ], [ -81.18898, 25.480728 ], [ -81.209707, 25.506491 ], [ -81.210149, 25.516888 ], [ -81.203175, 25.53416 ], [ -81.204389, 25.538908 ], [ -81.209321, 25.548611 ], [ -81.21408, 25.54993 ], [ -81.220044, 25.553667 ], [ -81.225557, 25.55847 ], [ -81.228435, 25.564542 ], [ -81.233577, 25.568906 ], [ -81.232705, 25.573366 ], [ -81.239036, 25.579733 ], [ -81.240224, 25.583163 ], [ -81.242839, 25.592381 ], [ -81.240519, 25.599041 ], [ -81.241708, 25.606524 ], [ -81.251158, 25.608457 ], [ -81.271489, 25.61434 ], [ -81.275268, 25.624724 ], [ -81.273325, 25.638499 ], [ -81.274211, 25.639953 ], [ -81.283007, 25.644887 ], [ -81.28372, 25.653672 ], [ -81.289899, 25.654315 ], [ -81.289424, 25.657957 ], [ -81.289424, 25.663741 ], [ -81.284907, 25.668884 ], [ -81.291853, 25.672484 ], [ -81.287523, 25.679379 ], [ -81.290328, 25.687506 ], [ -81.303259, 25.693734 ], [ -81.311899, 25.702911 ], [ -81.318183, 25.70551 ], [ -81.330305, 25.710649 ], [ -81.335037, 25.715649 ], [ -81.346078, 25.721473 ], [ -81.355248, 25.728727 ], [ -81.36049, 25.736987 ], [ -81.360159, 25.741793 ], [ -81.369997, 25.743409 ], [ -81.381881, 25.74919 ], [ -81.379448, 25.757147 ], [ -81.380576, 25.766724 ], [ -81.381406, 25.775519 ], [ -81.38381, 25.776751 ], [ -81.389012, 25.781297 ], [ -81.395192, 25.779157 ], [ -81.41504, 25.78435 ], [ -81.423989, 25.79372 ], [ -81.435597, 25.796064 ], [ -81.441368, 25.799226 ], [ -81.457889, 25.797754 ], [ -81.470229, 25.803327 ], [ -81.470031657512607, 25.803578565091101 ], [ -81.46398, 25.811293 ], [ -81.464703453645697, 25.811967500764901 ], [ -81.468118, 25.815151 ], [ -81.476478, 25.817247 ], [ -81.479447, 25.821304 ], [ -81.489538, 25.822115 ], [ -81.491296, 25.824779 ], [ -81.493045, 25.830877 ], [ -81.499616, 25.834805 ], [ -81.505172, 25.836153 ], [ -81.511535, 25.8323 ], [ -81.514982, 25.838641 ], [ -81.522826, 25.840994 ], [ -81.530006, 25.838613 ], [ -81.527817, 25.849978 ], [ -81.534234, 25.856609 ], [ -81.542355, 25.85255 ], [ -81.547894, 25.849608 ], [ -81.552536, 25.85832 ], [ -81.56133, 25.861742 ], [ -81.564393, 25.856209 ], [ -81.569375, 25.859417 ], [ -81.572738, 25.865592 ], [ -81.579123, 25.864855 ], [ -81.581338, 25.870816 ], [ -81.582483, 25.876712 ], [ -81.587825, 25.879384 ], [ -81.59304, 25.883336 ], [ -81.604965, 25.892077 ], [ -81.617717, 25.891283 ], [ -81.622625, 25.890658 ], [ -81.635874, 25.898582 ], [ -81.637398, 25.901711 ], [ -81.63858, 25.905431 ], [ -81.638872896958205, 25.905431 ], [ -81.642345, 25.905431 ], [ -81.654217, 25.895947 ], [ -81.660338, 25.890133 ], [ -81.664783, 25.885606 ], [ -81.672088, 25.881845 ], [ -81.675178, 25.876498 ], [ -81.6709, 25.871794 ], [ -81.669608, 25.866357 ], [ -81.672633, 25.856654 ], [ -81.677506, 25.850356 ], [ -81.678287, 25.845301 ], [ -81.68059, 25.845265 ], [ -81.6848, 25.847205 ], [ -81.68954, 25.85271 ], [ -81.700656, 25.873811 ], [ -81.713172, 25.897568 ], [ -81.716505852588895, 25.900869363217101 ], [ -81.717687, 25.902039 ], [ -81.717825219503396, 25.905010719324 ], [ -81.717961, 25.90793 ], [ -81.722714, 25.908785 ], [ -81.72857, 25.908161 ], [ -81.729489, 25.909408 ], [ -81.729336, 25.918449 ], [ -81.729877633764602, 25.921154475158399 ], [ -81.73195, 25.931506 ], [ -81.734618, 25.936133 ], [ -81.738857, 25.941104 ], [ -81.745496, 25.946231 ], [ -81.753137, 25.951108 ], [ -81.753426613271102, 25.951863163253801 ], [ -81.755514, 25.957306 ], [ -81.7529, 25.961152 ], [ -81.744581, 25.970127 ], [ -81.738163, 25.971837 ], [ -81.738868968844002, 25.9737410365878 ], [ -81.739589, 25.975683 ], [ -81.741147531005097, 25.976596680605699 ], [ -81.745056, 25.978888 ], [ -81.747232, 25.984072 ], [ -81.749167, 25.991645 ], [ -81.752589, 25.993431 ], [ -81.757864, 25.998723 ], [ -81.762439, 26.00607 ], [ -81.77316, 26.033018 ], [ -81.784957, 26.054013 ], [ -81.796139997907602, 26.078916499360599 ], [ -81.801748, 26.091405 ], [ -81.801866565638207, 26.092423158361299 ], [ -81.805339843976896, 26.122249231390398 ], [ -81.808833, 26.152246 ], [ -81.809770697062305, 26.155641804092301 ], [ -81.81461, 26.173167 ], [ -81.814658515903702, 26.173916769186501 ], [ -81.815658790017395, 26.1893750962731 ], [ -81.81681, 26.207166 ], [ -81.817297148191898, 26.2108929042396 ], [ -81.8184013091482, 26.219340235498599 ], [ -81.818511, 26.2201794201811 ], [ -81.820116458456297, 26.232461904293899 ], [ -81.820265845209804, 26.2336047805974 ], [ -81.820675, 26.236735 ], [ -81.824384763922794, 26.253929296041601 ], [ -81.824437837860899, 26.2541752871673 ], [ -81.828349046861206, 26.272303256178802 ], [ -81.830705420630906, 26.2832247565829 ], [ -81.831742881373302, 26.288033258554201 ], [ -81.833142, 26.294518 ], [ -81.844555, 26.327712 ], [ -81.845775277057797, 26.3303814585148 ], [ -81.854977, 26.350511 ], [ -81.856555854770704, 26.353170174773201 ], [ -81.858714820103799, 26.356806396582002 ], [ -81.863132, 26.364246 ], [ -81.862902, 26.36597 ], [ -81.868983, 26.378648 ], [ -81.876519, 26.386977 ], [ -81.884271, 26.393959 ], [ -81.885571, 26.397727 ], [ -81.882669, 26.400634 ], [ -81.882647313761098, 26.400914391947399 ], [ -81.882545337472493, 26.402232893064198 ], [ -81.882513, 26.402651 ], [ -81.884558, 26.403663 ], [ -81.893902, 26.403629 ], [ -81.901721, 26.411107 ], [ -81.903015, 26.417074 ], [ -81.903022747294798, 26.417086725661299 ], [ -81.906546, 26.422874 ], [ -81.9072595690307, 26.423612721829201 ], [ -81.912844, 26.429394 ], [ -81.923611, 26.436658 ], [ -81.9237313414054, 26.436726301878799 ], [ -81.938411, 26.445058 ], [ -81.956158, 26.452588 ], [ -81.956588045264596, 26.452844046505099 ], [ -81.963931, 26.457216 ], [ -81.967424, 26.460855 ], [ -81.969278, 26.463887 ], [ -81.968943, 26.464836 ], [ -81.966854, 26.465515 ], [ -81.965632, 26.464799 ], [ -81.964394, 26.462068 ], [ -81.961399, 26.459546 ], [ -81.955909, 26.457503 ], [ -81.955294329721795, 26.4582182004639 ], [ -81.954839, 26.458748 ], [ -81.955140480353407, 26.460151075699699 ], [ -81.956545717988504, 26.466690987026599 ], [ -81.956622, 26.467046 ], [ -81.969509, 26.476505 ], [ -81.972745077475693, 26.477790996333301 ], [ -81.980712, 26.480957 ], [ -81.997012, 26.484856 ], [ -81.998025979731295, 26.484787773394899 ], [ -82.008961, 26.484052 ], [ -82.009516599148895, 26.484470253381701 ], [ -82.012715, 26.486878 ], [ -82.010817, 26.493598 ], [ -82.007249, 26.49714 ], [ -82.008339, 26.502105 ], [ -82.007582, 26.506303 ], [ -82.010122, 26.512923 ], [ -82.00905, 26.52007 ], [ -81.998313, 26.526377 ], [ -81.998294605102899, 26.526972675570999 ], [ -81.998213085600995, 26.529612493316701 ], [ -81.998163911678901, 26.5312048753776 ], [ -81.998117, 26.532724 ], [ -82.000258858533698, 26.533188867522899 ], [ -82.005315769744499, 26.5342864161011 ], [ -82.005899, 26.534413 ], [ -82.0064232071974, 26.534102234758599 ], [ -82.013535063687897, 26.529886119813899 ], [ -82.015298, 26.528841 ], [ -82.017519316765402, 26.529164634115801 ], [ -82.025518, 26.53033 ], [ -82.038724, 26.525647 ], [ -82.039978, 26.526952 ], [ -82.038507, 26.529225 ], [ -82.039415, 26.532244 ], [ -82.043106, 26.532669 ], [ -82.044003, 26.534451 ], [ -82.042697, 26.536368 ], [ -82.044714, 26.539831 ], [ -82.051188, 26.542237 ], [ -82.054706, 26.548051 ], [ -82.057367636223006, 26.548329469942701 ], [ -82.05808, 26.548404 ], [ -82.0590771637481, 26.547246161760199 ], [ -82.064730294575597, 26.540682133475901 ], [ -82.065786691023007, 26.539455518283098 ], [ -82.069251, 26.535433 ], [ -82.071628, 26.525651 ], [ -82.071216834647601, 26.5240380076369 ], [ -82.068538, 26.513529 ], [ -82.065162321491798, 26.5066633773314 ], [ -82.063309, 26.502894 ], [ -82.062747414771707, 26.502391400036501 ], [ -82.058972027064399, 26.499012554531902 ], [ -82.056892, 26.497151 ], [ -82.056892, 26.496786808510599 ], [ -82.056892, 26.493748 ], [ -82.057751721704904, 26.493678912120298 ], [ -82.0693413999375, 26.492747556903701 ], [ -82.07175, 26.492554 ], [ -82.074497148478898, 26.491959260521 ], [ -82.081500243056695, 26.490443136855699 ], [ -82.084785434628301, 26.489731914605201 ], [ -82.085889, 26.489493 ], [ -82.096109, 26.48393 ], [ -82.105672, 26.48393 ], [ -82.106501, 26.491392 ], [ -82.102707, 26.499695 ], [ -82.1019324095315, 26.503813127712 ], [ -82.101287810696206, 26.5072401519712 ], [ -82.1009004965304, 26.509299316477001 ], [ -82.100625, 26.510764 ], [ -82.109149, 26.515233 ], [ -82.107042, 26.518208 ], [ -82.102051, 26.519484 ], [ -82.104666, 26.523524 ], [ -82.105163041428199, 26.5237966037474 ], [ -82.112034, 26.527565 ], [ -82.113697, 26.532243 ], [ -82.113935, 26.540749 ], [ -82.122491, 26.554994 ], [ -82.125106, 26.568175 ], [ -82.124788139718106, 26.574524181114999 ], [ -82.124664601304403, 26.576991830607099 ], [ -82.124393, 26.582417 ], [ -82.121611, 26.585266 ], [ -82.122083003856702, 26.586358337489202 ], [ -82.123498, 26.589633 ], [ -82.126568, 26.590358 ], [ -82.127249870044196, 26.592846154948901 ], [ -82.130074734369401, 26.6031541310956 ], [ -82.132007, 26.610205 ], [ -82.138654, 26.612596 ], [ -82.144596, 26.622796 ], [ -82.147686, 26.634481 ], [ -82.144358, 26.638943 ], [ -82.142554, 26.643911 ], [ -82.145521585019395, 26.648009150972701 ], [ -82.146622586739696, 26.6495296032064 ], [ -82.149943, 26.654115 ], [ -82.150401379202606, 26.654547589138701 ], [ -82.152775931545307, 26.6567885406191 ], [ -82.154681709689498, 26.658587092824799 ], [ -82.1611686808901, 26.664709083675 ], [ -82.166028, 26.669295 ], [ -82.169314, 26.67654 ], [ -82.17288, 26.678664 ], [ -82.175732, 26.678452 ], [ -82.181565, 26.681712 ], [ -82.182172412412996, 26.683355904412998 ], [ -82.183813, 26.687796 ], [ -82.183575, 26.695016 ], [ -82.181198, 26.698201 ], [ -82.179941553166401, 26.6994683605954 ], [ -82.17383, 26.705633 ], [ -82.158143, 26.707331 ], [ -82.151668, 26.704136 ], [ -82.139019, 26.702986 ], [ -82.125795, 26.699536 ], [ -82.122867749055402, 26.695876830244099 ], [ -82.119618808649506, 26.691815537004501 ], [ -82.118896, 26.690912 ], [ -82.111796, 26.681637 ], [ -82.107553283770301, 26.670704875896099 ], [ -82.106247, 26.667339 ], [ -82.105034429558202, 26.666457424768399 ], [ -82.103624, 26.665432 ], [ -82.103952, 26.654238 ], [ -82.098961, 26.645954 ], [ -82.08779, 26.647228 ], [ -82.082570214589396, 26.6530599937626 ], [ -82.082086, 26.653601 ], [ -82.086595338248998, 26.660008162017501 ], [ -82.090240486876297, 26.665187427032201 ], [ -82.090951054532596, 26.666197047922601 ], [ -82.091355, 26.666771 ], [ -82.091224429571298, 26.667286636838 ], [ -82.086698, 26.685162 ], [ -82.085563697278005, 26.696510948754 ], [ -82.084974, 26.702411 ], [ -82.083984740745393, 26.705158560051402 ], [ -82.079799, 26.716784 ], [ -82.076284299125106, 26.723660577112501 ], [ -82.074612211525306, 26.726932047353699 ], [ -82.070137549910797, 26.735686805365901 ], [ -82.066575, 26.742657 ], [ -82.063412576930602, 26.755752175796999 ], [ -82.062754739757395, 26.758476192552699 ], [ -82.059873923925494, 26.7704052700131 ], [ -82.059753, 26.770906 ], [ -82.056302, 26.775799 ], [ -82.055797, 26.786493 ], [ -82.051004, 26.791858 ], [ -82.050974, 26.799017 ], [ -82.049949420301104, 26.8079682227539 ], [ -82.049217, 26.814367 ], [ -82.054557, 26.832973 ], [ -82.052163979702399, 26.843663845390498 ], [ -82.051479, 26.846724 ], [ -82.051105, 26.864955 ], [ -82.060284, 26.880369 ], [ -82.060688136258804, 26.880602379791899 ], [ -82.065621, 26.883451 ], [ -82.086661, 26.888538 ], [ -82.087106028391901, 26.889100974397302 ], [ -82.091479278799, 26.894633268643801 ], [ -82.093098, 26.896681 ], [ -82.095416827466394, 26.908802711421899 ], [ -82.095511, 26.909295 ], [ -82.095639229346901, 26.909712485316099 ], [ -82.097114, 26.914514 ], [ -82.092306, 26.923058 ], [ -82.08684, 26.927721 ], [ -82.083249, 26.927791 ], [ -82.078758, 26.926025 ], [ -82.067725, 26.927791 ], [ -82.066941136113897, 26.9282614001404 ], [ -82.061976, 26.931241 ], [ -82.055228, 26.935773 ], [ -82.053802, 26.939799 ], [ -82.056750187747596, 26.944004199073401 ], [ -82.057928844081204, 26.945685396115799 ], [ -82.060932, 26.949969 ], [ -82.066161, 26.954418 ], [ -82.078838, 26.959145 ], [ -82.082376611025197, 26.959080382966199 ], [ -82.087381, 26.958989 ], [ -82.09536, 26.953856 ], [ -82.099383, 26.953374 ], [ -82.101573, 26.959213 ], [ -82.113425, 26.962153 ], [ -82.11418, 26.964647 ], [ -82.117802802779494, 26.9651308979949 ], [ -82.117841, 26.965136 ], [ -82.119557, 26.96316 ], [ -82.118102, 26.961057 ], [ -82.118451, 26.958231 ], [ -82.117063838634493, 26.954918703150401 ], [ -82.115478, 26.951132 ], [ -82.124645, 26.945615 ], [ -82.126538, 26.939787 ], [ -82.133163, 26.933686 ], [ -82.135567, 26.928954 ], [ -82.141428, 26.92393 ], [ -82.154303, 26.924871 ], [ -82.158882, 26.929819 ], [ -82.166561, 26.934254 ], [ -82.167888, 26.938316 ], [ -82.174068, 26.941706 ], [ -82.178367857908597, 26.938881480848998 ], [ -82.1831, 26.935773 ], [ -82.181198, 26.921363 ], [ -82.178692103862801, 26.916148767869501 ], [ -82.170503, 26.899109 ], [ -82.15339, 26.853952 ], [ -82.145071, 26.788834 ], [ -82.146259, 26.782893 ], [ -82.151093, 26.783479 ], [ -82.161709, 26.778437 ], [ -82.171120701165293, 26.770798204867901 ], [ -82.172167, 26.769949 ], [ -82.185476, 26.770044 ], [ -82.187186367314595, 26.7708458777544 ], [ -82.190706, 26.772496 ], [ -82.197123, 26.77292 ], [ -82.201020534313599, 26.7707662433106 ], [ -82.202114, 26.770162 ], [ -82.203303, 26.765705 ], [ -82.205442, 26.764432 ], [ -82.210002, 26.768077 ], [ -82.220653, 26.766554 ], [ -82.230636, 26.77101 ], [ -82.238063579020107, 26.768084373960999 ], [ -82.238717, 26.767827 ], [ -82.249888, 26.762946 ], [ -82.253215, 26.754033 ], [ -82.254404, 26.745543 ], [ -82.257386383479101, 26.735777199796999 ], [ -82.259752, 26.728031 ], [ -82.259385485552698, 26.724349283370501 ], [ -82.258801, 26.718478 ], [ -82.261941, 26.717085 ], [ -82.264268, 26.720162 ], [ -82.263804, 26.725644 ], [ -82.264682, 26.756836 ], [ -82.269499, 26.784674 ], [ -82.272092357611697, 26.789517629362901 ], [ -82.274246, 26.79354 ], [ -82.28268, 26.804206 ], [ -82.284364, 26.809297 ], [ -82.282255, 26.810962 ], [ -82.282533, 26.815992 ], [ -82.289582, 26.826641 ], [ -82.3010336840332, 26.840724291200001 ], [ -82.301736, 26.841588 ], [ -82.302657195611502, 26.842962877649398 ], [ -82.321755332890106, 26.8714667065437 ], [ -82.325779, 26.877472 ], [ -82.334545, 26.88435 ], [ -82.341597585173105, 26.893540433429798 ], [ -82.342469, 26.894676 ], [ -82.351649, 26.908384 ], [ -82.358784, 26.919542 ], [ -82.371007, 26.938653 ], [ -82.3752262256954, 26.946040662279099 ], [ -82.377046, 26.949227 ], [ -82.381608, 26.957687 ], [ -82.392795, 26.972711 ], [ -82.400618, 26.984937 ], [ -82.409548, 27.004508 ], [ -82.419218, 27.020736 ], [ -82.445718, 27.060634 ], [ -82.4457498095544, 27.060713987044799 ], [ -82.453966191365694, 27.081374575065599 ], [ -82.455928678394798, 27.0863093671596 ], [ -82.456329, 27.087316 ], [ -82.457758887252396, 27.091837525680099 ], [ -82.460319, 27.099933 ], [ -82.460339454995605, 27.099977178699501 ], [ -82.461769717023103, 27.103066258626601 ], [ -82.465319, 27.110732 ], [ -82.466069547061295, 27.111337313787899 ], [ -82.467644300481794, 27.112607347350199 ], [ -82.46889, 27.113612 ], [ -82.477019, 27.141231 ], [ -82.486667, 27.158663 ], [ -82.492836, 27.16839 ], [ -82.499646291661307, 27.1800811127335 ], [ -82.499927, 27.180563 ], [ -82.50284, 27.189728 ], [ -82.511082, 27.20758 ], [ -82.511385933552504, 27.2079988883632 ], [ -82.514223, 27.211909 ], [ -82.516107974096599, 27.215883642524702 ], [ -82.519744090010505, 27.2235507298134 ], [ -82.522032, 27.228375 ], [ -82.528287, 27.237371 ], [ -82.533134, 27.241266 ], [ -82.536228, 27.245397 ], [ -82.536458, 27.248758 ], [ -82.538047635747304, 27.251472226262202 ], [ -82.539719, 27.254326 ], [ -82.541189334149394, 27.2561499657103 ], [ -82.541970726126806, 27.257119291066399 ], [ -82.54512, 27.261026 ], [ -82.556397472495803, 27.266730788859899 ], [ -82.557669, 27.267374 ], [ -82.563994, 27.269857 ], [ -82.564278831764696, 27.270189633257299 ], [ -82.566969485906995, 27.273331842668 ], [ -82.568892, 27.275577 ], [ -82.569754, 27.279452 ], [ -82.567219979658802, 27.2820447461892 ], [ -82.564576, 27.28475 ], [ -82.561724, 27.289186 ], [ -82.561655307676702, 27.289430138461402 ], [ -82.560326147211001, 27.294154089780001 ], [ -82.56006, 27.2951 ], [ -82.562424379565201, 27.295940783241502 ], [ -82.566002, 27.297213 ], [ -82.569248, 27.298588 ], [ -82.57602, 27.309324 ], [ -82.583531, 27.317588 ], [ -82.586751, 27.319607 ], [ -82.588375, 27.324436 ], [ -82.589521640457903, 27.326699318451599 ], [ -82.589815785478905, 27.327279922291901 ], [ -82.590365, 27.328364 ], [ -82.597629, 27.335754 ], [ -82.604202932765801, 27.342382561009401 ], [ -82.611941203160399, 27.350185135091799 ], [ -82.612020092862195, 27.350264680353401 ], [ -82.618110375271797, 27.356405571955801 ], [ -82.623863, 27.362206 ], [ -82.637543, 27.379977 ], [ -82.642821, 27.38972 ], [ -82.642834545026602, 27.389736977096099 ], [ -82.657782120630301, 27.408472003252701 ], [ -82.661078, 27.412603 ], [ -82.675086179175594, 27.424288951651501 ], [ -82.675121, 27.424318 ], [ -82.690071, 27.434415 ], [ -82.691821, 27.437218 ], [ -82.691081157441999, 27.443659248610299 ], [ -82.691004, 27.444331 ], [ -82.702565239382807, 27.474087596625299 ], [ -82.706846618863196, 27.485107114341002 ], [ -82.707821, 27.487615 ], [ -82.712351187954297, 27.496269687435099 ], [ -82.714521, 27.500415 ], [ -82.715391078666897, 27.5015633020023 ], [ -82.722341156422999, 27.5107357923835 ], [ -82.724522, 27.513614 ], [ -82.724862959603101, 27.513936100361398 ], [ -82.731486864490805, 27.520193622188899 ], [ -82.731647549413296, 27.520345419267301 ], [ -82.732493870262005, 27.521144928208599 ], [ -82.736859975930699, 27.525269534764 ], [ -82.738420181199203, 27.526743441574101 ], [ -82.743017, 27.531086 ], [ -82.744474719251301, 27.535221631182299 ], [ -82.745748, 27.538834 ], [ -82.742437, 27.53936 ], [ -82.734858, 27.534839 ], [ -82.730641551161298, 27.532794249003999 ], [ -82.722194213031898, 27.5286977441692 ], [ -82.720908, 27.528074 ], [ -82.719155, 27.52611 ], [ -82.718986677516597, 27.526128128097099 ], [ -82.716713, 27.526373 ], [ -82.708044, 27.523106 ], [ -82.708435610191302, 27.520675127069602 ], [ -82.7092376616, 27.515696489890299 ], [ -82.709616, 27.513348 ], [ -82.711579, 27.508938 ], [ -82.710621, 27.501715 ], [ -82.707549186046506, 27.499047372092999 ], [ -82.706821, 27.498415 ], [ -82.703340710433693, 27.497990574443101 ], [ -82.699327036342297, 27.497501101992899 ], [ -82.697435099317602, 27.497270377965599 ], [ -82.690421, 27.496415 ], [ -82.688410140321807, 27.497218312180198 ], [ -82.686133, 27.498128 ], [ -82.686921, 27.508015 ], [ -82.683621, 27.513115 ], [ -82.683372874459593, 27.513294174209701 ], [ -82.674621, 27.519614 ], [ -82.66202, 27.522814 ], [ -82.655618, 27.521262 ], [ -82.648477, 27.522346 ], [ -82.645259521877094, 27.523772681506699 ], [ -82.641346, 27.525508 ], [ -82.643843836571605, 27.528473887810499 ], [ -82.646672, 27.531832 ], [ -82.646014, 27.53354 ], [ -82.634929, 27.539207 ], [ -82.634119273382098, 27.542782917167699 ], [ -82.632053, 27.551908 ], [ -82.626722, 27.558894 ], [ -82.612019, 27.571231 ], [ -82.613003, 27.582837 ], [ -82.612590473696997, 27.5836216340102 ], [ -82.611717, 27.585283 ], [ -82.601727, 27.589888 ], [ -82.596488, 27.594045 ], [ -82.587631, 27.594133 ], [ -82.584629, 27.596021 ], [ -82.581451, 27.596306 ], [ -82.57745, 27.599556 ], [ -82.578537, 27.602076 ], [ -82.577738, 27.605388 ], [ -82.572512, 27.607135 ], [ -82.570607, 27.608882 ], [ -82.565667, 27.615713 ], [ -82.564453, 27.621779 ], [ -82.566002, 27.624528 ], [ -82.563723, 27.63144 ], [ -82.562912, 27.638004 ], [ -82.558538, 27.638678 ], [ -82.554407209355105, 27.645292633205901 ], [ -82.554088587619503, 27.645802842048099 ], [ -82.537146, 27.672933 ], [ -82.535898968581705, 27.674618181527698 ], [ -82.534747298528004, 27.6761744960457 ], [ -82.530676753173694, 27.6816752458571 ], [ -82.528582, 27.684506 ], [ -82.52417, 27.688737 ], [ -82.51704, 27.697997 ], [ -82.517016433562105, 27.700224934781598 ], [ -82.517010484668603, 27.700787334028199 ], [ -82.517001, 27.701684 ], [ -82.514265, 27.705588 ], [ -82.512850870680595, 27.7065642557885 ], [ -82.511527019974096, 27.7074781869952 ], [ -82.494891, 27.718963 ], [ -82.494244568505593, 27.719010955012799 ], [ -82.483859055133095, 27.7197813961672 ], [ -82.482449, 27.719886 ], [ -82.482393694546403, 27.719928258563101 ], [ -82.482116002523, 27.720140441360801 ], [ -82.479469, 27.722163 ], [ -82.478463, 27.721914 ], [ -82.476714, 27.723687 ], [ -82.477093, 27.725138 ], [ -82.478084, 27.725749 ], [ -82.476197, 27.728803 ], [ -82.476947130857695, 27.7339645763848 ], [ -82.477129, 27.735216 ], [ -82.479242, 27.740124 ], [ -82.481419, 27.743366 ], [ -82.478339, 27.74625 ], [ -82.470478, 27.74864 ], [ -82.468128, 27.747842 ], [ -82.467076, 27.74887 ], [ -82.463242, 27.750692 ], [ -82.461956, 27.748108 ], [ -82.461391, 27.74739 ], [ -82.460386, 27.747609 ], [ -82.457543, 27.752571 ], [ -82.455231, 27.753761 ], [ -82.452632, 27.753593 ], [ -82.451637, 27.755263 ], [ -82.447723, 27.756549 ], [ -82.446165487871895, 27.757570627673498 ], [ -82.445793718241404, 27.7578144846143 ], [ -82.445238, 27.758179 ], [ -82.442638, 27.757543 ], [ -82.438083985310797, 27.761438768706299 ], [ -82.432457940042994, 27.766251614643501 ], [ -82.432378, 27.76632 ], [ -82.432429356466301, 27.766608695749301 ], [ -82.432706581569207, 27.768167091693499 ], [ -82.432761, 27.768473 ], [ -82.429528, 27.771444 ], [ -82.428921666342305, 27.7727324590225 ], [ -82.428744, 27.77311 ], [ -82.428506, 27.774601 ], [ -82.429701919634894, 27.774790232193499 ], [ -82.430225, 27.774873 ], [ -82.43219, 27.773063 ], [ -82.435753, 27.775413 ], [ -82.427066646347797, 27.7843449953596 ], [ -82.421220991250905, 27.790355959947199 ], [ -82.419239, 27.792394 ], [ -82.414049, 27.792482 ], [ -82.412882197392804, 27.7932656187761 ], [ -82.411817, 27.793981 ], [ -82.41211, 27.802079 ], [ -82.411885, 27.805915 ], [ -82.410493, 27.810729 ], [ -82.402906, 27.812111 ], [ -82.398506, 27.814215 ], [ -82.39369, 27.814126 ], [ -82.391981, 27.817201 ], [ -82.385854, 27.819651 ], [ -82.386868, 27.823978 ], [ -82.391901, 27.823857 ], [ -82.39468, 27.833012 ], [ -82.393516972844296, 27.8370534521131 ], [ -82.393383, 27.837519 ], [ -82.394533534568794, 27.841499849607999 ], [ -82.394733, 27.84219 ], [ -82.393284, 27.843609 ], [ -82.392153, 27.845512 ], [ -82.392403, 27.846052 ], [ -82.394405, 27.845796 ], [ -82.396481, 27.844991 ], [ -82.396929, 27.845506 ], [ -82.397463, 27.851631 ], [ -82.397831, 27.853842 ], [ -82.3981136324456, 27.853849540216402 ], [ -82.402329, 27.853962 ], [ -82.40438, 27.857817 ], [ -82.40129, 27.860759 ], [ -82.403299, 27.874012 ], [ -82.401577, 27.876363 ], [ -82.402615, 27.882602 ], [ -82.415318, 27.900378 ], [ -82.429734, 27.900317 ], [ -82.432895, 27.898848 ], [ -82.435432754338507, 27.903220099255599 ], [ -82.442434, 27.915282 ], [ -82.443876232403397, 27.9155174125335 ], [ -82.444615, 27.915638 ], [ -82.446238, 27.912378 ], [ -82.44559, 27.909965 ], [ -82.449016, 27.907124 ], [ -82.451591, 27.907506 ], [ -82.453731, 27.908546 ], [ -82.455047006723404, 27.9085252892014 ], [ -82.46053, 27.908439 ], [ -82.461796, 27.909722 ], [ -82.462271, 27.920155 ], [ -82.462006705969401, 27.922368544402101 ], [ -82.460254, 27.937048 ], [ -82.461430280067603, 27.9381625970885 ], [ -82.461894, 27.938602 ], [ -82.463587747342103, 27.937690299273601 ], [ -82.464101060004197, 27.937413996241101 ], [ -82.466414, 27.936169 ], [ -82.467613, 27.933242 ], [ -82.47313, 27.932025 ], [ -82.474155170527098, 27.9313003769497 ], [ -82.476499329307103, 27.929643451159599 ], [ -82.482523581636798, 27.925385318504102 ], [ -82.4827937387372, 27.925194362895301 ], [ -82.485901125681906, 27.922997963226301 ], [ -82.488004586352901, 27.9215111704954 ], [ -82.490417, 27.919806 ], [ -82.491717, 27.914706 ], [ -82.491365032117002, 27.9128038861056 ], [ -82.490603426976705, 27.908688 ], [ -82.489270141891197, 27.901482626417401 ], [ -82.48812, 27.895267 ], [ -82.4874858762618, 27.894754529047798 ], [ -82.480739, 27.889302 ], [ -82.481816737479093, 27.880719866082799 ], [ -82.482067, 27.878727 ], [ -82.484256, 27.877817 ], [ -82.487282, 27.87441 ], [ -82.487509292141297, 27.873825768542201 ], [ -82.489363, 27.869061 ], [ -82.4886913031918, 27.8646594015175 ], [ -82.488466, 27.863183 ], [ -82.480714994372207, 27.853935582191902 ], [ -82.480137, 27.853246 ], [ -82.479122847265103, 27.852542657142401 ], [ -82.471624, 27.847342 ], [ -82.46884, 27.843295 ], [ -82.4702703427199, 27.835056225933499 ], [ -82.47244, 27.822559 ], [ -82.475273, 27.820991 ], [ -82.489849, 27.822607 ], [ -82.511193, 27.828015 ], [ -82.528522, 27.836634 ], [ -82.533889, 27.832925 ], [ -82.537514, 27.835655 ], [ -82.537343, 27.8367 ], [ -82.534599, 27.839942 ], [ -82.535163, 27.840833 ], [ -82.535917577225007, 27.840810058458398 ], [ -82.536676, 27.840787 ], [ -82.542094, 27.845679 ], [ -82.546527, 27.849136 ], [ -82.547817, 27.851452 ], [ -82.549953, 27.851808 ], [ -82.553001, 27.847391 ], [ -82.554572, 27.847961 ], [ -82.554659, 27.850287 ], [ -82.551818, 27.856514 ], [ -82.552918, 27.862702 ], [ -82.538618, 27.864901 ], [ -82.536223824733597, 27.8672305232982 ], [ -82.531619, 27.871711 ], [ -82.529918, 27.877501 ], [ -82.530442573361896, 27.877954625842001 ], [ -82.531833, 27.879157 ], [ -82.531365, 27.882822 ], [ -82.52995, 27.885097 ], [ -82.530929, 27.886212 ], [ -82.538872, 27.885552 ], [ -82.539372, 27.884474 ], [ -82.541539, 27.884389 ], [ -82.540893, 27.889495 ], [ -82.542354, 27.890514 ], [ -82.542349050903297, 27.8905615361511 ], [ -82.542035, 27.893578 ], [ -82.534794, 27.893605 ], [ -82.5322984362152, 27.8957737095715 ], [ -82.532053, 27.895987 ], [ -82.531923021463797, 27.897893351864301 ], [ -82.5319, 27.898231 ], [ -82.535269, 27.898659 ], [ -82.5359, 27.900799 ], [ -82.535492, 27.903214 ], [ -82.531318, 27.9039 ], [ -82.531200213338295, 27.904145352658801 ], [ -82.530776, 27.905029 ], [ -82.531551, 27.906987 ], [ -82.531626248687601, 27.908486455514399 ], [ -82.531943090496199, 27.9148000566211 ], [ -82.532001, 27.915954 ], [ -82.534824, 27.916597 ], [ -82.535373, 27.918154 ], [ -82.534182, 27.918736 ], [ -82.534143, 27.919908 ], [ -82.534644707653896, 27.9203104841346 ], [ -82.53522, 27.920772 ], [ -82.535137, 27.92203 ], [ -82.533452, 27.923068 ], [ -82.533420483412996, 27.9235011698349 ], [ -82.533378309923805, 27.924080810116799 ], [ -82.533323, 27.924841 ], [ -82.530866, 27.926416 ], [ -82.530844, 27.928253 ], [ -82.532195463650993, 27.9289833521809 ], [ -82.533442, 27.929657 ], [ -82.533718, 27.932999 ], [ -82.533306, 27.934693 ], [ -82.532426425481702, 27.935602193383598 ], [ -82.531643, 27.936412 ], [ -82.533376, 27.938538 ], [ -82.536667, 27.938506 ], [ -82.53826, 27.940663 ], [ -82.543921, 27.940601 ], [ -82.544585607392605, 27.943101850667599 ], [ -82.544735, 27.943664 ], [ -82.540453, 27.94704 ], [ -82.541218, 27.948998 ], [ -82.545597, 27.950297 ], [ -82.545656, 27.952277 ], [ -82.54372, 27.952979 ], [ -82.54421, 27.956169 ], [ -82.549094539084507, 27.9616175654869 ], [ -82.553918, 27.966998 ], [ -82.565506, 27.967076 ], [ -82.568854, 27.961364 ], [ -82.57337, 27.963044 ], [ -82.5711910739833, 27.9682247668106 ], [ -82.57028, 27.970391 ], [ -82.566295, 27.972455 ], [ -82.566917946517805, 27.9732746664708 ], [ -82.568632, 27.97553 ], [ -82.572836, 27.974957 ], [ -82.574639560067297, 27.9756345509273 ], [ -82.580656227934796, 27.977894857620999 ], [ -82.583086904455399, 27.978808 ], [ -82.583427760541596, 27.978936050826501 ], [ -82.583454070840205, 27.978945934925999 ], [ -82.58359, 27.978997 ], [ -82.596439, 27.979846 ], [ -82.602417, 27.982301 ], [ -82.611317, 27.988352 ], [ -82.611569, 27.990307 ], [ -82.614416, 27.990458 ], [ -82.620607, 27.995541 ], [ -82.622588, 28.000144 ], [ -82.623914700379899, 28.000479623608001 ], [ -82.627628, 28.001419 ], [ -82.630807, 28.002652 ], [ -82.636496, 28.00588 ], [ -82.638158127737796, 28.008138319511499 ], [ -82.639401, 28.009827 ], [ -82.640421445481905, 28.0164699 ], [ -82.640472, 28.016799 ], [ -82.640482511263997, 28.016799607738601 ], [ -82.640682084465894, 28.016811146630602 ], [ -82.643872449182396, 28.016995606636002 ], [ -82.646906, 28.017171 ], [ -82.648527793204906, 28.018126799088101 ], [ -82.648652, 28.0182 ], [ -82.655132, 28.016773 ], [ -82.657446, 28.013689 ], [ -82.657377940896893, 28.0123585417615 ], [ -82.657271, 28.010268 ], [ -82.654894, 28.009429 ], [ -82.657271, 28.002714 ], [ -82.657882, 28.00017 ], [ -82.661641, 28.000649 ], [ -82.663556, 27.99987 ], [ -82.664975, 28.001326 ], [ -82.663698, 28.005537 ], [ -82.664118, 28.009339 ], [ -82.66765, 28.016348 ], [ -82.665827, 28.019081 ], [ -82.665114, 28.024956 ], [ -82.665352, 28.028103 ], [ -82.66963, 28.030411 ], [ -82.676530587346704, 28.0327683260521 ], [ -82.676998, 28.032928 ], [ -82.680563, 28.03146 ], [ -82.686743, 28.030201 ], [ -82.688430197669604, 28.0288179846026 ], [ -82.689989107507898, 28.0275401282207 ], [ -82.690071, 28.027473 ], [ -82.689121991225505, 28.026171769955599 ], [ -82.685108, 28.020668 ], [ -82.685016271102199, 28.020387778371902 ], [ -82.684318024201104, 28.018254711385701 ], [ -82.683480680418995, 28.015696718826099 ], [ -82.68294, 28.014045 ], [ -82.682923420722403, 28.0140320510449 ], [ -82.682458188428399, 28.013668689489499 ], [ -82.676761, 28.009219 ], [ -82.675752936433, 28.0060167661123 ], [ -82.675572, 28.005442 ], [ -82.676128560881807, 28.0047213942414 ], [ -82.680171442647804, 27.999486883557399 ], [ -82.683502593942706, 27.9951738840555 ], [ -82.684539, 27.993832 ], [ -82.687562364808201, 27.989674269488699 ], [ -82.687615092818305, 27.9896017579428 ], [ -82.687668, 27.989529 ], [ -82.690571285455206, 27.9862281548263 ], [ -82.692685, 27.983825 ], [ -82.693792460127298, 27.978853346143001 ], [ -82.694079, 27.977567 ], [ -82.693685, 27.976071 ], [ -82.689645, 27.974873 ], [ -82.688654, 27.972986 ], [ -82.691609, 27.971044 ], [ -82.696119, 27.963315 ], [ -82.699334294686494, 27.960906131651999 ], [ -82.700134, 27.960307 ], [ -82.706471, 27.960525 ], [ -82.707534672221698, 27.959625799926599 ], [ -82.708620859469605, 27.9587075662517 ], [ -82.708708902753798, 27.958633136811901 ], [ -82.710075507831704, 27.9574778453966 ], [ -82.71061, 27.957026 ], [ -82.713529903339094, 27.9577036230347 ], [ -82.714165898739395, 27.9578512187196 ], [ -82.716522, 27.958398 ], [ -82.721443173871705, 27.954869558419301 ], [ -82.721801, 27.954613 ], [ -82.723812, 27.951332 ], [ -82.724206849111397, 27.949270954123499 ], [ -82.724881, 27.945752 ], [ -82.721484, 27.945741 ], [ -82.721307, 27.943993 ], [ -82.720168916819304, 27.941281471660101 ], [ -82.720047, 27.940991 ], [ -82.720342809439302, 27.940828652783299 ], [ -82.72485, 27.938355 ], [ -82.725667412914206, 27.936618505898799 ], [ -82.725855, 27.93622 ], [ -82.721917242561801, 27.9361719694156 ], [ -82.720608, 27.936156 ], [ -82.714791923333905, 27.932131209042499 ], [ -82.709990920455496, 27.928808860648399 ], [ -82.709621769265397, 27.9285534038418 ], [ -82.702958, 27.923942 ], [ -82.702091587788601, 27.9237776408489 ], [ -82.698576961374698, 27.923110913157402 ], [ -82.698300904598398, 27.9230585449465 ], [ -82.697676, 27.92294 ], [ -82.695343299224504, 27.9227938788692 ], [ -82.693222, 27.922661 ], [ -82.691538, 27.925259 ], [ -82.688902, 27.924401 ], [ -82.688274, 27.919102 ], [ -82.684285, 27.915829 ], [ -82.676748, 27.913809 ], [ -82.671702780161397, 27.913099848850401 ], [ -82.666802, 27.912411 ], [ -82.661285, 27.909913 ], [ -82.651495, 27.906522 ], [ -82.6487256757419, 27.906074439452102 ], [ -82.648058667761305, 27.905966641870702 ], [ -82.647504, 27.905877 ], [ -82.645456, 27.910129 ], [ -82.644294, 27.910138 ], [ -82.638423, 27.90463 ], [ -82.637154, 27.904465 ], [ -82.631482, 27.908351 ], [ -82.630791650467501, 27.9078278592389 ], [ -82.629653, 27.906965 ], [ -82.634126, 27.903422 ], [ -82.638169, 27.898076 ], [ -82.638215134681005, 27.895364538973499 ], [ -82.638257, 27.892904 ], [ -82.637444146127095, 27.8926650577828 ], [ -82.632815011954307, 27.891304302031202 ], [ -82.63212, 27.8911 ], [ -82.621603955462604, 27.884208903407099 ], [ -82.617501891073104, 27.881520846900901 ], [ -82.616469, 27.880844 ], [ -82.61002, 27.873501 ], [ -82.6095055081651, 27.8728616084016 ], [ -82.608890924235396, 27.872097826015601 ], [ -82.603318, 27.865172 ], [ -82.596394, 27.864081 ], [ -82.596609, 27.858887 ], [ -82.598092555341097, 27.857831362202798 ], [ -82.598443, 27.857582 ], [ -82.594819, 27.843402 ], [ -82.589319, 27.835702 ], [ -82.588746, 27.83043 ], [ -82.59146, 27.826707 ], [ -82.594406, 27.825221 ], [ -82.594029088276599, 27.824139686114101 ], [ -82.593529137918196, 27.822705389351299 ], [ -82.59314, 27.821589 ], [ -82.587625, 27.81901 ], [ -82.588488, 27.815383 ], [ -82.591624, 27.813047 ], [ -82.596925268011404, 27.813651279740998 ], [ -82.597186, 27.813681 ], [ -82.600407800885407, 27.808810850507601 ], [ -82.602305, 27.805943 ], [ -82.605828, 27.80307 ], [ -82.606348, 27.799974 ], [ -82.606968330100898, 27.799354827231301 ], [ -82.60742, 27.798904 ], [ -82.605676, 27.796464 ], [ -82.607091, 27.792888 ], [ -82.61163, 27.790306 ], [ -82.619085, 27.789067 ], [ -82.622295658913202, 27.789189264972102 ], [ -82.62242, 27.789194 ], [ -82.624005790576902, 27.785150111857099 ], [ -82.625665, 27.780919 ], [ -82.62437, 27.778315 ], [ -82.624008479267204, 27.777744990103599 ], [ -82.621606, 27.773957 ], [ -82.622663912316199, 27.7710245412989 ], [ -82.623223806741393, 27.769472553242998 ], [ -82.62343, 27.768901 ], [ -82.623979, 27.760373 ], [ -82.628036, 27.758378 ], [ -82.629330007459501, 27.756047848886201 ], [ -82.63052, 27.753905 ], [ -82.629328, 27.749313 ], [ -82.624551, 27.748407 ], [ -82.623201, 27.744578 ], [ -82.625584260528299, 27.742475158234299 ], [ -82.627187, 27.741061 ], [ -82.62502, 27.732706 ], [ -82.625547284259099, 27.728412399604299 ], [ -82.62572, 27.727006 ], [ -82.629205068564303, 27.719771615267501 ], [ -82.63362, 27.710607 ], [ -82.63982, 27.703907 ], [ -82.641380746479399, 27.703464618508299 ], [ -82.646291793098001, 27.702072620411499 ], [ -82.652521, 27.700307 ], [ -82.653231258158101, 27.700443588107301 ], [ -82.6607538985063, 27.701890249712701 ], [ -82.662921, 27.702307 ], [ -82.671621, 27.705907 ], [ -82.677321, 27.706207 ], [ -82.677276487238004, 27.700364830905801 ], [ -82.677236, 27.695051 ], [ -82.678983942282997, 27.694939730525899 ], [ -82.679194341507099, 27.694926337056799 ], [ -82.679828, 27.694886 ], [ -82.680086221433697, 27.700536279042499 ], [ -82.680096589469599, 27.700763147491099 ], [ -82.680326, 27.705783 ], [ -82.683922559476201, 27.704107366444202 ], [ -82.684842, 27.703679 ], [ -82.68912, 27.69947 ], [ -82.693748, 27.700217 ], [ -82.697676, 27.701996 ], [ -82.698627, 27.708098 ], [ -82.707320091298996, 27.706245596049602 ], [ -82.711462, 27.705363 ], [ -82.713363, 27.703679 ], [ -82.713455996469904, 27.701924653061202 ], [ -82.713629, 27.698661 ], [ -82.717733558918397, 27.693401663384801 ], [ -82.718822, 27.692007 ], [ -82.716453, 27.688737 ], [ -82.717359714766999, 27.687811663383801 ], [ -82.719092749214596, 27.686043036369099 ], [ -82.719131, 27.686004 ], [ -82.719611, 27.67407 ], [ -82.724315, 27.673319 ], [ -82.724283395300304, 27.672203426477399 ], [ -82.724184, 27.668695 ], [ -82.721228, 27.665308 ], [ -82.721097, 27.664376 ], [ -82.722776285020402, 27.663866937627802 ], [ -82.723802, 27.663556 ], [ -82.723693, 27.662357 ], [ -82.721696272327407, 27.660737047089501 ], [ -82.718102, 27.657821 ], [ -82.716322, 27.651409 ], [ -82.7162836230887, 27.651360486368102 ], [ -82.712555, 27.646647 ], [ -82.714354, 27.64541 ], [ -82.714450053732605, 27.644807155304999 ], [ -82.714756, 27.642887 ], [ -82.713528, 27.641726 ], [ -82.711148, 27.641804 ], [ -82.70796, 27.630129 ], [ -82.706341, 27.629162 ], [ -82.704338, 27.630433 ], [ -82.700236, 27.638044 ], [ -82.698856, 27.638628 ], [ -82.698203, 27.637786 ], [ -82.702496, 27.62785 ], [ -82.705017, 27.62531 ], [ -82.730571, 27.614332 ], [ -82.734653, 27.611854 ], [ -82.736983, 27.612636 ], [ -82.736552, 27.617326 ], [ -82.735847, 27.624894 ], [ -82.737223, 27.627471 ], [ -82.737573, 27.632757 ], [ -82.739977, 27.63718 ], [ -82.744168, 27.648318 ], [ -82.744258989427394, 27.648742177014501 ], [ -82.745332946351894, 27.653748778936599 ], [ -82.745339, 27.653777 ], [ -82.742972, 27.670567 ], [ -82.742971604872594, 27.670568785161599 ], [ -82.741885, 27.675478 ], [ -82.741251392875895, 27.676963418473498 ], [ -82.739483786820898, 27.681107366021099 ], [ -82.738386, 27.683681 ], [ -82.738043432454404, 27.7054453325817 ], [ -82.738022, 27.706807 ], [ -82.740323, 27.718206 ], [ -82.743455216524794, 27.724150515447299 ], [ -82.746638, 27.730191 ], [ -82.749663431503905, 27.732802222815302 ], [ -82.753723, 27.736306 ], [ -82.755544762492505, 27.738557647836299 ], [ -82.760923, 27.745205 ], [ -82.763398642163807, 27.7506644738266 ], [ -82.770476, 27.766272 ], [ -82.780047, 27.774829 ], [ -82.783355, 27.780012 ], [ -82.784040128870899, 27.7822689377515 ], [ -82.7843, 27.783125 ], [ -82.790534, 27.791048 ], [ -82.796375614247097, 27.795481913967802 ], [ -82.807413003952007, 27.803859536027598 ], [ -82.820378101819799, 27.8137003310712 ], [ -82.820433, 27.813742 ], [ -82.825946072328307, 27.819515532438299 ], [ -82.827279024040493, 27.8209114582471 ], [ -82.827650678069702, 27.821300670734399 ], [ -82.8285447113808, 27.822236941839702 ], [ -82.828561, 27.822254 ], [ -82.830851856514599, 27.8259213302977 ], [ -82.837558580360493, 27.836657826189601 ], [ -82.841883262798405, 27.843581017943901 ], [ -82.84212, 27.84396 ], [ -82.846526, 27.854301 ], [ -82.8473766766636, 27.857212604472998 ], [ -82.849126, 27.8632 ], [ -82.8506533448315, 27.871638733542301 ], [ -82.851118, 27.874206 ], [ -82.852168, 27.885972 ], [ -82.850648958981296, 27.8944477730907 ], [ -82.848906653261395, 27.9041692932832 ], [ -82.847898742418593, 27.9097931200888 ], [ -82.847826, 27.910199 ], [ -82.844851363890797, 27.924484135981199 ], [ -82.842899, 27.93386 ], [ -82.841594385364601, 27.936513969369798 ], [ -82.835055, 27.949817 ], [ -82.8334430406547, 27.955372018148001 ], [ -82.832679, 27.958005 ], [ -82.832494025953594, 27.959041785953001 ], [ -82.831527, 27.964462 ], [ -82.831539207896796, 27.9646117362594 ], [ -82.831685937594401, 27.966411452978701 ], [ -82.831994, 27.97019 ], [ -82.829826, 27.982566 ], [ -82.829615060192694, 27.989085312192099 ], [ -82.829113, 28.004602 ], [ -82.828326034365801, 28.017465160387399 ], [ -82.828230112080902, 28.019033035376602 ], [ -82.828163, 28.02013 ], [ -82.818497, 28.048696 ], [ -82.816516, 28.045725 ], [ -82.813664, 28.03125 ], [ -82.815803, 28.020759 ], [ -82.816279, 28.011947 ], [ -82.809148, 28.006491 ], [ -82.810812, 28.004392 ], [ -82.815566, 28.001454 ], [ -82.816012592760799, 28.0004463998769 ], [ -82.816031617968605, 28.000403475307799 ], [ -82.816050150089595, 28.0003616632386 ], [ -82.817705, 27.996628 ], [ -82.813760041692206, 27.986910613769599 ], [ -82.813189, 27.985504 ], [ -82.810812, 27.982566 ], [ -82.809861, 27.976898 ], [ -82.810812, 27.969552 ], [ -82.808474503423398, 27.9681480071892 ], [ -82.806427402909307, 27.966918437728602 ], [ -82.80487, 27.965983 ], [ -82.802731, 27.974589 ], [ -82.799875, 27.982402 ], [ -82.799403, 27.988023 ], [ -82.797511, 27.989704 ], [ -82.797327246951497, 27.990385693353399 ], [ -82.7954230817341, 27.997449830702699 ], [ -82.792986, 28.006491 ], [ -82.793937780239204, 28.011030382857999 ], [ -82.794174, 28.012157 ], [ -82.793965234596698, 28.012783823395299 ], [ -82.791798, 28.019291 ], [ -82.791539324698803, 28.023285642979602 ], [ -82.790847, 28.033977 ], [ -82.788661815911297, 28.0362918058626 ], [ -82.78847, 28.036495 ], [ -82.788754, 28.041544 ], [ -82.786064, 28.047945 ], [ -82.789017411021604, 28.048575800030498 ], [ -82.789421, 28.048662 ], [ -82.791517916990102, 28.048616812460999 ], [ -82.799166, 28.048452 ], [ -82.805583, 28.052018 ], [ -82.81509, 28.054954 ], [ -82.822304, 28.054069 ], [ -82.834105, 28.063764 ], [ -82.838621, 28.079492 ], [ -82.836244, 28.091864 ], [ -82.827126, 28.082998 ], [ -82.82531, 28.078654 ], [ -82.824626, 28.072566 ], [ -82.825553, 28.063735 ], [ -82.821206, 28.060187 ], [ -82.817705, 28.062295 ], [ -82.812487, 28.061778 ], [ -82.805108, 28.056423 ], [ -82.800354, 28.052647 ], [ -82.796042328654707, 28.052647 ], [ -82.793224, 28.052647 ], [ -82.790372, 28.053067 ], [ -82.783479, 28.052647 ], [ -82.783479, 28.0562110304339 ], [ -82.783479, 28.060617 ], [ -82.786569, 28.065232 ], [ -82.779201, 28.072782 ], [ -82.778873, 28.076375 ], [ -82.779811474199803, 28.077063370727899 ], [ -82.783676, 28.079898 ], [ -82.783765, 28.082151 ], [ -82.780344, 28.097064 ], [ -82.783585, 28.10537 ], [ -82.78208, 28.107864 ], [ -82.782500291198701, 28.108470681208502 ], [ -82.783575, 28.110022 ], [ -82.781161, 28.112509 ], [ -82.782252, 28.114635 ], [ -82.781485, 28.117462 ], [ -82.778985, 28.11819 ], [ -82.778092, 28.120002 ], [ -82.778313, 28.121585 ], [ -82.780743106701294, 28.122939829805901 ], [ -82.78086, 28.123005 ], [ -82.782984, 28.122872 ], [ -82.783915, 28.124131 ], [ -82.781877942964996, 28.126851269139699 ], [ -82.781324, 28.127591 ], [ -82.782006685248803, 28.1302713122992 ], [ -82.783842, 28.137477 ], [ -82.787368, 28.139189 ], [ -82.785182, 28.142422 ], [ -82.785613031137501, 28.143522766696702 ], [ -82.788091, 28.149851 ], [ -82.791888, 28.155582 ], [ -82.79398, 28.160865 ], [ -82.798181, 28.160987 ], [ -82.798336853157494, 28.1616554568952 ], [ -82.798527, 28.162471 ], [ -82.794949, 28.164257 ], [ -82.794341, 28.165607 ], [ -82.796588, 28.169134 ], [ -82.80025, 28.169469 ], [ -82.800882, 28.17091 ], [ -82.797846, 28.172345 ], [ -82.792906, 28.17269 ], [ -82.792883537288603, 28.172739061778898 ], [ -82.792771524931098, 28.172983712810399 ], [ -82.792515, 28.173544 ], [ -82.793858, 28.174544 ], [ -82.794719, 28.175457 ], [ -82.794355, 28.175912 ], [ -82.792977, 28.176054 ], [ -82.790438, 28.174748 ], [ -82.788873, 28.174875 ], [ -82.788931, 28.176272 ], [ -82.791347, 28.177851 ], [ -82.797382, 28.181687 ], [ -82.798745149957298, 28.1844666506503 ], [ -82.799145, 28.185282 ], [ -82.797762, 28.187789 ], [ -82.787217, 28.192989 ], [ -82.782539, 28.207452 ], [ -82.778075, 28.208922 ], [ -82.77429, 28.207033 ], [ -82.770101, 28.207724 ], [ -82.7700139637641, 28.207855744712599 ], [ -82.769519400931003, 28.208604352894799 ], [ -82.766582262216701, 28.213050231004999 ], [ -82.762643, 28.219013 ], [ -82.76446, 28.220069 ], [ -82.757688, 28.226404 ], [ -82.755986, 28.228061 ], [ -82.757252, 28.229741 ], [ -82.763629042167295, 28.231229784749299 ], [ -82.763827, 28.231276 ], [ -82.764468, 28.232057 ], [ -82.762211, 28.242125 ], [ -82.761345, 28.24285 ], [ -82.756008, 28.240792 ], [ -82.754802394113398, 28.241743968784998 ], [ -82.748379, 28.246816 ], [ -82.748620178445194, 28.247673497960101 ], [ -82.749434, 28.250567 ], [ -82.750906, 28.252157 ], [ -82.753061, 28.251617 ], [ -82.757974668554994, 28.2538073137938 ], [ -82.758131, 28.253877 ], [ -82.75822, 28.254931 ], [ -82.756656, 28.255913 ], [ -82.74925, 28.255857 ], [ -82.746188, 28.261192 ], [ -82.744316718735803, 28.265260877872699 ], [ -82.743368413517004, 28.267322854442 ], [ -82.74312, 28.267863 ], [ -82.743106, 28.273719 ], [ -82.740070228841006, 28.274112314372299 ], [ -82.739513968701203, 28.2741843834105 ], [ -82.737367074991198, 28.2744625348613 ], [ -82.736993, 28.274511 ], [ -82.736975464703505, 28.275571036956901 ], [ -82.736962968593303, 28.276326446973702 ], [ -82.736962, 28.276385 ], [ -82.742905, 28.277726 ], [ -82.743007150197599, 28.277875468598999 ], [ -82.743544, 28.278661 ], [ -82.742567842636504, 28.279729135716899 ], [ -82.740254, 28.282261 ], [ -82.738945, 28.282606 ], [ -82.735801, 28.280762 ], [ -82.732576, 28.28198 ], [ -82.732972617572898, 28.283996277619401 ], [ -82.733221285484305, 28.285260426206701 ], [ -82.733267168857097, 28.285493682683601 ], [ -82.733293, 28.285625 ], [ -82.73227, 28.287481 ], [ -82.729790933435098, 28.2878266576821 ], [ -82.727142, 28.288196 ], [ -82.725366, 28.290135 ], [ -82.725952, 28.291781 ], [ -82.732792, 28.291933 ], [ -82.735339, 28.299357 ], [ -82.732309, 28.30277 ], [ -82.735227, 28.306671 ], [ -82.732496722264599, 28.312123779117201 ], [ -82.731716, 28.313683 ], [ -82.733555, 28.315132 ], [ -82.732457981941494, 28.320309568993299 ], [ -82.731461, 28.325015 ], [ -82.718216334546099, 28.342364588623902 ], [ -82.716418378220595, 28.344719786096999 ], [ -82.715822, 28.345501 ], [ -82.715354, 28.348649 ], [ -82.713191124204798, 28.348888977684201 ], [ -82.713048733368197, 28.348904776383002 ], [ -82.711917945345206, 28.3490302407725 ], [ -82.711839, 28.349039 ], [ -82.711596314075507, 28.349532254529301 ], [ -82.710392, 28.35198 ], [ -82.711525, 28.35348 ], [ -82.717533, 28.353497 ], [ -82.717956, 28.35401 ], [ -82.718005679242097, 28.3552497398844 ], [ -82.718073456837303, 28.356941122127999 ], [ -82.718089, 28.357329 ], [ -82.713061, 28.359368 ], [ -82.712899721183703, 28.359618969324899 ], [ -82.712051392082799, 28.360939071906799 ], [ -82.709916, 28.364262 ], [ -82.706019395627493, 28.368294917369099 ], [ -82.705914, 28.368404 ], [ -82.706038, 28.36946 ], [ -82.707119414832903, 28.3696417538712 ], [ -82.70865, 28.369899 ], [ -82.708524, 28.371133 ], [ -82.707245, 28.371706 ], [ -82.703686, 28.371958 ], [ -82.701294, 28.374821 ], [ -82.701577555099306, 28.375055273949599 ], [ -82.705431, 28.378239 ], [ -82.704, 28.380492 ], [ -82.706891, 28.386196 ], [ -82.706723141586096, 28.386885479867299 ], [ -82.705719, 28.39101 ], [ -82.70685, 28.392256 ], [ -82.706338, 28.394852 ], [ -82.704522, 28.399256 ], [ -82.704587, 28.401224 ], [ -82.706808, 28.4021 ], [ -82.706398, 28.403081 ], [ -82.703872, 28.404122 ], [ -82.702652, 28.403153 ], [ -82.700905, 28.403518 ], [ -82.694849, 28.405843 ], [ -82.69008, 28.408409 ], [ -82.687844, 28.40869 ], [ -82.687174, 28.409972 ], [ -82.687485, 28.412264 ], [ -82.687752070869493, 28.4123970840837 ], [ -82.689556, 28.413296 ], [ -82.692857, 28.411799 ], [ -82.699476, 28.411938 ], [ -82.699942, 28.41246 ], [ -82.699525, 28.413134 ], [ -82.694465, 28.415197 ], [ -82.694466, 28.417857 ], [ -82.697434, 28.419452 ], [ -82.697262, 28.4202 ], [ -82.694531, 28.422811 ], [ -82.692937, 28.422765 ], [ -82.685656, 28.420871 ], [ -82.682578, 28.42622 ], [ -82.678786995920703, 28.4275612187128 ], [ -82.677934, 28.427863 ], [ -82.677348, 28.430582 ], [ -82.674427, 28.430514 ], [ -82.669882, 28.433055 ], [ -82.669890320995705, 28.433575656585798 ], [ -82.66991, 28.434807 ], [ -82.671998, 28.436108 ], [ -82.671856922190898, 28.436711187791499 ], [ -82.670942, 28.440623 ], [ -82.667211, 28.442232 ], [ -82.667764, 28.448575 ], [ -82.664855883958197, 28.449457836817299 ], [ -82.664493, 28.449568 ], [ -82.664633, 28.452047 ], [ -82.666487006743097, 28.4528520471066 ], [ -82.66873, 28.453826 ], [ -82.668331656654999, 28.455037082677201 ], [ -82.66806, 28.455863 ], [ -82.674191, 28.457283 ], [ -82.675122, 28.459345 ], [ -82.680473, 28.460808 ], [ -82.681222, 28.464239 ], [ -82.679715, 28.466266 ], [ -82.673584, 28.46833 ], [ -82.669993, 28.468337 ], [ -82.666698, 28.475596 ], [ -82.667911, 28.477973 ], [ -82.665055, 28.484434 ], [ -82.66447, 28.488788 ], [ -82.667016, 28.489723 ], [ -82.668056579828601, 28.492009976603899 ], [ -82.668233842749899, 28.4923995633924 ], [ -82.668917, 28.493901 ], [ -82.667951385878695, 28.4952112852481 ], [ -82.667338382242704, 28.4960430974633 ], [ -82.66639, 28.49733 ], [ -82.666756888407207, 28.4976659236508 ], [ -82.670146, 28.500769 ], [ -82.678187, 28.499332 ], [ -82.668917, 28.507686 ], [ -82.669747, 28.511226 ], [ -82.669416, 28.519879 ], [ -82.66804, 28.528199 ], [ -82.663705, 28.530193 ], [ -82.659302618203398, 28.5314690961421 ], [ -82.654894, 28.532747 ], [ -82.652755, 28.537758 ], [ -82.656694, 28.544814 ], [ -82.662265827708396, 28.549971014921301 ], [ -82.663128, 28.550769 ], [ -82.66165, 28.554143 ], [ -82.656796, 28.554044 ], [ -82.65228, 28.552165 ], [ -82.651091, 28.556966 ], [ -82.656352683850997, 28.567984706642498 ], [ -82.6566527300498, 28.5686130456189 ], [ -82.656689, 28.568689 ], [ -82.655488, 28.573134 ], [ -82.655966206130401, 28.574603289971101 ], [ -82.656219, 28.57538 ], [ -82.654986370950596, 28.575989839624999 ], [ -82.654760946982506, 28.576101367475399 ], [ -82.653431429565103, 28.5767591423377 ], [ -82.645939, 28.580466 ], [ -82.644269, 28.584178 ], [ -82.64919, 28.587621 ], [ -82.647823, 28.589442 ], [ -82.648059, 28.590724 ], [ -82.653996, 28.591469 ], [ -82.655362, 28.592297 ], [ -82.656258, 28.600488 ], [ -82.655418, 28.604404 ], [ -82.656823, 28.60537 ], [ -82.662713, 28.604997 ], [ -82.66375, 28.60537 ], [ -82.663514, 28.606693 ], [ -82.653932, 28.613483 ], [ -82.653251, 28.616256 ], [ -82.659877, 28.622181 ], [ -82.665822, 28.623051 ], [ -82.666026, 28.626441 ], [ -82.671024, 28.628704 ], [ -82.671148, 28.631096 ], [ -82.672572, 28.636857 ], [ -82.672882, 28.641205 ], [ -82.671581, 28.642618 ], [ -82.669155, 28.643985 ], [ -82.667966, 28.647531 ], [ -82.672482, 28.651285 ], [ -82.677711, 28.654831 ], [ -82.675294, 28.661035 ], [ -82.671294, 28.661297 ], [ -82.667966, 28.663174 ], [ -82.66963, 28.666093 ], [ -82.669393, 28.669221 ], [ -82.662024, 28.667345 ], [ -82.658459, 28.670681 ], [ -82.655132, 28.674852 ], [ -82.655132, 28.680482 ], [ -82.660123, 28.682567 ], [ -82.668034, 28.683285 ], [ -82.669335, 28.685401 ], [ -82.666303, 28.688822 ], [ -82.667253, 28.691741 ], [ -82.674568, 28.693917 ], [ -82.674585746464501, 28.6940608503586 ], [ -82.675097, 28.698205 ], [ -82.683416, 28.700498 ], [ -82.691031, 28.701717 ], [ -82.695287, 28.708015 ], [ -82.704807, 28.714465 ], [ -82.71266, 28.713858 ], [ -82.720838, 28.713698 ], [ -82.720731, 28.718634 ], [ -82.715027, 28.726971 ], [ -82.708372, 28.72843 ], [ -82.704807, 28.735933 ], [ -82.698865, 28.733432 ], [ -82.693874, 28.733432 ], [ -82.690071, 28.736559 ], [ -82.693693, 28.742188 ], [ -82.697914, 28.747604 ], [ -82.697933764482897, 28.7481105523865 ], [ -82.698281, 28.75701 ], [ -82.696906, 28.768009 ], [ -82.697201, 28.774065 ], [ -82.702545, 28.777431 ], [ -82.696726, 28.784273 ], [ -82.691972, 28.788856 ], [ -82.691497, 28.792188 ], [ -82.695062, 28.795729 ], [ -82.698152, 28.796354 ], [ -82.700326, 28.792236 ], [ -82.705282, 28.795729 ], [ -82.706708, 28.797604 ], [ -82.713126, 28.799687 ], [ -82.714366032936098, 28.804034616790801 ], [ -82.715027, 28.806352 ], [ -82.722395, 28.809476 ], [ -82.730239, 28.815931 ], [ -82.73214, 28.820513 ], [ -82.738695, 28.824796 ], [ -82.736589, 28.835913 ], [ -82.727624, 28.839253 ], [ -82.729391, 28.847679 ], [ -82.733827, 28.852194 ], [ -82.730964, 28.858397 ], [ -82.727888, 28.871251 ], [ -82.710671, 28.875451 ], [ -82.700612, 28.878498 ], [ -82.695195847388305, 28.881994984388999 ], [ -82.689775, 28.885495 ], [ -82.688657, 28.89518 ], [ -82.688864, 28.905609 ], [ -82.695775, 28.910433 ], [ -82.692316, 28.912473 ], [ -82.691972, 28.916051 ], [ -82.695433170105204, 28.9162529420426 ], [ -82.695537, 28.916259 ], [ -82.701479, 28.919379 ], [ -82.69625, 28.925204 ], [ -82.696013, 28.930821 ], [ -82.702618, 28.932955 ], [ -82.708793, 28.935979 ], [ -82.723861, 28.953506 ], [ -82.725370207939704, 28.960574637186902 ], [ -82.725723, 28.962227 ], [ -82.732615, 28.966594 ], [ -82.743669, 28.97019 ], [ -82.743582, 28.978194 ], [ -82.750917, 28.982397 ], [ -82.753332, 28.981436 ], [ -82.754869, 28.983824 ], [ -82.757165, 28.985952 ], [ -82.751981, 28.98797 ], [ -82.759420860297894, 28.992412212969001 ], [ -82.760314173799301, 28.992945595137801 ], [ -82.760551, 28.993087 ], [ -82.764055, 28.999707 ], [ -82.759378, 29.006619 ], [ -82.758285, 29.019191 ], [ -82.753513, 29.026496 ], [ -82.757334, 29.034155 ], [ -82.759473, 29.042051 ], [ -82.761612, 29.051609 ], [ -82.762509444080095, 29.0528295071665 ], [ -82.763751, 29.054518 ], [ -82.771119, 29.055349 ], [ -82.777061, 29.057427 ], [ -82.783241, 29.057635 ], [ -82.78847, 29.057219 ], [ -82.798928, 29.055349 ], [ -82.80487, 29.05431 ], [ -82.805821, 29.057219 ], [ -82.793578345123194, 29.061579044833799 ], [ -82.792986, 29.06179 ], [ -82.784905, 29.064906 ], [ -82.783479, 29.069269 ], [ -82.787995, 29.071554 ], [ -82.79985, 29.074978 ], [ -82.808198, 29.0728 ], [ -82.815566, 29.073008 ], [ -82.816925, 29.076215 ], [ -82.814615, 29.080278 ], [ -82.814615, 29.087133 ], [ -82.82019, 29.087216 ], [ -82.819368, 29.09191 ], [ -82.823659, 29.098902 ], [ -82.815364, 29.102033 ], [ -82.812871, 29.10651 ], [ -82.807722, 29.108524 ], [ -82.80178, 29.116622 ], [ -82.802749, 29.121028 ], [ -82.808446, 29.125612 ], [ -82.805703, 29.129848 ], [ -82.806735, 29.136277 ], [ -82.805136, 29.13968 ], [ -82.804736, 29.146624 ], [ -82.808095, 29.148399 ], [ -82.807009, 29.152539 ], [ -82.81105, 29.156898 ], [ -82.813902, 29.162502 ], [ -82.820557, 29.162294 ], [ -82.822458, 29.157935 ], [ -82.827073, 29.158425 ], [ -82.832048, 29.1569 ], [ -82.834216, 29.15492 ], [ -82.841466, 29.158779 ], [ -82.858179, 29.162275 ], [ -82.868286, 29.161355 ], [ -82.876396, 29.159415 ], [ -82.887211, 29.161741 ], [ -82.907082, 29.164755 ], [ -82.911706, 29.167296 ], [ -82.922613, 29.169769 ], [ -82.932405, 29.167891 ], [ -82.945302, 29.167821 ], [ -82.974676, 29.17091 ], [ -82.979522, 29.171817 ], [ -82.98622, 29.172671 ], [ -82.991686, 29.173501 ], [ -82.994776, 29.175162 ], [ -82.998579, 29.174124 ], [ -82.998379, 29.168649 ], [ -82.999643, 29.163317 ], [ -83.00318, 29.157317 ], [ -83.007373, 29.156275 ], [ -83.013629, 29.154523 ], [ -83.016643, 29.150463 ], [ -83.01688, 29.146934 ], [ -83.017593, 29.144651 ], [ -83.014504, 29.140499 ], [ -83.016405, 29.13863 ], [ -83.020921, 29.139461 ], [ -83.026355031151496, 29.137050387542299 ], [ -83.034435, 29.133466 ], [ -83.037321, 29.134478 ], [ -83.041361, 29.137592 ], [ -83.043176142382407, 29.136641283859401 ], [ -83.043738, 29.136347 ], [ -83.047779, 29.133856 ], [ -83.047896178039295, 29.132831493900198 ], [ -83.048202413408205, 29.130154029717499 ], [ -83.048254, 29.129703 ], [ -83.05316, 29.126747 ], [ -83.056542, 29.129909 ], [ -83.057999, 29.139046 ], [ -83.056867, 29.146263 ], [ -83.060851, 29.147972 ], [ -83.064654, 29.142367 ], [ -83.068249, 29.153135 ], [ -83.065842, 29.164577 ], [ -83.066793, 29.172049 ], [ -83.067744, 29.178897 ], [ -83.073686, 29.185952 ], [ -83.078986, 29.196944 ], [ -83.086088, 29.20952 ], [ -83.087839, 29.21642 ], [ -83.086738, 29.224676 ], [ -83.080773, 29.234384 ], [ -83.082084, 29.239327 ], [ -83.080285, 29.241692 ], [ -83.074734, 29.247975 ], [ -83.077265, 29.255331 ], [ -83.089013, 29.266502 ], [ -83.09522, 29.269195 ], [ -83.09721, 29.272342 ], [ -83.103425, 29.271585 ], [ -83.113843, 29.277937 ], [ -83.125567, 29.278845 ], [ -83.128027, 29.282733 ], [ -83.138097, 29.284055 ], [ -83.146445, 29.289194 ], [ -83.14983, 29.289524 ], [ -83.151531, 29.291966 ], [ -83.155048, 29.291481 ], [ -83.158011, 29.287987 ], [ -83.161568, 29.2857 ], [ -83.166950794914698, 29.288592886732999 ], [ -83.169115, 29.289756 ], [ -83.16918, 29.291255 ], [ -83.164578, 29.296823 ], [ -83.165297, 29.299689 ], [ -83.167582, 29.300129 ], [ -83.170029, 29.301071 ], [ -83.174604, 29.307116 ], [ -83.173613, 29.309902 ], [ -83.163975, 29.31643 ], [ -83.163895, 29.318525 ], [ -83.15668, 29.322215 ], [ -83.156174, 29.324861 ], [ -83.158289, 29.326589 ], [ -83.164594, 29.324828 ], [ -83.168736, 29.329428 ], [ -83.172574, 29.33009 ], [ -83.170897, 29.342498 ], [ -83.173948, 29.346776 ], [ -83.179906, 29.348736 ], [ -83.187616, 29.358792 ], [ -83.1911, 29.368186 ], [ -83.193714, 29.37005 ], [ -83.198468, 29.367979 ], [ -83.202508, 29.371293 ], [ -83.200702, 29.373855 ], [ -83.201239, 29.380189 ], [ -83.204114, 29.383361 ], [ -83.201908, 29.388077 ], [ -83.202446, 29.394422 ], [ -83.211331, 29.398325 ], [ -83.212366, 29.400538 ], [ -83.21043, 29.404866 ], [ -83.214491, 29.410177 ], [ -83.213709, 29.41321 ], [ -83.218075, 29.420492 ], [ -83.228551, 29.421204 ], [ -83.230423, 29.427475 ], [ -83.240509, 29.433178 ], [ -83.25765, 29.432999 ], [ -83.263965, 29.435806 ], [ -83.266695207177705, 29.434602593558399 ], [ -83.272019, 29.432256 ], [ -83.280229, 29.433413 ], [ -83.281685, 29.436932 ], [ -83.284655430427094, 29.437823812883899 ], [ -83.284726, 29.437845 ], [ -83.293718, 29.437019 ], [ -83.295285, 29.438142 ], [ -83.293909, 29.439905 ], [ -83.290306, 29.441819 ], [ -83.289839202786595, 29.444111957456101 ], [ -83.289703, 29.444781 ], [ -83.296517, 29.447513 ], [ -83.297988, 29.450442 ], [ -83.307071, 29.462406 ], [ -83.307828, 29.468861 ], [ -83.31438, 29.47508 ], [ -83.321056, 29.47725 ], [ -83.33113, 29.475594 ], [ -83.339934, 29.485759 ], [ -83.350067, 29.489358 ], [ -83.356722, 29.499901 ], [ -83.370288, 29.499901 ], [ -83.379254, 29.503558 ], [ -83.383973, 29.512995 ], [ -83.388374, 29.512457 ], [ -83.400252, 29.517242 ], [ -83.401552, 29.523291 ], [ -83.395742, 29.526314 ], [ -83.396455, 29.52983 ], [ -83.39983, 29.533042 ], [ -83.40311, 29.543271 ], [ -83.400358, 29.550132 ], [ -83.403052, 29.565008 ], [ -83.40715, 29.570562 ], [ -83.405256, 29.578319 ], [ -83.406913, 29.588545 ], [ -83.405068, 29.59557 ], [ -83.401684, 29.600946 ], [ -83.39948, 29.612956 ], [ -83.401446, 29.633386 ], [ -83.404081, 29.640798 ], [ -83.406437, 29.650325 ], [ -83.411712, 29.657041 ], [ -83.414774, 29.663559 ], [ -83.410716, 29.66437 ], [ -83.408577, 29.667261 ], [ -83.409624212965198, 29.6684444035402 ], [ -83.410953, 29.669946 ], [ -83.414701, 29.670536 ], [ -83.418559, 29.66912 ], [ -83.424976, 29.669533 ], [ -83.428759, 29.675005 ], [ -83.436259, 29.677389 ], [ -83.444635, 29.677155 ], [ -83.448194, 29.675254 ], [ -83.455356, 29.676444 ], [ -83.458326, 29.678155 ], [ -83.458489, 29.680478 ], [ -83.463956, 29.68213 ], [ -83.47849, 29.687565 ], [ -83.483691, 29.688209 ], [ -83.483567, 29.698542 ], [ -83.487724, 29.7003 ], [ -83.490906, 29.708361 ], [ -83.495673, 29.707776 ], [ -83.498657, 29.709796 ], [ -83.492953, 29.712686 ], [ -83.504124, 29.713718 ], [ -83.509575, 29.712405 ], [ -83.512716, 29.71648 ], [ -83.526228, 29.72115 ], [ -83.535735, 29.725691 ], [ -83.542485, 29.728152 ], [ -83.547927, 29.728081 ], [ -83.549283, 29.729612 ], [ -83.547172, 29.732223 ], [ -83.55388, 29.741123 ], [ -83.559977, 29.743034 ], [ -83.560803, 29.749241 ], [ -83.563068, 29.754583 ], [ -83.566018, 29.761434 ], [ -83.573289, 29.763249 ], [ -83.579873, 29.759203 ], [ -83.584222, 29.758503 ], [ -83.585648, 29.761392 ], [ -83.583271, 29.765725 ], [ -83.578955, 29.768378 ], [ -83.581290283619495, 29.771500088949299 ], [ -83.584716, 29.77608 ], [ -83.586968, 29.778929 ], [ -83.589213, 29.783261 ], [ -83.586089, 29.784644 ], [ -83.583045, 29.787307 ], [ -83.581903, 29.792063 ], [ -83.58446, 29.796874 ], [ -83.585438, 29.80044 ], [ -83.588477, 29.802242 ], [ -83.588975, 29.805331 ], [ -83.585899, 29.811754 ], [ -83.587549, 29.816054 ], [ -83.586836, 29.818941 ], [ -83.590401, 29.821416 ], [ -83.59252, 29.818647 ], [ -83.594362, 29.818552 ], [ -83.595493, 29.827984 ], [ -83.602594, 29.830478 ], [ -83.601421, 29.833092 ], [ -83.605244, 29.836387 ], [ -83.610604, 29.836674 ], [ -83.613037, 29.839867 ], [ -83.618568, 29.842336 ], [ -83.619636, 29.847601 ], [ -83.623422, 29.853942 ], [ -83.629273, 29.863441 ], [ -83.632565, 29.873874 ], [ -83.636987, 29.876458 ], [ -83.636494, 29.882725 ], [ -83.63798, 29.886073 ], [ -83.65357, 29.894652 ], [ -83.6536569978432, 29.894718424305299 ], [ -83.659951, 29.899524 ], [ -83.662287, 29.902465 ], [ -83.668703, 29.906 ], [ -83.671636, 29.909788 ], [ -83.677182, 29.911581 ], [ -83.679024, 29.914445 ], [ -83.679219, 29.918513 ], [ -83.680791, 29.921574 ], [ -83.684285, 29.923436 ], [ -83.688843, 29.922162 ], [ -83.697319, 29.927837 ], [ -83.711746, 29.933268 ], [ -83.71756, 29.937237 ], [ -83.727887, 29.94097 ], [ -83.73917, 29.949212 ], [ -83.74323, 29.954124 ], [ -83.746319, 29.957831 ], [ -83.749409, 29.958861 ], [ -83.75258, 29.955688 ], [ -83.757249, 29.957943 ], [ -83.762012, 29.960824 ], [ -83.765571, 29.964832 ], [ -83.767235, 29.968127 ], [ -83.770325, 29.968539 ], [ -83.774003, 29.968076 ], [ -83.775792, 29.972245 ], [ -83.780772, 29.97217 ], [ -83.782447, 29.975539 ], [ -83.788729, 29.976982 ], [ -83.7926352676607, 29.976294456872999 ], [ -83.795757, 29.975745 ], [ -83.802649, 29.977598 ], [ -83.807729, 29.976711 ], [ -83.812573, 29.981921 ], [ -83.819465, 29.984186 ], [ -83.822032, 29.982153 ], [ -83.82869, 29.983187 ], [ -83.845427, 29.998068 ], [ -83.858882, 30.004762 ], [ -83.862961, 30.007858 ], [ -83.874032, 30.011131 ], [ -83.91315, 30.028992 ], [ -83.913824, 30.032553 ], [ -83.920004, 30.034611 ], [ -83.925364, 30.034568 ], [ -83.93151, 30.039068 ], [ -83.933668, 30.041152 ], [ -83.931879, 30.044175 ], [ -83.933432, 30.046305 ], [ -83.939085, 30.0501 ], [ -83.943861, 30.050776 ], [ -83.945689, 30.055009 ], [ -83.95088, 30.053407 ], [ -83.95166, 30.058633 ], [ -83.957724, 30.062733 ], [ -83.95968, 30.064943 ], [ -83.967518, 30.065764 ], [ -83.969567, 30.070413 ], [ -83.973587, 30.072506 ], [ -83.983227, 30.073082 ], [ -83.989241, 30.077688 ], [ -83.986867, 30.081103 ], [ -83.98605, 30.084595 ], [ -83.989644, 30.087273 ], [ -83.991385579693301, 30.086022158229198 ], [ -83.992547, 30.085188 ], [ -83.996537, 30.08172 ], [ -84.002003, 30.085216 ], [ -83.999151, 30.091386 ], [ -84.001528, 30.094676 ], [ -84.006757, 30.097555 ], [ -84.01404, 30.09733 ], [ -84.024274, 30.103271 ], [ -84.036705, 30.102285 ], [ -84.040281, 30.099636 ], [ -84.042979, 30.101517 ], [ -84.048715, 30.103208 ], [ -84.053933, 30.102431 ], [ -84.060709, 30.100497 ], [ -84.06299, 30.101378 ], [ -84.076042577109206, 30.095464109977701 ], [ -84.083057, 30.092286 ], [ -84.087034, 30.092103 ], [ -84.09374, 30.093955 ], [ -84.105646, 30.091172 ], [ -84.11384, 30.085478 ], [ -84.118942, 30.088507 ], [ -84.120606, 30.09118 ], [ -84.124889, 30.090601 ], [ -84.135683, 30.083018 ], [ -84.157278, 30.072714 ], [ -84.167881, 30.071422 ], [ -84.179149, 30.073187 ], [ -84.184493, 30.077254 ], [ -84.182217, 30.082359 ], [ -84.177405, 30.085452 ], [ -84.173846, 30.090975 ], [ -84.174999, 30.095763 ], [ -84.177062, 30.096107 ], [ -84.179811, 30.091982 ], [ -84.18806, 30.094045 ], [ -84.19356, 30.097826 ], [ -84.202152, 30.112261 ], [ -84.203108731858705, 30.112834983442699 ], [ -84.205589, 30.114323 ], [ -84.208785, 30.107219 ], [ -84.204506, 30.09591 ], [ -84.201676, 30.09443 ], [ -84.19853, 30.087937 ], [ -84.201585, 30.087982 ], [ -84.203413, 30.08461 ], [ -84.20801, 30.084776 ], [ -84.218736, 30.083966 ], [ -84.227788, 30.085311 ], [ -84.237014, 30.08556 ], [ -84.239208, 30.090152 ], [ -84.245668, 30.093021 ], [ -84.247491, 30.10114 ], [ -84.256083, 30.104752 ], [ -84.262263, 30.103724 ], [ -84.263831, 30.100284 ], [ -84.269363, 30.09766 ], [ -84.272511, 30.092358 ], [ -84.274003, 30.083079 ], [ -84.270368, 30.075469 ], [ -84.270792, 30.068094 ], [ -84.273055, 30.063755 ], [ -84.277168, 30.060263 ], [ -84.282228, 30.061151 ], [ -84.289727, 30.057197 ], [ -84.293234, 30.058418 ], [ -84.297836, 30.057451 ], [ -84.314523, 30.04951 ], [ -84.317474, 30.048102 ], [ -84.325439992423398, 30.042313237832399 ], [ -84.329526, 30.039344 ], [ -84.33428, 30.03708 ], [ -84.337132, 30.032348 ], [ -84.3339, 30.02901 ], [ -84.337607, 30.02638 ], [ -84.339509, 30.029261 ], [ -84.345451, 30.026997 ], [ -84.344323, 30.02247 ], [ -84.346889, 30.018602 ], [ -84.352389, 30.012906 ], [ -84.355433, 30.014032 ], [ -84.355195, 30.016708 ], [ -84.356622, 30.01856 ], [ -84.361599, 30.01566 ], [ -84.366115, 30.008662 ], [ -84.363775, 30.004787 ], [ -84.360886, 29.997959 ], [ -84.362502, 29.992817 ], [ -84.361962, 29.987739 ], [ -84.359986, 29.984739 ], [ -84.358093, 29.98288 ], [ -84.356429, 29.98041 ], [ -84.353517, 29.98006 ], [ -84.352151, 29.979071 ], [ -84.350368, 29.980513 ], [ -84.3477, 29.984123 ], [ -84.346565, 29.985042 ], [ -84.344664, 29.985042 ], [ -84.343238, 29.98288 ], [ -84.341133, 29.978889 ], [ -84.340148, 29.975366 ], [ -84.340845, 29.971966 ], [ -84.341754, 29.970258 ], [ -84.348302, 29.969059 ], [ -84.350725, 29.969703 ], [ -84.353802, 29.969747 ], [ -84.36047, 29.971248 ], [ -84.362371, 29.972895 ], [ -84.36962, 29.974645 ], [ -84.372829, 29.976086 ], [ -84.378058, 29.97691 ], [ -84.382693, 29.97691 ], [ -84.3832180859403, 29.976972070220199 ], [ -84.385307, 29.977219 ], [ -84.391962, 29.980616 ], [ -84.393601348714199, 29.981664727469301 ], [ -84.394696, 29.982365 ], [ -84.399212, 29.983292 ], [ -84.402539, 29.983704 ], [ -84.408804820965301, 29.984909904455701 ], [ -84.408956, 29.984939 ], [ -84.409186188620197, 29.984896254637199 ], [ -84.412284, 29.984321 ], [ -84.415611, 29.983086 ], [ -84.41882, 29.983292 ], [ -84.425430670178599, 29.985438772987202 ], [ -84.426426, 29.985762 ], [ -84.428921, 29.986895 ], [ -84.432606, 29.990188 ], [ -84.43415, 29.990497 ], [ -84.435577, 29.989674 ], [ -84.437597, 29.98813 ], [ -84.436171, 29.985762 ], [ -84.435458, 29.981748 ], [ -84.436283354171593, 29.978975678777299 ], [ -84.436408, 29.978557 ], [ -84.432566, 29.976198 ], [ -84.432416, 29.974237 ], [ -84.43415, 29.973615 ], [ -84.436527, 29.969703 ], [ -84.441994, 29.96785 ], [ -84.442469, 29.965071 ], [ -84.442588, 29.962188 ], [ -84.440924, 29.961879 ], [ -84.438904, 29.960232 ], [ -84.43629, 29.960952 ], [ -84.434269, 29.961055 ], [ -84.432368, 29.95982 ], [ -84.426188, 29.960026 ], [ -84.423336, 29.961364 ], [ -84.419771, 29.964247 ], [ -84.417816, 29.9655 ], [ -84.410382, 29.964247 ], [ -84.408362, 29.963423 ], [ -84.406936, 29.96157 ], [ -84.404322, 29.95982 ], [ -84.402064, 29.960026 ], [ -84.396835, 29.959717 ], [ -84.393983, 29.959923 ], [ -84.389229, 29.960541 ], [ -84.384133, 29.961375 ], [ -84.381148, 29.960746 ], [ -84.37687, 29.956937 ], [ -84.372116, 29.952509 ], [ -84.368075, 29.95148 ], [ -84.364035, 29.952303 ], [ -84.360826, 29.954157 ], [ -84.35591, 29.953099 ], [ -84.351914, 29.951424 ], [ -84.346565, 29.947979 ], [ -84.344224, 29.947072 ], [ -84.341251, 29.94776 ], [ -84.338625, 29.94649 ], [ -84.336511, 29.942508 ], [ -84.333945, 29.929654 ], [ -84.333746, 29.923721 ], [ -84.335953, 29.912962 ], [ -84.339175, 29.906668 ], [ -84.341555, 29.902189 ], [ -84.34446, 29.899025 ], [ -84.349066, 29.896812 ], [ -84.351705, 29.896376 ], [ -84.358559, 29.896719 ], [ -84.366768, 29.895758 ], [ -84.372021, 29.894054 ], [ -84.377498, 29.893396 ], [ -84.380861, 29.893712 ], [ -84.404958, 29.901229 ], [ -84.409071, 29.901949 ], [ -84.423336, 29.903279 ], [ -84.425237, 29.904824 ], [ -84.4332, 29.907502 ], [ -84.440805, 29.912962 ], [ -84.443658, 29.916876 ], [ -84.448768, 29.921614 ], [ -84.45055, 29.927691 ], [ -84.451705, 29.929085 ], [ -84.460176, 29.927794 ], [ -84.470323, 29.924524 ], [ -84.480907, 29.917744 ], [ -84.484539, 29.916258 ], [ -84.488698, 29.913168 ], [ -84.492025, 29.909872 ], [ -84.493095, 29.91049 ], [ -84.492811, 29.9123 ], [ -84.494562, 29.913957 ], [ -84.498442, 29.914744 ], [ -84.500788, 29.916091 ], [ -84.505994, 29.916413 ], [ -84.51041, 29.916336 ], [ -84.51306, 29.915228 ], [ -84.515416, 29.915361 ], [ -84.521814, 29.914078 ], [ -84.528639, 29.912342 ], [ -84.535873, 29.910092 ], [ -84.552826693517702, 29.900288485238001 ], [ -84.555489, 29.898749 ], [ -84.561613995544405, 29.895207074334301 ], [ -84.568073, 29.891472 ], [ -84.57744, 29.887828 ], [ -84.593699, 29.880956 ], [ -84.603303, 29.876117 ], [ -84.613154, 29.867984 ], [ -84.614995418060502, 29.866799671830901 ], [ -84.62491, 29.860423 ], [ -84.633683, 29.856291 ], [ -84.636416, 29.85289 ], [ -84.64336, 29.849863 ], [ -84.647958, 29.847104 ], [ -84.652039024699107, 29.844009000470798 ], [ -84.652697, 29.84351 ], [ -84.653767, 29.839799 ], [ -84.654595, 29.835945 ], [ -84.65645, 29.834277 ], [ -84.661102, 29.837122 ], [ -84.661886003645805, 29.837102575271 ], [ -84.662555, 29.837086 ], [ -84.66461, 29.834741 ], [ -84.666281, 29.836831 ], [ -84.666777613066699, 29.8369477772114 ], [ -84.668284, 29.837302 ], [ -84.671812, 29.834746 ], [ -84.67505, 29.833881 ], [ -84.674386, 29.831433 ], [ -84.674423, 29.830147 ], [ -84.683975, 29.830748 ], [ -84.692053, 29.829059 ], [ -84.701814, 29.824333 ], [ -84.706839, 29.821202 ], [ -84.717187, 29.813563 ], [ -84.727805, 29.807016 ], [ -84.730327, 29.8069 ], [ -84.73432, 29.805132 ], [ -84.736593, 29.803556 ], [ -84.744834, 29.797246 ], [ -84.750359, 29.792344 ], [ -84.755595, 29.78854 ], [ -84.758574, 29.787897 ], [ -84.76175, 29.788652 ], [ -84.76752, 29.785696 ], [ -84.778247, 29.780727 ], [ -84.791438, 29.773704 ], [ -84.798409, 29.768922 ], [ -84.803464, 29.767916 ], [ -84.807895, 29.766135 ], [ -84.813854, 29.762883 ], [ -84.824197, 29.758288 ], [ -84.831325, 29.757556 ], [ -84.833177012343995, 29.757039350997701 ], [ -84.836815863813896, 29.756024234123501 ], [ -84.837168, 29.755926 ], [ -84.850446, 29.749353 ], [ -84.857864, 29.746962 ], [ -84.868271, 29.742454 ], [ -84.881777, 29.733882 ], [ -84.884765, 29.729063 ], [ -84.885428, 29.725621 ], [ -84.888031, 29.722406 ], [ -84.888124365671302, 29.7224208977347 ], [ -84.892794, 29.723166 ], [ -84.892818, 29.725157 ], [ -84.894893, 29.728097 ], [ -84.899443, 29.731109 ], [ -84.900375, 29.733006 ], [ -84.902142, 29.73532 ], [ -84.900688, 29.737279 ], [ -84.900101, 29.739605 ], [ -84.896828180319602, 29.743615010410799 ], [ -84.895839, 29.744827 ], [ -84.890066, 29.755802 ], [ -84.889033, 29.759599 ], [ -84.88618, 29.76544 ], [ -84.884918, 29.767028 ], [ -84.882768, 29.768441 ], [ -84.880024, 29.769223 ], [ -84.877111, 29.772888 ], [ -84.871125, 29.781333 ], [ -84.871065113553698, 29.7818520997427 ], [ -84.870887, 29.783396 ], [ -84.872313, 29.787109 ], [ -84.872551, 29.7901 ], [ -84.870649, 29.797113 ], [ -84.87362, 29.79701 ], [ -84.877661, 29.798144 ], [ -84.882058, 29.796494 ], [ -84.881701, 29.793297 ], [ -84.882177, 29.790822 ], [ -84.882533, 29.788863 ], [ -84.88182, 29.787316 ], [ -84.884197, 29.785975 ], [ -84.885148, 29.784531 ], [ -84.888, 29.784428 ], [ -84.889545, 29.784943 ], [ -84.893992, 29.785176 ], [ -84.90413, 29.786279 ], [ -84.909629, 29.783706 ], [ -84.91511, 29.783303 ], [ -84.916403, 29.777001 ], [ -84.920917, 29.772901 ], [ -84.927558, 29.761198 ], [ -84.934091, 29.755774 ], [ -84.93837, 29.750211 ], [ -84.9458165889192, 29.745522138721899 ], [ -84.946595, 29.745032 ], [ -84.964176, 29.739758 ], [ -84.968266096305598, 29.728642407081999 ], [ -84.968841, 29.72708 ], [ -84.977004, 29.721209 ], [ -84.979355674312501, 29.720933911858701 ], [ -84.981646, 29.720666 ], [ -84.986698, 29.717484 ], [ -84.993264, 29.714961 ], [ -84.997689, 29.713957 ], [ -85.004133840826299, 29.713623937892901 ], [ -85.004926, 29.713583 ], [ -85.005869, 29.711629 ], [ -85.013851, 29.709519 ], [ -85.025146, 29.712141 ], [ -85.029063, 29.711274 ], [ -85.032621, 29.708677 ], [ -85.035859, 29.708618 ], [ -85.037194, 29.711098 ], [ -85.040217, 29.712859 ], [ -85.048066, 29.715186 ], [ -85.05332, 29.715533 ], [ -85.072123, 29.719027 ], [ -85.101682, 29.718748 ], [ -85.121473, 29.715854 ], [ -85.153238, 29.708231 ], [ -85.161523, 29.705721 ], [ -85.172295, 29.703497 ], [ -85.177284, 29.700193 ], [ -85.187945, 29.699635 ], [ -85.196497, 29.697368 ], [ -85.202414, 29.698169 ], [ -85.217499611048694, 29.694743095958898 ], [ -85.250913, 29.687155 ], [ -85.251784, 29.684855 ], [ -85.249544, 29.682945 ], [ -85.245917, 29.681621 ], [ -85.229606, 29.682431 ], [ -85.225385, 29.685839 ], [ -85.222039, 29.685467 ], [ -85.221505, 29.683945 ], [ -85.224583, 29.680978 ], [ -85.232229, 29.677355 ], [ -85.242246, 29.676933 ], [ -85.249985, 29.679145 ], [ -85.259719, 29.681296 ], [ -85.276634, 29.683485 ], [ -85.29074, 29.684081 ], [ -85.298623, 29.684019 ], [ -85.306592, 29.683293 ], [ -85.318349, 29.681573 ], [ -85.32834, 29.67875 ], [ -85.336064, 29.675446 ], [ -85.342838, 29.671212 ], [ -85.346541, 29.668567 ], [ -85.351514, 29.666669 ], [ -85.356743, 29.66956 ], [ -85.36209, 29.675343 ], [ -85.365061, 29.677304 ], [ -85.367676, 29.680815 ], [ -85.3753, 29.691854 ], [ -85.380867, 29.702082 ], [ -85.387313, 29.715367 ], [ -85.398407, 29.742964 ], [ -85.404287, 29.761954 ], [ -85.409633, 29.781618 ], [ -85.411528, 29.792364 ], [ -85.413481, 29.799531 ], [ -85.416682, 29.820246 ], [ -85.417495, 29.829933 ], [ -85.415806, 29.842577 ], [ -85.413575, 29.85294 ], [ -85.411765, 29.85979 ], [ -85.407132, 29.865995 ], [ -85.398316, 29.871784 ], [ -85.393388, 29.874619 ], [ -85.391232, 29.87432 ], [ -85.391282, 29.872639 ], [ -85.394476, 29.867948 ], [ -85.39752, 29.863509 ], [ -85.398951, 29.860578 ], [ -85.399263, 29.854 ], [ -85.400148, 29.850523 ], [ -85.403555, 29.845326 ], [ -85.405047, 29.841009 ], [ -85.408292, 29.835545 ], [ -85.410432, 29.830733 ], [ -85.410467, 29.82607 ], [ -85.408639, 29.822858 ], [ -85.406988, 29.819187 ], [ -85.40742, 29.81679 ], [ -85.40892, 29.813793 ], [ -85.410421, 29.808099 ], [ -85.409696, 29.802353 ], [ -85.408398, 29.79842 ], [ -85.406807, 29.795343 ], [ -85.405456, 29.791297 ], [ -85.404283, 29.784702 ], [ -85.402792, 29.779551 ], [ -85.401013, 29.776545 ], [ -85.403904, 29.772629 ], [ -85.40332, 29.768348 ], [ -85.401465, 29.764132 ], [ -85.397472, 29.763875 ], [ -85.395528, 29.762368 ], [ -85.392194, 29.754322 ], [ -85.391764, 29.750566 ], [ -85.389082, 29.742159 ], [ -85.389216, 29.738826 ], [ -85.389325, 29.733615 ], [ -85.388579, 29.730158 ], [ -85.385991, 29.725377 ], [ -85.38227, 29.719435 ], [ -85.37796, 29.709621 ], [ -85.371574, 29.703107 ], [ -85.371381, 29.699449 ], [ -85.372879, 29.696728 ], [ -85.371586, 29.694058 ], [ -85.371532, 29.692095 ], [ -85.369201, 29.690983 ], [ -85.367376, 29.692368 ], [ -85.363093, 29.691099 ], [ -85.361853, 29.688042 ], [ -85.363594, 29.680544 ], [ -85.360782, 29.67866 ], [ -85.353782, 29.680035 ], [ -85.35126, 29.681833 ], [ -85.346481, 29.681517 ], [ -85.339327, 29.683733 ], [ -85.331486, 29.684454 ], [ -85.328862, 29.686434 ], [ -85.325732, 29.685696 ], [ -85.321772, 29.68542 ], [ -85.313731, 29.68646 ], [ -85.309769, 29.693175 ], [ -85.307082, 29.703505 ], [ -85.308749, 29.708193 ], [ -85.308377, 29.712357 ], [ -85.305583, 29.713682 ], [ -85.30396, 29.720621 ], [ -85.303884, 29.731942 ], [ -85.304251, 29.74152 ], [ -85.304573, 29.750552 ], [ -85.303421, 29.757561 ], [ -85.305021, 29.769916 ], [ -85.304638206929198, 29.771076591015699 ], [ -85.303391, 29.774858 ], [ -85.302382, 29.7833 ], [ -85.302323277570906, 29.784290550330901 ], [ -85.3020169334267, 29.789458069760101 ], [ -85.301668, 29.795344 ], [ -85.300841, 29.798969 ], [ -85.301069053304403, 29.800127412447001 ], [ -85.302789, 29.808864 ], [ -85.305633623987305, 29.8109083746217 ], [ -85.306365, 29.811434 ], [ -85.308634, 29.813323 ], [ -85.31142, 29.814373 ], [ -85.313996862398298, 29.820888086063501 ], [ -85.314547, 29.822279 ], [ -85.314079, 29.826289 ], [ -85.314783, 29.830575 ], [ -85.31454, 29.832732 ], [ -85.317464, 29.838894 ], [ -85.319080908400394, 29.840195414078401 ], [ -85.325008, 29.844966 ], [ -85.325877337886098, 29.845078114857198 ], [ -85.329926231597298, 29.845600283679399 ], [ -85.332289, 29.845905 ], [ -85.335908615762193, 29.848716110523199 ], [ -85.336654, 29.849295 ], [ -85.342838, 29.857935 ], [ -85.343138215669697, 29.859452628699799 ], [ -85.343618, 29.861878 ], [ -85.348119580664999, 29.8722886358407 ], [ -85.350165, 29.877019 ], [ -85.363731, 29.898915 ], [ -85.368011334820196, 29.903406304225399 ], [ -85.38473, 29.920949 ], [ -85.388676213984496, 29.9243546048056 ], [ -85.388685574873307, 29.924362683305201 ], [ -85.405052, 29.938487 ], [ -85.412574, 29.943031 ], [ -85.420433, 29.947165 ], [ -85.428321, 29.950017 ], [ -85.438476, 29.951431 ], [ -85.445243038256706, 29.9539662865545 ], [ -85.446745, 29.954529 ], [ -85.44723987831, 29.954658421551599 ], [ -85.455142, 29.956725 ], [ -85.4656, 29.957549 ], [ -85.471067, 29.956725 ], [ -85.481287, 29.957858 ], [ -85.487823, 29.960638 ], [ -85.49329, 29.962903 ], [ -85.496142, 29.964756 ], [ -85.502321, 29.967845 ], [ -85.50862, 29.971963 ], [ -85.514918, 29.977316 ], [ -85.524545, 29.987507 ], [ -85.529773, 29.995329 ], [ -85.530605, 29.997593 ], [ -85.537142, 30.003871 ], [ -85.544985, 30.005415 ], [ -85.553779, 30.011898 ], [ -85.568991, 30.026098 ], [ -85.58139, 30.037783 ], [ -85.588362, 30.045131 ], [ -85.595611, 30.050583 ], [ -85.606901, 30.057064 ], [ -85.613267561317301, 30.060269606414298 ], [ -85.616862160923304, 30.062079511476 ], [ -85.617167, 30.062233 ], [ -85.627791, 30.066986 ], [ -85.632090294964399, 30.068888879987 ], [ -85.65301, 30.078148 ], [ -85.683369, 30.091012 ], [ -85.699675, 30.098723 ], [ -85.71745, 30.110092 ], [ -85.729068, 30.118246 ] ] ], [ [ [ -82.873122, 24.630579 ], [ -82.870764, 24.630099 ], [ -82.867653, 24.628907 ], [ -82.863299, 24.628879 ], [ -82.862886, 24.625699 ], [ -82.863492, 24.624434 ], [ -82.864144, 24.624733 ], [ -82.864393, 24.626569 ], [ -82.868254, 24.627095 ], [ -82.872302, 24.626329 ], [ -82.873656, 24.626469 ], [ -82.8752, 24.629252 ], [ -82.873122, 24.630579 ] ] ], [ [ [ -82.921802, 24.633418 ], [ -82.919339, 24.635162 ], [ -82.917623, 24.636016 ], [ -82.91672, 24.636246 ], [ -82.917406, 24.634784 ], [ -82.918617, 24.633421 ], [ -82.920749, 24.631451 ], [ -82.922519, 24.629726 ], [ -82.923621, 24.628905 ], [ -82.926114, 24.628051 ], [ -82.92429, 24.630827 ], [ -82.921802, 24.633418 ] ] ], [ [ [ -82.842201, 28.125402 ], [ -82.838145, 28.12939 ], [ -82.833786, 28.13026 ], [ -82.832237, 28.129057 ], [ -82.837837, 28.124039 ], [ -82.839809, 28.119329 ], [ -82.838383, 28.113459 ], [ -82.832679, 28.109895 ], [ -82.832405, 28.106716 ], [ -82.842743, 28.111225 ], [ -82.843374, 28.119538 ], [ -82.842201, 28.125402 ] ] ], [ [ [ -82.847606, 28.207472 ], [ -82.848442, 28.204472 ], [ -82.844929, 28.199079 ], [ -82.844385, 28.196571 ], [ -82.845774, 28.194934 ], [ -82.843063, 28.190478 ], [ -82.844221, 28.187953 ], [ -82.847055, 28.187284 ], [ -82.847022, 28.181844 ], [ -82.844339, 28.174167 ], [ -82.843026892606304, 28.1717337038355 ], [ -82.840401, 28.166864 ], [ -82.842651, 28.163849 ], [ -82.846601, 28.165307 ], [ -82.848048454019704, 28.1717169638104 ], [ -82.849871, 28.179788 ], [ -82.852432, 28.210173 ], [ -82.849496, 28.213354 ], [ -82.846018, 28.213259 ], [ -82.840446, 28.212004 ], [ -82.841041, 28.208715 ], [ -82.842837, 28.206938 ], [ -82.846062, 28.208249 ], [ -82.847606, 28.207472 ] ] ], [ [ [ -83.034469, 29.099594 ], [ -83.030666, 29.098971 ], [ -83.025912, 29.096271 ], [ -83.029477, 29.093779 ], [ -83.03405, 29.095547 ], [ -83.035325, 29.096307 ], [ -83.034469, 29.099594 ] ] ], [ [ [ -83.062039, 29.09731 ], [ -83.065367, 29.095648 ], [ -83.070718, 29.096609 ], [ -83.077251, 29.100217 ], [ -83.075959, 29.101632 ], [ -83.069854, 29.102777 ], [ -83.061802, 29.102502 ], [ -83.059928, 29.09966 ], [ -83.062039, 29.09731 ] ] ], [ [ [ -83.026542, 29.11788 ], [ -83.034469, 29.121813 ], [ -83.034469, 29.125343 ], [ -83.032805, 29.127835 ], [ -83.027814, 29.127004 ], [ -83.02386, 29.124034 ], [ -83.024011, 29.119322 ], [ -83.026542, 29.11788 ] ] ], [ [ [ -83.082604, 29.128917 ], [ -83.083291, 29.12454 ], [ -83.085651, 29.12019 ], [ -83.090253, 29.118715 ], [ -83.089973, 29.122751 ], [ -83.090086, 29.126381 ], [ -83.093922, 29.128523 ], [ -83.093413, 29.131779 ], [ -83.088422, 29.134894 ], [ -83.085094, 29.132195 ], [ -83.082604, 29.128917 ] ] ], [ [ [ -85.11853, 29.688286 ], [ -85.114268, 29.688658 ], [ -85.10398, 29.686322 ], [ -85.100408, 29.68469 ], [ -85.0984, 29.6855 ], [ -85.093902, 29.684838 ], [ -85.091742, 29.682365 ], [ -85.08532, 29.679934 ], [ -85.080455, 29.674911 ], [ -85.074308, 29.673981 ], [ -85.077237, 29.670862 ], [ -85.081764, 29.665244 ], [ -85.088364, 29.655625 ], [ -85.091335, 29.650461 ], [ -85.096764, 29.633057 ], [ -85.100006, 29.631818 ], [ -85.120454, 29.630015 ], [ -85.135523, 29.632004 ], [ -85.14101, 29.634038 ], [ -85.145886, 29.638799 ], [ -85.151831, 29.643394 ], [ -85.156765, 29.647682 ], [ -85.175315, 29.659001 ], [ -85.187155, 29.665689 ], [ -85.204314, 29.672695 ], [ -85.218926, 29.676208 ], [ -85.222456, 29.677804 ], [ -85.222476, 29.679336 ], [ -85.220324, 29.680138 ], [ -85.216157, 29.680739 ], [ -85.207103, 29.680443 ], [ -85.201856, 29.682576 ], [ -85.184776, 29.68271 ], [ -85.168625, 29.682409 ], [ -85.156415, 29.679628 ], [ -85.139644, 29.68379 ], [ -85.138399, 29.685129 ], [ -85.134639, 29.686569 ], [ -85.12424, 29.687635 ], [ -85.12246, 29.688702 ], [ -85.11853, 29.688286 ] ] ], [ [ [ -85.015745, 29.598174 ], [ -85.014327, 29.599635 ], [ -85.014679, 29.603252 ], [ -85.013376, 29.604277 ], [ -85.011363, 29.603611 ], [ -85.007926, 29.60461 ], [ -85.00274, 29.605053 ], [ -84.997921, 29.604688 ], [ -84.987558, 29.607633 ], [ -84.981498, 29.608642 ], [ -84.969121, 29.61344 ], [ -84.963111, 29.616454 ], [ -84.962870196889398, 29.616523497149601 ], [ -84.959109, 29.617609 ], [ -84.955854, 29.620018 ], [ -84.948404, 29.622598 ], [ -84.943045, 29.627271 ], [ -84.932592, 29.637232 ], [ -84.928047, 29.638249 ], [ -84.926468, 29.640822 ], [ -84.925842, 29.644949 ], [ -84.92404, 29.646889 ], [ -84.920333, 29.648638 ], [ -84.913182, 29.649894 ], [ -84.907233, 29.649315 ], [ -84.903815, 29.648737 ], [ -84.90117, 29.650864 ], [ -84.898651, 29.653729 ], [ -84.893341, 29.656467 ], [ -84.889905, 29.656728 ], [ -84.885859, 29.656581 ], [ -84.883387, 29.660091 ], [ -84.879488, 29.663663 ], [ -84.872924, 29.664315 ], [ -84.867845, 29.666824 ], [ -84.867645, 29.670954 ], [ -84.863122, 29.669804 ], [ -84.861429, 29.672771 ], [ -84.853057, 29.671861 ], [ -84.834634, 29.675857 ], [ -84.823388, 29.678712 ], [ -84.81308, 29.681214 ], [ -84.808281, 29.684337 ], [ -84.802933, 29.683692 ], [ -84.800971300192003, 29.684890959706198 ], [ -84.797604, 29.686949 ], [ -84.795236, 29.687121 ], [ -84.7905, 29.689521 ], [ -84.790105, 29.691749 ], [ -84.791684, 29.692949 ], [ -84.793855, 29.694664 ], [ -84.797802, 29.694835 ], [ -84.798591, 29.697749 ], [ -84.798587, 29.702074 ], [ -84.794644, 29.70272 ], [ -84.789711, 29.698435 ], [ -84.786948, 29.695006 ], [ -84.782212, 29.692606 ], [ -84.777278, 29.695864 ], [ -84.779054, 29.702549 ], [ -84.777208, 29.707398 ], [ -84.772471, 29.709826 ], [ -84.767022, 29.711413 ], [ -84.761199, 29.716222 ], [ -84.755768, 29.720031 ], [ -84.751104, 29.721776 ], [ -84.745725, 29.726252 ], [ -84.739872, 29.726749 ], [ -84.725767, 29.736089 ], [ -84.723957, 29.739394 ], [ -84.723473, 29.743435 ], [ -84.720641, 29.745221 ], [ -84.716695, 29.744707 ], [ -84.711067, 29.749998 ], [ -84.707508, 29.75409 ], [ -84.705803, 29.760586 ], [ -84.702531, 29.763955 ], [ -84.700023, 29.764213 ], [ -84.697557, 29.767735 ], [ -84.696668, 29.770709 ], [ -84.694885, 29.770915 ], [ -84.693408, 29.768864 ], [ -84.692027, 29.764924 ], [ -84.692619, 29.763039 ], [ -84.699413, 29.758151 ], [ -84.719118, 29.739098 ], [ -84.745882, 29.716383 ], [ -84.765117, 29.699724 ], [ -84.776954, 29.692191 ], [ -84.796991110287806, 29.682589451683501 ], [ -84.799129, 29.681565 ], [ -84.820579, 29.673895 ], [ -84.82963, 29.672172 ], [ -84.853829, 29.66472 ], [ -84.870055, 29.658723 ], [ -84.884632, 29.652248 ], [ -84.937825, 29.623442 ], [ -84.956452, 29.613997 ], [ -84.960849, 29.612757 ], [ -84.961128118757401, 29.6126650642654 ], [ -84.979982, 29.606455 ], [ -85.036219, 29.588919 ], [ -85.045074, 29.586991 ], [ -85.050573, 29.590231 ], [ -85.056039, 29.594365 ], [ -85.060995, 29.598536 ], [ -85.069453, 29.605282 ], [ -85.084231, 29.615163 ], [ -85.09539, 29.621169 ], [ -85.097726, 29.624028 ], [ -85.097168, 29.626242 ], [ -85.094882, 29.627757 ], [ -85.091724, 29.626469 ], [ -85.089599, 29.624439 ], [ -85.083946, 29.61938 ], [ -85.078276, 29.617459 ], [ -85.073909, 29.612844 ], [ -85.069018, 29.609441 ], [ -85.052392, 29.603281 ], [ -85.048767, 29.603154 ], [ -85.038497, 29.599552 ], [ -85.027047, 29.596726 ], [ -85.020861, 29.598434 ], [ -85.015745, 29.598174 ] ] ], [ [ [ -84.607581, 29.805173 ], [ -84.604736, 29.810293 ], [ -84.60306, 29.811648 ], [ -84.594849, 29.814777 ], [ -84.591257, 29.815881 ], [ -84.588523, 29.815056 ], [ -84.585552, 29.816809 ], [ -84.58625, 29.81959 ], [ -84.582104, 29.822927 ], [ -84.581106, 29.824379 ], [ -84.580323, 29.826913 ], [ -84.576521, 29.827841 ], [ -84.574976, 29.828872 ], [ -84.573975, 29.830572 ], [ -84.57248, 29.828459 ], [ -84.571518, 29.824167 ], [ -84.572124, 29.818665 ], [ -84.574081, 29.814004 ], [ -84.579406, 29.807853 ], [ -84.582819, 29.805982 ], [ -84.610271, 29.794844 ], [ -84.623741, 29.788498 ], [ -84.644854, 29.78319 ], [ -84.659228, 29.779264 ], [ -84.667907, 29.777897 ], [ -84.672068, 29.77958 ], [ -84.673919, 29.783212 ], [ -84.674683, 29.786234 ], [ -84.671809, 29.786557 ], [ -84.661928, 29.781719 ], [ -84.656738, 29.781746 ], [ -84.648538, 29.783706 ], [ -84.644089, 29.789671 ], [ -84.641764, 29.789585 ], [ -84.634871, 29.788038 ], [ -84.62988, 29.788656 ], [ -84.624532, 29.7901 ], [ -84.617164, 29.795669 ], [ -84.611221, 29.800412 ], [ -84.607581, 29.805173 ] ] ], [ [ [ -83.829032, 29.969825 ], [ -83.830815, 29.971061 ], [ -83.830048, 29.973025 ], [ -83.827844, 29.972811 ], [ -83.827012, 29.971061 ], [ -83.829032, 29.969825 ] ] ], [ [ [ -82.760056, 27.582769 ], [ -82.758977, 27.579885 ], [ -82.756698, 27.577624 ], [ -82.756101, 27.576085 ], [ -82.757566, 27.576037 ], [ -82.758927, 27.577112 ], [ -82.761297, 27.579809 ], [ -82.762505, 27.581184 ], [ -82.763319, 27.582146 ], [ -82.764176, 27.58859 ], [ -82.764241, 27.591285 ], [ -82.763482, 27.596287 ], [ -82.763373, 27.600663 ], [ -82.763102, 27.602394 ], [ -82.762551, 27.603149 ], [ -82.761494, 27.603077 ], [ -82.760463, 27.602423 ], [ -82.75885, 27.60047 ], [ -82.758652, 27.59696 ], [ -82.759194, 27.594315 ], [ -82.760351, 27.587463 ], [ -82.760636, 27.585564 ], [ -82.760056, 27.582769 ] ] ], [ [ [ -82.805048, 28.172574 ], [ -82.805102608524905, 28.1725993024837 ], [ -82.806071, 28.173048 ], [ -82.806072298965503, 28.1730710851235 ], [ -82.806128, 28.174061 ], [ -82.80513, 28.174535 ], [ -82.804164, 28.174098 ], [ -82.804101, 28.173094 ], [ -82.805048, 28.172574 ] ] ], [ [ [ -82.800717, 28.175013 ], [ -82.799476, 28.175418 ], [ -82.798318, 28.174915 ], [ -82.798433, 28.173887 ], [ -82.800115, 28.173231 ], [ -82.801029, 28.173999 ], [ -82.800717, 28.175013 ] ] ], [ [ [ -82.804328, 28.177312 ], [ -82.80352, 28.177909 ], [ -82.801881, 28.177413 ], [ -82.801632, 28.176547 ], [ -82.802525, 28.175925 ], [ -82.804278, 28.176409 ], [ -82.804328, 28.177312 ] ] ], [ [ [ -82.756146, 28.799062 ], [ -82.757334, 28.800728 ], [ -82.751154, 28.802186 ], [ -82.742123, 28.803228 ], [ -82.734041, 28.799062 ], [ -82.730476, 28.797396 ], [ -82.723815, 28.790452 ], [ -82.731427, 28.784065 ], [ -82.734334, 28.777106 ], [ -82.736707, 28.77371 ], [ -82.741172, 28.77719 ], [ -82.747481, 28.783381 ], [ -82.746401, 28.791355 ], [ -82.749253, 28.797604 ], [ -82.756146, 28.799062 ] ] ], [ [ [ -82.576694578712903, 27.635078219838402 ], [ -82.576403, 27.637754 ], [ -82.572698, 27.636943 ], [ -82.572635385129502, 27.636872709278599 ], [ -82.569329, 27.633161 ], [ -82.569178, 27.630531 ], [ -82.573608, 27.631266 ], [ -82.576697, 27.635056 ], [ -82.576694578712903, 27.635078219838402 ] ] ], [ [ [ -82.691201, 27.662837 ], [ -82.695062, 27.661584 ], [ -82.69547, 27.665486 ], [ -82.693907, 27.668738 ], [ -82.687888, 27.668012 ], [ -82.685555, 27.664742 ], [ -82.687219, 27.662637 ], [ -82.691201, 27.662837 ] ] ], [ [ [ -82.438576, 27.839603 ], [ -82.431221, 27.838608 ], [ -82.43222, 27.822289 ], [ -82.438606, 27.822299 ], [ -82.441689, 27.823534 ], [ -82.440982, 27.835961 ], [ -82.438576, 27.839603 ] ] ], [ [ [ -82.40605, 27.849954 ], [ -82.405218, 27.849009 ], [ -82.405601, 27.847959 ], [ -82.410580272751801, 27.847029036053499 ], [ -82.417027, 27.845825 ], [ -82.418129, 27.844197 ], [ -82.419878, 27.843628 ], [ -82.421396, 27.844604 ], [ -82.420554, 27.846539 ], [ -82.4146, 27.848361 ], [ -82.40605, 27.849954 ] ] ], [ [ [ -82.429779, 27.863234 ], [ -82.434803, 27.863491 ], [ -82.437417, 27.864331 ], [ -82.43746, 27.867023 ], [ -82.435448, 27.884199 ], [ -82.424622, 27.884199 ], [ -82.424454, 27.884027 ], [ -82.424278, 27.868217 ], [ -82.429779, 27.863234 ] ] ], [ [ [ -82.188568471944095, 26.527853108256298 ], [ -82.188005161915001, 26.524444686559701 ], [ -82.187853, 26.523524 ], [ -82.187655352852403, 26.5232612229136 ], [ -82.179535, 26.512465 ], [ -82.179779, 26.505989 ], [ -82.176832, 26.500512 ], [ -82.176079, 26.497567 ], [ -82.178198, 26.494298 ], [ -82.17783, 26.492217 ], [ -82.177273623183794, 26.492141207236301 ], [ -82.175525, 26.491903 ], [ -82.17303, 26.493592 ], [ -82.170069, 26.493446 ], [ -82.168802, 26.492335 ], [ -82.168496, 26.487738 ], [ -82.163907, 26.485606 ], [ -82.161661, 26.486654 ], [ -82.159996, 26.486132 ], [ -82.159739, 26.481976 ], [ -82.15418, 26.480835 ], [ -82.152554398735703, 26.4797438337316 ], [ -82.149368, 26.477605 ], [ -82.140065, 26.477305 ], [ -82.132474, 26.479069 ], [ -82.128433, 26.47758 ], [ -82.120046, 26.473581 ], [ -82.088423, 26.455182 ], [ -82.076924, 26.466106 ], [ -82.066637, 26.466091 ], [ -82.062551, 26.470131 ], [ -82.056447, 26.466788346705901 ], [ -82.040815, 26.458228 ], [ -82.036307795533801, 26.454466281862601 ], [ -82.036214, 26.454388 ], [ -82.036097313257301, 26.4543388246665 ], [ -82.035682331476195, 26.454163938753801 ], [ -82.032173, 26.452685 ], [ -82.020527, 26.453111 ], [ -82.015607, 26.454858 ], [ -82.013713, 26.454258 ], [ -82.013913, 26.452058 ], [ -82.020916616406794, 26.448271711249699 ], [ -82.039910236847305, 26.438003397392301 ], [ -82.063114, 26.425459 ], [ -82.075015, 26.422059 ], [ -82.080324475770894, 26.422059 ], [ -82.082915, 26.422059 ], [ -82.098115, 26.424959 ], [ -82.1078232611045, 26.428807491234899 ], [ -82.126671, 26.436279 ], [ -82.136933084942399, 26.445206944073998 ], [ -82.140486191809401, 26.448298122872 ], [ -82.148716, 26.455458 ], [ -82.172917, 26.467658 ], [ -82.177017, 26.471558 ], [ -82.180717, 26.476257 ], [ -82.183104749882105, 26.4816648947366 ], [ -82.186441, 26.489221 ], [ -82.188871231555197, 26.5003469007757 ], [ -82.191441157188294, 26.5121123383257 ], [ -82.193801052775299, 26.5229162323356 ], [ -82.198838, 26.545976 ], [ -82.201675, 26.551382 ], [ -82.201402, 26.55631 ], [ -82.205321, 26.567928 ], [ -82.213672, 26.579912 ], [ -82.220891, 26.583905 ], [ -82.224443, 26.593249 ], [ -82.224073, 26.602896 ], [ -82.21994, 26.607071 ], [ -82.214337, 26.602944 ], [ -82.206352, 26.583627 ], [ -82.199024, 26.560947 ], [ -82.197361, 26.553506 ], [ -82.194792036634396, 26.5488685450436 ], [ -82.191884, 26.543619 ], [ -82.190298667405798, 26.538070335920199 ], [ -82.1902, 26.537725 ], [ -82.189185898908903, 26.531588975460501 ], [ -82.188900510121996, 26.529862172664 ], [ -82.188568471944095, 26.527853108256298 ] ] ], [ [ [ -82.234201, 26.676753 ], [ -82.235389, 26.674417 ], [ -82.237528, 26.669107 ], [ -82.238479, 26.662523 ], [ -82.234914, 26.6553 ], [ -82.23325, 26.649565 ], [ -82.228259, 26.644467 ], [ -82.227784, 26.637031 ], [ -82.223743, 26.626833 ], [ -82.218752, 26.625133 ], [ -82.218514, 26.623221 ], [ -82.220891, 26.618121 ], [ -82.221129, 26.613446 ], [ -82.223127, 26.612544 ], [ -82.223899, 26.614178 ], [ -82.227918, 26.627133 ], [ -82.231466, 26.634726 ], [ -82.236102, 26.637881 ], [ -82.244598, 26.653515 ], [ -82.248283, 26.661658 ], [ -82.254404, 26.667195 ], [ -82.262485, 26.677602 ], [ -82.262485, 26.683974 ], [ -82.258444, 26.688008 ], [ -82.257256, 26.69353 ], [ -82.25583, 26.703934 ], [ -82.253453, 26.705845 ], [ -82.250126, 26.707756 ], [ -82.246085, 26.706057 ], [ -82.24561, 26.703085 ], [ -82.24252, 26.696715 ], [ -82.244897, 26.692468 ], [ -82.245372, 26.68631 ], [ -82.242757, 26.681425 ], [ -82.234201, 26.676753 ] ] ], [ [ [ -81.963085, 24.524966 ], [ -81.962379, 24.522129 ], [ -81.963069, 24.521311 ], [ -81.964274, 24.521304 ], [ -81.965055, 24.524211 ], [ -81.964362, 24.525122 ], [ -81.963085, 24.524966 ] ] ], [ [ [ -81.978873, 24.524629 ], [ -81.974621, 24.526871 ], [ -81.970856, 24.526957 ], [ -81.96818, 24.524852 ], [ -81.968177, 24.523495 ], [ -81.978544, 24.523246 ], [ -81.978873, 24.524629 ] ] ], [ [ [ -82.00759, 24.528307 ], [ -82.009315, 24.532618 ], [ -82.009772, 24.534914 ], [ -82.009314, 24.536455 ], [ -82.007484, 24.537902 ], [ -82.004487, 24.536602 ], [ -82.001943, 24.534928 ], [ -81.999817, 24.533531 ], [ -81.998308, 24.530863 ], [ -81.998994, 24.529629 ], [ -82.000977, 24.528855 ], [ -82.00271, 24.528129 ], [ -82.004293, 24.527932 ], [ -82.006453, 24.527437 ], [ -82.00759, 24.528307 ] ] ], [ [ [ -82.146016, 24.548943 ], [ -82.148868, 24.550673 ], [ -82.148868, 24.551646 ], [ -82.147442, 24.552402 ], [ -82.145184, 24.552511 ], [ -82.144114, 24.551321 ], [ -82.144503, 24.549864 ], [ -82.146016, 24.548943 ] ] ], [ [ [ -82.162178, 24.55197 ], [ -82.160633, 24.551105 ], [ -82.159207, 24.552078 ], [ -82.158613, 24.553375 ], [ -82.157068, 24.553483 ], [ -82.15576, 24.55143 ], [ -82.156426, 24.549107 ], [ -82.159034, 24.547935 ], [ -82.16126, 24.548656 ], [ -82.162638, 24.549708 ], [ -82.16522, 24.552802 ], [ -82.165664, 24.556589 ], [ -82.165218, 24.558314 ], [ -82.164717, 24.560433 ], [ -82.16452, 24.563393 ], [ -82.161672, 24.56598 ], [ -82.159445, 24.566346 ], [ -82.157662, 24.566886 ], [ -82.156711, 24.56613 ], [ -82.158256, 24.564184 ], [ -82.161702, 24.562887 ], [ -82.162653, 24.561158 ], [ -82.162891, 24.557267 ], [ -82.16301, 24.553808 ], [ -82.162178, 24.55197 ] ] ], [ [ [ -82.099551, 24.57458 ], [ -82.100199, 24.569824 ], [ -82.101336, 24.565497 ], [ -82.103225, 24.562914 ], [ -82.104356, 24.560707 ], [ -82.105986, 24.558565 ], [ -82.108493, 24.558187 ], [ -82.111642, 24.555486 ], [ -82.11264, 24.552827 ], [ -82.113446, 24.551467 ], [ -82.116087, 24.549544 ], [ -82.118675, 24.548542 ], [ -82.121064, 24.548502 ], [ -82.124245, 24.54872 ], [ -82.126894, 24.548397 ], [ -82.130253, 24.548207 ], [ -82.133537, 24.550024 ], [ -82.133537, 24.552402 ], [ -82.130448, 24.552511 ], [ -82.127595, 24.552727 ], [ -82.125219, 24.551105 ], [ -82.122961, 24.551754 ], [ -82.119277, 24.555645 ], [ -82.116424, 24.557158 ], [ -82.114167, 24.558672 ], [ -82.112859, 24.559861 ], [ -82.11179, 24.562239 ], [ -82.11072, 24.565805 ], [ -82.110364, 24.568616 ], [ -82.11274, 24.570669 ], [ -82.115949, 24.569696 ], [ -82.118088, 24.569696 ], [ -82.118682, 24.571426 ], [ -82.119158, 24.574776 ], [ -82.121059, 24.57845 ], [ -82.121891, 24.581693 ], [ -82.123674, 24.583962 ], [ -82.125694, 24.585367 ], [ -82.129616, 24.586988 ], [ -82.13223, 24.588285 ], [ -82.134964, 24.588717 ], [ -82.137103, 24.589689 ], [ -82.139479, 24.590662 ], [ -82.141856, 24.589798 ], [ -82.14245, 24.587744 ], [ -82.143758, 24.586123 ], [ -82.145602, 24.586473 ], [ -82.145407, 24.5899 ], [ -82.143408, 24.592927 ], [ -82.14, 24.595144 ], [ -82.13511, 24.596695 ], [ -82.130023, 24.597508 ], [ -82.124827, 24.597064 ], [ -82.11981, 24.59482 ], [ -82.114385, 24.592934 ], [ -82.108117, 24.590619 ], [ -82.103896, 24.587499 ], [ -82.101631, 24.585039 ], [ -82.100233, 24.580564 ], [ -82.099925, 24.577063 ], [ -82.099551, 24.57458 ] ] ], [ [ [ -81.927238, 24.530643 ], [ -81.925584, 24.532863 ], [ -81.924411, 24.532807 ], [ -81.919807, 24.531277 ], [ -81.917725, 24.530521 ], [ -81.917809, 24.52924 ], [ -81.918999, 24.528551 ], [ -81.921173, 24.528442 ], [ -81.923508, 24.527777 ], [ -81.925995, 24.526514 ], [ -81.928329, 24.526587 ], [ -81.928337, 24.529245 ], [ -81.927238, 24.530643 ] ] ], [ [ [ -81.925379, 24.541891 ], [ -81.925132, 24.54482 ], [ -81.924476, 24.546311 ], [ -81.922562, 24.547902 ], [ -81.921328, 24.54848 ], [ -81.919859, 24.548265 ], [ -81.917976, 24.547494 ], [ -81.916977, 24.546757 ], [ -81.916766, 24.545353 ], [ -81.917549, 24.543877 ], [ -81.919631, 24.542325 ], [ -81.921654, 24.541797 ], [ -81.922857, 24.541142 ], [ -81.924892, 24.539964 ], [ -81.925379, 24.541891 ] ] ], [ [ [ -81.885878, 24.562968 ], [ -81.883857, 24.561216 ], [ -81.883743, 24.56033 ], [ -81.885875, 24.559287 ], [ -81.888228, 24.557772 ], [ -81.889455, 24.559016 ], [ -81.891917, 24.559909 ], [ -81.893114, 24.562144 ], [ -81.89309, 24.562733 ], [ -81.890429, 24.562567 ], [ -81.885878, 24.562968 ] ] ], [ [ [ -81.814591, 24.560424 ], [ -81.815622, 24.562065 ], [ -81.815293, 24.56284 ], [ -81.812797, 24.563589 ], [ -81.812076, 24.562805 ], [ -81.812259, 24.560775 ], [ -81.813356, 24.560332 ], [ -81.814591, 24.560424 ] ] ], [ [ [ -81.923515, 24.602646 ], [ -81.923531, 24.605001 ], [ -81.92308, 24.606625 ], [ -81.921471, 24.606747 ], [ -81.920479, 24.605673 ], [ -81.919472, 24.60548 ], [ -81.918884, 24.604279 ], [ -81.920189, 24.602749 ], [ -81.921082, 24.60129 ], [ -81.922508, 24.600519 ], [ -81.923309, 24.600487 ], [ -81.924232, 24.601097 ], [ -81.923515, 24.602646 ] ] ], [ [ [ -81.803421794162603, 24.562815712387899 ], [ -81.802408, 24.563162 ], [ -81.800734629043305, 24.564019651755 ], [ -81.799854, 24.564471 ], [ -81.799309046681202, 24.568038699313401 ], [ -81.799042, 24.569787 ], [ -81.799048594738906, 24.569800351311901 ], [ -81.799857, 24.571437 ], [ -81.798866101979897, 24.572431957413901 ], [ -81.797416, 24.573888 ], [ -81.797534, 24.575386 ], [ -81.799000519211504, 24.575956854377399 ], [ -81.79934, 24.576089 ], [ -81.799350382851102, 24.576272051678899 ], [ -81.7995481268227, 24.5797583162412 ], [ -81.799898515441996, 24.585935735541 ], [ -81.799917725383196, 24.5862744105304 ], [ -81.800062, 24.588818 ], [ -81.799550161920095, 24.593647512746902 ], [ -81.799495, 24.594168 ], [ -81.797147, 24.594614 ], [ -81.795377, 24.592868 ], [ -81.794191111595495, 24.586614915926599 ], [ -81.793893, 24.585043 ], [ -81.793925485089503, 24.5825058872095 ], [ -81.794012, 24.575749 ], [ -81.782247, 24.57791 ], [ -81.781146143586795, 24.578834730175799 ], [ -81.774084, 24.584767 ], [ -81.770466155538003, 24.585357745765901 ], [ -81.766441, 24.586015 ], [ -81.765182045020197, 24.585480126865701 ], [ -81.761884324666994, 24.584079074366102 ], [ -81.754456947894695, 24.580923517291101 ], [ -81.752834, 24.580234 ], [ -81.746418, 24.584963 ], [ -81.745405143853205, 24.585693528886601 ], [ -81.739286, 24.590107 ], [ -81.726607243119801, 24.602240213237899 ], [ -81.721995, 24.606654 ], [ -81.723793554591893, 24.609745849513299 ], [ -81.728349, 24.617577 ], [ -81.737977953554704, 24.6220327117022 ], [ -81.751377, 24.628233 ], [ -81.765336, 24.632626 ], [ -81.76139, 24.642035 ], [ -81.754281, 24.654043 ], [ -81.747716812832806, 24.658484284921101 ], [ -81.745651, 24.659882 ], [ -81.701315, 24.677724 ], [ -81.689278099439903, 24.685059540837599 ], [ -81.68741, 24.686198 ], [ -81.682780693082506, 24.690287958261202 ], [ -81.672338, 24.699514 ], [ -81.656509, 24.702905 ], [ -81.643866, 24.712345 ], [ -81.623536, 24.720215 ], [ -81.599293, 24.729714 ], [ -81.584599, 24.736696 ], [ -81.581563234643696, 24.741133617145699 ], [ -81.581540689042797, 24.741166573824799 ], [ -81.581535351974594, 24.741174375437499 ], [ -81.571151, 24.756354 ], [ -81.561432, 24.760378 ], [ -81.519569914133498, 24.7565127206155 ], [ -81.515804, 24.756165 ], [ -81.513778, 24.757754 ], [ -81.500757, 24.789516 ], [ -81.498101, 24.792574 ], [ -81.492086, 24.79466 ], [ -81.475283, 24.798939 ], [ -81.470292, 24.802067 ], [ -81.466095, 24.803471 ], [ -81.454742331800006, 24.808443855722899 ], [ -81.44351, 24.813364 ], [ -81.441208, 24.812887 ], [ -81.439728, 24.808511 ], [ -81.439636, 24.803745 ], [ -81.447449269524796, 24.7936207923388 ], [ -81.451057, 24.788946 ], [ -81.457964, 24.781839 ], [ -81.456951, 24.773644 ], [ -81.451517, 24.76687 ], [ -81.437826092615893, 24.771732689912699 ], [ -81.420203, 24.777992 ], [ -81.410862, 24.790472 ], [ -81.405467, 24.792709 ], [ -81.401231, 24.791473 ], [ -81.377831, 24.782174 ], [ -81.371822, 24.779089 ], [ -81.365506, 24.7693 ], [ -81.366307, 24.742396 ], [ -81.361316, 24.737216 ], [ -81.360187, 24.734031 ], [ -81.359415, 24.72858 ], [ -81.35276, 24.721996 ], [ -81.351215, 24.720269 ], [ -81.341826, 24.707098 ], [ -81.336241, 24.704507 ], [ -81.331012, 24.704831 ], [ -81.319603, 24.702672 ], [ -81.316429, 24.697665 ], [ -81.312048, 24.68176 ], [ -81.308831, 24.664632 ], [ -81.296895, 24.655382 ], [ -81.313072, 24.647251 ], [ -81.321479073332, 24.646203160232801 ], [ -81.327915, 24.645401 ], [ -81.332673, 24.639691 ], [ -81.337961, 24.640301 ], [ -81.346598, 24.635807 ], [ -81.3481560355619, 24.635509 ], [ -81.3613, 24.632995 ], [ -81.363099, 24.630963 ], [ -81.366326, 24.631111 ], [ -81.376404, 24.627332 ], [ -81.389922, 24.622374 ], [ -81.394795, 24.621135 ], [ -81.401889, 24.623544 ], [ -81.403653096710201, 24.6309364797009 ], [ -81.406403, 24.64246 ], [ -81.412537, 24.646732 ], [ -81.422561, 24.646596 ], [ -81.431474303069507, 24.649398311574199 ], [ -81.43571, 24.65073 ], [ -81.443915, 24.642677 ], [ -81.446049, 24.644357 ], [ -81.446881, 24.65343 ], [ -81.462817707265103, 24.650730805547401 ], [ -81.464776903523799, 24.6503989771725 ], [ -81.473025, 24.649002 ], [ -81.477304, 24.645653 ], [ -81.480512, 24.644573 ], [ -81.48182, 24.647814 ], [ -81.505351621689201, 24.654345575975402 ], [ -81.505944, 24.65451 ], [ -81.508424013013098, 24.649492753260901 ], [ -81.509628, 24.647057 ], [ -81.508011, 24.642403 ], [ -81.508169, 24.638148 ], [ -81.509998, 24.628668 ], [ -81.510768, 24.625669 ], [ -81.517404, 24.621239 ], [ -81.519025, 24.618812 ], [ -81.52468, 24.618643 ], [ -81.534316, 24.617907 ], [ -81.54161, 24.614401 ], [ -81.550841, 24.612227 ], [ -81.559184, 24.609571 ], [ -81.564126, 24.603837 ], [ -81.574556, 24.600935 ], [ -81.585321, 24.595379 ], [ -81.59195, 24.593484 ], [ -81.604333, 24.586164 ], [ -81.611852, 24.585578 ], [ -81.628187, 24.579068 ], [ -81.635432717729799, 24.5791104652176 ], [ -81.638254, 24.579127 ], [ -81.644131, 24.574917 ], [ -81.658025672171107, 24.5738198955722 ], [ -81.665142, 24.573258 ], [ -81.669108929888495, 24.569902821896999 ], [ -81.677307, 24.562969 ], [ -81.685243, 24.558676 ], [ -81.697793, 24.559518 ], [ -81.711234, 24.5564 ], [ -81.717205, 24.557076 ], [ -81.722658160956399, 24.557001088983899 ], [ -81.734107884465999, 24.5568438021498 ], [ -81.735331, 24.556827 ], [ -81.738600805668597, 24.5562902280003 ], [ -81.742351865638994, 24.555674453191301 ], [ -81.748763, 24.554622 ], [ -81.755019, 24.551746 ], [ -81.763385, 24.55242 ], [ -81.766136968396594, 24.551952346759698 ], [ -81.767329129231697, 24.5517497579952 ], [ -81.774210750403597, 24.550580335975901 ], [ -81.775219, 24.550409 ], [ -81.776009547940603, 24.550138162771098 ], [ -81.783859829579995, 24.5474487009235 ], [ -81.784511661366494, 24.547225387060202 ], [ -81.785981, 24.546722 ], [ -81.787057645650407, 24.546586247694901 ], [ -81.793381202044003, 24.545788921892999 ], [ -81.794017995423204, 24.545708629766199 ], [ -81.797202472420295, 24.545307104814601 ], [ -81.803556, 24.544506 ], [ -81.812536, 24.545469 ], [ -81.812048, 24.548805 ], [ -81.811473, 24.550789 ], [ -81.810994419334605, 24.552175504323401 ], [ -81.809793986901198, 24.555653297888998 ], [ -81.809556546846196, 24.5563411895792 ], [ -81.809461, 24.556618 ], [ -81.80718, 24.561532 ], [ -81.803421794162603, 24.562815712387899 ] ] ], [ [ [ -81.812306, 24.567331 ], [ -81.810945, 24.569536 ], [ -81.809588, 24.569509 ], [ -81.809222, 24.568361 ], [ -81.810805, 24.566 ], [ -81.81204, 24.566092 ], [ -81.812306, 24.567331 ] ] ], [ [ [ -81.480265, 24.616758 ], [ -81.482815, 24.617157 ], [ -81.482815, 24.618093 ], [ -81.480986, 24.618613 ], [ -81.47917, 24.617838 ], [ -81.475905, 24.616027 ], [ -81.472917, 24.61425 ], [ -81.471213, 24.614079 ], [ -81.469039, 24.613155 ], [ -81.467557, 24.611586 ], [ -81.467665, 24.609973 ], [ -81.468893, 24.60847 ], [ -81.471471, 24.609851 ], [ -81.473471, 24.612284 ], [ -81.477095, 24.614798 ], [ -81.480265, 24.616758 ] ] ], [ [ [ -81.442059, 24.632513 ], [ -81.444312, 24.632921 ], [ -81.444252, 24.635283 ], [ -81.442945, 24.636241 ], [ -81.441716, 24.636031 ], [ -81.440764, 24.634611 ], [ -81.440873, 24.632971 ], [ -81.442059, 24.632513 ] ] ], [ [ [ -81.246095, 24.675832 ], [ -81.243232, 24.673998 ], [ -81.242992, 24.672462 ], [ -81.244761, 24.669202 ], [ -81.247705, 24.669414 ], [ -81.24988, 24.66784 ], [ -81.251613, 24.666173 ], [ -81.254921, 24.664811 ], [ -81.257711, 24.664309 ], [ -81.267254, 24.660122 ], [ -81.268838, 24.660598 ], [ -81.27324, 24.659066 ], [ -81.276826, 24.655817 ], [ -81.281778, 24.65375 ], [ -81.280808, 24.655625 ], [ -81.27769, 24.660031 ], [ -81.274156, 24.662992 ], [ -81.271972, 24.663636 ], [ -81.267908, 24.664986 ], [ -81.265481, 24.66865 ], [ -81.263878, 24.670697 ], [ -81.260006, 24.674848 ], [ -81.257785, 24.675061 ], [ -81.253531, 24.674153 ], [ -81.252102, 24.67287 ], [ -81.249799, 24.673357 ], [ -81.246095, 24.675832 ] ] ], [ [ [ -81.317464, 24.739266 ], [ -81.313305, 24.737971 ], [ -81.310453, 24.738727 ], [ -81.307838, 24.735381 ], [ -81.303679, 24.732466 ], [ -81.302253, 24.730308 ], [ -81.302134, 24.72124 ], [ -81.299282, 24.716922 ], [ -81.297401, 24.716732 ], [ -81.301181, 24.713994 ], [ -81.303253, 24.714029 ], [ -81.305153, 24.715933 ], [ -81.309914, 24.724974 ], [ -81.312767, 24.727354 ], [ -81.317055, 24.728306 ], [ -81.322289, 24.728781 ], [ -81.329348, 24.726638 ], [ -81.330645, 24.729531 ], [ -81.328754, 24.729768 ], [ -81.325189, 24.730955 ], [ -81.325545, 24.733006 ], [ -81.325664, 24.737216 ], [ -81.325664, 24.739806 ], [ -81.32816, 24.743691 ], [ -81.330376, 24.749722 ], [ -81.328397, 24.750275 ], [ -81.325902, 24.746174 ], [ -81.324119, 24.74585 ], [ -81.321267, 24.743368 ], [ -81.317464, 24.739266 ] ] ], [ [ [ -81.332913, 24.731603 ], [ -81.334102, 24.73387 ], [ -81.336122, 24.735273 ], [ -81.337667, 24.737216 ], [ -81.340281, 24.737216 ], [ -81.342064, 24.738187 ], [ -81.342183, 24.739158 ], [ -81.338736, 24.73959 ], [ -81.33636, 24.740022 ], [ -81.335765, 24.740885 ], [ -81.33636, 24.74326 ], [ -81.33636, 24.744771 ], [ -81.335884, 24.744987 ], [ -81.333626, 24.744231 ], [ -81.330893, 24.741641 ], [ -81.331487, 24.738835 ], [ -81.331606, 24.734733 ], [ -81.332081, 24.732682 ], [ -81.332913, 24.731603 ] ] ], [ [ [ -81.314255, 24.750815 ], [ -81.314255, 24.752541 ], [ -81.312948, 24.753297 ], [ -81.31176, 24.756103 ], [ -81.309793, 24.756848 ], [ -81.306097, 24.757079 ], [ -81.305054, 24.755185 ], [ -81.302811, 24.751446 ], [ -81.299509, 24.747033 ], [ -81.298959, 24.743645 ], [ -81.303203, 24.74639 ], [ -81.307244, 24.748332 ], [ -81.30974, 24.748548 ], [ -81.311997, 24.749843 ], [ -81.314255, 24.750815 ] ] ], [ [ [ -81.321643, 24.764026 ], [ -81.319265, 24.761026 ], [ -81.317702, 24.758153 ], [ -81.317345, 24.75675 ], [ -81.318415, 24.756642 ], [ -81.324, 24.759556 ], [ -81.327592, 24.762307 ], [ -81.327073, 24.763855 ], [ -81.325126, 24.767115 ], [ -81.324221, 24.76706 ], [ -81.321643, 24.764026 ] ] ], [ [ [ -81.294433, 24.779573 ], [ -81.293233, 24.780834 ], [ -81.290616, 24.778092 ], [ -81.287758, 24.776352 ], [ -81.286384, 24.774171 ], [ -81.284979, 24.771682 ], [ -81.285734, 24.768242 ], [ -81.289243, 24.769035 ], [ -81.293946, 24.77257 ], [ -81.295242, 24.775444 ], [ -81.295626, 24.777344 ], [ -81.294433, 24.779573 ] ] ], [ [ [ -81.230055, 24.776859 ], [ -81.231461, 24.780889 ], [ -81.230997, 24.782133 ], [ -81.227978, 24.781785 ], [ -81.227076, 24.77828 ], [ -81.226135, 24.775721 ], [ -81.227745, 24.775318 ], [ -81.230055, 24.776859 ] ] ], [ [ [ -81.355986, 25.703526 ], [ -81.352154, 25.707345 ], [ -81.341238, 25.712577 ], [ -81.338386, 25.710863 ], [ -81.336009, 25.707865 ], [ -81.336009, 25.704439 ], [ -81.337988, 25.697514 ], [ -81.338242, 25.692895 ], [ -81.341146, 25.692179 ], [ -81.350556, 25.689832 ], [ -81.355624, 25.692516 ], [ -81.357004, 25.696645 ], [ -81.355986, 25.703526 ] ] ], [ [ [ -81.092200975228096, 24.715554450678699 ], [ -81.090214, 24.716575 ], [ -81.089665500858899, 24.716669010242001 ], [ -81.083178832075305, 24.7177807955783 ], [ -81.082344933704505, 24.717923721941801 ], [ -81.080733, 24.7182 ], [ -81.077617, 24.721333 ], [ -81.076932, 24.71649 ], [ -81.073084368368498, 24.7193189044721 ], [ -81.071667, 24.720361 ], [ -81.069170782787694, 24.720582239309 ], [ -81.066292730388, 24.720837320606002 ], [ -81.065405, 24.720916 ], [ -81.066816, 24.723926 ], [ -81.066633327034197, 24.724098492310301 ], [ -81.065318738320101, 24.725339816900298 ], [ -81.061451, 24.728992 ], [ -81.05646, 24.731136 ], [ -81.051476350793294, 24.7365892460334 ], [ -81.050840495366103, 24.737285016530599 ], [ -81.05057, 24.737581 ], [ -81.046827882162205, 24.740178193464399 ], [ -81.046272, 24.740564 ], [ -81.045957237680597, 24.7407465742541 ], [ -81.041792977908301, 24.743162005120102 ], [ -81.041593, 24.743278 ], [ -81.041451308457695, 24.743264945273602 ], [ -81.036698, 24.742827 ], [ -81.034744, 24.740454 ], [ -81.030923, 24.737723 ], [ -81.02894, 24.737765 ], [ -81.028825293985903, 24.737628587225 ], [ -81.027298110241802, 24.735812401962399 ], [ -81.027286, 24.735798 ], [ -81.026624476869102, 24.7346829175968 ], [ -81.02595, 24.733546 ], [ -81.023573, 24.734802 ], [ -81.022764556768706, 24.7343559177692 ], [ -81.021072, 24.733422 ], [ -81.018742780120206, 24.7341251395593 ], [ -81.018540091130205, 24.734186326847102 ], [ -81.016918, 24.734676 ], [ -81.013353, 24.737324 ], [ -81.012109520847403, 24.739421150377201 ], [ -81.011825, 24.739901 ], [ -81.010089, 24.740545 ], [ -81.008142, 24.73886 ], [ -81.005918955523398, 24.739691474123699 ], [ -81.003014, 24.740778 ], [ -81.002245, 24.741814 ], [ -81.000236, 24.742373 ], [ -80.99843, 24.741891 ], [ -80.995800936599395, 24.743269879405901 ], [ -80.994426, 24.743991 ], [ -80.9938661588711, 24.745870744345801 ], [ -80.99385, 24.745925 ], [ -80.994575, 24.747959 ], [ -80.994527, 24.748609 ], [ -80.994267969395096, 24.7486699454074 ], [ -80.989397, 24.749816 ], [ -80.987198, 24.754521 ], [ -80.987335490971105, 24.755043095344 ], [ -80.988683, 24.76016 ], [ -80.986115, 24.759895 ], [ -80.985832472726599, 24.759386604299099 ], [ -80.984574578617696, 24.7571230778453 ], [ -80.983168, 24.754592 ], [ -80.979959, 24.752865 ], [ -80.978916351473401, 24.754324057861901 ], [ -80.977743329903603, 24.755965556698801 ], [ -80.977072, 24.756905 ], [ -80.975132160341104, 24.757824846041199 ], [ -80.974317488470305, 24.758211152554701 ], [ -80.971939, 24.759339 ], [ -80.970767267467195, 24.758976091910998 ], [ -80.969624, 24.758622 ], [ -80.966953, 24.758369 ], [ -80.965814, 24.760682 ], [ -80.963958, 24.76371 ], [ -80.963634098133696, 24.763667765583101 ], [ -80.961895, 24.763441 ], [ -80.959198827890702, 24.764988567960501 ], [ -80.958489, 24.765396 ], [ -80.956322146891395, 24.768023743566399 ], [ -80.955245, 24.76933 ], [ -80.953814, 24.770887 ], [ -80.951932, 24.769699 ], [ -80.952022098797897, 24.768227661831698 ], [ -80.952055206741605, 24.767687 ], [ -80.95215, 24.766139 ], [ -80.949417, 24.765923 ], [ -80.947278, 24.768621 ], [ -80.939065, 24.774565 ], [ -80.936755543813305, 24.7749667551087 ], [ -80.935432, 24.775197 ], [ -80.933623601671698, 24.775220478762598 ], [ -80.932514154463703, 24.775234882916401 ], [ -80.932043, 24.775241 ], [ -80.931416, 24.774344 ], [ -80.931271612140705, 24.7732216037681 ], [ -80.931235, 24.772937 ], [ -80.933017, 24.771966 ], [ -80.935339560023905, 24.770103664953702 ], [ -80.935507128822906, 24.769969300612701 ], [ -80.9384522817587, 24.7676077420426 ], [ -80.938543, 24.767535 ], [ -80.943097963137205, 24.764730555736399 ], [ -80.943221009666999, 24.7646547972452 ], [ -80.962827165410701, 24.752583487477999 ], [ -80.964254, 24.751705 ], [ -80.96762, 24.747917 ], [ -80.970543, 24.747392 ], [ -80.971554581158898, 24.7468902883768 ], [ -80.975503, 24.744932 ], [ -80.976118, 24.742413 ], [ -80.979874, 24.741154 ], [ -80.992343, 24.733193 ], [ -80.996718868180594, 24.731237244831799 ], [ -81.006629, 24.726808 ], [ -81.009951, 24.723858 ], [ -81.011203553311603, 24.722526179812199 ], [ -81.011784, 24.721909 ], [ -81.015933, 24.719881 ], [ -81.023794, 24.716901 ], [ -81.029457, 24.721116 ], [ -81.030286, 24.722837 ], [ -81.029159, 24.723939 ], [ -81.028208, 24.726745 ], [ -81.028415086688398, 24.726933187514899 ], [ -81.029147334428004, 24.727598608761799 ], [ -81.029753, 24.728149 ], [ -81.031387367665801, 24.727647890982901 ], [ -81.032447, 24.727323 ], [ -81.03429, 24.727341 ], [ -81.034889769313494, 24.7271054154293 ], [ -81.039931069717397, 24.725125233108201 ], [ -81.040735516716495, 24.724809252786098 ], [ -81.041066058581507, 24.7246794185955 ], [ -81.045134652429695, 24.7230813075995 ], [ -81.049634, 24.721314 ], [ -81.050394500580893, 24.7210614908157 ], [ -81.050516069308202, 24.721021126322999 ], [ -81.053242968948894, 24.720115713202802 ], [ -81.053471, 24.72004 ], [ -81.053537380540504, 24.719993313384599 ], [ -81.056842032619997, 24.717669092769299 ], [ -81.057118, 24.717475 ], [ -81.060149, 24.715735 ], [ -81.064076930242507, 24.715483541128599 ], [ -81.064554, 24.715453 ], [ -81.067135, 24.714931 ], [ -81.071034, 24.711722 ], [ -81.071758, 24.709987 ], [ -81.071957818202605, 24.709564897419799 ], [ -81.073289892372003, 24.7067509798852 ], [ -81.073439, 24.706436 ], [ -81.075855, 24.704266 ], [ -81.077034035401795, 24.701089074480102 ], [ -81.078716, 24.696557 ], [ -81.078586520758407, 24.6946054626946 ], [ -81.07857911843, 24.6944938933045 ], [ -81.078439, 24.692382 ], [ -81.075492, 24.691813 ], [ -81.075414, 24.690833 ], [ -81.0773, 24.689974 ], [ -81.079307, 24.689494 ], [ -81.081777, 24.690678 ], [ -81.08244, 24.691955 ], [ -81.085304, 24.691638 ], [ -81.086696, 24.691452 ], [ -81.087162753202506, 24.691324851652801 ], [ -81.0932913403242, 24.689655361825899 ], [ -81.094438, 24.689343 ], [ -81.097547, 24.690009 ], [ -81.108041, 24.688592 ], [ -81.110081, 24.689493 ], [ -81.111367472159998, 24.690772498151201 ], [ -81.111775540742997, 24.6911783545807 ], [ -81.112848, 24.692245 ], [ -81.115973, 24.699071 ], [ -81.120087837101806, 24.7040591544379 ], [ -81.12019, 24.704183 ], [ -81.124094, 24.704873 ], [ -81.124761, 24.707129 ], [ -81.118586, 24.707813 ], [ -81.116318366747294, 24.7088118408602 ], [ -81.113171035290094, 24.710198168766802 ], [ -81.112635386307701, 24.710434109957699 ], [ -81.107355, 24.71276 ], [ -81.107298114388001, 24.712719288827 ], [ -81.105287, 24.71128 ], [ -81.105031570725401, 24.711309603555399 ], [ -81.102954667132494, 24.7115503110102 ], [ -81.100643431307404, 24.711818176930699 ], [ -81.099135, 24.711993 ], [ -81.095641638105704, 24.713787258961901 ], [ -81.092200975228096, 24.715554450678699 ] ] ], [ [ [ -80.931246176771594, 24.7646368614888 ], [ -80.931353, 24.766786 ], [ -80.931357687163498, 24.766824265372598 ], [ -80.931591, 24.768729 ], [ -80.931202710170695, 24.769645468587001 ], [ -80.930997, 24.770131 ], [ -80.929333, 24.770023 ], [ -80.928264, 24.769268 ], [ -80.928228043248296, 24.769262840572399 ], [ -80.926006, 24.768944 ], [ -80.925816597802793, 24.767913429220901 ], [ -80.925768, 24.767649 ], [ -80.926362, 24.765923 ], [ -80.928353, 24.764257 ], [ -80.931531, 24.763398 ], [ -80.931235, 24.764412 ], [ -80.931246176771594, 24.7646368614888 ] ] ], [ [ [ -80.907862, 24.774555 ], [ -80.907362, 24.772584 ], [ -80.906531, 24.770652 ], [ -80.907616, 24.76862 ], [ -80.909643, 24.767393 ], [ -80.912115, 24.765968 ], [ -80.913188, 24.765863 ], [ -80.913490033231398, 24.7659288475725 ], [ -80.916119, 24.766502 ], [ -80.919652, 24.766497 ], [ -80.922944, 24.765688 ], [ -80.923153, 24.766678 ], [ -80.922203, 24.767973 ], [ -80.920658, 24.769052 ], [ -80.916736, 24.770563 ], [ -80.91531, 24.773261 ], [ -80.914478, 24.774555 ], [ -80.91424, 24.776498 ], [ -80.91531, 24.7779 ], [ -80.914003, 24.778656 ], [ -80.912458, 24.777037 ], [ -80.910913, 24.777469 ], [ -80.90876, 24.777604 ], [ -80.908386, 24.776872 ], [ -80.907862, 24.774555 ] ] ], [ [ [ -80.808878, 24.833527 ], [ -80.804677, 24.83479 ], [ -80.792714, 24.843482 ], [ -80.790477, 24.84295 ], [ -80.790546, 24.840159 ], [ -80.796637, 24.837193 ], [ -80.801937, 24.833456 ], [ -80.808877, 24.826969 ], [ -80.809732044171298, 24.825178791326501 ], [ -80.810211, 24.824176 ], [ -80.808896224553493, 24.8216760555724 ], [ -80.80733, 24.818698 ], [ -80.799647, 24.817453 ], [ -80.791148, 24.825668 ], [ -80.788397, 24.825326 ], [ -80.786881, 24.822771 ], [ -80.794531, 24.81205 ], [ -80.797704, 24.811571 ], [ -80.807373, 24.812436 ], [ -80.824377, 24.812375 ], [ -80.828993, 24.809622 ], [ -80.835017, 24.806939 ], [ -80.840918, 24.805473 ], [ -80.84669, 24.802757 ], [ -80.849276, 24.803514 ], [ -80.848245, 24.805826 ], [ -80.846142, 24.807488 ], [ -80.836221, 24.809296 ], [ -80.830486, 24.812394 ], [ -80.829357, 24.814905 ], [ -80.819986, 24.823486 ], [ -80.817021205182698, 24.823721691438099 ], [ -80.816489, 24.823764 ], [ -80.815607, 24.825407 ], [ -80.813024, 24.827078 ], [ -80.813614, 24.828316 ], [ -80.812107723080601, 24.829973349879001 ], [ -80.808878, 24.833527 ] ] ], [ [ [ -80.782672, 24.939327 ], [ -80.783246, 24.938033 ], [ -80.783693, 24.937186 ], [ -80.784714, 24.936768 ], [ -80.786893, 24.937544 ], [ -80.787986, 24.938723 ], [ -80.788172, 24.940462 ], [ -80.786331, 24.940963 ], [ -80.783891, 24.940841 ], [ -80.782672, 24.939327 ] ] ], [ [ [ -80.831711, 24.994608 ], [ -80.829887, 24.994453 ], [ -80.829231, 24.992121 ], [ -80.827771, 24.990621 ], [ -80.827196, 24.988895 ], [ -80.827909, 24.987926 ], [ -80.829315, 24.987165 ], [ -80.829765, 24.987682 ], [ -80.830025, 24.989725 ], [ -80.832497, 24.992512 ], [ -80.832726, 24.993469 ], [ -80.831711, 24.994608 ] ] ], [ [ [ -80.787135, 25.023011 ], [ -80.789232, 25.023182 ], [ -80.791534, 25.023567 ], [ -80.791243, 25.025307 ], [ -80.789648, 25.026551 ], [ -80.786301, 25.026556 ], [ -80.785232, 25.024756 ], [ -80.785788, 25.023655 ], [ -80.787135, 25.023011 ] ] ], [ [ [ -80.861578, 25.031676 ], [ -80.860895, 25.031059 ], [ -80.863547, 25.029655 ], [ -80.865342, 25.029951 ], [ -80.865802, 25.031146 ], [ -80.865385, 25.032385 ], [ -80.864135, 25.03298 ], [ -80.8626, 25.03396 ], [ -80.862189, 25.033801 ], [ -80.861578, 25.031676 ] ] ], [ [ [ -80.753951, 25.028585 ], [ -80.758285, 25.0293 ], [ -80.759065, 25.032709 ], [ -80.758024, 25.036293 ], [ -80.755697, 25.038571 ], [ -80.754511, 25.03908 ], [ -80.753691, 25.037893 ], [ -80.753988, 25.036473 ], [ -80.75559, 25.034525 ], [ -80.75567, 25.030914 ], [ -80.753117, 25.030363 ], [ -80.749776, 25.028221 ], [ -80.749596, 25.027061 ], [ -80.750672, 25.026353 ], [ -80.753951, 25.028585 ] ] ], [ [ [ -80.904055, 25.04966 ], [ -80.904901, 25.050657 ], [ -80.904955, 25.051648 ], [ -80.903444, 25.05233 ], [ -80.901776, 25.052214 ], [ -80.901583, 25.050331 ], [ -80.902273, 25.049313 ], [ -80.904055, 25.04966 ] ] ], [ [ [ -80.88392, 25.059201 ], [ -80.885359, 25.058095 ], [ -80.886369, 25.058447 ], [ -80.887148, 25.059383 ], [ -80.887311, 25.059835 ], [ -80.885781, 25.061062 ], [ -80.884814, 25.061199 ], [ -80.883582, 25.059878 ], [ -80.88392, 25.059201 ] ] ], [ [ [ -80.788673, 25.071034 ], [ -80.787519, 25.068677 ], [ -80.789755, 25.066734 ], [ -80.7923, 25.067924 ], [ -80.792952, 25.069454 ], [ -80.792444, 25.071177 ], [ -80.788673, 25.071034 ] ] ], [ [ [ -80.929877, 25.078468 ], [ -80.931183, 25.079211 ], [ -80.932211, 25.080004 ], [ -80.931574, 25.080643 ], [ -80.929533, 25.08089 ], [ -80.925168, 25.080554 ], [ -80.926009, 25.079249 ], [ -80.927345, 25.078445 ], [ -80.929877, 25.078468 ] ] ], [ [ [ -80.789454, 25.092091 ], [ -80.787115, 25.092223 ], [ -80.78567, 25.092476 ], [ -80.785495, 25.091837 ], [ -80.787672, 25.089118 ], [ -80.790053, 25.090038 ], [ -80.791123, 25.09147 ], [ -80.792398, 25.09398 ], [ -80.791594, 25.094558 ], [ -80.790252, 25.093804 ], [ -80.789454, 25.092091 ] ] ], [ [ [ -80.913992, 25.107044 ], [ -80.914995, 25.108624 ], [ -80.913332, 25.110077 ], [ -80.91202, 25.110325 ], [ -80.9115, 25.109653 ], [ -80.910624, 25.107968 ], [ -80.908792, 25.106135 ], [ -80.907384, 25.104329 ], [ -80.907814, 25.102897 ], [ -80.909767, 25.101874 ], [ -80.911067, 25.101951 ], [ -80.912179, 25.103493 ], [ -80.912832, 25.105056 ], [ -80.913992, 25.107044 ] ] ], [ [ [ -80.932481, 25.109231 ], [ -80.935245, 25.107811 ], [ -80.938159, 25.107178 ], [ -80.939187, 25.106341 ], [ -80.941642, 25.10617 ], [ -80.944036, 25.107662 ], [ -80.943413, 25.108626 ], [ -80.939217, 25.109694 ], [ -80.935317, 25.111092 ], [ -80.932481, 25.109231 ] ] ], [ [ [ -80.8524, 25.10851 ], [ -80.852636, 25.109865 ], [ -80.852044, 25.110801 ], [ -80.850375, 25.110719 ], [ -80.8498, 25.109667 ], [ -80.849757, 25.108473 ], [ -80.851471, 25.107736 ], [ -80.8524, 25.10851 ] ] ], [ [ [ -80.880226, 25.108561 ], [ -80.8825, 25.108339 ], [ -80.88343, 25.109129 ], [ -80.883118, 25.110668 ], [ -80.881195, 25.113785 ], [ -80.88089, 25.115562 ], [ -80.880875, 25.117054 ], [ -80.881142, 25.117611 ], [ -80.881348, 25.118399 ], [ -80.880821, 25.119213 ], [ -80.879288, 25.118916 ], [ -80.876534, 25.117168 ], [ -80.875381, 25.115257 ], [ -80.875795, 25.112098 ], [ -80.876076, 25.110876 ], [ -80.878067, 25.109367 ], [ -80.880226, 25.108561 ] ] ], [ [ [ -80.833471, 25.121408 ], [ -80.832298, 25.121699 ], [ -80.831826, 25.120114 ], [ -80.831118, 25.119349 ], [ -80.830114, 25.117587 ], [ -80.828657, 25.114961 ], [ -80.829219, 25.11467 ], [ -80.830858, 25.115236 ], [ -80.831934, 25.116657 ], [ -80.833488, 25.11768 ], [ -80.834154, 25.119772 ], [ -80.833471, 25.121408 ] ] ], [ [ [ -80.792239, 25.131713 ], [ -80.791289, 25.132573 ], [ -80.789268, 25.132036 ], [ -80.78701, 25.129561 ], [ -80.784277, 25.127302 ], [ -80.780918, 25.123904 ], [ -80.781182, 25.122027 ], [ -80.782186, 25.121587 ], [ -80.784417, 25.123399 ], [ -80.786703, 25.124423 ], [ -80.789617, 25.128105 ], [ -80.791292, 25.129316 ], [ -80.792239, 25.131713 ] ] ], [ [ [ -80.909391, 25.133438 ], [ -80.904231, 25.137429 ], [ -80.900209, 25.137411 ], [ -80.900573, 25.134901 ], [ -80.905406, 25.132562 ], [ -80.908605, 25.132541 ], [ -80.909391, 25.133438 ] ] ], [ [ [ -80.760509, 25.146344 ], [ -80.758845, 25.145268 ], [ -80.759271, 25.143857 ], [ -80.760886, 25.143528 ], [ -80.762767, 25.143655 ], [ -80.762529, 25.145268 ], [ -80.760509, 25.146344 ] ] ], [ [ [ -80.728756508920299, 24.8658581538694 ], [ -80.727855, 24.866095 ], [ -80.726299, 24.866574 ], [ -80.722852, 24.863762 ], [ -80.72065, 24.862465 ], [ -80.718511, 24.863004 ], [ -80.716805, 24.865145 ], [ -80.714471, 24.866009 ], [ -80.712323, 24.866819 ], [ -80.710706, 24.869418 ], [ -80.706898, 24.870811 ], [ -80.704666, 24.872551 ], [ -80.704352, 24.874748 ], [ -80.705026, 24.87795 ], [ -80.704085, 24.880301 ], [ -80.699498, 24.882801 ], [ -80.69642, 24.884447 ], [ -80.696213143044503, 24.884472572178201 ], [ -80.691429, 24.885064 ], [ -80.690651, 24.884221 ], [ -80.689872, 24.881761 ], [ -80.691535, 24.879823 ], [ -80.69403, 24.879013 ], [ -80.695986, 24.877725 ], [ -80.698191, 24.875167 ], [ -80.700502, 24.872221 ], [ -80.701817, 24.870217 ], [ -80.703332, 24.868351 ], [ -80.705468, 24.867717 ], [ -80.708642, 24.866098 ], [ -80.710735, 24.863973 ], [ -80.714601, 24.862388 ], [ -80.718434, 24.860894 ], [ -80.721264, 24.859859 ], [ -80.725765, 24.857914 ], [ -80.729807, 24.85532 ], [ -80.731043674661095, 24.853839186802901 ], [ -80.732051, 24.852633 ], [ -80.73415, 24.850612 ], [ -80.735175, 24.848822 ], [ -80.735391819807901, 24.848814192605602 ], [ -80.73748, 24.848739 ], [ -80.739411, 24.850351 ], [ -80.741319, 24.852514 ], [ -80.741059555344805, 24.853715041322001 ], [ -80.740793, 24.854949 ], [ -80.74053, 24.856627 ], [ -80.739329844725304, 24.8581572695836 ], [ -80.738854, 24.858764 ], [ -80.736489, 24.85992 ], [ -80.736332788637597, 24.8601177842725 ], [ -80.735953565259194, 24.860597931291501 ], [ -80.734118, 24.862922 ], [ -80.732966, 24.864315 ], [ -80.731235, 24.865207 ], [ -80.729295990894997, 24.865716420143599 ], [ -80.728756508920299, 24.8658581538694 ] ] ], [ [ [ -80.704003, 24.902058 ], [ -80.702567, 24.904965 ], [ -80.700491, 24.90807 ], [ -80.69935, 24.908538 ], [ -80.698058, 24.908869 ], [ -80.696965, 24.908076 ], [ -80.69519, 24.904162 ], [ -80.693404, 24.899532 ], [ -80.694436, 24.897467 ], [ -80.696421, 24.896647 ], [ -80.698975, 24.896603 ], [ -80.70259, 24.897037 ], [ -80.704353, 24.898529 ], [ -80.704003, 24.902058 ] ] ], [ [ [ -80.666542, 24.927647 ], [ -80.665154, 24.928158 ], [ -80.662079, 24.926638 ], [ -80.660828, 24.924028 ], [ -80.661392, 24.921898 ], [ -80.663322, 24.92024 ], [ -80.666389, 24.918518 ], [ -80.669006, 24.918413 ], [ -80.670837, 24.92021 ], [ -80.669914, 24.923468 ], [ -80.668503, 24.926441 ], [ -80.666542, 24.927647 ] ] ], [ [ [ -80.627334, 24.959076 ], [ -80.627357, 24.959814 ], [ -80.625146, 24.961366 ], [ -80.623882, 24.963673 ], [ -80.623036, 24.962022 ], [ -80.622944, 24.959853 ], [ -80.623203, 24.95862 ], [ -80.627334, 24.959076 ] ] ], [ [ [ -80.652685, 24.980814 ], [ -80.654128, 24.98164 ], [ -80.653553, 24.982826 ], [ -80.651058, 24.984334 ], [ -80.651414, 24.98638 ], [ -80.651414, 24.98735 ], [ -80.651177, 24.988858 ], [ -80.650226, 24.989504 ], [ -80.647744, 24.988515 ], [ -80.646576, 24.987369 ], [ -80.646438, 24.986296 ], [ -80.647894, 24.985189 ], [ -80.649984, 24.982933 ], [ -80.65077, 24.982162 ], [ -80.652685, 24.980814 ] ] ], [ [ [ -80.667339, 24.988104 ], [ -80.666745, 24.987242 ], [ -80.667322, 24.986395 ], [ -80.669288, 24.987082 ], [ -80.671384, 24.987638 ], [ -80.671843, 24.988712 ], [ -80.671317, 24.989472 ], [ -80.670085, 24.990165 ], [ -80.668408, 24.989504 ], [ -80.667339, 24.988104 ] ] ], [ [ [ -80.657594, 24.987781 ], [ -80.659614, 24.987888 ], [ -80.661634, 24.987565 ], [ -80.664962, 24.988104 ], [ -80.665556, 24.989396 ], [ -80.663488, 24.992999 ], [ -80.661826, 24.995273 ], [ -80.660582, 24.99574 ], [ -80.658582, 24.995371 ], [ -80.65651, 24.996103 ], [ -80.65529, 24.995998 ], [ -80.654271, 24.994916 ], [ -80.654148, 24.993382 ], [ -80.655098, 24.992305 ], [ -80.656405, 24.991551 ], [ -80.657713, 24.990797 ], [ -80.657832, 24.989504 ], [ -80.657594, 24.987781 ] ] ], [ [ [ -80.723687, 25.005051 ], [ -80.72388, 25.003847 ], [ -80.725605, 24.999998 ], [ -80.726251, 24.996229 ], [ -80.728903, 24.994097 ], [ -80.73063, 24.993232 ], [ -80.731633, 24.995539 ], [ -80.730168, 25.000389 ], [ -80.730093, 25.002447 ], [ -80.723687, 25.005051 ] ] ], [ [ [ -80.627171, 25.000401 ], [ -80.626002, 25.002625 ], [ -80.623225, 25.001586 ], [ -80.622785, 24.999997 ], [ -80.623887, 24.998781 ], [ -80.626172, 24.999077 ], [ -80.627171, 25.000401 ] ] ], [ [ [ -80.618351, 25.004027 ], [ -80.617783, 25.005651 ], [ -80.615531, 25.007777 ], [ -80.614348, 25.007883 ], [ -80.612751, 25.00666 ], [ -80.613028, 25.004414 ], [ -80.614146, 25.003219 ], [ -80.615982, 25.003532 ], [ -80.618984, 25.001389 ], [ -80.620159, 25.001352 ], [ -80.619782, 25.002903 ], [ -80.618351, 25.004027 ] ] ], [ [ [ -80.740108, 25.008277 ], [ -80.739, 25.010466 ], [ -80.73785, 25.01044 ], [ -80.735532, 25.005445 ], [ -80.735857, 25.002888 ], [ -80.736917, 25.002469 ], [ -80.7384, 25.004321 ], [ -80.740108, 25.008277 ] ] ], [ [ [ -80.632255, 25.027517 ], [ -80.631628, 25.025463 ], [ -80.633242, 25.024247 ], [ -80.634227, 25.024297 ], [ -80.635229, 25.025624 ], [ -80.636854, 25.026445 ], [ -80.637434, 25.027073 ], [ -80.636835, 25.02813 ], [ -80.634152, 25.028118 ], [ -80.632255, 25.027517 ] ] ], [ [ [ -80.684639, 25.026108 ], [ -80.687065, 25.027197 ], [ -80.685989, 25.030594 ], [ -80.68483, 25.031134 ], [ -80.682053, 25.03072 ], [ -80.681831, 25.02795 ], [ -80.682111, 25.025314 ], [ -80.684639, 25.026108 ] ] ], [ [ [ -80.673729, 25.032916 ], [ -80.676237, 25.03099 ], [ -80.678648, 25.031937 ], [ -80.680001, 25.032251 ], [ -80.680636, 25.032945 ], [ -80.678061, 25.035262 ], [ -80.675101, 25.033831 ], [ -80.67379, 25.03355 ], [ -80.673729, 25.032916 ] ] ], [ [ [ -80.649498, 25.034344 ], [ -80.649208, 25.035533 ], [ -80.646681, 25.036429 ], [ -80.64586, 25.036275 ], [ -80.645564, 25.035444 ], [ -80.646338, 25.033159 ], [ -80.648532, 25.032356 ], [ -80.649498, 25.034344 ] ] ], [ [ [ -80.664029, 25.033643 ], [ -80.66498, 25.033104 ], [ -80.667058, 25.033312 ], [ -80.668406, 25.033527 ], [ -80.66936, 25.034634 ], [ -80.669088, 25.035768 ], [ -80.667106, 25.036676 ], [ -80.66464, 25.037154 ], [ -80.663816, 25.035153 ], [ -80.664029, 25.033643 ] ] ], [ [ [ -80.644777, 25.052808 ], [ -80.642748, 25.052305 ], [ -80.641298, 25.0516 ], [ -80.641141, 25.049794 ], [ -80.641855, 25.048044 ], [ -80.644236, 25.046938 ], [ -80.646376, 25.047462 ], [ -80.648224, 25.049147 ], [ -80.648224, 25.05087 ], [ -80.647629, 25.052054 ], [ -80.644777, 25.052808 ] ] ], [ [ [ -80.460428, 25.048837 ], [ -80.460984, 25.049575 ], [ -80.460852, 25.050808 ], [ -80.459311, 25.051727 ], [ -80.455927, 25.052598 ], [ -80.451726, 25.053226 ], [ -80.448638, 25.053666 ], [ -80.44749, 25.053628 ], [ -80.446311, 25.052813 ], [ -80.446662, 25.051173 ], [ -80.448275, 25.050149 ], [ -80.451744, 25.04929 ], [ -80.455781, 25.048353 ], [ -80.459074, 25.048056 ], [ -80.460428, 25.048837 ] ] ], [ [ [ -80.698705, 25.057795 ], [ -80.695635, 25.062084 ], [ -80.69485, 25.062122 ], [ -80.692643, 25.060086 ], [ -80.692698, 25.057272 ], [ -80.695012, 25.054426 ], [ -80.692504, 25.052169 ], [ -80.69448, 25.050071 ], [ -80.697726, 25.04962 ], [ -80.69998, 25.053237 ], [ -80.700645, 25.055092 ], [ -80.698705, 25.057795 ] ] ], [ [ [ -80.586356, 25.062545 ], [ -80.585524, 25.062536 ], [ -80.582693, 25.061169 ], [ -80.582813, 25.058791 ], [ -80.583278, 25.056946 ], [ -80.585049, 25.056974 ], [ -80.586409, 25.055623 ], [ -80.588246, 25.056483 ], [ -80.589322, 25.058228 ], [ -80.589027, 25.060463 ], [ -80.587558, 25.061086 ], [ -80.586356, 25.062545 ] ] ], [ [ [ -80.60982, 25.06585 ], [ -80.60982, 25.064235 ], [ -80.608275, 25.061114 ], [ -80.607562, 25.059391 ], [ -80.607919, 25.056915 ], [ -80.609464, 25.055946 ], [ -80.613385, 25.056161 ], [ -80.614217, 25.057776 ], [ -80.613385, 25.066065 ], [ -80.613375, 25.068715 ], [ -80.615944, 25.069116 ], [ -80.61802, 25.068864 ], [ -80.619565, 25.069833 ], [ -80.619408, 25.071509 ], [ -80.618544, 25.072358 ], [ -80.615601, 25.072612 ], [ -80.610627, 25.074975 ], [ -80.610578, 25.072553 ], [ -80.610058, 25.070371 ], [ -80.608528, 25.07017 ], [ -80.606715, 25.070578 ], [ -80.60553, 25.070358 ], [ -80.605916, 25.069433 ], [ -80.606871, 25.068723 ], [ -80.608521, 25.067698 ], [ -80.60982, 25.06585 ] ] ], [ [ [ -80.72844, 25.068525 ], [ -80.727997, 25.067182 ], [ -80.727065, 25.065052 ], [ -80.727119, 25.06356 ], [ -80.727989, 25.062618 ], [ -80.729941, 25.062012 ], [ -80.731012, 25.063614 ], [ -80.731979, 25.065144 ], [ -80.733835, 25.065766 ], [ -80.735672, 25.064835 ], [ -80.736778, 25.064829 ], [ -80.737149, 25.065548 ], [ -80.736344, 25.066948 ], [ -80.735795, 25.068964 ], [ -80.736097, 25.070643 ], [ -80.734321, 25.072157 ], [ -80.733335, 25.071442 ], [ -80.733002, 25.069267 ], [ -80.731781, 25.068012 ], [ -80.73058, 25.06874 ], [ -80.729867, 25.070463 ], [ -80.728203, 25.070893 ], [ -80.727965, 25.069494 ], [ -80.72844, 25.068525 ] ] ], [ [ [ -80.556223, 25.063482 ], [ -80.558363, 25.062513 ], [ -80.559907, 25.063267 ], [ -80.559789, 25.064558 ], [ -80.558136, 25.06596 ], [ -80.558291, 25.067391 ], [ -80.556801, 25.070396 ], [ -80.555844, 25.072206 ], [ -80.554878, 25.071278 ], [ -80.554459, 25.069696 ], [ -80.554779, 25.067808 ], [ -80.553772, 25.065321 ], [ -80.551945, 25.064774 ], [ -80.552658, 25.062944 ], [ -80.554787, 25.064049 ], [ -80.556223, 25.063482 ] ] ], [ [ [ -80.49285, 25.079996 ], [ -80.493276, 25.078446 ], [ -80.495951, 25.078551 ], [ -80.498465, 25.075912 ], [ -80.501873, 25.074761 ], [ -80.502891, 25.076204 ], [ -80.500417, 25.077993 ], [ -80.499054, 25.080866 ], [ -80.496256, 25.081809 ], [ -80.49285, 25.079996 ] ] ], [ [ [ -80.519306, 25.085122 ], [ -80.518681, 25.08598 ], [ -80.51478, 25.084861 ], [ -80.511144, 25.083179 ], [ -80.510588, 25.081913 ], [ -80.512066, 25.081322 ], [ -80.517832, 25.083 ], [ -80.519306, 25.085122 ] ] ], [ [ [ -80.478573, 25.101713 ], [ -80.477742, 25.103543 ], [ -80.476672, 25.102466 ], [ -80.475721, 25.098807 ], [ -80.473939, 25.097085 ], [ -80.471087, 25.094503 ], [ -80.470492, 25.093319 ], [ -80.468829, 25.092027 ], [ -80.471443, 25.091597 ], [ -80.474652, 25.090736 ], [ -80.476316, 25.088906 ], [ -80.478455, 25.089014 ], [ -80.48, 25.088045 ], [ -80.480831, 25.086 ], [ -80.482495, 25.084278 ], [ -80.483802, 25.085139 ], [ -80.482614, 25.086431 ], [ -80.482376, 25.088368 ], [ -80.481426, 25.089444 ], [ -80.481544, 25.091489 ], [ -80.480475, 25.092673 ], [ -80.478573, 25.091704 ], [ -80.477029, 25.090951 ], [ -80.474889, 25.092135 ], [ -80.473939, 25.093642 ], [ -80.474295, 25.095364 ], [ -80.476316, 25.096225 ], [ -80.477504, 25.098054 ], [ -80.478573, 25.101713 ] ] ], [ [ [ -80.726205, 25.093192 ], [ -80.72734, 25.093261 ], [ -80.728296, 25.094736 ], [ -80.725196, 25.099155 ], [ -80.723231, 25.098128 ], [ -80.723228, 25.095847 ], [ -80.724637, 25.093824 ], [ -80.726205, 25.093192 ] ] ], [ [ [ -80.676781, 25.099024 ], [ -80.678855, 25.098804 ], [ -80.68042, 25.099282 ], [ -80.680244, 25.100754 ], [ -80.678202, 25.101563 ], [ -80.676926, 25.103644 ], [ -80.6745, 25.104106 ], [ -80.671181, 25.102257 ], [ -80.66965, 25.100869 ], [ -80.668756, 25.098326 ], [ -80.666841, 25.097402 ], [ -80.666932, 25.095962 ], [ -80.669786, 25.096914 ], [ -80.672736, 25.098286 ], [ -80.674368, 25.098523 ], [ -80.676781, 25.099024 ] ] ], [ [ [ -80.700709, 25.104341 ], [ -80.700892, 25.108069 ], [ -80.699136, 25.107342 ], [ -80.698498, 25.105609 ], [ -80.698243, 25.102257 ], [ -80.697222, 25.10006 ], [ -80.697222, 25.098326 ], [ -80.698672, 25.0962 ], [ -80.701538, 25.095759 ], [ -80.702173, 25.09877 ], [ -80.700157, 25.101447 ], [ -80.700709, 25.104341 ] ] ], [ [ [ -80.491527, 25.099561 ], [ -80.493169, 25.09947 ], [ -80.494498, 25.097839 ], [ -80.496994, 25.099668 ], [ -80.498063, 25.102682 ], [ -80.495582, 25.102244 ], [ -80.493787, 25.103203 ], [ -80.490794, 25.10354 ], [ -80.488993, 25.104994 ], [ -80.488722, 25.107218 ], [ -80.488348, 25.10888 ], [ -80.48784, 25.109293 ], [ -80.486179, 25.1086 ], [ -80.486892, 25.106771 ], [ -80.487249, 25.105049 ], [ -80.489031, 25.102574 ], [ -80.490457, 25.100852 ], [ -80.491527, 25.099561 ] ] ], [ [ [ -80.641695, 25.125488 ], [ -80.642078, 25.126991 ], [ -80.643992, 25.127453 ], [ -80.646035, 25.128609 ], [ -80.647439, 25.130689 ], [ -80.646928, 25.132884 ], [ -80.64629, 25.135196 ], [ -80.647056, 25.13716 ], [ -80.647439, 25.138662 ], [ -80.645948, 25.139622 ], [ -80.643865, 25.137507 ], [ -80.641184, 25.137045 ], [ -80.637482, 25.137276 ], [ -80.638504, 25.135427 ], [ -80.63927, 25.133462 ], [ -80.641822, 25.132653 ], [ -80.642907, 25.131858 ], [ -80.64222, 25.130104 ], [ -80.64045, 25.129217 ], [ -80.639427, 25.126993 ], [ -80.63768, 25.124367 ], [ -80.635834, 25.123964 ], [ -80.634293, 25.120028 ], [ -80.63225, 25.119319 ], [ -80.632135, 25.118588 ], [ -80.634537, 25.116995 ], [ -80.63665, 25.112574 ], [ -80.637154, 25.1099 ], [ -80.638375, 25.106499 ], [ -80.643227, 25.105493 ], [ -80.64361, 25.10399 ], [ -80.644886, 25.103412 ], [ -80.646163, 25.102488 ], [ -80.644248, 25.100176 ], [ -80.643482, 25.098442 ], [ -80.641228, 25.097717 ], [ -80.640778, 25.095031 ], [ -80.641411, 25.092344 ], [ -80.644119, 25.091167 ], [ -80.644248, 25.0885 ], [ -80.642131, 25.086663 ], [ -80.641243, 25.08429 ], [ -80.640089, 25.08233 ], [ -80.637616, 25.082874 ], [ -80.637792, 25.08207 ], [ -80.640096, 25.080315 ], [ -80.639807, 25.077573 ], [ -80.640207, 25.075322 ], [ -80.640643, 25.073373 ], [ -80.642976, 25.07273 ], [ -80.646566, 25.074806 ], [ -80.649134, 25.07827 ], [ -80.64836, 25.082512 ], [ -80.648077, 25.085032 ], [ -80.650375, 25.088732 ], [ -80.649544, 25.090761 ], [ -80.650503, 25.093818 ], [ -80.650758, 25.098211 ], [ -80.651396, 25.100291 ], [ -80.653055, 25.103181 ], [ -80.655608, 25.104453 ], [ -80.658544, 25.105377 ], [ -80.658672, 25.107111 ], [ -80.656247, 25.10977 ], [ -80.6528, 25.108614 ], [ -80.651651, 25.107227 ], [ -80.649737, 25.107111 ], [ -80.647822, 25.108614 ], [ -80.646418, 25.108845 ], [ -80.643482, 25.112081 ], [ -80.640801, 25.116705 ], [ -80.63927, 25.118207 ], [ -80.638759, 25.12075 ], [ -80.639397, 25.122946 ], [ -80.641695, 25.125488 ] ] ], [ [ [ -80.562047, 25.106534 ], [ -80.565018, 25.106534 ], [ -80.567157, 25.105781 ], [ -80.568107, 25.10449 ], [ -80.57096, 25.103736 ], [ -80.573099, 25.103951 ], [ -80.574168, 25.104597 ], [ -80.570841, 25.106427 ], [ -80.567157, 25.108256 ], [ -80.567294, 25.109665 ], [ -80.567621, 25.112577 ], [ -80.568345, 25.115681 ], [ -80.568583, 25.118801 ], [ -80.567632, 25.119124 ], [ -80.566563, 25.115681 ], [ -80.563354, 25.110946 ], [ -80.56169, 25.10987 ], [ -80.560739, 25.107395 ], [ -80.562047, 25.106534 ] ] ], [ [ [ -80.475942, 25.10832 ], [ -80.477416, 25.107891 ], [ -80.479189, 25.110561 ], [ -80.482307, 25.112364 ], [ -80.480673, 25.116026 ], [ -80.476915, 25.114316 ], [ -80.477147, 25.112259 ], [ -80.475008, 25.109784 ], [ -80.475942, 25.10832 ] ] ], [ [ [ -80.675904, 25.114509 ], [ -80.677691, 25.114624 ], [ -80.678713, 25.115318 ], [ -80.679479, 25.117167 ], [ -80.680627, 25.117629 ], [ -80.681393, 25.116358 ], [ -80.681776, 25.114162 ], [ -80.68318, 25.112659 ], [ -80.685861, 25.112891 ], [ -80.684712, 25.114624 ], [ -80.683691, 25.115202 ], [ -80.683308, 25.11682 ], [ -80.684457, 25.117629 ], [ -80.685223, 25.119363 ], [ -80.683691, 25.120403 ], [ -80.684074, 25.122946 ], [ -80.682159, 25.123639 ], [ -80.680755, 25.122137 ], [ -80.679479, 25.123177 ], [ -80.677691, 25.120981 ], [ -80.677691, 25.118554 ], [ -80.676798, 25.116358 ], [ -80.675904, 25.114509 ] ] ], [ [ [ -80.698626, 25.121212 ], [ -80.696711, 25.122483 ], [ -80.694541, 25.122252 ], [ -80.694413, 25.119941 ], [ -80.697094, 25.118438 ], [ -80.699519, 25.115896 ], [ -80.700903, 25.11582 ], [ -80.7007, 25.118386 ], [ -80.702838, 25.121328 ], [ -80.701562, 25.122599 ], [ -80.700157, 25.122252 ], [ -80.698626, 25.121212 ] ] ], [ [ [ -80.569652, 25.131498 ], [ -80.568161, 25.12944 ], [ -80.566328, 25.129099 ], [ -80.564955, 25.127871 ], [ -80.564991, 25.12476 ], [ -80.566466, 25.123918 ], [ -80.567972, 25.122476 ], [ -80.567731, 25.125708 ], [ -80.570198, 25.127871 ], [ -80.570833, 25.129247 ], [ -80.570603, 25.131175 ], [ -80.569652, 25.131498 ] ] ], [ [ [ -80.700285, 25.12988 ], [ -80.698626, 25.127106 ], [ -80.699647, 25.125719 ], [ -80.701179, 25.126182 ], [ -80.701817, 25.127684 ], [ -80.704373, 25.128191 ], [ -80.706017, 25.128904 ], [ -80.707711, 25.132593 ], [ -80.710028, 25.13486 ], [ -80.71186, 25.136385 ], [ -80.713633, 25.139346 ], [ -80.714958, 25.140795 ], [ -80.71356, 25.141667 ], [ -80.712539, 25.143169 ], [ -80.711135, 25.143054 ], [ -80.709603, 25.14132 ], [ -80.710369, 25.139702 ], [ -80.709603, 25.137507 ], [ -80.708199, 25.136814 ], [ -80.705263, 25.135542 ], [ -80.703476, 25.133693 ], [ -80.701689, 25.133347 ], [ -80.700923, 25.131498 ], [ -80.700285, 25.12988 ] ] ], [ [ [ -80.509989, 25.137033 ], [ -80.510599, 25.138971 ], [ -80.509938, 25.139974 ], [ -80.508409, 25.139516 ], [ -80.506898, 25.138007 ], [ -80.505356, 25.137824 ], [ -80.504928, 25.135743 ], [ -80.506187, 25.133476 ], [ -80.506548, 25.131713 ], [ -80.507737, 25.13096 ], [ -80.509163, 25.13139 ], [ -80.507737, 25.13408 ], [ -80.508093, 25.135263 ], [ -80.509989, 25.137033 ] ] ], [ [ [ -80.564272, 25.146897 ], [ -80.5655, 25.148438 ], [ -80.568226, 25.147958 ], [ -80.570365, 25.147205 ], [ -80.570841, 25.148065 ], [ -80.570128, 25.149464 ], [ -80.568345, 25.150217 ], [ -80.565018, 25.149679 ], [ -80.563377, 25.148339 ], [ -80.560873, 25.145691 ], [ -80.557983, 25.142091 ], [ -80.557233, 25.140384 ], [ -80.558503, 25.139762 ], [ -80.561944, 25.13957 ], [ -80.561763, 25.141408 ], [ -80.563734, 25.142476 ], [ -80.564164, 25.144612 ], [ -80.564272, 25.146897 ] ] ], [ [ [ -80.715231, 25.148818 ], [ -80.714756, 25.149787 ], [ -80.712498, 25.148065 ], [ -80.710953, 25.145806 ], [ -80.711309, 25.144408 ], [ -80.712973, 25.143977 ], [ -80.714637, 25.146559 ], [ -80.715231, 25.148818 ] ] ], [ [ [ -80.509337, 25.155186 ], [ -80.508152, 25.154562 ], [ -80.505434, 25.148743 ], [ -80.506644, 25.147339 ], [ -80.509759, 25.149258 ], [ -80.51397, 25.148711 ], [ -80.514404, 25.150354 ], [ -80.510928, 25.151559 ], [ -80.510744, 25.153764 ], [ -80.509337, 25.155186 ] ] ], [ [ [ -80.578941, 25.158033 ], [ -80.57905, 25.159949 ], [ -80.577513, 25.159899 ], [ -80.574561, 25.159899 ], [ -80.573799, 25.157826 ], [ -80.572928, 25.156745 ], [ -80.57412, 25.155424 ], [ -80.574615, 25.153866 ], [ -80.574525, 25.151723 ], [ -80.574406, 25.149679 ], [ -80.575119, 25.148388 ], [ -80.576426, 25.150217 ], [ -80.57675, 25.153778 ], [ -80.577779, 25.156029 ], [ -80.578941, 25.158033 ] ] ], [ [ [ -80.555867, 25.158177 ], [ -80.553221, 25.161413 ], [ -80.550578, 25.162393 ], [ -80.550058, 25.161854 ], [ -80.550354, 25.160433 ], [ -80.551437, 25.159321 ], [ -80.55281, 25.158287 ], [ -80.555867, 25.158177 ] ] ], [ [ [ -80.586007, 25.168018 ], [ -80.587241, 25.16641 ], [ -80.587283, 25.164153 ], [ -80.586799, 25.16264 ], [ -80.587645, 25.161638 ], [ -80.589327, 25.161549 ], [ -80.591384, 25.162551 ], [ -80.593102, 25.16309 ], [ -80.596193, 25.162434 ], [ -80.59762, 25.1631 ], [ -80.599853, 25.163732 ], [ -80.602037, 25.166011 ], [ -80.602927, 25.169738 ], [ -80.603666, 25.171483 ], [ -80.605645, 25.173624 ], [ -80.607412, 25.174421 ], [ -80.607696, 25.174917 ], [ -80.604354, 25.174849 ], [ -80.602333, 25.173558 ], [ -80.599481, 25.173558 ], [ -80.598055, 25.171622 ], [ -80.596154, 25.170977 ], [ -80.594371, 25.170224 ], [ -80.592113, 25.170762 ], [ -80.590568, 25.171192 ], [ -80.589136, 25.171734 ], [ -80.586631, 25.171442 ], [ -80.586044, 25.16924 ], [ -80.586007, 25.168018 ] ] ], [ [ [ -80.617693, 25.176784 ], [ -80.619244010926494, 25.177934325797398 ], [ -80.619462, 25.178096 ], [ -80.618005, 25.180132 ], [ -80.619622, 25.181164 ], [ -80.621451, 25.180667 ], [ -80.621546245231798, 25.1806880881179 ], [ -80.624319, 25.181302 ], [ -80.624794, 25.182807 ], [ -80.622893, 25.182807 ], [ -80.621467, 25.183668 ], [ -80.620159, 25.182915 ], [ -80.617094, 25.182464 ], [ -80.614481, 25.182312 ], [ -80.612322, 25.18174 ], [ -80.609847, 25.182407 ], [ -80.610637, 25.180263 ], [ -80.610940222469395, 25.179651524642399 ], [ -80.611722, 25.178075 ], [ -80.6125, 25.176424 ], [ -80.614448, 25.175779 ], [ -80.617693, 25.176784 ] ] ], [ [ [ -80.530332, 25.187603 ], [ -80.531294, 25.185605 ], [ -80.532443, 25.185019 ], [ -80.533944, 25.18462 ], [ -80.536225, 25.183256 ], [ -80.53795, 25.182683 ], [ -80.540588, 25.181968 ], [ -80.542796, 25.181875 ], [ -80.544387, 25.182293 ], [ -80.545464, 25.183296 ], [ -80.543032, 25.185173 ], [ -80.540418, 25.186356 ], [ -80.537803, 25.186786 ], [ -80.535783, 25.187001 ], [ -80.534832, 25.188292 ], [ -80.535783, 25.189905 ], [ -80.536734, 25.190658 ], [ -80.537447, 25.193024 ], [ -80.535636, 25.195097 ], [ -80.534844, 25.192785 ], [ -80.534052, 25.19017 ], [ -80.532745, 25.188545 ], [ -80.530332, 25.187603 ] ] ], [ [ [ -80.300281, 25.404348 ], [ -80.301963, 25.403001 ], [ -80.303463, 25.404093 ], [ -80.304046, 25.405288 ], [ -80.303541, 25.406007 ], [ -80.301833, 25.406823 ], [ -80.300239, 25.406652 ], [ -80.299741, 25.405385 ], [ -80.300281, 25.404348 ] ] ], [ [ [ -80.296177, 25.327095 ], [ -80.294843, 25.327697 ], [ -80.293668, 25.326819 ], [ -80.293713, 25.324611 ], [ -80.295262, 25.324495 ], [ -80.296776, 25.325538 ], [ -80.296177, 25.327095 ] ] ], [ [ [ -80.301621, 25.381194 ], [ -80.298175, 25.38216 ], [ -80.295679, 25.383664 ], [ -80.294912, 25.385445 ], [ -80.293678, 25.385452 ], [ -80.29268, 25.382585 ], [ -80.29279, 25.37955 ], [ -80.295002, 25.376714 ], [ -80.29914, 25.377252 ], [ -80.30227, 25.377444 ], [ -80.303641, 25.37851 ], [ -80.303522, 25.38012 ], [ -80.301621, 25.381194 ] ] ], [ [ [ -80.246391, 25.388274 ], [ -80.241202, 25.386465 ], [ -80.236602, 25.389272 ], [ -80.237363, 25.391382 ], [ -80.24187, 25.391501 ], [ -80.244214, 25.393068 ], [ -80.248293, 25.392171 ], [ -80.249491, 25.395046 ], [ -80.24229, 25.399118 ], [ -80.239403, 25.396705 ], [ -80.237825, 25.394238 ], [ -80.234794, 25.393991 ], [ -80.233971, 25.39673 ], [ -80.235684, 25.397862 ], [ -80.23614, 25.399338 ], [ -80.235274, 25.401275 ], [ -80.230298, 25.402912 ], [ -80.224619, 25.402979 ], [ -80.223305, 25.405094 ], [ -80.220957, 25.406357 ], [ -80.220148, 25.406037 ], [ -80.218308, 25.405258 ], [ -80.216523, 25.405987 ], [ -80.214747, 25.408861 ], [ -80.213889, 25.410582 ], [ -80.21178, 25.412009 ], [ -80.20922, 25.41437 ], [ -80.208539, 25.416389 ], [ -80.209348, 25.417741 ], [ -80.210292, 25.421251 ], [ -80.209807, 25.42485 ], [ -80.210352, 25.426388 ], [ -80.211897, 25.427032 ], [ -80.212016, 25.428105 ], [ -80.209758, 25.429071 ], [ -80.206074, 25.432184 ], [ -80.201305, 25.4413 ], [ -80.201079, 25.44419 ], [ -80.200212, 25.444878 ], [ -80.197193, 25.451416 ], [ -80.196513, 25.454353 ], [ -80.195656, 25.457083 ], [ -80.193763, 25.46135 ], [ -80.193562, 25.463941 ], [ -80.192174, 25.467933 ], [ -80.192, 25.471946 ], [ -80.190408, 25.473163 ], [ -80.188339, 25.477292 ], [ -80.188465, 25.479677 ], [ -80.187178, 25.48283 ], [ -80.185277, 25.484332 ], [ -80.183256, 25.487014 ], [ -80.181355, 25.490554 ], [ -80.18088, 25.493235 ], [ -80.183732, 25.494523 ], [ -80.189384, 25.49713 ], [ -80.189536, 25.499357 ], [ -80.190406, 25.501091 ], [ -80.189723, 25.504092 ], [ -80.188637, 25.50556 ], [ -80.18477, 25.504803 ], [ -80.182571, 25.506407 ], [ -80.1807, 25.506407 ], [ -80.179664, 25.508494 ], [ -80.18065, 25.509917 ], [ -80.178476, 25.510695 ], [ -80.178274, 25.5126 ], [ -80.178804, 25.514251 ], [ -80.178325, 25.517197 ], [ -80.177237, 25.518425 ], [ -80.175744, 25.517714 ], [ -80.175544, 25.516361 ], [ -80.175923, 25.512668 ], [ -80.175989, 25.510287 ], [ -80.177339, 25.507027 ], [ -80.178527, 25.501476 ], [ -80.177927, 25.496452 ], [ -80.177024, 25.493327 ], [ -80.177907, 25.488603 ], [ -80.176668, 25.485896 ], [ -80.177248, 25.484635 ], [ -80.178564, 25.481309 ], [ -80.181969, 25.475047 ], [ -80.185126, 25.46977 ], [ -80.185681, 25.467613 ], [ -80.187424, 25.466467 ], [ -80.188382, 25.463829 ], [ -80.189897, 25.461397 ], [ -80.189933, 25.456434 ], [ -80.189767, 25.453438 ], [ -80.19171, 25.448069 ], [ -80.195369, 25.441096 ], [ -80.200448, 25.429796 ], [ -80.202508, 25.427354 ], [ -80.202401, 25.42393 ], [ -80.204121, 25.420151 ], [ -80.203337, 25.417422 ], [ -80.203829, 25.414497 ], [ -80.205649, 25.411551 ], [ -80.208053, 25.409713 ], [ -80.21174, 25.406798 ], [ -80.215147, 25.403493 ], [ -80.219027, 25.399982 ], [ -80.221166, 25.397835 ], [ -80.222474, 25.395688 ], [ -80.225801, 25.393863 ], [ -80.226514, 25.391394 ], [ -80.231387, 25.387421 ], [ -80.23103, 25.385811 ], [ -80.22912, 25.383186 ], [ -80.230607, 25.379997 ], [ -80.231715, 25.37658 ], [ -80.233151, 25.372748 ], [ -80.235495, 25.367678 ], [ -80.237561, 25.363571 ], [ -80.240117, 25.358365 ], [ -80.241391, 25.355563 ], [ -80.240151, 25.352604 ], [ -80.239341, 25.350586 ], [ -80.240881, 25.349829 ], [ -80.242427, 25.348858 ], [ -80.243857, 25.347096 ], [ -80.247162, 25.345536 ], [ -80.250282, 25.344791 ], [ -80.251946, 25.347798 ], [ -80.253134, 25.350483 ], [ -80.255155, 25.352308 ], [ -80.257888, 25.352953 ], [ -80.258957, 25.354349 ], [ -80.258601, 25.359611 ], [ -80.258425, 25.364389 ], [ -80.25754, 25.364659 ], [ -80.255868, 25.366054 ], [ -80.254679, 25.368846 ], [ -80.255155, 25.370886 ], [ -80.255892, 25.373354 ], [ -80.255864, 25.376244 ], [ -80.25543, 25.380739 ], [ -80.254292, 25.382182 ], [ -80.250876, 25.384415 ], [ -80.24945, 25.386777 ], [ -80.246391, 25.388274 ] ] ], [ [ [ -80.17706, 25.521704 ], [ -80.176276, 25.525054 ], [ -80.17395, 25.525375 ], [ -80.173116, 25.524181 ], [ -80.172863, 25.523173 ], [ -80.17268, 25.522087 ], [ -80.176024, 25.521154 ], [ -80.17706, 25.521704 ] ] ] ] } }
]
}
