{
"type": "FeatureCollection",
"name": "state-06-outline",
"crs": { "type": "name", "properties": { "name": "urn:ogc:def:crs:OGC:1.3:CRS84" } },
"features": [
{ "type": "Feature", "properties": { "state_fips": "06", "state_abbr": "CA", "state_name": "California" }, "geometry": { "type": "MultiPolygon", "coordinates": [ [ [ [ -122.500429, 37.604143 ], [ -122.501021606543006, 37.604936750543999 ], [ -122.501967398711997, 37.606203565864497 ], [ -122.502126, 37.606416 ], [ -122.50233, 37.608285 ], [ -122.498432110595999, 37.608267970386102 ], [ -122.49821, 37.608267 ], [ -122.497006194107001, 37.6115377338473 ], [ -122.496786, 37.612136 ], [ -122.498192, 37.614116 ], [ -122.498189815082, 37.614207534426903 ], [ -122.498061927574994, 37.619565221643597 ], [ -122.498032, 37.620819 ], [ -122.495886, 37.622768 ], [ -122.495285573884004, 37.629858095613798 ], [ -122.495273297536002, 37.630003060133802 ], [ -122.495033226836995, 37.632837920512202 ], [ -122.494579555792001, 37.638195067718598 ], [ -122.494085, 37.644035 ], [ -122.494284930418999, 37.647175663175602 ], [ -122.495378215781997, 37.664349843544599 ], [ -122.495430755076995, 37.665175171821502 ], [ -122.495723093587003, 37.669767453458398 ], [ -122.496589966892003, 37.683384976386897 ], [ -122.496784, 37.686433 ], [ -122.500529185540003, 37.700835302326198 ], [ -122.500599868563, 37.701107117504002 ], [ -122.502426880724002, 37.708132986105802 ], [ -122.506483, 37.723731 ], [ -122.508121548602006, 37.735439533220202 ], [ -122.509993368972999, 37.748814950332601 ], [ -122.512070759186997, 37.763659302400796 ], [ -122.513067688424002, 37.770783033171398 ], [ -122.513128, 37.771214 ], [ -122.514483, 37.780829 ], [ -122.509842514520997, 37.784614539391598 ], [ -122.50531, 37.788312 ], [ -122.493756799536996, 37.787955930491897 ], [ -122.492883, 37.787929 ], [ -122.485783, 37.790629 ], [ -122.485757214250995, 37.790679114676799 ], [ -122.480296, 37.801293 ], [ -122.478171, 37.808353 ], [ -122.477189297281996, 37.809122921251401 ], [ -122.476785, 37.80944 ], [ -122.470701, 37.80855 ], [ -122.463793, 37.804653 ], [ -122.448481951551003, 37.806023713434499 ], [ -122.441030970265999, 37.806690758554403 ], [ -122.432430184989997, 37.807460739262503 ], [ -122.426572291023007, 37.8079851640911 ], [ -122.420920712571004, 37.808491118633398 ], [ -122.420263, 37.80855 ], [ -122.419476296843996, 37.808575651770497 ], [ -122.409529, 37.8089 ], [ -122.405494064590002, 37.807029857165297 ], [ -122.403108010691994, 37.805923950590199 ], [ -122.401789729184998, 37.805312943358899 ], [ -122.400847, 37.804876 ], [ -122.401079, 37.803619 ], [ -122.397326550182996, 37.799474795541201 ], [ -122.392265621652996, 37.793885507582097 ], [ -122.388476329206995, 37.789700614134901 ], [ -122.387768175003004, 37.788918528843503 ], [ -122.387669, 37.788809 ], [ -122.387669, 37.787390540983701 ], [ -122.387669, 37.787175250950597 ], [ -122.387669, 37.782791029411797 ], [ -122.387669, 37.776799 ], [ -122.385216, 37.768773 ], [ -122.385706761378003, 37.767253290608501 ], [ -122.386696247360007, 37.764189212608102 ], [ -122.386851, 37.76371 ], [ -122.382285, 37.760855 ], [ -122.381331, 37.755306 ], [ -122.382852282095996, 37.753594128385799 ], [ -122.383103, 37.753312 ], [ -122.382266933582997, 37.753153656024097 ], [ -122.376561, 37.752073 ], [ -122.376241, 37.748523 ], [ -122.372992392797002, 37.745313639265902 ], [ -122.367798, 37.740182 ], [ -122.368244, 37.739866 ], [ -122.37384, 37.739574 ], [ -122.375784470392006, 37.735823949958302 ], [ -122.37587, 37.735659 ], [ -122.375178, 37.734699 ], [ -122.374982, 37.733862 ], [ -122.374609, 37.73288 ], [ -122.373327, 37.733186 ], [ -122.372024, 37.734213 ], [ -122.370077, 37.732788 ], [ -122.369771405991997, 37.732698967780699 ], [ -122.367386, 37.732004 ], [ -122.366161, 37.732844 ], [ -122.364671, 37.731859 ], [ -122.359279, 37.728593 ], [ -122.363647, 37.722072 ], [ -122.362872, 37.718115 ], [ -122.364775, 37.716388 ], [ -122.379289, 37.724302 ], [ -122.383235, 37.720735 ], [ -122.383042056708007, 37.720609029858501 ], [ -122.377476879317001, 37.716975598622703 ], [ -122.375978, 37.715997 ], [ -122.380064, 37.710869 ], [ -122.378765, 37.709522 ], [ -122.37939, 37.708663 ], [ -122.391549, 37.709755 ], [ -122.393378981140003, 37.708267569990298 ], [ -122.394156, 37.707636 ], [ -122.389680713966996, 37.688051654874002 ], [ -122.387626, 37.67906 ], [ -122.381708, 37.677261 ], [ -122.380995, 37.67237 ], [ -122.380995, 37.671769970391601 ], [ -122.380995, 37.667855 ], [ -122.374291, 37.662206 ], [ -122.376241, 37.655249 ], [ -122.380044, 37.647721 ], [ -122.387245, 37.64734 ], [ -122.391215, 37.646404 ], [ -122.389313, 37.640193 ], [ -122.384322, 37.640382 ], [ -122.380495536439994, 37.635352611897702 ], [ -122.380244, 37.635022 ], [ -122.36507, 37.628147 ], [ -122.367882869905003, 37.621092140803199 ], [ -122.367922, 37.620994 ], [ -122.355627, 37.615293 ], [ -122.359128, 37.609321 ], [ -122.370364, 37.614427 ], [ -122.373309, 37.613773 ], [ -122.377843162152999, 37.606688588126403 ], [ -122.378545, 37.605592 ], [ -122.373766228571, 37.604023734453797 ], [ -122.369824, 37.60273 ], [ -122.360219, 37.592501 ], [ -122.359612373909002, 37.592484162450198 ], [ -122.334639, 37.591791 ], [ -122.334409, 37.588041 ], [ -122.333048626446001, 37.588228654895602 ], [ -122.328943, 37.588795 ], [ -122.325119, 37.591526 ], [ -122.31492, 37.591243 ], [ -122.315385, 37.587265 ], [ -122.315713, 37.583666 ], [ -122.305895, 37.575484 ], [ -122.304322668786995, 37.575479421664497 ], [ -122.296859691411996, 37.5754576908652 ], [ -122.288445441126001, 37.575433190136401 ], [ -122.284259, 37.575421 ], [ -122.273563, 37.570523 ], [ -122.262868, 37.573914 ], [ -122.262434746531994, 37.5736751439632 ], [ -122.251934, 37.567886 ], [ -122.251004269120003, 37.566234818914999 ], [ -122.249862881089996, 37.5642077395051 ], [ -122.249802112780998, 37.564099816357597 ], [ -122.247010523981999, 37.559142017582502 ], [ -122.243962966831006, 37.553729624783202 ], [ -122.243417, 37.55276 ], [ -122.23585, 37.551967 ], [ -122.23288, 37.55259 ], [ -122.229047, 37.551255 ], [ -122.227012164117994, 37.5484238325162 ], [ -122.224231421178999, 37.544554847768403 ], [ -122.223244, 37.543181 ], [ -122.21248, 37.540187 ], [ -122.203685, 37.540187 ], [ -122.196593, 37.537196 ], [ -122.195130467051001, 37.5337655720203 ], [ -122.194654, 37.532648 ], [ -122.20012, 37.526617 ], [ -122.197258605578, 37.524318130338699 ], [ -122.194957, 37.522469 ], [ -122.186572, 37.517568 ], [ -122.183483, 37.520773 ], [ -122.179548, 37.511816 ], [ -122.178147268714, 37.510885709656499 ], [ -122.164222904189998, 37.501637896040499 ], [ -122.162091, 37.500222 ], [ -122.155686, 37.501198 ], [ -122.149632, 37.502671 ], [ -122.139717, 37.507032 ], [ -122.136166, 37.506826 ], [ -122.130979, 37.503652 ], [ -122.127706, 37.500053 ], [ -122.127617495261006, 37.499703997704202 ], [ -122.124107, 37.485861 ], [ -122.120507873807, 37.477237657192397 ], [ -122.120498, 37.477214 ], [ -122.121044067501998, 37.476548952272601 ], [ -122.123137, 37.474 ], [ -122.117547, 37.467572 ], [ -122.115161405159995, 37.466279732148401 ], [ -122.109105, 37.462999 ], [ -122.101803, 37.462727 ], [ -122.09627, 37.457837 ], [ -122.08874, 37.452267 ], [ -122.088386879775001, 37.452233048144301 ], [ -122.085441378309, 37.451949843632903 ], [ -122.084014244778004, 37.451812627386801 ], [ -122.06849, 37.45032 ], [ -122.059911423613002, 37.4473360004136 ], [ -122.058336, 37.446788 ], [ -122.045995496044995, 37.449034795412501 ], [ -122.045901, 37.449052 ], [ -122.045662964269994, 37.4492335747765 ], [ -122.038599, 37.454622 ], [ -122.038599, 37.462048 ], [ -122.040872722043005, 37.462863367488197 ], [ -122.049837, 37.466078 ], [ -122.053431, 37.473321 ], [ -122.054457, 37.487264 ], [ -122.055541, 37.49523 ], [ -122.082637, 37.501566 ], [ -122.09279, 37.500615 ], [ -122.102527, 37.497237 ], [ -122.10942, 37.500254 ], [ -122.111344, 37.50758 ], [ -122.111424603333006, 37.510201580279897 ], [ -122.111444571633996, 37.510851038560197 ], [ -122.111998, 37.528851 ], [ -122.128688, 37.560594 ], [ -122.132396742885007, 37.562216752091402 ], [ -122.133924, 37.562885 ], [ -122.136184, 37.568187 ], [ -122.144396, 37.581866 ], [ -122.147014, 37.588411 ], [ -122.14688, 37.599454 ], [ -122.146704905986994, 37.602126540738297 ], [ -122.14636, 37.607391 ], [ -122.150614991235003, 37.618502475324398 ], [ -122.151396, 37.620542 ], [ -122.152986959334001, 37.641842126192898 ], [ -122.152993, 37.641923 ], [ -122.160105627598995, 37.6638365659161 ], [ -122.160369, 37.664648 ], [ -122.162047022153004, 37.667560942307702 ], [ -122.164743164729998, 37.672241278479 ], [ -122.167587, 37.677178 ], [ -122.177669, 37.682841 ], [ -122.184063819189006, 37.690976149866401 ], [ -122.184092, 37.691012 ], [ -122.187263, 37.690304 ], [ -122.192992496833995, 37.6946760029291 ], [ -122.194092, 37.695515 ], [ -122.201546, 37.705022 ], [ -122.204161, 37.711603 ], [ -122.209187112470005, 37.710012817523598 ], [ -122.21248, 37.708971 ], [ -122.211767, 37.702013 ], [ -122.214744, 37.699247 ], [ -122.226503, 37.706526 ], [ -122.227129556354996, 37.706975761478901 ], [ -122.252172, 37.724952 ], [ -122.248369, 37.727772 ], [ -122.248487328517001, 37.7278947076043 ], [ -122.255989, 37.735674 ], [ -122.258774956593001, 37.7378794789986 ], [ -122.260966, 37.739614 ], [ -122.261679, 37.743373 ], [ -122.252226, 37.747619 ], [ -122.248490684266997, 37.748990016683102 ], [ -122.244938, 37.750294 ], [ -122.243947, 37.751779 ], [ -122.250561707781003, 37.754080827455397 ], [ -122.257007371748003, 37.756323829985703 ], [ -122.261136523461005, 37.757760718068198 ], [ -122.264503275633999, 37.758932301582497 ], [ -122.271905, 37.761508 ], [ -122.274989, 37.765736 ], [ -122.279401, 37.768134 ], [ -122.279871788424003, 37.7675851959415 ], [ -122.28307, 37.763857 ], [ -122.289012, 37.764608 ], [ -122.288775, 37.768742 ], [ -122.291510624606005, 37.769629629435101 ], [ -122.29987, 37.772342 ], [ -122.30643, 37.776107 ], [ -122.315387, 37.776597 ], [ -122.317767, 37.77968 ], [ -122.328024583922002, 37.781372824816799 ], [ -122.332037, 37.782035 ], [ -122.331615467305994, 37.787069568243503 ], [ -122.33094, 37.795137 ], [ -122.333001177211003, 37.799054386056 ], [ -122.334168, 37.801272 ], [ -122.34151, 37.804158 ], [ -122.342253, 37.805558 ], [ -122.333852963018003, 37.810328784404199 ], [ -122.333018, 37.810803 ], [ -122.328660769126998, 37.810517286923101 ], [ -122.322785, 37.810132 ], [ -122.317296, 37.816261 ], [ -122.319198, 37.819078 ], [ -122.330369, 37.82058 ], [ -122.316108, 37.827338 ], [ -122.306125, 37.826024 ], [ -122.296618, 37.828465 ], [ -122.297115883456001, 37.831217674031201 ], [ -122.298044, 37.836349 ], [ -122.315913, 37.836812 ], [ -122.314195, 37.842311 ], [ -122.299233, 37.840479 ], [ -122.300952657435005, 37.845742002081103 ], [ -122.301134, 37.846297 ], [ -122.301161573409999, 37.847362399484197 ], [ -122.301372, 37.855493 ], [ -122.308352, 37.862934 ], [ -122.316944, 37.858809 ], [ -122.318722, 37.866377 ], [ -122.325193, 37.874276 ], [ -122.318663, 37.875307 ], [ -122.313164, 37.870151 ], [ -122.308502, 37.87088 ], [ -122.311445, 37.879775 ], [ -122.312820832862002, 37.881277077508898 ], [ -122.316153, 37.884915 ], [ -122.326912, 37.888712 ], [ -122.326912, 37.889647548398003 ], [ -122.326912, 37.892492 ], [ -122.315439, 37.892231 ], [ -122.311101, 37.89043 ], [ -122.309497, 37.892981 ], [ -122.311399, 37.895794 ], [ -122.313147550967003, 37.8972880379388 ], [ -122.314786, 37.898688 ], [ -122.319005, 37.897857 ], [ -122.322332, 37.895419 ], [ -122.32542, 37.897778 ], [ -122.324771, 37.901867 ], [ -122.321645, 37.905089 ], [ -122.325112, 37.908074 ], [ -122.335693, 37.910307 ], [ -122.344674, 37.907235 ], [ -122.35228, 37.90761 ], [ -122.353118, 37.90958 ], [ -122.354382937389005, 37.909571358536802 ], [ -122.360437, 37.90953 ], [ -122.361822779841006, 37.917284282240999 ], [ -122.361849, 37.917431 ], [ -122.364764, 37.917928 ], [ -122.36549, 37.915766 ], [ -122.363534, 37.905611 ], [ -122.36829, 37.904621 ], [ -122.378662, 37.907235 ], [ -122.385908, 37.908136 ], [ -122.390546, 37.90911 ], [ -122.387456, 37.920548 ], [ -122.39049, 37.922535 ], [ -122.390606050989007, 37.922867825478797 ], [ -122.391497, 37.925423 ], [ -122.397677, 37.92936 ], [ -122.401289, 37.928426 ], [ -122.401955, 37.931422 ], [ -122.410036, 37.932359 ], [ -122.413725, 37.937262 ], [ -122.410987, 37.93967 ], [ -122.414077, 37.945293 ], [ -122.422633, 37.947168 ], [ -122.419306, 37.950916 ], [ -122.420732, 37.954852 ], [ -122.42501, 37.956913 ], [ -122.430087, 37.963115 ], [ -122.42976, 37.965405 ], [ -122.418592, 37.964784 ], [ -122.41265, 37.963285 ], [ -122.411761, 37.960497 ], [ -122.408383, 37.957544 ], [ -122.402906, 37.954852 ], [ -122.395538, 37.959912 ], [ -122.397168234055002, 37.9615057444678 ], [ -122.40148, 37.965721 ], [ -122.401133710422997, 37.967766 ], [ -122.401004, 37.968532 ], [ -122.381752, 37.971717 ], [ -122.381622803786996, 37.9717758175562 ], [ -122.367582, 37.978168 ], [ -122.361905, 37.989991 ], [ -122.363001, 37.994375 ], [ -122.366928, 37.998458 ], [ -122.368891, 38.007948 ], [ -122.367909, 38.01253 ], [ -122.364639, 38.012926 ], [ -122.362025, 38.008619 ], [ -122.355539, 38.008668 ], [ -122.340093, 38.003694 ], [ -122.332552, 38.001502 ], [ -122.330390920248007, 38.0026038003436 ], [ -122.328669433155994, 38.003481479692603 ], [ -122.324471, 38.005622 ], [ -122.315439, 38.011615 ], [ -122.313718755880004, 38.011530023518397 ], [ -122.313331731142, 38.0115109053013 ], [ -122.313324581657994, 38.011510552131703 ], [ -122.300823, 38.010893 ], [ -122.299482234216995, 38.011904895034597 ], [ -122.295117747546996, 38.015198835293603 ], [ -122.293929, 38.016096 ], [ -122.289413, 38.022275 ], [ -122.285571490533997, 38.022533258176402 ], [ -122.283478, 38.022674 ], [ -122.276816, 38.030513 ], [ -122.275560902829994, 38.035737794529503 ], [ -122.275152, 38.03744 ], [ -122.271421, 38.040941 ], [ -122.266952, 38.04109 ], [ -122.262861, 38.0446 ], [ -122.262861, 38.051473 ], [ -122.268076632176005, 38.058266002216797 ], [ -122.269606269536993, 38.0602582496822 ], [ -122.269666188168003, 38.060336289577897 ], [ -122.269731820087003, 38.060421770638698 ], [ -122.274748, 38.066955 ], [ -122.281561784977995, 38.080398641633401 ], [ -122.282824, 38.082889 ], [ -122.302557, 38.103248 ], [ -122.317293, 38.112038 ], [ -122.345102, 38.125875 ], [ -122.349900782969996, 38.1280401234634 ], [ -122.361264, 38.133167 ], [ -122.38218, 38.140084 ], [ -122.393588, 38.143449 ], [ -122.398128869977995, 38.142799435887703 ], [ -122.398817, 38.142701 ], [ -122.400006, 38.138588 ], [ -122.432997, 38.1233 ], [ -122.434619292977999, 38.122324492462603 ], [ -122.443499, 38.116985 ], [ -122.448964, 38.117724 ], [ -122.450928, 38.120344 ], [ -122.448366, 38.126121 ], [ -122.44145, 38.134853 ], [ -122.44478, 38.138345 ], [ -122.463822, 38.130823 ], [ -122.497522, 38.115134 ], [ -122.498801216835005, 38.111297326741003 ], [ -122.498831, 38.111208 ], [ -122.488311200962002, 38.1053217838897 ], [ -122.487947, 38.105118 ], [ -122.486046, 38.101191 ], [ -122.485911065741007, 38.099244010299103 ], [ -122.485333, 38.090903 ], [ -122.483757, 38.071762 ], [ -122.485554918995007, 38.068511671830599 ], [ -122.492265, 38.056381 ], [ -122.492938, 38.048428 ], [ -122.493281416591998, 38.047572326024699 ], [ -122.495994312942997, 38.040812737644401 ], [ -122.499465, 38.032165 ], [ -122.497828, 38.019402 ], [ -122.495735730180002, 38.016681793455497 ], [ -122.494740974734995, 38.015388489768497 ], [ -122.494556, 38.015148 ], [ -122.487472, 38.014355 ], [ -122.481466, 38.007621 ], [ -122.475596781403993, 38.006282538763301 ], [ -122.474182702793996, 38.005960061524803 ], [ -122.473352898138003, 38.005770826561601 ], [ -122.469456307540995, 38.004882218413201 ], [ -122.466545167685993, 38.004218339945098 ], [ -122.466070061378005, 38.004109993089898 ], [ -122.465883304206997, 38.004067403564797 ], [ -122.465186150240001, 38.003908419273202 ], [ -122.462812, 38.003367 ], [ -122.462645308210995, 38.003213753094499 ], [ -122.461868003291002, 38.002499143370201 ], [ -122.455922749229003, 37.9970334165289 ], [ -122.450699, 37.992231 ], [ -122.449958591791997, 37.990962006404501 ], [ -122.448413, 37.988313 ], [ -122.447304, 37.984387 ], [ -122.456098, 37.979891 ], [ -122.463709, 37.981483 ], [ -122.466556, 37.984762 ], [ -122.471975, 37.981768 ], [ -122.474637, 37.977643 ], [ -122.474637, 37.97502 ], [ -122.475139015821, 37.974372411113201 ], [ -122.477251, 37.971648 ], [ -122.484416, 37.970547 ], [ -122.486569512196994, 37.970440488523103 ], [ -122.492016537728006, 37.970171081767603 ], [ -122.492463, 37.970149 ], [ -122.493311184218001, 37.9702516604846 ], [ -122.494660830458997, 37.9704150157255 ], [ -122.495553, 37.970523 ], [ -122.496503, 37.967713 ], [ -122.491685576744004, 37.965411886037103 ], [ -122.490302, 37.964751 ], [ -122.490302, 37.9609769 ], [ -122.490302, 37.959188 ], [ -122.486521, 37.946911 ], [ -122.480484, 37.945443 ], [ -122.479634292848999, 37.942893004362602 ], [ -122.479512, 37.942526 ], [ -122.484246795941999, 37.940676396448801 ], [ -122.486521, 37.939788 ], [ -122.489405061913999, 37.937026166138601 ], [ -122.489848, 37.936602 ], [ -122.497034, 37.938936 ], [ -122.498643, 37.941475 ], [ -122.501993723967004, 37.942160600836601 ], [ -122.50506, 37.942788 ], [ -122.50506, 37.942318248294697 ], [ -122.50506, 37.941897022988499 ], [ -122.50506, 37.936414 ], [ -122.503064, 37.928753 ], [ -122.499724218479997, 37.926334561790704 ], [ -122.493574, 37.921881 ], [ -122.486375, 37.921881 ], [ -122.48528309113, 37.921045361627897 ], [ -122.485215628215997, 37.920993732228297 ], [ -122.485035224609007, 37.920855669262799 ], [ -122.482592992560996, 37.918986627926699 ], [ -122.481563432740998, 37.918198705311397 ], [ -122.481030910385996, 37.917791165702901 ], [ -122.479153, 37.916354 ], [ -122.475588, 37.916916 ], [ -122.473581, 37.912541 ], [ -122.472973, 37.908853 ], [ -122.476063, 37.907915 ], [ -122.476141449915005, 37.907729392945797 ], [ -122.477014, 37.905665 ], [ -122.474530912074997, 37.904035259421399 ], [ -122.474061133895006, 37.9037269269798 ], [ -122.472784649757997, 37.902889124188398 ], [ -122.472303, 37.902573 ], [ -122.471441976858998, 37.902119089149203 ], [ -122.469419790171003, 37.901053040588501 ], [ -122.462515, 37.897413 ], [ -122.458558, 37.894064 ], [ -122.448413, 37.89341 ], [ -122.44447510677, 37.887775290987399 ], [ -122.443739, 37.886722 ], [ -122.43925, 37.88392 ], [ -122.438987214660003, 37.883131643978999 ], [ -122.438268, 37.880974 ], [ -122.4399, 37.879751 ], [ -122.441599, 37.880719 ], [ -122.443162749199999, 37.879690751314897 ], [ -122.444452, 37.878843 ], [ -122.444583844774002, 37.877079076732898 ], [ -122.444599215289998, 37.876873437857697 ], [ -122.44465, 37.876194 ], [ -122.44873, 37.874528 ], [ -122.450631, 37.871713 ], [ -122.456608521922007, 37.871350286291197 ], [ -122.456811, 37.871338 ], [ -122.462278, 37.870775 ], [ -122.458712, 37.865709 ], [ -122.457999, 37.861769 ], [ -122.468457, 37.868148 ], [ -122.474266, 37.874429 ], [ -122.475112, 37.877342 ], [ -122.473271270569995, 37.879313854429697 ], [ -122.471785, 37.880906 ], [ -122.472848638585006, 37.882645162578697 ], [ -122.473334663417006, 37.883439865039101 ], [ -122.473956436384995, 37.884456530187002 ], [ -122.474771542493002, 37.885789315648204 ], [ -122.475112, 37.886346 ], [ -122.483431, 37.890098 ], [ -122.48434767997, 37.8908792297823 ], [ -122.489373, 37.895162 ], [ -122.493414, 37.893662 ], [ -122.499421508333, 37.893662 ], [ -122.499879871795002, 37.893662 ], [ -122.501019, 37.893662 ], [ -122.496503, 37.877342 ], [ -122.498466881008994, 37.875791695516497 ], [ -122.500544, 37.874152 ], [ -122.498123597131993, 37.872241364075499 ], [ -122.496266, 37.870775 ], [ -122.494602, 37.866272 ], [ -122.487709, 37.864208 ], [ -122.47844, 37.859517 ], [ -122.478559899461004, 37.856969136445201 ], [ -122.478647760805998, 37.8551020828614 ], [ -122.478812, 37.851612 ], [ -122.479440159454995, 37.850559536611499 ], [ -122.479811225749998, 37.849937825536202 ], [ -122.479872, 37.849836 ], [ -122.479863901407995, 37.849693803799497 ], [ -122.479743, 37.847571 ], [ -122.47752, 37.84655 ], [ -122.477369669357998, 37.8455949154827 ], [ -122.4769, 37.842611 ], [ -122.475607, 37.841529 ], [ -122.47226, 37.836808 ], [ -122.472684, 37.832397 ], [ -122.473479, 37.832307 ], [ -122.474237, 37.83367 ], [ -122.476124, 37.833956 ], [ -122.477778, 37.833385 ], [ -122.479071, 37.830384 ], [ -122.478735, 37.825586 ], [ -122.483483, 37.826728 ], [ -122.490934, 37.82675 ], [ -122.495483, 37.822428 ], [ -122.499028, 37.822395 ], [ -122.499793, 37.822056 ], [ -122.500006, 37.820911 ], [ -122.504452, 37.821095 ], [ -122.505692, 37.8233 ], [ -122.511094, 37.825015 ], [ -122.518822, 37.825688 ], [ -122.523449, 37.825035 ], [ -122.525801, 37.821401 ], [ -122.528153, 37.82087 ], [ -122.529264, 37.819686 ], [ -122.529135, 37.818053 ], [ -122.529885, 37.817563 ], [ -122.531771, 37.820993 ], [ -122.534976, 37.824218 ], [ -122.534123, 37.826158 ], [ -122.537285, 37.830328 ], [ -122.548986, 37.836227 ], [ -122.558994, 37.846527 ], [ -122.559327819206999, 37.847236683832598 ], [ -122.561487, 37.851827 ], [ -122.573527, 37.855734 ], [ -122.575389, 37.858734 ], [ -122.578188239544005, 37.859609819717797 ], [ -122.579691, 37.86008 ], [ -122.58182, 37.857041 ], [ -122.584289, 37.859227 ], [ -122.589776711932004, 37.864359 ], [ -122.598412154548001, 37.872434695674002 ], [ -122.60129, 37.875126 ], [ -122.613942, 37.878434 ], [ -122.617442, 37.877235 ], [ -122.621117, 37.878821 ], [ -122.624093, 37.88105 ], [ -122.626934, 37.880741 ], [ -122.628714, 37.881693 ], [ -122.628206, 37.884511 ], [ -122.628957632511003, 37.885221054234698 ], [ -122.641963, 37.897507 ], [ -122.658823, 37.904738 ], [ -122.678474, 37.906604 ], [ -122.678536847681997, 37.906586728222102 ], [ -122.684296, 37.905004 ], [ -122.693569, 37.901171 ], [ -122.699718, 37.897136 ], [ -122.700383, 37.894938 ], [ -122.70264, 37.89382 ], [ -122.710229, 37.896425 ], [ -122.714023, 37.900468 ], [ -122.718972, 37.902196 ], [ -122.721767, 37.901347 ], [ -122.725181, 37.902691 ], [ -122.727297, 37.904626 ], [ -122.727846, 37.906154986074 ], [ -122.730060201490005, 37.912321622217902 ], [ -122.732898, 37.920225 ], [ -122.736883744460002, 37.925805042243802 ], [ -122.736898, 37.925825 ], [ -122.748746, 37.931081 ], [ -122.754606, 37.935527 ], [ -122.758977, 37.935974 ], [ -122.766138, 37.938004 ], [ -122.768235, 37.941675 ], [ -122.771779, 37.944017 ], [ -122.776476, 37.943772 ], [ -122.776121, 37.946293 ], [ -122.779284, 37.948272 ], [ -122.78267, 37.948504 ], [ -122.783244, 37.951334 ], [ -122.791739, 37.969422 ], [ -122.797405, 37.976657 ], [ -122.806093468816997, 37.983305527580598 ], [ -122.808777, 37.985359 ], [ -122.811471, 37.985117 ], [ -122.821383, 37.996735 ], [ -122.856573, 38.016717 ], [ -122.882114, 38.025273 ], [ -122.905106, 38.028384 ], [ -122.923139, 38.028679 ], [ -122.939711, 38.031908 ], [ -122.956811, 38.02872 ], [ -122.972378, 38.020247 ], [ -122.981776, 38.009119 ], [ -122.983138, 38.005757 ], [ -122.983656, 38.000741 ], [ -122.983034, 37.997406 ], [ -122.974043, 37.994296 ], [ -122.967697, 37.993776 ], [ -122.963544, 37.989914 ], [ -122.972104, 37.990127 ], [ -122.97439, 37.992429 ], [ -122.986011, 37.992078 ], [ -122.991497, 37.99445 ], [ -122.994223, 37.993175 ], [ -123.006328, 37.99363 ], [ -123.007478, 37.99536 ], [ -123.011672, 37.995093 ], [ -123.014276, 37.993929 ], [ -123.024066, 37.994878 ], [ -123.020562, 37.999544 ], [ -123.015202, 38.000278 ], [ -123.011533, 38.003438 ], [ -122.99242, 38.041758 ], [ -122.960889, 38.112962 ], [ -122.952086, 38.138562 ], [ -122.949074, 38.15406 ], [ -122.949626, 38.164041 ], [ -122.953537, 38.170284 ], [ -122.953629, 38.17567 ], [ -122.955842, 38.178014 ], [ -122.96086, 38.179409 ], [ -122.967349, 38.182764 ], [ -122.965408, 38.187113 ], [ -122.96637, 38.198514 ], [ -122.968112, 38.202428 ], [ -122.980733, 38.21534 ], [ -122.980425, 38.220984 ], [ -122.981831, 38.223102 ], [ -122.985511, 38.224876 ], [ -122.991953, 38.233185 ], [ -122.995631, 38.238626 ], [ -122.995003, 38.240043 ], [ -122.992822, 38.240038 ], [ -122.987149, 38.237538 ], [ -122.978993, 38.229291 ], [ -122.972776, 38.229645 ], [ -122.972643881831004, 38.231289449552698 ], [ -122.972554187274994, 38.232405860517403 ], [ -122.972494, 38.233155 ], [ -122.969314, 38.238683 ], [ -122.967126, 38.249585 ], [ -122.968142, 38.253655 ], [ -122.977082, 38.267902 ], [ -122.977247418396999, 38.2679962331501 ], [ -122.986319, 38.273164 ], [ -122.989451, 38.280244 ], [ -122.994603, 38.283096 ], [ -122.997106, 38.289458 ], [ -123.002911201261995, 38.2957083549502 ], [ -123.004122, 38.297012 ], [ -123.024333, 38.310573 ], [ -123.038742, 38.313576 ], [ -123.044674, 38.313175 ], [ -123.051061, 38.310693 ], [ -123.053476, 38.305722 ], [ -123.052551845024993, 38.303514190590001 ], [ -123.052021, 38.302246 ], [ -123.053504, 38.299385 ], [ -123.058239, 38.298355 ], [ -123.063671, 38.302178 ], [ -123.074032, 38.318396 ], [ -123.076941, 38.320229 ], [ -123.07977, 38.324076 ], [ -123.074684, 38.322574 ], [ -123.074253065777, 38.323445663972599 ], [ -123.068829424463999, 38.334416230907102 ], [ -123.068437, 38.33521 ], [ -123.068415353419994, 38.338312886282402 ], [ -123.068288061806001, 38.356559250968601 ], [ -123.068265, 38.359865 ], [ -123.071489798100004, 38.3644290129537 ], [ -123.074790943604995, 38.369101079351601 ], [ -123.078567347816005, 38.374445772941698 ], [ -123.078896325358002, 38.374911370388297 ], [ -123.078942697323001, 38.374977 ], [ -123.080642, 38.377382 ], [ -123.081455294624007, 38.379550180779503 ], [ -123.083522196385005, 38.385060381558503 ], [ -123.085572, 38.390525 ], [ -123.09391, 38.394829 ], [ -123.094702, 38.392954 ], [ -123.096407, 38.393408 ], [ -123.096187, 38.398396 ], [ -123.098607, 38.406357 ], [ -123.102604724521996, 38.413557451463902 ], [ -123.103706, 38.415541 ], [ -123.109026, 38.42042 ], [ -123.113377, 38.421534 ], [ -123.115551, 38.423906 ], [ -123.117028, 38.42869 ], [ -123.12175, 38.430006 ], [ -123.122379, 38.437314 ], [ -123.122449435492996, 38.437431546796198 ], [ -123.124357, 38.440615 ], [ -123.12797, 38.440679 ], [ -123.126328, 38.44312 ], [ -123.126810368456006, 38.444529821781501 ], [ -123.128410661600995, 38.449207010156996 ], [ -123.128825, 38.450418 ], [ -123.129005696521006, 38.450516598829402 ], [ -123.129118154585996, 38.450577962675801 ], [ -123.136797, 38.454768 ], [ -123.137745028156999, 38.454923754442497 ], [ -123.143608, 38.455887 ], [ -123.145325, 38.459422 ], [ -123.156355, 38.464626 ], [ -123.157065811509995, 38.466843455099003 ], [ -123.157074, 38.466869 ], [ -123.161587, 38.468219 ], [ -123.166428, 38.474947 ], [ -123.186366, 38.485936 ], [ -123.198609, 38.491141 ], [ -123.202277, 38.494314 ], [ -123.209575, 38.49612 ], [ -123.215247, 38.499512 ], [ -123.220297, 38.498618 ], [ -123.224041, 38.499512 ], [ -123.231382, 38.502572 ], [ -123.234261, 38.50658 ], [ -123.236637, 38.509256 ], [ -123.242078, 38.50999 ], [ -123.24567, 38.511974 ], [ -123.250685, 38.510189 ], [ -123.254914, 38.511982 ], [ -123.254673, 38.515882 ], [ -123.258156, 38.516824 ], [ -123.265991838911006, 38.522871882297999 ], [ -123.268227450213999, 38.524597378977397 ], [ -123.269016, 38.525206 ], [ -123.268915212172004, 38.525399785291697 ], [ -123.267774, 38.527594 ], [ -123.268747, 38.529887 ], [ -123.274173, 38.532718 ], [ -123.278804, 38.531489 ], [ -123.279109, 38.535857 ], [ -123.282928, 38.535968 ], [ -123.286656549862002, 38.539720360374403 ], [ -123.287156, 38.540223 ], [ -123.29046, 38.540551 ], [ -123.291299670656997, 38.540915053889698 ], [ -123.297151, 38.543452 ], [ -123.297889004067997, 38.544052709028499 ], [ -123.298257955420993, 38.544353022289599 ], [ -123.301419, 38.546926 ], [ -123.306308, 38.549274 ], [ -123.306782, 38.552709 ], [ -123.310398, 38.556184 ], [ -123.317212, 38.559383 ], [ -123.323317, 38.561325 ], [ -123.323919, 38.563721 ], [ -123.330644, 38.566857 ], [ -123.331899, 38.565542 ], [ -123.340106, 38.572228 ], [ -123.340388, 38.577831 ], [ -123.339361, 38.582977 ], [ -123.343338, 38.590008 ], [ -123.349612, 38.596805 ], [ -123.354789, 38.598214 ], [ -123.357142, 38.596545 ], [ -123.359756, 38.598216 ], [ -123.361884, 38.601023 ], [ -123.368313, 38.603232 ], [ -123.371876, 38.607235 ], [ -123.368075, 38.607875 ], [ -123.366649, 38.610475 ], [ -123.3676, 38.613447 ], [ -123.368377644320006, 38.613667164792297 ], [ -123.374862, 38.615503 ], [ -123.379303, 38.621953 ], [ -123.390655, 38.631459 ], [ -123.387879, 38.632619 ], [ -123.389894, 38.63523 ], [ -123.39434, 38.637154 ], [ -123.393317, 38.63878 ], [ -123.400933, 38.646562 ], [ -123.402585287611998, 38.648858655915802 ], [ -123.40301, 38.649449 ], [ -123.40713, 38.653291124269799 ], [ -123.408659, 38.654717 ], [ -123.405663, 38.656729 ], [ -123.409131, 38.659112 ], [ -123.409424, 38.662161 ], [ -123.41605, 38.667332 ], [ -123.415454, 38.669287 ], [ -123.419657, 38.674677 ], [ -123.424674, 38.675683 ], [ -123.434968, 38.681793 ], [ -123.432235, 38.68338 ], [ -123.432636, 38.687314 ], [ -123.434688214404005, 38.690105532615803 ], [ -123.441774, 38.699744 ], [ -123.445474, 38.700826 ], [ -123.444639, 38.702255 ], [ -123.44613, 38.703693 ], [ -123.448276, 38.703233 ], [ -123.453177, 38.707056 ], [ -123.454732646663999, 38.710076482973498 ], [ -123.455798, 38.712145 ], [ -123.461291, 38.717001 ], [ -123.466865, 38.719931 ], [ -123.468847028203996, 38.720393069613301 ], [ -123.471483206697002, 38.721007641078003 ], [ -123.474067, 38.72161 ], [ -123.478960037270994, 38.724519282881303 ], [ -123.482579569498, 38.726671370135399 ], [ -123.484281, 38.727683 ], [ -123.489797185786998, 38.732036366134899 ], [ -123.490021, 38.732213 ], [ -123.493292, 38.736512 ], [ -123.49875, 38.737943 ], [ -123.507908, 38.741259 ], [ -123.510486260866003, 38.740481400822802 ], [ -123.510786, 38.740391 ], [ -123.514784, 38.741966 ], [ -123.517514871800003, 38.745145500324298 ], [ -123.517581980174, 38.745223633284702 ], [ -123.520041878051003, 38.748087644000499 ], [ -123.521419, 38.749691 ], [ -123.524373, 38.749346 ], [ -123.527359, 38.752363 ], [ -123.525152, 38.753801 ], [ -123.52716, 38.757197 ], [ -123.531593, 38.759506 ], [ -123.531108, 38.764179 ], [ -123.533535, 38.768408 ], [ -123.537687, 38.771384 ], [ -123.542481, 38.772324 ], [ -123.541837, 38.776764 ], [ -123.550257, 38.780382 ], [ -123.550023, 38.78196 ], [ -123.555205, 38.783735 ], [ -123.558123, 38.785257 ], [ -123.56131, 38.784525 ], [ -123.56254, 38.786196 ], [ -123.560645, 38.789431 ], [ -123.568009, 38.79439 ], [ -123.571987, 38.798189 ], [ -123.574206671745998, 38.798938575013601 ], [ -123.575807, 38.799479 ], [ -123.578674795685004, 38.801855962785801 ], [ -123.579856, 38.802835 ], [ -123.582664, 38.802903 ], [ -123.584126, 38.800775 ], [ -123.586534, 38.802742 ], [ -123.589919, 38.802307 ], [ -123.590781, 38.798738 ], [ -123.593252, 38.799033 ], [ -123.594335, 38.801047 ], [ -123.591019, 38.804295 ], [ -123.591579804648006, 38.8052318101699 ], [ -123.591942347944993, 38.805837429700603 ], [ -123.592682, 38.807073 ], [ -123.597198, 38.808184 ], [ -123.600141477785002, 38.807442799337203 ], [ -123.601753, 38.807037 ], [ -123.602793, 38.80901 ], [ -123.601096836365997, 38.809071836078502 ], [ -123.60005, 38.80911 ], [ -123.598624, 38.810777 ], [ -123.600375, 38.814 ], [ -123.602739, 38.817067 ], [ -123.601569, 38.81899 ], [ -123.60394, 38.820202 ], [ -123.605317, 38.822765 ], [ -123.612476, 38.826689 ], [ -123.618049, 38.82791 ], [ -123.619309, 38.829946 ], [ -123.625656, 38.831591 ], [ -123.628109, 38.835762 ], [ -123.634572, 38.839447 ], [ -123.638637, 38.843865 ], [ -123.642676, 38.844005 ], [ -123.645169027695999, 38.844781325966999 ], [ -123.647387, 38.845472 ], [ -123.652212, 38.854582 ], [ -123.654696, 38.865638 ], [ -123.659846, 38.872529 ], [ -123.680427, 38.882561 ], [ -123.681654, 38.885649 ], [ -123.684937, 38.888513 ], [ -123.688099, 38.893594 ], [ -123.692245, 38.895947 ], [ -123.70298, 38.902039 ], [ -123.705412, 38.905793 ], [ -123.706311108825005, 38.907074536939099 ], [ -123.707756, 38.909134 ], [ -123.710920579673996, 38.910170539655503 ], [ -123.711038, 38.910209 ], [ -123.711713, 38.911422 ], [ -123.711155732619005, 38.912280942391398 ], [ -123.71054, 38.91323 ], [ -123.710395, 38.914878 ], [ -123.71271, 38.916206 ], [ -123.717129, 38.916658 ], [ -123.717510159922995, 38.916856243583297 ], [ -123.720975233236004, 38.918658449190602 ], [ -123.721655, 38.919012 ], [ -123.724477792515998, 38.917815050802602 ], [ -123.725367, 38.917438 ], [ -123.726628060579003, 38.918400350177698 ], [ -123.727976, 38.919429 ], [ -123.729945, 38.929613 ], [ -123.72763, 38.9295 ], [ -123.726315, 38.936367 ], [ -123.731769, 38.94092 ], [ -123.733833, 38.945935 ], [ -123.741921, 38.956228 ], [ -123.736658704684999, 38.957846346987601 ], [ -123.736003, 38.958048 ], [ -123.732892, 38.954994 ], [ -123.729053, 38.956667 ], [ -123.721347, 38.963879 ], [ -123.711149, 38.977316 ], [ -123.6969, 39.004401 ], [ -123.69074, 39.021293 ], [ -123.692589, 39.025207 ], [ -123.692061, 39.03015 ], [ -123.690095, 39.031157 ], [ -123.690369, 39.036553 ], [ -123.692908, 39.037215 ], [ -123.692237, 39.03871 ], [ -123.69394, 39.041891 ], [ -123.690829, 39.044249 ], [ -123.693398, 39.048443 ], [ -123.69124, 39.050795 ], [ -123.695203, 39.056288 ], [ -123.693175, 39.057701 ], [ -123.70275, 39.073223 ], [ -123.702722, 39.078167 ], [ -123.705864, 39.080821 ], [ -123.703922, 39.081895 ], [ -123.706879, 39.08918 ], [ -123.70616, 39.090915 ], [ -123.706603108113001, 39.091438201566703 ], [ -123.708893, 39.094142 ], [ -123.711047, 39.097635 ], [ -123.708307, 39.098352 ], [ -123.708073, 39.102335 ], [ -123.709483, 39.104646 ], [ -123.713392, 39.108422 ], [ -123.716304, 39.118171 ], [ -123.720231, 39.122672 ], [ -123.718177, 39.125113 ], [ -123.718177, 39.127879 ], [ -123.720393, 39.130102 ], [ -123.719366, 39.134516 ], [ -123.721862, 39.134911 ], [ -123.723068, 39.137244 ], [ -123.727536, 39.138434 ], [ -123.727684, 39.141522 ], [ -123.7322, 39.141337 ], [ -123.733224, 39.139144 ], [ -123.735936, 39.139644 ], [ -123.737913, 39.143442 ], [ -123.737425, 39.148189 ], [ -123.73907, 39.154626 ], [ -123.737927, 39.162712 ], [ -123.742221, 39.164885 ], [ -123.745133, 39.167447 ], [ -123.746754, 39.171978 ], [ -123.753642, 39.17596 ], [ -123.752286, 39.178546 ], [ -123.756166, 39.181912 ], [ -123.757202, 39.186183 ], [ -123.76101, 39.191595 ], [ -123.764569, 39.191528 ], [ -123.765891, 39.193657 ], [ -123.771418, 39.194224 ], [ -123.773007, 39.198283 ], [ -123.769915, 39.201798 ], [ -123.774998, 39.212083 ], [ -123.776803, 39.214478 ], [ -123.770942, 39.214299 ], [ -123.769754, 39.215588 ], [ -123.770043070265004, 39.216148045127298 ], [ -123.771655, 39.219271 ], [ -123.771898381213006, 39.219453214761401 ], [ -123.776058982205996, 39.222568175472098 ], [ -123.776581, 39.222959 ], [ -123.776963, 39.225587 ], [ -123.778696, 39.230783 ], [ -123.781639, 39.231082 ], [ -123.780137, 39.233393 ], [ -123.777368, 39.237214 ], [ -123.783481, 39.252655 ], [ -123.788338, 39.253708 ], [ -123.786944443482, 39.259334224448502 ], [ -123.786864, 39.259659 ], [ -123.788572, 39.260758 ], [ -123.788212850709996, 39.262645781761698 ], [ -123.787893, 39.264327 ], [ -123.789006, 39.269707 ], [ -123.791908518051002, 39.273336556552898 ], [ -123.792096, 39.273571 ], [ -123.795186, 39.273019 ], [ -123.798991, 39.271355 ], [ -123.801814977513004, 39.275666842132701 ], [ -123.803130416559995, 39.277675344494199 ], [ -123.803848, 39.278771 ], [ -123.801757, 39.28353 ], [ -123.804819, 39.289664 ], [ -123.803081, 39.291747 ], [ -123.801841, 39.293255 ], [ -123.798275, 39.290312 ], [ -123.795423, 39.291048 ], [ -123.795186, 39.293439 ], [ -123.796612, 39.296198 ], [ -123.796612, 39.301348 ], [ -123.797979778124997, 39.3017811689759 ], [ -123.801841, 39.303004 ], [ -123.805168, 39.300797 ], [ -123.80953, 39.302791 ], [ -123.813725, 39.308337 ], [ -123.813725, 39.312199 ], [ -123.811387, 39.312825 ], [ -123.806832, 39.311647 ], [ -123.801128, 39.313119 ], [ -123.80089, 39.318267 ], [ -123.802450149959, 39.319301681700203 ], [ -123.805881, 39.321577 ], [ -123.808772, 39.324368 ], [ -123.805643, 39.324887 ], [ -123.806356, 39.326725 ], [ -123.807783, 39.328931 ], [ -123.810566, 39.327401 ], [ -123.812477, 39.33063 ], [ -123.818017, 39.334703 ], [ -123.817369, 39.3388 ], [ -123.822085, 39.343857 ], [ -123.827716, 39.348433 ], [ -123.824189, 39.354849 ], [ -123.823838887540006, 39.3567611526653 ], [ -123.823591, 39.358115 ], [ -123.825320963791995, 39.360819216560301 ], [ -123.826322, 39.362384 ], [ -123.823945, 39.361632124306702 ], [ -123.821093, 39.36073 ], [ -123.818194376885003, 39.360598733474397 ], [ -123.817052, 39.360547 ], [ -123.820617, 39.365141 ], [ -123.826306, 39.36871 ], [ -123.826054502087004, 39.368925356080098 ], [ -123.824367623092996, 39.370369819945601 ], [ -123.823446, 39.371159 ], [ -123.823348587626995, 39.3714795084543 ], [ -123.822147, 39.375433 ], [ -123.822325, 39.379987 ], [ -123.821093, 39.386453 ], [ -123.820497, 39.391682 ], [ -123.821327, 39.398025 ], [ -123.821093, 39.402249 ], [ -123.821887, 39.406809 ], [ -123.819586, 39.408571 ], [ -123.816369, 39.408846 ], [ -123.815248, 39.411272 ], [ -123.81516, 39.414682 ], [ -123.815028950458, 39.417154 ], [ -123.814992, 39.417851 ], [ -123.815898, 39.421226 ], [ -123.817782925917001, 39.423742198276599 ], [ -123.81823, 39.424339 ], [ -123.816752, 39.426073 ], [ -123.813725, 39.425386 ], [ -123.810397, 39.425937 ], [ -123.809424409871994, 39.426795614722302 ], [ -123.808733, 39.427406 ], [ -123.809684, 39.430343 ], [ -123.812774, 39.430894 ], [ -123.812817981897993, 39.430886027309697 ], [ -123.815604, 39.430381 ], [ -123.817765, 39.43273 ], [ -123.818772641191003, 39.435944085326703 ], [ -123.819884, 39.439489 ], [ -123.816099, 39.438761 ], [ -123.814675, 39.440072 ], [ -123.812536, 39.442642 ], [ -123.816138, 39.444573 ], [ -123.81469, 39.446538 ], [ -123.812536, 39.450534 ], [ -123.813155, 39.451069 ], [ -123.813539, 39.453381 ], [ -123.811967, 39.454185 ], [ -123.811906948599997, 39.454353609770898 ], [ -123.810158172295999, 39.459263749595699 ], [ -123.807249, 39.467432 ], [ -123.808017, 39.47091 ], [ -123.806914057021004, 39.471570004964903 ], [ -123.804384, 39.473084 ], [ -123.802611, 39.482993 ], [ -123.802315, 39.486883 ], [ -123.804693, 39.488148 ], [ -123.804295, 39.490019 ], [ -123.802078, 39.489248 ], [ -123.797914, 39.490407 ], [ -123.795639, 39.492215 ], [ -123.795477492757001, 39.492457267906097 ], [ -123.789434170017998, 39.501522515477703 ], [ -123.78417, 39.509419 ], [ -123.778521, 39.521478 ], [ -123.777558176816996, 39.523981771892103 ], [ -123.766475, 39.552803 ], [ -123.766518537126998, 39.553220541783602 ], [ -123.76721, 39.559852 ], [ -123.770991, 39.565209 ], [ -123.772938, 39.572166 ], [ -123.775274, 39.573243 ], [ -123.777786, 39.576058 ], [ -123.778613, 39.57814 ], [ -123.777281, 39.579857 ], [ -123.777072, 39.583793 ], [ -123.780059, 39.586059 ], [ -123.786357, 39.592515 ], [ -123.786302, 39.595616 ], [ -123.78863, 39.599975 ], [ -123.788541, 39.604277 ], [ -123.787268, 39.607847 ], [ -123.785523, 39.607252 ], [ -123.78354, 39.609517 ], [ -123.782322, 39.621486 ], [ -123.786993, 39.626589 ], [ -123.784625, 39.628739 ], [ -123.785916, 39.636019 ], [ -123.786311, 39.639608 ], [ -123.785222, 39.643692 ], [ -123.785732, 39.653951 ], [ -123.787249, 39.656041 ], [ -123.78636, 39.659932 ], [ -123.788993, 39.664761 ], [ -123.792812, 39.667073 ], [ -123.791656, 39.67229 ], [ -123.791891, 39.681173 ], [ -123.792659, 39.684122 ], [ -123.794235, 39.689995 ], [ -123.797042, 39.691835 ], [ -123.798545, 39.69419 ], [ -123.80335, 39.698997 ], [ -123.804179, 39.703824 ], [ -123.808208, 39.710715 ], [ -123.824744, 39.718128 ], [ -123.829545, 39.723071 ], [ -123.831599, 39.730629 ], [ -123.828461, 39.732048 ], [ -123.829158195090997, 39.735979867406201 ], [ -123.829174, 39.736069 ], [ -123.832501, 39.737349 ], [ -123.835092, 39.738768 ], [ -123.831551, 39.739542 ], [ -123.831866, 39.743169 ], [ -123.83542, 39.750625 ], [ -123.838089, 39.752409 ], [ -123.83715, 39.776232 ], [ -123.839797, 39.795637 ], [ -123.844103, 39.805338 ], [ -123.84633, 39.806642 ], [ -123.845529, 39.808267 ], [ -123.846397, 39.817196 ], [ -123.849605, 39.827671 ], [ -123.851714, 39.832041 ], [ -123.853764, 39.8341 ], [ -123.881458, 39.845422 ], [ -123.888342, 39.850435 ], [ -123.888786, 39.8519 ], [ -123.893268, 39.853275 ], [ -123.895286, 39.85593 ], [ -123.899739, 39.855886 ], [ -123.90054, 39.858037 ], [ -123.902023, 39.860395 ], [ -123.904102, 39.859778 ], [ -123.907664, 39.863028 ], [ -123.915142, 39.875313 ], [ -123.915853, 39.881114 ], [ -123.930047, 39.909697 ], [ -123.937213, 39.913344 ], [ -123.939557, 39.913016 ], [ -123.941223, 39.915385 ], [ -123.949626, 39.919662 ], [ -123.951088, 39.921458 ], [ -123.954952, 39.922373 ], [ -123.958847, 39.927956 ], [ -123.960187, 39.933317 ], [ -123.962655, 39.937635 ], [ -123.97509, 39.952825 ], [ -123.980031, 39.962458 ], [ -123.99586, 39.973045 ], [ -124.006317, 39.985562 ], [ -124.012912, 39.990198 ], [ -124.01732, 39.994631 ], [ -124.021277, 39.999607 ], [ -124.023251909219994, 40.001276340428902 ], [ -124.027488, 40.004857 ], [ -124.035904, 40.013319 ], [ -124.036211785492995, 40.013465279128901 ], [ -124.041955621651994, 40.016195113276197 ], [ -124.042837, 40.016614 ], [ -124.047839, 40.020608 ], [ -124.056408, 40.024305 ], [ -124.061825, 40.025335 ], [ -124.065069, 40.024785 ], [ -124.066974, 40.022154 ], [ -124.068908, 40.021307 ], [ -124.072509, 40.022657 ], [ -124.075917, 40.025902 ], [ -124.077095, 40.028263 ], [ -124.079983, 40.029773 ], [ -124.0804, 40.032061 ], [ -124.078615, 40.036226 ], [ -124.080145, 40.037898 ], [ -124.080309131735007, 40.046108078937202 ], [ -124.080334316131996, 40.047367834598802 ], [ -124.080709, 40.06611 ], [ -124.087086, 40.078442 ], [ -124.093315, 40.08336 ], [ -124.095006, 40.086362 ], [ -124.104793, 40.096148 ], [ -124.10727, 40.100227 ], [ -124.110549, 40.103765 ], [ -124.118264, 40.106163 ], [ -124.122166, 40.109096 ], [ -124.122256618503002, 40.109137587494601 ], [ -124.130834, 40.113074 ], [ -124.133724, 40.113212 ], [ -124.139952, 40.11635 ], [ -124.148951, 40.11768 ], [ -124.152428, 40.119531 ], [ -124.170767, 40.124207 ], [ -124.175592, 40.127223 ], [ -124.176430268757002, 40.127408437512798 ], [ -124.178901, 40.127955 ], [ -124.182363458283007, 40.130083666960701 ], [ -124.182364, 40.130084 ], [ -124.187874, 40.130542 ], [ -124.188353741436998, 40.131081023352699 ], [ -124.200178100881004, 40.144366525471 ], [ -124.203460560544997, 40.148054600501901 ], [ -124.210674302563007, 40.156159748633101 ], [ -124.214895, 40.160902 ], [ -124.221601836450006, 40.164713671644201 ], [ -124.227006, 40.167785 ], [ -124.231095, 40.171581 ], [ -124.236557, 40.175693 ], [ -124.242878, 40.17792 ], [ -124.258405, 40.184277 ], [ -124.273136, 40.196454 ], [ -124.27811, 40.198666 ], [ -124.289306, 40.203163 ], [ -124.296497, 40.208816 ], [ -124.308926852510993, 40.217878617429598 ], [ -124.319587585863005, 40.225651368377598 ], [ -124.320912, 40.226617 ], [ -124.327691, 40.23737 ], [ -124.332817, 40.240313 ], [ -124.34307, 40.243979 ], [ -124.352715, 40.250453 ], [ -124.355478, 40.254055 ], [ -124.360604, 40.257206 ], [ -124.363414, 40.260974 ], [ -124.362367, 40.264986 ], [ -124.363634, 40.276212 ], [ -124.359258429373, 40.286866957057498 ], [ -124.355838377907006, 40.295195128309601 ], [ -124.354489, 40.298481 ], [ -124.353795, 40.304793 ], [ -124.349928, 40.309584 ], [ -124.347853, 40.314634 ], [ -124.351463929770006, 40.326136774001199 ], [ -124.353124, 40.331425 ], [ -124.356595, 40.335016 ], [ -124.360215, 40.338355 ], [ -124.362312, 40.342793 ], [ -124.363003, 40.347163 ], [ -124.362796, 40.350046 ], [ -124.365357, 40.374855 ], [ -124.366085837201993, 40.376452746975197 ], [ -124.373599, 40.392923 ], [ -124.379082, 40.398828 ], [ -124.391496, 40.407047 ], [ -124.393027821142994, 40.410724570610803 ], [ -124.393028153459994, 40.410725226666898 ], [ -124.394814, 40.413363 ], [ -124.397387, 40.41556 ], [ -124.399197187439995, 40.417822734299499 ], [ -124.402623, 40.422105 ], [ -124.402427, 40.427469 ], [ -124.403169, 40.430376 ], [ -124.403408, 40.433985 ], [ -124.407915, 40.435971 ], [ -124.409591, 40.438076 ], [ -124.408601, 40.443201 ], [ -124.396642, 40.462119 ], [ -124.395597999078007, 40.464590361265799 ], [ -124.388450223367002, 40.4815105915674 ], [ -124.38494, 40.48982 ], [ -124.383224, 40.499852 ], [ -124.386126, 40.502368 ], [ -124.387023, 40.504954 ], [ -124.386533, 40.510467 ], [ -124.384243, 40.514235 ], [ -124.382816, 40.519 ], [ -124.379096, 40.522865 ], [ -124.372285, 40.532333 ], [ -124.372284613860998, 40.532333723016002 ], [ -124.363545, 40.548698 ], [ -124.334803100521, 40.605718776646199 ], [ -124.330537121380004, 40.614182011442601 ], [ -124.329404, 40.61643 ], [ -124.319610625889993, 40.632288358581597 ], [ -124.315141, 40.639526 ], [ -124.312558, 40.641333 ], [ -124.312211093524994, 40.641899810754602 ], [ -124.293133520043995, 40.673070672633898 ], [ -124.289119, 40.67963 ], [ -124.285003142462998, 40.6852443802766 ], [ -124.267745499653003, 40.708785275103601 ], [ -124.248780203766998, 40.734655554186602 ], [ -124.248726066694999, 40.734729401764902 ], [ -124.248406, 40.735166 ], [ -124.235265145973997, 40.757471951204401 ], [ -124.235176398582993, 40.757622595520303 ], [ -124.233565844565007, 40.760356431485299 ], [ -124.231690338177998, 40.763540011021199 ], [ -124.228244, 40.76939 ], [ -124.201921, 40.805111 ], [ -124.197511195957006, 40.811847821562203 ], [ -124.195401160162007, 40.815071305984702 ], [ -124.187295813136004, 40.827453778329499 ], [ -124.187059294170993, 40.8278151064181 ], [ -124.179936611562994, 40.838696370370599 ], [ -124.176715, 40.843618 ], [ -124.162644574294006, 40.868442628096801 ], [ -124.158322, 40.876069 ], [ -124.154747627559999, 40.884420244752903 ], [ -124.141106718513001, 40.916291173716203 ], [ -124.137066, 40.925732 ], [ -124.134699403688003, 40.933679155255398 ], [ -124.128059494089996, 40.955976321949002 ], [ -124.127397251082996, 40.958200168902501 ], [ -124.125943647184997, 40.963081447470003 ], [ -124.125823216176002, 40.963485861151703 ], [ -124.122340371716007, 40.975181436572598 ], [ -124.118147, 40.989263 ], [ -124.117153853253996, 40.995109061737999 ], [ -124.116367293562007, 40.999739068876998 ], [ -124.112058188841004, 41.025104194771401 ], [ -124.111756, 41.026883 ], [ -124.113768, 41.031582 ], [ -124.116052, 41.031944 ], [ -124.119106482174999, 41.036416718786697 ], [ -124.121126046737004, 41.039373993978003 ], [ -124.121236, 41.039535 ], [ -124.120296, 41.041847 ], [ -124.122933, 41.044654 ], [ -124.125448, 41.048504 ], [ -124.128266651738997, 41.050497867109897 ], [ -124.129132, 41.05111 ], [ -124.132422367551996, 41.0522936351026 ], [ -124.132946, 41.052482 ], [ -124.133124007565996, 41.0526396883741 ], [ -124.133723110622, 41.053170405068798 ], [ -124.136056, 41.055237 ], [ -124.137774885330998, 41.055752828321097 ], [ -124.142394, 41.057139 ], [ -124.145288, 41.057557 ], [ -124.147665, 41.055765 ], [ -124.147216, 41.052884 ], [ -124.148939, 41.051467 ], [ -124.151266, 41.051101 ], [ -124.153622, 41.05355 ], [ -124.148739, 41.061605 ], [ -124.149421746870004, 41.062829510944397 ], [ -124.150279, 41.064367 ], [ -124.152639, 41.067767 ], [ -124.156615, 41.067049 ], [ -124.159102, 41.069625 ], [ -124.159348284955001, 41.072387009240799 ], [ -124.159456, 41.073595 ], [ -124.155124, 41.077274 ], [ -124.155508, 41.08336 ], [ -124.158261, 41.085888 ], [ -124.157476955337003, 41.086153880673997 ], [ -124.154513, 41.087159 ], [ -124.160273921313006, 41.098457765413897 ], [ -124.160556, 41.099011 ], [ -124.163897072797994, 41.100724320227897 ], [ -124.163953, 41.100753 ], [ -124.160671, 41.104173 ], [ -124.160755026803997, 41.104508666901403 ], [ -124.161816, 41.108747 ], [ -124.159735, 41.111649 ], [ -124.159155522410998, 41.120564305956798 ], [ -124.159065, 41.121957 ], [ -124.165090813120997, 41.129421643281702 ], [ -124.165414, 41.129822 ], [ -124.160933, 41.132832 ], [ -124.163988, 41.138675 ], [ -124.158539, 41.143021 ], [ -124.158339562150005, 41.142972046050502 ], [ -124.149674, 41.140845 ], [ -124.147380127093996, 41.141368760804099 ], [ -124.145763, 41.141738 ], [ -124.144531902384998, 41.1435868414517 ], [ -124.1438, 41.144686 ], [ -124.139960695160994, 41.152872445579 ], [ -124.135004977039003, 41.163439388920899 ], [ -124.125631346233007, 41.183426527656202 ], [ -124.122677, 41.189726 ], [ -124.120231649624998, 41.195952285015501 ], [ -124.112152119406005, 41.216524166433402 ], [ -124.109790710425003, 41.222536722140902 ], [ -124.106986, 41.229678 ], [ -124.106888306371005, 41.231480376671101 ], [ -124.106779, 41.233497 ], [ -124.108693, 41.236929 ], [ -124.106389, 41.240682 ], [ -124.099183754883001, 41.264697610684102 ], [ -124.098471975970995, 41.267070022025798 ], [ -124.092284, 41.287695 ], [ -124.079015, 41.347135 ], [ -124.072294, 41.374844 ], [ -124.068166793190002, 41.403828023961502 ], [ -124.064236761757996, 41.431427349706603 ], [ -124.063076, 41.439579 ], [ -124.064524, 41.447694 ], [ -124.066188, 41.451241 ], [ -124.065332, 41.462795 ], [ -124.065520896834997, 41.464739464938198 ], [ -124.066057, 41.470258 ], [ -124.072853, 41.491971 ], [ -124.075393, 41.494247 ], [ -124.074696, 41.497856 ], [ -124.075917, 41.501757 ], [ -124.081427, 41.511228 ], [ -124.081624596085007, 41.5241186745805 ], [ -124.081939984745006, 41.544693842289497 ], [ -124.081987, 41.547761 ], [ -124.083386555494997, 41.548547502627201 ], [ -124.087906034442994, 41.5510872962112 ], [ -124.092404, 41.553615 ], [ -124.093167298411004, 41.554978676951698 ], [ -124.101123, 41.569192 ], [ -124.101403, 41.578524 ], [ -124.097385, 41.585251 ], [ -124.1051, 41.594315 ], [ -124.101859, 41.597028 ], [ -124.100961, 41.602499 ], [ -124.114413, 41.616768 ], [ -124.116037, 41.628849 ], [ -124.119516, 41.633834 ], [ -124.119321, 41.636711 ], [ -124.120225, 41.640354 ], [ -124.126245, 41.647525 ], [ -124.127457, 41.650825 ], [ -124.135552, 41.657307 ], [ -124.135302, 41.662303 ], [ -124.138059, 41.666766 ], [ -124.139354, 41.671652 ], [ -124.141057, 41.672869 ], [ -124.138528, 41.67592 ], [ -124.138373, 41.678881 ], [ -124.140676, 41.682488 ], [ -124.140155, 41.684639 ], [ -124.142673, 41.686776 ], [ -124.141807, 41.689455 ], [ -124.143862, 41.691249 ], [ -124.141936, 41.692601 ], [ -124.143107, 41.69511 ], [ -124.141958, 41.696929 ], [ -124.143862, 41.706511 ], [ -124.143479, 41.709284 ], [ -124.147412, 41.717955 ], [ -124.154169714668001, 41.728679930244397 ], [ -124.154246, 41.728801 ], [ -124.155661702667004, 41.730332311623698 ], [ -124.164716, 41.740126 ], [ -124.164828923846997, 41.740192996486002 ], [ -124.17014, 41.743344 ], [ -124.177777, 41.745923 ], [ -124.182685, 41.741258 ], [ -124.182763, 41.740631 ], [ -124.183583, 41.739692 ], [ -124.185363, 41.739351 ], [ -124.189892742870001, 41.736740233984101 ], [ -124.19104, 41.736079 ], [ -124.193287086793006, 41.7364804090641 ], [ -124.194953, 41.736778 ], [ -124.200664, 41.745094 ], [ -124.203843, 41.747035 ], [ -124.209645, 41.748233 ], [ -124.215814321280007, 41.751281859305998 ], [ -124.216624, 41.751682 ], [ -124.222733, 41.756345 ], [ -124.222873, 41.758922 ], [ -124.234655, 41.766282 ], [ -124.23972, 41.7708 ], [ -124.242288, 41.772034 ], [ -124.243436821901, 41.771451062501001 ], [ -124.245589, 41.770359 ], [ -124.248704, 41.771459 ], [ -124.254954, 41.77817 ], [ -124.255994, 41.783014 ], [ -124.254838, 41.785088 ], [ -124.249415, 41.787265 ], [ -124.245027, 41.7923 ], [ -124.237626, 41.804152 ], [ -124.230678, 41.818681 ], [ -124.227012563147994, 41.827856495046902 ], [ -124.219592, 41.846432 ], [ -124.208439, 41.888192 ], [ -124.204646, 41.918504 ], [ -124.203645213244002, 41.936572866990701 ], [ -124.203402, 41.940964 ], [ -124.204779, 41.946404 ], [ -124.206402936192006, 41.946433231750902 ], [ -124.208101940180995, 41.946463814763703 ], [ -124.20839, 41.946469 ], [ -124.209835275710006, 41.950108892778303 ], [ -124.210149, 41.950899 ], [ -124.208466, 41.954522 ], [ -124.207928046069995, 41.956665727603003 ], [ -124.205606, 41.965919 ], [ -124.204948, 41.983441 ], [ -124.208764, 41.989245 ], [ -124.211605, 41.99846 ], [ -124.121365, 41.997015 ], [ -124.102532, 41.99681 ], [ -124.084956, 41.996662 ], [ -123.999248, 41.996138 ], [ -123.967045984175996, 41.996133707438503 ], [ -123.834208, 41.996116 ], [ -123.822037891997994, 41.9956172960188 ], [ -123.811708, 41.995194 ], [ -123.787501, 41.995834 ], [ -123.728169, 41.997056 ], [ -123.657212, 41.995094 ], [ -123.631514798612002, 41.998714371006002 ], [ -123.624022, 41.99977 ], [ -123.569305, 42.000626 ], [ -123.530013873106995, 42.000730111269398 ], [ -123.518734, 42.00076 ], [ -123.517910995163007, 42.000758137359597 ], [ -123.474991, 42.000661 ], [ -123.44467, 42.000608 ], [ -123.346955, 41.999276 ], [ -123.344311064432006, 41.999382598108397 ], [ -123.245561, 42.003364 ], [ -123.231112584480002, 42.003932438424897 ], [ -123.183923, 42.005789 ], [ -123.145735, 42.008761 ], [ -123.125165, 42.00816 ], [ -123.102698940571997, 42.006587319963103 ], [ -123.080938, 42.005064 ], [ -123.062882, 42.00482 ], [ -123.043997, 42.003084 ], [ -122.988318483577004, 42.003377680638003 ], [ -122.963801, 42.003507 ], [ -122.961670756599005, 42.003515017324098 ], [ -122.893590970866001, 42.003771240490899 ], [ -122.889935, 42.003785 ], [ -122.884017334375002, 42.003826826500898 ], [ -122.875515469316994, 42.003886918315601 ], [ -122.870830789468002, 42.003920029981202 ], [ -122.867298, 42.003945 ], [ -122.813845, 42.004141 ], [ -122.753635223580005, 42.004182817737899 ], [ -122.713058, 42.004211 ], [ -122.672521, 42.004687 ], [ -122.634696, 42.005036 ], [ -122.615412874710003, 42.0055939147516 ], [ -122.548911, 42.007518 ], [ -122.493322, 42.008121 ], [ -122.416638, 42.00838 ], [ -122.403459336051, 42.008761945174399 ], [ -122.378511, 42.009485 ], [ -122.368051522241998, 42.009327617360299 ], [ -122.320293, 42.008609 ], [ -122.289748006075996, 42.008101163725499 ], [ -122.284835725790998, 42.008019492924497 ], [ -122.260687, 42.007618 ], [ -122.189401401612002, 42.007358315491203 ], [ -122.163511, 42.007264 ], [ -122.144058, 42.006552 ], [ -122.047234, 42.005339 ], [ -122.034563, 42.004696 ], [ -121.95743, 42.003485 ], [ -121.954084502428998, 42.003546393995499 ], [ -121.939829, 42.003808 ], [ -121.889255042360006, 42.003193891819897 ], [ -121.889217528984005, 42.003193436303398 ], [ -121.825079635986, 42.002414624310497 ], [ -121.800981, 42.002122 ], [ -121.69468, 42.000608 ], [ -121.680618944726007, 42.0004119646647 ], [ -121.600302875257, 41.999292220285703 ], [ -121.600214645464007, 41.999290990210397 ], [ -121.591106, 41.999164 ], [ -121.519526386292995, 41.998322365629697 ], [ -121.518985, 41.998316 ], [ -121.447537949131004, 41.997469292432797 ], [ -121.435531, 41.997327 ], [ -121.356649, 41.996493 ], [ -121.344911, 41.996214 ], [ -121.328988, 41.996798 ], [ -121.316486316189994, 41.997018172312998 ], [ -121.297304, 41.997356 ], [ -121.250331958386994, 41.997307178857596 ], [ -121.174152, 41.997228 ], [ -121.125007, 41.996125 ], [ -121.111238326885996, 41.995871512135999 ], [ -121.080956, 41.995314 ], [ -121.022114, 41.993308 ], [ -120.980416, 41.993023 ], [ -120.940201, 41.993492 ], [ -120.879925977228993, 41.993764341558403 ], [ -120.878231, 41.993772 ], [ -120.819216277205996, 41.993795717425101 ], [ -120.786166, 41.993809 ], [ -120.680984, 41.99357 ], [ -120.61589, 41.993029 ], [ -120.564863, 41.993225 ], [ -120.508434445763001, 41.993513652327501 ], [ -120.489013, 41.993613 ], [ -120.413985011427002, 41.993139190496798 ], [ -120.328540043301004, 41.992599596691001 ], [ -120.328538964699007, 41.992599589879497 ], [ -120.326387, 41.992586 ], [ -120.325751, 41.993143 ], [ -120.284045, 41.992771 ], [ -120.276920753458995, 41.992895723840398 ], [ -120.272095999128993, 41.992980190581697 ], [ -120.188026, 41.994452 ], [ -120.160711, 41.994560877015502 ], [ -120.159409852771006, 41.994566063360999 ], [ -120.088176, 41.99485 ], [ -120.046745935304997, 41.9948937861312 ], [ -119.999234, 41.994944 ], [ -119.999342, 41.875296 ], [ -119.998287, 41.749892 ], [ -119.998855, 41.624893 ], [ -119.99828, 41.618765 ], [ -119.998890665307997, 41.55781588512 ], [ -119.999471, 41.499894 ], [ -119.999866, 41.183974 ], [ -119.999601049562997, 41.021836328374697 ], [ -119.999358, 40.873101 ], [ -119.999232, 40.867454 ], [ -119.999231, 40.865899 ], [ -119.998539514040004, 40.759233612529698 ], [ -119.998479, 40.749899 ], [ -119.997533, 40.720992 ], [ -119.995926, 40.499901 ], [ -119.996051487426996, 40.4023260320755 ], [ -119.996155, 40.321838 ], [ -119.996155, 40.32125 ], [ -119.996182, 40.263532 ], [ -119.996183, 40.262461 ], [ -119.996911084358999, 40.157157253856603 ], [ -119.997124, 40.126363 ], [ -119.997233377794004, 40.091787684848697 ], [ -119.997234, 40.091591 ], [ -119.997175, 40.077245 ], [ -119.997291, 40.071803 ], [ -119.997634, 39.956505 ], [ -119.998293046585005, 39.9235058875664 ], [ -119.999733, 39.851406 ], [ -120.000607, 39.780779 ], [ -120.000502, 39.779956 ], [ -120.001151854493003, 39.734190971706802 ], [ -120.001319, 39.72242 ], [ -120.001430866104002, 39.673643189982101 ], [ -120.001484414068997, 39.650294750900599 ], [ -120.001517666218007, 39.635795866150303 ], [ -120.001584097915995, 39.606829752403598 ], [ -120.001717356499, 39.548725211720601 ], [ -120.00174, 39.538852 ], [ -120.001787261442004, 39.5367726580454 ], [ -120.001840137867006, 39.5344462760374 ], [ -120.002499696542998, 39.505427948265996 ], [ -120.002523734030007, 39.504370380969803 ], [ -120.002702554872002, 39.496502875030401 ], [ -120.002718336640996, 39.495808531118399 ], [ -120.002724790420004, 39.495524586890497 ], [ -120.002744289093997, 39.494666711870003 ], [ -120.002916374213001, 39.487095554701497 ], [ -120.003459629600997, 39.463194174112502 ], [ -120.003871869172997, 39.445057041725001 ], [ -120.004081, 39.435856 ], [ -120.004898733771995, 39.400067631128401 ], [ -120.005159640789003, 39.388648955653402 ], [ -120.006237, 39.341498 ], [ -120.006315645404001, 39.316495976865703 ], [ -120.006419937635997, 39.283340615179597 ], [ -120.006427841401006, 39.280827942880997 ], [ -120.006431805950996, 39.279567579691602 ], [ -120.006452848096998, 39.272878107631399 ], [ -120.006455, 39.272194 ], [ -120.006063731405007, 39.246265419357201 ], [ -120.006033435293006, 39.244257757116799 ], [ -120.005746, 39.22521 ], [ -120.005691822331002, 39.222608795681303 ], [ -120.005674538978994, 39.2217789790827 ], [ -120.005596410685996, 39.218027845910797 ], [ -120.004504420333006, 39.165598679866399 ], [ -120.003402381369995, 39.112687055111003 ], [ -120.002461, 39.067489 ], [ -120.001014, 38.999574 ], [ -119.951367991493996, 38.965560741708302 ], [ -119.951291245785001, 38.965508162020399 ], [ -119.949569352460003, 38.964328465924602 ], [ -119.942066544512002, 38.959188174644098 ], [ -119.938755501694004, 38.956919727331197 ], [ -119.935829414362004, 38.954915019053601 ], [ -119.914623285207, 38.940386367707397 ], [ -119.905571734595995, 38.934185008562501 ], [ -119.904315, 38.933324 ], [ -119.900597596910004, 38.930757686815497 ], [ -119.843879064091993, 38.891601987246702 ], [ -119.779164783796006, 38.846926414886298 ], [ -119.691120751637001, 38.786145123467698 ], [ -119.691009, 38.786067975606102 ], [ -119.682455416322995, 38.780163 ], [ -119.682228259460999, 38.780006182018198 ], [ -119.677184272481995, 38.776524060232703 ], [ -119.677078, 38.776450694911503 ], [ -119.661352111802003, 38.765594311236498 ], [ -119.65664296384, 38.762343345923199 ], [ -119.635047, 38.747434549274203 ], [ -119.634932032912005, 38.747355181622503 ], [ -119.630755122308003, 38.744471646936098 ], [ -119.625863, 38.741094365087903 ], [ -119.619332460231007, 38.736585999999697 ], [ -119.587679, 38.714734 ], [ -119.587066, 38.714345 ], [ -119.585437, 38.713212 ], [ -119.552575459815003, 38.690395387181802 ], [ -119.551575735328001, 38.689701252749302 ], [ -119.548528229363995, 38.687585290951802 ], [ -119.548520911132002, 38.687580209715001 ], [ -119.547658852002996, 38.686981659882399 ], [ -119.546295663909007, 38.686035163316198 ], [ -119.542730770385006, 38.683559966024397 ], [ -119.540890787891996, 38.682282418840103 ], [ -119.494183, 38.649852 ], [ -119.494022, 38.649734 ], [ -119.453909730670006, 38.622225539784402 ], [ -119.450612, 38.619964 ], [ -119.450623, 38.619965 ], [ -119.375994, 38.566793 ], [ -119.370117, 38.563281 ], [ -119.333423, 38.538328 ], [ -119.330063278438999, 38.535945098206099 ], [ -119.329668253590995, 38.535664924566099 ], [ -119.279262, 38.499914 ], [ -119.250988, 38.48078 ], [ -119.234966, 38.468997 ], [ -119.155569132771006, 38.4137556228129 ], [ -119.125982, 38.39317 ], [ -119.097161, 38.372853 ], [ -119.082358, 38.361267 ], [ -119.030078, 38.325181 ], [ -119.000975, 38.303675 ], [ -118.949709976064995, 38.268965035351499 ], [ -118.949673, 38.26894 ], [ -118.922518, 38.249919 ], [ -118.859087, 38.204808 ], [ -118.797713397633999, 38.160521478421103 ], [ -118.797668618521001, 38.160489166302 ], [ -118.771867, 38.141871 ], [ -118.746598, 38.124926 ], [ -118.714312, 38.102185 ], [ -118.62159, 38.034389 ], [ -118.571958, 37.99993 ], [ -118.500958, 37.949019 ], [ -118.427800363847993, 37.896229894581801 ], [ -118.250947, 37.768616 ], [ -118.100922930579998, 37.660160700395998 ], [ -118.052189, 37.62493 ], [ -118.039798, 37.615273 ], [ -118.039849, 37.615245 ], [ -117.975776, 37.569293 ], [ -117.975438964575005, 37.569039779346603 ], [ -117.904625, 37.515836 ], [ -117.875927, 37.497267 ], [ -117.866144978700007, 37.489944692534898 ], [ -117.832726, 37.464929 ], [ -117.712358, 37.374931 ], [ -117.68061, 37.353399 ], [ -117.581418, 37.278936 ], [ -117.540885, 37.249931 ], [ -117.500909, 37.220282 ], [ -117.500117, 37.22038 ], [ -117.479034303217006, 37.204503818882202 ], [ -117.375905, 37.126843 ], [ -117.286049617108006, 37.059828726371997 ], [ -117.266046, 37.04491 ], [ -117.244917, 37.030244 ], [ -117.166000489853005, 36.971223964383498 ], [ -117.131975, 36.945777 ], [ -117.066728, 36.896354 ], [ -117.064475841068997, 36.894689332529701 ], [ -117.000895, 36.847694 ], [ -116.928004333275993, 36.792460869839999 ], [ -116.889361378187999, 36.763179050039703 ], [ -116.710286350581995, 36.627484389081197 ], [ -116.614603584351002, 36.554980474398903 ], [ -116.541983, 36.499952 ], [ -116.500882, 36.468223 ], [ -116.488233, 36.459097 ], [ -116.422301247438, 36.407679118171899 ], [ -116.38034, 36.374955 ], [ -116.375875, 36.372562 ], [ -116.250869, 36.276979 ], [ -116.197331934890002, 36.235643896583802 ], [ -116.123997168120994, 36.1790233074246 ], [ -116.122076588850007, 36.1775404591843 ], [ -116.108558026441997, 36.167102995456702 ], [ -116.097216, 36.158346 ], [ -116.093601, 36.155805 ], [ -115.974979125087003, 36.063630100589997 ], [ -115.962506116070003, 36.053937972959098 ], [ -115.912858, 36.015359 ], [ -115.892975, 35.999967 ], [ -115.852908, 35.96966 ], [ -115.845983929593004, 35.964207457371501 ], [ -115.758251255443994, 35.895120039482997 ], [ -115.750844, 35.889287 ], [ -115.689542874178997, 35.842188068647097 ], [ -115.689302, 35.842003 ], [ -115.669005, 35.826515 ], [ -115.648020311818001, 35.809629421951698 ], [ -115.647683, 35.809358 ], [ -115.647202, 35.808995 ], [ -115.627386, 35.793846 ], [ -115.625838, 35.792013 ], [ -115.621147587326007, 35.788312216898099 ], [ -115.549827718296001, 35.7320401179404 ], [ -115.500832, 35.693382 ], [ -115.412908, 35.624981 ], [ -115.406079, 35.618613 ], [ -115.404537, 35.617605 ], [ -115.393996, 35.609344 ], [ -115.391535, 35.607271 ], [ -115.391516320532006, 35.607256305280799 ], [ -115.369326914710996, 35.589800396728698 ], [ -115.303743, 35.538207 ], [ -115.271342, 35.51266 ], [ -115.225219233508994, 35.475916658908702 ], [ -115.164904, 35.427867 ], [ -115.159944, 35.423065 ], [ -115.147151, 35.412798 ], [ -115.124157, 35.394335 ], [ -115.103264, 35.377534 ], [ -115.084002, 35.363394 ], [ -115.043266, 35.330606 ], [ -114.994666, 35.292511 ], [ -114.948153772976994, 35.255228477899898 ], [ -114.947620196418995, 35.254800782192802 ], [ -114.92548, 35.237054 ], [ -114.887097, 35.206511 ], [ -114.849453348490002, 35.1764943690671 ], [ -114.849034517979007, 35.1761603982549 ], [ -114.827811, 35.159237 ], [ -114.787878, 35.127253 ], [ -114.717522, 35.070016 ], [ -114.675370870427997, 35.035828115898298 ], [ -114.653752742578007, 35.0182941124934 ], [ -114.653691062424997, 35.018244085034098 ], [ -114.633487, 35.001857 ], [ -114.631807, 34.998632 ], [ -114.629443, 34.991825 ], [ -114.629152, 34.985873 ], [ -114.629771088791003, 34.9817058354474 ], [ -114.629907, 34.980791 ], [ -114.634607, 34.96906 ], [ -114.635237, 34.965149 ], [ -114.634953, 34.958918 ], [ -114.632290277883001, 34.952726682803302 ], [ -114.631681, 34.95131 ], [ -114.629811, 34.94481 ], [ -114.629769, 34.94304 ], [ -114.629753, 34.938684 ], [ -114.632196, 34.930628 ], [ -114.632716760567007, 34.927662078890201 ], [ -114.632766990359002, 34.927376001928202 ], [ -114.632768590297999, 34.927366889691903 ], [ -114.633253, 34.924608 ], [ -114.633251687981002, 34.924331 ], [ -114.633247775238999, 34.923504922319601 ], [ -114.633247477172006, 34.923441993003301 ], [ -114.633237, 34.92123 ], [ -114.630552, 34.911852 ], [ -114.630625087379997, 34.910820006188402 ], [ -114.630877, 34.907263 ], [ -114.635425, 34.895192 ], [ -114.636725, 34.889107 ], [ -114.636768, 34.885705 ], [ -114.635176, 34.875003 ], [ -114.635126349179998, 34.874870868788797 ], [ -114.634382, 34.87289 ], [ -114.630682, 34.866352 ], [ -114.630314500680996, 34.8659915312926 ], [ -114.623939, 34.859738 ], [ -114.619878, 34.856873 ], [ -114.604255, 34.849573 ], [ -114.602354216847004, 34.848405722838599 ], [ -114.600653, 34.847361 ], [ -114.598631673246004, 34.845851690823899 ], [ -114.598554132904994, 34.8457937920465 ], [ -114.592339, 34.841153 ], [ -114.591724351818002, 34.840540140860902 ], [ -114.586842, 34.835672 ], [ -114.581126, 34.826115 ], [ -114.576452, 34.8153 ], [ -114.575030131017002, 34.8080856950277 ], [ -114.574569, 34.805746 ], [ -114.57101, 34.794294 ], [ -114.565923421574993, 34.785879349505599 ], [ -114.561515335368, 34.778587118523497 ], [ -114.558653, 34.773852 ], [ -114.552682, 34.766871 ], [ -114.546884, 34.761802 ], [ -114.540306, 34.757109 ], [ -114.529615, 34.750822 ], [ -114.522619, 34.74373 ], [ -114.521048, 34.741173 ], [ -114.516619, 34.736745 ], [ -114.495858, 34.727956 ], [ -114.490971, 34.724848 ], [ -114.487758259776996, 34.717220177270399 ], [ -114.487508, 34.716626 ], [ -114.486689718983001, 34.716260031645 ], [ -114.485191989632, 34.715590186523997 ], [ -114.484810793166005, 34.715419700052102 ], [ -114.482779, 34.714511 ], [ -114.473682, 34.713964 ], [ -114.47162, 34.712966 ], [ -114.470477, 34.711368 ], [ -114.46862, 34.707573 ], [ -114.46809, 34.701786 ], [ -114.465246, 34.691202 ], [ -114.462178, 34.6858 ], [ -114.455346, 34.676842 ], [ -114.454305, 34.671234 ], [ -114.451532, 34.668605 ], [ -114.450506, 34.666836 ], [ -114.451014, 34.664911 ], [ -114.457185, 34.659992 ], [ -114.458182, 34.657885 ], [ -114.457028, 34.656266 ], [ -114.452547, 34.653494 ], [ -114.449549, 34.651423 ], [ -114.444276, 34.646542 ], [ -114.441465, 34.64253 ], [ -114.440294, 34.63824 ], [ -114.441525, 34.631529 ], [ -114.441398, 34.630171 ], [ -114.438990455633004, 34.6222792524634 ], [ -114.438739, 34.621455 ], [ -114.428648, 34.614641 ], [ -114.424202, 34.610453 ], [ -114.424326, 34.602338 ], [ -114.427502, 34.599227 ], [ -114.436363, 34.596797 ], [ -114.436466, 34.5954 ], [ -114.434386, 34.592572 ], [ -114.422382, 34.580711 ], [ -114.405228, 34.569637 ], [ -114.399609352414004, 34.560052036710701 ], [ -114.389603, 34.542982 ], [ -114.382228976316, 34.531828000456599 ], [ -114.380838, 34.529724 ], [ -114.380328787430997, 34.527153012024897 ], [ -114.378223, 34.516521 ], [ -114.378124, 34.507288 ], [ -114.379696094118003, 34.503429223529402 ], [ -114.381402, 34.499242 ], [ -114.382358, 34.495757 ], [ -114.383038, 34.488903 ], [ -114.381555, 34.477883 ], [ -114.381684204359999, 34.4762520161892 ], [ -114.381701, 34.47604 ], [ -114.383525, 34.470405 ], [ -114.387187, 34.462021 ], [ -114.387407, 34.460492 ], [ -114.386699, 34.457911 ], [ -114.378852, 34.450376 ], [ -114.375789, 34.447798 ], [ -114.373719, 34.446938 ], [ -114.363404, 34.447773 ], [ -114.356025, 34.449744 ], [ -114.342615, 34.451442 ], [ -114.339627, 34.451435 ], [ -114.335372, 34.450038 ], [ -114.332991, 34.448082 ], [ -114.330669, 34.445295 ], [ -114.326487292292995, 34.437884192158599 ], [ -114.32613, 34.437251 ], [ -114.319054, 34.435831 ], [ -114.312251, 34.432726 ], [ -114.301016, 34.426807 ], [ -114.294836, 34.421389 ], [ -114.292226, 34.417606 ], [ -114.291751, 34.411104 ], [ -114.290219, 34.408291 ], [ -114.288663, 34.406623 ], [ -114.286802, 34.40534 ], [ -114.280108, 34.403147 ], [ -114.267521, 34.402486 ], [ -114.264317, 34.401329 ], [ -114.252739, 34.3901 ], [ -114.248649, 34.388113 ], [ -114.245261, 34.385659 ], [ -114.234275, 34.376662 ], [ -114.229686, 34.368908 ], [ -114.226107, 34.365916 ], [ -114.213774, 34.36246 ], [ -114.199482, 34.361373 ], [ -114.193270305748996, 34.357486618093702 ], [ -114.191094, 34.356125 ], [ -114.185556, 34.354386 ], [ -114.181145, 34.352186 ], [ -114.176909, 34.349306 ], [ -114.172845, 34.344979 ], [ -114.168807, 34.339513 ], [ -114.157206, 34.317862 ], [ -114.14093, 34.305919 ], [ -114.138282, 34.30323 ], [ -114.138167, 34.300936 ], [ -114.139534, 34.295844 ], [ -114.138365, 34.288564 ], [ -114.13605, 34.280833 ], [ -114.137045, 34.277018 ], [ -114.136671, 34.274377 ], [ -114.134768, 34.268965 ], [ -114.131211, 34.26273 ], [ -114.131489, 34.260387 ], [ -114.133264, 34.258462 ], [ -114.13545, 34.257886 ], [ -114.144779, 34.259623 ], [ -114.153346, 34.258289 ], [ -114.156853, 34.258415 ], [ -114.162419, 34.259418 ], [ -114.164628, 34.258999 ], [ -114.164808, 34.257242 ], [ -114.163867, 34.253349 ], [ -114.166536, 34.249647 ], [ -114.174597, 34.247303 ], [ -114.175906, 34.245587 ], [ -114.175948, 34.242695 ], [ -114.176403, 34.241512 ], [ -114.17805, 34.239969 ], [ -114.178270340930993, 34.239812479945201 ], [ -114.190876, 34.230858 ], [ -114.208253, 34.215505 ], [ -114.211761, 34.211539 ], [ -114.215454, 34.208956 ], [ -114.223384, 34.205136 ], [ -114.225194, 34.203642 ], [ -114.225861, 34.201774 ], [ -114.224941, 34.193896 ], [ -114.227034, 34.188866 ], [ -114.229023580323002, 34.187427802810099 ], [ -114.229715, 34.186928 ], [ -114.240712, 34.183232 ], [ -114.244191, 34.179625 ], [ -114.254141, 34.173831 ], [ -114.268267, 34.17021 ], [ -114.275267, 34.17215 ], [ -114.287294, 34.170529 ], [ -114.292806, 34.166725 ], [ -114.298672831608997, 34.160087315103802 ], [ -114.299024281792995, 34.159689687264802 ], [ -114.299032171974005, 34.159680760378897 ], [ -114.302188, 34.156110282577302 ], [ -114.312206, 34.144776 ], [ -114.320777, 34.138635 ], [ -114.324576, 34.136759 ], [ -114.331677818515999, 34.1350820449343 ], [ -114.336112, 34.134035 ], [ -114.348052, 34.134458 ], [ -114.353031, 34.133121 ], [ -114.356373, 34.130429 ], [ -114.360402, 34.123577 ], [ -114.366521, 34.118575 ], [ -114.369297, 34.117517 ], [ -114.379234, 34.115988 ], [ -114.390565, 34.110084 ], [ -114.401352, 34.111652 ], [ -114.405941, 34.11154 ], [ -114.407995742576006, 34.110999824643301 ], [ -114.410112035843994, 34.110443468103 ], [ -114.411681, 34.110031 ], [ -114.415908, 34.107636 ], [ -114.420499, 34.103466 ], [ -114.426168, 34.097042 ], [ -114.428026, 34.092787 ], [ -114.43338, 34.088413 ], [ -114.434181, 34.087379 ], [ -114.434324512725993, 34.086499064597 ], [ -114.435429, 34.079727 ], [ -114.437683, 34.071937 ], [ -114.43934, 34.057893 ], [ -114.439406, 34.05381 ], [ -114.438602, 34.050205 ], [ -114.435504, 34.042615 ], [ -114.434949, 34.037784 ], [ -114.436171, 34.028083 ], [ -114.438266, 34.022609 ], [ -114.44054, 34.019329 ], [ -114.443821, 34.016176 ], [ -114.450206, 34.012574 ], [ -114.454807, 34.010968 ], [ -114.463336, 34.012259 ], [ -114.464525, 34.011982 ], [ -114.465867, 34.010987 ], [ -114.467404, 34.00745 ], [ -114.46731, 34.00519 ], [ -114.46628, 34.003885 ], [ -114.460965, 34.001255 ], [ -114.459184, 34.000016 ], [ -114.458175286550997, 33.998103102993497 ], [ -114.458026, 33.99782 ], [ -114.458629, 33.995555 ], [ -114.46012, 33.993888 ], [ -114.462255, 33.993442 ], [ -114.466187, 33.993465 ], [ -114.467932, 33.992877 ], [ -114.471138, 33.98804 ], [ -114.475907, 33.984424 ], [ -114.481455, 33.981261 ], [ -114.482333, 33.980181 ], [ -114.483097, 33.977745 ], [ -114.484784, 33.975519 ], [ -114.495047, 33.966835 ], [ -114.499883, 33.961789 ], [ -114.509568, 33.957264 ], [ -114.511231, 33.95704 ], [ -114.51586, 33.958106 ], [ -114.522002, 33.955623 ], [ -114.52868, 33.947817 ], [ -114.535478, 33.934651 ], [ -114.535765, 33.927604 ], [ -114.534572, 33.925379 ], [ -114.533682207240005, 33.925133792846999 ], [ -114.528385, 33.923674 ], [ -114.525361, 33.922272 ], [ -114.518434, 33.917518 ], [ -114.511511, 33.911092 ], [ -114.508558, 33.906098 ], [ -114.50792, 33.903807 ], [ -114.507988, 33.901813 ], [ -114.508708, 33.90064 ], [ -114.510944, 33.899099 ], [ -114.513715, 33.897959 ], [ -114.516344, 33.897918 ], [ -114.522943, 33.901131 ], [ -114.525053, 33.901641 ], [ -114.525872, 33.901008 ], [ -114.524782, 33.89563 ], [ -114.523634, 33.893638 ], [ -114.516112, 33.886132 ], [ -114.510138, 33.880777 ], [ -114.50434, 33.876882 ], [ -114.503395, 33.875018 ], [ -114.503017, 33.867998 ], [ -114.503887, 33.865754 ], [ -114.505638, 33.864276 ], [ -114.514673, 33.858638 ], [ -114.516811, 33.85812 ], [ -114.523625, 33.860054 ], [ -114.52791, 33.85892 ], [ -114.529494873486996, 33.856875001952297 ], [ -114.530607, 33.85544 ], [ -114.530545800514005, 33.854993001374702 ], [ -114.529597, 33.848063 ], [ -114.525539, 33.838614 ], [ -114.523409, 33.835323 ], [ -114.520465, 33.827778 ], [ -114.51997, 33.825381 ], [ -114.520733, 33.822031 ], [ -114.522714, 33.818979 ], [ -114.527161, 33.816191 ], [ -114.52805, 33.814963 ], [ -114.520094, 33.799473 ], [ -114.516734, 33.788345 ], [ -114.507089, 33.76793 ], [ -114.504863, 33.760465 ], [ -114.504829854199002, 33.760206171218101 ], [ -114.50434, 33.756381 ], [ -114.504483, 33.750998 ], [ -114.506, 33.746344 ], [ -114.508206, 33.741587 ], [ -114.511914054810006, 33.734986447582202 ], [ -114.512348, 33.734214 ], [ -114.510265, 33.732146 ], [ -114.506799, 33.730518 ], [ -114.504176, 33.728055 ], [ -114.502661, 33.724584 ], [ -114.500788, 33.722204 ], [ -114.496565, 33.719155 ], [ -114.494901, 33.71443 ], [ -114.494197, 33.707922 ], [ -114.495719, 33.698454 ], [ -114.496489, 33.696901 ], [ -114.504993, 33.693022 ], [ -114.509861047366996, 33.691879820601599 ], [ -114.512409, 33.691282 ], [ -114.519113, 33.688473 ], [ -114.523959, 33.685879 ], [ -114.527782, 33.682684 ], [ -114.530348, 33.679245 ], [ -114.531037898226998, 33.676815971094101 ], [ -114.531523, 33.675108 ], [ -114.532123, 33.669702 ], [ -114.530267, 33.666821 ], [ -114.526439, 33.66388 ], [ -114.520671, 33.662681 ], [ -114.519739017942001, 33.662732325789101 ], [ -114.517112, 33.662877 ], [ -114.515336, 33.662033 ], [ -114.514057, 33.660179 ], [ -114.514559, 33.658014 ], [ -114.518337, 33.655927 ], [ -114.525163, 33.655939 ], [ -114.530583, 33.654461 ], [ -114.533194, 33.65166 ], [ -114.533215, 33.648443 ], [ -114.529549, 33.643861 ], [ -114.528546558055993, 33.643090892975799 ], [ -114.525394, 33.640669 ], [ -114.524862165791006, 33.638674955781703 ], [ -114.523802, 33.6347 ], [ -114.52637, 33.630259 ], [ -114.530311, 33.629037 ], [ -114.531085, 33.627915 ], [ -114.531215, 33.623913 ], [ -114.52908, 33.621711 ], [ -114.527735, 33.618473 ], [ -114.522367, 33.614172 ], [ -114.522071, 33.611277 ], [ -114.526782, 33.608831 ], [ -114.529186, 33.60665 ], [ -114.530613187818005, 33.604747499083402 ], [ -114.530747305600002, 33.604568714484003 ], [ -114.532699779218007, 33.601965985677701 ], [ -114.540617, 33.591412 ], [ -114.5403, 33.580615 ], [ -114.535965, 33.569154 ], [ -114.535776659747995, 33.568924988265202 ], [ -114.535664, 33.568788 ], [ -114.526834, 33.557466 ], [ -114.524391, 33.553683 ], [ -114.524599, 33.552231 ], [ -114.542011, 33.542481 ], [ -114.558898, 33.531819 ], [ -114.559507, 33.530724 ], [ -114.560835, 33.524334 ], [ -114.560552, 33.518272 ], [ -114.560963, 33.516739 ], [ -114.569533, 33.509219 ], [ -114.573757, 33.507543 ], [ -114.580468, 33.506465 ], [ -114.588239, 33.502453 ], [ -114.591554, 33.499443 ], [ -114.597283, 33.490653 ], [ -114.598758574829006, 33.486804360796597 ], [ -114.599713, 33.484315 ], [ -114.601696, 33.481394 ], [ -114.607843, 33.474834 ], [ -114.612472, 33.470768 ], [ -114.622918, 33.456561 ], [ -114.623395, 33.45449 ], [ -114.622283, 33.447558 ], [ -114.627125, 33.433554 ], [ -114.62964, 33.428138 ], [ -114.635183, 33.422726 ], [ -114.641011979289999, 33.418431982863098 ], [ -114.643302, 33.416745 ], [ -114.64954, 33.413633 ], [ -114.652828, 33.412922 ], [ -114.658382, 33.413036 ], [ -114.673901, 33.418299 ], [ -114.687953, 33.417944 ], [ -114.695655, 33.415127 ], [ -114.696504, 33.414059 ], [ -114.696805, 33.412087 ], [ -114.697707, 33.410942 ], [ -114.701732, 33.408388 ], [ -114.710878, 33.407254 ], [ -114.720065, 33.407891 ], [ -114.723829, 33.406531 ], [ -114.725282, 33.405048 ], [ -114.725535, 33.404056 ], [ -114.725292, 33.402342 ], [ -114.722872, 33.398779 ], [ -114.713602, 33.388257 ], [ -114.708408, 33.384147 ], [ -114.70731, 33.382542 ], [ -114.707009, 33.380634 ], [ -114.707348, 33.376628 ], [ -114.699053, 33.361148 ], [ -114.69817, 33.356575 ], [ -114.698035, 33.352442 ], [ -114.700938, 33.337014 ], [ -114.705241, 33.327767 ], [ -114.707962, 33.323421 ], [ -114.710792, 33.320607 ], [ -114.723623, 33.31211 ], [ -114.729904, 33.305745 ], [ -114.731222, 33.304039 ], [ -114.731223, 33.302434 ], [ -114.723259, 33.288079 ], [ -114.72167, 33.286982 ], [ -114.717875, 33.285157 ], [ -114.711197, 33.283342 ], [ -114.702873, 33.281916 ], [ -114.694449, 33.279786 ], [ -114.684363, 33.276025 ], [ -114.680507, 33.273577 ], [ -114.677032, 33.27017 ], [ -114.672401, 33.26047 ], [ -114.672088, 33.258499 ], [ -114.674491, 33.255597 ], [ -114.688205, 33.247966 ], [ -114.689541, 33.246428 ], [ -114.689421, 33.24525 ], [ -114.682731, 33.234918 ], [ -114.678097, 33.2303 ], [ -114.674479, 33.225504 ], [ -114.673626, 33.223121 ], [ -114.673715, 33.219245 ], [ -114.676072, 33.210835 ], [ -114.678749, 33.203448 ], [ -114.678178, 33.199584 ], [ -114.67519, 33.188179 ], [ -114.67536, 33.185489 ], [ -114.675831, 33.18152 ], [ -114.679034, 33.174738 ], [ -114.680248, 33.169717 ], [ -114.678729, 33.162948 ], [ -114.679359, 33.159519 ], [ -114.682253, 33.155214 ], [ -114.684489, 33.148121 ], [ -114.687074, 33.142196 ], [ -114.689995, 33.137883 ], [ -114.696829, 33.131209 ], [ -114.703682, 33.113769 ], [ -114.706175, 33.105335 ], [ -114.707896, 33.097432 ], [ -114.707819, 33.091102 ], [ -114.706488, 33.08816 ], [ -114.70473, 33.087051 ], [ -114.701165, 33.086368 ], [ -114.694628, 33.086226 ], [ -114.692548, 33.085786 ], [ -114.68902, 33.084036 ], [ -114.688597, 33.082869 ], [ -114.689307, 33.079179 ], [ -114.68912, 33.076122 ], [ -114.686991, 33.070969 ], [ -114.674296, 33.057171 ], [ -114.675104, 33.047532 ], [ -114.673659, 33.041897 ], [ -114.670803, 33.037984 ], [ -114.66506, 33.033908 ], [ -114.662317, 33.032671 ], [ -114.659832, 33.032665 ], [ -114.657827, 33.033825 ], [ -114.655038, 33.037107 ], [ -114.649001, 33.046763 ], [ -114.64598, 33.048903 ], [ -114.641622, 33.046896 ], [ -114.639553, 33.045291 ], [ -114.63419, 33.039025 ], [ -114.628293, 33.031052 ], [ -114.625787, 33.029436 ], [ -114.618788, 33.027202 ], [ -114.601014, 33.02541 ], [ -114.589778, 33.026228 ], [ -114.586982, 33.026945 ], [ -114.584765, 33.028231 ], [ -114.581404, 33.032545 ], [ -114.578287, 33.035375 ], [ -114.575161, 33.036542 ], [ -114.571653, 33.036624 ], [ -114.553189, 33.033974 ], [ -114.538459, 33.033422 ], [ -114.523578, 33.030961 ], [ -114.52013, 33.029984 ], [ -114.516877541008995, 33.027832277608098 ], [ -114.5149, 33.026524 ], [ -114.511343, 33.023455 ], [ -114.50613, 33.01701 ], [ -114.502871, 33.011153 ], [ -114.499797, 33.003905 ], [ -114.497315, 32.991474 ], [ -114.495712, 32.980076 ], [ -114.494212, 32.974262 ], [ -114.492938, 32.971781 ], [ -114.490129, 32.969885 ], [ -114.488625, 32.969946 ], [ -114.481315, 32.972064 ], [ -114.480417, 32.973665 ], [ -114.476156, 32.975168 ], [ -114.470988, 32.97406 ], [ -114.470625420779001, 32.973731650936102 ], [ -114.469039, 32.972295 ], [ -114.467664, 32.966861 ], [ -114.467485817778993, 32.964049175465597 ], [ -114.467272, 32.960675 ], [ -114.46773, 32.956323 ], [ -114.469113, 32.952673 ], [ -114.470833, 32.949333 ], [ -114.474042, 32.94515 ], [ -114.478456, 32.940555 ], [ -114.48074, 32.937027 ], [ -114.48092, 32.935252 ], [ -114.479005, 32.928291 ], [ -114.47664, 32.923628 ], [ -114.473713, 32.920594 ], [ -114.464448, 32.913129 ], [ -114.46365, 32.911682 ], [ -114.462929, 32.907944 ], [ -114.463127, 32.901884 ], [ -114.465293247293999, 32.883080839565302 ], [ -114.465715, 32.87942 ], [ -114.465715, 32.879191 ], [ -114.465546, 32.874809 ], [ -114.468971, 32.845155 ], [ -114.475892, 32.838694 ], [ -114.489291879438994, 32.827366160741597 ], [ -114.489296303741, 32.827362420575099 ], [ -114.490040327814, 32.826733445879 ], [ -114.490067635030996, 32.826710361210999 ], [ -114.494116, 32.823288 ], [ -114.496284, 32.822326 ], [ -114.496827, 32.822119 ], [ -114.501581243282004, 32.820094452188599 ], [ -114.510217, 32.816417 ], [ -114.515389, 32.811439 ], [ -114.519758, 32.805676 ], [ -114.520385, 32.803577 ], [ -114.522031, 32.801675 ], [ -114.528849, 32.796307 ], [ -114.530755, 32.793485 ], [ -114.531669, 32.791185 ], [ -114.531746, 32.782503 ], [ -114.532432, 32.776923 ], [ -114.531831, 32.774264 ], [ -114.528443, 32.767276 ], [ -114.527371316523997, 32.760400208473399 ], [ -114.526856, 32.757094 ], [ -114.539093, 32.756949 ], [ -114.539224, 32.749812 ], [ -114.55150196065, 32.749686411693801 ], [ -114.551514371148002, 32.749686284749799 ], [ -114.564447, 32.749554 ], [ -114.564508, 32.742298 ], [ -114.581736, 32.742321 ], [ -114.581784, 32.734946 ], [ -114.583103106428993, 32.7349276512223 ], [ -114.583170146883006, 32.734926718689202 ], [ -114.612697, 32.734516 ], [ -114.614772, 32.734089 ], [ -114.615733, 32.729427 ], [ -114.615585, 32.728446 ], [ -114.615669227736007, 32.728439927627399 ], [ -114.618373, 32.728245 ], [ -114.624329564017998, 32.729327444142399 ], [ -114.624496409513995, 32.729357763791398 ], [ -114.624508461554001, 32.729359953923201 ], [ -114.629294690134003, 32.730229721305001 ], [ -114.632686, 32.730846 ], [ -114.64601, 32.732384506764603 ], [ -114.646102318402995, 32.732395166663103 ], [ -114.650371261603993, 32.732888096563499 ], [ -114.65826, 32.733799 ], [ -114.65884, 32.73383 ], [ -114.665487719767995, 32.734134229403502 ], [ -114.667493, 32.734226 ], [ -114.677091, 32.736218 ], [ -114.678632, 32.736614 ], [ -114.684278, 32.737537 ], [ -114.688779, 32.737675 ], [ -114.69879, 32.744846 ], [ -114.700743, 32.745617 ], [ -114.701918, 32.745548 ], [ -114.705717, 32.741581 ], [ -114.714522, 32.73039 ], [ -114.715788, 32.727758 ], [ -114.717665, 32.721654 ], [ -114.719633, 32.718763 ], [ -114.726512453846993, 32.718295992130798 ], [ -114.736808031647996, 32.717597082601301 ], [ -114.983617687375997, 32.700842547432501 ], [ -115.000802, 32.699676 ], [ -115.331508405948, 32.676476229389699 ], [ -115.335550281550994, 32.676192683062403 ], [ -115.370079243934001, 32.673770401569499 ], [ -115.465164, 32.6671 ], [ -115.465213528288004, 32.667096273640702 ], [ -115.473603628860005, 32.666465027717102 ], [ -115.482558071056999, 32.665791322427602 ], [ -115.490450035221002, 32.665197554788598 ], [ -115.496764128360994, 32.664722501418098 ], [ -115.499138852460007, 32.664543834321798 ], [ -115.531054042746007, 32.662142631428601 ], [ -115.533478047147, 32.661960256630699 ], [ -115.662211216554994, 32.6522747602869 ], [ -115.691995548186995, 32.650033876787703 ], [ -115.851003533460002, 32.638070594386697 ], [ -116.04662, 32.623353 ], [ -116.106173784948993, 32.6186419785708 ], [ -116.115427, 32.61791 ], [ -116.125848, 32.616673 ], [ -116.157379108672998, 32.614323666822202 ], [ -116.209004063253005, 32.610477172876998 ], [ -116.211033, 32.610326 ], [ -116.270958237138998, 32.605493765304601 ], [ -116.389778376859994, 32.595912379747098 ], [ -116.417143927526993, 32.593705684042597 ], [ -116.439418301445997, 32.591909529240198 ], [ -116.457208468285998, 32.590474970687801 ], [ -116.535596171495996, 32.584153964760802 ], [ -116.540643, 32.583747 ], [ -116.62705, 32.576261 ], [ -116.690771712472994, 32.571054242890597 ], [ -116.757338250372001, 32.565615032596199 ], [ -116.822226403111998, 32.560312964627599 ], [ -116.853117381005006, 32.557788835684498 ], [ -116.857154, 32.557459 ], [ -116.892825, 32.554087660089401 ], [ -116.927994056613997, 32.550763759885299 ], [ -116.928055, 32.550758 ], [ -116.945956, 32.550058 ], [ -117.026358, 32.542457 ], [ -117.029867239444002, 32.542206346925802 ], [ -117.039964296414993, 32.541485148383799 ], [ -117.062632361813002, 32.539866045336197 ], [ -117.062759, 32.539857 ], [ -117.066733510808007, 32.539503196824803 ], [ -117.118880446092007, 32.534861178681098 ], [ -117.123668, 32.534435 ], [ -117.125888, 32.551079 ], [ -117.128632, 32.555319 ], [ -117.133064, 32.566786 ], [ -117.132494, 32.576547 ], [ -117.132476846109, 32.579572 ], [ -117.132452045700006, 32.583945423828197 ], [ -117.132442521753006, 32.585624922542102 ], [ -117.132378, 32.597003 ], [ -117.133617800034003, 32.605431498028899 ], [ -117.134164122273006, 32.609145545284598 ], [ -117.134693, 32.612741 ], [ -117.134700103962999, 32.612768691388702 ], [ -117.136225051535007, 32.6187129672212 ], [ -117.137270139668004, 32.622786741459002 ], [ -117.137723, 32.624552 ], [ -117.138735271670996, 32.626794070768902 ], [ -117.143300188365004, 32.636904860757802 ], [ -117.143409829345998, 32.637147703509299 ], [ -117.147528, 32.646269 ], [ -117.160719, 32.66568 ], [ -117.172069896335998, 32.6741727850996 ], [ -117.177030788669995, 32.677884544174802 ], [ -117.181041, 32.680885 ], [ -117.188473668613, 32.684397986549598 ], [ -117.193103, 32.686586 ], [ -117.193530543986995, 32.686614453359603 ], [ -117.195019124986004, 32.686713519494901 ], [ -117.204207312836004, 32.687325 ], [ -117.212652, 32.687887 ], [ -117.223526, 32.683686 ], [ -117.223758286728, 32.683460656475802 ], [ -117.236239, 32.671353 ], [ -117.237294, 32.667489 ], [ -117.243128, 32.66454 ], [ -117.246319, 32.674323 ], [ -117.25459, 32.700248 ], [ -117.255434714600995, 32.707559506977603 ], [ -117.256091572208007, 32.713245 ], [ -117.256306, 32.715101 ], [ -117.255444, 32.715829 ], [ -117.256844, 32.71967 ], [ -117.257487, 32.725254 ], [ -117.256841305872996, 32.725904355057096 ], [ -117.255409, 32.727347 ], [ -117.256628, 32.731721 ], [ -117.255881, 32.735578 ], [ -117.255504346026001, 32.736726350750999 ], [ -117.255287, 32.737389 ], [ -117.255170778511001, 32.740231305621897 ], [ -117.255119847101994, 32.741476881022699 ], [ -117.255074920217993, 32.742575610137699 ], [ -117.255064489247999, 32.742830709303902 ], [ -117.255026, 32.743772 ], [ -117.25532, 32.744432 ], [ -117.254703711725, 32.746505132756198 ], [ -117.254633, 32.746743 ], [ -117.254254217357001, 32.746993316332002 ], [ -117.254233698378997, 32.747006876180897 ], [ -117.253537906014998, 32.747466686563399 ], [ -117.253259, 32.747651 ], [ -117.252049, 32.7512 ], [ -117.252236975344005, 32.752740504220199 ], [ -117.252412406152999, 32.754178202886301 ], [ -117.253014538895997, 32.759112828952297 ], [ -117.253227, 32.760854 ], [ -117.253246388196004, 32.7634461232905 ], [ -117.253257798801002, 32.764971674899499 ], [ -117.253277274108001, 32.767575444454998 ], [ -117.253303016722995, 32.771017127685298 ], [ -117.253375, 32.780641 ], [ -117.253627442937002, 32.781851629326901 ], [ -117.254140680556006, 32.7843129400731 ], [ -117.254550818978998, 32.786279822607497 ], [ -117.255448575702999, 32.790585154465099 ], [ -117.256091, 32.793666 ], [ -117.257213673115999, 32.796176199243803 ], [ -117.257270627512, 32.796303544309197 ], [ -117.259323135339997, 32.800892772931903 ], [ -117.259817501615004, 32.801998132838101 ], [ -117.260084, 32.802594 ], [ -117.262227743205997, 32.805094942431403 ], [ -117.263997, 32.807159 ], [ -117.265307, 32.808002 ], [ -117.267211, 32.80769 ], [ -117.268868, 32.809 ], [ -117.269758, 32.811244 ], [ -117.271627231167997, 32.813339324614901 ], [ -117.271707145839002, 32.813428905389898 ], [ -117.272354, 32.814154 ], [ -117.27317, 32.814237 ], [ -117.273602, 32.815737 ], [ -117.272871, 32.816775 ], [ -117.273757, 32.818127 ], [ -117.274651, 32.818688 ], [ -117.276003, 32.818682 ], [ -117.280576, 32.821945 ], [ -117.279679, 32.825907 ], [ -117.279798034877004, 32.826281387370798 ], [ -117.281212919224004, 32.830731468267501 ], [ -117.281883, 32.832839 ], [ -117.281217, 32.836757 ], [ -117.281761574472995, 32.838351294626598 ], [ -117.28217, 32.839547 ], [ -117.28117, 32.843047 ], [ -117.27909, 32.844399 ], [ -117.278752218969004, 32.845148610156301 ], [ -117.278091, 32.846616 ], [ -117.27494, 32.850215 ], [ -117.272864, 32.850555 ], [ -117.267381, 32.848575 ], [ -117.266300783797007, 32.848631342883102 ], [ -117.264486, 32.848726 ], [ -117.26067, 32.852647 ], [ -117.25617, 32.859447 ], [ -117.254910340281995, 32.863617593364602 ], [ -117.25167, 32.874346 ], [ -117.251314, 32.87857 ], [ -117.252762, 32.884412 ], [ -117.253679, 32.903835 ], [ -117.25865, 32.916031 ], [ -117.259390881303005, 32.921593243849799 ], [ -117.260276503141, 32.928242142402503 ], [ -117.261153897789995, 32.934829274470701 ], [ -117.261713898943, 32.939033541683798 ], [ -117.261748606121003, 32.939294109450898 ], [ -117.261806, 32.939725 ], [ -117.268023, 32.957257 ], [ -117.269092, 32.969333 ], [ -117.270558095953007, 32.974683894841199 ], [ -117.270970456745999, 32.976188911779197 ], [ -117.271552928066995, 32.978314790908101 ], [ -117.272052792200995, 32.9801391738307 ], [ -117.274937574053993, 32.990667928313599 ], [ -117.277549, 33.000199 ], [ -117.277639592902005, 33.000711732890103 ], [ -117.278856720646999, 33.007600367793998 ], [ -117.279524, 33.011377 ], [ -117.280766683756994, 33.014432867464002 ], [ -117.281846, 33.017087 ], [ -117.289339, 33.030164 ], [ -117.290419698356999, 33.0319162358768 ], [ -117.291695, 33.033984 ], [ -117.294022, 33.035683 ], [ -117.294477610651995, 33.036239828552603 ], [ -117.295773, 33.037823 ], [ -117.29763, 33.045006 ], [ -117.298780317270996, 33.048110167747801 ], [ -117.300345405010006, 33.052333606799102 ], [ -117.30376, 33.061548 ], [ -117.305134635366997, 33.064648727161803 ], [ -117.309445167809002, 33.074371876549598 ], [ -117.309842, 33.075267 ], [ -117.31136619566, 33.081969567389699 ], [ -117.312063531365993, 33.085036063173099 ], [ -117.312504, 33.086973 ], [ -117.312706593458998, 33.087376728537301 ], [ -117.312731970230999, 33.087427299404503 ], [ -117.312890142705001, 33.0877425057379 ], [ -117.315838, 33.093617 ], [ -117.321254241608003, 33.105826361822899 ], [ -117.323170166257, 33.110145263925403 ], [ -117.328208240061002, 33.121502154998304 ], [ -117.328359, 33.121842 ], [ -117.336686, 33.132248 ], [ -117.341915, 33.143313 ], [ -117.343567111260001, 33.145417047491797 ], [ -117.345256649234997, 33.147568759805097 ], [ -117.349339415463007, 33.152768369692303 ], [ -117.349435294789004, 33.152890476877801 ], [ -117.350945386497997, 33.154813655267802 ], [ -117.358475, 33.164403 ], [ -117.358657442720997, 33.164615038186099 ], [ -117.365890460092004, 33.173021380053299 ], [ -117.369119867376, 33.176774654829899 ], [ -117.379865762264998, 33.189263725639101 ], [ -117.380372721005998, 33.189852922135302 ], [ -117.387910013652004, 33.198612898157201 ], [ -117.39148, 33.202762 ], [ -117.396957886812999, 33.207600733955999 ], [ -117.397008, 33.207645 ], [ -117.399453, 33.206848 ], [ -117.399681, 33.20587 ], [ -117.402384667017998, 33.205604651113703 ], [ -117.40286, 33.205558 ], [ -117.40301, 33.206245 ], [ -117.40577, 33.20921 ], [ -117.405692, 33.213847 ], [ -117.403973, 33.215688 ], [ -117.431433070945005, 33.250551929054701 ], [ -117.436397053380006, 33.2568543137711 ], [ -117.445583, 33.268517 ], [ -117.469794, 33.296417 ], [ -117.505919, 33.333253 ], [ -117.547834, 33.364878 ], [ -117.560396, 33.370519 ], [ -117.568996, 33.375296 ], [ -117.571722, 33.378988 ], [ -117.575177, 33.380522 ], [ -117.580399, 33.380939 ], [ -117.582126, 33.381772 ], [ -117.587721, 33.382848 ], [ -117.594043, 33.385858 ], [ -117.595996031480993, 33.387788434422703 ], [ -117.596463, 33.38825 ], [ -117.600315, 33.397157 ], [ -117.606784876687996, 33.404801865787299 ], [ -117.612495, 33.411549 ], [ -117.619899484043003, 33.419544312123499 ], [ -117.62217, 33.421996 ], [ -117.627271, 33.42587 ], [ -117.631533, 33.430613 ], [ -117.631634445797005, 33.430692060225603 ], [ -117.633695348607006, 33.432298193214898 ], [ -117.642595, 33.439234 ], [ -117.644837607217994, 33.440355679003801 ], [ -117.645428914644995, 33.440651431697098 ], [ -117.645582, 33.440728 ], [ -117.645590475743006, 33.440734468267202 ], [ -117.645716269445003, 33.4408304677929 ], [ -117.650688133729005, 33.444624748468499 ], [ -117.652692, 33.446154 ], [ -117.658067, 33.44955 ], [ -117.663589, 33.451981 ], [ -117.669914070165007, 33.455933200334997 ], [ -117.673385, 33.458102 ], [ -117.676481876999006, 33.459582339633599 ], [ -117.679112083367002, 33.460839605818897 ], [ -117.681025, 33.461754 ], [ -117.684264212833, 33.461911455414501 ], [ -117.684584, 33.461927 ], [ -117.68942, 33.461658 ], [ -117.689933, 33.457846 ], [ -117.691984, 33.456627 ], [ -117.691353, 33.454355 ], [ -117.691384, 33.454028 ], [ -117.694693, 33.455604 ], [ -117.704675, 33.457878 ], [ -117.707093, 33.460285 ], [ -117.70855, 33.46063 ], [ -117.709652, 33.460332 ], [ -117.713370543169006, 33.460018938359603 ], [ -117.714617, 33.459914 ], [ -117.715349, 33.460556 ], [ -117.715657, 33.461675 ], [ -117.715688, 33.462657 ], [ -117.714783, 33.463262 ], [ -117.715102, 33.464463 ], [ -117.718447768532997, 33.469835562737998 ], [ -117.720363, 33.472911 ], [ -117.721513, 33.473677 ], [ -117.721427, 33.475135 ], [ -117.723842064204007, 33.479093432967296 ], [ -117.725329639693001, 33.481531657114203 ], [ -117.725358395512004, 33.481578789600299 ], [ -117.726407732620999, 33.483298715139703 ], [ -117.726486, 33.483427 ], [ -117.732261594817004, 33.48484306596 ], [ -117.733697, 33.485195 ], [ -117.734241, 33.48563 ], [ -117.733626, 33.487079 ], [ -117.735295, 33.489091 ], [ -117.73785, 33.489519 ], [ -117.739572, 33.495638 ], [ -117.742996043701993, 33.4991049083118 ], [ -117.743076624458993, 33.499186497836497 ], [ -117.746399637162995, 33.502551110372401 ], [ -117.746921, 33.503079 ], [ -117.753250193572001, 33.510600863312199 ], [ -117.755104, 33.512804 ], [ -117.760075, 33.51478 ], [ -117.762675, 33.519339 ], [ -117.762806520273003, 33.519437464750901 ], [ -117.764549, 33.520742 ], [ -117.766385, 33.523515 ], [ -117.773706960485995, 33.529503123404503 ], [ -117.77648, 33.531771 ], [ -117.779289207817996, 33.535398479634303 ], [ -117.782496509349002, 33.539540010533699 ], [ -117.78428, 33.541843 ], [ -117.788963491115993, 33.542920587405497 ], [ -117.792564, 33.543749 ], [ -117.792904316446993, 33.543952372290903 ], [ -117.795561, 33.54554 ], [ -117.79927, 33.545699 ], [ -117.804217, 33.546795 ], [ -117.805013732158997, 33.547319857272598 ], [ -117.806916, 33.548573 ], [ -117.806980506149003, 33.5488290861813 ], [ -117.807515, 33.550951 ], [ -117.811379, 33.55232 ], [ -117.813513, 33.551209 ], [ -117.814777345951995, 33.551911926641601 ], [ -117.818587379912998, 33.554030155731603 ], [ -117.819821, 33.554716 ], [ -117.819469693201995, 33.556550666473299 ], [ -117.819214, 33.557886 ], [ -117.826361, 33.563576 ], [ -117.828739903357004, 33.564458252091299 ], [ -117.8328, 33.565964 ], [ -117.834195958506996, 33.567482928507197 ], [ -117.835393964540003, 33.568786466905003 ], [ -117.840088, 33.573894 ], [ -117.841425732359994, 33.574510989686999 ], [ -117.846775623273004, 33.576978469445301 ], [ -117.853639, 33.580144 ], [ -117.858475592386995, 33.582750873706502 ], [ -117.861112418019999, 33.584172095687499 ], [ -117.86427, 33.585874 ], [ -117.866147640883995, 33.587339249623298 ], [ -117.870749, 33.59093 ], [ -117.872562134085996, 33.592325200758502 ], [ -117.873352, 33.592933 ], [ -117.878570681029998, 33.5941412212022 ], [ -117.879306364697001, 33.594311545581199 ], [ -117.887109, 33.596118 ], [ -117.893586004298001, 33.598447345437798 ], [ -117.899164806246006, 33.600453667538197 ], [ -117.902483, 33.601647 ], [ -117.906532419841, 33.602525516052701 ], [ -117.915226268808993, 33.604411634602201 ], [ -117.926621713152002, 33.6068838605444 ], [ -117.928019, 33.607187 ], [ -117.930174912675994, 33.609387841813799 ], [ -117.934752466215002, 33.614060791393698 ], [ -117.938966260759997, 33.618362401256398 ], [ -117.940591, 33.620021 ], [ -117.957309626045003, 33.6295776053814 ], [ -117.957491087669993, 33.629681331437702 ], [ -117.957547941498007, 33.629713829897597 ], [ -117.957569309185999, 33.629726043973001 ], [ -117.957935774941006, 33.629935521031399 ], [ -117.958446415612997, 33.630227410531099 ], [ -117.965047927352998, 33.634000928908399 ], [ -117.970879695967994, 33.637334451123301 ], [ -117.987898975381995, 33.647062914263998 ], [ -118.000593, 33.654319 ], [ -118.000800588111005, 33.654484736375601 ], [ -118.005355319838998, 33.658121190905803 ], [ -118.008062896468999, 33.6602828943589 ], [ -118.009889627741003, 33.661741339247897 ], [ -118.011354279594002, 33.662910703370002 ], [ -118.014504485708002, 33.665425797996903 ], [ -118.018142074541998, 33.668330014356201 ], [ -118.029049, 33.677038 ], [ -118.032168876103, 33.679893691310703 ], [ -118.0363, 33.683675 ], [ -118.053332, 33.701272 ], [ -118.053970001612996, 33.701851902008201 ], [ -118.054215718899997, 33.702075243054601 ], [ -118.064255123104004, 33.711200409095902 ], [ -118.064412, 33.711343 ], [ -118.064729779047994, 33.7116005700546 ], [ -118.079323792601002, 33.7234294835527 ], [ -118.086966950657995, 33.729624506955297 ], [ -118.088928, 33.731214 ], [ -118.092780190037999, 33.732938828647796 ], [ -118.094763505919005, 33.733826863769004 ], [ -118.094861412243006, 33.7338707015941 ], [ -118.098986232491995, 33.735717601165902 ], [ -118.113647, 33.742282 ], [ -118.115411077282999, 33.7432945549888 ], [ -118.132595110124001, 33.753157942690798 ], [ -118.132698, 33.753217 ], [ -118.136899124291006, 33.754795834832798 ], [ -118.140367076659004, 33.756099134525499 ], [ -118.141758286048997, 33.756621968341598 ], [ -118.146356973674997, 33.758350212427501 ], [ -118.149458626173995, 33.759515852067601 ], [ -118.150699, 33.759982 ], [ -118.156291951087994, 33.761074470662201 ], [ -118.156625751487994, 33.761139671865998 ], [ -118.159811101087001, 33.761761865933401 ], [ -118.166510327254997, 33.7630704252134 ], [ -118.168643, 33.763487 ], [ -118.170349091337002, 33.763706891851001 ], [ -118.173917012073005, 33.764166748060397 ], [ -118.175703272003005, 33.764396972547203 ], [ -118.175912559489007, 33.764423946843102 ], [ -118.179273033279998, 33.764857065976997 ], [ -118.180801, 33.765054 ], [ -118.182657962823995, 33.7627238878 ], [ -118.182677, 33.7627 ], [ -118.180239, 33.759475 ], [ -118.180337, 33.758779 ], [ -118.182121, 33.758615 ], [ -118.186695, 33.756618 ], [ -118.190484, 33.755814 ], [ -118.190179, 33.752816 ], [ -118.190106944926001, 33.752757876134801 ], [ -118.188467, 33.751435 ], [ -118.190218, 33.749506 ], [ -118.185295, 33.735956 ], [ -118.185726, 33.73296 ], [ -118.195773, 33.732917 ], [ -118.214781, 33.745416 ], [ -118.230947, 33.740559 ], [ -118.24277, 33.743355 ], [ -118.243349569919999, 33.742515877138601 ], [ -118.243556, 33.742217 ], [ -118.237826, 33.728918 ], [ -118.238702, 33.727423 ], [ -118.251105, 33.724213 ], [ -118.251639, 33.722714 ], [ -118.245985, 33.716576 ], [ -118.247115, 33.715226 ], [ -118.257296, 33.716607 ], [ -118.261632, 33.722196 ], [ -118.265307, 33.722659 ], [ -118.267839, 33.722145 ], [ -118.27417, 33.719232 ], [ -118.272845, 33.715783 ], [ -118.275284, 33.714913 ], [ -118.279155, 33.718456 ], [ -118.283692, 33.715995 ], [ -118.282486, 33.711647 ], [ -118.277685, 33.708783 ], [ -118.277436, 33.707992 ], [ -118.278159, 33.707682 ], [ -118.278255476366994, 33.707701909942699 ], [ -118.283273680606996, 33.708737522729102 ], [ -118.283935, 33.708874 ], [ -118.285411228494993, 33.707880983534601 ], [ -118.285909359214997, 33.707545905320401 ], [ -118.287961370098003, 33.706165576597002 ], [ -118.288154, 33.706036 ], [ -118.292907105427005, 33.705323837075298 ], [ -118.294074, 33.705149 ], [ -118.295774, 33.708611 ], [ -118.296600212716996, 33.708889742114202 ], [ -118.299144211183005, 33.709748019282003 ], [ -118.311402025367997, 33.713883478553697 ], [ -118.312896537702002, 33.714387687117799 ], [ -118.313639220753004, 33.714638248552497 ], [ -118.314421, 33.714902 ], [ -118.316982, 33.714269 ], [ -118.320359, 33.717186 ], [ -118.321198448691007, 33.717517247215198 ], [ -118.321215565710006, 33.7175240016063 ], [ -118.322314556494007, 33.7179576643668 ], [ -118.324075414676003, 33.718652500603298 ], [ -118.332893576361997, 33.7221321552055 ], [ -118.342622, 33.725971 ], [ -118.351393, 33.727349 ], [ -118.354705, 33.732317 ], [ -118.360505, 33.736817 ], [ -118.364253, 33.738167 ], [ -118.367945, 33.738086 ], [ -118.368738, 33.736257 ], [ -118.369914, 33.736422 ], [ -118.37017, 33.737895 ], [ -118.372356, 33.738558 ], [ -118.373676, 33.737295 ], [ -118.375213, 33.737866 ], [ -118.37509, 33.738844 ], [ -118.376531, 33.740444 ], [ -118.381707, 33.742378 ], [ -118.385288, 33.742093 ], [ -118.389448, 33.739656 ], [ -118.392324, 33.739641 ], [ -118.393427, 33.738859 ], [ -118.395941, 33.737746 ], [ -118.396972, 33.736467 ], [ -118.399269, 33.736573 ], [ -118.400481, 33.738543 ], [ -118.40238, 33.739506 ], [ -118.402941, 33.740709 ], [ -118.405075, 33.741521 ], [ -118.410465, 33.74104 ], [ -118.411315, 33.741701 ], [ -118.411044, 33.743221 ], [ -118.41231, 33.744529 ], [ -118.413341, 33.747251 ], [ -118.413030593493005, 33.748000007858302 ], [ -118.412525, 33.74922 ], [ -118.417871739077, 33.762381127984803 ], [ -118.417944, 33.762559 ], [ -118.421926, 33.763425 ], [ -118.421731, 33.76592 ], [ -118.42368, 33.766244 ], [ -118.424459, 33.767216 ], [ -118.421731, 33.768934 ], [ -118.421848, 33.770975 ], [ -118.423819, 33.772516 ], [ -118.426837, 33.772401 ], [ -118.428162, 33.774345 ], [ -118.42442, 33.777811 ], [ -118.423407, 33.782015 ], [ -118.419839827393005, 33.785043399850402 ], [ -118.417521, 33.787012 ], [ -118.406997, 33.79145 ], [ -118.407145753250006, 33.793482961079199 ], [ -118.407426, 33.797313 ], [ -118.405378, 33.799733 ], [ -118.393997, 33.804183 ], [ -118.393971529620998, 33.804258334304997 ], [ -118.391679, 33.811039 ], [ -118.390964199251002, 33.815198163614802 ], [ -118.390225172569004, 33.819498289051701 ], [ -118.390069, 33.820407 ], [ -118.390106015008001, 33.824467340708999 ], [ -118.390146560071997, 33.828914909032697 ], [ -118.390213, 33.836203 ], [ -118.390549, 33.838779 ], [ -118.391461640673995, 33.838744420921699 ], [ -118.392027, 33.838723 ], [ -118.399709, 33.843508 ], [ -118.401798, 33.847951 ], [ -118.40157, 33.849382 ], [ -118.399479, 33.850454 ], [ -118.399400773018002, 33.851911951475003 ], [ -118.399228, 33.855132 ], [ -118.402144772200998, 33.8618266911608 ], [ -118.408855163507994, 33.877228647252799 ], [ -118.409651786910999, 33.879057088860698 ], [ -118.411601, 33.883531 ], [ -118.412005510604004, 33.884308198850398 ], [ -118.413923829232004, 33.887993924308198 ], [ -118.414871845701001, 33.889815377942298 ], [ -118.415514893335001, 33.891050885434304 ], [ -118.416787936098999, 33.893496822232201 ], [ -118.418662952879998, 33.897099350499801 ], [ -118.419597107127998, 33.898894170214596 ], [ -118.420257354694996, 33.900162724474399 ], [ -118.421492885636994, 33.902536588638398 ], [ -118.422753072277999, 33.904957824566402 ], [ -118.422797527659995, 33.905043238080196 ], [ -118.428666374040006, 33.9163192358195 ], [ -118.435928490448006, 33.930272166753198 ], [ -118.441168, 33.940339 ], [ -118.447321716185996, 33.951587451411903 ], [ -118.447869279697002, 33.9525883493029 ], [ -118.450430108041004, 33.957269318058202 ], [ -118.451436, 33.959108 ], [ -118.454824404438, 33.963123418213101 ], [ -118.463212642757995, 33.9730638741229 ], [ -118.465445925748, 33.9757104192309 ], [ -118.467667361763006, 33.978342925118703 ], [ -118.467784672842001, 33.978481944250198 ], [ -118.472294629380002, 33.983826454314503 ], [ -118.475810912423, 33.987993414672601 ], [ -118.480672756507005, 33.993754927986899 ], [ -118.482239, 33.995611 ], [ -118.482609641823998, 33.995990229138002 ], [ -118.486819477633006, 34.000297601653102 ], [ -118.492432100206997, 34.006040261772299 ], [ -118.502201183367006, 34.0160356825455 ], [ -118.503345, 34.017206 ], [ -118.509040557147998, 34.020858464757403 ], [ -118.516691930665004, 34.0257651615713 ], [ -118.519686999159006, 34.027685848491799 ], [ -118.524356, 34.03068 ], [ -118.535865038143996, 34.035611348257397 ], [ -118.543846, 34.039031 ], [ -118.550421, 34.039545 ], [ -118.555742, 34.03806 ], [ -118.555891742544006, 34.038111750650899 ], [ -118.566043, 34.04162 ], [ -118.567188528451993, 34.041644866143699 ], [ -118.567684208021006, 34.0416556259283 ], [ -118.571479, 34.041738 ], [ -118.575804, 34.039875 ], [ -118.579233130960006, 34.039732980269001 ], [ -118.579788, 34.03971 ], [ -118.583658, 34.03813 ], [ -118.584577577521998, 34.038303732566703 ], [ -118.592815, 34.03986 ], [ -118.603572, 34.039048 ], [ -118.609652, 34.036424 ], [ -118.624103, 34.037914 ], [ -118.626968, 34.037022 ], [ -118.634054, 34.037093 ], [ -118.635749, 34.036289 ], [ -118.636451388688997, 34.036417627243303 ], [ -118.647129, 34.038373 ], [ -118.649025, 34.037639 ], [ -118.663024, 34.039125 ], [ -118.671023, 34.038817 ], [ -118.675208, 34.037673 ], [ -118.678238, 34.035879 ], [ -118.6803, 34.032052 ], [ -118.683124, 34.030822 ], [ -118.690175, 34.032308 ], [ -118.694896, 34.032838 ], [ -118.70673, 34.02966 ], [ -118.714135669282001, 34.031376583523603 ], [ -118.714543, 34.031471 ], [ -118.719079, 34.031386 ], [ -118.734953, 34.033265 ], [ -118.742354, 34.03294 ], [ -118.749901319486, 34.030775200499903 ], [ -118.752339, 34.030076 ], [ -118.756402, 34.025719 ], [ -118.767741, 34.025231 ], [ -118.78125, 34.022588 ], [ -118.785411, 34.02109 ], [ -118.787136184781005, 34.019587980976503 ], [ -118.789972, 34.017119 ], [ -118.794385, 34.010047 ], [ -118.793859, 34.008653 ], [ -118.795414, 34.007016 ], [ -118.799533, 34.006841 ], [ -118.802959, 34.005639 ], [ -118.805102, 34.002521 ], [ -118.805114, 34.001239 ], [ -118.806552, 34.000448 ], [ -118.808465, 34.001963 ], [ -118.812668, 34.006946 ], [ -118.820885541169005, 34.014455004025599 ], [ -118.821494, 34.015011 ], [ -118.824436, 34.01691 ], [ -118.828248946293002, 34.019653035259999 ], [ -118.839714, 34.027901 ], [ -118.842381366864998, 34.029256580333097 ], [ -118.846292, 34.031244 ], [ -118.854908, 34.034919 ], [ -118.860456, 34.035563 ], [ -118.861927, 34.034867 ], [ -118.875902, 34.038245 ], [ -118.89553, 34.03936 ], [ -118.903432, 34.041857 ], [ -118.906522, 34.041818 ], [ -118.909897, 34.042291 ], [ -118.915126, 34.0417 ], [ -118.919784, 34.044221 ], [ -118.923682048211006, 34.045690838355497 ], [ -118.924433, 34.045974 ], [ -118.929614, 34.046191 ], [ -118.932637, 34.045606 ], [ -118.936266, 34.043618 ], [ -118.944593638436004, 34.0458150893772 ], [ -118.946587, 34.046341 ], [ -118.954569, 34.048362 ], [ -118.960818, 34.05202 ], [ -118.964063, 34.052554 ], [ -118.970007, 34.056743 ], [ -118.977751, 34.059822 ], [ -118.983303, 34.060334 ], [ -118.987631, 34.062967 ], [ -118.99698, 34.065943 ], [ -119.004644, 34.066231 ], [ -119.008981, 34.066793 ], [ -119.016039, 34.070769 ], [ -119.037494, 34.083111 ], [ -119.046502, 34.084934 ], [ -119.052086, 34.08423 ], [ -119.056278, 34.085638 ], [ -119.061217, 34.085387 ], [ -119.061626766207993, 34.085625256878899 ], [ -119.069959, 34.09047 ], [ -119.085994, 34.099266 ], [ -119.098116, 34.099856 ], [ -119.108812, 34.09592 ], [ -119.115942, 34.096904 ], [ -119.129252, 34.10084 ], [ -119.14266, 34.108414 ], [ -119.159553620984994, 34.119653511952102 ], [ -119.159618389947994, 34.1196966034558 ], [ -119.178158623010006, 34.132031624543103 ], [ -119.18864, 34.139005 ], [ -119.189252196891005, 34.139237212613899 ], [ -119.20314, 34.144505 ], [ -119.211241, 34.144905 ], [ -119.215991567497994, 34.146001284807298 ], [ -119.216061735954995, 34.146017477528098 ], [ -119.216441, 34.146105 ], [ -119.225267883658006, 34.158306592938601 ], [ -119.225618606728005, 34.158791405053599 ], [ -119.227743, 34.161728 ], [ -119.237142, 34.175804 ], [ -119.244599617367996, 34.189856592900099 ], [ -119.248555549627, 34.197310864529904 ], [ -119.248613195833997, 34.197419488858301 ], [ -119.257043, 34.213304 ], [ -119.264254, 34.227492 ], [ -119.265927, 34.234609 ], [ -119.265934747865003, 34.234691324748802 ], [ -119.266063897105994, 34.2360635968191 ], [ -119.266453, 34.240198 ], [ -119.269070940066996, 34.249209359670999 ], [ -119.270144, 34.252903 ], [ -119.273694327306004, 34.258750180230102 ], [ -119.278644, 34.266902 ], [ -119.285555444284995, 34.271396882877902 ], [ -119.290945, 34.274902 ], [ -119.295256, 34.275268 ], [ -119.302131, 34.272761 ], [ -119.307616595515, 34.274695921102399 ], [ -119.312323, 34.276356 ], [ -119.317041972547003, 34.280284765819196 ], [ -119.320164, 34.282884 ], [ -119.337475, 34.290576 ], [ -119.349187, 34.304383 ], [ -119.370356, 34.319486 ], [ -119.37578, 34.321118 ], [ -119.388249, 34.317398 ], [ -119.390449, 34.318198 ], [ -119.405522, 34.334221 ], [ -119.410695, 34.337355 ], [ -119.42777, 34.353016 ], [ -119.431066, 34.355297 ], [ -119.435888, 34.355839 ], [ -119.443418, 34.355994 ], [ -119.451304, 34.365501 ], [ -119.461036, 34.374064 ], [ -119.467751, 34.37572 ], [ -119.472678, 34.375628 ], [ -119.476527581472993, 34.3741061476466 ], [ -119.47863, 34.373275 ], [ -119.483395, 34.380046 ], [ -119.486135115899998, 34.380982952998401 ], [ -119.489661999434006, 34.382188932680897 ], [ -119.497339, 34.384814 ], [ -119.502476987131999, 34.384526726230099 ], [ -119.504046, 34.384439 ], [ -119.504217305718001, 34.384487107642897 ], [ -119.510655, 34.386295 ], [ -119.5188, 34.389282 ], [ -119.523563, 34.393188 ], [ -119.529207763298004, 34.395156709672399 ], [ -119.53123, 34.395862 ], [ -119.5369, 34.395919 ], [ -119.545682872539004, 34.403484460863602 ], [ -119.547635, 34.405166 ], [ -119.559459, 34.413395 ], [ -119.563986, 34.41532 ], [ -119.566714976911996, 34.4146497676495 ], [ -119.568473, 34.414218 ], [ -119.568915951237997, 34.4141223899952 ], [ -119.576247, 34.41254 ], [ -119.576648327162999, 34.412645825660299 ], [ -119.582091, 34.414081 ], [ -119.590177, 34.417998 ], [ -119.593439337199996, 34.418486671592099 ], [ -119.594056316185998, 34.418579090028601 ], [ -119.604269132970998, 34.420108886960101 ], [ -119.606513, 34.420445 ], [ -119.612171474095007, 34.420745720915299 ], [ -119.616862, 34.420995 ], [ -119.617603020748007, 34.420555501845499 ], [ -119.618811116597996, 34.419838982236101 ], [ -119.62089, 34.418606 ], [ -119.629568, 34.419661 ], [ -119.633998, 34.416868 ], [ -119.638864, 34.415696 ], [ -119.648664, 34.417396 ], [ -119.659059778236994, 34.416813528156702 ], [ -119.671866, 34.416096 ], [ -119.676261662366002, 34.415125508076002 ], [ -119.680857291711007, 34.414110866642098 ], [ -119.688167, 34.412497 ], [ -119.686240759680999, 34.4101861718542 ], [ -119.684666, 34.408297 ], [ -119.691749, 34.403154 ], [ -119.696531589507003, 34.402486240011299 ], [ -119.699921, 34.402013 ], [ -119.70162, 34.398733 ], [ -119.709067, 34.395397 ], [ -119.713848392434002, 34.395716416151402 ], [ -119.719261, 34.396078 ], [ -119.723176530792998, 34.395860996433697 ], [ -119.724638, 34.39578 ], [ -119.727738425205004, 34.395856675068501 ], [ -119.729369, 34.395897 ], [ -119.731300806844004, 34.396851149172399 ], [ -119.74112, 34.401701 ], [ -119.742988690032007, 34.402215211946597 ], [ -119.74547, 34.402898 ], [ -119.750414, 34.40375 ], [ -119.755760924726999, 34.405596850752403 ], [ -119.755912579322001, 34.4056492329007 ], [ -119.785871, 34.415997 ], [ -119.786254580806002, 34.416111236903298 ], [ -119.793567, 34.418289 ], [ -119.802363, 34.417988 ], [ -119.807055, 34.416497 ], [ -119.815195, 34.4167 ], [ -119.825178, 34.417112 ], [ -119.825305356295004, 34.417096178147403 ], [ -119.835771, 34.415796 ], [ -119.836273803249995, 34.415597774254699 ], [ -119.838604206637001, 34.414679033278603 ], [ -119.84039, 34.413975 ], [ -119.841868, 34.409275 ], [ -119.844485, 34.404301 ], [ -119.853464208386001, 34.407873924293298 ], [ -119.853771, 34.407996 ], [ -119.853900421508996, 34.408001119197301 ], [ -119.858773799133004, 34.408193882995398 ], [ -119.862595984609001, 34.408345067460502 ], [ -119.869508543112005, 34.408618489947798 ], [ -119.873971, 34.408795 ], [ -119.878293, 34.407289 ], [ -119.880532653040007, 34.409699270124399 ], [ -119.884831855754001, 34.414325986707397 ], [ -119.887508, 34.417206 ], [ -119.891473, 34.41971 ], [ -119.900354, 34.421247 ], [ -119.904115, 34.423186 ], [ -119.912882131648999, 34.429232751956 ], [ -119.913432, 34.429612 ], [ -119.920433, 34.433143 ], [ -119.921863340909994, 34.433551618334803 ], [ -119.928526, 34.435455 ], [ -119.929297743449993, 34.435498269357502 ], [ -119.939388, 34.436064 ], [ -119.94919, 34.434757 ], [ -119.955451, 34.435362 ], [ -119.971951, 34.444641 ], [ -119.984899, 34.45083 ], [ -119.990033, 34.449837 ], [ -119.997686, 34.455394 ], [ -120.008077, 34.460447 ], [ -120.019453, 34.46117 ], [ -120.021444, 34.458584 ], [ -120.022540071939005, 34.458430839287601 ], [ -120.023641, 34.458277 ], [ -120.031989, 34.461695 ], [ -120.038828, 34.463434 ], [ -120.050682, 34.461651 ], [ -120.060036, 34.461429 ], [ -120.071061, 34.46255 ], [ -120.072592, 34.460817 ], [ -120.088591, 34.460208 ], [ -120.097212, 34.461809 ], [ -120.118411, 34.469927 ], [ -120.133296, 34.47294 ], [ -120.141165, 34.473405 ], [ -120.151562, 34.473275 ], [ -120.163142, 34.471831 ], [ -120.168774, 34.469732 ], [ -120.174878, 34.470693 ], [ -120.183505, 34.470372 ], [ -120.219468200902, 34.470556128025997 ], [ -120.225498, 34.470587 ], [ -120.234252, 34.469701 ], [ -120.238002, 34.468098 ], [ -120.25777, 34.467451 ], [ -120.283001, 34.468354 ], [ -120.295051, 34.470623 ], [ -120.299169, 34.469731 ], [ -120.301822, 34.467077 ], [ -120.322198, 34.463372 ], [ -120.335001, 34.462589 ], [ -120.337091, 34.459686 ], [ -120.341369, 34.458789 ], [ -120.350545674905007, 34.458147723724601 ], [ -120.354601666690996, 34.457864286495699 ], [ -120.36551, 34.457102 ], [ -120.406781, 34.455338 ], [ -120.417223147133001, 34.452985708262702 ], [ -120.417284, 34.452972 ], [ -120.421541, 34.450401 ], [ -120.426105, 34.449924 ], [ -120.441975, 34.451512 ], [ -120.451425, 34.447094 ], [ -120.452811, 34.442442 ], [ -120.459245, 34.445342 ], [ -120.463264, 34.448676 ], [ -120.471376, 34.447846 ], [ -120.474373, 34.467403 ], [ -120.47661, 34.475131 ], [ -120.480372, 34.481059 ], [ -120.486296, 34.485392 ], [ -120.490523, 34.490075 ], [ -120.493488, 34.494741 ], [ -120.496573, 34.495403 ], [ -120.500795, 34.50774 ], [ -120.503747488152996, 34.511967009435899 ], [ -120.511421, 34.522953 ], [ -120.524776, 34.531291 ], [ -120.542115, 34.53974 ], [ -120.554027, 34.541826 ], [ -120.56552, 34.548919 ], [ -120.581293, 34.556959 ], [ -120.608355, 34.556656 ], [ -120.612005, 34.553564 ], [ -120.622575, 34.554017 ], [ -120.631943, 34.560476 ], [ -120.636722, 34.560967 ], [ -120.63953, 34.563534 ], [ -120.639069, 34.568017 ], [ -120.6407, 34.572693 ], [ -120.644796, 34.577024 ], [ -120.64924, 34.576707 ], [ -120.649086, 34.57863 ], [ -120.645739, 34.581035 ], [ -120.645281, 34.588205 ], [ -120.641805, 34.590116 ], [ -120.640238, 34.599708 ], [ -120.642975, 34.601234 ], [ -120.642547, 34.604363 ], [ -120.639915, 34.605895 ], [ -120.625127, 34.634489 ], [ -120.602391, 34.693899 ], [ -120.60045, 34.70464 ], [ -120.601672, 34.709721 ], [ -120.607376, 34.71425 ], [ -120.609759, 34.721058 ], [ -120.612849, 34.723793 ], [ -120.613337543976002, 34.725479854787203 ], [ -120.614207740723998, 34.728484488192301 ], [ -120.614852, 34.730709 ], [ -120.619656, 34.735424 ], [ -120.62632, 34.738072 ], [ -120.629476, 34.745583 ], [ -120.631832, 34.75342 ], [ -120.637415, 34.755895 ], [ -120.634953, 34.766954 ], [ -120.629640445831001, 34.777463964847598 ], [ -120.627294, 34.782106 ], [ -120.62297, 34.7933 ], [ -120.616296, 34.816308 ], [ -120.609898, 34.842751 ], [ -120.610266, 34.85818 ], [ -120.616325, 34.866739 ], [ -120.625873050395995, 34.872425908315897 ], [ -120.627743084353995, 34.873539718069999 ], [ -120.639283, 34.880413 ], [ -120.63992, 34.889987 ], [ -120.642212, 34.894145 ], [ -120.647328, 34.901133 ], [ -120.652858, 34.900326 ], [ -120.657836, 34.901476 ], [ -120.662889, 34.901183 ], [ -120.669103, 34.901566 ], [ -120.672269, 34.90254 ], [ -120.670835, 34.904115 ], [ -120.669104110860999, 34.908493208253802 ], [ -120.66898, 34.908807141238597 ], [ -120.664215, 34.92086 ], [ -120.664039073384004, 34.928047996221402 ], [ -120.664032, 34.928337 ], [ -120.666721, 34.929789 ], [ -120.663803087622995, 34.933876788512997 ], [ -120.663394855264997, 34.934448693123002 ], [ -120.662416, 34.93582 ], [ -120.659577, 34.944549 ], [ -120.650215, 34.972061 ], [ -120.649338482464998, 34.974710011723403 ], [ -120.63999, 35.002963 ], [ -120.63357, 35.033085 ], [ -120.629931, 35.061515 ], [ -120.629583, 35.078362 ], [ -120.630475036204004, 35.101141036503698 ], [ -120.630583, 35.103898 ], [ -120.630969582291002, 35.1054483853137 ], [ -120.633971918775003, 35.117489232761301 ], [ -120.635171792150999, 35.122301315737197 ], [ -120.636778, 35.128743 ], [ -120.636833031053001, 35.128832280819999 ], [ -120.646147, 35.143943 ], [ -120.651134, 35.147768 ], [ -120.662475, 35.153357 ], [ -120.667994, 35.15203 ], [ -120.671371579066999, 35.152521848025202 ], [ -120.675074, 35.153061 ], [ -120.680246, 35.158285 ], [ -120.682544481687998, 35.158043483034 ], [ -120.682787, 35.158018 ], [ -120.686269933361999, 35.160255661987698 ], [ -120.686974, 35.160708 ], [ -120.698906, 35.171192 ], [ -120.704203, 35.173206 ], [ -120.707047531005003, 35.174001625181901 ], [ -120.711429655320998, 35.175227320542596 ], [ -120.711521132589993, 35.175252907051799 ], [ -120.714185, 35.175998 ], [ -120.714776367300999, 35.1756858303904 ], [ -120.716810130699002, 35.174612252050103 ], [ -120.717521, 35.174237 ], [ -120.726019, 35.175405 ], [ -120.734231, 35.178472 ], [ -120.737924523512007, 35.178301188098999 ], [ -120.74887, 35.177795 ], [ -120.754823, 35.174701 ], [ -120.756862, 35.169208 ], [ -120.756086, 35.160459 ], [ -120.760492, 35.15971 ], [ -120.770192, 35.163731 ], [ -120.778998, 35.168897 ], [ -120.786076, 35.177666 ], [ -120.790158, 35.179842 ], [ -120.794407, 35.179001 ], [ -120.798147, 35.182024 ], [ -120.805258, 35.184973 ], [ -120.837267, 35.1986 ], [ -120.846674, 35.204429 ], [ -120.856047, 35.206487 ], [ -120.863831, 35.217807 ], [ -120.869409, 35.219026 ], [ -120.873522, 35.222885 ], [ -120.873046, 35.225688 ], [ -120.878575, 35.231694 ], [ -120.886418, 35.236354 ], [ -120.888801, 35.239453 ], [ -120.89679, 35.247877 ], [ -120.896876, 35.25399 ], [ -120.8996, 35.255337 ], [ -120.897247, 35.258902 ], [ -120.895596, 35.258811 ], [ -120.895478097487995, 35.259255101664401 ], [ -120.893813, 35.265527 ], [ -120.895847, 35.27077 ], [ -120.89405, 35.27406 ], [ -120.88936, 35.273515 ], [ -120.888868, 35.277302 ], [ -120.887021, 35.282965 ], [ -120.880049, 35.292131 ], [ -120.872866088148996, 35.306488024349598 ], [ -120.871886, 35.308447 ], [ -120.866351, 35.325551 ], [ -120.862062, 35.346995 ], [ -120.862097434884006, 35.353866372965797 ], [ -120.862133, 35.360763 ], [ -120.86593, 35.360529 ], [ -120.867191, 35.36127 ], [ -120.869356496096003, 35.362088125306997 ], [ -120.870137, 35.362383 ], [ -120.869567, 35.371996 ], [ -120.866338, 35.370852 ], [ -120.864857, 35.371979 ], [ -120.864176944234003, 35.376351433017398 ], [ -120.864105, 35.376814 ], [ -120.866099, 35.393045 ], [ -120.866159638165001, 35.393244482014403 ], [ -120.868092864177996, 35.399604236143702 ], [ -120.869209, 35.403276 ], [ -120.870947278727002, 35.406285677343902 ], [ -120.871056589155003, 35.406474938774601 ], [ -120.872432277231994, 35.4088568221689 ], [ -120.873581143787007, 35.410845983967398 ], [ -120.874464828754, 35.412376007077697 ], [ -120.874596423742005, 35.4126038522719 ], [ -120.884757, 35.430196 ], [ -120.888474394094004, 35.433895582540799 ], [ -120.896862, 35.442243 ], [ -120.900070801794996, 35.444220722894201 ], [ -120.907937, 35.449069 ], [ -120.911108, 35.448002 ], [ -120.914448, 35.449336 ], [ -120.919528, 35.447367 ], [ -120.927729411274001, 35.446998429277798 ], [ -120.939666, 35.446462 ], [ -120.946546, 35.446715 ], [ -120.950742, 35.44802 ], [ -120.955863, 35.453743 ], [ -120.969436, 35.460197 ], [ -120.976122, 35.459028 ], [ -120.984227917908001, 35.4602903150518 ], [ -120.985035, 35.460416 ], [ -120.993761, 35.463622 ], [ -120.997924, 35.460374 ], [ -121.003359, 35.46071 ], [ -121.008523, 35.465416 ], [ -121.021242, 35.478559 ], [ -121.025621, 35.484598 ], [ -121.028907, 35.4851 ], [ -121.032402, 35.489007 ], [ -121.036238, 35.489393 ], [ -121.039219, 35.494108 ], [ -121.046129, 35.500069 ], [ -121.047056, 35.5022008541114 ], [ -121.04726, 35.50267 ], [ -121.050129643163004, 35.505123585151999 ], [ -121.052954186071005, 35.507538608952899 ], [ -121.052964, 35.507547 ], [ -121.055174, 35.50834 ], [ -121.056706, 35.508126 ], [ -121.061192, 35.51119 ], [ -121.06337, 35.514664 ], [ -121.06971, 35.519211 ], [ -121.06971, 35.520306 ], [ -121.080242, 35.531183 ], [ -121.092548, 35.541221 ], [ -121.092942337978002, 35.541649847666598 ], [ -121.095439, 35.544365 ], [ -121.097156, 35.545366 ], [ -121.097375087594003, 35.546709972822299 ], [ -121.097528, 35.547648 ], [ -121.098759, 35.548626 ], [ -121.100791, 35.548859 ], [ -121.104454, 35.554936 ], [ -121.103023, 35.556217 ], [ -121.103731883571001, 35.557526746788596 ], [ -121.103968, 35.557963 ], [ -121.104444470812993, 35.558468037674601 ], [ -121.107087, 35.561269 ], [ -121.10856, 35.564001 ], [ -121.109119, 35.56809 ], [ -121.111552, 35.570767 ], [ -121.111855961071001, 35.571371766836201 ], [ -121.114442, 35.576517 ], [ -121.119537, 35.581498 ], [ -121.121082, 35.581848 ], [ -121.12304688751, 35.587535875283002 ], [ -121.123486, 35.588807 ], [ -121.127522, 35.596603 ], [ -121.133102, 35.600629 ], [ -121.137746, 35.601763 ], [ -121.14281, 35.60542 ], [ -121.144548777294006, 35.608945514371698 ], [ -121.144659, 35.609169 ], [ -121.148661, 35.615375 ], [ -121.149209111630995, 35.615699760807601 ], [ -121.150423, 35.616419 ], [ -121.165758, 35.635283 ], [ -121.177345, 35.640676 ], [ -121.188613, 35.643239 ], [ -121.195291, 35.640734 ], [ -121.193652, 35.635446 ], [ -121.195097, 35.634876 ], [ -121.199094, 35.637312 ], [ -121.201646, 35.641545 ], [ -121.208364, 35.641891 ], [ -121.211744, 35.647264 ], [ -121.22113, 35.65213 ], [ -121.23974, 35.652362 ], [ -121.249723, 35.656765 ], [ -121.260808, 35.66445 ], [ -121.265058, 35.663275 ], [ -121.272322, 35.666711 ], [ -121.275744, 35.665983 ], [ -121.281547, 35.666935 ], [ -121.283864, 35.664254 ], [ -121.28653, 35.665524 ], [ -121.286708, 35.67702 ], [ -121.289794, 35.689428 ], [ -121.296473, 35.696824 ], [ -121.30447, 35.70281 ], [ -121.315417, 35.713382 ], [ -121.312931, 35.718014 ], [ -121.313248, 35.721614 ], [ -121.315384, 35.72411 ], [ -121.316974, 35.725625 ], [ -121.318429, 35.728664 ], [ -121.315857, 35.730898 ], [ -121.316405, 35.73877 ], [ -121.318039, 35.744615 ], [ -121.315786, 35.75252 ], [ -121.320077, 35.756654 ], [ -121.326319, 35.757531 ], [ -121.328463, 35.759878 ], [ -121.324793, 35.762235 ], [ -121.324918, 35.769347 ], [ -121.331026, 35.778879 ], [ -121.332449, 35.783106 ], [ -121.346362833935004, 35.795182644152597 ], [ -121.356737, 35.804187 ], [ -121.362853, 35.808412 ], [ -121.366411, 35.808854 ], [ -121.370098, 35.811453 ], [ -121.373592, 35.812103 ], [ -121.373656, 35.815041 ], [ -121.377694, 35.817848 ], [ -121.387882, 35.823437 ], [ -121.392098, 35.828153 ], [ -121.395435, 35.833489 ], [ -121.402125, 35.839326 ], [ -121.403409, 35.842089 ], [ -121.406823, 35.844623 ], [ -121.407783, 35.846218 ], [ -121.407728, 35.848525 ], [ -121.409552, 35.850385 ], [ -121.410354, 35.852961 ], [ -121.415107, 35.857912 ], [ -121.425113, 35.859748 ], [ -121.42959, 35.862347 ], [ -121.430053167634995, 35.862474545987197 ], [ -121.432437, 35.863131 ], [ -121.434392425813002, 35.865207863014803 ], [ -121.434482, 35.865303 ], [ -121.439584, 35.86695 ], [ -121.441467, 35.870299 ], [ -121.444248, 35.870761 ], [ -121.446815, 35.872206 ], [ -121.446601, 35.874228 ], [ -121.453161, 35.88093 ], [ -121.459364, 35.882952 ], [ -121.462145, 35.88613 ], [ -121.461581, 35.888082 ], [ -121.463285, 35.889256 ], [ -121.461426, 35.891174 ], [ -121.46087, 35.898231 ], [ -121.464466, 35.900338 ], [ -121.462598, 35.903712 ], [ -121.471462, 35.914574 ], [ -121.471882, 35.920415 ], [ -121.468477, 35.922215 ], [ -121.468593, 35.927527 ], [ -121.47551, 35.930934 ], [ -121.474697, 35.932584 ], [ -121.474785, 35.937199 ], [ -121.475716, 35.939337 ], [ -121.479579, 35.946642 ], [ -121.479462, 35.94863 ], [ -121.481713, 35.949695 ], [ -121.482707, 35.953292 ], [ -121.482123, 35.954901 ], [ -121.48297, 35.958309 ], [ -121.484549, 35.959516 ], [ -121.485631, 35.970849 ], [ -121.487998, 35.973215 ], [ -121.490805, 35.981873 ], [ -121.494079, 35.98703 ], [ -121.495658, 35.987645 ], [ -121.500832, 35.998099 ], [ -121.511385, 36.006873 ], [ -121.523838, 36.009924 ], [ -121.525821203025998, 36.011454100014298 ], [ -121.526381, 36.011886 ], [ -121.531819, 36.014558 ], [ -121.542022, 36.015607 ], [ -121.543921, 36.017467 ], [ -121.550323, 36.019264 ], [ -121.56126, 36.020624 ], [ -121.567191, 36.019689 ], [ -121.574602, 36.025156 ], [ -121.582103, 36.040748 ], [ -121.589436, 36.047684 ], [ -121.590395, 36.050363 ], [ -121.589183, 36.053775 ], [ -121.592565, 36.056896 ], [ -121.591892, 36.061528 ], [ -121.592886, 36.065569 ], [ -121.599563, 36.069438 ], [ -121.60669, 36.072091 ], [ -121.60739, 36.075185 ], [ -121.608535, 36.076566 ], [ -121.609766, 36.077146 ], [ -121.613854, 36.080982 ], [ -121.614448, 36.0835 ], [ -121.616338, 36.085067 ], [ -121.617586, 36.085403 ], [ -121.618893, 36.086916 ], [ -121.618596, 36.090205 ], [ -121.622009, 36.099695 ], [ -121.62643, 36.106763 ], [ -121.626057, 36.107859 ], [ -121.629342, 36.111618 ], [ -121.629371, 36.114114 ], [ -121.632283, 36.116106 ], [ -121.632703, 36.120463 ], [ -121.644909, 36.128018 ], [ -121.645777, 36.130415 ], [ -121.649403, 36.134188 ], [ -121.649705, 36.136586 ], [ -121.652126, 36.137835 ], [ -121.654466710359003, 36.1411077491911 ], [ -121.654552, 36.141227 ], [ -121.674573, 36.160008 ], [ -121.674265, 36.161129 ], [ -121.675205, 36.16294 ], [ -121.678263, 36.165158 ], [ -121.686414, 36.16819 ], [ -121.699772, 36.176923 ], [ -121.701659, 36.181014 ], [ -121.709626, 36.188942 ], [ -121.714406, 36.191414 ], [ -121.717176, 36.195146 ], [ -121.730597, 36.201317 ], [ -121.740035, 36.206989 ], [ -121.746642, 36.210403 ], [ -121.753444, 36.210955 ], [ -121.755666391570003, 36.212559131051101 ], [ -121.762768865309994, 36.217685724772501 ], [ -121.767258, 36.220926 ], [ -121.779851, 36.227407 ], [ -121.785842, 36.228347 ], [ -121.786906280349001, 36.228903382273899 ], [ -121.794373603652005, 36.232807134065702 ], [ -121.797059, 36.234211 ], [ -121.801327, 36.234555 ], [ -121.806966, 36.233087 ], [ -121.811122, 36.233811 ], [ -121.814743, 36.235306 ], [ -121.814687, 36.237548 ], [ -121.819544, 36.241103 ], [ -121.826282, 36.242076 ], [ -121.828865, 36.246877 ], [ -121.833274, 36.247646 ], [ -121.835785, 36.250748 ], [ -121.838888094802002, 36.259217316248701 ], [ -121.83935, 36.260478 ], [ -121.840935686063006, 36.2626588995996 ], [ -121.850134582378004, 36.275310754062502 ], [ -121.851967, 36.277831 ], [ -121.853535111754994, 36.2786480741036 ], [ -121.858141, 36.281048 ], [ -121.86355, 36.281393 ], [ -121.865868, 36.284671 ], [ -121.866789121829001, 36.285124184925102 ], [ -121.874400078657004, 36.288868717722302 ], [ -121.874797, 36.289064 ], [ -121.876769745136997, 36.291044236209501 ], [ -121.879138347600005, 36.293421832927898 ], [ -121.882324247426993, 36.296619830518999 ], [ -121.888491, 36.30281 ], [ -121.89676, 36.304938 ], [ -121.899642, 36.302674 ], [ -121.902729, 36.306379 ], [ -121.902800217676997, 36.306890241184902 ], [ -121.902897, 36.307585 ], [ -121.899434, 36.307698 ], [ -121.894714, 36.317806 ], [ -121.896204, 36.323424 ], [ -121.896123544305993, 36.323658486002003 ], [ -121.896119832747004, 36.323669303245303 ], [ -121.895596, 36.325196 ], [ -121.897, 36.327157 ], [ -121.894386072393999, 36.3310995412022 ], [ -121.893559, 36.332347 ], [ -121.893043, 36.342432 ], [ -121.900197, 36.350698 ], [ -121.905476, 36.356062 ], [ -121.905574, 36.357889 ], [ -121.904254, 36.360369 ], [ -121.904834, 36.361584 ], [ -121.902669, 36.363901 ], [ -121.903401, 36.371394 ], [ -121.906709, 36.373144 ], [ -121.901813, 36.381879 ], [ -121.902466, 36.384663 ], [ -121.901628, 36.387046 ], [ -121.904045, 36.388198 ], [ -121.903195, 36.393603 ], [ -121.905657, 36.398206 ], [ -121.911576, 36.400611 ], [ -121.91343, 36.401714 ], [ -121.915057, 36.403211 ], [ -121.913372, 36.404941 ], [ -121.912849, 36.406671 ], [ -121.913560127807997, 36.406906019068401 ], [ -121.915309, 36.407484 ], [ -121.915928, 36.40957 ], [ -121.917213, 36.411069 ], [ -121.917178572159997, 36.411142687657403 ], [ -121.916814, 36.411923 ], [ -121.915133, 36.412279 ], [ -121.916697, 36.415351 ], [ -121.914914, 36.419712 ], [ -121.91413, 36.426081 ], [ -121.917125, 36.428547 ], [ -121.918501, 36.432514 ], [ -121.926936, 36.446684 ], [ -121.926908, 36.447781 ], [ -121.927007, 36.448444 ], [ -121.9283, 36.448467 ], [ -121.928759, 36.447632 ], [ -121.929238909692003, 36.447883775281603 ], [ -121.930383, 36.448484 ], [ -121.929939590312998, 36.452338965260601 ], [ -121.929808, 36.453483 ], [ -121.9255, 36.453918 ], [ -121.926066, 36.458932 ], [ -121.929908, 36.466836 ], [ -121.931639141961995, 36.467529911816897 ], [ -121.934905, 36.468839 ], [ -121.936773368770005, 36.471803207670298 ], [ -121.937205, 36.472488 ], [ -121.938393, 36.481388 ], [ -121.9416, 36.485602 ], [ -121.941616671385006, 36.4857488884197 ], [ -121.942040607951, 36.489484113295497 ], [ -121.942044, 36.489514 ], [ -121.942059231640002, 36.489503244360797 ], [ -121.943834607243005, 36.488249584238901 ], [ -121.943885, 36.488214 ], [ -121.946192, 36.490851 ], [ -121.939216, 36.496896 ], [ -121.93898, 36.497418 ], [ -121.937053, 36.497964 ], [ -121.936812, 36.498598 ], [ -121.938958, 36.499143 ], [ -121.940031, 36.4999 ], [ -121.939724, 36.50154 ], [ -121.938964, 36.502197 ], [ -121.938763, 36.506423 ], [ -121.939313, 36.507133 ], [ -121.941881, 36.507236 ], [ -121.942085, 36.508982 ], [ -121.941541, 36.510863 ], [ -121.943285, 36.51282 ], [ -121.952093, 36.517386 ], [ -121.952032, 36.518304 ], [ -121.95092, 36.519391 ], [ -121.951728, 36.520716 ], [ -121.953145, 36.52113 ], [ -121.954209, 36.522231 ], [ -121.953055, 36.523304 ], [ -121.950844, 36.522314 ], [ -121.949816, 36.521039 ], [ -121.948499, 36.521887 ], [ -121.948319, 36.523002 ], [ -121.947102, 36.523249 ], [ -121.944801, 36.521924 ], [ -121.94467, 36.520716 ], [ -121.942252, 36.520638 ], [ -121.941795, 36.521583 ], [ -121.940399, 36.52084 ], [ -121.94091, 36.519512 ], [ -121.938527, 36.518826 ], [ -121.937057, 36.519508 ], [ -121.936852, 36.520913 ], [ -121.935559, 36.522435 ], [ -121.934177, 36.522217 ], [ -121.932133, 36.523111 ], [ -121.927954, 36.522387 ], [ -121.926829066297998, 36.523510534530402 ], [ -121.924738, 36.525599 ], [ -121.928907, 36.537842 ], [ -121.931832220925003, 36.5395090337963 ], [ -121.932327, 36.539791 ], [ -121.933532, 36.544806 ], [ -121.932702514661003, 36.5452058305736 ], [ -121.931998407772994, 36.5455452259162 ], [ -121.929972, 36.546522 ], [ -121.931566322172998, 36.554954430326397 ], [ -121.932002307991993, 36.557260375824399 ], [ -121.932047773291004, 36.557500843512599 ], [ -121.932508, 36.559935 ], [ -121.939399372154, 36.564403221346502 ], [ -121.942533, 36.566435 ], [ -121.949659, 36.567602 ], [ -121.951319, 36.566591 ], [ -121.951812, 36.561802 ], [ -121.953398, 36.561304 ], [ -121.95691, 36.563479 ], [ -121.957956, 36.5652 ], [ -121.966216, 36.569315 ], [ -121.970064, 36.569627 ], [ -121.970416, 36.572124 ], [ -121.973782, 36.576655 ], [ -121.974702406714997, 36.576875152016797 ], [ -121.975609, 36.577092 ], [ -121.976332368441007, 36.578560676132703 ], [ -121.976763, 36.579435 ], [ -121.976591, 36.580058 ], [ -121.97526, 36.579952 ], [ -121.974875, 36.580455 ], [ -121.974981, 36.581895 ], [ -121.974435, 36.582434 ], [ -121.974393487949996, 36.582562708215399 ], [ -121.974236, 36.583051 ], [ -121.971878, 36.5832 ], [ -121.970861, 36.582213 ], [ -121.967904, 36.582306 ], [ -121.964166014483993, 36.587823667905703 ], [ -121.963820427271997, 36.588333791731202 ], [ -121.963321, 36.589071 ], [ -121.964301, 36.590411 ], [ -121.963880936158006, 36.5912190098582 ], [ -121.961149, 36.596474 ], [ -121.962049, 36.598579 ], [ -121.960698, 36.603344 ], [ -121.959347, 36.604173 ], [ -121.958155, 36.608958 ], [ -121.955876, 36.609745 ], [ -121.951743, 36.608448 ], [ -121.946974, 36.610957 ], [ -121.945994, 36.614105 ], [ -121.945140506407, 36.614789977102603 ], [ -121.942781671771996, 36.6166830759215 ], [ -121.941341745670002, 36.617838698432799 ], [ -121.941066, 36.61806 ], [ -121.941317, 36.622686 ], [ -121.939545, 36.625818 ], [ -121.938369, 36.62682 ], [ -121.938275563229993, 36.627230423195897 ], [ -121.93762, 36.63011 ], [ -121.938547, 36.632428 ], [ -121.938551, 36.633908 ], [ -121.93643, 36.636746 ], [ -121.930968326987994, 36.636917989407401 ], [ -121.929666, 36.636959 ], [ -121.925950533209999, 36.635275906641901 ], [ -121.925734556763004, 36.635178070072797 ], [ -121.92456, 36.634646 ], [ -121.924480719844993, 36.634549957959202 ], [ -121.922337, 36.631953 ], [ -121.921726, 36.628401 ], [ -121.921663964822997, 36.628374177564297 ], [ -121.921552130574, 36.628325823274103 ], [ -121.917519, 36.626582 ], [ -121.915928, 36.62646 ], [ -121.916261, 36.62488 ], [ -121.91416, 36.623046 ], [ -121.91158, 36.622455 ], [ -121.909526, 36.620973 ], [ -121.904396, 36.620583 ], [ -121.902209545893996, 36.618446458031599 ], [ -121.897168, 36.61352 ], [ -121.897524, 36.612265 ], [ -121.89523, 36.60947 ], [ -121.892834, 36.609424 ], [ -121.891964137388996, 36.607989888816199 ], [ -121.891529277564999, 36.607272951073298 ], [ -121.889316, 36.603624 ], [ -121.889552973134002, 36.602052239419898 ], [ -121.889578348268003, 36.601883934957002 ], [ -121.889659, 36.601349 ], [ -121.887168, 36.600937 ], [ -121.886839031774997, 36.600932415668602 ], [ -121.883293, 36.600883 ], [ -121.875821, 36.602257 ], [ -121.871586011822004, 36.604148247314001 ], [ -121.866181, 36.606562 ], [ -121.858356390804005, 36.611968556063701 ], [ -121.857567, 36.612514 ], [ -121.857117044961001, 36.61293536038 ], [ -121.850722, 36.618924 ], [ -121.841766, 36.629179 ], [ -121.841540266273995, 36.6294656507729 ], [ -121.83726, 36.634901 ], [ -121.824767, 36.655817 ], [ -121.818435, 36.668858 ], [ -121.813701, 36.682355 ], [ -121.813669747137993, 36.682461873568798 ], [ -121.808966, 36.698547 ], [ -121.807899517121996, 36.705660687117003 ], [ -121.806628, 36.714142 ], [ -121.806240728109003, 36.728334236989703 ], [ -121.805643, 36.750239 ], [ -121.805177503582001, 36.751816786028101 ], [ -121.805103058998995, 36.7520691136937 ], [ -121.805096860633, 36.752090122866903 ], [ -121.798135692271003, 36.7756847924787 ], [ -121.794931, 36.786547 ], [ -121.793144554351997, 36.791231821467697 ], [ -121.788278, 36.803994 ], [ -121.789426397944993, 36.807929355111803 ], [ -121.790519007840999, 36.811673534523898 ], [ -121.791544, 36.815186 ], [ -121.79918, 36.82733 ], [ -121.803355814141, 36.836074482053299 ], [ -121.804278096087998, 36.838005812724703 ], [ -121.809363, 36.848654 ], [ -121.810551858284001, 36.850648249519601 ], [ -121.827664, 36.879353 ], [ -121.839194654691994, 36.896747620086799 ], [ -121.856371269647994, 36.922659478479403 ], [ -121.862266, 36.931552 ], [ -121.866926675610003, 36.936394405769001 ], [ -121.867054420542999, 36.936527131762098 ], [ -121.867868576510006, 36.937373033490402 ], [ -121.880167, 36.950151 ], [ -121.894667, 36.961851 ], [ -121.906468, 36.96895 ], [ -121.906635017574004, 36.969015105787001 ], [ -121.910713541112997, 36.970604971324903 ], [ -121.916845217401004, 36.972995184529701 ], [ -121.925440326073002, 36.9763456781439 ], [ -121.928228466826994, 36.977432534418199 ], [ -121.930069, 36.97815 ], [ -121.933214530450996, 36.9781165404696 ], [ -121.93402997378, 36.978107866463397 ], [ -121.93947, 36.97805 ], [ -121.939504416435994, 36.978031381272203 ], [ -121.95167, 36.97145 ], [ -121.951972053663994, 36.971202370677602 ], [ -121.956037744425998, 36.967869240281097 ], [ -121.964885274327997, 36.960615867465798 ], [ -121.967478310447007, 36.958490047276399 ], [ -121.972032923206996, 36.954756089353197 ], [ -121.972771, 36.954151 ], [ -121.975871, 36.954051 ], [ -121.983896, 36.958727 ], [ -121.986144434839005, 36.958821308518601 ], [ -121.992908, 36.959105 ], [ -121.997024158477998, 36.959895192007899 ], [ -122.000559381298999, 36.960573859953797 ], [ -122.002451, 36.960937 ], [ -122.012739, 36.963216 ], [ -122.012765904643999, 36.963213302957499 ], [ -122.023373, 36.96215 ], [ -122.025524558138997, 36.959520230293499 ], [ -122.026104, 36.958812 ], [ -122.024558, 36.955561 ], [ -122.026477, 36.951802 ], [ -122.033665406791997, 36.952410143744899 ], [ -122.035818615657007, 36.952592306571901 ], [ -122.041075, 36.953037 ], [ -122.041889511993006, 36.952187459198001 ], [ -122.042270116463996, 36.951790486494801 ], [ -122.043284, 36.950733 ], [ -122.049863, 36.949284 ], [ -122.062732147030005, 36.948616849846601 ], [ -122.065642, 36.948466 ], [ -122.067685439879, 36.949003095588601 ], [ -122.075378, 36.951025 ], [ -122.07589, 36.952799 ], [ -122.077641097143001, 36.953221008364402 ], [ -122.079944, 36.953776 ], [ -122.081943, 36.9523 ], [ -122.087537, 36.953884 ], [ -122.100723, 36.955502 ], [ -122.108803, 36.958247 ], [ -122.114918, 36.962668 ], [ -122.118939, 36.962716 ], [ -122.1229, 36.966067 ], [ -122.126711, 36.964351 ], [ -122.135161, 36.967774 ], [ -122.136482, 36.970912 ], [ -122.140578, 36.97495 ], [ -122.153586, 36.976808 ], [ -122.155078, 36.98085 ], [ -122.16285, 36.988059 ], [ -122.169072, 36.988802 ], [ -122.169749, 36.990999 ], [ -122.176103, 36.995394 ], [ -122.183529, 36.998435 ], [ -122.184412680018994, 36.999757882177001 ], [ -122.185524366566995, 37.001422093532199 ], [ -122.185860018257003, 37.0019245691214 ], [ -122.186721650674997, 37.003214445711201 ], [ -122.186879, 37.00345 ], [ -122.188324776412998, 37.004363728497601 ], [ -122.192301, 37.006876695767701 ], [ -122.194797193658999, 37.008454286369997 ], [ -122.195003733752998, 37.008584819395999 ], [ -122.196746567701993, 37.009686287805302 ], [ -122.197417, 37.01011 ], [ -122.202470962123996, 37.0123241002618 ], [ -122.206130673326996, 37.013927390380097 ], [ -122.206151328277997, 37.0139364391488 ], [ -122.20618, 37.013949 ], [ -122.210482, 37.020027 ], [ -122.216431, 37.021876 ], [ -122.216690009499004, 37.024558396554703 ], [ -122.216706, 37.024724 ], [ -122.223799, 37.025672 ], [ -122.22879, 37.038574 ], [ -122.244221, 37.05337 ], [ -122.252181, 37.059448 ], [ -122.260481, 37.072548 ], [ -122.275241, 37.089125 ], [ -122.284882, 37.101747 ], [ -122.292973615833006, 37.107318288955597 ], [ -122.306139, 37.116383 ], [ -122.313907, 37.118161 ], [ -122.322971, 37.11546 ], [ -122.329473, 37.113045 ], [ -122.331663, 37.116578 ], [ -122.337071, 37.117382 ], [ -122.338856, 37.120854 ], [ -122.337085, 37.130795 ], [ -122.337833, 37.135936 ], [ -122.343242, 37.140605 ], [ -122.344029, 37.144099 ], [ -122.352236, 37.145855 ], [ -122.360943, 37.150182 ], [ -122.359791, 37.155574 ], [ -122.36179, 37.163593 ], [ -122.367085, 37.172817 ], [ -122.371883, 37.175256 ], [ -122.37927, 37.181128 ], [ -122.385103, 37.182955 ], [ -122.390599, 37.182988 ], [ -122.3948, 37.181514 ], [ -122.397543, 37.185088 ], [ -122.398578, 37.192802 ], [ -122.405073, 37.195791 ], [ -122.408914, 37.214202 ], [ -122.407181, 37.219465 ], [ -122.409596, 37.224604 ], [ -122.415822, 37.232839 ], [ -122.419113, 37.24147 ], [ -122.418452, 37.248521 ], [ -122.411686, 37.265844 ], [ -122.407013137321002, 37.297933575658902 ], [ -122.405017508157002, 37.311638 ], [ -122.401323, 37.337009 ], [ -122.40085, 37.359225 ], [ -122.407752, 37.363931 ], [ -122.409258, 37.374805 ], [ -122.410058824564004, 37.375817562395603 ], [ -122.423286, 37.392542 ], [ -122.424163, 37.401212 ], [ -122.428441, 37.405932 ], [ -122.427412, 37.409617 ], [ -122.431871, 37.412144 ], [ -122.434123, 37.416551 ], [ -122.435514, 37.421699 ], [ -122.438606, 37.425134 ], [ -122.439328346414996, 37.426670390022799 ], [ -122.440596611179998, 37.4293679175397 ], [ -122.442072560222996, 37.4325071777861 ], [ -122.443687, 37.435941 ], [ -122.445054597107003, 37.451162950413199 ], [ -122.445412921531997, 37.455151257049899 ], [ -122.445987, 37.461541 ], [ -122.447190622750995, 37.465289791580602 ], [ -122.452067316471002, 37.480478693873302 ], [ -122.452087, 37.48054 ], [ -122.458686123747, 37.491280976983397 ], [ -122.459577, 37.492731 ], [ -122.460221382007006, 37.493150379409897 ], [ -122.462657808257006, 37.4947360645969 ], [ -122.463247734247005, 37.495120002712603 ], [ -122.467629417604996, 37.497971708317102 ], [ -122.467888, 37.49814 ], [ -122.472388, 37.50054 ], [ -122.474820967588002, 37.499476883274099 ], [ -122.485653474234994, 37.494743479073001 ], [ -122.485888, 37.494641 ], [ -122.493789, 37.492341 ], [ -122.494006679628001, 37.492792127075198 ], [ -122.495349, 37.495574 ], [ -122.499289, 37.495341 ], [ -122.50073, 37.498017 ], [ -122.498699, 37.500837 ], [ -122.501546, 37.50456 ], [ -122.505903, 37.507106 ], [ -122.512382, 37.514115 ], [ -122.516689, 37.52134 ], [ -122.516728507089994, 37.521561734236997 ], [ -122.517905883398001, 37.528169779467603 ], [ -122.518649311637006, 37.532342283528799 ], [ -122.519533, 37.537302 ], [ -122.519493891362998, 37.537403451312301 ], [ -122.516589, 37.544939 ], [ -122.514789, 37.546139 ], [ -122.513688, 37.552239 ], [ -122.513717149415996, 37.5525162056204 ], [ -122.515165, 37.566285 ], [ -122.518131, 37.567626 ], [ -122.519874465873997, 37.573662036854302 ], [ -122.52036, 37.575343 ], [ -122.518026, 37.576677 ], [ -122.517417749817, 37.586797587065803 ], [ -122.517187, 37.590637 ], [ -122.520852, 37.594178 ], [ -122.515326, 37.595564 ], [ -122.514724, 37.598285 ], [ -122.514290175257003, 37.598149199857801 ], [ -122.507648, 37.59607 ], [ -122.507464202175996, 37.596174696077902 ], [ -122.502021450897999, 37.599275030445199 ], [ -122.501386, 37.599637 ], [ -122.501258817324, 37.600235835042803 ], [ -122.500429, 37.604143 ] ] ], [ [ [ -123.003507, 37.704396 ], [ -123.000893, 37.701011 ], [ -122.998754, 37.697438 ], [ -123.002794, 37.692736 ], [ -123.005884, 37.693489 ], [ -123.007548, 37.695934 ], [ -123.012777, 37.696498 ], [ -123.013916, 37.700355 ], [ -123.007786, 37.698943 ], [ -123.007548, 37.70214 ], [ -123.003507, 37.704396 ] ] ], [ [ [ -124.2162, 41.94989 ], [ -124.217057, 41.95023 ], [ -124.217495, 41.95081 ], [ -124.217038, 41.951292 ], [ -124.216809, 41.95183 ], [ -124.216181, 41.952212 ], [ -124.215248, 41.952099 ], [ -124.21422, 41.951872 ], [ -124.213326, 41.951376 ], [ -124.213201074902003, 41.951231414558698 ], [ -124.213021, 41.951023 ], [ -124.213333335477998, 41.9505787420022 ], [ -124.213459, 41.9504 ], [ -124.214354, 41.949918 ], [ -124.215001, 41.949734 ], [ -124.2162, 41.94989 ] ] ], [ [ [ -122.420248, 37.826513 ], [ -122.420722, 37.82525 ], [ -122.42277, 37.825256 ], [ -122.425407, 37.827269 ], [ -122.425227, 37.828586 ], [ -122.423245, 37.828721 ], [ -122.420248, 37.826513 ] ] ], [ [ [ -122.433232, 37.854178 ], [ -122.434533, 37.853493 ], [ -122.436936, 37.854147 ], [ -122.439773, 37.855547 ], [ -122.441271, 37.855142 ], [ -122.44265, 37.856169 ], [ -122.442921, 37.857074 ], [ -122.442453, 37.858222 ], [ -122.446316, 37.861046 ], [ -122.441271, 37.863106 ], [ -122.440174, 37.867111 ], [ -122.438749, 37.868519 ], [ -122.436897, 37.866839 ], [ -122.435872, 37.866653 ], [ -122.434375, 37.867337 ], [ -122.435084, 37.868052 ], [ -122.434611, 37.86967 ], [ -122.43272, 37.870603 ], [ -122.432222, 37.871598 ], [ -122.430958, 37.872242 ], [ -122.428636, 37.871688 ], [ -122.427204, 37.870727 ], [ -122.426337, 37.87051 ], [ -122.424651, 37.870736 ], [ -122.423303, 37.869514 ], [ -122.421924, 37.866466 ], [ -122.421963, 37.864662 ], [ -122.421333, 37.863417 ], [ -122.420365736738006, 37.863342297173702 ], [ -122.419585, 37.863282 ], [ -122.418879387974002, 37.862321355106999 ], [ -122.41847, 37.861764 ], [ -122.419827346383002, 37.8600830120157 ], [ -122.420978, 37.858658 ], [ -122.419757, 37.856667 ], [ -122.41952, 37.854396 ], [ -122.41847, 37.852721 ], [ -122.419087, 37.852373 ], [ -122.423106, 37.85452 ], [ -122.427283, 37.8548 ], [ -122.430829, 37.855391 ], [ -122.433232, 37.854178 ] ] ], [ [ [ -122.378962, 37.826897 ], [ -122.377679, 37.83046 ], [ -122.373453, 37.832298 ], [ -122.368752, 37.831286 ], [ -122.362911, 37.822696 ], [ -122.364289, 37.81887 ], [ -122.358779, 37.814278 ], [ -122.360775, 37.812831 ], [ -122.361107, 37.808029 ], [ -122.362294, 37.807016 ], [ -122.367138, 37.807429 ], [ -122.371649, 37.809379 ], [ -122.372836, 37.811068 ], [ -122.371269, 37.814669 ], [ -122.378962, 37.826897 ] ] ], [ [ [ -120.176847, 34.006317 ], [ -120.167306, 34.008219 ], [ -120.160665, 34.011637 ], [ -120.151663, 34.018126 ], [ -120.147647, 34.024831 ], [ -120.140362, 34.025974 ], [ -120.135853, 34.026087 ], [ -120.123385, 34.022357 ], [ -120.120043, 34.023245 ], [ -120.115058, 34.019866 ], [ -120.090182, 34.019806 ], [ -120.073609, 34.024477 ], [ -120.070545, 34.029098 ], [ -120.066275, 34.029003 ], [ -120.062778, 34.031161 ], [ -120.061953, 34.033976 ], [ -120.057637, 34.03734 ], [ -120.055107, 34.037729 ], [ -120.043259, 34.035806 ], [ -120.045272, 34.031692 ], [ -120.043212, 34.027536 ], [ -120.044004, 34.02482 ], [ -120.047798, 34.021227 ], [ -120.050382, 34.013331 ], [ -120.048926, 34.009898 ], [ -120.047108, 34.006329 ], [ -120.046575, 34.000002 ], [ -120.041311, 33.994507 ], [ -120.033254, 33.9899 ], [ -120.027336, 33.988505 ], [ -120.025781, 33.986137 ], [ -120.014032, 33.983413 ], [ -120.012906, 33.980952 ], [ -120.003815, 33.979547 ], [ -119.984316, 33.983948 ], [ -119.980156, 33.983653 ], [ -119.97902, 33.981207 ], [ -119.979913, 33.969623 ], [ -119.976857, 33.956693 ], [ -119.971141, 33.950401 ], [ -119.971869, 33.945875 ], [ -119.968636, 33.942878 ], [ -119.973691, 33.942481 ], [ -120.00096, 33.941554 ], [ -120.017715, 33.936366 ], [ -120.020926, 33.934991 ], [ -120.021686, 33.932624 ], [ -120.028664, 33.927853 ], [ -120.03918, 33.924578 ], [ -120.041674, 33.921045 ], [ -120.046881, 33.919597 ], [ -120.048315, 33.917625 ], [ -120.048611, 33.915775 ], [ -120.049682, 33.914563 ], [ -120.05679, 33.913127 ], [ -120.067898, 33.912521 ], [ -120.073406, 33.912113 ], [ -120.077793, 33.908886 ], [ -120.090779, 33.909234 ], [ -120.098601, 33.907853 ], [ -120.105489, 33.90428 ], [ -120.109137, 33.899129 ], [ -120.110168, 33.895621 ], [ -120.115885, 33.894361 ], [ -120.121817, 33.895712 ], [ -120.159838, 33.915914 ], [ -120.165248, 33.916327 ], [ -120.168974, 33.91909 ], [ -120.172666, 33.922849 ], [ -120.180417, 33.925103 ], [ -120.179049, 33.927994 ], [ -120.18984, 33.947703 ], [ -120.192339, 33.950266 ], [ -120.198602, 33.952211 ], [ -120.200085, 33.956904 ], [ -120.209372, 33.972376 ], [ -120.21434, 33.976596 ], [ -120.219279, 33.979028 ], [ -120.222106, 33.987559 ], [ -120.230244, 33.991238 ], [ -120.239409, 33.993077 ], [ -120.239262, 33.996497 ], [ -120.243972, 33.999383 ], [ -120.246241, 33.997868 ], [ -120.248484, 33.999329 ], [ -120.249536, 34.002477 ], [ -120.245466, 34.002484 ], [ -120.238657, 34.007592 ], [ -120.237297, 34.009284 ], [ -120.233675, 34.008659 ], [ -120.230001, 34.010136 ], [ -120.221287, 34.010367 ], [ -120.208478, 34.005655 ], [ -120.19578, 34.004284 ], [ -120.191642, 34.004856 ], [ -120.189281, 34.006625 ], [ -120.183697, 34.007737 ], [ -120.180264, 34.006428 ], [ -120.176847, 34.006317 ] ] ], [ [ [ -120.367114, 34.070822 ], [ -120.370176, 34.074907 ], [ -120.368278, 34.076465 ], [ -120.362251, 34.073056 ], [ -120.354982, 34.059256 ], [ -120.36029, 34.05582 ], [ -120.360459, 34.053101 ], [ -120.358608, 34.050235 ], [ -120.352853, 34.047193 ], [ -120.346946, 34.046576 ], [ -120.331161, 34.049097 ], [ -120.319032, 34.041979 ], [ -120.313175, 34.036576 ], [ -120.307361, 34.029566 ], [ -120.307219, 34.022375 ], [ -120.311184, 34.019932 ], [ -120.317052, 34.018837 ], [ -120.335027, 34.020799 ], [ -120.340834, 34.019598 ], [ -120.347706, 34.020114 ], [ -120.353804, 34.019026 ], [ -120.35793, 34.015029 ], [ -120.36665, 34.015842 ], [ -120.375143, 34.018775 ], [ -120.383138, 34.024474 ], [ -120.39163, 34.025988 ], [ -120.409368, 34.032198 ], [ -120.415225, 34.032245 ], [ -120.419021, 34.028949 ], [ -120.427408, 34.025425 ], [ -120.435579, 34.029371 ], [ -120.443168, 34.028843 ], [ -120.454134, 34.028081 ], [ -120.450064, 34.034194 ], [ -120.449114, 34.037345 ], [ -120.445548, 34.037345 ], [ -120.440248, 34.036918 ], [ -120.428997, 34.047556 ], [ -120.418768, 34.052093 ], [ -120.415287, 34.05496 ], [ -120.411314, 34.052869 ], [ -120.403613, 34.050442 ], [ -120.396188, 34.050187 ], [ -120.390906, 34.051994 ], [ -120.374211, 34.062658 ], [ -120.368813, 34.06778 ], [ -120.367114, 34.070822 ] ] ], [ [ [ -119.541044, 33.28137 ], [ -119.539712, 33.280828 ], [ -119.535675, 33.283248 ], [ -119.534636, 33.28539 ], [ -119.531406, 33.283752 ], [ -119.528778, 33.285417 ], [ -119.523687, 33.283013 ], [ -119.520597, 33.280124 ], [ -119.510613, 33.275328 ], [ -119.509716, 33.273696 ], [ -119.506457, 33.272323 ], [ -119.505142, 33.272654 ], [ -119.50002, 33.268431 ], [ -119.498599, 33.266553 ], [ -119.494884, 33.265548 ], [ -119.489235, 33.265793 ], [ -119.486978, 33.267536 ], [ -119.485729, 33.264815 ], [ -119.470654, 33.25976 ], [ -119.465429, 33.25925 ], [ -119.460592, 33.256658 ], [ -119.452945, 33.249303 ], [ -119.443461, 33.242075 ], [ -119.443302, 33.240054 ], [ -119.43852, 33.236537 ], [ -119.434791, 33.23142 ], [ -119.434402, 33.227021 ], [ -119.436739, 33.224413 ], [ -119.438882, 33.220095 ], [ -119.444256, 33.219307 ], [ -119.44755, 33.219769 ], [ -119.451644, 33.21866 ], [ -119.455439, 33.216592 ], [ -119.457436, 33.216085 ], [ -119.462841, 33.216347 ], [ -119.464289, 33.215364 ], [ -119.465941, 33.215659 ], [ -119.4703, 33.214731 ], [ -119.478718, 33.21635 ], [ -119.481638, 33.218384 ], [ -119.491076, 33.219836 ], [ -119.49409, 33.219865 ], [ -119.495566, 33.218873 ], [ -119.49814, 33.21884 ], [ -119.502286, 33.221562 ], [ -119.505258, 33.221151 ], [ -119.507046, 33.222391 ], [ -119.509362, 33.223269 ], [ -119.512926, 33.223 ], [ -119.520208, 33.228707 ], [ -119.523984, 33.228962 ], [ -119.530861, 33.231464 ], [ -119.535729, 33.231433 ], [ -119.539297, 33.232636 ], [ -119.540855, 33.231909 ], [ -119.546212, 33.232561 ], [ -119.546119, 33.234126 ], [ -119.548549, 33.236064 ], [ -119.551456, 33.237135 ], [ -119.560301, 33.243803 ], [ -119.560188, 33.2453 ], [ -119.565983, 33.24706 ], [ -119.566665, 33.250074 ], [ -119.564758, 33.250267 ], [ -119.567249, 33.254717 ], [ -119.570561, 33.256916 ], [ -119.575138, 33.258056 ], [ -119.57397, 33.261639 ], [ -119.573872, 33.26449 ], [ -119.578843, 33.278193 ], [ -119.577271, 33.278582 ], [ -119.571648, 33.276214 ], [ -119.567884, 33.274707 ], [ -119.564428, 33.272094 ], [ -119.56215, 33.271217 ], [ -119.558144, 33.2725 ], [ -119.554804, 33.275089 ], [ -119.552294, 33.277268 ], [ -119.551276, 33.280613 ], [ -119.547256, 33.280143 ], [ -119.546601, 33.279391 ], [ -119.544556, 33.279961 ], [ -119.542865, 33.280935 ], [ -119.541044, 33.28137 ] ] ], [ [ [ -119.390816, 34.002863 ], [ -119.399427, 34.003478 ], [ -119.414831, 34.006319 ], [ -119.422218, 34.005453 ], [ -119.424673, 34.007628 ], [ -119.431081, 34.008556 ], [ -119.433956, 34.01076 ], [ -119.437536, 34.010106 ], [ -119.439281, 34.011968 ], [ -119.441478, 34.012732 ], [ -119.441999, 34.013551 ], [ -119.441226, 34.014075 ], [ -119.436648, 34.013942 ], [ -119.433912, 34.015975 ], [ -119.421376, 34.015012 ], [ -119.412971, 34.008932 ], [ -119.408475, 34.007613 ], [ -119.396251, 34.005918 ], [ -119.389266, 34.007085 ], [ -119.385028, 34.00914 ], [ -119.383183, 34.011249 ], [ -119.379935, 34.010773 ], [ -119.379273, 34.009566 ], [ -119.390816, 34.002863 ] ] ], [ [ [ -119.357658, 34.015985 ], [ -119.357937, 34.015286 ], [ -119.359771, 34.015233 ], [ -119.372331, 34.012088 ], [ -119.37407, 34.012817 ], [ -119.374486, 34.014151 ], [ -119.37258, 34.015563 ], [ -119.362571, 34.017148 ], [ -119.359199, 34.016706 ], [ -119.357658, 34.015985 ] ] ], [ [ [ -119.818742, 34.052997 ], [ -119.815258, 34.054065 ], [ -119.807825, 34.052127 ], [ -119.800917, 34.054094 ], [ -119.796059, 34.057026 ], [ -119.789798, 34.05726 ], [ -119.770729, 34.055051 ], [ -119.766081, 34.05537 ], [ -119.763688, 34.057155 ], [ -119.759428, 34.058835 ], [ -119.755521, 34.056716 ], [ -119.755114, 34.053817 ], [ -119.747856, 34.053174 ], [ -119.739472, 34.049299 ], [ -119.734507, 34.046087 ], [ -119.731217, 34.048418 ], [ -119.726437, 34.047908 ], [ -119.712576, 34.043265 ], [ -119.704628, 34.037681 ], [ -119.700587, 34.033695 ], [ -119.693145, 34.029287 ], [ -119.68935, 34.025217 ], [ -119.686507, 34.019805 ], [ -119.673549, 34.019552 ], [ -119.668304, 34.016628 ], [ -119.658539, 34.019033 ], [ -119.65454, 34.019927 ], [ -119.651341, 34.017481 ], [ -119.651395, 34.015718 ], [ -119.642995, 34.016605 ], [ -119.639849, 34.015445 ], [ -119.637742, 34.013178 ], [ -119.619343, 34.016468 ], [ -119.612226, 34.021256 ], [ -119.604287, 34.031561 ], [ -119.608798, 34.035245 ], [ -119.609239, 34.03735 ], [ -119.599534, 34.044796 ], [ -119.595931, 34.045762 ], [ -119.59498, 34.049504 ], [ -119.5888, 34.048913 ], [ -119.58901, 34.051818 ], [ -119.584301, 34.053643 ], [ -119.579752, 34.050705 ], [ -119.57341, 34.05011 ], [ -119.573251, 34.052958 ], [ -119.5667, 34.053452 ], [ -119.562347, 34.055283 ], [ -119.556714, 34.052064 ], [ -119.556116, 34.0488 ], [ -119.550704, 34.046431 ], [ -119.547532, 34.04837 ], [ -119.546262, 34.044645 ], [ -119.540344, 34.044716 ], [ -119.529603, 34.041155 ], [ -119.52064, 34.034262 ], [ -119.52177, 34.032247 ], [ -119.527524, 34.026445 ], [ -119.532413, 34.024949 ], [ -119.538847, 34.023988 ], [ -119.542449, 34.021082 ], [ -119.543957, 34.017915 ], [ -119.5425, 34.015042 ], [ -119.54828, 34.009819 ], [ -119.547072, 34.005469 ], [ -119.554472, 33.99782 ], [ -119.560464, 33.99553 ], [ -119.575636, 33.996009 ], [ -119.5902, 33.989712 ], [ -119.596877, 33.988611 ], [ -119.619082, 33.987228 ], [ -119.621117, 33.98899 ], [ -119.633729, 33.987243 ], [ -119.64771, 33.987786 ], [ -119.662825, 33.985889 ], [ -119.674832, 33.978429 ], [ -119.69011, 33.972225 ], [ -119.69833, 33.970738 ], [ -119.700581, 33.966693 ], [ -119.706452, 33.968133 ], [ -119.712363, 33.965422 ], [ -119.714696, 33.961439 ], [ -119.721206, 33.959583 ], [ -119.728119, 33.961802 ], [ -119.742966, 33.963877 ], [ -119.750438, 33.963759 ], [ -119.758141, 33.959212 ], [ -119.77017, 33.96226 ], [ -119.789723, 33.959259 ], [ -119.793443, 33.962811 ], [ -119.799124, 33.962649 ], [ -119.803901, 33.963993 ], [ -119.818249, 33.959858 ], [ -119.819825, 33.963402 ], [ -119.831153, 33.968635 ], [ -119.842355, 33.970209 ], [ -119.848287, 33.967636 ], [ -119.850989, 33.969009 ], [ -119.86554, 33.979266 ], [ -119.873358, 33.980375 ], [ -119.877057, 33.985757 ], [ -119.881403, 33.992339 ], [ -119.884141, 34.001601 ], [ -119.887, 34.008584 ], [ -119.882531, 34.011674 ], [ -119.876916, 34.023527 ], [ -119.876329, 34.032087 ], [ -119.881808, 34.036553 ], [ -119.886199, 34.037049 ], [ -119.887284, 34.042197 ], [ -119.892821, 34.045529 ], [ -119.916216, 34.058351 ], [ -119.922102, 34.056872 ], [ -119.926544, 34.057399 ], [ -119.929889, 34.059734 ], [ -119.925448, 34.060816 ], [ -119.922027, 34.060532 ], [ -119.919413, 34.065257 ], [ -119.922888, 34.067136 ], [ -119.923337, 34.069361 ], [ -119.919413, 34.074117 ], [ -119.919155, 34.07728 ], [ -119.912857, 34.077508 ], [ -119.89113, 34.072856 ], [ -119.883835, 34.074468 ], [ -119.857304, 34.071298 ], [ -119.825865, 34.059794 ], [ -119.818742, 34.052997 ] ] ], [ [ [ -119.048091, 33.482062 ], [ -119.047038, 33.483819 ], [ -119.038458, 33.482473 ], [ -119.030456, 33.488334 ], [ -119.028501, 33.487425 ], [ -119.029516, 33.481906 ], [ -119.02741, 33.476856 ], [ -119.030794, 33.474284 ], [ -119.031095, 33.468576 ], [ -119.033652, 33.465753 ], [ -119.038522, 33.465691 ], [ -119.040608, 33.468764 ], [ -119.042939, 33.470552 ], [ -119.043052, 33.47695 ], [ -119.048091, 33.482062 ] ] ], [ [ [ -118.550842, 32.996668 ], [ -118.549891, 32.989492 ], [ -118.542999, 32.98072 ], [ -118.536247, 32.977404 ], [ -118.534204, 32.971946 ], [ -118.52446, 32.964369 ], [ -118.519196, 32.95856 ], [ -118.51828, 32.954198 ], [ -118.499503, 32.933654 ], [ -118.488332, 32.923679 ], [ -118.483579, 32.921484 ], [ -118.470893, 32.915948 ], [ -118.463614, 32.909712 ], [ -118.456958, 32.900932 ], [ -118.423446, 32.875784 ], [ -118.406808, 32.864206 ], [ -118.397328, 32.857447 ], [ -118.386605, 32.848233 ], [ -118.373533, 32.839047 ], [ -118.354185, 32.820919 ], [ -118.360936, 32.817078 ], [ -118.367591, 32.820873 ], [ -118.377811, 32.822471 ], [ -118.383031, 32.824948 ], [ -118.391834, 32.826266 ], [ -118.400866, 32.823869 ], [ -118.406095, 32.821073 ], [ -118.40871, 32.813083 ], [ -118.41584, 32.810886 ], [ -118.422733, 32.809287 ], [ -118.427249, 32.80669 ], [ -118.431809, 32.801462 ], [ -118.434141, 32.805372 ], [ -118.436233, 32.811445 ], [ -118.439396, 32.815671 ], [ -118.444029, 32.816718 ], [ -118.450931, 32.822112 ], [ -118.452585, 32.820553 ], [ -118.454677, 32.821033 ], [ -118.462016, 32.82814 ], [ -118.467987, 32.832217 ], [ -118.475402, 32.835093 ], [ -118.477684, 32.840365 ], [ -118.489853, 32.84372 ], [ -118.495368, 32.846116 ], [ -118.495938, 32.84979 ], [ -118.499922, 32.851777 ], [ -118.506206, 32.852985 ], [ -118.505065, 32.857138 ], [ -118.507537, 32.863527 ], [ -118.513051, 32.868957 ], [ -118.513811, 32.873269 ], [ -118.51229, 32.879178 ], [ -118.52503, 32.886523 ], [ -118.530544, 32.894985 ], [ -118.535823, 32.90628 ], [ -118.542143, 32.906799 ], [ -118.547087, 32.911907 ], [ -118.545565, 32.9151 ], [ -118.546835, 32.918408 ], [ -118.55203, 32.91925 ], [ -118.549559, 32.924198 ], [ -118.55146, 32.930582 ], [ -118.555453, 32.934252 ], [ -118.556404, 32.947018 ], [ -118.561347, 32.951805 ], [ -118.56439, 32.958506 ], [ -118.574087, 32.964887 ], [ -118.580362, 32.974299 ], [ -118.582263, 32.982594 ], [ -118.581883, 32.987698 ], [ -118.584735, 32.98993 ], [ -118.590249, 33.005559 ], [ -118.593435, 33.012386 ], [ -118.597475, 33.013212 ], [ -118.601468, 33.017039 ], [ -118.606982, 33.015126 ], [ -118.610262, 33.015803 ], [ -118.6105, 33.032941 ], [ -118.598853, 33.036329 ], [ -118.595763, 33.034336 ], [ -118.593862, 33.03055 ], [ -118.586732, 33.031746 ], [ -118.57988, 33.034459 ], [ -118.573897, 33.03055 ], [ -118.56843, 33.02497 ], [ -118.56843, 33.020188 ], [ -118.565578, 33.014807 ], [ -118.562726, 33.006834 ], [ -118.558448, 33.006834 ], [ -118.552743, 33.002848 ], [ -118.550842, 32.996668 ] ] ], [ [ [ -118.510537, 33.455313 ], [ -118.50285, 33.453302 ], [ -118.500212, 33.449592 ], [ -118.499574, 33.445931 ], [ -118.500288, 33.443352 ], [ -118.497435, 33.441964 ], [ -118.493632, 33.442559 ], [ -118.489354, 33.445336 ], [ -118.486264, 33.446724 ], [ -118.482224, 33.44831 ], [ -118.477646, 33.448392 ], [ -118.473485, 33.442877 ], [ -118.47034, 33.442956 ], [ -118.454636, 33.433961 ], [ -118.449535, 33.432673 ], [ -118.445812, 33.428907 ], [ -118.442276, 33.428645 ], [ -118.436905, 33.428637 ], [ -118.434805, 33.426781 ], [ -118.430172, 33.428278 ], [ -118.423576, 33.427258 ], [ -118.409099, 33.421203 ], [ -118.406444, 33.421559 ], [ -118.39525, 33.416204 ], [ -118.390955, 33.417963 ], [ -118.382037, 33.409883 ], [ -118.377169, 33.410821 ], [ -118.370323, 33.409285 ], [ -118.368301, 33.40711 ], [ -118.36727, 33.401088 ], [ -118.370161, 33.396013 ], [ -118.368126, 33.389533 ], [ -118.365094, 33.388374 ], [ -118.3587, 33.381633 ], [ -118.351275, 33.373936 ], [ -118.332486, 33.358228 ], [ -118.331399662275004, 33.356024640732301 ], [ -118.329158, 33.351478 ], [ -118.32446, 33.348782 ], [ -118.322741, 33.344728 ], [ -118.321882025503996, 33.344318552133402 ], [ -118.318476, 33.342695 ], [ -118.316525695018996, 33.340825032272598 ], [ -118.310222, 33.334781 ], [ -118.310213, 33.335795 ], [ -118.309064992916007, 33.3309 ], [ -118.308955, 33.330431 ], [ -118.307767, 33.32348 ], [ -118.30539, 33.320898 ], [ -118.30539, 33.315933 ], [ -118.305084, 33.310323 ], [ -118.306816, 33.308385 ], [ -118.312045, 33.306597 ], [ -118.316787, 33.301137 ], [ -118.325244, 33.299075 ], [ -118.343249, 33.305234 ], [ -118.354042, 33.313111 ], [ -118.360332, 33.31533 ], [ -118.367806, 33.317254 ], [ -118.374768, 33.320065 ], [ -118.384564, 33.321019 ], [ -118.393055, 33.319659 ], [ -118.402941, 33.320901 ], [ -118.408543, 33.321494 ], [ -118.413767, 33.320241 ], [ -118.424258, 33.317839 ], [ -118.431112, 33.319183 ], [ -118.436352, 33.320104 ], [ -118.441066, 33.318555 ], [ -118.456309, 33.32182 ], [ -118.465368, 33.326056 ], [ -118.474143, 33.334204 ], [ -118.482937, 33.344331 ], [ -118.487453, 33.350883 ], [ -118.48877, 33.356649 ], [ -118.489592, 33.360412 ], [ -118.487215, 33.365772 ], [ -118.482609, 33.369914 ], [ -118.485789, 33.372918 ], [ -118.481086, 33.375946 ], [ -118.482462, 33.380261 ], [ -118.478421, 33.381849 ], [ -118.475331, 33.383238 ], [ -118.47652, 33.385818 ], [ -118.478465, 33.38632 ], [ -118.481035, 33.388994 ], [ -118.482239, 33.396108 ], [ -118.485575, 33.401176 ], [ -118.486264, 33.40467 ], [ -118.487453, 33.409233 ], [ -118.484949, 33.412131 ], [ -118.48769, 33.414392 ], [ -118.48875, 33.419826 ], [ -118.495059, 33.422129 ], [ -118.49817, 33.421447 ], [ -118.503952, 33.424234 ], [ -118.507656, 33.426691 ], [ -118.511696, 33.429667 ], [ -118.51336, 33.427683 ], [ -118.514073, 33.423517 ], [ -118.515914, 33.422417 ], [ -118.516267, 33.425075 ], [ -118.52323, 33.430733 ], [ -118.533681, 33.429183 ], [ -118.536415, 33.430658 ], [ -118.53738, 33.434608 ], [ -118.542357, 33.434824 ], [ -118.545441, 33.434159 ], [ -118.548061, 33.435617 ], [ -118.552577, 33.435617 ], [ -118.555178, 33.43338 ], [ -118.558715, 33.433419 ], [ -118.563442, 33.434381 ], [ -118.565854, 33.437503 ], [ -118.570927, 33.439351 ], [ -118.575394, 33.440179 ], [ -118.573317, 33.443633 ], [ -118.575901, 33.448261 ], [ -118.579435, 33.449302 ], [ -118.58609, 33.456243 ], [ -118.589886, 33.461521 ], [ -118.592745, 33.46239 ], [ -118.595122, 33.465166 ], [ -118.593969, 33.467198 ], [ -118.601185, 33.469853 ], [ -118.603916, 33.473493 ], [ -118.607243, 33.478449 ], [ -118.604415, 33.478552 ], [ -118.598783, 33.477939 ], [ -118.585936, 33.473819 ], [ -118.580255, 33.475099 ], [ -118.570351, 33.47531 ], [ -118.557605, 33.474722 ], [ -118.54453, 33.474119 ], [ -118.538624, 33.477015 ], [ -118.534276, 33.473493 ], [ -118.530702, 33.468071 ], [ -118.528239, 33.466603 ], [ -118.524769, 33.466355 ], [ -118.522635, 33.462016 ], [ -118.510537, 33.455313 ] ] ] ] } }
]
}
